UID,Condition,Index,Time,Player_X,Player_Y,Player_Z,Left_X,Left_Y,Left_Z,LeftRot_X,LeftRot_Y,LeftRot_Z,LeftRot_W,Right_X,Right_Y,Right_Z,RightRot_X,RightRot_Y,RightRot_Z,RightRot_W,GazeObject,GP_X,GP_Y,GP_Z,GO_X,GO_Y,GO_Z,GZ_X,GZ_Y,GZ_Z,RE_X,RE_Y,RE_Z,RED_X,RED_Y,RED_Z,LE_X,LE_Y,LE_Z,LED_X,LED_Y,LED_Z,H_X,H_Y,H_Z,HR_X,HR_Y,HR_Z,Blinking,BlinkCount,EventTriggered
1,Center_Dir_Close,0,10.58,0.1055156,1.096929,-0.6682693,0.07876935,0.8692144,-0.6216817,0.6481446,-0.1457379,0.03230869,-0.746743,0.3120531,0.6978969,-0.3521401,0.1829381,0.04015526,-0.2546556,0.9487211,End,0,0,9.5,0.105516,1.096911,-0.6682965,-0.07231302,0.1136601,0.9908845,0.137345,1.097553,-0.6660231,-0.07215165,0.1135312,0.9909111,0.07368611,1.096306,-0.6705155,-0.07215165,0.1135312,0.9909111,0.1055156,1.096929,-0.6682693,353.4811,355.8354,1.126719,0,0,False
1,Center_Dir_Close,1,10.6,0.105519,1.096931,-0.6682801,0.07879058,0.869163,-0.6215826,0.6482086,-0.1456936,0.03235046,-0.7466943,0.310831,0.6981254,-0.3522139,0.1820397,0.03845061,-0.2527814,0.9494655,End,0,0,9.5,0.1055156,1.096929,-0.6682693,-0.07215154,0.1135312,0.9909111,0.1373486,1.097551,-0.6660352,-0.07210235,0.1137144,0.9908937,0.07368937,1.09631,-0.6705249,-0.07210235,0.1137144,0.9908937,0.105519,1.096931,-0.6682801,353.4705,355.8382,1.121598,0,0,False
1,Center_Dir_Close,2,10.62,0.1054988,1.096935,-0.6683102,0.07882036,0.8691151,-0.6214562,0.6481829,-0.1456331,0.03237591,-0.7467274,0.3099511,0.697455,-0.3519519,0.1845632,0.04139771,-0.2469633,0.9503851,End,0,0,9.5,0.105519,1.096931,-0.6682801,-0.07210278,0.1137145,0.9908937,0.1373285,1.097566,-0.6660691,-0.0720218,0.1137484,0.9908956,0.07366918,1.096304,-0.6705512,-0.0720218,0.1137484,0.9908956,0.1054988,1.096935,-0.6683102,353.4686,355.8429,1.139635,0,0,False
1,Center_Dir_Close,3,10.64,0.1054451,1.096904,-0.6683975,0.07886425,0.8687661,-0.6214099,0.6480171,-0.1454995,0.03241217,-0.7468957,0.3098841,0.6956199,-0.3514677,0.1882917,0.05405353,-0.2360395,0.951793,End,0,0,9.5,0.1054832,1.096923,-0.6683478,-0.07224694,0.1137079,0.9908839,0.1372738,1.097548,-0.6661458,-0.07239842,0.1136046,0.9908847,0.07361647,1.09626,-0.6706493,-0.07239842,0.1136046,0.9908847,0.1054451,1.096904,-0.6683975,353.4768,355.8211,1.163459,0,0,False
1,Center_Dir_Close,4,10.66,0.1054011,1.096861,-0.6683844,0.07885072,0.8686516,-0.6214904,0.648044,-0.1453694,0.0324204,-0.7468973,0.3105814,0.6943321,-0.3509674,0.1921613,0.06172976,-0.232002,0.9515454,End,0,0,9.5,0.1054451,1.096904,-0.6683975,-0.07239853,0.1136051,0.9908846,0.1372287,1.097512,-0.6661194,-0.07283476,0.1135007,0.9908646,0.07357354,1.096211,-0.6706493,-0.07283476,0.1135007,0.9908646,0.1054011,1.096861,-0.6683844,353.4828,355.796,1.176073,0,0,False
1,Center_Dir_Close,5,10.68,0.1053052,1.096819,-0.6683745,0.07888748,0.8686577,-0.6213053,0.6481934,-0.1451116,0.03250885,-0.746814,0.312869,0.6920674,-0.3495487,0.1984364,0.07594291,-0.228893,0.9499809,End,0,0,9.5,0.105338,1.096837,-0.6683599,-0.07301635,0.1130622,0.9909014,0.1371326,1.097448,-0.6661013,-0.07300851,0.113197,0.9908866,0.07347772,1.096191,-0.6706478,-0.07300851,0.113197,0.9908866,0.1053052,1.096819,-0.6683745,353.5004,355.7861,1.135342,0,0,False
1,Center_Dir_Close,6,10.7,0.1052963,1.096848,-0.6684002,0.07893107,0.8683795,-0.6212296,0.6482975,-0.1450555,0.03260437,-0.7467304,0.3142999,0.6916364,-0.3489993,0.2002874,0.08275951,-0.2290688,0.9489802,End,0,0,9.5,0.1053052,1.096819,-0.6683745,-0.07300863,0.1131967,0.9908866,0.1371244,1.097466,-0.6661329,-0.07278161,0.1132166,0.990901,0.07346825,1.096231,-0.6706674,-0.07278161,0.1132166,0.990901,0.1052963,1.096848,-0.6684002,353.4992,355.7992,1.115714,0,0,False
1,Center_Dir_Close,7,10.72,0.1053274,1.096946,-0.6684307,0.07887436,0.8682007,-0.6214411,0.6484264,-0.1451201,0.03268022,-0.7466025,0.3173108,0.691705,-0.3487112,0.2002089,0.101473,-0.2271751,0.9476345,End,0,0,9.5,0.1053092,1.096889,-0.6684215,-0.07239944,0.113778,0.9908647,0.1371568,1.097571,-0.666185,-0.07214776,0.1140923,0.9908469,0.07349788,1.096322,-0.6706764,-0.07214776,0.1140923,0.9908469,0.1053274,1.096946,-0.6684307,353.4487,355.8354,1.128682,0,0,False
1,Center_Dir_Close,8,10.74,0.1053332,1.096979,-0.6684442,0.0788663,0.868206,-0.6213902,0.6484066,-0.145109,0.03272384,-0.74662,0.3184794,0.6914316,-0.3483976,0.2002067,0.1064972,-0.2306223,0.94625,End,0,0,9.5,0.1053274,1.096946,-0.6684307,-0.07214785,0.1140921,0.9908469,0.137163,1.097614,-0.6662057,-0.07196508,0.1146015,0.9908015,0.07350348,1.096344,-0.6706826,-0.07196508,0.1146015,0.9908015,0.1053332,1.096979,-0.6684442,353.4194,355.8457,1.147199,0,0,False
1,Center_Dir_Close,9,10.76,0.1053894,1.097036,-0.6683812,0.07876585,0.8683337,-0.6212938,0.6483539,-0.1448927,0.03284261,-0.7467026,0.3197766,0.690932,-0.3479502,0.202007,0.1098849,-0.2397019,0.9432186,End,0,0,9.5,0.1053598,1.097023,-0.6684168,-0.0720439,0.1145426,0.9908025,0.1372183,1.097693,-0.6661373,-0.07221321,0.1144538,0.9908005,0.07356048,1.096379,-0.6706252,-0.07221321,0.1144538,0.9908005,0.1053894,1.097036,-0.6683812,353.4279,355.8315,1.186917,0,0,False
1,Center_Dir_Close,10,10.78,0.1054086,1.097032,-0.6683428,0.07871898,0.8682479,-0.6214895,0.6483785,-0.1447741,0.03286829,-0.7467031,0.3196582,0.6910611,-0.3482595,0.2022816,0.1107069,-0.2401785,0.9429424,End,0,0,9.5,0.1053894,1.097036,-0.6683812,-0.07221332,0.1144535,0.9908005,0.1372372,1.097688,-0.6660941,-0.07234666,0.1138393,0.9908615,0.07357996,1.096377,-0.6705914,-0.07234666,0.1138393,0.9908615,0.1054086,1.097032,-0.6683428,353.4633,355.824,1.184456,0,0,False
1,Center_Dir_Close,11,10.8,0.1053749,1.096979,-0.6683646,0.07871535,0.8682548,-0.6214321,0.6483383,-0.1446595,0.03288373,-0.7467596,0.3189873,0.6912333,-0.3484323,0.2018806,0.107672,-0.2395774,0.9435326,End,0,0,9.5,0.1054086,1.097032,-0.6683428,-0.07234649,0.1138391,0.9908615,0.1372029,1.097631,-0.666105,-0.07267111,0.1134424,0.9908833,0.073547,1.096327,-0.6706243,-0.07267111,0.1134424,0.9908833,0.1053749,1.096979,-0.6683646,353.4862,355.8055,1.177911,0,0,False
1,Center_Dir_Close,12,10.82,0.1053135,1.096937,-0.6683697,0.07864201,0.8687052,-0.6210524,0.6482046,-0.1444669,0.03298995,-0.7469082,0.3171675,0.6919637,-0.3489046,0.2002808,0.09685186,-0.2370943,0.945671,End,0,0,9.5,0.1053408,1.096954,-0.6683707,-0.07286201,0.1130404,0.9909152,0.1371405,1.097573,-0.6660926,-0.07315385,0.1131339,0.9908831,0.07348651,1.096301,-0.6706467,-0.07315385,0.1131339,0.9908831,0.1053135,1.096937,-0.6683697,353.504,355.7777,1.149008,0,0,False
1,Center_Dir_Close,13,10.84,0.1053013,1.096936,-0.6683719,0.07862708,0.8687113,-0.621287,0.6481835,-0.1445285,0.03297833,-0.7469152,0.3161747,0.6922915,-0.349111,0.1999666,0.09226464,-0.2363036,0.9463938,End,0,0,9.5,0.1053135,1.096937,-0.6683697,-0.0731542,0.1131337,0.9908831,0.137128,1.097568,-0.6660888,-0.07332439,0.1130097,0.9908846,0.07347465,1.096305,-0.6706551,-0.07332439,0.1130097,0.9908846,0.1053013,1.096936,-0.6683719,353.5112,355.7679,1.140443,0,0,False
1,Center_Dir_Close,14,10.86,0.1051767,1.096955,-0.6683514,0.0785993,0.8688369,-0.621374,0.6482148,-0.1445494,0.03304845,-0.7468808,0.3156841,0.6926788,-0.3493249,0.1988108,0.08969922,-0.2362887,0.9468876,MathCanvas,-0.00831148,1.27264,0.8705277,0.1052506,1.096936,-0.6683679,-0.0733259,0.1130551,0.9908794,0.1370034,1.097591,-0.6660705,-0.07326815,0.1129087,0.9909003,0.07334992,1.09632,-0.6706322,-0.07326815,0.1129087,0.9909003,0.1051767,1.096955,-0.6683514,353.517,355.7712,1.148437,0,0,False
1,Center_Dir_Close,15,10.88,0.105114,1.096963,-0.668331,0.07857892,0.8689521,-0.6213061,0.6482082,-0.1446121,0.03308598,-0.7468727,0.3161461,0.6925331,-0.349298,0.1995071,0.09245596,-0.2362995,0.9464731,MathCanvas,-0.009725124,1.274113,0.8843577,0.1051767,1.096955,-0.6683514,-0.07326853,0.1129087,0.9909003,0.1369414,1.097598,-0.6660588,-0.07299232,0.1126708,0.9909477,0.07328665,1.096328,-0.6706032,-0.07299232,0.1126708,0.9909477,0.105114,1.096963,-0.668331,353.5307,355.7873,1.147353,0,0,False
1,Center_Dir_Close,16,10.9,0.105187,1.096877,-0.6683066,0.07850385,0.8690403,-0.6213819,0.64829,-0.1445739,0.03314662,-0.7468064,0.3164842,0.6923708,-0.3492759,0.1999291,0.09434865,-0.2354112,0.9464186,MathCanvas,-0.01140642,1.276524,0.9075176,0.1051473,1.096919,-0.6683201,-0.07261672,0.1124235,0.9910034,0.137016,1.097507,-0.6660556,-0.07230495,0.111894,0.9910861,0.07335797,1.096248,-0.6705577,-0.07230495,0.111894,0.9910861,0.105187,1.096877,-0.6683066,353.5755,355.8274,1.136899,0,0,False
1,Center_Dir_Close,17,10.92,0.1052165,1.096859,-0.6682901,0.07851614,0.8688717,-0.6215339,0.6483392,-0.1444984,0.03318032,-0.7467768,0.3169498,0.6922739,-0.3492499,0.2006096,0.09590801,-0.23644,0.9458613,MathCanvas,-0.01096153,1.276696,0.9167765,0.105187,1.096877,-0.6683066,-0.07230493,0.1118938,0.9910862,0.1370462,1.097492,-0.6660509,-0.07194746,0.1116881,0.9911354,0.07338671,1.096227,-0.6705294,-0.07194746,0.1116881,0.9911354,0.1052165,1.096859,-0.6682901,353.5874,355.8481,1.142716,0,0,False
1,Center_Dir_Close,18,10.94,0.1052401,1.096883,-0.6682596,0.07854041,0.8687709,-0.6215118,0.648342,-0.1443907,0.03322504,-0.7467932,0.3175299,0.6920583,-0.349098,0.2011063,0.09772858,-0.2385629,0.9450361,MathCanvas,-0.01161101,1.277653,0.9330662,0.1052165,1.096859,-0.6682901,-0.0719479,0.1116881,0.9911354,0.1370698,1.097516,-0.6660197,-0.07197085,0.1119226,0.9911072,0.07341035,1.09625,-0.6704995,-0.07197085,0.1119226,0.9911072,0.1052401,1.096883,-0.6682596,353.5739,355.8467,1.143382,0,0,False
1,Center_Dir_Close,19,10.96,0.1052758,1.096852,-0.6681763,0.07866586,0.8684594,-0.6213167,0.6482345,-0.1442369,0.03331244,-0.7469124,0.3175894,0.6922296,-0.3491245,0.2006375,0.09778149,-0.2388539,0.9450567,MathCanvas,-0.01149008,1.278089,0.939782,0.1052402,1.096904,-0.6682453,-0.07179324,0.1123998,0.9910661,0.1371058,1.097471,-0.6659369,-0.07191482,0.1125713,0.9910378,0.07344581,1.096232,-0.6704156,-0.07191482,0.1125713,0.9910378,0.1052758,1.096852,-0.6681763,353.5364,355.8496,1.11946,0,0,False
1,Center_Dir_Close,20,10.98,0.1054043,1.09664,-0.66798,0.07860881,0.8684347,-0.6216187,0.6480888,-0.144262,0.03328703,-0.7470351,0.3174095,0.692443,-0.3492871,0.2003897,0.09732026,-0.2382879,0.9452997,MathCanvas,-0.01167959,1.279957,0.9463294,0.1052758,1.096852,-0.6681763,-0.07191469,0.1125713,0.9910378,0.1372339,1.097258,-0.6657345,-0.07209171,0.1119226,0.9910985,0.07357471,1.096022,-0.6702254,-0.07209171,0.1119226,0.9910985,0.1054043,1.09664,-0.66798,353.5739,355.8397,1.116489,0,0,False
1,Center_Dir_Close,21,11,0.1055575,1.096271,-0.6677803,0.07863253,0.8685535,-0.6215107,0.6476306,-0.1444888,0.0334009,-0.7473834,0.3172837,0.6925068,-0.3493688,0.2001617,0.09708824,-0.2379605,0.9454544,MathCanvas,-0.0125165,1.281227,0.9570566,0.1055432,1.096362,-0.6677837,-0.07213753,0.1112678,0.9911689,0.1373869,1.096888,-0.6655312,-0.0721841,0.1105638,0.9912442,0.07372817,1.095654,-0.6700293,-0.0721841,0.1105638,0.9912442,0.1055575,1.096271,-0.6677803,353.6522,355.835,1.114148,0,0,False
1,Center_Dir_Close,22,11.02,0.1055845,1.096193,-0.6677721,0.07866933,0.8686482,-0.6214033,0.6471947,-0.1449663,0.03349963,-0.747664,0.3171169,0.6923876,-0.3493603,0.2001918,0.09684141,-0.2374153,0.9456103,MathCanvas,-0.01293573,1.27904,0.9603157,0.1055575,1.096271,-0.6677803,-0.07218437,0.1105636,0.9912442,0.1374143,1.096796,-0.6655259,-0.07204305,0.1103229,0.9912813,0.07375465,1.09559,-0.6700183,-0.07204305,0.1103229,0.9912813,0.1055845,1.096193,-0.6677721,353.6661,355.8432,1.089148,0,0,False
1,Center_Dir_Close,23,11.04,0.1054836,1.096244,-0.6677211,0.07875674,0.8686215,-0.6214254,0.64609,-0.1459603,0.03348415,-0.7484264,0.3166914,0.6924251,-0.3495311,0.2004545,0.09567143,-0.2364347,0.9459195,MathCanvas,-0.01349133,1.27858,0.9673903,0.1055434,1.096186,-0.667749,-0.07187835,0.1103503,0.9912902,0.137314,1.096846,-0.6654828,-0.07179173,0.1099602,0.9913399,0.07365319,1.095641,-0.6699594,-0.07179173,0.1099602,0.9913399,0.1054836,1.096244,-0.6677211,353.687,355.8579,1.087953,0,0,False
1,Center_Dir_Close,24,11.06,0.1054857,1.096256,-0.6677002,0.07879146,0.8684895,-0.6213937,0.6463024,-0.1457675,0.03354113,-0.7482781,0.3164108,0.6924142,-0.3495604,0.2007747,0.09343479,-0.2363803,0.9460887,MathCanvas,-0.01329839,1.278602,0.9704269,0.1054836,1.096244,-0.6677211,-0.07179169,0.1099603,0.9913399,0.1373167,1.096855,-0.6654694,-0.07154179,0.1098431,0.9913709,0.07365468,1.095658,-0.6699309,-0.07154179,0.1098431,0.9913709,0.1054857,1.096256,-0.6677002,353.6937,355.8724,1.080957,0,0,False
1,Center_Dir_Close,25,11.08,0.1055617,1.096283,-0.6676793,0.07900605,0.8679735,-0.6211535,0.6463799,-0.1457497,0.03369499,-0.7482077,0.3164909,0.692441,-0.349553,0.200579,0.09336921,-0.236546,0.9460952,MathCanvas,-0.01351476,1.278524,0.9755239,0.1055218,1.096266,-0.6676884,-0.07121806,0.1099868,0.9913783,0.1373944,1.096867,-0.6654688,-0.07086924,0.1103598,0.9913619,0.07372908,1.095698,-0.6698899,-0.07086924,0.1103598,0.9913619,0.1055617,1.096283,-0.6676793,353.6639,355.9111,1.055748,0,0,False
1,Center_Dir_Close,26,11.1,0.1056179,1.096365,-0.6676593,0.07897416,0.8679768,-0.6213132,0.6464019,-0.1458238,0.0337354,-0.7481724,0.3165866,0.6924095,-0.3495455,0.2004963,0.0933702,-0.2368045,0.9460481,MathCanvas,-0.01264039,1.27883,0.9777313,0.1055617,1.096283,-0.6676793,-0.07086908,0.1103598,0.9913619,0.137451,1.096953,-0.6654552,-0.07068196,0.1105283,0.9913564,0.07378487,1.095777,-0.6698634,-0.07068196,0.1105283,0.9913564,0.1056179,1.096365,-0.6676593,353.6542,355.9218,1.061658,0,0,False
1,Center_Dir_Close,27,11.12,0.1056754,1.096429,-0.6676438,0.07892941,0.8679012,-0.6215082,0.6464946,-0.1457906,0.03377953,-0.7480968,0.3166682,0.6923745,-0.349532,0.2004386,0.09328958,-0.2370431,0.9460084,MathCanvas,-0.01229441,1.279982,0.9817725,0.1056179,1.096365,-0.6676593,-0.07068198,0.110528,0.9913564,0.1375092,1.097012,-0.6654485,-0.07039297,0.1104539,0.9913853,0.07384167,1.095846,-0.6698392,-0.07039297,0.1104539,0.9913853,0.1056754,1.096429,-0.6676438,353.6585,355.9385,1.053351,0,0,False
1,Center_Dir_Close,28,11.14,0.1057392,1.096433,-0.6676458,0.07900552,0.8676114,-0.6214451,0.6465506,-0.1455601,0.03387367,-0.748089,0.3169134,0.6922652,-0.3494478,0.2003029,0.09339529,-0.2375007,0.945912,MathCanvas,-0.01204699,1.280516,0.9834813,0.1057138,1.096455,-0.6676407,-0.07017723,0.1104494,0.9914011,0.137574,1.097008,-0.6654635,-0.06995431,0.1100627,0.9914598,0.07390442,1.095858,-0.6698281,-0.06995431,0.1100627,0.9914598,0.1057392,1.096433,-0.6676458,353.6811,355.9641,1.038848,0,0,False
1,Center_Dir_Close,29,11.16,0.1057825,1.096394,-0.6676469,0.07907128,0.8675151,-0.6211771,0.6464803,-0.1453882,0.03397187,-0.7481787,0.316994,0.6922236,-0.3494257,0.2003421,0.09353344,-0.2377196,0.9458351,MathCanvas,-0.01122898,1.280525,0.984777,0.1057392,1.096433,-0.6676458,-0.06995428,0.1100631,0.9914598,0.137618,1.096959,-0.6654721,-0.06968421,0.1099175,0.991495,0.07394702,1.095828,-0.6698217,-0.06968421,0.1099175,0.991495,0.1057825,1.096394,-0.6676469,353.6895,355.9797,1.021297,0,0,False
1,Center_Dir_Close,30,11.18,0.1058661,1.096464,-0.6676509,0.07896853,0.8675227,-0.621525,0.6468185,-0.1449232,0.03406121,-0.7479726,0.3169605,0.6922811,-0.3495084,0.2006502,0.0937558,-0.2378774,0.945708,MathCanvas,-0.01095891,1.28007,0.9869251,0.1058285,1.09642,-0.6676443,-0.06953902,0.1096574,0.9915339,0.1377029,1.097017,-0.6654917,-0.06915604,0.109942,0.9915292,0.07402931,1.095911,-0.6698101,-0.06915604,0.109942,0.9915292,0.1058661,1.096464,-0.6676509,353.688,356.0103,0.9994671,0,0,False
1,Center_Dir_Close,31,11.2,0.1058837,1.096497,-0.6676563,0.07895982,0.8675086,-0.6215396,0.6470259,-0.1446908,0.03408804,-0.747837,0.3169495,0.6922416,-0.3494995,0.2007242,0.09367532,-0.2378348,0.9457111,MathCanvas,-0.0102233,1.279527,0.9876264,0.1058661,1.096464,-0.6676509,-0.06915622,0.1099422,0.9915292,0.1377221,1.097047,-0.6655201,-0.06843163,0.1099778,0.9915755,0.07404535,1.095947,-0.6697925,-0.06843163,0.1099778,0.9915755,0.1058837,1.096497,-0.6676563,353.686,356.0521,0.9937424,0,0,False
1,Center_Dir_Close,32,11.22,0.1059813,1.096427,-0.6676788,0.07900482,0.8672339,-0.6214397,0.6477564,-0.143767,0.03414634,-0.74738,0.3168519,0.6921266,-0.3494653,0.2008337,0.09296786,-0.2374544,0.9458532,MathCanvas,-0.009695232,1.280241,0.9894595,0.1059304,1.096473,-0.6676658,-0.06795613,0.109702,0.9916388,0.1378213,1.096963,-0.6655635,-0.0677245,0.1095542,0.991671,0.07414125,1.095891,-0.669794,-0.0677245,0.1095542,0.991671,0.1059813,1.096427,-0.6676788,353.7104,356.0931,0.9685652,0,0,False
1,Center_Dir_Close,33,11.24,0.106064,1.096387,-0.6676627,0.07894674,0.8672357,-0.6216171,0.6480126,-0.1434161,0.03413813,-0.7472256,0.3167799,0.6921366,-0.3494717,0.2008583,0.09262779,-0.2373368,0.9459109,MathCanvas,-0.007597178,1.279777,0.9896942,0.1059813,1.096427,-0.6676788,-0.06772461,0.1095541,0.991671,0.1379054,1.096915,-0.6655666,-0.06709282,0.1084709,0.991833,0.0742226,1.095858,-0.6697588,-0.06709282,0.1084709,0.991833,0.106064,1.096387,-0.6676627,353.7728,356.1301,0.9550242,0,0,False
1,Center_Dir_Close,34,11.26,0.1062166,1.096366,-0.667586,0.07897138,0.8669793,-0.6217399,0.6485993,-0.1424349,0.03414175,-0.746904,0.3167562,0.6921062,-0.3494698,0.200915,0.09240431,-0.2373331,0.9459216,MathCanvas,-0.007192433,1.279595,0.9907165,0.1061562,1.096369,-0.6676257,-0.06656812,0.1083046,0.9918865,0.1380608,1.096864,-0.6655247,-0.06590967,0.1090763,0.9918459,0.07437246,1.095868,-0.6696473,-0.06590967,0.1090763,0.9918459,0.1062166,1.096366,-0.667586,353.7379,356.1982,0.8994735,0,0,False
1,Center_Dir_Close,35,11.28,0.1062614,1.096373,-0.6675631,0.07899255,0.8668689,-0.6217629,0.6488631,-0.1418194,0.03417842,-0.7467903,0.3167956,0.6920487,-0.3494559,0.2009395,0.0924159,-0.2373853,0.9459021,MathCanvas,-0.005034029,1.277368,0.9900848,0.1062166,1.096366,-0.667586,-0.06590933,0.1090758,0.991846,0.1381049,1.096887,-0.6654947,-0.06618842,0.1095344,0.9917768,0.07441799,1.095859,-0.6696314,-0.06618842,0.1095344,0.9917768,0.1062614,1.096373,-0.6675631,353.7115,356.1819,0.9289045,0,0,False
1,Center_Dir_Close,36,11.3,0.1062736,1.096383,-0.6675389,0.07916351,0.8662772,-0.6216542,0.6497401,-0.1397535,0.0343691,-0.7464085,0.3168364,0.6920458,-0.3494555,0.2009023,0.09264251,-0.2374139,0.9458807,MathCanvas,-0.003967553,1.278795,0.9912331,0.1062614,1.096373,-0.6675631,-0.06618833,0.1095347,0.9917768,0.1381173,1.096907,-0.6654761,-0.06604747,0.1094655,0.9917939,0.07442996,1.095859,-0.6696017,-0.06604747,0.1094655,0.9917939,0.1062736,1.096383,-0.6675389,353.7155,356.1901,0.9460883,0,0,False
1,Center_Dir_Close,37,11.32,0.1063044,1.096381,-0.6675104,0.07861824,0.8662955,-0.622241,0.6541429,-0.1307623,0.03476841,-0.7441704,0.3168457,0.6921511,-0.3494818,0.2008811,0.09299447,-0.2373824,0.9458585,MathCanvas,-0.004475892,1.279662,0.991949,0.1062807,1.096373,-0.667529,-0.06594898,0.1094768,0.9917992,0.1381477,1.096902,-0.66544,-0.06627334,0.1094988,0.9917751,0.07446123,1.095861,-0.6695808,-0.06627334,0.1094988,0.9917751,0.1063044,1.096381,-0.6675104,353.7136,356.177,0.9403468,0,0,False
1,Center_Dir_Close,38,11.34,0.1063228,1.096394,-0.6674864,0.07850157,0.8663195,-0.6222722,0.6560026,-0.1268465,0.03530976,-0.743185,0.3169105,0.6921243,-0.3494587,0.2008832,0.09306803,-0.2374204,0.9458414,MathCanvas,-0.004051954,1.279575,0.9921263,0.1063044,1.096381,-0.6675104,-0.06627371,0.1094991,0.991775,0.1381666,1.096898,-0.6654216,-0.06604431,0.10953,0.991787,0.07447892,1.095889,-0.6695513,-0.06604431,0.10953,0.991787,0.1063228,1.096394,-0.6674864,353.7118,356.1902,0.9106678,0,0,False
1,Center_Dir_Close,39,11.36,0.1065099,1.096447,-0.6674088,0.07865679,0.8662354,-0.6217237,0.6564156,-0.1206657,0.03652565,-0.7437905,0.3169517,0.6921371,-0.3494517,0.2008318,0.09290293,-0.2376471,0.9458116,MathCanvas,-0.004611045,1.279681,0.9926192,0.1063716,1.096416,-0.6674647,-0.06557604,0.1095133,0.9918199,0.1383565,1.096922,-0.6653802,-0.06482156,0.1099254,0.9918239,0.07466325,1.095971,-0.6694375,-0.06482156,0.1099254,0.9918239,0.1065099,1.096447,-0.6674088,353.689,356.2607,0.8596787,0,0,False
1,Center_Dir_Close,40,11.38,0.1066514,1.096473,-0.6673626,0.07873296,0.866346,-0.6215999,0.6589215,-0.1119934,0.03930683,-0.7427886,0.3169008,0.6922015,-0.3494807,0.2008176,0.09281226,-0.2376551,0.9458215,MathCanvas,-0.003239095,1.279729,0.9925144,0.1065099,1.096447,-0.6674088,-0.06482156,0.1099252,0.9918239,0.1384991,1.096958,-0.6653535,-0.06424059,0.1094817,0.9919108,0.07480367,1.095988,-0.6693716,-0.06424059,0.1094817,0.9919108,0.1066514,1.096473,-0.6673626,353.7146,356.2944,0.8766605,0,0,False
1,Center_Dir_Close,41,11.4,0.1068042,1.096442,-0.6673803,0.07894149,0.8668128,-0.6208547,0.6649688,-0.0907049,0.04759775,-0.7398132,0.3168816,0.6921728,-0.3494832,0.2008205,0.09271398,-0.2375997,0.9458444,MathCanvas,-0.001826495,1.280431,0.992438,0.1067421,1.096458,-0.6673608,-0.06344601,0.1094124,0.9919695,0.1386553,1.096926,-0.6654265,-0.06251231,0.1088257,0.9920933,0.07495302,1.095957,-0.6693341,-0.06251231,0.1088257,0.9920933,0.1068042,1.096442,-0.6673803,353.7524,356.3945,0.8755014,0,0,False
1,Center_Dir_Close,42,11.42,0.1069082,1.096427,-0.6674234,0.07857285,0.8668385,-0.6206753,0.6682931,-0.08073162,0.04979808,-0.7378258,0.3168898,0.6921269,-0.3494748,0.2008359,0.09271672,-0.2375779,0.9458464,MathCanvas,0.0007041395,1.27941,0.9914785,0.1068042,1.096442,-0.6673803,-0.06251254,0.1088256,0.9920933,0.1387615,1.09692,-0.6655072,-0.06137062,0.1089132,0.992155,0.07505491,1.095934,-0.6693397,-0.06137062,0.1089132,0.992155,0.1069082,1.096427,-0.6674234,353.7473,356.4604,0.8902323,0,0,False
1,Center_Dir_Close,43,11.44,0.10703,1.096491,-0.667434,0.07820895,0.866563,-0.6205931,0.6717821,-0.07468951,0.05256915,-0.7350965,0.316888,0.6921428,-0.3494742,0.200864,0.09279231,-0.2375985,0.9458278,MathCanvas,0.00249666,1.278193,0.98962,0.1069082,1.096427,-0.6674234,-0.06137086,0.1089137,0.992155,0.1388847,1.096996,-0.6655456,-0.06054797,0.1090357,0.9921921,0.0751752,1.095986,-0.6693224,-0.06054797,0.1090357,0.9921921,0.10703,1.096491,-0.667434,353.7403,356.5079,0.9123459,0,0,False
1,Center_Dir_Close,44,11.46,0.1072587,1.096691,-0.6674042,0.07789619,0.8659106,-0.6200992,0.6795627,-0.05523303,0.06178562,-0.7289214,0.3169599,0.6921614,-0.349463,0.2008348,0.09298483,-0.2378063,0.9457629,MathCanvas,0.004615426,1.278244,0.9882545,0.1071503,1.096571,-0.6674189,-0.05981418,0.1102882,0.9920982,0.1391164,1.097208,-0.6655686,-0.05896621,0.1112652,0.9920399,0.07540102,1.096174,-0.6692398,-0.05896621,0.1112652,0.9920399,0.1072587,1.096691,-0.6674042,353.6118,356.5984,0.9341117,0,0,False
1,Center_Dir_Close,45,11.48,0.1073819,1.096766,-0.667402,0.07772383,0.8656224,-0.6194128,0.6842771,-0.04221858,0.06605077,-0.7249963,0.3170565,0.6921325,-0.3494434,0.2007717,0.09302606,-0.237964,0.9457326,MathCanvas,0.007490605,1.280648,0.9873816,0.1072587,1.096691,-0.6674042,-0.0589661,0.111265,0.9920399,0.1392401,1.097278,-0.6655748,-0.05869094,0.1118973,0.9919851,0.07552363,1.096253,-0.6692291,-0.05869094,0.1118973,0.9919851,0.1073819,1.096766,-0.667402,353.5753,356.614,0.9255231,0,0,False
1,Center_Dir_Close,46,11.5,0.1076919,1.096815,-0.6674293,0.07789592,0.8656445,-0.6173621,0.6892605,-0.01479499,0.07232028,-0.7207432,0.3172124,0.6921394,-0.3494639,0.2007563,0.09317964,-0.2385333,0.9455773,MathCanvas,0.009212822,1.282004,0.9841824,0.1075025,1.09681,-0.6674263,-0.05821668,0.1121425,0.9919853,0.1395527,1.097258,-0.6656292,-0.05760825,0.1120712,0.9920289,0.07583112,1.096371,-0.6692294,-0.05760825,0.1120712,0.9920289,0.1076919,1.096815,-0.6674293,353.5653,356.6765,0.8010404,0,0,False
1,Center_Dir_Close,47,11.52,0.1078523,1.096791,-0.6674397,0.07792657,0.8657725,-0.6167996,0.6882032,-0.005541593,0.07229555,-0.7218857,0.3172356,0.692163,-0.3494872,0.2007596,0.09331626,-0.2386554,0.9455323,MathCanvas,0.01087856,1.283306,0.9822248,0.1076919,1.096815,-0.6674293,-0.05760789,0.1120714,0.9920289,0.1397149,1.09721,-0.6656654,-0.05672045,0.1122393,0.992061,0.07598972,1.096371,-0.669214,-0.05672045,0.1122393,0.992061,0.1078523,1.096791,-0.6674397,353.5556,356.7277,0.7573783,0,0,False
1,Center_Dir_Close,48,11.54,0.1080597,1.096692,-0.6675315,0.07775044,0.8658228,-0.6159474,0.6824228,0.006374866,0.07026535,-0.7275447,0.3172948,0.6920695,-0.3494367,0.2008084,0.0933627,-0.2385695,0.945539,MathCanvas,0.01241413,1.282458,0.9760406,0.1079924,1.096776,-0.6674631,-0.05637693,0.111934,0.9921151,0.1399239,1.09708,-0.6657779,-0.05596479,0.1118215,0.9921511,0.07619563,1.096304,-0.6692851,-0.05596479,0.1118215,0.9921511,0.1080597,1.096692,-0.6675315,353.5797,356.7715,0.7008396,0,0,False
1,Center_Dir_Close,49,11.56,0.1081186,1.096578,-0.6676217,0.07853031,0.8653926,-0.6148956,0.6764752,0.01784266,0.07507934,-0.7324112,0.3172762,0.6920196,-0.3494,0.2008904,0.09337434,-0.2384354,0.9455543,MathCanvas,0.01488632,1.281683,0.9721242,0.1080597,1.096692,-0.6675315,-0.05596466,0.1118213,0.9921512,0.1399827,1.096954,-0.6658653,-0.05600508,0.1109988,0.9922413,0.07625446,1.096202,-0.6693782,-0.05600508,0.1109988,0.9922413,0.1081186,1.096578,-0.6676217,353.6271,356.7695,0.6792046,0,0,False
1,Center_Dir_Close,50,11.58,0.1081083,1.096454,-0.667719,0.07918984,0.8649809,-0.6143768,0.6795954,0.03558052,0.07840025,-0.7285174,0.317182,0.6920274,-0.3493987,0.2010229,0.09341265,-0.2382522,0.9455685,MathCanvas,0.01599155,1.280654,0.9656207,0.1081186,1.096578,-0.6676217,-0.05600533,0.1109986,0.9922413,0.139973,1.096826,-0.6659732,-0.05565553,0.1101288,0.9923579,0.07624352,1.096083,-0.6694648,-0.05565553,0.1101288,0.9923579,0.1081083,1.096454,-0.667719,353.6772,356.79,0.6716614,0,0,False
1,Center_Dir_Close,51,11.6,0.1080294,1.096279,-0.6679155,0.07975122,0.8640206,-0.6145577,0.6874965,0.04459183,0.07856717,-0.7205465,0.3169815,0.6919926,-0.3493429,0.2012043,0.0933905,-0.2379285,0.9456136,MathCanvas,0.01610353,1.278801,0.9623195,0.1080805,1.096347,-0.6678103,-0.05590759,0.1092204,0.9924441,0.139893,1.096669,-0.6661522,-0.05625189,0.1087844,0.9924725,0.07616583,1.09589,-0.6696788,-0.05625189,0.1087844,0.9924725,0.1080294,1.096279,-0.6679155,353.7548,356.756,0.7038974,0,0,False
1,Center_Dir_Close,52,11.62,0.1079739,1.096241,-0.6680161,0.08014079,0.8638424,-0.6145726,0.6848522,0.04148834,0.08169664,-0.7228982,0.3168938,0.6919423,-0.3492871,0.2012368,0.0932272,-0.2376821,0.9456848,MathCanvas,0.01642768,1.275231,0.958153,0.1080294,1.096279,-0.6679155,-0.05625149,0.1087843,0.9924725,0.1398372,1.096609,-0.6662429,-0.05648713,0.1091024,0.9924242,0.07611062,1.095874,-0.6697893,-0.05648713,0.1091024,0.9924242,0.1079739,1.096241,-0.6680161,353.7364,356.7423,0.6639165,0,0,False
1,Center_Dir_Close,53,11.64,0.1078899,1.096366,-0.668137,0.08038449,0.8634235,-0.6155062,0.6879858,0.02238254,0.07715544,-0.7212639,0.3167452,0.6920094,-0.3492843,0.2012071,0.09300017,-0.2373832,0.9457885,MathCanvas,0.01616773,1.273785,0.9517645,0.107936,1.096283,-0.668086,-0.0566979,0.1092915,0.9923914,0.1397521,1.096734,-0.6663461,-0.05704492,0.109602,0.9923373,0.07602757,1.095998,-0.669928,-0.05704492,0.109602,0.9923373,0.1078899,1.096366,-0.668137,353.7076,356.71,0.6651272,0,0,False
1,Center_Dir_Close,54,11.66,0.107832,1.096425,-0.6682083,0.08043391,0.8630759,-0.6161924,0.691373,0.0219291,0.07416098,-0.7183473,0.3167134,0.6920353,-0.3492943,0.2011852,0.09295622,-0.2373529,0.9458051,MathCanvas,0.01544414,1.274565,0.9499536,0.1078899,1.096366,-0.668137,-0.05704469,0.109602,0.9923373,0.1396933,1.096804,-0.6664037,-0.05751131,0.1100925,0.992256,0.07597058,1.096046,-0.670013,-0.05751131,0.1100925,0.992256,0.107832,1.096425,-0.6682083,353.6794,356.6828,0.6843684,0,0,False
1,Center_Dir_Close,55,11.68,0.1076491,1.096529,-0.66838,0.08027944,0.8631853,-0.6175796,0.6900199,0.008113592,0.07052601,-0.7203005,0.3167181,0.6920171,-0.349285,0.2010988,0.09291372,-0.2374176,0.9458115,MathCanvas,0.01492812,1.274925,0.9479277,0.1077463,1.096487,-0.6682937,-0.05841633,0.1102669,0.9921838,0.1395073,1.096941,-0.6665283,-0.05909409,0.110571,0.9921098,0.07579079,1.096117,-0.6702316,-0.05909409,0.110571,0.9921098,0.1076491,1.096529,-0.66838,353.6518,356.5912,0.7440335,0,0,False
1,Center_Dir_Close,56,11.7,0.10757,1.096599,-0.6684678,0.08046743,0.8630052,-0.6174819,0.6905994,0.009980409,0.07089616,-0.7196851,0.3167141,0.6920611,-0.3492908,0.2010479,0.09296812,-0.2375616,0.9457807,MathCanvas,0.01244128,1.276243,0.9486954,0.1076491,1.096529,-0.66838,-0.05909418,0.1105712,0.9921098,0.1394263,1.097034,-0.6665878,-0.0600595,0.1113812,0.9919612,0.07571365,1.096165,-0.6703478,-0.0600595,0.1113812,0.9919612,0.10757,1.096599,-0.6684678,353.6051,356.5352,0.7846851,0,0,False
1,Center_Dir_Close,57,11.72,0.1074556,1.096763,-0.6686469,0.08021047,0.8631941,-0.6176399,0.6927809,0.01426881,0.06793472,-0.7177994,0.3167046,0.6921233,-0.3492616,0.200955,0.09300146,-0.2377764,0.9457432,MathCanvas,0.01115225,1.277007,0.9502535,0.1075039,1.096692,-0.6685601,-0.06026441,0.1119099,0.9918893,0.1393103,1.097204,-0.6667403,-0.06091456,0.1121737,0.9918198,0.07560097,1.096322,-0.6705534,-0.06091456,0.1121737,0.9918198,0.1074556,1.096763,-0.6686469,353.5594,356.4855,0.7962393,0,0,False
1,Center_Dir_Close,58,11.74,0.107378,1.096821,-0.6687389,0.08011633,0.8631707,-0.6178582,0.6930584,0.01450431,0.06786656,-0.7175332,0.3167069,0.6921127,-0.3492205,0.2009161,0.092982,-0.2378287,0.9457402,MathCanvas,0.008980289,1.27963,0.9521544,0.1074556,1.096763,-0.6686469,-0.06091481,0.1121738,0.9918197,0.1392334,1.097262,-0.6668463,-0.06048479,0.1124061,0.9918197,0.07552251,1.096379,-0.6706315,-0.06048479,0.1124061,0.9918197,0.107378,1.096821,-0.6687389,353.546,356.5102,0.7977539,0,0,False
1,Center_Dir_Close,59,11.76,0.1072902,1.096986,-0.6688445,0.0801514,0.8628324,-0.6178349,0.6928167,0.01266175,0.06954025,-0.7176412,0.3166071,0.6921153,-0.3491471,0.2009188,0.09284355,-0.2376554,0.9457968,MathCanvas,0.007719051,1.280341,0.9539157,0.1073334,1.096889,-0.6688106,-0.06119317,0.1129466,0.9917149,0.1391436,1.097449,-0.6669232,-0.06146351,0.113677,0.9916147,0.07543674,1.096522,-0.6707658,-0.06146351,0.113677,0.9916147,0.1072902,1.096986,-0.6688445,353.4727,356.4532,0.8370679,0,0,False
1,Center_Dir_Close,60,11.78,0.1072293,1.097114,-0.6688591,0.08000512,0.862816,-0.6178666,0.6931667,0.01187092,0.06891151,-0.7173773,0.3165107,0.6921133,-0.3491423,0.2010598,0.09266701,-0.2374623,0.9458327,MathCanvas,0.007083286,1.281941,0.9551387,0.1072902,1.096986,-0.6688445,-0.0614637,0.1136771,0.9916147,0.1390815,1.097607,-0.6669247,-0.06198505,0.1141739,0.9915252,0.07537715,1.09662,-0.6707935,-0.06198505,0.1141739,0.9915252,0.1072293,1.097114,-0.6688591,353.444,356.4228,0.8916016,0,0,False
1,Center_Dir_Close,61,11.8,0.1071722,1.097181,-0.6688769,0.0798956,0.862891,-0.6181921,0.6936044,0.01099442,0.06811239,-0.7170445,0.3164451,0.6920428,-0.3491018,0.2012591,0.09256996,-0.2373203,0.9458354,MathCanvas,0.006461687,1.283484,0.9568601,0.1072293,1.097114,-0.6688591,-0.06198499,0.1141736,0.9915252,0.1390231,1.097679,-0.6669229,-0.06261868,0.1148281,0.9914098,0.07532125,1.096683,-0.670831,-0.06261868,0.1148281,0.9914098,0.1071722,1.097181,-0.6688769,353.4063,356.3859,0.8997861,0,0,False
1,Center_Dir_Close,62,11.82,0.1069789,1.097188,-0.6689395,0.07996946,0.8629498,-0.6181811,0.6931733,0.009517304,0.06811197,-0.7174824,0.3163868,0.6919104,-0.3490359,0.2016502,0.09261931,-0.2372008,0.9457773,MathCanvas,0.005487904,1.284479,0.9576875,0.1070741,1.097205,-0.6689056,-0.06316081,0.1145578,0.9914067,0.1388274,1.097706,-0.6669514,-0.06374495,0.1145311,0.9913724,0.07513037,1.096671,-0.6709275,-0.06374495,0.1145311,0.9913724,0.1069789,1.097188,-0.6689395,353.4234,356.321,0.9357898,0,0,False
1,Center_Dir_Close,63,11.84,0.1068808,1.097228,-0.6689871,0.07999638,0.8629928,-0.618183,0.692777,0.008790025,0.06796458,-0.7178883,0.3163674,0.6919428,-0.3490708,0.2017169,0.09268168,-0.2371979,0.9457577,MathCanvas,0.003309004,1.285219,0.9583192,0.1069789,1.097188,-0.6689395,-0.06374532,0.1145308,0.9913724,0.1387288,1.097736,-0.6669886,-0.06403349,0.1145277,0.9913542,0.07503282,1.09672,-0.6709856,-0.06403349,0.1145277,0.9913542,0.1068808,1.097228,-0.6689871,353.4236,356.3043,0.9177116,0,0,False
1,Center_Dir_Close,64,11.86,0.1066914,1.097281,-0.6690481,0.08009373,0.8627408,-0.618504,0.6922347,0.006749582,0.06669534,-0.7185522,0.316368,0.6919856,-0.3491207,0.2018034,0.09274033,-0.2372034,0.9457321,MathCanvas,0.002196774,1.285313,0.9590679,0.10677,1.097278,-0.669023,-0.06441686,0.1145568,0.991326,0.1385373,1.097818,-0.6670231,-0.06497306,0.1150464,0.991233,0.07484556,1.096743,-0.6710732,-0.06497306,0.1150464,0.991233,0.1066914,1.097281,-0.6690481,353.3937,356.2498,0.9705622,0,0,False
1,Center_Dir_Close,65,11.88,0.1066239,1.097251,-0.6690633,0.08022675,0.8625625,-0.6188865,0.6922713,0.004733665,0.06662226,-0.7185398,0.316409,0.691954,-0.3491057,0.2018252,0.09275107,-0.2372844,0.9457061,MathCanvas,0.0008752011,1.285461,0.9593822,0.1066914,1.097281,-0.6690481,-0.06497329,0.1150461,0.991233,0.1384691,1.097797,-0.6670302,-0.06524967,0.1146291,0.9912632,0.07477872,1.096704,-0.6710963,-0.06524967,0.1146291,0.9912632,0.1066239,1.097251,-0.6690633,353.4178,356.2339,0.9869867,0,0,False
1,Center_Dir_Close,66,11.9,0.1065118,1.097187,-0.6691137,0.08024385,0.8622488,-0.6184185,0.6924633,0.005577405,0.06713638,-0.7183009,0.3164532,0.6919982,-0.3492019,0.2017027,0.09270948,-0.2374956,0.9456833,MathCanvas,-0.000171598,1.28635,0.9602102,0.1065438,1.097199,-0.6690834,-0.06574806,0.1141665,0.9912836,0.1383546,1.097761,-0.6670507,-0.06627612,0.1138809,0.9912813,0.07466902,1.096612,-0.6711767,-0.06627612,0.1138809,0.9912813,0.1065118,1.097187,-0.6691137,353.4609,356.175,1.038141,0,0,False
1,Center_Dir_Close,67,11.92,0.1065015,1.097188,-0.6691617,0.08021393,0.8621523,-0.6182002,0.6926639,0.006008051,0.06714018,-0.7181036,0.3164476,0.6920455,-0.3492993,0.2016256,0.09262341,-0.2375869,0.9456852,MathCanvas,-0.001524169,1.284783,0.959745,0.1065118,1.097187,-0.6691137,-0.06627585,0.1138813,0.9912813,0.1383441,1.097756,-0.6670952,-0.06635282,0.1132599,0.9913473,0.0746588,1.09662,-0.6712281,-0.06635282,0.1132599,0.9913473,0.1065015,1.097188,-0.6691617,353.4967,356.1708,1.025765,0,0,False
1,Center_Dir_Close,68,11.94,0.1064666,1.09717,-0.6691861,0.08023988,0.8621958,-0.6183032,0.6926771,0.006517824,0.06702597,-0.7180972,0.3164485,0.6920468,-0.3493299,0.2015846,0.09256941,-0.2376248,0.9456897,MathCanvas,-0.002414171,1.284337,0.9598785,0.1065015,1.097188,-0.6691617,-0.06635243,0.1132597,0.9913474,0.1383086,1.09773,-0.667107,-0.06671801,0.1131556,0.9913347,0.07462461,1.09661,-0.6712652,-0.06671801,0.1131556,0.9913347,0.1064666,1.09717,-0.6691861,353.5027,356.1497,1.01209,0,0,False
1,Center_Dir_Close,69,11.96,0.1063523,1.097211,-0.6692017,0.08046667,0.8611795,-0.6179233,0.6924546,0.007406168,0.06748637,-0.71826,0.3164581,0.6920492,-0.349422,0.2015342,0.09238068,-0.2376359,0.9457161,MathCanvas,-0.002551753,1.283258,0.9596167,0.106419,1.097155,-0.6691873,-0.06683925,0.1130849,0.9913346,0.1381931,1.097762,-0.6671022,-0.06732845,0.1136073,0.9912418,0.07451148,1.09666,-0.6713013,-0.06732845,0.1136073,0.9912418,0.1063523,1.097211,-0.6692017,353.4767,356.1143,0.9954723,0,0,False
1,Center_Dir_Close,70,11.98,0.1062631,1.097284,-0.6692154,0.08048993,0.8605797,-0.6177408,0.6924235,0.006914525,0.06742891,-0.7183003,0.3164788,0.6920533,-0.3494643,0.2015106,0.09232981,-0.2376615,0.9457197,MathCanvas,-0.003463786,1.283008,0.9595491,0.1063523,1.097211,-0.6692017,-0.06732823,0.1136075,0.9912418,0.1381042,1.097838,-0.6671209,-0.06717888,0.1135243,0.9912614,0.07442206,1.096731,-0.6713099,-0.06717888,0.1135243,0.9912614,0.1062631,1.097284,-0.6692154,353.4815,356.1229,1.000364,0,0,False
1,Center_Dir_Close,71,12,0.1061533,1.097323,-0.669269,0.08055767,0.8602647,-0.6178335,0.6925973,0.006471427,0.06733521,-0.7181456,0.3165166,0.6920128,-0.3495201,0.2015579,0.09227494,-0.2377076,0.9457034,MathCanvas,-0.004398994,1.284012,0.9600111,0.1061931,1.097323,-0.6692359,-0.06737471,0.1137079,0.9912271,0.1379938,1.097883,-0.6671674,-0.06742371,0.1136464,0.9912308,0.07431276,1.096763,-0.6713706,-0.06742371,0.1136464,0.9912308,0.1061533,1.097323,-0.669269,353.4744,356.1087,1.011951,0,0,False
1,Center_Dir_Close,72,12.02,0.1061287,1.09733,-0.6692926,0.08054484,0.8601992,-0.6178499,0.6926414,0.006280214,0.06719507,-0.7181179,0.3165358,0.6919847,-0.3495308,0.2015253,0.09228165,-0.2376518,0.9457237,MathCanvas,-0.004599854,1.28424,0.9601476,0.1061533,1.097323,-0.669269,-0.0674234,0.1136468,0.9912308,0.1379686,1.097889,-0.6671824,-0.06768823,0.1134149,0.9912393,0.07428876,1.09677,-0.6714029,-0.06768823,0.1134149,0.9912393,0.1061287,1.09733,-0.6692926,353.4878,356.0935,1.010486,0,0,False
1,Center_Dir_Close,73,12.04,0.1061167,1.097374,-0.6693051,0.08041901,0.8600404,-0.6173748,0.6924692,0.006651843,0.06743202,-0.7182584,0.3165458,0.6920385,-0.3495817,0.2014196,0.0922972,-0.2375251,0.9457765,MathCanvas,-0.004710834,1.284157,0.960224,0.1061149,1.097347,-0.6693031,-0.06768923,0.1134398,0.9912364,0.1379567,1.097917,-0.6671922,-0.06771118,0.1134823,0.99123,0.07427661,1.096832,-0.671418,-0.06771118,0.1134823,0.99123,0.1061167,1.097374,-0.6693051,353.4839,356.0922,0.9800463,0,0,False
1,Center_Dir_Close,74,12.06,0.106111,1.097388,-0.6692994,0.08045996,0.8598996,-0.6173267,0.6923307,0.006838543,0.06753121,-0.7183808,0.3165461,0.6920479,-0.349595,0.2013966,0.09235474,-0.2374336,0.9457988,MathCanvas,-0.005151842,1.283848,0.9601035,0.1061167,1.097374,-0.6693051,-0.06771112,0.1134819,0.9912301,0.1379519,1.09792,-0.6671968,-0.06735539,0.1136845,0.9912311,0.07427005,1.096856,-0.671402,-0.06735539,0.1136845,0.9912311,0.106111,1.097388,-0.6692994,353.4722,356.1127,0.9612088,0,0,False
1,Center_Dir_Close,75,12.08,0.1060528,1.09748,-0.6691577,0.08055081,0.8596913,-0.6171342,0.692202,0.006901598,0.06765376,-0.7184927,0.3165372,0.6919681,-0.3495915,0.201477,0.09248536,-0.2372009,0.9458273,MathCanvas,-0.005199991,1.283942,0.9601938,0.1060839,1.097429,-0.6692333,-0.06721831,0.1137633,0.9912314,0.1378943,1.098013,-0.667064,-0.06708273,0.1135447,0.9912656,0.07421133,1.096947,-0.6712514,-0.06708273,0.1135447,0.9912656,0.1060528,1.09748,-0.6691577,353.4803,356.1285,0.9638648,0,0,False
1,Center_Dir_Close,76,12.1,0.1060333,1.097494,-0.6691068,0.08048245,0.8596428,-0.6171615,0.6922088,0.006890275,0.06764072,-0.7184875,0.3165317,0.6920049,-0.3496188,0.2014917,0.09253287,-0.2371348,0.9458361,MathCanvas,-0.004459411,1.284516,0.9605048,0.1060528,1.09748,-0.6691577,-0.06708292,0.1135445,0.9912656,0.1378748,1.098027,-0.6670129,-0.06708617,0.1133207,0.991291,0.07419182,1.096961,-0.6712007,-0.06708617,0.1133207,0.991291,0.1060333,1.097494,-0.6691068,353.4932,356.1284,0.9635043,0,0,False
1,Center_Dir_Close,77,12.12,0.1060151,1.097468,-0.669098,0.08040582,0.8595755,-0.6171273,0.6921632,0.006899268,0.06761793,-0.7185335,0.3165242,0.6920467,-0.3496505,0.2014881,0.09253946,-0.2371024,0.9458443,MathCanvas,-0.004244454,1.28415,0.9604365,0.1060333,1.097494,-0.6691068,-0.06708608,0.1133209,0.991291,0.1378568,1.098,-0.6670068,-0.06699318,0.1129867,0.9913354,0.07417347,1.096936,-0.6711892,-0.06699318,0.1129867,0.9913354,0.1060151,1.097468,-0.669098,353.5125,356.1339,0.9609544,0,0,False
1,Center_Dir_Close,78,12.14,0.1059975,1.097432,-0.6690743,0.08041816,0.8595132,-0.617108,0.6918198,0.006328747,0.06762065,-0.718869,0.3165174,0.6920438,-0.3496867,0.2013714,0.09245405,-0.2370553,0.9458894,MathCanvas,-0.004256018,1.283736,0.9603131,0.1059951,1.097448,-0.6691,-0.06674058,0.111825,0.9914842,0.1378391,1.097965,-0.666983,-0.06698681,0.1116293,0.9914896,0.07415582,1.096899,-0.6711656,-0.06698681,0.1116293,0.9914896,0.1059975,1.097432,-0.6690743,353.5908,356.1349,0.9626306,0,0,False
1,Center_Dir_Close,79,12.16,0.1059736,1.097428,-0.6690354,0.08058629,0.8592287,-0.6169285,0.6914651,0.005924546,0.06775488,-0.7192011,0.3165315,0.6920528,-0.3496925,0.2012576,0.09244802,-0.2370402,0.945918,MathCanvas,-0.003624517,1.281106,0.9594475,0.1059975,1.097432,-0.6690743,-0.06698695,0.1116293,0.9914896,0.1378154,1.097963,-0.6669458,-0.06693812,0.1116493,0.9914907,0.07413191,1.096894,-0.6711249,-0.06693812,0.1116493,0.9914907,0.1059736,1.097428,-0.6690354,353.5896,356.1377,0.9654096,0,0,False
1,Center_Dir_Close,80,12.18,0.1058147,1.097397,-0.6688604,0.08062479,0.8591191,-0.6169109,0.6900324,0.003817586,0.06799799,-0.7205672,0.3165969,0.6921021,-0.3496621,0.2011437,0.09261631,-0.2370764,0.9459166,MathCanvas,-0.004042216,1.280762,0.9593354,0.1058972,1.097426,-0.6689622,-0.06705745,0.1110607,0.9915487,0.1376548,1.097943,-0.6667482,-0.06768043,0.1113118,0.9914782,0.0739747,1.096851,-0.6709725,-0.06768043,0.1113118,0.9914782,0.1058147,1.097397,-0.6688604,353.6091,356.0949,0.9867553,0,0,False
1,Center_Dir_Close,81,12.2,0.1057442,1.097394,-0.6687632,0.08068626,0.8590553,-0.6168451,0.6900191,0.003936224,0.06825481,-0.7205551,0.3166117,0.6920817,-0.349662,0.2011201,0.09267928,-0.2370746,0.9459159,MathCanvas,-0.004273001,1.279725,0.9589583,0.1058147,1.097397,-0.6688604,-0.06768009,0.1113119,0.9914782,0.137582,1.097961,-0.6666225,-0.06864593,0.1112805,0.9914153,0.07390647,1.096827,-0.670904,-0.06864593,0.1112805,0.9914153,0.1057442,1.097394,-0.6687632,353.6109,356.0392,1.024925,0,0,False
1,Center_Dir_Close,82,12.22,0.1055269,1.097318,-0.6685811,0.08102649,0.8591778,-0.6163439,0.686573,0.001820447,0.07042,-0.7236403,0.3165976,0.6920668,-0.3496534,0.2010446,0.09261633,-0.2369996,0.9459569,MathCanvas,-0.005373668,1.280147,0.9590566,0.1056397,1.097377,-0.6686665,-0.06934737,0.110719,0.9914294,0.1373616,1.097868,-0.6663907,-0.07011598,0.1096765,0.9914912,0.07369223,1.096768,-0.6707715,-0.07011598,0.1096765,0.9914912,0.1055269,1.097318,-0.6685811,353.7033,355.9549,0.9940532,0,0,False
1,Center_Dir_Close,83,12.24,0.1054208,1.097208,-0.668506,0.08128049,0.8591821,-0.616147,0.6842768,0.0002319515,0.07186526,-0.7256726,0.3165646,0.6921069,-0.3496382,0.2010418,0.09253621,-0.2369491,0.945978,MathCanvas,-0.008273352,1.27901,0.9583725,0.1055269,1.097318,-0.6685811,-0.07011614,0.1096764,0.9914912,0.1372532,1.097743,-0.6662784,-0.07121292,0.1084502,0.9915479,0.07358848,1.096672,-0.6707336,-0.07121292,0.1084502,0.9915479,0.1054208,1.097208,-0.668506,353.774,355.8921,0.9672492,0,0,False
1,Center_Dir_Close,84,12.26,0.1052754,1.096989,-0.6684533,0.08189834,0.8590574,-0.6156558,0.6806464,-0.002129704,0.07567687,-0.7286899,0.3164915,0.6921719,-0.3496027,0.2010597,0.09239968,-0.2367802,0.9460298,MathCanvas,-0.009575821,1.277087,0.9576272,0.1054208,1.097208,-0.668506,-0.07121314,0.1084501,0.9915479,0.1371052,1.097521,-0.666188,-0.07235034,0.1057519,0.991757,0.07344566,1.096457,-0.6707186,-0.07235034,0.1057519,0.991757,0.1052754,1.096989,-0.6684533,353.9295,355.8276,0.9612445,0,0,False
1,Center_Dir_Close,85,12.28,0.1050389,1.096408,-0.6682703,0.08362101,0.8586819,-0.6144525,0.6750931,-0.003862306,0.08496481,-0.7328134,0.3164237,0.6920903,-0.3495506,0.2011254,0.09234107,-0.2365029,0.9460909,MathCanvas,-0.01143787,1.274731,0.9566236,0.1051747,1.096709,-0.6683724,-0.07346163,0.1032173,0.9919423,0.1368614,1.096958,-0.6659096,-0.07533672,0.1007866,0.9920517,0.07321636,1.095857,-0.6706311,-0.07533672,0.1007866,0.9920517,0.1050389,1.096408,-0.6682703,354.2155,355.6573,0.9928433,0,0,False
1,Center_Dir_Close,86,12.3,0.1048454,1.096182,-0.6681918,0.08477775,0.8585895,-0.6132449,0.6702387,-0.004146968,0.09018466,-0.736634,0.3163972,0.6921026,-0.3495362,0.201149,0.0923896,-0.2364212,0.9461016,MathCanvas,-0.01501357,1.265088,0.9527815,0.1050389,1.096408,-0.6682703,-0.07533642,0.1007863,0.9920517,0.1366652,1.096688,-0.6657851,-0.07662158,0.09981529,0.9920514,0.07302555,1.095675,-0.6705984,-0.07662158,0.09981529,0.9920514,0.1048454,1.096182,-0.6681918,354.2715,355.5835,0.913416,0,0,False
1,Center_Dir_Close,87,12.32,0.1044329,1.09573,-0.668072,0.08799892,0.8570859,-0.6114506,0.6680815,0.004535671,0.0995751,-0.7373815,0.3163245,0.6921068,-0.3495012,0.2013077,0.09248252,-0.2361374,0.9461297,MathCanvas,-0.01811642,1.260682,0.9510049,0.104646,1.095991,-0.6681148,-0.07857316,0.09758921,0.9921203,0.1362433,1.096217,-0.6655409,-0.08040753,0.09514633,0.9922106,0.07262243,1.095243,-0.6706032,-0.08040753,0.09514633,0.9922106,0.1044329,1.09573,-0.668072,354.5403,355.3669,0.8781808,0,0,False
1,Center_Dir_Close,88,12.34,0.1042531,1.095441,-0.6680411,0.08979158,0.8558288,-0.6108689,0.6693133,0.006285045,0.1061752,-0.7353278,0.3162968,0.6920528,-0.3494724,0.201345,0.09245519,-0.2360156,0.9461548,MathCanvas,-0.02358294,1.254728,0.9483463,0.1044329,1.09573,-0.668072,-0.08040781,0.09514634,0.9922106,0.1360594,1.095914,-0.6654552,-0.08205124,0.09213796,0.9923599,0.07244688,1.094968,-0.6706269,-0.08205124,0.09213796,0.9923599,0.1042531,1.095441,-0.6680411,354.7134,355.2734,0.8529004,0,0,False
1,Center_Dir_Close,89,12.36,0.1039754,1.095013,-0.6678084,0.09223642,0.8527192,-0.6113037,0.6778594,0.00953721,0.1118772,-0.7265667,0.3161953,0.6920578,-0.3494096,0.2013332,0.09250525,-0.2356708,0.9462383,MathCanvas,-0.02659236,1.25027,0.9465567,0.104065,1.095018,-0.6679596,-0.08314122,0.08901654,0.9925541,0.1357748,1.095526,-0.6651469,-0.08448339,0.08720439,0.9926016,0.07217598,1.094501,-0.6704699,-0.08448339,0.08720439,0.9926016,0.1039754,1.095013,-0.6678084,354.9972,355.1351,0.9236662,0,0,False
1,Center_Dir_Close,90,12.38,0.1037807,1.094762,-0.6678041,0.0924374,0.8515917,-0.6123337,0.6828592,0.007008109,0.1116724,-0.7219304,0.3161346,0.6921,-0.3493935,0.2013294,0.09252396,-0.2355215,0.9462745,MathCanvas,-0.03088116,1.2394,0.9421323,0.1039754,1.095013,-0.6678084,-0.08448327,0.08720449,0.9926016,0.1355775,1.095292,-0.6651152,-0.08538403,0.08722236,0.992523,0.07198391,1.094232,-0.6704929,-0.08538403,0.08722236,0.992523,0.1037807,1.094762,-0.6678041,354.9962,355.0831,0.9551637,0,0,False
1,Center_Dir_Close,91,12.4,0.1036802,1.094912,-0.667512,0.09128061,0.8508136,-0.615417,0.6876592,-0.009672792,0.1047791,-0.7183681,0.3160286,0.6920782,-0.3493661,0.2014257,0.09233439,-0.2353579,0.9463133,MathCanvas,-0.03311848,1.236071,0.9406372,0.1036891,1.094782,-0.6676734,-0.08572153,0.08849219,0.9923815,0.1354765,1.095474,-0.6648241,-0.08547124,0.08991347,0.9922753,0.07188384,1.094349,-0.6701999,-0.08547124,0.08991347,0.9922753,0.1036802,1.094912,-0.667512,354.8414,355.0769,1.014154,0,0,False
1,Center_Dir_Close,92,12.42,0.1036943,1.09501,-0.6673712,0.0904352,0.8512186,-0.6165529,0.686844,-0.01414919,0.1007215,-0.719653,0.3159952,0.6920686,-0.3493699,0.2014389,0.09219791,-0.235446,0.9463018,MathCanvas,-0.0352878,1.238371,0.9412934,0.1036802,1.094912,-0.667512,-0.08547164,0.08991367,0.9922752,0.1354917,1.095573,-0.664697,-0.08505283,0.09058121,0.9922505,0.07189678,1.094448,-0.6700454,-0.08505283,0.09058121,0.9922505,0.1036943,1.09501,-0.6673712,354.8029,355.1007,1.01388,0,0,False
1,Center_Dir_Close,93,12.44,0.1037379,1.095096,-0.6672366,0.09021804,0.8513684,-0.6169257,0.6878332,-0.01378756,0.1000102,-0.7188139,0.3159734,0.692098,-0.3493718,0.2014184,0.09201685,-0.2355483,0.9462984,MathCanvas,-0.03499997,1.240913,0.9427868,0.1036943,1.09501,-0.6673712,-0.08505291,0.09058136,0.9922505,0.1355365,1.095683,-0.664581,-0.08453937,0.09029753,0.9923202,0.0719393,1.094508,-0.6698921,-0.08453937,0.09029753,0.9923202,0.1037379,1.095096,-0.6672366,354.8193,355.1305,1.059528,0,0,False
1,Center_Dir_Close,94,12.46,0.1039029,1.095099,-0.6669518,0.08967035,0.8508743,-0.6173145,0.6915237,-0.01185084,0.09812389,-0.7155601,0.3159727,0.6921483,-0.3493893,0.2012605,0.09168088,-0.2356192,0.9463469,MathCanvas,-0.03434966,1.242159,0.943731,0.1037928,1.095126,-0.6671106,-0.08374014,0.09023803,0.9923934,0.1357032,1.095728,-0.6643264,-0.08371916,0.09034006,0.9923859,0.07210262,1.09447,-0.6695773,-0.08371916,0.09034006,0.9923859,0.1039029,1.095099,-0.6669518,354.8168,355.1779,1.134047,0,0,False
1,Center_Dir_Close,95,12.48,0.1039901,1.095068,-0.6667827,0.08951283,0.8505405,-0.6175029,0.6926342,-0.01028459,0.09894159,-0.7143967,0.3159922,0.6921395,-0.3493977,0.201212,0.09157094,-0.2356719,0.9463547,MathCanvas,-0.03204723,1.241599,0.9441756,0.1039029,1.095099,-0.6669518,-0.08371947,0.09034012,0.9923859,0.1357921,1.095707,-0.6641806,-0.0830226,0.09048921,0.9924308,0.07218809,1.094429,-0.6693849,-0.0830226,0.09048921,0.9924308,0.1039901,1.095068,-0.6667827,354.8083,355.218,1.152197,0,0,False
1,Center_Dir_Close,96,12.5,0.1041138,1.095061,-0.6665387,0.08948949,0.8506273,-0.616623,0.69003,-0.00797796,0.1001325,-0.7167764,0.3160166,0.6921409,-0.3493672,0.2012836,0.09148732,-0.235833,0.9463075,MathCanvas,-0.03197195,1.241783,0.9448715,0.1040782,1.095045,-0.6666394,-0.08351992,0.09057236,0.9923815,0.1359144,1.095712,-0.6639225,-0.08349356,0.09043919,0.9923959,0.07231312,1.094411,-0.6691549,-0.08349356,0.09043919,0.9923959,0.1041138,1.095061,-0.6665387,354.8111,355.1909,1.172714,0,0,False
1,Center_Dir_Close,97,12.52,0.1041364,1.095037,-0.6664339,0.08931171,0.8505994,-0.6166639,0.69006,-0.007358604,0.09968763,-0.7168162,0.3160179,0.6921344,-0.3493266,0.2013723,0.09148254,-0.2358896,0.9462749,MathCanvas,-0.03154325,1.242173,0.9453346,0.1041138,1.095061,-0.6665387,-0.08349349,0.09043939,0.9923959,0.1359372,1.095673,-0.6638159,-0.08349994,0.08981303,0.9924522,0.07233562,1.094401,-0.6690519,-0.08349994,0.08981303,0.9924522,0.1041364,1.095037,-0.6664339,354.8471,355.1907,1.146488,0,0,False
1,Center_Dir_Close,98,12.54,0.1042262,1.094918,-0.6663135,0.0886549,0.8505551,-0.6171976,0.6911196,-0.006002195,0.0981833,-0.7160152,0.3159992,0.6920568,-0.3492589,0.2014428,0.09139131,-0.2357473,0.9463042,MathCanvas,-0.03150081,1.241958,0.9457372,0.1041771,1.094985,-0.6663617,-0.08360281,0.089188,0.9924999,0.1360267,1.09553,-0.6636869,-0.08368508,0.08823391,0.9925783,0.07242566,1.094305,-0.6689402,-0.08368508,0.08823391,0.9925783,0.1042262,1.094918,-0.6663135,354.938,355.1808,1.104483,0,0,False
1,Center_Dir_Close,99,12.56,0.104257,1.094873,-0.6662291,0.08861303,0.8498212,-0.6171611,0.6916134,-0.005452361,0.09748694,-0.7156379,0.3159716,0.6920516,-0.3492442,0.2014503,0.09131163,-0.2356871,0.9463253,MathCanvas,-0.03151237,1.239724,0.9451219,0.1042262,1.094918,-0.6663135,-0.08368471,0.08823381,0.9925783,0.1360583,1.095475,-0.663609,-0.08344851,0.08799662,0.9926192,0.07245579,1.094271,-0.6688493,-0.08344851,0.08799662,0.9926192,0.104257,1.094873,-0.6662291,354.9516,355.1945,1.084925,0,0,False
1,Center_Dir_Close,100,12.58,0.1042575,1.094793,-0.6659859,0.08797672,0.8489751,-0.6166491,0.6920409,-0.005016409,0.09611565,-0.7154132,0.3158338,0.6921257,-0.3492391,0.2014915,0.09100553,-0.2356154,0.9463639,MathCanvas,-0.03157967,1.238094,0.9449201,0.1042614,1.094829,-0.6660955,-0.08350595,0.08808751,0.9926063,0.1360584,1.095408,-0.6633648,-0.08351205,0.0877875,0.9926324,0.07245652,1.094178,-0.668607,-0.08351205,0.0877875,0.9926324,0.1042575,1.094793,-0.6659859,354.9637,355.1909,1.108078,0,0,False
1,Center_Dir_Close,101,12.6,0.1043319,1.094767,-0.6659335,0.08806996,0.8486475,-0.6166353,0.6917807,-0.005636718,0.09620772,-0.7156478,0.3157995,0.692112,-0.3492374,0.201492,0.09082218,-0.2356113,0.9463824,MathCanvas,-0.03127247,1.237759,0.9450113,0.1042575,1.094793,-0.6659859,-0.08351195,0.0877878,0.9926324,0.1361337,1.09538,-0.6633221,-0.08319968,0.08740139,0.9926927,0.07253017,1.094155,-0.668545,-0.08319968,0.08740139,0.9926927,0.1043319,1.094767,-0.6659335,354.9859,355.2091,1.103955,0,0,False
1,Center_Dir_Close,102,12.62,0.1044039,1.094725,-0.6659213,0.08794484,0.8482473,-0.6167706,0.6914063,-0.006531324,0.09571859,-0.7160676,0.3157726,0.6921021,-0.3492407,0.2014673,0.09066632,-0.2356194,0.9464006,MathCanvas,-0.0312103,1.237249,0.9451368,0.1043319,1.094767,-0.6659335,-0.08320002,0.08740161,0.9926926,0.1362073,1.095323,-0.6633265,-0.08262984,0.08669318,0.9928024,0.07260048,1.094127,-0.668516,-0.08262984,0.08669318,0.9928024,0.1044039,1.094725,-0.6659213,355.0266,355.2423,1.077578,0,0,False
1,Center_Dir_Close,103,12.64,0.1044341,1.094618,-0.6658663,0.08755682,0.8471905,-0.6161377,0.6904162,-0.007887755,0.09425856,-0.7172019,0.3158096,0.6921318,-0.3492292,0.2013906,0.09048794,-0.235604,0.9464378,MathCanvas,-0.03062224,1.23657,0.9451298,0.1044455,1.094667,-0.6659035,-0.08277044,0.08638979,0.9928171,0.1362377,1.095224,-0.6632763,-0.0824966,0.08598714,0.9928749,0.07263041,1.094012,-0.6684564,-0.0824966,0.08598714,0.9928749,0.1044341,1.094618,-0.6658663,355.0672,355.2503,1.091799,0,0,False
1,Center_Dir_Close,104,12.66,0.1044242,1.094601,-0.6658508,0.08753401,0.8467443,-0.6161403,0.6904397,-0.007190135,0.09355524,-0.7172787,0.315852,0.6921477,-0.3492195,0.2013495,0.09046157,-0.235642,0.9464396,MathCanvas,-0.02983837,1.234762,0.9447086,0.1044341,1.094618,-0.6658663,-0.08249685,0.08598743,0.9928749,0.1362272,1.095214,-0.6632545,-0.08270853,0.0858179,0.9928719,0.07262123,1.093987,-0.668447,-0.08270853,0.0858179,0.9928719,0.1044242,1.094601,-0.6658508,355.0769,355.2381,1.105623,0,0,False
1,Center_Dir_Close,105,12.68,0.1043463,1.094591,-0.6658751,0.08733237,0.8457403,-0.616254,0.6898257,-0.007014689,0.09092603,-0.7182088,0.3159016,0.6921216,-0.3492113,0.2012579,0.09059133,-0.2357381,0.9464228,MathCanvas,-0.02939851,1.234086,0.944747,0.1043863,1.094593,-0.6658567,-0.08259227,0.08588433,0.9928758,0.1361499,1.095194,-0.6632841,-0.08252171,0.08607353,0.9928653,0.07254268,1.093987,-0.6684662,-0.08252171,0.08607353,0.9928653,0.1043463,1.094591,-0.6658751,355.0622,355.2488,1.087055,0,0,False
1,Center_Dir_Close,106,12.7,0.1043344,1.094623,-0.6658935,0.08754275,0.8448048,-0.6159021,0.6895607,-0.007200097,0.09051782,-0.7185129,0.3159323,0.6921677,-0.3492389,0.2011782,0.09062307,-0.2356733,0.9464528,MathCanvas,-0.02963247,1.23391,0.9447398,0.1043463,1.094591,-0.6658751,-0.0825218,0.08607388,0.9928653,0.1361382,1.095216,-0.6633029,-0.08248204,0.08609662,0.9928666,0.07253056,1.094029,-0.6684841,-0.08248204,0.08609662,0.9928666,0.1043344,1.094623,-0.6658935,355.0609,355.2511,1.069552,0,0,False
1,Center_Dir_Close,107,12.72,0.1043242,1.094702,-0.6659538,0.08748996,0.843972,-0.6156834,0.6883035,-0.01004961,0.08940563,-0.7198222,0.3159516,0.6922242,-0.3492786,0.201115,0.09060094,-0.2356412,0.9464763,MathCanvas,-0.02955643,1.234277,0.9450211,0.1043179,1.094659,-0.6659175,-0.08191596,0.08644679,0.992883,0.1361307,1.095286,-0.6633941,-0.08149906,0.08694194,0.9928741,0.07251767,1.094118,-0.6685134,-0.08149906,0.08694194,0.9928741,0.1043242,1.094702,-0.6659538,355.0123,355.3075,1.052987,0,0,False
1,Center_Dir_Close,108,12.74,0.1043664,1.09475,-0.6660146,0.08761939,0.8434454,-0.615728,0.6872692,-0.01236555,0.0893029,-0.7207865,0.3159286,0.6921915,-0.3492719,0.2011607,0.09054939,-0.2356546,0.9464682,MathCanvas,-0.02862198,1.235001,0.9454536,0.1043242,1.094702,-0.6659538,-0.08149912,0.08694179,0.9928741,0.1361752,1.095344,-0.6634855,-0.08057924,0.08735262,0.9929131,0.07255764,1.094155,-0.6685437,-0.08057924,0.08735262,0.9929131,0.1043664,1.09475,-0.6660146,354.9887,355.3604,1.071595,0,0,False
1,Center_Dir_Close,109,12.76,0.1044288,1.094743,-0.6661543,0.08692405,0.8434176,-0.6163004,0.6866678,-0.02238696,0.08434982,-0.7217142,0.315916,0.6921852,-0.3492793,0.201156,0.09049398,-0.2355299,0.9465055,MathCanvas,-0.02794673,1.235899,0.9459089,0.1044048,1.094741,-0.6660897,-0.08007244,0.08749851,0.9929413,0.1362414,1.095331,-0.6636727,-0.07907616,0.08739407,0.9930303,0.07261615,1.094156,-0.6686358,-0.07907616,0.08739407,0.9930303,0.1044288,1.094743,-0.6661543,354.9863,355.4471,1.05828,0,0,False
1,Center_Dir_Close,110,12.78,0.1045029,1.094776,-0.6662194,0.08620293,0.8432751,-0.6170344,0.6875683,-0.02960923,0.07815844,-0.7212936,0.315927,0.6921878,-0.3492855,0.201187,0.09051584,-0.2354649,0.9465131,MathCanvas,-0.02562229,1.236856,0.9465491,0.1044288,1.094743,-0.6661543,-0.07907599,0.08739401,0.9930304,0.1363197,1.095365,-0.6637916,-0.0774096,0.08806498,0.9931024,0.07268618,1.094187,-0.6686472,-0.0774096,0.08806498,0.9931024,0.1045029,1.094776,-0.6662194,354.9477,355.543,1.061562,0,0,False
1,Center_Dir_Close,111,12.8,0.104628,1.094839,-0.6662886,0.08587744,0.8430884,-0.6176333,0.68762,-0.03213854,0.07576989,-0.7213908,0.315922,0.6921391,-0.3492595,0.2012569,0.09055397,-0.2354166,0.9465066,MathCanvas,-0.02392815,1.236717,0.9466091,0.1045029,1.094776,-0.6662194,-0.07740973,0.08806519,0.9931023,0.1364516,1.095441,-0.6639556,-0.07450108,0.08903705,0.9932382,0.07280444,1.094236,-0.6686217,-0.07450108,0.08903705,0.9932382,0.104628,1.094839,-0.6662886,354.8918,355.7104,1.085344,0,0,False
1,Center_Dir_Close,112,12.82,0.1049436,1.094905,-0.6664673,0.08591039,0.8424485,-0.6173243,0.6826958,-0.039224,0.073434,-0.7259445,0.3158855,0.692062,-0.3492197,0.201404,0.09062739,-0.2352909,0.9464995,MathCanvas,-0.02114201,1.237921,0.9472364,0.1048008,1.094887,-0.6663765,-0.07239888,0.08934378,0.9933661,0.1367774,1.09553,-0.6642842,-0.06989115,0.08949891,0.9935316,0.07310981,1.094281,-0.6686504,-0.06989115,0.08949891,0.9935316,0.1049436,1.094905,-0.6664673,354.8652,355.9761,1.126344,0,0,False
1,Center_Dir_Close,113,12.84,0.1050775,1.094898,-0.6665531,0.08574206,0.8425147,-0.6170906,0.6788318,-0.04545731,0.07047232,-0.7294894,0.315854,0.6921374,-0.3492782,0.2014434,0.09067056,-0.2351925,0.9465114,MathCanvas,-0.01278012,1.240183,0.94879,0.1049436,1.094905,-0.6664673,-0.06989099,0.08949861,0.9935317,0.1369166,1.095498,-0.6644407,-0.06761474,0.08964232,0.9936762,0.07323846,1.094298,-0.6686655,-0.06761474,0.08964232,0.9936762,0.1050775,1.094898,-0.6665531,354.857,356.1073,1.081337,0,0,False
1,Center_Dir_Close,114,12.86,0.1055302,1.09505,-0.6667219,0.0843657,0.8434395,-0.616613,0.6694795,-0.05876661,0.05832,-0.7382023,0.3157999,0.6921843,-0.3493474,0.2015602,0.09079953,-0.2349609,0.9465317,MathCanvas,-0.008538026,1.240388,0.9485437,0.1052704,1.094941,-0.6666442,-0.06497211,0.09062601,0.9937633,0.1373822,1.095625,-0.6648063,-0.06142893,0.09157867,0.9939013,0.07367828,1.094474,-0.6686375,-0.06142893,0.09157867,0.9939013,0.1055302,1.09505,-0.6667219,354.7456,356.4633,1.038313,0,0,False
1,Center_Dir_Close,115,12.88,0.1058754,1.095203,-0.6668207,0.08371821,0.8438396,-0.6163599,0.6645963,-0.06558347,0.05192986,-0.7425051,0.3157812,0.6921305,-0.3493333,0.2016386,0.09081319,-0.2348415,0.9465434,MathCanvas,-0.0001598299,1.242471,0.9498324,0.1055302,1.09505,-0.6667219,-0.06142894,0.09157857,0.9939013,0.1377342,1.095761,-0.6650177,-0.05787395,0.09239538,0.9940391,0.07401654,1.094646,-0.6686237,-0.05787395,0.09239538,0.9940391,0.1058754,1.095203,-0.6668207,354.6986,356.6679,1.004683,0,0,False
1,Center_Dir_Close,116,12.9,0.1064896,1.095314,-0.6670853,0.08257191,0.8447936,-0.6141671,0.6465147,-0.08830608,0.03378611,-0.7570201,0.3157054,0.6921223,-0.3494065,0.2017475,0.09068938,-0.2343886,0.9466443,MathCanvas,0.005954517,1.244166,0.9498684,0.1061889,1.095285,-0.666939,-0.05485709,0.09306376,0.9941478,0.1383594,1.095839,-0.6654758,-0.05174885,0.09299929,0.9943205,0.07461987,1.094789,-0.6686949,-0.05174885,0.09299929,0.9943205,0.1064896,1.095314,-0.6670853,354.6638,357.0208,0.9465742,0,0,False
1,Center_Dir_Close,117,12.92,0.1068065,1.095277,-0.6672321,0.08203658,0.8454011,-0.6128273,0.6359597,-0.1019777,0.02567418,-0.7645238,0.3156771,0.6921415,-0.349453,0.2017863,0.09064775,-0.234268,0.9466699,MathCanvas,0.01719656,1.246798,0.9511288,0.1064896,1.095314,-0.6670853,-0.0517493,0.09299918,0.9943205,0.1386825,1.095734,-0.6657287,-0.04824137,0.09329168,0.9944694,0.07493053,1.094819,-0.6687354,-0.04824137,0.09329168,0.9944694,0.1068065,1.095277,-0.6672321,354.647,357.2228,0.825634,0,0,False
1,Center_Dir_Close,118,12.94,0.1072711,1.095159,-0.6673583,0.08184338,0.8459065,-0.6117154,0.6280652,-0.1113649,0.01877466,-0.7699218,0.3156585,0.6920959,-0.3494345,0.2018536,0.09065983,-0.2341802,0.9466761,MathCanvas,0.02268777,1.246447,0.9490408,0.1068065,1.095277,-0.6672321,-0.04824147,0.09329163,0.9944694,0.1391512,1.095597,-0.665939,-0.0455596,0.09297342,0.9946257,0.07539097,1.094721,-0.6687777,-0.0455596,0.09297342,0.9946257,0.1072711,1.095159,-0.6673583,354.6653,357.3773,0.7895549,0,0,False
1,Center_Dir_Close,119,12.96,0.1079072,1.095553,-0.6674016,0.08114574,0.8466739,-0.6109509,0.6189097,-0.1396347,0.001731046,-0.7729489,0.3156639,0.69201,-0.3494173,0.2020017,0.09092676,-0.2340575,0.9466493,MathCanvas,0.02891911,1.24668,0.9478216,0.1076299,1.095356,-0.6674024,-0.04241527,0.09289757,0.9947718,0.1397967,1.095942,-0.6661931,-0.03884591,0.09421947,0.9947933,0.07601777,1.095165,-0.66861,-0.03884591,0.09421947,0.9947933,0.1079072,1.095553,-0.6674016,354.5936,357.7638,0.7004145,0,0,False
1,Center_Dir_Close,120,12.98,0.1082208,1.095701,-0.667446,0.08125158,0.8465909,-0.6108478,0.6163715,-0.1443378,-0.005579967,-0.7740941,0.3156775,0.6919984,-0.3494336,0.2020367,0.0910462,-0.2340264,0.946638,MathCanvas,0.0391,1.246254,0.9463444,0.1079072,1.095553,-0.6674016,-0.03884593,0.09421975,0.9947932,0.1401141,1.096058,-0.6663327,-0.03579874,0.09597335,0.9947399,0.07632752,1.095343,-0.6685592,-0.03579874,0.09597335,0.9947399,0.1082208,1.095701,-0.667446,354.4926,357.9389,0.6454989,0,0,False
1,Center_Dir_Close,121,13,0.1089116,1.095837,-0.667459,0.08108877,0.8464546,-0.6115509,0.6174353,-0.1602581,-0.009027399,-0.7700711,0.3156715,0.6919305,-0.3494444,0.2021837,0.09113509,-0.2338302,0.9466465,MathCanvas,0.04533884,1.248219,0.9428777,0.1085293,1.095756,-0.6674691,-0.03269204,0.09762623,0.9946861,0.1408108,1.096146,-0.6665145,-0.03040303,0.0978725,0.9947345,0.07701237,1.095527,-0.6684035,-0.03040303,0.0978725,0.9947345,0.1089116,1.095837,-0.667459,354.3833,358.2494,0.5584355,0,0,False
1,Center_Dir_Close,122,13.02,0.1092497,1.095854,-0.6675042,0.0814053,0.8473648,-0.6103761,0.6119467,-0.163598,-0.007598951,-0.7737566,0.3156525,0.6918983,-0.349451,0.202255,0.09103134,-0.2337129,0.9466702,MathCanvas,0.0559947,1.253859,0.9425861,0.1089116,1.095837,-0.667459,-0.03040318,0.09787252,0.9947345,0.1411515,1.096158,-0.6666487,-0.02760638,0.09762906,0.9948399,0.07734795,1.09555,-0.6683596,-0.02760638,0.09762906,0.9948399,0.1092497,1.095854,-0.6675042,354.3973,358.4105,0.5483375,0,0,False
1,Center_Dir_Close,123,13.04,0.1099194,1.095948,-0.6675275,0.08289412,0.8473531,-0.6099198,0.609598,-0.1702215,-0.006898865,-0.7741882,0.315679,0.6919417,-0.349523,0.2023019,0.09075356,-0.2337868,0.9466686,MathCanvas,0.06021994,1.253689,0.9366562,0.1095987,1.095918,-0.6675578,-0.02524757,0.09739701,0.9949253,0.1418244,1.096245,-0.6668003,-0.02358365,0.09727499,0.9949781,0.07801436,1.095652,-0.6682547,-0.02358365,0.09727499,0.9949781,0.1099194,1.095948,-0.6675275,354.4177,358.6422,0.5348473,0,0,False
1,Center_Dir_Close,124,13.06,0.1102213,1.096043,-0.6674836,0.08309799,0.8474246,-0.609965,0.6105255,-0.1711911,-0.005624094,-0.7732533,0.315718,0.6919385,-0.3495394,0.2023403,0.09073081,-0.2339457,0.9466233,MathCanvas,0.06924799,1.252845,0.9351995,0.1099194,1.095948,-0.6675275,-0.02358404,0.09727504,0.9949781,0.1421274,1.096336,-0.666802,-0.02215077,0.09734801,0.9950039,0.07831524,1.095749,-0.6681652,-0.02215077,0.09734801,0.9950039,0.1102213,1.096043,-0.6674836,354.4135,358.7247,0.5289625,0,0,False
1,Center_Dir_Close,125,13.08,0.1106792,1.096294,-0.6673989,0.08383767,0.8477436,-0.6100268,0.6113206,-0.1756656,-0.001062662,-0.7716396,0.3158816,0.691919,-0.3495569,0.2024319,0.09093558,-0.2343267,0.9464899,MathCanvas,0.07224716,1.252671,0.9345918,0.1104837,1.096164,-0.6674676,-0.02179028,0.09808701,0.9949393,0.1425863,1.096575,-0.6667611,-0.02075824,0.09866697,0.994904,0.07877216,1.096013,-0.6680368,-0.02075824,0.09866697,0.994904,0.1106792,1.096294,-0.6673989,354.3376,358.8047,0.5071119,0,0,False
1,Center_Dir_Close,126,13.1,0.1107521,1.096354,-0.6673426,0.08377521,0.8477312,-0.6102134,0.6136052,-0.1771564,-0.001677535,-0.7694813,0.3159369,0.6919695,-0.3495892,0.2024689,0.09098067,-0.2344231,0.9464538,MathCanvas,0.07556009,1.25438,0.9361316,0.1106792,1.096294,-0.6673989,-0.02075815,0.09866687,0.994904,0.1426587,1.096627,-0.6666773,-0.02159089,0.0986944,0.9948835,0.07884555,1.09608,-0.6680079,-0.02159089,0.0986944,0.9948835,0.1107521,1.096354,-0.6673426,354.336,358.7568,0.4936161,0,0,False
1,Center_Dir_Close,127,13.12,0.111036,1.096383,-0.6673617,0.08379044,0.8480806,-0.6099817,0.6127204,-0.1770456,-0.002872795,-0.7702081,0.3159929,0.6920127,-0.3496151,0.2024893,0.09101199,-0.2345247,0.9464212,MathCanvas,0.07720314,1.255818,0.9406044,0.1107521,1.096354,-0.6673426,-0.02159067,0.09869439,0.9948835,0.1429438,1.096611,-0.6667419,-0.02003256,0.0991176,0.9948741,0.07912809,1.096155,-0.6679816,-0.02003256,0.0991176,0.9948741,0.111036,1.096383,-0.6673617,354.3116,358.8465,0.4105346,0,0,False
1,Center_Dir_Close,128,13.14,0.1116367,1.096411,-0.6672509,0.0839303,0.8486606,-0.6093426,0.6076054,-0.1876939,-0.003742218,-0.7717336,0.3161281,0.6919976,-0.3496087,0.2025194,0.09108657,-0.234793,0.9463411,MathCanvas,0.0760842,1.256153,0.9431881,0.1113475,1.09639,-0.6672981,-0.01911718,0.09914943,0.9948889,0.143546,1.096588,-0.6666861,-0.01815721,0.09910132,0.9949117,0.07972754,1.096235,-0.6678157,-0.01815721,0.09910132,0.9949117,0.1116367,1.096411,-0.6672509,354.3126,358.9545,0.3177588,0,0,False
1,Center_Dir_Close,129,13.16,0.1119016,1.096332,-0.6671939,0.0848086,0.8481265,-0.6089,0.6048102,-0.1925344,-0.003308587,-0.7727381,0.316182,0.6920161,-0.3496176,0.2024707,0.09105717,-0.2348414,0.9463423,MathCanvas,0.08063781,1.257185,0.9459842,0.1116367,1.096411,-0.6672509,-0.01815707,0.09910151,0.9949117,0.1438116,1.096474,-0.666667,-0.01686661,0.0988736,0.994957,0.07999158,1.09619,-0.6677207,-0.01686661,0.0988736,0.994957,0.1119016,1.096332,-0.6671939,354.3257,359.0288,0.2562273,0,0,False
1,Center_Dir_Close,130,13.18,0.1123806,1.096151,-0.667124,0.08592326,0.8482854,-0.6086342,0.598746,-0.2160281,-0.009347647,-0.7711989,0.3162248,0.6921105,-0.3496666,0.2023989,0.09091696,-0.2348341,0.9463729,MathCanvas,0.0823611,1.257564,0.9514667,0.1121251,1.096254,-0.6671531,-0.01592847,0.09836175,0.9950233,0.1442916,1.096245,-0.666649,-0.0150983,0.09748925,0.9951221,0.08046956,1.096057,-0.6675989,-0.0150983,0.09748925,0.9951221,0.1123806,1.096151,-0.667124,354.4054,359.1308,0.1701298,0,0,False
1,Center_Dir_Close,131,13.2,0.1126216,1.096166,-0.6670862,0.08581887,0.8480099,-0.6092871,0.6010321,-0.2202195,-0.008486093,-0.7682394,0.316248,0.6921055,-0.3496706,0.2024096,0.09087469,-0.2349266,0.9463518,MathCanvas,0.08643723,1.256357,0.9535114,0.1123806,1.096151,-0.667124,-0.01509803,0.09748907,0.9951221,0.1445332,1.096233,-0.6666458,-0.01393725,0.09668713,0.9952173,0.08070999,1.096099,-0.6675266,-0.01393725,0.09668713,0.9952173,0.1126216,1.096166,-0.6670862,354.4516,359.1977,0.1201115,0,0,False
1,Center_Dir_Close,132,13.22,0.1129925,1.095944,-0.6670215,0.08535018,0.8474527,-0.6101661,0.604112,-0.2329607,-0.01332227,-0.7619715,0.3162746,0.6920862,-0.3496704,0.2024597,0.09082042,-0.234981,0.9463328,MathCanvas,0.08795545,1.255437,0.9586792,0.1127979,1.096052,-0.6670479,-0.01272006,0.09570219,0.9953287,0.1449049,1.09596,-0.6666432,-0.01184766,0.09474885,0.9954307,0.08108,1.095927,-0.6673997,-0.01184766,0.09474885,0.9954307,0.1129925,1.095944,-0.6670215,354.5631,359.3181,0.02952593,0,0,False
1,Center_Dir_Close,133,13.24,0.1131771,1.095845,-0.6669921,0.08598424,0.847591,-0.6104604,0.6036234,-0.2412524,-0.01347667,-0.7597727,0.3162872,0.692102,-0.349678,0.2024368,0.09082869,-0.2349289,0.9463498,MathCanvas,0.09220839,1.252317,0.9592968,0.1129925,1.095944,-0.6670215,-0.01184786,0.09474904,0.9954307,0.1450899,1.095841,-0.6666437,-0.01085707,0.09441736,0.9954735,0.08126433,1.095848,-0.6673405,-0.01085707,0.09441736,0.9954735,0.1131771,1.095845,-0.6669921,354.5822,359.3751,359.9935,0,0,False
1,Center_Dir_Close,134,13.26,0.1134156,1.095719,-0.666894,0.08728252,0.8477586,-0.6097932,0.5964831,-0.2455204,-0.01063896,-0.7640775,0.3163289,0.692093,-0.3496796,0.202471,0.09094757,-0.2350352,0.9463047,MathCanvas,0.09376389,1.251093,0.9640434,0.1133591,1.095766,-0.6669556,-0.01047656,0.09427053,0.9954915,0.1453285,1.095693,-0.666563,-0.01025149,0.09387682,0.995531,0.08150259,1.095745,-0.6672251,-0.01025149,0.09387682,0.995531,0.1134156,1.095719,-0.666894,354.6133,359.41,359.9534,0,0,False
1,Center_Dir_Close,135,13.27999,0.1134272,1.095651,-0.666834,0.08769642,0.8478561,-0.6092989,0.5923388,-0.2541336,-0.01227928,-0.7644606,0.3163486,0.6920865,-0.3496802,0.2024499,0.09094934,-0.2351026,0.9462923,MathCanvas,0.09623268,1.250334,0.9658306,0.1134156,1.095719,-0.666894,-0.01025194,0.093877,0.995531,0.1453402,1.095617,-0.6665104,-0.009996922,0.09331934,0.995586,0.08151414,1.095684,-0.6671576,-0.009996922,0.09331934,0.995586,0.1134272,1.095651,-0.666834,354.6454,359.4247,359.9395,0,0,False
1,Center_Dir_Close,136,13.3,0.1134833,1.095592,-0.6668229,0.08754889,0.8478163,-0.6092935,0.5916089,-0.26478,-0.01534285,-0.7613508,0.3163471,0.6921338,-0.3496843,0.202381,0.09090396,-0.2351154,0.9463082,MathCanvas,0.09655425,1.250156,0.9716391,0.1134272,1.095651,-0.666834,-0.009996603,0.09331917,0.995586,0.1453963,1.095556,-0.6664957,-0.0101038,0.09244204,0.9956668,0.08157028,1.095628,-0.6671501,-0.0101038,0.09244204,0.9956668,0.1134833,1.095592,-0.6668229,354.6959,359.4186,359.9345,0,0,False
1,Center_Dir_Close,137,13.31999,0.113667,1.095556,-0.6668361,0.08699872,0.8465589,-0.6097566,0.5913908,-0.2922661,-0.02470132,-0.7511507,0.3163221,0.6922745,-0.3496949,0.2021774,0.09075958,-0.2351597,0.9463546,MathCanvas,0.09700045,1.24946,0.9747332,0.1135746,1.095564,-0.666832,-0.00991612,0.09205624,0.9957044,0.1455799,1.095503,-0.6665073,-0.01010491,0.09241726,0.9956691,0.08175403,1.095609,-0.667165,-0.01010491,0.09241726,0.9956691,0.113667,1.095556,-0.6668361,354.6973,359.4185,359.904,0,0,False
1,Center_Dir_Close,138,13.34,0.1136993,1.095619,-0.6668347,0.08684696,0.8456272,-0.6095061,0.5891979,-0.298481,-0.02946987,-0.7502576,0.3163223,0.6923156,-0.3496927,0.2020713,0.09062789,-0.2352647,0.9463637,MathCanvas,0.09729084,1.247584,0.9775351,0.113667,1.095556,-0.6668361,-0.01010522,0.0924171,0.9956691,0.1456122,1.095557,-0.6665021,-0.01019396,0.09338858,0.9955776,0.08178637,1.095682,-0.6671674,-0.01019396,0.09338858,0.9955776,0.1136993,1.095619,-0.6668347,354.6414,359.4134,359.8871,0,0,False
1,Center_Dir_Close,139,13.35999,0.1137428,1.095672,-0.6668513,0.0889367,0.8405488,-0.6068815,0.5780725,-0.3101415,-0.03211123,-0.7540646,0.316307,0.692343,-0.3496608,0.2019899,0.09048997,-0.2354161,0.9463567,MathCanvas,0.0969384,1.248905,0.9846073,0.1137318,1.095659,-0.6668301,-0.01029981,0.09347489,0.9955683,0.1456556,1.095598,-0.6665111,-0.01039311,0.09371383,0.9955449,0.08182999,1.095747,-0.6671916,-0.01039311,0.09371383,0.9955449,0.1137428,1.095672,-0.6668513,354.6227,359.4019,359.865,0,0,False
1,Center_Dir_Close,140,13.38,0.1137768,1.095682,-0.6668899,0.08903389,0.8405854,-0.6057753,0.5702437,-0.326833,-0.03694435,-0.7527533,0.3162809,0.6923472,-0.3496221,0.2019517,0.09041701,-0.2353691,0.9463835,MathCanvas,0.09661379,1.251125,0.9888135,0.1137428,1.095672,-0.6668513,-0.01039309,0.09371369,0.995545,0.1456895,1.095585,-0.6665443,-0.01049772,0.09376206,0.9955393,0.08186416,1.095778,-0.6672355,-0.01049772,0.09376206,0.9955393,0.1137768,1.095682,-0.6668899,354.6199,359.3958,359.8263,0,0,False
1,Center_Dir_Close,141,13.39999,0.1137611,1.095713,-0.6669191,0.08924314,0.8399187,-0.6040741,0.55459,-0.3641568,-0.04807571,-0.746665,0.3162051,0.6923124,-0.3495184,0.2019719,0.09029999,-0.2351674,0.9464405,MathCanvas,0.09640932,1.252283,0.9967272,0.1137999,1.095698,-0.6669195,-0.01058755,0.09388743,0.9955265,0.1456736,1.095604,-0.666568,-0.01063045,0.09421295,0.9954953,0.08184847,1.095822,-0.6672701,-0.01063045,0.09421295,0.9954953,0.1137611,1.095713,-0.6669191,354.594,359.3882,359.8035,0,0,False
1,Center_Dir_Close,142,13.42,0.1137013,1.095749,-0.6668967,0.08949867,0.8389604,-0.6030903,0.5470846,-0.3815342,-0.05322908,-0.7431668,0.3161586,0.692288,-0.3494625,0.2020522,0.09026882,-0.2351209,0.9464379,MathCanvas,0.09601611,1.25307,1.0016,0.1137611,1.095713,-0.6669191,-0.01063042,0.0942131,0.9954953,0.145614,1.095641,-0.6665539,-0.01037234,0.09440225,0.9954801,0.08178866,1.095857,-0.6672395,-0.01037234,0.09440225,0.9954801,0.1137013,1.095749,-0.6668967,354.5831,359.403,359.8052,0,0,False
1,Center_Dir_Close,143,13.43999,0.1136371,1.095798,-0.6668825,0.09002081,0.8366672,-0.6015037,0.535569,-0.4058258,-0.061932,-0.7379944,0.3160409,0.6922873,-0.3493826,0.2023248,0.09030399,-0.2350347,0.9463977,MathCanvas,0.09578145,1.254565,1.011215,0.1136733,1.095781,-0.666877,-0.01076556,0.09481359,0.9954368,0.1455496,1.095692,-0.6665258,-0.01081065,0.09497332,0.9954211,0.08172454,1.095904,-0.6672392,-0.01081065,0.09497332,0.9954211,0.1136371,1.095798,-0.6668825,354.5502,359.3778,359.8086,0,0,False
1,Center_Dir_Close,144,13.46,0.1135909,1.095806,-0.6668917,0.09039159,0.8362132,-0.6007473,0.5307195,-0.4116586,-0.06376814,-0.738111,0.3159934,0.692265,-0.3493334,0.20242,0.09029456,-0.2349222,0.9464062,MathCanvas,0.09543216,1.25613,1.016432,0.1136371,1.095798,-0.6668825,-0.01081049,0.09497358,0.9954211,0.1455034,1.095706,-0.6665279,-0.01104963,0.09490358,0.9954252,0.08167844,1.095907,-0.6672555,-0.01104963,0.09490358,0.9954252,0.1135909,1.095806,-0.6668917,354.5542,359.364,359.8188,0,0,False
1,Center_Dir_Close,145,13.47999,0.1135473,1.095788,-0.6669029,0.09068476,0.8361683,-0.6003652,0.5293754,-0.4132905,-0.06420931,-0.738126,0.3159509,0.6922402,-0.3492854,0.2024534,0.09018618,-0.2348411,0.9464295,MathCanvas,0.09518963,1.257468,1.027491,0.1135909,1.095806,-0.6668917,-0.01104979,0.09490377,0.9954251,0.1454597,1.095689,-0.6665328,-0.01124744,0.09500448,0.9954133,0.08163486,1.095888,-0.667273,-0.01124744,0.09500448,0.9954133,0.1135473,1.095788,-0.6669029,354.5484,359.3526,359.821,0,0,False
1,Center_Dir_Close,146,13.5,0.1134509,1.095764,-0.6668965,0.09077285,0.8363683,-0.6012051,0.5355317,-0.4075973,-0.06236457,-0.7370081,0.3158029,0.6922561,-0.3491928,0.2023867,0.08935145,-0.2347347,0.9465493,MathCanvas,0.09518963,1.257468,1.027491,0.113496,1.095761,-0.666911,-0.01129614,0.09490331,0.9954224,0.1453633,1.095677,-0.6665272,-0.01125978,0.09466965,0.9954451,0.08153841,1.095852,-0.6672657,-0.01125978,0.09466965,0.9954451,0.1134509,1.095764,-0.6668965,354.5677,359.3519,359.8428,0,0,False
1,Center_Dir_Close,147,13.51999,0.1134017,1.095749,-0.6668588,0.09067948,0.8365283,-0.6017001,0.5375352,-0.4024445,-0.06116512,-0.7384803,0.3157603,0.6922793,-0.3491802,0.2022776,0.08913367,-0.2347296,0.9465945,MathCanvas,0.09518963,1.257468,1.027491,0.1134509,1.095764,-0.6668965,-0.01125984,0.09466977,0.9954451,0.1453142,1.095664,-0.6664866,-0.01135611,0.09486424,0.9954255,0.08148934,1.095835,-0.667231,-0.01135611,0.09486424,0.9954255,0.1134017,1.095749,-0.6668588,354.5565,359.3464,359.8463,0,0,False
1,Center_Dir_Close,148,13.54,0.1132833,1.095744,-0.666761,0.09108332,0.8366456,-0.6021063,0.5364243,-0.3985257,-0.05931243,-0.741558,0.3157188,0.6922832,-0.3491557,0.2022185,0.08900934,-0.2347081,0.9466241,MathCanvas,0.09518963,1.257468,1.027491,0.1133508,1.09575,-0.6668132,-0.01157112,0.09476329,0.9954326,0.1451956,1.095675,-0.6663761,-0.01180422,0.09477907,0.9954283,0.08137098,1.095812,-0.667146,-0.01180422,0.09477907,0.9954283,0.1132833,1.095744,-0.666761,354.5614,359.3206,359.8765,0,0,False
1,Center_Dir_Close,149,13.56,0.1132038,1.095723,-0.6667068,0.0944893,0.8038417,-0.596495,0.5339531,-0.4020264,-0.05884236,-0.7414894,0.3157116,0.6922681,-0.3491375,0.2022163,0.0890668,-0.2347436,0.9466103,MathCanvas,0.09518963,1.257468,1.027491,0.1132833,1.095744,-0.666761,-0.01180416,0.09477894,0.9954284,0.145116,1.095655,-0.6663149,-0.01202234,0.09484778,0.9954192,0.08129157,1.095791,-0.6670987,-0.01202234,0.09484778,0.9954192,0.1132038,1.095723,-0.6667068,354.5574,359.308,359.8773,0,0,False
1,Center_Dir_Close,150,13.58,0.1130428,1.095641,-0.666764,0.0941048,0.8036504,-0.5948157,0.5202119,-0.4218983,-0.0437169,-0.7412626,0.3157507,0.6921932,-0.349082,0.2023094,0.08941992,-0.234825,0.946537,MathCanvas,0.09518963,1.257468,1.027491,0.1131159,1.095689,-0.6667286,-0.01233762,0.09482214,0.9954178,0.1449547,1.095575,-0.6663483,-0.01277182,0.09461414,0.9954321,0.08113089,1.095707,-0.6671798,-0.01277182,0.09461414,0.9954321,0.1130428,1.095641,-0.666764,354.5709,359.2649,359.8807,0,0,False
1,Center_Dir_Close,151,13.6,0.1129625,1.095587,-0.6667793,0.09498961,0.8036402,-0.5947266,0.5148225,-0.4284154,-0.04549146,-0.7411805,0.315776,0.6921468,-0.3490438,0.2023588,0.08960294,-0.234845,0.9465041,MathCanvas,0.09518963,1.257468,1.027491,0.1130428,1.095641,-0.666764,-0.0127717,0.09461422,0.9954321,0.1448742,1.095522,-0.6663469,-0.01329653,0.09431695,0.9954534,0.08105077,1.095652,-0.6672118,-0.01329653,0.09431695,0.9954534,0.1129625,1.095587,-0.6667793,354.588,359.2347,359.8826,0,0,False
1,Center_Dir_Close,152,13.62,0.112885,1.095534,-0.66676,0.09558015,0.8035964,-0.5951172,0.5147167,-0.429181,-0.04601358,-0.7407787,0.3157902,0.6921017,-0.3490045,0.2024055,0.08975007,-0.234815,0.9464877,MathCanvas,0.09518963,1.257468,1.027491,0.1129625,1.095587,-0.6667793,-0.01329658,0.09431705,0.9954534,0.1447966,1.095479,-0.6663187,-0.01360678,0.09381194,0.9954969,0.08097341,1.095589,-0.6672014,-0.01360678,0.09381194,0.9954969,0.112885,1.095534,-0.66676,354.6171,359.2169,359.9008,0,0,False
1,Center_Dir_Close,153,13.64,0.1127471,1.095417,-0.6667201,0.09585682,0.803171,-0.5960783,0.5209718,-0.4244653,-0.0392298,-0.7395124,0.3157292,0.6921366,-0.3490584,0.2024386,0.08986928,-0.2344943,0.9465488,MathCanvas,0.09518963,1.257468,1.027491,0.1128204,1.095474,-0.6667429,-0.01428411,0.09344497,0.995522,0.1446582,1.095376,-0.6662478,-0.01461521,0.09293874,0.9955646,0.08083588,1.095457,-0.6671923,-0.01461521,0.09293874,0.9955646,0.1127471,1.095417,-0.6667201,354.6673,359.1589,359.9266,0,0,False
1,Center_Dir_Close,154,13.66,0.1126957,1.095362,-0.6666948,0.09714361,0.8028901,-0.5969377,0.5218703,-0.4244978,-0.03853114,-0.7388968,0.315691,0.6921428,-0.3490845,0.2024723,0.08984149,-0.2343528,0.9465792,MathCanvas,0.09518963,1.257468,1.027491,0.1127471,1.095417,-0.6667201,-0.0146152,0.09293889,0.9955645,0.1446065,1.095317,-0.6661996,-0.0153141,0.09291099,0.9955567,0.08078484,1.095408,-0.6671899,-0.0153141,0.09291099,0.9955567,0.1126957,1.095362,-0.6666948,354.6689,359.1187,359.9173,0,0,False
1,Center_Dir_Close,155,13.68,0.1125784,1.095381,-0.6666416,0.0986545,0.8027086,-0.5973733,0.5220194,-0.4235108,-0.04021788,-0.7392678,0.3156568,0.6921034,-0.349102,0.202488,0.0897013,-0.2343017,0.9466018,MathCanvas,0.09518963,1.257468,1.027491,0.1126262,1.09536,-0.6666719,-0.01520863,0.09291372,0.995558,0.1444891,1.095335,-0.6661392,-0.01553957,0.09317881,0.9955281,0.08066767,1.095427,-0.667144,-0.01553957,0.09317881,0.9955281,0.1125784,1.095381,-0.6666416,354.6535,359.1057,359.9172,0,0,False
1,Center_Dir_Close,156,13.7,0.1125465,1.095423,-0.6666025,0.09739807,0.8027361,-0.5970404,0.5235876,-0.4197182,-0.04796663,-0.7398594,0.3156498,0.6920977,-0.3491441,0.2024342,0.08963092,-0.2342975,0.946621,MathCanvas,0.09518963,1.257468,1.027491,0.1125784,1.095381,-0.6666416,-0.0155396,0.09317864,0.9955282,0.1444572,1.095385,-0.6660991,-0.01559178,0.09364363,0.9954837,0.08063583,1.095462,-0.6671059,-0.01559178,0.09364363,0.9954837,0.1125465,1.095423,-0.6666025,354.6267,359.1027,359.9308,0,0,False
1,Center_Dir_Close,157,13.72,0.1125033,1.095428,-0.6665289,0.09474638,0.8027631,-0.5963935,0.5274775,-0.4115621,-0.06257734,-0.7405864,0.3157216,0.6920801,-0.3492195,0.2022891,0.08976448,-0.2344609,0.9465989,MathCanvas,0.09518963,1.257468,1.027491,0.1125325,1.095439,-0.6665581,-0.01583583,0.09380245,0.9954649,0.1444139,1.095414,-0.6660157,-0.0159668,0.09389134,0.9954544,0.08059277,1.095443,-0.6670422,-0.0159668,0.09389134,0.9954544,0.1125033,1.095428,-0.6665289,354.6125,359.0811,359.9731,0,0,False
1,Center_Dir_Close,158,13.74,0.1124878,1.095403,-0.6665071,0.09470408,0.8029674,-0.5967983,0.529104,-0.4083863,-0.06234097,-0.7412038,0.3158018,0.692053,-0.3492277,0.2022721,0.08994995,-0.2345856,0.9465541,MathCanvas,0.09518963,1.257468,1.027491,0.1125033,1.095428,-0.6665289,-0.01596671,0.09389122,0.9954544,0.1443982,1.09539,-0.6659827,-0.01631806,0.0934852,0.9954869,0.08057745,1.095417,-0.6670314,-0.01631806,0.0934852,0.9954869,0.1124878,1.095403,-0.6665071,354.6359,359.0609,359.9755,0,0,False
1,Center_Dir_Close,159,13.76,0.1124659,1.095363,-0.666504,0.09381743,0.8030949,-0.5966142,0.5323142,-0.3964793,-0.06339253,-0.74527,0.3158859,0.6920525,-0.3492841,0.2022481,0.09024728,-0.2346559,0.9465135,MathCanvas,0.09518963,1.257468,1.027491,0.1124734,1.095363,-0.6664859,-0.01657926,0.09314161,0.9955148,0.1443762,1.09536,-0.6659752,-0.01648489,0.09291361,0.9955377,0.0805556,1.095367,-0.6670327,-0.01648489,0.09291361,0.9955377,0.1124659,1.095363,-0.666504,354.6688,359.0513,359.9935,0,0,False
1,Center_Dir_Close,160,13.77999,0.1124821,1.095375,-0.66652,0.09303194,0.8029868,-0.5965443,0.5367233,-0.3875844,-0.06369486,-0.7467593,0.3158834,0.6920906,-0.3493458,0.2022435,0.09032534,-0.2346409,0.9465107,MathCanvas,0.09518963,1.257468,1.027491,0.1124659,1.095363,-0.666504,-0.01648514,0.09291372,0.9955377,0.1443923,1.095374,-0.6659843,-0.01670965,0.09284045,0.9955408,0.08057189,1.095377,-0.6670557,-0.01670965,0.09284045,0.9955408,0.1124821,1.095375,-0.66652,354.673,359.0384,-0.002543511,0,0,False
1,Center_Dir_Close,161,13.8,0.112491,1.095381,-0.6665153,0.09217283,0.8028834,-0.5972615,0.5458128,-0.3765329,-0.06287254,-0.7458944,0.3158912,0.6920924,-0.3493755,0.2022315,0.09032737,-0.2346641,0.9465073,MathCanvas,0.09518963,1.257468,1.027491,0.1124821,1.095375,-0.66652,-0.01670932,0.09284011,0.9955408,0.1444011,1.095385,-0.6659759,-0.01684106,0.09288366,0.9955345,0.08058085,1.095376,-0.6670547,-0.01684106,0.09288366,0.9955345,0.112491,1.095381,-0.6665153,354.6705,359.0309,0.008737945,0,0,False
1,Center_Dir_Close,162,13.81999,0.1125348,1.095365,-0.6664177,0.08956005,0.8023394,-0.6018773,0.5849056,-0.3318314,-0.05062495,-0.7383837,0.3159226,0.6920677,-0.3494529,0.2021566,0.09021068,-0.2347708,0.946508,MathCanvas,0.09518963,1.257468,1.027491,0.1125129,1.095375,-0.6664732,-0.01698515,0.09282209,0.9955378,0.1444448,1.095373,-0.6658688,-0.01714944,0.09304658,0.995514,0.08062485,1.095357,-0.6669667,-0.01714944,0.09304658,0.995514,0.1125348,1.095365,-0.6664177,354.6611,359.0131,0.01460135,0,0,False
1,Center_Dir_Close,163,13.84,0.1125601,1.095362,-0.6663489,0.08914822,0.8020799,-0.6037636,0.5989959,-0.3158172,-0.04063167,-0.7347193,0.3159462,0.6920813,-0.3494801,0.2021141,0.0901987,-0.2348301,0.9465035,MathCanvas,0.09518963,1.257468,1.027491,0.1125348,1.095365,-0.6664177,-0.01714904,0.09304664,0.995514,0.1444699,1.095372,-0.6657939,-0.01734383,0.09317536,0.9954987,0.08065022,1.095353,-0.666904,-0.01734383,0.09317536,0.9954987,0.1125601,1.095362,-0.6663489,354.6537,359.0019,0.01716197,0,0,False
1,Center_Dir_Close,164,13.85999,0.1125335,1.095382,-0.6662063,0.08862118,0.8020919,-0.6065239,0.6126949,-0.2814231,-0.01195912,-0.7384193,0.3160371,0.6920968,-0.3495541,0.2020071,0.09013651,-0.2350067,0.9464884,MathCanvas,0.09518963,1.257468,1.027491,0.1125856,1.095359,-0.6662729,-0.01774576,0.09331489,0.9954785,0.144443,1.095388,-0.6656304,-0.01798163,0.09361593,0.995446,0.08062404,1.095376,-0.6667822,-0.01798163,0.09361593,0.995446,0.1125335,1.095382,-0.6662063,354.6283,358.9651,0.01019029,0,0,False
1,Center_Dir_Close,165,13.88,0.1124745,1.095405,-0.6661272,0.08759665,0.8017582,-0.607809,0.6239103,-0.250713,-0.0006770492,-0.7401882,0.3161102,0.6920831,-0.3495927,0.2019651,0.0901821,-0.2351667,0.9464533,MathCanvas,0.09518963,1.257468,1.027491,0.1125335,1.095382,-0.6662063,-0.01798164,0.09361636,0.995446,0.1443838,1.095404,-0.6655403,-0.01830299,0.09372283,0.9954301,0.08056523,1.095407,-0.6667141,-0.01830299,0.09372283,0.9954301,0.1124745,1.095405,-0.6661272,354.6222,358.9466,-0.002536266,0,0,False
1,Center_Dir_Close,166,13.89999,0.112522,1.095367,-0.6660063,0.08417496,0.8006918,-0.6083451,0.6426115,-0.2221119,-0.005949468,-0.7332676,0.3162275,0.6921259,-0.3496336,0.2019052,0.09035608,-0.2354427,0.9463809,MathCanvas,0.09518963,1.257468,1.027491,0.1124706,1.0954,-0.6660643,-0.01836233,0.09361067,0.9954395,0.1444312,1.095365,-0.6654142,-0.01846525,0.09321328,0.9954749,0.08061282,1.09537,-0.6665984,-0.01846525,0.09321328,0.9954749,0.112522,1.095367,-0.6660063,354.6515,358.9373,-0.003803892,0,0,False
1,Center_Dir_Close,167,13.92,0.1125729,1.095308,-0.6659369,0.08314489,0.8005226,-0.607972,0.6458793,-0.2103292,-0.004239351,-0.7338826,0.3162571,0.6921613,-0.3496449,0.2018514,0.09040139,-0.2354628,0.9463831,MathCanvas,0.09518963,1.257468,1.027491,0.112522,1.095367,-0.6660063,-0.01846555,0.0932133,0.9954749,0.1444819,1.095318,-0.6653376,-0.01872617,0.09305374,0.9954849,0.0806638,1.095298,-0.6665363,-0.01872617,0.09305374,0.9954849,0.1125729,1.095308,-0.6659369,354.6607,358.9223,0.0173913,0,0,False
1,Center_Dir_Close,168,13.93999,0.1126899,1.095145,-0.6657476,0.08122215,0.8009284,-0.607425,0.6525479,-0.1864238,0.004331708,-0.7344445,0.3163532,0.6921744,-0.3497056,0.2016323,0.09029909,-0.2355323,0.9464223,MathCanvas,0.09518963,1.257468,1.027491,0.1126286,1.095224,-0.6658524,-0.01864333,0.09225233,0.9955611,0.1445991,1.095166,-0.6651537,-0.01858771,0.09187966,0.9955966,0.08078074,1.095124,-0.6663414,-0.01858771,0.09187966,0.9955966,0.1126899,1.095145,-0.6657476,354.7282,358.9304,0.03769236,0,0,False
1,Center_Dir_Close,169,13.96,0.112748,1.095046,-0.6656212,0.08050133,0.8011652,-0.6075281,0.6567114,-0.1698402,0.01269081,-0.7346587,0.316371,0.6921889,-0.3497095,0.2015634,0.09020527,-0.2355811,0.9464337,MathCanvas,0.09518963,1.257468,1.027491,0.1126899,1.095145,-0.6657476,-0.01858748,0.09187961,0.9955966,0.1446572,1.095073,-0.6650255,-0.01866685,0.09166436,0.995615,0.08083893,1.095019,-0.666217,-0.01866685,0.09166436,0.995615,0.112748,1.095046,-0.6656212,354.7406,358.9259,0.04878254,0,0,False
1,Center_Dir_Close,170,13.97999,0.1127435,1.094895,-0.6654574,0.08027711,0.8014169,-0.6070228,0.65527,-0.1589195,0.0188751,-0.7382477,0.3163853,0.6922055,-0.3496982,0.2014899,0.09006214,-0.235628,0.9464513,MathCanvas,0.09518963,1.257468,1.027491,0.112748,1.095046,-0.6656212,-0.01866714,0.09166452,0.9956149,0.1446529,1.09489,-0.6648772,-0.01808775,0.09116501,0.9956715,0.08083407,1.094901,-0.6660376,-0.01808775,0.09116501,0.9956715,0.1127435,1.094895,-0.6654574,354.7694,358.9593,359.9903,0,0,False
1,Center_Dir_Close,171,14,0.1127953,1.09463,-0.6651954,0.08097108,0.8013864,-0.6066592,0.6539793,-0.154707,0.02118373,-0.7402217,0.3163982,0.692179,-0.3496667,0.2014321,0.09001409,-0.2357087,0.9464481,MathCanvas,0.09518963,1.257468,1.027491,0.1127464,1.094747,-0.6653051,-0.01760632,0.09091996,0.9957026,0.1447053,1.094596,-0.6646489,-0.0169594,0.09025796,0.995774,0.08088528,1.094664,-0.6657419,-0.0169594,0.09025796,0.995774,0.1127953,1.09463,-0.6651954,354.8216,359.0243,359.939,0,0,False
1,Center_Dir_Close,172,14.01999,0.1128355,1.094482,-0.665117,0.08099973,0.8012577,-0.606927,0.6564957,-0.1520887,0.01897056,-0.7385951,0.3163981,0.6921272,-0.349632,0.2014631,0.090039,-0.2357029,0.9464406,MathCanvas,0.08033288,1.262268,1.170676,0.1127953,1.09463,-0.6651954,-0.01695974,0.09025798,0.995774,0.1447458,1.094444,-0.6645901,-0.01633639,0.08896001,0.9959012,0.08092513,1.094519,-0.6656438,-0.01633639,0.08896001,0.9959012,0.1128355,1.094482,-0.665117,354.8962,359.0602,359.9319,0,0,False
1,Center_Dir_Close,173,14.04,0.1128967,1.094096,-0.6650174,0.08097313,0.8011521,-0.6077925,0.6588892,-0.1609409,0.01395839,-0.7346892,0.3162826,0.6920888,-0.3495464,0.2016502,0.09024695,-0.2354394,0.9464465,MathCanvas,0.0822258,1.257383,1.1321,0.1128645,1.094284,-0.6650621,-0.01584901,0.08697409,0.9960845,0.1448073,1.094066,-0.6645079,-0.01582685,0.08546201,0.9962157,0.08098604,1.094125,-0.6655269,-0.01582685,0.08546201,0.9962157,0.1128967,1.094096,-0.6650174,355.0974,359.0898,359.9468,0,0,False
1,Center_Dir_Close,174,14.05999,0.1129045,1.093893,-0.6649884,0.08128247,0.8009627,-0.6076735,0.6594586,-0.164615,0.01562846,-0.7333294,0.3162145,0.6920676,-0.3495125,0.2017365,0.09030738,-0.2353255,0.9464507,MathCanvas,0.08460301,1.249362,1.113194,0.1128967,1.094096,-0.6650174,-0.01582687,0.08546198,0.9962157,0.1448155,1.093843,-0.6645061,-0.0149287,0.08397615,0.996356,0.08099344,1.093943,-0.6654707,-0.0149287,0.08397615,0.996356,0.1129045,1.093893,-0.6649884,355.1829,359.1416,359.9106,0,0,False
1,Center_Dir_Close,175,14.08,0.1128427,1.093678,-0.6649152,0.0801622,0.8005799,-0.6081499,0.6676828,-0.1509628,0.018006,-0.7287564,0.3160525,0.6919981,-0.3494585,0.2017502,0.09010071,-0.2350041,0.9465473,MathCanvas,0.08508062,1.244135,1.086362,0.1128678,1.093778,-0.664956,-0.01433331,0.08275411,0.9964669,0.1447544,1.093629,-0.6644789,-0.01349935,0.08193976,0.9965459,0.08093101,1.093727,-0.6653515,-0.01349935,0.08193976,0.9965459,0.1128427,1.093678,-0.6649152,355.2999,359.2239,359.9118,0,0,False
1,Center_Dir_Close,176,14.09999,0.1128834,1.093576,-0.6648752,0.08025301,0.8004705,-0.6081771,0.6691418,-0.1511348,0.01848564,-0.7273691,0.3159311,0.6920131,-0.3494333,0.2016699,0.08984459,-0.2348298,0.946632,MathCanvas,0.08784559,1.238,1.07291,0.1128427,1.093678,-0.6649152,-0.01349938,0.08194006,0.9965459,0.1447959,1.093517,-0.664507,-0.01135061,0.08133329,0.9966223,0.08097084,1.093634,-0.6652434,-0.01135061,0.08133329,0.9966223,0.1128834,1.093576,-0.6648752,355.3348,359.3475,359.8942,0,0,False
1,Center_Dir_Close,177,14.12,0.1134093,1.093419,-0.6647314,0.08081043,0.8007119,-0.6076594,0.6668368,-0.1573248,0.01842016,-0.7281747,0.3157875,0.6920717,-0.3494361,0.2014307,0.08943275,-0.2346804,0.946759,MathCanvas,0.08958709,1.234982,1.054892,0.1130945,1.093482,-0.6648099,-0.00898065,0.08067778,0.9966998,0.1453236,1.093336,-0.664594,-0.004079503,0.08103188,0.9967031,0.08149502,1.093502,-0.6648688,-0.004079503,0.08103188,0.9967031,0.1134093,1.093419,-0.6647314,355.3521,359.7655,359.8504,0,0,False
1,Center_Dir_Close,178,14.13999,0.1145181,1.093556,-0.6645607,0.08034091,0.8008407,-0.6071404,0.6620982,-0.1468144,0.02621272,-0.734428,0.315774,0.6920938,-0.3494519,0.2013063,0.08927706,-0.2347538,0.9467819,MathCanvas,0.09802118,1.231655,1.043049,0.1134093,1.093419,-0.6647314,-0.004079525,0.08103187,0.9967031,0.1464325,1.093469,-0.6646512,0.003046514,0.08103678,0.9967065,0.08260364,1.093644,-0.6644703,0.003046514,0.08103678,0.9967065,0.1145181,1.093556,-0.6645607,355.3518,0.1751287,359.8429,0,0,False
1,Center_Dir_Close,179,14.16,0.1152081,1.093538,-0.6645077,0.07952502,0.8004904,-0.6068733,0.6518123,-0.1118506,0.05001148,-0.7484178,0.315771,0.6920983,-0.3494314,0.2012445,0.08920451,-0.2349001,0.9467656,MathCanvas,0.1075911,1.231147,1.027823,0.1145181,1.093556,-0.6645607,0.003046514,0.08103661,0.9967065,0.1471206,1.093454,-0.6648735,0.0116401,0.08162464,0.9965951,0.08329566,1.093622,-0.6641418,0.0116401,0.08162464,0.9965951,0.1152081,1.093538,-0.6645077,355.3181,0.6691766,359.8485,0,0,False
1,Center_Dir_Close,180,14.17999,0.1167339,1.093709,-0.6644791,0.0803837,0.7987086,-0.6070548,0.6465312,-0.09177113,0.07272637,-0.7538477,0.3157491,0.6920063,-0.3492235,0.2013111,0.08938134,-0.235151,0.9466725,MathCanvas,0.1203521,1.230367,1.018422,0.1158629,1.093665,-0.6645063,0.02058407,0.08193769,0.9964249,0.1486357,1.093658,-0.6653832,0.0283666,0.08267198,0.996173,0.08483204,1.093761,-0.6635749,0.0283666,0.08267198,0.996173,0.1167339,1.093709,-0.6644791,355.2578,1.631089,359.907,0,0,False
1,Center_Dir_Close,181,14.2,0.1174831,1.093854,-0.6645105,0.08096582,0.798998,-0.608465,0.6578612,-0.1267708,0.05533891,-0.740328,0.3157433,0.6918689,-0.3490779,0.2014669,0.08967844,-0.2350185,0.9466442,MathCanvas,0.1511961,1.230891,1.003755,0.1167339,1.093709,-0.6644791,0.0283666,0.0826719,0.996173,0.1493743,1.093791,-0.6657324,0.038318,0.08308987,0.9958051,0.08559185,1.093917,-0.6632886,0.038318,0.08308987,0.9958051,0.1174831,1.093854,-0.6645105,355.2338,2.203621,359.8868,0,0,False
1,Center_Dir_Close,182,14.21999,0.1194503,1.094277,-0.6644078,0.08138791,0.7996979,-0.6087986,0.6595226,-0.143825,0.05098715,-0.736033,0.3156262,0.6916826,-0.3488947,0.2018787,0.08996537,-0.23465,0.9466206,MathCanvas,0.1643696,1.230501,0.9820455,0.1184142,1.094086,-0.6644692,0.04840885,0.08442242,0.9952534,0.1513102,1.094164,-0.6662744,0.05857361,0.08712971,0.9944735,0.08759047,1.09439,-0.6625412,0.05857361,0.08712971,0.9944735,0.1194503,1.094277,-0.6644078,355.0015,3.370776,359.7961,0,0,False
1,Center_Dir_Close,183,14.24,0.1202852,1.094458,-0.6643937,0.08193714,0.8003796,-0.6088482,0.6585285,-0.1537338,0.04887336,-0.735063,0.3155062,0.6916899,-0.3488562,0.2020149,0.08986221,-0.2343985,0.9466637,MathCanvas,0.1987289,1.232535,0.9655082,0.1194503,1.094277,-0.6644078,0.05857361,0.08712991,0.9944735,0.1521237,1.09434,-0.6665937,0.06899132,0.08862003,0.9936733,0.08844662,1.094577,-0.6621938,0.06899132,0.08862003,0.9936733,0.1202852,1.094458,-0.6643937,354.9158,3.971705,359.7858,0,0,False
1,Center_Dir_Close,184,14.25999,0.1223632,1.095186,-0.66447,0.08160794,0.8006084,-0.6085775,0.6560212,-0.1660362,0.04036915,-0.7351453,0.3151759,0.6916534,-0.3488042,0.2021852,0.08924753,-0.2336406,0.9468728,MathCanvas,0.2158206,1.23657,0.9576244,0.121335,1.094778,-0.664362,0.07926626,0.09031117,0.9927541,0.1541444,1.095094,-0.667385,0.09120073,0.09490851,0.9912996,0.09058206,1.095279,-0.661555,0.09120073,0.09490851,0.9912996,0.1223632,1.095186,-0.66447,354.554,5.256483,359.8333,0,0,False
1,Center_Dir_Close,185,14.27999,0.1234548,1.095864,-0.6646042,0.0817169,0.8005922,-0.6081626,0.6536751,-0.1668082,0.04182038,-0.7369769,0.3151146,0.691626,-0.3488021,0.2022438,0.08913125,-0.23349,0.9469084,MathCanvas,0.251286,1.242073,0.9501967,0.1223632,1.095186,-0.66447,0.09120073,0.09490851,0.9912996,0.1551956,1.095804,-0.6679308,0.1039027,0.09990685,0.9895569,0.091714,1.095925,-0.6612775,0.1039027,0.09990685,0.9895569,0.1234548,1.095864,-0.6646042,354.2662,5.994047,359.8915,0,0,False
1,Center_Dir_Close,186,14.29999,0.1244773,1.09617,-0.664787,0.08154307,0.8009038,-0.6077911,0.6546862,-0.1601851,0.04338803,-0.7374579,0.3150804,0.6916367,-0.3488095,0.2022206,0.08886493,-0.2333773,0.9469662,MathCanvas,0.2719018,1.250347,0.9489303,0.1234548,1.095864,-0.6646042,0.1039027,0.0999067,0.9895569,0.1561752,1.096166,-0.6685004,0.1157351,0.1040075,0.9878197,0.09277938,1.096174,-0.6610736,0.1157351,0.1040075,0.9878197,0.1244773,1.09617,-0.664787,354.03,6.682433,359.9929,0,0,False
1,Center_Dir_Close,187,14.31999,0.126315,1.096367,-0.6652349,0.08167016,0.8014461,-0.608492,0.6550982,-0.1546441,0.04452763,-0.7382065,0.3151504,0.691723,-0.3488543,0.2020836,0.08832601,-0.233698,0.9469668,MathCanvas,0.293817,1.258998,0.9479845,0.1254263,1.096297,-0.6649822,0.1264856,0.1062414,0.9862627,0.1579287,1.096451,-0.6696071,0.1359341,0.1069318,0.9849302,0.09470136,1.096284,-0.6608626,0.1359341,0.1069318,0.9849302,0.126315,1.096367,-0.6652349,353.8615,7.857975,0.151299,0,0,False
1,Center_Dir_Close,188,14.34,0.1272489,1.096291,-0.6654794,0.08143911,0.8018678,-0.608201,0.6569487,-0.1510658,0.04436511,-0.7373121,0.315288,0.6917553,-0.348865,0.2020033,0.0884692,-0.2341637,0.9468554,MathCanvas,0.3327779,1.269786,0.944645,0.126315,1.096367,-0.6652349,0.1359341,0.1069322,0.9849302,0.1588274,1.096408,-0.6700981,0.1435017,0.1069266,0.9838567,0.09567043,1.096173,-0.6608607,0.1435017,0.1069266,0.9838567,0.1272489,1.096291,-0.6654794,353.8618,8.298434,0.2125979,0,0,False
1,Center_Dir_Close,189,14.35999,0.1285405,1.096164,-0.6660751,0.08165637,0.802135,-0.608092,0.6568276,-0.1491,0.04386481,-0.73785,0.315511,0.6918183,-0.3488948,0.2018153,0.08894709,-0.2346925,0.9467198,MathCanvas,0.3492281,1.27091,0.9429028,0.1278557,1.096161,-0.6657304,0.1512909,0.1059564,0.9827941,0.1600513,1.096352,-0.6711324,0.1569947,0.1043475,0.9820714,0.0970296,1.095976,-0.6610177,0.1569947,0.1043475,0.9820714,0.1285405,1.096164,-0.6660751,354.0104,9.0825,0.340021,0,0,False
1,Center_Dir_Close,190,14.38,0.1289775,1.096191,-0.6663917,0.08193747,0.8022205,-0.6080976,0.656355,-0.1485713,0.04411549,-0.7383621,0.3155558,0.6918503,-0.3489337,0.2017447,0.08912706,-0.2347404,0.9467061,MathCanvas,0.3754472,1.269085,0.937844,0.1285405,1.096164,-0.6660751,0.1569947,0.1043475,0.9820714,0.1604629,1.096399,-0.6716048,0.1617992,0.1036542,0.9813648,0.09749214,1.095982,-0.6611786,0.1617992,0.1036542,0.9813648,0.1289775,1.096191,-0.6663917,354.0504,9.362225,0.3769828,0,0,False
1,Center_Dir_Close,191,14.39999,0.1297606,1.097075,-0.6667022,0.08217038,0.8025336,-0.6079038,0.6558251,-0.1492728,0.043845,-0.7387074,0.3156174,0.6917892,-0.3489515,0.2018192,0.08929182,-0.2347327,0.9466766,MathCanvas,0.3851599,1.266464,0.9361423,0.1294618,1.09657,-0.6666292,0.1643558,0.1048303,0.9808149,0.161221,1.097257,-0.6720653,0.1664447,0.1084513,0.9800686,0.09830031,1.096893,-0.6613392,0.1664447,0.1084513,0.9800686,0.1297606,1.097075,-0.6667022,353.774,9.638557,0.3285369,0,0,False
1,Center_Dir_Close,192,14.42,0.1301163,1.097348,-0.6668224,0.08219016,0.8027801,-0.6077055,0.6555268,-0.1493022,0.04351195,-0.7389858,0.3156202,0.6917441,-0.3489614,0.2018888,0.0892537,-0.234668,0.9466814,MathCanvas,0.3981572,1.268265,0.9349893,0.1297606,1.097075,-0.6667022,0.1664447,0.1084511,0.9800686,0.1615706,1.097483,-0.6722218,0.1676357,0.1127873,0.979376,0.0986619,1.097214,-0.661423,0.1676357,0.1127873,0.979376,0.1301163,1.097348,-0.6668224,353.524,9.712955,0.2427064,0,0,False
1,Center_Dir_Close,193,14.43999,0.1303678,1.097479,-0.667331,0.08243838,0.8036985,-0.6082866,0.6558806,-0.147694,0.04268058,-0.7390437,0.3154885,0.6920126,-0.3492422,0.2018385,0.08885206,-0.2344437,0.9467854,MathCanvas,0.4025674,1.274871,0.9374391,0.1302816,1.097512,-0.6670377,0.1675568,0.1156775,0.9790523,0.1618304,1.097568,-0.6726829,0.1662322,0.1165002,0.9791806,0.09890517,1.09739,-0.6619791,0.1662322,0.1165002,0.9791806,0.1303678,1.097479,-0.667331,353.3098,9.635052,0.1608649,0,0,False
1,Center_Dir_Close,194,14.46,0.1303598,1.097501,-0.6675497,0.08246295,0.8039088,-0.6083956,0.6560504,-0.1474703,0.0425343,-0.738946,0.3154861,0.6920656,-0.3493098,0.2017666,0.0887312,-0.2344334,0.9468147,MathCanvas,0.4057767,1.287616,0.9419125,0.1303678,1.097479,-0.667331,0.1662322,0.1165002,0.9791806,0.1618332,1.097549,-0.6728384,0.1644099,0.1165831,0.9794783,0.0988864,1.097453,-0.6622609,0.1644099,0.1165831,0.9794783,0.1303598,1.097501,-0.6675497,353.3051,9.528531,0.08713043,0,0,False
1,Center_Dir_Close,195,14.47999,0.1302287,1.097645,-0.6677279,0.08240821,0.8041232,-0.6083266,0.6560968,-0.1469258,0.04244689,-0.7390184,0.3155227,0.692069,-0.3493488,0.2017017,0.08861974,-0.2344836,0.9468265,MathCanvas,0.4038213,1.289151,0.9432585,0.1303598,1.097501,-0.6675497,0.1644099,0.1165831,0.9794783,0.1617168,1.097678,-0.6729288,0.1617416,0.1159878,0.9799931,0.09874064,1.097611,-0.662527,0.1617416,0.1159878,0.9799931,0.1302287,1.097645,-0.6677279,353.3394,9.371818,0.06034412,0,0,False
1,Center_Dir_Close,196,14.5,0.1303648,1.097939,-0.6680245,0.08246852,0.8046026,-0.6081166,0.6558706,-0.1433837,0.04201685,-0.7399388,0.3157061,0.6921381,-0.3495255,0.2017163,0.08872715,-0.2348218,0.9467295,MathCanvas,0.4007656,1.289482,0.944006,0.1305188,1.097844,-0.6679035,0.1586515,0.1167758,0.9804046,0.1618835,1.097969,-0.6730365,0.1558169,0.1188615,0.9806085,0.09884611,1.097909,-0.6630126,0.1558169,0.1188615,0.9806085,0.1303648,1.097939,-0.6680245,353.1736,9.028713,0.05405317,0,0,False
1,Center_Dir_Close,197,14.51999,0.1302687,1.098091,-0.6681406,0.08246363,0.804899,-0.6080492,0.6573663,-0.1395615,0.03895063,-0.7395099,0.3157987,0.6921687,-0.3496043,0.2017821,0.08890642,-0.2349362,0.9466703,MathCanvas,0.3915114,1.290156,0.94576,0.1303648,1.097939,-0.6680245,0.1558169,0.1188616,0.9806085,0.161801,1.098109,-0.6730663,0.1531422,0.1209048,0.9807801,0.09873644,1.098074,-0.6632149,0.1531422,0.1209048,0.9807801,0.1302687,1.098091,-0.6681406,353.0557,8.874691,0.03140932,0,0,False
1,Center_Dir_Close,198,14.54,0.1299985,1.098448,-0.6683884,0.08237265,0.8051222,-0.6083072,0.6584387,-0.1372395,0.03917409,-0.7389785,0.315996,0.6921349,-0.3496622,0.2017699,0.08925878,-0.2351388,0.9465894,MathCanvas,0.3870544,1.293975,0.9478983,0.1301376,1.098298,-0.6682565,0.1503706,0.1227137,0.9809842,0.1615582,1.098483,-0.6731353,0.1474617,0.1236886,0.9813033,0.0984388,1.098413,-0.6636415,0.1474617,0.1236886,0.9813033,0.1299985,1.098448,-0.6683884,352.895,8.545964,0.06339037,0,0,False
1,Center_Dir_Close,199,14.55999,0.1298196,1.098566,-0.6685401,0.08248233,0.8048445,-0.608445,0.6577334,-0.1390266,0.04029136,-0.7392125,0.316029,0.6921688,-0.3497196,0.2017483,0.08928368,-0.2351815,0.9465811,MathCanvas,0.3783483,1.301121,0.9517911,0.1299985,1.098448,-0.6683884,0.1474617,0.123689,0.9813033,0.1613925,1.098605,-0.673198,0.1446666,0.1242331,0.9816505,0.09824663,1.098526,-0.6638822,0.1446666,0.1242331,0.9816505,0.1298196,1.098566,-0.6685401,352.8635,8.383382,0.07149028,0,0,False
1,Center_Dir_Close,200,14.58,0.1289724,1.098853,-0.6685331,0.08277068,0.8043861,-0.6087286,0.658309,-0.1398265,0.04055083,-0.7385347,0.3160268,0.6924804,-0.3501077,0.2014665,0.08893728,-0.235312,0.9466413,MathCanvas,0.3735013,1.302963,0.9530728,0.1294134,1.098701,-0.668548,0.141715,0.1248009,0.9820089,0.1605729,1.098871,-0.6730005,0.1387962,0.1256716,0.9823148,0.0973719,1.098835,-0.6640658,0.1387962,0.1256716,0.9823148,0.1289724,1.098853,-0.6685331,352.7805,8.042371,0.0330595,0,0,False
1,Center_Dir_Close,201,14.59999,0.1285989,1.099014,-0.6685904,0.0827629,0.8045965,-0.6087818,0.6585721,-0.1391311,0.04080354,-0.7384175,0.3160316,0.6925175,-0.3501788,0.2013596,0.08878651,-0.2353619,0.9466658,MathCanvas,0.363306,1.305218,0.9552726,0.1289724,1.098853,-0.6685331,0.1387962,0.1256718,0.9823147,0.1602131,1.099023,-0.6729603,0.1357815,0.1268539,0.9825841,0.09698483,1.099005,-0.6642206,0.1357815,0.1268539,0.9825841,0.1285989,1.099014,-0.6685904,352.7122,7.867773,0.01637184,0,0,False
1,Center_Dir_Close,202,14.62,0.1283189,1.099131,-0.6686894,0.08273037,0.8049636,-0.6087919,0.6589281,-0.1371295,0.04111996,-0.7384568,0.3160347,0.6925352,-0.3502272,0.2012773,0.08866809,-0.2353823,0.9466894,MathCanvas,0.3582031,1.306908,0.9564075,0.1285989,1.099014,-0.6685904,0.1357815,0.1268544,0.982584,0.1599468,1.099121,-0.6729586,0.1327053,0.1283382,0.9828116,0.09669107,1.099142,-0.6644201,0.1327053,0.1283382,0.9828116,0.1283189,1.099131,-0.6686894,352.6264,7.68992,359.981,0,0,False
1,Center_Dir_Close,203,14.63999,0.1275942,1.099243,-0.6688918,0.08223853,0.8051634,-0.6088178,0.6618428,-0.1283683,0.03939027,-0.7375189,0.3159995,0.6924627,-0.3502133,0.2011838,0.08853825,-0.2353165,0.9467376,MathCanvas,0.3530844,1.309119,0.9578279,0.1279428,1.099203,-0.6688102,0.1291216,0.1285115,0.9832662,0.1592505,1.099229,-0.6729448,0.1259962,0.1289224,0.9836178,0.09593789,1.099258,-0.6648387,0.1259962,0.1289224,0.9836178,0.1275942,1.099243,-0.6688918,352.5927,7.299532,359.9735,0,0,False
1,Center_Dir_Close,204,14.66,0.127207,1.099307,-0.6689469,0.08184795,0.8049502,-0.6089276,0.6653566,-0.1227756,0.03361143,-0.735593,0.3159889,0.6924044,-0.350192,0.2011895,0.08856738,-0.2352663,0.9467462,MathCanvas,0.3415542,1.312193,0.960423,0.1275942,1.099243,-0.6688918,0.1259962,0.1289225,0.9836178,0.1588782,1.099293,-0.6728818,0.1223137,0.1292413,0.9840407,0.09553577,1.09932,-0.665012,0.1223137,0.1292413,0.9840407,0.127207,1.099307,-0.6689469,352.5742,7.085374,359.9758,0,0,False
1,Center_Dir_Close,205,14.67999,0.1263561,1.099491,-0.6688691,0.08190082,0.8049775,-0.6090056,0.6637097,-0.1267927,0.03695624,-0.7362386,0.3160163,0.6922759,-0.3501759,0.2013469,0.08889042,-0.2351847,0.9467028,MathCanvas,0.3360164,1.312966,0.9611713,0.1267771,1.099383,-0.668905,0.1181423,0.1296502,0.9844964,0.1580591,1.099487,-0.6725397,0.1140522,0.1300848,0.9849213,0.09465323,1.099495,-0.6651986,0.1140522,0.1300848,0.9849213,0.1263561,1.099491,-0.6688691,352.5255,6.605332,359.9925,0,0,False
1,Center_Dir_Close,206,14.7,0.125925,1.099627,-0.668878,0.08196451,0.8047739,-0.6089076,0.6633837,-0.1275295,0.03714773,-0.7363955,0.3159699,0.6922978,-0.3501713,0.2013683,0.08895332,-0.235133,0.9467052,MathCanvas,0.3222349,1.31445,0.9634166,0.1263561,1.099491,-0.6688691,0.1140522,0.1300847,0.9849213,0.1576414,1.099636,-0.6724306,0.1103194,0.1307749,0.9852551,0.09420867,1.099617,-0.6653255,0.1103194,0.1307749,0.9852551,0.125925,1.099627,-0.668878,352.4856,6.388821,0.01727815,0,0,False
1,Center_Dir_Close,207,14.71999,0.125031,1.099736,-0.6689486,0.08151299,0.8047442,-0.6090174,0.6652905,-0.1240761,0.03592855,-0.735325,0.3158367,0.6923448,-0.3501557,0.2013206,0.08890561,-0.235053,0.9467396,MathCanvas,0.3150532,1.315341,0.9643776,0.1254982,1.099712,-0.6689146,0.1065311,0.1314046,0.9855881,0.1567744,1.09976,-0.6722512,0.1024824,0.1319162,0.985949,0.09328768,1.099713,-0.665646,0.1024824,0.1319162,0.985949,0.125031,1.099736,-0.6689486,352.4197,5.934181,0.0422225,0,0,False
1,Center_Dir_Close,208,14.74,0.1246079,1.099748,-0.6689532,0.08136559,0.8048595,-0.6090969,0.666047,-0.1227201,0.03487283,-0.7349184,0.3157898,0.6923235,-0.3501382,0.2013278,0.08883277,-0.2350703,0.9467406,MathCanvas,0.3018476,1.317837,0.9668961,0.125031,1.099736,-0.6689486,0.1024824,0.131916,0.985949,0.1563644,1.099771,-0.6721268,0.09847961,0.131979,0.9863485,0.09285139,1.099726,-0.6657797,0.09847961,0.131979,0.9863485,0.1246079,1.099748,-0.6689532,352.416,5.701665,0.04001209,0,0,False
1,Center_Dir_Close,209,14.75999,0.1235988,1.09975,-0.6689911,0.08147739,0.8045224,-0.6090111,0.665076,-0.1230987,0.03630478,-0.7356647,0.3156666,0.6922867,-0.3500556,0.2014255,0.08873243,-0.2349817,0.9467512,MathCanvas,0.2947437,1.318748,0.9678659,0.1241395,1.099742,-0.6689871,0.09428067,0.1315577,0.9868149,0.1553801,1.099804,-0.6719053,0.09029979,0.1313561,0.987214,0.09181745,1.099696,-0.666077,0.09029979,0.1313561,0.987214,0.1235988,1.09975,-0.6689911,352.452,5.226263,0.09743962,0,0,False
1,Center_Dir_Close,210,14.77999,0.1230054,1.099888,-0.6689375,0.08149043,0.8040951,-0.6088943,0.6649402,-0.1227485,0.03628298,-0.7358471,0.3155794,0.6922585,-0.3499743,0.2015336,0.08876202,-0.2348323,0.9467626,MathCanvas,0.28013,1.318171,0.9693869,0.1235988,1.09975,-0.6689911,0.09029979,0.1313564,0.987214,0.1547984,1.099965,-0.6717204,0.08613007,0.1313556,0.9875866,0.09121237,1.099811,-0.6661546,0.08613007,0.1313556,0.9875866,0.1230054,1.099888,-0.6689375,352.4521,4.984307,0.1390165,0,0,False
1,Center_Dir_Close,211,14.79999,0.1225515,1.09997,-0.6688821,0.08136488,0.8040409,-0.6088703,0.6651852,-0.1214206,0.03629131,-0.7358456,0.3155326,0.6922218,-0.3499313,0.2016046,0.0887962,-0.234765,0.946761,MathCanvas,0.2729102,1.31795,0.969916,0.1230054,1.099888,-0.6689375,0.08613007,0.1313559,0.9875866,0.1543567,1.100052,-0.6715223,0.08166846,0.1315935,0.9879339,0.09074627,1.099887,-0.666242,0.08166846,0.1315935,0.9879339,0.1225515,1.09997,-0.6688821,352.4383,4.725663,0.1484587,0,0,False
1,Center_Dir_Close,212,14.81999,0.1215732,1.100045,-0.6688221,0.08107351,0.8041602,-0.6088526,0.665444,-0.118752,0.03615623,-0.7360538,0.3154363,0.6921653,-0.3498514,0.2016666,0.08878481,-0.2346583,0.9467753,MathCanvas,0.2655469,1.31805,0.9707354,0.1220745,1.100008,-0.6688709,0.07734265,0.1318375,0.9882494,0.1534006,1.100168,-0.6711781,0.0726675,0.1319029,0.9885955,0.0897458,1.099921,-0.6664661,0.0726675,0.1319029,0.9885955,0.1215732,1.100045,-0.6688221,352.4204,4.204011,0.2236051,0,0,False
1,Center_Dir_Close,213,14.83999,0.1210001,1.100022,-0.6687829,0.08080766,0.8035334,-0.6086583,0.6666569,-0.1142866,0.03400524,-0.7357655,0.3153648,0.6921825,-0.3497754,0.2016567,0.08873122,-0.2345389,0.946812,MathCanvas,0.2500574,1.319058,0.9728917,0.1215732,1.100045,-0.6688221,0.07266751,0.1319028,0.9885955,0.1528378,1.100159,-0.6709948,0.06813653,0.1316611,0.9889503,0.08916245,1.099885,-0.6665711,0.06813653,0.1316611,0.9889503,0.1210001,1.100022,-0.6687829,352.4344,3.941326,0.2483761,0,0,False
1,Center_Dir_Close,214,14.85999,0.1200053,1.09998,-0.6687243,0.0808543,0.802906,-0.6083356,0.6666332,-0.111785,0.0346351,-0.7361417,0.3152783,0.6921867,-0.3496853,0.2016485,0.08876897,-0.2344416,0.9468343,MathCanvas,0.2417291,1.319164,0.9736581,0.1204639,1.099986,-0.6687624,0.06345623,0.1315785,0.9892727,0.1518624,1.10015,-0.6706348,0.05864468,0.131317,0.9896043,0.08814833,1.09981,-0.6668138,0.05864468,0.131317,0.9896043,0.1200053,1.09998,-0.6687243,352.4543,3.391424,0.3088065,0,0,False
1,Center_Dir_Close,215,14.87999,0.1196541,1.100027,-0.668641,0.08088981,0.8030291,-0.6082439,0.6656139,-0.1127548,0.03555124,-0.7368722,0.3152387,0.6921429,-0.3496536,0.2017255,0.08885941,-0.2344768,0.9468007,MathCanvas,0.2254612,1.318646,0.9753168,0.1200053,1.09998,-0.6687243,0.05864468,0.1313171,0.9896043,0.1515202,1.100213,-0.6703915,0.05361103,0.1311904,0.9899065,0.08778795,1.09984,-0.6668906,0.05361103,0.1311904,0.9899065,0.1196541,1.100027,-0.668641,352.4616,3.099977,0.3371574,0,0,False
1,Center_Dir_Close,216,14.89999,0.118614,1.100162,-0.6685622,0.08084045,0.8031799,-0.6079777,0.6655838,-0.1097356,0.03580031,-0.737343,0.3151308,0.6921595,-0.3496001,0.2018575,0.08897842,-0.2343656,0.9467889,MathCanvas,0.2171077,1.318245,0.9758495,0.1191719,1.100068,-0.6686184,0.0489249,0.1320469,0.9900354,0.1504955,1.100414,-0.6699966,0.04350453,0.1325432,0.990222,0.0867326,1.09991,-0.6671277,0.04350453,0.1325432,0.990222,0.118614,1.100162,-0.6685622,352.3834,2.515622,0.4565525,0,0,False
1,Center_Dir_Close,217,14.91999,0.1179798,1.100212,-0.6685381,0.08091898,0.8030217,-0.6078834,0.6681032,-0.1029833,0.0341691,-0.7361148,0.3150779,0.6921968,-0.349581,0.2018662,0.08898705,-0.2342672,0.9468105,MathCanvas,0.1999982,1.319816,0.9783139,0.118614,1.100162,-0.6685622,0.04350453,0.1325432,0.990222,0.1498679,1.100507,-0.6698087,0.03822916,0.1330076,0.9903775,0.0860918,1.099917,-0.6672675,0.03822916,0.1330076,0.9903775,0.1179798,1.100212,-0.6685381,352.3566,2.210554,0.5350837,0,0,False
1,Center_Dir_Close,218,14.93999,0.1166599,1.100217,-0.668495,0.08102208,0.8029273,-0.60796,0.6673204,-0.1048118,0.03570722,-0.7364937,0.3150146,0.6921956,-0.3495572,0.2018025,0.08890948,-0.2342016,0.9468477,MathCanvas,0.1903828,1.320799,0.979452,0.1173362,1.100216,-0.6685261,0.03252215,0.1333098,0.9905407,0.1485601,1.100588,-0.669382,0.02599829,0.1330708,0.9907655,0.08475965,1.099846,-0.667608,0.02599829,0.1330708,0.9907655,0.1166599,1.100217,-0.668495,352.3529,1.503131,0.6726593,0,0,False
1,Center_Dir_Close,219,14.95999,0.1158395,1.100325,-0.6685066,0.08088507,0.8028392,-0.6079361,0.6669262,-0.1058238,0.03555653,-0.7367133,0.3149972,0.6922089,-0.3495258,0.2017479,0.08882535,-0.2341835,0.9468716,MathCanvas,0.1708537,1.322361,0.982111,0.1166599,1.100217,-0.668495,0.02599829,0.1330711,0.9907655,0.1477459,1.100707,-0.6691254,0.01762867,0.1325852,0.9910148,0.08393306,1.099942,-0.6678879,0.01762867,0.1325852,0.9910148,0.1158395,1.100325,-0.6685066,352.381,1.019099,0.692968,0,0,False
1,Center_Dir_Close,220,14.97999,0.1149686,1.100237,-0.6685377,0.08079684,0.8027238,-0.6078647,0.6668779,-0.1057325,0.03546067,-0.7367749,0.3150049,0.6922293,-0.3494944,0.2017366,0.08880697,-0.2341815,0.9468763,MathCanvas,0.1591726,1.322124,0.9828697,0.1158395,1.100325,-0.6685066,0.01762867,0.1325853,0.9910148,0.1468791,1.100646,-0.6688515,0.00803881,0.1332171,0.9910543,0.08305806,1.099828,-0.668224,0.00803881,0.1332171,0.9910543,0.1149686,1.100237,-0.6685377,352.3445,0.4647372,0.7405211,0,0,False
1,Center_Dir_Close,221,14.99999,0.1131072,1.100217,-0.6685688,0.08078808,0.8027682,-0.6077051,0.666733,-0.1014679,0.03693752,-0.7374328,0.315024,0.6921959,-0.3494456,0.2018339,0.08888039,-0.2342269,0.9468374,MathCanvas,0.1443647,1.321326,0.9839996,0.1139759,1.100289,-0.6685801,-0.002553252,0.1331023,0.991099,0.1450163,1.100685,-0.6681921,-0.01365814,0.1334714,0.9909586,0.0811982,1.099749,-0.6689456,-0.01365814,0.1334714,0.9909586,0.1131072,1.100217,-0.6685688,352.3298,359.2104,0.8474731,0,0,False
1,Center_Dir_Close,222,15.01999,0.1120532,1.100227,-0.6685742,0.0808643,0.8029024,-0.6075791,0.6673208,-0.09605017,0.03754887,-0.7375957,0.3150307,0.6921632,-0.349441,0.2018696,0.08891741,-0.234233,0.9468248,MathCanvas,0.1088389,1.322725,0.9882564,0.1131072,1.100217,-0.6685688,-0.01365811,0.1334714,0.9909586,0.1439566,1.100716,-0.6678777,-0.02366236,0.132532,0.9908962,0.08014985,1.099739,-0.6692706,-0.02366236,0.132532,0.9908962,0.1120532,1.100227,-0.6685742,352.3841,358.632,0.8848767,0,0,False
1,Center_Dir_Close,223,15.03999,0.1098905,1.100209,-0.6684932,0.08103164,0.8029241,-0.6068931,0.6684316,-0.08799963,0.03891526,-0.7375234,0.3150907,0.6922546,-0.3494908,0.2018301,0.08885043,-0.234195,0.946849,MathCanvas,0.08919179,1.323637,0.990128,0.1110391,1.100212,-0.6685284,-0.03533002,0.1323301,0.9905759,0.1417688,1.100751,-0.6670693,-0.04647059,0.1319986,0.99016,0.07801221,1.099668,-0.6699172,-0.04647059,0.1319986,0.99016,0.1098905,1.100209,-0.6684932,352.4149,357.313,0.9808679,0,0,False
1,Center_Dir_Close,224,15.05999,0.1086895,1.100197,-0.6685623,0.08098957,0.8030754,-0.6065559,0.6688839,-0.08357158,0.0384385,-0.7376534,0.3151302,0.6923245,-0.3495277,0.2017412,0.088787,-0.2341772,0.9468783,MathCanvas,0.05061431,1.322231,0.9934806,0.1098905,1.100209,-0.6684932,-0.04647031,0.1319987,0.99016,0.1405491,1.100715,-0.6667619,-0.05806945,0.1322451,0.9895146,0.07682982,1.099679,-0.6703627,-0.05806945,0.1322451,0.9895146,0.1086895,1.100197,-0.6685623,352.4007,356.6414,0.9387909,0,0,False
1,Center_Dir_Close,225,15.07999,0.1069129,1.100026,-0.6686633,0.08092754,0.8035445,-0.6061064,0.6696666,-0.07420565,0.03910841,-0.7379097,0.3152162,0.6923603,-0.3495849,0.2015536,0.08864447,-0.2343617,0.9468859,MathCanvas,0.03063801,1.321902,0.9945073,0.1077796,1.100067,-0.6686177,-0.06955422,0.1320606,0.9887984,0.1387256,1.100542,-0.6661672,-0.07966301,0.1310456,0.9881704,0.07510012,1.099509,-0.6711594,-0.07966301,0.1310456,0.9881704,0.1069129,1.100026,-0.6686633,352.47,355.391,0.9352933,0,0,False
1,Center_Dir_Close,226,15.09999,0.1060974,1.099855,-0.6687191,0.08075237,0.8041844,-0.6057335,0.6709811,-0.068423,0.03980852,-0.7372367,0.3153102,0.6924261,-0.3496425,0.2014972,0.08859724,-0.2344823,0.9468725,MathCanvas,-0.01035622,1.322681,0.9984602,0.1069129,1.100026,-0.6686633,-0.07966304,0.1310458,0.9881704,0.1378854,1.100392,-0.6659288,-0.08888295,0.130884,0.9874053,0.07430945,1.099318,-0.6715094,-0.08888295,0.130884,0.9874053,0.1060974,1.099855,-0.6687191,352.4793,354.8563,0.9725113,0,0,False
1,Center_Dir_Close,227,15.12,0.1052068,1.099882,-0.6686975,0.0806509,0.8048242,-0.605456,0.6723707,-0.06354734,0.04017006,-0.736387,0.3153925,0.6924759,-0.3496877,0.2014318,0.08857426,-0.2345468,0.9468725,MathCanvas,-0.02827641,1.3209,0.998104,0.1060974,1.099855,-0.6687191,-0.08888314,0.1308841,0.9874052,0.1369706,1.10042,-0.6656452,-0.09702206,0.1301578,0.9867349,0.07344295,1.099344,-0.6717497,-0.09702206,0.1301578,0.9867349,0.1052068,1.099882,-0.6686975,352.5213,354.3844,0.9746712,0,0,False
1,Center_Dir_Close,228,15.13999,0.1037617,1.09978,-0.6686117,0.08070879,0.8053403,-0.60548,0.673989,-0.0576946,0.03926685,-0.7354375,0.3155186,0.6924372,-0.3497064,0.2014152,0.08891796,-0.2343626,0.9468895,MathCanvas,-0.04489817,1.320918,0.9988214,0.1045042,1.099829,-0.6686319,-0.1039103,0.129401,0.9861329,0.1354834,1.100318,-0.6651486,-0.109784,0.1292032,0.9855222,0.07204007,1.099241,-0.6720748,-0.109784,0.1292032,0.9855222,0.1037617,1.09978,-0.6686117,352.5764,353.6436,0.9750708,0,0,False
1,Center_Dir_Close,229,15.16,0.1032123,1.099751,-0.6685467,0.08092918,0.8051515,-0.6055568,0.6731537,-0.05805714,0.03889767,-0.7361932,0.3155742,0.6924324,-0.3497228,0.2015213,0.08930213,-0.2340988,0.946896,MathCanvas,-0.07201113,1.318672,0.9995126,0.1037617,1.09978,-0.6686117,-0.1097839,0.1292033,0.9855222,0.1349182,1.100284,-0.6649411,-0.1141914,0.1288879,0.9850625,0.07150643,1.099217,-0.6721523,-0.1141914,0.1288879,0.9850625,0.1032123,1.099751,-0.6685467,352.5947,353.3876,0.9664551,0,0,False
1,Center_Dir_Close,230,15.17999,0.1022402,1.099552,-0.6684721,0.08114506,0.8041272,-0.6054946,0.6721516,-0.06479113,0.03890978,-0.7365463,0.3155579,0.692683,-0.3498457,0.2017521,0.08964676,-0.2340658,0.9468225,MathCanvas,-0.08241902,1.318218,0.9978525,0.102582,1.099728,-0.6685289,-0.1179088,0.1285479,0.984669,0.1339187,1.100167,-0.6646459,-0.1213759,0.1284775,0.9842568,0.07056168,1.098937,-0.6722983,-0.1213759,0.1284775,0.9842568,0.1022402,1.099552,-0.6684721,352.6184,352.9699,1.113523,0,0,False
1,Center_Dir_Close,231,15.2,0.1017357,1.099371,-0.6684852,0.08127092,0.8038246,-0.6060555,0.6727819,-0.06833065,0.03834579,-0.7356799,0.3155631,0.6926742,-0.3498419,0.2018607,0.08974932,-0.2341426,0.9467706,MathCanvas,-0.09724702,1.317039,0.9974663,0.1022402,1.099552,-0.6684721,-0.1213757,0.1284775,0.9842568,0.13341,1.100003,-0.664627,-0.1224375,0.127468,0.9842566,0.07006136,1.098739,-0.6723435,-0.1224375,0.127468,0.9842566,0.1017357,1.099371,-0.6684852,352.6767,352.9091,1.144254,0,0,False
1,Center_Dir_Close,232,15.21999,0.1012309,1.099121,-0.6684157,0.08152894,0.8031601,-0.6074432,0.6747795,-0.07965196,0.03486764,-0.7328795,0.3155402,0.6926523,-0.3498384,0.2018269,0.08970814,-0.2339822,0.9468214,MathCanvas,-0.1034368,1.316548,0.9952933,0.1014964,1.099237,-0.6684449,-0.1238055,0.1257802,0.9843026,0.1329008,1.099823,-0.6645333,-0.1234471,0.1238132,0.9845969,0.06956106,1.098419,-0.6722981,-0.1234471,0.1238132,0.9845969,0.1012309,1.099121,-0.6684157,352.8878,352.8536,1.270662,0,0,False
1,Center_Dir_Close,233,15.24,0.1010272,1.098972,-0.6683382,0.08172899,0.802774,-0.6077358,0.6745536,-0.08526709,0.03274042,-0.7325537,0.3155258,0.6926806,-0.3498771,0.2017768,0.08960882,-0.2338887,0.9468645,MathCanvas,-0.1077164,1.311401,0.9927967,0.1012309,1.099121,-0.6684157,-0.1234472,0.123813,0.984597,0.1326985,1.099698,-0.6644714,-0.1230419,0.122558,0.9848046,0.06935591,1.098246,-0.6722049,-0.1230419,0.122558,0.9848046,0.1010272,1.098972,-0.6683382,352.9602,352.8784,1.31262,0,0,False
1,Center_Dir_Close,234,15.25999,0.1005611,1.098749,-0.668202,0.08246896,0.8022247,-0.6076857,0.6716556,-0.09125072,0.0331559,-0.7344745,0.3154876,0.692704,-0.3499349,0.2017864,0.08943968,-0.2338809,0.9468805,MathCanvas,-0.1068499,1.307465,0.989659,0.1008892,1.098901,-0.6682627,-0.1216561,0.1212177,0.9851426,0.1322418,1.099523,-0.6644226,-0.1204914,0.120058,0.9854278,0.06888047,1.097975,-0.6719813,-0.1204914,0.120058,0.9854278,0.1005611,1.098749,-0.668202,353.1046,353.0289,1.400029,0,0,False
1,Center_Dir_Close,235,15.27999,0.1005243,1.098614,-0.6681057,0.08307687,0.8015424,-0.6079752,0.6698297,-0.116623,0.03106599,-0.7326406,0.3154587,0.6926786,-0.3499355,0.2018408,0.0894131,-0.2339244,0.9468606,MathCanvas,-0.103845,1.302419,0.9870311,0.1005611,1.098749,-0.668202,-0.1204913,0.120058,0.9854278,0.1322094,1.099408,-0.6643679,-0.1192661,0.1196133,0.9856309,0.06883918,1.097821,-0.6718434,-0.1192661,0.1196133,0.9856309,0.1005243,1.098614,-0.6681057,353.1302,353.1005,1.435391,0,0,False
1,Center_Dir_Close,236,15.29999,0.1005191,1.098575,-0.6679934,0.0829885,0.8012604,-0.6078777,0.6687595,-0.1119019,0.03357255,-0.7342422,0.3154463,0.6926721,-0.3499485,0.2018602,0.08942694,-0.2339056,0.9468598,MathCanvas,-0.1016424,1.300054,0.9852967,0.1005243,1.098614,-0.6681057,-0.1192665,0.1196135,0.9856308,0.1322103,1.099387,-0.6643111,-0.1176237,0.1204295,0.9857289,0.06882799,1.097762,-0.6716757,-0.1176237,0.1204295,0.9857289,0.1005191,1.098575,-0.6679934,353.0831,353.1953,1.469423,0,0,False
1,Center_Dir_Close,237,15.31999,0.100469,1.098679,-0.6678515,0.08295206,0.8009001,-0.607732,0.6693142,-0.1129246,0.03307671,-0.7336025,0.3154301,0.6926646,-0.3499844,0.2018621,0.08953194,-0.2338075,0.9468737,MathCanvas,-0.09945774,1.299133,0.9846352,0.100502,1.098644,-0.6679116,-0.1163489,0.1209015,0.9858224,0.1321691,1.099519,-0.6642528,-0.1151352,0.1211522,0.9859341,0.06876899,1.09784,-0.6714502,-0.1151352,0.1211522,0.9859341,0.100469,1.098679,-0.6678515,353.0414,353.3393,1.519007,0,0,False
1,Center_Dir_Close,238,15.33999,0.1004288,1.098699,-0.6678151,0.08288404,0.8011337,-0.6076856,0.6681196,-0.11264,0.03265382,-0.7347531,0.3154175,0.6926534,-0.3499919,0.2018508,0.08958317,-0.2337792,0.9468783,MathCanvas,-0.09460592,1.301388,0.985016,0.100469,1.098679,-0.6678515,-0.1151352,0.1211519,0.9859341,0.1321331,1.099558,-0.6642588,-0.1138871,0.1209978,0.986098,0.06872445,1.09784,-0.6713713,-0.1138871,0.1209978,0.986098,0.1004288,1.098699,-0.6678151,353.0503,353.412,1.553634,0,0,False
1,Center_Dir_Close,239,15.35999,0.1003933,1.098671,-0.6677718,0.08271931,0.8010516,-0.607583,0.6683655,-0.1091422,0.03266079,-0.735057,0.315389,0.6926509,-0.3500105,0.2018096,0.08958257,-0.2336874,0.9469098,MathCanvas,-0.09263305,1.30185,0.9854242,0.1003954,1.098681,-0.6677881,-0.1129792,0.1206615,0.9862436,0.1321033,1.099546,-0.6642707,-0.1122267,0.1204461,0.9863559,0.06868333,1.097796,-0.6712729,-0.1122267,0.1204461,0.9863559,0.1003933,1.098671,-0.6677718,353.0822,353.5089,1.582509,0,0,False
1,Center_Dir_Close,240,15.37999,0.1004013,1.098681,-0.667769,0.08270771,0.8009056,-0.6074413,0.6675124,-0.1093428,0.03249454,-0.7358094,0.3153656,0.692651,-0.3500209,0.201777,0.08952723,-0.2335958,0.9469445,MathCanvas,-0.0889589,1.300899,0.9851652,0.1003933,1.098671,-0.6677718,-0.1122268,0.1204462,0.9863558,0.1321131,1.099571,-0.6642877,-0.1116587,0.1198596,0.9864918,0.0686895,1.097791,-0.6712503,-0.1116587,0.1198596,0.9864918,0.1004013,1.098681,-0.667769,353.116,353.5423,1.609347,0,0,False
1,Center_Dir_Close,241,15.39999,0.1003893,1.098653,-0.667776,0.08292934,0.8007273,-0.6071611,0.6630968,-0.1150786,0.03343697,-0.7388786,0.3153321,0.692622,-0.3500262,0.2018024,0.08946617,-0.2334779,0.9469739,MathCanvas,-0.08774823,1.300611,0.9858671,0.1004066,1.098671,-0.6677739,-0.1113638,0.1198871,0.9865218,0.1321031,1.099553,-0.6643153,-0.1110573,0.1196986,0.9865792,0.06867562,1.097753,-0.6712367,-0.1110573,0.1196986,0.9865792,0.1003893,1.098653,-0.667776,353.1253,353.5774,1.628473,0,0,False
1,Center_Dir_Close,242,15.41999,0.100372,1.098613,-0.6677764,0.0830842,0.8006927,-0.6071189,0.6617354,-0.116384,0.03431832,-0.7398536,0.3153288,0.692598,-0.3500202,0.2018498,0.08947644,-0.2334089,0.9469799,MathCanvas,-0.08628877,1.299619,0.9859213,0.1003893,1.098653,-0.667776,-0.1110573,0.1196982,0.9865792,0.1320856,1.099525,-0.6643175,-0.111043,0.1193297,0.9866255,0.06865844,1.0977,-0.6712353,-0.111043,0.1193297,0.9866255,0.100372,1.098613,-0.6677764,353.1466,353.5785,1.650447,0,0,False
1,Center_Dir_Close,243,15.43999,0.1003262,1.098488,-0.6677925,0.08352824,0.8011113,-0.606876,0.6604949,-0.1200776,0.03579962,-0.7403015,0.315373,0.6925793,-0.3499783,0.2019159,0.08957911,-0.2332132,0.9470043,MathCanvas,-0.08588848,1.299365,0.9868707,0.1003485,1.098561,-0.6677806,-0.1108398,0.1185108,0.986747,0.1320412,1.099395,-0.6643446,-0.1106555,0.1179549,0.9868343,0.06861126,1.097582,-0.6712404,-0.1106555,0.1179549,0.9868343,0.1003262,1.098488,-0.6677925,353.2259,353.6021,1.638995,0,0,False
1,Center_Dir_Close,244,15.45999,0.1003152,1.098305,-0.6677591,0.08365016,0.8012431,-0.6066729,0.6601823,-0.1183398,0.03705859,-0.740798,0.3153897,0.6925641,-0.3499753,0.2019337,0.08962069,-0.2331494,0.9470123,MathCanvas,-0.08550607,1.297182,0.9865712,0.1003262,1.098488,-0.6677925,-0.1106557,0.1179549,0.9868343,0.1320306,1.09921,-0.6643151,-0.1105169,0.1171342,0.9869476,0.06859982,1.097399,-0.671203,-0.1105169,0.1171342,0.9869476,0.1003152,1.098305,-0.6677591,353.2733,353.6107,1.637081,0,0,False
1,Center_Dir_Close,245,15.47999,0.1003158,1.098004,-0.66769,0.08379465,0.8013006,-0.6065146,0.6595744,-0.1178797,0.03807349,-0.7413611,0.3153996,0.6925535,-0.3499838,0.2019439,0.08962422,-0.2331185,0.9470174,MathCanvas,-0.08527294,1.296135,0.9873261,0.1003152,1.098305,-0.6677591,-0.1105169,0.1171343,0.9869476,0.1320318,1.098909,-0.6642509,-0.1103583,0.1166162,0.9870267,0.06859991,1.097098,-0.6711291,-0.1103583,0.1166162,0.9870267,0.1003158,1.098004,-0.66769,353.3031,353.6203,1.636791,0,0,False
1,Center_Dir_Close,246,15.49999,0.1003524,1.097574,-0.6675574,0.08406891,0.8013592,-0.6061375,0.6580939,-0.1206131,0.03880971,-0.7421985,0.3154231,0.6925607,-0.3500197,0.2019452,0.08960882,-0.233119,0.9470184,MathCanvas,-0.08500417,1.29442,0.9872712,0.1003384,1.097665,-0.6675978,-0.1104831,0.1162942,0.9870507,0.1320683,1.098481,-0.6641191,-0.1103285,0.1158221,0.9871235,0.0686364,1.096666,-0.6709958,-0.1103285,0.1158221,0.9871235,0.1003524,1.097574,-0.6675574,353.349,353.6227,1.640215,0,0,False
1,Center_Dir_Close,247,15.51999,0.1003665,1.097504,-0.6675196,0.08402658,0.8013159,-0.6061323,0.6585382,-0.1194263,0.038627,-0.7420059,0.3154396,0.6925741,-0.3500459,0.2019098,0.08960614,-0.2331388,0.9470214,MathCanvas,-0.08486526,1.292533,0.9871676,0.1003524,1.097574,-0.6675574,-0.1103288,0.115822,0.9871235,0.1320833,1.098417,-0.6640903,-0.1100606,0.1153915,0.9872038,0.06864972,1.096591,-0.6709489,-0.1100606,0.1153915,0.9872038,0.1003665,1.097504,-0.6675196,353.3738,353.6385,1.650157,0,0,False
1,Center_Dir_Close,248,15.53999,0.1004929,1.097517,-0.6674438,0.08389973,0.8012354,-0.6064107,0.6596123,-0.1191863,0.03743498,-0.741151,0.3155128,0.6925749,-0.3501164,0.2018607,0.08959407,-0.2333096,0.946991,MathCanvas,-0.08466811,1.291751,0.9880035,0.1004207,1.097492,-0.6674742,-0.1100869,0.1151977,0.9872236,0.1322103,1.098428,-0.6640192,-0.1098921,0.1145612,0.9873194,0.06877556,1.096606,-0.6708683,-0.1098921,0.1145612,0.9873194,0.1004929,1.097517,-0.6674438,353.4217,353.6489,1.646332,0,0,False
1,Center_Dir_Close,249,15.55999,0.1005761,1.097491,-0.6674157,0.08395704,0.8010808,-0.6065216,0.6599337,-0.1192158,0.03727267,-0.7408684,0.315542,0.6925741,-0.3501281,0.2018454,0.08962434,-0.23343,0.9469616,MathCanvas,-0.08412176,1.290703,0.9881202,0.1004929,1.097517,-0.6674438,-0.1098922,0.1145611,0.9873194,0.1322945,1.098411,-0.6640034,-0.1095338,0.1140021,0.9874238,0.06885768,1.096572,-0.6708281,-0.1095338,0.1140021,0.9874238,0.1005761,1.097491,-0.6674157,353.4539,353.6701,1.661676,0,0,False
1,Center_Dir_Close,250,15.57999,0.100774,1.097346,-0.6673473,0.08425582,0.8007213,-0.6065234,0.6600739,-0.1197125,0.03753366,-0.7406501,0.3155772,0.6925712,-0.3501113,0.2017692,0.08968144,-0.233566,0.9469389,MathCanvas,-0.08375888,1.289658,0.9887292,0.1006692,1.097415,-0.6673751,-0.1091878,0.1130262,0.9875743,0.1324955,1.098253,-0.6639602,-0.1086788,0.1125718,0.9876824,0.06905247,1.096439,-0.6707344,-0.1086788,0.1125718,0.9876824,0.100774,1.097346,-0.6673473,353.5364,353.7208,1.639041,0,0,False
1,Center_Dir_Close,251,15.59999,0.1008689,1.097327,-0.6673048,0.08432528,0.8007391,-0.6065797,0.6601494,-0.1199214,0.0376337,-0.740544,0.3156117,0.6925662,-0.3501165,0.2017061,0.08969668,-0.2335524,0.9469543,MathCanvas,-0.08224097,1.286794,0.9879727,0.100774,1.097346,-0.6673473,-0.1086787,0.1125718,0.9876824,0.1325925,1.09823,-0.6639367,-0.1080652,0.1121638,0.9877961,0.06914528,1.096425,-0.6706728,-0.1080652,0.1121638,0.9877961,0.1008689,1.097327,-0.6673048,353.5599,353.7567,1.630668,0,0,False
1,Center_Dir_Close,252,15.61999,0.1009803,1.097326,-0.6672536,0.08435468,0.8007717,-0.6065815,0.6600794,-0.1199585,0.03763816,-0.7406,0.3156369,0.6925567,-0.3501203,0.2016866,0.08969387,-0.2335469,0.9469601,MathCanvas,-0.08131975,1.286042,0.9884421,0.1008689,1.097327,-0.6673048,-0.1080654,0.1121638,0.9877961,0.1327047,1.098223,-0.6638919,-0.1078518,0.1122734,0.987807,0.0692558,1.096428,-0.6706154,-0.1078518,0.1122734,0.987807,0.1009803,1.097326,-0.6672536,353.5536,353.769,1.621762,0,0,False
1,Center_Dir_Close,253,15.63999,0.1012137,1.097361,-0.667131,0.08455516,0.8006187,-0.6064751,0.6596978,-0.1202349,0.03766024,-0.7408941,0.315688,0.6925616,-0.3500718,0.2017651,0.08965184,-0.2335531,0.9469458,MathCanvas,-0.08015665,1.285333,0.9884688,0.1010921,1.09735,-0.667187,-0.1075543,0.1123543,0.9878302,0.132939,1.098258,-0.6637769,-0.1076136,0.1124129,0.9878171,0.06948847,1.096464,-0.6704851,-0.1076136,0.1124129,0.9878171,0.1012137,1.097361,-0.667131,353.5456,353.7827,1.620525,0,0,False
1,Center_Dir_Close,254,15.65999,0.1013418,1.097399,-0.6670784,0.08464196,0.8005434,-0.6064308,0.6595981,-0.1203607,0.03767838,-0.7409615,0.3156946,0.6925654,-0.3500509,0.2018001,0.08955363,-0.2335379,0.9469514,MathCanvas,-0.07908952,1.285711,0.9888604,0.1012137,1.097361,-0.667131,-0.1076134,0.1124131,0.9878171,0.1330685,1.098291,-0.6637372,-0.107191,0.1123314,0.9878724,0.06961498,1.096507,-0.6704195,-0.107191,0.1123314,0.9878724,0.1013418,1.097399,-0.6670784,353.5503,353.8073,1.612363,0,0,False
1,Center_Dir_Close,255,15.67999,0.1014745,1.09743,-0.6670292,0.08469603,0.800607,-0.606485,0.6596994,-0.1205417,0.03755312,-0.7408482,0.3157272,0.6925329,-0.3500376,0.2018231,0.08938988,-0.2335829,0.9469509,MathCanvas,-0.07914302,1.285933,0.9896465,0.1014128,1.097422,-0.6670489,-0.1067745,0.112569,0.9878904,0.1332046,1.098284,-0.6637094,-0.1063906,0.1124505,0.9879453,0.06974447,1.096577,-0.670349,-0.1063906,0.1124505,0.9879453,0.1014745,1.09743,-0.6670292,353.5434,353.8536,1.54293,0,0,False
1,Center_Dir_Close,256,15.69999,0.1015787,1.097434,-0.6670005,0.08468201,0.8003906,-0.6067136,0.660825,-0.1193406,0.037285,-0.7400527,0.3157735,0.6925312,-0.3500069,0.2018332,0.08943623,-0.2336714,0.9469225,MathCanvas,-0.07761413,1.286238,0.9899205,0.1014745,1.09743,-0.6670292,-0.1063906,0.1124505,0.9879453,0.1333098,1.098284,-0.6636895,-0.1061008,0.1123535,0.9879875,0.06984757,1.096585,-0.6703116,-0.1061008,0.1123535,0.9879875,0.1015787,1.097434,-0.6670005,353.549,353.8705,1.534979,0,0,False
1,Center_Dir_Close,257,15.71999,0.1018724,1.09744,-0.6669224,0.08512982,0.7998225,-0.6074044,0.6623684,-0.1277029,0.03620721,-0.7373257,0.3158851,0.6925434,-0.3499192,0.2018031,0.08953989,-0.2337609,0.946897,MathCanvas,-0.07690018,1.286079,0.9903585,0.1017306,1.097435,-0.666965,-0.1055282,0.1123889,0.9880448,0.1336078,1.098269,-0.6636474,-0.1049037,0.1122605,0.9881259,0.07013704,1.096612,-0.6701974,-0.1049037,0.1122605,0.9881259,0.1018724,1.09744,-0.6669224,353.5544,353.9399,1.497309,0,0,False
1,Center_Dir_Close,258,15.73999,0.102029,1.097388,-0.6668906,0.08492407,0.798798,-0.6081851,0.6633205,-0.1322709,0.03521409,-0.7357107,0.315911,0.6925336,-0.3499121,0.2017811,0.089548,-0.2337185,0.9469114,MathCanvas,-0.07513648,1.285957,0.9903842,0.1018724,1.09744,-0.6669224,-0.1049036,0.1122605,0.9881259,0.133766,1.098214,-0.6636302,-0.1044367,0.1120579,0.9881983,0.07029206,1.096562,-0.6701511,-0.1044367,0.1120579,0.9881983,0.102029,1.097388,-0.6668906,353.566,353.9672,1.492503,0,0,False
1,Center_Dir_Close,259,15.75999,0.102325,1.097201,-0.6668705,0.08477028,0.7983021,-0.6089582,0.665799,-0.128187,0.03594332,-0.734158,0.3159116,0.6925238,-0.3498873,0.2018516,0.08954165,-0.2337017,0.9469011,MathCanvas,-0.07394293,1.285701,0.9906541,0.102183,1.097299,-0.6668767,-0.1035592,0.1113758,0.9883678,0.1340688,1.097989,-0.6636674,-0.1024957,0.1105657,0.9885696,0.07058127,1.096413,-0.6700736,-0.1024957,0.1105657,0.9885696,0.102325,1.097201,-0.6668705,353.6521,354.0807,1.423783,0,0,False
