UID,Condition,Index,Time,Player_X,Player_Y,Player_Z,Left_X,Left_Y,Left_Z,LeftRot_X,LeftRot_Y,LeftRot_Z,LeftRot_W,Right_X,Right_Y,Right_Z,RightRot_X,RightRot_Y,RightRot_Z,RightRot_W,GazeObject,GP_X,GP_Y,GP_Z,GO_X,GO_Y,GO_Z,GZ_X,GZ_Y,GZ_Z,RE_X,RE_Y,RE_Z,RED_X,RED_Y,RED_Z,LE_X,LE_Y,LE_Z,LED_X,LED_Y,LED_Z,H_X,H_Y,H_Z,HR_X,HR_Y,HR_Z,Blinking,BlinkCount,EventTriggered
1,Center_Head_Far,0,3.579999,0.04558504,1.144464,0.01276028,0.2369464,0.8189666,0.6094034,0.3146912,0.1460855,0.8079885,-0.4762175,0.1437318,0.7253455,0.2293194,0.02467462,0.01535699,-0.2672074,0.9632007,,0,0,0,0.04616982,1.144457,0.01076861,-0.02655282,0.1157315,-0.9929258,0.07880595,1.143985,0.01471922,0.002812926,0.1163988,0.9931985,0.01236414,1.144942,0.01080134,0.05672095,0.1150781,0.9917357,0.04558504,1.144464,0.01276028,348.0335,356.8,359.1579,0,0,False
1,Center_Head_Far,1,3.599999,0.04558845,1.144611,0.01455456,0.2369464,0.8189666,0.6094034,0.3146912,0.1460855,0.8079885,-0.4762175,0.1435496,0.7266844,0.2286075,0.02132988,0.0104792,-0.2647355,0.9640282,,0,0,0,0.04558504,1.144464,0.01276028,0.02977582,0.1157391,0.9928333,0.07881863,1.144206,0.01636725,0.0069318,0.1166789,0.9931455,0.01235826,1.145016,0.01274187,0.06083562,0.1154764,0.9914455,0.04558845,1.144611,0.01455456,348.0247,357.0255,359.2875,0,0,False
1,Center_Head_Far,2,3.619999,0.04296698,1.14511,0.01863549,0.2369793,0.8189473,0.609365,0.3146464,0.1461162,0.8079567,-0.4762917,0.1411563,0.7292564,0.2289931,0.01398936,0.02620343,-0.2400339,0.97031,,0,0,0,0.04405372,1.144574,0.01664249,-0.02591548,0.1128276,-0.9932765,0.07620965,1.144807,0.02022551,0.002193928,0.1115937,0.9937515,0.009724308,1.145413,0.01704546,0.05615728,0.1106457,0.9922721,0.04296698,1.14511,0.01863549,348.3405,357.3692,359.4673,0,0,False
1,Center_Head_Far,3,3.639999,0.04217162,1.145358,0.02060658,0.2369793,0.8189473,0.609365,0.3146464,0.1461162,0.8079567,-0.4762917,0.1407229,0.7305691,0.228554,0.01064226,0.02524959,-0.2349051,0.9716321,,0,0,0,0.04296698,1.14511,0.01863549,-0.01226674,0.1060171,-0.9942887,0.07542092,1.145122,0.0220638,-0.01101173,0.105578,0.99435,0.008922316,1.145594,0.01914936,0.04303087,0.1048593,0.9935557,0.04217162,1.145358,0.02060658,348.3933,357.5739,359.5856,0,0,False
1,Center_Head_Far,4,3.659999,0.04136559,1.145608,0.02258442,0.2369793,0.8189473,0.609365,0.3146464,0.1461162,0.8079567,-0.4762917,0.1402884,0.7318847,0.2281139,0.007287115,0.02429256,-0.2297551,0.972918,,0,0,0,0.04217162,1.145358,0.02060658,-0.01601422,0.1052186,-0.9943202,0.07462087,1.14544,0.02390857,-0.007254303,0.1047298,0.9944742,0.008110318,1.145777,0.02126028,0.04678609,0.1041235,0.9934633,0.04136559,1.145608,0.02258442,348.4459,357.7791,359.7043,0,0,False
1,Center_Head_Far,5,3.679999,0.03719766,1.146375,0.02706091,0.2369989,0.818967,0.6093833,0.3146428,0.1461093,0.8079581,-0.4762937,0.1432312,0.7238644,0.2309266,0.03313977,0.07566087,-0.2374015,0.9678935,,0,0,0,0.03894891,1.146156,0.02493959,-0.01843113,0.1013551,-0.9946798,0.07045545,1.146688,0.02829234,-0.006111309,0.0987757,0.995091,0.00393986,1.146062,0.02582947,0.04792968,0.09897048,0.9939354,0.03719766,1.146375,0.02706091,348.6378,357.7713,0.5492125,0,0,False
1,Center_Head_Far,6,3.699999,0.03551444,1.146632,0.02924656,0.2369996,0.8189676,0.609386,0.3146577,0.1461022,0.8079635,-0.476277,0.1432877,0.7236989,0.2309648,0.03419522,0.08170254,-0.2344566,0.9680834,,0,0,0,0.03719766,1.146375,0.02706091,-0.01708716,0.09806471,-0.9950335,0.06877463,1.147045,0.03038006,-0.007299092,0.09643842,0.9953122,0.002254251,1.146219,0.02811306,0.04675362,0.09682342,0.9942029,0.03551444,1.146632,0.02924656,348.7302,357.9064,0.7249492,0,0,False
1,Center_Head_Far,7,3.719999,0.03145523,1.147525,0.03369762,0.2370113,0.8189706,0.6093369,0.314694,0.1460873,0.807984,-0.4762227,0.1417485,0.7211773,0.231913,0.03680432,0.07978269,-0.2232967,0.9707826,,0,0,0,0.03338006,1.147157,0.03149943,-0.00831027,0.08650905,-0.9962165,0.06471635,1.148114,0.03472075,-0.01651021,0.08400739,0.9963284,-0.001805883,1.146936,0.0326745,0.03757824,0.08477,0.9956917,0.03145523,1.147525,0.03369762,349.124,358.0434,1.031876,0,0,False
1,Center_Head_Far,8,3.739999,0.02948477,1.147888,0.03591126,0.2370113,0.8189706,0.6093369,0.314694,0.1460873,0.807984,-0.4762227,0.1412773,0.7205043,0.2321233,0.03710369,0.08083866,-0.2191714,0.9716235,,0,0,0,0.03145523,1.147525,0.03369762,-0.01053889,0.0843887,-0.9963773,0.06274626,1.148574,0.03685908,-0.0144625,0.08192637,0.9965334,-0.003776716,1.147202,0.03496343,0.03962183,0.08285163,0.995774,0.02948477,1.147888,0.03591126,349.2466,358.1435,1.201665,0,0,False
1,Center_Head_Far,9,3.759999,0.02458668,1.14955,0.04077033,0.2370328,0.8190303,0.6093136,0.3147053,0.14609,0.8079844,-0.4762137,0.1384875,0.7168387,0.2322638,0.04848398,0.06648751,-0.2230652,0.9713242,,0,0,0,0.02711648,1.148725,0.03826062,-0.01181641,0.08030371,-0.9967004,0.05783901,1.150518,0.04179108,-0.01723646,0.07788576,0.9968132,-0.008665659,1.148583,0.03974958,0.03683939,0.07927763,0.9961716,0.02458668,1.14955,0.04077033,349.4878,357.9326,1.693645,0,0,False
1,Center_Head_Far,10,3.779999,0.02213201,1.150195,0.04321045,0.2369933,0.8190361,0.6093042,0.3146759,0.1461057,0.8079674,-0.4762571,0.1375556,0.7152174,0.2324183,0.05790484,0.06576934,-0.2264226,0.9700795,,0,0,0,0.02458668,1.14955,0.04077033,-0.004274543,0.08399385,-0.9964571,0.05538041,1.151272,0.04424936,-0.02350876,0.08041128,0.9964845,-0.01111639,1.149118,0.04217154,0.03057589,0.08199905,0.9961633,0.02213201,1.150195,0.04321045,349.6559,357.8717,1.884956,0,0,False
1,Center_Head_Far,11,3.799999,0.01964281,1.15072,0.04569538,0.2369828,0.8190342,0.6093002,0.3146635,0.1461128,0.8079619,-0.4762726,0.1368813,0.7140694,0.2325286,0.06272709,0.06631494,-0.2264768,0.9697298,,0,0,0,0.02213201,1.150195,0.04321045,-0.003595804,0.08238012,-0.9965945,0.05288759,1.151897,0.04674115,-0.02380799,0.07867195,0.9966162,-0.01360197,1.149542,0.04464962,0.03027192,0.08041656,0.9963015,0.01964281,1.15072,0.04569538,349.8262,357.8343,2.059719,0,0,False
1,Center_Head_Far,12,3.819999,0.01468597,1.151034,0.05058803,0.236966,0.8190386,0.6093014,0.3146873,0.146112,0.807972,-0.47624,0.1354485,0.7115706,0.2321687,0.07129464,0.06958606,-0.2285057,0.9684318,,0,0,0,0.01718372,1.151295,0.04816527,-0.003226023,0.07712642,-0.9970162,0.04792152,1.152405,0.05169067,-0.02560322,0.06999083,0.997219,-0.01854958,1.149664,0.04948538,0.02846507,0.07207599,0.9969929,0.01468597,1.151034,0.05058803,350.33,357.6976,2.3934,0,0,False
1,Center_Head_Far,13,3.839999,0.01241562,1.150927,0.05300047,0.2369622,0.819048,0.60929,0.3146694,0.146115,0.8079652,-0.4762625,0.1342558,0.7107781,0.2316142,0.07095111,0.0682274,-0.2233021,0.9697666,,0,0,0,0.01468597,1.151034,0.05058803,-0.001433406,0.071034,-0.9974731,0.04564436,1.152386,0.05419114,-0.0281324,0.0626988,0.9976359,-0.02081311,1.149468,0.0518098,0.02592991,0.0649433,0.997552,0.01241562,1.150927,0.05300047,350.751,357.5384,2.545768,0,0,False
1,Center_Head_Far,14,3.859999,0.007423606,1.151621,0.05802558,0.236976,0.8190365,0.6092412,0.3146619,0.1461246,0.8079721,-0.4762528,0.1319335,0.709271,0.2311382,0.0733417,0.06458228,-0.2125845,0.9722438,,0,0,0,0.009975977,1.151359,0.05548592,-0.006460127,0.06557269,-0.9978269,0.04063975,1.153254,0.05933626,-0.0220323,0.05913638,0.9980068,-0.02579254,1.149989,0.05671491,0.03199457,0.0616378,0.9975857,0.007423606,1.151621,0.05802558,351.3999,357.3148,2.843539,0,0,False
1,Center_Head_Far,15,3.879999,0.004881646,1.151927,0.06054165,0.236976,0.8190365,0.6092412,0.3146619,0.1461246,0.8079721,-0.4762528,0.130994,0.7083804,0.2309928,0.07544708,0.06386713,-0.2092323,0.9728569,,0,0,0,0.007423606,1.151621,0.05802558,-0.004985106,0.0603874,-0.9981626,0.03809151,1.153647,0.06189943,-0.02334692,0.05390436,0.9982731,-0.02832821,1.150207,0.05918387,0.0306731,0.05656055,0.9979279,0.004881646,1.151927,0.06054165,351.7039,357.2266,2.992909,0,0,False
1,Center_Head_Far,16,3.899999,0.0003004894,1.151509,0.06572021,0.2370079,0.8191546,0.6092483,0.314647,0.146135,0.8079579,-0.4762834,0.1309581,0.7071233,0.2310292,0.07724897,0.06743208,-0.2121724,0.9718376,,0,0,0,0.002345573,1.152179,0.06306408,-0.003040538,0.05650258,-0.9983979,0.03349806,1.153334,0.06723163,-0.02666602,0.04387946,0.9986808,-0.03289708,1.149684,0.06420879,0.02734444,0.04665206,0.9985369,0.0003004894,1.151509,0.06572021,352.6414,356.9868,3.170107,0,0,False
1,Center_Head_Far,17,3.919999,-0.001847722,1.151265,0.06814229,0.2370166,0.8191484,0.6092442,0.3146613,0.1461284,0.8079585,-0.4762749,0.1305973,0.7063234,0.2310074,0.07972933,0.06848652,-0.2120558,0.971589,,0,0,0,0.0003004894,1.151509,0.06572021,-0.001063187,0.04748114,-0.9988717,0.03134229,1.153155,0.06973834,-0.0280927,0.03717503,0.9989138,-0.03503773,1.149375,0.06654624,0.02590732,0.04014678,0.9988579,-0.001847722,1.151265,0.06814229,353.1539,356.8557,3.278336,0,0,False
1,Center_Head_Far,18,3.939999,-0.004109451,1.151067,0.0705842,0.2370166,0.8191484,0.6092442,0.3146613,0.1461284,0.8079585,-0.4762749,0.1302808,0.7055241,0.2309965,0.08233241,0.06969655,-0.2122443,0.9712446,,0,0,0,-0.001847722,1.151265,0.06814229,-0.006115823,0.03905668,-0.9992183,0.02907243,1.153048,0.07223821,-0.02226925,0.02965567,0.999312,-0.03729133,1.149087,0.06893019,0.03170028,0.03278257,0.9989597,-0.004109451,1.151067,0.0705842,353.6136,356.7641,3.432688,0,0,False
1,Center_Head_Far,19,3.959999,-0.007229727,1.151665,0.07561929,0.2370374,0.8191443,0.609237,0.314656,0.1461297,0.8079526,-0.4762881,0.1311114,0.7045299,0.2313649,0.09111527,0.07713511,-0.2179306,0.9686354,,0,0,0,-0.005538913,1.15114,0.0729491,-0.002706299,0.02018631,-0.9997927,0.02594713,1.153668,0.0773461,-0.02369781,0.01637162,0.999585,-0.04040659,1.149663,0.07389247,0.03026791,0.01957449,0.9993502,-0.007229727,1.151665,0.07561929,354.3765,356.6805,3.465829,0,0,False
1,Center_Head_Far,20,3.979999,-0.009014685,1.151675,0.07831762,0.2370816,0.819198,0.6092378,0.3146541,0.1461174,0.8079715,-0.4762611,0.1311107,0.7042174,0.2313085,0.09258541,0.0787196,-0.2161378,0.9687702,,0,0,0,-0.007229727,1.151665,0.07561929,-0.01505557,-0.1487337,-0.9887629,0.02416473,1.153658,0.08001702,-0.01122644,-0.1498324,0.9886477,-0.04219409,1.149692,0.07661822,0.04270454,-0.1461457,0.9883409,-0.009014685,1.151675,0.07831762,354.3309,356.7284,3.433365,0,0,False
1,Center_Head_Far,21,3.999999,-0.01264935,1.151372,0.08363261,0.2370947,0.8191907,0.6092145,0.3146787,0.1460971,0.8079906,-0.4762186,0.1307976,0.7030368,0.2312731,0.09725706,0.08200677,-0.2147744,0.9683429,,0,0,0,-0.01084141,1.151445,0.08099244,0.03515268,-0.3171182,0.9477344,0.0205329,1.153324,0.08531275,0.008233793,-0.3226654,0.9464773,-0.0458316,1.14942,0.08195247,0.06209631,-0.3183776,0.945928,-0.01264935,1.151372,0.08363261,354.6246,356.7846,3.377234,0,0,False
1,Center_Head_Far,22,4.019999,-0.01444049,1.151171,0.08634111,0.2370957,0.8191853,0.6092066,0.3146892,0.1460962,0.8079939,-0.4762064,0.1307043,0.7025404,0.231233,0.09925614,0.08390577,-0.213376,0.9682865,MathCanvas,0.04699036,0.6133533,1.691548,-0.01264935,1.151372,0.08363261,0.03522681,-0.3198056,0.9468281,0.01874247,1.153112,0.0880207,0.008393386,-0.3244341,0.9458711,-0.04762346,1.149231,0.08466153,0.06225878,-0.3201845,0.9453072,-0.01444049,1.151171,0.08634111,354.775,356.7964,3.356327,0,0,False
1,Center_Head_Far,23,4.039999,-0.0161071,1.150621,0.09075198,0.2371073,0.8191699,0.6091988,0.3146839,0.146088,0.8079971,-0.4762069,0.1322007,0.7023563,0.2309744,0.1063927,0.09041094,-0.2118793,0.9672713,MathCanvas,0.04895855,0.5756048,1.790384,-0.01489665,1.151156,0.08846232,0.04479505,-0.3279183,0.9436435,0.017086,1.152568,0.09220999,0.02076881,-0.3363659,0.9415023,-0.0493002,1.148675,0.08929396,0.07459399,-0.3319629,0.9403384,-0.0161071,1.150621,0.09075198,355.4556,357.2181,3.362953,0,0,False
1,Center_Head_Far,24,4.059999,-0.01731247,1.149976,0.09310681,0.2371088,0.8191619,0.6092038,0.3146861,0.1460847,0.8080019,-0.4761984,0.1325004,0.7019628,0.2309289,0.1102005,0.09269389,-0.2105709,0.9669145,MathCanvas,0.06668371,0.5445588,1.834805,-0.0161071,1.150621,0.09075198,0.0564071,-0.310691,0.9488358,0.01588784,1.151867,0.09447015,0.03211467,-0.318698,0.9473121,-0.05051279,1.148085,0.09174348,0.08587517,-0.3142697,0.9454417,-0.01731247,1.149976,0.09310681,355.7968,357.4089,3.265774,0,0,False
1,Center_Head_Far,25,4.079998,-0.01856473,1.149494,0.09548175,0.2371088,0.8191619,0.6092038,0.3146861,0.1460847,0.8080019,-0.4761984,0.1326362,0.701491,0.2308723,0.1132345,0.09475223,-0.2099632,0.9664965,MathCanvas,0.0925765,0.5447066,1.941572,-0.01731247,1.149976,0.09310681,0.0589482,-0.3162487,0.9468431,0.01463863,1.151371,0.09678842,0.03389083,-0.3232918,0.9456922,-0.05176809,1.147616,0.09417509,0.08764759,-0.3188522,0.9437432,-0.01856473,1.149494,0.09548175,356.0876,357.525,3.241478,0,0,False
1,Center_Head_Far,26,4.099998,-0.02073519,1.147606,0.09947477,0.2371379,0.8191926,0.6092281,0.3146521,0.146062,0.8080058,-0.4762212,0.133879,0.701583,0.2293997,0.1122728,0.103623,-0.2047892,0.9668084,MathCanvas,0.09891082,0.5192541,1.982408,-0.01981979,1.148947,0.09784619,0.0631262,-0.3261748,0.9431994,0.01249281,1.149228,0.1004559,0.04151929,-0.3378262,0.9402922,-0.05396319,1.145983,0.09849361,0.09528324,-0.333738,0.937838,-0.02073519,1.147606,0.09947477,356.9383,358.1591,2.798488,0,0,False
1,Center_Head_Far,27,4.119998,-0.02170839,1.14696,0.1009859,0.2371247,0.819181,0.6092229,0.3146741,0.1460475,0.8080169,-0.4761924,0.1342684,0.701681,0.2285904,0.111593,0.1066737,-0.2043932,0.9666391,MathCanvas,0.1076983,0.4839867,2.018461,-0.02073519,1.147606,0.09947477,0.07469847,-0.3324767,0.9401486,0.01152654,1.148521,0.1018204,0.05186297,-0.3434154,0.9377505,-0.05494332,1.145398,0.1001514,0.1055671,-0.3392862,0.9347409,-0.02170839,1.14696,0.1009859,357.4701,358.4428,2.691865,0,0,False
1,Center_Head_Far,28,4.139998,-0.02367938,1.145402,0.1044628,0.2371247,0.819181,0.6092229,0.3146741,0.1460475,0.8080169,-0.4761924,0.1348754,0.7013832,0.2275979,0.1136362,0.112198,-0.2023862,0.9661978,MathCanvas,0.1370282,0.4404362,2.09883,-0.02275228,1.14616,0.1028018,0.08514602,-0.3381863,0.9372194,0.009565493,1.146854,0.1050668,0.06138801,-0.3471625,0.9357936,-0.05692425,1.14395,0.1038589,0.1150443,-0.3431168,0.9322208,-0.02367938,1.145402,0.1044628,358.2981,358.8849,2.501995,0,0,False
1,Center_Head_Far,29,4.159998,-0.02402486,1.145819,0.1047471,0.2371063,0.8191732,0.60922,0.3146456,0.1460683,0.8079872,-0.4762552,0.1340116,0.7024602,0.2251656,0.1147652,0.1105417,-0.1975666,0.9672523,MathCanvas,0.1606357,0.4133324,2.133255,-0.02367938,1.145402,0.1044628,0.0882313,-0.3451405,0.9343946,0.009216513,1.14741,0.1051651,0.06845231,-0.354144,0.9326823,-0.05726623,1.144228,0.1043291,0.1220685,-0.3498388,0.928823,-0.02402486,1.145819,0.1047471,358.7474,359.2196,2.740872,0,0,False
1,Center_Head_Far,30,4.179998,-0.02555702,1.145666,0.1067915,0.2371294,0.819235,0.6092669,0.3146528,0.1460488,0.8080063,-0.4762238,0.1335841,0.7036198,0.2222252,0.1160331,0.1117922,-0.1954019,0.967397,MathCanvas,0.1741855,0.3704661,2.20385,-0.02488399,1.145702,0.1057836,0.09896445,-0.3397421,0.9352975,0.007688507,1.147221,0.1069104,0.07602424,-0.344536,0.9356897,-0.05880254,1.144112,0.1066726,0.1296101,-0.3403362,0.9313284,-0.02555702,1.145666,0.1067915,359.156,359.7556,2.677286,0,0,False
1,Center_Head_Far,31,4.199998,-0.02631378,1.14549,0.1077916,0.2371294,0.819235,0.6092669,0.3146528,0.1460488,0.8080063,-0.4762238,0.1335916,0.7038027,0.2212534,0.1171276,0.1134251,-0.1939455,0.9673681,MathCanvas,0.2006572,0.3690797,2.244706,-0.02555702,1.145666,0.1067915,0.09230418,-0.3257397,0.9409429,0.006932532,1.147032,0.1077702,0.06953168,-0.3328065,0.9404282,-0.0595601,1.143948,0.1078131,0.123201,-0.328858,0.9363087,-0.02631378,1.14549,0.1077916,359.4645,0.01217991,2.655322,0,0,False
1,Center_Head_Far,32,4.219998,-0.02725547,1.145325,0.1082576,0.2371331,0.8192452,0.6092709,0.3146582,0.1460521,0.8080117,-0.4762101,0.1332629,0.7061312,0.2165157,0.1170292,0.1126491,-0.2035778,0.9654897,MathCanvas,0.1909177,0.3788843,2.322235,-0.02685174,1.145539,0.1081615,0.100926,-0.3328791,0.9375529,0.005991859,1.146801,0.1078983,0.07866251,-0.3386394,0.9376223,-0.0605028,1.143848,0.1086169,0.1322938,-0.334771,0.9329666,-0.02725547,1.145325,0.1082576,359.812,0.6107494,2.543264,0,0,False
1,Center_Head_Far,33,4.239998,-0.02756148,1.145229,0.1083435,0.2371385,0.8192477,0.6092238,0.3146564,0.1460647,0.8080112,-0.4762084,0.1328138,0.7067819,0.2146859,0.1193324,0.1126193,-0.2024838,0.9654413,MathCanvas,0.2141325,0.3491673,2.350632,-0.02725547,1.145325,0.1082576,0.09707828,-0.3081988,0.9463558,0.005684456,1.146698,0.1078489,0.07412615,-0.3135278,0.9466813,-0.06080742,1.14376,0.1088381,0.1278146,-0.3099062,0.9421367,-0.02756148,1.145229,0.1083435,0.02381028,0.8533253,2.529939,0,0,False
1,Center_Head_Far,34,4.259998,-0.02804619,1.145287,0.1084078,0.2371375,0.8192509,0.6092196,0.3146432,0.1460729,0.8080024,-0.4762295,0.1324688,0.7072966,0.2130755,0.1212935,0.1128023,-0.2008705,0.9655126,MathCanvas,0.2111403,0.3874116,2.435298,-0.02756148,1.145229,0.1083435,0.101002,-0.3117426,0.9447832,0.005197439,1.146758,0.1077809,0.0780599,-0.3172732,0.9451161,-0.06128981,1.143816,0.1090348,0.131729,-0.3136313,0.9403632,-0.02804619,1.145287,0.1084078,0.2489977,1.091419,2.532946,0,0,False
1,Center_Head_Far,35,4.279998,-0.0289804,1.145256,0.1086951,0.2371364,0.8192524,0.6092187,0.3146312,0.1460822,0.8079942,-0.4762485,0.1323813,0.7075664,0.2122833,0.1219469,0.113185,-0.200775,0.9654053,MathCanvas,0.2235996,0.3685825,2.462328,-0.02850437,1.145263,0.1085421,0.1026031,-0.2914384,0.9510711,0.004257964,1.146701,0.1077917,0.07981219,-0.2970643,0.9515161,-0.06221877,1.14381,0.1095985,0.1334954,-0.2936252,0.9465533,-0.0289804,1.145256,0.1086951,0.6997076,1.58735,2.489804,0,0,False
1,Center_Head_Far,36,4.299998,-0.02875646,1.145573,0.1082436,0.2371581,0.8192475,0.6092433,0.3146587,0.1460686,0.8080022,-0.4762209,0.1308646,0.7086094,0.2079538,0.1294232,0.1119298,-0.1908987,0.9665812,MathCanvas,0.2298578,0.4100406,2.507973,-0.0289804,1.145256,0.1086951,0.1066815,-0.2953453,0.9494157,0.004481047,1.147007,0.1072909,0.08111902,-0.2972022,0.9513624,-0.06199396,1.14414,0.1091962,0.1347961,-0.2937819,0.9463204,-0.02875646,1.145573,0.1082436,0.7068556,1.672226,2.469411,0,0,False
1,Center_Head_Far,37,4.319998,-0.02926558,1.145496,0.1082874,0.2371617,0.8192594,0.6092611,0.3146313,0.1460882,0.8079807,-0.4762695,0.1300438,0.7094964,0.2048143,0.134971,0.111684,-0.1849454,0.9670082,MathCanvas,0.2468418,0.3825864,2.560938,-0.02881483,1.14547,0.1080343,0.09227155,-0.2649888,0.9598265,0.003966043,1.146898,0.1071088,0.0685717,-0.2699916,0.9604179,-0.06249719,1.144094,0.1094661,0.1223777,-0.266977,0.9559011,-0.02926558,1.145496,0.1082874,1.05944,2.07602,2.414814,0,0,False
1,Center_Head_Far,38,4.339998,-0.02945,1.145491,0.1081887,0.2371617,0.8192594,0.6092611,0.3146313,0.1460882,0.8079807,-0.4762695,0.1296575,0.7099419,0.2032494,0.1374853,0.111407,-0.182309,0.9671865,MathCanvas,0.2116735,0.4535582,2.614583,-0.02926558,1.145496,0.1082874,0.09533806,-0.268518,0.9585451,0.003778061,1.146881,0.1069007,0.07157176,-0.2733208,0.9592566,-0.06267806,1.144101,0.1094767,0.1253644,-0.2703238,0.9545726,-0.02945,1.145491,0.1081887,1.255264,2.27233,2.394268,0,0,False
1,Center_Head_Far,39,4.359998,-0.02816441,1.144519,0.1059813,0.2371662,0.8192711,0.6092882,0.3146462,0.1460834,0.8079861,-0.4762518,0.1290774,0.7108378,0.2003886,0.1425116,0.1062391,-0.1757197,0.9682594,MathCanvas,0.2245574,0.4300836,2.662022,-0.02969453,1.145509,0.1081357,0.101269,-0.2769111,0.9555442,0.005062871,1.145617,0.10442,0.076682,-0.285046,0.9554416,-0.06139169,1.143421,0.1075427,0.1304638,-0.2826434,0.9503115,-0.02816441,1.144519,0.1059813,1.82649,2.750713,1.891202,0,0,False
1,Center_Head_Far,40,4.379999,-0.02783993,1.144103,0.1051546,0.2371812,0.8192595,0.6092421,0.3146371,0.146084,0.8079805,-0.4762673,0.129287,0.7117042,0.198841,0.141593,0.1052957,-0.1767081,0.9683174,MathCanvas,0.2443893,0.3992451,2.677716,-0.02816441,1.144519,0.1059813,0.09446169,-0.258696,0.961329,0.005384531,1.14508,0.1034587,0.07053675,-0.2650937,0.9616392,-0.0610644,1.143127,0.1068505,0.1243756,-0.2629322,0.956764,-0.02783993,1.144103,0.1051546,2.132297,2.984681,1.682884,0,0,False
1,Center_Head_Far,41,4.399999,-0.02750686,1.143558,0.1043383,0.2371874,0.8192548,0.6092426,0.3146564,0.1460769,0.8079913,-0.4762385,0.1295701,0.7125389,0.197159,0.1402117,0.104246,-0.1775858,0.9684713,MathCanvas,0.2309935,0.4352536,2.739281,-0.02783993,1.144103,0.1051546,0.09490371,-0.2513342,0.9632365,0.005712211,1.144425,0.1024845,0.07176159,-0.2579719,0.9634836,-0.06072593,1.142691,0.1061922,0.1256014,-0.2560282,0.9584748,-0.02750686,1.143558,0.1043383,2.459808,3.258305,1.494389,0,0,False
1,Center_Head_Far,42,4.419999,-0.02678952,1.14265,0.1025083,0.2371956,0.8192545,0.6092478,0.3146675,0.1460697,0.8080055,-0.4762091,0.1298736,0.713954,0.1938229,0.1395145,0.1023404,-0.1735366,0.9695088,MathCanvas,0.2348948,0.4486378,2.767615,-0.02719101,1.143133,0.1035431,0.1020137,-0.261742,0.9597314,0.006417396,1.143327,0.1003781,0.0783228,-0.2666115,0.9606164,-0.05999643,1.141973,0.1046385,0.1321291,-0.2649587,0.9551643,-0.02678952,1.14265,0.1025083,2.967345,3.73094,1.167222,0,0,False
1,Center_Head_Far,43,4.439999,-0.02643714,1.142999,0.1013266,0.2371917,0.8192629,0.6092572,0.314625,0.1460883,0.807978,-0.4762782,0.129956,0.714299,0.1922168,0.1406837,0.1018893,-0.1615969,0.971449,MathCanvas,0.2575701,0.4130535,2.777725,-0.02678952,1.14265,0.1025083,0.1052611,-0.2657852,0.9582684,0.006758338,1.143589,0.09900096,0.0832732,-0.2641939,0.9608679,-0.05963261,1.14241,0.1036522,0.1370507,-0.2626889,0.9550977,-0.02643714,1.142999,0.1013266,2.821252,4.057474,1.015742,0,0,False
1,Center_Head_Far,44,4.459999,-0.02574929,1.143372,0.09890424,0.2371874,0.8192521,0.6092566,0.3146631,0.1460641,0.8080027,-0.4762186,0.1297839,0.7148348,0.1889724,0.1450911,0.09967566,-0.1449111,0.9736602,MathCanvas,0.2713124,0.3911791,2.811958,-0.02605154,1.143337,0.1000537,0.16616,-0.3764239,0.9114252,0.007422563,1.143867,0.09624356,0.1431198,-0.378851,0.9143242,-0.05892114,1.142878,0.1015649,0.1962531,-0.3761815,0.9055232,-0.02574929,1.143372,0.09890424,2.777532,4.627105,0.8518152,0,0,False
1,Center_Head_Far,45,4.479999,-0.02556166,1.143156,0.09718367,0.2371816,0.8192533,0.6092618,0.314667,0.14606,0.8080072,-0.4762096,0.1295488,0.7143165,0.187268,0.1497087,0.09700179,-0.1337295,0.9748304,MathCanvas,0.2713124,0.3911791,2.811958,-0.02574929,1.143372,0.09890424,0.1697295,-0.3779484,0.9101357,0.007594585,1.143692,0.09434266,0.1485918,-0.3771943,0.9141362,-0.0587179,1.14262,0.1000247,0.2016727,-0.3744733,0.9050403,-0.02556166,1.143156,0.09718367,2.653526,4.940243,0.9242196,0,0,False
1,Center_Head_Far,46,4.499999,-0.02468748,1.143617,0.09401068,0.2371843,0.8192759,0.609248,0.3146323,0.1460794,0.8079903,-0.4762554,0.1296611,0.7142343,0.1836968,0.1530837,0.09454961,-0.1251781,0.9756824,MathCanvas,0.2713124,0.3911791,2.811958,-0.0251104,1.14326,0.09564542,0.2002858,-0.5680586,0.798245,0.008435421,1.144242,0.09082025,0.1788244,-0.5698754,0.8020373,-0.05781038,1.142992,0.09720111,0.2314123,-0.5652474,0.7917978,-0.02468748,1.143617,0.09401068,2.580407,5.550272,1.076238,0,0,False
1,Center_Head_Far,47,4.519999,-0.02395492,1.144011,0.09233259,0.2371825,0.81927,0.6092126,0.3146702,0.14606,0.8080118,-0.4761996,0.1299464,0.7146533,0.1817326,0.1519308,0.09393118,-0.1242502,0.9760409,MathCanvas,0.2713124,0.3911791,2.811958,-0.02468748,1.143617,0.09401068,0.2050743,-0.5676445,0.7973232,0.009149212,1.144697,0.088965,0.1840844,-0.5693949,0.8011881,-0.05705905,1.143325,0.09570019,0.2366085,-0.5646836,0.7906635,-0.02395492,1.144011,0.09233259,2.554604,5.861297,1.182791,0,0,False
1,Center_Head_Far,48,4.539999,-0.02342635,1.144293,0.0906598,0.2371825,0.81927,0.6092126,0.3146702,0.14606,0.8080118,-0.4761996,0.1300077,0.7149629,0.1799573,0.1531186,0.09281977,-0.1196783,0.9765328,MathCanvas,0.2713124,0.3911791,2.811958,-0.02395492,1.144011,0.09233259,0.2104073,-0.5670418,0.796362,0.009659396,1.144995,0.08711925,0.1885428,-0.569223,0.8002729,-0.0565121,1.143591,0.09420036,0.241009,-0.5644873,0.7894737,-0.02342635,1.144293,0.0906598,2.545875,6.161802,1.209784,0,0,False
1,Center_Head_Far,49,4.559999,-0.02191384,1.145402,0.08699556,0.2371675,0.8192863,0.6092091,0.3146331,0.1460714,0.8079823,-0.4762707,0.1305249,0.7158573,0.1753403,0.1521837,0.0875159,-0.120488,0.977069,MathCanvas,0.2713124,0.3911791,2.811958,-0.02289451,1.144579,0.08898444,0.2194393,-0.5667294,0.7941437,0.01112231,1.146155,0.08302815,0.1999742,-0.5682533,0.7981845,-0.05495,1.144649,0.09096297,0.252286,-0.563442,0.7866924,-0.02191384,1.145402,0.08699556,2.484858,6.904329,1.298271,0,0,False
1,Center_Head_Far,50,4.579998,-0.02093053,1.145843,0.08509527,0.2371591,0.8192849,0.6092057,0.3146708,0.1460506,0.808001,-0.4762204,0.130428,0.7159407,0.1733566,0.156291,0.0847283,-0.1154379,0.977276,MathCanvas,0.2713124,0.3911791,2.811958,-0.02191384,1.145402,0.08699556,0.2123064,-0.5550327,0.804279,0.01208234,1.146623,0.08094347,0.1909056,-0.5572693,0.8080879,-0.0539434,1.145063,0.08924708,0.243411,-0.5529233,0.7968858,-0.02093053,1.145843,0.08509527,2.495785,7.226613,1.344231,0,0,False
1,Center_Head_Far,51,4.599998,-0.01881696,1.146647,0.0811356,0.2371503,0.8192777,0.6092024,0.3146744,0.1460485,0.8080046,-0.4762126,0.1303329,0.7163751,0.1694019,0.1625665,0.07990119,-0.1054067,0.9777921,MathCanvas,0.2713124,0.3911791,2.811958,-0.01983094,1.146238,0.08311065,0.2118233,-0.5479144,0.8092718,0.01414507,1.147439,0.07659984,0.1904293,-0.5497888,0.8133074,-0.05177898,1.145855,0.08567137,0.2429809,-0.5457837,0.801923,-0.01881696,1.146647,0.0811356,2.485132,7.894215,1.364797,0,0,False
1,Center_Head_Far,52,4.619998,-0.0172352,1.146619,0.07895353,0.2371241,0.8192781,0.6091967,0.3146286,0.1460718,0.8079739,-0.4762878,0.1301323,0.7169297,0.1673784,0.1662748,0.07636759,-0.09863366,0.9781575,MathCanvas,0.2713124,0.3911791,2.811958,-0.01881696,1.146647,0.0811356,0.2167768,-0.547788,0.8080447,0.01569149,1.147325,0.07415467,0.1955066,-0.5500847,0.8119015,-0.0501619,1.145912,0.08375239,0.2479758,-0.5462169,0.8000969,-0.0172352,1.146619,0.07895353,2.49202,8.345064,1.217495,0,0,False
1,Center_Head_Far,53,4.639998,-0.01325657,1.146964,0.07486059,0.2371117,0.8192901,0.6091561,0.3146638,0.1460537,0.8080062,-0.4762153,0.1303228,0.7197415,0.162805,0.1690416,0.06595472,-0.09369387,0.9789261,MathCanvas,0.2713124,0.3911791,2.811958,-0.01517917,1.146736,0.07693624,0.2112682,-0.5493778,0.8084243,0.01958885,1.147458,0.06950989,0.1898228,-0.5514669,0.8123125,-0.04610199,1.146471,0.08021128,0.2423755,-0.5484145,0.8003097,-0.01325657,1.146964,0.07486059,2.503383,9.289673,0.8507977,0,0,False
1,Center_Head_Far,54,4.659998,-0.01134969,1.147119,0.07271808,0.237111,0.8192898,0.6091567,0.3146557,0.1460593,0.8079981,-0.4762327,0.1304216,0.7207997,0.1605401,0.1710038,0.06024291,-0.09070954,0.9792346,MathCanvas,0.2713124,0.3911791,2.811958,-0.01325657,1.146964,0.07486059,0.208447,-0.5603244,0.8016149,0.02144574,1.147486,0.06705936,0.1874261,-0.562417,0.8053313,-0.04414511,1.146753,0.07837681,0.2399878,-0.559738,0.7931578,-0.01134969,1.147119,0.07271808,2.535759,9.817694,0.6312326,0,0,False
1,Center_Head_Far,55,4.679998,-0.007502653,1.147444,0.06845275,0.237111,0.8192898,0.6091567,0.3146557,0.1460593,0.8079981,-0.4762327,0.1305019,0.7224274,0.1562692,0.1746948,0.05130592,-0.0836018,0.9797245,MathCanvas,0.2713124,0.3911791,2.811958,-0.009385846,1.14728,0.07058148,0.2187795,-0.5616013,0.7979596,0.02519623,1.147619,0.06225213,0.1974791,-0.5632024,0.8023747,-0.04020154,1.147269,0.07465337,0.2498469,-0.560831,0.7893322,-0.007502653,1.147444,0.06845275,2.57199,10.75092,0.3016112,0,0,False
1,Center_Head_Far,56,4.699998,-0.003696196,1.147644,0.06601562,0.2371102,0.8193542,0.6091676,0.3146758,0.1460434,0.8080053,-0.476212,0.1308001,0.7244974,0.153844,0.1706973,0.03750921,-0.07376481,0.9818423,MathCanvas,0.2713124,0.3911791,2.811958,-0.007502653,1.147444,0.06845275,0.2292445,-0.5640543,0.7932778,0.02882124,1.147654,0.05892257,0.2219631,-0.5661834,0.7938317,-0.03621363,1.147635,0.07310868,0.273821,-0.5643278,0.7788172,-0.003696196,1.147644,0.06601562,2.629511,12.30599,0.01665211,0,0,False
1,Center_Head_Far,57,4.719998,-0.000922285,1.147965,0.063854,0.2371233,0.8193541,0.609163,0.3146573,0.1460461,0.8079963,-0.4762388,0.1310401,0.7255645,0.1521098,0.1689501,0.03255611,-0.06784034,0.982748,MathCanvas,0.2713124,0.3911791,2.811958,-0.003696196,1.147644,0.06601562,0.2425813,-0.5647845,0.7887794,0.0315,1.147977,0.05633798,0.2271032,-0.5642502,0.7937543,-0.03334457,1.147953,0.07137002,0.2789106,-0.5621275,0.7786023,-0.000922285,1.147965,0.063854,2.518729,13.05248,0.02068766,0,0,False
1,Center_Head_Far,58,4.739998,0.004729826,1.148346,0.05939598,0.2371327,0.8193549,0.6091583,0.3146285,0.1460606,0.8079785,-0.4762836,0.1314808,0.7276159,0.148769,0.1665366,0.02534491,-0.05629159,0.9841009,MathCanvas,0.2713124,0.3911791,2.811958,0.001879227,1.148182,0.06165154,0.3970306,-0.5608044,0.7265433,0.0369383,1.148263,0.05101132,0.3815182,-0.5635501,0.7327042,-0.02747865,1.14843,0.06778064,0.4292648,-0.5572512,0.7107762,0.004729826,1.148346,0.05939598,2.385449,14.58568,359.8568,0,0,False
1,Center_Head_Far,59,4.759998,0.007765015,1.148724,0.05711078,0.23714,0.8193651,0.6091565,0.3146153,0.1460565,0.8079794,-0.4762919,0.1321864,0.7287256,0.1480237,0.1635205,0.0271729,-0.05134628,0.9848281,MathCanvas,0.2713124,0.3911791,2.811958,0.004729826,1.148346,0.05939598,0.4097742,-0.5604518,0.7197075,0.03978477,1.148525,0.04803384,0.3997605,-0.5633461,0.7230717,-0.02425474,1.148923,0.06618772,0.4468907,-0.5573153,0.6997774,0.007765015,1.148724,0.05711078,2.323528,15.81303,359.657,0,0,False
1,Center_Head_Far,60,4.779998,0.01364915,1.149897,0.05306857,0.2371486,0.8193828,0.6091153,0.314637,0.1460443,0.8079965,-0.4762525,0.134436,0.7301294,0.1469418,0.161118,0.02500994,-0.05809297,0.9849064,MathCanvas,0.2713124,0.3911791,2.811958,0.01083651,1.14925,0.05504772,0.4356947,-0.5570791,0.7069888,0.04534909,1.14997,0.04292935,0.4247382,-0.5571902,0.7135381,-0.01805078,1.149823,0.0632078,0.471171,-0.5507129,0.6889944,0.01364915,1.149897,0.05306857,1.954449,17.74121,0.1270091,0,0,False
1,Center_Head_Far,61,4.799998,0.01660731,1.150376,0.05095434,0.2371486,0.8193828,0.6091153,0.314637,0.1460443,0.8079965,-0.4762525,0.1349082,0.7309902,0.1455995,0.1603512,0.02203663,-0.05559667,0.9852467,MathCanvas,0.2713124,0.3911791,2.811958,0.01364915,1.149897,0.05306857,0.4344395,-0.5524437,0.7113848,0.04814785,1.150473,0.04032984,0.4225512,-0.553705,0.7175384,-0.01493324,1.150279,0.06157884,0.4691352,-0.5477045,0.6927713,0.01660731,1.150376,0.05095434,1.841455,18.62158,0.1670852,0,0,False
1,Center_Head_Far,62,4.819998,0.02133293,1.152179,0.04824696,0.2371708,0.8195308,0.6091115,0.3146469,0.1460223,0.8080134,-0.4762239,0.1369198,0.7312835,0.1458698,0.1550114,0.02222157,-0.06270797,0.9856701,MathCanvas,0.2713124,0.3911791,2.811958,0.0195442,1.151089,0.04889824,0.4574299,-0.5486383,0.6998242,0.05264769,1.152535,0.03697959,0.4430826,-0.5437348,0.7127625,-0.009981832,1.151823,0.05951434,0.4890844,-0.5374196,0.6870055,0.02133293,1.152179,0.04824696,1.237579,19.80251,0.6136528,0,0,False
1,Center_Head_Far,63,4.839998,0.02354389,1.153009,0.04702193,0.2371672,0.8195415,0.6091171,0.3146432,0.1460291,0.8080058,-0.4762373,0.1377556,0.7316387,0.1460663,0.1520563,0.02417958,-0.06301522,0.9860646,MathCanvas,0.2713124,0.3911791,2.811958,0.02133293,1.152179,0.04824696,0.4311047,-0.5368304,0.7252322,0.05474294,1.153466,0.03544153,0.4168793,-0.5355771,0.7344174,-0.007655155,1.152552,0.05860234,0.4639559,-0.5303615,0.7095504,0.02354389,1.153009,0.04702193,1.004475,20.37762,0.786918,0,0,False
1,Center_Head_Far,64,4.859998,0.02751856,1.154819,0.04486492,0.2371571,0.8195298,0.60911,0.3146138,0.1460463,0.8079863,-0.4762844,0.1395197,0.7324454,0.1460136,0.1478086,0.02782034,-0.06355435,0.9865797,MathCanvas,0.2713124,0.3911791,2.811958,0.02543915,1.153946,0.04601544,0.4144846,-0.5297617,0.7399697,0.05852053,1.155568,0.03278141,0.399739,-0.5278022,0.7494222,-0.003483418,1.154069,0.05694842,0.4475346,-0.5233052,0.7251651,0.02751856,1.154819,0.04486492,0.4508025,21.30428,1.290352,0,0,False
1,Center_Head_Far,65,4.879998,0.02793716,1.156178,0.04498835,0.2371507,0.8195226,0.6091083,0.3146391,0.1460399,0.8079987,-0.4762486,0.1411442,0.732363,0.1469676,0.1481331,0.03463275,-0.06819347,0.9860055,MathCanvas,0.2713124,0.3911791,2.811958,0.02751856,1.154819,0.04486492,0.4238102,-0.5255555,0.7376831,0.05904534,1.157247,0.03320557,0.3985408,-0.5201726,0.7553712,-0.003171021,1.15511,0.05677113,0.446516,-0.515205,0.731565,0.02793716,1.156178,0.04498835,0.0005619164,20.7451,1.840451,0,0,False
1,Center_Head_Far,66,4.899998,0.02765449,1.156929,0.04553652,0.2371494,0.8195909,0.6091228,0.3146294,0.1460415,0.80799,-0.4762693,0.1435698,0.7317058,0.1479959,0.1542541,0.0404477,-0.07635977,0.9842454,MathCanvas,0.2713124,0.3911791,2.811958,0.02793716,1.156178,0.04498835,0.4226957,-0.517691,0.7438578,0.05898008,1.158001,0.03434486,0.3852921,-0.5140335,0.7663679,-0.003671099,1.155857,0.05672818,0.4337022,-0.5090988,0.7434519,0.02765449,1.156929,0.04553652,359.5872,19.64693,1.845962,0,0,False
1,Center_Head_Far,67,4.919998,0.02920195,1.157956,0.04555643,0.2371799,0.8197196,0.6090966,0.3146201,0.1460384,0.8079909,-0.4762748,0.1466298,0.7319419,0.1480192,0.155895,0.04339412,-0.07904305,0.9836493,MathCanvas,0.2713124,0.3911791,2.811958,0.02846675,1.157312,0.04558203,0.3628983,-0.5112335,0.7790668,0.06066536,1.159075,0.03476307,0.3352882,-0.5099931,0.792142,-0.00226146,1.156837,0.05634979,0.3851127,-0.5062488,0.7716219,0.02920195,1.157956,0.04555643,359.1332,18.90511,1.927021,0,0,False
1,Center_Head_Far,68,4.939998,0.0298314,1.15859,0.04560277,0.2371799,0.8197196,0.6090966,0.3146201,0.1460384,0.8079909,-0.4762748,0.1479127,0.7321606,0.14799,0.1560725,0.04496191,-0.08070247,0.983416,Cube,0.265518,0.825045,0.5528776,0.02920195,1.157956,0.04555643,0.3346648,-0.5094924,0.7927276,0.0613277,1.159781,0.03491353,0.308361,-0.5068518,0.8049936,-0.001664903,1.157399,0.05629201,0.3588405,-0.5037599,0.785786,0.0298314,1.15859,0.04560277,358.8627,18.7055,2.051012,0,0,False
1,Center_Head_Far,69,4.959998,0.02902742,1.159555,0.04719262,0.237178,0.8197407,0.6090929,0.3146103,0.1460482,0.8079776,-0.4763008,0.1511391,0.7331727,0.1469688,0.1508092,0.04241699,-0.07734639,0.9846192,Cube,0.2428492,0.8342921,0.5501827,0.03045006,1.159219,0.04565925,0.3233615,-0.5038567,0.8009781,0.06098226,1.161192,0.03803279,0.2666408,-0.5065854,0.8199232,-0.002927426,1.157917,0.05635245,0.3181767,-0.5022688,0.8040458,0.02902742,1.159555,0.04719262,358.6722,15.92949,2.82061,0,0,False
1,Center_Head_Far,70,4.979998,0.02894936,1.159907,0.04774671,0.2371984,0.819725,0.6090939,0.3146356,0.146036,0.8079901,-0.4762667,0.1519126,0.7333293,0.1467503,0.1502043,0.04080307,-0.07640157,0.9848536,Cube,0.2330636,0.8416289,0.5525977,0.02902742,1.159555,0.04719262,0.2726887,-0.5111097,0.8151121,0.06104719,1.161509,0.03909463,0.2332797,-0.5106781,0.8275195,-0.003148474,1.158305,0.05639879,0.2853265,-0.5077311,0.8128948,0.02894936,1.159907,0.04774671,358.5424,15.01547,2.759616,0,0,False
1,Center_Head_Far,71,4.999998,0.02890141,1.160486,0.048927,0.2372141,0.8197137,0.6090953,0.3146529,0.1460251,0.808,-0.4762418,0.152642,0.7334245,0.1466231,0.1498879,0.03966751,-0.07595432,0.9849827,Cube,0.1946516,0.849326,0.5430584,0.02889524,1.160176,0.04833254,0.2473169,-0.5184317,0.8185737,0.06122537,1.162115,0.04116794,0.2099841,-0.5178894,0.8292751,-0.00342256,1.158857,0.05668605,0.2624143,-0.5148941,0.8161022,0.02890141,1.160486,0.048927,358.2352,13.41141,2.806806,0,0,False
1,Center_Head_Far,72,5.019998,0.02948331,1.160951,0.04908571,0.2372396,0.8197877,0.6090853,0.3146613,0.1460452,0.8079933,-0.4762415,0.1551697,0.7335913,0.1463466,0.1489477,0.03759703,-0.07584424,0.9852151,Cube,0.184426,0.8344716,0.5636848,0.02890141,1.160486,0.048927,0.2361003,-0.5184132,0.8218908,0.06189198,1.162452,0.04166126,0.1992405,-0.5197597,0.8307545,-0.002925368,1.159451,0.05651017,0.2517945,-0.5171978,0.8179891,0.02948331,1.160951,0.04908571,358.2298,12.82324,2.584836,0,0,False
1,Center_Head_Far,73,5.039998,0.02865029,1.16188,0.04921844,0.2372376,0.8198215,0.6090621,0.3146418,0.1460582,0.8079815,-0.4762703,0.1580343,0.7330877,0.1463497,0.1489142,0.03787553,-0.07770626,0.9850643,Cube,0.1813775,0.8274321,0.5778459,0.02948331,1.160951,0.04908571,0.2257912,-0.5164584,0.8260079,0.06118622,1.163578,0.04241943,0.1866149,-0.5151274,0.8365516,-0.003885642,1.160182,0.05601745,0.2394055,-0.5120225,0.8249351,0.02865029,1.16188,0.04921844,358.0521,11.70369,2.925415,0,0,False
1,Center_Head_Far,74,5.059998,0.02631167,1.16384,0.05060722,0.2372376,0.8197801,0.6090122,0.3146717,0.1460407,0.8080052,-0.4762157,0.1612435,0.7320459,0.1465647,0.1502051,0.04071628,-0.07948243,0.9846132,Cube,0.1782344,0.8197321,0.5964392,0.02751701,1.16293,0.04981261,0.1938356,-0.5235893,0.8296276,0.05914121,1.165796,0.04549947,0.1473262,-0.5201266,0.8412867,-0.006517876,1.161884,0.05571496,0.2006172,-0.5165573,0.832419,0.02631167,1.16384,0.05060722,357.3579,8.687718,3.373364,0,0,False
1,Center_Head_Far,75,5.079998,0.02442286,1.164699,0.05139977,0.2372262,0.8197698,0.6090028,0.3146302,0.1460609,0.8079804,-0.4762791,0.1648846,0.7303613,0.1470728,0.1518353,0.04535736,-0.08093273,0.984042,Cube,0.1782344,0.8197321,0.5964392,0.02631167,1.16384,0.05060722,0.1752565,-0.5186446,0.8368351,0.05740028,1.166411,0.047246,0.120495,-0.511814,0.8506042,-0.008554563,1.162987,0.05555354,0.1740347,-0.5086421,0.8432053,0.02442286,1.164699,0.05139977,356.7726,7.012642,2.953369,0,0,False
1,Center_Head_Far,76,5.099998,0.02258689,1.165646,0.05242757,0.2372537,0.8197743,0.6089683,0.3146567,0.1460615,0.8079873,-0.4762498,0.1684885,0.7277741,0.1480655,0.1517484,0.05238243,-0.08412538,0.9834386,Cube,0.1782344,0.8197321,0.5964392,0.02300093,1.165593,0.05210665,0.1283981,-0.5052012,0.8533966,0.05572854,1.167123,0.04975449,0.07869008,-0.5000458,0.8624164,-0.01055476,1.164169,0.05510065,0.1325285,-0.4972656,0.8574165,0.02258689,1.165646,0.05242757,355.9843,4.432631,2.549465,0,0,False
1,Center_Head_Far,77,5.119998,0.02133154,1.166063,0.05295705,0.23727,0.8197672,0.6089553,0.3146713,0.1460525,0.8079965,-0.4762272,0.1702676,0.7267084,0.1484748,0.1515269,0.05549515,-0.08686525,0.9830638,Cube,0.1782344,0.8197321,0.5964392,0.02258689,1.165646,0.05242757,0.04139163,-0.2978698,0.9537087,0.0545277,1.167538,0.0510771,-0.008592509,-0.2939211,0.9557911,-0.01186461,1.164587,0.05483699,0.04546303,-0.2922858,0.9552498,0.02133154,1.166063,0.05295705,355.6983,3.050055,2.547672,0,0,False
1,Center_Head_Far,78,5.139998,0.01871443,1.167036,0.05411051,0.2372776,0.8197647,0.6089486,0.3146682,0.1460506,0.8079946,-0.4762331,0.1738391,0.7252941,0.1488911,0.1517,0.05978452,-0.08950287,0.9825488,Cube,0.1782344,0.8197321,0.5964392,0.01998872,1.166543,0.05354638,0.01030875,-0.1235496,-0.992285,0.05196257,1.168499,0.05377144,-0.06042119,-0.1186723,0.9910934,-0.0145337,1.165572,0.05444958,-0.006417656,-0.1166015,0.9931581,0.01871443,1.167036,0.05411051,355.0278,0.364887,2.529799,0,0,False
1,Center_Head_Far,79,5.159998,0.01511942,1.166708,0.05474469,0.2372774,0.8197807,0.6089335,0.3146457,0.1460678,0.8079865,-0.4762564,0.1753708,0.7221413,0.1501192,0.160009,0.07139315,-0.09931139,0.9795088,Cube,0.1782344,0.8197321,0.5964392,0.01871443,1.167036,0.05411051,-0.0289344,-0.118576,0.9925233,0.04835982,1.168031,0.05575496,-0.09655009,-0.1208244,0.9879674,-0.01812098,1.165385,0.05373441,-0.04262447,-0.1188229,0.9920002,0.01511942,1.166708,0.05474469,355.1086,358.0641,2.286481,0,0,False
1,Center_Head_Far,80,5.179998,0.0136875,1.166746,0.05522238,0.2372893,0.8197774,0.608881,0.314662,0.1460613,0.8079939,-0.4762349,0.1764815,0.7209877,0.1504092,0.1628513,0.07496793,-0.0987812,0.9788266,Cube,0.1782344,0.8197321,0.5964392,0.01511942,1.166708,0.05474469,-0.06069081,-0.11822,0.991131,0.04689642,1.167999,0.05703764,-0.1118888,-0.1176965,0.9867261,-0.01952141,1.165494,0.05340713,-0.0580231,-0.1158821,0.9915668,0.0136875,1.166746,0.05522238,355.0294,356.6836,2.164367,0,0,False
1,Center_Head_Far,81,5.199998,0.01082434,1.166754,0.0562003,0.2372907,0.8197724,0.6088757,0.3146441,0.146067,0.8079847,-0.4762606,0.1790093,0.7189128,0.1509585,0.1662224,0.08131391,-0.09934997,0.9776951,Cube,0.1782344,0.8197321,0.5964392,0.01227543,1.166722,0.05570794,-0.04950849,-0.1272009,0.9906406,0.0439133,1.167893,0.05959428,-0.1006003,-0.1257248,0.9869513,-0.02226461,1.165615,0.05280633,-0.04667429,-0.1237138,0.9912196,0.01082434,1.166754,0.0562003,354.7386,353.9629,1.969418,0,0,False
1,Center_Head_Far,82,5.219998,0.009254746,1.166759,0.05669064,0.2372907,0.8197724,0.6088757,0.3146441,0.146067,0.8079847,-0.4762606,0.1804993,0.7178345,0.1512785,0.1679538,0.08478417,-0.1007513,0.9769608,Cube,0.1782344,0.8197321,0.5964392,0.01082434,1.166754,0.0562003,-0.07366822,-0.1247194,0.9894534,0.04225041,1.167848,0.06090903,-0.1255181,-0.1226457,0.9844812,-0.02374091,1.165669,0.05247226,-0.07171232,-0.1207191,0.9900931,0.009254746,1.166759,0.05669064,354.5605,352.5357,1.884457,0,0,False
1,Center_Head_Far,83,5.239998,0.008216598,1.166011,0.05758177,0.2373166,0.8198581,0.6088538,0.3146502,0.1460637,0.8079838,-0.4762592,0.177534,0.7203079,0.1490916,0.1574734,0.07226266,-0.09553308,0.9802315,Cube,0.1782344,0.8197321,0.5964392,0.008902043,1.166191,0.05699866,-0.05143893,-0.1528133,0.9869155,0.0411066,1.167041,0.06256989,-0.09409596,-0.1543769,0.9835211,-0.0246734,1.16498,0.05259367,-0.04030557,-0.1520728,0.9875471,0.008216598,1.166011,0.05758177,354.8566,351.2164,1.781601,0,0,False
1,Center_Head_Far,84,5.259998,0.007589485,1.165952,0.05803208,0.2373185,0.8198523,0.6088442,0.3146288,0.1460781,0.8079677,-0.4762962,0.1776635,0.7204978,0.1486566,0.1571577,0.07134128,-0.09693479,0.980212,Cube,0.1782344,0.8197321,0.5964392,0.008216598,1.166011,0.05758177,-0.06775372,-0.1530896,0.9858869,0.04040049,1.166924,0.06352643,-0.1100711,-0.1534055,0.9820138,-0.02522152,1.16498,0.05253773,-0.05634774,-0.1511962,0.9868965,0.007589485,1.165952,0.05803208,354.8022,350.3414,1.680874,0,0,False
1,Center_Head_Far,85,5.279998,0.007017341,1.165906,0.05885259,0.2373232,0.8198429,0.6088274,0.3146275,0.1460812,0.8079646,-0.4763015,0.1780128,0.7209839,0.1475807,0.1563939,0.0701738,-0.09856448,0.9802559,Cube,0.1782344,0.8197321,0.5964392,0.006842926,1.165781,0.0584634,0.01687565,-0.1705582,-0.985203,0.03970627,1.166751,0.06505067,-0.04848948,-0.1705523,0.9841548,-0.02567159,1.165062,0.0526545,0.004879192,-0.1677333,0.9858203,0.007017341,1.165906,0.05885259,354.6293,349.127,1.459883,0,0,False
1,Center_Head_Far,86,5.299998,0.007740144,1.165772,0.05921791,0.2373227,0.819852,0.6088246,0.3146702,0.1460617,0.8079933,-0.4762305,0.1784503,0.7218978,0.1458224,0.1535433,0.0691204,-0.09860362,0.9807773,Cube,0.1782344,0.8197321,0.5964392,0.007017341,1.165906,0.05885259,0.02794516,-0.1771426,0.9837884,0.04044433,1.16662,0.06533442,0.004023954,-0.1794689,0.9837555,-0.02496404,1.164923,0.05310139,0.05689132,-0.1761034,0.9827263,0.007740144,1.165772,0.05921791,354.6693,349.2703,1.46694,0,0,False
1,Center_Head_Far,87,5.319998,0.008093783,1.16562,0.05969639,0.2373423,0.8199056,0.608771,0.3146156,0.1460638,0.8079739,-0.4762988,0.1789345,0.7224206,0.1444487,0.1507834,0.06866942,-0.09907971,0.9811891,MathCanvas,0.09924996,0.5856959,3.280757,0.007740144,1.165772,0.05921791,0.03197687,-0.1781083,0.9834912,0.04078781,1.166376,0.06587902,0.003112465,-0.1810198,0.9834746,-0.02460024,1.164864,0.05351377,0.05598913,-0.1777944,0.9824737,0.008093783,1.16562,0.05969639,354.7112,349.171,1.306581,0,0,False
1,Center_Head_Far,88,5.339998,0.009673413,1.1659,0.06098104,0.2373828,0.8199432,0.608708,0.314622,0.1460579,0.8079818,-0.4762829,0.1798832,0.723074,0.1415969,0.1471497,0.07006603,-0.1000716,0.9815413,MathCanvas,0.1126873,0.5830427,3.276612,0.008525062,1.165583,0.06015532,0.07629798,-0.1833259,0.9800869,0.04240306,1.166325,0.06700471,0.05602735,-0.1867934,0.9808003,-0.02305624,1.165475,0.05495738,0.1081402,-0.1835377,0.9770464,0.009673413,1.1659,0.06098104,354.7359,349.5043,0.7352803,0,0,False
1,Center_Head_Far,89,5.359998,0.01038231,1.165853,0.06152739,0.2373828,0.8199432,0.608708,0.314622,0.1460579,0.8079818,-0.4762829,0.1799376,0.7231017,0.1414708,0.1469728,0.07007965,-0.1001381,0.9815601,MathCanvas,0.2577525,0.5698248,3.247685,0.009673413,1.1659,0.06098104,0.08210479,-0.1851657,0.9792714,0.04309655,1.166167,0.06764089,0.05272283,-0.1874926,0.98085,-0.02233193,1.165539,0.05541388,0.1048562,-0.1844069,0.9772406,0.01038231,1.165853,0.06152739,354.7311,349.365,0.5430441,0,0,False
1,Center_Head_Far,90,5.379998,0.01402635,1.166749,0.06276231,0.2373596,0.8199192,0.6087294,0.3145987,0.1460772,0.8079698,-0.4763128,0.1815933,0.7226578,0.1383942,0.1506295,0.07618164,-0.09851897,0.9807146,MathCanvas,0.2768053,0.565006,3.239179,0.01253396,1.166402,0.06222092,0.145995,-0.1889138,0.9710804,0.04695368,1.167031,0.06760041,0.1346163,-0.1871559,0.9730628,-0.01890098,1.166468,0.05792422,0.1856369,-0.1836876,0.9652967,0.01402635,1.166749,0.06276231,354.3906,351.5937,0.4865162,0,0,False
1,Center_Head_Far,91,5.399998,0.01550869,1.167004,0.06336185,0.2373596,0.8199192,0.6087294,0.3145987,0.1460772,0.8079698,-0.4763128,0.1815933,0.7226578,0.1383942,0.1506295,0.07618164,-0.09851897,0.9807146,MathCanvas,0.4860307,0.5559877,3.202282,0.01402635,1.166749,0.06276231,0.1824023,-0.1871282,0.9652525,0.04846952,1.16723,0.06796914,0.1635709,-0.1881594,0.9684218,-0.01745215,1.166778,0.05875455,0.2139337,-0.1845697,0.9592531,0.01550869,1.167004,0.06336185,354.3105,352.0039,0.3908396,0,0,False
1,Center_Head_Far,92,5.419998,0.01850283,1.167459,0.06465922,0.2374052,0.8198796,0.6086736,0.31462,0.1460513,0.8079893,-0.4762737,0.1843099,0.7220832,0.1343575,0.1536752,0.08498669,-0.1004543,0.9793213,MathCanvas,0.605132,0.5621042,3.183581,0.01693104,1.167289,0.06404623,0.2056305,-0.1814791,0.9616556,0.05160302,1.16787,0.06810938,0.1982397,-0.1811297,0.9632721,-0.01459736,1.167047,0.06120906,0.248233,-0.1773616,0.9523252,0.01850283,1.167459,0.06465922,353.9819,353.9747,0.7118102,0,0,False
1,Center_Head_Far,93,5.439998,0.02032065,1.167466,0.06531814,0.2374328,0.8198832,0.6086258,0.3145871,0.1460739,0.8079717,-0.4763182,0.1853045,0.7218436,0.1331079,0.1549116,0.08794941,-0.1021945,0.9786846,MathCanvas,0.6841602,0.5799829,3.177685,0.01850283,1.167459,0.06465922,0.2233176,-0.1790276,0.9581641,0.05347261,1.167925,0.06822189,0.2143571,-0.1798707,0.9600508,-0.01283131,1.167006,0.0624144,0.2641573,-0.176046,0.9482767,0.02032065,1.167466,0.06531814,353.945,354.9104,0.7956668,0,0,False
1,Center_Head_Far,94,5.459998,0.02389074,1.167469,0.06658546,0.237449,0.8198829,0.6086245,0.3145912,0.1460665,0.8079767,-0.4763094,0.1868897,0.7217225,0.1308269,0.1563388,0.09267785,-0.1033788,0.9778966,MathCanvas,0.7442033,0.587149,3.171201,0.02211092,1.167415,0.06593568,0.2503268,-0.1725196,0.9526665,0.05711623,1.168012,0.06844743,0.2392065,-0.1732014,0.9553961,-0.00933475,1.166925,0.06472349,0.2887741,-0.1694041,0.9422907,0.02389074,1.167469,0.06658546,353.9091,356.6926,0.9410212,0,0,False
1,Center_Head_Far,95,5.479998,0.02566417,1.167558,0.06732425,0.2374615,0.8198813,0.6086248,0.3146112,0.1460513,0.8079964,-0.4762674,0.1877319,0.7218534,0.1297933,0.1568524,0.09475837,-0.1027383,0.9776825,MathCanvas,0.8383653,0.6061509,3.166224,0.02389074,1.167469,0.06658546,0.2640719,-0.171303,0.9491687,0.05891912,1.168203,0.06850232,0.2593575,-0.1731608,0.9501311,-0.007590773,1.166913,0.06614618,0.3086329,-0.1692003,0.9360112,0.02566417,1.167558,0.06732425,353.9613,357.8536,1.116884,0,0,False
1,Center_Head_Far,96,5.499998,0.02766276,1.167766,0.06809165,0.2374596,0.8198802,0.6086245,0.3145865,0.1460676,0.807983,-0.4763015,0.1885393,0.7221515,0.1288999,0.1574886,0.09600273,-0.1017016,0.9775672,MathCanvas,0.8383653,0.6061509,3.166224,0.02566417,1.167558,0.06732425,0.2840834,-0.1711808,0.9433948,0.0609329,1.168515,0.06857305,0.2797192,-0.1715841,0.9446248,-0.005607385,1.167017,0.06761024,0.3286758,-0.1674826,0.9294739,0.02766276,1.167766,0.06809165,353.9214,359.0337,1.296779,0,0,False
1,Center_Head_Far,97,5.519998,0.0312309,1.167993,0.06933895,0.2374758,0.8198741,0.6086432,0.3146056,0.1460686,0.807991,-0.476275,0.1902034,0.7226306,0.1272567,0.1590797,0.09967203,-0.1012904,0.9769849,MathCanvas,0.8383653,0.6061509,3.166224,0.02945304,1.167909,0.06870264,0.2905826,-0.07144649,0.9541788,0.06448726,1.169041,0.06855625,0.2831698,-0.07110139,0.9564306,-0.002025453,1.166946,0.07012166,0.3325527,-0.06831206,0.9406073,0.0312309,1.167993,0.06933895,353.9121,1.155805,1.813847,0,0,False
1,Center_Head_Far,98,5.539998,0.03306902,1.168097,0.07000666,0.2374758,0.8198741,0.6086432,0.3146056,0.1460686,0.807991,-0.476275,0.19099,0.7227188,0.1262565,0.1597449,0.10162,-0.101313,0.9766732,MathCanvas,0.8383653,0.6061509,3.166224,0.0312309,1.167993,0.06933895,0.2731265,-0.06723216,0.9596258,0.06630234,1.16925,0.06862371,0.2654265,-0.06731556,0.9617783,-0.0001643002,1.166944,0.07138961,0.315589,-0.06455325,0.9466977,0.03306902,1.168097,0.07000666,353.8828,2.170045,1.996554,0,0,False
1,Center_Head_Far,99,5.559998,0.03436023,1.168549,0.07122488,0.2374681,0.8198532,0.6086596,0.3145876,0.1460846,0.8079809,-0.4762992,0.1926904,0.7240821,0.1256768,0.1583284,0.108244,-0.09859166,0.9764707,MathCanvas,0.8383653,0.6061509,3.166224,0.03379443,1.16824,0.07039686,0.3035797,-0.06327358,0.9507028,0.06753772,1.170198,0.06916804,0.2858182,-0.06219723,0.9562632,0.001182731,1.1669,0.07328173,0.3356183,-0.05870209,0.9401673,0.03436023,1.168549,0.07122488,353.7833,3.237964,2.856271,0,0,False
1,Center_Head_Far,100,5.579998,0.03544328,1.168803,0.07203875,0.2374653,0.8198466,0.6086608,0.3146086,0.1460725,0.8079962,-0.476263,0.193437,0.7250424,0.1254551,0.1579011,0.1106082,-0.09787282,0.9763473,MathCanvas,0.8383653,0.6061509,3.166224,0.03436023,1.168549,0.07122488,0.268483,-0.05748563,0.9615676,0.06859103,1.170586,0.06964196,0.2529815,-0.05676503,0.9658043,0.002295528,1.167021,0.07443554,0.3038049,-0.05325478,0.9512447,0.03544328,1.168803,0.07203875,353.6886,3.795753,3.088904,0,0,False
1,Center_Head_Far,101,5.599998,0.03750105,1.169275,0.07356931,0.2374691,0.8198398,0.6086215,0.3146123,0.1460728,0.8080036,-0.4762478,0.1948767,0.7261422,0.1243747,0.1578737,0.1145795,-0.09690329,0.9759904,MathCanvas,0.8383653,0.6061509,3.166224,0.03644936,1.168988,0.07280914,0.2365217,-0.05904241,0.9698306,0.07056446,1.171348,0.07037427,0.2226203,-0.05924852,0.9731032,0.004437644,1.167202,0.07676435,0.2743852,-0.05540813,0.9600223,0.03750105,1.169275,0.07356931,353.5639,5.11618,3.593978,0,0,False
1,Center_Head_Far,102,5.619998,0.03833093,1.169323,0.07468776,0.2374671,0.8198288,0.6086283,0.3145916,0.1460919,0.8079897,-0.4762792,0.1953067,0.7272679,0.1242749,0.1564774,0.1148083,-0.09600716,0.9762769,MathCanvas,0.8383653,0.6061509,3.166224,0.03750105,1.169275,0.07356931,0.2485892,-0.05732843,0.966911,0.07136479,1.171493,0.0712596,0.2295578,-0.05698503,0.9716254,0.005297072,1.167154,0.07811593,0.2812185,-0.05300678,0.9581788,0.03833093,1.169323,0.07468776,353.4556,5.495399,3.762223,0,0,False
1,Center_Head_Far,103,5.639998,0.03882272,1.169535,0.0759133,0.2374953,0.8198885,0.6086524,0.3145954,0.146092,0.8079954,-0.476267,0.1955546,0.728674,0.1245453,0.1532615,0.1146908,-0.0972671,0.976676,MathCanvas,0.8383653,0.6061509,3.166224,0.03833093,1.169323,0.07468776,0.2065767,-0.05585389,0.9768349,0.07184117,1.171822,0.07241395,0.1823334,-0.0541654,0.9817437,0.005804263,1.167247,0.07941265,0.2349128,-0.05015948,0.9707214,0.03882272,1.169535,0.0759133,353.2655,5.583659,3.968083,0,0,False
1,Center_Head_Far,104,5.659998,0.04001952,1.16988,0.07821651,0.2374426,0.8199707,0.6087016,0.3139196,0.1463942,0.807418,-0.4775975,0.1966603,0.7300978,0.124278,0.1534854,0.1169889,-0.1008284,0.9760069,MathCanvas,0.8383653,0.6061509,3.166224,0.0394215,1.169664,0.077043,0.1665657,-0.05434981,0.9845313,0.07298817,1.172382,0.07440765,0.1455387,-0.05465963,0.9878415,0.007050879,1.167379,0.08202536,0.198672,-0.05043647,0.9787673,0.04001952,1.16988,0.07821651,353.0504,6.063769,4.342082,0,0,False
1,Center_Head_Far,105,5.679998,0.04058841,1.170099,0.07937608,0.2374426,0.8199707,0.6087016,0.3139196,0.1463942,0.807418,-0.4775975,0.1967448,0.7301948,0.1242304,0.1534268,0.1171867,-0.100886,0.9759864,MathCanvas,0.5968599,0.9881856,3.36957,0.04001952,1.16988,0.07821651,0.1721655,-0.05254818,0.9836655,0.07352065,1.172718,0.07533818,0.1524866,-0.05260306,0.9869046,0.007656168,1.16748,0.08341397,0.2055405,-0.04819489,0.9774611,0.04058841,1.170099,0.07937608,352.9406,6.430205,4.547695,0,0,False
1,Center_Head_Far,106,5.699998,0.04147348,1.169592,0.08244053,0.237574,0.8200197,0.6089749,0.3081414,0.1498635,0.8091187,-0.4774063,0.1970389,0.7316296,0.1249712,0.1514544,0.1180545,-0.09796359,0.9764875,MathCanvas,0.6178218,0.9939163,3.377392,0.04095894,1.169979,0.08077026,0.1791622,-0.05053987,0.9825205,0.07440042,1.172137,0.07831287,0.1552127,-0.05520593,0.9863373,0.008546535,1.167048,0.08656818,0.20825,-0.05091109,0.9767497,0.04147348,1.169592,0.08244053,353.0847,6.612388,4.416795,0,0,False
1,Center_Head_Far,107,5.719998,0.041874,1.169423,0.08391219,0.2380925,0.8197888,0.6088872,0.3071385,0.1511324,0.8129743,-0.4710604,0.1970293,0.7319649,0.1252317,0.1503991,0.1175506,-0.0979741,0.9767103,MathCanvas,0.6431074,0.9998776,3.381783,0.04147348,1.169592,0.08244053,0.1412962,-0.05421775,0.9884816,0.07478073,1.172039,0.07966989,0.1181819,-0.05736645,0.9913335,0.008967258,1.166807,0.08815448,0.1716157,-0.05307104,0.9837334,0.041874,1.169423,0.08391219,353.1455,6.802886,4.54109,0,0,False
1,Center_Head_Far,108,5.739998,0.04261222,1.16915,0.08686336,0.238616,0.8196245,0.608803,0.3042122,0.1530628,0.8164553,-0.4662912,0.1970059,0.7320282,0.1253331,0.1502376,0.1174127,-0.09817148,0.976732,MathCanvas,0.5144639,0.9880825,3.390062,0.0422404,1.169294,0.08535257,0.1169898,-0.06020224,0.9913068,0.07547759,1.171898,0.08239003,0.09424563,-0.06255578,0.9935817,0.009746853,1.166402,0.09133669,0.1478364,-0.05814561,0.9873012,0.04261222,1.16915,0.08686336,353.1898,7.184009,4.77009,0,0,False
1,Center_Head_Far,109,5.759998,0.0429574,1.168961,0.08837809,0.2386408,0.8196133,0.6088032,0.3040544,0.1531764,0.8166398,-0.4660337,0.196976,0.7320695,0.1254422,0.1501777,0.1172829,-0.09842931,0.9767308,MathCanvas,0.4323389,0.968599,3.389191,0.04261222,1.16915,0.08686336,0.1206531,-0.06042488,0.990854,0.07580127,1.17178,0.08379214,0.09739353,-0.06293081,0.9932544,0.01011353,1.166143,0.09296404,0.1509547,-0.05839305,0.9868146,0.0429574,1.168961,0.08837809,353.2029,7.368292,4.892663,0,0,False
1,Center_Head_Far,110,5.779998,0.04253858,1.169068,0.09224536,0.2408729,0.8196349,0.6089332,0.2674463,0.1735389,0.828176,-0.4609568,0.1969694,0.7338417,0.1293733,0.1557005,0.1173011,-0.1129884,0.9742851,MathCanvas,0.4453533,0.9674354,3.393023,0.04251306,1.169172,0.0903376,0.1167577,-0.06599344,0.9909654,0.07540397,1.171971,0.08787131,0.09056644,-0.06813987,0.9935566,0.009673182,1.166165,0.0966194,0.1441627,-0.06348806,0.9875153,0.04253858,1.169068,0.09224536,353.2859,6.99029,5.03893,0,0,False
1,Center_Head_Far,111,5.799998,0.04257189,1.169009,0.09410352,0.2412817,0.8195873,0.6089472,0.2617651,0.1767472,0.8303837,-0.4590234,0.1970496,0.7342707,0.1299301,0.1562808,0.1174442,-0.1149982,0.9739398,MathCanvas,0.4310022,0.9495015,3.389279,0.04253858,1.169068,0.09224536,0.1174037,-0.06581414,0.9909011,0.0754268,1.171966,0.08968721,0.09199111,-0.06841563,0.9934067,0.009716984,1.166051,0.09851984,0.1455719,-0.06367584,0.9872964,0.04257189,1.169009,0.09410352,353.2989,7.055173,5.13315,0,0,False
1,Center_Head_Far,112,5.819998,0.04230072,1.168845,0.09645712,0.2419934,0.8194139,0.6090915,0.2490015,0.1837415,0.8354297,-0.4541966,0.196167,0.7344894,0.1309361,0.1553721,0.1150941,-0.1112242,0.9748036,MathCanvas,0.4334857,0.9498702,3.393462,0.04257189,1.169009,0.09410352,0.118821,-0.06604593,0.9907166,0.07515657,1.171843,0.09207522,0.09105924,-0.06860976,0.9934792,0.009444859,1.165847,0.100839,0.1446405,-0.06380442,0.987425,0.04230072,1.168845,0.09645712,353.3079,6.988533,5.203406,0,0,False
1,Center_Head_Far,113,5.839998,0.04140362,1.167916,0.1009981,0.242097,0.818451,0.6092533,0.2520245,0.1820239,0.8447351,-0.4356302,0.1931645,0.7364222,0.1348579,0.1482376,0.1047382,-0.09382048,0.9789041,MathCanvas,0.4378926,0.9489578,3.394859,0.04182466,1.16835,0.09870401,0.164977,-0.0554862,0.9847354,0.07427412,1.170978,0.09677343,0.1366741,-0.06112009,0.9887288,0.00853312,1.164854,0.1052228,0.1898779,-0.05603989,0.9802071,0.04140362,1.167916,0.1009981,353.6617,6.73574,5.311848,0,0,False
1,Center_Head_Far,114,5.859998,0.04110141,1.167587,0.1034641,0.2423573,0.8180439,0.6090761,0.2624595,0.1761093,0.8461928,-0.4290201,0.1923615,0.7369533,0.1362894,0.1473175,0.101873,-0.09139111,0.979575,MathCanvas,0.5947022,0.981827,3.403595,0.04140362,1.167916,0.1009981,0.1621623,-0.0479835,0.9855968,0.07397841,1.170678,0.09931149,0.1336399,-0.05348089,0.9895859,0.008224417,1.164495,0.1076166,0.1868617,-0.04837222,0.9811946,0.04110141,1.167587,0.1034641,353.833,6.621201,5.360163,0,0,False
1,Center_Head_Far,115,5.879998,0.04043118,1.166895,0.1089138,0.2427386,0.8177819,0.6086208,0.2866909,0.158948,0.8372593,-0.4376537,0.1907919,0.7378404,0.1397636,0.1474193,0.09676792,-0.08963501,0.9802393,MathCanvas,0.5861688,1.006302,3.416296,0.04080606,1.167257,0.1059355,0.159318,-0.05300849,0.9858032,0.07332189,1.169993,0.1048766,0.1309133,-0.05886675,0.9896446,0.007540468,1.163797,0.1129509,0.1841597,-0.05373245,0.9814265,0.04043118,1.166895,0.1089138,354.1581,6.449748,5.368881,0,0,False
1,Center_Head_Far,116,5.899998,0.0398961,1.166711,0.1119838,0.2427389,0.818194,0.6084776,0.3132561,0.1453952,0.8233277,-0.4504025,0.1899186,0.7379075,0.1425452,0.1485817,0.0944933,-0.08905907,0.9803382,MathCanvas,0.5742672,0.9892762,3.412101,0.04043118,1.166895,0.1089138,0.1575906,-0.0562998,0.9858983,0.0727945,1.169757,0.10797,0.1302815,-0.06101175,0.989598,0.006997705,1.163664,0.1159977,0.1835415,-0.05595786,0.981418,0.0398961,1.166711,0.1119838,354.2796,6.428604,5.277895,0,0,False
1,Center_Head_Far,117,5.919998,0.03908502,1.165786,0.1180628,0.2441949,0.8157035,0.6076369,0.3418858,0.1240594,0.8390215,-0.4046805,0.1885144,0.7381845,0.1466111,0.1498419,0.09046327,-0.08497649,0.9808888,MathCanvas,0.5672835,0.9782999,3.411357,0.03950611,1.166254,0.1149931,0.1557544,-0.06009403,0.9859661,0.0719935,1.168862,0.1141557,0.1276569,-0.06592708,0.9896249,0.006176542,1.16271,0.1219699,0.1809362,-0.06081244,0.981613,0.03908502,1.165786,0.1180628,354.6291,6.270799,5.326482,0,0,False
1,Center_Head_Far,118,5.939998,0.03863578,1.165337,0.1211231,0.2445815,0.8152444,0.6074524,0.3512241,0.1176787,0.8398429,-0.3968089,0.1878378,0.7385253,0.1483341,0.1498756,0.08832961,-0.0832976,0.9812221,MathCanvas,0.5588563,0.9652448,3.408351,0.03908502,1.165786,0.1180628,0.1544323,-0.06326906,0.9859755,0.07154907,1.168422,0.1172634,0.1265617,-0.06850939,0.9895901,0.005722482,1.162253,0.1249828,0.1798505,-0.06338037,0.98165,0.03863578,1.165337,0.1211231,354.7835,6.201611,5.339576,0,0,False
1,Center_Head_Far,119,5.959998,0.03831882,1.164818,0.1245979,0.2456115,0.8104714,0.6059495,0.3901131,0.08747641,0.8695986,-0.2897549,0.1872945,0.7381389,0.1509671,0.1527743,0.08790012,-0.08148695,0.9809656,MathCanvas,0.5533495,0.9544653,3.407321,0.03863578,1.165337,0.1211231,0.153258,-0.06594506,0.9859834,0.07123641,1.167954,0.1208168,0.1248162,-0.07429319,0.9893945,0.005401224,1.161683,0.128379,0.1781149,-0.06907138,0.9815825,0.03831882,1.164818,0.1245979,355.1175,6.089424,5.425433,0,0,False
1,Center_Head_Far,120,5.979998,0.03748429,1.163499,0.1323118,0.2439763,0.8063629,0.6065943,0.4251769,0.02431962,0.8672008,-0.258062,0.1862923,0.7382864,0.155717,0.1524427,0.0855869,-0.07869655,0.9814494,MathCanvas,0.548304,0.9453781,3.405581,0.03787231,1.164219,0.1284279,0.1618019,-0.07373374,0.9840648,0.07041936,1.166604,0.1286602,0.133673,-0.08016969,0.9877775,0.004549213,1.160394,0.1359634,0.186878,-0.0749354,0.9795209,0.03748429,1.163499,0.1323118,355.6797,5.921134,5.36858,0,0,False
1,Center_Head_Far,121,5.999998,0.03708287,1.162804,0.1360924,0.2440813,0.8049664,0.6064279,0.4387893,0.007886083,0.8668979,-0.2364102,0.1856818,0.7384596,0.1577373,0.1526862,0.08393393,-0.07710744,0.9816804,MathCanvas,0.5741702,0.9189295,3.396387,0.03748429,1.163499,0.1323118,0.160248,-0.07761364,0.9840207,0.07002577,1.165897,0.132502,0.1320613,-0.08428843,0.9876513,0.004139975,1.15971,0.1396827,0.1852844,-0.07907542,0.9794982,0.03708287,1.162804,0.1360924,355.9128,5.837761,5.346946,0,0,False
1,Center_Head_Far,122,6.019998,0.03656686,1.160527,0.1448362,0.2392808,0.816668,0.608898,0.3743722,0.03464151,0.8435403,-0.3835171,0.1848083,0.7381101,0.1620961,0.1533339,0.081691,-0.07824091,0.981679,MathCanvas,0.5677223,0.905797,3.394543,0.03689823,1.16146,0.1407118,0.1585294,-0.08462045,0.9837214,0.06951793,1.163609,0.1413113,0.1307088,-0.09100782,0.987235,0.003615797,1.157445,0.1483612,0.1839468,-0.08578585,0.9791856,0.03656686,1.160527,0.1448362,356.3019,5.76156,5.324188,0,0,False
1,Center_Head_Far,123,6.039998,0.03611994,1.159213,0.1494906,0.2353078,0.8263744,0.6106666,0.3023568,0.04185426,0.8280796,-0.4702262,0.1849312,0.7367873,0.1642343,0.1605828,0.08137443,-0.08485734,0.9799953,MathCanvas,0.5591238,0.8815947,3.387454,0.03656686,1.160527,0.1448362,0.1661289,-0.07936971,0.9829047,0.06907392,1.162307,0.1460032,0.1390396,-0.08948798,0.9862352,0.003165957,1.15612,0.1529779,0.192177,-0.08420579,0.9777409,0.03611994,1.159213,0.1494906,356.7341,5.735547,5.341791,0,0,False
1,Center_Head_Far,124,6.059998,0.03493059,1.156758,0.1586215,0.2296539,0.8343519,0.6127108,0.2788641,0.05625651,0.8209951,-0.4950123,0.1842463,0.7360302,0.1682726,0.1625863,0.07864032,-0.08597923,0.9797903,MathCanvas,0.5846707,0.897138,3.395001,0.03547966,1.157972,0.1540143,0.1670672,-0.08043339,0.9826592,0.06790398,1.159706,0.155192,0.1397375,-0.08893926,0.9861862,0.001957212,1.153811,0.1620511,0.1928796,-0.08389673,0.9776292,0.03493059,1.156758,0.1586215,357.45,5.711097,5.086352,0,0,False
1,Center_Head_Far,125,6.079998,0.03431032,1.1558,0.1637967,0.2254432,0.8404928,0.6137118,0.2818375,0.05169842,0.8207706,-0.494197,0.1840118,0.7353291,0.1703364,0.1602306,0.07671181,-0.08642791,0.9802916,MathCanvas,0.585086,0.8918897,3.394536,0.03493059,1.156758,0.1586215,0.1662952,-0.08619748,0.9823014,0.06729078,1.158681,0.1603784,0.1395034,-0.09359525,0.9857883,0.001329862,1.152919,0.167215,0.1926567,-0.08863227,0.9772552,0.03431032,1.1558,0.1637967,357.7256,5.719624,4.969803,0,0,False
1,Center_Head_Far,126,6.099998,0.03372411,1.154649,0.1686412,0.2232336,0.8439097,0.6145437,0.2722539,0.04988459,0.8158165,-0.5077724,0.1836343,0.7350072,0.172391,0.160927,0.075284,-0.08685276,0.9802507,MathCanvas,0.5806407,0.8726148,3.390956,0.03431032,1.1558,0.1637967,0.1661352,-0.09111403,0.9818846,0.06671155,1.157486,0.1652543,0.1388276,-0.09892049,0.9853637,0.0007366613,1.151811,0.1720281,0.1919943,-0.09401169,0.9768828,0.03372411,1.154649,0.1686412,358.0293,5.69345,4.894051,0,0,False
1,Center_Head_Far,127,6.119998,0.03265917,1.153609,0.1799363,0.2159717,0.8658147,0.6175177,0.2845326,0.08408139,0.7848144,-0.5440936,0.1835723,0.7320448,0.1775011,0.1683433,0.07357128,-0.09430728,0.9784447,MathCanvas,0.5782214,0.8560283,3.386704,0.03329245,1.15442,0.1745682,0.179662,-0.08291969,0.9802275,0.06564455,1.15659,0.1766545,0.1522347,-0.08846994,0.9843768,-0.0003262013,1.150627,0.1832182,0.2051924,-0.08326498,0.9751734,0.03265917,1.153609,0.1799363,358.1554,5.515912,5.142412,0,0,False
1,Center_Head_Far,128,6.139998,0.0320692,1.152737,0.1854156,0.2132189,0.8717062,0.6185393,0.2796869,0.08907402,0.7753692,-0.5591455,0.1833635,0.7310137,0.1799381,0.1714611,0.07242621,-0.09586422,0.9778372,MathCanvas,0.6220512,0.8815857,3.395632,0.03265917,1.153609,0.1799363,0.1788342,-0.08609718,0.9801049,0.06505732,1.155734,0.1821752,0.1513627,-0.09190463,0.9841965,-0.0009189323,1.149741,0.188656,0.2043293,-0.08667727,0.9750572,0.0320692,1.152737,0.1854156,358.342,5.460208,5.167524,0,0,False
1,Center_Head_Far,129,6.159998,0.0305637,1.151312,0.1971066,0.2054888,0.8963408,0.619123,0.2019624,0.0633775,0.7196746,-0.6612586,0.1827782,0.7274964,0.1867334,0.1791454,0.07180885,-0.08312918,0.9776707,MathCanvas,0.6177869,0.8707522,3.395455,0.03147298,1.151893,0.1908359,0.1866731,-0.07487532,0.9795646,0.06356795,1.154205,0.1939376,0.1592755,-0.08119941,0.9838892,-0.002440561,1.148418,0.2002757,0.2121244,-0.07613378,0.9742725,0.0305637,1.151312,0.1971066,358.7422,5.374903,4.988457,0,0,False
1,Center_Head_Far,130,6.179998,0.0299858,1.150555,0.2030843,0.2014449,0.9083685,0.6173181,0.1926263,0.05262521,0.6886982,-0.6970083,0.18263,0.7266284,0.1899033,0.181075,0.07272507,-0.07749435,0.9777104,MathCanvas,0.6426193,0.9058136,3.40886,0.0305637,1.151312,0.1971066,0.1857475,-0.07891003,0.9794238,0.06299499,1.153426,0.1999471,0.1586424,-0.08650128,0.9835396,-0.003023392,1.147683,0.2062215,0.2115016,-0.0814377,0.9739789,0.0299858,1.150555,0.2030843,359.0309,5.345149,4.950584,0,0,False
1,Center_Head_Far,131,6.199998,0.0287308,1.149191,0.2152857,0.1938957,0.9276497,0.6160469,0.1834033,0.05028772,0.6473892,-0.7380526,0.1822196,0.724737,0.195537,0.1857612,0.07239887,-0.07252116,0.9772369,MathCanvas,0.6378074,0.8923372,3.408052,0.02934675,1.149895,0.2091774,0.184329,-0.08379221,0.9792863,0.06174748,1.15204,0.2122073,0.1570701,-0.0906403,0.9834192,-0.00428587,1.146342,0.2183641,0.2099502,-0.08560386,0.9739573,0.0287308,1.149191,0.2152857,359.55,5.28806,4.91116,0,0,False
1,Center_Head_Far,132,6.219998,0.02849387,1.149007,0.2216933,0.1879366,0.9397433,0.6128752,0.2027849,0.05405485,0.6371143,-0.741648,0.1825991,0.724668,0.1990979,0.1900392,0.07445463,-0.07055769,0.9764032,MathCanvas,0.6290964,0.8762773,3.404853,0.0287308,1.149191,0.2152857,0.1835716,-0.08812235,0.9790485,0.06150581,1.151959,0.2186605,0.1563561,-0.09476455,0.9831442,-0.004518058,1.146056,0.224726,0.2092319,-0.08954372,0.9737576,0.02849387,1.149007,0.2216933,359.7995,5.231071,5.08742,0,0,False
1,Center_Head_Far,133,6.239998,0.0275492,1.148782,0.2342774,0.1737943,0.969853,0.604419,0.170078,0.003945426,0.5307866,-0.8302551,0.1829934,0.7259359,0.2048658,0.1962404,0.0711075,-0.07592214,0.9750227,MathCanvas,0.625311,0.862509,3.404718,0.02788934,1.14895,0.2280838,0.1190624,-0.09038569,0.9887642,0.06055296,1.151838,0.23126,0.09211726,-0.09505219,0.991201,-0.005454551,1.145725,0.2372948,0.1456836,-0.0899801,0.9852309,0.0275492,1.148782,0.2342774,359.9748,5.221491,5.269372,0,0,False
1,Center_Head_Far,134,6.259998,0.02712443,1.148536,0.2405579,0.1678585,0.9824426,0.6019417,0.1536367,-0.017051,0.4802089,-0.8634261,0.1829811,0.726073,0.2077144,0.1983104,0.06916624,-0.07714017,0.9746479,MathCanvas,0.4110089,0.85768,3.418752,0.0275492,1.148782,0.2342774,0.1189381,-0.09251642,0.988582,0.06012867,1.151584,0.2375373,0.09242382,-0.09791567,0.9908937,-0.005879816,1.145488,0.2435785,0.1459906,-0.09285422,0.9849187,0.02712443,1.148536,0.2405579,0.1396184,5.242075,5.254808,0,0,False
1,Center_Head_Far,135,6.279998,0.02687241,1.148708,0.2470505,0.1599198,0.9954573,0.5988314,0.1445351,-0.03400852,0.4303598,-0.8903614,0.1829389,0.7273494,0.2105422,0.1993941,0.06341643,-0.08221003,0.9744033,MathCanvas,0.4099112,0.8507839,3.422181,0.02712443,1.148536,0.2405579,0.1192448,-0.09538526,0.9882724,0.05987483,1.151603,0.2438638,0.09689964,-0.0976271,0.9904945,-0.006130001,1.145813,0.2502373,0.1504587,-0.09281509,0.9842497,0.02687241,1.148708,0.2470505,0.1226632,5.526184,4.989994,0,0,False
1,Center_Head_Far,136,6.299998,0.02615102,1.149763,0.2604199,0.1444416,1.016142,0.5932429,0.1805482,-0.01591301,0.4021766,-0.8974425,0.182518,0.7285506,0.2161219,0.2063741,0.05408601,-0.08479655,0.9732903,MathCanvas,0.4099785,0.8422567,3.422143,0.02652133,1.148618,0.2534345,0.1345418,-0.09612108,0.9862349,0.05912933,1.15264,0.2569773,0.1141178,-0.09390965,0.9890187,-0.006827282,1.146886,0.2638625,0.1675437,-0.08908218,0.9818317,0.02615102,1.149763,0.2604199,359.9764,5.957416,4.95854,0,0,False
1,Center_Head_Far,137,6.319998,0.02571617,1.151021,0.2671841,0.1367788,1.025987,0.5897396,0.2083565,-0.004624903,0.3849985,-0.8990786,0.1821068,0.7287941,0.2188946,0.2118508,0.04835091,-0.08375627,0.9725052,MathCanvas,0.4574364,0.8416388,3.42188,0.02615102,1.149763,0.2604199,0.1408278,-0.09140214,0.9858059,0.05868158,1.154008,0.2637124,0.1153514,-0.09461943,0.988808,-0.007249244,1.148033,0.2706558,0.168753,-0.08959074,0.9815783,0.02571617,1.151021,0.2671841,0.02418813,6.014056,5.149726,0,0,False
1,Center_Head_Far,138,6.339998,0.0249594,1.152935,0.2805843,0.1226741,1.047838,0.5841786,0.2229086,-0.004990503,0.327881,-0.918031,0.1817578,0.7291178,0.2245296,0.2184164,0.04167452,-0.08474274,0.9712756,MathCanvas,0.47793,0.857518,3.432718,0.02532724,1.151864,0.2739123,0.1442765,-0.08162509,0.9861651,0.05790558,1.156,0.2769993,0.1191944,-0.08463994,0.9892567,-0.007986782,1.14987,0.2841693,0.1725522,-0.07951745,0.9817855,0.0249594,1.152935,0.2805843,0.08255191,6.217727,5.283432,0,0,False
1,Center_Head_Far,139,6.359998,0.02570974,1.156713,0.286162,0.1115767,1.05185,0.5793758,0.2450096,-0.004204765,0.3187613,-0.9156112,0.1806929,0.7302209,0.2271236,0.2269156,0.02271927,-0.0722046,0.9709684,MathCanvas,0.4882735,0.8908129,3.44745,0.0249594,1.152935,0.2805843,0.1459214,-0.08207893,0.9858854,0.05861962,1.160157,0.2825884,0.1209314,-0.0951303,0.988092,-0.007200139,1.153268,0.2897356,0.1742273,-0.0893729,0.9806413,0.02570974,1.156713,0.286162,0.6939032,6.269471,5.940951,0,0,False
1,Center_Head_Far,140,6.379998,0.02596215,1.162015,0.2989174,0.09399384,1.064635,0.5726295,0.2749522,0.0367397,0.3209788,-0.9055519,0.1802602,0.7318743,0.2322908,0.2385437,0.006042378,-0.05633018,0.9694779,MathCanvas,0.4946983,0.8929125,3.454779,0.02588153,1.15914,0.2925236,0.1519239,-0.08382051,0.9848316,0.05880743,1.165741,0.2950438,0.1311573,-0.09210312,0.9870738,-0.006883131,1.15829,0.3027909,0.1843265,-0.08588923,0.9791051,0.02596215,1.162015,0.2989174,1.264921,6.86851,6.428342,0,0,False
1,Center_Head_Far,141,6.399998,0.02605722,1.164611,0.3053026,0.08575276,1.072869,0.5693822,0.2866189,0.04577714,0.3067345,-0.906459,0.1799921,0.7323582,0.2349987,0.2432134,-0.0006925371,-0.0524967,0.9685509,MathCanvas,0.5131798,0.893204,3.457259,0.02596215,1.162015,0.2989174,0.1573785,-0.08882543,0.9835355,0.0588763,1.168458,0.3013273,0.134594,-0.09579661,0.9862593,-0.006761849,1.160764,0.309278,0.1877178,-0.08938266,0.9781476,0.02605722,1.164611,0.3053026,1.49,7.079926,6.640043,0,0,False
1,Center_Head_Far,142,6.419998,0.02627894,1.169466,0.3113367,0.07923876,1.077183,0.5662727,0.3154105,0.1379603,0.3304588,-0.8787947,0.1809775,0.7340727,0.2373994,0.2567793,-0.007054545,-0.04983396,0.9651586,MathCanvas,0.5305815,0.879854,3.458321,0.02605722,1.164611,0.3053026,0.1612075,-0.09259012,0.9825677,0.05906245,1.173436,0.3071926,0.1412305,-0.1066288,0.9842175,-0.006504565,1.165495,0.3154808,0.1942854,-0.09999654,0.975835,0.02627894,1.169466,0.3113367,2.116525,7.458813,6.855985,0,0,False
1,Center_Head_Far,143,6.439998,0.02742267,1.179088,0.3210431,0.06403066,1.083761,0.56428,0.2878642,0.1774547,0.3342012,-0.8797463,0.1858484,0.7412791,0.2427081,0.2782327,-0.002674924,-0.06517836,0.9582961,Cube,0.06941061,1.144693,0.5742264,0.02705,1.174799,0.3163375,0.1639239,-0.116792,0.9795349,0.06004757,1.184083,0.3167577,0.1452845,-0.1307207,0.9807163,-0.005202226,1.174094,0.3253286,0.1981429,-0.1224332,0.9724965,0.02742267,1.179088,0.3210431,3.588936,8.028702,8.648041,0,0,False
1,Center_Head_Far,144,6.459998,0.02779732,1.182748,0.3258698,0.05592655,1.089134,0.5626277,0.2791338,0.1804688,0.3171804,-0.8882072,0.1874908,0.7449131,0.2452349,0.2813473,-0.0009025484,-0.06470376,0.9574217,Cube,0.06685057,1.150997,0.5566463,0.02742267,1.179088,0.3210431,0.1682885,-0.1071488,0.979897,0.06036965,1.188022,0.3215197,0.1455547,-0.1159766,0.982529,-0.004775014,1.177474,0.33022,0.1983353,-0.107259,0.9742477,0.02779732,1.182748,0.3258698,3.861578,8.227699,9.138639,0,0,False
1,Center_Head_Far,145,6.479998,0.02800765,1.192206,0.3356717,0.03948634,1.099948,0.5596025,0.2542734,0.164464,0.2529325,-0.9188699,0.1897599,0.7501187,0.2503721,0.2915159,-0.003272125,-0.06325711,0.9544665,Cube,0.06761616,1.157395,0.5577238,0.02820054,1.186955,0.33087,0.1785426,-0.1229325,0.9762224,0.06044595,1.198098,0.3311182,0.1592336,-0.1398579,0.9772842,-0.004430648,1.186314,0.3402252,0.2117763,-0.1301384,0.9686149,0.02800765,1.192206,0.3356717,5.034175,8.898552,10.23715,0,0,False
1,Center_Head_Far,146,6.499998,0.02794247,1.199049,0.3379864,0.033723,1.104449,0.5591633,0.2482495,0.08011936,0.09153247,-0.961028,0.1922331,0.7621752,0.2507986,0.2810706,0.01894911,-0.04394453,0.9584932,MathCanvas,0.5963858,0.8008589,3.443409,0.02800765,1.192206,0.3356717,0.1838998,-0.1313314,0.9741319,0.06025543,1.205511,0.3333164,0.1649736,-0.1419662,0.9760273,-0.004370485,1.192587,0.3426565,0.2173086,-0.1312847,0.9672338,0.02794247,1.199049,0.3379864,5.372472,9.290341,11.24581,0,0,False
1,Center_Head_Far,147,6.519998,0.0273513,1.212775,0.3438976,0.02099734,1.110561,0.5577281,0.2434496,0.1117832,0.05827729,-0.9616863,0.193628,0.7738462,0.2535469,0.2845469,0.02552096,-0.04030154,0.9574746,MathCanvas,0.6140335,0.7804939,3.442557,0.02711177,1.205672,0.3397238,0.1237423,-0.09911728,0.9873518,0.05951209,1.219754,0.3389313,0.1023511,-0.113654,0.9882343,-0.004809482,1.205795,0.348864,0.1549855,-0.1024982,0.9825853,0.0273513,1.212775,0.3438976,6.02692,10.07589,12.17369,0,0,False
1,Center_Head_Far,148,6.539998,0.02718019,1.219362,0.3469768,0.01382278,1.115018,0.5564557,0.2391987,0.1141657,0.02738058,-0.9638467,0.1946098,0.7782339,0.2555744,0.287428,0.02774809,-0.03757149,0.9566627,MathCanvas,0.4235301,0.8954366,3.505046,0.0273513,1.212775,0.3438976,0.1317244,-0.1052139,0.985687,0.05925265,1.226665,0.3419046,0.1115322,-0.1183633,0.9866867,-0.004892258,1.21206,0.352049,0.1640235,-0.1067382,0.9806647,0.02718019,1.219362,0.3469768,6.425542,10.43813,12.75585,0,0,False
1,Center_Head_Far,149,6.559998,0.02803504,1.226868,0.3490637,0.009508524,1.114324,0.5571151,0.2206285,0.1579598,0.04128752,-0.9615961,0.194001,0.7863361,0.2545832,0.2829183,0.02171213,-0.04576708,0.9578054,MathCanvas,0.4493902,0.882125,3.506353,0.02718019,1.219362,0.3469768,0.09125029,-0.1226747,0.988243,0.06002861,1.234595,0.3441241,0.06181997,-0.1242775,0.9903198,-0.003958531,1.219141,0.3540033,0.114298,-0.1122802,0.9870812,0.02803504,1.226868,0.3490637,6.103835,10.23943,13.50272,0,0,False
1,Center_Head_Far,150,6.579998,0.02883332,1.239919,0.3519698,0.00102604,1.111529,0.5576383,0.1698415,0.1819214,0.01452834,-0.9684252,0.1948054,0.7996061,0.2528251,0.2923582,0.02099024,-0.09073165,0.9517635,MathCanvas,0.3194353,0.8351161,3.504935,0.02865492,1.233596,0.3504215,0.09317224,-0.133865,0.9866099,0.06031638,1.249552,0.3470996,0.0745489,-0.1472006,0.9862934,-0.002649738,1.230286,0.3568399,0.1262563,-0.1322065,0.9831484,0.02883332,1.239919,0.3519698,6.401969,10.73772,16.93283,0,0,False
1,Center_Head_Far,151,6.599998,0.02913476,1.246103,0.3534873,-0.003708829,1.112607,0.5577917,0.1557287,0.1799329,-0.007415571,-0.9712455,0.1955851,0.8051054,0.2533267,0.300485,0.02576014,-0.1057752,0.9475531,MathCanvas,0.3261554,0.8127419,3.500342,0.02883332,1.239919,0.3519698,0.1010072,-0.1399325,0.9849957,0.06038759,1.256434,0.3485646,0.08261944,-0.1541692,0.9845842,-0.00211807,1.235772,0.3584099,0.1339761,-0.1380375,0.9813235,0.02913476,1.246103,0.3534873,6.652872,11.13388,18.21012,0,0,False
1,Center_Head_Far,152,6.619998,0.02988995,1.258876,0.3564425,-0.01407772,1.115734,0.5575015,0.130278,0.1842772,-0.0474462,-0.9730459,0.1968255,0.8158382,0.2548016,0.3085458,0.02898968,-0.1234252,0.9427223,MathCanvas,0.3519232,0.7989212,3.501235,0.02956204,1.252446,0.3549683,0.1136383,-0.1515607,0.9818939,0.0606751,1.27052,0.3515043,0.09431142,-0.1657664,0.981645,-0.0008951984,1.247232,0.3613806,0.1449767,-0.1475828,0.9783665,0.02988995,1.258876,0.3564425,7.075561,11.76998,20.64305,0,0,False
1,Center_Head_Far,153,6.639997,0.03015908,1.262588,0.3568211,-0.005967848,1.11807,0.557625,0.1839467,0.1350937,0.01770744,-0.9734474,0.1955823,0.8208545,0.2529255,0.314838,0.03541274,-0.1291503,0.9396506,MathCanvas,0.3928503,0.7747914,3.492607,0.02988995,1.258876,0.3564425,0.1420739,-0.1558666,0.9775074,0.06076487,1.274653,0.3517798,0.1276041,-0.1782197,0.9756818,-0.0004466996,1.250523,0.3618625,0.1779769,-0.1592923,0.9710562,0.03015908,1.262588,0.3568211,7.776597,12.39866,21.46145,0,0,False
1,Center_Head_Far,154,6.659997,0.03130432,1.272643,0.3592026,-0.009153053,1.122042,0.5565625,0.2027503,0.1253389,0.02944535,-0.9707294,0.1958025,0.8314081,0.2529388,0.320587,0.03817759,-0.1407664,0.9359227,MathCanvas,0.4851499,0.763426,3.487283,0.03083023,1.267481,0.3580655,0.1529174,-0.1645358,0.9744456,0.06139844,1.285927,0.3541456,0.1351078,-0.1808663,0.9741834,0.001210209,1.259359,0.3642596,0.1846844,-0.1599109,0.9697011,0.03130432,1.272643,0.3592026,8.281154,13.17157,23.7872,0,0,False
1,Center_Head_Far,155,6.679997,0.03201171,1.277327,0.3603319,-0.01199233,1.123908,0.5562369,0.2044833,0.1216478,0.02689516,-0.9709094,0.1956678,0.8366343,0.2525836,0.3220884,0.03867808,-0.1435753,0.9349595,MathCanvas,0.5211691,0.745559,3.480801,0.03130432,1.272643,0.3592026,0.1599108,-0.1703982,0.9723132,0.06183967,1.291202,0.3552842,0.1419206,-0.1866282,0.9721258,0.002183754,1.263452,0.3653795,0.1910895,-0.1647321,0.9676508,0.03201171,1.277327,0.3603319,8.51431,13.54201,24.93123,0,0,False
1,Center_Head_Far,156,6.699997,0.03426655,1.275244,0.360924,-0.003231553,1.120539,0.5600502,0.1907011,0.1115874,0.1201023,-0.967862,0.1916785,0.8399582,0.2491472,0.3078081,0.03181515,-0.09558492,0.9461002,MathCanvas,0.5450534,0.7306386,3.479803,0.03201171,1.277327,0.3603319,0.1665192,-0.175691,0.9702598,0.06381437,1.289491,0.3553001,0.1708259,-0.2026963,0.9642265,0.004718734,1.260996,0.366548,0.2196499,-0.1802546,0.9587816,0.03426655,1.275244,0.360924,9.385994,15.26725,25.71492,0,0,False
1,Center_Head_Far,157,6.719997,0.03917638,1.27597,0.3623359,-0.004472581,1.116307,0.5623084,0.1467838,0.1227078,0.1626835,-0.9679522,0.1880576,0.848963,0.2477464,0.3022382,0.02715467,-0.07839585,0.9496151,MathCanvas,0.5685154,0.711569,3.473839,0.036617,1.275703,0.3618042,0.2248374,-0.1827912,0.9570974,0.06836966,1.290649,0.3560143,0.2203155,-0.2111128,0.952309,0.009983111,1.26129,0.3686575,0.2685222,-0.1878116,0.944787,0.03917638,1.27597,0.3623359,11.05935,17.73048,26.70565,0,0,False
1,Center_Head_Far,158,6.739997,0.04130994,1.276629,0.3630895,-0.005383606,1.116285,0.5629928,0.1381087,0.1215996,0.1781693,-0.9666412,0.1870606,0.8537028,0.2472166,0.3014789,0.02643127,-0.07391239,0.9502362,MathCanvas,0.7639263,0.6867533,3.447481,0.03917638,1.27597,0.3623359,0.2444542,-0.1994763,0.9489211,0.07026813,1.29167,0.3565413,0.2365116,-0.2222287,0.9458735,0.01235175,1.261588,0.3696377,0.2843825,-0.1983704,0.9379636,0.04130994,1.276629,0.3630895,11.65149,18.73834,27.48018,0,0,False
1,Center_Head_Far,159,6.759997,0.04681958,1.277476,0.3625763,-0.01674295,1.113158,0.5563944,0.1039549,0.1468299,0.07449464,-0.9808593,0.1827094,0.8659291,0.2442626,0.264833,0.009062552,-0.1546127,0.9517754,MathCanvas,0.8302411,0.6328558,3.425558,0.04315509,1.276915,0.3623847,0.2809362,-0.247835,0.9271745,0.07603046,1.291791,0.3555411,0.2670954,-0.2795214,0.9222407,0.01760871,1.263161,0.3696114,0.3154673,-0.2570131,0.9134685,0.04681958,1.277476,0.3625763,15.13717,20.94642,26.46045,0,0,False
1,Center_Head_Far,160,6.779998,0.05087423,1.277351,0.3625004,-0.01984947,1.111811,0.5539786,0.08554793,0.1561349,0.04590383,-0.9829528,0.1808667,0.8713751,0.2429455,0.2481102,0.003093385,-0.1730614,0.953143,MathCanvas,0.9542075,0.4770007,3.35723,0.04681958,1.277476,0.3625763,0.2968985,-0.2656827,0.9172044,0.08010654,1.29143,0.3550886,0.2858307,-0.2885914,0.913792,0.02164191,1.263272,0.3699122,0.3341873,-0.2663999,0.9040741,0.05087423,1.277351,0.3625004,15.86157,21.85032,26.08988,0,0,False
1,Center_Head_Far,161,6.799998,0.05825563,1.276843,0.3624583,-0.02448692,1.110203,0.5511508,0.05993032,0.1692309,0.0259111,-0.9834114,0.1773687,0.8814332,0.2408054,0.2248117,-0.008709521,-0.1978593,0.9540627,MathCanvas,1.012069,0.4172155,3.331908,0.05461569,1.277033,0.3624678,0.4573915,-0.3213348,0.8291785,0.08739562,1.290764,0.3544104,0.4468502,-0.3480471,0.8241287,0.02911565,1.262922,0.3705062,0.4923928,-0.3240644,0.8077943,0.05825563,1.276843,0.3624583,17.60168,23.83943,26.02804,0,0,False
1,Center_Head_Far,162,6.819998,0.06243981,1.274333,0.3623743,-0.02075851,1.111897,0.5407337,0.09155047,0.1882498,0.08629207,-0.9740299,0.173712,0.8826851,0.240608,0.2148052,-0.01599959,-0.1772795,0.9602993,MathCanvas,1.012069,0.4172155,3.331908,0.05825563,1.276843,0.3624583,0.573433,-0.4062272,0.7114451,0.0916215,1.287882,0.353857,0.5606205,-0.4365975,0.7036244,0.03325812,1.260783,0.3708916,0.6030486,-0.4108776,0.6837485,0.06243981,1.274333,0.3623743,18.59575,24.89566,25.43742,0,0,False
1,Center_Head_Far,163,6.839998,0.06976581,1.272488,0.3599583,-0.02484458,1.125824,0.5150646,0.1667671,0.1247177,0.02782334,-0.977681,0.1704098,0.8849024,0.2367667,0.2033452,-0.0303105,-0.1274365,0.9703051,MathCanvas,1.012069,0.4172155,3.331908,0.06622714,1.272792,0.3610863,0.5868751,-0.4524769,0.6714478,0.09916845,1.284918,0.3505417,0.5689068,-0.4898624,0.6605905,0.04036316,1.260058,0.3693748,0.6116554,-0.4655888,0.639613,0.06976581,1.272488,0.3599583,21.67087,26.96408,23.69605,0,0,False
1,Center_Head_Far,164,6.859998,0.07351775,1.271822,0.3589352,-0.02761134,1.129037,0.5076408,0.1724725,0.1236506,-0.001050439,-0.9772219,0.1696826,0.88734,0.2341567,0.1957946,-0.03825282,-0.1206942,0.9724372,MathCanvas,1.012069,0.4172155,3.331908,0.06976581,1.272488,0.3599583,0.6398817,-0.6165,0.4587801,0.1029569,1.283711,0.3489514,0.6161911,-0.6489124,0.4463421,0.04407861,1.259933,0.3689191,0.6570017,-0.6225295,0.4252125,0.07351775,1.271822,0.3589352,22.84337,28.00512,22.8071,0,0,False
1,Center_Head_Far,165,6.879998,0.07749231,1.271211,0.3579484,-0.02944555,1.131368,0.501383,0.1797597,0.1192433,-0.01574908,-0.9763296,0.1681637,0.8906398,0.2325772,0.1874206,-0.04438658,-0.1165614,0.9743289,MathCanvas,1.012069,0.4172155,3.331908,0.07351775,1.271822,0.3589352,0.6369716,-0.6355839,0.4362342,0.1069414,1.282657,0.347488,0.6127939,-0.6669614,0.4238469,0.04804321,1.259764,0.3684088,0.6536527,-0.6410543,0.4022283,0.07749231,1.271211,0.3579484,24.08663,28.97918,22.1313,0,0,False
1,Center_Head_Far,166,6.899998,0.08682911,1.269291,0.3553205,-0.02435323,1.135889,0.4906722,0.1894371,0.1246487,-0.01206047,-0.9738742,0.1746063,0.8887692,0.2240997,0.1983692,-0.04012461,-0.1108437,0.9730126,MathCanvas,1.012069,0.4172155,3.331908,0.08250651,1.271191,0.3569542,0.6238294,-0.7366692,0.2610661,0.1161558,1.280005,0.3437948,0.599253,-0.7603635,0.2504857,0.0575024,1.258577,0.3668463,0.6395068,-0.7339345,0.2288476,0.08682911,1.269291,0.3553205,25.69547,30.87193,20.93154,0,0,False
1,Center_Head_Far,167,6.919998,0.09068537,1.267477,0.3526781,-0.021318,1.137924,0.4868533,0.1844317,0.1046808,-0.008117408,-0.9772211,0.1782644,0.8881025,0.2211717,0.211764,-0.02840452,-0.115993,0.9699973,MathCanvas,1.012069,0.4172155,3.331908,0.08682911,1.269291,0.3553205,0.6195736,-0.7472969,0.2401583,0.1199047,1.277814,0.3405508,0.5918159,-0.773317,0.2274524,0.061466,1.25714,0.3648053,0.6319851,-0.7473432,0.2051172,0.09068537,1.267477,0.3526781,26.7515,32.02058,20.35379,0,0,False
1,Center_Head_Far,168,6.939998,0.09877332,1.264764,0.3482704,-0.01900994,1.142191,0.4771471,0.1852315,0.08305454,-0.01437886,-0.9790733,0.1812806,0.88993,0.2159292,0.2179866,-0.0226792,-0.1156248,0.9688129,MathCanvas,1.012069,0.4172155,3.331908,0.0947981,1.26602,0.3506834,0.5893216,-0.7918464,0.1602475,0.1277743,1.274368,0.3350647,0.5574926,-0.8169129,0.1478359,0.06977231,1.255159,0.361476,0.5978771,-0.7918214,0.1247474,0.09877332,1.264764,0.3482704,29.0204,34.10796,19.26967,0,0,False
1,Center_Head_Far,169,6.959998,0.103085,1.267272,0.3446494,-0.01088014,1.14145,0.4782679,0.166566,0.06450554,0.02366769,-0.9836334,0.1929672,0.8858224,0.2099662,0.2530933,0.008276881,-0.1155036,0.9604864,MathCanvas,1.012069,0.4172155,3.331908,0.09877332,1.264764,0.3482704,0.5779158,-0.8045467,0.1368135,0.1318607,1.275973,0.3303684,0.5338735,-0.8370422,0.1197472,0.0743093,1.258571,0.3589305,0.5741701,-0.8131768,0.0952481,0.103085,1.267272,0.3446494,30.53094,35.58639,17.6684,0,0,False
1,Center_Head_Far,170,6.979998,0.1131855,1.266618,0.3389452,-0.003705216,1.141938,0.4706559,0.1990751,0.08697253,0.05292959,-0.9746811,0.2052196,0.8823717,0.1978215,0.2883538,0.01604004,-0.1274611,0.948867,MathCanvas,1.012069,0.4172155,3.331908,0.1080658,1.267225,0.3420753,0.5324867,-0.8449945,0.04942071,0.1415077,1.274714,0.3234531,0.499107,-0.865762,0.0367229,0.08486335,1.258523,0.3544372,0.5389206,-0.8422818,0.01122886,0.1131855,1.266618,0.3389452,32.90215,38.01614,16.84153,0,0,False
1,Center_Head_Far,171,6.999998,0.1180924,1.266278,0.335875,-0.001142879,1.143129,0.4666263,0.204697,0.08505915,0.05972128,-0.9732921,0.2091501,0.8819927,0.1936364,0.2985785,0.02100595,-0.1287118,0.9454327,MathCanvas,1.012069,0.4172155,3.331908,0.1131855,1.266618,0.3389452,0.5195462,-0.8540936,0.02441955,0.1461621,1.274036,0.319763,0.4836465,-0.8751578,0.01360375,0.09002261,1.25852,0.351987,0.5232376,-0.8520937,-0.01260602,0.1180924,1.266278,0.335875,34.11632,39.20154,16.35323,0,0,False
1,Center_Head_Far,172,7.019998,0.1280521,1.264984,0.328441,0.005277281,1.141349,0.4606768,0.2216582,0.08733102,0.07322175,-0.9684418,0.2225342,0.8737989,0.1790025,0.3309218,0.05524136,-0.09121239,0.9376137,MathCanvas,1.012069,0.4172155,3.331908,0.1232376,1.264896,0.3317921,0.4873399,-0.8729396,-0.02182567,0.1554208,1.271984,0.3108438,0.4495381,-0.8928028,-0.02861369,0.1006835,1.257985,0.3460382,0.4884043,-0.8707716,-0.05672824,0.1280521,1.264984,0.328441,36.27044,41.82177,15.1204,0,0,False
1,Center_Head_Far,173,7.039998,0.1339279,1.26471,0.3254495,0.008819662,1.140902,0.4586752,0.2163431,0.07107633,0.07364903,-0.9709375,0.2296856,0.8716736,0.1701788,0.3127216,0.09246273,-0.03145263,0.9448103,MathCanvas,1.012069,0.4172155,3.331908,0.1280521,1.264984,0.328441,0.4429911,-0.8921549,-0.08842278,0.1607857,1.271233,0.3069075,0.4022089,-0.9108429,-0.09270012,0.1070701,1.258187,0.3439915,0.4407167,-0.889361,-0.1216789,0.1339279,1.26471,0.3254495,37.17482,43.33817,14.23933,0,0,False
1,Center_Head_Far,174,7.059998,0.1393466,1.263682,0.3214574,0.01284689,1.141223,0.4563796,0.2150036,0.0533285,0.08157627,-0.971738,0.2350557,0.8702621,0.1625568,0.3027879,0.1161294,0.005370416,0.9459412,MathCanvas,1.012069,0.4172155,3.331908,0.1339279,1.26471,0.3254495,0.4055629,-0.9064089,-0.1180755,0.165688,1.269833,0.302067,0.3625407,-0.9234321,-0.1258468,0.1130052,1.257531,0.3408479,0.400917,-0.9027714,-0.1557862,0.1393466,1.263682,0.3214574,38.41311,44.93356,13.64291,0,0,False
1,Center_Head_Far,175,7.079998,0.1500829,1.261468,0.3135402,0.01968895,1.141965,0.4505142,0.2197504,0.03349299,0.09673457,-0.9701703,0.2455221,0.8672302,0.1485765,0.2945338,0.1545197,0.05874653,0.9412345,MathCanvas,1.012069,0.4172155,3.331908,0.1447731,1.262919,0.3177572,0.3593174,-0.9194745,-0.1595545,0.1753634,1.266944,0.2925973,0.3145573,-0.9346458,-0.1658039,0.1248025,1.255992,0.3344831,0.3518,-0.9149477,-0.197756,0.1500829,1.261468,0.3135402,40.92862,47.95613,12.5792,0,0,False
1,Center_Head_Far,176,7.099998,0.1505783,1.263483,0.3052049,0.02377242,1.143502,0.4512054,0.20837,-0.003397025,0.1105203,-0.9717796,0.2497623,0.8649302,0.129245,0.3050341,0.2155993,0.0377222,0.9268485,MathCanvas,1.012069,0.4172155,3.331908,0.1500829,1.261468,0.3135402,0.3334761,-0.9251082,-0.1815727,0.1752658,1.26903,0.2835842,0.2878785,-0.9358877,-0.2030771,0.1258908,1.257936,0.3268255,0.3244717,-0.9160606,-0.2356931,0.1505783,1.263483,0.3052049,42.96684,50.26979,13.1661,0,0,False
1,Center_Head_Far,177,7.119998,0.1595421,1.265714,0.2981195,0.02738556,1.144002,0.4501065,0.190173,-0.007440478,0.1042655,-0.9761699,0.2520656,0.8626864,0.1028522,0.3387183,0.2716859,-0.0008528531,0.9008086,MathCanvas,1.012069,0.4172155,3.331908,0.1548201,1.264374,0.3018233,0.2282733,-0.9307902,-0.2855189,0.1829578,1.27109,0.275087,0.1963792,-0.9399953,-0.2790056,0.1361263,1.260338,0.3211519,0.2320865,-0.9208922,-0.3131986,0.1595421,1.265714,0.2981195,43.73949,53.53896,12.91949,0,0,False
1,Center_Head_Far,178,7.139997,0.1639011,1.266408,0.2937822,0.03016973,1.144351,0.4483308,0.1871859,-0.01618098,0.1079992,-0.9762356,0.2533107,0.8616857,0.09147982,0.3432107,0.2923145,-0.001797021,0.8926116,ControllerGrabLocation,0.2511124,0.8923337,0.1835855,0.1595421,1.265714,0.2981195,0.2144592,-0.9307797,-0.2960684,0.1866754,1.271699,0.2700962,0.1786601,-0.9400868,-0.2903745,0.1411268,1.261116,0.3174681,0.2135506,-0.9211203,-0.3254744,0.1639011,1.266408,0.2937822,44.43185,55.20797,12.86501,0,0,False
1,Center_Head_Far,179,7.159997,0.1717808,1.265554,0.2824844,0.03543893,1.143513,0.4476853,0.1812258,-0.02039536,0.1233886,-0.9754571,0.2382196,0.8601941,0.06498334,0.3398003,0.2855988,-0.006476135,0.8960621,Cube,0.2541769,0.8745992,0.1691532,0.1692215,1.266417,0.2889245,0.1920422,-0.9276706,-0.32023,0.1933975,1.271314,0.2578422,0.1646081,-0.9345648,-0.3154248,0.1501642,1.259794,0.3071266,0.1977679,-0.9149389,-0.3518164,0.1717808,1.265554,0.2824844,44.81057,58.79544,14.1201,0,0,False
1,Center_Head_Far,180,7.179997,0.174236,1.266265,0.2765569,0.03800011,1.14285,0.4474297,0.1726537,-0.02589463,0.129053,-0.9761483,0.2334,0.8571743,0.05330881,0.3405131,0.3054985,0.002740607,0.889221,Cube,0.2513907,0.8809937,0.1497351,0.1717808,1.265554,0.2824844,0.1803177,-0.9249767,-0.3345206,0.1951988,1.272152,0.2513856,0.1422605,-0.931187,-0.3356375,0.1532731,1.260378,0.3017282,0.1746058,-0.9113912,-0.3726646,0.174236,1.266265,0.2765569,45.92464,60.9089,14.73106,0,0,False
1,Center_Head_Far,181,7.199997,0.1771764,1.266442,0.2709129,0.04067568,1.142753,0.4463002,0.1685643,-0.03237086,0.1341194,-0.9759868,0.2315032,0.8555387,0.04163198,0.3433153,0.3210751,0.004728809,0.8826229,Cube,0.2518114,0.8683261,0.132641,0.174236,1.266265,0.2765569,0.1745142,-0.923026,-0.3428817,0.1974747,1.272432,0.2452265,0.1417886,-0.9303384,-0.3381815,0.1568781,1.260451,0.2965992,0.1730591,-0.9103212,-0.3759867,0.1771764,1.266442,0.2709129,46.62649,62.85046,15.19452,0,0,False
1,Center_Head_Far,182,7.219997,0.182953,1.267888,0.2600107,0.04463647,1.140661,0.445403,0.1462348,-0.02818687,0.1299032,-0.9802786,0.2254794,0.848874,0.01939887,0.3423078,0.4052054,-0.04328771,0.846617,Cube,0.2533912,0.863333,0.1211678,0.179689,1.266301,0.2648049,0.1412534,-0.9180976,-0.37033,0.2021404,1.274281,0.2335782,0.1212804,-0.9242903,-0.3619099,0.1637657,1.261496,0.2864432,0.1509791,-0.9037004,-0.4006631,0.182953,1.267888,0.2600107,47.37376,66.30142,16.47635,0,0,False
1,Center_Head_Far,183,7.239997,0.1861177,1.268023,0.255042,0.0471428,1.139275,0.4442066,0.1365052,-0.03488236,0.1277057,-0.981754,0.2216596,0.8458542,0.009082356,0.3320306,0.4408413,-0.1028425,0.8275495,Cube,0.2440115,0.8710294,0.09993114,0.182953,1.267888,0.2600107,0.137965,-0.9127824,-0.3844401,0.2047014,1.274619,0.2282308,0.1176533,-0.9204127,-0.3728249,0.1675341,1.261428,0.2818533,0.1463887,-0.8993524,-0.4119899,0.1861177,1.268023,0.255042,47.37085,67.96086,17.01377,0,0,False
1,Center_Head_Far,184,7.259997,0.1912501,1.267588,0.24389,0.05237215,1.137167,0.4418159,0.1217747,-0.05189743,0.1288454,-0.9827901,0.2150569,0.8395834,-0.0123592,0.3108851,0.5060014,-0.1892343,0.7819869,Cube,0.2479569,0.8588927,0.08272688,0.1886336,1.267755,0.2494496,0.1238904,-0.9150866,-0.3837553,0.2086545,1.274542,0.2163868,0.1000379,-0.9225111,-0.3727813,0.1738457,1.260635,0.2713934,0.1271867,-0.90163,-0.413385,0.1912501,1.267588,0.24389,47.81067,71.30676,18.12512,0,0,False
1,Center_Head_Far,185,7.279997,0.1937058,1.267391,0.2384105,0.05490015,1.136377,0.440783,0.1146481,-0.05756766,0.1302612,-0.9831449,0.2121107,0.8368632,-0.02334334,0.3038859,0.5323374,-0.2171226,0.7596894,Cube,0.246662,0.8583015,0.07224941,0.1912501,1.267588,0.24389,0.1125662,-0.9122179,-0.3939387,0.2104935,1.274527,0.2105727,0.0884172,-0.9195266,-0.3829535,0.1769181,1.260255,0.2662484,0.1146632,-0.8983712,-0.4240065,0.1937058,1.267391,0.2384105,48.08753,73.06284,18.72193,0,0,False
1,Center_Head_Far,186,7.299997,0.1942621,1.267851,0.2281853,0.06270638,1.132266,0.4350361,0.1218341,-0.07465163,0.1483758,-0.9785542,0.2014527,0.8245745,-0.04170083,0.2733977,0.6294908,-0.2498646,0.683054,Cube,0.2456051,0.8468069,0.05678263,0.1925225,1.267609,0.2327315,0.1049329,-0.9051427,-0.4119537,0.2102381,1.275034,0.1998856,0.07951967,-0.9144598,-0.3967872,0.178286,1.260669,0.256485,0.104494,-0.8927782,-0.4382104,0.1942621,1.267851,0.2281853,49.39381,75.49376,19.36424,0,0,False
1,Center_Head_Far,187,7.319997,0.1961235,1.267896,0.2237486,0.0658313,1.130795,0.4326619,0.1206681,-0.08138051,0.1528336,-0.9774755,0.1949989,0.8204339,-0.04728757,0.2671485,0.6394905,-0.2609958,0.6719857,Cube,0.2420758,0.8554144,0.04047456,0.1942621,1.267851,0.2281853,0.1026355,-0.9104731,-0.4006302,0.2115603,1.275085,0.195153,0.07972471,-0.9202473,-0.3831301,0.1806867,1.260706,0.2523442,0.1038773,-0.8990165,-0.4254161,0.1961235,1.267896,0.2237486,49.61839,76.71694,19.47789,0,0,False
1,Center_Head_Far,188,7.339997,0.1993059,1.267894,0.2143191,0.07175986,1.128237,0.4291235,0.1142112,-0.09403354,0.1607712,-0.9758413,0.1856546,0.8125886,-0.06511816,0.2468641,0.6848732,-0.2966756,0.6180538,Cube,0.2420758,0.8554144,0.04047456,0.1976714,1.267969,0.2189926,0.07871261,-0.9080431,-0.4114146,0.2136366,1.275241,0.1851926,0.05614426,-0.9169993,-0.3949177,0.1849752,1.260547,0.2434455,0.07875251,-0.8955482,-0.4379399,0.1993059,1.267894,0.2143191,50.21236,79.57163,20.17856,0,0,False
1,Center_Head_Far,189,7.359997,0.2001049,1.266724,0.2090096,0.07487975,1.127128,0.4244192,0.1150119,-0.1083464,0.1622288,-0.9740201,0.1786112,0.8065896,-0.05912683,0.2336415,0.6774116,-0.2752204,0.6409203,Cube,0.2393651,0.8057637,0.004937854,0.1993059,1.267894,0.2143191,0.06706387,-0.9065669,-0.4167004,0.2138978,1.274031,0.1796148,0.04808552,-0.9174282,-0.3949851,0.1863121,1.259417,0.2384045,0.06990734,-0.896037,-0.4384413,0.2001049,1.266724,0.2090096,50.24704,80.56014,20.0798,0,0,False
1,Center_Head_Far,190,7.379997,0.2004645,1.266507,0.2033295,0.07794712,1.1261,0.421008,0.1193291,-0.1148279,0.1670711,-0.9719374,0.1742538,0.7980965,-0.06190685,0.2268346,0.7031299,-0.2693649,0.6177353,Cube,0.2393651,0.8057637,0.004937854,0.2001049,1.266724,0.2090096,0.05623582,-0.9133919,-0.4031782,0.2139157,1.273874,0.1737918,0.02884746,-0.9209613,-0.3885849,0.1870134,1.259139,0.2328673,0.05044623,-0.9001645,-0.4326189,0.2004645,1.266507,0.2033295,51.00107,81.79642,20.59571,0,0,False
1,Center_Head_Far,191,7.399997,0.2024507,1.265671,0.1930245,0.08405779,1.123719,0.4157557,0.1193127,-0.1270539,0.1754026,-0.9689456,0.1649857,0.7823439,-0.07189023,0.230307,0.7338314,-0.2885795,0.5702386,Cube,0.2393651,0.8057637,0.004937854,0.2014789,1.266067,0.1981795,0.05678341,-0.920679,-0.3861682,0.2150667,1.273172,0.1631538,0.03364812,-0.9286785,-0.3693561,0.1898347,1.258169,0.2228953,0.05379111,-0.9084456,-0.4145276,0.2024507,1.265671,0.1930245,52.02745,84.34417,21.4884,0,0,False
1,Center_Head_Far,192,7.419997,0.2034511,1.265259,0.1879077,0.08706524,1.122433,0.4132989,0.1184503,-0.1339636,0.1792958,-0.967407,0.1605498,0.7737656,-0.07679734,0.2351118,0.7462608,-0.3010714,0.545136,ControllerGrabLocation,0.2327748,0.7739992,-0.01320134,0.2024507,1.265671,0.1930245,0.0432944,-0.9188643,-0.3921913,0.215607,1.272828,0.1578638,0.02031711,-0.9268904,-0.374782,0.1912951,1.25769,0.2179516,0.03983118,-0.9065631,-0.4201867,0.2034511,1.265259,0.1879077,52.47975,85.6777,21.92624,0,0,False
1,Center_Head_Far,193,7.439997,0.2063963,1.261783,0.1793294,0.0942488,1.122029,0.406868,0.1147168,-0.1562034,0.1933998,-0.9617885,0.1593322,0.7546327,-0.08315477,0.2004452,0.7781458,-0.3503269,0.4812295,ControllerGrabLocation,0.2327748,0.7739992,-0.01320134,0.2056907,1.262738,0.1843888,0.02872369,-0.9249594,-0.378979,0.216857,1.269157,0.1486063,0.007531509,-0.933998,-0.3571987,0.1959355,1.25441,0.2100524,0.02440347,-0.9144068,-0.4040604,0.2063963,1.261783,0.1793294,52.27354,88.27389,21.22597,0,0,False
1,Center_Head_Far,194,7.459997,0.2068213,1.260722,0.1740588,0.09726161,1.121884,0.4036773,0.1189047,-0.1662858,0.1981432,-0.9586188,0.1585419,0.7465594,-0.08484335,0.1965553,0.7859268,-0.3563762,0.4654903,ControllerGrabLocation,0.2327748,0.7739992,-0.01320134,0.2063963,1.261783,0.1793294,0.04413483,-0.9294775,-0.3662291,0.2166227,1.268099,0.14312,0.01872378,-0.9379421,-0.3462861,0.19702,1.253345,0.2049975,0.03445929,-0.9185958,-0.3936934,0.2068213,1.260722,0.1740588,52.84064,89.87411,21.52811,0,0,False
1,Center_Head_Far,195,7.479997,0.2077632,1.25887,0.1633431,0.1025288,1.122291,0.3977906,0.1266612,-0.1831436,0.2022294,-0.9536869,0.1570814,0.7328737,-0.0898089,0.183721,0.7969749,-0.3637972,0.4457906,ControllerGrabLocation,0.2327748,0.7739992,-0.01320134,0.2076391,1.259556,0.1689937,0.01250428,-0.9278543,-0.3727334,0.2164391,1.266309,0.1320846,-0.01443667,-0.9352051,-0.3538125,0.1990874,1.251432,0.1946016,-0.0002638549,-0.9157807,-0.4016789,0.2077632,1.25887,0.1633431,53.98028,92.87139,22.33739,0,0,False
1,Center_Head_Far,196,7.499997,0.2084909,1.258116,0.1585727,0.1041816,1.12323,0.3958882,0.1255772,-0.186143,0.197627,-0.9542142,0.1583263,0.729099,-0.0936074,0.1572912,0.8119767,-0.3645622,0.4278407,ControllerGrabLocation,0.2327748,0.7739992,-0.01320134,0.2077632,1.25887,0.1633431,-0.007831246,-0.9257984,-0.3779368,0.2165914,1.265551,0.1271593,-0.02845654,-0.9343895,-0.355115,0.2003904,1.250681,0.1899861,-0.01510555,-0.9149776,-0.403222,0.2084909,1.258116,0.1585727,54.39527,94.20674,22.56318,0,0,False
1,Center_Head_Far,197,7.519997,0.2106625,1.257475,0.1547425,0.1060345,1.123311,0.3946792,0.1196725,-0.1863024,0.195221,-0.9554364,0.1601979,0.7245126,-0.09774762,0.125075,0.8221924,-0.387406,0.3978349,Cube,0.2039635,0.7228874,-0.0599227,0.2084909,1.258116,0.1585727,-0.02255777,-0.9252832,-0.3786058,0.2180421,1.264866,0.1231417,-0.03814938,-0.9349997,-0.3525909,0.2032828,1.250084,0.1863433,-0.02592301,-0.9156942,-0.4010388,0.2106625,1.257475,0.1547425,54.47665,95.45957,22.46982,0,0,False
1,Center_Head_Far,198,7.539997,0.2139435,1.255383,0.1459914,0.1109619,1.122668,0.3906898,0.1168672,-0.1964842,0.1990188,-0.9529573,0.1611568,0.7116387,-0.1036891,0.08482111,0.8303096,-0.429044,0.3454165,Cube,0.1978367,0.7313799,-0.06052399,0.2124776,1.256367,0.1505161,-0.0005943477,-0.9274369,-0.3739797,0.2199452,1.262704,0.1140842,-0.0169878,-0.9367002,-0.3497199,0.2079419,1.248062,0.1778987,-0.007123753,-0.9171247,-0.3985367,0.2139435,1.255383,0.1459914,54.677,97.90227,22.36217,0,0,False
1,Center_Head_Far,199,7.559998,0.2150897,1.253798,0.1411707,0.1135641,1.122229,0.3884149,0.1197436,-0.2056465,0.204741,-0.9494483,0.1625327,0.7045807,-0.1050867,0.06674117,0.8289689,-0.4534596,0.3205162,Cube,0.213592,0.706982,-0.07514583,0.2139435,1.255383,0.1459914,-0.01243278,-0.9272293,-0.3742881,0.2205892,1.261087,0.1091657,-0.01940633,-0.9372957,-0.3479946,0.2095902,1.246509,0.1731757,-0.01033583,-0.9177673,-0.396984,0.2150897,1.253798,0.1411707,54.51894,98.60458,22.16773,0,0,False
1,Center_Head_Far,200,7.579998,0.2162565,1.25107,0.1321789,0.1173888,1.121741,0.3848383,0.1228866,-0.2284862,0.2075492,-0.9431947,0.1646386,0.6944401,-0.1048005,0.02316026,0.838985,-0.4586477,0.2919076,Cube,0.2077676,0.707724,-0.07925905,0.2155118,1.252262,0.1366259,-0.004628688,-0.9039996,-0.4275088,0.220924,1.258482,0.10007,-0.02118811,-0.9134426,-0.4064156,0.2115889,1.243659,0.1642878,-0.01336573,-0.8910427,-0.4537225,0.2162565,1.25107,0.1321789,55.09756,100.8398,22.9033,0,0,False
1,Center_Head_Far,201,7.599998,0.2171219,1.249679,0.1276713,0.1197603,1.121444,0.3828212,0.1231474,-0.2361894,0.2093762,-0.9408565,0.1649592,0.6884149,-0.106616,0.003875755,0.8412459,-0.4682401,0.2702619,Cube,0.2137069,0.7531275,-0.1033024,0.2162565,1.25107,0.1321789,-0.001676649,-0.9034636,-0.4286616,0.2212685,1.257116,0.09549701,-0.01603021,-0.9137658,-0.4059249,0.2129752,1.242241,0.1598456,-0.009139463,-0.891294,-0.4533335,0.2171219,1.249679,0.1276713,55.31553,102.0035,23.12249,0,0,False
1,Center_Head_Far,202,7.619998,0.2194061,1.24594,0.1200107,0.1235622,1.118742,0.3824858,0.1152296,-0.2205125,0.2123393,-0.9449912,0.1650566,0.6736252,-0.1022444,-0.03164281,0.8198774,-0.518348,0.2410711,Cube,0.2161825,0.7434928,-0.112496,0.2179571,1.24825,0.123179,-0.02407804,-0.9020495,-0.4309609,0.2230875,1.253448,0.08779632,-0.03919168,-0.9115418,-0.4093354,0.2157248,1.238431,0.152225,-0.03278868,-0.8889805,-0.4567695,0.2194061,1.24594,0.1200107,56.21839,103.7335,23.93773,0,0,False
1,Center_Head_Far,203,7.639997,0.221124,1.244062,0.1161552,0.1267044,1.117156,0.3812463,0.1183131,-0.2209834,0.2228912,-0.9420658,0.1652247,0.6681514,-0.1031647,-0.04471748,0.8182067,-0.528325,0.2222856,Cube,0.2057009,0.7324923,-0.1252927,0.2194061,1.24594,0.1200107,-0.02826193,-0.9025394,-0.429679,0.2245855,1.251594,0.08392201,-0.03614298,-0.9129819,-0.406396,0.2176625,1.23653,0.1483885,-0.03013597,-0.8905106,-0.4539633,0.221124,1.244062,0.1161552,56.32759,104.281,24.09047,0,0,False
1,Center_Head_Far,204,7.659997,0.2227912,1.242106,0.1122367,0.1298295,1.115797,0.3799462,0.1206831,-0.2248189,0.2339295,-0.9381733,0.1640452,0.6640208,-0.1056504,-0.06221206,0.8210965,-0.5332949,0.1937181,ControllerGrabLocation,0.203533,0.6822965,-0.151289,0.221124,1.244062,0.1161552,-0.01029107,-0.9038593,-0.4277065,0.2260015,1.24965,0.07998034,-0.01627783,-0.9146199,-0.4039869,0.2195809,1.234562,0.1444931,-0.01090147,-0.8921379,-0.4516318,0.2227912,1.242106,0.1122367,56.33092,104.7654,24.13364,0,0,False
1,Center_Head_Far,205,7.679997,0.2255409,1.238128,0.1044605,0.1350937,1.114293,0.3774977,0.118225,-0.2332216,0.2467054,-0.933149,0.1603718,0.6533899,-0.109337,-0.1062072,0.8154306,-0.5537676,0.1308985,ControllerGrabLocation,0.203533,0.6822965,-0.151289,0.2243642,1.240139,0.1082942,-0.02130482,-0.9031422,-0.4288127,0.2281195,1.245636,0.07213894,-0.02926442,-0.9147803,-0.4028906,0.2229624,1.23062,0.1367821,-0.02476396,-0.8923557,-0.4506531,0.2255409,1.238128,0.1044605,56.62023,106.0128,24.20438,0,0,False
1,Center_Head_Far,206,7.699997,0.2264465,1.235644,0.1007282,0.1369033,1.114341,0.3765032,0.1120095,-0.2375381,0.2471197,-0.9327172,0.1570521,0.646727,-0.1098542,-0.1284343,0.8057287,-0.5694865,0.09995538,ControllerGrabLocation,0.203533,0.6822965,-0.151289,0.2255409,1.238128,0.1044605,-0.02723274,-0.9038786,-0.4269214,0.2285433,1.243077,0.06835455,-0.03854741,-0.9155028,-0.4004605,0.2243497,1.228212,0.1331019,-0.03472197,-0.8931911,-0.4483347,0.2264465,1.235644,0.1007282,56.8338,106.8164,24.09311,0,0,False
1,Center_Head_Far,207,7.719997,0.2289757,1.230507,0.09384513,0.1383114,1.114886,0.3733833,0.1027214,-0.244201,0.236193,-0.9348941,0.1521125,0.6324282,-0.1060264,-0.0875456,0.7977579,-0.5920783,0.07322106,ControllerGrabLocation,0.203533,0.6822965,-0.151289,0.2277338,1.233146,0.0972677,0.001811743,-0.9277431,-0.3732152,0.2299452,1.237777,0.06138123,-0.006247997,-0.9381238,-0.3462436,0.2280063,1.223238,0.126309,-0.004638299,-0.9182987,-0.395861,0.2289757,1.230507,0.09384513,57.26834,108.6691,23.82692,0,0,False
1,Center_Head_Far,208,7.739997,0.2301861,1.227888,0.0902846,0.1402742,1.114453,0.3720083,0.1004752,-0.2475221,0.2374655,-0.9339421,0.1504901,0.6260203,-0.1060058,-0.09187431,0.7916035,-0.6018963,0.05141848,ControllerGrabLocation,0.203533,0.6822965,-0.151289,0.2289757,1.230507,0.09384513,-0.005831301,-0.9284391,-0.3714389,0.2306968,1.235114,0.05780056,-0.01438975,-0.9384359,-0.3451538,0.2296755,1.220662,0.1227686,-0.01343887,-0.9186648,-0.3948095,0.2301861,1.227888,0.0902846,57.44899,109.493,23.80003,0,0,False
1,Center_Head_Far,209,7.759997,0.2327485,1.2228,0.08353379,0.1427297,1.112573,0.3656139,0.1273303,-0.2550983,0.2391816,-0.9281725,0.1449459,0.6148311,-0.1003814,-0.07610801,0.7637964,-0.6409219,0.006468678,ControllerGrabLocation,0.203533,0.6822965,-0.151289,0.2314066,1.225186,0.08678786,-0.02119228,-0.929244,-0.3688586,0.2326459,1.229948,0.0510286,-0.02046181,-0.939271,-0.3425659,0.2328512,1.215651,0.116039,-0.02045256,-0.9196194,-0.392278,0.2327485,1.2228,0.08353379,57.47382,110.3533,23.54394,0,0,False
1,Center_Head_Far,210,7.779997,0.23344,1.220534,0.08058243,0.1449803,1.109787,0.3624144,0.1401662,-0.2610356,0.2445475,-0.9232607,0.1474932,0.6123062,-0.09434947,-0.05439818,0.7542757,-0.6537114,0.02775838,ControllerGrabLocation,0.203533,0.6822965,-0.151289,0.2327485,1.2228,0.08353379,0.002076447,-0.9332961,-0.359102,0.2329375,1.227607,0.0480645,-0.007742189,-0.9433461,-0.3317202,0.2339425,1.213461,0.1131004,-0.008493617,-0.9242386,-0.3817209,0.23344,1.220534,0.08058243,57.82783,111.1118,23.52305,0,0,False
1,Center_Head_Far,211,7.799997,0.2350298,1.215652,0.07434921,0.1491228,1.105954,0.3579965,0.1471816,-0.2705291,0.2488042,-0.9182854,0.1487045,0.6040694,-0.08857191,-0.048273,0.7433016,-0.6660709,0.03901228,ControllerGrabLocation,0.203533,0.6822965,-0.151289,0.2341721,1.218112,0.07751159,0.001159072,-0.9394736,-0.3426197,0.2336521,1.222606,0.04183099,-0.0056426,-0.9488665,-0.3156275,0.2364075,1.208698,0.1068674,-0.007834166,-0.9305806,-0.3660033,0.2350298,1.215652,0.07434921,58.33937,112.6989,23.45881,0,0,False
1,Center_Head_Far,212,7.819997,0.2358905,1.21331,0.07124006,0.1510603,1.104638,0.3558089,0.1513205,-0.2746876,0.2507739,-0.9158391,0.1481847,0.5991025,-0.08632681,-0.04504716,0.7348091,-0.6760166,0.03206307,ControllerGrabLocation,0.203533,0.6822965,-0.151289,0.2350298,1.215652,0.07434921,-0.006696314,-0.9400616,-0.3409395,0.2340828,1.220208,0.03873092,-0.01430301,-0.9494349,-0.3136379,0.2376982,1.206412,0.1037492,-0.01712726,-0.931236,-0.3640138,0.2358905,1.21331,0.07124006,58.61649,113.5056,23.45291,0,0,False
1,Center_Head_Far,213,7.839997,0.238154,1.211721,0.06896277,0.1545652,1.097745,0.3549076,0.1384161,-0.2831515,0.2551028,-0.9141055,0.1615251,0.6058629,-0.08200929,-0.02032189,0.7741143,-0.6153723,0.1471429,ControllerGrabLocation,0.203533,0.6822965,-0.151289,0.2358905,1.21331,0.07124006,-0.01570264,-0.940674,-0.3389482,0.2359991,1.218562,0.03646289,-0.01893596,-0.9499803,-0.3117354,0.2403088,1.204879,0.1014626,-0.02228875,-0.9318688,-0.3621103,0.238154,1.211721,0.06896277,58.72507,114.0252,23.32675,0,0,False
1,Center_Head_Far,214,7.859997,0.2416076,1.207594,0.06408235,0.1597567,1.091917,0.3513309,0.1360184,-0.2938844,0.2628281,-0.9088743,0.1637857,0.6002952,-0.08107977,-0.03936866,0.7675117,-0.6241437,0.1407852,ControllerGrabLocation,0.203533,0.6822965,-0.151289,0.2399145,1.209627,0.06663904,0.004186958,-0.947719,-0.3190792,0.2387197,1.214295,0.03161003,0.002553836,-0.9564785,-0.2917916,0.2444955,1.200893,0.09655468,-0.002145961,-0.9394852,-0.3425827,0.2416076,1.207594,0.06408235,58.61077,114.7694,22.74069,0,0,False
1,Center_Head_Far,215,7.879997,0.2427123,1.205573,0.06164797,0.1626515,1.088433,0.3502114,0.1285567,-0.298712,0.2676112,-0.9069887,0.1644478,0.596995,-0.084511,-0.07934006,0.7494292,-0.6495413,0.1007827,ControllerGrabLocation,0.203533,0.6822965,-0.151289,0.2416076,1.207594,0.06408235,0.0003948808,-0.9483219,-0.3173095,0.2396762,1.212207,0.02917544,0.00871931,-0.9568406,-0.2904824,0.2457485,1.198939,0.0941205,0.003739491,-0.9399533,-0.3412825,0.2427123,1.205573,0.06164797,58.25995,114.5399,22.26612,0,0,False
1,Center_Head_Far,216,7.899997,0.2438143,1.202258,0.05707651,0.1674812,1.082983,0.3483603,0.1093303,-0.3002477,0.268324,-0.9087906,0.1722775,0.5937889,-0.08393344,-0.0921227,0.7441515,-0.653868,0.1010377,ControllerGrabLocation,0.203533,0.6822965,-0.151289,0.2434676,1.20389,0.05915011,0.06854385,-0.9510015,-0.3014927,0.240513,1.208776,0.02460644,0.06476982,-0.9593998,-0.2745122,0.2471157,1.195739,0.08954659,0.05914053,-0.9436157,-0.3257176,0.2438143,1.202258,0.05707651,58.59098,114.8975,22.07497,0,0,False
1,Center_Head_Far,217,7.919997,0.2441265,1.200894,0.05466336,0.1698211,1.080794,0.3469582,0.1026682,-0.3011013,0.2688553,-0.9091282,0.1762639,0.5939106,-0.08179621,-0.1024486,0.7429439,-0.6514695,0.1145698,ControllerGrabLocation,0.203533,0.6822965,-0.151289,0.2438143,1.202258,0.05707651,0.06275532,-0.9520754,-0.2993565,0.2407261,1.207333,0.02218779,0.05936176,-0.9607091,-0.271135,0.2475269,1.194454,0.08713893,0.05356294,-0.9450958,-0.322374,0.2441265,1.200894,0.05466336,58.90318,115.0624,22.00126,0,0,False
1,Center_Head_Far,218,7.939997,0.2452194,1.19799,0.04988052,0.1747465,1.075775,0.3438998,0.09399874,-0.3070442,0.2726049,-0.9069591,0.1815431,0.5901364,-0.07991959,-0.1159699,0.7360937,-0.6560983,0.1193825,ControllerGrabLocation,0.203533,0.6822965,-0.151289,0.2446751,1.199398,0.05223987,0.1039281,-0.9490042,-0.2976408,0.2414203,1.204295,0.01742275,0.1020794,-0.9573135,-0.2704266,0.2490185,1.191684,0.08233829,0.09537689,-0.9420366,-0.3216681,0.2452194,1.19799,0.04988052,59.23576,115.5884,21.73856,0,0,False
1,Center_Head_Far,219,7.959997,0.2452593,1.197067,0.04811537,0.1765535,1.075488,0.3414036,0.09284255,-0.3085554,0.2707447,-0.9071224,0.1908391,0.5948637,-0.0722989,-0.1071845,0.7382152,-0.6427234,0.1745177,ControllerGrabLocation,0.203533,0.6822965,-0.151289,0.2452194,1.19799,0.04988052,0.0996238,-0.9499592,-0.2960622,0.2410357,1.203321,0.01570027,0.09933828,-0.9576311,-0.2703232,0.2494829,1.190812,0.08053047,0.09196138,-0.9424348,-0.321496,0.2452593,1.197067,0.04811537,59.23176,116.1691,21.55196,0,0,False
1,Center_Head_Far,220,7.979997,0.2460703,1.196129,0.04593755,0.1786472,1.074495,0.3390034,0.09048626,-0.3164145,0.2704654,-0.9047334,0.1943601,0.5945911,-0.06990561,-0.09982928,0.7429384,-0.6374372,0.1781868,ControllerGrabLocation,0.203533,0.6822965,-0.151289,0.2452593,1.197067,0.04811537,0.09836009,-0.9500673,-0.2961378,0.241572,1.202406,0.01356374,0.09853099,-0.9572383,-0.2720048,0.2505685,1.189852,0.07831135,0.09071252,-0.9420068,-0.3231015,0.2460703,1.196129,0.04593755,59.23105,116.7275,21.63242,0,0,False
1,Center_Head_Far,221,7.999997,0.2476862,1.194573,0.04115604,0.1832857,1.071134,0.3349271,0.08307946,-0.3273004,0.2723351,-0.9010027,0.2005028,0.5928852,-0.06514622,-0.1054613,0.7336093,-0.645678,0.183835,ControllerGrabLocation,0.203533,0.6822965,-0.151289,0.2469934,1.195406,0.04353799,0.0994159,-0.9533582,-0.2849993,0.2428093,1.200831,0.008833408,0.1000139,-0.9606146,-0.2592623,0.2525631,1.188315,0.07347867,0.09164652,-0.9461252,-0.3105608,0.2476862,1.194573,0.04115604,59.27035,117.366,21.58942,0,0,False
1,Center_Head_Far,222,8.019998,0.2483451,1.193442,0.03970914,0.1858114,1.070567,0.3320755,0.08181682,-0.3339379,0.2761915,-0.8975019,0.2006043,0.5911926,-0.0622402,-0.09880349,0.7200196,-0.6663588,0.1666602,ControllerGrabLocation,0.203533,0.6822965,-0.151289,0.2476862,1.194573,0.04115604,0.09682053,-0.9536463,-0.2849293,0.2433522,1.199767,0.007417385,0.1059578,-0.9590966,-0.2625006,0.2533381,1.187116,0.07200089,0.09737531,-0.9445046,-0.3137344,0.2483451,1.193442,0.03970914,58.84147,117.4618,21.54978,0,0,False
1,Center_Head_Far,223,8.039997,0.2481349,1.192271,0.03585834,0.1896442,1.069609,0.3258654,0.09985089,-0.3381387,0.2837053,-0.8917418,0.1979038,0.5865096,-0.06001495,-0.09538622,0.6871859,-0.7081366,0.1312233,ControllerGrabLocation,0.203533,0.6822965,-0.151289,0.2484313,1.193273,0.03742421,0.1097994,-0.9578208,-0.2655628,0.2427502,1.198372,0.003586557,0.1149506,-0.9642451,-0.2387838,0.2535197,1.186169,0.06813012,0.1058126,-0.9510425,-0.2903823,0.2481349,1.192271,0.03585834,58.70889,117.342,20.67027,0,0,False
1,Center_Head_Far,224,8.059998,0.2486953,1.191661,0.03409442,0.1912373,1.069077,0.3228385,0.1073745,-0.3441519,0.2852902,-0.888054,0.1978934,0.5858757,-0.05905905,-0.1084761,0.6774163,-0.7165928,0.1258361,ControllerGrabLocation,0.203533,0.6822965,-0.151289,0.2481349,1.192271,0.03585834,0.1167722,-0.9583904,-0.2604846,0.2430331,1.1977,0.001858283,0.1169453,-0.9652609,-0.2336562,0.2543575,1.185623,0.06633055,0.1073795,-0.9524095,-0.2852823,0.2486953,1.191661,0.03409442,58.82461,117.7173,20.51821,0,0,False
1,Center_Head_Far,225,8.079997,0.2474855,1.190798,0.0306937,0.1935046,1.069076,0.3169973,0.119458,-0.3634118,0.2837601,-0.8792849,0.1958622,0.5863563,-0.05761394,-0.1455647,0.6621073,-0.7264343,0.1127744,ControllerGrabLocation,0.203533,0.6822965,-0.151289,0.2489219,1.19095,0.03229073,0.1128852,-0.9592671,-0.2589661,0.2412447,1.196747,-0.001452075,0.1146458,-0.9656091,-0.2333568,0.2537262,1.184848,0.06283947,0.1041473,-0.9529015,-0.2848371,0.2474855,1.190798,0.0306937,58.79488,118.4409,20.18362,0,0,False
1,Center_Head_Far,226,8.099998,0.2470667,1.190503,0.02968441,0.1939161,1.069948,0.3153325,0.1193297,-0.3702269,0.2793036,-0.877885,0.1915291,0.5886317,-0.05639667,-0.1415184,0.6702105,-0.7170081,0.1291889,ControllerGrabLocation,0.203533,0.6822965,-0.151289,0.2474855,1.190798,0.0306937,0.1106357,-0.9594995,-0.2590762,0.2407632,1.196468,-0.002446335,0.1121984,-0.9658133,-0.2337016,0.2533702,1.184538,0.06181515,0.1016059,-0.9530803,-0.2851567,0.2470667,1.190503,0.02968441,58.89191,118.6701,20.29641,0,0,False
1,Center_Head_Far,227,8.119997,0.2451131,1.189938,0.02747655,0.1959158,1.070119,0.3125715,0.1248118,-0.3665088,0.2791726,-0.8787241,0.189412,0.5929892,-0.05337856,-0.1015104,0.666319,-0.714193,0.1887937,ControllerGrabLocation,0.203533,0.6822965,-0.151289,0.2459403,1.190138,0.0286138,0.09822005,-0.960797,-0.2592721,0.2386681,1.195964,-0.004614612,0.09872501,-0.9672357,-0.2338986,0.2515582,1.183912,0.05956771,0.08794481,-0.9543984,-0.2852885,0.2451131,1.189938,0.02747655,59.16173,119.317,20.68391,0,0,False
1,Center_Head_Far,228,8.139997,0.24432,1.189648,0.02630021,0.1972689,1.069868,0.3104646,0.1276274,-0.3697626,0.2792012,-0.8769456,0.1888517,0.5935525,-0.05194072,-0.09807539,0.661613,-0.7164488,0.1983697,ControllerGrabLocation,0.203533,0.6822965,-0.151289,0.2451131,1.189938,0.02747655,0.09453204,-0.9610764,-0.2596072,0.2377406,1.195671,-0.005764235,0.0963957,-0.9674507,-0.2339803,0.2508993,1.183625,0.05836466,0.08540474,-0.9546175,-0.2853267,0.24432,1.189648,0.02630021,59.23852,119.604,20.72198,0,0,False
1,Center_Head_Far,229,8.159997,0.2435155,1.189362,0.02513229,0.1986217,1.069618,0.3083581,0.1304398,-0.3730078,0.2792238,-0.8751484,0.1882914,0.5941157,-0.05050314,-0.0946282,0.6568213,-0.7186107,0.2079181,ControllerGrabLocation,0.203533,0.6822965,-0.151289,0.24432,1.189648,0.02630021,0.09209424,-0.9612952,-0.2596737,0.2368019,1.195383,-0.006904848,0.09406635,-0.9676629,-0.2340515,0.250229,1.183342,0.05716943,0.08286474,-0.9548335,-0.2853532,0.2435155,1.189362,0.02513229,59.31521,119.8917,20.76087,0,0,False
1,Center_Head_Far,230,8.179997,0.2423619,1.190595,0.02501021,0.1972215,1.072036,0.3094843,0.1252048,-0.3742392,0.2729168,-0.877374,0.1749721,0.6018181,-0.06283683,-0.1322764,0.6488194,-0.7206725,0.2053472,ControllerGrabLocation,0.203533,0.6822965,-0.151289,0.2431352,1.19022,0.02574217,0.09143177,-0.9639978,-0.2496965,0.2354723,1.196768,-0.006960372,0.09255485,-0.9699432,-0.2250422,0.2492516,1.184422,0.0569808,0.081196,-0.9575874,-0.2764663,0.2423619,1.190595,0.02501021,59.28441,120.6858,21.29325,0,0,False
1,Center_Head_Far,231,8.199997,0.2414833,1.190934,0.02464877,0.1975495,1.072383,0.3084904,0.1234696,-0.3778153,0.2710289,-0.8766723,0.1717508,0.6035159,-0.06691679,-0.1402612,0.649494,-0.7211657,0.1959706,ControllerGrabLocation,0.203533,0.6822965,-0.151289,0.2423619,1.190595,0.02501021,0.08536321,-0.9645084,-0.2498735,0.2345583,1.197174,-0.007301273,0.08739196,-0.9702371,-0.2258373,0.2484083,1.184694,0.05659881,0.07594114,-0.9577997,-0.2772235,0.2414833,1.190934,0.02464877,59.34259,121.0132,21.57254,0,0,False
1,Center_Head_Far,232,8.219997,0.2411695,1.192628,0.02481044,0.195645,1.073543,0.3077914,0.1228808,-0.3771733,0.2699552,-0.8773624,0.1656688,0.6088663,-0.08958314,-0.1442234,0.6757141,-0.7088766,0.1417884,ControllerGrabLocation,0.203533,0.6822965,-0.151289,0.2406345,1.191339,0.02423129,0.08065918,-0.9642195,-0.2525375,0.2339419,1.198826,-0.007080618,0.08829266,-0.9701938,-0.2256736,0.2483972,1.18643,0.05670149,0.07634033,-0.9578422,-0.2769663,0.2411695,1.192628,0.02481044,59.22174,121.3262,21.34191,0,0,False
1,Center_Head_Far,233,8.239997,0.2403427,1.193532,0.02414443,0.194955,1.073805,0.3071797,0.1283507,-0.3751549,0.2712418,-0.8770478,0.1658108,0.6123991,-0.1003665,-0.1102678,0.6960587,-0.6933548,0.1503415,ControllerGrabLocation,0.203533,0.6822965,-0.151289,0.2411695,1.192628,0.02481044,0.08685347,-0.96382,-0.2520069,0.2331726,1.199791,-0.007747669,0.09499569,-0.9688708,-0.2286165,0.2475127,1.187272,0.05603652,0.08312126,-0.956423,-0.2799038,0.2403427,1.193532,0.02414443,58.99956,121.2541,21.41714,0,0,False
1,Center_Head_Far,234,8.259997,0.2384829,1.195353,0.02335168,0.194241,1.07423,0.3058355,0.1343093,-0.3747803,0.2720049,-0.8760788,0.162378,0.6185683,-0.1164109,-0.08769307,0.7202801,-0.6717113,0.1493675,ControllerGrabLocation,0.203533,0.6822965,-0.151289,0.2392672,1.194373,0.02363924,0.105373,-0.9596317,-0.2607753,0.2314003,1.201815,-0.00851956,0.1105892,-0.9650117,-0.2377445,0.2455655,1.188892,0.05522293,0.09889923,-0.9522107,-0.2889878,0.2384829,1.195353,0.02335168,58.72427,121.5451,21.96128,0,0,False
1,Center_Head_Far,235,8.279997,0.2376996,1.196299,0.02300986,0.1941925,1.074366,0.3054101,0.135216,-0.375133,0.2718887,-0.8758245,0.1601783,0.6218205,-0.1246325,-0.08283063,0.7301318,-0.6615372,0.1497171,ControllerGrabLocation,0.203533,0.6822965,-0.151289,0.2384829,1.195353,0.02335168,0.1060787,-0.9590068,-0.2627802,0.230678,1.202849,-0.00885693,0.1111349,-0.9644915,-0.2395936,0.2447213,1.189749,0.05487665,0.09946506,-0.9515944,-0.2908175,0.2376996,1.196299,0.02300986,58.64389,121.6586,22.22179,0,0,False
1,Center_Head_Far,236,8.299997,0.2369991,1.197491,0.02333505,0.1931553,1.074304,0.3062592,0.1298125,-0.3807046,0.2731009,-0.8738585,0.1554378,0.6278784,-0.1421169,-0.08057834,0.760877,-0.63192,0.123493,ControllerGrabLocation,0.203533,0.6822965,-0.151289,0.2376996,1.196299,0.02300986,0.1117347,-0.9574301,-0.2661638,0.2300285,1.204276,-0.008493772,0.1113718,-0.9627271,-0.2464808,0.2439697,1.190706,0.05516387,0.09978441,-0.9494531,-0.2976273,0.2369991,1.197491,0.02333505,58.712,122.3904,23.1117,0,0,False
1,Center_Head_Far,237,8.319997,0.2358401,1.199801,0.02312587,0.1928355,1.074687,0.3069138,0.1274217,-0.382032,0.2726405,-0.8737748,0.1513381,0.6381059,-0.1640726,-0.088038,0.7722733,-0.618948,0.1129013,ControllerGrabLocation,0.203533,0.6822965,-0.151289,0.2366396,1.19861,0.02342214,0.1093884,-0.9586833,-0.2626038,0.2285121,1.206738,-0.008589743,0.1156397,-0.9635963,-0.2410598,0.243168,1.192865,0.05484149,0.1035227,-0.9507332,-0.2922148,0.2358401,1.199801,0.02312587,58.35513,123.2393,23.40622,0,0,False
1,Center_Head_Far,238,8.339997,0.2349817,1.200966,0.02290573,0.1928562,1.074707,0.3070734,0.1275678,-0.3812881,0.2722256,-0.8742077,0.1493722,0.6427945,-0.1741913,-0.0874128,0.7808503,-0.6089633,0.1086069,ControllerGrabLocation,0.203533,0.6822965,-0.151289,0.2358401,1.199801,0.02312587,0.1105268,-0.9574231,-0.2666922,0.2275847,1.208014,-0.008769285,0.1158594,-0.9625895,-0.2449453,0.2423786,1.193918,0.05458075,0.1036467,-0.9495386,-0.2960302,0.2349817,1.200966,0.02290573,58.18741,123.5888,23.68592,0,0,False
1,Center_Head_Far,239,8.359997,0.233013,1.203263,0.02256711,0.1926749,1.075075,0.3074664,0.1268772,-0.3796591,0.2691358,-0.8759721,0.1475097,0.6558856,-0.195385,-0.08690435,0.8019635,-0.5802262,0.1124268,ControllerGrabLocation,0.203533,0.6822965,-0.151289,0.2341653,1.202161,0.02280221,0.1110891,-0.9552901,-0.2740076,0.2255468,1.210743,-0.00899235,0.1158721,-0.9590767,-0.2583516,0.2404791,1.195783,0.05412657,0.1035442,-0.9453346,-0.3092269,0.233013,1.203263,0.02256711,57.71047,124.7177,24.88043,0,0,False
1,Center_Head_Far,240,8.379997,0.2322354,1.203693,0.0232828,0.1920994,1.075927,0.3082299,0.1196991,-0.3781958,0.2608839,-0.8801022,0.1506239,0.6673154,-0.2035066,-0.08915903,0.8111596,-0.5626725,0.1321764,ControllerGrabLocation,0.203533,0.6822965,-0.151289,0.233013,1.203263,0.02256711,0.1113951,-0.9566332,-0.2691544,0.2246966,1.211379,-0.008209979,0.115227,-0.9613598,-0.2500199,0.2397741,1.196008,0.05477559,0.1028703,-0.948052,-0.3010234,0.2322354,1.203693,0.0232828,57.52259,125.3547,25.47059,0,0,False
1,Center_Head_Far,241,8.399997,0.2305729,1.205419,0.02415004,0.1920412,1.075957,0.3086628,0.1158346,-0.3768303,0.2584856,-0.8819107,0.1531894,0.6842444,-0.2200426,-0.1179304,0.816306,-0.5449547,0.1508687,ControllerGrabLocation,0.203533,0.6822965,-0.151289,0.23143,1.204533,0.02376923,0.1122827,-0.9564018,-0.269608,0.2229811,1.213376,-0.007262472,0.117986,-0.9613737,-0.2486765,0.2381647,1.197462,0.05556256,0.1056137,-0.948167,-0.2997086,0.2305729,1.205419,0.02415004,57.11479,125.9706,26.12449,0,0,False
1,Center_Head_Far,242,8.419997,0.2296841,1.206232,0.0245362,0.1920186,1.075958,0.3087635,0.1148664,-0.3764359,0.2578444,-0.8823934,0.1532405,0.691374,-0.2290438,-0.1233809,0.822276,-0.5334211,0.155246,ControllerGrabLocation,0.203533,0.6822965,-0.151289,0.2305729,1.205419,0.02415004,0.1128763,-0.9549868,-0.2743345,0.2220674,1.214323,-0.006836075,0.1188751,-0.9600738,-0.2532331,0.2373007,1.198141,0.05590848,0.106452,-0.9466433,-0.3041946,0.2296841,1.206232,0.0245362,56.90639,126.2617,26.43821,0,0,False
1,Center_Head_Far,243,8.439997,0.2285266,1.207096,0.02524463,0.1921999,1.075602,0.3087292,0.1154894,-0.376254,0.2597939,-0.8818176,0.1577734,0.7019435,-0.23492,-0.1317402,0.8245205,-0.5234692,0.1696779,ControllerGrabLocation,0.203533,0.6822965,-0.151289,0.2296841,1.206232,0.0245362,0.113847,-0.9535958,-0.2787365,0.2210786,1.215272,-0.006146016,0.1216575,-0.9591321,-0.2554704,0.2359745,1.19892,0.05663528,0.109508,-0.9455631,-0.3064612,0.2285266,1.207096,0.02524463,56.73944,126.0776,26.61074,0,0,False
1,Center_Head_Far,244,8.459997,0.2262128,1.208658,0.02707631,0.191461,1.075484,0.3087679,0.1084169,-0.38131,0.2595083,-0.880627,0.1674576,0.7221856,-0.2453042,-0.115713,0.8409888,-0.4878865,0.2032613,ControllerGrabLocation,0.203533,0.6822965,-0.151289,0.2273255,1.207834,0.02625632,0.1202616,-0.9598757,-0.2533298,0.2190317,1.216919,-0.004354358,0.1256517,-0.965106,-0.2297435,0.2333939,1.200397,0.05850697,0.1141296,-0.95284,-0.2811944,0.2262128,1.208658,0.02707631,56.70776,125.8352,26.88342,0,0,False
1,Center_Head_Far,245,8.479997,0.2250591,1.209486,0.02799997,0.191461,1.075484,0.3087679,0.1084169,-0.38131,0.2595083,-0.880627,0.1697222,0.7308066,-0.2525986,-0.1166253,0.8464777,-0.4738328,0.2129707,ControllerGrabLocation,0.203533,0.6822965,-0.151289,0.2262128,1.208658,0.02707631,0.1212358,-0.9591217,-0.2557099,0.2179354,1.217842,-0.00341882,0.1265006,-0.9642739,-0.232752,0.2321829,1.201131,0.05941877,0.1150573,-0.951842,-0.2841808,0.2250591,1.209486,0.02799997,56.58694,125.9237,27.12138,0,0,False
1,Center_Head_Far,246,8.499997,0.2231641,1.213015,0.03052482,0.1879345,1.077111,0.3072637,0.11073,-0.3954702,0.2569069,-0.8748378,0.1841877,0.7572362,-0.2534979,-0.1464272,0.8343288,-0.4675955,0.2526043,ControllerGrabLocation,0.203533,0.6822965,-0.151289,0.2239249,1.210856,0.02918684,0.1259684,-0.9581658,-0.2570031,0.2164066,1.221231,-0.00101139,0.137834,-0.9637491,-0.2284503,0.2299215,1.204799,0.06206102,0.1270005,-0.9515431,-0.2800651,0.2231641,1.213015,0.03052482,56.27654,124.5286,26.39997,0,0,False
1,Center_Head_Far,247,8.519997,0.2221152,1.214921,0.0320457,0.1868815,1.077713,0.3072104,0.1108292,-0.3974072,0.2564661,-0.8740765,0.1896333,0.768851,-0.2555414,-0.1522863,0.8326191,-0.4589413,0.2700503,ControllerGrabLocation,0.203533,0.6822965,-0.151289,0.2231641,1.213015,0.03052482,0.1295753,-0.9588482,-0.2526273,0.2154439,1.22308,0.0004761815,0.1393008,-0.9642174,-0.2255661,0.2287866,1.206763,0.06361522,0.1286083,-0.9521536,-0.2772427,0.2221152,1.214921,0.0320457,56.07023,124.0081,26.04923,0,0,False
1,Center_Head_Far,248,8.539997,0.2201949,1.218837,0.03493629,0.1850959,1.078613,0.3072796,0.1078906,-0.4017578,0.2560532,-0.872575,0.2013554,0.7926967,-0.2588513,-0.1582041,0.831431,-0.436675,0.3049737,ControllerGrabLocation,0.203533,0.6822965,-0.151289,0.2211654,1.216868,0.03345206,0.1432414,-0.9593261,-0.2432599,0.2137504,1.226915,0.003299061,0.1517136,-0.9643812,-0.2166839,0.2266394,1.21076,0.06657352,0.1414708,-0.9528192,-0.2685549,0.2201949,1.218837,0.03493629,55.71221,123.0398,25.51995,0,0,False
1,Center_Head_Far,249,8.559997,0.2192268,1.222536,0.03660371,0.1837009,1.078661,0.3092953,0.08072946,-0.4132405,0.2650521,-0.8674459,0.2107463,0.8093185,-0.2523947,-0.1533913,0.8335035,-0.4179339,0.3272222,ControllerGrabLocation,0.203533,0.6822965,-0.151289,0.2201949,1.218837,0.03493629,0.1479645,-0.9587988,-0.2425109,0.2130117,1.230394,0.004865292,0.1667706,-0.9631857,-0.2108577,0.2254419,1.214679,0.06834213,0.1569258,-0.9519804,-0.2628835,0.2192268,1.222536,0.03660371,55.2007,121.5411,24.43618,0,0,False
1,Center_Head_Far,250,8.579997,0.2170776,1.23035,0.04050367,0.1816654,1.0798,0.3101369,0.06539652,-0.4350674,0.2779588,-0.8539196,0.2238334,0.838175,-0.2436635,-0.1718148,0.8211969,-0.4036027,0.3649937,ControllerGrabLocation,0.203533,0.6822965,-0.151289,0.2181548,1.226043,0.03846351,0.174931,-0.9565834,-0.2331252,0.2111126,1.237941,0.008652769,0.1918976,-0.9600616,-0.2036105,0.2230426,1.222758,0.07235458,0.1825287,-0.9493353,-0.2558238,0.2170776,1.23035,0.04050367,54.12056,119.5056,22.90461,0,0,False
1,Center_Head_Far,251,8.599997,0.2159541,1.234345,0.04254415,0.1805498,1.080564,0.3104731,0.06132433,-0.4426355,0.280992,-0.8493271,0.2298767,0.8513756,-0.2424315,-0.1775199,0.8171777,-0.3931826,0.3822495,ControllerGrabLocation,0.203533,0.6822965,-0.151289,0.2170776,1.23035,0.04050367,0.1815504,-0.9562267,-0.2294998,0.2101342,1.241829,0.01064093,0.1957116,-0.9598913,-0.2007628,0.221774,1.226861,0.07444736,0.1865693,-0.949295,-0.2530437,0.2159541,1.234345,0.04254415,53.67089,118.6283,22.30677,0,0,False
1,Center_Head_Far,252,8.619997,0.2145792,1.239472,0.04507996,0.1782785,1.083226,0.3114807,0.06576023,-0.4477492,0.2797161,-0.846732,0.2372851,0.8676143,-0.2329721,-0.186215,0.8063491,-0.3912364,0.4025658,ControllerGrabLocation,0.203533,0.6822965,-0.151289,0.2159541,1.234345,0.04254415,0.1922027,-0.9547797,-0.2268343,0.209082,1.246765,0.01307551,0.2117702,-0.957697,-0.1948588,0.2200763,1.232178,0.07708441,0.2031687,-0.9474015,-0.2472914,0.2145792,1.239472,0.04507996,53.03855,117.1115,21.37374,0,0,False
1,Center_Head_Far,253,8.639997,0.2117546,1.250337,0.04941582,0.1722439,1.090479,0.315693,0.07464859,-0.4333608,0.2648566,-0.8581823,0.2517876,0.8978941,-0.2125691,-0.1648433,0.7950593,-0.3691715,0.4521282,ControllerGrabLocation,0.203533,0.6822965,-0.151289,0.2132692,1.244601,0.04723697,0.2241055,-0.9492357,-0.2207451,0.2069304,1.257165,0.01720092,0.2460969,-0.951165,-0.186337,0.2165788,1.243509,0.08163071,0.2385554,-0.9412555,-0.2390175,0.2117546,1.250337,0.04941582,51.57044,113.8357,19.27328,0,0,False
1,Center_Head_Far,254,8.659997,0.2103151,1.256636,0.05240084,0.1692724,1.094274,0.3179482,0.07898331,-0.4250676,0.2572763,-0.8642269,0.258479,0.9131311,-0.2014504,-0.1471764,0.7965087,-0.3459874,0.4735036,ControllerGrabLocation,0.203533,0.6822965,-0.151289,0.2117546,1.250337,0.04941582,0.2289315,-0.9482678,-0.2199519,0.2058334,1.263202,0.02008218,0.2508073,-0.9501719,-0.1851196,0.2147968,1.25007,0.0847195,0.2437289,-0.9402213,-0.2378659,0.2103151,1.256636,0.05240084,50.77348,112.1664,18.17818,0,0,False
1,Center_Head_Far,255,8.679996,0.2073842,1.270157,0.05877021,0.1635449,1.10174,0.3224901,0.08167368,-0.41631,0.2485431,-0.8707708,0.2698706,0.9430063,-0.1783639,-0.1300015,0.7854995,-0.3057778,0.5221016,ControllerGrabLocation,0.203533,0.6822965,-0.151289,0.2088668,1.262837,0.05530707,0.2655674,-0.9423079,-0.203789,0.2036157,1.276121,0.02624445,0.2921003,-0.942157,-0.1643705,0.2111527,1.264194,0.09129597,0.2861918,-0.9331757,-0.217434,0.2073842,1.270157,0.05877021,48.96503,108.6886,15.83964,0,0,False
1,Center_Head_Far,256,8.699997,0.2059103,1.276854,0.06192624,0.1612312,1.104456,0.3240888,0.08205927,-0.4145531,0.2454676,-0.8724435,0.276122,0.9576319,-0.1693248,-0.1230157,0.7787216,-0.2889059,0.5431327,ControllerGrabLocation,0.203533,0.6822965,-0.151289,0.2073842,1.270157,0.05877021,0.2713273,-0.9400555,-0.2065847,0.2024774,1.282581,0.02932079,0.2916214,-0.9410311,-0.1715151,0.2093431,1.271127,0.09453169,0.2859879,-0.9315569,-0.2245277,0.2059103,1.276854,0.06192624,48.1329,107.2492,14.94046,0,0,False
1,Center_Head_Far,257,8.719996,0.202301,1.29331,0.06996009,0.1536991,1.115366,0.3313127,0.06696201,-0.4025686,0.2360008,-0.8819061,0.2820963,0.981192,-0.1332259,-0.1126314,0.7434124,-0.2806673,0.5965552,ControllerGrabLocation,0.203533,0.6822965,-0.151289,0.2038808,1.285428,0.06628729,0.2824006,-0.9415736,-0.1835461,0.1999844,1.298123,0.03710954,0.31063,-0.9398654,-0.1419942,0.2046175,1.288496,0.1028107,0.3067255,-0.9315351,-0.1953509,0.202301,1.29331,0.06996009,45.22736,102.5059,11.85006,0,0,False
1,Center_Head_Far,258,8.739997,0.2005982,1.3014,0.07384063,0.1508751,1.11904,0.3335659,0.06486496,-0.3992037,0.2320995,-0.8846235,0.2871019,0.9947473,-0.1209239,-0.1053684,0.7320707,-0.2675363,0.6175714,ControllerGrabLocation,0.203533,0.6822965,-0.151289,0.202301,1.29331,0.06996009,0.3096364,-0.9358596,-0.1682034,0.1987824,1.305887,0.04091246,0.3342364,-0.9337739,-0.1278769,0.2024141,1.296913,0.1067688,0.3311399,-0.9259871,-0.1813684,0.2005982,1.3014,0.07384063,44.0499,100.7198,10.81153,0,0,False
1,Center_Head_Far,259,8.759997,0.1991166,1.309904,0.07805572,0.1465647,1.125155,0.3361983,0.06442694,-0.3971363,0.2211203,-0.8883906,0.2887018,1.002882,-0.1017959,-0.088227,0.7281127,-0.2487937,0.6325896,ControllerGrabLocation,0.203533,0.6822965,-0.151289,0.2005982,1.3014,0.07384063,0.3334136,-0.929949,-0.1550164,0.1980086,1.313951,0.04503921,0.3652413,-0.9245702,-0.1084837,0.2002247,1.305857,0.1110722,0.363239,-0.917482,-0.1621244,0.1991166,1.309904,0.07805572,42.44212,98.35429,9.483903,0,0,False
1,Center_Head_Far,260,8.779997,0.1947125,1.328014,0.08768585,0.1384707,1.136113,0.3404159,0.07475118,-0.3977615,0.2196501,-0.8876665,0.2914888,1.016976,-0.06686738,-0.04541159,0.7244475,-0.2078296,0.6556832,ControllerGrabLocation,0.203533,0.6822965,-0.151289,0.1970554,1.318939,0.08286241,0.3983663,-0.908381,-0.1270767,0.195064,1.331208,0.05455931,0.4276946,-0.900506,-0.07852501,0.1943611,1.324819,0.1208124,0.4277263,-0.894176,-0.1322858,0.1947125,1.328014,0.08768585,38.98953,93.86889,7.093265,0,0,False
1,Center_Head_Far,261,8.799997,0.1920706,1.336994,0.09289511,0.134509,1.140906,0.3429558,0.0765763,-0.3952892,0.2186778,-0.8888546,0.2925724,1.022151,-0.04965324,-0.02459395,0.7170298,-0.1979517,0.6678911,ControllerGrabLocation,0.203533,0.6822965,-0.151289,0.1947125,1.328014,0.08768585,0.5326895,-0.8405967,-0.09817958,0.1932411,1.339792,0.05975148,0.558503,-0.8282329,-0.04587746,0.1909001,1.334197,0.1260387,0.5597393,-0.8226485,-0.09970635,0.1920706,1.336994,0.09289511,37.32278,91.6647,6.06714,0,0,False
1,Center_Head_Far,262,8.819997,0.1868129,1.355143,0.1033109,0.1267681,1.15008,0.3481715,0.07934135,-0.3863312,0.2136389,-0.8937626,0.2963575,1.036217,-0.01692872,0.01138946,0.6988449,-0.1728249,0.6939868,ControllerGrabLocation,0.203533,0.6822965,-0.151289,0.1894295,1.346076,0.0981225,0.5845236,-0.8099445,-0.04818833,0.189536,1.35721,0.07020497,0.6059555,-0.7954888,0.00392884,0.1840899,1.353075,0.1364169,0.6096179,-0.7911231,-0.0499025,0.1868129,1.355143,0.1033109,34.01483,87.70539,4.298069,0,0,False
1,Center_Head_Far,263,8.839997,0.182824,1.363927,0.1095618,0.1205247,1.155192,0.3523523,0.08746591,-0.3695177,0.2065532,-0.9017439,0.2930216,1.029223,0.002015792,0.03943128,0.6925606,-0.1700621,0.699917,ControllerGrabLocation,0.203533,0.6822965,-0.151289,0.1868129,1.355143,0.1033109,0.6083864,-0.7933111,-0.02288413,0.1867184,1.365319,0.07653766,0.6266811,-0.7779821,0.04488564,0.1789296,1.362535,0.1425859,0.632222,-0.7747366,-0.008864522,0.182824,1.363927,0.1095618,32.35678,84.79418,2.838056,0,0,False
1,Center_Head_Far,264,8.859997,0.1758747,1.382462,0.121205,0.1105234,1.16521,0.3579315,0.08058354,-0.380084,0.1790377,-0.9038739,0.2928196,1.032144,0.03479341,0.07923926,0.6776869,-0.1546211,0.7145306,ControllerGrabLocation,0.203533,0.6822965,-0.151289,0.1794117,1.373153,0.1152739,0.7975838,-0.5823454,0.157271,0.1819371,1.383089,0.08848575,0.8021006,-0.55656,0.2165078,0.1698124,1.381835,0.1539243,0.8141628,-0.5570552,0.1637942,0.1758747,1.382462,0.121205,28.85034,80.09778,1.232355,0,0,False
1,Center_Head_Far,265,8.879997,0.1715436,1.391901,0.1278698,0.1049008,1.169611,0.35999,0.08829448,-0.3896738,0.1905223,-0.8966937,0.2903189,1.026395,0.04895512,0.0922314,0.6743213,-0.1696516,0.7127429,ControllerGrabLocation,0.203533,0.6822965,-0.151289,0.1758747,1.382462,0.121205,0.8085615,-0.5568077,0.1902466,0.1790255,1.392077,0.09544013,0.8075846,-0.5280055,0.2627116,0.1640618,1.391725,0.1602996,0.8219742,-0.5291578,0.2105957,0.1715436,1.391901,0.1278698,26.96655,77.16267,0.3398336,0,0,False
1,Center_Head_Far,266,8.899997,0.1618937,1.409327,0.1407859,0.09323806,1.17799,0.3643766,0.1163414,-0.3567927,0.2131934,-0.90206,0.2825474,1.017815,0.07447016,0.1056714,0.6678377,-0.1943762,0.7106647,ControllerGrabLocation,0.203533,0.6822965,-0.151289,0.1669105,1.400573,0.1343965,0.8241504,-0.4915852,0.2812831,0.171869,1.408651,0.1090411,0.8154027,-0.4628919,0.347634,0.1519183,1.410003,0.1725307,0.8339008,-0.4652685,0.2968748,0.1618937,1.409327,0.1407859,23.37838,72.05218,358.7321,0,0,False
1,Center_Head_Far,267,8.919997,0.156971,1.417841,0.1470383,0.08667642,1.182968,0.3662435,0.1324297,-0.3393287,0.2152043,-0.9060936,0.278852,1.014285,0.08838771,0.1224918,0.6550217,-0.2008835,0.7180446,ControllerGrabLocation,0.203533,0.6822965,-0.151289,0.1618937,1.409327,0.1407859,0.8248499,-0.4642198,0.3226804,0.1682991,1.416869,0.1157585,0.810946,-0.4358746,0.3903587,0.1456429,1.418814,0.178318,0.8316523,-0.4386652,0.3404809,0.156971,1.417841,0.1470383,21.67406,69.42606,358.1977,0,0,False
1,Center_Head_Far,268,8.939997,0.1519575,1.426652,0.1535792,0.08129472,1.187586,0.3685492,0.1405833,-0.3309985,0.2165272,-0.9076301,0.2767738,1.012921,0.1028851,0.1366492,0.646597,-0.2037953,0.7222928,ControllerGrabLocation,0.203533,0.6822965,-0.151289,0.156971,1.417841,0.1470383,0.8218604,-0.4371542,0.3652967,0.1644915,1.425427,0.1227719,0.8070107,-0.4063107,0.4285387,0.1394235,1.427877,0.1843866,0.8296552,-0.4094259,0.37953,0.1519575,1.426652,0.1535792,19.84289,67.09963,357.7581,0,0,False
1,Center_Head_Far,269,8.959997,0.1404307,1.442576,0.1661382,0.06526828,1.199782,0.3701737,0.1389181,-0.3549893,0.1595422,-0.910621,0.2603773,0.9958423,0.129794,0.176666,0.5741546,-0.2026384,0.773352,ControllerGrabLocation,0.203533,0.6822965,-0.151289,0.1469019,1.435399,0.1601154,0.8129725,-0.3781421,0.4428141,0.155979,1.440909,0.1367585,0.7790129,-0.3499478,0.5202648,0.1248825,1.444244,0.1955179,0.8064908,-0.3536287,0.4738348,0.1404307,1.442576,0.1661382,16.40311,61.2654,357.0065,0,0,False
1,Center_Head_Far,270,8.979997,0.1335195,1.450898,0.1728027,0.05790389,1.205189,0.3719009,0.138084,-0.3518191,0.1401733,-0.9151544,0.2528162,0.9895225,0.1425118,0.1979961,0.536982,-0.1899262,0.7977318,ControllerGrabLocation,0.203533,0.6822965,-0.151289,0.1404307,1.442576,0.1661382,0.8126083,-0.4139872,0.4102224,0.1505065,1.449144,0.1442359,0.7885159,-0.3851274,0.4794994,0.1165326,1.452652,0.2013695,0.8144922,-0.3871815,0.4320797,0.1335195,1.450898,0.1728027,14.65708,58.47173,356.8772,0,0,False
1,Center_Head_Far,271,8.999997,0.1212788,1.467257,0.1856516,0.04457357,1.215241,0.3756025,0.1558972,-0.3364032,0.1249198,-0.9202847,0.2402782,0.9797997,0.1680548,0.2361475,0.4832441,-0.1598917,0.8277344,ControllerGrabLocation,0.203533,0.6822965,-0.151289,0.1276689,1.458976,0.1790322,0.8054636,-0.3589141,0.4716026,0.1409637,1.4651,0.1589018,0.7766595,-0.3281791,0.5376788,0.101594,1.469413,0.2124014,0.8054532,-0.3303424,0.492056,0.1212788,1.467257,0.1856516,11.03721,52.92544,356.2148,0,0,False
1,Center_Head_Far,272,9.019997,0.1143388,1.473311,0.1900165,0.03801717,1.218333,0.3794744,0.1695691,-0.2935397,0.1328203,-0.9313644,0.2310556,0.9735709,0.1730232,0.2439506,0.4602956,-0.1278984,0.8439538,ControllerGrabLocation,0.203533,0.6822965,-0.151289,0.1212788,1.467257,0.1856516,0.7913857,-0.329261,0.5150688,0.1357893,1.471612,0.1646258,0.7503987,-0.2973959,0.5903029,0.0928883,1.475009,0.2154072,0.7821661,-0.298941,0.5466722,0.1143388,1.473311,0.1900165,9.212813,49.3334,357.0366,0,0,False
1,Center_Head_Far,273,9.039997,0.09928278,1.48572,0.2008295,0.022263,1.221771,0.3873644,0.1190234,-0.2613479,0.09775581,-0.952877,0.2215761,0.9573778,0.1786607,0.2733448,0.4637528,-0.1300156,0.8326536,ControllerGrabLocation,0.203533,0.6822965,-0.151289,0.1067685,1.479445,0.195585,0.7548879,-0.2118838,0.6206846,0.123425,1.48497,0.1779322,0.7077641,-0.1866139,0.6813554,0.07514054,1.486469,0.2237267,0.7440611,-0.1870661,0.6413885,0.09928278,1.48572,0.2008295,6.282426,43.34187,358.702,0,0,False
1,Center_Head_Far,274,9.059997,0.09231771,1.491749,0.2051901,0.01513762,1.224741,0.3897017,0.1115406,-0.2535444,0.08549912,-0.95706,0.2168708,0.9512551,0.1855707,0.2879528,0.4504693,-0.1226536,0.8361319,ControllerGrabLocation,0.203533,0.6822965,-0.151289,0.09928278,1.48572,0.2008295,0.6159518,-0.04128099,0.7867015,0.1177931,1.491589,0.1837735,0.5465145,-0.02046277,0.8371997,0.06684229,1.491908,0.2266068,0.5908455,-0.02077225,0.8065174,0.09231771,1.491749,0.2051901,4.997657,40.02909,359.7248,0,0,False
1,Center_Head_Far,275,9.079997,0.08505998,1.498059,0.2102048,0.008109977,1.228245,0.3923212,0.1059231,-0.2423913,0.07399827,-0.9615358,0.2115132,0.945385,0.1935686,0.3026182,0.4346596,-0.1153432,0.8403507,ControllerGrabLocation,0.203533,0.6822965,-0.151289,0.09231771,1.491749,0.2051901,0.5696425,-0.01998435,0.8216496,0.1116623,1.498387,0.1902071,0.5010998,0.003343984,0.865383,0.05845769,1.497731,0.2302025,0.5470079,0.003896013,0.8371184,0.08505998,1.498059,0.2102048,3.560641,36.96832,0.5660288,0,0,False
1,Center_Head_Far,276,9.099997,0.07123173,1.50511,0.2170166,-0.0002058968,1.225425,0.3892351,0.1010971,-0.2741712,0.1020952,-0.950887,0.2146786,0.9355032,0.1857087,0.3080658,0.4786716,-0.06950574,0.8192301,ControllerGrabLocation,0.203533,0.6822965,-0.151289,0.07779422,1.504354,0.2152043,0.4766583,0.02626958,0.8786961,0.09943755,1.5064,0.1993966,0.4235639,0.02607367,0.9054909,0.04302591,1.503821,0.2346366,0.4716975,0.02830832,0.8813059,0.07123173,1.50511,0.2170166,2.046888,32.07214,2.222247,0,0,False
1,Center_Head_Far,277,9.119997,0.06503937,1.509128,0.2198287,-0.004659051,1.22433,0.388965,0.1028871,-0.2562633,0.1126697,-0.9544888,0.2150825,0.9313537,0.1857363,0.3192474,0.483322,-0.08222264,0.8109996,ControllerGrabLocation,0.203533,0.6822965,-0.151289,0.07123173,1.50511,0.2170166,0.3148687,0.02155358,0.9488905,0.09393919,1.51116,0.2034468,0.2477826,0.02291691,0.9685446,0.03613956,1.507096,0.2362106,0.298263,0.02658442,0.9541135,0.06503937,1.509128,0.2198287,1.545279,29.64135,3.501428,0,0,False
1,Center_Head_Far,278,9.139997,0.05027448,1.517291,0.2269285,-0.0149277,1.224171,0.3890536,0.1039007,-0.2286607,0.1181483,-0.960708,0.2139881,0.9230261,0.1883005,0.3451155,0.4842413,-0.09916139,0.797855,ControllerGrabLocation,0.203533,0.6822965,-0.151289,0.05755889,1.513208,0.2233663,-0.1264021,0.001190511,-0.9919785,0.08035653,1.520026,0.212954,0.05854407,0.004770706,0.9982734,0.02019244,1.514556,0.240903,0.1090393,0.009350912,0.9939935,0.05027448,1.517291,0.2269285,0.0696767,24.92279,4.713252,0,0,False
1,Center_Head_Far,279,9.159997,0.04330346,1.521273,0.2302746,-0.02044471,1.225026,0.3897084,0.1019431,-0.2199564,0.1188388,-0.9628625,0.2122909,0.9183156,0.1908547,0.3564993,0.4830402,-0.09772632,0.7937443,ControllerGrabLocation,0.203533,0.6822965,-0.151289,0.05027448,1.517291,0.2269285,0.08381924,0.007060772,0.996456,0.07392028,1.524548,0.217642,0.01373377,0.01038525,0.9998518,0.01268663,1.517999,0.2429072,0.06426921,0.01595714,0.997805,0.04330346,1.521273,0.2302746,359.3547,22.35735,5.646958,0,0,False
1,Center_Head_Far,280,9.179996,0.03393513,1.526149,0.2315459,-0.02639107,1.216901,0.384001,0.1077196,-0.2487076,0.1162654,-0.9555226,0.2199502,0.9290854,0.1885532,0.3601555,0.4814612,-0.1042495,0.7922217,ControllerGrabLocation,0.203533,0.6822965,-0.151289,0.03860887,1.523114,0.2301139,-0.0860159,-0.01850835,0.9961218,0.06527538,1.528705,0.2206394,-0.1448557,-0.02835396,0.9890465,0.002594873,1.523593,0.2424524,-0.0967944,-0.02476295,0.9949964,0.03393513,1.526149,0.2315459,358.7697,19.09328,4.405226,0,0,False
1,Center_Head_Far,281,9.199997,0.02901737,1.528998,0.2334346,-0.03113055,1.21626,0.3837234,0.105896,-0.2478134,0.1165938,-0.9559187,0.2198253,0.9273267,0.1901208,0.3682416,0.4803751,-0.1033863,0.7892714,ControllerGrabLocation,0.203533,0.6822965,-0.151289,0.03393513,1.526149,0.2315459,-0.1159792,-0.1020085,0.9879996,0.06071032,1.531952,0.2237121,-0.1758354,-0.1016242,0.97916,-0.002675571,1.526044,0.2431571,-0.1278964,-0.09921579,0.9868124,0.02901737,1.528998,0.2334346,358.3361,16.90621,5.09416,0,0,False
1,Center_Head_Far,282,9.219996,0.02071116,1.532081,0.2359291,-0.03233166,1.202458,0.3865313,0.02500886,-0.2674185,0.1504464,-0.9514346,0.23109,0.9493459,0.1969169,0.3250167,0.4885989,-0.09515729,0.8041022,ControllerGrabLocation,0.203533,0.6822965,-0.151289,0.02378731,1.531868,0.2352328,-0.1882389,-0.09798203,0.9772234,0.05270856,1.535293,0.2273532,-0.2106299,-0.09680797,0.9727606,-0.01128623,1.528869,0.2445049,-0.1630303,-0.09385835,0.9821466,0.02071116,1.532081,0.2359291,357.7961,14.78986,5.542172,0,0,False
1,Center_Head_Far,283,9.239997,0.01680643,1.53339,0.2369501,-0.03317239,1.194756,0.3882584,-0.02765939,-0.2869803,0.1550518,-0.9449002,0.2357284,0.9571549,0.2010957,0.3174712,0.4894621,-0.09440268,0.8066766,ControllerGrabLocation,0.203533,0.6822965,-0.151289,0.02071116,1.532081,0.2359291,-0.1243129,-0.1319686,0.983428,0.04898721,1.536787,0.2291683,-0.1726248,-0.1314851,0.9761723,-0.01537434,1.529994,0.2447319,-0.1233639,-0.1287191,0.983978,0.01680643,1.53339,0.2369501,357.5506,13.34261,5.86277,0,0,False
1,Center_Head_Far,284,9.259996,0.0133232,1.53479,0.2376446,-0.03447546,1.187965,0.3897178,-0.07844124,-0.3062612,0.1585621,-0.9353657,0.2395467,0.9632347,0.204757,0.3112422,0.4917346,-0.09269251,0.8079193,ControllerGrabLocation,0.203533,0.6822965,-0.151289,0.01680643,1.53339,0.2369501,-0.1483365,-0.130089,0.9803434,0.04567239,1.53847,0.2307397,-0.1982695,-0.1324209,0.9711611,-0.01902599,1.531109,0.2445496,-0.1492704,-0.1291921,0.9803203,0.0133232,1.53479,0.2376446,357.3972,11.75916,6.355929,0,0,False
1,Center_Head_Far,285,9.279997,0.006141619,1.537764,0.2391954,-0.03864798,1.177636,0.3916777,-0.1509643,-0.3284647,0.1675879,-0.9171886,0.2458604,0.973102,0.2111923,0.3013988,0.4951341,-0.08880789,0.8100088,ControllerGrabLocation,0.203533,0.6822965,-0.151289,0.009576065,1.536308,0.2385046,-0.1167552,-0.1294954,0.9846823,0.03875671,1.54196,0.2340621,-0.1673706,-0.1319303,0.9770269,-0.02647347,1.533569,0.2443286,-0.1166681,-0.127259,0.9849842,0.006141619,1.537764,0.2391954,357.0211,8.565451,7.251556,0,0,False
1,Center_Head_Far,286,9.299996,0.002394807,1.539281,0.2400531,-0.04025923,1.179401,0.39252,-0.1164562,-0.2916161,0.1482532,-0.9377735,0.2550561,0.9921543,0.2218799,0.2620959,0.5014732,-0.06736936,0.8217614,ControllerGrabLocation,0.203533,0.6822965,-0.151289,0.006141619,1.537764,0.2391954,-0.1420754,-0.129595,0.9813357,0.03509199,1.542865,0.2349797,-0.1718805,-0.1256851,0.9770672,-0.03030238,1.535696,0.2451265,-0.1211188,-0.121911,0.9851233,0.002394807,1.539281,0.2400531,356.9926,8.493784,6.191594,0,0,False
1,Center_Head_Far,287,9.319997,-0.004283439,1.542173,0.2415289,-0.04765969,1.186686,0.3887415,0.003114909,-0.2288492,0.1408823,-0.9632084,0.2635247,1.010594,0.2335317,0.2270486,0.5013766,-0.05132699,0.8333283,ControllerGrabLocation,0.203533,0.6822965,-0.151289,-0.001134869,1.541044,0.2407166,0.0001448859,-0.1498579,-0.9887077,0.02863538,1.545396,0.2378338,-0.04891499,-0.1422577,0.9886202,-0.03720226,1.538949,0.2452239,0.004475422,-0.1380955,0.9904088,-0.004283439,1.542173,0.2415289,356.0966,6.024046,5.571551,0,0,False
1,Center_Head_Far,288,9.339996,-0.007616657,1.543632,0.2422163,-0.05048115,1.185637,0.3886902,0.009998948,-0.2195289,0.1392044,-0.965572,0.267602,1.018478,0.2384178,0.2140917,0.5020973,-0.04499368,0.8366831,ControllerGrabLocation,0.203533,0.6822965,-0.151289,-0.004283439,1.542173,0.2415289,0.02083413,-0.1401015,-0.989918,0.02537794,1.546816,0.239231,-0.06942742,-0.1366291,0.9881864,-0.04061125,1.540447,0.2452015,-0.01608154,-0.1324987,0.9910527,-0.007616657,1.543632,0.2422163,355.782,4.763755,5.505264,0,0,False
1,Center_Head_Far,289,9.359997,-0.01151825,1.544139,0.2421446,-0.05193264,1.186511,0.3910352,-0.03906378,-0.2414763,0.07601982,-0.9666355,0.2748214,1.040641,0.2515922,0.1661005,0.5073575,-0.01624268,0.8454202,ControllerGrabLocation,0.203533,0.6822965,-0.151289,-0.01109868,1.544771,0.2427394,-0.06305016,-0.1286437,0.9896845,0.02151279,1.547734,0.2402148,-0.09910026,-0.1393884,0.9852664,-0.04454928,1.540544,0.2440744,-0.04592734,-0.1346093,0.9898338,-0.01151825,1.544139,0.2421446,355.8348,2.890314,6.21696,0,0,False
1,Center_Head_Far,290,9.379996,-0.01323167,1.544482,0.2424391,-0.05241446,1.1859,0.392248,-0.04486331,-0.2239923,0.06693514,-0.9712541,0.2776187,1.050513,0.2575105,0.1456876,0.5082777,-0.001480595,0.8487796,ControllerGrabLocation,0.203533,0.6822965,-0.151289,-0.01151825,1.544139,0.2421446,0.01012373,-0.1299061,-0.9914749,0.01979906,1.54834,0.2411059,-0.05358621,-0.1346532,0.9894428,-0.04626239,1.540623,0.2437722,3.355369E-05,-0.1289578,0.99165,-0.01323167,1.544482,0.2424391,355.9175,1.833913,6.674674,0,0,False
1,Center_Head_Far,291,9.399997,-0.01552611,1.545157,0.2426988,-0.05310139,1.185317,0.3928476,-0.04732421,-0.2091646,0.05642917,-0.9751033,0.2798029,1.059886,0.2633504,0.1281523,0.5067261,0.009438396,0.8524767,ControllerGrabLocation,0.203533,0.6822965,-0.151289,-0.01323167,1.544482,0.2424391,0.02652271,-0.1315302,-0.9909574,0.01751862,1.549024,0.2418129,-0.0666407,-0.1346238,0.9886533,-0.04857085,1.541289,0.2435848,-0.01305406,-0.1289345,0.9915671,-0.01552611,1.545157,0.2426988,355.9311,1.058901,6.689558,0,0,False
1,Center_Head_Far,292,9.419996,-0.01976613,1.546293,0.2431059,-0.05635957,1.18408,0.3939767,-0.05438137,-0.1932911,0.03536781,-0.9789945,0.2865953,1.078764,0.2747891,0.09225172,0.5061989,0.03091829,0.8569109,ControllerGrabLocation,0.203533,0.6822965,-0.151289,-0.01761543,1.545709,0.2428945,0.02317627,-0.1324002,-0.9909256,0.01327194,1.55031,0.2433237,-0.06582237,-0.1343029,0.9887518,-0.05280419,1.542277,0.242888,-0.01217404,-0.1281097,0.9916853,-0.01976613,1.546293,0.2431059,355.8217,359.1133,6.950363,0,0,False
1,Center_Head_Far,293,9.439997,-0.02140962,1.548035,0.2438585,-0.05065927,1.184456,0.3892635,-0.04285872,-0.1980311,0.02620227,-0.9789077,0.2851494,1.087665,0.2795735,0.07506624,0.5030963,0.01293968,0.8608668,ControllerGrabLocation,0.203533,0.6822965,-0.151289,-0.01976613,1.546293,0.2431059,-0.0390237,-0.131207,0.9905866,0.01167984,1.551572,0.2443771,-0.07759556,-0.1255147,0.9890525,-0.05449907,1.544497,0.24334,-0.02389421,-0.1200793,0.9924767,-0.02140962,1.548035,0.2438585,355.3565,358.6047,6.121615,0,0,False
1,Center_Head_Far,294,9.459996,-0.02382393,1.549022,0.243965,-0.0484295,1.183251,0.3866844,-0.04891154,-0.2080628,0.01100399,-0.9768298,0.2879153,1.104944,0.2896757,0.04310444,0.5019168,0.01286827,0.8637453,ControllerGrabLocation,0.203533,0.6822965,-0.151289,-0.02246645,1.548361,0.2438277,-0.02329433,-0.12631,-0.9917175,0.009270381,1.552322,0.2452191,-0.01751699,-0.1270717,0.9917389,-0.05691824,1.545722,0.2427109,0.0363069,-0.1214716,0.9919307,-0.02382393,1.549022,0.243965,355.1594,357.3463,5.710567,0,0,False
1,Center_Head_Far,295,9.479997,-0.02369181,1.549172,0.2438748,-0.04238931,1.180903,0.3838141,-0.04791037,-0.2267534,0.03095881,-0.9722804,0.2866945,1.111773,0.2938819,0.02920738,0.5015891,0.01270039,0.8645196,ControllerGrabLocation,0.203533,0.6822965,-0.151289,-0.02382393,1.549022,0.243965,-0.009388953,-0.1242721,-0.992204,0.009432185,1.552186,0.2450647,-0.0165047,-0.128899,0.9915203,-0.0568158,1.546159,0.2426849,0.03736553,-0.1237611,0.9916083,-0.02369181,1.549172,0.2438748,355.2513,357.5099,5.212682,0,0,False
1,Center_Head_Far,296,9.499996,-0.02369153,1.549932,0.2439497,-0.0327931,1.176275,0.3814819,-0.02735046,-0.2265605,0.09766374,-0.9687023,0.283286,1.123351,0.3029019,0.004970462,0.4955494,0.01694405,0.8684003,ControllerGrabLocation,0.203533,0.6822965,-0.151289,-0.02359927,1.549458,0.2439746,0.06015334,-0.1422298,0.9880041,0.009458583,1.552702,0.2449938,0.03287963,-0.1472297,0.9885557,-0.05684164,1.547161,0.2429056,0.08656088,-0.1420764,0.9860636,-0.02369153,1.549932,0.2439497,355.4942,357.8188,4.789705,0,0,False
1,Center_Head_Far,297,9.519997,-0.02389494,1.550015,0.2439634,-0.02970381,1.174507,0.3812967,-0.02272761,-0.2232645,0.1102768,-0.9682332,0.2816134,1.128878,0.3075166,-0.007170796,0.4903211,0.01502632,0.8713828,ControllerGrabLocation,0.203533,0.6822965,-0.151289,-0.02369153,1.549932,0.2439497,0.05871091,-0.1434113,0.9879202,0.009266121,1.55266,0.2449846,0.031997,-0.1461984,0.9887377,-0.057056,1.54737,0.2429423,0.08570155,-0.1412907,0.9862516,-0.02389494,1.550015,0.2439634,355.4926,357.8761,4.572531,0,0,False
1,Center_Head_Far,298,9.539996,-0.02392213,1.550264,0.2439733,-0.02729665,1.173107,0.380452,-0.01983974,-0.2229904,0.1189497,-0.9673328,0.2814898,1.136014,0.3124056,-0.02146802,0.4874608,0.0165039,0.8727249,ControllerGrabLocation,0.203533,0.6822965,-0.151289,-0.02389494,1.550015,0.2439634,0.09397638,-0.1414104,0.9854804,0.009245645,1.552785,0.2450852,0.06405807,-0.1446523,0.9874068,-0.05708991,1.547742,0.2428614,0.1174655,-0.1396827,0.9832042,-0.02392213,1.550264,0.2439733,355.5085,357.738,4.35829,0,0,False
1,Center_Head_Far,299,9.559997,-0.02301081,1.551105,0.2439399,-0.02284855,1.171166,0.3819958,-0.0355194,-0.2157672,0.09672187,-0.9709932,0.2740608,1.14216,0.3209287,-0.03381264,0.4744509,0.002141729,0.8796297,ControllerGrabLocation,0.203533,0.6822965,-0.151289,-0.02383579,1.550545,0.2440143,0.1058632,-0.145838,0.9836281,0.01017842,1.553438,0.2447926,0.0887479,-0.1473757,0.985091,-0.05620003,1.548772,0.2430872,0.1419314,-0.1425584,0.9795573,-0.02301081,1.551105,0.2439399,355.4889,358.2106,4.032477,0,0,False
1,Center_Head_Far,300,9.579997,-0.02244142,1.551478,0.2440499,-0.01992689,1.169997,0.38151,-0.03687686,-0.211639,0.1027004,-0.9712372,0.2709957,1.145727,0.3253073,-0.04074532,0.4678179,-0.002852023,0.8828806,ControllerGrabLocation,0.203533,0.6822965,-0.151289,-0.02301081,1.551105,0.2439399,0.1156494,-0.1446846,0.9826961,0.01075011,1.553816,0.2447924,0.09215342,-0.1448872,0.9851475,-0.05563296,1.54914,0.2433073,0.1453158,-0.1400617,0.9794213,-0.02244142,1.551478,0.2440499,355.3608,358.391,4.041389,0,0,False
1,Center_Head_Far,301,9.599997,-0.02116217,1.552216,0.2441498,-0.01483745,1.16803,0.3803039,-0.03556308,-0.2091635,0.1105201,-0.9709641,0.2662152,1.154509,0.3344324,-0.05813462,0.4563419,-0.01032569,0.8878434,ControllerGrabLocation,0.203533,0.6822965,-0.151289,-0.02180526,1.551847,0.2441011,0.1328113,-0.1359611,0.9817717,0.01203806,1.554469,0.2447537,0.1075697,-0.137763,0.9846066,-0.0543624,1.549963,0.243546,0.1605496,-0.1330532,0.9780187,-0.02116217,1.552216,0.2441498,355.2527,358.6352,3.89464,0,0,False
1,Center_Head_Far,302,9.619997,-0.02033193,1.552604,0.2438347,-0.01319442,1.168286,0.3790235,-0.03306333,-0.2177838,0.1008579,-0.9702086,0.2611878,1.155176,0.3386212,-0.05921969,0.4460985,-0.01729493,0.892855,ControllerGrabLocation,0.203533,0.6822965,-0.151289,-0.02116217,1.552216,0.2441498,0.1341001,-0.1354085,0.9816729,0.01288303,1.554673,0.2442599,0.1120259,-0.1372094,0.9841868,-0.05354688,1.550535,0.2434094,0.1649954,-0.1328015,0.9773128,-0.02033193,1.552604,0.2438347,355.1783,358.9655,3.576979,0,0,False
1,Center_Head_Far,303,9.639997,-0.01761306,1.553965,0.2440187,-0.009946102,1.168899,0.3777237,-0.04628125,-0.2238698,0.07884806,-0.9703212,0.2521228,1.157115,0.3467363,-0.06343642,0.4266496,-0.02199084,0.9019215,ControllerGrabLocation,0.203533,0.6822965,-0.151289,-0.0195951,1.552954,0.2437424,0.1417053,-0.1392979,0.980059,0.01560791,1.555981,0.2440541,0.124026,-0.1349516,0.9830593,-0.05083402,1.55195,0.2439832,0.1769114,-0.1306027,0.9755231,-0.01761306,1.553965,0.2440187,354.752,359.6196,3.486131,0,0,False
1,Center_Head_Far,304,9.659997,-0.01627054,1.554315,0.244112,-0.007890997,1.16919,0.3771426,-0.04581154,-0.2110511,0.08163024,-0.9729827,0.247425,1.157738,0.3502493,-0.06713421,0.4176165,-0.02304308,0.9058469,ControllerGrabLocation,0.203533,0.6822965,-0.151289,-0.01761306,1.553965,0.2440187,0.1508877,-0.1345717,0.9793484,0.01694641,1.556389,0.2439428,0.1304681,-0.1328555,0.9825108,-0.04948749,1.552241,0.2442813,0.1832905,-0.1284113,0.9746359,-0.01627054,1.554315,0.244112,354.5378,359.9498,3.588735,0,0,False
1,Center_Head_Far,305,9.679996,-0.01346581,1.554664,0.2443558,-0.004903561,1.17046,0.3754904,-0.03657899,-0.1854797,0.08799955,-0.9780161,0.2387457,1.159627,0.3569775,-0.07434499,0.3996667,-0.02695864,0.9132429,ControllerGrabLocation,0.203533,0.6822965,-0.151289,-0.01495855,1.554797,0.2441393,0.1607727,-0.1286826,0.9785668,0.01974712,1.556735,0.2438009,0.1410812,-0.1285087,0.9816219,-0.04667874,1.552593,0.2449107,0.1938189,-0.1241609,0.9731486,-0.01346581,1.554664,0.2443558,354.2514,0.5975661,3.585405,0,0,False
1,Center_Head_Far,306,9.699997,-0.01205053,1.554893,0.2444855,-0.003018187,1.170399,0.3748426,-0.0362072,-0.1802163,0.08777324,-0.9790337,0.2347519,1.161049,0.3604696,-0.0778229,0.390826,-0.02924912,0.9167023,ControllerGrabLocation,0.203533,0.6822965,-0.151289,-0.01346581,1.554664,0.2443558,0.1635733,-0.1266579,0.9783668,0.02116055,1.556933,0.2437388,0.142555,-0.1269699,0.9816092,-0.0452616,1.552853,0.2452322,0.1953143,-0.1227105,0.9730336,-0.01205053,1.554893,0.2444855,354.1369,0.9266878,3.532829,0,0,False
1,Center_Head_Far,307,9.719996,-0.01011685,1.555195,0.2450171,-0.005165575,1.174865,0.3722082,-0.02834034,-0.1833635,0.06899007,-0.9802117,0.2305383,1.158878,0.3619897,-0.06976789,0.3788385,-0.03063917,0.9223205,ControllerGrabLocation,0.203533,0.6822965,-0.151289,-0.01205053,1.554893,0.2444855,0.1689892,-0.1248405,0.9776797,0.02308968,1.557103,0.2438404,0.1548154,-0.1289515,0.9794915,-0.04332337,1.553288,0.2461938,0.2074754,-0.1248927,0.9702349,-0.01011685,1.555195,0.2450171,354.2228,1.696742,3.301839,0,0,False
1,Center_Head_Far,308,9.739997,-0.006312344,1.555825,0.2457065,-0.003299817,1.176847,0.3698598,-0.02264425,-0.1792126,0.06089531,-0.9816628,0.2228405,1.160609,0.3683589,-0.07188952,0.3604514,-0.03485276,0.9293503,ControllerGrabLocation,0.203533,0.6822965,-0.151289,-0.008270615,1.555513,0.2453553,0.1846058,-0.1256246,0.9747508,0.02687123,1.557716,0.2439834,0.1662367,-0.1263182,0.9779617,-0.03949592,1.553934,0.2474296,0.2188203,-0.1223351,0.968066,-0.006312344,1.555825,0.2457065,354.0758,2.634081,3.275162,0,0,False
1,Center_Head_Far,309,9.759996,-0.004509635,1.556111,0.2460233,-0.002170051,1.177613,0.3688278,-0.02060709,-0.1758813,0.05742243,-0.9825191,0.2189541,1.161694,0.371663,-0.07378909,0.3512621,-0.03700968,0.932631,ControllerGrabLocation,0.203533,0.6822965,-0.151289,-0.006312344,1.555825,0.2457065,0.1925923,-0.1243269,0.973371,0.02866149,1.55797,0.2440448,0.1735695,-0.1250457,0.9768507,-0.03768076,1.554252,0.2480017,0.2260796,-0.1211234,0.9665491,-0.004509635,1.556111,0.2460233,353.9951,3.076105,3.220365,0,0,False
1,Center_Head_Far,310,9.779997,-0.0008780137,1.555346,0.2463342,-0.003543012,1.182184,0.3645784,0.02572203,-0.1989902,0.09450582,-0.9750949,0.2175592,1.15497,0.3703696,-0.05612639,0.348354,-0.03397935,0.9350641,ControllerGrabLocation,0.203533,0.6822965,-0.151289,-0.002841346,1.555375,0.2461409,0.2023943,-0.1297461,0.9706712,0.03222744,1.55715,0.2434243,0.1865017,-0.1334706,0.9733461,-0.03398347,1.553541,0.2492441,0.2389798,-0.1296801,0.9623262,-0.0008780137,1.555346,0.2463342,354.358,4.715906,3.123405,0,0,False
1,Center_Head_Far,311,9.799996,0.001084294,1.555293,0.2465065,-0.003315117,1.183391,0.3635473,0.03488455,-0.1969694,0.09823967,-0.9748513,0.215311,1.15458,0.3718426,-0.05527664,0.3437759,-0.03579754,0.9367397,MathCanvas,0.5930866,1.174581,3.094955,-0.0008780137,1.555346,0.2463342,0.2044939,-0.1325686,0.9698494,0.03415837,1.557048,0.243232,0.1886557,-0.1352031,0.9726917,-0.03198978,1.553539,0.2497809,0.2411673,-0.1315433,0.9615273,0.001084294,1.555293,0.2465065,354.394,5.357135,3.036678,0,0,False
1,Center_Head_Far,312,9.819997,0.005463333,1.555443,0.2468665,-0.003993243,1.186169,0.3622654,0.05817869,-0.1857507,0.1079466,-0.9749151,0.2130243,1.153096,0.3731106,-0.05278319,0.3410454,-0.04204468,0.9376217,MathCanvas,0.5955944,1.169887,3.066078,0.0034254,1.555455,0.2466466,0.2273111,-0.1341846,0.9645332,0.03845193,1.557186,0.2428159,0.211462,-0.1367359,0.9677743,-0.02752527,1.553699,0.2509171,0.2636977,-0.1330849,0.9553805,0.005463333,1.555443,0.2468665,354.4812,6.709765,3.017101,0,0,False
1,Center_Head_Far,313,9.839996,0.007235933,1.555531,0.2470515,-0.006008629,1.188586,0.3636755,0.06670652,-0.16972,0.1037442,-0.9777436,0.2158607,1.150587,0.3713478,-0.04635373,0.3484753,-0.04687839,0.9349967,MathCanvas,0.6580059,1.170239,3.015754,0.005463333,1.555443,0.2468665,0.2386573,-0.1421728,0.9606402,0.04017454,1.557394,0.2426613,0.222956,-0.1439987,0.9641343,-0.02570267,1.553669,0.2514418,0.2750311,-0.139964,0.9511929,0.007235933,1.555531,0.2470515,354.4962,7.282497,3.223087,0,0,False
1,Center_Head_Far,314,9.859997,0.01077161,1.555435,0.2474514,-0.007109208,1.191723,0.3640791,0.07786691,-0.1613293,0.09737658,-0.9789931,0.2156394,1.14773,0.3719946,-0.03891072,0.3485254,-0.04876209,0.935221,MathCanvas,0.6883745,1.149764,2.988761,0.008972728,1.555524,0.247248,0.4184646,-0.1953395,0.8869779,0.04362474,1.55735,0.2424814,0.4032376,-0.1983106,0.8933489,-0.02208152,1.553521,0.2524214,0.4502511,-0.1922436,0.8719612,0.01077161,1.555435,0.2474514,354.532,8.286404,3.313135,0,0,False
1,Center_Head_Far,315,9.879996,0.01249121,1.555418,0.2476479,-0.007366467,1.193173,0.3637049,0.08574925,-0.1570553,0.09788393,-0.9789788,0.2152143,1.146466,0.3724908,-0.03577048,0.3478854,-0.04946345,0.9355478,MathCanvas,1.149294,1.023973,2.660663,0.01077161,1.555435,0.2474514,0.427134,-0.1954933,0.8828018,0.04529464,1.557344,0.2423638,0.4121024,-0.1990733,0.889124,-0.02031222,1.553493,0.252932,0.458901,-0.1929823,0.8672761,0.01249121,1.555418,0.2476479,354.5708,8.835123,3.332239,0,0,False
1,Center_Head_Far,316,9.899997,0.01374875,1.555713,0.2477736,-0.005594589,1.193467,0.3642051,0.09710324,-0.1745063,0.08765116,-0.9759282,0.2176724,1.143556,0.3709546,-0.03312195,0.3509417,-0.04135462,0.9348972,MathCanvas,1.189092,1.016905,2.679448,0.01249121,1.555418,0.2476479,0.4356405,-0.1960287,0.8785158,0.04653765,1.557696,0.242421,0.4142868,-0.1974933,0.8884609,-0.01904015,1.553729,0.2531262,0.4610292,-0.1913334,0.8665123,0.01374875,1.555713,0.2477736,354.5033,8.942257,3.431908,0,0,False
1,Center_Head_Far,317,9.919996,0.01657819,1.555845,0.2481831,-0.005197946,1.195134,0.3625226,0.1250665,-0.196752,0.05577361,-0.9708431,0.2178137,1.140843,0.3705678,-0.02875498,0.3487967,-0.03791047,0.9359897,MathCanvas,1.222242,1.011917,2.684829,0.01518684,1.555807,0.2479687,0.4422004,-0.1953973,0.8753735,0.04929717,1.55804,0.2424958,0.4241353,-0.1980069,0.883687,-0.01614078,1.553649,0.2538704,0.4706255,-0.1914854,0.8613042,0.01657819,1.555845,0.2481831,354.5064,9.4966,3.799098,0,0,False
1,Center_Head_Far,318,9.939997,0.0178091,1.555881,0.2483166,-0.005060505,1.195778,0.3604093,0.1395443,-0.2218311,0.01663047,-0.9649051,0.2183303,1.139639,0.3693653,-0.02632934,0.3483938,-0.03568464,0.9362986,MathCanvas,1.222242,1.011917,2.684829,0.01657819,1.555845,0.2481831,0.4176719,-0.1940385,0.8876369,0.05051018,1.55821,0.24258,0.3959477,-0.1983316,0.8965991,-0.01489199,1.553551,0.2540531,0.4435543,-0.1919399,0.8754535,0.0178091,1.555881,0.2483166,354.6382,9.572437,4.031359,0,0,False
1,Center_Head_Far,319,9.959996,0.01956717,1.555793,0.248764,-0.001555175,1.196764,0.3595491,0.1312252,-0.2543691,-0.04555809,-0.9570793,0.2195247,1.137453,0.3670163,-0.01964525,0.3522311,-0.0396406,0.9348668,MathCanvas,1.222242,1.011917,2.684829,0.01892813,1.555806,0.2485125,0.3948309,-0.1959241,0.8976204,0.05224612,1.55824,0.2429506,0.3690319,-0.2028203,0.9070168,-0.01311178,1.553346,0.2545773,0.4176198,-0.1965153,0.8871164,0.01956717,1.555793,0.248764,354.9389,9.712889,4.232538,0,0,False
1,Center_Head_Far,320,9.979997,0.02029822,1.555967,0.2490909,0.0008395044,1.197333,0.3601601,0.1242044,-0.2595871,-0.06055893,-0.9557827,0.2197995,1.136212,0.3662761,-0.01648486,0.3550487,-0.04143398,0.9337837,MathCanvas,1.146693,0.9964874,2.811206,0.01956717,1.555793,0.248764,0.3934532,-0.1996688,0.8974001,0.05296855,1.558487,0.2432606,0.3700008,-0.2032026,0.9065363,-0.01237211,1.553446,0.2549212,0.4185636,-0.196774,0.8866141,0.02029822,1.555967,0.2490909,354.9898,9.736886,4.359832,0,0,False
1,Center_Head_Far,321,9.999996,0.02165318,1.556586,0.2498078,0.008877304,1.198798,0.3620333,0.1080736,-0.2528812,-0.05223999,-0.960022,0.2192302,1.13366,0.3650038,-0.013533,0.3595165,-0.0428369,0.9320567,MathCanvas,1.146693,0.9964874,2.811206,0.02105858,1.556223,0.2494291,0.3533815,-0.2017192,0.9134719,0.05430781,1.559319,0.243985,0.3279313,-0.2022302,0.9228023,-0.01100144,1.553854,0.2556306,0.3778075,-0.195951,0.9049115,0.02165318,1.556586,0.2498078,354.9229,9.691089,4.727695,0,0,False
1,Center_Head_Far,322,10.02,0.0221127,1.556605,0.2500722,0.01431976,1.20007,0.3618686,0.1109552,-0.2484494,-0.02917309,-0.9618268,0.218219,1.132472,0.3644233,-0.01284796,0.3590871,-0.04243829,0.9322502,MathCanvas,1.04923,0.9700191,2.906038,0.02165318,1.556586,0.2498078,0.3529841,-0.1990917,0.9142017,0.05476797,1.55942,0.2442927,0.3271981,-0.2009254,0.9233474,-0.01054257,1.553789,0.2558517,0.3770823,-0.1945238,0.9055216,0.0221127,1.556605,0.2500722,354.8705,9.599894,4.871981,0,0,False
1,Center_Head_Far,323,10.04,0.02237885,1.55648,0.2502151,0.01809079,1.201331,0.3611721,0.1165538,-0.2510769,-0.02264573,-0.9606575,0.216448,1.131412,0.3639547,-0.01152489,0.3569372,-0.04101181,0.9331565,MathCanvas,1.061357,0.9704456,2.941634,0.0221127,1.556605,0.2500722,0.3199268,-0.1975595,0.926616,0.05504049,1.559363,0.2445055,0.2929259,-0.2013695,0.9346897,-0.01028279,1.553597,0.2559247,0.3437102,-0.1952095,0.9185622,0.02237885,1.55648,0.2502151,354.9333,9.47402,4.989279,0,0,False
1,Center_Head_Far,324,10.06,0.02249181,1.556302,0.2502775,0.0237688,1.203486,0.3603966,0.1191014,-0.2569211,-0.02602711,-0.9587122,0.2136352,1.129384,0.3630858,-0.008324414,0.356614,-0.03970568,0.9333706,MathCanvas,0.9691666,0.9718248,2.992431,0.02237469,1.556319,0.2502038,0.2825399,-0.1796675,0.9422796,0.05516029,1.559334,0.2446856,0.2559986,-0.1840416,0.948996,-0.01017666,1.553269,0.2558695,0.3075904,-0.1781017,0.934702,0.02249181,1.556302,0.2502775,355.2232,9.275207,5.246119,0,0,False
1,Center_Head_Far,325,10.08,0.02257809,1.55622,0.2503539,0.02660618,1.20445,0.3601984,0.1203139,-0.259844,-0.02799673,-0.9577171,0.212916,1.128371,0.3626503,-0.006684124,0.3567546,-0.03954082,0.933337,MathCanvas,0.8656816,1.020116,3.062342,0.02249181,1.556302,0.2502775,0.2820857,-0.1806716,0.9422237,0.05524724,1.559334,0.2448111,0.2553557,-0.1850556,0.948972,-0.01009106,1.553106,0.2558968,0.3069504,-0.1789822,0.9347442,0.02257809,1.55622,0.2503539,355.3207,9.188731,5.387115,0,0,False
1,Center_Head_Far,326,10.1,0.02241121,1.556744,0.2504379,0.02878191,1.207445,0.3583494,0.1334799,-0.2561065,-0.03304678,-0.9568179,0.2058215,1.125785,0.3620434,-0.004369289,0.3643012,-0.0422686,0.9303112,MathCanvas,0.872188,1.012058,3.088224,0.02239364,1.556477,0.2502618,0.2516403,-0.1727902,0.9522713,0.05511257,1.560127,0.2452539,0.2207213,-0.1712187,0.9601907,-0.01029016,1.553361,0.2556219,0.2728868,-0.1649635,0.9477974,0.02241121,1.556744,0.2504379,355.2189,8.51827,5.853796,0,0,False
1,Center_Head_Far,327,10.12,0.02203092,1.556821,0.2504837,0.03009291,1.208493,0.35749,0.1385765,-0.2580232,-0.03008708,-0.9556754,0.2036447,1.124351,0.3619036,-0.001203656,0.3652525,-0.04309042,0.9299099,MathCanvas,0.7849706,1.033128,3.136158,0.02241121,1.556744,0.2504379,0.2482667,-0.1706483,0.9535422,0.05474119,1.560298,0.2454192,0.2191224,-0.173388,0.9601676,-0.01067934,1.553345,0.2555483,0.2713018,-0.1670164,0.9478929,0.02203092,1.556821,0.2504837,355.2102,8.297008,6.01653,0,0,False
1,Center_Head_Far,328,10.14,0.020695,1.5565,0.2504446,0.03174775,1.210845,0.3566357,0.1434408,-0.2585994,-0.03195885,-0.9547407,0.1988588,1.121022,0.3621734,0.007890463,0.366781,-0.04326585,0.9292672,MathCanvas,0.7805697,1.035433,3.163878,0.02187956,1.556872,0.2505768,0.2298753,-0.1635766,0.9593748,0.05342925,1.560122,0.2456434,0.1993567,-0.1673787,0.9655264,-0.01203924,1.552879,0.2552457,0.2518112,-0.1609044,0.9543065,0.020695,1.5565,0.2504446,355.2474,7.822804,6.267982,0,0,False
1,Center_Head_Far,329,10.16,0.02011713,1.556479,0.2504765,0.03159752,1.212001,0.3562655,0.1448148,-0.2586072,-0.03765742,-0.9543233,0.1969233,1.119452,0.3623855,0.01225337,0.3690981,-0.04339725,0.9282959,MathCanvas,0.7269177,1.053961,3.197834,0.020695,1.5565,0.2504446,0.2154641,-0.1546686,0.9641851,0.052868,1.560129,0.2458128,0.1851784,-0.1578393,0.9699462,-0.01263374,1.552828,0.2551402,0.2378196,-0.1514312,0.9594324,0.02011713,1.556479,0.2504765,355.2498,7.579005,6.318763,0,0,False
1,Center_Head_Far,330,10.18,0.01874923,1.556388,0.2504542,0.03163806,1.212522,0.3545618,0.1501046,-0.259406,-0.02747801,-0.9536363,0.1931207,1.117195,0.3630283,0.01834178,0.3694236,-0.0472259,0.927879,MathCanvas,0.6878881,1.077126,3.238699,0.01946708,1.55642,0.2504869,0.2081777,-0.1542523,0.9658511,0.05153423,1.559988,0.2459961,0.1786983,-0.1560235,0.9714544,-0.01403578,1.552787,0.2549123,0.2314158,-0.1497194,0.9612652,0.01874923,1.556388,0.2504542,355.1532,7.214808,6.233009,0,0,False
1,Center_Head_Far,331,10.2,0.01797844,1.55638,0.2504189,0.03252382,1.213356,0.3539461,0.1528956,-0.2601791,-0.02689773,-0.9529986,0.1911734,1.115917,0.363095,0.02143177,0.3701651,-0.04807661,0.9274735,MathCanvas,0.6660639,1.076751,3.253702,0.01874923,1.556388,0.2504542,0.2037453,-0.1531517,0.9669707,0.05077555,1.56001,0.2460752,0.1740318,-0.1557563,0.972344,-0.01481866,1.55275,0.2547626,0.2267964,-0.1493935,0.9624162,0.01797844,1.55638,0.2504189,355.1239,7.008197,6.284455,0,0,False
1,Center_Head_Far,332,10.22,0.01721999,1.55632,0.2504009,0.03340749,1.214189,0.353332,0.1556785,-0.260948,-0.02631858,-0.9523538,0.1892308,1.114642,0.3631615,0.02451429,0.3709007,-0.04892476,0.9270589,MathCanvas,0.6553913,1.077248,3.275566,0.01797844,1.55638,0.2504189,0.2004932,-0.152685,0.967724,0.05002983,1.559976,0.246177,0.1705875,-0.1553415,0.9730206,-0.01558985,1.552664,0.2546249,0.2233833,-0.1489431,0.9632839,0.01721999,1.55632,0.2504009,355.0961,6.792626,6.330228,0,0,False
1,Center_Head_Far,333,10.24,0.01296256,1.556413,0.250656,0.03106288,1.210947,0.3522621,0.1699483,-0.2659262,-0.00237716,-0.9488916,0.18457,1.116054,0.3648856,0.02016649,0.3454365,-0.04381808,0.9372017,MathCanvas,0.6463312,1.077222,3.286942,0.01469867,1.556672,0.2505469,0.1692059,-0.1462103,0.9746753,0.0459238,1.560044,0.2478164,0.1233107,-0.1464942,0.9814957,-0.01999868,1.552781,0.2534957,0.1765261,-0.1402093,0.9742587,0.01296256,1.556413,0.250656,354.5643,4.325393,6.292756,0,0,False
1,Center_Head_Far,334,10.26,0.01175388,1.556037,0.2506483,0.02994495,1.210078,0.3522636,0.1741545,-0.2624997,0.002332762,-0.9490831,0.1829624,1.116343,0.3653305,0.01846692,0.3414353,-0.04003195,0.9388708,MathCanvas,0.5465016,1.095383,3.323997,0.01296256,1.556413,0.250656,0.1535225,-0.1454254,0.9773855,0.04475329,1.559569,0.2481462,0.1162151,-0.1470712,0.982275,-0.02124554,1.552506,0.2531505,0.169495,-0.1409263,0.9754031,0.01175388,1.556037,0.2506483,354.4677,3.743917,6.120021,0,0,False
1,Center_Head_Far,335,10.28,0.008824311,1.555562,0.2507886,0.02985893,1.209881,0.3513332,0.1822055,-0.2630068,0.009906553,-0.9473808,0.179261,1.115775,0.3660709,0.01855052,0.3347967,-0.03654349,0.9413988,MathCanvas,0.4984319,1.095028,3.349035,0.01024046,1.555818,0.2507028,0.1317461,-0.1419218,0.9810714,0.04187733,1.559021,0.2489922,0.09436626,-0.1429129,0.9852263,-0.02422871,1.552103,0.2525849,0.1477949,-0.1368857,0.9794993,0.008824311,1.555562,0.2507886,354.2278,2.505532,5.996382,0,0,False
1,Center_Head_Far,336,10.3,0.008011401,1.555293,0.2510861,0.02576355,1.207379,0.3530737,0.1872547,-0.2544026,0.01767195,-0.948632,0.1797141,1.117575,0.3667171,0.006894618,0.3373189,-0.02666239,0.9409875,MathCanvas,0.4281065,1.103895,3.37305,0.008824311,1.555562,0.2507886,0.1242432,-0.1376237,0.9826614,0.04104905,1.559023,0.2495712,0.09035043,-0.1406945,0.9859219,-0.02502625,1.551563,0.2526009,0.1437443,-0.1342085,0.9804721,0.008011401,1.555293,0.2510861,354.2569,1.97533,6.467727,0,0,False
1,Center_Head_Far,337,10.32,0.003994678,1.554559,0.2516933,0.02098235,1.205377,0.3551288,0.1805924,-0.2554519,0.01686814,-0.9496558,0.1789965,1.117952,0.3679824,0.000973165,0.3394078,-0.02195048,0.9403827,MathCanvas,0.4053995,1.115108,3.394098,0.005809833,1.554873,0.2513805,0.1042297,-0.08771835,0.9906774,0.03706962,1.558216,0.2510864,0.06411862,-0.09165934,0.9937239,-0.02908027,1.550902,0.2523001,0.1176207,-0.08542245,0.9893778,0.003994678,1.554559,0.2516933,354.2145,0.4093695,6.341118,0,0,False
1,Center_Head_Far,338,10.34,0.002167228,1.554196,0.2519837,0.01973993,1.204707,0.3553629,0.1822663,-0.2548744,0.01965563,-0.9494376,0.1778522,1.117978,0.3684668,-0.0009293259,0.3381527,-0.01942276,0.9408904,MathCanvas,0.3425125,1.269666,3.469223,0.003994678,1.554559,0.2516933,0.09127853,-0.08794919,0.9919341,0.03524724,1.557852,0.2517768,0.05238134,-0.0901807,0.9945469,-0.03091278,1.55054,0.2521906,0.1059296,-0.08393601,0.9908248,0.002167228,1.554196,0.2519837,354.1629,359.7111,6.339364,0,0,False
1,Center_Head_Far,339,10.36,0.0003728159,1.553821,0.2523204,0.01795741,1.20389,0.3560615,0.179774,-0.2557829,0.01859086,-0.9496899,0.1767106,1.118004,0.3689499,-0.002827019,0.3368967,-0.01690103,0.9413857,MathCanvas,0.2997698,1.267448,3.486066,0.002167228,1.554196,0.2519837,0.0789516,-0.08731569,0.9930471,0.03345388,1.557468,0.2525223,0.03976981,-0.08985367,0.9951606,-0.03270825,1.550174,0.2521186,0.09336379,-0.0836358,0.9921131,0.0003728159,1.553821,0.2523204,354.1287,359.0009,6.323617,0,0,False
1,Center_Head_Far,340,10.38,-0.00137946,1.553535,0.2528503,0.01255388,1.200807,0.3601735,0.1547295,-0.2597691,-0.006346226,-0.9531729,0.1782734,1.11688,0.3705594,0.0004943908,0.3492903,-0.02136523,0.9367708,MathCanvas,0.2584339,1.268421,3.498194,-0.0003407598,1.553651,0.252548,0.06291381,-0.09762824,0.9932324,0.03172417,1.556907,0.253539,0.03078619,-0.1024297,0.9942637,-0.03448309,1.550163,0.2521616,0.08443128,-0.0965783,0.9917379,-0.00137946,1.553535,0.2528503,354.8703,358.2844,5.838564,0,0,False
1,Center_Head_Far,341,10.4,-0.002659909,1.553308,0.2531755,0.01083599,1.199838,0.3609751,0.1519379,-0.2599646,-0.008255483,-0.953554,0.1779397,1.116797,0.3708715,5.686283E-05,0.3497665,-0.02076361,0.9366068,MathCanvas,0.204274,1.234407,3.499543,-0.00137946,1.553535,0.2528503,0.09897587,-0.1023973,0.9898074,0.03044242,1.556615,0.2541747,0.06298004,-0.1073612,0.9922233,-0.03576224,1.550002,0.2521763,0.1163076,-0.1013683,0.9880269,-0.002659909,1.553308,0.2531755,354.9697,357.7675,5.723594,0,0,False
1,Center_Head_Far,342,10.42,-0.002364498,1.553856,0.2538248,0.008279367,1.198404,0.3630956,0.1386347,-0.2575067,-0.01537404,-0.9561561,0.1773915,1.115583,0.3717388,0.008953333,0.3529269,-0.03094512,0.9350961,MathCanvas,0.3200593,1.219433,3.480527,-0.00380322,1.553172,0.2535101,0.08227807,-0.1062541,0.9909291,0.03076882,1.556989,0.2540718,0.08502454,-0.1086884,0.9904331,-0.03549782,1.550722,0.2535778,0.1382731,-0.1029686,0.9850269,-0.002364498,1.553856,0.2538248,355.016,359.1004,5.422569,0,0,False
1,Center_Head_Far,343,10.44,-0.002379705,1.553748,0.2541943,0.007542927,1.198477,0.3634703,0.1333781,-0.2571239,-0.01745281,-0.9569708,0.1768755,1.115186,0.3719712,0.01291946,0.3524907,-0.03291148,0.9351472,MathCanvas,0.2662144,1.207012,3.4885,-0.002364498,1.553856,0.2538248,0.1412558,-0.1029422,0.9846064,0.03075209,1.556906,0.2541221,0.1245442,-0.1075548,0.9863674,-0.0355115,1.550589,0.2542666,0.1773254,-0.1016235,0.9788915,-0.002379705,1.553748,0.2541943,355.1188,359.6586,5.464962,0,0,False
1,Center_Head_Far,344,10.46,-0.002263188,1.553592,0.2549303,0.005255082,1.197709,0.3645223,0.1260401,-0.2563395,-0.02102909,-0.9581032,0.1758326,1.114627,0.3725063,0.01796895,0.3530719,-0.03460442,0.9347833,MathCanvas,0.4584197,1.217933,3.466141,-0.002303548,1.553636,0.2545548,0.1913246,-0.1038646,0.9760159,0.03086895,1.556697,0.2543716,0.1700724,-0.1085591,0.9794337,-0.03539532,1.550486,0.255489,0.2221794,-0.1025397,0.9695989,-0.002263188,1.553592,0.2549303,355.3182,0.5262514,5.37212,0,0,False
1,Center_Head_Far,345,10.48,-0.001515128,1.553406,0.2552845,0.005510377,1.198865,0.3631419,0.1302303,-0.2569242,-0.01854951,-0.9574372,0.1753292,1.11469,0.3721652,0.02090424,0.3538912,-0.03387615,0.9344391,MathCanvas,0.6223041,1.214532,3.441073,-0.002263188,1.553592,0.2549303,0.1961883,-0.1055499,0.9748689,0.03160239,1.556467,0.2540385,0.1902192,-0.1088769,0.9756857,-0.03463264,1.550344,0.2565305,0.242119,-0.1029261,0.9647717,-0.001515128,1.553406,0.2552845,355.3242,1.721775,5.295574,0,0,False
1,Center_Head_Far,346,10.5,-0.0007048137,1.553516,0.2555797,0.006551038,1.199831,0.3612658,0.1397936,-0.2608039,-0.01399239,-0.9551142,0.1748416,1.115446,0.3713625,0.01973519,0.3551975,-0.031078,0.9340661,MathCanvas,0.6399735,1.208283,3.442871,-0.001515128,1.553406,0.2552845,0.2162387,-0.105902,0.97058,0.03237051,1.556643,0.2535938,0.2119668,-0.1058394,0.9715288,-0.03378014,1.55039,0.2575657,0.2635999,-0.09981113,0.9594544,-0.0007048137,1.553516,0.2555797,355.1655,2.97889,5.40942,0,0,False
1,Center_Head_Far,347,10.52,0.0002268665,1.553508,0.2560826,0.006005173,1.200404,0.3589774,0.1495682,-0.2704227,-0.01177225,-0.9509797,0.1746073,1.115982,0.3709698,0.01656449,0.3543264,-0.02862297,0.9345369,MathCanvas,0.7076695,1.206593,3.435094,-0.0002041906,1.553501,0.255837,0.2566914,-0.09683348,0.9616303,0.03322781,1.556675,0.2531495,0.2442394,-0.09912225,0.9646357,-0.03277407,1.550341,0.2590156,0.2953868,-0.09306815,0.9508338,0.0002268665,1.553508,0.2560826,355.0206,4.601727,5.48127,0,0,False
1,Center_Head_Far,348,10.54,0.0006916486,1.553463,0.2563041,0.005458294,1.200426,0.3585948,0.1508727,-0.2723563,-0.01161887,-0.9502234,0.1744708,1.116077,0.3709057,0.01591647,0.3540938,-0.0278837,0.9346586,MathCanvas,0.846891,1.234115,3.427898,0.0002268665,1.553508,0.2560826,0.2691492,-0.08635189,0.9592195,0.03365278,1.556595,0.2529211,0.2564805,-0.08883388,0.9624585,-0.03226949,1.55033,0.2596871,0.3074463,-0.08292712,0.9479451,0.0006916486,1.553463,0.2563041,354.9814,5.384411,5.421926,0,0,False
1,Center_Head_Far,349,10.56,0.001439638,1.553095,0.2564453,0.006563719,1.200828,0.356158,0.1591956,-0.2887672,-0.01486001,-0.9439542,0.1721267,1.116726,0.3707527,0.01143053,0.3531755,-0.01718074,0.9353295,MathCanvas,0.8943043,1.266762,3.441046,0.001203526,1.553438,0.2565688,0.2929067,-0.08783851,0.9520977,0.03432977,1.556036,0.2522882,0.2767383,-0.09422094,0.956315,-0.0314505,1.550153,0.2606025,0.3274301,-0.08880391,0.940693,0.001439638,1.553095,0.2564453,355.1004,6.767891,5.089158,0,0,False
1,Center_Head_Far,350,10.58,0.001989258,1.552901,0.2565577,0.006736098,1.200417,0.356033,0.1576044,-0.2952949,-0.01722088,-0.9421599,0.1719057,1.116507,0.3710248,0.01150441,0.3544249,-0.0138675,0.9349109,MathCanvas,0.8943043,1.266762,3.441046,0.001439638,1.553095,0.2564453,0.2737715,-0.07983723,0.9584755,0.03482622,1.555804,0.2519754,0.260413,-0.08357468,0.9618734,-0.03084771,1.549997,0.2611399,0.3116075,-0.07822176,0.9469858,0.001989258,1.552901,0.2565577,355.1517,7.518351,5.023388,0,0,False
1,Center_Head_Far,351,10.6,0.002938706,1.552589,0.2567487,0.006494258,1.200166,0.3551606,0.1592325,-0.3043501,-0.01912296,-0.9389624,0.1712159,1.116392,0.3712479,0.01098323,0.3563503,-0.009336979,0.9342412,MathCanvas,0.9163283,1.286261,3.457664,0.002478709,1.552762,0.2566486,0.2687426,-0.08188348,0.9597252,0.03565006,1.555406,0.2512965,0.2552316,-0.08514614,0.9631236,-0.02977265,1.549772,0.2622009,0.3067358,-0.08005895,0.9484217,0.002938706,1.552589,0.2567487,355.2286,9.056605,4.872463,0,0,False
1,Center_Head_Far,352,10.62,0.003396123,1.552487,0.2568428,0.006348391,1.2001,0.3546501,0.160462,-0.3087077,-0.01995081,-0.9373119,0.171171,1.116394,0.3712543,0.01094589,0.3563967,-0.009112076,0.9342262,MathCanvas,0.9003046,1.279169,3.461393,0.002938706,1.552589,0.2567487,0.2810808,-0.08260283,0.9561226,0.03603556,1.555267,0.2509577,0.2679186,-0.086166,0.9595807,-0.02924331,1.549707,0.2627279,0.3192289,-0.08113287,0.9441983,0.003396123,1.552487,0.2568428,355.2811,9.824526,4.807655,0,0,False
1,Center_Head_Far,353,10.64,0.002963949,1.553171,0.2572501,0.006149872,1.198004,0.3574208,0.1489493,-0.3063314,-0.01767053,-0.9400335,0.1720517,1.115877,0.3725172,0.01706746,0.3670272,-0.014035,0.9299477,MathCanvas,0.9003046,1.279169,3.461393,0.002617792,1.553239,0.2571323,0.263687,-0.08602938,0.9607643,0.03555986,1.555978,0.251141,0.2417711,-0.087453,0.9663844,-0.02963196,1.550364,0.2633592,0.2936519,-0.08250862,0.952345,0.002963949,1.553171,0.2572501,355.0855,10.19821,4.856306,0,0,False
1,Center_Head_Far,354,10.66,0.002831355,1.553301,0.2574396,0.005870152,1.197733,0.3576716,0.1482271,-0.3073797,-0.01692604,-0.9398192,0.1720486,1.115966,0.3728112,0.01866624,0.3689213,-0.01470608,0.9291568,MathCanvas,0.8847371,1.265488,3.47006,0.002963949,1.553171,0.2572501,0.2346166,-0.09012879,0.9679008,0.03539429,1.556092,0.2511495,0.2136058,-0.09179194,0.972598,-0.02973158,1.550511,0.2637296,0.2660039,-0.08704878,0.9600336,0.002831355,1.553301,0.2574396,355.043,10.51486,4.827263,0,0,False
1,Center_Head_Far,355,10.68,0.002328955,1.553439,0.2577287,0.005286053,1.197733,0.3580288,0.1484827,-0.3070324,-0.01611509,-0.9399065,0.172009,1.116373,0.3730343,0.01938483,0.3704824,-0.01559682,0.9285062,MathCanvas,0.7849997,1.252829,3.484242,0.002831355,1.553301,0.2574396,0.2404582,-0.08957222,0.9665178,0.03488716,1.556205,0.2514036,0.2151136,-0.09140529,0.972302,-0.03022925,1.550673,0.2640539,0.2674934,-0.08668756,0.9596522,0.002328955,1.553439,0.2577287,355.0102,10.57675,4.785634,0,0,False
1,Center_Head_Far,356,10.7,0.0006180182,1.55351,0.2584869,0.003688907,1.198062,0.3585305,0.1505619,-0.3079346,-0.01896745,-0.9392272,0.1713977,1.117433,0.3730772,0.01573408,0.3698602,-0.0157309,0.928821,MathCanvas,0.805344,1.254311,3.485435,0.001206562,1.553466,0.2581445,0.2212948,-0.09236063,0.9708234,0.03315203,1.556313,0.2520545,0.1957163,-0.0944034,0.9761061,-0.03191599,1.550707,0.2649193,0.2483822,-0.08972115,0.964498,0.0006180182,1.55351,0.2584869,354.9995,10.76015,4.849963,0,0,False
1,Center_Head_Far,357,10.72,-5.577132E-05,1.553634,0.2588633,0.002795853,1.198359,0.3587742,0.151801,-0.3085122,-0.02129725,-0.9387881,0.1710868,1.117631,0.3731147,0.01452193,0.3688955,-0.01553299,0.9292276,MathCanvas,0.737921,1.245786,3.493044,0.0006180182,1.55351,0.2584869,0.2227339,-0.09186365,0.9705414,0.03246863,1.556494,0.2524075,0.1971582,-0.09327391,0.9759245,-0.03258017,1.550774,0.2653192,0.2497998,-0.08849792,0.9642448,-5.577132E-05,1.553634,0.2588633,354.9469,10.78991,4.949203,0,0,False
1,Center_Head_Far,358,10.74,-0.001500725,1.553862,0.2596423,0.00229539,1.19843,0.3589286,0.1523572,-0.3091924,-0.02229764,-0.9384509,0.1709808,1.117665,0.37314,0.01428476,0.3686208,-0.01541618,0.9293423,MathCanvas,0.7433039,1.247045,3.497981,-0.0007805191,1.553746,0.2592441,0.2117775,-0.09237222,0.9729428,0.03099676,1.5568,0.2530865,0.1870039,-0.09411114,0.9778408,-0.03399821,1.550924,0.2661982,0.2397732,-0.08928844,0.9667142,-0.001500725,1.553862,0.2596423,354.8641,10.94908,5.084261,0,0,False
1,Center_Head_Far,359,10.76,-0.002555079,1.553927,0.2601805,0.001283126,1.198639,0.359213,0.1543788,-0.3100186,-0.02322672,-0.9378253,0.1704124,1.117716,0.3733179,0.01386193,0.3678001,-0.01467867,0.9296857,MathCanvas,0.7047026,1.245833,3.504063,-0.001500725,1.553862,0.2596423,0.2134615,-0.09170005,0.9726383,0.02996139,1.556929,0.2537495,0.1833768,-0.09289781,0.9786434,-0.03507154,1.550924,0.2666115,0.2361786,-0.08796963,0.9677195,-0.002555079,1.553927,0.2601805,354.7941,10.71452,5.197913,0,0,False
1,Center_Head_Far,360,10.78,-0.004464804,1.553484,0.2609678,-0.0001156684,1.198685,0.3594285,0.1598792,-0.3137498,-0.02031644,-0.9357281,0.1692544,1.117502,0.3739959,0.01470724,0.3689424,-0.01357529,0.9292368,MathCanvas,0.7102646,1.24771,3.508146,-0.003545769,1.553602,0.2605903,0.1833114,-0.0961493,0.9783416,0.02809526,1.556524,0.2547795,0.1552953,-0.09905871,0.9828889,-0.03702487,1.550444,0.2671562,0.2083945,-0.09418786,0.973499,-0.004464804,1.553484,0.2609678,354.8755,10.28989,5.262011,0,0,False
1,Center_Head_Far,361,10.8,-0.005393833,1.553351,0.2613828,-0.0002214219,1.198684,0.3594566,0.1600993,-0.313971,-0.02032499,-0.935616,0.1692544,1.117502,0.3739959,0.01470724,0.3689424,-0.01357529,0.9292368,MathCanvas,0.6054111,1.233596,3.515903,-0.004464804,1.553484,0.2609678,0.177151,-0.09686884,0.9794049,0.02717229,1.556419,0.2552403,0.1492535,-0.09962109,0.9837678,-0.03795996,1.550282,0.2675252,0.2024037,-0.09472239,0.9747104,-0.005393833,1.553351,0.2613828,354.8929,10.20723,5.310575,0,0,False
1,Center_Head_Far,362,10.82,-0.00634177,1.553236,0.2617969,-0.0002214219,1.198684,0.3594566,0.1600993,-0.313971,-0.02032499,-0.935616,0.1692544,1.117502,0.3739959,0.01470724,0.3689424,-0.01357529,0.9292368,MathCanvas,0.5840402,1.231039,3.520154,-0.005393833,1.553351,0.2613828,0.1758873,-0.09717199,0.9796026,0.02622843,1.556332,0.2556902,0.1482711,-0.099659,0.9839125,-0.03891197,1.550139,0.2679035,0.2014268,-0.09471472,0.9749135,-0.00634177,1.553236,0.2617969,354.8938,10.14088,5.359161,0,0,False
1,Center_Head_Far,363,10.84,-0.008068793,1.553221,0.2625982,-0.001796722,1.198771,0.3606957,0.1605163,-0.313908,-0.02531235,-0.9354441,0.1654879,1.115107,0.3759412,0.02117115,0.3687899,-0.006867648,0.9292463,MathCanvas,0.5789578,1.229877,3.521618,-0.007175677,1.553086,0.262156,0.1642631,-0.1037408,0.9809462,0.02455832,1.556386,0.2568407,0.134453,-0.1060467,0.9852292,-0.04069591,1.550056,0.2683558,0.1877234,-0.1010175,0.9770135,-0.008068793,1.553221,0.2625982,355.1723,9.545442,5.476235,0,0,False
1,Center_Head_Far,364,10.86,-0.008954339,1.553317,0.2630347,-0.001796722,1.198771,0.3606957,0.1605163,-0.313908,-0.02531235,-0.9354441,0.1653369,1.115008,0.3760015,0.02136201,0.3686986,-0.006970644,0.9292774,MathCanvas,0.5372981,1.208793,3.51942,-0.008068793,1.553221,0.2625982,0.1613326,-0.1035411,0.9814535,0.02368676,1.556495,0.2573641,0.1320943,-0.1064274,0.9855071,-0.04159544,1.550139,0.2687053,0.1853835,-0.1013846,0.9774222,-0.008954339,1.553317,0.2630347,355.1932,9.393301,5.498278,0,0,False
1,Center_Head_Far,365,10.88,-0.01006164,1.553497,0.2636894,-0.002964435,1.198663,0.3617127,0.1611097,-0.3206192,-0.03037518,-0.9329118,0.1647027,1.114731,0.3762658,0.0215635,0.3679435,-0.007856728,0.9295649,MathCanvas,0.5269292,1.209394,3.523037,-0.00942871,1.553419,0.2633464,0.1579569,-0.1024838,0.9821134,0.02259368,1.556673,0.2581004,0.129498,-0.1049276,0.9860124,-0.04271695,1.550321,0.2692784,0.1828068,-0.09987915,0.9780623,-0.01006164,1.553497,0.2636894,355.1045,9.241655,5.496496,0,0,False
1,Center_Head_Far,366,10.9,-0.01051698,1.553192,0.2637862,-0.00303258,1.198416,0.3622621,0.1618663,-0.3264689,-0.03201097,-0.9306947,0.163354,1.114226,0.3769721,0.02288452,0.3668568,-0.007481531,0.9299659,MathCanvas,0.5147446,1.212998,3.526726,-0.01006164,1.553497,0.2636894,0.1632498,-0.100088,0.9814947,0.02212495,1.55641,0.2581428,0.1384243,-0.1035227,0.9849476,-0.0431589,1.549975,0.2694296,0.1916566,-0.09836582,0.9765203,-0.01051698,1.553192,0.2637862,355.1541,9.337008,5.567542,0,0,False
1,Center_Head_Far,367,10.92,-0.01171863,1.55302,0.2641708,-0.004371865,1.19862,0.3637602,0.162691,-0.334286,-0.04229032,-0.9273598,0.1629023,1.114212,0.3772424,0.02380571,0.3673135,-0.00778915,0.9297599,MathCanvas,0.532649,1.220179,3.529423,-0.01113238,1.553089,0.2639854,0.1646072,-0.1023468,0.981035,0.02093036,1.556251,0.2585761,0.1371768,-0.1057391,0.9848866,-0.04436763,1.54979,0.2697655,0.1904196,-0.1005624,0.9765385,-0.01171863,1.55302,0.2641708,355.2813,9.262486,5.589544,0,0,False
1,Center_Head_Far,368,10.94,-0.01228223,1.552966,0.2643878,-0.005132105,1.19882,0.3646378,0.1623775,-0.3374469,-0.04800574,-0.9259906,0.1629023,1.114212,0.3772424,0.02380571,0.3673135,-0.00778915,0.9297599,MathCanvas,0.5357867,1.212602,3.527223,-0.01171863,1.55302,0.2641708,0.1678429,-0.09465393,0.9812591,0.02037129,1.556198,0.2588206,0.1404246,-0.09803326,0.9852261,-0.04493576,1.549734,0.2699551,0.1936346,-0.09282342,0.9766726,-0.01228223,1.552966,0.2643878,355.326,9.218452,5.592142,0,0,False
1,Center_Head_Far,369,10.96,-0.0125499,1.553241,0.2644501,-0.007236032,1.201349,0.3692946,0.1480436,-0.3311118,-0.06105,-0.9299037,0.1621679,1.114838,0.3777225,0.02419361,0.3671924,-0.008764565,0.929789,MathCanvas,0.5474532,1.237307,3.536765,-0.01228223,1.552966,0.2643878,0.1670847,-0.09542865,0.9813135,0.02010298,1.556503,0.2588962,0.1400542,-0.09720498,0.9853609,-0.04520278,1.54998,0.2700041,0.193263,-0.09194714,0.9768291,-0.0125499,1.553241,0.2644501,355.2773,9.186963,5.643334,0,0,False
1,Center_Head_Far,370,10.98,-0.01348891,1.553118,0.2645674,-0.009236099,1.204582,0.374121,0.1332466,-0.3329578,-0.06094225,-0.9314883,0.1615362,1.115604,0.3781821,0.02282706,0.3666544,-0.008060694,0.9300423,MathCanvas,0.5446669,1.234993,3.537067,-0.01304638,1.553224,0.2645172,0.175386,-0.0922037,0.9801725,0.01917213,1.55645,0.2591042,0.1473876,-0.09559116,0.9844487,-0.04614995,1.549786,0.2700306,0.2005189,-0.09016561,0.9755318,-0.01348891,1.553118,0.2645674,355.3152,9.023536,5.765692,0,0,False
1,Center_Head_Far,371,11,-0.01395626,1.553051,0.2646147,-0.01009151,1.205435,0.375767,0.129295,-0.3340582,-0.06386596,-0.9314554,0.1615362,1.115604,0.3781821,0.02282706,0.3666544,-0.008060694,0.9300423,MathCanvas,0.5723279,1.245143,3.538497,-0.01348891,1.553118,0.2645674,0.1740087,-0.09294447,0.9803481,0.01870913,1.556407,0.2591917,0.1462842,-0.09607073,0.9845666,-0.04662165,1.549696,0.2700378,0.1994228,-0.0906093,0.9757154,-0.01395626,1.553051,0.2646147,355.3387,8.952791,5.805256,0,0,False
1,Center_Head_Far,372,11.02,-0.01472104,1.552913,0.2646507,-0.0126486,1.210526,0.3800459,0.1359354,-0.3330795,-0.06629419,-0.9306904,0.1607757,1.116649,0.3790338,0.02127734,0.366623,-0.007818118,0.9300934,MathCanvas,0.5673507,1.242554,3.53964,-0.01434099,1.552934,0.2646108,0.1711796,-0.09523872,0.9806259,0.01795779,1.556355,0.2593645,0.1427893,-0.1000032,0.984688,-0.04739987,1.549471,0.2699369,0.1959498,-0.09440102,0.9760596,-0.01472104,1.552913,0.2646507,355.5639,8.726567,5.953495,0,0,False
1,Center_Head_Far,373,11.04,-0.01502483,1.552915,0.2646201,-0.01343591,1.213457,0.3815754,0.1414049,-0.3275055,-0.06630526,-0.9318522,0.1605202,1.117099,0.3794467,0.02043569,0.3671898,-0.007343769,0.9298925,MathCanvas,0.5568171,1.234928,3.538785,-0.01472104,1.552913,0.2646507,0.1779157,-0.09630378,0.979322,0.01766343,1.556373,0.2594031,0.1494438,-0.1008795,0.9836106,-0.04771309,1.549457,0.2698371,0.2025369,-0.09520518,0.9746357,-0.01502483,1.552915,0.2646201,355.6648,8.614114,5.980532,0,0,False
1,Center_Head_Far,374,11.06,-0.01569776,1.553011,0.2645904,-0.01463979,1.218146,0.3839976,0.1512184,-0.3198659,-0.06348297,-0.9331607,0.1602904,1.117466,0.3798308,0.01958516,0.3679074,-0.006832913,0.9296311,MathCanvas,0.5793194,1.231203,3.536137,-0.01536271,1.552982,0.2646188,0.1856103,-0.09780377,0.977744,0.01701264,1.556452,0.2595026,0.1573659,-0.1019187,0.9822671,-0.04840816,1.549571,0.2696781,0.2103732,-0.09620783,0.9728757,-0.01569776,1.553011,0.2645904,355.8065,8.404242,5.950181,0,0,False
1,Center_Head_Far,375,11.08,-0.01598854,1.553092,0.2645301,-0.01546121,1.220044,0.3855792,0.1527145,-0.3181106,-0.06425887,-0.9334638,0.1602904,1.117466,0.3798308,0.01958516,0.3679074,-0.006832913,0.9296311,MathCanvas,0.6045614,1.226178,3.531945,-0.01569776,1.553011,0.2645904,0.18393,-0.09906367,0.9779347,0.0167317,1.55653,0.2595045,0.1555974,-0.1031267,0.9824227,-0.04870877,1.549653,0.2695557,0.2086227,-0.09741799,0.9731322,-0.01598854,1.553092,0.2645301,355.8761,8.302915,5.94582,0,0,False
1,Center_Head_Far,376,11.1,-0.0162569,1.553346,0.2644517,-0.01177542,1.225746,0.379525,0.2011254,-0.2953026,-0.02743026,-0.9335912,0.1597681,1.117794,0.3805194,0.019586,0.3690516,-0.006151855,0.9291821,MathCanvas,0.5986254,1.222064,3.532362,-0.01596714,1.553304,0.2644907,0.1861726,-0.09688607,0.9777284,0.01650325,1.556612,0.2595734,0.157493,-0.09988966,0.9824551,-0.04901705,1.550079,0.2693301,0.2105089,-0.0944268,0.9730209,-0.0162569,1.553346,0.2644517,355.727,8.047595,5.647954,0,0,False
1,Center_Head_Far,377,11.12,-0.01612354,1.553445,0.2642495,-0.01014565,1.227342,0.3766374,0.2135283,-0.2867798,-0.02119035,-0.9336563,0.1596929,1.1178,0.3805031,0.01966086,0.3688738,-0.006545172,0.9292485,MathCanvas,0.6064346,1.229291,3.53466,-0.0162569,1.553346,0.2644517,0.1917814,-0.09230399,0.9770874,0.01665052,1.556669,0.2594372,0.1632146,-0.09596945,0.9819118,-0.04889761,1.55022,0.2690618,0.21616,-0.09053886,0.972151,-0.01612354,1.553445,0.2642495,355.7779,7.941438,5.575024,0,0,False
1,Center_Head_Far,378,11.14,-0.01627124,1.553528,0.2641581,-0.009834442,1.229395,0.376226,0.2224171,-0.281291,-0.016113,-0.9333522,0.1596929,1.1178,0.3805031,0.01966086,0.3688738,-0.006545172,0.9292485,MathCanvas,0.6265823,1.244112,3.538705,-0.01612354,1.553445,0.2642495,0.1897449,-0.09320232,0.9773997,0.01651565,1.556721,0.2594124,0.161146,-0.09638448,0.9822128,-0.04905813,1.550335,0.2689038,0.2141162,-0.091005,0.9725596,-0.01627124,1.553528,0.2641581,355.8034,7.830847,5.519663,0,0,False
1,Center_Head_Far,379,11.16,-0.01532281,1.553959,0.2634523,-0.004786674,1.22917,0.3678976,0.2336419,-0.2844533,-0.007908613,-0.9297501,0.1593971,1.117894,0.380488,0.02013639,0.3678126,-0.007670119,0.9296502,MathCanvas,0.6194935,1.241242,3.539062,-0.01575042,1.553715,0.2637899,0.1965252,-0.09005176,0.9763547,0.01748744,1.556953,0.2587388,0.168924,-0.09131862,0.9813896,-0.04813306,1.550964,0.2681657,0.2218126,-0.08622415,0.9712695,-0.01532281,1.553959,0.2634523,355.6578,7.782015,5.176753,0,0,False
1,Center_Head_Far,380,11.18,-0.01412925,1.554174,0.2627939,-0.001662919,1.227136,0.3623137,0.2347455,-0.2987073,0.0006073713,-0.9250233,0.1594531,1.117892,0.3803535,0.02103865,0.3665641,-0.008340702,0.9301175,MathCanvas,0.6442513,1.251729,3.540275,-0.01532281,1.553959,0.2634523,0.1955812,-0.08838237,0.9766967,0.01868829,1.557139,0.258113,0.1678989,-0.08950378,0.9817327,-0.04694679,1.551208,0.2674748,0.2207989,-0.08443863,0.9716573,-0.01412925,1.554174,0.2627939,355.5734,7.720749,5.12721,0,0,False
1,Center_Head_Far,381,11.2,-0.01310283,1.554124,0.2619351,0.002283998,1.225458,0.3547036,0.2399154,-0.3160314,0.01196423,-0.9178353,0.1596652,1.11784,0.3802352,0.02163741,0.3658683,-0.008697748,0.9303744,MathCanvas,0.6428174,1.257302,3.543465,-0.01363232,1.55409,0.2623573,0.1923246,-0.08583778,0.97757,0.01973916,1.556973,0.2573543,0.1642389,-0.08781207,0.9825043,-0.04594482,1.551275,0.2665159,0.217191,-0.08296309,0.9725971,-0.01310283,1.554124,0.2619351,355.5292,7.555542,4.925116,0,0,False
1,Center_Head_Far,382,11.22,-0.01258881,1.554116,0.261517,0.003886065,1.22564,0.3518881,0.2450999,-0.3188518,0.01748046,-0.9153983,0.1597622,1.11782,0.3801894,0.02179927,0.365699,-0.008788913,0.9304364,MathCanvas,0.6334303,1.265566,3.548208,-0.01310283,1.554124,0.2619351,0.1907797,-0.08538785,0.9779121,0.02026618,1.55691,0.2569963,0.1622398,-0.08730645,0.9828814,-0.0454438,1.551322,0.2660376,0.215218,-0.08254715,0.973071,-0.01258881,1.554116,0.261517,355.4969,7.454252,4.83106,0,0,False
1,Center_Head_Far,383,11.24,-0.01208668,1.553279,0.2605329,0.007977351,1.215477,0.3406436,0.2078349,-0.3777463,-0.012226,-0.902199,0.1617072,1.117801,0.3791821,0.02242494,0.3662626,-0.007898868,0.9302078,MathCanvas,0.6289926,1.266961,3.55018,-0.01235169,1.553766,0.2610247,0.1583929,-0.08770828,0.9834729,0.02091192,1.555985,0.2571473,0.1190562,-0.09304307,0.9885184,-0.04508527,1.550572,0.2639185,0.17245,-0.08845797,0.9810383,-0.01208668,1.553279,0.2605329,355.7787,5.512859,4.677318,0,0,False
1,Center_Head_Far,384,11.26,-0.01155383,1.552799,0.2599433,0.009779589,1.213168,0.3374521,0.2011769,-0.3943057,-0.01680286,-0.8965314,0.1624964,1.117899,0.378678,0.0221729,0.3664345,-0.007477805,0.9301496,MathCanvas,0.519654,1.258833,3.562149,-0.01208668,1.553279,0.2605329,0.1343556,-0.09172626,0.9866787,0.02148688,1.555418,0.2569185,0.09669418,-0.09718538,0.990558,-0.04459455,1.550181,0.2629681,0.1502786,-0.09279465,0.9842792,-0.01155383,1.552799,0.2599433,355.9608,4.911415,4.52383,0,0,False
1,Center_Head_Far,385,11.28,-0.01114977,1.552369,0.2593943,0.01151265,1.211564,0.333945,0.1980443,-0.4060235,-0.0183932,-0.8919558,0.1624964,1.117899,0.378678,0.0221729,0.3664345,-0.007477805,0.9301496,MathCanvas,0.4390277,1.245182,3.568918,-0.01155383,1.552799,0.2599433,0.1235264,-0.09499025,0.9877844,0.02192262,1.554915,0.2566685,0.08761497,-0.09880095,0.9912426,-0.04422216,1.549823,0.2621202,0.1412633,-0.0945259,0.9854489,-0.01114977,1.552369,0.2593943,356.0523,4.40835,4.397774,0,0,False
1,Center_Head_Far,386,11.3,-0.009881415,1.551793,0.2579867,0.01534851,1.208211,0.3307265,0.1965465,-0.4304739,-0.009744674,-0.8808898,0.1661171,1.118503,0.3761275,0.01938352,0.3655398,-0.006831452,0.9305688,MathCanvas,0.4028744,1.23399,3.570159,-0.01069932,1.551671,0.2589635,0.1057671,-0.1058188,0.9887445,0.0232397,1.554401,0.2560155,0.06633464,-0.114928,0.9911566,-0.04300253,1.549185,0.2599579,0.1200916,-0.1105303,0.9865906,-0.009881415,1.551793,0.2579867,356.5184,3.131965,4.502533,0,0,False
1,Center_Head_Far,387,11.32,-0.009344604,1.551511,0.257308,0.01684179,1.207314,0.3303103,0.1923295,-0.4356474,-0.008302585,-0.8792905,0.1672004,1.118592,0.37531,0.01846537,0.3655384,-0.00631918,0.9305916,MathCanvas,0.3439087,1.19783,3.565329,-0.009881415,1.551793,0.2579867,0.09324095,-0.1127294,0.9892412,0.02379094,1.554202,0.2557304,0.05503658,-0.1173613,0.9915631,-0.04248015,1.54882,0.2588856,0.1088325,-0.112825,0.9876366,-0.009344604,1.551511,0.257308,356.6606,2.454561,4.645752,0,0,False
1,Center_Head_Far,388,11.34,-0.008335166,1.550864,0.2559775,0.01924089,1.206234,0.330227,0.1831437,-0.4392691,-0.009716704,-0.8794354,0.1697153,1.118512,0.3733766,0.01710558,0.3668467,-0.004948438,0.930111,MathCanvas,0.3022695,1.174766,3.563383,-0.008827544,1.551217,0.2566058,0.09932248,-0.1156394,0.988313,0.02483325,1.553481,0.2551395,0.06054369,-0.1171118,0.9912716,-0.04150358,1.548247,0.2568155,0.1142514,-0.1125088,0.9870605,-0.008335166,1.550864,0.2559775,356.751,1.190701,4.517391,0,0,False
1,Center_Head_Far,389,11.36,-0.006488207,1.55093,0.2550928,0.01886032,1.208308,0.3338801,0.1839762,-0.4184434,-0.01311986,-0.8893176,0.1728681,1.118063,0.3709982,0.01744577,0.3695806,-0.006483212,0.9290123,MathCanvas,0.3234209,1.164606,3.557132,-0.008335166,1.550864,0.2559775,0.0878979,-0.1145982,0.9895157,0.02669065,1.553372,0.2541477,0.06332728,-0.113263,0.9915448,-0.03966706,1.548487,0.256038,0.117044,-0.1089663,0.9871307,-0.006488207,1.55093,0.2550928,356.5294,1.376042,4.216277,0,0,False
1,Center_Head_Far,390,11.38,-0.003091011,1.550506,0.2532569,0.01883207,1.211054,0.3369152,0.189685,-0.3930914,-0.0192966,-0.8995146,0.1765408,1.11735,0.3682446,0.01840961,0.3718894,-0.01092547,0.9280302,MathCanvas,0.2874126,1.167752,3.563699,-0.004827954,1.550755,0.254205,0.1116392,-0.1132189,0.9872782,0.03008201,1.552902,0.252029,0.08918402,-0.1139944,0.9894703,-0.03626404,1.548111,0.2544848,0.1427116,-0.1096599,0.9836708,-0.003091011,1.550506,0.2532569,356.3277,1.854509,4.135818,0,0,False
1,Center_Head_Far,391,11.4,-0.001434091,1.550279,0.2523634,0.01964661,1.211099,0.336959,0.1888807,-0.3905994,-0.02063517,-0.9007388,0.1774057,1.117107,0.3675874,0.01876497,0.3722213,-0.01177882,0.9278796,MathCanvas,0.370162,1.171972,3.554109,-0.003091011,1.550506,0.2532569,0.147033,-0.0985377,0.9842111,0.03173974,1.552647,0.2511057,0.1211605,-0.1000192,0.987581,-0.03460792,1.54791,0.2536212,0.1743061,-0.09561911,0.980038,-0.001434091,1.550279,0.2523634,356.2807,1.905488,4.089733,0,0,False
1,Center_Head_Far,392,11.42,0.002585582,1.549585,0.2499877,0.01702087,1.21603,0.3409118,0.2092109,-0.354692,-0.03587238,-0.9105699,0.1805739,1.114778,0.364888,0.02070281,0.3735147,-0.008405746,0.9273551,MathCanvas,0.4919756,1.219608,3.555154,0.0006125718,1.549789,0.2512015,0.1641572,-0.0979661,0.9815575,0.03570253,1.55188,0.2476014,0.1546876,-0.1036369,0.9825127,-0.03053136,1.547289,0.252374,0.207554,-0.09933549,0.9731669,0.002585582,1.549585,0.2499877,356.4786,3.877637,3.962229,0,0,False
1,Center_Head_Far,393,11.44,0.004764762,1.549525,0.2488432,0.01690417,1.216756,0.3413669,0.2135382,-0.3476039,-0.0399396,-0.9121282,0.1819229,1.113603,0.3638476,0.02150512,0.375256,-0.006366134,0.9266499,MathCanvas,0.5540038,1.220509,3.547123,0.002585582,1.549585,0.2499877,0.2032121,-0.09856691,0.9741609,0.03784661,1.551807,0.2460008,0.1903658,-0.1015354,0.9764484,-0.02831709,1.547243,0.2516856,0.2427234,-0.0971441,0.9652193,0.004764762,1.549525,0.2488432,356.5203,4.671424,3.938725,0,0,False
1,Center_Head_Far,394,11.46,0.006963366,1.549468,0.2477489,0.01691547,1.217068,0.3415678,0.2164182,-0.3427708,-0.04355689,-0.9131124,0.1831807,1.112656,0.362957,0.02266887,0.3765745,-0.005612493,0.926092,MathCanvas,0.6888393,1.217719,3.528169,0.004764762,1.549525,0.2488432,0.228652,-0.08941271,0.9693934,0.04000178,1.551754,0.2444424,0.2161296,-0.0905174,0.9721597,-0.02607504,1.547182,0.2510553,0.2680733,-0.08613472,0.9595402,0.006963366,1.549468,0.2477489,356.4582,5.470909,3.946149,0,0,False
1,Center_Head_Far,395,11.48,0.01135802,1.549653,0.2455468,0.01767006,1.21714,0.3419527,0.2156472,-0.336866,-0.04770692,-0.9152823,0.1854512,1.110507,0.3616885,0.0273121,0.3785906,-0.005395964,0.9251454,MathCanvas,0.7804404,1.247005,3.526984,0.009103217,1.549338,0.24664,0.2576928,-0.08600458,0.9623916,0.04427991,1.552001,0.2412652,0.250181,-0.084528,0.9645022,-0.02156387,1.547305,0.2498284,0.3016331,-0.07996163,0.9500651,0.01135802,1.549653,0.2455468,356.2654,7.145446,4.05372,0,0,False
1,Center_Head_Far,396,11.5,0.01250837,1.549671,0.2444014,0.0189616,1.215924,0.3415876,0.2066114,-0.3417277,-0.04584721,-0.9156593,0.1860271,1.10946,0.36184,0.03227345,0.3778755,-0.006571651,0.9252704,MathCanvas,0.88734,1.257296,3.51703,0.01135802,1.549653,0.2455468,0.2696819,-0.08525678,0.9591678,0.04536493,1.552023,0.2396465,0.2574558,-0.08321741,0.9627001,-0.02034819,1.547318,0.2491562,0.3088042,-0.07878778,0.9478568,0.01250837,1.549671,0.2444014,356.0193,7.951903,4.062714,0,0,False
1,Center_Head_Far,397,11.52,0.01443699,1.550175,0.2422593,0.0205227,1.214656,0.3406021,0.2017139,-0.3439857,-0.04679536,-0.9158579,0.1875923,1.108378,0.3611906,0.03746113,0.3780426,-0.006976396,0.9250037,MathCanvas,0.9315257,1.259134,3.513036,0.01343622,1.54989,0.2433371,0.2541993,-0.0753542,0.9642118,0.04722207,1.552526,0.2370339,0.2345968,-0.07501551,0.969194,-0.0183481,1.547824,0.2474848,0.2865174,-0.0707936,0.955456,0.01443699,1.550175,0.2422593,355.6994,8.750811,4.062457,0,0,False
1,Center_Head_Far,398,11.54,0.01557961,1.550387,0.2411898,0.02104352,1.214568,0.3406347,0.2008871,-0.3417868,-0.04841107,-0.9167783,0.1886158,1.107638,0.3606066,0.03954098,0.3785177,-0.006970541,0.9247228,MathCanvas,0.881852,1.293041,3.53248,0.01443699,1.550175,0.2422593,0.2606481,-0.07290468,0.9626772,0.04831103,1.552737,0.2356377,0.2441199,-0.0727831,0.9670099,-0.01715181,1.548036,0.2467419,0.2959018,-0.06857494,0.9527537,0.01557961,1.550387,0.2411898,355.5706,9.313036,4.06144,0,0,False
1,Center_Head_Far,399,11.56,0.01394224,1.551019,0.2397688,0.02196058,1.212584,0.3367926,0.2020701,-0.3563526,-0.04647637,-0.9110546,0.1879495,1.110435,0.3608302,0.03372192,0.3781233,-0.005139649,0.9251266,MathCanvas,0.9069816,1.301057,3.533492,0.01658243,1.550555,0.2401703,0.2489672,-0.06370532,0.9664145,0.04677012,1.553751,0.2350191,0.1913571,-0.0594236,0.97972,-0.01888565,1.548286,0.2445184,0.2439279,-0.05475857,0.9682462,0.01394224,1.551019,0.2397688,355.0869,7.826902,4.726646,0,0,False
1,Center_Head_Far,400,11.58,0.01246519,1.551589,0.2393978,0.02253057,1.211946,0.3351634,0.2024564,-0.3604686,-0.04645647,-0.909349,0.188128,1.111042,0.3605935,0.03154454,0.3777307,-0.003947184,0.9253696,MathCanvas,0.8668952,1.332766,3.550671,0.01394224,1.551019,0.2397688,0.1882426,-0.05920056,0.9803367,0.04535643,1.554581,0.2352855,0.1426965,-0.05619068,0.9881702,-0.02042605,1.548597,0.2435101,0.1958243,-0.05115975,0.9793036,0.01246519,1.551589,0.2393978,354.7935,6.655392,5.178664,0,0,False
1,Center_Head_Far,401,11.6,0.01092309,1.552066,0.2390597,0.02299207,1.21155,0.3343243,0.2025528,-0.3622249,-0.0466978,-0.908617,0.1885905,1.111542,0.360202,0.0299269,0.3774488,-0.002977684,0.925542,MathCanvas,0.6545995,1.349644,3.583528,0.01246519,1.551589,0.2393978,0.168912,-0.05355404,0.9841751,0.04386757,1.555224,0.2355408,0.1243741,-0.05136126,0.9909052,-0.02202139,1.548908,0.2425786,0.1776325,-0.04608781,0.9830171,0.01092309,1.552066,0.2390597,354.5316,5.574004,5.469913,0,0,False
1,Center_Head_Far,402,11.62,0.006679893,1.552057,0.2383589,0.02364745,1.210965,0.3329319,0.2035942,-0.3666402,-0.04638695,-0.9066271,0.1894775,1.112799,0.3595379,0.02603891,0.3769438,-0.002263039,0.9258673,MathCanvas,0.587564,1.36924,3.598889,0.00942053,1.552529,0.238674,0.1230325,-0.04519132,0.9913732,0.03975208,1.555191,0.2363332,0.06331086,-0.04380959,0.9970319,-0.02639229,1.548923,0.2403847,0.1169922,-0.03900918,0.9923664,0.006679893,1.552057,0.2383589,354.0758,2.942841,5.432281,0,0,False
1,Center_Head_Far,403,11.64,0.006206859,1.55151,0.2377025,0.02368768,1.211103,0.3333346,0.2010577,-0.3689602,-0.04788947,-0.9061737,0.1901451,1.113664,0.3591351,0.02320945,0.377655,-0.003626704,0.9256483,MathCanvas,0.4273827,1.397528,3.628304,0.006679893,1.552057,0.2383589,0.107897,-0.04122607,0.9933069,0.03931523,1.554661,0.2364368,0.05868185,-0.04878651,0.9970839,-0.02690151,1.548359,0.2389682,0.1123476,-0.04355287,0.992714,0.006206859,1.55151,0.2377025,354.3614,1.651369,5.459194,0,0,False
1,Center_Head_Far,404,11.66,0.003887471,1.551303,0.23703,0.02390477,1.211625,0.333855,0.1971263,-0.3690983,-0.04987324,-0.9068739,0.1904079,1.113611,0.3589245,0.02237931,0.3788762,-0.003528059,0.92517,MathCanvas,0.3756454,1.410352,3.638777,0.005242728,1.551432,0.2373966,0.07360693,-0.103871,0.9918633,0.03700164,1.554626,0.2367112,0.0328138,-0.1072939,0.9936857,-0.0292267,1.547979,0.2373489,0.08655991,-0.1016636,0.9910459,0.003887471,1.551303,0.23703,354.595,0.007627885,5.756663,0,0,False
1,Center_Head_Far,405,11.68,0.002479255,1.551165,0.236686,0.02390477,1.211625,0.333855,0.1971263,-0.3690983,-0.04987324,-0.9068739,0.1904079,1.113611,0.3589245,0.02237931,0.3788762,-0.003528059,0.92517,MathCanvas,0.2517103,1.201586,3.576477,0.003887471,1.551303,0.23703,0.05970096,-0.1044791,0.9927335,0.03558664,1.554565,0.2368834,0.01758666,-0.1074545,0.9940544,-0.03062813,1.547765,0.2364886,0.07135429,-0.1017001,0.9922528,0.002479255,1.551165,0.236686,354.6086,359.1031,5.888852,0,0,False
1,Center_Head_Far,406,11.7,0.003050496,1.550885,0.2363169,0.02332141,1.213658,0.3341838,0.2011891,-0.3614286,-0.04867016,-0.9091334,0.1900972,1.11245,0.3589234,0.02597717,0.3787328,-0.004240841,0.9251317,MathCanvas,0.2035674,1.199252,3.580469,0.001223069,1.551045,0.2363627,0.03033998,-0.1053229,0.9939752,0.03617151,1.554153,0.2362137,0.02676493,-0.1134743,0.9931804,-0.03007052,1.547616,0.23642,0.08053511,-0.1079202,0.9908922,0.003050496,1.550885,0.2363169,354.9483,359.6786,5.657899,0,0,False
1,Center_Head_Far,407,11.72,0.003225356,1.550665,0.2360579,0.02329279,1.214394,0.3336288,0.2036826,-0.3596302,-0.04810926,-0.9093212,0.1901096,1.112292,0.3588357,0.02647162,0.3786804,-0.004433066,0.9251382,MathCanvas,0.1054139,1.195538,3.589869,0.003050496,1.550885,0.2363169,0.1078464,-0.1012461,0.9889987,0.03634685,1.553926,0.2358927,0.08314295,-0.1058827,0.9908966,-0.02989614,1.547404,0.236223,0.1364766,-0.1000689,0.9855761,0.003225356,1.550665,0.2360579,355.0471,359.7968,5.644255,0,0,False
1,Center_Head_Far,408,11.74,0.004412062,1.550161,0.2356042,0.02288629,1.21579,0.331975,0.2111245,-0.3564129,-0.04725999,-0.908935,0.1897271,1.111378,0.3584762,0.02918771,0.3777575,-0.004512861,0.9254334,MathCanvas,0.3661683,1.209934,3.564403,0.003178979,1.550468,0.235822,0.1046433,-0.1043025,0.9890252,0.03753159,1.553393,0.2350173,0.09473193,-0.1110514,0.9892893,-0.02870746,1.546929,0.236191,0.1480037,-0.1052484,0.9833705,0.004412062,1.550161,0.2356042,355.3456,0.5600008,5.591819,0,0,False
1,Center_Head_Far,409,11.76,0.005618252,1.550085,0.2352845,0.02206634,1.215566,0.3305294,0.2154932,-0.3575443,-0.04917622,-0.9073623,0.1882695,1.109782,0.3578729,0.03318369,0.3745337,-0.001450077,0.9266182,MathCanvas,0.3562669,1.199452,3.561122,0.004412062,1.550161,0.2356042,0.121404,-0.1081503,0.9866937,0.03872956,1.553202,0.2340097,0.1150455,-0.1133673,0.9868701,-0.02749306,1.546969,0.2365593,0.1682019,-0.107741,0.979847,0.005618252,1.550085,0.2352845,355.4624,1.777241,5.389597,0,0,False
1,Center_Head_Far,410,11.78,0.006595186,1.550227,0.2350704,0.02180016,1.2154,0.3298433,0.2167153,-0.3579859,-0.04950883,-0.906879,0.1875546,1.109204,0.3576094,0.03458304,0.3730617,-0.0002432615,0.9271618,MathCanvas,0.4133402,1.186874,3.548988,0.005618252,1.550085,0.2352845,0.1862561,-0.09871196,0.9775299,0.03969321,1.553289,0.2333847,0.1718401,-0.1004679,0.9799884,-0.02650283,1.547165,0.2367561,0.2242105,-0.09476008,0.9699228,0.006595186,1.550227,0.2350704,355.3836,2.488227,5.295691,0,0,False
1,Center_Head_Far,411,11.8,0.008752692,1.550452,0.2346084,0.02163488,1.214825,0.3293193,0.216104,-0.3590067,-0.04913146,-0.9066418,0.1869893,1.108787,0.3573556,0.03563136,0.3720075,0.0004131943,0.9275455,MathCanvas,0.6353712,1.216989,3.535082,0.007681124,1.550365,0.234828,0.2234498,-0.08764222,0.9707672,0.04181528,1.553422,0.2322129,0.2070272,-0.0905683,0.974134,-0.0243099,1.547482,0.2370038,0.2588748,-0.08500393,0.9621633,0.008752692,1.550452,0.2346084,355.291,3.720989,5.137511,0,0,False
1,Center_Head_Far,412,11.82,0.009994771,1.550467,0.2341875,0.02177334,1.214103,0.3298518,0.212193,-0.359911,-0.04849832,-0.907241,0.1858424,1.108221,0.3569482,0.0371084,0.369941,0.0008720607,0.9283134,MathCanvas,0.7680757,1.252628,3.53345,0.008752692,1.550452,0.2346084,0.2330287,-0.08778647,0.9684994,0.04301799,1.55338,0.2312422,0.2227997,-0.08772588,0.9709091,-0.02302845,1.547553,0.2371327,0.2744525,-0.08227737,0.9580742,0.009994771,1.550467,0.2341875,355.1117,4.666009,5.040162,0,0,False
1,Center_Head_Far,413,11.84,0.0120302,1.54995,0.2333989,0.02106169,1.212834,0.3297421,0.2081216,-0.3601441,-0.04982013,-0.9080196,0.1842901,1.108321,0.3566868,0.03633189,0.3675882,0.002772346,0.9292746,MathCanvas,0.8028473,1.251783,3.529392,0.01109411,1.550064,0.2337634,0.2630189,-0.08569902,0.960977,0.04497705,1.552684,0.2295616,0.2490668,-0.08933651,0.9643571,-0.02091666,1.547216,0.2372362,0.3003737,-0.08415882,0.9501015,0.0120302,1.54995,0.2333989,355.1341,6.241191,4.729146,0,0,False
1,Center_Head_Far,414,11.86,0.01308066,1.549897,0.2330858,0.02070691,1.212487,0.3297451,0.2073195,-0.3598788,-0.05076413,-0.9082559,0.1840414,1.108493,0.3566889,0.03581691,0.3675531,0.003359035,0.9293065,MathCanvas,0.8028473,1.251783,3.529392,0.0120302,1.54995,0.2333989,0.2683233,-0.07979121,0.9600188,0.04598711,1.552557,0.2288685,0.2534495,-0.08268213,0.9638086,-0.01982578,1.547237,0.2373032,0.3047417,-0.07771084,0.9492594,0.01308066,1.549897,0.2330858,355.1366,6.912422,4.600535,0,0,False
1,Center_Head_Far,415,11.88,0.01494066,1.550067,0.2324039,0.02001112,1.211975,0.3299962,0.2063115,-0.3589768,-0.05234652,-0.9087525,0.1836762,1.10903,0.3567905,0.03444842,0.3680709,0.003748372,0.9291518,MathCanvas,0.8028473,1.251783,3.529392,0.01409663,1.549852,0.2327601,0.2537502,-0.0827534,0.9637234,0.04775166,1.552576,0.2274201,0.2385841,-0.08447546,0.9674407,-0.01787035,1.547558,0.2373878,0.2903782,-0.07990056,0.9535704,0.01494066,1.550067,0.2324039,355.0839,8.264362,4.339318,0,0,False
1,Center_Head_Far,416,11.9,0.01600438,1.550168,0.2320775,0.01928004,1.211696,0.3306347,0.2054819,-0.3573982,-0.05225347,-0.9095677,0.1834602,1.109613,0.3569773,0.03309178,0.3688466,0.002869099,0.9288967,MathCanvas,0.8826361,1.267093,3.527843,0.01494066,1.550067,0.2324039,0.2645727,-0.08218819,0.9608571,0.04875518,1.552635,0.2266932,0.2502181,-0.08377112,0.9645586,-0.01674642,1.5477,0.2374618,0.3018449,-0.0792672,0.950056,0.01600438,1.550168,0.2320775,355.0363,8.965982,4.26828,0,0,False
1,Center_Head_Far,417,11.92,0.01694304,1.550138,0.2317805,0.01882921,1.211666,0.3310344,0.2049126,-0.3564031,-0.05204916,-0.9100981,0.183052,1.110025,0.3570862,0.03197256,0.3694266,0.002540395,0.9287063,MathCanvas,0.8826361,1.267093,3.527843,0.01600438,1.550168,0.2320775,0.2508223,-0.08579437,0.9642237,0.04963131,1.552548,0.2260043,0.2360895,-0.08788247,0.9677491,-0.01574524,1.547728,0.2375566,0.2880714,-0.08356949,0.9539554,0.01694304,1.550138,0.2317805,355.0225,9.658672,4.168151,0,0,False
1,Center_Head_Far,418,11.94,0.01888846,1.550136,0.2311224,0.01847726,1.211714,0.3313463,0.2045555,-0.3555772,-0.05208303,-0.9104995,0.1828171,1.110248,0.3571339,0.03136742,0.3698403,0.002459333,0.9285625,MathCanvas,0.873951,1.256996,3.526333,0.01789176,1.55013,0.2314463,0.2738663,-0.08601309,0.9579139,0.05143645,1.552404,0.2245512,0.2591873,-0.08828616,0.9617835,-0.01365952,1.547868,0.2376937,0.3108359,-0.08420203,0.9467264,0.01888846,1.550136,0.2311224,355.0285,11.07382,3.921927,0,0,False
1,Center_Head_Far,419,11.96,0.02002279,1.550185,0.2307655,0.01764211,1.211987,0.3321134,0.2040336,-0.3534023,-0.05279284,-0.911422,0.1823463,1.110701,0.3572251,0.03013155,0.3709958,0.002310514,0.9281427,MathCanvas,0.873951,1.256996,3.526333,0.01888846,1.550136,0.2311224,0.2851115,-0.08624429,0.9546064,0.05248377,1.552364,0.2237488,0.2720909,-0.08883174,0.9581625,-0.01243819,1.548007,0.2377821,0.3235393,-0.08488979,0.9423991,0.02002279,1.550185,0.2307655,355.0492,11.87162,3.767362,0,0,False
1,Center_Head_Far,420,11.98,0.0222548,1.550389,0.2300822,0.01595703,1.212956,0.3330502,0.2052136,-0.3496141,-0.05445159,-0.9125198,0.1815168,1.111361,0.3573103,0.02830541,0.3739566,0.001655817,0.9270127,MathCanvas,0.873951,1.256996,3.526333,0.02125046,1.550316,0.2304029,0.2402958,-0.08668251,0.9668216,0.0545133,1.552487,0.222165,0.2266572,-0.08755997,0.9700308,-0.0100037,1.54829,0.2379993,0.278995,-0.08408839,0.9566038,0.0222548,1.550389,0.2300822,354.9527,13.46981,3.628761,0,0,False
1,Center_Head_Far,421,12,0.02334258,1.55046,0.2297306,0.01595703,1.212956,0.3330502,0.2052136,-0.3496141,-0.05445159,-0.9125198,0.1814439,1.111372,0.357291,0.02829597,0.374093,0.001647935,0.926958,MathCanvas,0.8423094,1.254569,3.529542,0.0222548,1.550389,0.2300822,0.2526754,-0.08576912,0.9637421,0.05549867,1.552502,0.2213933,0.238858,-0.08687706,0.9671604,-0.008813502,1.548417,0.2380678,0.2910257,-0.08350153,0.9530643,0.02334258,1.55046,0.2297306,354.9173,14.22195,3.53231,0,0,False
1,Center_Head_Far,422,12.02,0.02599525,1.55049,0.2288716,0.01603423,1.21285,0.3326901,0.2052604,-0.3525828,-0.05386703,-0.911401,0.1807845,1.1113,0.3570562,0.02843276,0.3748176,0.002168357,0.9266599,MathCanvas,0.8876522,1.257075,3.526337,0.02447755,1.55046,0.2293627,0.2790113,-0.08429193,0.9565812,0.05788342,1.552294,0.2195128,0.2688102,-0.08462978,0.9594681,-0.005892919,1.548686,0.2382303,0.3205258,-0.0816489,0.9437143,0.02599525,1.55049,0.2288716,354.7839,16.07232,3.119891,0,0,False
1,Center_Head_Far,423,12.04,0.02743324,1.550576,0.2283896,0.01562104,1.212787,0.332789,0.2049133,-0.3543426,-0.0534488,-0.9108211,0.1804554,1.111255,0.3568894,0.02823305,0.3754791,0.00226371,0.926398,MathCanvas,0.8876522,1.257075,3.526337,0.02599525,1.55049,0.2288716,0.2947824,-0.08321168,0.9519344,0.05916661,1.55234,0.2185114,0.2843212,-0.08427817,0.9550176,-0.004300132,1.548813,0.2382677,0.3357763,-0.08136586,0.938421,0.02743324,1.550576,0.2283896,354.7602,17.01173,3.050636,0,0,False
1,Center_Head_Far,424,12.06,0.02869634,1.550501,0.2279751,0.01535264,1.212575,0.3327879,0.2043771,-0.3570718,-0.05253391,-0.9099286,0.1801769,1.111177,0.3567486,0.02813056,0.3761268,0.002373189,0.926138,MathCanvas,0.8876522,1.257075,3.526337,0.02743324,1.550576,0.2283896,0.2623204,-0.09473568,0.9603193,0.06027636,1.552229,0.2176113,0.2508212,-0.09585365,0.9632761,-0.002883682,1.548772,0.238339,0.3027977,-0.09324606,0.9484823,0.02869634,1.550501,0.2279751,354.7513,17.895,2.989496,0,0,False
1,Center_Head_Far,425,12.08,0.03113786,1.550472,0.2271214,0.01530775,1.212475,0.3327695,0.2041705,-0.3580762,-0.05217846,-0.9096007,0.1800931,1.111143,0.3567049,0.02812267,0.3763253,0.002440691,0.9260575,MathCanvas,0.8876522,1.257075,3.526337,0.02992101,1.550506,0.2275508,0.2912799,-0.09445395,0.9519635,0.06239592,1.552084,0.2158062,0.2794874,-0.09552214,0.955386,-0.0001202002,1.548861,0.2384365,0.3310016,-0.09310479,0.9390258,0.03113786,1.550472,0.2271214,354.7439,19.64437,2.786583,0,0,False
1,Center_Head_Far,426,12.1,0.03211378,1.55034,0.2268233,0.01523635,1.212052,0.3327427,0.2032696,-0.3618237,-0.05143743,-0.9083608,0.1796845,1.110922,0.3564977,0.0283072,0.3775033,0.002874315,0.925571,MathCanvas,0.8876522,1.257075,3.526337,0.03113786,1.550472,0.2271214,0.3053543,-0.09431355,0.9475567,0.06319821,1.551825,0.2150229,0.2939253,-0.09559678,0.9510358,0.001029352,1.548855,0.2386237,0.3451879,-0.09338532,0.933876,0.03211378,1.55034,0.2268233,354.761,20.55328,2.567909,0,0,False
1,Center_Head_Far,427,12.12,0.03496437,1.550228,0.2258863,0.0150727,1.211626,0.3330104,0.2009385,-0.3669182,-0.05334627,-0.9067243,0.1791084,1.110397,0.3561013,0.03028172,0.380417,0.003307179,0.9243132,MathCanvas,0.8876522,1.257075,3.526337,0.03360749,1.550331,0.2263271,0.275122,-0.09170509,0.9570256,0.06562163,1.551522,0.2129962,0.2646891,-0.09188177,0.9599465,0.00430711,1.548934,0.2387764,0.3162144,-0.09028476,0.9443818,0.03496437,1.550228,0.2258863,354.7476,22.59974,2.237314,0,0,False
1,Center_Head_Far,428,12.14,0.03607707,1.550142,0.225401,0.01499704,1.211567,0.3332262,0.2001632,-0.3681632,-0.05390164,-0.9063582,0.1789504,1.110249,0.3558849,0.03100094,0.382221,0.003457949,0.9235443,MathCanvas,0.8876522,1.257075,3.526337,0.03496437,1.550228,0.2258863,0.2905191,-0.09116893,0.9525161,0.06651024,1.551367,0.211984,0.2809634,-0.09319936,0.9551824,0.005643899,1.548917,0.2388181,0.3322167,-0.09173127,0.9387318,0.03607707,1.550142,0.225401,354.8343,23.60037,2.118224,0,0,False
1,Center_Head_Far,429,12.16,0.03818504,1.549783,0.224709,0.01479233,1.211441,0.3335728,0.1997426,-0.3698861,-0.05419292,-0.9057319,0.1788439,1.110223,0.3553921,0.03130123,0.3862656,0.003845632,0.9218484,MathCanvas,0.8876522,1.257075,3.526337,0.03717206,1.549921,0.2250515,0.2921925,-0.09434244,0.9516948,0.06818011,1.550877,0.2103288,0.2816582,-0.09609655,0.9546906,0.008189961,1.548688,0.2390893,0.3327089,-0.09501555,0.9382306,0.03818504,1.549783,0.224709,355.0169,25.4496,1.892273,0,0,False
1,Center_Head_Far,430,12.18,0.03926464,1.549738,0.2243086,0.01468013,1.211372,0.3336968,0.1996689,-0.3703391,-0.05420353,-0.9055624,0.1788758,1.11029,0.3551387,0.0314802,0.3881423,0.003641337,0.9210545,MathCanvas,0.8876522,1.257075,3.526337,0.03818504,1.549783,0.224709,0.307352,-0.0952565,0.9468162,0.06902265,1.550813,0.2094426,0.2971385,-0.0961175,0.9499843,0.009506637,1.548662,0.2391747,0.3479146,-0.09505692,0.9326948,0.03926464,1.549738,0.2243086,355.0405,26.38437,1.858751,0,0,False
1,Center_Head_Far,431,12.2,0.04141738,1.549481,0.2235998,0.01463799,1.211339,0.3337285,0.1996321,-0.3704855,-0.05422108,-0.9055097,0.1789119,1.110344,0.3549563,0.03167716,0.3893176,0.003402367,0.9205524,MathCanvas,0.8876522,1.257075,3.526337,0.04035273,1.549602,0.2239638,0.2980686,-0.09908462,0.9493878,0.07068931,1.550453,0.2077914,0.2877448,-0.0999627,0.952476,0.01214545,1.548509,0.2394082,0.3383538,-0.09933151,0.9357617,0.04141738,1.549481,0.2235998,355.1262,28.22859,1.679891,0,0,False
1,Center_Head_Far,432,12.22,0.04200541,1.549576,0.2233679,0.01421781,1.210969,0.3341075,0.1987569,-0.3737285,-0.05523951,-0.9043071,0.1790939,1.110626,0.3543397,0.03184882,0.3934288,0.003530786,0.9187965,MathCanvas,0.8876522,1.257075,3.526337,0.04141738,1.549481,0.2235998,0.3131609,-0.0996471,0.9444579,0.07108115,1.55063,0.2072067,0.2995078,-0.1000393,0.9488347,0.01292968,1.548521,0.2395291,0.3499089,-0.09927375,0.9315087,0.04200541,1.549576,0.2233679,355.102,28.911,1.822789,0,0,False
1,Center_Head_Far,433,12.24,0.04269429,1.549401,0.2231327,0.01401847,1.210769,0.334282,0.1982609,-0.3757529,-0.05575864,-0.9035449,0.1791323,1.110734,0.3541151,0.03128377,0.3947087,0.004279971,0.9182636,MathCanvas,0.8876522,1.257075,3.526337,0.04200541,1.549576,0.2233679,0.294871,-0.09812059,0.9504859,0.07156561,1.550432,0.2066077,0.2813734,-0.0995594,0.9544197,0.01382296,1.548369,0.2396578,0.3317832,-0.09899456,0.9381471,0.04269429,1.549401,0.2231327,355.1783,29.63563,1.78243,0,0,False
1,Center_Head_Far,434,12.26,0.04403237,1.549072,0.2227118,0.01384418,1.210564,0.3344684,0.1976869,-0.3774806,-0.05605797,-0.9029318,0.1792221,1.11088,0.3537551,0.03039289,0.3966889,0.005124643,0.9174355,MathCanvas,1.045736,1.215631,3.456331,0.04341343,1.549218,0.2229301,0.2855236,-0.09646197,0.9535048,0.07246862,1.550027,0.2054445,0.273321,-0.0971147,0.9570079,0.01559611,1.548116,0.2399792,0.3234693,-0.09683497,0.9412707,0.04403237,1.549072,0.2227118,355.2707,31.13122,1.6509,0,0,False
1,Center_Head_Far,435,12.28,0.04467446,1.548901,0.2224978,0.01384418,1.210564,0.3344684,0.1976869,-0.3774806,-0.05605797,-0.9029318,0.1792221,1.11088,0.3537551,0.03039289,0.3966889,0.005124643,0.9174355,MathCanvas,1.012483,1.221888,3.456848,0.04403237,1.549072,0.2227118,0.2984737,-0.09708705,0.949467,0.07288293,1.549819,0.2048588,0.2856953,-0.09778704,0.9533184,0.016466,1.547984,0.2401369,0.3356337,-0.097566,0.9369263,0.04467446,1.548901,0.2224978,355.3216,31.88885,1.585063,0,0,False
1,Center_Head_Far,436,12.3,0.04513275,1.549282,0.222195,0.01378032,1.209995,0.3350723,0.1957799,-0.380593,-0.05709984,-0.901975,0.179735,1.11092,0.3527827,0.03155312,0.4004223,0.004224346,0.9157776,MathCanvas,1.055937,1.219959,3.439399,0.04490909,1.549259,0.222271,0.2897591,-0.09346795,0.9525248,0.07304423,1.550329,0.2040967,0.27309,-0.09417108,0.9573681,0.01722128,1.548235,0.2402933,0.3228507,-0.09383999,0.9417863,0.04513275,1.549282,0.222195,355.2982,32.81177,1.808934,0,0,False
1,Center_Head_Far,437,12.32,0.04526608,1.549344,0.2221763,0.0138553,1.209757,0.3353586,0.1945651,-0.3822987,-0.05735624,-0.9015001,0.1798677,1.11091,0.352504,0.03177631,0.4017178,0.004623428,0.9152004,MathCanvas,1.024512,1.233362,3.441709,0.04513275,1.549282,0.222195,0.2857203,-0.09401185,0.9536905,0.07303844,1.55041,0.2038664,0.2680852,-0.09455108,0.9587442,0.01749373,1.548278,0.2404863,0.317743,-0.09425808,0.9434802,0.04526608,1.549344,0.2221763,355.3122,33.24575,1.842041,0,0,False
1,Center_Head_Far,438,12.34,0.045672,1.549445,0.2220657,0.0138553,1.209757,0.3353586,0.1945651,-0.3822987,-0.05735624,-0.9015001,0.1798677,1.11091,0.352504,0.03177631,0.4017178,0.004623428,0.9152004,MathCanvas,1.006611,1.233028,3.430996,0.04545903,1.549397,0.2220992,0.3026164,-0.09485007,0.9483811,0.07308239,1.550547,0.2032203,0.2867363,-0.09533044,0.9532546,0.0182616,1.548342,0.2409112,0.3360876,-0.09499043,0.9370282,0.045672,1.549445,0.2220657,355.3396,34.35487,1.904204,0,0,False
1,Center_Head_Far,439,12.36,0.04575521,1.549512,0.2221977,0.01419741,1.209346,0.3360552,0.1927636,-0.3865263,-0.0579962,-0.9000423,0.1803769,1.11068,0.3514577,0.03145865,0.4074918,0.006444946,0.9126441,MathCanvas,1.064582,1.230084,3.415268,0.045672,1.549445,0.2220657,0.3115178,-0.09516048,0.9454635,0.07319534,1.550659,0.2033983,0.2852661,-0.09605154,0.9536233,0.01831507,1.548365,0.2409971,0.3346437,-0.09564894,0.9374779,0.04575521,1.549512,0.2221977,355.3586,34.25488,1.981831,0,0,False
1,Center_Head_Far,440,12.38,0.04540231,1.54977,0.222593,0.01444128,1.209432,0.3363856,0.1923919,-0.3890147,-0.05906755,-0.8989795,0.180801,1.11023,0.3509523,0.03351438,0.4105269,0.006518916,0.9112091,MathCanvas,1.091764,1.229984,3.396859,0.04549507,1.549669,0.2224441,0.2920815,-0.0904108,0.9521105,0.0727113,1.550946,0.2036053,0.2715097,-0.09052754,0.9581687,0.01809331,1.548595,0.2415807,0.3207939,-0.09009461,0.9428543,0.04540231,1.54977,0.222593,355.3667,34.64635,2.031229,0,0,False
1,Center_Head_Far,441,12.4,0.0453417,1.549865,0.2227166,0.01449001,1.209457,0.3364425,0.1923261,-0.3895124,-0.05934739,-0.8987595,0.1808129,1.110223,0.3509319,0.03354207,0.4106408,0.006535709,0.9111566,MathCanvas,1.022242,1.2474,3.406839,0.04540231,1.54977,0.222593,0.2957436,-0.09014613,0.9510044,0.07256027,1.551059,0.2036006,0.2755585,-0.09047204,0.9570174,0.01812313,1.548672,0.2418326,0.3247783,-0.09000982,0.9414974,0.0453417,1.549865,0.2227166,355.3629,34.91411,2.061939,0,0,False
1,Center_Head_Far,442,12.42,0.04488314,1.550031,0.2232093,0.01490138,1.209751,0.3367459,0.1918254,-0.3916955,-0.0607562,-0.8978231,0.1813605,1.109918,0.3502469,0.03633332,0.4134686,0.005304486,0.9097777,MathCanvas,1.031158,1.249377,3.392745,0.0453417,1.549865,0.2227166,0.3007751,-0.09040561,0.9494004,0.07210711,1.551225,0.204101,0.2758145,-0.08978634,0.9570082,0.01765918,1.548838,0.2423176,0.3250304,-0.08931268,0.9414768,0.04488314,1.550031,0.2232093,355.3114,34.89616,2.061455,0,0,False
1,Center_Head_Far,443,12.44,0.0442279,1.550044,0.224008,0.01591101,1.210001,0.3369746,0.1901504,-0.3943295,-0.06138052,-0.8969835,0.1817493,1.11005,0.349242,0.03722191,0.4146086,0.006157429,0.9092175,MathCanvas,1.046074,1.249098,3.383482,0.04451419,1.550118,0.2237054,0.3010982,-0.0898274,0.9493529,0.07143533,1.551326,0.2048819,0.2766799,-0.09138828,0.9566066,0.01702046,1.548761,0.2431341,0.3258833,-0.0907952,0.94104,0.0442279,1.550044,0.224008,355.3712,34.92732,2.215044,0,0,False
1,Center_Head_Far,444,12.46,0.04398616,1.550061,0.2243474,0.01607507,1.210003,0.3369645,0.1899886,-0.394918,-0.06146272,-0.8967533,0.1817892,1.11009,0.3490938,0.03707847,0.4147653,0.006358981,0.9091505,MathCanvas,1.0446,1.2516,3.37815,0.0442279,1.550044,0.224008,0.3018755,-0.08881097,0.9492016,0.07116526,1.551378,0.2051834,0.2786039,-0.08982375,0.9561964,0.01680706,1.548744,0.2435114,0.3277849,-0.08914572,0.9405372,0.04398616,1.550061,0.2243474,355.3933,35.00484,2.274855,0,0,False
1,Center_Head_Far,445,12.48,0.0435375,1.549917,0.2251016,0.01745488,1.209771,0.3365034,0.1897049,-0.4019501,-0.06300193,-0.8935765,0.182603,1.110459,0.3469978,0.0354133,0.4187988,0.008252443,0.9073508,MathCanvas,1.043745,1.255934,3.367937,0.04370556,1.550043,0.2247152,0.3044439,-0.09025964,0.9482442,0.07074948,1.551297,0.2059887,0.2769842,-0.09135728,0.9565216,0.01632554,1.548538,0.2442144,0.3261926,-0.09060143,0.9409516,0.0435375,1.549917,0.2251016,355.4497,34.89381,2.383358,0,0,False
1,Center_Head_Far,446,12.5,0.04335238,1.549877,0.2253995,0.01805939,1.209595,0.336253,0.1897361,-0.4045249,-0.06373484,-0.8923551,0.1829825,1.110507,0.3462086,0.0352085,0.4203473,0.00855817,0.9066396,MathCanvas,1.049916,1.251553,3.359643,0.0435375,1.549917,0.2251016,0.3016888,-0.09097939,0.9490557,0.07056715,1.551294,0.2062934,0.276864,-0.09173991,0.9565198,0.01613762,1.54846,0.2445056,0.3260747,-0.09092905,0.9409608,0.04335238,1.549877,0.2253995,355.4511,34.8765,2.447958,0,0,False
1,Center_Head_Far,447,12.52,0.04295276,1.549699,0.2259802,0.01928076,1.209264,0.3360057,0.1892326,-0.4083915,-0.06508815,-0.8906015,0.1837992,1.110482,0.3445835,0.03530378,0.42301,0.008286283,0.9053991,MathCanvas,1.037273,1.250144,3.352084,0.04316676,1.549773,0.22566,0.3109189,-0.0948481,0.9456919,0.07015732,1.551198,0.2068658,0.2864062,-0.09624655,0.9532618,0.01574821,1.548199,0.2450945,0.3356045,-0.09532396,0.9371675,0.04295276,1.549699,0.2259802,355.5181,34.88998,2.590087,0,0,False
1,Center_Head_Far,448,12.54,0.0427752,1.549575,0.2262878,0.01986795,1.209114,0.3359378,0.1888949,-0.4101654,-0.06569728,-0.8898129,0.1837992,1.110482,0.3445835,0.03530378,0.42301,0.008286283,0.9053991,MathCanvas,1.065656,1.237715,3.336638,0.04295276,1.549699,0.2259802,0.3111641,-0.095696,0.9455259,0.06997488,1.551115,0.2071697,0.2867181,-0.09706299,0.9530852,0.01557552,1.548036,0.2454059,0.3359115,-0.09609096,0.9369793,0.0427752,1.549575,0.2262878,355.5504,34.89616,2.659304,0,0,False
1,Center_Head_Far,449,12.56,0.04258875,1.549561,0.2262601,0.02135837,1.208511,0.3360034,0.1876298,-0.4120348,-0.066709,-0.8891413,0.185222,1.110265,0.3422533,0.03544832,0.4259511,0.007345081,0.9040217,MathCanvas,1.063837,1.235556,3.328961,0.0427752,1.549575,0.2262878,0.3114189,-0.09657696,0.9453524,0.06981677,1.551206,0.2071911,0.2853265,-0.1003406,0.9531634,0.01536073,1.547916,0.2453291,0.3345441,-0.09924857,0.9371392,0.04258875,1.549561,0.2262601,355.6898,34.79157,2.840483,0,0,False
1,Center_Head_Far,450,12.58,0.04231808,1.549511,0.2266954,0.02352979,1.207879,0.335765,0.1862371,-0.4175322,-0.06809259,-0.8867616,0.1869369,1.109963,0.3398186,0.0354501,0.4297633,0.008089229,0.9022092,MathCanvas,1.063442,1.232975,3.325194,0.04250493,1.549617,0.2264579,0.4503905,-0.09582237,0.8876747,0.0695523,1.551261,0.2076447,0.4266086,-0.09740508,0.8991759,0.01508386,1.547761,0.2457461,0.474437,-0.09531092,0.8751146,0.04231808,1.549511,0.2266954,355.7656,34.74996,3.022367,0,0,False
1,Center_Head_Far,451,12.6,0.04221253,1.549469,0.2268893,0.02434391,1.207641,0.3357008,0.1856997,-0.4197392,-0.06875607,-0.8857806,0.1876968,1.109855,0.3387074,0.03553489,0.4316274,0.008319199,0.9013134,MathCanvas,1.546735,1.22944,3.191751,0.04231808,1.549511,0.2266954,0.4507013,-0.09631614,0.8874635,0.06944629,1.551272,0.2078428,0.4266619,-0.09822702,0.8990613,0.01497878,1.547667,0.2459358,0.4744892,-0.09605448,0.8750048,0.04221253,1.549469,0.2268893,355.8012,34.73972,3.112689,0,0,False
1,Center_Head_Far,452,12.62,0.04231841,1.549522,0.2269372,0.02713959,1.207095,0.3352949,0.1843698,-0.4252649,-0.06910447,-0.8833924,0.1901946,1.109585,0.3357503,0.03593976,0.4380199,0.008324386,0.898208,MathCanvas,1.542384,1.228878,3.180834,0.04210955,1.549433,0.227078,0.4508286,-0.09808572,0.887205,0.06950038,1.55143,0.2078271,0.4291064,-0.09968189,0.8977367,0.01513643,1.547614,0.2460473,0.476869,-0.09734765,0.873567,0.04231841,1.549522,0.2269372,355.8537,34.87034,3.295051,0,0,False
1,Center_Head_Far,453,12.64,0.04266867,1.549543,0.2264786,0.02959133,1.207197,0.334763,0.1836308,-0.4277261,-0.06875559,-0.8823848,0.192537,1.109646,0.3332762,0.03557581,0.4442807,0.007562504,0.8951491,MathCanvas,1.539982,1.223679,3.174253,0.04231841,1.549522,0.2269372,0.4697137,-0.1032857,0.876756,0.06979744,1.551523,0.2073004,0.4483238,-0.1060541,0.8875575,0.0155399,1.547562,0.2456568,0.4956665,-0.1035301,0.8623203,0.04266867,1.549543,0.2264786,355.9266,35.01452,3.419806,0,0,False
1,Center_Head_Far,454,12.66,0.04284944,1.549495,0.2262949,0.03261479,1.207074,0.334116,0.1825566,-0.4330441,-0.06989509,-0.8799208,0.195129,1.109615,0.3300433,0.03520486,0.4505338,0.007562563,0.892033,MathCanvas,1.602893,1.206464,3.138755,0.04278565,1.549518,0.2263363,0.4767921,-0.1048689,0.8727381,0.06993584,1.551581,0.207068,0.4539853,-0.1070912,0.88455,0.01576304,1.547409,0.2455217,0.5011985,-0.1043942,0.8590122,0.04284944,1.549495,0.2262949,356.0033,35.11702,3.602081,0,0,False
1,Center_Head_Far,455,12.68,0.04291203,1.549477,0.2262456,0.03394055,1.206917,0.3339015,0.1819728,-0.4355028,-0.07033003,-0.8787929,0.1964231,1.109602,0.3284302,0.0350289,0.4535884,0.007453039,0.8904914,MathCanvas,1.626334,1.201212,3.124765,0.04284944,1.549495,0.2262949,0.4777629,-0.1057428,0.8721015,0.06997502,1.551617,0.2069918,0.4550712,-0.1079764,0.8838842,0.01584904,1.547336,0.2454994,0.5022534,-0.1051961,0.858298,0.04291203,1.549477,0.2262456,356.0417,35.17419,3.69629,0,0,False
1,Center_Head_Far,456,12.7,0.04334365,1.549737,0.2258759,0.03643054,1.207369,0.3324591,0.1830141,-0.4421702,-0.07202912,-0.8751018,0.1987812,1.10975,0.3258947,0.03497196,0.4573714,0.005736411,0.8885694,MathCanvas,1.625989,1.199096,3.11597,0.04291203,1.549477,0.2262456,0.4788336,-0.1065864,0.8714113,0.07033365,1.551897,0.2065222,0.4584333,-0.1038815,0.8826368,0.01635365,1.547576,0.2452296,0.5055186,-0.1010413,0.856879,0.04334365,1.549737,0.2258759,355.7985,35.36937,3.732257,0,0,False
1,Center_Head_Far,457,12.72,0.04403228,1.549877,0.2250406,0.04008884,1.207342,0.3307877,0.1835949,-0.4507363,-0.07241172,-0.8705667,0.2023786,1.109732,0.32204,0.03503538,0.4656153,0.004878045,0.88428,MathCanvas,1.628555,1.196875,3.110743,0.04368163,1.549866,0.2255586,0.5207046,-0.09170507,0.8487973,0.07090901,1.552181,0.2055464,0.4997529,-0.09304742,0.8611557,0.01715554,1.547573,0.2445349,0.545755,-0.08969451,0.8331305,0.04403228,1.549877,0.2250406,355.7004,35.65523,3.981174,0,0,False
1,Center_Head_Far,458,12.74,0.04427828,1.549878,0.2247185,0.04171752,1.207296,0.3302249,0.1834749,-0.4542727,-0.07289398,-0.8687116,0.204025,1.109712,0.320213,0.03505194,0.4694907,0.004590273,0.8822294,MathCanvas,1.788171,1.242704,3.068151,0.04403228,1.549877,0.2250406,0.5227787,-0.09131286,0.8475638,0.07110746,1.552245,0.2051664,0.5016637,-0.09262563,0.8600895,0.01744909,1.54751,0.2442706,0.5476027,-0.08917069,0.8319734,0.04427828,1.549878,0.2247185,355.6688,35.77369,4.090881,0,0,False
1,Center_Head_Far,459,12.76,0.04449411,1.54952,0.2241566,0.04593264,1.206782,0.3276118,0.1840854,-0.4650792,-0.07254007,-0.8628742,0.2078411,1.109518,0.3162901,0.03575492,0.4782363,0.004093335,0.8774936,MathCanvas,1.792732,1.244479,3.059429,0.04453004,1.549897,0.2244034,0.5268198,-0.09038733,0.8451574,0.0712589,1.551972,0.2045268,0.5044802,-0.09520781,0.8581581,0.01772933,1.547069,0.2437864,0.5503264,-0.09162681,0.8299068,0.04449411,1.54952,0.2241566,355.8042,35.94658,4.235984,0,0,False
1,Center_Head_Far,460,12.78,0.04467962,1.549381,0.2238687,0.04773299,1.206483,0.3266735,0.1839271,-0.4699299,-0.07264892,-0.8602668,0.2094706,1.109399,0.3144372,0.03555849,0.481825,0.004162148,0.8755358,MathCanvas,1.806929,1.247137,3.051565,0.04449411,1.54952,0.2241566,0.531606,-0.09421661,0.8417352,0.07141405,1.551859,0.2042009,0.5098689,-0.09679723,0.8547889,0.01794519,1.546903,0.2435365,0.5555531,-0.09316134,0.8262455,0.04467962,1.549381,0.2238687,355.8452,36.03012,4.28192,0,0,False
1,Center_Head_Far,461,12.8,0.04493016,1.549025,0.2232376,0.05128697,1.206039,0.3249663,0.183852,-0.478665,-0.07293063,-0.8554294,0.2126671,1.109128,0.3107615,0.03533009,0.4891147,0.004369036,0.8714927,MathCanvas,1.82014,1.234716,3.0351,0.04479324,1.549222,0.2235524,0.5492533,-0.09382986,0.8303715,0.07159111,1.551588,0.2034811,0.5280803,-0.09615294,0.8437333,0.01826922,1.546462,0.2429941,0.5731931,-0.0922805,0.8142076,0.04493016,1.549025,0.2232376,355.877,36.2205,4.428114,0,0,False
1,Center_Head_Far,462,12.82,0.04479411,1.549092,0.2230411,0.05283729,1.205589,0.3240282,0.1840461,-0.4830837,-0.07233673,-0.8529505,0.2140518,1.108677,0.309039,0.03549007,0.4928812,0.005015671,0.8693581,MathCanvas,1.885326,1.234627,3.005583,0.04493016,1.549025,0.2232376,0.5508355,-0.09421691,0.8292788,0.07145698,1.551757,0.2033005,0.5279648,-0.09684316,0.8437266,0.01813124,1.546428,0.2427816,0.5730805,-0.09280811,0.8142269,0.04479411,1.549092,0.2230411,355.9041,36.18586,4.603099,0,0,False
1,Center_Head_Far,463,12.84,0.04461548,1.549015,0.2227596,0.05533535,1.204985,0.3226214,0.1849966,-0.4900178,-0.07148755,-0.8488512,0.2167448,1.107663,0.3060893,0.03823951,0.5011011,0.003941015,0.8645346,MathCanvas,1.888222,1.233786,2.998308,0.04454858,1.549118,0.2229962,0.5623638,-0.09390985,0.8215399,0.0713495,1.551793,0.2031313,0.5384139,-0.09681536,0.8371005,0.01788147,1.546236,0.2423879,0.5831921,-0.09251133,0.8070494,0.04461548,1.549015,0.2227596,355.9595,35.94732,4.800227,0,0,False
1,Center_Head_Far,464,12.86,0.04446864,1.548975,0.2226409,0.05674732,1.204765,0.3219214,0.1852338,-0.4934965,-0.07140745,-0.8467884,0.2180691,1.107331,0.3046085,0.03937951,0.5048345,0.003294468,0.8623112,MathCanvas,1.93046,1.234095,2.977731,0.04461548,1.549015,0.2227596,0.5697627,-0.09044775,0.8168168,0.07122242,1.551793,0.2030452,0.5464647,-0.09309042,0.8322923,0.01771485,1.546157,0.2422366,0.5909643,-0.08866179,0.8018106,0.04446864,1.548975,0.2226409,355.9829,35.87884,4.868586,0,0,False
1,Center_Head_Far,465,12.88,0.04441382,1.548909,0.2224518,0.05829579,1.204515,0.3211516,0.1853845,-0.497364,-0.0713211,-0.8444968,0.2195523,1.107051,0.3029577,0.03998298,0.5086042,0.003013253,0.8600664,MathCanvas,1.957432,1.245299,2.965082,0.04446864,1.548975,0.2226409,0.56892,-0.09087632,0.8173565,0.07117518,1.551777,0.2028737,0.5461164,-0.09358306,0.8324658,0.01765245,1.546042,0.2420299,0.5906276,-0.08907455,0.8020129,0.04441382,1.548909,0.2224518,356.0074,35.8427,4.954396,0,0,False
1,Center_Head_Far,466,12.9,0.04276653,1.549502,0.2233703,0.05887241,1.204873,0.3213371,0.1852607,-0.497238,-0.07248493,-0.8444991,0.2203469,1.107146,0.3015507,0.0399237,0.5106202,0.0005061776,0.8588789,MathCanvas,1.952871,1.244062,2.964296,0.04431944,1.548867,0.2222999,0.5698475,-0.09861293,0.8158121,0.06970999,1.552527,0.2040677,0.540239,-0.09971976,0.8355822,0.01582308,1.546476,0.242673,0.5849659,-0.09495219,0.8054805,0.04276653,1.549502,0.2233703,355.9608,35.24905,5.228435,0,0,False
1,Center_Head_Far,467,12.92,0.04207037,1.549826,0.2237752,0.05932488,1.205072,0.3212349,0.1854369,-0.4978589,-0.07287824,-0.8440608,0.2206499,1.107545,0.3007989,0.03847587,0.5112036,0.0003278702,0.8585979,MathCanvas,1.949893,1.219471,2.953674,0.04276653,1.549502,0.2233703,0.562166,-0.09702667,0.8213131,0.06915699,1.552964,0.2046922,0.5331984,-0.097792,0.8403192,0.01498375,1.546687,0.2428582,0.5781709,-0.09282507,0.8106182,0.04207037,1.549826,0.2237752,355.859,34.77243,5.425163,0,0,False
1,Center_Head_Far,468,12.94,0.04056763,1.550322,0.224628,0.06078453,1.205171,0.3206289,0.1859403,-0.5008585,-0.07346261,-0.8421225,0.2219173,1.107948,0.2988297,0.0370588,0.5144585,-0.0002581477,0.8567141,MathCanvas,1.919797,1.225741,2.967095,0.04132749,1.550086,0.2242225,0.5627769,-0.08889941,0.8218145,0.06787249,1.553594,0.2058815,0.5355579,-0.09062765,0.8396216,0.01326276,1.54705,0.2433746,0.5804459,-0.08537799,0.8098106,0.04056763,1.550322,0.224628,355.737,34.05024,5.657496,0,0,False
1,Center_Head_Far,469,12.96,0.03946796,1.55039,0.2252808,0.06009719,1.20571,0.3206263,0.1870795,-0.4998707,-0.07442334,-0.8423727,0.2219376,1.108592,0.2983711,0.03543473,0.5151995,-0.0002731681,0.8563374,MathCanvas,1.923878,1.252824,2.974797,0.04056763,1.550322,0.224628,0.558203,-0.08800314,0.8250242,0.06699038,1.553629,0.2068492,0.5257154,-0.08976547,0.845911,0.01194555,1.547151,0.2437123,0.5709493,-0.08456895,0.816618,0.03946796,1.55039,0.2252808,355.6889,33.38758,5.600435,0,0,False
1,Center_Head_Far,470,12.98,0.03725982,1.550174,0.2263347,0.05921597,1.206286,0.3202442,0.1880129,-0.5006189,-0.07549018,-0.8416253,0.2218296,1.109464,0.2979785,0.03440094,0.5159128,-0.0009315759,0.8559496,MathCanvas,1.905579,1.25619,2.983394,0.03836128,1.550302,0.2258044,0.5122477,-0.01365581,0.8587292,0.06515024,1.553548,0.2084899,0.4803474,-0.01728588,0.876908,0.009369403,1.5468,0.2441794,0.52688,-0.01182806,0.8498573,0.03725982,1.550174,0.2263347,355.79,32.18202,5.834313,0,0,False
1,Center_Head_Far,471,13,0.03610174,1.55014,0.2268756,0.05905365,1.206334,0.320222,0.1880373,-0.5006014,-0.07557942,-0.8416222,0.2219606,1.109612,0.297684,0.03425059,0.5163667,-0.001077563,0.8556818,MathCanvas,1.905579,1.25619,2.983394,0.03725982,1.550174,0.2263347,0.504453,-0.01419648,0.8633224,0.06413849,1.553581,0.2092746,0.4735242,-0.01737507,0.8806093,0.00806498,1.546698,0.2444765,0.5202569,-0.01180924,0.8539281,0.03610174,1.55014,0.2268756,355.8089,31.68334,5.950868,0,0,False
1,Center_Head_Far,472,13.02,0.03447178,1.549979,0.2275837,0.05853568,1.20642,0.3202178,0.1880251,-0.5003245,-0.07595246,-0.841756,0.2212685,1.109568,0.2984325,0.03463841,0.5147095,-0.0003323853,0.8566646,MathCanvas,1.905579,1.25619,2.983394,0.03610174,1.55014,0.2268756,0.4970715,-0.01459221,0.8675869,0.06275082,1.553578,0.210407,0.4607832,-0.02035946,0.8872792,0.006192736,1.54638,0.2447604,0.5078818,-0.01454341,0.8613039,0.03447178,1.549979,0.2275837,355.9641,30.83472,6.223506,0,0,False
1,Center_Head_Far,473,13.04,0.03073883,1.549949,0.2295651,0.05708775,1.206406,0.3205968,0.1880456,-0.4979395,-0.07718913,-0.8430521,0.2199551,1.109226,0.2991529,0.03469849,0.5127985,0.001618311,0.857806,MathCanvas,1.905579,1.25619,2.983394,0.03251337,1.550078,0.2286724,0.4623743,-0.01926096,0.8864756,0.05957792,1.553683,0.2133769,0.4248424,-0.02267827,0.9049832,0.001899753,1.546215,0.2457534,0.4729184,-0.01665406,0.8809489,0.03073883,1.549949,0.2295651,356.0452,28.85959,6.457202,0,0,False
1,Center_Head_Far,474,13.06,0.02898187,1.549954,0.2304039,0.05675251,1.206412,0.3207195,0.188071,-0.4972059,-0.0774874,-0.843452,0.2197217,1.109151,0.2992444,0.03481642,0.5124273,0.001703739,0.8580229,MathCanvas,1.905579,1.25619,2.983394,0.03073883,1.549949,0.2295651,0.4508408,-0.04190013,0.8916204,0.05804672,1.553737,0.2146363,0.4137018,-0.04608932,0.9092451,-8.298457E-05,1.546171,0.2461715,0.4621207,-0.04005433,0.885912,0.02898187,1.549954,0.2304039,356.1094,28.03385,6.542168,0,0,False
1,Center_Head_Far,475,13.08,0.0253026,1.550061,0.232196,0.05577048,1.206433,0.3210998,0.1879336,-0.4950482,-0.07834207,-0.844672,0.2189622,1.108927,0.2994279,0.035108,0.5113403,0.00197424,0.8586587,MathCanvas,1.550773,1.408522,3.240025,0.02722405,1.549932,0.2312605,0.4261037,-0.04385244,0.9036109,0.05482445,1.55392,0.2173209,0.3862101,-0.04711466,0.9212068,-0.004219251,1.546203,0.2470711,0.4352989,-0.04095091,0.8993542,0.0253026,1.550061,0.232196,356.1683,26.29413,6.672338,0,0,False
1,Center_Head_Far,476,13.1,0.02324831,1.550899,0.2332288,0.05416086,1.206489,0.3218795,0.1870001,-0.4911819,-0.07948599,-0.8470262,0.2165336,1.108043,0.3002728,0.0365699,0.5072129,0.003351107,0.861038,MathCanvas,1.46576,1.401817,3.286882,0.0253026,1.550061,0.232196,0.4105486,-0.04415252,0.9107691,0.05301343,1.554762,0.218848,0.3702955,-0.04548879,0.9277995,-0.006516814,1.547035,0.2476096,0.4197514,-0.0393407,0.9067861,0.02324831,1.550899,0.2332288,356.0683,25.32689,6.681843,0,0,False
1,Center_Head_Far,477,13.12,0.01961561,1.550809,0.2350432,0.05233821,1.20674,0.3230541,0.1859113,-0.4833606,-0.079538,-0.8517472,0.2136741,1.106941,0.3016208,0.03876925,0.5019879,0.005121589,0.8639901,MathCanvas,1.415274,1.401193,3.321326,0.0214049,1.550926,0.2341381,0.4561009,-0.07148425,0.8870524,0.04981271,1.554977,0.2216844,0.4165291,-0.07374946,0.9061261,-0.0105815,1.546641,0.248402,0.4648885,-0.06681021,0.8828448,0.01961561,1.550809,0.2350432,355.8953,23.34491,7.212959,0,0,False
1,Center_Head_Far,478,13.14,0.01771223,1.550922,0.2359757,0.05176222,1.20679,0.3233456,0.1856386,-0.4815136,-0.07982103,-0.8528256,0.2131558,1.106751,0.3018202,0.03911272,0.5010887,0.005434707,0.8644945,MathCanvas,1.549505,1.311031,3.210464,0.01961561,1.550809,0.2350432,0.4411929,-0.07057361,0.894633,0.04810593,1.555188,0.2231024,0.4025901,-0.07343841,0.9124297,-0.01268148,1.546656,0.2488489,0.4512891,-0.06637581,0.8899059,0.01771223,1.550922,0.2359757,355.8657,22.41985,7.38326,0,0,False
1,Center_Head_Far,479,13.16,0.01274097,1.549978,0.2374498,0.04906491,1.207493,0.3250255,0.1847031,-0.4693562,-0.08147456,-0.8596228,0.2093068,1.105828,0.3038155,0.04263825,0.493064,0.006109596,0.8689261,MathCanvas,1.501173,1.313626,3.244077,0.0158079,1.551034,0.2369084,0.4128794,-0.06928754,0.9081464,0.04358985,1.554275,0.2257204,0.3687198,-0.07737443,0.9263147,-0.0181079,1.545681,0.2491792,0.4182181,-0.07025452,0.9056258,0.01274097,1.549978,0.2374498,356.0931,20.30849,7.435091,0,0,False
1,Center_Head_Far,480,13.18,0.01067029,1.549795,0.2380928,0.04798385,1.207541,0.3253374,0.1850457,-0.4667571,-0.08078299,-0.8610284,0.2079762,1.105574,0.3044137,0.04332009,0.4903905,0.006552682,0.8704008,MathCanvas,1.40627,1.316123,3.302578,0.01274097,1.549978,0.2374498,0.4145621,-0.06348051,0.9078043,0.04169772,1.554095,0.2268454,0.3758116,-0.069174,0.9241107,-0.02035714,1.545495,0.2493403,0.4250759,-0.06200157,0.9030318,0.01067029,1.549795,0.2380928,356.2149,19.43165,7.439546,0,0,False
1,Center_Head_Far,481,13.2,0.008543378,1.549726,0.2386921,0.04693688,1.207591,0.3256449,0.1851855,-0.4643692,-0.08062212,-0.8623037,0.206533,1.105435,0.3050456,0.04357884,0.4874797,0.007175148,0.8720166,MathCanvas,1.41376,1.334945,3.310565,0.01067029,1.549795,0.2380928,0.4480957,-0.05899633,0.8920368,0.03973839,1.554084,0.2279417,0.4098506,-0.06391228,0.9099108,-0.02265163,1.545368,0.2494426,0.4580497,-0.05645657,0.8871319,0.008543378,1.549726,0.2386921,356.2964,18.52518,7.540223,0,0,False
1,Center_Head_Far,482,13.22,0.004193113,1.549456,0.2399384,0.04499874,1.207764,0.3263816,0.1850053,-0.4591285,-0.08104798,-0.8651043,0.2041278,1.104854,0.30612,0.04505813,0.4827253,0.008083151,0.8745746,MathCanvas,1.523221,1.350303,3.254004,0.006362258,1.549616,0.2393067,0.4190013,-0.06116856,0.9059229,0.03571195,1.553908,0.2302205,0.3797494,-0.06609818,0.922725,-0.02732572,1.545004,0.2496563,0.4286598,-0.0584901,0.9015707,0.004193113,1.549456,0.2399384,356.4427,16.6548,7.702305,0,0,False
1,Center_Head_Far,483,13.24,0.001007795,1.549738,0.240609,0.04268073,1.207601,0.3260061,0.185127,-0.4611529,-0.08445524,-0.8636743,0.2025543,1.105172,0.3067302,0.04402823,0.480433,0.01054691,0.8758621,MathCanvas,1.424333,1.342135,3.310423,0.004193113,1.549456,0.2399384,0.4395474,-0.07570436,0.8950234,0.03273528,1.554321,0.2316613,0.3935758,-0.07756992,0.9160137,-0.03071969,1.545156,0.2495567,0.4419172,-0.06953735,0.8943567,0.001007795,1.549738,0.240609,356.3556,15.24206,7.93047,0,0,False
1,Center_Head_Far,484,13.26,-0.003792218,1.549411,0.2416906,0.04035769,1.207584,0.3263164,0.1848289,-0.4582003,-0.08533315,-0.865222,0.2001981,1.104867,0.3079342,0.04517565,0.4758225,0.01226597,0.8782947,MathCanvas,1.482387,1.294597,3.257052,-0.001360916,1.549521,0.2411045,0.4356707,-0.06926995,0.8974367,0.02821706,1.554091,0.2338678,0.3956171,-0.0739008,0.9154375,-0.03580149,1.54473,0.2495133,0.4435761,-0.06560169,0.8938326,-0.003792218,1.549411,0.2416906,356.4419,13.22733,8.099866,0,0,False
1,Center_Head_Far,485,13.27999,-0.005982719,1.549173,0.2422619,0.03924213,1.207543,0.3264195,0.1846285,-0.457002,-0.08556402,-0.8658755,0.1989707,1.104681,0.3085044,0.0456827,0.473476,0.01306593,0.8795242,MathCanvas,1.468402,1.315338,3.274259,-0.003792218,1.549411,0.2416906,0.4195548,-0.06932514,0.9050789,0.02615611,1.553896,0.2350169,0.3790332,-0.07347734,0.9224613,-0.03812155,1.544451,0.249507,0.4273667,-0.06512226,0.9017299,-0.005982719,1.549173,0.2422619,356.4554,12.19511,8.172812,0,0,False
1,Center_Head_Far,486,13.3,-0.01005768,1.549362,0.2428971,0.03678678,1.207254,0.3258263,0.1844958,-0.4555247,-0.08222163,-0.8670052,0.197603,1.104561,0.3103791,0.045858,0.47048,0.01421715,0.8811036,MathCanvas,1.413958,1.314549,3.30541,-0.007784884,1.549456,0.242516,0.4342236,-0.06196357,0.8986714,0.02223432,1.554304,0.2365329,0.3964467,-0.06608514,0.9156762,-0.04234968,1.544421,0.2492613,0.443851,-0.05727696,0.8942682,-0.01005768,1.549362,0.2428971,356.4209,10.6111,8.555305,0,0,False
1,Center_Head_Far,487,13.31999,-0.01229564,1.549263,0.2432214,0.03551473,1.207311,0.3257629,0.1846837,-0.4537987,-0.08205545,-0.8678857,0.1966267,1.104427,0.3111118,0.04608223,0.4688519,0.01507127,0.8819451,MathCanvas,1.460627,1.339496,3.286635,-0.01005768,1.549362,0.2428971,0.4505115,-0.0740311,0.8896959,0.02008211,1.554271,0.2373651,0.4133365,-0.07894277,0.9071499,-0.04467338,1.544255,0.2490776,0.459959,-0.06976046,0.8851956,-0.01229564,1.549263,0.2432214,356.4738,9.715016,8.670948,0,0,False
1,Center_Head_Far,488,13.34,-0.01450771,1.549179,0.2435448,0.0342717,1.207364,0.3257455,0.1848798,-0.4521042,-0.08191505,-0.8687412,0.1955776,1.104282,0.3118066,0.04641715,0.466867,0.0158373,0.8829665,MathCanvas,1.504843,1.299957,3.239353,-0.01229564,1.549263,0.2432214,0.4367183,-0.07425878,0.8965282,0.01794998,1.554248,0.2382064,0.398997,-0.07907552,0.9135363,-0.04696541,1.54411,0.2488831,0.4459472,-0.0697965,0.8923337,-0.01450771,1.549179,0.2435448,356.5153,8.802183,8.776957,0,0,False
1,Center_Head_Far,489,13.35999,-0.01849988,1.548608,0.2437651,0.03120664,1.208154,0.3256099,0.1875913,-0.4470779,-0.08153613,-0.8707943,0.1937307,1.104392,0.3137643,0.04726228,0.4637269,0.01563299,0.8845786,MathCanvas,1.457187,1.298935,3.26475,-0.01672473,1.549108,0.2438939,0.410172,-0.07637781,0.9088044,0.01407364,1.55379,0.2393144,0.3767478,-0.08444501,0.9224587,-0.0510734,1.543426,0.2482158,0.4241859,-0.07496166,0.9024672,-0.01849988,1.548608,0.2437651,356.7739,7.271398,8.971574,0,0,False
1,Center_Head_Far,490,13.38,-0.02055685,1.548583,0.2439553,0.02983414,1.208431,0.3257587,0.1883849,-0.4440962,-0.08126044,-0.8721734,0.1925797,1.104457,0.3146321,0.0472202,0.4617668,0.01587509,0.8856013,MathCanvas,1.366363,1.290734,3.31216,-0.01849988,1.548608,0.2437651,0.4388334,-0.07885411,0.8951018,0.01206537,1.553845,0.2399808,0.4028068,-0.08372083,0.911448,-0.05317907,1.54332,0.2479297,0.4490183,-0.07388251,0.8904628,-0.02055685,1.548583,0.2439553,356.8183,6.436274,9.11117,0,0,False
1,Center_Head_Far,491,13.39999,-0.02455953,1.548494,0.2442419,0.02718106,1.208785,0.3259631,0.1894411,-0.4390126,-0.08081984,-0.8745559,0.1902698,1.104562,0.3163173,0.0472264,0.4577779,0.01655054,0.8876572,MathCanvas,1.453157,1.283771,3.249934,-0.02257514,1.548512,0.2441226,0.4514671,-0.08083884,0.8886184,0.008146295,1.553894,0.2412657,0.415349,-0.08590445,0.9055969,-0.05726536,1.543093,0.2472182,0.4605581,-0.07564192,0.8844006,-0.02455953,1.548494,0.2442419,356.886,4.687064,9.352408,0,0,False
1,Center_Head_Far,492,13.42,-0.02658952,1.548561,0.24424,0.02587606,1.208897,0.3263008,0.1896266,-0.4353551,-0.08001099,-0.8764166,0.1888524,1.104805,0.3171843,0.04672691,0.4551365,0.0163732,0.889044,MathCanvas,1.488472,1.277573,3.222328,-0.02455953,1.548494,0.2442419,0.4380873,-0.08077426,0.895296,0.00615355,1.553989,0.2417654,0.4014599,-0.08535974,0.9118902,-0.0593326,1.543133,0.2467147,0.4469804,-0.07506289,0.8913889,-0.02658952,1.548561,0.24424,356.8701,3.804152,9.400425,0,0,False
1,Center_Head_Far,493,13.43999,-0.03009773,1.548213,0.2440249,0.02355098,1.208727,0.3269636,0.1879596,-0.4282081,-0.07703526,-0.8805536,0.1856167,1.105208,0.3185613,0.04524288,0.4487068,0.01558282,0.892397,MathCanvas,1.439932,1.278165,3.241293,-0.02830096,1.548227,0.2440788,0.4312654,-0.07851984,0.8988019,0.002682758,1.553751,0.2424562,0.396009,-0.08313815,0.9144752,-0.06287822,1.542674,0.2455937,0.4412496,-0.07261115,0.8944419,-0.03009773,1.548213,0.2440249,356.9641,2.226951,9.592637,0,0,False
1,Center_Head_Far,494,13.46,-0.03190893,1.548194,0.2439884,0.02243172,1.208697,0.3272797,0.1875503,-0.4246137,-0.07561678,-0.8825022,0.1842581,1.105297,0.3193245,0.04487726,0.4461182,0.01578692,0.8937088,MathCanvas,1.414107,1.285269,3.253897,-0.03009773,1.548213,0.2440249,0.4371153,-0.07469989,0.896298,0.0008753911,1.553827,0.2429107,0.401342,-0.07861412,0.9125484,-0.06469324,1.542562,0.245066,0.44605,-0.06793295,0.8924263,-0.03190893,1.548194,0.2439884,356.9469,1.357945,9.756957,0,0,False
1,Center_Head_Far,495,13.47999,-0.03380185,1.548313,0.2439777,0.02119292,1.208753,0.3274822,0.187516,-0.4216276,-0.07481968,-0.8840079,0.1828806,1.105378,0.3200886,0.04446999,0.4434929,0.01607159,0.8950297,MathCanvas,1.428977,1.29854,3.239512,-0.03190893,1.548194,0.2439884,0.4239976,-0.07387107,0.9026456,-0.00102156,1.55404,0.2433883,0.3881712,-0.07839394,0.918247,-0.06658214,1.542585,0.2445672,0.4331422,-0.06758961,0.8987877,-0.03380185,1.548313,0.2439777,356.9648,0.4994794,9.922791,0,0,False
1,Center_Head_Far,496,13.5,-0.0379283,1.548521,0.2438056,0.01977175,1.207939,0.3294801,0.1832642,-0.4062531,-0.06777031,-0.8926253,0.1795488,1.104969,0.321547,0.04362008,0.4375684,0.02442247,0.8977944,MathCanvas,1.38306,1.30146,3.260326,-0.03563644,1.54832,0.2439407,0.4098236,-0.07282346,0.9092532,-0.005194236,1.554507,0.2443887,0.3671343,-0.06986601,0.9275404,-0.07066236,1.542534,0.2432226,0.4122053,-0.05877486,0.9091932,-0.0379283,1.548521,0.2438056,356.6063,358.3583,10.38041,0,0,False
1,Center_Head_Far,497,13.51999,-0.03977034,1.548088,0.2434322,0.01884997,1.207441,0.3308392,0.1811214,-0.3989976,-0.06532162,-0.8965094,0.1780119,1.104678,0.322272,0.04417789,0.434367,0.02814627,0.8992116,MathCanvas,1.332172,1.305061,3.283574,-0.0379283,1.548521,0.2438056,0.3896571,-0.06466879,0.9186867,-0.007047057,1.554062,0.2445196,0.3527687,-0.07100388,0.9330127,-0.07249363,1.542113,0.2423447,0.3981252,-0.05993241,0.9153712,-0.03977034,1.548088,0.2434322,356.6475,357.4842,10.35992,0,0,False
1,Center_Head_Far,498,13.54,-0.04362259,1.547415,0.242791,0.01685746,1.206614,0.3332413,0.1772021,-0.385188,-0.06077743,-0.9036236,0.1752182,1.104208,0.3237881,0.045425,0.4284773,0.03235172,0.9018299,MathCanvas,1.264117,1.33169,3.317582,-0.04169318,1.547734,0.2430887,0.3787765,-0.06327597,0.9233226,-0.01095678,1.553435,0.2448902,0.3418319,-0.0687729,0.9372413,-0.0762884,1.541396,0.2406919,0.3869864,-0.05759338,0.920285,-0.04362259,1.547415,0.242791,356.7112,355.7177,10.43734,0,0,False
1,Center_Head_Far,499,13.56,-0.0455353,1.547113,0.2424954,0.01583306,1.206369,0.3340527,0.1758723,-0.3795514,-0.05885424,-0.9063917,0.1737813,1.104096,0.3245551,0.04552493,0.4256491,0.03431912,0.9030905,MathCanvas,1.224243,1.335614,3.333398,-0.04362259,1.547415,0.242791,0.3645134,-0.06318417,0.9290521,-0.01291347,1.553172,0.2451039,0.3272561,-0.06839073,0.9424575,-0.07815713,1.541055,0.239887,0.372656,-0.05715639,0.9262077,-0.0455353,1.547113,0.2424954,356.7181,354.8201,10.50602,0,0,False
1,Center_Head_Far,500,13.58,-0.04841561,1.547736,0.2414071,0.01280556,1.204931,0.3374076,0.1670712,-0.3674868,-0.06062727,-0.9128883,0.1724176,1.103194,0.3256766,0.04694533,0.4228764,0.02686095,0.9045718,MathCanvas,1.171681,1.336123,3.344871,-0.0469249,1.547727,0.2418738,0.3365107,-0.07495746,0.9386916,-0.01586997,1.553708,0.2449855,0.3004142,-0.08093845,0.9503685,-0.08096124,1.541763,0.2378286,0.3462898,-0.06957377,0.9355441,-0.04841561,1.547736,0.2414071,356.7641,353.1345,10.35464,0,0,False
1,Center_Head_Far,501,13.6,-0.05003165,1.547723,0.2409679,0.01163296,1.204551,0.3384341,0.1649297,-0.3617821,-0.05949511,-0.9156266,0.1711789,1.102996,0.3263811,0.04718611,0.4204346,0.02719201,0.9056869,MathCanvas,1.073269,1.297881,3.370332,-0.04841561,1.547736,0.2414071,0.2601747,-0.0880463,0.9615389,-0.01754502,1.553703,0.245037,0.2214462,-0.09372424,0.9706582,-0.08251829,1.541744,0.2368988,0.2697513,-0.08236443,0.9594011,-0.05003165,1.547723,0.2409679,356.7691,352.2699,10.36693,0,0,False
1,Center_Head_Far,502,13.62,-0.05231888,1.547913,0.2403491,0.008286633,1.20481,0.3376717,0.1721774,-0.3582608,-0.06030279,-0.9156243,0.1697176,1.102416,0.3277908,0.04624146,0.4185407,0.02722168,0.9066115,MathCanvas,0.8201218,1.253253,3.456832,-0.05128727,1.54767,0.2406743,0.2350033,-0.08750826,0.9680474,-0.01986939,1.55364,0.245032,0.2018883,-0.09316505,0.9749674,-0.08476837,1.542186,0.2356662,0.2504926,-0.08222315,0.9646205,-0.05231888,1.547913,0.2403491,356.5697,351.1882,9.926085,0,0,False
1,Center_Head_Far,503,13.64,-0.05325478,1.54798,0.2399016,0.007062225,1.204869,0.3375834,0.1735066,-0.3550859,-0.05927567,-0.9166765,0.1688804,1.102123,0.3285082,0.04699645,0.4179492,0.02743748,0.9068391,MathCanvas,0.7356545,1.254495,3.486242,-0.05231888,1.547913,0.2403491,0.2279013,-0.1017362,0.9683546,-0.0208302,1.553598,0.2448798,0.1942769,-0.1077964,0.9750059,-0.08567935,1.542362,0.2349233,0.2429931,-0.0967674,0.9651893,-0.05325478,1.54798,0.2399016,356.5268,350.6759,9.735698,0,0,False
1,Center_Head_Far,504,13.66,-0.05410581,1.547971,0.239545,0.005877376,1.20486,0.3375959,0.1741831,-0.352175,-0.05833346,-0.917731,0.1679685,1.101869,0.3292134,0.04784656,0.4166191,0.02716551,0.9074147,MathCanvas,0.7043505,1.209781,3.458973,-0.05325478,1.54798,0.2399016,0.2273442,-0.1083278,0.9677705,-0.021708,1.553481,0.2448094,0.1940072,-0.1142243,0.9743274,-0.08650361,1.542461,0.2342806,0.2426032,-0.1032101,0.9646198,-0.05410581,1.547971,0.239545,356.4736,350.1777,9.548253,0,0,False
1,Center_Head_Far,505,13.68,-0.05596173,1.548039,0.2388093,0.003333595,1.204572,0.3383381,0.1743957,-0.3441526,-0.05681657,-0.9208241,0.1667124,1.101567,0.3300955,0.04818613,0.4146345,0.02738141,0.9082987,MathCanvas,0.698162,1.189521,3.441837,-0.05507413,1.548025,0.2391723,0.2085776,-0.109306,0.9718784,-0.02364554,1.553365,0.244725,0.1745569,-0.1153252,0.9778702,-0.08827791,1.542713,0.2328936,0.2233991,-0.1046216,0.9690961,-0.05596173,1.548039,0.2388093,356.3908,349.0406,9.226493,0,0,False
1,Center_Head_Far,506,13.7,-0.05514398,1.54779,0.2387115,0.002719618,1.204949,0.3370834,0.1752701,-0.3457957,-0.05587929,-0.9200996,0.1649777,1.101414,0.3312107,0.0498955,0.4105682,0.02559419,0.9101039,MathCanvas,0.6346173,1.186138,3.4566,-0.05596173,1.548039,0.2388093,0.1981019,-0.1095221,0.9740434,-0.02272096,1.552935,0.2441861,0.1868109,-0.118667,0.9752024,-0.087567,1.542645,0.2332369,0.2355817,-0.1081584,0.9658173,-0.05514398,1.54779,0.2387115,356.5032,349.8682,8.909783,0,0,False
1,Center_Head_Far,507,13.72,-0.05546265,1.547575,0.238255,0.0004366953,1.205162,0.3366565,0.1758055,-0.3422047,-0.05730749,-0.9212515,0.1625507,1.101146,0.3325289,0.04979122,0.405052,0.02707209,0.9125354,MathCanvas,0.597693,1.186865,3.448632,-0.05533011,1.54768,0.2384856,0.2402323,-0.1130272,0.9641127,-0.02301579,1.552501,0.2437893,0.215224,-0.120534,0.9690976,-0.08790952,1.542648,0.2327206,0.2631445,-0.1101791,0.9584444,-0.05546265,1.547575,0.238255,356.6223,349.8143,8.526655,0,0,False
1,Center_Head_Far,508,13.74,-0.05554909,1.547472,0.2380516,-0.0007288363,1.205151,0.3366814,0.1760211,-0.3394944,-0.05702911,-0.9222298,0.1614094,1.100984,0.3332011,0.04999813,0.4027135,0.02752432,0.913545,MathCanvas,0.7279512,1.178985,3.382292,-0.05546265,1.547575,0.238255,0.2389289,-0.1149395,0.9642105,-0.02309737,1.552293,0.2436501,0.2128371,-0.1221725,0.9694195,-0.08800082,1.542652,0.232453,0.2608092,-0.1119439,0.958878,-0.05554909,1.547472,0.2380516,356.6739,349.7243,8.341991,0,0,False
1,Center_Head_Far,509,13.76,-0.05516187,1.547426,0.2376764,-0.00313038,1.205903,0.3352304,0.1812234,-0.339407,-0.06144886,-0.9209696,0.1588209,1.100799,0.3345738,0.05154658,0.3974079,0.03019576,0.9156954,MathCanvas,0.7194771,1.174637,3.365712,-0.05566116,1.547359,0.2378394,0.2341789,-0.1188689,0.9648992,-0.02261439,1.552025,0.2428923,0.223976,-0.1271069,0.9662704,-0.08770935,1.542827,0.2324604,0.2718776,-0.1171355,0.9551764,-0.05516187,1.547426,0.2376764,356.8215,350.4514,7.95487,0,0,False
1,Center_Head_Far,510,13.77999,-0.05476949,1.547347,0.2376777,-0.004086539,1.206017,0.3349718,0.1822178,-0.3379075,-0.06189644,-0.9212948,0.1575498,1.100738,0.3352132,0.05167067,0.3949823,0.03132136,0.9166995,MathCanvas,0.7024112,1.162883,3.359143,-0.05516187,1.547426,0.2376764,0.2482313,-0.1208839,0.9611287,-0.02218514,1.551859,0.2427375,0.2287003,-0.1276186,0.9650956,-0.08735384,1.542836,0.2326178,0.2765667,-0.1177752,0.9537504,-0.05476949,1.547347,0.2376777,356.8683,350.7445,7.802286,0,0,False
1,Center_Head_Far,511,13.8,-0.05436794,1.547201,0.2375534,-0.006143961,1.206157,0.3346039,0.1836096,-0.3346415,-0.06287736,-0.9221438,0.1550827,1.100572,0.3364975,0.05185422,0.3901976,0.03319992,0.9186701,MathCanvas,0.7436582,1.158528,3.329116,-0.05452532,1.547278,0.2376366,0.2535664,-0.1206578,0.9597634,-0.02172622,1.551538,0.2423916,0.2323439,-0.1273379,0.9642621,-0.08700965,1.542865,0.2327153,0.2802478,-0.1177938,0.952673,-0.05436794,1.547201,0.2375534,356.9604,351.1692,7.497441,0,0,False
1,Center_Head_Far,512,13.81999,-0.05374464,1.547185,0.2377611,-0.006769288,1.205977,0.3346526,0.1827552,-0.3334868,-0.06350572,-0.9226885,0.1536898,1.100635,0.3369337,0.05095366,0.3877634,0.034844,0.9196898,MathCanvas,0.7597574,1.159806,3.319064,-0.05436794,1.547201,0.2375534,0.2563637,-0.1225673,0.9587778,-0.02106377,1.551465,0.2423811,0.2386938,-0.128641,0.9625366,-0.08642551,1.542906,0.2331411,0.2865331,-0.119163,0.9506308,-0.05374464,1.547185,0.2377611,357.0008,351.5644,7.397479,0,0,False
1,Center_Head_Far,513,13.84,-0.05294091,1.546926,0.2376852,-0.007158527,1.205614,0.334924,0.1818197,-0.3312352,-0.06337664,-0.9236927,0.1523224,1.100527,0.3373059,0.0515222,0.3846576,0.03541523,0.9209396,MathCanvas,0.7671092,1.154736,3.307682,-0.05374464,1.547185,0.2377611,0.2626832,-0.1239034,0.9568937,-0.02021363,1.551094,0.2420724,0.2455013,-0.1321402,0.9603479,-0.08566818,1.542758,0.2332979,0.2932786,-0.1227709,0.9481112,-0.05294091,1.546926,0.2376852,357.1397,352.0034,7.203306,0,0,False
1,Center_Head_Far,514,13.85999,-0.05205312,1.54672,0.2376547,-0.008806126,1.205473,0.3347868,0.1823187,-0.3274677,-0.06392283,-0.9248993,0.1498049,1.100223,0.3383338,0.05249992,0.3794899,0.03681426,0.9229712,MathCanvas,0.7871503,1.150668,3.297941,-0.05248646,1.546837,0.2376382,0.2722879,-0.1162349,0.9551695,-0.01926007,1.550727,0.2416866,0.2530373,-0.1229434,0.959613,-0.08484615,1.542713,0.2336228,0.300779,-0.1140228,0.9468532,-0.05205312,1.54672,0.2376547,357.2882,352.6615,6.922598,0,0,False
1,Center_Head_Far,515,13.88,-0.05160965,1.546685,0.2376405,-0.009189714,1.205418,0.3347589,0.182435,-0.3264755,-0.06408774,-0.9252157,0.1485609,1.100058,0.338845,0.05296138,0.3769829,0.03766882,0.9239373,MathCanvas,0.8199656,1.174471,3.296644,-0.05205312,1.54672,0.2376547,0.276984,-0.1184843,0.9535415,-0.01878654,1.550618,0.2414965,0.2580923,-0.1249026,0.9580124,-0.08443277,1.542752,0.2337844,0.305781,-0.1160615,0.9450015,-0.05160965,1.546685,0.2376405,357.3581,352.985,6.794037,0,0,False
1,Center_Head_Far,516,13.89999,-0.05084214,1.546846,0.2378661,-0.01022113,1.205247,0.3341368,0.1839155,-0.3230842,-0.06336093,-0.9261625,0.1466349,1.099087,0.3390948,0.05610159,0.3769841,0.04237752,0.9235474,MathCanvas,0.8353893,1.167257,3.291211,-0.05121168,1.546923,0.2378243,0.2558517,-0.1093724,0.9605091,-0.01798642,1.55088,0.2413196,0.2365551,-0.1138612,0.9649234,-0.08369787,1.542813,0.2344127,0.2851515,-0.1052542,0.9526858,-0.05084214,1.546846,0.2378661,357.2579,353.6647,6.969151,0,0,False
1,Center_Head_Far,517,13.92,-0.05048572,1.546855,0.2378893,-0.01054117,1.205079,0.3338722,0.1844047,-0.3214376,-0.06170422,-0.9267499,0.1455644,1.098836,0.3393864,0.05721832,0.3757258,0.04309203,0.9239585,MathCanvas,0.7701603,1.195881,3.320042,-0.05084214,1.546846,0.2378661,0.2609703,-0.1097345,0.9590896,-0.01761576,1.550897,0.2411949,0.2409616,-0.1139704,0.9638196,-0.08335567,1.542814,0.2345836,0.2895002,-0.1053524,0.9513624,-0.05048572,1.546855,0.2378893,357.2588,353.9216,6.982825,0,0,False
1,Center_Head_Far,518,13.93999,-0.05011824,1.546844,0.2379333,-0.0110723,1.205009,0.3337424,0.1847667,-0.3200378,-0.06149679,-0.927176,0.1444077,1.098602,0.3397726,0.058007,0.3740743,0.0442442,0.9245248,MathCanvas,0.7882652,1.194172,3.320375,-0.05048572,1.546855,0.2378893,0.2404471,-0.1051092,0.9649545,-0.01722928,1.550867,0.2410687,0.2207337,-0.109798,0.9691342,-0.0830072,1.542822,0.234798,0.2699829,-0.1014198,0.9575089,-0.05011824,1.546844,0.2379333,357.2775,354.2226,6.949789,0,0,False
1,Center_Head_Far,519,13.96,-0.04974544,1.547233,0.2377453,-0.01132153,1.204292,0.3329414,0.18683,-0.3177103,-0.05546533,-0.9279431,0.1422059,1.098583,0.3398747,0.056916,0.3701202,0.04558182,0.9261177,MathCanvas,0.7236465,1.2086,3.34318,-0.04983199,1.546855,0.2379389,0.2504146,-0.1056435,0.9623575,-0.01688575,1.551582,0.24075,0.225002,-0.1030313,0.9688956,-0.08260512,1.542885,0.2347407,0.2741304,-0.09424387,0.9570636,-0.04974544,1.547233,0.2377453,357.0573,354.3874,7.517359,0,0,False
1,Center_Head_Far,520,13.97999,-0.04946861,1.547243,0.2377806,-0.01177327,1.204063,0.3325612,0.1869275,-0.3183719,-0.05556644,-0.9276906,0.1410916,1.098652,0.3401343,0.05534187,0.3677368,0.04685381,0.9270985,MathCanvas,0.7573475,1.206742,3.339447,-0.04974544,1.547233,0.2377453,0.2097752,-0.1004362,0.9725775,-0.01660925,1.551652,0.2406993,0.1872686,-0.1039676,0.9767913,-0.08232797,1.542834,0.2348618,0.2374848,-0.09526826,0.9667084,-0.04946861,1.547243,0.2377806,357.0416,354.5283,7.622694,0,0,False
1,Center_Head_Far,521,14,-0.04923708,1.547401,0.2377377,-0.01186035,1.204071,0.3324157,0.1865397,-0.3200585,-0.05683889,-0.927111,0.1388796,1.098567,0.3407276,0.05400721,0.3635862,0.04896579,0.9287038,MathCanvas,0.6280239,1.222873,3.378828,-0.04941594,1.547324,0.2377385,0.1821621,-0.09854767,0.9783176,-0.01637747,1.551928,0.2404655,0.1598257,-0.1018867,0.9818732,-0.0820967,1.542873,0.2350099,0.2107784,-0.09320009,0.9730808,-0.04923708,1.547401,0.2377377,356.9879,354.8405,7.829709,0,0,False
1,Center_Head_Far,522,14.01999,-0.04911517,1.547487,0.2377208,-0.01186035,1.204071,0.3324157,0.1865397,-0.3200585,-0.05683889,-0.927111,0.1377535,1.098476,0.3410152,0.0537836,0.3616375,0.05002634,0.9294208,MathCanvas,0.5396436,1.228823,3.400373,-0.04923708,1.547401,0.2377377,0.1853555,-0.09754436,0.9778182,-0.01625579,1.552071,0.2403566,0.1626764,-0.1011456,0.9814816,-0.08197454,1.542904,0.235085,0.2135904,-0.09237873,0.9725458,-0.04911517,1.547487,0.2377208,356.9688,354.992,7.927016,0,0,False
1,Center_Head_Far,523,14.04,-0.05078765,1.548373,0.2373858,-0.01396293,1.203456,0.3296591,0.18878,-0.326576,-0.0576233,-0.9243321,0.1370002,1.098275,0.3426226,0.05401716,0.3592699,0.04780014,0.9304421,MathCanvas,0.5518075,1.231248,3.407808,-0.05017519,1.548073,0.2375549,0.135079,-0.0788059,0.9876959,-0.01798167,1.55315,0.2403254,0.1077336,-0.08114447,0.9908628,-0.08359362,1.543595,0.2344462,0.1595979,-0.07250729,0.9845157,-0.05078765,1.548373,0.2373858,356.5145,354.3735,8.268032,0,0,False
1,Center_Head_Far,524,14.05999,-0.0510714,1.548519,0.237241,-0.01430444,1.203315,0.3291397,0.1891941,-0.3272258,-0.0567534,-0.9240714,0.1362783,1.098131,0.3431889,0.05447007,0.3581654,0.04762398,0.9308504,MathCanvas,0.3895908,1.291453,3.457427,-0.05078765,1.548373,0.2373858,0.1161145,-0.07377345,0.9904923,-0.01827095,1.553322,0.2401999,0.08923866,-0.07645388,0.9930717,-0.08387184,1.543716,0.234282,0.1414074,-0.06789131,0.9876207,-0.0510714,1.548519,0.237241,356.4304,354.324,8.314063,0,0,False
1,Center_Head_Far,525,14.08,-0.05162913,1.548643,0.2369296,-0.01510156,1.203067,0.3282006,0.189461,-0.3287565,-0.05535406,-0.9235582,0.1353553,1.097883,0.3441056,0.05525172,0.3572439,0.04696837,0.9311917,MathCanvas,0.3288491,1.307137,3.478079,-0.0513645,1.548728,0.2371167,0.1150368,-0.07013226,0.9908825,-0.01883819,1.55345,0.2399849,0.08615477,-0.07530678,0.9934316,-0.08442007,1.543835,0.2338743,0.1383398,-0.06674869,0.988133,-0.05162913,1.548643,0.2369296,356.3649,354.1454,8.322576,0,0,False
1,Center_Head_Far,526,14.09999,-0.05179571,1.548627,0.2367114,-0.01612758,1.203052,0.3275689,0.1894894,-0.329715,-0.0554425,-0.9232053,0.1347716,1.097713,0.3446455,0.05603496,0.3571827,0.04592385,0.9312205,MathCanvas,0.3255995,1.318665,3.486231,-0.05162913,1.548643,0.2369296,0.1120061,-0.07136895,0.9911413,-0.01900499,1.553396,0.2398306,0.08409171,-0.07730125,0.9934551,-0.08458642,1.543859,0.2335922,0.1362981,-0.06880034,0.9882759,-0.05179571,1.548627,0.2367114,356.4486,354.0513,8.252687,0,0,False
1,Center_Head_Far,527,14.12,-0.05172148,1.548589,0.2364512,-0.01692613,1.203186,0.3272875,0.1901874,-0.3288357,-0.05537527,-0.9233794,0.1339114,1.097441,0.3452918,0.05746523,0.3562462,0.04450775,0.9315608,MathCanvas,0.316221,1.314132,3.493288,-0.05179571,1.548627,0.2367114,0.08549316,-0.07459177,0.9935427,-0.01891486,1.553254,0.239559,0.05937228,-0.07960019,0.9950572,-0.0845281,1.543924,0.2333433,0.1119772,-0.07136174,0.9911451,-0.05172148,1.548589,0.2364512,356.4663,354.0876,8.072894,0,0,False
1,Center_Head_Far,528,14.13999,-0.05222838,1.548797,0.236082,-0.01716416,1.203217,0.3272157,0.1904019,-0.3285512,-0.05521749,-0.9234459,0.1333312,1.097266,0.3457238,0.0583689,0.3554913,0.04357469,0.931837,MathCanvas,0.2292069,1.303483,3.501206,-0.05203249,1.548738,0.2362654,0.06291582,-0.07848338,0.9949281,-0.01939273,1.553297,0.2391254,0.03638318,-0.08259732,0.9959186,-0.08506404,1.544297,0.2330386,0.08931942,-0.07466924,0.9932001,-0.05222838,1.548797,0.236082,356.483,354.2241,7.785969,0,0,False
1,Center_Head_Far,529,14.16,-0.05166601,1.548714,0.2356948,-0.01877065,1.203344,0.3269064,0.1911912,-0.3262955,-0.05372329,-0.9241704,0.1320395,1.096902,0.3466009,0.05948782,0.3538939,0.04218465,0.9324381,MathCanvas,0.1545539,1.29085,3.506063,-0.05222838,1.548797,0.236082,0.06919315,-0.08004222,0.994387,-0.01878054,1.553023,0.2384637,0.0507559,-0.08579623,0.995019,-0.08455148,1.544404,0.232926,0.1037136,-0.07833244,0.9915178,-0.05166601,1.548714,0.2356948,356.5442,354.7354,7.453996,0,0,False
1,Center_Head_Far,530,14.17999,-0.04925831,1.548538,0.2352262,-0.02299239,1.203811,0.3273648,0.1920321,-0.3174999,-0.05371994,-0.9270554,0.1295078,1.096095,0.3482096,0.06060508,0.3507147,0.04400754,0.9334825,MathCanvas,0.1760885,1.285249,3.508795,-0.04992257,1.548606,0.2354468,0.06603845,-0.08310931,0.9943499,-0.01630944,1.552707,0.2373908,0.04770397,-0.08842588,0.9949399,-0.08220719,1.544369,0.2330615,0.1008001,-0.08106573,0.9915985,-0.04925831,1.548538,0.2352262,356.6537,355.8182,7.208416,0,0,False
1,Center_Head_Far,531,14.2,-0.04853382,1.548481,0.2349709,-0.02404131,1.203891,0.3274716,0.1923216,-0.3153705,-0.05372628,-0.9277216,0.1290139,1.095934,0.3485417,0.06117148,0.350387,0.04430509,0.9335546,MathCanvas,0.1681543,1.274925,3.508838,-0.04925831,1.548538,0.2352262,0.06218867,-0.07511988,0.9952334,-0.01555228,1.552522,0.2368645,0.04360068,-0.08007339,0.9958349,-0.08151536,1.54444,0.2330773,0.09681436,-0.07301485,0.9926207,-0.04853382,1.548481,0.2349709,356.7061,356.3107,6.984993,0,0,False
1,Center_Head_Far,532,14.21999,-0.04708786,1.548339,0.2344969,-0.02450786,1.203927,0.327466,0.1924624,-0.314568,-0.05365888,-0.9279687,0.1290139,1.095934,0.3485417,0.06117148,0.350387,0.04430509,0.9335546,MathCanvas,0.1570729,1.300122,3.525386,-0.04782639,1.548428,0.2347382,0.06132234,-0.07955252,0.9949427,-0.01406128,1.552183,0.235967,0.04113334,-0.08409379,0.9956086,-0.08011445,1.544494,0.2330269,0.0944937,-0.07740323,0.9925117,-0.04708786,1.548339,0.2344969,356.7956,357.0784,6.643308,0,0,False
1,Center_Head_Far,533,14.24,-0.04532752,1.548419,0.2346565,-0.02768282,1.203932,0.3284365,0.1927456,-0.3066524,-0.05397635,-0.9305375,0.1260904,1.095704,0.350209,0.06328127,0.3485497,0.04511775,0.9340626,MathCanvas,0.1556258,1.285362,3.523484,-0.04708786,1.548339,0.2344969,0.06743199,-0.08064991,0.9944589,-0.01227097,1.552235,0.2352872,0.06592195,-0.08393808,0.994288,-0.07838407,1.544603,0.2340257,0.1191931,-0.07728642,0.9898585,-0.04532752,1.548419,0.2346565,356.7876,358.5357,6.594263,0,0,False
1,Center_Head_Far,534,14.25999,-0.04331883,1.548561,0.2343368,-0.02993172,1.204014,0.3287068,0.1936527,-0.3020806,-0.05477629,-0.9317969,0.1253627,1.095759,0.3505294,0.06340516,0.3476473,0.04515074,0.9343889,MathCanvas,0.1780078,1.281306,3.52831,-0.04434763,1.548514,0.2345029,0.08227278,-0.08483451,0.9929926,-0.01024395,1.552267,0.2342574,0.06593028,-0.08807875,0.9939292,-0.07639372,1.544854,0.2344162,0.1193374,-0.08167893,0.9894883,-0.04331883,1.548561,0.2343368,356.7659,359.7747,6.405018,0,0,False
1,Center_Head_Far,535,14.27999,-0.04224937,1.548601,0.2341899,-0.03099936,1.204058,0.3288451,0.1939371,-0.2998904,-0.0548754,-0.9324392,0.1253627,1.095759,0.3505294,0.06340516,0.3476473,0.04515074,0.9343889,MathCanvas,0.229368,1.267383,3.525535,-0.04331883,1.548561,0.2343368,0.09266052,-0.08487924,0.9920734,-0.0091701,1.552245,0.2337639,0.07619103,-0.08836789,0.9931697,-0.07532865,1.544958,0.234616,0.1295608,-0.08206967,0.9881693,-0.04224937,1.548601,0.2341899,356.7749,0.3823474,6.295033,0,0,False
1,Center_Head_Far,536,14.29999,-0.04087733,1.548734,0.2338225,-0.03154197,1.203949,0.3286798,0.1925327,-0.3006165,-0.05665319,-0.9323901,0.1207568,1.096957,0.3517901,0.06009376,0.3397388,0.04561143,0.9374892,MathCanvas,0.2658074,1.266414,3.53241,-0.04224937,1.548601,0.2341899,0.1062915,-0.08430597,0.9907545,-0.007785778,1.552109,0.2327042,0.09939833,-0.08585453,0.9913369,-0.07396887,1.545358,0.2349407,0.1527008,-0.0802121,0.9850119,-0.04087733,1.548734,0.2338225,356.6551,1.59408,5.83098,0,0,False
1,Center_Head_Far,537,14.31999,-0.03864459,1.549045,0.23335,-0.03270176,1.203854,0.3285304,0.1916101,-0.2994313,-0.056145,-0.9329921,0.1185054,1.097926,0.3519871,0.05643845,0.3368572,0.04628913,0.9387222,MathCanvas,0.3134334,1.267709,3.536389,-0.03971635,1.548895,0.2336302,0.09286059,-0.08616184,0.9919441,-0.005589634,1.552398,0.2313943,0.07804362,-0.08745706,0.9931065,-0.07169954,1.545693,0.2353058,0.1316076,-0.08182459,0.9879192,-0.03864459,1.549045,0.23335,356.4699,3.028138,5.792529,0,0,False
1,Center_Head_Far,538,14.34,-0.03749158,1.549164,0.2331257,-0.03270524,1.203854,0.3285306,0.1916094,-0.2994258,-0.05614553,-0.9329939,0.117622,1.098125,0.3522372,0.05580255,0.3356197,0.04645084,0.9391954,MathCanvas,0.2707757,1.261946,3.538602,-0.03864459,1.549045,0.23335,0.08896448,-0.08649483,0.9922721,-0.004458185,1.552457,0.2307487,0.07451567,-0.08840289,0.9932936,-0.07052498,1.545872,0.2355028,0.1281408,-0.08294753,0.9882812,-0.03749158,1.549164,0.2331257,356.4189,3.759449,5.688283,0,0,False
1,Center_Head_Far,539,14.35999,-0.03606222,1.549286,0.2323507,-0.0322448,1.203623,0.3278528,0.1917551,-0.3029182,-0.05624096,-0.9318302,0.1163206,1.099215,0.3512278,0.05348799,0.3358476,0.04723059,0.9392096,MathCanvas,0.2594713,1.260445,3.545324,-0.03682539,1.54938,0.2327589,0.1086252,-0.08411921,0.9905173,-0.003061164,1.552484,0.229453,0.08975091,-0.08677535,0.9921768,-0.06906328,1.546087,0.2352484,0.143306,-0.08147482,0.986319,-0.03606222,1.549286,0.2323507,356.3239,4.662673,5.525772,0,0,False
1,Center_Head_Far,540,14.38,-0.03517248,1.549285,0.2320255,-0.03222665,1.203578,0.3277379,0.1918373,-0.3033479,-0.05608416,-0.931683,0.1157789,1.099436,0.3509949,0.05256024,0.3353322,0.04701396,0.939457,MathCanvas,0.3279687,1.267381,3.551827,-0.03606222,1.549286,0.2323507,0.09640787,-0.08639106,0.9915857,-0.002198413,1.552406,0.2287593,0.08041891,-0.08914838,0.9927666,-0.06814655,1.546165,0.2352917,0.1340591,-0.08406691,0.9874011,-0.03517248,1.549285,0.2320255,356.3343,5.311191,5.391162,0,0,False
1,Center_Head_Far,541,14.39999,-0.0333128,1.549246,0.2313097,-0.03239156,1.203498,0.3275903,0.1918104,-0.3037651,-0.05581296,-0.9315688,0.1155219,1.099502,0.3508271,0.05205163,0.3350879,0.04687788,0.9395792,MathCanvas,0.2879288,1.259755,3.555224,-0.03421325,1.54925,0.2316569,0.08818834,-0.09214751,0.9918325,-0.0004074983,1.552259,0.2273273,0.07189745,-0.0942037,0.9929534,-0.06621809,1.546234,0.2352921,0.1255877,-0.08944751,0.9880419,-0.0333128,1.549246,0.2313097,356.3148,6.565327,5.204457,0,0,False
1,Center_Head_Far,542,14.42,-0.03240079,1.549299,0.2309923,-0.03254414,1.203435,0.3274867,0.1917455,-0.3040536,-0.05561522,-0.9314999,0.1155219,1.099502,0.3508271,0.05205163,0.3350879,0.04687788,0.9395792,MathCanvas,0.2618222,1.240861,3.550621,-0.0333128,1.549246,0.2313097,0.0987731,-0.09182592,0.9908642,0.0004650131,1.552255,0.2266567,0.08241247,-0.09458326,0.9920999,-0.06526659,1.546344,0.2353279,0.1360549,-0.08992042,0.9866121,-0.03240079,1.549299,0.2309923,356.3409,7.188252,5.105687,0,0,False
1,Center_Head_Far,543,14.43999,-0.03215453,1.549538,0.2307436,-0.03281831,1.203023,0.3269169,0.1904283,-0.3076603,-0.05443282,-0.9306554,0.1157435,1.099131,0.3501243,0.05187342,0.336496,0.04769771,0.9390445,MathCanvas,0.2990778,1.241135,3.556293,-0.03240079,1.549299,0.2309923,0.1092682,-0.09225203,0.9897222,0.0006864592,1.5526,0.2262956,0.08615448,-0.09482952,0.9917584,-0.06499552,1.546475,0.2351916,0.1397625,-0.08999306,0.986087,-0.03215453,1.549538,0.2307436,356.3472,7.375185,5.290746,0,0,False
1,Center_Head_Far,544,14.46,-0.03097343,1.549676,0.2300159,-0.03258161,1.202954,0.3266141,0.1896354,-0.3100135,-0.05447756,-0.9300334,0.1161236,1.098958,0.3497388,0.05283362,0.3382889,0.04723123,0.9383701,MathCanvas,0.3352485,1.23935,3.55858,-0.0316011,1.549628,0.2303617,0.06953475,-0.1043575,0.9921061,0.00180736,1.552684,0.2251105,0.05043155,-0.1065324,0.9930294,-0.06375422,1.546667,0.2349214,0.1040978,-0.1021016,0.9893124,-0.03097343,1.549676,0.2300159,356.3719,8.181038,5.196947,0,0,False
1,Center_Head_Far,545,14.47999,-0.03027703,1.549715,0.2296945,-0.03249769,1.202959,0.3265274,0.1894816,-0.3106363,-0.0544909,-0.9298562,0.1161236,1.098958,0.3497388,0.05283362,0.3382889,0.04723123,0.9383701,MathCanvas,0.2012312,1.201184,3.543059,-0.03097343,1.549676,0.2300159,0.07756695,-0.1043668,0.9915094,0.002467163,1.552702,0.2245379,0.05825862,-0.1066918,0.9925839,-0.06302122,1.546728,0.2348511,0.1118953,-0.1022802,0.9884422,-0.03027703,1.549715,0.2296945,356.3812,8.622996,5.159561,0,0,False
1,Center_Head_Far,546,14.5,-0.02832603,1.550079,0.2290525,-0.030558,1.203566,0.325388,0.1892194,-0.3200431,-0.05589784,-0.9266304,0.117856,1.099318,0.3467813,0.05359644,0.3451035,0.04413211,0.9359933,MathCanvas,0.229165,1.200634,3.546044,-0.02925107,1.549753,0.2293309,0.06429539,-0.1053167,0.992358,0.004355533,1.553057,0.2235081,0.04385594,-0.1085126,0.9931272,-0.0610076,1.5471,0.2345968,0.09742779,-0.1042459,0.9897679,-0.02832603,1.550079,0.2290525,356.5514,9.318113,5.143603,0,0,False
1,Center_Head_Far,547,14.51999,-0.02744214,1.550273,0.2287759,-0.02962606,1.203813,0.325215,0.1885763,-0.3226931,-0.05649329,-0.9258059,0.1188568,1.099588,0.3457444,0.0533912,0.3473085,0.04358518,0.9352148,MathCanvas,0.186499,1.198192,3.544739,-0.02832603,1.550079,0.2290525,0.07074612,-0.1059283,0.9918539,0.005207146,1.553249,0.2230433,0.049669,-0.1082391,0.9928833,-0.06009143,1.547297,0.2345085,0.1032224,-0.1040023,0.9892061,-0.02744214,1.550273,0.2287759,356.563,9.649591,5.139432,0,0,False
1,Center_Head_Far,548,14.54,-0.02524929,1.550557,0.228237,-0.02761206,1.204175,0.3249372,0.1870732,-0.3274179,-0.05692664,-0.9244244,0.1211474,1.100194,0.3437732,0.0539563,0.3516792,0.04202121,0.9336191,MathCanvas,0.2091323,1.19605,3.545528,-0.02658868,1.550467,0.2285003,0.05437688,-0.1084646,0.992612,0.007336151,1.553506,0.222139,0.03199878,-0.1104689,0.9933643,-0.05783474,1.547608,0.2343349,0.08543856,-0.1064573,0.9906398,-0.02524929,1.550557,0.228237,356.5925,10.29603,5.093163,0,0,False
1,Center_Head_Far,549,14.55999,-0.02378739,1.550733,0.2279518,-0.02584238,1.204309,0.3248322,0.1859167,-0.3305501,-0.05698145,-0.9235392,0.1229621,1.100789,0.342377,0.05389315,0.3552755,0.0410046,0.9323055,MathCanvas,0.1562478,1.188528,3.541339,-0.02524929,1.550557,0.228237,0.05873422,-0.1084633,0.9923639,0.008764327,1.553627,0.2216502,0.03799064,-0.1100722,0.9931972,-0.05633911,1.54784,0.2342535,0.09141903,-0.1061497,0.9901388,-0.02378739,1.550733,0.2279518,356.5838,10.65792,4.995627,0,0,False
1,Center_Head_Far,550,14.58,-0.02050181,1.550989,0.2274193,-0.02184142,1.204512,0.3243866,0.184161,-0.3384105,-0.05845581,-0.9209484,0.126832,1.102053,0.3390574,0.05128488,0.3624326,0.04043585,0.929719,MathCanvas,0.172326,1.188575,3.541451,-0.0221804,1.550894,0.2277028,0.06668035,-0.1024214,0.9925037,0.01194772,1.55381,0.2205808,0.04783936,-0.1034085,0.9934879,-0.05295135,1.548169,0.2342579,0.1011962,-0.09958781,0.9898695,-0.02050181,1.550989,0.2274193,356.4731,11.60028,4.871041,0,0,False
1,Center_Head_Far,551,14.59999,-0.01884599,1.551183,0.2271632,-0.02061883,1.204628,0.3242049,0.1834935,-0.3412297,-0.05885443,-0.9200155,0.1280711,1.102443,0.3379456,0.05086339,0.3649184,0.03992401,0.9287915,MathCanvas,0.2026568,1.208217,3.549022,-0.02050181,1.550989,0.2274193,0.05109021,-0.09249301,0.9944018,0.0135544,1.553977,0.2200846,0.03171962,-0.0940592,0.9950612,-0.05124638,1.54839,0.2342418,0.08494437,-0.09032486,0.9922832,-0.01884599,1.551183,0.2271632,356.4627,12.02553,4.823995,0,0,False
1,Center_Head_Far,552,14.62,-0.01714735,1.551306,0.2269506,-0.01898792,1.204737,0.3239883,0.1827161,-0.3446417,-0.05957045,-0.9188517,0.1296524,1.10289,0.3365288,0.05007896,0.3676894,0.03953052,0.9277575,MathCanvas,0.152303,1.241338,3.558346,-0.01884599,1.551183,0.2271632,0.05821471,-0.09226523,0.9940313,0.01520161,1.554065,0.2196274,0.03896813,-0.09359894,0.9948471,-0.0494963,1.548548,0.2342739,0.09217447,-0.08991849,0.9916747,-0.01714735,1.551306,0.2269506,356.4424,12.45952,4.763662,0,0,False
1,Center_Head_Far,553,14.63999,-0.01282879,1.551107,0.2264137,-0.01192366,1.204763,0.3229553,0.1800347,-0.3563652,-0.06345849,-0.914639,0.1362384,1.103199,0.3308356,0.04817888,0.3765173,0.04012299,0.9242855,MathCanvas,0.1779547,1.242087,3.558367,-0.01499008,1.551243,0.2267235,0.06814069,-0.09192497,0.9934317,0.01938301,1.553777,0.2184784,0.05151688,-0.09437959,0.9942024,-0.04504059,1.548438,0.2343491,0.1046357,-0.09088223,0.9903494,-0.01282879,1.551107,0.2264137,356.4987,13.55709,4.608982,0,0,False
1,Center_Head_Far,554,14.66,-0.0104913,1.551003,0.2261429,-0.00823354,1.204633,0.32217,0.1790082,-0.3626115,-0.06458111,-0.9123038,0.1389929,1.103254,0.3285053,0.0479478,0.3811095,0.0400776,0.9224155,MathCanvas,0.2157179,1.242787,3.558423,-0.01282879,1.551107,0.2264137,0.06632413,-0.09137515,0.9936054,0.02164906,1.55363,0.2179091,0.0488829,-0.09316607,0.9944499,-0.04263166,1.548377,0.2343766,0.1019011,-0.08979794,0.9907333,-0.0104913,1.551003,0.2261429,356.5177,14.09305,4.534601,0,0,False
1,Center_Head_Far,555,14.67999,-0.00595773,1.550867,0.2255823,-0.00302027,1.204614,0.3212058,0.1772457,-0.3719453,-0.06631231,-0.9087593,0.1442027,1.103443,0.3240551,0.04736746,0.3898041,0.03995365,0.9188105,MathCanvas,0.2118127,1.244734,3.556491,-0.008330729,1.550966,0.2258822,0.08292086,-0.09127508,0.9923674,0.02603623,1.553442,0.2167819,0.06551647,-0.09340025,0.9934707,-0.03795169,1.548291,0.2343827,0.1184693,-0.09010826,0.9888608,-0.00595773,1.550867,0.2255823,356.5582,15.11222,4.446788,0,0,False
1,Center_Head_Far,556,14.7,-0.002885073,1.550588,0.2249662,0.00484177,1.203729,0.3185777,0.1761599,-0.3840303,-0.06892885,-0.9037352,0.1510973,1.101759,0.3182011,0.05025149,0.4007706,0.0415439,0.9138555,MathCanvas,0.2723269,1.244545,3.555995,-0.00595773,1.550867,0.2255823,0.09202166,-0.09175438,0.9915206,0.02899393,1.55325,0.2157827,0.07776196,-0.09470902,0.9924632,-0.03476408,1.547925,0.2341496,0.1306473,-0.09128814,0.9872172,-0.002885073,1.550588,0.2249662,356.605,15.7974,4.596532,0,0,False
1,Center_Head_Far,557,14.71999,0.002550765,1.549955,0.2238159,0.01382142,1.203028,0.315638,0.172874,-0.3999637,-0.07263809,-0.897144,0.1594864,1.10059,0.3111335,0.05283156,0.412509,0.04005693,0.9085376,MathCanvas,0.3059042,1.242696,3.552127,-0.0001904331,1.550254,0.2244341,0.1112512,-0.09028438,0.9896827,0.03424426,1.552675,0.2140271,0.09466282,-0.09396587,0.9910648,-0.02914273,1.547235,0.2336048,0.1474247,-0.09045346,0.9849285,0.002550765,1.549955,0.2238159,356.7857,16.89999,4.694568,0,0,False
1,Center_Head_Far,558,14.74,0.005238418,1.549684,0.2232969,0.01744247,1.202833,0.3146608,0.1716586,-0.4062297,-0.07403725,-0.8944436,0.1628669,1.100333,0.3082632,0.05333683,0.4176087,0.03984225,0.9061848,MathCanvas,0.376685,1.246331,3.552088,0.002550765,1.549955,0.2238159,0.1210349,-0.09200615,0.9883751,0.03683743,1.552414,0.21321,0.1040301,-0.09475499,0.9900501,-0.0263606,1.546954,0.2333837,0.1567316,-0.09123518,0.9834182,0.005238418,1.549684,0.2232969,356.8404,17.44354,4.712142,0,0,False
1,Center_Head_Far,559,14.75999,0.008419731,1.549057,0.222448,0.02371278,1.20204,0.3119625,0.1708875,-0.4162336,-0.07281315,-0.8900816,0.1683933,1.099351,0.3038563,0.05577043,0.4241987,0.03831737,0.9030376,MathCanvas,0.4120578,1.240436,3.545396,0.005238418,1.549684,0.2232969,0.1304677,-0.09309042,0.9870726,0.03992055,1.551841,0.2120727,0.1134601,-0.09798048,0.9886995,-0.02308108,1.546274,0.2328232,0.1660927,-0.09437706,0.9815835,0.008419731,1.549057,0.222448,357.0049,17.97842,4.804134,0,0,False
1,Center_Head_Far,560,14.77999,0.01476574,1.548732,0.2209613,0.03480938,1.200789,0.307638,0.1708439,-0.4312612,-0.07175358,-0.8829935,0.1801187,1.09786,0.295219,0.05874109,0.4417223,0.03632203,0.8944896,MathCanvas,0.4470427,1.236094,3.540912,0.01160177,1.548902,0.22172,0.1374008,-0.09831218,0.9856246,0.04605687,1.551641,0.2100024,0.1205478,-0.1008147,0.9875752,-0.0165254,1.545823,0.2319203,0.1730036,-0.09712045,0.9801211,0.01476574,1.548732,0.2209613,357.0833,19.04541,5.020693,0,0,False
1,Center_Head_Far,561,14.79999,0.01788568,1.548486,0.2202341,0.03935312,1.200387,0.3060937,0.1700374,-0.4382456,-0.07227064,-0.8796619,0.184611,1.09736,0.291685,0.05978569,0.448244,0.03567281,0.8911961,MathCanvas,0.4762963,1.218501,3.531682,0.01476574,1.548732,0.2209613,0.1357242,-0.09677295,0.9860091,0.0490696,1.551436,0.2089843,0.1188794,-0.09978819,0.9878817,-0.01329824,1.545537,0.2314839,0.1712283,-0.09607956,0.9805354,0.01788568,1.548486,0.2202341,357.1376,19.58235,5.090917,0,0,False
1,Center_Head_Far,562,14.81999,0.02481301,1.548281,0.2183027,0.05067672,1.199421,0.3020683,0.1684075,-0.4520638,-0.07606555,-0.8726347,0.1967964,1.096189,0.2828371,0.06266984,0.4671479,0.03351121,0.8813185,MathCanvas,0.4731521,1.223876,3.527653,0.02108535,1.54825,0.2195072,0.1542914,-0.09894429,0.9830586,0.05575699,1.551399,0.2064517,0.138587,-0.1003539,0.9852527,-0.006130962,1.545164,0.2301538,0.1907641,-0.09637707,0.9768933,0.02481301,1.548281,0.2183027,357.1056,20.6835,5.381517,0,0,False
1,Center_Head_Far,563,14.83999,0.02837934,1.547915,0.2172313,0.05625811,1.198974,0.3001215,0.1674461,-0.4583008,-0.07642248,-0.8695296,0.202238,1.095681,0.2785763,0.06370414,0.475006,0.03283382,0.8770593,MathCanvas,0.5430906,1.215919,3.520478,0.02481301,1.548281,0.2183027,0.1593896,-0.09392291,0.9827377,0.0591872,1.55108,0.2050431,0.1442528,-0.09706549,0.9847687,-0.002428522,1.54475,0.2294195,0.1963149,-0.09300584,0.9761201,0.02837934,1.547915,0.2172313,357.1543,21.31266,5.463991,0,0,False
1,Center_Head_Far,564,14.85999,0.03548837,1.547256,0.2150664,0.06690338,1.198158,0.2963736,0.1659099,-0.4707619,-0.07752139,-0.8630456,0.2127431,1.094735,0.2702356,0.06569362,0.4900821,0.03170128,0.868619,MathCanvas,0.563938,1.232328,3.519289,0.03198136,1.547549,0.2161202,0.1721985,-0.09434479,0.9805339,0.06602297,1.550548,0.202241,0.1564109,-0.09750572,0.9828674,0.00495377,1.543963,0.2278918,0.2082536,-0.09328113,0.9736164,0.03548837,1.547256,0.2150664,357.26,22.51113,5.684539,0,0,False
1,Center_Head_Far,565,14.87999,0.03898414,1.547017,0.2139403,0.07228144,1.197782,0.294454,0.1652039,-0.4767528,-0.07821096,-0.8598241,0.2179073,1.094236,0.2662323,0.06676493,0.497503,0.03099543,0.8643336,MathCanvas,0.6147228,1.229902,3.513348,0.03548837,1.547256,0.2150664,0.1827517,-0.09582157,0.9784784,0.0693743,1.550384,0.2007952,0.1674445,-0.09955453,0.9808421,0.008593982,1.54365,0.2270854,0.2191741,-0.09521304,0.9710289,0.03898414,1.547017,0.2139403,357.3248,23.11838,5.813401,0,0,False
1,Center_Head_Far,566,14.89999,0.04542349,1.546812,0.2120298,0.08324037,1.198269,0.288883,0.1656932,-0.484137,-0.08493829,-0.8549519,0.226123,1.093162,0.2572357,0.06878328,0.5041573,0.03084499,0.8603156,MathCanvas,0.6531392,1.224999,3.502214,0.04213197,1.547066,0.2129678,0.1920559,-0.09907708,0.9763699,0.07562468,1.550423,0.1985189,0.1727749,-0.1018231,0.9796841,0.01522229,1.543201,0.2255407,0.224348,-0.09717181,0.9696524,0.04542349,1.546812,0.2120298,357.3449,23.81202,6.235169,0,0,False
1,Center_Head_Far,567,14.91999,0.04877771,1.546526,0.2110982,0.08837506,1.198193,0.2865166,0.165031,-0.4891104,-0.08719882,-0.8520166,0.2302872,1.092672,0.2532072,0.06939793,0.5077834,0.03015989,0.8581553,MathCanvas,0.690689,1.213935,3.492417,0.04542349,1.546812,0.2120298,0.1988605,-0.09971595,0.9749417,0.07887418,1.550214,0.1973761,0.1801997,-0.1025989,0.9782645,0.01868124,1.542838,0.2248203,0.2316875,-0.09782618,0.967859,0.04877771,1.546526,0.2110982,357.3451,24.21379,6.368988,0,0,False
1,Center_Head_Far,568,14.93999,0.05210995,1.546287,0.2101234,0.09359467,1.198013,0.2843552,0.1644586,-0.4945147,-0.08892462,-0.8488234,0.234927,1.092168,0.2491049,0.07033936,0.5131364,0.02959213,0.854908,MathCanvas,0.715878,1.212018,3.481651,0.04877771,1.546526,0.2110982,0.1990474,-0.1010687,0.9747642,0.08208764,1.550056,0.1961654,0.1813021,-0.1042516,0.9778861,0.02213226,1.542517,0.2240814,0.2326875,-0.09940475,0.9674581,0.05210995,1.546287,0.2101234,357.3583,24.66594,6.509957,0,0,False
1,Center_Head_Far,569,14.95999,0.05844857,1.545965,0.2084117,0.1023348,1.198007,0.2788591,0.1634711,-0.5016809,-0.09633213,-0.8439868,0.2398861,1.091633,0.2427258,0.06619162,0.5103586,0.02480316,0.8570517,MathCanvas,0.7188672,1.207733,3.47533,0.05546703,1.545972,0.2091243,0.2142722,-0.1023032,0.9714018,0.08832274,1.549938,0.1942893,0.187792,-0.108518,0.9761957,0.0285744,1.541992,0.2225341,0.2390904,-0.1033915,0.965477,0.05844857,1.545965,0.2084117,357.523,25.00346,6.862888,0,0,False
1,Center_Head_Far,570,14.97999,0.06122257,1.546099,0.2075232,0.106412,1.197792,0.2765028,0.1628437,-0.5029989,-0.09833705,-0.8430918,0.2425005,1.091592,0.2397739,0.06260183,0.5087605,0.02343814,0.858309,MathCanvas,0.7768824,1.202953,3.465428,0.05844857,1.545965,0.2084117,0.2074099,-0.1035588,0.9727573,0.09104919,1.550201,0.1933371,0.1846197,-0.1102384,0.976608,0.03139595,1.541997,0.2217093,0.2358709,-0.104925,0.9661034,0.06122257,1.546099,0.2075232,357.71,25.15207,7.084682,0,0,False
1,Center_Head_Far,571,14.99999,0.06681354,1.546092,0.205896,0.1155141,1.197371,0.2720143,0.1610611,-0.5084798,-0.1018956,-0.8397171,0.2487328,1.091243,0.2332929,0.05851999,0.5098322,0.02147456,0.8580125,MathCanvas,0.7539816,1.200208,3.456579,0.06397401,1.546088,0.2067325,0.2083949,-0.1057249,0.9723136,0.09650325,1.550365,0.1914753,0.1874694,-0.1108559,0.975995,0.03712384,1.541819,0.2203166,0.2385944,-0.1053349,0.9653897,0.06681354,1.546092,0.205896,357.9431,25.63994,7.381964,0,0,False
1,Center_Head_Far,572,15.01999,0.06964775,1.5461,0.2050608,0.1202119,1.19719,0.2697118,0.1603642,-0.5120424,-0.1039884,-0.8374261,0.252197,1.090955,0.229811,0.05726478,0.5114017,0.02033585,0.8571905,MathCanvas,0.7618794,1.193465,3.448884,0.06681354,1.546092,0.205896,0.2130986,-0.1080958,0.9710326,0.09926213,1.550471,0.1905151,0.1922018,-0.1132788,0.9747955,0.04003338,1.541728,0.2196064,0.2432665,-0.1076299,0.9639695,0.06964775,1.5461,0.2050608,358.0429,25.89945,7.55145,0,0,False
1,Center_Head_Far,573,15.03999,0.07334083,1.546166,0.2043623,0.1256089,1.196711,0.2687046,0.1484393,-0.4995574,-0.09450584,-0.8482198,0.2527053,1.092472,0.2295958,0.05608803,0.5026646,0.0195449,0.8624387,MathCanvas,0.7786496,1.186453,3.435791,0.07120237,1.545857,0.2049122,0.2116031,-0.1112585,0.9710024,0.1030374,1.550668,0.1900255,0.1857282,-0.1146728,0.9758868,0.04364426,1.541665,0.218699,0.2368483,-0.1088291,0.9654321,0.07334083,1.546166,0.2043623,358.0764,25.50738,7.778265,0,0,False
1,Center_Head_Far,574,15.05999,0.07544082,1.546402,0.2038471,0.1292086,1.196659,0.2671983,0.1461128,-0.4991695,-0.09398248,-0.84891,0.2546182,1.09295,0.2280004,0.05515451,0.5011818,0.01705964,0.863414,MathCanvas,0.7759032,1.176767,3.428275,0.07334083,1.546166,0.2043623,0.2237963,-0.0996967,0.9695235,0.1051285,1.551011,0.1895259,0.1981967,-0.1038487,0.9746453,0.04575314,1.541794,0.2181682,0.2493017,-0.09761325,0.9634938,0.07544082,1.546402,0.2038471,358.0963,25.48611,7.964114,0,0,False
1,Center_Head_Far,575,15.07999,0.07750265,1.546611,0.2033734,0.1331852,1.196501,0.2654908,0.1438496,-0.4996375,-0.09394194,-0.8490257,0.2570423,1.093054,0.2256946,0.05426288,0.500828,0.01575887,0.8637005,MathCanvas,0.8199782,1.214726,3.429309,0.07544082,1.546402,0.2038471,0.2238196,-0.1007315,0.9694111,0.1071732,1.551319,0.189049,0.1988382,-0.1051515,0.9743749,0.04783206,1.541903,0.2176977,0.2499233,-0.09877005,0.9632149,0.07750265,1.546611,0.2033734,358.1307,25.50306,8.136532,0,0,False
1,Center_Head_Far,576,15.09999,0.080074,1.546193,0.2025382,0.1348733,1.198728,0.2669287,0.131869,-0.4802682,-0.0856067,-0.8629164,0.2581576,1.097289,0.2263517,0.04027564,0.4931272,0.006407843,0.8690008,MathCanvas,0.8211094,1.211946,3.424095,0.07891833,1.546545,0.2029349,0.2199931,-0.1024214,0.9701097,0.1098886,1.551039,0.1885632,0.1882414,-0.1079358,0.9761737,0.05025937,1.541346,0.2165131,0.2394287,-0.1013635,0.9656084,0.080074,1.546193,0.2025382,358.2365,24.85414,8.376324,0,0,False
1,Center_Head_Far,577,15.12,0.0813018,1.546206,0.2022253,0.1358424,1.199305,0.2670459,0.1295571,-0.4766448,-0.08671252,-0.8651622,0.2594483,1.098349,0.2260606,0.03639403,0.4911859,0.008120851,0.8702563,MathCanvas,0.8096445,1.206529,3.419745,0.080074,1.546193,0.2025382,0.2132135,-0.09921333,0.9719551,0.1111797,1.551099,0.188403,0.1828911,-0.1038213,0.9776359,0.05142386,1.541312,0.2160476,0.234116,-0.09712,0.9673456,0.0813018,1.546206,0.2022253,358.2924,24.57264,8.458753,0,0,False
1,Center_Head_Far,578,15.13999,0.08380806,1.546303,0.2016083,0.1400742,1.199988,0.2659084,0.1252311,-0.4703021,-0.08631974,-0.8692998,0.2624744,1.100114,0.2245902,0.02942708,0.4861238,0.008244202,0.8733554,MathCanvas,0.7872303,1.21772,3.420272,0.08258237,1.546242,0.2019373,0.2079565,-0.100305,0.9729815,0.1137798,1.551346,0.1880452,0.178267,-0.1049324,0.9783711,0.05383638,1.54126,0.2151714,0.2295528,-0.09798308,0.9683517,0.08380806,1.546303,0.2016083,358.3837,24.1004,8.719174,0,0,False
1,Center_Head_Far,579,15.16,0.08448522,1.546737,0.2013696,0.1381308,1.200314,0.2662805,0.1366153,-0.4641155,-0.09153157,-0.8703763,0.2629923,1.101242,0.2262284,0.02427465,0.47808,0.01261105,0.8778902,MathCanvas,0.7713965,1.214654,3.41868,0.08380806,1.546303,0.2016083,0.2209607,0.04455695,0.9742644,0.1145729,1.551858,0.1880956,0.1856427,0.04164569,0.9817344,0.05439752,1.541616,0.2146436,0.2367818,0.05045462,0.9702519,0.08448522,1.546737,0.2013696,358.2691,23.53636,8.855418,0,0,False
1,Center_Head_Far,580,15.17999,0.0854672,1.547305,0.2011892,0.135194,1.200314,0.2678033,0.1440898,-0.4588724,-0.09262955,-0.8718337,0.2650952,1.1032,0.2286829,0.01659346,0.4707523,0.001946881,0.8821073,MathCanvas,0.7713965,1.214654,3.41868,0.08495824,1.547085,0.2013067,0.2006763,0.04882903,0.97844,0.1157838,1.552404,0.1884376,0.1677505,0.0454456,0.9847814,0.05515065,1.542207,0.2139407,0.2190846,0.05424469,0.9741969,0.0854672,1.547305,0.2011892,358.0634,22.51195,8.817692,0,0,False
1,Center_Head_Far,581,15.2,0.08607912,1.547561,0.2010506,0.1360344,1.200545,0.2676542,0.1445308,-0.4556323,-0.09296166,-0.8734233,0.2664826,1.104095,0.2286383,0.012988,0.4676436,0.0001062602,0.8838217,MathCanvas,0.7713965,1.214654,3.41868,0.0854672,1.547305,0.2011892,0.1999898,0.05057114,0.978492,0.1164743,1.552694,0.1885015,0.1676044,0.04651881,0.9847562,0.05568393,1.542428,0.2135997,0.2189921,0.05538055,0.9741538,0.08607912,1.547561,0.2010506,358.0296,22.12623,8.877492,0,0,False
1,Center_Head_Far,582,15.21999,0.08658564,1.547795,0.2009321,0.1368709,1.200774,0.2675057,0.1449679,-0.4524013,-0.093291,-0.8749938,0.2678451,1.104945,0.2290427,0.0100933,0.4651243,-0.004396811,0.8851769,MathCanvas,0.7713965,1.214654,3.41868,0.08607912,1.547561,0.2010506,0.1931538,0.05106166,0.979839,0.117065,1.552938,0.1885932,0.1604833,0.04714605,0.985912,0.05610628,1.542651,0.213271,0.2119465,0.05599992,0.9756755,0.08658564,1.547795,0.2009321,357.9961,21.72587,8.895868,0,0,False
1,Center_Head_Far,583,15.24,0.08579376,1.547092,0.2002477,0.1315515,1.200796,0.2724449,0.1406861,-0.4424288,-0.08120475,-0.8819695,0.2674065,1.104868,0.2352397,0.01500306,0.467186,-0.011705,0.8839543,MathCanvas,0.7713965,1.214654,3.41868,0.0858404,1.547152,0.2005506,0.1812199,0.009475389,0.9833969,0.1165759,1.551898,0.1885406,0.1468252,0.00526469,0.9891484,0.05501165,1.542286,0.2119548,0.1986408,0.01317043,0.9799839,0.08579376,1.547092,0.2002477,358.0893,20.5439,8.307975,0,0,False
1,Center_Head_Far,584,15.25999,0.08564586,1.547119,0.2000803,0.131003,1.200957,0.2731691,0.1404605,-0.4388138,-0.07941048,-0.8839725,0.2678086,1.105352,0.2365348,0.01322305,0.4653659,-0.01233167,0.8849338,MathCanvas,0.7713965,1.214654,3.41868,0.08579376,1.547092,0.2002477,0.1728513,0.009264164,0.9849043,0.1165353,1.551867,0.1886348,0.1384655,0.00525023,0.9903534,0.05475646,1.542372,0.2115258,0.1903701,0.01306605,0.9816254,0.08564586,1.547119,0.2000803,358.1146,20.0595,8.205464,0,0,False
1,Center_Head_Far,585,15.27999,0.08672323,1.547323,0.1997136,0.1300225,1.201306,0.2744858,0.1400555,-0.4318817,-0.07633431,-0.8877138,0.2687767,1.106367,0.2389561,0.009560227,0.4615456,-0.01433589,0.8869492,MathCanvas,0.7713965,1.214654,3.41868,0.08652987,1.54729,0.1999058,0.174448,-0.05537964,0.9831078,0.1178129,1.551955,0.1887744,0.1401373,-0.05880108,0.9883845,0.05563358,1.54269,0.2106529,0.1923022,-0.0517911,0.9799681,0.08672323,1.547323,0.1997136,358.1442,19.12403,8.005487,0,0,False
1,Center_Head_Far,586,15.29999,0.08479929,1.546997,0.1997651,0.1241117,1.202931,0.2745819,0.145045,-0.4377482,-0.0855643,-0.8831859,0.2648252,1.105244,0.2437511,0.01188421,0.4563426,-0.004459307,0.8897136,MathCanvas,0.6701699,1.362104,3.487747,0.08672323,1.547323,0.1997136,0.166274,-0.05529645,0.9845279,0.1160246,1.551359,0.1891048,0.1302958,-0.05585532,0.9899006,0.05357394,1.542634,0.2104254,0.1825882,-0.04925881,0.9819548,0.08479929,1.546997,0.1997651,358.0637,18.59372,7.536115,0,0,False
1,Center_Head_Far,587,15.31999,0.08277223,1.546719,0.1995298,0.1194899,1.204617,0.2753321,0.1550642,-0.4319374,-0.08788511,-0.8841162,0.2640292,1.104746,0.248057,0.01497945,0.4530412,-0.004636407,0.8913516,MathCanvas,0.6418043,1.361758,3.497858,0.08359905,1.546831,0.1996271,0.195756,-0.07798313,0.977547,0.1141842,1.550808,0.1893191,0.1620821,-0.08040732,0.9834958,0.05136028,1.542629,0.2097406,0.2145312,-0.07430261,0.9738867,0.08277223,1.546719,0.1995298,358.0768,17.76905,7.062226,0,0,False
1,Center_Head_Far,588,15.33999,0.08206767,1.546667,0.1993961,0.1179789,1.205153,0.2758063,0.1570632,-0.4294639,-0.08836362,-0.8849202,0.2637333,1.104605,0.2500839,0.01582182,0.4515356,-0.0050461,0.8920985,MathCanvas,0.7340257,1.287279,3.451695,0.08277223,1.546719,0.1995298,0.1880483,-0.07738625,0.9791063,0.1135762,1.550631,0.1894369,0.1534738,-0.08004685,0.9849052,0.05055909,1.542702,0.2093554,0.2060248,-0.07414961,0.9757333,0.08206767,1.546667,0.1993961,358.0865,17.31103,6.845343,0,0,False
1,Center_Head_Far,589,15.35999,0.07979322,1.546737,0.1996749,0.1117469,1.208771,0.2768356,0.1720828,-0.4326671,-0.09159458,-0.8802257,0.2608026,1.103112,0.2562609,0.02105275,0.4464609,-0.007654876,0.8945227,MathCanvas,0.7088017,1.288751,3.462597,0.08094441,1.546852,0.1994989,0.1727372,-0.0747832,0.9821249,0.1114686,1.550388,0.1901333,0.1390566,-0.07489577,0.9874482,0.04811789,1.543086,0.2092164,0.1917761,-0.06947394,0.9789767,0.07979322,1.546737,0.1996749,357.8681,16.52841,6.30204,0,0,False
1,Center_Head_Far,590,15.37999,0.07870997,1.546834,0.1998414,0.1094094,1.210564,0.2779452,0.174819,-0.4290565,-0.09536795,-0.8810527,0.2591894,1.102816,0.2591179,0.0215427,0.4421502,-0.006883398,0.8966559,MathCanvas,0.656904,1.296888,3.480932,0.07979322,1.546737,0.1996749,0.1833731,-0.07247853,0.9803679,0.1104688,1.55032,0.1905182,0.1496156,-0.07382075,0.9859847,0.04695113,1.543349,0.2091645,0.2023759,-0.0685913,0.9769029,0.07870997,1.546834,0.1998414,357.8244,16.13093,6.01615,0,0,False
1,Center_Head_Far,591,15.39999,0.07749623,1.546837,0.1999739,0.1070494,1.212819,0.2794589,0.1754968,-0.4245931,-0.1018191,-0.8823574,0.2576568,1.102595,0.2618913,0.0217216,0.4382414,-0.006582126,0.8985708,MathCanvas,0.6923757,1.304282,3.480683,0.07870997,1.546834,0.1998414,0.2177914,-0.06951844,0.9735163,0.1093343,1.550126,0.1908516,0.1846725,-0.07147296,0.9801977,0.04565821,1.543548,0.2090962,0.237295,-0.06640051,0.9691657,0.07749623,1.546837,0.1999739,357.812,15.77079,5.675862,0,0,False
1,Center_Head_Far,592,15.41999,0.07502427,1.546966,0.2002732,0.1026506,1.216291,0.2815621,0.1793579,-0.4185466,-0.1100773,-0.8834776,0.2553157,1.102184,0.2670079,0.0226512,0.4316995,-0.006554947,0.9017092,MathCanvas,0.8062853,1.314209,3.457624,0.07634819,1.54684,0.2001067,0.2036365,-0.0678414,0.9766933,0.1070138,1.549903,0.1915705,0.1706198,-0.07030202,0.9828258,0.04303472,1.544029,0.2089759,0.2234356,-0.06579015,0.9724959,0.07502427,1.546966,0.2002732,357.8034,15.02424,5.066566,0,0,False
1,Center_Head_Far,593,15.43999,0.073473,1.54749,0.2008256,0.09948888,1.224187,0.280479,0.1974156,-0.4135771,-0.1140285,-0.8814639,0.2511473,1.10247,0.2715547,0.02202022,0.4243251,-0.004526496,0.9052309,MathCanvas,0.7577595,1.319514,3.474848,0.07502427,1.546966,0.2002732,0.2209436,-0.07252856,0.972586,0.105518,1.550116,0.1922283,0.1904633,-0.07436419,0.9788737,0.04142796,1.544863,0.2094229,0.2431655,-0.07028103,0.9674353,0.073473,1.54749,0.2008256,357.8128,14.84492,4.529056,0,0,False
1,Center_Head_Far,594,15.45999,0.07072905,1.54887,0.2015993,0.09357106,1.232408,0.2755764,0.2420562,-0.4206829,-0.1075859,-0.8676751,0.247377,1.102544,0.2781019,0.02446601,0.418168,-0.001612991,0.9080387,MathCanvas,0.8136526,1.304513,3.459072,0.07209884,1.548327,0.2012454,0.243982,-0.07778759,0.966655,0.1028884,1.551141,0.1933339,0.2116032,-0.07879549,0.9741743,0.03856974,1.546599,0.2098647,0.2641267,-0.07516672,0.9615545,0.07072905,1.54887,0.2015993,357.6901,14.2558,3.915656,0,0,False
1,Center_Head_Far,595,15.47999,0.06934239,1.54943,0.2019611,0.09101333,1.235456,0.2750559,0.2531688,-0.4198748,-0.1083594,-0.8647942,0.245718,1.102469,0.2810864,0.02515396,0.4145977,-0.0009152144,0.9096566,MathCanvas,0.8868267,1.288677,3.434973,0.07072905,1.54887,0.2015993,0.237949,-0.07698122,0.9682221,0.1015613,1.551512,0.1938799,0.2054644,-0.07779263,0.9755678,0.03712352,1.547348,0.2100422,0.2580796,-0.07447045,0.9632492,0.06934239,1.54943,0.2019611,357.644,13.93275,3.589605,0,0,False
1,Center_Head_Far,596,15.49999,0.06665946,1.550519,0.2031524,0.07907043,1.248431,0.2632673,0.309551,-0.4551089,-0.1235076,-0.8257118,0.241863,1.104352,0.2894977,0.03702727,0.413326,-0.006918803,0.9098037,MathCanvas,0.8664988,1.291534,3.445616,0.06805275,1.550208,0.2025808,0.2523166,-0.07428372,0.9647892,0.09891146,1.552375,0.1951489,0.223671,-0.0761428,0.9716859,0.03440746,1.548662,0.211156,0.2760621,-0.07309819,0.9583561,0.06665946,1.550519,0.2031524,357.6311,13.80431,3.200804,0,0,False
1,Center_Head_Far,597,15.51999,0.06520972,1.551005,0.2038229,0.07492103,1.25265,0.2604561,0.3180233,-0.4615158,-0.1283217,-0.8181674,0.2397528,1.105739,0.2930167,0.03923557,0.4102656,-0.008600579,0.9110811,MathCanvas,0.9126306,1.301459,3.437913,0.06665946,1.550519,0.2031524,0.2499557,-0.07462059,0.9653776,0.09749025,1.552734,0.1959063,0.2207144,-0.07591812,0.9723793,0.03292919,1.549276,0.2117395,0.2731528,-0.07308128,0.9591907,0.06520972,1.551005,0.2038229,357.6214,13.6557,2.980503,0,0,False
1,Center_Head_Far,598,15.53999,0.06383469,1.5515,0.2044104,0.07118356,1.25675,0.2582123,0.3316647,-0.4658737,-0.1316489,-0.8097091,0.2379149,1.106238,0.2964155,0.04147998,0.4074394,-0.009396122,0.9122413,MathCanvas,0.9039984,1.300597,3.443389,0.06520972,1.551005,0.2038229,0.2617458,-0.06321449,0.9630644,0.09615033,1.55308,0.1966068,0.2318065,-0.06427708,0.970636,0.03151905,1.549919,0.212214,0.2840805,-0.06163222,0.9568175,0.06383469,1.5515,0.2044104,357.5997,13.46174,2.724462,0,0,False
1,Center_Head_Far,599,15.55999,0.06101332,1.552406,0.2063619,0.06476735,1.263104,0.2491082,0.3553073,-0.4570399,-0.1130214,-0.8075255,0.232609,1.110478,0.3026557,0.03796876,0.3994701,-0.003816158,0.9159517,MathCanvas,0.9451312,1.338657,3.447042,0.06246413,1.55208,0.2050621,0.2543396,-0.06290363,0.9650671,0.0933743,1.553772,0.198707,0.226798,-0.06144222,0.9720018,0.02865234,1.551041,0.2140168,0.2791516,-0.05915052,0.9584235,0.06101332,1.552406,0.2063619,357.4372,13.20326,2.353612,0,0,False
1,Center_Head_Far,600,15.57999,0.05979949,1.552559,0.2072747,0.06158895,1.264684,0.2456535,0.3658364,-0.4545141,-0.1078496,-0.8049529,0.2296263,1.112823,0.3053193,0.03186438,0.3933405,0.002722442,0.9188365,MathCanvas,0.9177879,1.340508,3.457311,0.06101332,1.552406,0.2063619,0.2670146,-0.05954458,0.9618512,0.09218448,1.553829,0.1997054,0.238088,-0.06042137,0.9693623,0.0274145,1.551289,0.214844,0.2902612,-0.05823769,0.9551737,0.05979949,1.552559,0.2072747,357.4183,13.05682,2.189416,0,0,False
1,Center_Head_Far,601,15.59999,0.0573526,1.552812,0.2091187,0.05406757,1.269302,0.2403674,0.3836651,-0.4559251,-0.1132891,-0.7950466,0.2249244,1.115867,0.3111547,0.02759806,0.3847991,0.007535518,0.9225569,MathCanvas,0.9603036,1.351745,3.451109,0.0585923,1.552633,0.2081953,0.2793286,-0.06039305,0.9582944,0.0897823,1.553909,0.2017155,0.2503805,-0.06073639,0.9662405,0.0249229,1.551715,0.2165218,0.3023315,-0.05877664,0.951389,0.0573526,1.552812,0.2091187,357.3082,12.7704,1.890992,0,0,False
1,Center_Head_Far,602,15.61999,0.0561804,1.552545,0.209956,0.0502371,1.268995,0.239257,0.3813867,-0.4640985,-0.1231802,-0.7899262,0.2232893,1.117224,0.3133852,0.02534267,0.382677,0.00701955,0.9235079,MathCanvas,0.9988983,1.349243,3.439285,0.0573526,1.552812,0.2091187,0.2764559,-0.05975657,0.9591669,0.08863288,1.55369,0.2026608,0.2472957,-0.06240477,0.9669284,0.02372791,1.5514,0.2172512,0.2992927,-0.06036256,0.9522501,0.0561804,1.552545,0.209956,357.4066,12.58003,1.973181,0,0,False
1,Center_Head_Far,603,15.63999,0.05386379,1.551313,0.2118704,0.04526262,1.266848,0.2400015,0.3733757,-0.4795604,-0.121818,-0.7847119,0.2204986,1.118327,0.3182607,0.0255588,0.3797908,0.004664779,0.9247075,MathCanvas,0.988555,1.35101,3.444841,0.05503014,1.551917,0.2108932,0.2849798,-0.07200357,0.9558253,0.08636451,1.552456,0.2047928,0.255855,-0.0781265,0.963553,0.02136307,1.55017,0.218948,0.3076741,-0.07596518,0.9484546,0.05386379,1.551313,0.2118704,357.9025,12.21323,1.969396,0,0,False
1,Center_Head_Far,604,15.65999,0.05270217,1.550792,0.2127887,0.04269048,1.266869,0.2413379,0.3703518,-0.4770847,-0.1241094,-0.7872906,0.2187801,1.118965,0.3208065,0.02456257,0.3775447,0.005523399,0.925649,MathCanvas,1.011176,1.309437,3.422707,0.05386379,1.551313,0.2118704,0.2860789,-0.07933436,0.9549162,0.08522601,1.551919,0.2058156,0.2570294,-0.08404624,0.962742,0.02017831,1.549665,0.2197619,0.3088153,-0.08188246,0.9475908,0.05270217,1.550792,0.2127887,358.1096,12.03701,1.941177,0,0,False
1,Center_Head_Far,605,15.67999,0.05038064,1.549728,0.2145405,0.03698836,1.268121,0.2413007,0.3717937,-0.475667,-0.1266593,-0.7870628,0.2150927,1.120661,0.3261216,0.0226489,0.372389,0.007220551,0.9277722,MathCanvas,1.011839,1.284808,3.414338,0.05154033,1.550265,0.213712,0.2799279,-0.0859561,0.9561652,0.08295001,1.550805,0.207775,0.2507793,-0.09010702,0.9638415,0.01781128,1.548651,0.2213059,0.3026643,-0.08798158,0.9490278,0.05038064,1.549728,0.2145405,358.4309,11.68396,1.855796,0,0,False
1,Center_Head_Far,606,15.69999,0.04941987,1.550306,0.2152623,0.03815038,1.263579,0.2509369,0.3635477,-0.4390419,-0.1195926,-0.8128794,0.213596,1.119326,0.3270288,0.02106485,0.3723617,0.0110727,0.9277825,MathCanvas,0.987064,1.262105,3.414022,0.05038064,1.549728,0.2145405,0.2773819,-0.0955772,0.9559939,0.08199529,1.55149,0.2085441,0.2502324,-0.09380357,0.963631,0.01684443,1.549121,0.2219804,0.3021225,-0.09150535,0.948867,0.04941987,1.550306,0.2152623,358.2767,11.5916,2.040118,0,0,False
1,Center_Head_Far,607,15.71999,0.04840831,1.550225,0.2161044,0.03622659,1.262816,0.2522762,0.3757401,-0.4268861,-0.1151812,-0.8144451,0.2120352,1.119451,0.3288043,0.02016497,0.3718684,0.01180758,0.9279913,MathCanvas,0.9754616,1.23122,3.406856,0.04941987,1.550306,0.2152623,0.2762762,-0.09265452,0.9566016,0.08099522,1.551444,0.2094485,0.2484581,-0.0914505,0.964316,0.01582141,1.549005,0.2227604,0.3003739,-0.08910474,0.9496504,0.04840831,1.550225,0.2161044,358.1442,11.47601,2.100713,0,0,False
1,Center_Head_Far,608,15.73999,0.04635624,1.549962,0.2178367,0.03172002,1.262581,0.2542765,0.3819087,-0.4143045,-0.1127415,-0.8184051,0.2085113,1.120375,0.3333529,0.01827395,0.3681015,0.01399531,0.9295006,MathCanvas,0.9714512,1.240665,3.412124,0.04737843,1.550115,0.216953,0.2799675,-0.09003659,0.955778,0.07897329,1.551209,0.2113352,0.2518231,-0.09075621,0.9635084,0.0137392,1.548716,0.2243382,0.303653,-0.08832983,0.9486794,0.04635624,1.549962,0.2178367,358.1264,11.20268,2.1478,0,0,False
1,Center_Head_Far,609,15.75999,0.04524525,1.549683,0.2183916,0.03076762,1.262533,0.2578774,0.3984175,-0.389582,-0.1098166,-0.8230612,0.2078389,1.11874,0.3329659,0.01942265,0.3715434,0.01211001,0.9281334,MathCanvas,0.9820841,1.249036,3.412307,0.04635624,1.549962,0.2178367,0.2778373,-0.08954309,0.9564458,0.07786101,1.550997,0.2118971,0.2517533,-0.08772181,0.9638076,0.01262949,1.548368,0.2248862,0.3035815,-0.08519833,0.9489887,0.04524525,1.549683,0.2183916,357.9586,11.18082,2.265396,0,0,False
1,Center_Head_Far,610,15.77999,0.04303503,1.549224,0.2195244,0.03085621,1.261936,0.2686279,0.3842385,-0.3539095,-0.1174818,-0.844575,0.2050614,1.117679,0.335376,0.0218139,0.3672537,0.009056867,0.9298209,MathCanvas,0.9741013,1.250325,3.415948,0.04403368,1.549302,0.2188816,0.2831426,-0.08090003,0.9556597,0.07565776,1.550531,0.2130633,0.2560533,-0.08253437,0.9631328,0.01041229,1.547917,0.2259854,0.3077891,-0.08002542,0.9480832,0.04303503,1.549224,0.2195244,358.0507,11.12597,2.251506,0,0,False
1,Center_Head_Far,611,15.79999,0.04200324,1.549061,0.2201667,0.02945312,1.261753,0.2712053,0.3852164,-0.342333,-0.1174256,-0.8488979,0.20354,1.117562,0.3370033,0.02187586,0.3658389,0.008893758,0.9303786,MathCanvas,0.9916613,1.278181,3.421318,0.04303503,1.549224,0.2195244,0.2937554,-0.0779764,0.9526948,0.07463436,1.550382,0.2137511,0.26661,-0.07924291,0.9605414,0.009372115,1.547741,0.2265824,0.3181155,-0.07667218,0.9449465,0.04200324,1.549061,0.2201667,358.0521,11.04576,2.275613,0,0,False
1,Center_Head_Far,612,15.81999,0.04013138,1.54939,0.221491,0.03026746,1.258117,0.2723926,0.3830492,-0.3620601,-0.1091168,-0.8427807,0.2019043,1.115853,0.3388565,0.02659032,0.3634596,0.006524951,0.9312076,MathCanvas,1.026905,1.287623,3.414356,0.04098644,1.548961,0.2208335,0.2971972,-0.07533354,0.9518396,0.07276905,1.5509,0.2151506,0.2708104,-0.07552679,0.9596653,0.007493708,1.547881,0.2278313,0.3222045,-0.07264556,0.9438786,0.04013138,1.54939,0.221491,358.0094,10.90324,2.600583,0,0,False
1,Center_Head_Far,613,15.83999,0.03913582,1.549387,0.2221412,0.02964198,1.25753,0.2731469,0.3845441,-0.3621297,-0.1097679,-0.8419851,0.2011274,1.115349,0.3401904,0.02817407,0.363333,0.006849513,0.9312081,MathCanvas,1.037204,1.296652,3.414838,0.04013138,1.54939,0.221491,0.2965754,-0.07401498,0.952137,0.0717812,1.550956,0.2158554,0.2692958,-0.07458757,0.9601648,0.006490432,1.547817,0.228427,0.3207115,-0.07161485,0.9444657,0.03913582,1.549387,0.2221412,357.9682,10.80292,2.704032,0,0,False
1,Center_Head_Far,614,15.85999,0.03814762,1.549369,0.222831,0.02896555,1.257444,0.2734864,0.3886772,-0.362369,-0.1137964,-0.8394457,0.2006005,1.114916,0.3415989,0.03041932,0.3631198,0.006769642,0.9312211,MathCanvas,1.034545,1.300967,3.417841,0.03913582,1.549387,0.2221412,0.2950425,-0.07314194,0.9526805,0.07080256,1.550962,0.2166011,0.2676143,-0.07373057,0.9607009,0.005492672,1.547775,0.2290608,0.3190559,-0.07072382,0.9450934,0.03814762,1.549369,0.222831,357.92,10.70117,2.746129,0,0,False
1,Center_Head_Far,615,15.87999,0.03619009,1.549467,0.2241686,0.02740241,1.256333,0.2763451,0.3914782,-0.3560197,-0.1137459,-0.8408666,0.199022,1.114319,0.3436614,0.03220001,0.3617886,0.006407693,0.9316819,MathCanvas,1.028624,1.303827,3.421039,0.03716767,1.549417,0.2235002,0.2946531,-0.07128884,0.9529415,0.06885909,1.55115,0.2180368,0.2674981,-0.07222427,0.9608477,0.003521089,1.547784,0.2303004,0.3189217,-0.06906998,0.945261,0.03619009,1.549467,0.2241686,357.8634,10.52219,2.900865,0,0,False
1,Center_Head_Far,616,15.89999,0.03538044,1.549366,0.2249427,0.02187379,1.257443,0.2756847,0.4113548,-0.336876,-0.1678772,-0.830132,0.1990815,1.114691,0.3460309,0.03660158,0.3603935,0.00239645,0.932079,MathCanvas,1.025765,1.310048,3.424565,0.03619009,1.549467,0.2241686,0.293348,-0.07068119,0.9533893,0.06806545,1.550982,0.2188787,0.265299,-0.0701185,0.9616131,0.002695423,1.547749,0.2310066,0.3167608,-0.06708452,0.9461302,0.03538044,1.549366,0.2249427,357.7299,10.40001,2.7862,0,0,False
