UID,Condition,Index,Time,Player_X,Player_Y,Player_Z,Left_X,Left_Y,Left_Z,LeftRot_X,LeftRot_Y,LeftRot_Z,LeftRot_W,Right_X,Right_Y,Right_Z,RightRot_X,RightRot_Y,RightRot_Z,RightRot_W,GazeObject,GP_X,GP_Y,GP_Z,GO_X,GO_Y,GO_Z,GZ_X,GZ_Y,GZ_Z,RE_X,RE_Y,RE_Z,RED_X,RED_Y,RED_Z,LE_X,LE_Y,LE_Z,LED_X,LED_Y,LED_Z,H_X,H_Y,H_Z,HR_X,HR_Y,HR_Z,Blinking,BlinkCount,EventTriggered
1,Center_Dir_Close,0,14.91999,-0.1503016,1.528843,0.03553916,-0.1577794,1.241837,0.04857338,-0.619816,0.04066912,0.0240615,0.7833232,-0.0009274594,1.138549,0.2493326,-0.102611,0.1602153,-0.1035666,0.9762561,MathCanvas,-0.6760211,1.254362,3.367373,-0.1502082,1.528856,0.03561024,0.04442632,-0.04963706,0.9977788,-0.1166981,1.528429,0.03781749,0.01716799,-0.04914206,0.9986442,-0.1839052,1.529257,0.03326083,0.07091843,-0.04950507,0.9962529,-0.1503016,1.528843,0.03553916,356.4937,356.1644,359.2943,0,0,False
1,Center_Dir_Close,1,14.93999,-0.1504072,1.528833,0.03546517,-0.1577896,1.241847,0.04857863,-0.61982,0.04059199,0.0240656,0.7833239,-0.001314184,1.138635,0.2492573,-0.1028735,0.1581215,-0.1030939,0.9766198,MathCanvas,-0.6760211,1.254362,3.367373,-0.1503016,1.528843,0.03553916,0.04425479,-0.04940377,0.997798,-0.116804,1.528433,0.03775009,0.01718951,-0.04898349,0.9986517,-0.1840105,1.529234,0.03318024,0.07094006,-0.04932646,0.9962602,-0.1504072,1.528833,0.03546517,356.4819,356.1519,359.3175,0,0,False
1,Center_Dir_Close,2,14.95999,-0.1505079,1.528817,0.03538896,-0.1577896,1.241847,0.04857863,-0.61982,0.04059199,0.0240656,0.7833239,-0.001314184,1.138635,0.2492573,-0.1028735,0.1581215,-0.1030939,0.9766198,MathCanvas,-0.6760211,1.254362,3.367373,-0.1504072,1.528833,0.03546517,0.04482869,-0.04709025,0.9978842,-0.116905,1.528429,0.03768022,0.01777031,-0.04673603,0.9987492,-0.1841109,1.529205,0.0330977,0.07151522,-0.04707282,0.9963282,-0.1505079,1.528817,0.03538896,356.4736,356.1399,359.3386,0,0,False
1,Center_Dir_Close,3,14.97999,-0.1508605,1.528737,0.035265,-0.1580848,1.241991,0.04840703,-0.6212406,0.03895787,0.02394251,0.7822846,-0.001538899,1.139121,0.2493379,-0.1001374,0.1625611,-0.1016597,0.9763256,MathCanvas,-0.6760211,1.254362,3.367373,-0.1506086,1.528801,0.03531275,0.04335228,-0.0480364,0.9979044,-0.1172615,1.528335,0.03761202,0.01494414,-0.04918084,0.9986781,-0.1844594,1.52914,0.03291798,0.06869533,-0.04955153,0.9964063,-0.1508605,1.528737,0.035265,356.5369,356.0456,359.3141,0,0,False
1,Center_Dir_Close,4,14.99999,-0.1508605,1.528737,0.035265,-0.1580848,1.241991,0.04840703,-0.6212406,0.03895787,0.02394251,0.7822846,-0.001538899,1.139121,0.2493379,-0.1001374,0.1625611,-0.1016597,0.9763256,MathCanvas,-0.6760211,1.254362,3.367373,-0.1506086,1.528801,0.03531275,0.04335228,-0.0480364,0.9979044,-0.1172615,1.528335,0.03761202,0.01494414,-0.04918084,0.9986781,-0.1844594,1.52914,0.03291798,0.06869533,-0.04955153,0.9964063,-0.1508605,1.528737,0.035265,356.5369,356.0456,359.3141,0,0,False
1,Center_Dir_Close,5,15.01999,-0.1511718,1.528811,0.03505743,-0.1581043,1.241983,0.04820834,-0.6211294,0.03832732,0.02395172,0.7824038,-0.002473986,1.139345,0.2494569,-0.1003476,0.160107,-0.09899458,0.9769832,MathCanvas,-0.6760211,1.254362,3.367373,-0.1510915,1.528722,0.03511737,0.04702245,-0.04767367,0.9977555,-0.1175739,1.528443,0.03742404,0.02030142,-0.04672044,0.9987017,-0.1847698,1.529178,0.03269083,0.07401212,-0.04700536,0.9961489,-0.1511718,1.528811,0.03505743,356.4839,356.0092,359.373,0,0,False
1,Center_Dir_Close,6,15.03999,-0.1511718,1.528811,0.03505743,-0.1581043,1.241983,0.04820834,-0.6211294,0.03832732,0.02395172,0.7824038,-0.002473986,1.139345,0.2494569,-0.1003476,0.160107,-0.09899458,0.9769832,MathCanvas,-0.6760211,1.254362,3.367373,-0.1510915,1.528722,0.03511737,0.04702245,-0.04767367,0.9977555,-0.1175739,1.528443,0.03742404,0.02030142,-0.04672044,0.9987017,-0.1847698,1.529178,0.03269083,0.07401212,-0.04700536,0.9961489,-0.1511718,1.528811,0.03505743,356.4839,356.0092,359.373,0,0,False
1,Center_Dir_Close,7,15.05999,-0.151376,1.528845,0.03488897,-0.1581599,1.242005,0.04821335,-0.6207868,0.03829667,0.02397086,0.7826765,-0.002517266,1.139307,0.2495733,-0.09960029,0.1604786,-0.09873348,0.9770252,MathCanvas,-0.6760211,1.254362,3.367373,-0.1511718,1.528811,0.03505743,0.04704504,-0.04594253,0.9978357,-0.1177789,1.528491,0.03726997,0.01976743,-0.0452202,0.9987815,-0.1849731,1.529199,0.03250796,0.07347904,-0.04549754,0.9962584,-0.151376,1.528845,0.03488897,356.4529,355.9836,359.3965,0,0,False
1,Center_Dir_Close,8,15.07999,-0.1515903,1.528865,0.03472013,-0.1581796,1.242011,0.04821274,-0.6207232,0.03824849,0.02396604,0.7827295,-0.002517266,1.139307,0.2495733,-0.09960029,0.1604786,-0.09873348,0.9770252,MathCanvas,-0.6760211,1.254362,3.367373,-0.151376,1.528845,0.03488897,0.04670083,-0.04541634,0.9978759,-0.117994,1.528529,0.0371145,0.01945881,-0.04471578,0.9988102,-0.1851866,1.529201,0.03232576,0.07317141,-0.0449677,0.9963051,-0.1515903,1.528865,0.03472013,356.4234,355.9592,359.4275,0,0,False
1,Center_Dir_Close,9,15.09999,-0.1518769,1.528779,0.03436777,-0.1583033,1.242021,0.04817387,-0.6208947,0.0380509,0.02382169,0.7826074,-0.002325827,1.139369,0.2498001,-0.09887771,0.1642088,-0.09882034,0.9764698,MathCanvas,-0.6760211,1.254362,3.367373,-0.1517762,1.528786,0.03444748,0.04700259,-0.04555157,0.9978556,-0.1182811,1.528428,0.03676704,0.01997135,-0.04531066,0.9987733,-0.1854727,1.52913,0.0319685,0.07367798,-0.04558344,0.9962398,-0.1518769,1.528779,0.03436777,356.4538,355.9521,359.4021,0,0,False
1,Center_Dir_Close,10,15.12,-0.151978,1.528772,0.03428769,-0.1583033,1.242021,0.04817387,-0.6208947,0.0380509,0.02382169,0.7826074,-0.002325827,1.139369,0.2498001,-0.09887771,0.1642088,-0.09882034,0.9764698,MathCanvas,-0.6760211,1.254362,3.367373,-0.1518769,1.528779,0.03436777,0.0458105,-0.04872081,0.9977613,-0.1183825,1.528424,0.03669257,0.01877452,-0.04849118,0.9986471,-0.1855735,1.529119,0.03188281,0.07249067,-0.04874072,0.9961774,-0.151978,1.528772,0.03428769,356.4484,355.9422,359.408,0,0,False
1,Center_Dir_Close,11,15.13999,-0.1520892,1.528865,0.03421882,-0.1584208,1.241982,0.04788876,-0.6212829,0.03797366,0.0236736,0.7823076,-0.002541853,1.139374,0.2497907,-0.1001291,0.1674275,-0.09595138,0.9760817,MathCanvas,-0.6760211,1.254362,3.367373,-0.1520625,1.528768,0.03421589,0.04546602,-0.04857158,0.9977844,-0.118494,1.528519,0.0366272,0.01868127,-0.04720657,0.9987105,-0.1856845,1.529211,0.03181044,0.07239764,-0.0474622,0.9962459,-0.1520892,1.528865,0.03421882,356.3746,355.9369,359.4101,0,0,False
1,Center_Dir_Close,12,15.16,-0.1521772,1.528874,0.03415304,-0.1584208,1.241982,0.04788876,-0.6212829,0.03797366,0.0236736,0.7823076,-0.002541853,1.139374,0.2497907,-0.1001291,0.1674275,-0.09595138,0.9760817,MathCanvas,-0.6760211,1.254362,3.367373,-0.1520892,1.528865,0.03421882,0.04986218,-0.04916977,0.9975451,-0.1185823,1.528531,0.03656606,0.02287304,-0.0487665,0.9985483,-0.1857721,1.529217,0.03174002,0.07655089,-0.04899658,0.9958611,-0.1521772,1.528874,0.03415304,356.3585,355.9288,359.4147,0,0,False
1,Center_Dir_Close,13,15.17999,-0.1521608,1.528822,0.03412946,-0.1585793,1.2419,0.04760023,-0.6214178,0.03728142,0.02347668,0.7822396,-0.002479102,1.139318,0.2496549,-0.1000671,0.1712312,-0.09317074,0.9756975,MathCanvas,-0.6760211,1.254362,3.367373,-0.1521772,1.528874,0.03415304,0.04696802,-0.05154727,0.9975655,-0.1185659,1.528467,0.03654194,0.02009104,-0.05239101,0.9984245,-0.1857556,1.529177,0.03171698,0.07379372,-0.05264072,0.9958832,-0.1521608,1.528822,0.03412946,356.4121,355.9305,359.3947,0,0,False
1,Center_Dir_Close,14,15.2,-0.1522323,1.528674,0.03402477,-0.1587605,1.24182,0.04730149,-0.6218029,0.03681276,0.02360356,0.781952,-0.002242303,1.139119,0.2497108,-0.09684674,0.1691837,-0.09492601,0.9762104,MathCanvas,-0.6760211,1.254362,3.367373,-0.1522314,1.528775,0.03406751,0.04708708,-0.05198435,0.9975372,-0.1186359,1.528322,0.03641531,0.02085953,-0.05284579,0.9983848,-0.1858287,1.529026,0.03163423,0.07456034,-0.05307458,0.9958032,-0.1522323,1.528674,0.03402477,356.476,355.9669,359.3998,0,0,False
1,Center_Dir_Close,15,15.21999,-0.1522323,1.528674,0.03402477,-0.1587605,1.24182,0.04730149,-0.6218029,0.03681276,0.02360356,0.781952,-0.002242303,1.139119,0.2497108,-0.09684674,0.1691837,-0.09492601,0.9762104,MathCanvas,-0.6760211,1.254362,3.367373,-0.1522314,1.528775,0.03406751,0.04708708,-0.05198435,0.9975372,-0.1186359,1.528322,0.03641531,0.02085953,-0.05284579,0.9983848,-0.1858287,1.529026,0.03163423,0.07456034,-0.05307458,0.9958032,-0.1522323,1.528674,0.03402477,356.476,355.9669,359.3998,0,0,False
1,Center_Dir_Close,16,15.24,-0.1523193,1.528601,0.03393889,-0.1587605,1.24182,0.04730149,-0.6218029,0.03681276,0.02360356,0.781952,-0.00222972,1.139084,0.2497025,-0.09643079,0.1688981,-0.0953027,0.9762643,MathCanvas,-0.6760211,1.254362,3.367373,-0.1522323,1.528674,0.03402477,0.04761768,-0.05266911,0.9974761,-0.1187224,1.528258,0.03632425,0.02091675,-0.05273781,0.9983893,-0.1859162,1.528944,0.03155353,0.07461754,-0.05294377,0.9958058,-0.1523193,1.528601,0.03393889,356.4878,355.9746,359.4156,0,0,False
1,Center_Dir_Close,17,15.25999,-0.1524003,1.528568,0.03390783,-0.1587833,1.241768,0.0472005,-0.6216642,0.03696887,0.02365801,0.7820533,-0.00221633,1.138954,0.2495825,-0.0955163,0.1684802,-0.096986,0.9762606,MathCanvas,-0.6760211,1.254362,3.367373,-0.1523193,1.528601,0.03393889,0.04788816,-0.05071168,0.9975646,-0.1188022,1.528232,0.0362773,0.02150247,-0.0506176,0.9984866,-0.1859983,1.528905,0.03153837,0.07520179,-0.05082775,0.9958721,-0.1524003,1.528568,0.03390783,356.4897,356.0011,359.4265,0,0,False
1,Center_Dir_Close,18,15.27999,-0.152517,1.528601,0.03371559,-0.1587928,1.241638,0.04692244,-0.621722,0.0371662,0.02358734,0.7820001,-0.002247309,1.138903,0.2493202,-0.09707363,0.1691826,-0.09588084,0.9760947,MathCanvas,-0.6760211,1.254362,3.367373,-0.1524704,1.528573,0.03383788,0.04844981,-0.05126844,0.997509,-0.1189188,1.528217,0.03607604,0.02164589,-0.05161119,0.9984327,-0.1861152,1.528985,0.03135515,0.07534429,-0.05189688,0.9958062,-0.152517,1.528601,0.03371559,356.5347,356.0209,359.3449,0,0,False
1,Center_Dir_Close,19,15.29999,-0.1525184,1.528581,0.03366437,-0.1588514,1.241552,0.0466784,-0.6220784,0.0368711,0.02367114,0.781728,-0.002247386,1.138703,0.249009,-0.09753449,0.1699298,-0.09522197,0.9759834,MathCanvas,-0.6760211,1.254362,3.367373,-0.152517,1.528601,0.03371559,0.04808307,-0.04942128,0.9976199,-0.1189199,1.528208,0.03602271,0.02129313,-0.04925064,0.9985594,-0.1861168,1.528955,0.03130604,0.07499523,-0.04953268,0.995953,-0.1525184,1.528581,0.03366437,356.5352,356.0233,359.3636,0,0,False
1,Center_Dir_Close,20,15.31999,-0.1525184,1.528581,0.03366437,-0.1588514,1.241552,0.0466784,-0.6220784,0.0368711,0.02367114,0.781728,-0.002247386,1.138703,0.249009,-0.09753449,0.1699298,-0.09522197,0.9759834,MathCanvas,-0.6760211,1.254362,3.367373,-0.152517,1.528601,0.03371559,0.04808307,-0.04942128,0.9976199,-0.1189199,1.528208,0.03602271,0.02129313,-0.04925064,0.9985594,-0.1861168,1.528955,0.03130604,0.07499523,-0.04953268,0.995953,-0.1525184,1.528581,0.03366437,356.5352,356.0233,359.3636,0,0,False
1,Center_Dir_Close,21,15.33999,-0.1525816,1.528463,0.03354396,-0.1589372,1.24144,0.04637859,-0.6222642,0.03671532,0.02388034,0.7815811,-0.002154233,1.138535,0.2487552,-0.09708031,0.1703991,-0.09579227,0.9758911,MathCanvas,-0.6760211,1.254362,3.367373,-0.1525885,1.528523,0.03358021,0.04718731,-0.04968857,0.9976494,-0.1189811,1.52806,0.03586851,0.02105355,-0.0500287,0.9985258,-0.1861821,1.528866,0.03121941,0.07476342,-0.05036029,0.9959289,-0.1525816,1.528463,0.03354396,356.5783,356.0835,359.3131,0,0,False
1,Center_Dir_Close,22,15.35999,-0.1525816,1.528463,0.03354396,-0.1589372,1.24144,0.04637859,-0.6222642,0.03671532,0.02388034,0.7815811,-0.002154233,1.138535,0.2487552,-0.09708031,0.1703991,-0.09579227,0.9758911,MathCanvas,-0.6760211,1.254362,3.367373,-0.1525885,1.528523,0.03358021,0.04718731,-0.04968857,0.9976494,-0.1189811,1.52806,0.03586851,0.02105355,-0.0500287,0.9985258,-0.1861821,1.528866,0.03121941,0.07476342,-0.05036029,0.9959289,-0.1525816,1.528463,0.03354396,356.5783,356.0835,359.3131,0,0,False
1,Center_Dir_Close,23,15.37999,-0.1526337,1.528336,0.03342811,-0.1589456,1.241426,0.04634225,-0.6222779,0.03673157,0.02388323,0.7815694,-0.002124464,1.138503,0.2486546,-0.09695489,0.170565,-0.0959848,0.9758556,MathCanvas,-0.6760211,1.254362,3.367373,-0.1526328,1.528391,0.03346274,0.04575875,-0.05179981,0.9976086,-0.1190312,1.527895,0.03571507,0.01941335,-0.05207082,0.9984547,-0.1862363,1.528777,0.03114115,0.07314483,-0.05247576,0.9959398,-0.1526337,1.528336,0.03342811,356.6278,356.1507,359.2484,0,0,False
1,Center_Dir_Close,24,15.39999,-0.1524819,1.528398,0.03342696,-0.1590171,1.241377,0.0460434,-0.6225135,0.03707581,0.02394168,0.7813637,-0.002176743,1.138388,0.2483367,-0.09691895,0.1711946,-0.09594683,0.9757527,MathCanvas,-0.6760211,1.254362,3.367373,-0.1526337,1.528336,0.03342811,0.04634638,-0.05320001,0.9975078,-0.1188769,1.527953,0.03567765,0.02054282,-0.05212029,0.9984295,-0.1860869,1.528843,0.03117627,0.07427362,-0.05250791,0.9958546,-0.1524819,1.528398,0.03342696,356.5759,356.2137,359.2418,0,0,False
1,Center_Dir_Close,25,15.41999,-0.1524142,1.528427,0.03333769,-0.1590749,1.241347,0.04590414,-0.622618,0.03710251,0.02398842,0.7812778,-0.00220521,1.138325,0.2481867,-0.09694639,0.1713982,-0.09582056,0.9757267,MathCanvas,-0.6760211,1.254362,3.367373,-0.1524318,1.52843,0.03337802,-0.02547049,-0.1585377,-0.9870243,-0.1188061,1.527974,0.03553905,-0.0008664951,-0.1585109,0.9873569,-0.1860224,1.528879,0.03113633,0.05302932,-0.1584404,0.9859435,-0.1524142,1.528427,0.03333769,356.5596,356.2987,359.2289,0,0,False
1,Center_Dir_Close,26,15.43999,-0.152391,1.528428,0.03329773,-0.1590778,1.241342,0.04588722,-0.6226381,0.03711391,0.02400369,0.7812607,-0.00220521,1.138325,0.2481867,-0.09694639,0.1713982,-0.09582056,0.9757267,MathCanvas,-0.6760211,1.254362,3.367373,-0.1524142,1.528427,0.03333769,-0.02602335,-0.1585154,-0.9870137,-0.1187817,1.527971,0.03547936,-0.000379242,-0.158526,0.9873548,-0.1860004,1.528886,0.0311161,0.05351586,-0.1584652,0.9859132,-0.152391,1.528428,0.03329773,356.5576,356.3329,359.2198,0,0,False
1,Center_Dir_Close,27,15.45999,-0.1523437,1.528388,0.03323479,-0.159098,1.241301,0.04577718,-0.6226938,0.03727106,0.02413028,0.7812049,-0.002281394,1.138288,0.2479795,-0.09705415,0.1716055,-0.09582137,0.9756794,MathCanvas,-0.6760211,1.254362,3.367373,-0.152391,1.528428,0.03329773,-0.02670428,-0.1588072,-0.9869486,-0.1187329,1.527898,0.03538687,0.0004606172,-0.1591614,0.9872524,-0.1859545,1.528878,0.03108271,0.0543541,-0.1591851,0.9857514,-0.1523437,1.528388,0.03323479,356.5739,356.3863,359.1647,0,0,False
1,Center_Dir_Close,28,15.47999,-0.152281,1.528283,0.03307549,-0.1591276,1.241225,0.04560879,-0.6226153,0.03756634,0.02423815,0.7812499,-0.002373936,1.138265,0.2477857,-0.09719164,0.1717338,-0.09579126,0.9756461,MathCanvas,-0.6760211,1.254362,3.367373,-0.152307,1.528308,0.03312659,-0.0185694,-0.3229378,-0.946238,-0.1186675,1.527761,0.03517691,-0.007887203,-0.3234193,0.9462229,-0.1858946,1.528804,0.03097406,0.04606187,-0.3228031,0.9453446,-0.152281,1.528283,0.03307549,356.6235,356.475,359.1116,0,0,False
1,Center_Dir_Close,29,15.49999,-0.1522129,1.528181,0.03285651,-0.1591654,1.241147,0.04540964,-0.6226113,0.03792007,0.02448906,0.7812282,-0.002512045,1.138075,0.2473456,-0.09719056,0.1720006,-0.09554019,0.9756238,MathCanvas,-0.6760211,1.254362,3.367373,-0.152281,1.528283,0.03307549,-0.01462813,-0.3230857,-0.9462568,-0.1185968,1.527664,0.03491778,-0.01119284,-0.3233304,0.9462199,-0.185829,1.528699,0.03079523,0.04278126,-0.3227746,0.9455085,-0.1522129,1.528181,0.03285651,356.622,356.5431,359.1186,0,0,False
1,Center_Dir_Close,30,15.51999,-0.1521506,1.52819,0.03271351,-0.1592519,1.241159,0.04531695,-0.6228164,0.03786417,0.02466045,0.7810621,-0.002596436,1.137987,0.2471821,-0.09716786,0.1720061,-0.09548343,0.9756307,MathCanvas,-0.6760211,1.254362,3.367373,-0.1521777,1.5282,0.03278095,-0.01516556,-0.3177829,-0.9480425,-0.1185313,1.527657,0.03471826,-0.01120842,-0.3179148,0.9480531,-0.1857698,1.528724,0.03070876,0.04276949,-0.3174465,0.9473112,-0.1521506,1.52819,0.03271351,356.5876,356.6416,359.0905,0,0,False
1,Center_Dir_Close,31,15.53999,-0.1521132,1.528167,0.03264664,-0.1592519,1.241159,0.04531695,-0.6228164,0.03786417,0.02466045,0.7810621,-0.002621835,1.137955,0.2471284,-0.09716753,0.1720241,-0.09545655,0.9756302,MathCanvas,-0.6760211,1.254362,3.367373,-0.1521506,1.52819,0.03271351,-0.01581553,-0.3176377,-0.9480804,-0.1184926,1.527628,0.03462666,-0.01053666,-0.3177036,0.9481316,-0.1857338,1.528707,0.03066661,0.04344074,-0.3172383,0.9473504,-0.1521132,1.528167,0.03264664,356.5767,356.6845,359.0804,0,0,False
1,Center_Dir_Close,32,15.55999,-0.1521133,1.528153,0.03250757,-0.1594274,1.241156,0.04518912,-0.6232153,0.03774394,0.02488982,0.7807424,-0.002675362,1.13773,0.246813,-0.09725598,0.1724914,-0.09510887,0.9755728,MathCanvas,-0.6760211,1.254362,3.367373,-0.1521251,1.528182,0.03257661,-0.01702339,-0.3049911,-0.952203,-0.1184901,1.527591,0.0344375,-0.009485986,-0.3053684,0.9521871,-0.1857365,1.528715,0.03057764,0.04449066,-0.3049885,0.9513162,-0.1521133,1.528153,0.03250757,356.5832,356.772,359.0426,0,0,False
1,Center_Dir_Close,33,15.57999,-0.1520902,1.528135,0.03243723,-0.1594274,1.241156,0.04518912,-0.6232153,0.03774394,0.02488982,0.7807424,-0.002675362,1.13773,0.246813,-0.09725598,0.1724914,-0.09510887,0.9755728,MathCanvas,-0.6760211,1.254362,3.367373,-0.1521133,1.528153,0.03250757,-0.01767003,-0.3049777,-0.9521956,-0.1184657,1.527564,0.03434123,-0.008672286,-0.3051437,0.9522669,-0.1857147,1.528706,0.03053324,0.04530364,-0.3047849,0.9513431,-0.1520902,1.528135,0.03243723,356.5813,356.8171,359.0269,0,0,False
1,Center_Dir_Close,34,15.59999,-0.1520458,1.528087,0.03229377,-0.1594289,1.241149,0.04516959,-0.6232955,0.03768666,0.02491046,0.7806805,-0.002668276,1.137688,0.2467591,-0.09727624,0.172636,-0.09504101,0.9755518,MathCanvas,-0.6760211,1.254362,3.367373,-0.152068,1.528107,0.03236464,-0.01925595,-0.2877355,-0.9575164,-0.118418,1.527509,0.034138,-0.007039711,-0.2879202,0.9576285,-0.1856735,1.528665,0.03044954,0.04693451,-0.2876447,0.9565865,-0.1520458,1.528087,0.03229377,356.6064,356.9192,359.0151,0,0,False
1,Center_Dir_Close,35,15.61999,-0.1520816,1.527947,0.03224369,-0.1597388,1.241031,0.04460299,-0.6282967,0.03020778,0.02659651,0.776932,-0.002460947,1.13743,0.2462584,-0.09678171,0.173608,-0.09498951,0.9754335,MathCanvas,-0.6760211,1.254362,3.367373,-0.1520458,1.528087,0.03229377,-0.01998131,-0.2885211,-0.9572651,-0.1184525,1.527381,0.0340649,-0.006251339,-0.2895551,0.9571409,-0.1857108,1.528512,0.03042248,0.04772201,-0.2892275,0.9560701,-0.1520816,1.527947,0.03224369,356.6602,356.9563,359.0362,0,0,False
1,Center_Dir_Close,36,15.63999,-0.1520877,1.52806,0.03218849,-0.160927,1.240852,0.04326911,-0.6423523,0.003877057,0.03037259,0.7657977,-0.002125153,1.137508,0.2458819,-0.09700961,0.1744816,-0.09476806,0.9752766,MathCanvas,-0.6760211,1.254362,3.367373,-0.1520792,1.528004,0.03223949,-0.01359686,-0.2816458,-0.9594222,-0.1184559,1.527513,0.03396646,-0.01277168,-0.2814286,0.9594972,-0.1857195,1.528608,0.03041053,0.04123873,-0.281258,0.9587457,-0.1520877,1.52806,0.03218849,356.5898,357.0294,359.0669,0,0,False
1,Center_Dir_Close,37,15.65999,-0.1520832,1.528059,0.03214053,-0.1611004,1.24082,0.04304684,-0.6446252,-0.0003800634,0.03102913,0.7638687,-0.002125153,1.137508,0.2458819,-0.09700961,0.1744816,-0.09476806,0.9752766,MathCanvas,-0.6760211,1.254362,3.367373,-0.1520877,1.52806,0.03218849,-0.01432073,-0.2814589,-0.9594665,-0.1184501,1.527512,0.03389359,-0.01197015,-0.2813969,0.9595168,-0.1857163,1.528605,0.03038748,0.0420396,-0.2812163,0.9587231,-0.1520832,1.528059,0.03214053,356.5808,357.0718,359.0686,0,0,False
1,Center_Dir_Close,38,15.67999,-0.1520944,1.528065,0.03208563,-0.1614178,1.240801,0.04272113,-0.6479792,-0.006256117,0.03224152,0.7609497,-0.002081877,1.137521,0.2458412,-0.09703017,0.174579,-0.09475804,0.9752581,MathCanvas,-0.6760211,1.254362,3.367373,-0.1520832,1.528059,0.03214053,-0.01524472,-0.2812982,-0.9594994,-0.1184595,1.527526,0.03380701,-0.01079928,-0.2812358,0.959578,-0.1857293,1.528605,0.03036425,0.04320948,-0.2810353,0.9587242,-0.1520944,1.528065,0.03208563,356.5719,357.1252,359.0812,0,0,False
1,Center_Dir_Close,39,15.69999,-0.1521413,1.527983,0.03201798,-0.1622787,1.24093,0.04232334,-0.6520869,-0.01427997,0.03567428,0.7571698,-0.001552587,1.137638,0.2455117,-0.0971503,0.1757202,-0.09520175,0.9749979,MathCanvas,-0.6760211,1.254362,3.367373,-0.1521196,1.528031,0.03202527,-0.01607156,-0.2821163,-0.9592458,-0.1185053,1.527448,0.03371786,-0.0103589,-0.2824528,0.9592253,-0.1857774,1.528518,0.03031811,0.04364949,-0.2822497,0.9583474,-0.1521413,1.527983,0.03201798,356.6447,357.1602,359.0881,0,0,False
1,Center_Dir_Close,40,15.71999,-0.1521949,1.527903,0.0320709,-0.161964,1.24083,0.04273465,-0.6470514,-0.009380086,0.03256155,0.7616931,-0.001144594,1.137725,0.2452919,-0.0976863,0.176786,-0.09522514,0.9747494,MathCanvas,-0.6760211,1.254362,3.367373,-0.1521413,1.527983,0.03201798,0.01183067,-0.3017963,-0.9532992,-0.1185584,1.527343,0.03375449,-0.03863671,-0.3022859,0.952434,-0.1858313,1.528463,0.03038731,0.01546004,-0.3025424,0.9530106,-0.1521949,1.527903,0.0320709,356.6803,357.1898,359.0459,0,0,False
1,Center_Dir_Close,41,15.73999,-0.1522374,1.527834,0.03222793,-0.1613936,1.240747,0.04328058,-0.6402147,0.0006914167,0.02972295,0.7676205,-0.0003687907,1.137646,0.2450665,-0.09817271,0.1791638,-0.09497418,0.9742907,MathCanvas,-0.6760211,1.254362,3.367373,-0.1522332,1.527859,0.03215384,0.01898972,-0.3266714,-0.9449474,-0.1185992,1.527279,0.03387858,-0.04553667,-0.3267506,0.9440129,-0.1858756,1.528389,0.03057729,0.008570943,-0.3270506,0.944968,-0.1522374,1.527834,0.03222793,356.7014,357.2451,359.0546,0,0,False
1,Center_Dir_Close,42,15.75999,-0.15225,1.527798,0.03226016,-0.1613936,1.240747,0.04328058,-0.6402147,0.0006914167,0.02972295,0.7676205,-0.0003687907,1.137646,0.2450665,-0.09817271,0.1791638,-0.09497418,0.9742907,MathCanvas,-0.6760211,1.254362,3.367373,-0.1522374,1.527834,0.03222793,0.01839012,-0.3269187,-0.9448735,-0.1186108,1.527245,0.03388987,-0.04483255,-0.3269552,0.9439758,-0.1858892,1.528351,0.03063046,0.009275779,-0.3272516,0.9448917,-0.15225,1.527798,0.03226016,356.7127,357.2804,359.0577,0,0,False
1,Center_Dir_Close,43,15.77999,-0.1521846,1.527585,0.0324628,-0.1612071,1.240782,0.04359816,-0.6372193,0.007036057,0.03122795,0.7700175,0.0003292244,1.137384,0.2449179,-0.09684099,0.1809967,-0.09559612,0.9740244,MathCanvas,-0.6760211,1.254362,3.367373,-0.1521837,1.527698,0.03240905,0.02079443,-0.3284221,-0.9443023,-0.118543,1.527027,0.034041,-0.04713944,-0.3290499,0.9431352,-0.1858262,1.528144,0.0308846,0.006972872,-0.3294194,0.944158,-0.1521846,1.527585,0.0324628,356.822,357.3669,359.0484,0,0,False
1,Center_Dir_Close,44,15.79999,-0.1521987,1.527512,0.03250613,-0.1611699,1.240777,0.04365037,-0.6368461,0.007775929,0.03148056,0.7703087,0.0003767535,1.137368,0.2448904,-0.09682224,0.1811311,-0.09559169,0.9740016,MathCanvas,-0.6760211,1.254362,3.367373,-0.1521846,1.527585,0.0324628,0.02019066,-0.3288984,-0.9441495,-0.1185558,1.526952,0.03405555,-0.04644255,-0.3294583,0.9430272,-0.1858416,1.528071,0.03095671,0.007670481,-0.3298304,0.944009,-0.1521987,1.527512,0.03250613,356.8673,357.4152,359.0469,0,0,False
1,Center_Dir_Close,45,15.81999,-0.1522034,1.52738,0.03258059,-0.1610941,1.240733,0.04370299,-0.6368746,0.008410753,0.03189315,0.7702616,0.0004939381,1.137344,0.2447186,-0.09718642,0.1815408,-0.09509336,0.9739379,MathCanvas,-0.6760211,1.254362,3.367373,-0.1521987,1.527512,0.03250613,0.01939228,-0.3296445,-0.9439059,-0.1185592,1.526816,0.03409934,-0.04563611,-0.3302349,0.9427949,-0.1858476,1.527945,0.03106183,0.00847774,-0.3306144,0.9437279,-0.1522034,1.52738,0.03258059,356.9144,357.4671,359.0378,0,0,False
1,Center_Dir_Close,46,15.83999,-0.1522364,1.527293,0.03273294,-0.1610691,1.240698,0.04362084,-0.6379641,0.007939762,0.03198125,0.7693608,0.0006030519,1.137315,0.2445457,-0.09732617,0.1819554,-0.09477191,0.9738779,MathCanvas,-0.6760211,1.254362,3.367373,-0.1522263,1.52735,0.03266684,0.01946467,-0.322901,-0.9462328,-0.1185905,1.526733,0.03421776,-0.04600273,-0.3227704,0.9453587,-0.1858822,1.527852,0.03124812,0.008112889,-0.3231771,0.9463038,-0.1522364,1.527293,0.03273294,356.9025,357.5246,359.0473,0,0,False
1,Center_Dir_Close,47,15.85999,-0.1522644,1.527358,0.03280784,-0.1609598,1.240652,0.04358958,-0.6386576,0.008724879,0.0324077,0.7687588,0.0007412471,1.137254,0.2444388,-0.09702709,0.1823234,-0.09506286,0.9738106,MathCanvas,-0.6760211,1.254362,3.367373,-0.1522364,1.527293,0.03273294,0.02094048,-0.3096331,-0.9506258,-0.1186176,1.526806,0.03427256,-0.04735769,-0.3087753,0.9499553,-0.1859113,1.52791,0.03134312,0.006759375,-0.3092254,0.9509647,-0.1522644,1.527358,0.03280784,356.8646,357.5588,359.0595,0,0,False
1,Center_Dir_Close,48,15.87999,-0.1522317,1.527468,0.03278077,-0.1607281,1.240572,0.04372782,-0.6386032,0.01376811,0.0338037,0.7686701,0.001032867,1.137112,0.2441797,-0.09660003,0.1829264,-0.09558512,0.9736888,MathCanvas,-0.6760211,1.254362,3.367373,-0.1522297,1.527491,0.03274887,0.02073806,-0.2952215,-0.9552039,-0.1185841,1.52692,0.03422795,-0.04744396,-0.2952116,0.9542532,-0.1858794,1.528015,0.03133358,0.006673612,-0.2956863,0.9552618,-0.1522317,1.527468,0.03278077,356.8802,357.588,359.0674,0,0,False
1,Center_Dir_Close,49,15.89999,-0.1522448,1.527431,0.0328241,-0.1606915,1.240573,0.04377984,-0.6384015,0.01450696,0.03395576,0.7688173,0.001059931,1.137099,0.2441443,-0.0966462,0.1829585,-0.09548117,0.9736884,MathCanvas,-0.6760211,1.254362,3.367373,-0.1522317,1.527468,0.03278077,0.02024454,-0.2953633,-0.9551706,-0.1185965,1.52688,0.03425609,-0.04689825,-0.2956653,0.9541397,-0.185893,1.527982,0.03139211,0.007219903,-0.2961403,0.9551172,-0.1522448,1.527431,0.0328241,356.9124,357.6136,359.0617,0,0,False
1,Center_Dir_Close,50,15.91999,-0.1522814,1.527349,0.03281425,-0.1605471,1.240641,0.04401287,-0.6373629,0.01604789,0.03413151,0.7696402,0.001116384,1.137041,0.2440551,-0.09682,0.1830107,-0.09500423,0.973708,MathCanvas,-0.6760211,1.254362,3.367373,-0.1522448,1.527431,0.0328241,0.0199733,-0.2962092,-0.9549143,-0.1186327,1.526788,0.03423214,-0.04671628,-0.2965598,0.953871,-0.1859301,1.52791,0.03139636,0.007401973,-0.2970629,0.9548293,-0.1522814,1.527349,0.03281425,356.9482,357.638,359.0448,0,0,False
1,Center_Dir_Close,51,15.93999,-0.1523042,1.527474,0.03290593,-0.1607101,1.240716,0.0440338,-0.6376697,0.01451088,0.03412949,0.7694167,0.001326924,1.136854,0.244001,-0.09647237,0.1832248,-0.0948163,0.9737205,MathCanvas,-0.6760211,1.254362,3.367373,-0.1523053,1.527316,0.03283479,0.02375863,-0.2936813,-0.9556081,-0.1186547,1.526925,0.03430843,-0.0505348,-0.2922365,0.95501,-0.1859537,1.528023,0.03150342,0.003584728,-0.2927843,0.9561718,-0.1523042,1.527474,0.03290593,356.8887,357.6641,359.0648,0,0,False
1,Center_Dir_Close,52,15.95999,-0.15232,1.527475,0.03295052,-0.1607101,1.240716,0.0440338,-0.6376697,0.01451088,0.03412949,0.7694167,0.001326924,1.136854,0.244001,-0.09647237,0.1832248,-0.0948163,0.9737205,MathCanvas,-0.6760211,1.254362,3.367373,-0.1523042,1.527474,0.03290593,-0.03168315,-0.2853618,0.9578961,-0.1186699,1.526928,0.03434022,-0.05835216,-0.2849744,0.9567573,-0.1859701,1.528022,0.03156082,-0.004236758,-0.2856552,0.9583231,-0.15232,1.527475,0.03295052,356.8859,357.6858,359.0676,0,0,False
1,Center_Dir_Close,53,15.97999,-0.1522386,1.52789,0.03322146,-0.1606531,1.240754,0.04416559,-0.6375645,0.01487567,0.03431792,0.7694885,0.001617981,1.136682,0.2440986,-0.09605453,0.1839195,-0.09444737,0.9736667,MathCanvas,-0.2020435,1.079629,1.536271,-0.1522866,1.527712,0.03307889,-0.03289415,-0.2811961,0.9590864,-0.1185885,1.527343,0.03461037,-0.06002016,-0.2798564,0.9581639,-0.1858888,1.528438,0.03183255,-0.005906817,-0.2805689,0.9598157,-0.1522386,1.52789,0.03322146,356.7271,357.6897,359.0677,0,0,False
1,Center_Dir_Close,54,15.99999,-0.1522453,1.527948,0.0332944,-0.1606249,1.240756,0.04420412,-0.6373846,0.01530816,0.03438567,0.769626,0.001668561,1.136658,0.2441287,-0.09604684,0.1840412,-0.09423149,0.9736654,MathCanvas,-0.2038752,1.086474,1.538777,-0.1522386,1.52789,0.03322146,-0.03265272,-0.2806869,0.9592438,-0.1185948,1.527401,0.03467643,-0.0594995,-0.2802835,0.9580715,-0.1858957,1.528495,0.03191237,-0.005385231,-0.2809877,0.9596963,-0.1522453,1.527948,0.0332944,356.7241,357.7014,359.0685,0,0,False
1,Center_Dir_Close,55,16.01999,-0.1522781,1.527888,0.03339888,-0.1603014,1.240769,0.04463036,-0.6347756,0.01998557,0.03444538,0.7716697,0.001867771,1.136662,0.2442397,-0.09619436,0.1844559,-0.09378013,0.9736159,MathCanvas,-0.2035058,1.087306,1.539183,-0.1522606,1.527873,0.03334029,-0.03764727,-0.2813881,0.9588553,-0.1186278,1.527348,0.03478708,-0.06457041,-0.2809736,0.9575408,-0.1859284,1.528428,0.03201067,-0.01046328,-0.2817386,0.9594341,-0.1522781,1.527888,0.03339888,356.7822,357.6893,359.08,0,0,False
1,Center_Dir_Close,56,16.04,-0.1522995,1.527912,0.03345704,-0.1603014,1.240769,0.04463036,-0.6347756,0.01998557,0.03444538,0.7716697,0.00188987,1.13667,0.244254,-0.09620557,0.18449,-0.09380362,0.9736061,MathCanvas,-0.2113832,1.086118,1.538772,-0.1522781,1.527888,0.03339888,-0.03747421,-0.2814091,0.9588559,-0.1186489,1.527373,0.03483922,-0.06433269,-0.2810729,0.9575278,-0.18595,1.528451,0.03207486,-0.01022508,-0.2818392,0.9594072,-0.1522995,1.527912,0.03345704,356.785,357.6994,359.0824,0,0,False
1,Center_Dir_Close,57,16.05999,-0.1523069,1.527909,0.03362246,-0.1604584,1.240776,0.04466578,-0.6353217,0.01870561,0.03453784,0.7712481,0.002009351,1.136709,0.2443784,-0.09610513,0.1846998,-0.09409437,0.9735482,MathCanvas,-0.2111349,1.086093,1.538883,-0.1523159,1.527838,0.03354428,-0.03829168,-0.2799604,0.9592476,-0.1186573,1.527384,0.0350324,-0.06559882,-0.279397,0.9579322,-0.1859565,1.528434,0.03221252,-0.01149358,-0.2801409,0.9598901,-0.1523069,1.527909,0.03362246,356.8166,357.6504,359.1057,0,0,False
1,Center_Dir_Close,58,16.07999,-0.1523246,1.527923,0.03370011,-0.1604584,1.240776,0.04466578,-0.6353217,0.01870561,0.03453784,0.7712481,0.002009351,1.136709,0.2443784,-0.09610513,0.1846998,-0.09409437,0.9735482,MathCanvas,-0.2124287,1.088343,1.539738,-0.1523069,1.527909,0.03362246,-0.0383006,-0.2799798,0.9592416,-0.1186751,1.527401,0.03511137,-0.0653513,-0.2796275,0.9578819,-0.1859742,1.528444,0.03228885,-0.01124556,-0.280371,0.9598259,-0.1523246,1.527923,0.03370011,356.8177,357.6477,359.1115,0,0,False
1,Center_Dir_Close,59,16.09999,-0.1523419,1.527939,0.03377647,-0.1604904,1.240773,0.0446521,-0.635437,0.0185389,0.03453135,0.7711574,0.00201779,1.136721,0.2443996,-0.09611477,0.1847388,-0.09407605,0.9735416,MathCanvas,-0.2124631,1.088307,1.539873,-0.1523246,1.527923,0.03370011,-0.03830797,-0.2792669,0.9594491,-0.1186923,1.527416,0.03518839,-0.0653799,-0.278805,0.9581197,-0.1859914,1.528462,0.03236454,-0.01127423,-0.2795511,0.9600646,-0.1523419,1.527939,0.03377647,356.8124,357.6469,359.1089,0,0,False
1,Center_Dir_Close,60,16.12,-0.1524194,1.527862,0.03398064,-0.1605556,1.240823,0.04485726,-0.6368129,0.01656947,0.03409868,0.7700858,0.001991212,1.136772,0.2446899,-0.09610966,0.18473,-0.09350292,0.973599,MathCanvas,-0.2124938,1.089429,1.540323,-0.1523762,1.527921,0.03389622,-0.03883969,-0.2810008,0.9589213,-0.1187719,1.527314,0.03542988,-0.06630324,-0.2818271,0.9571715,-0.186067,1.528411,0.0325314,-0.01219977,-0.2826068,0.9591582,-0.1524194,1.527862,0.03398064,356.9477,357.5835,359.0653,0,0,False
1,Center_Dir_Close,61,16.13999,-0.1524524,1.527833,0.03407604,-0.1605556,1.240823,0.04485726,-0.6368129,0.01656947,0.03409868,0.7700858,0.001991212,1.136772,0.2446899,-0.09610966,0.18473,-0.09350292,0.973599,MathCanvas,-0.2133938,1.08672,1.53939,-0.1524194,1.527862,0.03398064,-0.03905973,-0.281452,0.95878,-0.1188053,1.527288,0.0355359,-0.06637707,-0.2815554,0.9572464,-0.1860995,1.528379,0.03261618,-0.01227373,-0.2823284,0.9592392,-0.1524524,1.527833,0.03407604,356.977,357.5647,359.0706,0,0,False
1,Center_Dir_Close,62,16.15999,-0.1525139,1.52776,0.03431166,-0.1606314,1.240913,0.04502838,-0.6381975,0.01355746,0.03394286,0.7690046,0.001986254,1.136658,0.2448939,-0.09561989,0.1845789,-0.09349857,0.9736763,MathCanvas,-0.2137732,1.085975,1.539287,-0.1525073,1.527755,0.03417423,-0.0356614,-0.2784399,0.9597914,-0.1188675,1.527219,0.03579165,-0.06302863,-0.2780558,0.9584948,-0.1861602,1.5283,0.03283167,-0.008920252,-0.278749,0.9603226,-0.1525139,1.52776,0.03431166,357.0215,357.5292,359.0793,0,0,False
1,Center_Dir_Close,63,16.17999,-0.1525516,1.527741,0.03441422,-0.1606314,1.240913,0.04502838,-0.6381975,0.01355746,0.03394286,0.7690046,0.001986254,1.136658,0.2448939,-0.09561989,0.1845789,-0.09349857,0.9736763,MathCanvas,-0.2085001,1.090626,1.541127,-0.1525139,1.52776,0.03431166,-0.03590357,-0.2788567,0.9596614,-0.1189056,1.527201,0.03590284,-0.06318758,-0.2789209,0.958233,-0.1861975,1.528281,0.03292559,-0.009079546,-0.2796258,0.9600661,-0.1525516,1.527741,0.03441422,357.0464,357.5141,359.0805,0,0,False
1,Center_Dir_Close,64,16.2,-0.152621,1.527789,0.03471772,-0.160518,1.240917,0.04524319,-0.6358765,0.01457045,0.03401145,0.7709033,0.001784572,1.136347,0.2452943,-0.09463472,0.1845604,-0.09344665,0.973781,MathCanvas,-0.2089199,1.089938,1.541077,-0.1525724,1.527744,0.03452973,-0.03640021,-0.2715732,0.9617292,-0.1189758,1.52726,0.03622716,-0.06369379,-0.2708504,0.9605119,-0.1862662,1.528318,0.03320827,-0.00958677,-0.2715388,0.9623798,-0.152621,1.527789,0.03471772,357.034,357.4778,359.0989,0,0,False
1,Center_Dir_Close,65,16.21999,-0.1526825,1.527762,0.03482826,-0.1604988,1.240905,0.04527772,-0.63533,0.01523656,0.03415674,0.7713346,0.001763726,1.136325,0.245336,-0.09454868,0.1845427,-0.09342575,0.9737948,MathCanvas,-0.2097944,1.101232,1.545295,-0.152621,1.527789,0.03471772,-0.03646576,-0.2721333,0.9615684,-0.1190374,1.527243,0.03634398,-0.06360523,-0.2722917,0.9601102,-0.1863275,1.528281,0.03331254,-0.009497948,-0.2729572,0.9619793,-0.1526825,1.527762,0.03482826,357.0634,357.4658,359.1163,0,0,False
1,Center_Dir_Close,66,16.23999,-0.1527354,1.527727,0.03493896,-0.1605019,1.240901,0.0452801,-0.6352921,0.01541392,0.03424872,0.7713582,0.00173807,1.1363,0.245387,-0.09444807,0.1845219,-0.09341411,0.9738095,MathCanvas,-0.2099588,1.100325,1.545153,-0.1526825,1.527762,0.03482826,-0.03668047,-0.2724613,0.9614673,-0.1190908,1.527216,0.03646878,-0.06406534,-0.272685,0.959968,-0.18638,1.528238,0.03340914,-0.00995896,-0.273347,0.9618639,-0.1527354,1.527727,0.03493896,357.0965,357.4407,359.1291,0,0,False
1,Center_Dir_Close,67,16.25999,-0.1528536,1.527661,0.03517975,-0.1605364,1.240867,0.0453305,-0.6354768,0.01678233,0.03471662,0.7711565,0.001506561,1.136176,0.2456967,-0.09423519,0.184536,-0.09308083,0.9738594,MathCanvas,-0.2103491,1.099775,1.545105,-0.1528217,1.527642,0.0350584,-0.04363189,-0.2707176,0.9616695,-0.1192108,1.527161,0.03675144,-0.07137717,-0.2703864,0.9601023,-0.1864964,1.528161,0.03360805,-0.01728438,-0.2711312,0.9623872,-0.1528536,1.527661,0.03517975,357.1358,357.3678,359.148,0,0,False
1,Center_Dir_Close,68,16.27999,-0.1528536,1.527661,0.03517975,-0.1605364,1.240867,0.0453305,-0.6354768,0.01678233,0.03471662,0.7711565,0.001506561,1.136176,0.2456967,-0.09423519,0.184536,-0.09308083,0.9738594,MathCanvas,-0.2214018,1.102348,1.546016,-0.1528217,1.527642,0.0350584,-0.04363189,-0.2707176,0.9616695,-0.1192108,1.527161,0.03675144,-0.07137717,-0.2703864,0.9601023,-0.1864964,1.528161,0.03360805,-0.01728438,-0.2711312,0.9623872,-0.1528536,1.527661,0.03517975,357.1358,357.3678,359.148,0,0,False
1,Center_Dir_Close,69,16.29999,-0.1530772,1.52769,0.03555571,-0.1603786,1.240834,0.04554665,-0.6312165,0.01937307,0.03380627,0.7746274,0.001353519,1.136067,0.246118,-0.09362665,0.185666,-0.0924143,0.9737668,MathCanvas,-0.2214114,1.102288,1.54623,-0.1529607,1.527685,0.03542898,0.0313466,-0.2551182,0.9664016,-0.1194379,1.527175,0.03719647,0.00343838,-0.2556204,0.9667711,-0.1867165,1.528205,0.03391495,0.05737879,-0.2553326,0.9651492,-0.1530772,1.52769,0.03555571,357.1781,357.2508,359.1234,0,0,False
1,Center_Dir_Close,70,16.31999,-0.1531634,1.527648,0.03567101,-0.1604136,1.240862,0.04553607,-0.6310746,0.0200419,0.03372605,0.7747295,0.001348864,1.13603,0.2462248,-0.09335459,0.1861976,-0.09238193,0.9736944,MathCanvas,-0.1037481,1.12622,1.556348,-0.1530772,1.52769,0.03555571,0.0309887,-0.2555169,0.9663078,-0.1195248,1.527135,0.03732489,0.003640179,-0.2561663,0.9666259,-0.1868021,1.528162,0.03401714,0.05758031,-0.2558572,0.9649982,-0.1531634,1.527648,0.03567101,357.2077,357.2279,359.1256,0,0,False
1,Center_Dir_Close,71,16.33999,-0.1533117,1.527503,0.03587095,-0.1604636,1.240932,0.04542989,-0.632615,0.01917296,0.03335189,0.7735105,0.001386726,1.135967,0.2464392,-0.09312585,0.1874316,-0.09225117,0.973492,MathCanvas,-0.1043942,1.125523,1.556422,-0.1531634,1.527648,0.03567101,0.0306791,-0.256474,0.9660642,-0.1196742,1.527009,0.03755426,0.003000751,-0.2582525,0.9660728,-0.1869492,1.527996,0.03418765,0.05694202,-0.2578824,0.9644969,-0.1533117,1.527503,0.03587095,357.3052,357.1747,359.1593,0,0,False
1,Center_Dir_Close,72,16.35999,-0.1533999,1.527378,0.035947,-0.1603631,1.240992,0.0453601,-0.6333154,0.01812655,0.03285376,0.7729837,0.001412135,1.135944,0.2466162,-0.09323124,0.1879291,-0.09208291,0.973402,MathCanvas,-0.1050387,1.123945,1.555955,-0.1533117,1.527503,0.03587095,0.0298099,-0.2580471,0.9656724,-0.1197631,1.526882,0.03764417,0.002411969,-0.2594114,0.9657639,-0.1870367,1.527874,0.03424982,0.05635417,-0.2590674,0.9642138,-0.1533999,1.527378,0.035947,357.3759,357.1502,359.1555,0,0,False
1,Center_Dir_Close,73,16.37999,-0.1535736,1.527246,0.03614506,-0.1602994,1.241014,0.04536329,-0.6333501,0.01754398,0.03242895,0.7729867,0.001412135,1.135944,0.2466162,-0.09323124,0.1879291,-0.09208291,0.973402,MathCanvas,-0.1065034,1.121423,1.555126,-0.1534858,1.527306,0.03604375,0.02898679,-0.2596588,0.9652653,-0.1199382,1.526755,0.03787173,0.001575205,-0.2605657,0.9654548,-0.1872089,1.527737,0.03441838,0.05551872,-0.2602015,0.9639569,-0.1535736,1.527246,0.03614506,357.4759,357.0981,359.164,0,0,False
1,Center_Dir_Close,74,16.39999,-0.1537037,1.527058,0.03619883,-0.1600565,1.241127,0.04538704,-0.6284974,0.02023298,0.03039997,0.776954,0.001259916,1.135843,0.2468195,-0.0927764,0.1871295,-0.0923875,0.9735706,MathCanvas,-0.1079805,1.118831,1.554403,-0.1535736,1.527246,0.03614506,0.03449239,-0.2472055,0.968349,-0.1200701,1.526616,0.03797229,0.006542563,-0.2490177,0.9684768,-0.1873373,1.5275,0.03442537,0.06044844,-0.2484788,0.9667493,-0.1537037,1.527058,0.03619883,357.5748,357.0135,359.2476,0,0,False
1,Center_Dir_Close,75,16.41999,-0.1538472,1.526966,0.0362822,-0.1598136,1.241154,0.04546655,-0.6229495,0.02600333,0.02843558,0.7813125,0.00118226,1.135799,0.2469177,-0.09253869,0.1869099,-0.09248928,0.9736257,MathCanvas,-0.09937016,1.137652,1.561574,-0.1537037,1.527058,0.03619883,0.03395712,-0.2480755,0.9681454,-0.1202148,1.526536,0.03808203,0.00632203,-0.249107,0.9684553,-0.1874795,1.527396,0.03448236,0.06022836,-0.2486101,0.9667293,-0.1538472,1.526966,0.0362822,357.623,356.9671,359.2679,0,0,False
1,Center_Dir_Close,76,16.43999,-0.1544063,1.526454,0.03623517,-0.1580849,1.242219,0.04583472,-0.605166,0.05979268,0.02452393,0.7934718,0.0006173141,1.135613,0.2473674,-0.09267316,0.1863825,-0.09174672,0.9737843,MathCanvas,-0.1003631,1.136235,1.561157,-0.1539587,1.526884,0.03636977,0.03905271,-0.2448993,0.9687617,-0.1207805,1.526061,0.03816039,0.009344373,-0.2492667,0.9683898,-0.1880322,1.526847,0.03430995,0.06320521,-0.2485856,0.9665456,-0.1544063,1.526454,0.03623517,357.9189,356.7474,359.3313,0,0,False
1,Center_Dir_Close,77,16.45999,-0.1545869,1.526261,0.03624826,-0.157615,1.242533,0.04605295,-0.6009037,0.06860151,0.02472795,0.7959881,0.0005451385,1.135576,0.2474178,-0.09262118,0.1862934,-0.09166137,0.9738143,MathCanvas,-0.09286289,1.140515,1.562913,-0.1544063,1.526454,0.03623517,0.03774695,-0.2471132,0.9682511,-0.1209635,1.525885,0.03821775,0.009654898,-0.2493107,0.9683754,-0.1882104,1.526638,0.03427877,0.06351517,-0.2486191,0.9665166,-0.1545869,1.526261,0.03624826,358.0316,356.6698,359.3586,0,0,False
1,Center_Dir_Close,78,16.47999,-0.1550755,1.525453,0.03584221,-0.1565708,1.243277,0.04680386,-0.5922926,0.0891441,0.02945156,0.8002347,-2.248026E-05,1.135327,0.247845,-0.09183029,0.1854561,-0.09121028,0.9740914,MathCanvas,-0.0951144,1.13692,1.561784,-0.154775,1.526069,0.0362593,0.03810028,-0.2505558,0.9673522,-0.1214593,1.525099,0.037936,0.008843109,-0.254836,0.9669439,-0.1886917,1.525807,0.03374841,0.06269164,-0.2540479,0.9651577,-0.1550755,1.525453,0.03584221,358.3838,356.4529,359.3977,0,0,False
1,Center_Dir_Close,79,16.49999,-0.1551586,1.525485,0.03580118,-0.1565012,1.243393,0.04712256,-0.591148,0.09166227,0.03515564,0.8005663,-0.000333352,1.135256,0.2480652,-0.09157097,0.1849484,-0.09121635,0.9742117,MathCanvas,-0.09506284,1.130797,1.559542,-0.1550755,1.525453,0.03584221,0.03544744,-0.2539701,0.9665623,-0.1215464,1.525174,0.03796507,0.006837413,-0.2559513,0.9666655,-0.1887708,1.525795,0.03363728,0.06068864,-0.2550488,0.9650218,-0.1551586,1.525485,0.03580118,358.4822,356.3305,359.4718,0,0,False
1,Center_Dir_Close,80,16.51999,-0.1555105,1.52517,0.03577793,-0.1566428,1.243456,0.04682811,-0.592967,0.09467369,0.04152604,0.7985628,-0.0007376187,1.135257,0.2482909,-0.09155647,0.1843528,-0.09168515,0.974282,MathCanvas,-0.09934679,1.12561,1.557648,-0.155323,1.525354,0.03581658,0.03591945,-0.2463204,0.9685226,-0.1219044,1.524946,0.03804575,0.007704079,-0.2483176,0.968648,-0.1891165,1.525394,0.0335101,0.06153689,-0.2473164,0.9669787,-0.1555105,1.52517,0.03577793,358.5653,356.1489,359.6191,0,0,False
1,Center_Dir_Close,81,16.53999,-0.1556823,1.525046,0.03573638,-0.1563829,1.243634,0.0469423,-0.5906151,0.09981456,0.0430319,0.7995994,-0.0008134842,1.135271,0.2483268,-0.0915671,0.1842519,-0.09179128,0.97429,MathCanvas,-0.098925,1.13713,1.561534,-0.1555105,1.52517,0.03577793,0.03487258,-0.2473578,0.9682965,-0.1220791,1.524862,0.03804947,0.006945975,-0.2488455,0.9685183,-0.1892854,1.52523,0.03342329,0.06077913,-0.2477621,0.9669126,-0.1556823,1.525046,0.03573638,358.6286,356.0697,359.6866,0,0,False
1,Center_Dir_Close,82,16.55999,-0.1557369,1.525278,0.03569204,-0.1566842,1.243283,0.04619235,-0.6019546,0.09238102,0.04243607,0.7920325,-0.00110122,1.135409,0.2484413,-0.09169338,0.1840018,-0.09220826,0.9742861,MathCanvas,-0.1007637,1.135499,1.560643,-0.1556823,1.525046,0.03573638,0.03365098,-0.2340309,0.9716466,-0.1221365,1.525131,0.03804841,0.005705938,-0.2325253,0.9725736,-0.1893373,1.525425,0.03333566,0.05954146,-0.2314785,0.9710163,-0.1557369,1.525278,0.03569204,358.5149,355.9949,359.7497,0,0,False
1,Center_Dir_Close,83,16.57999,-0.155398,1.52554,0.03580196,-0.1569242,1.242733,0.04527545,-0.6202058,0.06677197,0.03797459,0.7806691,-0.001353115,1.136722,0.2478886,-0.09407534,0.1839933,-0.09458182,0.973833,MathCanvas,-0.1026678,1.156201,1.568021,-0.1554909,1.525527,0.03577704,0.03310595,-0.2305758,0.972491,-0.1217977,1.525421,0.03816127,0.006197184,-0.2311036,0.9729094,-0.1889982,1.525659,0.03344265,0.06003149,-0.2300429,0.9713272,-0.155398,1.52554,0.03580196,358.4565,355.9889,359.7973,0,0,False
1,Center_Dir_Close,84,16.59999,-0.1554464,1.525512,0.03578439,-0.1568104,1.242746,0.04516941,-0.6221642,0.0659022,0.03833011,0.7791659,-0.001353115,1.136722,0.2478886,-0.09407534,0.1839933,-0.09458182,0.973833,MathCanvas,-0.1031748,1.161817,1.569863,-0.155398,1.52554,0.03580196,0.03253784,-0.2308735,0.9724396,-0.1218481,1.525418,0.03817344,0.004922442,-0.2317761,0.9727567,-0.1890446,1.525607,0.03339533,0.05875803,-0.2306588,0.9712589,-0.1554464,1.525512,0.03578439,358.4812,355.937,359.8386,0,0,False
1,Center_Dir_Close,85,16.61999,-0.154874,1.52581,0.03597723,-0.1585557,1.242125,0.04499225,-0.6265351,0.04412295,0.04503761,0.7768387,-0.0003206767,1.138124,0.2458921,-0.09855092,0.1853391,-0.09634088,0.9729623,MathCanvas,-0.1041352,1.161432,1.569292,-0.1554617,1.525508,0.03577198,0.03662243,-0.2198875,0.9748375,-0.1212682,1.525664,0.03825496,0.01291636,-0.2184104,0.9757715,-0.1884798,1.525955,0.03369949,0.06672254,-0.2174852,0.9737804,-0.154874,1.52581,0.03597723,358.3789,356.1295,359.7522,0,0,False
1,Center_Dir_Close,86,16.63999,-0.1547989,1.525847,0.0360028,-0.1587029,1.242049,0.044907,-0.6284928,0.04047379,0.04623218,0.7753846,-0.0003206767,1.138124,0.2458921,-0.09855092,0.1853391,-0.09634088,0.9729623,MathCanvas,-0.09703956,1.178561,1.575449,-0.154874,1.52581,0.03597723,0.03764201,-0.2192925,0.9749328,-0.1211929,1.525707,0.03827796,0.01083449,-0.21971,0.9755051,-0.1884048,1.525988,0.03372763,0.06464388,-0.2186957,0.9736495,-0.1547989,1.525847,0.0360028,358.3746,356.1337,359.7612,0,0,False
1,Center_Dir_Close,87,16.65999,-0.1538155,1.525621,0.03617825,-0.1574133,1.241977,0.04464994,-0.6236749,0.05753044,0.04675821,0.7781604,0.002209753,1.137986,0.2434381,-0.09835756,0.1900294,-0.09813809,0.9718969,MathCanvas,-0.09535567,1.179547,1.575588,-0.1547232,1.525885,0.03602853,0.04612417,-0.2173579,0.9750016,-0.1201885,1.525339,0.03810254,0.0283767,-0.2194398,0.9752133,-0.1874426,1.525904,0.03425397,0.08213656,-0.2188121,0.9723039,-0.1538155,1.525621,0.03617825,358.446,356.7379,359.5193,0,0,False
1,Center_Dir_Close,88,16.67999,-0.153481,1.525444,0.03614936,-0.1571261,1.241933,0.04446968,-0.6234885,0.05784336,0.04662335,0.7782947,0.004017295,1.137434,0.2418176,-0.09831408,0.1944744,-0.0973999,0.971096,MathCanvas,-0.08094716,1.182232,1.576516,-0.1538155,1.525621,0.03617825,0.05248301,-0.2192177,0.9742634,-0.1198468,1.525106,0.03793512,0.02925145,-0.2214903,0.9747238,-0.1871151,1.525781,0.03436361,0.0829934,-0.2207635,0.9717899,-0.153481,1.525444,0.03614936,358.5485,356.9754,359.4259,0,0,False
1,Center_Dir_Close,89,16.69999,-0.1526515,1.525229,0.03590406,-0.1562098,1.241688,0.04335186,-0.629985,0.05203785,0.05122949,0.7731666,0.006542653,1.136032,0.239577,-0.09713972,0.1997628,-0.09516299,0.9703622,MathCanvas,-0.07057448,1.179149,1.575176,-0.1532177,1.52538,0.03615499,0.06404018,-0.2230069,0.972711,-0.1190036,1.524862,0.0374032,0.04257549,-0.225172,0.9733884,-0.1862993,1.525595,0.03440493,0.09624749,-0.2243538,0.9697432,-0.1526515,1.525229,0.03590406,358.6982,357.4631,359.3765,0,0,False
1,Center_Dir_Close,90,16.71999,-0.1523699,1.525151,0.03584627,-0.1559629,1.241715,0.04297125,-0.6334042,0.05169874,0.05353619,0.7702339,0.007875331,1.135072,0.2383806,-0.09530781,0.2015644,-0.09488314,0.9701987,MathCanvas,-0.05146589,1.172871,1.572819,-0.1526515,1.525229,0.03590406,0.06751345,-0.2240093,0.9722458,-0.1187139,1.524788,0.03715146,0.04628511,-0.2250839,0.9732395,-0.1860259,1.525513,0.03454109,0.09994283,-0.2242842,0.9693854,-0.1523699,1.525151,0.03584627,358.7389,357.7928,359.3829,0,0,False
1,Center_Dir_Close,91,16.73999,-0.1520446,1.525078,0.03578856,-0.1557282,1.241663,0.04273485,-0.6350238,0.05086154,0.05483685,0.7688634,0.008763937,1.134721,0.2375295,-0.09498442,0.2032702,-0.09465495,0.9698967,MathCanvas,-0.0457014,1.171225,1.571955,-0.1523699,1.525151,0.03584627,0.07271703,-0.2247057,0.9717096,-0.118384,1.524698,0.03696289,0.04952815,-0.2260402,0.9728581,-0.1857052,1.525458,0.03461423,0.1031726,-0.2252729,0.9688176,-0.1520446,1.525078,0.03578856,358.7919,358.0155,359.3538,0,0,False
1,Center_Dir_Close,92,16.75999,-0.1513415,1.524934,0.03556082,-0.1548328,1.241784,0.04252519,-0.6366131,0.05596542,0.05807682,0.7669542,0.01126325,1.13311,0.2351265,-0.09149134,0.2072505,-0.09415412,0.9694388,MathCanvas,-0.03715156,1.170043,1.571091,-0.1516837,1.524982,0.03569326,0.08376514,-0.2287938,0.9698643,-0.1176696,1.524619,0.03637437,0.06387842,-0.2293755,0.9712396,-0.1850134,1.525248,0.03474728,0.1174367,-0.2284397,0.9664491,-0.1513415,1.524934,0.03556082,358.8632,358.6266,359.4655,0,0,False
1,Center_Dir_Close,93,16.77999,-0.1510059,1.524863,0.03547591,-0.1548328,1.241784,0.04252519,-0.6366131,0.05596542,0.05807682,0.7669542,0.01126676,1.133108,0.2351231,-0.09148885,0.2072568,-0.09415329,0.9694378,MathCanvas,-0.01897212,1.163384,1.568183,-0.1513415,1.524934,0.03556082,0.09068918,-0.2289077,0.9692145,-0.1173307,1.524549,0.03614132,0.0681486,-0.2301667,0.9707621,-0.1846811,1.525177,0.03481049,0.1216853,-0.2292255,0.9657372,-0.1510059,1.524863,0.03547591,358.91,358.8781,359.4661,0,0,False
1,Center_Dir_Close,94,16.79999,-0.1505734,1.524953,0.03531069,-0.1521509,1.241667,0.04207848,-0.6377099,0.06295286,0.0625348,0.7651487,0.01555422,1.131392,0.2309586,-0.08718929,0.2155965,-0.09261728,0.9681623,MathCanvas,-0.00765942,1.163044,1.567449,-0.1508462,1.525009,0.03545447,0.10034,-0.2304991,0.9678853,-0.116891,1.524798,0.03549825,0.07983623,-0.231572,0.9695362,-0.1842557,1.525109,0.03512313,0.1333346,-0.2304122,0.963915,-0.1505734,1.524953,0.03531069,358.894,359.686,359.7357,0,0,False
1,Center_Dir_Close,95,16.81999,-0.1503556,1.524765,0.03515433,-0.151611,1.241789,0.04203946,-0.6366742,0.06587876,0.06578972,0.7654918,0.01690084,1.131087,0.2297738,-0.08661143,0.2185012,-0.09301646,0.9675245,MathCanvas,0.008099109,1.160454,1.565874,-0.1505734,1.524953,0.03531069,0.106295,-0.2316181,0.9669821,-0.1166727,1.524628,0.03513392,0.08560677,-0.2334902,0.9685834,-0.1840385,1.524903,0.03517474,0.1390708,-0.2323057,0.9626491,-0.1503556,1.524765,0.03515433,358.9734,0.03892386,359.7654,0,0,False
1,Center_Dir_Close,96,16.83999,-0.1497614,1.524207,0.03482935,-0.15054,1.24198,0.04200218,-0.6339517,0.07107945,0.07121022,0.7667999,0.0195791,1.130743,0.2275147,-0.08601532,0.2240632,-0.09382181,0.966227,MathCanvas,0.01774794,1.158466,1.564418,-0.1501004,1.524682,0.03501447,0.1176358,-0.2351525,0.9648135,-0.1160807,1.524144,0.03442788,0.09681396,-0.2393129,0.9661037,-0.1834422,1.524269,0.03523081,0.1502066,-0.2379269,0.9595982,-0.1497614,1.524207,0.03482935,359.2313,0.6843405,359.8936,0,0,False
1,Center_Dir_Close,97,16.85999,-0.1495218,1.523779,0.03474909,-0.1498941,1.242192,0.04225932,-0.6276132,0.07691157,0.07368495,0.7712048,0.02079214,1.130759,0.2266341,-0.08573613,0.2260242,-0.09382343,0.9657948,MathCanvas,0.03635474,1.152163,1.561298,-0.1497614,1.524207,0.03482935,0.1213988,-0.2310956,0.9653275,-0.1158431,1.523765,0.0341962,0.09931529,-0.2353477,0.9668236,-0.1832004,1.523794,0.03530198,0.152698,-0.2339375,0.9601857,-0.1495218,1.523779,0.03474909,359.451,0.9407507,359.9753,0,0,False
1,Center_Dir_Close,98,16.87999,-0.1492858,1.523195,0.03459383,-0.1486073,1.242343,0.04204964,-0.6223698,0.08308692,0.07681718,0.7745009,0.02297116,1.130779,0.225072,-0.08471456,0.2296712,-0.09294853,0.9651089,MathCanvas,0.04261083,1.158034,1.562531,-0.1494626,1.523478,0.03469801,0.1268708,-0.235436,0.9635734,-0.1156131,1.523249,0.03375407,0.1051056,-0.2381193,0.9655319,-0.1829585,1.523141,0.03543359,0.1584689,-0.2366512,0.9585843,-0.1492858,1.523195,0.03459383,359.7452,1.428195,0.09202016,0,0,False
1,Center_Dir_Close,99,16.89999,-0.1492298,1.522997,0.03454819,-0.1480921,1.242402,0.0415545,-0.6234468,0.08357774,0.07847212,0.7734151,0.02386076,1.131036,0.2244815,-0.08467115,0.2312395,-0.0919469,0.9648342,MathCanvas,0.0514598,1.150669,1.55924,-0.1492858,1.523195,0.03459383,0.1304512,-0.2374489,0.9626009,-0.1155601,1.523053,0.03359557,0.1069566,-0.2401981,0.9648135,-0.1828995,1.522941,0.03550082,0.1603063,-0.2387571,0.9577562,-0.1492298,1.522997,0.03454819,359.866,1.620433,0.09489131,0,0,False
1,Center_Dir_Close,100,16.91999,-0.1490465,1.522816,0.03452308,-0.147844,1.242512,0.04090478,-0.6269903,0.08238232,0.07984694,0.7705328,0.02417554,1.13192,0.2242628,-0.0865157,0.2309498,-0.0900804,0.9649159,MathCanvas,0.05713228,1.147374,1.557296,-0.1492298,1.522997,0.03454819,0.1350592,-0.2394138,0.9614781,-0.1153786,1.522904,0.03351044,0.1102822,-0.2406986,0.9643143,-0.1827143,1.522729,0.03553573,0.1636078,-0.2391626,0.9570965,-0.1490465,1.522816,0.03452308,359.9027,1.722538,0.1482143,0,0,False
1,Center_Dir_Close,101,16.93999,-0.1488318,1.521904,0.03422909,-0.1477747,1.242452,0.04041288,-0.6299496,0.08428582,0.08078104,0.7678111,0.025107,1.133217,0.2235623,-0.09022617,0.2313291,-0.08834942,0.9646453,MathCanvas,0.06459433,1.144104,1.555419,-0.148901,1.522449,0.03438666,0.1194646,-0.2426125,0.9627395,-0.1151688,1.521963,0.03306547,0.094883,-0.2458998,0.9646401,-0.1824949,1.521845,0.03539272,0.1484148,-0.2446657,0.9581815,-0.1488318,1.521904,0.03422909,0.1282971,1.979966,0.09947458,0,0,False
1,Center_Dir_Close,102,16.95999,-0.1486751,1.521486,0.0341051,-0.1475782,1.242415,0.04028658,-0.6300414,0.08581587,0.08149471,0.7674907,0.02528371,1.133258,0.223418,-0.09032473,0.2315934,-0.08822221,0.9645843,MathCanvas,0.03977047,1.138885,1.554134,-0.1488318,1.521904,0.03422909,0.1221195,-0.245149,0.9617634,-0.1150157,1.521545,0.03283864,0.09824477,-0.2479084,0.9637891,-0.1823344,1.521428,0.03537156,0.1517539,-0.2466383,0.9571522,-0.1486751,1.521486,0.0341051,0.2545223,2.155223,0.1001589,0,0,False
1,Center_Dir_Close,103,16.97999,-0.1482389,1.520055,0.03378853,-0.1475669,1.242231,0.04043023,-0.627799,0.09072346,0.08156653,0.7687553,0.02577268,1.134034,0.2232976,-0.09248704,0.2323114,-0.08807287,0.9642203,MathCanvas,0.04402343,1.134654,1.551719,-0.1485511,1.520975,0.03395551,0.1278046,-0.2496511,0.9598647,-0.1145851,1.520042,0.03238177,0.1018008,-0.2579426,0.9607821,-0.1818927,1.520069,0.0351953,0.1552838,-0.2567293,0.9539272,-0.1482389,1.520055,0.03378853,0.8553336,2.393295,359.9773,0,0,False
1,Center_Dir_Close,104,16.99999,-0.1480406,1.51951,0.03358264,-0.1474368,1.242258,0.04063264,-0.6238256,0.0958303,0.08240157,0.771277,0.02586413,1.134217,0.223476,-0.09232611,0.2324602,-0.08856198,0.964155,MathCanvas,0.05336463,1.126247,1.547913,-0.1482389,1.520055,0.03378853,0.1229754,-0.244869,0.9617257,-0.1143892,1.51946,0.03212094,0.09739579,-0.2509434,0.9630895,-0.181692,1.51956,0.03504433,0.1509298,-0.2499238,0.9564299,-0.1480406,1.51951,0.03358264,1.180365,2.485393,359.9144,0,0,False
1,Center_Dir_Close,105,17.01999,-0.1478972,1.519931,0.03346116,-0.147548,1.2425,0.04109046,-0.6153557,0.1012345,0.08354648,0.7772445,0.02597713,1.134539,0.2236548,-0.09203149,0.2331588,-0.0890853,0.9639663,MathCanvas,0.04589047,1.133354,1.550215,-0.1479915,1.519871,0.03354676,0.1260596,-0.2465962,0.9608846,-0.1142505,1.519895,0.03189358,0.1011911,-0.2484646,0.9633409,-0.1815439,1.519966,0.03502873,0.1547012,-0.2474012,0.9564832,-0.1478972,1.519931,0.03346116,1.320891,2.666046,359.9396,0,0,False
1,Center_Dir_Close,106,17.03999,-0.1477773,1.519732,0.03335024,-0.1473808,1.242509,0.04108596,-0.6137139,0.1035487,0.08437587,0.7781476,0.02597713,1.134539,0.2236548,-0.09203149,0.2331588,-0.0890853,0.9639663,MathCanvas,0.05091652,1.131014,1.548911,-0.1478972,1.519931,0.03346116,0.127992,-0.247933,0.960285,-0.1141341,1.519692,0.03170937,0.1032131,-0.2511399,0.9624322,-0.1814205,1.519773,0.0349911,0.1567085,-0.2500731,0.9554611,-0.1477773,1.519732,0.03335024,1.478929,2.790462,359.9305,0,0,False
1,Center_Dir_Close,107,17.05999,-0.1476575,1.519535,0.03323943,-0.1473165,1.242512,0.04108423,-0.6130809,0.1044386,0.08469468,0.7784929,0.02597713,1.134539,0.2236548,-0.09203149,0.2331588,-0.0890853,0.9639663,MathCanvas,0.05398337,1.128903,1.547099,-0.1477773,1.519732,0.03335024,0.1300075,-0.2506066,0.9593198,-0.1140179,1.519489,0.03152528,0.1052319,-0.2538126,0.961512,-0.181297,1.519581,0.03495358,0.1587122,-0.2527421,0.9544275,-0.1476575,1.519535,0.03323943,1.636948,2.914831,359.9217,0,0,False
1,Center_Dir_Close,108,17.07999,-0.1478887,1.521227,0.03325982,-0.1483706,1.241975,0.04030754,-0.6247972,0.08795544,0.08161812,0.7715121,0.02598584,1.135762,0.2231292,-0.09566504,0.2338614,-0.08972895,0.9633825,MathCanvas,0.05720107,1.124643,1.544882,-0.1478396,1.520934,0.03337807,0.1196988,-0.2138398,0.9695075,-0.1142421,1.521265,0.03169039,0.09251177,-0.2115281,0.9729838,-0.1815353,1.521189,0.03482926,0.1461194,-0.2106093,0.9665883,-0.1478887,1.521227,0.03325982,0.09219885,2.670715,0.06499656,0,0,False
1,Center_Dir_Close,109,17.09999,-0.1478703,1.521352,0.0331961,-0.1483706,1.241975,0.04030754,-0.6247972,0.08795544,0.08161812,0.7715121,0.02598584,1.135762,0.2231292,-0.09566504,0.2338614,-0.08972895,0.9633825,MathCanvas,0.04145155,1.182974,1.566832,-0.1478887,1.521227,0.03325982,0.1202691,-0.2117099,0.9699042,-0.1142248,1.521397,0.03160268,0.0941844,-0.2100709,0.973139,-0.1815158,1.521306,0.03478952,0.1477811,-0.2091492,0.9666526,-0.1478703,1.521352,0.0331961,359.9697,2.711406,0.07781107,0,0,False
1,Center_Dir_Close,110,17.11999,-0.1482767,1.521701,0.03274899,-0.1489517,1.241778,0.04021717,-0.6247947,0.08659744,0.08046369,0.7717889,0.02550146,1.135482,0.2231391,-0.09539915,0.2326803,-0.08951867,0.9637144,MathCanvas,0.0423467,1.186512,1.567191,-0.1478865,1.521521,0.03311943,0.1180516,-0.2069641,0.9712001,-0.1146272,1.521782,0.03124265,0.08851942,-0.2074207,0.9742387,-0.1819261,1.521621,0.03425533,0.1421563,-0.2064458,0.9680763,-0.1482767,1.521701,0.03274899,359.8502,2.562814,0.1365972,0,0,False
1,Center_Dir_Close,111,17.13999,-0.14837,1.521822,0.03261018,-0.1489517,1.241778,0.04021717,-0.6247947,0.08659744,0.08046369,0.7717889,0.02543125,1.135442,0.22313,-0.09541813,0.2325329,-0.0894055,0.9637585,MathCanvas,0.03856301,1.19414,1.569863,-0.1482767,1.521701,0.03274899,0.1180669,-0.2053119,0.9715489,-0.1147202,1.521907,0.0311113,0.0910372,-0.2043358,0.9746584,-0.1820197,1.521738,0.03410906,0.1446579,-0.203382,0.9683542,-0.14837,1.521822,0.03261018,359.7655,2.549885,0.1444748,0,0,False
1,Center_Dir_Close,112,17.15999,-0.1490271,1.52181,0.03201037,-0.1499622,1.24151,0.03991156,-0.6277895,0.08000375,0.07927156,0.770192,0.02446966,1.134626,0.2232893,-0.09419636,0.2310544,-0.08818513,0.9643466,MathCanvas,0.03850055,1.196865,1.57033,-0.1486961,1.521771,0.03233731,0.1146351,-0.209595,0.9710451,-0.1153716,1.521875,0.03064645,0.08588272,-0.2097248,0.9739813,-0.1826827,1.521745,0.03337429,0.1395356,-0.2087878,0.9679554,-0.1490271,1.52181,0.03201037,359.7466,2.320211,0.110147,0,0,False
1,Center_Dir_Close,113,17.17999,-0.1491877,1.521879,0.0318388,-0.1499622,1.24151,0.03991156,-0.6277895,0.08000375,0.07927156,0.770192,0.02446966,1.134626,0.2232893,-0.09419636,0.2310544,-0.08818513,0.9643466,MathCanvas,0.03228645,1.190302,1.567872,-0.1490271,1.52181,0.03201037,0.1138506,-0.2085363,0.9713654,-0.1155311,1.521946,0.03050264,0.08620335,-0.2079515,0.9743332,-0.1828443,1.521813,0.03317496,0.1398544,-0.2070121,0.9682906,-0.1491877,1.521879,0.0318388,359.6849,2.272808,0.1137511,0,0,False
1,Center_Dir_Close,114,17.19999,-0.1494963,1.521826,0.03153792,-0.1503291,1.241573,0.03994945,-0.6277821,0.07945594,0.07914904,0.7702674,0.02400265,1.134088,0.2234854,-0.09319174,0.2309072,-0.08826302,0.9644723,MathCanvas,0.03086425,1.192085,1.568029,-0.1491877,1.521879,0.0318388,0.1130692,-0.2074818,0.9716824,-0.1158369,1.521908,0.03027388,0.08420815,-0.2086256,0.9743636,-0.1831557,1.521743,0.03280197,0.1378715,-0.2076583,0.9684367,-0.1494963,1.521826,0.03153792,359.7257,2.149998,0.1403494,0,0,False
1,Center_Dir_Close,115,17.21999,-0.1500898,1.521423,0.03110042,-0.1504604,1.241726,0.04001285,-0.6264055,0.08036843,0.07847023,0.7713621,0.0231654,1.133559,0.2238585,-0.09261513,0.2300308,-0.08857827,0.9647083,MathCanvas,0.0293325,1.193675,1.568339,-0.1498608,1.521509,0.03128852,0.1196902,-0.2181382,0.9685504,-0.1164268,1.521498,0.02993669,0.09173095,-0.2186658,0.9714786,-0.1837528,1.521347,0.03226414,0.1453031,-0.2175444,0.9651743,-0.1500898,1.521423,0.03110042,359.8217,1.979516,0.1282353,0,0,False
1,Center_Dir_Close,116,17.23999,-0.1503771,1.52139,0.03090288,-0.1505054,1.24174,0.04000483,-0.6263618,0.08025905,0.07827869,0.7714285,0.02297398,1.133483,0.2239361,-0.0924928,0.2297391,-0.08856911,0.9647904,MathCanvas,0.03897323,1.176851,1.561026,-0.1500898,1.521423,0.03110042,0.1184233,-0.2181963,0.9686931,-0.1167126,1.521464,0.02978324,0.0903126,-0.2188597,0.9715679,-0.1840416,1.521317,0.03202253,0.1438939,-0.2177466,0.9653398,-0.1503771,1.52139,0.03090288,359.8278,1.904512,0.125701,0,0,False
1,Center_Dir_Close,117,17.25999,-0.151102,1.521739,0.03062155,-0.1507685,1.241786,0.03988814,-0.6273387,0.07889976,0.07718054,0.7708853,0.02202414,1.133291,0.2242902,-0.09212259,0.2284479,-0.08866469,0.9651236,MathCanvas,0.03663788,1.176813,1.56067,-0.1508753,1.521267,0.03050885,0.1143842,-0.2223035,0.9682445,-0.1174331,1.52183,0.02964674,0.08591552,-0.2220551,0.9712415,-0.184771,1.521647,0.03159635,0.1395247,-0.2208772,0.96527,-0.151102,1.521739,0.03062155,359.7727,1.657783,0.1551346,0,0,False
1,Center_Dir_Close,118,17.27999,-0.1512606,1.521901,0.03062517,-0.1512122,1.241846,0.03969611,-0.6295001,0.07701153,0.07655257,0.7693755,0.02151502,1.133366,0.2244318,-0.09223468,0.2281082,-0.08911853,0.9651514,MathCanvas,0.02945484,1.17083,1.559008,-0.151102,1.521739,0.03062155,0.1131158,-0.2221207,0.9684355,-0.1175899,1.522008,0.0297122,0.08459574,-0.2207896,0.9716458,-0.1849313,1.521795,0.03153814,0.138213,-0.2196113,0.9657474,-0.1512606,1.521901,0.03062517,359.6617,1.552103,0.1810945,0,0,False
1,Center_Dir_Close,119,17.29999,-0.1513861,1.521686,0.03041044,-0.1516428,1.241903,0.03953429,-0.6307248,0.0761566,0.076714,0.7684408,0.02065533,1.133637,0.2246071,-0.09265605,0.2274637,-0.08983094,0.9651971,MathCanvas,0.02723595,1.171395,1.558814,-0.1512606,1.521901,0.03062517,0.1120083,-0.2191028,0.9692513,-0.1177147,1.521824,0.02952765,0.08449525,-0.2179658,0.9722918,-0.1850574,1.521549,0.03129322,0.1381133,-0.2167165,0.9664154,-0.1513861,1.521686,0.03041044,359.5625,1.500036,0.2335504,0,0,False
1,Center_Dir_Close,120,17.31999,-0.1514436,1.521538,0.0302737,-0.1516336,1.241966,0.03966071,-0.6293037,0.07705493,0.07645925,0.769541,0.01942443,1.134032,0.224733,-0.09361134,0.2257305,-0.09003278,0.965493,MathCanvas,0.02544014,1.175791,1.560557,-0.1514668,1.521566,0.03028084,0.126444,-0.2176648,0.9677985,-0.1177727,1.521658,0.02937134,0.09991137,-0.218614,0.9706831,-0.1851145,1.521418,0.03117606,0.1533544,-0.2172503,0.9639941,-0.1514436,1.521538,0.0302737,359.6518,1.533888,0.2041774,0,0,False
1,Center_Dir_Close,121,17.33999,-0.1516237,1.521519,0.03013672,-0.1516336,1.241966,0.03966071,-0.6293037,0.07705493,0.07645925,0.769541,0.01920233,1.134103,0.2247466,-0.09379391,0.2253489,-0.09000248,0.9655673,MathCanvas,0.04825176,1.177776,1.558736,-0.1514436,1.521538,0.0302737,0.1264871,-0.2177566,0.9677722,-0.117952,1.521637,0.02926319,0.09887703,-0.2183278,0.9708534,-0.1852954,1.521401,0.03101026,0.1523271,-0.2169702,0.96422,-0.1516237,1.521519,0.03013672,359.6451,1.484833,0.2007681,0,0,False
1,Center_Dir_Close,122,17.35999,-0.1517464,1.521363,0.02986777,-0.152145,1.242016,0.03967022,-0.6283786,0.07809364,0.07602019,0.7702355,0.01745585,1.134726,0.2248559,-0.09527645,0.2220867,-0.09020709,0.9661587,MathCanvas,0.0481221,1.177642,1.558423,-0.1516647,1.521394,0.02996736,0.1315627,-0.2158889,0.9675139,-0.1180753,1.521489,0.02897225,0.1049002,-0.2160398,0.9707331,-0.1854174,1.521237,0.03076329,0.1582819,-0.2146093,0.9637893,-0.1517464,1.521363,0.02986777,359.67,1.522251,0.2142882,0,0,False
1,Center_Dir_Close,123,17.37999,-0.1518853,1.521334,0.02973178,-0.152145,1.242016,0.03967022,-0.6283786,0.07809364,0.07602019,0.7702355,0.01745585,1.134726,0.2248559,-0.09527645,0.2220867,-0.09020709,0.9661587,MathCanvas,0.05611368,1.180273,1.558473,-0.1517464,1.521363,0.02986777,0.1311065,-0.2157858,0.9675989,-0.1182138,1.521464,0.028853,0.1039086,-0.2163968,0.9707602,-0.1855568,1.521205,0.03061056,0.1572973,-0.2149675,0.9638706,-0.1518853,1.521334,0.02973178,359.6645,1.49371,0.220317,0,0,False
1,Center_Dir_Close,124,17.39999,-0.1519961,1.521485,0.02960323,-0.1529216,1.242105,0.03971411,-0.6248298,0.08333766,0.07564387,0.7726064,0.01680479,1.134798,0.2249235,-0.09550175,0.2212505,-0.09000169,0.9663475,MathCanvas,0.05523333,1.180442,1.558319,-0.1519588,1.521449,0.02970235,0.1375681,-0.2143715,0.967016,-0.1183252,1.521585,0.02869984,0.1110235,-0.2152822,0.9702203,-0.1856671,1.521384,0.03050661,0.1643247,-0.2138593,0.9629442,-0.1519961,1.521485,0.02960323,359.5984,1.535663,0.171317,0,0,False
1,Center_Dir_Close,125,17.41999,-0.1520788,1.521459,0.0294785,-0.1529852,1.242145,0.0397411,-0.6242822,0.08454782,0.07560156,0.7729216,0.01684196,1.134765,0.2249643,-0.09535417,0.2216718,-0.09004906,0.966261,MathCanvas,0.06541147,1.1827,1.55784,-0.1519961,1.521485,0.02960323,0.1394692,-0.2130055,0.9670455,-0.1184077,1.521552,0.02857858,0.1126338,-0.2137347,0.9703768,-0.1857498,1.521366,0.03037843,0.1659102,-0.2122884,0.96302,-0.1520788,1.521459,0.0294785,359.5972,1.529869,0.158019,0,0,False
1,Center_Dir_Close,126,17.43999,-0.1522206,1.521388,0.02923327,-0.15315,1.242241,0.03974913,-0.6231335,0.08768435,0.07618237,0.7734419,0.01681165,1.134716,0.2250102,-0.09513649,0.2220601,-0.09040979,0.9661596,MathCanvas,0.0683649,1.184785,1.557981,-0.1521753,1.521459,0.02935896,0.1391938,-0.2132239,0.9670371,-0.1185493,1.521461,0.02833782,0.1124373,-0.2144171,0.970249,-0.1858918,1.521315,0.03012871,0.1657151,-0.2130063,0.962895,-0.1522206,1.521388,0.02923327,359.6132,1.522507,0.1247097,0,0,False
1,Center_Dir_Close,127,17.45999,-0.152307,1.521375,0.02911326,-0.15315,1.242241,0.03974913,-0.6231335,0.08768435,0.07618237,0.7734419,0.01681165,1.134716,0.2250102,-0.09513649,0.2220601,-0.09040979,0.9661596,MathCanvas,0.06779239,1.184362,1.557754,-0.1522206,1.521388,0.02923327,0.1394108,-0.2130841,0.9670366,-0.1186356,1.521442,0.02822204,0.1125626,-0.213756,0.9703804,-0.1859783,1.521309,0.03000448,0.1658371,-0.2123424,0.9630206,-0.152307,1.521375,0.02911326,359.6098,1.515392,0.1135822,0,0,False
1,Center_Dir_Close,128,17.47999,-0.1523928,1.521522,0.02909018,-0.1535515,1.242572,0.04000995,-0.6133522,0.1083468,0.07946653,0.7782964,0.01659311,1.134521,0.2250838,-0.09481782,0.2225402,-0.09091199,0.9660333,MathCanvas,0.0680301,1.184599,1.557503,-0.1523801,1.521364,0.0289954,0.1389921,-0.2120994,0.9673133,-0.1187212,1.521553,0.02820688,0.1119701,-0.2116135,0.9709184,-0.1860645,1.521492,0.02997348,0.1652488,-0.2103049,0.9635687,-0.1523928,1.521522,0.02909018,359.5321,1.502249,0.05242687,0,0,False
1,Center_Dir_Close,129,17.49999,-0.1524618,1.521542,0.02907916,-0.1531874,1.242704,0.04043981,-0.6071514,0.120879,0.08005879,0.7812464,0.0165703,1.134313,0.2250715,-0.09471143,0.2231211,-0.09091187,0.9659098,MathCanvas,0.06730448,1.186268,1.558071,-0.1523928,1.521522,0.02909018,0.1444066,-0.2118203,0.966581,-0.1187901,1.521524,0.02819897,0.1173579,-0.2125733,0.9700721,-0.1861335,1.52156,0.02995934,0.1705596,-0.211238,0.9624385,-0.1524618,1.521542,0.02907916,359.5269,1.497636,359.969,0,0,False
1,Center_Dir_Close,130,17.51999,-0.1525147,1.521536,0.0290336,-0.1529836,1.242713,0.04069017,-0.603338,0.1295646,0.08197427,0.7826087,0.01657933,1.134171,0.2250383,-0.09459524,0.2234605,-0.09102262,0.9658324,MathCanvas,0.07579112,1.186733,1.556883,-0.1524618,1.521542,0.02907916,0.1440582,-0.2106104,0.9668974,-0.118843,1.52149,0.02815416,0.1172095,-0.2112852,0.9703713,-0.1861864,1.521582,0.02991304,0.1704117,-0.2100107,0.9627333,-0.1525147,1.521536,0.0290336,359.5233,1.496771,359.9211,0,0,False
1,Center_Dir_Close,131,17.53999,-0.1525937,1.521479,0.02892433,-0.1528039,1.242736,0.04110904,-0.5978627,0.1442206,0.08671843,0.7837351,0.01655953,1.133869,0.224946,-0.09414881,0.2240752,-0.0912609,0.965711,MathCanvas,0.07522988,1.188578,1.557622,-0.1525816,1.521546,0.02896487,0.1437914,-0.2105658,0.9669468,-0.1189221,1.521405,0.02804376,0.117223,-0.2112305,0.9703816,-0.1862653,1.521553,0.02980489,0.1704248,-0.2099928,0.9627349,-0.1525937,1.521479,0.02892433,359.5136,1.499099,359.8738,0,0,False
1,Center_Dir_Close,132,17.55999,-0.1526075,1.521459,0.02887319,-0.1526691,1.242712,0.04129185,-0.5972697,0.1495765,0.08922502,0.7829015,0.01649142,1.133703,0.2248684,-0.09385298,0.2242721,-0.09126408,0.9656938,MathCanvas,0.07473007,1.18859,1.557597,-0.1525937,1.521479,0.02892433,0.1433456,-0.2102397,0.9670839,-0.1189363,1.521382,0.02797747,0.1171113,-0.2109418,0.9704579,-0.1862787,1.521536,0.02976892,0.1703168,-0.2097153,0.9628145,-0.1526075,1.521459,0.02887319,359.5183,1.524923,359.8695,0,0,False
1,Center_Dir_Close,133,17.57999,-0.15266,1.521447,0.02881978,-0.1524647,1.242643,0.041289,-0.596097,0.1546595,0.0912697,0.7825719,0.01639741,1.133493,0.2247532,-0.09361991,0.224475,-0.09123661,0.9656719,MathCanvas,0.07398356,1.189126,1.557574,-0.1526532,1.521449,0.02881163,0.1445681,-0.2089863,0.9671736,-0.1189899,1.521335,0.02788377,0.1188871,-0.2094209,0.9705713,-0.18633,1.521559,0.0297558,0.1720777,-0.208268,0.9628155,-0.15266,1.521447,0.02881978,359.4996,1.594061,359.8087,0,0,False
1,Center_Dir_Close,134,17.59999,-0.152645,1.521413,0.02883778,-0.1524275,1.242504,0.04085688,-0.5991167,0.1502376,0.09230446,0.7810043,0.01625515,1.133255,0.2245825,-0.09350789,0.224833,-0.09126044,0.9655972,MathCanvas,0.07589842,1.191045,1.557895,-0.15266,1.521447,0.02881978,0.1449903,-0.2086766,0.9671773,-0.1189757,1.521294,0.02787773,0.1189996,-0.2090065,0.9706469,-0.1863143,1.521531,0.02979783,0.1721894,-0.2078494,0.962886,-0.152645,1.521413,0.02883778,359.4836,1.635112,359.7985,0,0,False
1,Center_Dir_Close,135,17.61999,-0.1526431,1.521301,0.02877947,-0.152548,1.242368,0.04034612,-0.6033611,0.1459853,0.09494467,0.7782218,0.01614352,1.133132,0.2244936,-0.09346032,0.2249686,-0.09126829,0.9655695,MathCanvas,0.07653575,1.191565,1.557619,-0.1526301,1.521335,0.02881493,0.1524825,-0.2066372,0.9664627,-0.1189747,1.521174,0.02778835,0.1262765,-0.2073345,0.9700859,-0.1863114,1.521428,0.02977059,0.1793641,-0.2061392,0.9619434,-0.1526431,1.521301,0.02877947,359.5073,1.688035,359.7838,0,0,False
1,Center_Dir_Close,136,17.63999,-0.1526082,1.521188,0.02868224,-0.1528376,1.242198,0.04014803,-0.6063123,0.1378197,0.09474722,0.7774408,0.0159306,1.1329,0.224306,-0.09318436,0.2249892,-0.09140182,0.9655787,MathCanvas,0.08846238,1.194566,1.556951,-0.1526431,1.521301,0.02877947,0.1558272,-0.2071403,0.9658213,-0.1189401,1.521069,0.02768057,0.1296002,-0.2085782,0.9693807,-0.1862763,1.521306,0.02968392,0.1826405,-0.2073075,0.9610754,-0.1526082,1.521188,0.02868224,359.5567,1.70569,359.7987,0,0,False
1,Center_Dir_Close,137,17.65999,-0.1526008,1.521095,0.02857481,-0.1528782,1.242154,0.04016907,-0.6062354,0.1374235,0.09489222,0.7775531,0.01589119,1.132852,0.2242676,-0.09311184,0.2249812,-0.09145396,0.9655827,MathCanvas,0.09375629,1.193697,1.555656,-0.1525988,1.521143,0.02862454,0.1563209,-0.2076539,0.9656312,-0.1189333,1.520975,0.02755247,0.1300742,-0.2084831,0.9693376,-0.1862683,1.521215,0.02959715,0.1831102,-0.2072346,0.9610018,-0.1526008,1.521095,0.02857481,359.5828,1.740788,359.7959,0,0,False
1,Center_Dir_Close,138,17.67999,-0.1525513,1.5211,0.02853463,-0.1529496,1.241965,0.0403112,-0.6050771,0.1386679,0.09516479,0.7782009,0.01571824,1.132649,0.2240977,-0.09277359,0.2248639,-0.09166032,0.965623,MathCanvas,0.09451731,1.192828,1.555082,-0.1526008,1.521095,0.02857481,0.1566477,-0.2078589,0.9655342,-0.1188842,1.520985,0.02749939,0.130485,-0.2076816,0.9694545,-0.1862184,1.521215,0.02956986,0.1835176,-0.2064305,0.9610971,-0.1525513,1.5211,0.02853463,359.5365,1.76282,359.8046,0,0,False
1,Center_Dir_Close,139,17.69999,-0.1524997,1.521231,0.02856053,-0.1530749,1.241735,0.04044043,-0.6044917,0.141418,0.09590261,0.7780704,0.01555528,1.132512,0.2239257,-0.09261611,0.2246555,-0.09160233,0.9656921,MathCanvas,0.0950489,1.192555,1.554676,-0.1525513,1.5211,0.02853463,0.1570884,-0.2061917,0.96582,-0.1188327,1.521119,0.02752093,0.1306705,-0.2054,0.9699155,-0.1861666,1.521344,0.02960012,0.1837015,-0.2041607,0.9615467,-0.1524997,1.521231,0.02856053,359.4537,1.770488,359.8086,0,0,False
1,Center_Dir_Close,140,17.71999,-0.1525302,1.521391,0.02848521,-0.1533616,1.241712,0.04028133,-0.6062619,0.1393963,0.0955452,0.7771013,0.01533771,1.132219,0.2235993,-0.09256545,0.2242553,-0.09105868,0.9658414,MathCanvas,0.09584881,1.195253,1.555471,-0.1525103,1.521385,0.02854046,0.1565541,-0.2042019,0.9663293,-0.1188632,1.52124,0.02745176,0.1301474,-0.2046172,0.9701512,-0.1861972,1.521542,0.02951866,0.1831832,-0.203457,0.9617947,-0.1525302,1.521391,0.02848521,359.3946,1.760927,359.743,0,0,False
1,Center_Dir_Close,141,17.73999,-0.1525311,1.52141,0.02844249,-0.1533616,1.241712,0.04028133,-0.6062619,0.1393963,0.0955452,0.7771013,0.01533771,1.132219,0.2235993,-0.09256545,0.2242553,-0.09105868,0.9658414,MathCanvas,0.09505649,1.198451,1.556712,-0.1525302,1.521391,0.02848521,0.15669,-0.2038897,0.9663732,-0.1188643,1.521251,0.02740343,0.130231,-0.2041769,0.9702328,-0.1861979,1.52157,0.02948155,0.1832659,-0.2030228,0.9618707,-0.1525311,1.52141,0.02844249,359.3756,1.770716,359.7288,0,0,False
1,Center_Dir_Close,142,17.75999,-0.1526332,1.521281,0.02822877,-0.1540734,1.241551,0.04003745,-0.6100486,0.1385433,0.09529753,0.7743157,0.01532208,1.13176,0.2234401,-0.09162528,0.2244243,-0.09094755,0.9659023,MathCanvas,0.09527509,1.198958,1.556767,-0.1525717,1.521287,0.02826914,0.1564505,-0.204451,0.9662935,-0.1189658,1.521122,0.02721043,0.1296273,-0.2048066,0.970181,-0.1863007,1.52144,0.02924711,0.1826675,-0.2036481,0.9618524,-0.1526332,1.521281,0.02822877,359.4127,1.735279,359.7289,0,0,False
1,Center_Dir_Close,143,17.77999,-0.1527155,1.521349,0.02824327,-0.1540979,1.241587,0.03988247,-0.6097285,0.1386652,0.0947017,0.7746192,0.01530775,1.131589,0.2234737,-0.09134395,0.2244684,-0.09082571,0.9659301,MathCanvas,0.09479494,1.19794,1.556433,-0.1526332,1.521281,0.02822877,0.1638659,-0.2048129,0.9649869,-0.1190474,1.52119,0.02724617,0.1367525,-0.2047254,0.9692194,-0.1863836,1.521507,0.02924038,0.1896747,-0.2034695,0.960533,-0.1527155,1.521349,0.02824327,359.3707,1.699315,359.7307,0,0,False
1,Center_Dir_Close,144,17.79999,-0.1529106,1.521373,0.02818188,-0.154338,1.241522,0.03916593,-0.6135303,0.1335915,0.09171658,0.7728661,0.01513493,1.131238,0.2236425,-0.09093848,0.2243215,-0.09031619,0.9660503,MathCanvas,0.1064056,1.197478,1.554177,-0.1527574,1.521369,0.02819395,0.1633206,-0.204056,0.9652396,-0.1192415,1.521184,0.02722755,0.135615,-0.2047836,0.9693669,-0.1865798,1.521562,0.02913621,0.1885468,-0.2035844,0.9607307,-0.1529106,1.521373,0.02818188,359.3549,1.62719,359.6788,0,0,False
1,Center_Dir_Close,145,17.81999,-0.1529668,1.521382,0.0281301,-0.154338,1.241522,0.03916593,-0.6135303,0.1335915,0.09171658,0.7728661,0.01513493,1.131238,0.2236425,-0.09093848,0.2243215,-0.09031619,0.9660503,MathCanvas,0.1053917,1.198645,1.554773,-0.1529106,1.521373,0.02818188,0.1649728,-0.2044742,0.9648701,-0.1192973,1.521185,0.02718785,0.1380744,-0.2049186,0.9689912,-0.1866362,1.521579,0.02907234,0.1909633,-0.2037006,0.9602286,-0.1529668,1.521382,0.0281301,359.3431,1.606863,359.6643,0,0,False
1,Center_Dir_Close,146,17.83999,-0.1531767,1.521163,0.02807989,-0.1552253,1.241364,0.03780736,-0.6273183,0.1115836,0.09006935,0.7654465,0.01473085,1.130912,0.2238763,-0.09040752,0.2237533,-0.0898945,0.9662712,MathCanvas,0.1079431,1.197999,1.554104,-0.1529668,1.521382,0.0281301,0.1640324,-0.2056689,0.9647765,-0.1195061,1.520964,0.02718201,0.1362198,-0.2080678,0.9685824,-0.1868474,1.521362,0.02897778,0.1891253,-0.2068291,0.9599236,-0.1531767,1.521163,0.02807989,359.448,1.530787,359.6614,0,0,False
1,Center_Dir_Close,147,17.85999,-0.1533687,1.520905,0.02802002,-0.155563,1.241433,0.03814939,-0.6251678,0.1136192,0.09434115,0.7663913,0.01430084,1.13078,0.2240212,-0.09010188,0.2234416,-0.09013606,0.9663494,MathCanvas,0.1062111,1.195935,1.553701,-0.1532879,1.521067,0.02802663,0.1669836,-0.2066543,0.9640594,-0.1196961,1.520737,0.02719252,0.1395612,-0.2081385,0.9680914,-0.1870413,1.521074,0.02884751,0.1924027,-0.2067987,0.9592787,-0.1533687,1.520905,0.02802002,359.5362,1.41007,359.7132,0,0,False
1,Center_Dir_Close,148,17.87999,-0.1534571,1.520771,0.02802138,-0.1555562,1.241371,0.03857804,-0.6194704,0.119536,0.09813967,0.7696338,0.01396804,1.130785,0.2240913,-0.08998791,0.2233045,-0.09054182,0.9663537,MathCanvas,0.1106432,1.194172,1.552261,-0.1533687,1.520905,0.02802002,0.1665536,-0.2118337,0.9630091,-0.1197837,1.520617,0.02722291,0.1393333,-0.2134137,0.9669751,-0.1871305,1.520924,0.02881984,0.1921724,-0.211988,0.9581915,-0.1534571,1.520771,0.02802138,359.5915,1.360201,359.7395,0,0,False
1,Center_Dir_Close,149,17.89999,-0.1536832,1.52061,0.02792834,-0.1555562,1.241371,0.03857804,-0.6194704,0.119536,0.09813967,0.7696338,0.01396804,1.130785,0.2240913,-0.08998791,0.2233045,-0.09054182,0.9663537,MathCanvas,0.1097059,1.186063,1.549624,-0.1535714,1.520688,0.02797667,0.165047,-0.213146,0.9629788,-0.1200085,1.520463,0.02718629,0.1378044,-0.2144258,0.9669703,-0.1873579,1.520758,0.0286704,0.1906572,-0.212997,0.9582704,-0.1536832,1.52061,0.02792834,359.6619,1.263846,359.7484,0,0,False
1,Center_Dir_Close,150,17.91999,-0.1538112,1.52053,0.02788202,-0.1555562,1.241371,0.03857804,-0.6194704,0.119536,0.09813967,0.7696338,0.01396804,1.130785,0.2240913,-0.08998791,0.2233045,-0.09054182,0.9663537,MathCanvas,0.1070912,1.18384,1.549436,-0.1536832,1.52061,0.02792834,0.1642884,-0.2137114,0.9629833,-0.1201357,1.52039,0.02717091,0.1369613,-0.2150027,0.9669619,-0.1874866,1.52067,0.02859312,0.1898218,-0.2135566,0.9583117,-0.1538112,1.52053,0.02788202,359.6977,1.210967,359.762,0,0,False
1,Center_Dir_Close,151,17.93999,-0.1542662,1.520364,0.02776586,-0.1563219,1.241266,0.03789515,-0.619855,0.1050117,0.1028149,0.7708316,0.01265632,1.130856,0.2242643,-0.08977807,0.2212996,-0.09129226,0.9667637,MathCanvas,0.1057764,1.182851,1.549465,-0.1541213,1.520443,0.02781713,0.16201,-0.2178499,0.9624418,-0.1205895,1.520195,0.02712562,0.1346371,-0.219272,0.9663295,-0.1879429,1.520533,0.02840609,0.1875183,-0.2178397,0.957801,-0.1542662,1.520364,0.02776586,359.8177,1.090046,359.7129,0,0,False
1,Center_Dir_Close,152,17.95999,-0.1544122,1.520285,0.02771423,-0.1563219,1.241266,0.03789515,-0.619855,0.1050117,0.1028149,0.7708316,0.01265632,1.130856,0.2242643,-0.08977807,0.2212996,-0.09129226,0.9667637,MathCanvas,0.1016178,1.176285,1.547879,-0.1542662,1.520364,0.02776586,0.1611341,-0.218556,0.9624287,-0.1207349,1.520116,0.02710463,0.1337516,-0.2199858,0.9662902,-0.1880894,1.520453,0.02832384,0.1866405,-0.218548,0.9578111,-0.1544122,1.520285,0.02771423,359.86,1.037719,359.7129,0,0,False
1,Center_Dir_Close,153,17.97999,-0.1545958,1.520638,0.02784457,-0.1565217,1.241403,0.03688983,-0.6261745,0.1025393,0.09780255,0.766698,0.0104371,1.131116,0.2244108,-0.09049786,0.2174717,-0.09103602,0.9675891,MathCanvas,0.1000832,1.175097,1.547775,-0.1544675,1.520622,0.02785341,0.1562918,-0.2158127,0.9638453,-0.120917,1.520522,0.02731106,0.1289085,-0.2163406,0.9677703,-0.1882746,1.520753,0.02837807,0.181863,-0.2148928,0.9595556,-0.1545958,1.520638,0.02784457,359.6318,0.9088086,359.8035,0,0,False
1,Center_Dir_Close,154,17.99999,-0.1547357,1.520665,0.02780256,-0.1565418,1.241394,0.0369163,-0.6259605,0.1025054,0.09762281,0.7669002,0.01034427,1.131121,0.2244098,-0.09044514,0.2173152,-0.09108325,0.9676247,MathCanvas,0.0923922,1.179589,1.55101,-0.1545958,1.520638,0.02784457,0.1554027,-0.2156481,0.9640259,-0.1210564,1.520539,0.02730096,0.1278918,-0.2164162,0.9678882,-0.1884149,1.52079,0.02830417,0.1808548,-0.2149719,0.9597284,-0.1547357,1.520665,0.02780256,359.6322,0.8546389,359.787,0,0,False
1,Center_Dir_Close,155,18.01999,-0.1548771,1.520677,0.02775944,-0.1565418,1.241394,0.0369163,-0.6259605,0.1025054,0.09762281,0.7669002,0.01034427,1.131121,0.2244098,-0.09044514,0.2173152,-0.09108325,0.9676247,MathCanvas,0.09089368,1.179811,1.55154,-0.1547357,1.520665,0.02780256,0.1544272,-0.2156941,0.9641724,-0.1211973,1.520554,0.02729001,0.1269875,-0.2162936,0.9680347,-0.1885568,1.520799,0.02822888,0.1799582,-0.2148452,0.9599253,-0.1548771,1.520677,0.02775944,359.6255,0.7999099,359.7921,0,0,False
1,Center_Dir_Close,156,18.03999,-0.1550736,1.520741,0.02760758,-0.156596,1.241322,0.03704526,-0.6241894,0.1036195,0.09615808,0.7683777,0.009788653,1.131134,0.2244324,-0.09022132,0.2165181,-0.09124803,0.9678088,MathCanvas,0.0892351,1.179716,1.551884,-0.154946,1.520723,0.02766052,0.175785,-0.09848729,0.9794896,-0.1213939,1.520585,0.02714904,0.1487098,-0.09886184,0.9839267,-0.1887534,1.520897,0.02806613,0.2013141,-0.09824719,0.9745872,-0.1550736,1.520741,0.02760758,359.6753,0.78153,359.7343,0,0,False
1,Center_Dir_Close,157,18.05999,-0.1550022,1.520772,0.02755979,-0.1569314,1.241393,0.03698745,-0.6232122,0.1032848,0.09628455,0.7691997,0.009448024,1.13098,0.224476,-0.0898428,0.2162312,-0.09125587,0.9679074,MathCanvas,0.0892351,1.179716,1.551884,-0.1550736,1.520741,0.02760758,0.17579,-0.09815869,0.9795217,-0.1213228,1.520611,0.02707502,0.1501851,-0.09781155,0.9838076,-0.1886815,1.520932,0.02804456,0.2027752,-0.09720819,0.9743884,-0.1550022,1.520772,0.02755979,359.6361,0.8263774,359.7262,0,0,False
1,Center_Dir_Close,158,18.07999,-0.1550831,1.520803,0.02752497,-0.1571626,1.241428,0.03688475,-0.6229247,0.1010673,0.09567302,0.7698032,0.009192897,1.130849,0.2245277,-0.08957434,0.2161625,-0.09083335,0.9679874,MathCanvas,0.0892351,1.179716,1.551884,-0.1550978,1.520798,0.02750501,0.1894218,-0.1156916,0.9750563,-0.121404,1.520617,0.0270344,0.1636678,-0.1158043,0.979695,-0.1887623,1.52099,0.02801555,0.2160019,-0.1150296,0.9695934,-0.1550831,1.520803,0.02752497,359.6072,0.8367022,359.6825,0,0,False
1,Center_Dir_Close,159,18.09999,-0.1551456,1.520779,0.02747718,-0.1575554,1.241428,0.03669249,-0.6245074,0.09575962,0.09365802,0.7694471,0.008989431,1.130711,0.2245194,-0.08933958,0.2162167,-0.0906003,0.9680188,MathCanvas,0.149787,1.3346,1.596856,-0.1550831,1.520803,0.02752497,0.1892205,-0.1156756,0.9750973,-0.1214667,1.520574,0.02697751,0.1631826,-0.1164057,0.9797046,-0.1888244,1.520984,0.02797685,0.2155216,-0.1156379,0.9696279,-0.1551456,1.520779,0.02747718,359.6219,0.8522937,359.6515,0,0,False
1,Center_Dir_Close,160,18.11999,-0.1553005,1.520704,0.02737793,-0.1577972,1.241438,0.03654581,-0.6263002,0.09179807,0.09177381,0.7686995,0.008865888,1.130616,0.2244899,-0.08913213,0.2160944,-0.09061913,0.9680635,MathCanvas,0.1493945,1.334605,1.596843,-0.155216,1.520711,0.02742713,0.1894891,-0.1708883,0.9668977,-0.1216219,1.520474,0.02687136,0.1633153,-0.1717121,0.9715159,-0.1889792,1.520934,0.02788449,0.2156484,-0.1704522,0.9614789,-0.1553005,1.520704,0.02737793,359.6441,0.8641581,359.6089,0,0,False
1,Center_Dir_Close,161,18.13999,-0.1553471,1.520612,0.02731998,-0.1579051,1.241442,0.03644396,-0.6276085,0.08722944,0.08859168,0.7685377,0.008622867,1.130457,0.2244028,-0.08869171,0.2158387,-0.0906837,0.9681549,MathCanvas,0.1461669,1.248829,1.565663,-0.1553005,1.520704,0.02737793,0.1897839,-0.171282,0.9667702,-0.1216687,1.520381,0.02679951,0.1639413,-0.172401,0.9712884,-0.1890255,1.520844,0.02784045,0.216268,-0.1711231,0.9612206,-0.1553471,1.520612,0.02731998,359.6721,0.887634,359.6065,0,0,False
1,Center_Dir_Close,162,18.15999,-0.1553855,1.520561,0.02729164,-0.1578473,1.241417,0.03645565,-0.6279772,0.08262714,0.0856901,0.7690739,0.008533748,1.130416,0.2243312,-0.08862451,0.2157894,-0.09067727,0.9681727,MathCanvas,0.146559,1.248139,1.565247,-0.1553471,1.520612,0.02731998,0.1898247,-0.1714591,0.9667308,-0.1217071,1.520336,0.02676655,0.1637582,-0.1719438,0.9714004,-0.1890638,1.520786,0.02781673,0.2160868,-0.1706725,0.9613414,-0.1553855,1.520561,0.02729164,359.665,0.895483,359.6168,0,0,False
1,Center_Dir_Close,163,18.17999,-0.1554397,1.520457,0.02728695,-0.1579239,1.241317,0.03651874,-0.6299523,0.06911872,0.07970658,0.7694346,0.008372824,1.130355,0.2241555,-0.0886221,0.2157572,-0.09054304,0.9681926,MathCanvas,0.1465674,1.247822,1.565064,-0.155453,1.520538,0.0272425,0.1902199,-0.2060064,0.9598842,-0.1217613,1.520265,0.02674961,0.164488,-0.2066476,0.9644898,-0.1891181,1.520648,0.0278243,0.2168083,-0.2049319,0.9544616,-0.1554397,1.520457,0.02728695,359.6691,0.9159701,359.6741,0,0,False
1,Center_Dir_Close,164,18.19999,-0.155499,1.520467,0.02725157,-0.1584747,1.24117,0.03660857,-0.6329785,0.05605534,0.07615118,0.768373,0.008262484,1.130331,0.2239581,-0.08852932,0.2156616,-0.09059539,0.9682175,MathCanvas,0.1454215,1.194627,1.545488,-0.1554397,1.520457,0.02728695,0.1807596,-0.2138661,0.9599934,-0.1218204,1.5203,0.02672029,0.1544301,-0.2145406,0.9644292,-0.1891776,1.520633,0.02778284,0.2069384,-0.2128488,0.9549199,-0.155499,1.520467,0.02725157,359.6663,0.9054099,359.7169,0,0,False
1,Center_Dir_Close,165,18.21999,-0.1556329,1.520444,0.02715493,-0.1587509,1.24112,0.03660481,-0.6347727,0.04621254,0.07214469,0.7679344,0.008262484,1.130331,0.2239581,-0.08852932,0.2156616,-0.09059539,0.9682175,MathCanvas,0.1301045,1.182554,1.544058,-0.155566,1.520455,0.02720324,0.1708308,-0.2136336,0.9618615,-0.1219543,1.520291,0.0266193,0.144533,-0.2144183,0.9659891,-0.1893115,1.520596,0.02769056,0.1972235,-0.212851,0.956973,-0.1556329,1.520444,0.02715493,359.6703,0.9126543,359.7411,0,0,False
1,Center_Dir_Close,166,18.23999,-0.1555459,1.520463,0.02712031,-0.1620038,1.240923,0.03747708,-0.6438866,0.04752479,0.07138184,0.7603,0.008528291,1.130619,0.2231773,-0.08929379,0.2164322,-0.09144606,0.9678953,MathCanvas,0.1143706,1.182789,1.547408,-0.1556329,1.520444,0.02715493,0.1707702,-0.2131006,0.9619905,-0.121867,1.520341,0.02659305,0.1443215,-0.2129313,0.9663496,-0.1892247,1.520585,0.02764758,0.1970146,-0.2112893,0.9573621,-0.1555459,1.520463,0.02712031,359.6197,0.898311,359.7922,0,0,False
1,Center_Dir_Close,167,18.25999,-0.1556111,1.52047,0.02704929,-0.1631932,1.240842,0.03774248,-0.6478287,0.04012626,0.06793274,0.7576893,0.008613482,1.130659,0.2230868,-0.08941695,0.2166371,-0.09157246,0.9678262,MathCanvas,0.1143393,1.183679,1.54745,-0.1555459,1.520463,0.02712031,0.1709446,-0.2053988,0.9636334,-0.1219323,1.52037,0.02651406,0.1449039,-0.2056986,0.967828,-0.1892899,1.52057,0.02758451,0.1975916,-0.204122,0.9587971,-0.1556111,1.52047,0.02704929,359.5967,0.9116697,359.8292,0,0,False
1,Center_Dir_Close,168,18.27999,-0.1555578,1.520502,0.02711855,-0.1648101,1.241794,0.03819566,-0.6427762,0.0373591,0.07405571,0.7615503,0.009035052,1.130799,0.2227367,-0.08977983,0.2175455,-0.0920641,0.9675421,MathCanvas,0.1148263,1.195526,1.551534,-0.1556111,1.52047,0.02704929,0.1715824,-0.2041163,0.9637925,-0.1218796,1.520353,0.02655674,0.1456598,-0.203591,0.96816,-0.189236,1.520651,0.02768036,0.1983393,-0.2021866,0.9590527,-0.1555578,1.520502,0.02711855,359.5106,0.9578739,359.7464,0,0,False
1,Center_Dir_Close,169,18.29999,-0.1556931,1.520198,0.0270414,-0.1669101,1.24275,0.03718636,-0.620373,0.006571287,0.0725873,0.7809131,0.01003188,1.130628,0.2222248,-0.08943338,0.2196901,-0.09227277,0.9670697,MathCanvas,0.1158809,1.197596,1.551812,-0.1555855,1.520417,0.02712619,0.1699007,-0.203655,0.9641879,-0.1220162,1.519967,0.0264318,0.1438042,-0.2053958,0.9680563,-0.1893701,1.520429,0.02765099,0.1965205,-0.2040578,0.9590308,-0.1556931,1.520198,0.0270414,359.5599,1.040026,359.6069,0,0,False
1,Center_Dir_Close,170,18.31999,-0.155752,1.520127,0.02699724,-0.1677369,1.242943,0.03716692,-0.617811,-0.0004739352,0.07173418,0.7830476,0.01014715,1.130566,0.2221813,-0.08931292,0.220017,-0.09228749,0.9670051,MathCanvas,0.1130741,1.198035,1.552298,-0.1556931,1.520198,0.0270414,0.1727385,-0.2047835,0.9634444,-0.1220754,1.51988,0.02637542,0.1465953,-0.2056532,0.9675829,-0.1894286,1.520374,0.02761906,0.1992641,-0.2043094,0.9584109,-0.155752,1.520127,0.02699724,359.5673,1.060983,359.58,0,0,False
1,Center_Dir_Close,171,18.33999,-0.1559235,1.51977,0.02679075,-0.1675764,1.241034,0.03654161,-0.6176816,-0.01404874,0.06434509,0.7836656,0.01065772,1.130026,0.2220889,-0.08828662,0.2216004,-0.09195607,0.9667693,MathCanvas,0.1174299,1.196267,1.550662,-0.155752,1.520127,0.02699724,0.1727049,-0.2055115,0.9632954,-0.1222471,1.519504,0.02616969,0.1461537,-0.2076979,0.9672129,-0.1895999,1.520036,0.02741181,0.1988262,-0.2063655,0.9580612,-0.1559235,1.51977,0.02679075,359.6523,1.059274,359.5477,0,0,False
1,Center_Dir_Close,172,18.35999,-0.1561461,1.519378,0.02660037,-0.1683623,1.240196,0.03635294,-0.618372,-0.0288716,0.06169726,0.7829279,0.01069994,1.129703,0.2221555,-0.08781559,0.2218744,-0.09138156,0.9668038,MathCanvas,0.1171605,1.194811,1.54997,-0.156049,1.519525,0.02668403,0.1641254,-0.2074058,0.9643887,-0.1224703,1.519047,0.02597566,0.1377153,-0.2084974,0.9682786,-0.1898219,1.519709,0.02722508,0.1905322,-0.2073589,0.9595311,-0.1561461,1.519378,0.02660037,359.7188,1.065519,359.4373,0,0,False
1,Center_Dir_Close,173,18.37999,-0.1562431,1.519232,0.0265169,-0.1689619,1.239995,0.0362473,-0.6167134,-0.03679451,0.05988863,0.7840434,0.01069994,1.129703,0.2221555,-0.08781559,0.2218744,-0.09138156,0.9668038,MathCanvas,0.103302,1.191513,1.551098,-0.1561461,1.519378,0.02660037,0.164182,-0.2079282,0.9642666,-0.1225677,1.518878,0.02588501,0.1377718,-0.2090021,0.9681617,-0.1899185,1.519586,0.02714878,0.1905875,-0.2078966,0.9594036,-0.1562431,1.519232,0.0265169,359.7437,1.077662,359.3978,0,0,False
1,Center_Dir_Close,174,18.39999,-0.1568211,1.518826,0.02623686,-0.167891,1.23852,0.03387833,-0.6475281,-0.05167472,0.05585993,0.7582327,0.01034214,1.12858,0.2224979,-0.08616489,0.2216114,-0.08922854,0.9672136,MathCanvas,0.1031817,1.190683,1.550159,-0.1566527,1.518983,0.02634649,0.1708554,-0.2083005,0.9630261,-0.1231442,1.518449,0.02570716,0.1439975,-0.2094909,0.9671496,-0.1904981,1.519204,0.02676656,0.1966808,-0.2083154,0.9580821,-0.1568211,1.518826,0.02623686,359.8322,0.9030085,359.3572,0,0,False
1,Center_Dir_Close,175,18.41999,-0.1572224,1.518862,0.02610234,-0.1683176,1.238916,0.03249291,-0.6590163,-0.05190003,0.0544779,0.7483556,0.009823506,1.127871,0.2228352,-0.08487917,0.2205596,-0.08802913,0.9676776,MathCanvas,0.1131215,1.189723,1.547768,-0.1568211,1.518826,0.02623686,0.1689147,-0.2073104,0.963582,-0.123544,1.518504,0.02565806,0.1401938,-0.2065674,0.9683365,-0.1909008,1.519219,0.02654661,0.1929136,-0.2053328,0.9594909,-0.1572224,1.518862,0.02610234,359.757,0.7583697,359.3919,0,0,False
1,Center_Dir_Close,176,18.43999,-0.1580383,1.518959,0.02579106,-0.1691509,1.239412,0.0310046,-0.6714302,-0.05296792,0.05291797,0.7372758,0.008875956,1.127321,0.2232336,-0.08439506,0.2188238,-0.08686704,0.9682189,MathCanvas,0.1096283,1.191354,1.548365,-0.157463,1.518778,0.02598416,0.1543934,-0.2114654,0.965114,-0.124359,1.518575,0.0254555,0.1256783,-0.2112215,0.9693247,-0.1917177,1.519344,0.02612662,0.1786245,-0.2101851,0.9612053,-0.1580383,1.518959,0.02579106,359.7166,0.5740829,359.3458,0,0,False
1,Center_Dir_Close,177,18.45999,-0.15833,1.518906,0.02565895,-0.1694946,1.239274,0.03042905,-0.6754604,-0.05827953,0.05139211,0.733291,0.008875956,1.127321,0.2232336,-0.08439506,0.2188238,-0.08686704,0.9682189,MathCanvas,0.08573297,1.185077,1.549607,-0.1580383,1.518959,0.02579106,0.1559699,-0.2068317,0.9658644,-0.1246504,1.51851,0.02535917,0.1283675,-0.2073882,0.9698,-0.1920095,1.519303,0.02595873,0.181262,-0.2063596,0.9615403,-0.15833,1.518906,0.02565895,359.716,0.5133201,359.3253,0,0,False
1,Center_Dir_Close,178,18.47999,-0.1584337,1.519082,0.02527378,-0.1694404,1.240483,0.03057987,-0.6781409,-0.05072704,0.05839427,0.7308501,0.006734146,1.12719,0.2238028,-0.08398692,0.2157674,-0.08728272,0.9689027,MathCanvas,0.08800958,1.192235,1.551149,-0.15833,1.518906,0.02565895,0.1440805,-0.2059597,0.9678953,-0.1247528,1.518717,0.02513158,0.1131485,-0.2067525,0.9718286,-0.1921147,1.519447,0.02541598,0.1662299,-0.2057007,0.9643936,-0.1584337,1.519082,0.02527378,359.7393,0.244725,359.3791,0,0,False
1,Center_Dir_Close,179,18.49999,-0.159016,1.519138,0.02494549,-0.1695724,1.240561,0.0297624,-0.6847442,-0.05790384,0.05652304,0.7242774,0.006349014,1.127266,0.2238812,-0.08406139,0.215358,-0.08761263,0.9689575,MathCanvas,0.06913719,1.193774,1.554036,-0.1587607,1.51909,0.02511107,0.1406053,-0.2059031,0.9684183,-0.1253349,1.518764,0.02492455,0.112269,-0.2064407,0.9719968,-0.1926972,1.519511,0.02496643,0.1653562,-0.2054735,0.9645921,-0.159016,1.519138,0.02494549,359.7329,0.03858747,359.3644,0,0,False
1,Center_Dir_Close,180,18.51999,-0.1591284,1.519415,0.02485231,-0.1690802,1.240621,0.02937706,-0.6876385,-0.06233998,0.05515056,0.7212667,0.005374942,1.127546,0.2240077,-0.08454395,0.2143332,-0.0881374,0.9690952,MathCanvas,0.06308042,1.193898,1.554634,-0.159016,1.519138,0.02494549,0.1390941,-0.2043742,0.9689603,-0.1254468,1.519094,0.02489274,0.1110627,-0.2029852,0.9728628,-0.1928101,1.519737,0.02481187,0.1641604,-0.2018871,0.9655532,-0.1591284,1.519415,0.02485231,359.631,359.9347,359.4531,0,0,False
1,Center_Dir_Close,181,18.53999,-0.1594343,1.519802,0.02468126,-0.1690415,1.240866,0.0286862,-0.6929604,-0.06894744,0.05493572,0.7155657,0.004567446,1.127788,0.2240736,-0.08494077,0.2131815,-0.08861235,0.9692712,MathCanvas,0.06057496,1.1966,1.555355,-0.1592275,1.519656,0.02480548,0.1301891,-0.1939071,0.972343,-0.1257524,1.519563,0.02485312,0.1018705,-0.1937215,0.9757532,-0.1931163,1.520041,0.0245094,0.1550772,-0.1926947,0.9689271,-0.1594343,1.519802,0.02468126,359.4902,359.7113,359.5932,0,0,False
1,Center_Dir_Close,182,18.55999,-0.1596404,1.519948,0.02455742,-0.169128,1.240912,0.02827684,-0.6961821,-0.07256354,0.0543654,0.7121161,0.004567446,1.127788,0.2240736,-0.08494077,0.2131815,-0.08861235,0.9692712,MathCanvas,0.04653044,1.213033,1.562969,-0.1594343,1.519802,0.02468126,0.123278,-0.1922138,0.9735792,-0.1259588,1.519727,0.02479075,0.09491987,-0.1920139,0.9767911,-0.1933221,1.520169,0.0243241,0.1482111,-0.1910245,0.9703314,-0.1596404,1.519948,0.02455742,359.4533,359.6067,359.6242,0,0,False
1,Center_Dir_Close,183,18.57999,-0.1598987,1.519755,0.02427007,-0.1685574,1.240709,0.02986153,-0.6773128,-0.04762429,0.05682999,0.7319492,0.0009351876,1.129103,0.2239694,-0.08697642,0.2067827,-0.09125266,0.9702314,MathCanvas,0.03542369,1.215806,1.565062,-0.159753,1.519726,0.0244073,0.1194359,-0.1917329,0.9741527,-0.1262168,1.51959,0.02452586,0.09153101,-0.1919404,0.977129,-0.1935805,1.51992,0.02401428,0.1448656,-0.1909077,0.9708595,-0.1598987,1.519755,0.02427007,359.3758,359.568,359.7186,0,0,False
1,Center_Dir_Close,184,18.59999,-0.1600842,1.519825,0.02413644,-0.1685574,1.240709,0.02986153,-0.6773128,-0.04762429,0.05682999,0.7319492,0.0009351876,1.129103,0.2239694,-0.08697642,0.2067827,-0.09125266,0.9702314,MathCanvas,0.0291067,1.216341,1.56585,-0.1598987,1.519755,0.02427007,0.1182232,-0.1911442,0.9744163,-0.1264026,1.51968,0.02443861,0.09028639,-0.1910873,0.9774119,-0.1937657,1.51997,0.02383428,0.143629,-0.1900141,0.9712185,-0.1600842,1.519825,0.02413644,359.3453,359.4888,359.7534,0,0,False
1,Center_Dir_Close,185,18.61999,-0.1601599,1.519784,0.02405837,-0.1683222,1.240549,0.02932837,-0.6742928,-0.03998712,0.05694856,0.7351783,-8.163415E-05,1.129105,0.2240311,-0.08726034,0.2048234,-0.09031886,0.9707088,MathCanvas,0.02706726,1.217237,1.566671,-0.1600842,1.519825,0.02413644,0.1169987,-0.1905507,0.9746803,-0.1264786,1.519635,0.02438359,0.08959432,-0.1909121,0.9775098,-0.1938412,1.519933,0.02373316,0.1429414,-0.1898468,0.9713526,-0.1601599,1.519784,0.02405837,359.3343,359.4497,359.7463,0,0,False
1,Center_Dir_Close,186,18.63999,-0.1603289,1.519912,0.02402807,-0.1680119,1.240666,0.02877527,-0.6731258,-0.02743602,0.0597995,0.7365955,-0.0007593296,1.128557,0.2242407,-0.0862644,0.2035903,-0.08959466,0.9711243,MathCanvas,0.02510421,1.218052,1.567437,-0.1602407,1.519853,0.02403653,0.1124203,-0.1932143,0.9746948,-0.1266483,1.51976,0.024418,0.08468196,-0.1937628,0.9773868,-0.1940095,1.520064,0.02363815,0.1380794,-0.1927132,0.9714915,-0.1603289,1.519912,0.02402807,359.2951,359.3399,359.742,0,0,False
1,Center_Dir_Close,187,18.65999,-0.1604423,1.519927,0.02390597,-0.1678522,1.240713,0.02850255,-0.6735851,-0.02496761,0.06137638,0.7361337,-0.0008574091,1.128408,0.2242795,-0.08609114,0.2034616,-0.0893723,0.9711871,MathCanvas,0.01762603,1.214065,1.566914,-0.1603289,1.519912,0.02402807,0.1114196,-0.193238,0.974805,-0.126762,1.519763,0.02431822,0.08395988,-0.1939429,0.9774134,-0.1941226,1.520092,0.02349371,0.1373616,-0.1929126,0.9715536,-0.1604423,1.519927,0.02390597,359.3036,359.3021,359.7202,0,0,False
1,Center_Dir_Close,188,18.67999,-0.1606767,1.519963,0.02370965,-0.1676772,1.240758,0.02815034,-0.673483,-0.02067262,0.06295846,0.7362266,-0.0009846371,1.128239,0.2243394,-0.08581362,0.2032974,-0.0891179,0.9712694,MathCanvas,0.01604079,1.213848,1.567949,-0.160575,1.519967,0.02382586,0.1012755,-0.1950179,0.9755569,-0.1269974,1.519798,0.02419538,0.07331707,-0.1957179,0.9779157,-0.194356,1.520128,0.02322393,0.1268327,-0.1947718,0.9726137,-0.1606767,1.519963,0.02370965,359.3016,359.1772,359.7197,0,0,False
1,Center_Dir_Close,189,18.69999,-0.1606857,1.519936,0.02363669,-0.1675978,1.240985,0.02797059,-0.6791261,-0.02379162,0.06791966,0.7304852,-0.001118764,1.127703,0.2245495,-0.08434021,0.2033356,-0.08959946,0.9713461,MathCanvas,-0.0002948493,1.211129,1.568621,-0.1606767,1.519963,0.02370965,0.08571656,-0.1975472,0.9765387,-0.127007,1.519836,0.02417706,0.0576439,-0.1978182,0.9785423,-0.1943645,1.520036,0.02309633,0.1113219,-0.1968254,0.9740981,-0.1606857,1.519936,0.02363669,359.2997,359.0829,359.83,0,0,False
1,Center_Dir_Close,190,18.71999,-0.1608723,1.520006,0.02358789,-0.1673216,1.241118,0.02771596,-0.6818316,-0.02449567,0.06969388,0.7277695,-0.001112301,1.127609,0.224551,-0.08428636,0.2036184,-0.08996908,0.9712574,MathCanvas,-0.02500486,1.207238,1.569401,-0.16077,1.519983,0.02363016,0.07703747,-0.1996248,0.9768394,-0.1271946,1.519926,0.02419236,0.04913267,-0.1998225,0.9785995,-0.19455,1.520086,0.02298342,0.1028836,-0.1989395,0.9745963,-0.1608723,1.520006,0.02358789,359.2585,358.9735,359.864,0,0,False
1,Center_Dir_Close,191,18.73999,-0.1609715,1.519998,0.02359928,-0.16675,1.241151,0.02785064,-0.6820355,-0.02847262,0.06639683,0.727742,-0.001150422,1.127474,0.2245407,-0.08440084,0.2040489,-0.09014651,0.9711407,MathCanvas,-0.03897309,1.204132,1.569276,-0.1608723,1.520006,0.02358789,0.07616799,-0.1996719,0.976898,-0.1272943,1.519895,0.02422763,0.04843441,-0.2002164,0.9785537,-0.1946487,1.520101,0.02297092,0.1021882,-0.19941,0.9745733,-0.1609715,1.519998,0.02359928,359.263,358.9333,359.8244,0,0,False
1,Center_Dir_Close,192,18.75999,-0.1610869,1.52,0.02352297,-0.1665356,1.24115,0.02794577,-0.6822734,-0.02943954,0.06437494,0.7276622,-0.001208438,1.127356,0.2245411,-0.08427289,0.2041867,-0.09036645,0.9711024,MathCanvas,-0.04040518,1.203937,1.569931,-0.1610727,1.52,0.02356551,0.06548203,-0.1997176,0.977663,-0.1274108,1.51991,0.02420856,0.03786435,-0.2002015,0.9790228,-0.194763,1.520091,0.02283738,0.09170177,-0.1994152,0.9756148,-0.1610869,1.52,0.02352297,359.2637,358.8357,359.8467,0,0,False
1,Center_Dir_Close,193,18.77999,-0.1608934,1.52011,0.02347887,-0.1666066,1.241122,0.02800272,-0.6829938,-0.02852304,0.06348847,0.7271005,-0.00124394,1.127157,0.2245047,-0.08366776,0.2043448,-0.0915876,0.971007,MathCanvas,-0.05744769,1.203905,1.570882,-0.1610869,1.52,0.02352297,0.06191136,-0.2080062,0.9761662,-0.1272175,1.520075,0.02418286,0.03476094,-0.2078513,0.9775426,-0.1945692,1.520146,0.02277488,0.08862307,-0.2069279,0.974334,-0.1608934,1.52011,0.02347887,359.2352,358.8032,359.9394,0,0,False
1,Center_Dir_Close,194,18.79999,-0.1607767,1.520241,0.02352751,-0.1668836,1.241124,0.02810455,-0.68217,-0.02682781,0.06373087,0.7279168,-0.001153952,1.127129,0.2244234,-0.08373869,0.2045484,-0.09240506,0.9708806,MathCanvas,-0.06300266,1.191223,1.566937,-0.1608934,1.52011,0.02347887,0.06119004,-0.2075828,0.9763018,-0.1271012,1.520234,0.02424637,0.03397959,-0.2070246,0.9777455,-0.1944522,1.520248,0.02280866,0.0878443,-0.2061156,0.9745768,-0.1607767,1.520241,0.02352751,359.1798,358.7773,359.9884,0,0,False
1,Center_Dir_Close,195,18.81999,-0.160725,1.520349,0.02358031,-0.1669711,1.241129,0.02820947,-0.6810852,-0.0255512,0.0639105,0.7289619,-0.00101505,1.127164,0.224361,-0.08417296,0.2048277,-0.09227294,0.9707967,MathCanvas,-0.06401198,1.191973,1.567432,-0.1607293,1.520302,0.02356935,0.05897583,-0.2063173,0.9767062,-0.1270499,1.520358,0.02431666,0.03160977,-0.2064279,0.9779511,-0.1944002,1.520339,0.02284395,0.08549075,-0.2055288,0.9749099,-0.160725,1.520349,0.02358031,359.1279,358.7471,0.01604559,0,0,False
1,Center_Dir_Close,196,18.83999,-0.1607197,1.5204,0.02359087,-0.1669937,1.241133,0.02825559,-0.6806254,-0.02500825,0.06396705,0.7294052,-0.0009764545,1.127166,0.2243502,-0.08426279,0.2049057,-0.09220695,0.9707787,MathCanvas,-0.06744505,1.194024,1.568401,-0.160725,1.520349,0.02358031,0.05866554,-0.2060161,0.9767885,-0.1270448,1.520423,0.02433966,0.03142764,-0.2062061,0.9780037,-0.1943946,1.520377,0.02284209,0.08530902,-0.2052808,0.9749781,-0.1607197,1.5204,0.02359087,359.1138,358.7256,0.03946855,0,0,False
1,Center_Dir_Close,197,18.85999,-0.1605452,1.520372,0.02367357,-0.1671129,1.241164,0.02852551,-0.6783038,-0.02274054,0.06415036,0.7316226,-0.0007616598,1.127085,0.2243166,-0.08444169,0.2055397,-0.09216878,0.9706328,MathCanvas,-0.06790052,1.194447,1.569041,-0.1605698,1.520342,0.02365749,0.05831964,-0.206206,0.9767691,-0.1268702,1.520344,0.02441974,0.03105346,-0.2064312,0.9779682,-0.1942201,1.5204,0.0229274,0.08493637,-0.2055856,0.9749463,-0.1605452,1.520372,0.02367357,359.1295,358.7314,359.9524,0,0,False
1,Center_Dir_Close,198,18.87999,-0.1604352,1.520289,0.02364815,-0.1672421,1.241175,0.02870727,-0.6771288,-0.02102567,0.06475166,0.7327085,-0.0005574357,1.126982,0.2243341,-0.0842456,0.2061687,-0.09252892,0.9704822,MathCanvas,-0.0682708,1.194109,1.569135,-0.1605452,1.520372,0.02367357,0.05133295,-0.2165364,0.9749241,-0.1267602,1.520216,0.02438939,0.02420435,-0.2174779,0.9757651,-0.1941102,1.520362,0.02290691,0.07813606,-0.2167997,0.9730842,-0.1604352,1.520289,0.02364815,359.1592,358.7408,359.8757,0,0,False
1,Center_Dir_Close,199,18.89999,-0.1601698,1.520228,0.02366172,-0.1673817,1.241194,0.02922821,-0.6721526,-0.01019901,0.06676991,0.7373254,9.078532E-06,1.126699,0.2245685,-0.08349359,0.2077436,-0.09353539,0.9701147,MathCanvas,-0.07933111,1.17817,1.56399,-0.1602794,1.520198,0.02357707,0.05174444,-0.2166742,0.9748717,-0.1264935,1.52009,0.02433084,0.02574501,-0.2163157,0.9759839,-0.193846,1.520367,0.02299261,0.07967243,-0.2156846,0.9732073,-0.1601698,1.520228,0.02366172,359.1229,358.8654,359.7643,0,0,False
1,Center_Dir_Close,200,18.91999,-0.1601071,1.520232,0.02369373,-0.1673817,1.241194,0.02922821,-0.6721526,-0.01019901,0.06676991,0.7373254,9.078532E-06,1.126699,0.2245685,-0.08349359,0.2077436,-0.09353539,0.9701147,MathCanvas,-0.07840903,1.177864,1.564043,-0.1601698,1.520228,0.02366172,0.05272038,-0.2160003,0.974969,-0.1264307,1.520079,0.02435598,0.0258444,-0.2161748,0.9760126,-0.1937834,1.520385,0.02303148,0.07977156,-0.2155675,0.9732252,-0.1601071,1.520232,0.02369373,359.1135,358.8774,359.7397,0,0,False
1,Center_Dir_Close,201,18.93999,-0.1600132,1.52009,0.0238093,-0.1669547,1.241273,0.02893375,-0.6743306,-0.01563657,0.06562331,0.7353417,0.0001563597,1.12643,0.2248555,-0.08338508,0.208272,-0.09247859,0.9701121,MathCanvas,-0.07677896,1.178829,1.564698,-0.1601071,1.520232,0.02369373,0.05397705,-0.2165312,0.9747824,-0.1263358,1.519929,0.02441627,0.0285452,-0.2177912,0.9755779,-0.1936906,1.520251,0.02320232,0.08246443,-0.2171877,0.9726403,-0.1600132,1.52009,0.0238093,359.1689,358.9714,359.726,0,0,False
1,Center_Dir_Close,202,18.95999,-0.1598688,1.519936,0.02387832,-0.1670298,1.2413,0.02888475,-0.6758087,-0.01664607,0.06587613,0.7339386,0.0002175085,1.126397,0.2249561,-0.08313242,0.2084015,-0.09281591,0.9700738,MathCanvas,-0.07469508,1.177833,1.564586,-0.1599346,1.519982,0.02383474,0.04928577,-0.2178125,0.9747454,-0.1261912,1.519763,0.02446713,0.02261285,-0.2183739,0.9756031,-0.1935464,1.520108,0.02328951,0.07656875,-0.2178505,0.9729739,-0.1598688,1.519936,0.02387832,359.2264,359.0023,359.7067,0,0,False
1,Center_Dir_Close,203,18.97999,-0.1598,1.519864,0.02390769,-0.1670599,1.241321,0.02889943,-0.6761718,-0.0166582,0.06607047,0.7335864,0.0002405588,1.126386,0.2250017,-0.0830448,0.2084856,-0.09297084,0.9700483,MathCanvas,-0.08199329,1.175774,1.564055,-0.1598688,1.519936,0.02387832,0.0471086,-0.211774,0.9761826,-0.1261222,1.519683,0.02448113,0.0205007,-0.2125274,0.97694,-0.1934779,1.520044,0.02333425,0.07447133,-0.2120656,0.9744138,-0.1598,1.519864,0.02390769,359.2562,359.0285,359.6931,0,0,False
1,Center_Dir_Close,204,18.99999,-0.1597243,1.519709,0.02397189,-0.1671962,1.241385,0.02894835,-0.6763372,-0.01609297,0.0666263,0.7333961,0.0001488905,1.126437,0.2251415,-0.08333576,0.2084867,-0.09304572,0.970016,MathCanvas,-0.08529272,1.184921,1.567846,-0.1597407,1.51976,0.02391314,0.04761099,-0.2123603,0.9760309,-0.1260462,1.519548,0.02453385,0.02085039,-0.2126839,0.9768986,-0.1934024,1.519869,0.02340993,0.07482016,-0.2121877,0.9743605,-0.1597243,1.519709,0.02397189,359.2906,359.0474,359.7268,0,0,False
1,Center_Dir_Close,205,19.01999,-0.1597873,1.519637,0.02404889,-0.1672374,1.241357,0.02897426,-0.6763447,-0.01630869,0.06680606,0.7333682,-8.460134E-06,1.126557,0.2252215,-0.08358083,0.2081874,-0.09282915,0.97008,MathCanvas,-0.08442482,1.183849,1.567618,-0.1597243,1.519709,0.02397189,0.04790083,-0.2126624,0.9759509,-0.1261092,1.519467,0.0246143,0.0207394,-0.2133205,0.9767621,-0.1934653,1.519807,0.02348348,0.07470945,-0.2128413,0.9742265,-0.1597873,1.519637,0.02404889,359.3142,359.0416,359.7109,0,0,False
1,Center_Dir_Close,206,19.03999,-0.1598352,1.519511,0.02416339,-0.1674622,1.241394,0.02911443,-0.6776696,-0.01728542,0.06783467,0.7320271,-0.0001457743,1.126835,0.22529,-0.08376691,0.2079062,-0.09382234,0.9700286,MathCanvas,-0.08402354,1.183273,1.567689,-0.1598325,1.519559,0.02410612,0.0436779,-0.2141324,0.9758276,-0.1261577,1.519357,0.02476335,0.01650394,-0.2142772,0.9766335,-0.1935127,1.519665,0.02356343,0.07049549,-0.2137937,0.9743319,-0.1598352,1.519511,0.02416339,359.3366,358.9824,359.7378,0,0,False
1,Center_Dir_Close,207,19.05999,-0.1598181,1.519494,0.02420462,-0.1674775,1.2414,0.0291243,-0.6776742,-0.01727325,0.06789806,0.7320173,-0.0001542699,1.126878,0.2252982,-0.08384079,0.2078871,-0.0939675,0.9700123,MathCanvas,-0.09077823,1.180957,1.566996,-0.1598352,1.519511,0.02416339,0.0436946,-0.2143339,0.9757826,-0.1261405,1.519349,0.02480569,0.01671004,-0.21482,0.9765108,-0.1934956,1.519639,0.02360355,0.07070109,-0.214322,0.9742009,-0.1598181,1.519494,0.02420462,359.3515,358.9803,359.7534,0,0,False
1,Center_Dir_Close,208,19.07999,-0.1597301,1.519642,0.02422373,-0.1674353,1.241361,0.02910786,-0.6769889,-0.01625014,0.06775192,0.732688,-0.0001494996,1.127074,0.2253617,-0.0843752,0.2078604,-0.09410036,0.9699588,MathCanvas,-0.09072519,1.180575,1.567178,-0.1598103,1.519452,0.02425859,0.0434658,-0.2141857,0.9758254,-0.1260528,1.519524,0.02483949,0.01631362,-0.2141404,0.9766667,-0.1934075,1.519761,0.02360797,0.07030563,-0.2136064,0.9743868,-0.1597301,1.519642,0.02422373,359.3382,358.9549,359.7977,0,0,False
1,Center_Dir_Close,209,19.09999,-0.1597213,1.519619,0.02428507,-0.1674353,1.241361,0.02910786,-0.6769889,-0.01625014,0.06775192,0.732688,-0.0001494996,1.127074,0.2253617,-0.0843752,0.2078604,-0.09410036,0.9699588,MathCanvas,-0.09099144,1.18092,1.567435,-0.1597301,1.519642,0.02422373,0.04340121,-0.2143108,0.9758008,-0.1260439,1.519506,0.02490439,0.01632572,-0.2147052,0.9765424,-0.1933986,1.519731,0.02366574,0.07031769,-0.2141666,0.9742628,-0.1597213,1.519619,0.02428507,359.3463,358.9486,359.808,0,0,False
1,Center_Dir_Close,210,19.11999,-0.1597124,1.519595,0.02434666,-0.1674353,1.241361,0.02910786,-0.6769889,-0.01625014,0.06775192,0.732688,-0.0001494996,1.127074,0.2253617,-0.0843752,0.2078604,-0.09410036,0.9699588,MathCanvas,-0.0910799,1.180675,1.567566,-0.1597213,1.519619,0.02428507,0.03516577,-0.2185095,0.975201,-0.1260351,1.519488,0.02496957,0.008072224,-0.2188694,0.9757208,-0.1933897,1.519701,0.02372376,0.06210726,-0.2184036,0.9738802,-0.1597124,1.519595,0.02434666,359.3543,358.9424,359.8185,0,0,False
1,Center_Dir_Close,211,19.13999,-0.1597106,1.519452,0.02452729,-0.1673943,1.241225,0.02939481,-0.6771872,-0.01347869,0.06695292,0.7326344,0.0001985654,1.127182,0.2258219,-0.08468705,0.2084896,-0.0943909,0.9697683,MathCanvas,-0.1041513,1.174355,1.56514,-0.159743,1.519487,0.0244176,-0.008069232,-0.3161775,-0.9486657,-0.1260341,1.519298,0.02517747,-0.01926169,-0.3164107,0.9484268,-0.1933872,1.519607,0.02387711,0.03486275,-0.3162077,0.9480492,-0.1597106,1.519452,0.02452729,359.4059,358.8967,359.7373,0,0,False
1,Center_Dir_Close,212,19.15999,-0.1596967,1.519421,0.02461089,-0.1673835,1.24123,0.02940079,-0.6774788,-0.01361185,0.06685832,0.732371,0.0002233926,1.127176,0.2258519,-0.08471575,0.2085633,-0.09438165,0.9697509,MathCanvas,-0.1041513,1.174355,1.56514,-0.1597106,1.519452,0.02452729,-0.007980666,-0.3163041,-0.9486243,-0.1260202,1.519261,0.02526265,-0.0191808,-0.3165667,0.9483763,-0.1933732,1.519581,0.02395914,0.03494357,-0.31635,0.9479987,-0.1596967,1.519421,0.02461089,359.415,358.894,359.7277,0,0,False
1,Center_Dir_Close,213,19.17999,-0.1594211,1.519684,0.02491052,-0.1672114,1.241268,0.02954222,-0.6779639,-0.0153976,0.06655301,0.7319144,0.0003418941,1.127019,0.2260416,-0.08481387,0.2089791,-0.09392757,0.9696969,MathCanvas,-0.1041513,1.174355,1.56514,-0.1595158,1.519604,0.02479521,-0.008057639,-0.3153981,-0.9489254,-0.1257444,1.519525,0.02555572,-0.01901659,-0.314972,0.9489105,-0.1930978,1.519844,0.02426531,0.03510772,-0.3147578,0.9485226,-0.1594211,1.519684,0.02491052,359.3414,358.9055,359.7289,0,0,False
1,Center_Dir_Close,214,19.19999,-0.1593784,1.519707,0.0249956,-0.1672114,1.241268,0.02954222,-0.6779639,-0.0153976,0.06655301,0.7319144,0.0003562961,1.126975,0.2260791,-0.08474443,0.2090197,-0.09384097,0.9697025,MathCanvas,-0.1041513,1.174355,1.56514,-0.1594211,1.519684,0.02491052,-0.007970818,-0.3152963,-0.9489598,-0.1257017,1.519545,0.02563741,-0.01902686,-0.3152587,0.948815,-0.1930551,1.51987,0.02435379,0.03509748,-0.315048,0.9484266,-0.1593784,1.519707,0.0249956,359.3326,358.9114,359.7236,0,0,False
1,Center_Dir_Close,215,19.21999,-0.1591384,1.519702,0.02510251,-0.1671534,1.241272,0.03003336,-0.6803884,-0.02230434,0.0661588,0.7295185,0.0004804749,1.126717,0.2262748,-0.08423615,0.2091441,-0.09368487,0.9697351,MathCanvas,-0.1041513,1.174355,1.56514,-0.159259,1.519756,0.02506225,-0.01290263,-0.3042923,-0.9524915,-0.1254611,1.519546,0.02571606,-0.01359316,-0.3044914,0.9524181,-0.1928157,1.519858,0.02448895,0.0405214,-0.3042195,0.9517398,-0.1591384,1.519702,0.02510251,359.3076,358.9595,359.7349,0,0,False
1,Center_Dir_Close,216,19.23999,-0.1590696,1.519706,0.02517744,-0.1671534,1.241272,0.03003336,-0.6803884,-0.02230434,0.0661588,0.7295185,0.0004804749,1.126717,0.2262748,-0.08423615,0.2091441,-0.09368487,0.9697351,MathCanvas,-0.1041513,1.174355,1.56514,-0.1591384,1.519702,0.02510251,-0.01301515,-0.3041634,-0.9525312,-0.1253922,1.519549,0.02578654,-0.01393392,-0.3041697,0.952516,-0.1927469,1.519864,0.02456834,0.04018088,-0.3038993,0.9518564,-0.1590696,1.519706,0.02517744,359.2998,358.9671,359.7324,0,0,False
1,Center_Dir_Close,217,19.25999,-0.1589028,1.519618,0.02521111,-0.1671511,1.24134,0.0303528,-0.6857882,-0.03606001,0.06606231,0.7238992,0.0004901886,1.126629,0.2263764,-0.08453763,0.2090468,-0.09295215,0.9698004,MathCanvas,-0.1041513,1.174355,1.56514,-0.1590696,1.519706,0.02517744,-0.01607586,-0.3035464,-0.9526813,-0.1252248,1.519447,0.02578068,-0.009994281,-0.3041588,0.9525689,-0.1925807,1.51979,0.02464155,0.04411347,-0.3038909,0.951685,-0.1589028,1.519618,0.02521111,359.3278,359.0345,359.708,0,0,False
1,Center_Dir_Close,218,19.27999,-0.1585866,1.519568,0.025312,-0.1670958,1.24139,0.0306402,-0.6854721,-0.04128061,0.06646632,0.7238827,0.0004637949,1.126611,0.2264979,-0.0857972,0.2090158,-0.09104527,0.9698773,MathCanvas,-0.1041513,1.174355,1.56514,-0.1589028,1.519618,0.02521111,-0.01651992,-0.3032567,-0.9527658,-0.1249082,1.519423,0.02586441,-0.009818062,-0.3030188,0.952934,-0.192265,1.519714,0.02475959,0.04428946,-0.3026617,0.9520684,-0.1585866,1.519568,0.025312,359.3042,359.0633,359.7527,0,0,False
1,Center_Dir_Close,219,19.29999,-0.1585516,1.519524,0.02543025,-0.1665545,1.241133,0.03109116,-0.6836135,-0.03926864,0.06203594,0.726142,0.0007893369,1.126523,0.2268067,-0.0847432,0.209945,-0.09297679,0.969586,MathCanvas,-0.1041513,1.174355,1.56514,-0.1584805,1.519569,0.025379,-0.01647887,-0.3126695,-0.9497191,-0.124874,1.519337,0.02601279,-0.01188192,-0.312906,0.9497098,-0.1922293,1.519712,0.0248477,0.04222732,-0.3126565,0.9489272,-0.1585516,1.519524,0.02543025,359.3111,359.0128,359.6812,0,0,False
1,Center_Dir_Close,220,19.31999,-0.1585516,1.519524,0.02543025,-0.1665545,1.241133,0.03109116,-0.6836135,-0.03926864,0.06203594,0.726142,0.0007893369,1.126523,0.2268067,-0.0847432,0.209945,-0.09297679,0.969586,MathCanvas,-0.1041513,1.174355,1.56514,-0.1584805,1.519569,0.025379,-0.01647887,-0.3126695,-0.9497191,-0.124874,1.519337,0.02601279,-0.01188192,-0.312906,0.9497098,-0.1922293,1.519712,0.0248477,0.04222732,-0.3126565,0.9489272,-0.1585516,1.519524,0.02543025,359.3111,359.0128,359.6812,0,0,False
1,Center_Dir_Close,221,19.33999,-0.1584825,1.519357,0.0255895,-0.1659742,1.241281,0.03129039,-0.6875174,-0.04635632,0.06215419,0.7220165,0.0008982457,1.126479,0.2269649,-0.0847087,0.210289,-0.09309366,0.9695032,MathCanvas,-0.1041513,1.174355,1.56514,-0.1585222,1.519408,0.02553589,-0.01457496,-0.3133946,-0.9495113,-0.1248059,1.519112,0.02621026,-0.01296095,-0.3136697,0.9494437,-0.1921591,1.519602,0.02496874,0.04114912,-0.3134884,0.9487001,-0.1584825,1.519357,0.0255895,359.3531,358.9487,359.5833,0,0,False
1,Center_Dir_Close,222,19.35999,-0.1584854,1.519307,0.02561111,-0.1659397,1.241407,0.031085,-0.6886281,-0.04575789,0.0635656,0.7208723,0.0009541847,1.12647,0.227062,-0.08462737,0.2104046,-0.09321969,0.9694731,MathCanvas,-0.1041513,1.174355,1.56514,-0.1584825,1.519357,0.0255895,-0.01491026,-0.3183178,-0.9478668,-0.1248094,1.51905,0.02626258,-0.01313125,-0.3191748,0.947605,-0.1921613,1.519564,0.02495965,0.04097675,-0.3189785,0.9468757,-0.1584854,1.519307,0.02561111,359.3983,358.8963,359.5621,0,0,False
1,Center_Dir_Close,223,19.37999,-0.1584512,1.519283,0.0256466,-0.1659397,1.241407,0.031085,-0.6886281,-0.04575789,0.0635656,0.7208723,0.0009713732,1.126468,0.2270944,-0.08458641,0.2104212,-0.09332429,0.9694631,MathCanvas,-0.1041513,1.174355,1.56514,-0.1584854,1.519307,0.02561111,-0.01428333,-0.318549,-0.947799,-0.1247757,1.519018,0.02631917,-0.01344022,-0.3188735,0.9477019,-0.1921266,1.519547,0.02497402,0.04066797,-0.3186836,0.9469883,-0.1584512,1.519283,0.0256466,359.4118,358.8604,359.5493,0,0,False
1,Center_Dir_Close,224,19.39999,-0.15844,1.519396,0.02571161,-0.1654917,1.241455,0.03085273,-0.6884676,-0.0442205,0.06211399,0.7212481,0.001045264,1.126487,0.2273869,-0.0843609,0.2104736,-0.09439566,0.9693676,MathCanvas,-0.1041513,1.174355,1.56514,-0.1584467,1.519336,0.02567828,-0.01285106,-0.315211,-0.9489346,-0.1247656,1.51914,0.0264409,-0.01457333,-0.3151337,0.9489354,-0.1921143,1.519651,0.02498232,0.0395357,-0.3148972,0.948302,-0.15844,1.519396,0.02571161,359.3947,358.7639,359.5656,0,0,False
1,Center_Dir_Close,225,19.41999,-0.1584384,1.519424,0.02570637,-0.1640359,1.24159,0.03128569,-0.6908898,-0.05385298,0.06018744,0.7184348,0.0008281525,1.126533,0.2275171,-0.08482891,0.2102554,-0.09363607,0.9694479,MathCanvas,-0.1041513,1.174355,1.56514,-0.15844,1.519396,0.02571161,-0.01228403,-0.3153297,-0.9489027,-0.1247641,1.519155,0.02643348,-0.0148431,-0.3152902,0.9488792,-0.1921126,1.519694,0.02497926,0.03926609,-0.3151217,0.9482386,-0.1584384,1.519424,0.02570637,359.3865,358.7679,359.542,0,0,False
1,Center_Dir_Close,226,19.43999,-0.1584155,1.519432,0.02565013,-0.1634861,1.24157,0.03121577,-0.6905338,-0.05165147,0.06104674,0.7188662,0.0005822908,1.126544,0.2276924,-0.08489504,0.2097771,-0.09348929,0.9695598,MathCanvas,-0.1041513,1.174355,1.56514,-0.1584309,1.519409,0.02573875,-0.008926096,-0.3170107,-0.9483802,-0.124741,1.519171,0.02637298,-0.01748401,-0.3171084,0.9482281,-0.1920899,1.519693,0.02492728,0.03663322,-0.3169664,0.947729,-0.1584155,1.519432,0.02565013,359.3932,358.775,359.5558,0,0,False
1,Center_Dir_Close,227,19.45999,-0.1584068,1.519425,0.02565971,-0.1634861,1.24157,0.03121577,-0.6905338,-0.05165147,0.06104674,0.7188662,0.0005822908,1.126544,0.2276924,-0.08489504,0.2097771,-0.09348929,0.9695598,MathCanvas,-0.1041513,1.174355,1.56514,-0.1584155,1.519432,0.02565013,-0.008837682,-0.3170843,-0.9483562,-0.1247326,1.519162,0.02638933,-0.01843258,-0.3172126,0.9481753,-0.1920811,1.519688,0.0249301,0.03568512,-0.3170917,0.9477233,-0.1584068,1.519425,0.02565971,359.3972,358.7635,359.5526,0,0,False
1,Center_Dir_Close,228,19.47999,-0.1582965,1.519473,0.02557283,-0.1641783,1.24145,0.03093486,-0.6888554,-0.04653315,0.06162689,0.720774,0.0003936328,1.126556,0.2277955,-0.08471254,0.2093311,-0.09370042,0.9696518,MathCanvas,-0.1041513,1.174355,1.56514,-0.1584068,1.519425,0.02565971,-0.009659545,-0.3176896,-0.9481457,-0.1246219,1.519253,0.0263001,-0.01692838,-0.3171665,0.9482188,-0.1919711,1.519693,0.02484556,0.03718765,-0.3169091,0.9477266,-0.1582965,1.519473,0.02557283,359.3601,358.767,359.6261,0,0,False
1,Center_Dir_Close,229,19.49999,-0.1581989,1.519628,0.0255212,-0.164205,1.241435,0.03085526,-0.6887894,-0.04547997,0.06201239,0.7208712,0.0001464393,1.126629,0.2278818,-0.08484031,0.2087584,-0.09385706,0.9697489,MathCanvas,-0.1041513,1.174355,1.56514,-0.1582275,1.519596,0.02553045,-0.01025837,-0.3166883,-0.9484743,-0.1245238,1.519463,0.02623993,-0.0167166,-0.3165824,0.9484177,-0.191874,1.519793,0.02480248,0.03739926,-0.3162965,0.9479229,-0.1581989,1.519628,0.0255212,359.2914,358.7808,359.7196,0,0,False
1,Center_Dir_Close,230,19.51999,-0.1581602,1.519796,0.02550472,-0.1643711,1.24138,0.03083356,-0.6894215,-0.045307,0.06266791,0.7202209,8.748844E-06,1.126705,0.2279085,-0.08503426,0.2084046,-0.0939924,0.9697949,MathCanvas,-0.1041513,1.174355,1.56514,-0.1581989,1.519628,0.0255212,-0.01036057,-0.3158211,-0.9487624,-0.124485,1.519621,0.02621624,-0.01659346,-0.3149197,0.9489732,-0.1918354,1.51997,0.02479321,0.03752243,-0.3146838,0.9484546,-0.1581602,1.519796,0.02550472,359.2293,358.7936,359.7025,0,0,False
1,Center_Dir_Close,231,19.53999,-0.1580953,1.519967,0.02545776,-0.1643725,1.241274,0.0309544,-0.6890988,-0.04520577,0.06260401,0.7205415,-8.96696E-05,1.126851,0.2279182,-0.08525217,0.2081394,-0.09413313,0.9698191,MathCanvas,-0.1041513,1.174355,1.56514,-0.1581189,1.519907,0.02548569,-0.0111534,-0.3148378,-0.94908,-0.1244199,1.519766,0.02615761,-0.01588954,-0.3146765,0.949066,-0.1917706,1.520169,0.0247579,0.03822474,-0.3144526,0.9485033,-0.1580953,1.519967,0.02545776,359.1634,358.8144,359.6575,0,0,False
1,Center_Dir_Close,232,19.55999,-0.1580727,1.520023,0.02543764,-0.1643752,1.241266,0.03096563,-0.6890836,-0.04520401,0.06258533,0.7205578,-8.856505E-05,1.126877,0.2279112,-0.08532367,0.208173,-0.09407075,0.9698116,MathCanvas,-0.1041513,1.174355,1.56514,-0.1580953,1.519967,0.02545776,-0.01114333,-0.3144014,-0.9492247,-0.1243973,1.519816,0.02613423,-0.01588367,-0.3139887,0.9492939,-0.191748,1.520231,0.02474105,0.0382306,-0.313766,0.9487303,-0.1580727,1.520023,0.02543764,359.1313,358.8203,359.6469,0,0,False
1,Center_Dir_Close,233,19.57999,-0.1580534,1.520123,0.02536517,-0.164503,1.241222,0.03103739,-0.6891682,-0.04499825,0.06237261,0.7205083,7.998198E-06,1.126938,0.2279227,-0.08537016,0.2081507,-0.09401117,0.9698181,MathCanvas,-0.1041513,1.174355,1.56514,-0.1580617,1.520063,0.02538946,-0.01013249,-0.3228009,-0.9464127,-0.1243782,1.519908,0.02606668,-0.01693003,-0.3226349,0.9463721,-0.1917286,1.520338,0.02466367,0.03718645,-0.3224124,0.9458686,-0.1580534,1.520123,0.02536517,359.1205,358.8122,359.6345,0,0,False
1,Center_Dir_Close,234,19.59999,-0.1580724,1.520144,0.02533921,-0.1645911,1.241225,0.03105909,-0.6890426,-0.04477143,0.0621903,0.7206582,0.0001289882,1.126957,0.2279115,-0.08529067,0.2081897,-0.09409083,0.969809,MathCanvas,-0.1041513,1.174355,1.56514,-0.1580534,1.520123,0.02536517,-0.01013163,-0.3224792,-0.9465224,-0.1243973,1.519933,0.02604894,-0.01711554,-0.3225004,0.9464146,-0.1917474,1.520354,0.02462948,0.03700104,-0.3222812,0.9459206,-0.1580724,1.520144,0.02533921,359.1154,358.7981,359.6425,0,0,False
1,Center_Dir_Close,235,19.61999,-0.1580664,1.520191,0.0253197,-0.1645911,1.241225,0.03105909,-0.6890426,-0.04477143,0.0621903,0.7206582,0.0001597237,1.126959,0.2279074,-0.0852683,0.2082093,-0.09408794,0.969807,MathCanvas,-0.1041513,1.174355,1.56514,-0.1580724,1.520144,0.02533921,-0.009945545,-0.3223909,-0.9465544,-0.1243915,1.519978,0.0260336,-0.01726131,-0.3223173,0.9464743,-0.1917414,1.520404,0.0246058,0.03685536,-0.3221031,0.945987,-0.1580664,1.520191,0.0253197,359.1043,358.7912,359.6375,0,0,False
1,Center_Dir_Close,236,19.63999,-0.1581761,1.520145,0.0252566,-0.1647881,1.241304,0.03105862,-0.6885879,-0.04447779,0.06252901,0.7210816,0.0004514828,1.126926,0.2278949,-0.08506645,0.2086758,-0.09377283,0.969755,MathCanvas,-0.1041513,1.174355,1.56514,-0.1581072,1.520188,0.02528485,-0.006940923,-0.3224509,-0.9465607,-0.1245013,1.519932,0.0259781,-0.02037051,-0.3228261,0.9462391,-0.1918509,1.520358,0.0245351,0.03375231,-0.3226615,0.9459124,-0.1581761,1.520145,0.0252566,359.1272,358.7781,359.6375,0,0,False
1,Center_Dir_Close,237,19.65999,-0.1581921,1.520167,0.02523021,-0.1647881,1.241304,0.03105862,-0.6885879,-0.04447779,0.06252901,0.7210816,0.0004514828,1.126926,0.2278949,-0.08506645,0.2086758,-0.09377283,0.969755,MathCanvas,-0.1041513,1.174355,1.56514,-0.1581761,1.520145,0.0252566,-0.001636833,-0.3226768,-0.9465079,-0.1245173,1.519953,0.02595467,-0.02551934,-0.3226315,0.9461806,-0.1918668,1.52038,0.02450575,0.02861186,-0.3225566,0.9461176,-0.1581921,1.520167,0.02523021,359.1222,358.7731,359.6363,0,0,False
1,Center_Dir_Close,238,19.67999,-0.1584305,1.520095,0.025188,-0.1651013,1.241377,0.03108919,-0.6849654,-0.03931076,0.06150729,0.7249096,0.0006027091,1.126842,0.2278897,-0.08463839,0.209242,-0.09351018,0.9696959,MathCanvas,-0.1041513,1.174355,1.56514,-0.1583517,1.520099,0.02521912,0.0007866126,-0.3193773,-0.9476274,-0.1247559,1.519892,0.0259199,-0.02795614,-0.3195744,0.9471487,-0.1921052,1.520297,0.02445609,0.02617791,-0.3195052,0.9472229,-0.1584305,1.520095,0.025188,359.1772,358.7599,359.6551,0,0,False
1,Center_Dir_Close,239,19.69999,-0.1584979,1.520083,0.02515149,-0.1651327,1.241388,0.03109991,-0.684184,-0.0379506,0.06115247,0.7257496,0.0005904958,1.12684,0.2278816,-0.08463702,0.2092298,-0.09347226,0.9697022,MathCanvas,-0.1041513,1.174355,1.56514,-0.1584305,1.520095,0.025188,0.0008636243,-0.3194785,-0.9475932,-0.1248232,1.519882,0.02588388,-0.02792794,-0.3196133,0.9471363,-0.1921725,1.520285,0.0244191,0.02620613,-0.3195618,0.947203,-0.1584979,1.520083,0.02515149,359.1838,358.7589,359.6579,0,0,False
1,Center_Dir_Close,240,19.71999,-0.1587309,1.519954,0.0250422,-0.1655467,1.241753,0.03134044,-0.6787372,-0.03440356,0.06229794,0.7309248,0.0004369505,1.126816,0.2277169,-0.08470414,0.2087163,-0.09314097,0.9698389,MathCanvas,-0.1041513,1.174355,1.56514,-0.1585542,1.520078,0.02511831,0.001003399,-0.3139212,-0.9494487,-0.1250566,1.519827,0.02580683,-0.02822893,-0.3145066,0.9488355,-0.1924051,1.520082,0.02427756,0.0259044,-0.3142518,0.9489862,-0.1587309,1.519954,0.0250422,359.2203,358.7022,359.7829,0,0,False
1,Center_Dir_Close,241,19.73999,-0.1588294,1.519928,0.02499534,-0.1655467,1.241753,0.03134044,-0.6787372,-0.03440356,0.06229794,0.7309248,0.0004369505,1.126816,0.2277169,-0.08470414,0.2087163,-0.09314097,0.9698389,MathCanvas,-0.1041513,1.174355,1.56514,-0.1587309,1.519954,0.0250422,0.001094786,-0.3140909,-0.9493924,-0.1251551,1.519819,0.02576272,-0.0280666,-0.3144323,0.9488649,-0.1925037,1.520037,0.02422795,0.02606705,-0.3142395,0.9489858,-0.1588294,1.519928,0.02499534,359.2358,358.697,359.814,0,0,False
1,Center_Dir_Close,242,19.75999,-0.1590194,1.519871,0.02491195,-0.1658919,1.242348,0.03193709,-0.670714,-0.03064566,0.06880096,0.7378821,0.0002589412,1.126814,0.2275969,-0.08462135,0.2082847,-0.0930912,0.9699437,MathCanvas,-0.1041513,1.174355,1.56514,-0.1588294,1.519928,0.02499534,0.001001217,-0.314336,-0.9493115,-0.1253454,1.519754,0.02569382,-0.02854588,-0.3151453,0.948614,-0.1926933,1.519989,0.02413008,0.02558775,-0.3149644,0.9487585,-0.1590194,1.519871,0.02491195,359.2789,358.6724,359.8004,0,0,False
1,Center_Dir_Close,243,19.77999,-0.15929,1.519791,0.02480016,-0.1659552,1.242441,0.03243612,-0.6598628,-0.009453,0.07450301,0.7476236,0.0001198538,1.126801,0.2275031,-0.08450809,0.2081151,-0.09313306,0.969986,MathCanvas,-0.1041513,1.174355,1.56514,-0.1591202,1.51984,0.02486276,0.04199203,-0.2478595,0.9678855,-0.1256164,1.519688,0.02559987,0.01473966,-0.2485841,0.9684982,-0.1929636,1.519894,0.02400044,0.06872278,-0.2478786,0.9663506,-0.15929,1.519791,0.02480016,359.3194,358.6416,359.8244,0,0,False
1,Center_Dir_Close,244,19.79999,-0.1594016,1.519807,0.02477958,-0.165848,1.242347,0.0329779,-0.648276,0.002831174,0.07434954,0.7577615,-4.906207E-05,1.126739,0.2273657,-0.08430663,0.2079259,-0.0931594,0.9700415,MathCanvas,-0.0929911,1.128459,1.552941,-0.15929,1.519791,0.02480016,0.04177961,-0.2215244,0.9742594,-0.1257283,1.519716,0.02559177,0.01449333,-0.2211165,0.9751397,-0.1930749,1.519897,0.02396739,0.06847692,-0.220478,0.9729853,-0.1594016,1.519807,0.02477958,359.278,358.6203,359.8457,0,0,False
1,Center_Dir_Close,245,19.81999,-0.1596659,1.519898,0.02474712,-0.1655051,1.242653,0.03401838,-0.6329549,0.01066212,0.07271358,0.7706927,-0.0003316365,1.12662,0.2271999,-0.08393869,0.2073947,-0.09304699,0.9701979,MathCanvas,-0.09323587,1.168982,1.567698,-0.1595408,1.519898,0.02478537,0.03965017,-0.2187189,0.974982,-0.1259928,1.519821,0.02556611,0.0124962,-0.2188894,0.9756696,-0.1933391,1.519975,0.02392812,0.06649068,-0.2182588,0.9736232,-0.1596659,1.519898,0.02474712,359.2081,358.6086,359.8693,0,0,False
1,Center_Dir_Close,246,19.83999,-0.1597947,1.519908,0.02471281,-0.1654638,1.24281,0.03433719,-0.6287048,0.01503826,0.07336095,0.7740299,-0.0003316365,1.12662,0.2271999,-0.08393869,0.2073947,-0.09304699,0.9701979,MathCanvas,-0.09685943,1.173444,1.569133,-0.1596659,1.519898,0.02474712,0.03954998,-0.218689,0.9749928,-0.1261216,1.519834,0.02553543,0.0124487,-0.2189952,0.9756465,-0.1934677,1.519983,0.0238902,0.06644329,-0.2183696,0.9736016,-0.1597947,1.519908,0.02471281,359.2079,358.6023,359.873,0,0,False
1,Center_Dir_Close,247,19.85999,-0.1601842,1.519976,0.02470627,-0.1641194,1.242647,0.0344363,-0.6350334,0.02761912,0.07245466,0.7685832,-0.0006294791,1.12634,0.2270876,-0.08354903,0.207269,-0.09200655,0.9703577,MathCanvas,-0.09715244,1.173532,1.568978,-0.160036,1.519966,0.02473297,0.03927866,-0.2187544,0.9749891,-0.1265112,1.51983,0.02552284,0.01212171,-0.218968,0.9756567,-0.1938572,1.520121,0.02388971,0.06611724,-0.218447,0.9736064,-0.1601842,1.519976,0.02470627,359.2084,358.6143,359.7528,0,0,False
1,Center_Dir_Close,248,19.87999,-0.1603691,1.519978,0.02465918,-0.1638813,1.242579,0.03454181,-0.6335011,0.03362611,0.0732242,0.7695349,-0.0006848834,1.126257,0.2270762,-0.08338878,0.2073227,-0.09179621,0.9703798,MathCanvas,-0.09797915,1.173538,1.568781,-0.1601842,1.519976,0.02470627,0.04063464,-0.2209726,0.9744331,-0.1266964,1.519819,0.02548322,0.01332268,-0.2214143,0.9750888,-0.1940419,1.520136,0.02383513,0.06730997,-0.2208965,0.9729718,-0.1603691,1.519978,0.02465918,359.2177,358.6018,359.73,0,0,False
1,Center_Dir_Close,249,19.89999,-0.1605567,1.519908,0.02452043,-0.1641057,1.241896,0.03376942,-0.6406714,0.04113378,0.07905806,0.7626258,-0.0007828735,1.126086,0.2270551,-0.08281133,0.2073827,-0.09153806,0.9704409,MathCanvas,-0.09604288,1.170169,1.567225,-0.1603691,1.519978,0.02465918,0.04038389,-0.2219366,0.9742244,-0.1268842,1.519775,0.02535957,0.01311723,-0.2234062,0.9746372,-0.1942292,1.52004,0.0236813,0.06710478,-0.2227843,0.9725555,-0.1605567,1.519908,0.02452043,359.2889,358.5753,359.7752,0,0,False
1,Center_Dir_Close,250,19.91999,-0.1608599,1.519896,0.02438811,-0.1646831,1.241467,0.03349068,-0.6447469,0.05075557,0.08636917,0.7578032,-0.0009654667,1.125897,0.2270275,-0.08217207,0.207261,-0.09132429,0.9705414,MathCanvas,-0.09664237,1.168656,1.566393,-0.1607154,1.519893,0.0244791,0.04002833,-0.222682,0.974069,-0.1271879,1.519817,0.02525171,0.01284916,-0.2236764,0.9745788,-0.194532,1.519976,0.02352452,0.0668368,-0.2229387,0.9725385,-0.1608599,1.519896,0.02438811,359.3428,358.5324,359.8651,0,0,False
1,Center_Dir_Close,251,19.93999,-0.1609693,1.519988,0.02437902,-0.166743,1.240249,0.03291041,-0.6538736,0.04856255,0.100389,0.7483402,-0.001583124,1.125694,0.2269439,-0.08179265,0.2064571,-0.09064255,0.9708086,MathCanvas,-0.09752389,1.167551,1.565639,-0.1608599,1.519896,0.02438811,0.04146119,-0.2218077,0.9742085,-0.1272973,1.519892,0.02524341,0.01432152,-0.2209309,0.9751843,-0.1946413,1.520084,0.02351463,0.06830029,-0.2203131,0.9730351,-0.1609693,1.519988,0.02437902,359.2711,358.5316,359.8367,0,0,False
1,Center_Dir_Close,252,19.95999,-0.161219,1.519985,0.02428806,-0.1678126,1.239734,0.03254198,-0.6593542,0.04640631,0.1086387,0.7424932,-0.001987997,1.125652,0.2268587,-0.08158357,0.2057806,-0.09048665,0.9709844,MathCanvas,-0.09538364,1.16912,1.565436,-0.1610775,1.519979,0.0243335,0.04958716,-0.2183985,0.974599,-0.127547,1.519897,0.02515125,0.0226582,-0.2189667,0.9754692,-0.1948911,1.520074,0.02342488,0.07658511,-0.2182192,0.9728901,-0.161219,1.519985,0.02428806,359.2862,358.5334,359.8491,0,0,False
1,Center_Dir_Close,253,19.97999,-0.1612598,1.519925,0.02425649,-0.1679252,1.239803,0.03198581,-0.6671724,0.03323885,0.1068339,0.7364528,-0.002322027,1.125635,0.2267547,-0.08147746,0.205197,-0.09037485,0.9711272,MathCanvas,-0.08271772,1.174239,1.567173,-0.161219,1.519985,0.02428806,0.05150321,-0.2179542,0.9745991,-0.1275878,1.519844,0.02511971,0.02457748,-0.2189831,0.975419,-0.1949318,1.520007,0.02339327,0.07849181,-0.2181974,0.972743,-0.1612598,1.519925,0.02425649,359.3246,358.5331,359.8616,0,0,False
1,Center_Dir_Close,254,19.99999,-0.1614117,1.519926,0.02418989,-0.1678457,1.239928,0.03121278,-0.6743152,0.01968418,0.1034603,0.730895,-0.002569614,1.125649,0.2266268,-0.08158753,0.2049425,-0.0902039,0.9711876,MathCanvas,-0.07976027,1.175031,1.566478,-0.1613209,1.519902,0.02422822,0.05127444,-0.2187958,0.9744226,-0.1277397,1.519844,0.02505646,0.02437372,-0.2193852,0.9753339,-0.1950836,1.520009,0.02332333,0.07828864,-0.218605,0.9726679,-0.1614117,1.519926,0.02418989,359.3763,358.5273,359.8598,0,0,False
1,Center_Dir_Close,255,20.01999,-0.1613685,1.520043,0.02421839,-0.1678799,1.240215,0.03108333,-0.6729081,0.01368003,0.1010977,0.7326574,-0.002779394,1.125711,0.2264466,-0.08179075,0.2048879,-0.09004115,0.9711971,MathCanvas,-0.08030847,1.173847,1.56548,-0.1614117,1.519926,0.02418989,0.05861571,-0.2137106,0.9751369,-0.127696,1.519981,0.02506704,0.03230887,-0.2132855,0.9764555,-0.195041,1.520105,0.02336973,0.08617087,-0.2123976,0.9733766,-0.1613685,1.520043,0.02421839,359.3282,358.5575,359.8943,0,0,False
1,Center_Dir_Close,256,20.03999,-0.161299,1.520172,0.02427264,-0.1681057,1.240334,0.03136179,-0.6685158,0.01463183,0.1013822,0.7366099,-0.002825467,1.125728,0.2263818,-0.08179617,0.2048608,-0.09009,0.9711978,MathCanvas,-0.06859027,1.181777,1.567686,-0.1613685,1.520043,0.02421839,0.05974299,-0.2124612,0.9753415,-0.1276254,1.520135,0.02507876,0.03417874,-0.2113584,0.9768109,-0.1949725,1.520209,0.02346652,0.08803462,-0.2104374,0.9736355,-0.161299,1.520172,0.02427264,359.2398,358.6295,359.937,0,0,False
1,Center_Dir_Close,257,20.05999,-0.1612881,1.520301,0.02429066,-0.1677443,1.240677,0.03293385,-0.6500871,0.03597093,0.1005609,0.7523167,-0.003021251,1.125624,0.2260648,-0.08127332,0.2046202,-0.09058739,0.9712462,MathCanvas,-0.06673628,1.183883,1.568067,-0.1612964,1.52025,0.02428558,0.06546748,-0.210287,0.9754452,-0.1276132,1.52021,0.02503436,0.0394371,-0.2111889,0.9766494,-0.194963,1.520393,0.02354697,0.09325276,-0.2103258,0.9731736,-0.1612881,1.520301,0.02429066,359.2328,358.7369,359.8447,0,0,False
1,Center_Dir_Close,258,20.07999,-0.1613461,1.520313,0.0242205,-0.1671437,1.240746,0.03477652,-0.6286697,0.0568823,0.1035558,0.768645,-0.003020037,1.12543,0.2258371,-0.08101142,0.205153,-0.09027636,0.9711847,MathCanvas,-0.05761119,1.187282,1.569044,-0.1612881,1.520301,0.02429066,0.06645412,-0.2115816,0.9750985,-0.1276708,1.520198,0.02494233,0.04000863,-0.2129722,0.9762388,-0.1950214,1.520429,0.02349867,0.09382233,-0.2121633,0.97272,-0.1613461,1.520313,0.0242205,359.2872,358.7745,359.8041,0,0,False
1,Center_Dir_Close,259,20.09999,-0.1614334,1.520355,0.02418671,-0.1672443,1.240587,0.03553009,-0.6179188,0.06508072,0.108853,0.7759458,-0.002995851,1.125329,0.2257603,-0.08090407,0.2054198,-0.09010977,0.9711527,MathCanvas,-0.05615407,1.185395,1.56773,-0.1613886,1.520335,0.02420273,0.0739598,-0.2118658,0.9744962,-0.1277577,1.52022,0.02488324,0.04751237,-0.2123341,0.9760414,-0.1951091,1.52049,0.02349019,0.101263,-0.2114564,0.9721276,-0.1614334,1.520355,0.02418671,359.2991,358.8179,359.7701,0,0,False
1,Center_Dir_Close,260,20.11999,-0.1614131,1.520272,0.02415755,-0.1680566,1.240099,0.03433742,-0.6277888,0.05043936,0.1129668,0.7684892,-0.00285504,1.124999,0.2256367,-0.08038331,0.2059966,-0.08995046,0.9710885,MathCanvas,-0.04432742,1.184892,1.567178,-0.1614334,1.520355,0.02418671,0.07387128,-0.2120722,0.974458,-0.1277376,1.520192,0.02487427,0.04673079,-0.212956,0.9759436,-0.1950886,1.520353,0.02344084,0.1004841,-0.2119076,0.9721102,-0.1614131,1.520272,0.02415755,359.3293,358.7823,359.8631,0,0,False
1,Center_Dir_Close,261,20.13999,-0.1614746,1.520218,0.0241089,-0.1692205,1.239896,0.03286113,-0.6418882,0.035822,0.1147677,0.7573141,-0.00274682,1.124774,0.2255912,-0.0798879,0.2063294,-0.08994234,0.9710595,MathCanvas,-0.04452456,1.184705,1.566069,-0.1614467,1.520224,0.02412947,0.08463128,-0.213577,0.9732535,-0.1277988,1.520117,0.02480674,0.05803335,-0.2143739,0.9750262,-0.1951504,1.520318,0.02341107,0.1116828,-0.2133114,0.9705798,-0.1614746,1.520218,0.0241089,359.3777,358.8147,359.829,0,0,False
1,Center_Dir_Close,262,20.15999,-0.1615904,1.520143,0.02409862,-0.1722075,1.240087,0.03152162,-0.6527308,0.02978722,0.1234268,0.7468742,-0.002578823,1.124411,0.2255117,-0.0789406,0.2069206,-0.08974614,0.9710293,MathCanvas,-0.0275435,1.182227,1.564306,-0.1614746,1.520218,0.0241089,0.08488714,-0.2138427,0.9731729,-0.1279148,1.520005,0.02480223,0.0576283,-0.2147084,0.9749765,-0.195266,1.520281,0.02339501,0.1112797,-0.2137041,0.9705397,-0.1615904,1.520143,0.02409862,359.3923,358.8055,359.7654,0,0,False
1,Center_Dir_Close,263,20.17999,-0.1618067,1.520069,0.02417242,-0.1715203,1.240275,0.0318404,-0.6519017,0.03767637,0.1172642,0.7482339,-0.002606735,1.124243,0.2253734,-0.07896695,0.2071337,-0.08914718,0.9710369,MathCanvas,-0.02732515,1.18191,1.563358,-0.161693,1.520088,0.02417143,0.09140148,-0.214574,0.9724216,-0.1281316,1.519884,0.02488796,0.06441991,-0.2154344,0.9743912,-0.1954818,1.520254,0.02345688,0.1179946,-0.2144343,0.9695851,-0.1618067,1.520069,0.02417242,359.4335,358.7859,359.6851,0,0,False
1,Center_Dir_Close,264,20.19999,-0.1619118,1.520069,0.02414612,-0.1718822,1.24035,0.03191894,-0.6537998,0.04503713,0.1168589,0.7462315,-0.002656747,1.124224,0.2252778,-0.07912573,0.2072145,-0.08907046,0.9710138,MathCanvas,-0.01723063,1.180662,1.562319,-0.1618067,1.520069,0.02417242,0.09124648,-0.2148854,0.9723674,-0.1282369,1.519873,0.02486592,0.06423498,-0.2152071,0.9744536,-0.1955868,1.520265,0.02342632,0.1178106,-0.2142061,0.969658,-0.1619118,1.520069,0.02414612,359.4208,358.7789,359.6666,0,0,False
1,Center_Dir_Close,265,20.21999,-0.1619522,1.520091,0.0241193,-0.1729747,1.240981,0.03252355,-0.6507849,0.061474,0.1194303,0.747286,-0.002713004,1.124222,0.225199,-0.07910348,0.2072608,-0.08926191,0.9709882,MathCanvas,-0.01763498,1.180297,1.561631,-0.1619118,1.520069,0.02414612,0.09608175,-0.2089917,0.9731859,-0.128277,1.519923,0.02483451,0.06959505,-0.2098286,0.9752582,-0.1956274,1.520259,0.02340409,0.1231142,-0.2087235,0.9701945,-0.1619522,1.520091,0.0241193,359.4433,358.7861,359.7142,0,0,False
1,Center_Dir_Close,266,20.23999,-0.1620825,1.520069,0.02406568,-0.1738799,1.241215,0.0326122,-0.6511132,0.06920008,0.1212264,0.7460343,-0.002729403,1.124222,0.2251777,-0.07908008,0.2072694,-0.08932251,0.9709826,MathCanvas,-0.009885941,1.189325,1.564357,-0.1620203,1.520087,0.02409371,0.09635366,-0.2093805,0.9730754,-0.1284072,1.519898,0.02477346,0.06973253,-0.2099384,0.9752247,-0.1957579,1.52024,0.0233579,0.1232509,-0.2088687,0.9701459,-0.1620825,1.520069,0.02406568,359.4581,358.7987,359.7096,0,0,False
1,Center_Dir_Close,267,20.25999,-0.1619974,1.519922,0.02398727,-0.1772584,1.243445,0.03430995,-0.6297439,0.1109838,0.1263664,0.7583777,-0.002844555,1.12431,0.2249617,-0.07913861,0.2076481,-0.08990097,0.9708436,MathCanvas,-0.009621346,1.188765,1.563771,-0.1620825,1.520069,0.02406568,0.09775327,-0.2105546,0.9726824,-0.1283209,1.519827,0.02465157,0.07270032,-0.2126151,0.9744278,-0.1956739,1.520017,0.02332297,0.1262028,-0.2113113,0.969237,-0.1619974,1.519922,0.02398727,359.557,358.8712,359.8386,0,0,False
1,Center_Dir_Close,268,20.27999,-0.1620244,1.520095,0.02415471,-0.1779719,1.242962,0.03394827,-0.6334622,0.1019576,0.1278194,0.7563019,-0.003023144,1.124835,0.2244724,-0.08015335,0.2084503,-0.09117151,0.9704698,MathCanvas,-0.007410374,1.186951,1.562187,-0.1620357,1.519889,0.02395116,0.1157494,-0.2183893,0.9689727,-0.1283462,1.519978,0.02472477,0.09125267,-0.2167259,0.9719583,-0.1957026,1.520213,0.02358466,0.1445314,-0.2153233,0.965788,-0.1620244,1.520095,0.02415471,359.4371,359.0322,359.8009,0,0,False
1,Center_Dir_Close,269,20.29999,-0.1620244,1.520095,0.02415471,-0.1779719,1.242962,0.03394827,-0.6334622,0.1019576,0.1278194,0.7563019,-0.003023144,1.124835,0.2244724,-0.08015335,0.2084503,-0.09117151,0.9704698,MathCanvas,0.02095606,1.174858,1.55594,-0.1620357,1.519889,0.02395116,0.1157494,-0.2183893,0.9689727,-0.1283462,1.519978,0.02472477,0.09125267,-0.2167259,0.9719583,-0.1957026,1.520213,0.02358466,0.1445314,-0.2153233,0.965788,-0.1620244,1.520095,0.02415471,359.4371,359.0322,359.8009,0,0,False
1,Center_Dir_Close,270,20.31999,-0.1621416,1.520245,0.02437745,-0.1762229,1.242145,0.03333524,-0.6402484,0.09401511,0.1220447,0.7525612,-0.003044115,1.124901,0.2243414,-0.08040104,0.2086816,-0.09126447,0.9703909,MathCanvas,0.02079572,1.175161,1.554597,-0.1621103,1.520205,0.02431992,0.1195074,-0.2152758,0.9692132,-0.128462,1.52005,0.02483402,0.0936756,-0.2155461,0.9719901,-0.1958211,1.52044,0.02392089,0.1469386,-0.214297,0.965653,-0.1621416,1.520245,0.02437745,359.3419,359.2271,359.6685,0,0,False
1,Center_Dir_Close,271,20.33999,-0.1623459,1.520148,0.02451591,-0.1728201,1.241281,0.0320938,-0.6462196,0.0839495,0.1124002,0.750146,-0.003129991,1.124837,0.224118,-0.08062241,0.208985,-0.09074748,0.9703557,MathCanvas,0.02671541,1.180046,1.55602,-0.1621416,1.520245,0.02437745,0.1205325,-0.2149594,0.9691565,-0.1286663,1.519895,0.02494217,0.09435584,-0.2169935,0.9716022,-0.1960254,1.520401,0.02408965,0.147614,-0.2158281,0.9652089,-0.1623459,1.520148,0.02451591,359.4142,359.2793,359.5694,0,0,False
1,Center_Dir_Close,272,20.35999,-0.162543,1.519798,0.02461753,-0.1711824,1.241413,0.0311644,-0.6494107,0.07682022,0.1069935,0.7489438,-0.003235867,1.124578,0.2239901,-0.08004264,0.2089244,-0.09021188,0.9704667,MathCanvas,0.02799761,1.180687,1.554996,-0.1623459,1.520148,0.02451591,0.1245275,-0.2146165,0.9687274,-0.128863,1.519596,0.02503037,0.09859036,-0.2179188,0.9709744,-0.1962231,1.519999,0.02420468,0.1517904,-0.2165113,0.9644079,-0.162543,1.519798,0.02461753,359.5807,359.3002,359.6573,0,0,False
1,Center_Dir_Close,273,20.37999,-0.1626269,1.519705,0.02467215,-0.1706356,1.241348,0.03090261,-0.6507125,0.07544504,0.1050184,0.7482329,-0.003259402,1.124495,0.2239607,-0.07985602,0.2089216,-0.09012268,0.970491,MathCanvas,0.03409331,1.180905,1.554296,-0.162543,1.519798,0.02461753,0.1256059,-0.2158561,0.9683126,-0.1289466,1.519505,0.02507021,0.09939361,-0.217236,0.9710456,-0.1963071,1.519906,0.02427409,0.152588,-0.2159221,0.9644141,-0.1626269,1.519705,0.02467215,359.6239,359.3251,359.6589,0,0,False
1,Center_Dir_Close,274,20.39999,-0.1628065,1.519465,0.0247338,-0.1716681,1.241751,0.03049338,-0.654235,0.06847183,0.107433,0.7454839,-0.003365846,1.123974,0.2238563,-0.07879967,0.2088765,-0.08976351,0.9706203,MathCanvas,0.03565466,1.178955,1.55325,-0.1626269,1.519705,0.02467215,0.1261835,-0.2164431,0.9681064,-0.1291261,1.519328,0.02514798,0.09948401,-0.2183047,0.9707966,-0.1964869,1.519602,0.02431962,0.152678,-0.2168882,0.964183,-0.1628065,1.519465,0.0247338,359.7076,359.2966,359.7665,0,0,False
1,Center_Dir_Close,275,20.41999,-0.1632371,1.51937,0.02486389,-0.1733727,1.24169,0.03022889,-0.6544873,0.06539492,0.1122802,0.7448242,-0.003496168,1.123252,0.2237928,-0.07769895,0.2088633,-0.08869714,0.9708099,MathCanvas,0.03637318,1.177811,1.552882,-0.1630547,1.519433,0.02480389,0.1298928,-0.2169997,0.9674911,-0.1295571,1.519262,0.0253186,0.1030961,-0.2182862,0.9704238,-0.1969171,1.519478,0.02440917,0.1562284,-0.2167679,0.9636412,-0.1632371,1.51937,0.02486389,359.7726,359.2272,359.8163,0,0,False
1,Center_Dir_Close,276,20.43999,-0.1634932,1.519311,0.02492362,-0.1740539,1.241474,0.03108627,-0.6466699,0.07547557,0.1143017,0.750371,-0.00351708,1.122893,0.2237093,-0.0774132,0.2091066,-0.08834608,0.9708123,MathCanvas,0.0417971,1.176839,1.552036,-0.1632371,1.51937,0.02486389,0.1299772,-0.2176204,0.9673403,-0.1298138,1.519223,0.02542165,0.1022492,-0.2185458,0.970455,-0.1971726,1.519399,0.02442558,0.1553875,-0.216992,0.9637268,-0.1634932,1.519311,0.02492362,359.7864,359.1534,359.8502,0,0,False
1,Center_Dir_Close,277,20.45999,-0.1638686,1.519211,0.02501249,-0.174888,1.241151,0.03119498,-0.6416801,0.07860073,0.1142922,0.7543249,-0.003472127,1.122787,0.2236306,-0.07733817,0.2094379,-0.08871552,0.9707132,MathCanvas,0.04166432,1.175816,1.551785,-0.1636599,1.519241,0.02497872,0.1283317,-0.2138933,0.9683908,-0.13019,1.519148,0.02556877,0.1005649,-0.2149448,0.9714347,-0.1975471,1.519273,0.02445621,0.1537104,-0.2133748,0.9648027,-0.1638686,1.519211,0.02501249,359.837,359.054,359.894,0,0,False
1,Center_Dir_Close,278,20.47999,-0.1641331,1.519269,0.02504126,-0.1748415,1.240901,0.03119159,-0.6428568,0.07645074,0.1137929,0.753619,-0.003415613,1.122649,0.2234926,-0.07722965,0.2101058,-0.08930857,0.9705231,MathCanvas,0.03878012,1.181452,1.554199,-0.1638686,1.519211,0.02501249,0.1278995,-0.2143445,0.9683481,-0.1304552,1.519192,0.02563303,0.1001672,-0.2149062,0.9714844,-0.197811,1.519346,0.02444948,0.1533155,-0.2133567,0.9648696,-0.1641331,1.519269,0.02504126,359.8206,358.9937,359.8689,0,0,False
1,Center_Dir_Close,279,20.49999,-0.1645011,1.519407,0.02523662,-0.1749074,1.240657,0.03106667,-0.6458097,0.07077987,0.1137238,0.7516561,-0.003376069,1.122568,0.2232575,-0.07732985,0.2111121,-0.08971117,0.9702596,MathCanvas,0.03782597,1.18081,1.554107,-0.1643308,1.519338,0.02512532,0.1257271,-0.2110157,0.9693632,-0.1308238,1.519307,0.02585749,0.09889413,-0.2113848,0.972387,-0.1981785,1.519507,0.02461575,0.1520549,-0.2099321,0.9658197,-0.1645011,1.519407,0.02523662,359.7688,358.9445,359.8303,0,0,False
1,Center_Dir_Close,280,20.51999,-0.164676,1.51942,0.02532099,-0.1749654,1.240597,0.03107383,-0.6460018,0.06870057,0.1137839,0.7516749,-0.003377454,1.122563,0.2232345,-0.07734404,0.2111932,-0.08976161,0.9702362,MathCanvas,0.03410118,1.186081,1.556472,-0.1645011,1.519407,0.02523662,0.01324557,-0.1760021,-0.9843006,-0.1309988,1.519321,0.02594792,-0.04048151,-0.1757895,0.9835951,-0.1983533,1.519518,0.02469406,0.0136597,-0.1758958,0.984314,-0.164676,1.51942,0.02532099,359.7595,358.9342,359.8325,0,0,False
1,Center_Dir_Close,281,20.53999,-0.1648634,1.519418,0.02539528,-0.1749654,1.240597,0.03107383,-0.6460018,0.06870057,0.1137839,0.7516749,-0.003377454,1.122563,0.2232345,-0.07734404,0.2111932,-0.08976161,0.9702362,MathCanvas,0.03410118,1.186081,1.556472,-0.164676,1.51942,0.02532099,0.01368849,-0.1759654,-0.9843011,-0.1311865,1.519319,0.02603724,-0.04119569,-0.1758737,0.9835504,-0.1985404,1.519517,0.02475333,0.01294499,-0.1759838,0.9843079,-0.1648634,1.519418,0.02539528,359.7574,358.9087,359.8315,0,0,False
1,Center_Dir_Close,282,20.55999,-0.1649605,1.519242,0.02555411,-0.1751156,1.240182,0.03112254,-0.6425766,0.05221248,0.1118056,0.75622,-0.003386166,1.12251,0.2230844,-0.07728387,0.2120079,-0.09023622,0.9700192,MathCanvas,0.03410118,1.186081,1.556472,-0.16491,1.519368,0.0254953,0.02032677,-0.1740107,-0.984534,-0.1312824,1.51916,0.02613642,-0.04634855,-0.1747145,0.9835277,-0.1986386,1.519324,0.0249718,0.007787956,-0.1748581,0.9845629,-0.1649605,1.519242,0.02555411,359.819,359.0099,359.8605,0,0,False
1,Center_Dir_Close,283,20.57999,-0.1650806,1.519182,0.02562271,-0.1751501,1.240082,0.03111173,-0.6428181,0.04709093,0.1111741,0.7564441,-0.003386166,1.12251,0.2230844,-0.07728387,0.2120079,-0.09023622,0.9700192,MathCanvas,0.03410118,1.186081,1.556472,-0.1649605,1.519242,0.02555411,0.02008324,-0.1742354,-0.9844993,-0.1314023,1.519104,0.02619572,-0.04685181,-0.1743975,0.9835601,-0.1987588,1.51926,0.0250497,0.007284168,-0.1745487,0.9846216,-0.1650806,1.519182,0.02562271,359.8328,359.0256,359.8672,0,0,False
1,Center_Dir_Close,284,20.59999,-0.1651988,1.51901,0.02575402,-0.1750335,1.239879,0.03100782,-0.6479933,0.02832359,0.1088134,0.7533008,-0.00345074,1.122421,0.2230293,-0.07735065,0.2124829,-0.08989032,0.9699421,MathCanvas,0.03410118,1.186081,1.556472,-0.1650747,1.51905,0.02569051,0.01775226,-0.1772653,-0.9840031,-0.1315191,1.518949,0.02623659,-0.04434311,-0.177532,0.9831155,-0.1988785,1.519072,0.02527145,0.009795384,-0.1776587,0.9840434,-0.1651988,1.51901,0.02575402,359.9117,359.1793,359.895,0,0,False
1,Center_Dir_Close,285,20.61999,-0.1652268,1.519062,0.02586348,-0.1736323,1.239938,0.03139138,-0.6539291,0.008985297,0.104144,0.7492997,-0.003567632,1.122435,0.22297,-0.07723784,0.2123973,-0.08973396,0.9699843,MathCanvas,0.03410118,1.186081,1.556472,-0.1651988,1.51901,0.02575402,-0.002062399,-0.1733858,-0.9848521,-0.1315462,1.518999,0.02627832,-0.02303885,-0.1714604,0.9849216,-0.1989074,1.519126,0.02544864,0.03110122,-0.1714281,0.9847056,-0.1652268,1.519062,0.02586348,359.7987,359.2947,359.8919,0,0,False
1,Center_Dir_Close,286,20.63999,-0.1656018,1.519058,0.02590386,-0.1692025,1.239045,0.03268313,-0.6553945,-0.02526759,0.08319106,0.7502659,-0.003741276,1.122392,0.2229082,-0.07701711,0.2122551,-0.08933337,0.97007,MathCanvas,0.03410118,1.186081,1.556472,-0.1654024,1.519069,0.02590837,-0.002654858,-0.1757544,-0.9844307,-0.1319211,1.518991,0.02630711,-0.0244312,-0.1759944,0.9840879,-0.1992826,1.519125,0.02550062,0.02970913,-0.1759386,0.9839527,-0.1656018,1.519058,0.02590386,359.8036,359.3145,359.8861,0,0,False
1,Center_Dir_Close,287,20.65999,-0.1657493,1.519044,0.0259423,-0.1681291,1.23859,0.0329056,-0.6573,-0.03927676,0.07895286,0.7484521,-0.003779413,1.122377,0.2229046,-0.0770084,0.2121775,-0.08921433,0.9700986,MathCanvas,0.03410118,1.186081,1.556472,-0.1656018,1.519058,0.02590386,-0.003027558,-0.175779,-0.9844251,-0.1320684,1.518983,0.02633438,-0.02368356,-0.1757654,0.9841472,-0.1994301,1.519104,0.02555021,0.03045664,-0.1757109,0.9839706,-0.1657493,1.519044,0.0259423,359.8015,359.3334,359.8972,0,0,False
1,Center_Dir_Close,288,20.67999,-0.1659072,1.519029,0.02597168,-0.1670693,1.238065,0.03307887,-0.6594192,-0.05373828,0.07490645,0.7461015,-0.003821502,1.122362,0.2229027,-0.07700635,0.2120866,-0.08908398,0.9701306,MathCanvas,0.03410118,1.186081,1.556472,-0.1657493,1.519044,0.0259423,-0.003376869,-0.1756659,-0.9844443,-0.1322262,1.518978,0.0263546,-0.02337348,-0.1755753,0.9841885,-0.1995881,1.519079,0.02558876,0.03076665,-0.175501,0.9839984,-0.1659072,1.519029,0.02597168,359.7943,359.3489,359.9146,0,0,False
1,Center_Dir_Close,289,20.69999,-0.1664885,1.519112,0.02566517,-0.1649914,1.235367,0.03251749,-0.6702188,-0.08492678,0.06180127,0.7346938,-0.004176663,1.122325,0.2230111,-0.07682207,0.2113829,-0.08823182,0.9703766,MathCanvas,0.03410118,1.186081,1.556472,-0.1663007,1.519105,0.02565895,0.0003232383,-0.1734807,-0.9848373,-0.1328088,1.519155,0.02614671,-0.02753966,-0.1732787,0.9844877,-0.2001682,1.519069,0.02518363,0.02660193,-0.173084,0.9845477,-0.1664885,1.519112,0.02566517,359.7042,359.1805,0.07311813,0,0,False
1,Center_Dir_Close,290,20.71999,-0.1666972,1.519116,0.02566332,-0.1641228,1.234847,0.03263608,-0.6719515,-0.09692039,0.05713444,0.7319995,-0.004176663,1.122325,0.2230111,-0.07682207,0.2113829,-0.08823182,0.9703766,MathCanvas,0.03410118,1.186081,1.556472,-0.1664885,1.519112,0.02566517,0.01354309,-0.1732279,-0.9847887,-0.1330176,1.519174,0.0261534,-0.0407781,-0.1730044,0.9840765,-0.2003768,1.519057,0.02517324,0.01336315,-0.1729097,0.9848471,-0.1666972,1.519116,0.02566332,359.6884,359.1658,0.09993387,0,0,False
1,Center_Dir_Close,291,20.73999,-0.167344,1.519103,0.0254481,-0.1654165,1.234026,0.03230801,-0.6799026,-0.09624312,0.0599297,0.7244849,-0.004885409,1.122174,0.2233762,-0.07661671,0.2107902,-0.0881776,0.9705268,MathCanvas,0.03410118,1.186081,1.556472,-0.1670313,1.519069,0.02557131,0.01686629,-0.04866982,-0.9986726,-0.1336665,1.519183,0.02606479,-0.04577254,-0.0487778,0.9977603,-0.2010215,1.519022,0.0248314,0.008364476,-0.04864512,0.9987811,-0.167344,1.519103,0.0254481,359.7125,358.9503,0.1371409,0,0,False
1,Center_Dir_Close,292,20.75999,-0.1675801,1.519111,0.02541143,-0.1649896,1.233554,0.03234504,-0.6821197,-0.1047672,0.05709239,0.721441,-0.004885409,1.122174,0.2233762,-0.07661671,0.2107902,-0.0881776,0.9705268,MathCanvas,0.03410118,1.186081,1.556472,-0.167344,1.519103,0.0254481,0.01784769,-0.04844746,-0.9986662,-0.1339032,1.519208,0.02605869,-0.04579363,-0.04837033,0.9977791,-0.2012569,1.519015,0.02476416,0.008343294,-0.04821482,0.9988021,-0.1675801,1.519111,0.02541143,359.7036,358.8981,0.1642316,0,0,False
1,Center_Dir_Close,293,20.77999,-0.1679567,1.519318,0.02537826,-0.1677788,1.234736,0.03207845,-0.6747201,-0.08971862,0.06801424,0.7294364,-0.00561001,1.12214,0.2236887,-0.0764905,0.2098591,-0.08785009,0.9707682,MathCanvas,0.03410118,1.186081,1.556472,-0.1677731,1.519233,0.02540369,0.02004262,-0.04703009,-0.9986925,-0.1342818,1.519468,0.02611138,-0.04824065,-0.0463886,0.997758,-0.2016316,1.519168,0.02464514,0.005893219,-0.04614657,0.9989173,-0.1679567,1.519318,0.02537826,359.5868,358.751,0.2551509,0,0,False
1,Center_Dir_Close,294,20.79999,-0.1681843,1.519354,0.02533437,-0.1678481,1.234554,0.03205721,-0.6753203,-0.09368881,0.06749512,0.7284294,-0.00561001,1.12214,0.2236887,-0.0764905,0.2098591,-0.08785009,0.9707682,MathCanvas,0.03410118,1.186081,1.556472,-0.1679567,1.519318,0.02537826,0.03796445,-0.04592262,0.9982233,-0.1345103,1.519524,0.02610226,0.009938627,-0.04562039,0.9989094,-0.2018583,1.519184,0.02456648,0.06395172,-0.04520038,0.9969288,-0.1681843,1.519354,0.02533437,359.5594,358.6914,0.2896286,0,0,False
1,Center_Dir_Close,295,20.81999,-0.1684656,1.519372,0.02517199,-0.1701115,1.235014,0.03187728,-0.6632323,-0.05978244,0.07435386,0.7423075,-0.006729398,1.12262,0.223962,-0.07707942,0.2075319,-0.08851486,0.9711614,MathCanvas,0.03410118,1.186081,1.556472,-0.1683366,1.519388,0.02524086,0.03683954,-0.1131077,0.9928995,-0.1347926,1.519566,0.02597802,0.009214662,-0.1132516,0.9935236,-0.2021386,1.519177,0.02436597,0.06322873,-0.1125768,0.9916292,-0.1684656,1.519372,0.02517199,359.5483,358.6262,0.3300748,0,0,False
1,Center_Dir_Close,296,20.83999,-0.1686604,1.519395,0.02511532,-0.1704551,1.234935,0.03182974,-0.662035,-0.05805028,0.07491833,0.7434562,-0.006729398,1.12262,0.223962,-0.07707942,0.2075319,-0.08851486,0.9711614,MathCanvas,0.03410118,1.186081,1.556472,-0.1684656,1.519372,0.02517199,0.03623407,-0.1129142,0.9929438,-0.1349882,1.519604,0.02594986,0.008422922,-0.1129079,0.9935697,-0.2023327,1.519185,0.02428079,0.06243826,-0.1122091,0.991721,-0.1686604,1.519395,0.02511532,359.5294,358.5773,0.3566379,0,0,False
1,Center_Dir_Close,297,20.85999,-0.1686883,1.519525,0.0250705,-0.1706662,1.234781,0.03197628,-0.6605227,-0.05165498,0.07760549,0.744996,-0.007142788,1.122874,0.2240703,-0.07764411,0.2068104,-0.08849748,0.9712719,MathCanvas,0.03410118,1.186081,1.556472,-0.1686604,1.519395,0.02511532,0.0360343,-0.1112619,0.9931376,-0.1350167,1.519796,0.02591263,0.008972717,-0.1096848,0.9939259,-0.2023599,1.519255,0.02422838,0.06298546,-0.1088406,0.9920618,-0.1686883,1.519525,0.0250705,359.4202,358.5627,0.4605485,0,0,False
1,Center_Dir_Close,298,20.87999,-0.1688308,1.520079,0.02498025,-0.1706724,1.234747,0.03231961,-0.6544772,-0.04373273,0.0796026,0.7506068,-0.007589033,1.123162,0.2243084,-0.07825563,0.2061586,-0.08839031,0.9713711,MathCanvas,0.03410118,1.186081,1.556472,-0.1687372,1.519823,0.02502131,-0.02400013,-0.1703643,-0.9850891,-0.1351592,1.520358,0.02582077,-0.002972225,-0.1683128,0.9857292,-0.2025023,1.5198,0.02413973,0.05109556,-0.1674743,0.9845514,-0.1688308,1.520079,0.02498025,359.0854,358.5625,0.4740991,0,0,False
1,Center_Dir_Close,299,20.89999,-0.1689555,1.520219,0.02495172,-0.1709078,1.234692,0.03235071,-0.6526977,-0.04087641,0.08050779,0.752219,-0.007589033,1.123162,0.2243084,-0.07825563,0.2061586,-0.08839031,0.9713711,MathCanvas,0.03410118,1.186081,1.556472,-0.1688308,1.520079,0.02498025,-0.02377555,-0.1686788,-0.9853845,-0.1352844,1.520514,0.0258057,-0.003598085,-0.1675521,0.9858567,-0.2026266,1.519924,0.02409775,0.05046968,-0.166653,0.9847231,-0.1689555,1.520219,0.02495172,358.9951,358.5384,0.5017032,0,0,False
1,Center_Dir_Close,300,20.91999,-0.1689805,1.520397,0.02490069,-0.1703025,1.234645,0.03267118,-0.6544769,-0.03061875,0.08163938,0.7510376,-0.007758562,1.123177,0.2245909,-0.07810936,0.2064817,-0.08871473,0.9712847,MathCanvas,0.03410118,1.186081,1.556472,-0.1690041,1.520356,0.02494058,-0.02362785,-0.1669896,-0.9856756,-0.1353095,1.520711,0.02575161,-0.003336357,-0.1670463,0.9859434,-0.2026515,1.520084,0.02404976,0.05073057,-0.1661086,0.9848017,-0.1689805,1.520397,0.02490069,358.9315,358.5424,0.53332,0,0,False
1,Center_Dir_Close,301,20.93999,-0.1690621,1.520515,0.02487215,-0.1703934,1.234603,0.03273156,-0.6534765,-0.02710236,0.08247107,0.7519525,-0.007758562,1.123177,0.2245909,-0.07810936,0.2064817,-0.08871473,0.9712847,MathCanvas,0.03410118,1.186081,1.556472,-0.1689805,1.520397,0.02490069,-0.02360865,-0.165984,-0.9858458,-0.1353914,1.520843,0.02573017,-0.003583713,-0.1652733,0.9862413,-0.2027328,1.520187,0.02401413,0.05048333,-0.1643268,0.9851132,-0.1690621,1.520515,0.02487215,358.8639,358.5292,0.5581126,0,0,False
1,Center_Dir_Close,302,20.95999,-0.1689033,1.520631,0.02485194,-0.1708857,1.234543,0.03276757,-0.6572617,-0.01681959,0.08450959,0.7487205,-0.007834122,1.123173,0.2247519,-0.07802954,0.2063811,-0.08887043,0.9712983,MathCanvas,0.03410118,1.186081,1.556472,-0.1690621,1.520515,0.02487215,-0.01281596,-0.1860108,-0.9824642,-0.1352329,1.521027,0.02569317,-0.01339277,-0.1850903,0.9826303,-0.2025736,1.520234,0.02401072,0.04070727,-0.1840325,0.9820768,-0.1689033,1.520631,0.02485194,358.7838,358.5545,0.6743516,0,0,False
1,Center_Dir_Close,303,20.97999,-0.1686701,1.520869,0.02479809,-0.1716766,1.234612,0.03326657,-0.6545541,-0.01275111,0.08253175,0.7513887,-0.008004682,1.123056,0.2249256,-0.07805336,0.2057362,-0.08873005,0.971446,MathCanvas,0.03410118,1.186081,1.556472,-0.1687693,1.520749,0.02482155,-0.004950077,-0.1895039,-0.9818677,-0.1349995,1.521285,0.02561871,-0.02215965,-0.1885113,0.981821,-0.2023408,1.520453,0.02397747,0.03195985,-0.1875797,0.9817293,-0.1686701,1.520869,0.02479809,358.6145,358.5868,0.7073107,0,0,False
1,Center_Dir_Close,304,20.99999,-0.1686611,1.521008,0.02478317,-0.1718979,1.234594,0.03337691,-0.6539191,-0.009030373,0.08298259,0.7519456,-0.008004682,1.123056,0.2249256,-0.07805336,0.2057362,-0.08873005,0.971446,MathCanvas,0.03410118,1.186081,1.556472,-0.1686701,1.520869,0.02479809,-0.00503737,-0.188104,-0.9821361,-0.1349906,1.521443,0.02560132,-0.02186696,-0.1872609,0.9820668,-0.2023315,1.520574,0.02396502,0.03225189,-0.1862926,0.9819648,-0.1686611,1.521008,0.02478317,358.538,358.5892,0.7396033,0,0,False
1,Center_Dir_Close,305,21.01999,-0.1684534,1.521922,0.02489317,-0.1729369,1.234666,0.03366863,-0.6539646,-0.01440892,0.08689225,0.7513803,-0.007962463,1.12299,0.2249471,-0.07800153,0.2056105,-0.08881178,0.9714693,MathCanvas,0.03410118,1.186081,1.556472,-0.1686407,1.521157,0.02477183,-0.005302818,-0.1854516,-0.9826392,-0.1347834,1.522391,0.02571095,-0.02182256,-0.1786346,0.9836734,-0.2021234,1.521453,0.0240754,0.03229549,-0.177623,0.9835685,-0.1684534,1.521922,0.02489317,358.0354,358.5813,0.7988503,0,0,False
1,Center_Dir_Close,306,21.03999,-0.1684091,1.52219,0.02490612,-0.1731592,1.234663,0.03375846,-0.6536339,-0.01299531,0.08751259,0.7516219,-0.007962463,1.12299,0.2249471,-0.07800153,0.2056105,-0.08881178,0.9714693,MathCanvas,0.03410118,1.186081,1.556472,-0.1684534,1.521922,0.02489317,-0.00178686,-0.1816024,-0.9833704,-0.1347393,1.522678,0.02572147,-0.02514962,-0.1794864,0.983439,-0.2020789,1.521702,0.02409078,0.02897325,-0.1784773,0.9835173,-0.1684091,1.52219,0.02490612,357.8835,358.5821,0.8310707,0,0,False
1,Center_Dir_Close,307,21.05999,-0.168084,1.523171,0.02481836,-0.173415,1.234477,0.03394363,-0.6516748,-0.0131499,0.08555984,0.7535427,-0.007491531,1.122862,0.2248852,-0.07794941,0.2066199,-0.08973248,0.9711747,MathCanvas,0.03410118,1.186081,1.556472,-0.1681055,1.52306,0.02494633,0.0005467475,-0.1737255,-0.9847941,-0.134413,1.523675,0.02557605,-0.02701119,-0.171243,0.9848585,-0.2017549,1.522667,0.02406068,0.02711582,-0.1702511,0.9850276,-0.168084,1.523171,0.02481836,357.4009,358.672,0.858157,0,0,False
1,Center_Dir_Close,308,21.07999,-0.1680212,1.52336,0.02471272,-0.1735922,1.234186,0.03407202,-0.6509847,-0.009364617,0.08436182,0.7543304,-0.007068777,1.122779,0.2248657,-0.07791666,0.2075272,-0.0899826,0.9709607,MathCanvas,0.03410118,1.186081,1.556472,-0.168084,1.523171,0.02481836,0.01236249,-0.1716546,-0.9850798,-0.1343499,1.523847,0.02545968,-0.03922939,-0.1700681,0.9846511,-0.2016926,1.522872,0.02396575,0.0149037,-0.1692482,0.9854608,-0.1680212,1.52336,0.02471272,357.2845,358.6898,0.8301018,0,0,False
1,Center_Dir_Close,309,21.09999,-0.1678428,1.523929,0.02465962,-0.1735922,1.234186,0.03407202,-0.6509847,-0.009364617,0.08436182,0.7543304,-0.006993739,1.122752,0.2248691,-0.07787091,0.207661,-0.09000198,0.9709339,MathCanvas,0.03410118,1.186081,1.556472,-0.1679646,1.523656,0.02469208,0.01181774,-0.1664502,-0.9859792,-0.1341711,1.524428,0.02538584,-0.03863916,-0.1641908,0.9856715,-0.2015145,1.52343,0.02393341,0.01549364,-0.1633246,0.9864507,-0.1678428,1.523929,0.02465962,356.9762,358.7196,0.8501493,0,0,False
1,Center_Dir_Close,310,21.11999,-0.1676526,1.524,0.02459,-0.1737725,1.233956,0.03386681,-0.6501799,-0.005235244,0.08341706,0.7551691,-0.006428404,1.122375,0.224889,-0.07735396,0.2086636,-0.09029376,0.9707332,MathCanvas,0.03410118,1.186081,1.556472,-0.1678428,1.523929,0.02465962,0.01218954,-0.165132,-0.9861963,-0.133982,1.524516,0.02535312,-0.04025093,-0.1655617,0.9853777,-0.2013232,1.523485,0.02382687,0.01387941,-0.1646374,0.9862565,-0.1676526,1.524,0.02459,356.9746,358.6553,0.8773717,0,0,False
1,Center_Dir_Close,311,21.13999,-0.1675306,1.524279,0.02444992,-0.1736788,1.233909,0.0338717,-0.6459101,0.0009701811,0.08374417,0.7588057,-0.006216619,1.122096,0.224917,-0.07717767,0.2088724,-0.08981466,0.9707468,MathCanvas,0.03410118,1.186081,1.556472,-0.1675848,1.524371,0.02456733,0.012415,-0.1750823,-0.9844755,-0.1338593,1.524728,0.02522362,-0.04000093,-0.1763977,0.9835058,-0.201202,1.523831,0.02367622,0.01413223,-0.1756244,0.9843558,-0.1675306,1.524279,0.02444992,356.9513,358.643,0.7644274,0,0,False
1,Center_Dir_Close,312,21.15999,-0.1674424,1.52446,0.02439259,-0.1737254,1.233889,0.0338864,-0.6454897,0.001840893,0.08373549,0.7591627,-0.006216619,1.122096,0.224917,-0.07717767,0.2088724,-0.08981466,0.9707468,MathCanvas,0.03410118,1.186081,1.556472,-0.1675306,1.524279,0.02444992,0.01292837,-0.1756652,-0.9843652,-0.1337709,1.524899,0.02516754,-0.04009933,-0.1747093,0.9838032,-0.2011138,1.524021,0.02361764,0.01403373,-0.1739346,0.9846572,-0.1674424,1.52446,0.02439259,356.873,358.6408,0.7474897,0,0,False
1,Center_Dir_Close,313,21.17999,-0.1673621,1.524289,0.02419078,-0.1734869,1.234049,0.03444258,-0.6418123,0.00359444,0.08395776,0.7622436,-0.005929856,1.121654,0.2249433,-0.07624736,0.2091118,-0.08973786,0.9707758,MathCanvas,0.03410118,1.186081,1.556472,-0.1674424,1.52446,0.02439259,0.01349549,-0.1793198,-0.9836982,-0.1336912,1.524707,0.02499746,-0.04155888,-0.1815161,0.9825094,-0.2010331,1.52387,0.0233841,0.01257342,-0.1807824,0.9834427,-0.1673621,1.524289,0.02419078,356.9792,358.59,0.7127855,0,0,False
1,Center_Dir_Close,314,21.19999,-0.1672048,1.52444,0.02400206,-0.1734212,1.234068,0.03450663,-0.641703,0.002807725,0.08399501,0.7623347,-0.005858278,1.121573,0.2249448,-0.07609297,0.2092351,-0.08984625,0.9707513,MathCanvas,0.03410118,1.186081,1.556472,-0.1672869,1.524359,0.02409067,0.01426771,-0.1822564,-0.9831477,-0.1335341,1.524834,0.02482914,-0.04176544,-0.1822034,0.9823735,-0.2008756,1.524046,0.02317498,0.01236716,-0.1814975,0.9833136,-0.1672048,1.52444,0.02400206,356.9435,358.5571,0.6716037,0,0,False
1,Center_Dir_Close,315,21.21999,-0.1671819,1.524172,0.02384676,-0.173052,1.234133,0.03408706,-0.6466303,-0.004503415,0.08457565,0.758087,-0.005686097,1.121482,0.2249196,-0.07597643,0.2094463,-0.08968761,0.9707296,MathCanvas,0.03410118,1.186081,1.556472,-0.1672048,1.52444,0.02400206,0.01470646,-0.1818505,-0.9832163,-0.1335109,1.524523,0.02468294,-0.04223444,-0.1842718,0.9819675,-0.2008529,1.523821,0.02301057,0.01189875,-0.1836351,0.9829224,-0.1671819,1.524172,0.02384676,357.0654,358.5468,0.5974483,0,0,False
1,Center_Dir_Close,316,21.23999,-0.1670516,1.524094,0.02363215,-0.1729713,1.234189,0.03405178,-0.6465635,-0.004544717,0.08486649,0.7581114,-0.005641488,1.121478,0.2249089,-0.07594234,0.2094321,-0.08958811,0.9707446,MathCanvas,0.03410118,1.186081,1.556472,-0.1671248,1.524149,0.02374176,0.01536167,-0.1926825,-0.981141,-0.1333807,1.524409,0.02448465,-0.04290629,-0.1935969,0.9801425,-0.2007225,1.52378,0.02277965,0.01122688,-0.1930126,0.981132,-0.1670516,1.524094,0.02363215,357.1214,358.5228,0.5357844,0,0,False
1,Center_Dir_Close,317,21.25999,-0.167027,1.52374,0.0234217,-0.1726354,1.234328,0.03383497,-0.6446534,-0.001572818,0.0858418,0.7596385,-0.005550791,1.121516,0.2249187,-0.07598389,0.2093436,-0.08970375,0.9707497,MathCanvas,0.03410118,1.186081,1.556472,-0.1670516,1.524094,0.02363215,0.01572121,-0.1929071,-0.9810915,-0.1333564,1.524078,0.0242779,-0.04271536,-0.1960798,0.9796572,-0.2006977,1.523403,0.02256551,0.01141743,-0.1954603,0.9806452,-0.167027,1.52374,0.0234217,357.2891,358.5162,0.5741779,0,0,False
1,Center_Dir_Close,318,21.27999,-0.1669369,1.523713,0.02327283,-0.1724464,1.234368,0.03352279,-0.6440815,0.003863815,0.08600435,0.760097,-0.005532257,1.121622,0.2249538,-0.07615785,0.2092672,-0.08979165,0.9707444,MathCanvas,0.03410118,1.186081,1.556472,-0.167027,1.52374,0.0234217,0.01301588,-0.196668,-0.9803838,-0.1332671,1.524066,0.02415837,-0.04082946,-0.1974586,0.9794605,-0.2006066,1.52336,0.02238729,0.01330236,-0.1967509,0.9803633,-0.1669369,1.523713,0.02327283,357.315,358.4652,0.6012133,0,0,False
1,Center_Dir_Close,319,21.29999,-0.166874,1.523683,0.02314682,-0.1723498,1.234451,0.03340442,-0.6442198,0.006184485,0.08563391,0.7600062,-0.005535681,1.121692,0.2249747,-0.076273,0.2092091,-0.08980872,0.9707463,MathCanvas,0.03410118,1.186081,1.556472,-0.1669369,1.523713,0.02327283,0.01348197,-0.197175,-0.9802758,-0.1332048,1.524039,0.02405256,-0.04110513,-0.1980644,0.9793268,-0.2005432,1.523327,0.02224107,0.01302674,-0.1973749,0.9802415,-0.166874,1.523683,0.02314682,357.3469,358.431,0.6055397,0,0,False
1,Center_Dir_Close,320,21.31999,-0.1667903,1.523651,0.02296511,-0.172408,1.234543,0.03350805,-0.6464072,0.001152068,0.0848582,0.7582582,-0.005582979,1.121944,0.2250212,-0.07675026,0.2089228,-0.08980817,0.9707704,MathCanvas,0.03410118,1.186081,1.556472,-0.166874,1.523683,0.02314682,0.01154402,-0.1994097,-0.9798483,-0.1331217,1.523968,0.02390363,-0.03977259,-0.2002505,0.9789371,-0.2004589,1.523333,0.02202659,0.01435983,-0.1996295,0.9797662,-0.1667903,1.523651,0.02296511,357.3769,358.3785,0.5412773,0,0,False
1,Center_Dir_Close,321,21.33999,-0.1666345,1.523635,0.02267029,-0.1722531,1.234702,0.0334135,-0.6495625,-0.003011231,0.0846405,0.7555763,-0.005650382,1.122306,0.2250218,-0.07719917,0.2083811,-0.0899804,0.9708353,MathCanvas,0.03410118,1.186081,1.556472,-0.166692,1.52357,0.02275458,0.01350005,-0.2009821,-0.979502,-0.1329664,1.523892,0.02364703,-0.04102575,-0.2012731,0.9786757,-0.2003026,1.523378,0.02169355,0.01310706,-0.2007616,0.9795524,-0.1666345,1.523635,0.02267029,357.4343,358.3187,0.437704,0,0,False
1,Center_Dir_Close,322,21.35999,-0.1665412,1.523761,0.02260305,-0.1721581,1.234795,0.03335379,-0.6500608,-0.00490883,0.08395233,0.7552145,-0.005630914,1.122502,0.2250093,-0.07735533,0.2081794,-0.09030595,0.9708359,MathCanvas,0.03410118,1.186081,1.556472,-0.1666345,1.523635,0.02267029,0.06249318,-0.2149104,0.9746323,-0.1328731,1.524026,0.02357492,0.03574539,-0.2150888,0.9759401,-0.2002094,1.523496,0.02163119,0.08956815,-0.2136049,0.9728054,-0.1665412,1.523761,0.02260305,357.4023,358.3261,0.4510137,0,0,False
1,Center_Dir_Close,323,21.37999,-0.1663966,1.523984,0.02259872,-0.1720657,1.234993,0.03330997,-0.6492874,-0.006109003,0.08328977,0.7559441,-0.005610015,1.122678,0.2250038,-0.07754803,0.2080122,-0.09058678,0.9708302,MathCanvas,-0.0677532,1.184035,1.563283,-0.1665412,1.523761,0.02260305,0.06212487,-0.2151571,0.9746014,-0.1327283,1.524251,0.02356556,0.0353192,-0.2134757,0.9763097,-0.2000648,1.523717,0.02163189,0.08914375,-0.212026,0.9731898,-0.1663966,1.523984,0.02259872,357.2609,358.3334,0.4549728,0,0,False
1,Center_Dir_Close,324,21.39999,-0.1662135,1.524321,0.02251548,-0.1720281,1.235216,0.0333323,-0.6483066,-0.006998658,0.08340873,0.7567645,-0.005619084,1.122723,0.2250779,-0.07747666,0.2078058,-0.09027238,0.9709094,MathCanvas,-0.06819779,1.183892,1.56312,-0.1663177,1.524065,0.02252837,0.08320284,-0.2121105,0.9736973,-0.1325447,1.524577,0.02346906,0.05681609,-0.21111,0.9758096,-0.1998822,1.524064,0.0215619,0.1104464,-0.2094466,0.9715625,-0.1662135,1.524321,0.02251548,357.128,358.3558,0.436359,0,0,False
1,Center_Dir_Close,325,21.41999,-0.1661386,1.524414,0.02244245,-0.1720025,1.235257,0.033357,-0.6480411,-0.006518927,0.08349491,0.7569867,-0.005621344,1.122721,0.225099,-0.07742689,0.2077527,-0.09022422,0.9709292,MathCanvas,-0.03451728,1.188585,1.563715,-0.1662135,1.524321,0.02251548,0.08623674,-0.2127661,0.9732902,-0.1324698,1.524666,0.02339568,0.05938127,-0.2131721,0.9752085,-0.1998074,1.524163,0.02148922,0.1129819,-0.2114765,0.970831,-0.1661386,1.524414,0.02244245,357.101,358.3566,0.4279283,0,0,False
1,Center_Dir_Close,326,21.43999,-0.1660685,1.524398,0.02231133,-0.1719282,1.235309,0.03340474,-0.6480671,-0.005269751,0.08329663,0.756996,-0.005620886,1.122638,0.2252533,-0.07688154,0.2075307,-0.09008296,0.9710332,MathCanvas,-0.02963909,1.187639,1.563011,-0.1661386,1.524414,0.02244245,0.08613178,-0.2122271,0.9734172,-0.1324,1.524657,0.02327222,0.05914591,-0.2140484,0.9750307,-0.199737,1.524139,0.02135044,0.1127474,-0.212334,0.9706711,-0.1660685,1.524398,0.02231133,357.1595,358.3434,0.4414394,0,0,False
1,Center_Dir_Close,327,21.45999,-0.1659417,1.524361,0.02209384,-0.1718098,1.235458,0.0334045,-0.6480694,-0.004350197,0.0826162,0.7570745,-0.005631696,1.122518,0.2254106,-0.0764216,0.2074082,-0.09003711,0.9710999,MathCanvas,-0.02972516,1.188451,1.563194,-0.1659917,1.524472,0.02223196,0.08583301,-0.2138406,0.9730904,-0.1322736,1.524608,0.02307401,0.05845823,-0.2150383,0.9748545,-0.1996097,1.524114,0.02111368,0.1120614,-0.2133453,0.9705287,-0.1659417,1.524361,0.02209384,357.1633,358.3116,0.420457,0,0,False
1,Center_Dir_Close,328,21.47999,-0.1658857,1.524353,0.02197445,-0.1717963,1.235495,0.03340675,-0.6480355,-0.004015845,0.08247266,0.757121,-0.005660316,1.122453,0.2255009,-0.07626536,0.2072672,-0.08992503,0.9711526,MathCanvas,-0.03009728,1.185924,1.562164,-0.1659417,1.524361,0.02209384,0.08550262,-0.2141275,0.9730564,-0.132218,1.524595,0.02296644,0.05831137,-0.2153475,0.974795,-0.1995534,1.52411,0.02098246,0.1119151,-0.213651,0.9704783,-0.1658857,1.524353,0.02197445,357.1844,358.292,0.4136222,0,0,False
1,Center_Dir_Close,329,21.49999,-0.165845,1.524526,0.02190569,-0.1717608,1.235894,0.03327498,-0.6481617,0.002483327,0.08187873,0.757084,-0.006138111,1.122198,0.2260827,-0.0759658,0.2058574,-0.0886471,0.9715934,MathCanvas,-0.03058377,1.185511,1.561768,-0.1658721,1.52443,0.02192354,0.08574609,-0.2156672,0.9726949,-0.1321795,1.524756,0.02297381,0.05818181,-0.2160851,0.9746395,-0.1995105,1.524295,0.02083757,0.1117733,-0.2143871,0.9703324,-0.165845,1.524526,0.02190569,357.1504,358.1633,0.3920622,0,0,False
1,Center_Dir_Close,330,21.51999,-0.1658154,1.524582,0.02186451,-0.1717321,1.235916,0.03325775,-0.6484399,0.002158377,0.0816725,0.756869,-0.006176597,1.122196,0.2261223,-0.07592815,0.2057965,-0.08868732,0.9716055,MathCanvas,-0.03018314,1.183311,1.56084,-0.165845,1.524526,0.02190569,0.08498784,-0.2155187,0.9727943,-0.1321507,1.524808,0.02295675,0.05743303,-0.2161859,0.9746615,-0.1994802,1.524357,0.02077227,0.1110278,-0.2144881,0.9703956,-0.1658154,1.524582,0.02186451,357.1387,358.1226,0.3838387,0,0,False
1,Center_Dir_Close,331,21.53999,-0.1658209,1.524623,0.02190444,-0.1716727,1.236028,0.03306251,-0.6509014,-0.000180129,0.08087601,0.754842,-0.006477281,1.122236,0.2263731,-0.07566479,0.205357,-0.08908838,0.9716824,MathCanvas,-0.03136907,1.183643,1.560775,-0.1658154,1.524582,0.02186451,0.08405576,-0.2152722,0.9729298,-0.1321571,1.524822,0.02302897,0.05612078,-0.21578,0.9748279,-0.1994848,1.524425,0.02077992,0.1097222,-0.2141544,0.9706178,-0.1658209,1.524623,0.02190444,357.1153,358.0697,0.3386134,0,0,False
1,Center_Dir_Close,332,21.55999,-0.16576,1.524714,0.02188786,-0.1716726,1.236118,0.03290819,-0.6527662,-0.001317922,0.08047531,0.7532718,-0.006727964,1.122326,0.2265092,-0.07572088,0.2050162,-0.08939142,0.9717221,MathCanvas,-0.03285838,1.184098,1.56092,-0.1657912,1.524667,0.02191734,0.0806879,-0.2116525,0.9740086,-0.1320976,1.52489,0.02305985,0.05312547,-0.2122439,0.9757717,-0.1994223,1.524538,0.02071588,0.106751,-0.2106697,0.9717112,-0.16576,1.524714,0.02188786,357.0893,357.9908,0.3000584,0,0,False
1,Center_Dir_Close,333,21.57999,-0.1656815,1.524694,0.02196633,-0.1717324,1.236227,0.03270238,-0.6552215,-0.003100228,0.08048493,0.7511308,-0.007002227,1.122455,0.2266062,-0.07597786,0.2045945,-0.08971654,0.971761,MathCanvas,-0.03808548,1.189811,1.563086,-0.16576,1.524714,0.02188786,0.08026532,-0.211827,0.9740056,-0.1320197,1.524878,0.02315242,0.05307239,-0.2128968,0.9756323,-0.1993434,1.52451,0.02078024,0.1066976,-0.2112829,0.9715838,-0.1656815,1.524694,0.02196633,357.1064,357.9662,0.3134925,0,0,False
1,Center_Dir_Close,334,21.59999,-0.1655516,1.524654,0.02201522,-0.1717298,1.23618,0.03265039,-0.6549501,-0.004678339,0.08068184,0.7513381,-0.007515319,1.122693,0.2267139,-0.07639164,0.2035489,-0.09016958,0.9719062,MathCanvas,-0.0386885,1.189548,1.563004,-0.1656023,1.524673,0.02201145,0.07952219,-0.2122768,0.9739686,-0.1318908,1.524852,0.0232273,0.05210999,-0.2131654,0.9756255,-0.1992125,1.524457,0.02080313,0.1057392,-0.2115516,0.9716301,-0.1655516,1.524654,0.02201522,357.1469,357.921,0.3362217,0,0,False
1,Center_Dir_Close,335,21.61999,-0.1655094,1.524674,0.02200931,-0.1717298,1.23618,0.03265039,-0.6549501,-0.004678339,0.08068184,0.7513381,-0.007515319,1.122693,0.2267139,-0.07639164,0.2035489,-0.09016958,0.9719062,MathCanvas,-0.03975616,1.188856,1.562728,-0.1655516,1.524654,0.02201522,0.08370508,-0.2146608,0.9730952,-0.1318493,1.52487,0.02323983,0.05634298,-0.2155445,0.9748672,-0.1991696,1.524479,0.02077878,0.1099243,-0.2138649,0.9706588,-0.1655094,1.524674,0.02200931,357.149,357.8898,0.3328984,0,0,False
1,Center_Dir_Close,336,21.63999,-0.1653972,1.524389,0.02214293,-0.1719078,1.235854,0.0326129,-0.6530582,-0.01137513,0.07836296,0.7531567,-0.00852978,1.122784,0.2269858,-0.07630837,0.2011808,-0.09039652,0.9723846,MathCanvas,-0.03310231,1.185118,1.561279,-0.1654404,1.52447,0.02207576,0.09096291,-0.2193404,0.9713988,-0.1317373,1.524566,0.023381,0.06369787,-0.220974,0.9731973,-0.1990572,1.524211,0.02090485,0.1171955,-0.2191985,0.9686161,-0.1653972,1.524389,0.02214293,357.2831,357.8792,0.3028588,0,0,False
1,Center_Dir_Close,337,21.65999,-0.1653497,1.524375,0.02220934,-0.1720042,1.235764,0.03250271,-0.6537992,-0.01188494,0.07828968,0.7525132,-0.008695057,1.12272,0.2270635,-0.07620893,0.2007178,-0.09023512,0.9725031,MathCanvas,-0.02156278,1.177558,1.55816,-0.1653972,1.524389,0.02214293,0.09047549,-0.2200863,0.9712756,-0.1316899,1.524542,0.02345319,0.06346159,-0.2211309,0.9731771,-0.1990095,1.524208,0.02096548,0.1169606,-0.2193716,0.9686053,-0.1653497,1.524375,0.02220934,357.2905,357.8702,0.2844447,0,0,False
1,Center_Dir_Close,338,21.67999,-0.1653049,1.524381,0.02229237,-0.172053,1.235684,0.03241334,-0.6543055,-0.01234275,0.07817005,0.7520782,-0.008816568,1.122571,0.2271609,-0.07594819,0.2003839,-0.09021078,0.9725946,MathCanvas,-0.02229989,1.176399,1.557882,-0.1653497,1.524375,0.02220934,0.09001861,-0.220063,0.9713233,-0.1316458,1.524537,0.02355602,0.06260061,-0.2211271,0.9732338,-0.198964,1.524224,0.02102873,0.1161038,-0.2193822,0.968706,-0.1653049,1.524381,0.02229237,357.2995,357.8374,0.2664549,0,0,False
1,Center_Dir_Close,339,21.69999,-0.1652567,1.524282,0.02241531,-0.1719856,1.235606,0.03239435,-0.6540003,-0.01301642,0.07749026,0.7524025,-0.008841785,1.122377,0.227277,-0.07559253,0.200432,-0.09026077,0.9726077,MathCanvas,-0.02297917,1.176446,1.558022,-0.1652662,1.52435,0.02233891,0.08458,-0.2140385,0.9731566,-0.1315986,1.524415,0.02370911,0.05701647,-0.2154614,0.9748464,-0.1989148,1.52415,0.02112151,0.1105772,-0.2138498,0.970588,-0.1652567,1.524282,0.02241531,357.345,357.7882,0.225409,0,0,False
1,Center_Dir_Close,340,21.71999,-0.1652511,1.524153,0.02246021,-0.1719256,1.235684,0.03239772,-0.6548777,-0.01720338,0.07568154,0.751739,-0.008845272,1.122239,0.2273661,-0.07532263,0.2005437,-0.09018955,0.9726123,MathCanvas,-0.03146827,1.185717,1.561752,-0.1652567,1.524282,0.02241531,0.08382371,-0.2146557,0.9730861,-0.1315939,1.524268,0.0237769,0.05625511,-0.216486,0.9746636,-0.1989084,1.524037,0.02114353,0.1098194,-0.2148954,0.9704431,-0.1652511,1.524153,0.02246021,357.4026,357.7508,0.19597,0,0,False
1,Center_Dir_Close,341,21.73999,-0.1652136,1.524008,0.02255109,-0.1719256,1.235684,0.03239772,-0.6548777,-0.01720338,0.07568154,0.751739,-0.008849453,1.122136,0.2274328,-0.07513676,0.2006465,-0.09010819,0.972613,MathCanvas,-0.03266927,1.184637,1.561566,-0.1652211,1.524097,0.02250815,0.08259188,-0.2162732,0.9728332,-0.1315574,1.524103,0.02389875,0.055323,-0.2176571,0.9744561,-0.1988697,1.523912,0.02120344,0.1088916,-0.216086,0.9702832,-0.1652136,1.524008,0.02255109,357.4647,357.6998,0.1624752,0,0,False
1,Center_Dir_Close,342,21.75999,-0.1652849,1.523807,0.02259068,-0.1716205,1.235949,0.03203673,-0.6645104,-0.03651131,0.07048607,0.7430509,-0.008834329,1.121929,0.227649,-0.07470319,0.2008655,-0.08995789,0.9726151,MathCanvas,-0.034619,1.182036,1.560798,-0.1652136,1.524008,0.02255109,0.08205526,-0.216812,0.9727587,-0.1316294,1.523882,0.02395407,0.05467109,-0.2191433,0.9741598,-0.1989405,1.523733,0.02122729,0.1082429,-0.2176006,0.9700173,-0.1652849,1.523807,0.02259068,357.5526,357.6748,0.1269467,0,0,False
1,Center_Dir_Close,343,21.77999,-0.1653012,1.523672,0.02268638,-0.1710978,1.236302,0.03244843,-0.6683331,-0.04615777,0.06629099,0.7394633,-0.008889908,1.121837,0.2277299,-0.07447693,0.2008744,-0.0901908,0.972609,MathCanvas,-0.03554429,1.180998,1.560655,-0.1652849,1.523807,0.02259068,0.08905758,-0.2146263,0.9726275,-0.1316465,1.523775,0.02406719,0.06196925,-0.2159634,0.974433,-0.198956,1.52357,0.02130558,0.1154562,-0.214267,0.9699276,-0.1653012,1.523672,0.02268638,357.5879,357.6432,0.175028,0,0,False
1,Center_Dir_Close,344,21.79999,-0.1652778,1.523519,0.02281056,-0.1705171,1.23672,0.03287237,-0.6726241,-0.05760603,0.06068018,0.735239,-0.008929383,1.121818,0.2277475,-0.07442752,0.200821,-0.09030062,0.9726136,MathCanvas,-0.02439668,1.184097,1.561551,-0.1652873,1.52359,0.02275531,0.08853991,-0.2155634,0.9724675,-0.1316239,1.523622,0.02421014,0.06153081,-0.216906,0.9742514,-0.1989318,1.523415,0.02141098,0.1150202,-0.215243,0.9697633,-0.1652778,1.523519,0.02281056,357.6456,357.6114,0.176452,0,0,False
1,Center_Dir_Close,345,21.81999,-0.1652738,1.523606,0.02289562,-0.1694565,1.237175,0.03391924,-0.6733672,-0.06496149,0.05209749,0.7346036,-0.009053905,1.121816,0.2277807,-0.07443375,0.2006252,-0.09026509,0.9726569,MathCanvas,-0.02521737,1.182521,1.561148,-0.1652778,1.523519,0.02281056,0.08827358,-0.2147562,0.9726703,-0.1316197,1.523717,0.02429256,0.06162275,-0.2151633,0.974632,-0.1989278,1.523494,0.02149869,0.1151106,-0.2134986,0.9701381,-0.1652738,1.523606,0.02289562,357.6223,357.6152,0.1898392,0,0,False
1,Center_Dir_Close,346,21.83999,-0.1652867,1.523545,0.02301776,-0.1682163,1.237414,0.03493614,-0.6737936,-0.07130499,0.04223704,0.7342573,-0.009143583,1.121824,0.2278045,-0.07448144,0.2004274,-0.09016651,0.9727032,MathCanvas,-0.02559687,1.183793,1.561969,-0.16529,1.523581,0.02295889,0.08825637,-0.2148253,0.9726566,-0.1316333,1.523654,0.02442871,0.06112462,-0.2162478,0.9744232,-0.1989402,1.523435,0.0216068,0.1146147,-0.2145801,0.9699582,-0.1652867,1.523545,0.02301776,357.6761,357.5916,0.1871974,0,0,False
1,Center_Dir_Close,347,21.85999,-0.1652822,1.523501,0.0230772,-0.167849,1.237581,0.03520605,-0.6750522,-0.07591076,0.03889585,0.7328227,-0.009143583,1.121824,0.2278045,-0.07448144,0.2004274,-0.09016651,0.9727032,MathCanvas,-0.02563781,1.183625,1.56206,-0.1652867,1.523545,0.02301776,0.08820596,-0.2118215,0.9733198,-0.1316291,1.523611,0.02449748,0.06116892,-0.2130665,0.9751211,-0.1989353,1.523391,0.02165692,0.1146571,-0.2114158,0.9706478,-0.1652822,1.523501,0.0230772,357.7009,357.5758,0.1871359,0,0,False
1,Center_Dir_Close,348,21.87999,-0.1653108,1.523311,0.02304456,-0.1674753,1.236381,0.03496885,-0.6749704,-0.07164695,0.03574277,0.7334877,-0.00943213,1.121841,0.227906,-0.07415704,0.1995756,-0.09026731,0.9728937,MathCanvas,-0.02563637,1.18815,1.564016,-0.1652777,1.523457,0.02313651,0.08749684,-0.2137421,0.9729638,-0.1316594,1.523459,0.02449985,0.06025074,-0.2163216,0.9744613,-0.1989622,1.523162,0.02158927,0.1137414,-0.2145335,0.9700713,-0.1653108,1.523311,0.02304456,357.8342,357.5142,0.2527784,0,0,False
1,Center_Dir_Close,349,21.89999,-0.1653013,1.523281,0.0230525,-0.1700758,1.237481,0.03482845,-0.6640722,-0.05903462,0.05140564,0.7435594,-0.009378111,1.121837,0.2282553,-0.07239691,0.1999679,-0.09169302,0.9728124,MathCanvas,-0.02681783,1.184993,1.563084,-0.1653108,1.523311,0.02304456,0.0876438,-0.2129956,0.9731143,-0.1316507,1.523442,0.02452386,0.06047224,-0.212709,0.9752426,-0.198952,1.523119,0.02158114,0.1139581,-0.2109626,0.9708287,-0.1653013,1.523281,0.0230525,357.7685,357.4857,0.2743077,0,0,False
1,Center_Dir_Close,350,21.91999,-0.165298,1.523188,0.02317992,-0.1705655,1.238798,0.03646123,-0.6510953,-0.05636016,0.05242709,0.7550827,-0.009330999,1.121832,0.2283239,-0.07182736,0.2000872,-0.09238008,0.9727651,MathCanvas,-0.02652422,1.186019,1.563903,-0.1653001,1.523237,0.02312197,0.08891626,-0.2141465,0.9727462,-0.1316493,1.523364,0.02469254,0.06166044,-0.215148,0.9746329,-0.1989468,1.523011,0.0216673,0.115125,-0.2133425,0.9701707,-0.165298,1.523188,0.02317992,357.7746,357.4144,0.3003767,0,0,False
1,Center_Dir_Close,351,21.93999,-0.1653031,1.523142,0.0232361,-0.1706309,1.239367,0.0373233,-0.6443667,-0.05569464,0.05169334,0.760932,-0.009330999,1.121832,0.2283239,-0.07182736,0.2000872,-0.09238008,0.9727651,MathCanvas,-0.0245108,1.184115,1.563395,-0.165298,1.523188,0.02317992,0.08854603,-0.2142203,0.9727637,-0.1316551,1.523331,0.024764,0.0614276,-0.21519,0.9746383,-0.1989511,1.522952,0.02170819,0.1148927,-0.2133576,0.9701949,-0.1653031,1.523142,0.0232361,357.7808,357.3876,0.322444,0,0,False
1,Center_Dir_Close,352,21.95999,-0.1653912,1.523156,0.02342202,-0.1702176,1.240897,0.04138519,-0.6142629,-0.05586004,0.04563719,0.7857977,-0.009046474,1.121828,0.2286291,-0.0687208,0.2007076,-0.09639317,0.9724723,MathCanvas,-0.02504277,1.183809,1.564131,-0.1653031,1.523142,0.0232361,0.08593487,-0.2144305,0.9729516,-0.1317445,1.523303,0.02498195,0.05796396,-0.2154678,0.9747891,-0.199038,1.523009,0.02186209,0.1114616,-0.2137345,0.9705122,-0.1653912,1.523156,0.02342202,357.7812,357.3358,0.2502913,0,0,False
1,Center_Dir_Close,353,21.97999,-0.1654105,1.523086,0.02370595,-0.1708608,1.242464,0.04405358,-0.5958086,-0.05911057,0.04754985,0.7995355,-0.00850229,1.121943,0.2290873,-0.06357384,0.2009028,-0.1056935,0.9718155,MathCanvas,-0.0292733,1.183506,1.564544,-0.1654086,1.523119,0.02350131,0.08427227,-0.2152601,0.9729138,-0.1317652,1.523214,0.02529717,0.05704514,-0.216898,0.9745261,-0.1990559,1.522959,0.02211474,0.1105475,-0.2152073,0.9702913,-0.1654105,1.523086,0.02370595,357.8319,357.2841,0.21668,0,0,False
1,Center_Dir_Close,354,21.99999,-0.1653859,1.523,0.02386691,-0.1715983,1.243457,0.04493067,-0.5918137,-0.06356905,0.05127237,0.8019269,-0.00850229,1.121943,0.2290873,-0.06357384,0.2009028,-0.1056935,0.9718155,MathCanvas,-0.03194582,1.182172,1.564541,-0.1654105,1.523086,0.02370595,0.07688521,-0.2064665,0.9754282,-0.1317405,1.523123,0.02545736,0.05007803,-0.2081212,0.9768202,-0.1990313,1.522877,0.02227646,0.103656,-0.2065526,0.9729294,-0.1653859,1.523,0.02386691,357.8824,357.2859,0.2089977,0,0,False
1,Center_Dir_Close,355,22.01999,-0.1653879,1.522881,0.02410904,-0.1722801,1.24496,0.04685184,-0.5793133,-0.06722031,0.05309201,0.8105916,-0.008363273,1.122045,0.2292327,-0.06212842,0.2008269,-0.1082961,0.9716381,MathCanvas,-0.04347719,1.195628,1.570499,-0.1653823,1.522934,0.02399155,0.07657724,-0.2078627,0.9751559,-0.1317436,1.522998,0.02572388,0.04935312,-0.2090845,0.9766514,-0.1990322,1.522763,0.02249421,0.102934,-0.2075173,0.9728007,-0.1653879,1.522881,0.02410904,357.9383,357.2448,0.2006886,0,0,False
1,Center_Dir_Close,356,22.03999,-0.1652744,1.522747,0.02438212,-0.1741821,1.247424,0.04819942,-0.5830871,-0.05658869,0.05774213,0.8083768,-0.008886727,1.123136,0.2289792,-0.06868408,0.1995945,-0.10302,0.9720244,MathCanvas,-0.04397091,1.193304,1.570266,-0.1653879,1.522881,0.02410904,0.07224156,-0.2084795,0.975355,-0.1316289,1.522894,0.02596844,0.0464309,-0.2104959,0.9764915,-0.19892,1.5226,0.02279581,0.1000535,-0.2088761,0.9728104,-0.1652744,1.522747,0.02438212,358.0155,357.292,0.2497208,0,0,False
1,Center_Dir_Close,357,22.05999,-0.1652278,1.522726,0.02469756,-0.1760108,1.25022,0.05033671,-0.5794387,-0.03468245,0.07142733,0.8111387,-0.008693799,1.123095,0.2290535,-0.06755316,0.2000286,-0.1052804,0.9717722,MathCanvas,-0.05072878,1.192184,1.570897,-0.1652402,1.522706,0.02454539,0.07241111,-0.2098081,0.9750575,-0.131581,1.522811,0.02626065,0.0458432,-0.2113399,0.976337,-0.1988746,1.52264,0.02313446,0.09947006,-0.2098644,0.9726574,-0.1652278,1.522726,0.02469756,358.0916,357.3354,0.1452475,0,0,False
1,Center_Dir_Close,358,22.07999,-0.1652152,1.522672,0.02486643,-0.1766302,1.251313,0.05140109,-0.5749859,-0.0310863,0.07411414,0.8142064,-0.008693799,1.123095,0.2290535,-0.06755316,0.2000286,-0.1052804,0.9717722,MathCanvas,-0.05041926,1.190073,1.570661,-0.1652278,1.522726,0.02469756,0.07267978,-0.2106023,0.9748663,-0.1315683,1.522745,0.02642694,0.04584774,-0.2119875,0.9761963,-0.1988622,1.5226,0.02330592,0.09947485,-0.2105279,0.9725136,-0.1652152,1.522672,0.02486643,358.1278,357.3405,0.1240364,0,0,False
1,Center_Dir_Close,359,22.09999,-0.1652056,1.522634,0.02500349,-0.1774649,1.252584,0.05181143,-0.5778826,-0.03075569,0.08133663,0.811474,-0.008727649,1.123003,0.2290515,-0.06803701,0.1999989,-0.1041593,0.9718654,MathCanvas,-0.04991385,1.188567,1.571421,-0.1652152,1.522672,0.02486643,0.07246859,-0.2087496,0.9752804,-0.1315588,1.522689,0.02656842,0.04540209,-0.2103553,0.9765702,-0.1988524,1.522579,0.02343855,0.09903129,-0.2089411,0.972901,-0.1652056,1.522634,0.02500349,358.1772,357.3341,0.09375135,0,0,False
1,Center_Dir_Close,360,22.11999,-0.1652163,1.5224,0.02523843,-0.1785875,1.254706,0.05294797,-0.5771593,-0.03455276,0.08903565,0.8110277,-0.008808771,1.122554,0.2291209,-0.06861747,0.1998788,-0.1011563,0.9721664,MathCanvas,-0.05018401,1.191308,1.572961,-0.1652211,1.522476,0.02508639,0.06359608,-0.2091686,0.9758094,-0.1315707,1.522473,0.02682894,0.0365805,-0.2106638,0.9768739,-0.1988619,1.522327,0.02364793,0.09029244,-0.2093065,0.9736724,-0.1652163,1.5224,0.02523843,358.3016,357.2898,0.1243381,0,0,False
1,Center_Dir_Close,361,22.13999,-0.165232,1.522301,0.02532593,-0.1795883,1.25483,0.05391695,-0.5692642,-0.01405322,0.1045711,0.8153561,-0.00879545,1.12199,0.2292536,-0.06762017,0.1998794,-0.100095,0.972346,MathCanvas,-0.06434979,1.190648,1.57292,-0.1652163,1.5224,0.02523843,0.06276122,-0.2099011,0.9757062,-0.1315886,1.522413,0.02696032,0.0348672,-0.2113448,0.9767895,-0.1988753,1.522189,0.02369154,0.08858298,-0.2098637,0.9737096,-0.165232,1.522301,0.02532593,358.3506,357.2133,0.1911671,0,0,False
1,Center_Dir_Close,362,22.15999,-0.165288,1.522219,0.02559877,-0.1826612,1.255374,0.05591808,-0.5514528,0.05132263,0.1416224,0.8204931,-0.008722052,1.121397,0.2294529,-0.06567187,0.1999837,-0.1006222,0.9724036,MathCanvas,-0.0656704,1.189323,1.573143,-0.1652329,1.522232,0.02546224,0.05744681,-0.2116918,0.9756467,-0.1316468,1.522328,0.02727519,0.02975136,-0.2123306,0.9767449,-0.1989293,1.52211,0.02392235,0.08351056,-0.2109578,0.9739213,-0.165288,1.522219,0.02559877,358.3994,357.142,0.1855258,0,0,False
1,Center_Dir_Close,363,22.17999,-0.1653487,1.522158,0.02577052,-0.184549,1.254452,0.05494783,-0.5468345,0.1006013,0.1541938,0.8167471,-0.00874226,1.120362,0.2298695,-0.06230224,0.1996348,-0.1001951,0.9727411,MathCanvas,-0.07422057,1.186635,1.57224,-0.165288,1.522219,0.02559877,0.05660564,-0.210989,0.9758481,-0.1317092,1.522261,0.02748288,0.02862378,-0.2116312,0.9769303,-0.1989882,1.522056,0.02405817,0.08238417,-0.2102871,0.9741623,-0.1653487,1.522158,0.02577052,358.3964,357.0811,0.1742641,0,0,False
1,Center_Dir_Close,364,22.19999,-0.1653961,1.522006,0.0260781,-0.1866949,1.255443,0.05617632,-0.5346183,0.1367284,0.1728349,0.8158534,-0.008759169,1.120241,0.2299259,-0.06190673,0.1995879,-0.09999359,0.9727967,MathCanvas,-0.07560696,1.18766,1.572865,-0.1653781,1.52209,0.02592122,0.05537211,-0.2118623,0.9757296,-0.131759,1.52212,0.0278356,0.02777918,-0.212844,0.9766912,-0.1990333,1.521892,0.02432061,0.08154133,-0.2114532,0.9739808,-0.1653961,1.522006,0.0260781,358.44,357.0038,0.1939936,0,0,False
1,Center_Dir_Close,365,22.21999,-0.1654126,1.521876,0.02625995,-0.1875927,1.253955,0.05441751,-0.529452,0.1678068,0.1870341,0.8102714,-0.008833988,1.119871,0.2301083,-0.06072784,0.199553,-0.09953413,0.9729254,MathCanvas,-0.07765699,1.186303,1.572157,-0.1653961,1.522006,0.0260781,0.05381153,-0.2142511,0.9752952,-0.1317776,1.522018,0.02805646,0.02597064,-0.2159024,0.9760695,-0.1990476,1.521734,0.02446344,0.07974049,-0.2144276,0.9734794,-0.1654126,1.521876,0.02625995,358.499,356.9363,0.2409409,0,0,False
1,Center_Dir_Close,366,22.23999,-0.165459,1.521721,0.02657142,-0.1897023,1.254418,0.05499022,-0.5159323,0.2067591,0.2061275,0.8053422,-0.008833988,1.119871,0.2301083,-0.06072784,0.199553,-0.09953413,0.9729254,MathCanvas,-0.08026376,1.182855,1.569521,-0.1654357,1.521799,0.02641533,0.05246654,-0.2152989,0.9751378,-0.1318268,1.521877,0.02841812,0.02488958,-0.2165594,0.9759521,-0.1990912,1.521566,0.02472473,0.07866243,-0.2150914,0.9734208,-0.165459,1.521721,0.02657142,358.5636,356.8505,0.264822,0,0,False
1,Center_Dir_Close,367,22.25999,-0.1654823,1.521699,0.02682263,-0.1787877,1.248028,0.0433304,-0.5654992,0.1862054,0.1492478,0.7894703,-0.009088103,1.119937,0.2300216,-0.06260851,0.198603,-0.1005794,0.972893,MathCanvas,-0.08253066,1.181421,1.567869,-0.165459,1.521721,0.02657142,0.05178319,-0.2164264,0.9749247,-0.1318504,1.521794,0.02867923,0.02422345,-0.2184203,0.9755541,-0.1991141,1.521603,0.02496603,0.07800033,-0.217098,0.9730285,-0.1654823,1.521699,0.02682263,358.6313,356.8364,0.1622909,0,0,False
1,Center_Dir_Close,368,22.27999,-0.1655031,1.521628,0.02700407,-0.1782321,1.247386,0.04201845,-0.5665635,0.1995433,0.1491442,0.785458,-0.009088103,1.119937,0.2300216,-0.06260851,0.198603,-0.1005794,0.972893,MathCanvas,-0.08382951,1.180434,1.564103,-0.1654823,1.521699,0.02682263,0.05179119,-0.2171418,0.9747652,-0.1318725,1.521721,0.02888281,0.0242423,-0.2184711,0.9755422,-0.1991338,1.521535,0.02512533,0.07801451,-0.2170851,0.9730301,-0.1655031,1.521628,0.02700407,358.6684,356.7989,0.1581626,0,0,False
1,Center_Dir_Close,369,22.29999,-0.1653403,1.521685,0.02711201,-0.1738821,1.244606,0.03780272,-0.5873755,0.1795681,0.1142666,0.7808256,-0.00972556,1.119932,0.23013,-0.06204775,0.1969471,-0.1016511,0.9731541,MathCanvas,-0.08396923,1.179786,1.561558,-0.1655031,1.521628,0.02700407,0.05470329,-0.2177134,0.9744785,-0.1317083,1.521792,0.02896581,0.02862143,-0.2181467,0.9754962,-0.1989723,1.521579,0.02525822,0.08236178,-0.2166985,0.9727581,-0.1653403,1.521685,0.02711201,358.6538,356.8408,0.1809148,0,0,False
1,Center_Dir_Close,370,22.31999,-0.1652802,1.521576,0.02744513,-0.1719112,1.242845,0.03525913,-0.5905859,0.1916439,0.1053378,0.7767786,-0.009899111,1.119932,0.2301374,-0.06180546,0.1964506,-0.1017834,0.9732561,MathCanvas,-0.07928456,1.179192,1.560101,-0.1653403,1.521685,0.02711201,0.0582279,-0.2161706,0.9746178,-0.1316499,1.521674,0.02932914,0.03044718,-0.2181348,0.9754436,-0.1989105,1.521477,0.02556112,0.08416367,-0.2166767,0.9726087,-0.1652802,1.521576,0.02744513,358.7253,356.7898,0.1680969,0,0,False
1,Center_Dir_Close,371,22.33999,-0.165234,1.521448,0.02755616,-0.1719994,1.243533,0.03691707,-0.5807139,0.1826105,0.1106152,0.7856138,-0.01009887,1.119941,0.2301047,-0.06184742,0.1959107,-0.1016868,0.9733723,MathCanvas,-0.0737327,1.181706,1.559766,-0.1652802,1.521576,0.02744513,0.0574571,-0.2171867,0.9744376,-0.1316039,1.521548,0.02944475,0.03046858,-0.218825,0.9752883,-0.198864,1.521349,0.02566756,0.08418484,-0.2173507,0.9724565,-0.165234,1.521448,0.02755616,358.7787,356.7821,0.1696014,0,0,False
1,Center_Dir_Close,372,22.35999,-0.1650474,1.521255,0.02778863,-0.1722925,1.244964,0.03881177,-0.5754431,0.161378,0.1150133,0.7934698,-0.01025515,1.119977,0.230059,-0.06207905,0.1954924,-0.1015201,0.9734591,MathCanvas,-0.0749494,1.180175,1.558728,-0.165234,1.521448,0.02755616,0.05769574,-0.218517,0.974126,-0.1314178,1.521379,0.02968299,0.03083959,-0.2212472,0.97473,-0.1986771,1.521132,0.02589426,0.08455369,-0.2196996,0.9718965,-0.1650474,1.521255,0.02778863,358.8991,356.7719,0.2095002,0,0,False
1,Center_Dir_Close,373,22.37999,-0.1649483,1.521089,0.02807689,-0.172262,1.244949,0.03878616,-0.5754443,0.1613962,0.1149166,0.7934793,-0.01025515,1.119977,0.230059,-0.06207905,0.1954924,-0.1015201,0.9734591,MathCanvas,-0.07440398,1.177952,1.558198,-0.1649979,1.521172,0.02793275,0.06468501,-0.2166975,0.9740934,-0.1313195,1.521223,0.029986,0.03767542,-0.2182675,0.9751614,-0.1985771,1.520956,0.02616778,0.09132016,-0.2166542,0.9719679,-0.1649483,1.521089,0.02807689,358.9916,356.7468,0.2269595,0,0,False
1,Center_Dir_Close,374,22.39999,-0.1643654,1.521351,0.02809326,-0.1741901,1.246885,0.04167689,-0.6036236,0.09393883,0.1066284,0.7845027,-0.01019743,1.120007,0.2300094,-0.06235668,0.1947281,-0.1014681,0.9736,MathCanvas,-0.06329243,1.180538,1.558916,-0.1649483,1.521089,0.02807689,0.07371005,-0.217536,0.9732651,-0.1307353,1.521508,0.02997628,0.04780148,-0.2173001,0.9749337,-0.1979956,1.521195,0.02621024,0.1013476,-0.2155144,0.9712272,-0.1643654,1.521351,0.02809326,358.93,356.7903,0.266639,0,0,False
1,Center_Dir_Close,375,22.41999,-0.1640958,1.521567,0.0284635,-0.1735859,1.246223,0.0415194,-0.6178563,0.05980372,0.09579348,0.7781393,-0.009950541,1.120064,0.2300055,-0.06242618,0.1949934,-0.1015076,0.9735383,MathCanvas,-0.04844957,1.179256,1.558643,-0.1642302,1.521501,0.02828685,0.07978208,-0.2153593,0.9732704,-0.1304645,1.521681,0.03033071,0.05298544,-0.2158758,0.9749821,-0.197727,1.521453,0.0265963,0.1064751,-0.2141551,0.9709792,-0.1640958,1.521567,0.0284635,358.8794,356.8184,0.1944033,0,0,False
1,Center_Dir_Close,376,22.43999,-0.1638603,1.521792,0.02872308,-0.1723215,1.245249,0.04105462,-0.624005,0.04072319,0.08373068,0.7758535,-0.009351682,1.120072,0.2299658,-0.06252868,0.1958297,-0.1015207,0.9733625,MathCanvas,-0.03857719,1.182749,1.559679,-0.1640958,1.521567,0.0284635,0.08690719,-0.2021745,0.9754859,-0.1302273,1.521844,0.03056143,0.06060783,-0.2009149,0.977732,-0.1974933,1.52174,0.02688473,0.1140139,-0.1993851,0.9732658,-0.1638603,1.521792,0.02872308,358.7442,356.8694,0.08778699,0,0,False
1,Center_Dir_Close,377,22.45999,-0.1636686,1.521854,0.02888686,-0.1718062,1.24497,0.04091629,-0.628405,0.02689231,0.07773731,0.773525,-0.009209862,1.120063,0.2299554,-0.06253996,0.1960569,-0.1015504,0.9733129,MathCanvas,-0.02670744,1.20273,1.568189,-0.1638603,1.521792,0.02872308,0.0873061,-0.202126,0.9754602,-0.1300348,1.521888,0.03071028,0.06090384,-0.202757,0.9773332,-0.1973024,1.521819,0.02706344,0.1143079,-0.2011699,0.972864,-0.1636686,1.521854,0.02888686,358.7304,356.8955,0.05881751,0,0,False
1,Center_Dir_Close,378,22.47999,-0.1632149,1.521816,0.02916403,-0.1706078,1.244242,0.04065648,-0.6345557,-0.001675613,0.06588377,0.7700621,-0.00822825,1.119987,0.229865,-0.06262863,0.1979529,-0.1018313,0.972894,MathCanvas,-0.025791,1.202647,1.569376,-0.1633911,1.521786,0.02899307,0.09000373,-0.2027566,0.9750841,-0.1295789,1.521815,0.03094655,0.06358045,-0.2035152,0.9770051,-0.1968509,1.521817,0.02738151,0.1169585,-0.2019597,0.9723852,-0.1632149,1.521816,0.02916403,358.7805,356.9665,-0.001433781,0,0,False
1,Center_Dir_Close,379,22.49999,-0.1629277,1.521688,0.02930818,-0.170384,1.243923,0.0409454,-0.6339028,-0.01197824,0.06614536,0.7704859,-0.007619621,1.11988,0.229831,-0.0625825,0.1991948,-0.1019479,0.9726312,MathCanvas,-0.02100667,1.201455,1.569822,-0.1632149,1.521816,0.02916403,0.09061705,-0.2034599,0.9748808,-0.1292905,1.521685,0.03106633,0.06460508,-0.2051394,0.9765982,-0.196565,1.521691,0.02755004,0.117978,-0.2035541,0.9719296,-0.1629277,1.521688,0.02930818,358.8325,357.0081,-0.004736876,0,0,False
1,Center_Dir_Close,380,22.51999,-0.1624811,1.521579,0.02968633,-0.1698468,1.243677,0.04202018,-0.6338658,-0.03930027,0.06459745,0.7697382,-0.006766908,1.119529,0.2299134,-0.0625549,0.2008262,-0.1011513,0.9723807,MathCanvas,-0.01959128,1.199859,1.571358,-0.162723,1.521671,0.02948215,0.09352169,-0.2070911,0.9738414,-0.128841,1.521526,0.0313882,0.06774979,-0.2083796,0.9756986,-0.1961212,1.521632,0.02798446,0.1210921,-0.2068469,0.9708507,-0.1624811,1.521579,0.02968633,358.8569,357.1057,359.91,0,0,False
1,Center_Dir_Close,381,22.53999,-0.1623355,1.521384,0.02984868,-0.1686823,1.243064,0.04291256,-0.6367605,-0.07142082,0.05935559,0.7654489,-0.005999403,1.118949,0.2301672,-0.0617672,0.202298,-0.1004567,0.9721979,MathCanvas,-0.01460688,1.194132,1.569501,-0.1624811,1.521579,0.02968633,0.1017408,-0.2138578,0.9715522,-0.1286929,1.521288,0.03149896,0.07630822,-0.2158971,0.9734298,-0.1959782,1.52148,0.02819839,0.1295535,-0.2143352,0.9681304,-0.1623355,1.521384,0.02984868,358.9201,357.1948,359.8365,0,0,False
1,Center_Dir_Close,382,22.55999,-0.1619571,1.521242,0.03017765,-0.1676954,1.242445,0.04347599,-0.6407644,-0.1049939,0.05326574,0.7586567,-0.005791608,1.118781,0.2302639,-0.06125051,0.202722,-0.1004633,0.9721416,MathCanvas,-0.001569141,1.183456,1.565053,-0.1621454,1.521304,0.03001115,0.1028989,-0.2149381,0.9711918,-0.1283121,1.521111,0.03177771,0.0769218,-0.2162404,0.9733053,-0.195602,1.521374,0.0285776,0.1301639,-0.2146961,0.9679685,-0.1619571,1.521242,0.03017765,358.9736,357.2813,359.7764,0,0,False
1,Center_Dir_Close,383,22.57999,-0.1617606,1.521163,0.03023883,-0.167486,1.2416,0.04348436,-0.6454669,-0.1117755,0.05689731,0.7534198,-0.005428514,1.118487,0.2304849,-0.06023636,0.2031581,-0.1006797,0.9720916,MathCanvas,0.000606034,1.181676,1.564499,-0.1619571,1.521242,0.03017765,0.1035771,-0.2154683,0.9710022,-0.1281147,1.52106,0.03182121,0.07763005,-0.217414,0.9729876,-0.1954064,1.521265,0.02865646,0.1308679,-0.2158134,0.967625,-0.1617606,1.521163,0.03023883,359.0493,357.3102,359.8261,0,0,False
1,Center_Dir_Close,384,22.59999,-0.1616139,1.521079,0.03031022,-0.166994,1.24115,0.04366962,-0.6479675,-0.1148446,0.05039519,0.7512717,-0.005435191,1.118431,0.2305348,-0.06030023,0.202909,-0.1006286,0.9721449,MathCanvas,0.001865624,1.180776,1.564182,-0.1617606,1.521163,0.03023883,0.1038063,-0.2166546,0.9707137,-0.1279681,1.520993,0.03189451,0.07720688,-0.2181608,0.9728541,-0.1952597,1.521165,0.02872594,0.1304465,-0.2164931,0.9675301,-0.1616139,1.521079,0.03031022,359.0935,357.3064,359.8535,0,0,False
1,Center_Dir_Close,385,22.61999,-0.16147,1.520888,0.03049065,-0.1659617,1.240583,0.04502372,-0.6499333,-0.1198493,0.03603859,0.749616,-0.005485343,1.118425,0.2305863,-0.06063783,0.2026234,-0.100215,0.9722262,MathCanvas,0.002316516,1.178939,1.563258,-0.161596,1.520977,0.03037228,0.1041485,-0.2175068,0.9704864,-0.1278242,1.520792,0.03207454,0.07763743,-0.21867,0.9727055,-0.1951158,1.520984,0.02890676,0.1308751,-0.2170489,0.9673476,-0.16147,1.520888,0.03049065,359.1251,357.3073,359.837,0,0,False
1,Center_Dir_Close,386,22.63999,-0.1615668,1.520887,0.03055139,-0.1669564,1.241266,0.04621986,-0.6483676,-0.0834123,0.0486347,0.7551799,-0.005455054,1.118401,0.2307061,-0.06050289,0.2024898,-0.1004045,0.9722429,MathCanvas,0.002910422,1.177592,1.562235,-0.16147,1.520888,0.03049065,0.0905652,-0.1856076,0.9784415,-0.1279222,1.520787,0.03216097,0.06305985,-0.1864496,0.9804387,-0.1952114,1.520987,0.02894182,0.116473,-0.185218,0.9757707,-0.1615668,1.520887,0.03055139,359.1374,357.2636,359.83,0,0,False
1,Center_Dir_Close,387,22.65999,-0.1614724,1.520798,0.03072081,-0.1673603,1.241587,0.04645311,-0.6462895,-0.07147125,0.05186395,0.7579657,-0.00542631,1.118389,0.2307677,-0.06042421,0.2024253,-0.1006004,0.972241,MathCanvas,-0.0179842,1.226624,1.581779,-0.1615368,1.520846,0.03062819,0.09005821,-0.1863321,0.9783506,-0.1278291,1.520695,0.03235636,0.0630623,-0.1874243,0.9802526,-0.1951157,1.520902,0.02908526,0.1164754,-0.1861965,0.9755841,-0.1614724,1.520798,0.03072081,359.1784,357.2193,359.824,0,0,False
1,Center_Dir_Close,388,22.67999,-0.161482,1.520829,0.03069016,-0.1680259,1.242275,0.04736374,-0.6380885,-0.04731194,0.05616218,0.7664532,-0.005431531,1.118405,0.2309366,-0.06049014,0.2022992,-0.1010018,0.9722215,MathCanvas,-0.01877526,1.225555,1.580915,-0.1614724,1.520798,0.03072081,0.08979917,-0.1868105,0.9782832,-0.1278411,1.520741,0.03237556,0.06169532,-0.187236,0.9803756,-0.1951229,1.520917,0.02900475,0.1151148,-0.1859846,0.975786,-0.161482,1.520829,0.03069016,359.1703,357.1341,359.8505,0,0,False
1,Center_Dir_Close,389,22.69999,-0.1614847,1.520856,0.03074653,-0.1686284,1.2427,0.04745615,-0.6274087,-0.02472041,0.06166459,0.775851,-0.005528489,1.11842,0.2310448,-0.06067574,0.2021747,-0.1009303,0.9722432,MathCanvas,-0.01925618,1.224955,1.580115,-0.1614966,1.520877,0.03069065,0.1219481,-0.06427228,0.9904533,-0.1278467,1.520773,0.03248982,0.09486189,-0.06436525,0.9934074,-0.1951227,1.520938,0.02900323,0.1478017,-0.06390131,0.9869505,-0.1614847,1.520856,0.03074653,359.1413,357.0354,359.8596,0,0,False
1,Center_Dir_Close,390,22.71999,-0.1615587,1.521073,0.03074978,-0.1692082,1.242445,0.04596247,-0.6234388,0.003106374,0.06855947,0.7788543,-0.005815402,1.118376,0.2314531,-0.06072319,0.2016539,-0.1008997,0.9723516,MathCanvas,-0.01925618,1.224955,1.580115,-0.1614847,1.520856,0.03074653,0.1214078,-0.06436212,0.9905139,-0.1279226,1.520981,0.0325276,0.09385454,-0.06258262,0.993617,-0.1951949,1.521166,0.02897195,0.1468009,-0.06214823,0.9872118,-0.1615587,1.521073,0.03074978,359.0219,356.9771,359.8424,0,0,False
1,Center_Dir_Close,391,22.73999,-0.1615505,1.52109,0.03080533,-0.1693821,1.242481,0.04601751,-0.6210495,0.01163457,0.07019646,0.7805349,-0.005815402,1.118376,0.2314531,-0.06072319,0.2016539,-0.1008997,0.9723516,MathCanvas,-0.01925618,1.224955,1.580115,-0.1615587,1.521073,0.03074978,0.1203704,-0.06236544,0.9907681,-0.1279155,1.520997,0.03260464,0.09321813,-0.06223473,0.9936987,-0.1951855,1.521183,0.02900601,0.1461686,-0.06180471,0.9873272,-0.1615505,1.52109,0.03080533,359.0015,356.9406,359.8412,0,0,False
1,Center_Dir_Close,392,22.75999,-0.1614559,1.521503,0.03087275,-0.1707948,1.242233,0.04589295,-0.6036386,0.08648919,0.08474522,0.788009,-0.006546836,1.118422,0.2319745,-0.06086317,0.1997426,-0.1012124,0.9727048,MathCanvas,-0.01925618,1.224955,1.580115,-0.1615361,1.521299,0.030832,0.1103293,-0.1431349,0.9835344,-0.1278216,1.521399,0.03268296,0.08356056,-0.1424536,0.986268,-0.1950903,1.521608,0.02906254,0.1366556,-0.1413739,0.9804788,-0.1614559,1.521503,0.03087275,358.8443,356.9229,359.8226,0,0,False
1,Center_Dir_Close,393,22.77999,-0.1614359,1.521584,0.03091663,-0.1711456,1.242227,0.04592979,-0.5987011,0.1031062,0.08793269,0.7894263,-0.006546836,1.118422,0.2319745,-0.06086317,0.1997426,-0.1012124,0.9727048,MathCanvas,0.01490285,1.292706,1.60303,-0.1614559,1.521503,0.03087275,0.1101363,-0.1420308,0.983716,-0.1278023,1.521478,0.03274186,0.08309793,-0.1418434,0.9863951,-0.1950694,1.521691,0.02909141,0.1361957,-0.1407647,0.9806304,-0.1614359,1.521584,0.03091663,358.801,356.8975,359.8189,0,0,False
1,Center_Dir_Close,394,22.79999,-0.1611687,1.522036,0.03095021,-0.17211,1.240626,0.04606769,-0.5791371,0.1394971,0.09888715,0.797096,-0.007115599,1.118471,0.2322326,-0.06123457,0.1982871,-0.1011251,0.9729883,MathCanvas,0.01478665,1.294329,1.604902,-0.1614158,1.521666,0.03096061,0.07283423,-0.1456634,0.9866496,-0.1275339,1.521964,0.03275259,0.04727908,-0.1435025,0.98852,-0.1948036,1.522109,0.02914783,0.1008451,-0.1426064,0.9846287,-0.1611687,1.522036,0.03095021,358.6132,356.9356,359.8767,0,0,False
1,Center_Dir_Close,395,22.81999,-0.161081,1.522173,0.03097269,-0.1719973,1.240183,0.04585015,-0.5768316,0.1453752,0.1006248,0.7974999,-0.007182065,1.118471,0.2322704,-0.06119347,0.1980687,-0.101103,0.9730377,MathCanvas,-0.04477031,1.289247,1.607742,-0.1611687,1.522036,0.03095021,0.05746553,-0.1670365,0.9842746,-0.1274457,1.522109,0.032768,0.03082514,-0.1663972,0.9855769,-0.1947163,1.522237,0.02917738,0.08455178,-0.1655064,0.9825775,-0.161081,1.522173,0.03097269,358.5514,356.9474,359.8915,0,0,False
1,Center_Dir_Close,396,22.83999,-0.1609374,1.522425,0.03100685,-0.1695625,1.238729,0.04427645,-0.5916403,0.1212924,0.09772313,0.7910121,-0.007454308,1.118516,0.2324544,-0.06132773,0.1970436,-0.1010309,0.9732448,MathCanvas,-0.06959108,1.256237,1.59802,-0.1610095,1.5223,0.03099778,0.05787871,-0.165277,0.9845474,-0.1273009,1.522326,0.03277768,0.03126742,-0.165057,0.9857882,-0.1945739,1.522524,0.02923601,0.08499339,-0.1642873,0.982744,-0.1609374,1.522425,0.03100685,358.4471,356.991,359.8312,0,0,False
1,Center_Dir_Close,397,22.85999,-0.1608905,1.522537,0.03099399,-0.1686492,1.23795,0.04321518,-0.5986357,0.1177614,0.09808572,0.7862231,-0.007602382,1.118546,0.232533,-0.06154662,0.196524,-0.1009279,0.9733468,MathCanvas,-0.06875616,1.259194,1.599058,-0.1609374,1.522425,0.03100685,0.05573156,-0.1766397,0.9826965,-0.1272534,1.522421,0.03275151,0.02913534,-0.1763205,0.9839016,-0.1945276,1.522653,0.02923647,0.08288226,-0.1754984,0.9809846,-0.1608905,1.522537,0.03099399,358.4012,357.0146,359.8026,0,0,False
1,Center_Dir_Close,398,22.87999,-0.1608018,1.522649,0.03088725,-0.1686006,1.236195,0.04090667,-0.5929723,0.1055495,0.09586558,0.7924979,-0.007971251,1.118624,0.2327057,-0.0622474,0.1952861,-0.1001733,0.9736293,MathCanvas,-0.07231498,1.241799,1.592817,-0.1608352,1.522653,0.03098813,0.05059289,-0.176254,0.9830437,-0.1271647,1.522551,0.03264776,0.02353496,-0.1764838,0.9840221,-0.1944388,1.522746,0.02912674,0.07732832,-0.1756652,0.9814082,-0.1608018,1.522649,0.03088725,358.3431,357.0088,359.8339,0,0,False
1,Center_Dir_Close,399,22.89999,-0.1607764,1.522645,0.03084219,-0.1690217,1.236242,0.04089597,-0.5781789,0.08582849,0.08973816,0.8064055,-0.008113537,1.118683,0.232789,-0.06302098,0.1948567,-0.09988938,0.9736947,MathCanvas,-0.08038238,1.242486,1.593474,-0.1608018,1.522649,0.03088725,0.04983731,-0.1764699,0.9830436,-0.1271406,1.52254,0.03262481,0.02223305,-0.1766064,0.9840304,-0.1944122,1.522751,0.02905958,0.07603004,-0.1758098,0.9814838,-0.1607764,1.522645,0.03084219,358.3264,356.9716,359.8204,0,0,False
1,Center_Dir_Close,400,22.91999,-0.1607217,1.522726,0.03083604,-0.1689585,1.235788,0.04043419,-0.5749269,0.08510137,0.08970163,0.8088081,-0.008113537,1.118683,0.232789,-0.06302098,0.1948567,-0.09988938,0.9736947,MathCanvas,-0.08157055,1.242184,1.593182,-0.1607764,1.522645,0.03084219,0.04975928,-0.1758128,0.9831652,-0.127086,1.522619,0.03262087,0.02276655,-0.1755516,0.9842069,-0.1943574,1.522833,0.02905121,0.07656207,-0.1747538,0.981631,-0.1607217,1.522726,0.03083604,358.2874,356.968,359.8174,0,0,False
1,Center_Dir_Close,401,22.93999,-0.1608679,1.522669,0.03078669,-0.17072,1.237642,0.04353897,-0.577283,0.08276714,0.09018817,0.8073167,-0.008444734,1.11897,0.2332404,-0.06574465,0.1939654,-0.09847664,0.9738364,MathCanvas,-0.0816346,1.24329,1.593473,-0.1608054,1.522645,0.03079211,0.05351873,-0.1771704,0.982724,-0.1272321,1.522533,0.03256732,0.02680942,-0.1771412,0.9838202,-0.1945038,1.522806,0.02900607,0.08057202,-0.1763628,0.9810221,-0.1608679,1.522669,0.03078669,358.2629,356.9767,359.7681,0,0,False
1,Center_Dir_Close,402,22.95999,-0.1608745,1.522705,0.03077589,-0.1709004,1.237578,0.04362101,-0.5757312,0.08211448,0.09028243,0.80848,-0.008452797,1.118999,0.233284,-0.065855,0.1940251,-0.09825929,0.9738391,MathCanvas,-0.07583015,1.241157,1.592272,-0.1608679,1.522669,0.03078669,0.05354066,-0.1768649,0.9827778,-0.1272388,1.522555,0.03255677,0.02656227,-0.1768011,0.9838881,-0.1945103,1.522854,0.02899501,0.08032559,-0.1760319,0.9811017,-0.1608745,1.522705,0.03077589,358.2343,356.9771,359.7458,0,0,False
1,Center_Dir_Close,403,22.97999,-0.1610047,1.522578,0.03069835,-0.1706828,1.237736,0.04385758,-0.5832931,0.07734109,0.08509126,0.8040815,-0.008400621,1.119431,0.2334234,-0.06803217,0.197346,-0.09653062,0.9731948,MathCanvas,-0.07579048,1.24164,1.592556,-0.1609523,1.522671,0.03075568,0.05430937,-0.1818748,0.9818208,-0.1273696,1.522478,0.03249385,0.02738461,-0.1825358,0.9828178,-0.1946399,1.522678,0.02890285,0.08113944,-0.1815889,0.9800214,-0.1610047,1.522578,0.03069835,358.2318,356.9496,359.8302,0,0,False
1,Center_Dir_Close,404,22.99999,-0.1610298,1.522588,0.03067701,-0.1706828,1.237736,0.04385758,-0.5832931,0.07734109,0.08509126,0.8040815,-0.008400621,1.119431,0.2334234,-0.06803217,0.197346,-0.09653062,0.9731948,MathCanvas,-0.07476913,1.233786,1.589691,-0.1610047,1.522578,0.03069835,0.05425013,-0.1815746,0.9818796,-0.1273947,1.522493,0.0324753,0.02729921,-0.1817344,0.9829687,-0.1946648,1.522682,0.02887873,0.08105467,-0.1808352,0.9801677,-0.1610298,1.522588,0.03067701,358.2158,356.9446,359.8391,0,0,False
1,Center_Dir_Close,405,23.01999,-0.161387,1.522486,0.03054058,-0.1705248,1.238124,0.04309799,-0.5945731,0.06399298,0.07262085,0.7981942,-0.008443428,1.120293,0.2334945,-0.07317254,0.1990025,-0.09375218,0.972756,MathCanvas,-0.07486989,1.234212,1.590095,-0.1612124,1.522482,0.03059672,0.05707156,-0.1836308,0.9813371,-0.1277542,1.522397,0.03238105,0.02928146,-0.1840142,0.9824873,-0.1950198,1.522575,0.02870011,0.08301233,-0.1830615,0.9795904,-0.161387,1.522486,0.03054058,358.2448,356.8724,359.8488,0,0,False
1,Center_Dir_Close,406,23.03999,-0.1615427,1.522517,0.03048922,-0.1707102,1.238211,0.042356,-0.5988088,0.05698666,0.07023744,0.7957684,-0.008572867,1.120565,0.2335946,-0.07432351,0.1974558,-0.0935192,0.9730064,MathCanvas,-0.07077183,1.230927,1.588656,-0.161387,1.522486,0.03054058,0.06112127,-0.186175,0.9806136,-0.1279116,1.522468,0.0323613,0.03355752,-0.1864122,0.9818984,-0.1951739,1.522565,0.02861713,0.08724226,-0.1852953,0.9788026,-0.1615427,1.522517,0.03048922,358.2339,356.8165,359.9172,0,0,False
1,Center_Dir_Close,407,23.05999,-0.1616509,1.522524,0.03043376,-0.1707872,1.23829,0.04222452,-0.6007304,0.0537956,0.06812275,0.7947253,-0.008604508,1.120589,0.2336287,-0.07415796,0.1967036,-0.09391946,0.9731328,MathCanvas,-0.06453152,1.227021,1.586912,-0.1615427,1.522517,0.03048922,0.06068065,-0.1860625,0.9806623,-0.1280208,1.522494,0.03232309,0.03341692,-0.186532,0.9818804,-0.1952811,1.522554,0.02854442,0.08710209,-0.1854127,0.9787928,-0.1616509,1.522524,0.03043376,358.2324,356.7861,359.9487,0,0,False
1,Center_Dir_Close,408,23.07999,-0.1620316,1.522577,0.03019381,-0.1711185,1.237932,0.04062489,-0.6133668,0.03346327,0.06388883,0.7864982,-0.008829033,1.120992,0.2339456,-0.07335877,0.1941583,-0.09494123,0.9736053,MathCanvas,-0.0653245,1.227162,1.587169,-0.1617648,1.522527,0.03037961,0.05924007,-0.1856354,0.9808313,-0.1284058,1.522578,0.03215981,0.03081807,-0.1858211,0.9821002,-0.1956573,1.522577,0.02822782,0.08451074,-0.1846589,0.9791624,-0.1620316,1.522577,0.03019381,358.2062,356.6539,0.0006570439,0,0,False
1,Center_Dir_Close,409,23.09999,-0.162176,1.522589,0.03013163,-0.1712367,1.237962,0.04031677,-0.6164264,0.0283205,0.06177916,0.7844743,-0.008829033,1.120992,0.2339456,-0.07335877,0.1941583,-0.09494123,0.9736053,MathCanvas,-0.06795727,1.227785,1.587772,-0.1620316,1.522577,0.03019381,0.05820981,-0.1853576,0.9809455,-0.1285517,1.522604,0.03212302,0.03068539,-0.185738,0.98212,-0.1958002,1.522573,0.02814024,0.0843782,-0.184556,0.9791933,-0.162176,1.522589,0.03013163,358.1969,356.6098,0.02645125,0,0,False
1,Center_Dir_Close,410,23.11999,-0.1625457,1.522811,0.02996419,-0.1716218,1.237409,0.03928755,-0.6343372,0.003108354,0.06199429,0.7705604,-0.009551931,1.122058,0.2344384,-0.07493705,0.1903707,-0.09260993,0.9744572,MathCanvas,-0.06971364,1.228161,1.588297,-0.1623851,1.522705,0.03003019,0.05959624,-0.1744965,0.9828526,-0.1289233,1.522888,0.0319858,0.03278274,-0.1742695,0.9841521,-0.1961681,1.522734,0.02794259,0.08645177,-0.1730314,0.9811147,-0.1625457,1.522811,0.02996419,358.1056,356.5548,0.1310877,0,0,False
1,Center_Dir_Close,411,23.13999,-0.1627012,1.52287,0.02989883,-0.1718107,1.237324,0.03898375,-0.6393309,-0.005729765,0.06180701,0.7664223,-0.009694135,1.122228,0.2344942,-0.07529294,0.1896947,-0.09199288,0.97462,MathCanvas,-0.0676972,1.245097,1.594191,-0.1625457,1.522811,0.02996419,0.05958187,-0.1736979,0.9829949,-0.1290798,1.522967,0.0319353,0.032392,-0.1736723,0.9842706,-0.1963227,1.522772,0.02786235,0.08606189,-0.17241,0.9812584,-0.1627012,1.52287,0.02989883,358.0714,356.5282,0.166459,0,0,False
1,Center_Dir_Close,412,23.15999,-0.1629397,1.52298,0.02974647,-0.171505,1.236893,0.0399372,-0.6351649,-0.01714363,0.06932199,0.7690684,-0.01052438,1.123404,0.2344724,-0.07943186,0.1881064,-0.08681703,0.9750741,MathCanvas,-0.0678612,1.246384,1.594591,-0.1628286,1.522941,0.02983656,0.0652575,-0.1710043,0.9831068,-0.12932,1.523142,0.03180761,0.03805485,-0.1714594,0.9844559,-0.1965594,1.522819,0.02768533,0.09166384,-0.1700519,0.9811627,-0.1629397,1.52298,0.02974647,358.0147,356.4822,0.2747995,0,0,False
1,Center_Dir_Close,413,23.17999,-0.1630956,1.52299,0.02967586,-0.1714487,1.236664,0.0398722,-0.6359917,-0.02290992,0.07049784,0.7681274,-0.01070552,1.123617,0.2344546,-0.08046938,0.1881381,-0.08552928,0.9750966,MathCanvas,-0.05903209,1.250695,1.595118,-0.1629397,1.52298,0.02974647,0.07147372,-0.1691743,0.9829912,-0.1294772,1.523181,0.03175534,0.04428849,-0.1695524,0.9845256,-0.196714,1.522799,0.02759639,0.09782856,-0.1680473,0.9809127,-0.1630956,1.52299,0.02967586,357.9996,356.4491,0.3252129,0,0,False
1,Center_Dir_Close,414,23.19999,-0.1633966,1.523077,0.02953955,-0.1714967,1.236325,0.03963032,-0.6399001,-0.03586362,0.07172609,0.7642624,-0.01076046,1.123659,0.2344614,-0.08062778,0.1880562,-0.08531979,0.9751177,MathCanvas,-0.04929261,1.253624,1.594829,-0.1632498,1.523031,0.02960421,0.07047043,-0.1683482,0.9832054,-0.1297813,1.523327,0.03166337,0.0430355,-0.1687793,0.9847139,-0.1970119,1.522826,0.02741572,0.09657839,-0.1671788,0.981185,-0.1633966,1.523077,0.02953955,357.963,356.3697,0.4262289,0,0,False
1,Center_Dir_Close,415,23.21999,-0.1635828,1.523136,0.02960419,-0.170787,1.235468,0.03913378,-0.6458001,-0.04197351,0.07183247,0.7589602,-0.01069762,1.123318,0.2346606,-0.07819415,0.1875895,-0.08781282,0.9751845,MathCanvas,-0.05117268,1.254983,1.595291,-0.1633966,1.523077,0.02953955,0.07200588,-0.1646018,0.9837283,-0.1299686,1.523393,0.03174425,0.04475983,-0.1644112,0.9853758,-0.197197,1.522879,0.02746413,0.09828073,-0.1628133,0.9817498,-0.1635828,1.523136,0.02960419,357.9064,356.3412,0.4368022,0,0,False
1,Center_Dir_Close,416,23.23999,-0.1637423,1.523182,0.02955977,-0.17073,1.235227,0.03896934,-0.6483043,-0.04843573,0.07214376,0.7564065,-0.01069762,1.123318,0.2346606,-0.07819415,0.1875895,-0.08781282,0.9751845,MathCanvas,-0.04887198,1.260913,1.596758,-0.1635828,1.523136,0.02960419,0.07170223,-0.1639977,0.9838514,-0.1301294,1.523461,0.03171785,0.04448795,-0.1642458,0.9854157,-0.1973551,1.522904,0.02740168,0.09800941,-0.1626224,0.9818086,-0.1637423,1.523182,0.02955977,357.8785,356.3089,0.4740096,0,0,False
1,Center_Dir_Close,417,23.25999,-0.1640828,1.522999,0.02951479,-0.1694321,1.234952,0.03891637,-0.6545669,-0.06524181,0.06975036,0.749947,-0.01156352,1.123126,0.235009,-0.07713232,0.1841845,-0.08711955,0.97598,MathCanvas,-0.04951417,1.261919,1.596923,-0.1639028,1.523229,0.02951503,0.06800035,-0.1642261,0.9840761,-0.1304755,1.523264,0.03175936,0.03907468,-0.1675555,0.985088,-0.1976901,1.522734,0.02727023,0.09263169,-0.1660341,0.9817597,-0.1640828,1.522999,0.02951479,357.9929,356.1632,0.4511676,0,0,False
1,Center_Dir_Close,418,23.27999,-0.1642296,1.52291,0.02944396,-0.1691057,1.234975,0.03899967,-0.6555165,-0.07064383,0.06962214,0.748639,-0.01190978,1.12298,0.2351206,-0.07707343,0.1833958,-0.08611478,0.9762223,MathCanvas,-0.05575691,1.261384,1.597167,-0.1640828,1.522999,0.02951479,0.05895694,-0.1766877,0.9824997,-0.1306245,1.523185,0.03171967,0.03128242,-0.1784787,0.9834464,-0.1978348,1.522636,0.02716825,0.08491696,-0.1768564,0.9805667,-0.1642296,1.52291,0.02944396,358.0525,356.11,0.467576,0,0,False
1,Center_Dir_Close,419,23.29999,-0.1645471,1.522834,0.02935864,-0.168689,1.234639,0.03881411,-0.660029,-0.08428659,0.0694897,0.7432556,-0.01190978,1.12298,0.2351206,-0.07707343,0.1833958,-0.08611478,0.9762223,MathCanvas,-0.07053094,1.242105,1.590905,-0.164389,1.522868,0.02940056,0.05735872,-0.177352,0.9824746,-0.1309462,1.523133,0.03169287,0.02974215,-0.1784923,0.9834917,-0.198148,1.522534,0.02702441,0.08338027,-0.1768277,0.9807037,-0.1645471,1.522834,0.02935864,358.0928,356.0091,0.5097265,0,0,False
1,Center_Dir_Close,420,23.31999,-0.1646111,1.522834,0.02934948,-0.1680841,1.234892,0.03944722,-0.6521725,-0.05910021,0.06794154,0.7527032,-0.01221056,1.122711,0.2352806,-0.07589853,0.1833798,-0.08679723,0.9762569,MathCanvas,-0.07340439,1.241022,1.590507,-0.1645471,1.522834,0.02935864,0.05648194,-0.1776564,0.9824703,-0.1310118,1.523142,0.03170515,0.02906681,-0.1784726,0.9835155,-0.1982104,1.522525,0.02699381,0.08270653,-0.1767931,0.980767,-0.1646111,1.522834,0.02934948,358.0934,355.972,0.5253391,0,0,False
1,Center_Dir_Close,421,23.33999,-0.1647988,1.522846,0.02933799,-0.1686312,1.235243,0.0392318,-0.6492881,-0.04818413,0.06878,0.7558919,-0.01250305,1.122622,0.2353724,-0.07509721,0.1827023,-0.08700784,0.9764271,MathCanvas,-0.0748991,1.240657,1.589837,-0.1647498,1.522809,0.0293154,0.05580071,-0.1798396,0.982112,-0.1312023,1.523186,0.03172981,0.02879274,-0.1800597,0.9832342,-0.1983952,1.522506,0.02694616,0.08243147,-0.1783089,0.9805157,-0.1647988,1.522846,0.02933799,358.0755,355.9084,0.578924,0,0,False
1,Center_Dir_Close,422,23.35999,-0.1647732,1.522866,0.02936056,-0.1683536,1.235364,0.0391167,-0.6485769,-0.04414123,0.06813432,0.7568073,-0.01274578,1.12267,0.2353805,-0.07527339,0.1820478,-0.08667615,0.9765653,MathCanvas,-0.07621606,1.237353,1.588425,-0.1647988,1.522846,0.02933799,0.05540366,-0.1797482,0.9821512,-0.1311773,1.523212,0.03175971,0.0283771,-0.1803577,0.9831917,-0.1983691,1.52252,0.02696141,0.08201703,-0.1786084,0.9804959,-0.1647732,1.522866,0.02936056,358.0612,355.8954,0.5884383,0,0,False
1,Center_Dir_Close,423,23.37999,-0.1647651,1.522877,0.02937673,-0.1681848,1.235389,0.03922823,-0.6483439,-0.04353708,0.06753007,0.7570961,-0.0130071,1.122746,0.2353482,-0.07563526,0.181323,-0.08643132,0.9766939,MathCanvas,-0.07683883,1.237577,1.58819,-0.1647732,1.522866,0.02936056,0.05301421,-0.1796213,0.9823063,-0.1311694,1.523233,0.03177683,0.02619514,-0.180443,0.9832366,-0.1983609,1.522521,0.02697663,0.07985654,-0.178703,0.980657,-0.1647651,1.522877,0.02937673,358.0606,355.8932,0.6061226,0,0,False
1,Center_Dir_Close,424,23.39999,-0.1647641,1.522887,0.02938751,-0.1677396,1.235332,0.03943527,-0.647782,-0.04111678,0.06740732,0.757723,-0.01372159,1.123002,0.2352253,-0.07616077,0.1788557,-0.08632019,0.9771177,MathCanvas,-0.0806221,1.237786,1.588473,-0.1648269,1.522879,0.02937325,0.05295033,-0.1796102,0.9823118,-0.1311688,1.523283,0.03178766,0.02665404,-0.1805194,0.9832102,-0.1983593,1.52249,0.02698737,0.08031219,-0.178693,0.9806216,-0.1647641,1.522887,0.02938751,358.0738,355.8909,0.6754007,0,0,False
1,Center_Dir_Close,425,23.41999,-0.1647766,1.522883,0.02938671,-0.1676576,1.235309,0.039478,-0.6476604,-0.04221966,0.06710798,0.7577929,-0.01388029,1.123063,0.2351966,-0.07613022,0.1782211,-0.0863601,0.9772325,MathCanvas,-0.08072333,1.237816,1.588474,-0.1647641,1.522887,0.02938751,0.04501659,-0.1743942,0.9836463,-0.1311816,1.523291,0.03178916,0.018133,-0.1752942,0.9843491,-0.1983715,1.522474,0.02698425,0.07186368,-0.1735761,0.982195,-0.1647766,1.522883,0.02938671,358.0786,355.8863,0.6952925,0,0,False
1,Center_Dir_Close,426,23.43999,-0.1647663,1.522827,0.02937569,-0.1670832,1.235192,0.03974522,-0.647895,-0.04506125,0.06438041,0.7576653,-0.01416359,1.123164,0.2351421,-0.07609741,0.177069,-0.08636387,0.9774441,MathCanvas,-0.09325796,1.24582,1.592122,-0.1648032,1.522881,0.02938699,0.04475919,-0.174435,0.9836509,-0.1311709,1.523238,0.03177206,0.0182431,-0.1760071,0.9842198,-0.1983616,1.522416,0.02697932,0.07197322,-0.1742754,0.9820631,-0.1647663,1.522827,0.02937569,358.1222,355.897,0.700133,0,0,False
1,Center_Dir_Close,427,23.45999,-0.164717,1.522775,0.02938605,-0.1666548,1.235063,0.03992433,-0.6485547,-0.04775238,0.06236504,0.7571045,-0.01421498,1.123183,0.2351295,-0.07611511,0.1769418,-0.08629538,0.9774718,MathCanvas,-0.09365666,1.2457,1.592117,-0.1647663,1.522827,0.02937569,0.0453307,-0.1859064,0.9815212,-0.1311215,1.523186,0.03178074,0.01850943,-0.187191,0.9821491,-0.1983125,1.522364,0.02699136,0.07223886,-0.1854057,0.9800032,-0.164717,1.522775,0.02938605,358.1451,355.9002,0.6990898,0,0,False
1,Center_Dir_Close,428,23.47999,-0.1646564,1.522804,0.02943653,-0.1666359,1.235026,0.03980403,-0.6501067,-0.04953641,0.06224156,0.7556675,-0.01429218,1.123203,0.2351221,-0.07613286,0.1766351,-0.08613969,0.9775397,MathCanvas,-0.09284084,1.228003,1.585683,-0.1646654,1.522793,0.02942188,0.08059581,-0.1968259,0.9771202,-0.1310598,1.523223,0.03181487,0.05409861,-0.1980125,0.9787055,-0.1982529,1.522386,0.0270582,0.1074627,-0.1957704,0.974744,-0.1646564,1.522804,0.02943653,358.1371,355.9276,0.7124199,0,0,False
1,Center_Dir_Close,429,23.49999,-0.1646339,1.522814,0.02946728,-0.1670035,1.235153,0.039658,-0.6487994,-0.04674949,0.06398085,0.7568226,-0.01432591,1.123183,0.2351105,-0.07620719,0.1764247,-0.08585688,0.9775968,MathCanvas,-0.03699778,1.211045,1.577132,-0.1646564,1.522804,0.02943653,0.08050852,-0.1966702,0.9771587,-0.1310378,1.523226,0.03185337,0.05353425,-0.197615,0.9788168,-0.1982299,1.522401,0.02708119,0.1069013,-0.1954018,0.9748796,-0.1646339,1.522814,0.02946728,358.1259,355.9146,0.7017898,0,0,False
1,Center_Dir_Close,430,23.51999,-0.1646319,1.522719,0.02946287,-0.1669981,1.235161,0.03968406,-0.6482261,-0.04557561,0.06425222,0.7573622,-0.01432146,1.123152,0.2351234,-0.07633985,0.176383,-0.08548871,0.9776261,MathCanvas,-0.03707477,1.211206,1.577695,-0.1646374,1.522737,0.02945298,0.080053,-0.2028944,0.9759228,-0.1310373,1.523131,0.03186886,0.05326031,-0.2041697,0.9774856,-0.1982266,1.522308,0.02705689,0.1066287,-0.2018913,0.9735863,-0.1646319,1.522719,0.02946287,358.1584,355.881,0.7007963,0,0,False
1,Center_Dir_Close,431,23.53999,-0.1646778,1.522623,0.02941874,-0.1669724,1.235051,0.03958125,-0.6485404,-0.04490251,0.06425066,0.7571334,-0.01429276,1.122987,0.2352183,-0.07585254,0.1764608,-0.08559886,0.9776405,MathCanvas,-0.03789775,1.201512,1.574474,-0.1646319,1.522719,0.02946287,0.07897278,-0.203727,0.9758374,-0.131086,1.523019,0.0318669,0.05096481,-0.2056652,0.9772944,-0.1982696,1.522226,0.02697059,0.1043432,-0.203418,0.9735161,-0.1646778,1.522623,0.02941874,358.2027,355.8105,0.6748566,0,0,False
1,Center_Dir_Close,432,23.55999,-0.1646883,1.522595,0.02941526,-0.1669724,1.235051,0.03958125,-0.6485404,-0.04490251,0.06425066,0.7571334,-0.01429276,1.122987,0.2352183,-0.07585254,0.1764608,-0.08559886,0.9776405,MathCanvas,-0.03963248,1.200042,1.574556,-0.1646778,1.522623,0.02941874,0.07876454,-0.2038757,0.9758232,-0.1310972,1.522992,0.03187158,0.05182746,-0.2053155,0.9773226,-0.1982795,1.522198,0.02695893,0.1052019,-0.2030489,0.9735007,-0.1646883,1.522595,0.02941526,358.2209,355.7968,0.6754478,0,0,False
1,Center_Dir_Close,433,23.57999,-0.1646495,1.522537,0.02942083,-0.1669863,1.235069,0.03963649,-0.6481756,-0.04481618,0.06423511,0.7574521,-0.01428512,1.12286,0.2352895,-0.07551533,0.1764368,-0.08577663,0.9776553,MathCanvas,-0.03995325,1.199729,1.574772,-0.1646399,1.522569,0.02942234,0.07784731,-0.2043805,0.9757912,-0.1310605,1.522922,0.03190862,0.05076386,-0.2057642,0.9772841,-0.1982385,1.522151,0.02693304,0.104143,-0.2035148,0.9735173,-0.1646495,1.522537,0.02942083,358.2469,355.744,0.656484,0,0,False
1,Center_Dir_Close,434,23.59999,-0.1646141,1.522511,0.02941954,-0.1669935,1.235066,0.03970967,-0.6474358,-0.04456765,0.06447188,0.7580792,-0.01430532,1.122823,0.2353121,-0.07558496,0.1763285,-0.08567283,0.9776785,MathCanvas,-0.04136445,1.198864,1.57476,-0.1646495,1.522537,0.02942083,0.07671883,-0.2014507,0.9764895,-0.1310266,1.522916,0.03192488,0.04961248,-0.2025972,0.9780046,-0.1982015,1.522105,0.0269142,0.1030001,-0.2003195,0.9743013,-0.1646141,1.522511,0.02941954,358.2525,355.7131,0.6901581,0,0,False
1,Center_Dir_Close,435,23.61999,-0.1646179,1.522557,0.02944631,-0.1668947,1.234971,0.03958412,-0.6478004,-0.04493167,0.06431295,0.7577596,-0.0143353,1.122805,0.2353951,-0.07560316,0.1760891,-0.08564612,0.9777226,MathCanvas,-0.04302633,1.203242,1.577007,-0.16462,1.522483,0.02941966,0.07018818,-0.2019409,0.9768795,-0.1310313,1.522943,0.03196663,0.04313561,-0.2025639,0.9783186,-0.1982045,1.522171,0.02692598,0.09659579,-0.20041,0.9749385,-0.1646179,1.522557,0.02944631,358.2232,355.6882,0.657012,0,0,False
1,Center_Dir_Close,436,23.63999,-0.1646047,1.52257,0.0294472,-0.1668424,1.235006,0.03955831,-0.6483616,-0.04533715,0.06407343,0.7572756,-0.01435778,1.122823,0.235393,-0.07559229,0.1760264,-0.08582319,0.9777192,MathCanvas,-0.05341153,1.202602,1.577217,-0.1646179,1.522557,0.02944631,0.0700098,-0.2047161,0.9763145,-0.1310182,1.522952,0.0319697,0.0431639,-0.2055884,0.9776862,-0.1981912,1.522189,0.0269247,0.09662479,-0.2034239,0.9743112,-0.1646047,1.52257,0.0294472,358.2097,355.6846,0.6496831,0,0,False
1,Center_Dir_Close,437,23.65999,-0.1644922,1.522571,0.02937417,-0.1666221,1.234987,0.03952692,-0.6486155,-0.0454287,0.06388049,0.757069,-0.01443441,1.122869,0.2354003,-0.07552508,0.1758107,-0.08600704,0.9777471,MathCanvas,-0.05369045,1.198245,1.576189,-0.1645869,1.522578,0.02943675,0.06964422,-0.2047757,0.9763281,-0.1309057,1.522959,0.03189475,0.04318985,-0.2061069,0.9775758,-0.1980787,1.522183,0.02685359,0.09665009,-0.2039204,0.9742049,-0.1644922,1.522571,0.02937417,358.237,355.6878,0.6607108,0,0,False
1,Center_Dir_Close,438,23.67999,-0.1644433,1.522542,0.02933049,-0.1665768,1.23496,0.03950927,-0.6482593,-0.04538517,0.06386823,0.7573776,-0.01448493,1.122892,0.2354308,-0.07546932,0.1757161,-0.08588194,0.9777794,MathCanvas,-0.05413797,1.198096,1.576406,-0.1644922,1.522571,0.02937417,0.07226829,-0.2051522,0.9760583,-0.1308566,1.522931,0.03184884,0.04560886,-0.2065956,0.9773628,-0.19803,1.522153,0.02681214,0.09904265,-0.2043782,0.9738686,-0.1644433,1.522542,0.02933049,358.257,355.6918,0.6618776,0,0,False
1,Center_Dir_Close,439,23.69999,-0.1644174,1.522521,0.02931528,-0.1665768,1.23496,0.03950927,-0.6482593,-0.04538517,0.06386823,0.7573776,-0.01448493,1.122892,0.2354308,-0.07546932,0.1757161,-0.08588194,0.9777794,MathCanvas,-0.04988103,1.197327,1.576613,-0.1644433,1.522542,0.02933049,0.07220589,-0.2053053,0.9760308,-0.1308309,1.52291,0.03183656,0.04538258,-0.2065387,0.9773853,-0.1980038,1.522133,0.02679399,0.09881736,-0.2043276,0.9739022,-0.1644174,1.522521,0.02931528,358.2644,355.6869,0.6609402,0,0,False
1,Center_Dir_Close,440,23.71999,-0.164313,1.522502,0.02921062,-0.1665327,1.234936,0.03948487,-0.6475741,-0.04500741,0.06373604,0.7579973,-0.01456026,1.122904,0.2354949,-0.07520369,0.1754485,-0.0858964,0.9778466,MathCanvas,-0.04994282,1.197032,1.576705,-0.1643881,1.522497,0.02929203,0.07199481,-0.1964674,0.9778637,-0.1307259,1.52289,0.0317234,0.04551679,-0.1975876,0.979228,-0.1979001,1.522115,0.02669783,0.09895247,-0.1954563,0.9757076,-0.164313,1.522502,0.02921062,358.278,355.7016,0.6595917,0,0,False
1,Center_Dir_Close,441,23.73999,-0.1642781,1.522487,0.02918315,-0.1665327,1.234936,0.03948487,-0.6475741,-0.04500741,0.06373604,0.7579973,-0.01456026,1.122904,0.2354949,-0.07520369,0.1754485,-0.0858964,0.9778466,MathCanvas,-0.05000089,1.210555,1.581845,-0.164313,1.522502,0.02921062,0.07210179,-0.1963152,0.9778863,-0.130691,1.522874,0.03169636,0.04534984,-0.1974881,0.9792558,-0.1978652,1.5221,0.02666995,0.09878592,-0.1953488,0.975746,-0.1642781,1.522487,0.02918315,358.284,355.701,0.6586752,0,0,False
1,Center_Dir_Close,442,23.75999,-0.16412,1.52255,0.02910834,-0.1664687,1.234936,0.03951854,-0.6485091,-0.04681686,0.06369362,0.7570913,-0.01459824,1.12291,0.23563,-0.07485283,0.1749058,-0.085676,0.9779901,MathCanvas,-0.04975714,1.210675,1.582381,-0.1642077,1.522543,0.02915688,0.06433698,-0.1950762,0.9786757,-0.1305329,1.522922,0.03162361,0.03742966,-0.195908,0.9799077,-0.1977071,1.522178,0.02659307,0.0909531,-0.1938851,0.9767989,-0.16412,1.52255,0.02910834,358.2333,355.6977,0.6332976,0,0,False
1,Center_Dir_Close,443,23.77999,-0.1640382,1.522533,0.02905202,-0.1665255,1.235021,0.03952887,-0.6499979,-0.04901167,0.06490374,0.7555714,-0.01459867,1.12294,0.2356452,-0.07490063,0.1747954,-0.08569089,0.9780049,MathCanvas,-0.06195408,1.212772,1.583227,-0.16412,1.52255,0.02910834,0.06218412,-0.1925226,0.9793203,-0.1304511,1.522904,0.03156827,0.03535542,-0.1935148,0.9804601,-0.1976252,1.522163,0.02653578,0.08890021,-0.1915322,0.9774519,-0.1640382,1.522533,0.02905202,358.2329,355.6961,0.630349,0,0,False
1,Center_Dir_Close,444,23.79999,-0.1639272,1.522498,0.02895222,-0.1666024,1.235009,0.03945858,-0.6507133,-0.05041658,0.06592645,0.7547742,-0.01461978,1.122982,0.2356225,-0.07505352,0.1745957,-0.08586346,0.9780137,MathCanvas,-0.06524116,1.216657,1.584979,-0.1639813,1.522527,0.02901616,0.05710691,-0.1927783,0.9795792,-0.1303408,1.522853,0.03147937,0.03000434,-0.1938404,0.9805742,-0.1975136,1.522144,0.02642507,0.0836006,-0.1919416,0.9778391,-0.1639272,1.522498,0.02895222,358.2323,355.6784,0.603755,0,0,False
1,Center_Dir_Close,445,23.81999,-0.1638772,1.522487,0.02889961,-0.1664539,1.234898,0.03945738,-0.6500022,-0.05027346,0.06530955,0.7554498,-0.01465014,1.12301,0.2355859,-0.07523373,0.1744639,-0.0859981,0.9780115,MathCanvas,-0.07321931,1.216292,1.584902,-0.1639272,1.522498,0.02895222,0.05700368,-0.1927585,0.979589,-0.130291,1.52283,0.0314314,0.02998862,-0.1938385,0.980575,-0.1974633,1.522144,0.02636783,0.08358508,-0.1919467,0.9778394,-0.1638772,1.522487,0.02889961,358.2375,355.6711,0.5835034,0,0,False
1,Center_Dir_Close,446,23.83999,-0.1638241,1.522478,0.02885616,-0.1664539,1.234898,0.03945738,-0.6500022,-0.05027346,0.06530955,0.7554498,-0.01465014,1.12301,0.2355859,-0.07523373,0.1744639,-0.0859981,0.9780115,MathCanvas,-0.07331493,1.21625,1.585181,-0.1638772,1.522487,0.02889961,0.05680307,-0.1928927,0.9795743,-0.1302381,1.522815,0.03139103,0.0298624,-0.1938455,0.9805775,-0.1974101,1.522142,0.02632129,0.0834595,-0.1919637,0.9778469,-0.1638241,1.522478,0.02885616,358.2368,355.6662,0.5728248,0,0,False
1,Center_Dir_Close,447,23.85999,-0.1636639,1.522419,0.0287547,-0.1662418,1.234878,0.03954491,-0.6489053,-0.04886463,0.06378045,0.756615,-0.01474531,1.123029,0.2355384,-0.07537401,0.1739727,-0.08609454,0.9780798,MathCanvas,-0.07357481,1.216009,1.585213,-0.1637766,1.522458,0.02880855,0.05693433,-0.1985169,0.9784424,-0.1300765,1.522743,0.03127317,0.03052165,-0.1996788,0.979386,-0.1972512,1.522094,0.02623622,0.08411683,-0.1977791,0.9766308,-0.1636639,1.522419,0.0287547,358.2479,355.6949,0.5520323,0,0,False
1,Center_Dir_Close,448,23.87999,-0.1635972,1.522398,0.02870944,-0.1662418,1.234878,0.03954491,-0.6489053,-0.04886463,0.06378045,0.756615,-0.01474531,1.123029,0.2355384,-0.07537401,0.1739727,-0.08609454,0.9780798,MathCanvas,-0.07327344,1.207248,1.582155,-0.1636639,1.522419,0.0287547,0.05722428,-0.1985586,0.978417,-0.1300097,1.522717,0.03122685,0.0304093,-0.1995442,0.9794168,-0.1971847,1.52208,0.02619203,0.08400501,-0.1976514,0.9766663,-0.1635972,1.522398,0.02870944,358.2489,355.6971,0.5426255,0,0,False
1,Center_Dir_Close,449,23.89999,-0.1634204,1.522366,0.02861852,-0.1660452,1.234827,0.03945062,-0.647717,-0.04595618,0.06422682,0.7577768,-0.01478465,1.122978,0.2354926,-0.07548261,0.1737028,-0.08625355,0.9781054,MathCanvas,-0.07272737,1.207096,1.582395,-0.1634954,1.522402,0.02866874,0.06164617,-0.1983681,0.978187,-0.1298308,1.522682,0.03110807,0.03517465,-0.1992601,0.9793152,-0.19701,1.52205,0.02612896,0.08872755,-0.1973285,0.9763139,-0.1634204,1.522366,0.02861852,358.2412,355.7447,0.5377584,0,0,False
1,Center_Dir_Close,450,23.91999,-0.1633378,1.522321,0.02857214,-0.1659684,1.234791,0.0394416,-0.6473557,-0.04503053,0.06419415,0.7581438,-0.014794,1.122951,0.2354791,-0.07543362,0.1736561,-0.0863035,0.978113,MathCanvas,-0.06547871,1.207204,1.582735,-0.1634204,1.522366,0.02861852,0.06189544,-0.1983579,0.9781733,-0.129748,1.522638,0.03106012,0.03515249,-0.1993631,0.979295,-0.1969275,1.522004,0.02608416,0.08870535,-0.1974264,0.9762962,-0.1633378,1.522321,0.02857214,358.2436,355.7473,0.5391076,0,0,False
1,Center_Dir_Close,451,23.93999,-0.1631851,1.52226,0.0284789,-0.1659313,1.234772,0.03944451,-0.6472385,-0.04470724,0.06410506,0.7582705,-0.01479713,1.122935,0.2354724,-0.07538134,0.1736344,-0.08634657,0.9781171,MathCanvas,-0.06498013,1.207112,1.582979,-0.1632612,1.522289,0.02852485,0.06220643,-0.1983849,0.9781482,-0.1295945,1.522576,0.03095564,0.03554469,-0.1993636,0.9792808,-0.1967756,1.521944,0.02600216,0.0890965,-0.1974342,0.9762589,-0.1631851,1.52226,0.0284789,358.245,355.7665,0.5381721,0,0,False
1,Center_Dir_Close,452,23.95999,-0.1631088,1.522232,0.02843285,-0.1659313,1.234772,0.03944451,-0.6472385,-0.04470724,0.06410506,0.7582705,-0.01479713,1.122935,0.2354724,-0.07538134,0.1736344,-0.08634657,0.9781171,MathCanvas,-0.06431845,1.206961,1.583079,-0.1631851,1.52226,0.0284789,0.06164473,-0.198526,0.9781551,-0.1295179,1.522546,0.03090457,0.03497994,-0.1994996,0.9792734,-0.1966997,1.521918,0.02596113,0.08853875,-0.1975804,0.9762802,-0.1631088,1.522232,0.02843285,358.2453,355.7752,0.5341876,0,0,False
1,Center_Dir_Close,453,23.97999,-0.1628857,1.522256,0.02845168,-0.1657804,1.234685,0.03946826,-0.6472182,-0.04450785,0.06330919,0.7583665,-0.01477689,1.122752,0.2353562,-0.07503984,0.173703,-0.08704853,0.9780689,MathCanvas,-0.06512392,1.206673,1.583219,-0.1629703,1.522273,0.02848358,0.05105449,-0.2000061,0.9784636,-0.1292942,1.522551,0.03091796,0.02431624,-0.200879,0.9793142,-0.1964772,1.521962,0.02598539,0.0779809,-0.1990955,0.9768725,-0.1628857,1.522256,0.02845168,358.2301,355.7854,0.5013417,0,0,False
1,Center_Dir_Close,454,23.99999,-0.1626477,1.522146,0.02846369,-0.1658029,1.234535,0.03932244,-0.6454239,-0.04289363,0.06402742,0.7599267,-0.01474357,1.122468,0.2351326,-0.0750121,0.1733872,-0.08685277,0.9781445,MathCanvas,-0.08181824,1.204674,1.582116,-0.1628857,1.522256,0.02845168,0.05099301,-0.2008805,0.9782876,-0.1290566,1.522442,0.0309357,0.02401887,-0.2030185,0.9788802,-0.1962388,1.52185,0.02599167,0.07768378,-0.2012078,0.9764634,-0.1626477,1.522146,0.02846369,358.3032,355.7762,0.5040666,0,0,False
1,Center_Dir_Close,455,24.01999,-0.1625366,1.522113,0.02843117,-0.1658017,1.234538,0.03933384,-0.6454074,-0.04304459,0.06400178,0.7599344,-0.01472579,1.122445,0.2351169,-0.07499444,0.17341,-0.08693033,0.9781349,MathCanvas,-0.08167917,1.203181,1.581824,-0.1626477,1.522146,0.02846369,0.05085586,-0.2015118,0.978165,-0.1289456,1.522395,0.03090677,0.02383553,-0.2030197,0.9788845,-0.1961275,1.521831,0.02595557,0.07750196,-0.2012547,0.9764681,-0.1625366,1.522113,0.02843117,358.3371,355.7711,0.4805397,0,0,False
1,Center_Dir_Close,456,24.03999,-0.1623751,1.522128,0.02841578,-0.1657563,1.234613,0.03931902,-0.6465978,-0.04488651,0.06384283,0.7588285,-0.01449516,1.122237,0.2349672,-0.07464863,0.1737226,-0.08762154,0.9780442,MathCanvas,-0.08178818,1.202155,1.581551,-0.1625366,1.522113,0.02843117,0.05096747,-0.2017843,0.978103,-0.1287827,1.5224,0.03087185,0.02462657,-0.2026603,0.9789394,-0.1959676,1.521856,0.02595972,0.07829082,-0.2008882,0.9764807,-0.1623751,1.522128,0.02841578,358.3343,355.8049,0.4627864,0,0,False
1,Center_Dir_Close,457,24.05999,-0.1621307,1.522108,0.02837002,-0.1657563,1.234613,0.03931902,-0.6465978,-0.04488651,0.06384283,0.7588285,-0.01449516,1.122237,0.2349672,-0.07464863,0.1737226,-0.08762154,0.9780442,MathCanvas,-0.08144327,1.201713,1.581557,-0.1623751,1.522128,0.02841578,0.05144374,-0.1992693,0.9785935,-0.1285368,1.52236,0.03080738,0.02503239,-0.2005072,0.9793724,-0.1957247,1.521856,0.02593266,0.07869669,-0.1987981,0.9768757,-0.1621307,1.522108,0.02837002,358.3527,355.8379,0.429132,0,0,False
1,Center_Dir_Close,458,24.07999,-0.1617924,1.522358,0.02844263,-0.165629,1.23468,0.03918975,-0.6464927,-0.04388237,0.06415811,0.7589502,-0.01416055,1.122022,0.2348175,-0.07437984,0.1745254,-0.08780732,0.9779052,MathCanvas,-0.08040176,1.205528,1.583067,-0.1620066,1.522117,0.02835771,0.05235955,-0.199697,0.9784577,-0.1281954,1.522604,0.03083885,0.0260821,-0.1995836,0.9795336,-0.1953893,1.522112,0.0260464,0.07974391,-0.1978863,0.9769759,-0.1617924,1.522358,0.02844263,358.2953,355.908,0.4184336,0,0,False
1,Center_Dir_Close,459,24.09999,-0.1617924,1.522358,0.02844263,-0.165629,1.23468,0.03918975,-0.6464927,-0.04388237,0.06415811,0.7589502,-0.01416055,1.122022,0.2348175,-0.07437984,0.1745254,-0.08780732,0.9779052,MathCanvas,-0.0785972,1.205056,1.583133,-0.1620066,1.522117,0.02835771,0.05235955,-0.199697,0.9784577,-0.1281954,1.522604,0.03083885,0.0260821,-0.1995836,0.9795336,-0.1953893,1.522112,0.0260464,0.07974391,-0.1978863,0.9769759,-0.1617924,1.522358,0.02844263,358.2953,355.908,0.4184336,0,0,False
1,Center_Dir_Close,460,24.11999,-0.1613257,1.522487,0.02841116,-0.1655663,1.234658,0.03916518,-0.6458322,-0.04317822,0.06431974,0.7595389,-0.01408762,1.121993,0.2347795,-0.07430884,0.1746736,-0.08791208,0.9778746,MathCanvas,-0.07859105,1.205032,1.583248,-0.1614783,1.522449,0.02842097,0.04983678,-0.1984752,0.978838,-0.127726,1.522713,0.03077149,0.02329762,-0.19924,0.9796737,-0.1949253,1.522262,0.02605082,0.07699175,-0.1976162,0.9772513,-0.1613257,1.522487,0.02841116,358.2871,355.9702,0.3843119,0,0,False
1,Center_Dir_Close,461,24.13999,-0.1611115,1.522552,0.02839337,-0.1653362,1.23461,0.03895614,-0.6455356,-0.0412365,0.06464894,0.7598709,-0.01377982,1.121908,0.2345513,-0.07415292,0.1752567,-0.08826112,0.9777507,MathCanvas,-0.08213066,1.207093,1.58387,-0.1613257,1.522487,0.02841116,0.04215086,-0.1958959,0.9797184,-0.1275087,1.522737,0.03071313,0.01620194,-0.196891,0.9802915,-0.1947142,1.522368,0.02607362,0.06996839,-0.1954874,0.9782071,-0.1611115,1.522552,0.02839337,358.2963,356.0415,0.3139218,0,0,False
1,Center_Dir_Close,462,24.15999,-0.1606407,1.52256,0.02840628,-0.1651128,1.234652,0.03901133,-0.6442406,-0.03634563,0.06535937,0.7611578,-0.0136276,1.121897,0.2343279,-0.07421062,0.1753861,-0.08831996,0.9777178,MathCanvas,-0.09413619,1.211285,1.585109,-0.1609071,1.522594,0.02839473,-0.1329636,-0.1853827,0.9736292,-0.1270316,1.522728,0.03063333,-0.1577054,-0.1846493,0.9700689,-0.1942498,1.522391,0.02617924,-0.1041543,-0.1850519,0.9771938,-0.1606407,1.52256,0.02840628,358.2535,356.2002,0.2862525,0,0,False
1,Center_Dir_Close,463,24.17999,-0.1604467,1.522593,0.02840616,-0.1651128,1.234652,0.03901133,-0.6442406,-0.03634563,0.06535937,0.7611578,-0.0136276,1.121897,0.2343279,-0.07421062,0.1753861,-0.08831996,0.9777178,MathCanvas,-0.3725581,1.227097,1.580175,-0.1606407,1.52256,0.02840628,-0.130978,-0.1848506,0.9739995,-0.1268356,1.522751,0.03060304,-0.1568955,-0.1844342,0.9702411,-0.1940578,1.522436,0.02620929,-0.1033382,-0.184853,0.977318,-0.1604467,1.522593,0.02840616,358.2426,356.2522,0.2682452,0,0,False
1,Center_Dir_Close,464,24.19999,-0.1601509,1.522562,0.02843689,-0.1648692,1.234576,0.03913748,-0.6424716,-0.03452744,0.06574294,0.7627031,-0.01349268,1.121899,0.2341126,-0.07430077,0.1755116,-0.08845984,0.9776758,MathCanvas,-0.369158,1.228037,1.580458,-0.1604467,1.522593,0.02840616,-0.1518228,-0.1844546,0.9710439,-0.1265359,1.522725,0.03057301,-0.1766431,-0.1839553,0.9669321,-0.1937659,1.522399,0.02630076,-0.1233329,-0.1845694,0.9750503,-0.1601509,1.522562,0.02843689,358.2306,356.3554,0.2771385,0,0,False
1,Center_Dir_Close,465,24.21999,-0.1596413,1.522513,0.02851235,-0.1647383,1.234473,0.0390293,-0.6432865,-0.03588713,0.06605975,0.7619256,-0.01314675,1.121876,0.2336271,-0.07464132,0.1760349,-0.08871116,0.977533,MathCanvas,-0.4025941,1.228009,1.579081,-0.1599362,1.522591,0.02844583,-0.1490752,-0.1843838,0.971483,-0.1260195,1.522639,0.03054082,-0.1737855,-0.1842584,0.9673921,-0.1932632,1.522387,0.02648388,-0.12045,-0.1849819,0.9753325,-0.1596413,1.522513,0.02851235,358.2368,356.5408,0.2146893,0,0,False
1,Center_Dir_Close,466,24.23999,-0.1593471,1.522368,0.02851526,-0.1645772,1.234378,0.03885785,-0.6448714,-0.03611745,0.06651423,0.7605342,-0.01261936,1.121713,0.2331143,-0.07486931,0.1771193,-0.08912072,0.9772824,MathCanvas,-0.3976071,1.228185,1.579271,-0.1596413,1.522513,0.02851235,-0.1479628,-0.1763016,0.973152,-0.125722,1.522459,0.03049001,-0.1731923,-0.1771299,0.9688289,-0.1929723,1.522278,0.02654052,-0.1198516,-0.1778779,0.9767267,-0.1593471,1.522368,0.02851526,358.3127,356.6344,0.1544293,0,0,False
1,Center_Dir_Close,467,24.25999,-0.1588322,1.52229,0.02852893,-0.1644522,1.234336,0.0388267,-0.6450567,-0.03571362,0.06680373,0.7603708,-0.01241017,1.121616,0.2329698,-0.07478753,0.177563,-0.08928356,0.9771932,MathCanvas,-0.395822,1.240602,1.583812,-0.1590863,1.522323,0.02851834,-0.1454214,-0.1806743,0.972733,-0.1252016,1.522355,0.03041033,-0.1708422,-0.1805441,0.9686159,-0.1924628,1.522224,0.02664753,-0.1174827,-0.1813213,0.9763813,-0.1588322,1.52229,0.02852893,358.3637,356.7949,0.1110571,0,0,False
1,Center_Dir_Close,468,24.27999,-0.1586081,1.522249,0.02849563,-0.1641427,1.234271,0.03884627,-0.6443464,-0.03413539,0.06733739,0.7609982,-0.01130766,1.121094,0.2324081,-0.0740428,0.1799522,-0.0895553,0.976788,MathCanvas,-0.3910121,1.233825,1.581594,-0.1588322,1.52229,0.02852893,-0.1440196,-0.1809484,0.9728906,-0.1249743,1.522292,0.03031997,-0.1691163,-0.1806366,0.9689015,-0.1922418,1.522205,0.02667129,-0.1157426,-0.1814511,0.9765649,-0.1586081,1.522249,0.02849563,358.3727,356.8931,0.07487641,0,0,False
1,Center_Dir_Close,469,24.29999,-0.1586081,1.522249,0.02849563,-0.1641427,1.234271,0.03884627,-0.6443464,-0.03413539,0.06733739,0.7609982,-0.01130766,1.121094,0.2324081,-0.0740428,0.1799522,-0.0895553,0.976788,MathCanvas,-0.3885118,1.233394,1.581556,-0.1588322,1.52229,0.02852893,-0.1440196,-0.1809484,0.9728906,-0.1249743,1.522292,0.03031997,-0.1691163,-0.1806366,0.9689015,-0.1922418,1.522205,0.02667129,-0.1157426,-0.1814511,0.9765649,-0.1586081,1.522249,0.02849563,358.3727,356.8931,0.07487641,0,0,False
1,Center_Dir_Close,470,24.31999,-0.1581311,1.522281,0.02847454,-0.1638818,1.234266,0.03885829,-0.6439611,-0.0328068,0.06764152,0.7613557,-0.01047665,1.120828,0.2320335,-0.07404722,0.1816037,-0.08935183,0.9765006,MathCanvas,-0.3885123,1.233394,1.581559,-0.1586081,1.522249,0.02849563,-0.1479685,-0.1780607,0.9728308,-0.1244925,1.522274,0.03020748,-0.1722014,-0.1772481,0.9689839,-0.1917697,1.522287,0.0267416,-0.1188774,-0.1781757,0.9767914,-0.1581311,1.522281,0.02847454,358.3605,357.0512,359.9893,0,0,False
1,Center_Dir_Close,471,24.33999,-0.1576375,1.522257,0.02846875,-0.1638818,1.234266,0.03885829,-0.6439611,-0.0328068,0.06764152,0.7613557,-0.01047665,1.120828,0.2320335,-0.07404722,0.1816037,-0.08935183,0.9765006,MathCanvas,-0.3945616,1.237768,1.582905,-0.1581311,1.522281,0.02847454,-0.1498429,-0.1776365,0.9726214,-0.1239942,1.522209,0.03010673,-0.1739053,-0.177205,0.9686874,-0.1912808,1.522305,0.02683077,-0.1206167,-0.1782404,0.9765664,-0.1576375,1.522257,0.02846875,358.3728,357.215,359.9187,0,0,False
1,Center_Dir_Close,472,24.35999,-0.1572358,1.522421,0.02836714,-0.1635423,1.234377,0.03882361,-0.6442017,-0.03049495,0.06799623,0.7612167,-0.009269113,1.120673,0.2315488,-0.07400075,0.1838325,-0.08932795,0.9760892,MathCanvas,-0.3971296,1.238343,1.582998,-0.1573954,1.522261,0.02845752,-0.1489001,-0.1737976,0.9734594,-0.1235894,1.522332,0.02994032,-0.1749298,-0.1722346,0.9693992,-0.1908821,1.52251,0.02679396,-0.1216634,-0.1733347,0.9773194,-0.1572358,1.522421,0.02836714,358.3206,357.3275,359.8486,0,0,False
1,Center_Dir_Close,473,24.37999,-0.1570973,1.522457,0.02833093,-0.1633048,1.234414,0.03889398,-0.6440323,-0.02964347,0.06806165,0.7613878,-0.008473022,1.120722,0.2312794,-0.07421568,0.1855182,-0.08959059,0.9757298,MathCanvas,-0.3953807,1.244456,1.58528,-0.1572358,1.522421,0.02836714,-0.1516849,-0.170823,0.973556,-0.1234492,1.522357,0.02986693,-0.1772291,-0.1696673,0.9694343,-0.1907453,1.522557,0.02679492,-0.1240002,-0.1707919,0.9774733,-0.1570973,1.522457,0.02833093,358.2879,357.3914,359.8297,0,0,False
1,Center_Dir_Close,474,24.39999,-0.156693,1.5225,0.02826814,-0.1632209,1.234423,0.0388935,-0.6439554,-0.02962239,0.06810533,0.7614497,-0.008272747,1.12075,0.2312245,-0.07426062,0.1859117,-0.08967235,0.9756439,MathCanvas,-0.3999089,1.24901,1.586763,-0.1568947,1.522474,0.02829823,-0.1494964,-0.17039,0.9739703,-0.1230413,1.522368,0.02971968,-0.1748965,-0.1696684,0.9698576,-0.1903446,1.522633,0.0268166,-0.1216482,-0.1708544,0.9777579,-0.156693,1.5225,0.02826814,358.2738,357.5369,359.7744,0,0,False
1,Center_Dir_Close,475,24.41999,-0.1566193,1.522485,0.0282009,-0.1629589,1.234436,0.03888993,-0.643728,-0.02854468,0.06866929,0.7616325,-0.00740982,1.120922,0.2309461,-0.07463796,0.1879132,-0.0900969,0.9751925,MathCanvas,-0.3959591,1.249794,1.58709,-0.156693,1.5225,0.02826814,-0.1484918,-0.1702455,0.9741492,-0.1229663,1.522365,0.02962352,-0.1741623,-0.1697073,0.9699829,-0.1902722,1.522604,0.02677828,-0.1209082,-0.1708524,0.9778501,-0.1566193,1.522485,0.0282009,358.2734,357.5855,359.7967,0,0,False
1,Center_Dir_Close,476,24.43999,-0.156252,1.522514,0.02812818,-0.1629259,1.234437,0.03889766,-0.6436499,-0.02816611,0.06881021,0.7616999,-0.007288054,1.120955,0.2308945,-0.07474232,0.1882205,-0.09016796,0.9751187,MathCanvas,-0.394265,1.250024,1.587225,-0.1564321,1.522501,0.02816353,-0.1456852,-0.1719418,0.9742751,-0.1225961,1.522368,0.02947738,-0.1713506,-0.1713385,0.970197,-0.1899078,1.522659,0.02677898,-0.1180688,-0.1725526,0.9778984,-0.156252,1.522514,0.02812818,358.2693,357.7118,359.7527,0,0,False
1,Center_Dir_Close,477,24.45999,-0.1562054,1.522403,0.02806373,-0.1624601,1.234336,0.03892833,-0.6421078,-0.02511307,0.06969698,0.7630265,-0.006873131,1.121121,0.230591,-0.07499031,0.1889243,-0.0907634,0.9749083,MathCanvas,-0.3892787,1.247489,1.586503,-0.156252,1.522514,0.02812818,-0.1497907,-0.1704807,0.9739091,-0.1225481,1.52228,0.02937821,-0.1752279,-0.1703926,0.9696709,-0.1898628,1.522526,0.02674924,-0.1220081,-0.171573,0.9775872,-0.1562054,1.522403,0.02806373,358.2943,357.7697,359.791,0,0,False
1,Center_Dir_Close,478,24.47999,-0.1560496,1.522394,0.02802307,-0.1624601,1.234336,0.03892833,-0.6421078,-0.02511307,0.06969698,0.7630265,-0.006873131,1.121121,0.230591,-0.07499031,0.1889243,-0.0907634,0.9749083,MathCanvas,-0.3959726,1.249518,1.586982,-0.1562054,1.522403,0.02806373,-0.1487764,-0.1707836,0.9740115,-0.1223908,1.522266,0.02930039,-0.1742892,-0.1701839,0.9698767,-0.1897083,1.522522,0.02674576,-0.1210616,-0.1714079,0.9777338,-0.1560496,1.522394,0.02802307,358.2961,357.8332,359.7818,0,0,False
1,Center_Dir_Close,479,24.49999,-0.1560247,1.522292,0.02790957,-0.1621369,1.234355,0.03893128,-0.6423799,-0.02502118,0.06996917,0.7627755,-0.006704323,1.121182,0.2302629,-0.07528255,0.1889054,-0.09075499,0.9748902,MathCanvas,-0.3941628,1.249059,1.586906,-0.1559199,1.522379,0.02797503,-0.1416339,-0.1785064,0.9736916,-0.1223644,1.522167,0.02914623,-0.1680482,-0.17861,0.9694629,-0.1896849,1.522416,0.02667291,-0.1147404,-0.1798159,0.9769856,-0.1560247,1.522292,0.02790957,358.3458,357.9021,359.7878,0,0,False
1,Center_Dir_Close,480,24.51999,-0.1560217,1.522262,0.02786631,-0.1620817,1.234348,0.0388496,-0.6428654,-0.02481199,0.07030591,0.7623421,-0.006622028,1.121184,0.2301586,-0.07531729,0.1889843,-0.0906975,0.9748775,MathCanvas,-0.3822398,1.237184,1.583073,-0.1560247,1.522292,0.02790957,-0.1467391,-0.1789697,0.9728502,-0.122361,1.52214,0.02909137,-0.1729568,-0.1786177,0.9685978,-0.1896825,1.522384,0.02664125,-0.1197181,-0.1798744,0.9763774,-0.1560217,1.522262,0.02786631,358.3615,357.9216,359.7924,0,0,False
1,Center_Dir_Close,481,24.53999,-0.1560009,1.522206,0.0277687,-0.1620103,1.234332,0.03874473,-0.6432394,-0.02431401,0.0708115,0.7619959,-0.006468095,1.121181,0.2300031,-0.07528171,0.1891527,-0.0906678,0.9748504,MathCanvas,-0.3905144,1.236264,1.582504,-0.1559433,1.522237,0.02782159,-0.1398932,-0.1794145,0.9737763,-0.1223393,1.522108,0.02897229,-0.166493,-0.1788554,0.969686,-0.1896624,1.522304,0.02656512,-0.1131691,-0.1799886,0.9771371,-0.1560009,1.522206,0.0277687,358.3697,357.957,359.8334,0,0,False
1,Center_Dir_Close,482,24.55999,-0.1560744,1.522183,0.02771257,-0.1619536,1.234342,0.03874821,-0.6431293,-0.02368743,0.07111138,0.7620806,-0.006308075,1.121184,0.2298741,-0.0752914,0.1894007,-0.09069137,0.9747993,MathCanvas,-0.3793918,1.235705,1.582761,-0.1560009,1.522206,0.0277687,-0.1400006,-0.1792681,0.9737878,-0.1224132,1.522081,0.02892553,-0.1669044,-0.1784442,0.969691,-0.1897357,1.522285,0.02649962,-0.1135834,-0.179626,0.9771557,-0.1560744,1.522183,0.02771257,358.3568,357.9413,359.8267,0,0,False
1,Center_Dir_Close,483,24.57999,-0.1562127,1.522175,0.02754169,-0.161827,1.234336,0.03874566,-0.6431876,-0.02338771,0.07126436,0.7620263,-0.005899364,1.121177,0.2296495,-0.07525105,0.1900522,-0.09075823,0.9746694,MathCanvas,-0.379666,1.235878,1.582925,-0.1560476,1.522158,0.02766496,-0.1398227,-0.1792885,0.9738097,-0.1225514,1.522086,0.02875573,-0.1668012,-0.1786183,0.9696767,-0.1898739,1.522264,0.02632766,-0.1134795,-0.1797604,0.977143,-0.1562127,1.522175,0.02754169,358.3535,357.9388,359.8482,0,0,False
1,Center_Dir_Close,484,24.59999,-0.1563169,1.522199,0.02747414,-0.1617671,1.23433,0.03871121,-0.643528,-0.02345128,0.07128809,0.7617348,-0.005739894,1.121183,0.2295969,-0.07522035,0.1902784,-0.09075575,0.9746279,MathCanvas,-0.3795455,1.235805,1.582966,-0.1562127,1.522175,0.02754169,-0.1313782,-0.0928096,0.9869783,-0.122656,1.522119,0.02869757,-0.1582998,-0.0921637,0.9830803,-0.1899778,1.52228,0.02625071,-0.1048671,-0.09276401,0.9901504,-0.1563169,1.522199,0.02747414,358.3322,357.9225,359.8625,0,0,False
1,Center_Dir_Close,485,24.61999,-0.1565275,1.522269,0.02738971,-0.1616734,1.234335,0.03866099,-0.6439951,-0.02377432,0.07135822,0.7613233,-0.005436698,1.12121,0.2294988,-0.07533407,0.1906996,-0.09070146,0.9745418,MathCanvas,-0.3795455,1.235805,1.582966,-0.1563452,1.522192,0.02741984,0.006289295,-0.05015659,-0.9987217,-0.1228673,1.522221,0.0286327,-0.03402876,-0.04938636,0.9981999,-0.1901878,1.522317,0.02614672,0.0200913,-0.04935066,0.9985794,-0.1565275,1.522269,0.02738971,358.2858,357.8876,359.9187,0,0,False
1,Center_Dir_Close,486,24.63999,-0.1566776,1.522284,0.02732754,-0.1616251,1.234267,0.03861133,-0.6435825,-0.02321823,0.07155468,0.7616709,-0.005111603,1.121288,0.2294368,-0.07548976,0.1910794,-0.09044372,0.9744793,MathCanvas,-0.3795455,1.235805,1.582966,-0.1565275,1.522269,0.02738971,0.006392622,-0.05020353,-0.9987187,-0.1230176,1.522251,0.0285782,-0.03365432,-0.05037976,0.9981629,-0.1903376,1.522316,0.02607688,0.02046587,-0.05034115,0.9985224,-0.1566776,1.522284,0.02732754,358.2956,357.8737,359.9453,0,0,False
1,Center_Dir_Close,487,24.65999,-0.1567682,1.522268,0.02726931,-0.1616171,1.234249,0.03861379,-0.6434044,-0.02299277,0.071606,0.7618233,-0.005075077,1.1213,0.2294341,-0.07549093,0.191128,-0.09042467,0.9744714,MathCanvas,-0.3795455,1.235805,1.582966,-0.1566776,1.522284,0.02732754,0.00662243,-0.05011351,-0.9987216,-0.1231085,1.522249,0.02852788,-0.03389591,-0.05001787,0.9981729,-0.1904278,1.522287,0.02601073,0.02022419,-0.04996342,0.9985462,-0.1567682,1.522268,0.02726931,358.2892,357.8596,359.9671,0,0,False
1,Center_Dir_Close,488,24.67999,-0.1569956,1.522298,0.02708811,-0.1616388,1.234137,0.03867762,-0.642575,-0.02265652,0.0714906,0.7625439,-0.004810899,1.121452,0.2294355,-0.07556963,0.1914117,-0.09043386,0.9744088,MathCanvas,-0.3795455,1.235805,1.582966,-0.1568462,1.52226,0.02721067,0.007083453,-0.05001497,-0.9987236,-0.1233367,1.522301,0.02836671,-0.03456832,-0.04964803,0.9981684,-0.1906546,1.522295,0.02580951,0.01955147,-0.04956395,0.9985796,-0.1569956,1.522298,0.02708811,358.2569,357.8244,0.004708673,0,0,False
1,Center_Dir_Close,489,24.69999,-0.1570894,1.522311,0.02703663,-0.1616388,1.234137,0.03867762,-0.642575,-0.02265652,0.0714906,0.7625439,-0.004810899,1.121452,0.2294355,-0.07556963,0.1914117,-0.09043386,0.9744088,MathCanvas,-0.3795455,1.235805,1.582966,-0.1569956,1.522298,0.02708811,0.01473116,-0.1051437,-0.994348,-0.1234307,1.522325,0.02832144,-0.04193908,-0.1050182,0.9935856,-0.1907481,1.522298,0.02575183,0.01218686,-0.1048655,0.9944118,-0.1570894,1.522311,0.02703663,358.2457,357.8133,0.02308647,0,0,False
1,Center_Dir_Close,490,24.71999,-0.1573537,1.522503,0.02700964,-0.1618087,1.234119,0.03853563,-0.6437062,-0.0235247,0.07182068,0.7615319,-0.004646705,1.121647,0.2294548,-0.07607821,0.1918327,-0.09009633,0.9743177,MathCanvas,-0.3795455,1.235805,1.582966,-0.1572378,1.522469,0.02704747,-0.03194408,-0.1763869,0.9838024,-0.1236953,1.522508,0.02830468,-0.05919164,-0.1762773,0.9825593,-0.191012,1.522498,0.0257146,-0.005074982,-0.176215,0.9843386,-0.1573537,1.522503,0.02700964,358.1895,357.7963,0.008591091,0,0,False
1,Center_Dir_Close,491,24.73999,-0.1574581,1.522489,0.02695375,-0.1617914,1.234115,0.03851013,-0.643469,-0.02350359,0.0718865,0.7617268,-0.004696947,1.121681,0.2294681,-0.07604897,0.1917986,-0.089901,0.9743447,MathCanvas,-0.2081215,1.242177,1.590539,-0.1573537,1.522503,0.02700964,-0.03212857,-0.1766053,0.9837573,-0.1237999,1.522508,0.02825208,-0.05919686,-0.1770437,0.9824212,-0.1911162,1.522471,0.02565542,-0.005080447,-0.1769509,0.9842066,-0.1574581,1.522489,0.02695375,358.2125,357.79,0.03139332,0,0,False
1,Center_Dir_Close,492,24.75999,-0.157685,1.52237,0.02682473,-0.1618416,1.23412,0.03848092,-0.6429713,-0.02359372,0.07198796,0.7621346,-0.004886575,1.121763,0.2294916,-0.0758965,0.1914331,-0.0897687,0.9744408,MathCanvas,-0.2085163,1.24183,1.590327,-0.1575642,1.522489,0.02690212,-0.03612551,-0.1861372,0.9818594,-0.1240271,1.522401,0.02812965,-0.06305658,-0.1864167,0.9804451,-0.1913429,1.522339,0.0255198,-0.008946745,-0.186351,0.9824424,-0.157685,1.52237,0.02682473,358.2249,357.7781,0.05266979,0,0,False
1,Center_Dir_Close,493,24.77999,-0.157791,1.522363,0.02677112,-0.1618949,1.234095,0.03844751,-0.6428397,-0.02367616,0.07199632,0.7622423,-0.005022189,1.121817,0.2295006,-0.0758836,0.1911149,-0.08972167,0.9745085,MathCanvas,-0.2150051,1.227028,1.584734,-0.157685,1.52237,0.02682473,-0.03611052,-0.1860037,0.9818853,-0.1241331,1.522405,0.02807659,-0.06310593,-0.1859274,0.9805349,-0.1914488,1.522321,0.02546565,-0.00899634,-0.1858419,0.9825385,-0.157791,1.522363,0.02677112,358.218,357.7766,0.07190064,0,0,False
1,Center_Dir_Close,494,24.79999,-0.1578955,1.522371,0.02671979,-0.1618949,1.234095,0.03844751,-0.6428397,-0.02367616,0.07199632,0.7622423,-0.005022189,1.121817,0.2295006,-0.0758836,0.1911149,-0.08972167,0.9745085,MathCanvas,-0.2150878,1.227229,1.584736,-0.157791,1.522363,0.02677112,-0.03615155,-0.1859614,0.9818918,-0.1242377,1.522421,0.02802876,-0.0632496,-0.1859687,0.9805178,-0.1915532,1.52232,0.02541082,-0.009140428,-0.1858706,0.9825317,-0.1578955,1.522371,0.02671979,358.2155,357.7702,0.08577874,0,0,False
1,Center_Dir_Close,495,24.81999,-0.1581088,1.522472,0.02664871,-0.1620182,1.234077,0.03838143,-0.6429659,-0.02389875,0.07209559,0.7621195,-0.005482512,1.121929,0.2295473,-0.07581007,0.1901943,-0.08949029,0.9747156,MathCanvas,-0.215259,1.227297,1.584736,-0.1580018,1.522395,0.02666876,-0.034377,-0.1851114,0.9821161,-0.1244504,1.522534,0.02793888,-0.06089655,-0.1840752,0.981024,-0.1917673,1.52241,0.02535853,-0.006783055,-0.1839495,0.9829122,-0.1581088,1.522472,0.02664871,358.1563,357.8015,0.1055918,0,0,False
1,Center_Dir_Close,496,24.83999,-0.1582057,1.52249,0.02660937,-0.1620704,1.234079,0.03836615,-0.6430669,-0.0239793,0.07215141,0.7620263,-0.005619049,1.121939,0.2295752,-0.07561257,0.1898457,-0.08943585,0.9748039,MathCanvas,-0.2126653,1.228699,1.585273,-0.1581088,1.522472,0.02664871,-0.03430627,-0.1849004,0.9821583,-0.1245477,1.522568,0.0279097,-0.06155868,-0.1846089,0.9808823,-0.1918638,1.522412,0.02530904,-0.007446764,-0.1844528,0.9828132,-0.1582057,1.52249,0.02660937,358.1349,357.7832,0.1335783,0,0,False
1,Center_Dir_Close,497,24.85999,-0.1584252,1.522492,0.02650979,-0.16212,1.234063,0.03833763,-0.6432472,-0.02413591,0.07223599,0.7618611,-0.006039673,1.121944,0.2296403,-0.07478369,0.1887807,-0.08944809,0.9750735,MathCanvas,-0.2126507,1.229048,1.585321,-0.1583097,1.522511,0.02656437,-0.02844014,-0.1898523,0.9814007,-0.1247681,1.522592,0.02783236,-0.05603765,-0.1900816,0.9801677,-0.1920823,1.522392,0.02518723,-0.001919039,-0.18982,0.981817,-0.1584252,1.522492,0.02650979,358.1266,357.7441,0.1697692,0,0,False
1,Center_Dir_Close,498,24.87999,-0.1585306,1.522506,0.02646337,-0.16212,1.234063,0.03833763,-0.6432472,-0.02413591,0.07223599,0.7618611,-0.006039673,1.121944,0.2296403,-0.07478369,0.1887807,-0.08944809,0.9750735,MathCanvas,-0.2035227,1.221444,1.582715,-0.1584252,1.522492,0.02650979,-0.02851935,-0.1896624,0.9814351,-0.1248737,1.522616,0.02779046,-0.05564753,-0.1896094,0.9802814,-0.1921875,1.522397,0.02513627,-0.001528397,-0.1893363,0.9819111,-0.1585306,1.522506,0.02646337,358.1158,357.7359,0.1862225,0,0,False
1,Center_Dir_Close,499,24.89999,-0.1588039,1.522517,0.02636932,-0.1622175,1.234015,0.03818217,-0.6429526,-0.02377472,0.07182793,0.7621597,-0.006586775,1.121953,0.2295901,-0.07525933,0.18825,-0.08916306,0.9751656,MathCanvas,-0.2037544,1.221754,1.582749,-0.158696,1.522542,0.02640393,-0.02991881,-0.1958733,0.9801727,-0.1251492,1.522609,0.02775198,-0.05746147,-0.1960583,0.9789072,-0.1924585,1.522425,0.02498666,-0.003345285,-0.1958105,0.980636,-0.1588039,1.522517,0.02636932,358.1176,357.6423,0.1564378,0,0,False
1,Center_Dir_Close,500,24.91999,-0.1589074,1.522499,0.02632718,-0.1622216,1.234009,0.03817563,-0.6428729,-0.02375466,0.07178806,0.7622314,-0.006618354,1.121944,0.2295862,-0.0752354,0.1882295,-0.08911356,0.975176,MathCanvas,-0.2062022,1.212208,1.579191,-0.1588039,1.522517,0.02636932,0.02163741,-0.1957978,-0.9804057,-0.1252534,1.522602,0.02772573,-0.04908554,-0.196044,0.9793658,-0.1925614,1.522396,0.02492862,0.005035743,-0.195677,0.9806554,-0.1589074,1.522499,0.02632718,358.1216,357.6146,0.1755883,0,0,False
1,Center_Dir_Close,501,24.93999,-0.1590165,1.522496,0.02628343,-0.1622216,1.234009,0.03817563,-0.6428729,-0.02375466,0.07178806,0.7622314,-0.006641557,1.121935,0.2295834,-0.07520706,0.1882101,-0.08908194,0.9751847,MathCanvas,-0.2062022,1.212208,1.579191,-0.1589074,1.522499,0.02632718,0.02207031,-0.1958486,-0.9803859,-0.1253632,1.522601,0.0276981,-0.04957804,-0.1961075,0.9793283,-0.1926699,1.522391,0.02486877,0.004542716,-0.195751,0.9806431,-0.1590165,1.522496,0.02628343,358.1264,357.5871,0.1789362,0,0,False
1,Center_Dir_Close,502,24.95999,-0.1590814,1.522454,0.02629526,-0.1622894,1.233978,0.03810775,-0.642971,-0.0240672,0.07153141,0.7621629,-0.006709263,1.121888,0.2295927,-0.07509083,0.1882368,-0.08917296,0.9751802,MathCanvas,-0.2062022,1.212208,1.579191,-0.1590165,1.522496,0.02628343,0.02218053,-0.1957669,-0.9803996,-0.1254282,1.52254,0.02771514,-0.04949255,-0.1959976,0.9793546,-0.1927345,1.522367,0.02487539,0.004628722,-0.1956791,0.9806571,-0.1590814,1.522454,0.02629526,358.13,357.5793,0.1467357,0,0,False
1,Center_Dir_Close,503,24.97999,-0.1592112,1.522401,0.02622923,-0.162404,1.233981,0.03799489,-0.6436116,-0.0244793,0.07123638,0.7616366,-0.006739685,1.121831,0.2295685,-0.07504267,0.1883609,-0.08922825,0.9751549,MathCanvas,-0.2062022,1.212208,1.579191,-0.1590814,1.522454,0.02629526,0.02558601,-0.1955529,-0.9803594,-0.1255587,1.522476,0.02766496,-0.05316247,-0.1956511,0.9792316,-0.1928637,1.522326,0.02479349,0.0009565838,-0.1953691,0.9807293,-0.1592112,1.522401,0.02622923,358.1272,357.5529,0.1274952,0,0,False
1,Center_Dir_Close,504,24.99999,-0.159284,1.52235,0.02615489,-0.1624046,1.234025,0.03795513,-0.6432151,-0.02465935,0.07103164,0.7619848,-0.006760789,1.121695,0.2295813,-0.07475364,0.1885399,-0.08909305,0.9751549,MathCanvas,-0.2062022,1.212208,1.579191,-0.1593043,1.522388,0.02620055,0.02343311,-0.1957288,-0.9803782,-0.1256319,1.522433,0.02759989,-0.05038459,-0.1962484,0.9792589,-0.1929361,1.522267,0.0247099,0.003735501,-0.1959092,0.9806149,-0.159284,1.52235,0.02615489,358.1474,357.5367,0.1411004,0,0,False
1,Center_Dir_Close,505,25.01999,-0.1593239,1.522314,0.02611073,-0.1624252,1.234034,0.03793778,-0.6430008,-0.02464962,0.07097504,0.7621713,-0.006766299,1.121634,0.2295982,-0.07465422,0.1886378,-0.08906141,0.9751465,MathCanvas,-0.2062022,1.212208,1.579191,-0.159284,1.52235,0.02615489,0.02347645,-0.2031803,-0.97886,-0.1256719,1.522401,0.0275593,-0.05060569,-0.2036012,0.9777452,-0.1929758,1.522228,0.02466217,0.003513902,-0.2032583,0.9791188,-0.1593239,1.522314,0.02611073,358.1621,357.5305,0.1470771,0,0,False
1,Center_Dir_Close,506,25.03999,-0.1594007,1.522257,0.02603103,-0.1625364,1.234016,0.03789037,-0.6427879,-0.02457523,0.07092866,0.7623575,-0.006793125,1.121544,0.2296114,-0.07445548,0.1887785,-0.0890272,0.9751376,MathCanvas,-0.2062022,1.212208,1.579191,-0.1593888,1.522292,0.0260764,0.02048571,-0.2034777,-0.9788654,-0.1257491,1.522339,0.02748875,-0.04762691,-0.2038958,0.9778334,-0.1930522,1.522175,0.02457331,0.006492961,-0.203537,0.9790457,-0.1594007,1.522257,0.02603103,358.1821,357.5152,0.139523,0,0,False
1,Center_Dir_Close,507,25.05999,-0.1594255,1.522239,0.02599731,-0.1625876,1.233966,0.0378222,-0.6427512,-0.02455708,0.07095586,0.7623865,-0.006823,1.121523,0.2295985,-0.07445064,0.1887811,-0.08902585,0.9751376,MathCanvas,-0.2062022,1.212208,1.579191,-0.1594007,1.522257,0.02603103,0.02053615,-0.2035781,-0.9788435,-0.1257739,1.522318,0.02745525,-0.04760733,-0.2038523,0.9778435,-0.193077,1.522159,0.02453936,0.006512571,-0.2034931,0.9790547,-0.1594255,1.522239,0.02599731,358.1876,357.515,0.135338,0,0,False
1,Center_Dir_Close,508,25.07999,-0.1594102,1.52222,0.02598597,-0.1626711,1.233905,0.03774625,-0.6423411,-0.02469728,0.0707884,0.7627431,-0.006974589,1.121486,0.2295599,-0.07450897,0.1886671,-0.0889743,0.9751599,MathCanvas,-0.2062022,1.212208,1.579191,-0.1594255,1.522239,0.02599731,0.02068216,-0.2037012,-0.9788147,-0.1257586,1.522287,0.02744322,-0.04778825,-0.2039477,0.9778147,-0.1930618,1.522153,0.02452873,0.006331604,-0.2036058,0.9790325,-0.1594102,1.52222,0.02598597,358.1915,357.5168,0.1138717,0,0,False
1,Center_Dir_Close,509,25.09999,-0.1594512,1.522176,0.02592262,-0.1627739,1.233918,0.03773271,-0.6421841,-0.02495676,0.07041658,0.7629012,-0.007140609,1.121452,0.2295269,-0.07441834,0.1886189,-0.08903531,0.9751706,MathCanvas,-0.2062022,1.212208,1.579191,-0.1594102,1.52222,0.02598597,0.0178485,-0.2017307,-0.9792784,-0.1257999,1.522229,0.02738703,-0.04518997,-0.2022037,0.9783003,-0.1931026,1.522124,0.02445822,0.008929379,-0.201864,0.9793729,-0.1594512,1.522176,0.02592262,358.2086,357.5054,0.08973791,0,0,False
1,Center_Dir_Close,510,25.11999,-0.1594643,1.52218,0.02589984,-0.1627893,1.233906,0.03770683,-0.6424052,-0.02493976,0.07024761,0.7627313,-0.007275337,1.121431,0.2295021,-0.07421544,0.1885477,-0.08918077,0.9751865,MathCanvas,-0.2062022,1.212208,1.579191,-0.1594512,1.522176,0.02592262,0.01727358,-0.1971311,-0.980225,-0.1258128,1.52222,0.02736046,-0.04428831,-0.1972026,0.9793619,-0.1931158,1.522139,0.02443921,0.009831112,-0.1968769,0.9803789,-0.1594643,1.52218,0.02589984,358.2028,357.5125,0.06892246,0,0,False
1,Center_Dir_Close,511,25.13999,-0.1595103,1.522155,0.02584183,-0.1627893,1.233906,0.03770683,-0.6424052,-0.02493976,0.07024761,0.7627313,-0.007331414,1.121426,0.2294925,-0.0741455,0.1885062,-0.08923595,0.9751948,MathCanvas,-0.2062022,1.212208,1.579191,-0.1594924,1.522163,0.0258689,0.01748123,-0.1972936,-0.9801887,-0.1258591,1.522185,0.02730924,-0.04469822,-0.1975303,0.9792773,-0.1931616,1.522125,0.02437442,0.009420879,-0.1972138,0.9803152,-0.1595103,1.522155,0.02584183,358.2118,357.5015,0.05055638,0,0,False
1,Center_Dir_Close,512,25.15999,-0.1595365,1.52214,0.02581169,-0.1627893,1.233906,0.03770683,-0.6424052,-0.02493976,0.07024761,0.7627313,-0.007331414,1.121426,0.2294925,-0.0741455,0.1885062,-0.08923595,0.9751948,MathCanvas,-0.2062022,1.212208,1.579191,-0.1595103,1.522155,0.02584183,0.01758726,-0.1973769,-0.9801699,-0.1258854,1.522163,0.02728159,-0.04474521,-0.1976126,0.9792585,-0.1931877,1.522116,0.02434179,0.009373926,-0.1973074,0.9802969,-0.1595365,1.52214,0.02581169,358.2164,357.4976,0.04059643,0,0,False
1,Center_Dir_Close,513,25.17999,-0.1594872,1.522136,0.02583404,-0.1632518,1.234068,0.03794215,-0.6350772,-0.02155559,0.06763903,0.7691796,-0.00827986,1.12128,0.2295219,-0.07306121,0.1872292,-0.08941487,0.9755062,MathCanvas,-0.2062022,1.212208,1.579191,-0.1595627,1.522124,0.02578155,0.01287164,-0.1978298,-0.9801519,-0.1258351,1.522147,0.02728098,-0.03921889,-0.1984815,0.9793196,-0.1931393,1.522125,0.02438709,0.01489883,-0.1981509,0.9800583,-0.1594872,1.522136,0.02583404,358.2491,357.5374,0.01924892,0,0,False
1,Center_Dir_Close,514,25.19999,-0.1594842,1.522148,0.02585295,-0.1628886,1.233957,0.03854614,-0.6258233,-0.0139309,0.06432433,0.7771831,-0.008699846,1.120775,0.2296881,-0.06937066,0.187135,-0.0921687,0.9755374,MathCanvas,-0.2062022,1.212208,1.579191,-0.1594872,1.522136,0.02583404,0.01276102,-0.1980369,-0.9801115,-0.125832,1.522159,0.02729758,-0.03975167,-0.1981126,0.9793729,-0.1931364,1.522138,0.02440832,0.01436564,-0.1977823,0.9801407,-0.1594842,1.522148,0.02585295,358.2439,357.5414,0.01797435,0,0,False
1,Center_Dir_Close,515,25.21999,-0.1594951,1.522133,0.0258313,-0.1628118,1.233943,0.03876802,-0.6219384,-0.01085101,0.06302791,0.7804501,-0.008699846,1.120775,0.2296881,-0.06937066,0.187135,-0.0921687,0.9755374,MathCanvas,-0.2062022,1.212208,1.579191,-0.1594842,1.522148,0.02585295,0.01260608,-0.1979525,-0.9801307,-0.1258427,1.522134,0.02727224,-0.03960631,-0.1981892,0.9793633,-0.1931474,1.522132,0.02439036,0.01451093,-0.1978721,0.9801204,-0.1594951,1.522133,0.0258313,358.248,357.5481,0.001868417,0,0,False
1,Center_Dir_Close,516,25.23999,-0.1595269,1.522163,0.02588705,-0.1628118,1.233947,0.03839509,-0.6265019,-0.0125207,0.06495843,0.7766075,-0.008232018,1.120762,0.2295124,-0.0651921,0.1863074,-0.1080007,0.974359,MathCanvas,-0.2062022,1.212208,1.579191,-0.1594951,1.522133,0.0258313,0.01272782,-0.1980447,-0.9801104,-0.1258746,1.522163,0.02733172,-0.0398952,-0.1982541,0.9793384,-0.1931791,1.522163,0.02444238,0.01422184,-0.19794,0.980111,-0.1595269,1.522163,0.02588705,358.2509,357.5418,-4.478728E-05,0,0,False
1,Center_Dir_Close,517,25.25999,-0.1595604,1.522152,0.02590803,-0.162837,1.233975,0.03830286,-0.6278738,-0.01332719,0.06546512,0.7754426,-0.008021684,1.120804,0.2294142,-0.06267778,0.1852459,-0.1166546,0.9737285,MathCanvas,-0.2062022,1.212208,1.579191,-0.1595414,1.522159,0.02589919,0.01791684,-0.1995646,-0.9797208,-0.1259083,1.522143,0.02735505,-0.04499871,-0.1997503,0.978813,-0.1932125,1.522161,0.02446102,0.009121653,-0.1995028,0.9798548,-0.1595604,1.522152,0.02590803,358.2654,357.5383,359.9848,0,0,False
1,Center_Dir_Close,518,25.27999,-0.1595928,1.522138,0.02597852,-0.1628947,1.234038,0.03800469,-0.6313201,-0.01566643,0.06684297,0.7724776,-0.007392451,1.1214,0.2292398,-0.05666355,0.1755463,-0.1383125,0.9730583,MathCanvas,-0.2062022,1.212208,1.579191,-0.1595604,1.522152,0.02590803,0.02339687,-0.2049113,-0.9785008,-0.1259416,1.522133,0.02744613,-0.05102255,-0.2054379,0.9773392,-0.193244,1.522144,0.02451091,0.003096551,-0.2052244,0.9787101,-0.1595928,1.522138,0.02597852,358.2901,357.5031,359.9902,0,0,False
1,Center_Dir_Close,519,25.29999,-0.1596166,1.522148,0.02604151,-0.1629631,1.234026,0.03789421,-0.6323501,-0.0161523,0.06705274,0.7716063,-0.007517943,1.121661,0.2292337,-0.04789564,0.1647837,-0.1485814,0.9738973,MathCanvas,-0.2062022,1.212208,1.579191,-0.1595928,1.522138,0.02597852,0.02382731,-0.2050919,-0.9784528,-0.1259663,1.522151,0.02752833,-0.05137615,-0.2053969,0.9773294,-0.193267,1.522144,0.02455469,0.002742238,-0.205162,0.9787242,-0.1596166,1.522148,0.02604151,358.3014,357.4699,0.006140183,0,0,False
1,Center_Dir_Close,520,25.31999,-0.1597045,1.522202,0.02617656,-0.1631253,1.233994,0.03761558,-0.6346998,-0.01665876,0.06732374,0.7696403,-0.008412201,1.122083,0.2296387,-0.03544766,0.1581939,-0.1470464,0.9757538,MathCanvas,-0.2062022,1.212208,1.579191,-0.1596166,1.522148,0.02604151,-0.044478,-0.3635527,0.9305112,-0.1260562,1.52218,0.02770971,-0.07305177,-0.3634579,0.9287421,-0.1933528,1.522223,0.02464341,-0.01896954,-0.3635592,0.9313779,-0.1597045,1.522202,0.02617656,358.2988,357.3923,359.9636,0,0,False
1,Center_Dir_Close,521,25.33999,-0.1597077,1.522165,0.02623226,-0.1633032,1.234004,0.03731247,-0.6375133,-0.01840252,0.06750979,0.7672552,-0.008216958,1.122716,0.2296993,-0.0306293,0.1645362,-0.1447284,0.9752145,MathCanvas,-0.2294009,0.9525196,1.484275,-0.1597045,1.522202,0.02617656,-0.04622792,-0.3638481,0.9303104,-0.1260601,1.522121,0.02777929,-0.0738683,-0.3644813,0.9282763,-0.1933554,1.522209,0.02468522,-0.01978754,-0.3646374,0.9309393,-0.1597077,1.522165,0.02623226,358.3428,357.3697,359.9246,0,0,False
1,Center_Dir_Close,522,25.35999,-0.1596855,1.522066,0.0263087,-0.1633554,1.234115,0.03738635,-0.6376186,-0.01915542,0.06749991,0.7671502,-0.009717086,1.121996,0.229421,-0.02249169,0.1608642,-0.1106531,0.9804962,MathCanvas,-0.2321521,0.9519743,1.484133,-0.1597108,1.522136,0.02625987,-0.04879645,-0.4086184,0.9114,-0.1260376,1.522007,0.02785054,-0.07568857,-0.4091293,0.9093318,-0.1933333,1.522125,0.02476686,-0.02161491,-0.409362,0.912116,-0.1596855,1.522066,0.0263087,358.4337,357.3792,359.899,0,0,False
1,Center_Dir_Close,523,25.37999,-0.1596554,1.522059,0.02634558,-0.1632466,1.234112,0.03742515,-0.6367967,-0.01891617,0.06732712,0.7678536,-0.01297029,1.121281,0.2283572,-0.03914422,0.1238843,-0.0810634,0.988205,MathCanvas,-0.2363427,0.8801435,1.45808,-0.1596855,1.522066,0.0263087,-0.04834785,-0.4114652,0.9101422,-0.1260072,1.522003,0.02787948,-0.07510214,-0.4119772,0.9080939,-0.1933036,1.522116,0.02481169,-0.02102713,-0.4121955,0.9108527,-0.1596554,1.522059,0.02634558,358.4727,357.3925,359.9041,0,0,False
1,Center_Dir_Close,524,25.39999,-0.1596328,1.522032,0.02640227,-0.1632243,1.234105,0.03741324,-0.6366758,-0.01887962,0.06729306,0.7679579,-0.01447583,1.121092,0.2279503,-0.03820208,0.1087005,-0.06600979,0.9911445,MathCanvas,-0.2356284,0.8754901,1.456527,-0.1596515,1.522042,0.02637435,-0.04833471,-0.4124115,0.9097145,-0.1259847,1.521975,0.02793891,-0.07538584,-0.4127969,0.907698,-0.1932809,1.522088,0.02486563,-0.02131172,-0.4130164,0.9104742,-0.1596328,1.522032,0.02640227,358.5351,357.3877,359.9043,0,0,False
1,Center_Dir_Close,525,25.41999,-0.1595328,1.522108,0.02634871,-0.1631943,1.234123,0.03728657,-0.6368276,-0.01848271,0.06744886,0.7678279,-0.0164054,1.12236,0.2241578,-0.08054149,0.1195605,-0.04972308,0.9883046,MathCanvas,-0.2355919,0.8739169,1.456041,-0.1596328,1.522032,0.02640227,-0.04726531,-0.4120821,0.90992,-0.1258818,1.522066,0.02782076,-0.07238946,-0.4111052,0.9087091,-0.1931838,1.522151,0.02487666,-0.01830696,-0.4112929,0.9113194,-0.1595328,1.522108,0.02634871,358.4794,357.4971,359.9276,0,0,False
1,Center_Dir_Close,526,25.43999,-0.1595088,1.522106,0.02636274,-0.1631943,1.234123,0.03728657,-0.6368276,-0.01848271,0.06744886,0.7678279,-0.01730018,1.122454,0.2234513,-0.08609295,0.1146106,-0.04112852,0.9888179,MathCanvas,-0.2338141,0.8744877,1.456362,-0.1595328,1.522108,0.02634871,-0.04439674,-0.4099838,0.9110116,-0.1258573,1.522064,0.02782372,-0.07111626,-0.4101098,0.9092593,-0.1931603,1.522149,0.02490176,-0.01703007,-0.4102673,0.9118063,-0.1595088,1.522106,0.02636274,358.4923,357.516,359.9279,0,0,False
1,Center_Dir_Close,527,25.45999,-0.1594869,1.522343,0.02639651,-0.163234,1.234206,0.0370599,-0.6376985,-0.0184237,0.06761674,0.7670914,-0.01384982,1.122827,0.2226877,-0.08346087,0.1265692,-0.08580535,0.9847091,MathCanvas,-0.2292631,0.8779574,1.457705,-0.1594736,1.522126,0.02637441,-0.04113137,-0.4037843,0.9139291,-0.1258349,1.522282,0.02784408,-0.06841569,-0.4020841,0.913043,-0.193139,1.522405,0.02494894,-0.01432141,-0.4022414,0.9154216,-0.1594869,1.522343,0.02639651,358.3875,357.5398,359.8956,0,0,False
1,Center_Dir_Close,528,25.47999,-0.1595178,1.522359,0.02635618,-0.1631916,1.234193,0.03695877,-0.6378528,-0.01840982,0.06761505,0.7669636,-0.01210211,1.122508,0.2226348,-0.07745249,0.1218191,-0.1031349,0.9841364,MathCanvas,-0.2240714,0.8883206,1.461449,-0.1594869,1.522343,0.02639651,-0.04128905,-0.4039189,0.9138626,-0.1258662,1.522303,0.02781254,-0.06849182,-0.4039696,0.9122047,-0.1931695,1.522416,0.02489982,-0.01439863,-0.4040793,0.9146106,-0.1595178,1.522359,0.02635618,358.394,357.5246,359.9045,0,0,False
1,Center_Dir_Close,529,25.49999,-0.1596234,1.522316,0.02627558,-0.1631873,1.234187,0.03700233,-0.6376052,-0.0186074,0.06761517,0.7671646,-0.01105561,1.120393,0.2244449,-0.0581503,0.115441,-0.1102363,0.9854643,MathCanvas,-0.224354,0.8880858,1.461394,-0.1595285,1.522376,0.0263505,-0.04105506,-0.4035001,0.9140581,-0.1259731,1.522272,0.02776406,-0.06886765,-0.4042663,0.9120449,-0.1932737,1.52236,0.02478711,-0.01477633,-0.4043264,0.9144954,-0.1596234,1.522316,0.02627558,358.442,357.4693,359.9252,0,0,False
1,Center_Dir_Close,530,25.51999,-0.1596867,1.522284,0.02624804,-0.1632068,1.234193,0.03700444,-0.6374969,-0.01878571,0.06762074,0.7672498,-0.01175808,1.119515,0.2256347,-0.05091131,0.1187798,-0.09897584,0.9866627,MathCanvas,-0.2240904,0.8887169,1.461581,-0.1596234,1.522316,0.02627558,-0.04199323,-0.4036604,0.9139447,-0.1260367,1.522243,0.02774221,-0.06913653,-0.4037673,0.9122457,-0.1933368,1.522325,0.02475387,-0.01504545,-0.4038535,0.9147,-0.1596867,1.522284,0.02624804,358.4514,357.4594,359.9303,0,0,False
1,Center_Dir_Close,531,25.53999,-0.1597229,1.522283,0.02623604,-0.1632068,1.234193,0.03700444,-0.6374969,-0.01878571,0.06762074,0.7672498,-0.01163665,1.119119,0.2257725,-0.04825211,0.1170173,-0.09994963,0.9869087,MathCanvas,-0.2256287,0.8884167,1.461415,-0.1596867,1.522284,0.02624804,-0.04209049,-0.4037648,0.9138941,-0.1260732,1.522247,0.0277371,-0.06924766,-0.4038748,0.9121896,-0.1933726,1.522319,0.02473499,-0.01515701,-0.4039557,0.914653,-0.1597229,1.522283,0.02623604,358.4608,357.4475,359.938,0,0,False
1,Center_Dir_Close,532,25.55999,-0.1598651,1.522296,0.0262504,-0.1632767,1.234232,0.03694213,-0.6379132,-0.01959196,0.06763475,0.7668824,-0.01238699,1.120268,0.2248064,-0.06234017,0.1148075,-0.103912,0.9859692,MathCanvas,-0.2258168,0.8882585,1.461307,-0.1597229,1.522283,0.02623604,-0.03897712,-0.4051247,0.9134302,-0.1262161,1.522262,0.02776754,-0.06642309,-0.4045241,0.912112,-0.1935141,1.52233,0.02473326,-0.01232655,-0.4045299,0.9144416,-0.1598651,1.522296,0.0262504,358.4233,357.42,359.9427,0,0,False
1,Center_Dir_Close,533,25.57999,-0.1601273,1.522276,0.02629562,-0.1633169,1.234226,0.03682318,-0.6386479,-0.01980199,0.06765191,0.7662637,-0.01197138,1.122363,0.2225714,-0.08322611,0.1131671,-0.1214872,0.9826024,MathCanvas,-0.2210689,0.8861488,1.460565,-0.1599865,1.522306,0.02625115,-0.04216349,-0.4042889,0.913659,-0.126481,1.522273,0.02787135,-0.07000473,-0.4041863,0.9119939,-0.1937737,1.522279,0.0247199,-0.0159183,-0.4041588,0.9145503,-0.1601273,1.522276,0.02629562,358.4043,357.3188,-0.005570415,0,0,False
1,Center_Dir_Close,534,25.59999,-0.1602314,1.522211,0.02629022,-0.1633502,1.234184,0.03674946,-0.6390414,-0.01992669,0.06758925,0.7659379,-0.01240632,1.123825,0.2220246,-0.09714187,0.1194169,-0.1164632,0.9811928,MathCanvas,-0.2263353,0.8874334,1.460986,-0.1601273,1.522276,0.02629562,-0.04295163,-0.4045385,0.9135118,-0.1265873,1.522231,0.02791381,-0.07098923,-0.4048097,0.9116412,-0.1938754,1.522191,0.02466663,-0.01690631,-0.404752,0.9142702,-0.1602314,1.522211,0.02629022,358.4195,357.2362,0.0339047,0,0,False
1,Center_Dir_Close,535,25.61999,-0.1603065,1.522214,0.0262823,-0.1633178,1.234162,0.03675758,-0.6391543,-0.0201509,0.06738487,0.7658558,-0.01348151,1.1245,0.2223158,-0.1009837,0.1242919,-0.1003389,0.9819806,MathCanvas,-0.2276804,0.886945,1.460822,-0.1602314,1.522211,0.02629022,-0.04356454,-0.4044335,0.9135293,-0.1266636,1.52223,0.02793041,-0.07128628,-0.4046502,0.9116888,-0.1939493,1.522197,0.02463418,-0.01720338,-0.4046301,0.9143186,-0.1603065,1.522214,0.0262823,358.4325,357.1946,0.02842785,0,0,False
1,Center_Dir_Close,536,25.63999,-0.16046,1.522195,0.02626772,-0.1633178,1.234162,0.03675758,-0.6391543,-0.0201509,0.06738487,0.7658558,-0.01386728,1.12543,0.2217653,-0.1102345,0.1256017,-0.09886932,0.9809676,MathCanvas,-0.2287218,0.8870765,1.460923,-0.1603808,1.522204,0.02627534,-0.04472906,-0.404425,0.9134768,-0.1268194,1.522224,0.02796082,-0.07228616,-0.4043978,0.9117221,-0.1941006,1.522165,0.02457462,-0.01820689,-0.404346,0.9144248,-0.16046,1.522195,0.02626772,358.4321,357.1174,0.04973993,0,0,False
1,Center_Dir_Close,537,25.65999,-0.1604885,1.522213,0.02628514,-0.1632733,1.23417,0.03680567,-0.6389527,-0.02024346,0.06720556,0.7660373,-0.01541277,1.124914,0.2231636,-0.09621964,0.1259853,-0.07646941,0.9843891,MathCanvas,-0.2307085,0.8870317,1.460913,-0.16046,1.522195,0.02626772,-0.04522824,-0.4042051,0.9135495,-0.1268487,1.522239,0.02799488,-0.07273988,-0.4039487,0.9118851,-0.1941283,1.522186,0.02457541,-0.01866157,-0.4039119,0.9146075,-0.1604885,1.522213,0.02628514,358.4149,357.0892,0.04476208,0,0,False
1,Center_Dir_Close,538,25.67999,-0.1605308,1.522178,0.02629354,-0.1631906,1.234183,0.03682869,-0.6386008,-0.02026355,0.06724261,0.766327,-0.01590207,1.12489,0.2233768,-0.09224076,0.1254705,-0.0741206,0.9850152,MathCanvas,-0.2315205,0.887399,1.461037,-0.1605553,1.522208,0.02628204,-0.1093289,-0.4046272,0.9079229,-0.1268907,1.522202,0.02799723,-0.1354667,-0.4045438,0.9044297,-0.1941709,1.522154,0.02458986,-0.0817617,-0.4059249,0.9102417,-0.1605308,1.522178,0.02629354,358.4523,357.0996,0.04116,0,0,False
1,Center_Dir_Close,539,25.69999,-0.1603013,1.522077,0.02630176,-0.1631639,1.23417,0.03671724,-0.6391381,-0.02111382,0.0675524,0.7658285,-0.0134224,1.125323,0.221308,-0.09920153,0.1298505,-0.1029268,0.9811748,MathCanvas,-0.3330489,0.8836873,1.458971,-0.1605308,1.522178,0.02629354,-0.1080641,-0.4052653,0.9077897,-0.1266578,1.522111,0.02793668,-0.1329088,-0.4051756,0.9045264,-0.1939448,1.522044,0.02466684,-0.07918857,-0.4065136,0.9102066,-0.1603013,1.522077,0.02630176,358.4877,357.2164,0.05666173,0,0,False
1,Center_Dir_Close,540,25.71999,-0.1602361,1.522115,0.02634931,-0.1631295,1.234165,0.03669696,-0.6393539,-0.02105014,0.06750471,0.7656544,-0.01484567,1.125406,0.2222965,-0.09176797,0.1222068,-0.09076511,0.9840761,MathCanvas,-0.3308066,0.8826436,1.458627,-0.160254,1.522109,0.02633521,-0.1120827,-0.4047466,0.9075338,-0.1265915,1.522146,0.0279619,-0.1387205,-0.4040065,0.9041767,-0.1938806,1.522084,0.02473671,-0.08505225,-0.4054621,0.9101464,-0.1602361,1.522115,0.02634931,358.4708,357.2545,0.05289838,0,0,False
1,Center_Dir_Close,541,25.73999,-0.1602004,1.522195,0.02641206,-0.1630856,1.234144,0.03672648,-0.6391999,-0.02075542,0.06742488,0.765798,-0.01547645,1.125946,0.221377,-0.1013087,0.1166963,-0.09376821,0.9835274,MathCanvas,-0.3371508,0.883251,1.458827,-0.1602361,1.522115,0.02634931,-0.1118096,-0.4042525,0.9077877,-0.1265551,1.522221,0.02801014,-0.1382859,-0.4028498,0.9047591,-0.1938457,1.522168,0.02481399,-0.08461439,-0.4043145,0.9106976,-0.1602004,1.522195,0.02641206,358.4293,357.2794,0.0447691,0,0,False
1,Center_Dir_Close,542,25.75999,-0.1601849,1.522211,0.02643768,-0.1630786,1.234137,0.03673187,-0.639171,-0.02069992,0.0674095,0.765825,-0.01542119,1.126035,0.2210373,-0.1036455,0.1167896,-0.09629085,0.9830289,MathCanvas,-0.3366746,0.8841441,1.459215,-0.1602004,1.522195,0.02641206,-0.1116425,-0.4041625,0.9078484,-0.1265394,1.522238,0.02803088,-0.1383043,-0.4033847,0.904518,-0.1938304,1.522185,0.02484449,-0.08463309,-0.4048464,0.9104595,-0.1601849,1.522211,0.02643768,358.4263,357.2877,0.04530427,0,0,False
1,Center_Dir_Close,543,25.77999,-0.1601536,1.522195,0.02654761,-0.1630535,1.234102,0.0367862,-0.6388996,-0.020405,0.06744802,0.766056,-0.01467557,1.125747,0.2206844,-0.103455,0.1193988,-0.1073984,0.9815838,MathCanvas,-0.3363898,0.8843239,1.45929,-0.1601675,1.522187,0.02652282,-0.1114072,-0.4042566,0.9078354,-0.1265076,1.522217,0.02813114,-0.1380485,-0.4034908,0.9045097,-0.1937995,1.522172,0.02496409,-0.08437549,-0.4049601,0.9104329,-0.1601536,1.522195,0.02654761,358.4366,357.3044,0.03760072,0,0,False
1,Center_Dir_Close,544,25.79999,-0.1601336,1.52218,0.0266317,-0.1630555,1.234071,0.03683547,-0.6388238,-0.02043499,0.06753134,0.7661111,-0.01464777,1.125166,0.2216727,-0.09616119,0.1196966,-0.1054045,0.9825048,MathCanvas,-0.3359747,0.8842031,1.459279,-0.1601536,1.522195,0.02654761,-0.1112936,-0.409162,0.9056491,-0.126488,1.522214,0.02822194,-0.1381275,-0.4085749,0.9022125,-0.1937793,1.522146,0.02504147,-0.08445603,-0.410028,0.9081542,-0.1601336,1.52218,0.0266317,358.4438,357.2924,0.05736879,0,0,False
1,Center_Dir_Close,545,25.81999,-0.1601114,1.522183,0.02670697,-0.1630675,1.234056,0.03685341,-0.6388502,-0.02050548,0.06756578,0.7660841,-0.0147616,1.125085,0.2218198,-0.09560147,0.1195811,-0.1038253,0.9827416,MathCanvas,-0.3358437,0.8761966,1.456468,-0.1601243,1.522178,0.02667404,-0.1087462,-0.4104998,0.9053531,-0.1264655,1.522223,0.02829234,-0.1354394,-0.4097781,0.9020743,-0.1937572,1.522142,0.02512161,-0.08174309,-0.4111894,0.9078773,-0.1601114,1.522183,0.02670697,358.4358,357.3004,0.06868874,0,0,False
1,Center_Dir_Close,546,25.83999,-0.1601872,1.522184,0.02684085,-0.1630801,1.234021,0.03690904,-0.6388963,-0.02063264,0.06762806,0.7660366,-0.01641524,1.124937,0.2203753,-0.1099517,0.1060587,-0.0955042,0.9836367,MathCanvas,-0.3317654,0.8742161,1.455791,-0.1601114,1.522183,0.02670697,-0.1093679,-0.4105384,0.9052607,-0.1265424,1.522216,0.02845078,-0.1369396,-0.4098636,0.901809,-0.1938319,1.522153,0.02523091,-0.08325237,-0.4113036,0.9076885,-0.1601872,1.522184,0.02684085,358.4397,357.259,0.05367769,0,0,False
1,Center_Dir_Close,547,25.85999,-0.1602201,1.522095,0.02698801,-0.1630945,1.233967,0.03694415,-0.6388928,-0.02066661,0.06763553,0.7660381,-0.01653503,1.125206,0.2178023,-0.1283742,0.1075159,-0.09035233,0.9817316,MathCanvas,-0.332833,0.8741174,1.455866,-0.1602132,1.522171,0.02690843,-0.1054214,-0.409267,0.9063039,-0.1265763,1.522096,0.02861599,-0.1328489,-0.4089768,0.9028229,-0.193864,1.522094,0.02536004,-0.07912189,-0.4103539,0.9084874,-0.1602201,1.522095,0.02698801,358.4686,357.2297,0.001479511,0,0,False
1,Center_Dir_Close,548,25.87999,-0.160179,1.522017,0.02705606,-0.1631322,1.233911,0.03697849,-0.6388378,-0.02059462,0.06762592,0.7660868,-0.01593375,1.124757,0.2176516,-0.119631,0.1147253,-0.09098042,0.9819619,MathCanvas,-0.3265336,0.8764331,1.456778,-0.1602201,1.522095,0.02698801,-0.1060049,-0.4086006,0.9065365,-0.1265356,1.522026,0.02869211,-0.1329324,-0.4084274,0.9030592,-0.1938225,1.522007,0.02542,-0.0792065,-0.4097754,0.9087411,-0.160179,1.522017,0.02705606,358.4991,357.2155,0.01620432,0,0,False
1,Center_Dir_Close,549,25.89999,-0.1601864,1.521983,0.0271208,-0.1631322,1.233911,0.03697849,-0.6388378,-0.02059462,0.06762592,0.7660868,-0.01595172,1.124754,0.2174092,-0.1206385,0.114764,-0.09048904,0.9818795,MathCanvas,-0.3274238,0.877364,1.457306,-0.160179,1.522017,0.02705606,-0.1061532,-0.4087909,0.9064334,-0.1265431,1.521991,0.02876166,-0.1331291,-0.4082603,0.9031059,-0.1938296,1.521976,0.02547994,-0.07940405,-0.4096243,0.908792,-0.1601864,1.521983,0.0271208,358.5089,357.2074,0.01267821,0,0,False
1,Center_Dir_Close,550,25.91999,-0.1601998,1.521967,0.02727171,-0.1631075,1.233852,0.03707263,-0.6385515,-0.02057928,0.06754149,0.7663333,-0.01532595,1.124158,0.2194463,-0.1030791,0.1138764,-0.09837351,0.983224,MathCanvas,-0.3276727,0.8770018,1.457272,-0.1601937,1.52195,0.02718524,-0.1068278,-0.4088746,0.9063164,-0.1265571,1.521987,0.02892267,-0.1336091,-0.4084202,0.9029626,-0.1938425,1.521947,0.02562075,-0.07988966,-0.4097532,0.9086913,-0.1601998,1.521967,0.02727171,358.5302,357.1897,0.03435892,0,0,False
1,Center_Dir_Close,551,25.93999,-0.1602071,1.521942,0.02733957,-0.1631075,1.233852,0.03707263,-0.6385515,-0.02057928,0.06754149,0.7663333,-0.01532595,1.124158,0.2194463,-0.1030791,0.1138764,-0.09837351,0.983224,MathCanvas,-0.3287565,0.8768304,1.45729,-0.1601998,1.521967,0.02727171,-0.1069473,-0.409034,0.9062304,-0.1265646,1.521963,0.02899538,-0.1338879,-0.4085155,0.9028782,-0.1938496,1.521922,0.02568376,-0.08016968,-0.4098708,0.9086137,-0.1602071,1.521942,0.02733957,358.5402,357.1814,0.03538948,0,0,False
1,Center_Dir_Close,552,25.95999,-0.1601283,1.521845,0.02746387,-0.1630117,1.233654,0.03717439,-0.6381366,-0.02052849,0.0676607,0.7666696,-0.01415177,1.123109,0.2225508,-0.08967952,0.1318665,-0.0917986,0.9829252,MathCanvas,-0.3289632,0.8765132,1.457313,-0.1601912,1.521933,0.02739064,-0.1060234,-0.4103673,0.905736,-0.126483,1.521866,0.02906056,-0.1315104,-0.410245,0.9024434,-0.1937737,1.521824,0.02586718,-0.07777753,-0.4116038,0.908038,-0.1601283,1.521845,0.02746387,358.6066,357.2821,0.03553397,0,0,False
1,Center_Dir_Close,553,25.97999,-0.1601103,1.521822,0.02759584,-0.162985,1.233665,0.03714813,-0.6382976,-0.02058097,0.06774146,0.7665271,-0.01333307,1.123786,0.2219494,-0.09695426,0.1365194,-0.09362383,0.981426,MathCanvas,-0.3274206,0.8743345,1.456607,-0.1601283,1.521845,0.02746387,-0.1053681,-0.4103185,0.9058346,-0.1264642,1.521837,0.0291777,-0.1318669,-0.4094838,0.9027371,-0.1937563,1.521806,0.02601398,-0.07813571,-0.4108576,0.9083451,-0.1601103,1.521822,0.02759584,358.598,357.3076,0.02624344,0,0,False
1,Center_Dir_Close,554,25.99999,-0.1600884,1.521833,0.02773748,-0.1629039,1.233669,0.03717944,-0.6382643,-0.02036329,0.06779317,0.766556,-0.01219573,1.123384,0.221531,-0.09447432,0.1344879,-0.09233996,0.9820697,MathCanvas,-0.3263546,0.8744431,1.456773,-0.1600996,1.521802,0.0276633,-0.0512838,-0.4099643,0.9106587,-0.1264428,1.521865,0.02932878,-0.07855657,-0.4096404,0.9088585,-0.193734,1.521801,0.02614618,-0.02449525,-0.4097668,0.9118614,-0.1600884,1.521833,0.02773748,358.5901,357.2908,0.05462758,0,0,False
1,Center_Dir_Close,555,26.01999,-0.1600831,1.521831,0.02778962,-0.1628906,1.233667,0.03719618,-0.6382082,-0.02030551,0.06779178,0.7666044,-0.01215239,1.123306,0.2215487,-0.09398544,0.1334277,-0.09301279,0.9821978,MathCanvas,-0.2406728,0.8776383,1.458694,-0.1600884,1.521833,0.02773748,0.02819893,-0.4112671,0.9110786,-0.1264376,1.521868,0.02938179,0.001251385,-0.4120929,0.911141,-0.1937287,1.521793,0.02619746,0.05522906,-0.4104501,0.9102091,-0.1600831,1.521831,0.02778962,358.5911,357.2891,0.06382024,0,0,False
1,Center_Dir_Close,556,26.03999,-0.1601071,1.52179,0.02783465,-0.1628015,1.233613,0.03731224,-0.6378992,-0.02020414,0.06788258,0.7668562,-0.0123657,1.123337,0.2213946,-0.09594048,0.130092,-0.09445265,0.9823188,MathCanvas,-0.1157803,0.8756961,1.459169,-0.1600727,1.521818,0.0278477,0.02806039,-0.411551,0.9109547,-0.1264618,1.521817,0.02943051,0.000817202,-0.4126391,0.9108942,-0.1937525,1.521763,0.02623879,0.05479627,-0.4110386,0.9099696,-0.1601071,1.52179,0.02783465,358.6106,357.2833,0.04618008,0,0,False
1,Center_Dir_Close,557,26.05999,-0.1600962,1.52177,0.02785616,-0.1628078,1.233584,0.03732483,-0.6379195,-0.0201933,0.0679387,0.7668346,-0.01224005,1.123379,0.2211601,-0.09782336,0.126974,-0.09494714,0.9824934,MathCanvas,-0.116021,0.8751952,1.459051,-0.1601071,1.52179,0.02783465,0.02878265,-0.4092267,0.9119787,-0.1264508,1.521787,0.02945081,0.001706589,-0.4102657,0.9119644,-0.1937416,1.521753,0.02626152,0.05568133,-0.4086611,0.9109861,-0.1600962,1.52177,0.02785616,358.6241,357.2858,0.02872749,0,0,False
1,Center_Dir_Close,558,26.07999,-0.1600989,1.521758,0.02789435,-0.1628117,1.233573,0.03732685,-0.6379383,-0.02019065,0.06795596,0.7668175,-0.01206795,1.123392,0.221021,-0.09906257,0.1248087,-0.0952149,0.9826208,MathCanvas,-0.1148802,0.8788962,1.460526,-0.1600962,1.52177,0.02785616,0.0288654,-0.4093319,0.9119288,-0.1264531,1.521768,0.02948213,0.001974791,-0.4102337,0.9119783,-0.1937446,1.521749,0.02630656,0.05594933,-0.4086348,0.9109815,-0.1600989,1.521758,0.02789435,358.6296,357.2978,0.01622403,0,0,False
1,Center_Dir_Close,559,26.09999,-0.1600216,1.521827,0.02796076,-0.1628269,1.233545,0.0373734,-0.6379799,-0.02020005,0.06807236,0.7667723,-0.01222513,1.123482,0.220984,-0.09919983,0.1186186,-0.09645505,0.9832525,MathCanvas,-0.1147536,0.8787295,1.460464,-0.1600617,1.521785,0.02793271,0.0316988,-0.4102912,0.9114035,-0.126374,1.52185,0.02950923,0.005364764,-0.4106708,0.9117679,-0.1936692,1.521804,0.02641229,0.0593265,-0.4089872,0.9106096,-0.1600216,1.521827,0.02796076,358.5866,357.3641,0.03915388,0,0,False
1,Center_Dir_Close,560,26.11999,-0.1600091,1.521828,0.02799574,-0.1628269,1.233545,0.0373734,-0.6379799,-0.02020005,0.06807236,0.7667723,-0.01222513,1.123482,0.220984,-0.09919983,0.1186186,-0.09645505,0.9832525,MathCanvas,-0.1102163,0.8771749,1.459964,-0.1600216,1.521827,0.02796076,0.03192002,-0.4102474,0.9114155,-0.1263611,1.521852,0.02953618,0.005158093,-0.4110388,0.9116033,-0.193657,1.521805,0.02645529,0.05912039,-0.4093676,0.910452,-0.1600091,1.521828,0.02799574,358.5839,357.3778,0.03995697,0,0,False
1,Center_Dir_Close,561,26.13999,-0.1600265,1.521801,0.02799951,-0.1627987,1.233597,0.03754829,-0.6379014,-0.02039094,0.06822369,0.7668192,-0.01233628,1.125218,0.2186388,-0.1156329,0.1232169,-0.08741653,0.9817357,MathCanvas,-0.1098547,0.8772262,1.460058,-0.1600129,1.521803,0.02798633,0.03373026,-0.4101706,0.9113849,-0.1263772,1.52184,0.02951053,0.006880339,-0.4111778,0.9115292,-0.1936758,1.521761,0.02648849,0.06083605,-0.4094498,0.9103021,-0.1600265,1.521801,0.02799951,358.5886,357.4272,0.06697843,0,0,False
1,Center_Dir_Close,562,26.15999,-0.1600335,1.521796,0.02802134,-0.1627987,1.233597,0.03754829,-0.6379014,-0.02039094,0.06822369,0.7668192,-0.01233008,1.125451,0.2182944,-0.1178724,0.123496,-0.08607803,0.9815526,MathCanvas,-0.1070241,0.8772749,1.460113,-0.1600265,1.521801,0.02799951,0.03553111,-0.4115384,0.9106995,-0.1263838,1.521841,0.02952247,0.008888509,-0.4124944,0.9109168,-0.1936832,1.521752,0.02652022,0.06283433,-0.4107296,0.9095895,-0.1600335,1.521796,0.02802134,358.5941,357.4438,0.07600778,0,0,False
1,Center_Dir_Close,563,26.17999,-0.160126,1.521726,0.0281144,-0.1627727,1.233545,0.03757728,-0.6379314,-0.01967191,0.0683725,0.7667997,-0.01194243,1.124857,0.2202063,-0.100415,0.1143682,-0.09819807,0.9834601,MathCanvas,-0.1041903,0.8749939,1.459339,-0.1600379,1.521793,0.02804553,0.03583921,-0.4115461,0.910684,-0.126477,1.521803,0.02962867,0.008644264,-0.4124314,0.9109476,-0.1937751,1.52165,0.02660012,0.06258908,-0.4106058,0.9096622,-0.160126,1.521726,0.0281144,358.6008,357.4201,0.1304817,0,0,False
1,Center_Dir_Close,564,26.19999,-0.1601453,1.521715,0.02814071,-0.1627678,1.233543,0.0375892,-0.6379173,-0.01964386,0.06837474,0.766812,-0.01169145,1.124894,0.2205604,-0.0960089,0.1089029,-0.1054459,0.9837701,MathCanvas,-0.1038014,0.8749437,1.459338,-0.160126,1.521726,0.0281144,0.03572457,-0.411616,0.9106569,-0.1264966,1.52181,0.02966253,0.008762456,-0.4125956,0.9108722,-0.193794,1.521621,0.02661889,0.06270645,-0.4107417,0.9095929,-0.1601453,1.521715,0.02814071,358.6066,357.4066,0.1605048,0,0,False
1,Center_Dir_Close,565,26.21999,-0.1601647,1.5217,0.02816367,-0.1627678,1.233543,0.0375892,-0.6379173,-0.01964386,0.06837474,0.766812,-0.01160052,1.124969,0.2206442,-0.09448282,0.1070595,-0.1073382,0.9839156,MathCanvas,-0.1040002,0.8748155,1.459338,-0.1601453,1.521715,0.02814071,0.03557069,-0.4096874,0.9115322,-0.126516,1.521805,0.02968477,0.008745264,-0.4106372,0.9117569,-0.1938134,1.521595,0.02664256,0.06269048,-0.4087912,0.9104722,-0.1601647,1.5217,0.02816367,358.6099,357.4073,0.1787115,0,0,False
1,Center_Dir_Close,566,26.23999,-0.1603079,1.521698,0.02817959,-0.1626402,1.233492,0.03763855,-0.6380674,-0.01930937,0.06878989,0.7666584,-0.01171269,1.124093,0.2222974,-0.07354343,0.09557357,-0.1196974,0.9854591,MathCanvas,-0.1042685,0.8779126,1.460555,-0.1602637,1.521721,0.02818554,0.03490941,-0.4096285,0.9115843,-0.12666,1.521774,0.02972086,0.007673457,-0.4106791,0.9117476,-0.1939557,1.521623,0.02663833,0.06162143,-0.4088883,0.9105016,-0.1603079,1.521698,0.02817959,358.6074,357.3742,0.129017,0,0,False
1,Center_Dir_Close,567,26.25999,-0.1603402,1.521672,0.02818309,-0.1626192,1.233486,0.03763139,-0.6380498,-0.01923054,0.06885017,0.7666697,-0.01180913,1.124052,0.2226236,-0.07050989,0.09373153,-0.1189895,0.9859434,MathCanvas,-0.1054523,0.8780212,1.460614,-0.1603079,1.521698,0.02817959,0.02853551,-0.4100014,0.9116384,-0.1266925,1.521751,0.02972619,0.001536485,-0.4109458,0.9116585,-0.193988,1.521593,0.02663999,0.05551943,-0.4092786,0.9107187,-0.1603402,1.521672,0.02818309,358.6148,357.371,0.1347352,0,0,False
1,Center_Dir_Close,568,26.27999,-0.1602957,1.521665,0.02816312,-0.1625339,1.233495,0.03765637,-0.6378216,-0.01901282,0.06901794,0.7668499,-0.01269227,1.124041,0.2237062,-0.06690991,0.1019683,-0.1026188,0.9872158,MathCanvas,-0.1155099,0.8775441,1.460402,-0.1603402,1.521672,0.02818309,0.0284839,-0.4100553,0.9116158,-0.126648,1.521739,0.02970612,0.001433834,-0.4110135,0.9116281,-0.1939435,1.521591,0.02662011,0.05541711,-0.4093557,0.9106904,-0.1602957,1.521665,0.02816312,358.6223,357.3714,0.1260279,0,0,False
1,Center_Dir_Close,569,26.29999,-0.1603365,1.521727,0.02817369,-0.1625416,1.233497,0.03767136,-0.6380606,-0.01912786,0.06905008,0.7666452,-0.01329894,1.123983,0.2230432,-0.07027949,0.09298199,-0.105949,0.9875171,MathCanvas,-0.1155459,0.8774447,1.460364,-0.1602957,1.521665,0.02816312,0.02842691,-0.4101848,0.9115593,-0.1266881,1.521805,0.02970347,0.001826093,-0.4104078,0.9119003,-0.1939849,1.521649,0.02664391,0.05580885,-0.4087459,0.9109403,-0.1603365,1.521727,0.02817369,358.5845,357.3936,0.1326669,0,0,False
1,Center_Dir_Close,570,26.31999,-0.1603365,1.521727,0.02817369,-0.1625416,1.233497,0.03767136,-0.6380606,-0.01912786,0.06905008,0.7666452,-0.01329894,1.123983,0.2230432,-0.07027949,0.09298199,-0.105949,0.9875171,MathCanvas,-0.1156752,0.8772893,1.460316,-0.1602957,1.521665,0.02816312,0.02842691,-0.4101848,0.9115593,-0.1266881,1.521805,0.02970347,0.001826093,-0.4104078,0.9119003,-0.1939849,1.521649,0.02664391,0.05580885,-0.4087459,0.9109403,-0.1603365,1.521727,0.02817369,358.5845,357.3936,0.1326669,0,0,False
1,Center_Dir_Close,571,26.33999,-0.1603843,1.521862,0.0281815,-0.1625284,1.233499,0.03767572,-0.6383253,-0.01916343,0.06907201,0.766422,-0.01400149,1.123883,0.2230106,-0.06739032,0.08760937,-0.1041447,0.9884012,MathCanvas,-0.115676,0.8772999,1.460292,-0.1603365,1.521727,0.02817369,0.02886367,-0.4086917,0.912216,-0.1267356,1.521955,0.02970267,0.002271526,-0.4085746,0.9127221,-0.194033,1.521768,0.02666033,0.05625335,-0.4068865,0.911745,-0.1603843,1.521862,0.0281815,358.5261,357.4075,0.1591376,0,0,False
1,Center_Dir_Close,572,26.35999,-0.1604409,1.521949,0.02818211,-0.1625244,1.233501,0.03767361,-0.6384399,-0.01917254,0.06907155,0.7663264,-0.01397862,1.123883,0.2229132,-0.06829783,0.0890319,-0.1034225,0.9882877,MathCanvas,-0.1150412,0.8798313,1.461218,-0.1604186,1.521916,0.02817947,-0.02608041,-0.4074342,-0.9128622,-0.1267916,1.522054,0.02968865,-0.0007732771,-0.4079375,0.9130095,-0.1940903,1.521843,0.02667556,0.05322574,-0.4063179,0.9121802,-0.1604409,1.521949,0.02818211,358.4654,357.4317,0.1792543,0,0,False
1,Center_Dir_Close,573,26.37999,-0.160537,1.521809,0.02809813,-0.1625551,1.233521,0.03763007,-0.63917,-0.01950192,0.06907907,0.7657085,-0.01409614,1.123809,0.2215746,-0.08106533,0.09303287,-0.1006915,0.9872358,MathCanvas,-0.1150412,0.8798313,1.461218,-0.1604409,1.521949,0.02818211,0.02710418,-0.4087488,0.9122444,-0.1268879,1.521906,0.02960894,-9.480864E-05,-0.4099848,0.9120924,-0.1941862,1.521711,0.02658733,0.05389946,-0.4083618,0.9112275,-0.160537,1.521809,0.02809813,358.4911,357.4249,0.1659365,0,0,False
1,Center_Dir_Close,574,26.39999,-0.1605822,1.521779,0.02801741,-0.1625881,1.233567,0.03763275,-0.6389982,-0.01944293,0.06912059,0.7658496,-0.01438946,1.123121,0.2214769,-0.08100921,0.09764269,-0.09500408,0.9873589,MathCanvas,-0.117961,0.8797348,1.461077,-0.1605749,1.521808,0.02807094,0.02720636,-0.4086822,0.9122711,-0.126933,1.521881,0.02952674,0.0001094006,-0.4095239,0.9122994,-0.1942315,1.521677,0.02650809,0.05410296,-0.407879,0.9114316,-0.1605822,1.521779,0.02801741,358.4886,357.4272,0.1735409,0,0,False
1,Center_Dir_Close,575,26.41999,-0.1606207,1.521791,0.02798146,-0.1626029,1.233586,0.03761782,-0.6389076,-0.01937479,0.06917843,0.7659218,-0.01459612,1.122369,0.2216697,-0.07988715,0.1048255,-0.0899052,0.9871913,MathCanvas,-0.1178443,0.879789,1.461085,-0.1605822,1.521779,0.02801741,0.02723018,-0.4084954,0.9123541,-0.1269713,1.521891,0.02948701,0.0003133267,-0.409013,0.9125285,-0.1942701,1.52169,0.02647591,0.05430685,-0.4073752,0.9116448,-0.1606207,1.521791,0.02798146,358.4695,357.4336,0.1715534,0,0,False
1,Center_Dir_Close,576,26.43999,-0.1606476,1.521794,0.02795257,-0.1626029,1.233586,0.03761782,-0.6389076,-0.01937479,0.06917843,0.7659218,-0.01461626,1.122339,0.2216603,-0.07993195,0.1050101,-0.08965594,0.9871907,MathCanvas,-0.1178468,0.8801154,1.461131,-0.1606207,1.521791,0.02798146,0.02736222,-0.4082637,0.9124539,-0.1269981,1.521897,0.0294558,0.0004428588,-0.408932,0.9125647,-0.1942971,1.521692,0.02644934,0.0544361,-0.4072885,0.9116759,-0.1606476,1.521794,0.02795257,358.4601,357.4374,0.1742079,0,0,False
1,Center_Dir_Close,577,26.45999,-0.1607042,1.521858,0.02788105,-0.1625867,1.233543,0.03768618,-0.6386641,-0.01909271,0.06934453,0.7661169,-0.01414597,1.12148,0.222122,-0.07889865,0.1226818,-0.08842528,0.9853452,MathCanvas,-0.1176674,0.8804991,1.461223,-0.1606698,1.521831,0.02790317,0.02771989,-0.4086664,0.9122628,-0.1270549,1.521989,0.02938751,0.0007479899,-0.4092832,0.9124071,-0.1943534,1.521726,0.02637459,0.05473927,-0.4075828,0.9115261,-0.1607042,1.521858,0.02788105,358.424,357.4305,0.2234636,0,0,False
1,Center_Dir_Close,578,26.47999,-0.1607446,1.521871,0.02785924,-0.1625881,1.233539,0.0377003,-0.6386632,-0.0190564,0.06935026,0.7661179,-0.01408373,1.121418,0.221656,-0.08299873,0.1237909,-0.08975378,0.9847494,MathCanvas,-0.1171589,0.8798825,1.460957,-0.1607042,1.521858,0.02788105,0.02780799,-0.408464,0.9123508,-0.1270955,1.522008,0.02936997,0.0007549822,-0.4090707,0.9125024,-0.1943936,1.521734,0.02634851,0.05474624,-0.4073696,0.911621,-0.1607446,1.521871,0.02785924,358.4093,357.4229,0.2326078,0,0,False
1,Center_Dir_Close,579,26.49999,-0.1609008,1.521917,0.02781404,-0.1626633,1.233553,0.03768266,-0.6390845,-0.01909213,0.06933396,0.7657672,-0.01533369,1.121644,0.2228695,-0.07402757,0.1093256,-0.08681332,0.9874368,MathCanvas,-0.1170634,0.880251,1.460991,-0.1608279,1.521867,0.02783517,0.03337172,-0.4079644,0.9123877,-0.1272527,1.522043,0.02934655,0.006012108,-0.4085265,0.9127267,-0.1945489,1.52179,0.02628153,0.05997146,-0.4067148,0.9115846,-0.1609008,1.521917,0.02781404,358.3874,357.3862,0.2156228,0,0,False
1,Center_Dir_Close,580,26.51999,-0.1609472,1.521966,0.02779861,-0.1626771,1.233555,0.03769438,-0.6391205,-0.019136,0.06933192,0.7657362,-0.01558082,1.121519,0.2230911,-0.07262874,0.1101203,-0.08563852,0.9875548,MathCanvas,-0.1084704,0.880962,1.46127,-0.1609008,1.521917,0.02781404,0.03298802,-0.4102666,0.9113688,-0.1273001,1.5221,0.02935377,0.005468167,-0.4105089,0.9118402,-0.1945942,1.521832,0.02624346,0.05942713,-0.4086622,0.9107489,-0.1609472,1.521966,0.02779861,358.3455,357.3471,0.2284199,0,0,False
1,Center_Dir_Close,581,26.53999,-0.1610325,1.522084,0.02776951,-0.1627396,1.233557,0.0377773,-0.6390964,-0.01931659,0.06932199,0.7657527,-0.01531763,1.121724,0.2229019,-0.07386556,0.1095708,-0.0911295,0.9870327,MathCanvas,-0.1091116,0.8772957,1.459873,-0.1609932,1.521989,0.0277718,-0.02543125,-0.404467,-0.9141991,-0.1273865,1.522233,0.02934492,-0.001773216,-0.4047017,0.914447,-0.1946786,1.521936,0.0261941,0.05222321,-0.403005,0.9137065,-0.1610325,1.522084,0.02776951,358.2892,357.3116,0.2527825,0,0,False
1,Center_Dir_Close,582,26.55999,-0.161079,1.522116,0.02774671,-0.1627396,1.233557,0.0377773,-0.6390964,-0.01931659,0.06932199,0.7657527,-0.01531763,1.121724,0.2229019,-0.07386556,0.1095708,-0.0911295,0.9870327,MathCanvas,-0.1091116,0.8772957,1.459873,-0.1610325,1.522084,0.02776951,-0.02527183,-0.4040461,-0.9143894,-0.1274334,1.522269,0.02932931,-0.001876216,-0.4044594,0.914554,-0.1947247,1.521963,0.02616411,0.05212039,-0.4027659,0.9138179,-0.161079,1.522116,0.02774671,358.2625,357.299,0.2607762,0,0,False
1,Center_Dir_Close,583,26.57999,-0.1611241,1.522151,0.02772435,-0.1627396,1.233557,0.0377773,-0.6390964,-0.01931659,0.06932199,0.7657527,-0.01531763,1.121724,0.2229019,-0.07386556,0.1095708,-0.0911295,0.9870327,MathCanvas,-0.1091116,0.8772957,1.459873,-0.161079,1.522116,0.02774671,-0.02507375,-0.4036604,-0.9145654,-0.1274789,1.522309,0.02931588,-0.002121594,-0.404126,0.9147009,-0.1947694,1.521994,0.02613283,0.05187505,-0.4024265,0.9139814,-0.1611241,1.522151,0.02772435,358.239,357.2835,0.2685902,0,0,False
1,Center_Dir_Close,584,26.59999,-0.1612681,1.521878,0.02771405,-0.1628281,1.233537,0.03779965,-0.6387399,-0.0193519,0.06931047,0.7660502,-0.01502164,1.122659,0.2222517,-0.0807277,0.1071663,-0.1043602,0.9854478,MathCanvas,-0.1091116,0.8772957,1.459873,-0.1611948,1.522111,0.02770668,-0.02155817,-0.3909966,-0.9201398,-0.1276222,1.52202,0.02929274,-0.005337305,-0.3927906,0.9196125,-0.194914,1.521737,0.02613536,0.04867675,-0.3912447,0.9189984,-0.1612681,1.521878,0.02771405,358.3263,357.3066,0.240365,0,0,False
1,Center_Dir_Close,585,26.61999,-0.1612977,1.521795,0.02770878,-0.1628466,1.233539,0.0378373,-0.6387855,-0.01923515,0.0692756,0.7660183,-0.01498712,1.123478,0.2222887,-0.08563069,0.1144302,-0.09650071,0.9850181,MathCanvas,-0.1091116,0.8772957,1.459873,-0.1612681,1.521878,0.02771405,-0.08406567,-0.2061978,0.9748925,-0.1276514,1.521936,0.02927906,-0.1107339,-0.2069341,0.972068,-0.194944,1.521654,0.02613849,-0.05682463,-0.2071507,0.9766574,-0.1612977,1.521795,0.02770878,358.3758,357.3211,0.2402199,0,0,False
1,Center_Dir_Close,586,26.63999,-0.1613343,1.521697,0.02773946,-0.1628898,1.233557,0.03788605,-0.6386183,-0.0191023,0.0692111,0.7661668,-0.01539065,1.123919,0.2228193,-0.08288238,0.1241883,-0.08535065,0.9851006,MathCanvas,-0.2946426,1.194724,1.574083,-0.1613127,1.521747,0.02771834,-0.09507455,-0.1911575,0.976944,-0.1276878,1.52185,0.02930368,-0.1217627,-0.191146,0.9739799,-0.1949808,1.521544,0.02617523,-0.06793363,-0.1914155,0.9791553,-0.1613343,1.521697,0.02773946,358.3942,357.3309,0.2607437,0,0,False
1,Center_Dir_Close,587,26.65999,-0.1613597,1.521664,0.0277406,-0.1628898,1.233557,0.03788605,-0.6386183,-0.0191023,0.0692111,0.7661668,-0.01558282,1.124093,0.2229859,-0.08286337,0.1274539,-0.08211159,0.9849604,MathCanvas,-0.312628,1.217505,1.582366,-0.1613343,1.521697,0.02773946,-0.09494711,-0.1914183,0.9769053,-0.127713,1.521822,0.02930121,-0.1216902,-0.1915382,0.973912,-0.1950063,1.521506,0.02617998,-0.0678608,-0.1918047,0.9790843,-0.1613597,1.521664,0.0277406,358.4086,357.3369,0.2691388,0,0,False
1,Center_Dir_Close,588,26.67999,-0.1613974,1.521504,0.02774855,-0.1628983,1.233575,0.03795214,-0.6385791,-0.01928048,0.06940445,0.7661775,-0.01639356,1.124678,0.2244653,-0.07819983,0.1438311,-0.07719725,0.9834826,MathCanvas,-0.3124477,1.217063,1.582276,-0.1613886,1.521621,0.02773846,-0.09483594,-0.1916582,0.9768691,-0.127749,1.521651,0.02927298,-0.1207864,-0.1926412,0.973807,-0.1950458,1.521356,0.02622412,-0.06695199,-0.1929313,0.9789255,-0.1613974,1.521504,0.02774855,358.4802,357.3994,0.2505113,0,0,False
1,Center_Dir_Close,589,26.69999,-0.1614348,1.521444,0.02774634,-0.1629055,1.233568,0.03791762,-0.638617,-0.01928174,0.06947356,0.7661397,-0.01695449,1.124939,0.224933,-0.07627011,0.1485303,-0.07302502,0.9832543,MathCanvas,-0.3122996,1.216539,1.582135,-0.1613974,1.521504,0.02774855,-0.09377036,-0.1929132,0.9767249,-0.1277856,1.521597,0.02925191,-0.1200709,-0.1932716,0.9737706,-0.195084,1.521292,0.02624078,-0.06623338,-0.1935502,0.9788521,-0.1614348,1.521444,0.02774634,358.5089,357.4314,0.2592306,0,0,False
1,Center_Dir_Close,590,26.71999,-0.1614577,1.521387,0.02775666,-0.1629191,1.233542,0.03782221,-0.6387303,-0.0192968,0.06959431,0.7660339,-0.01986703,1.125239,0.2258855,-0.07108421,0.1498096,-0.05463114,0.9846418,MathCanvas,-0.3106001,1.214568,1.581472,-0.1614348,1.521444,0.02774634,-0.09464201,-0.1931685,0.9765904,-0.1278083,1.521545,0.02925747,-0.1213499,-0.1928672,0.9736922,-0.1951071,1.521229,0.02625586,-0.067522,-0.1931466,0.9788438,-0.1614577,1.521387,0.02775666,358.4989,357.4391,0.2695325,0,0,False
1,Center_Dir_Close,591,26.73999,-0.1615328,1.521363,0.02778106,-0.1628594,1.23348,0.0377682,-0.6389104,-0.01917957,0.06970767,0.7658764,-0.02251505,1.125528,0.2260924,-0.07132364,0.147341,-0.04609283,0.9854334,MathCanvas,-0.3120173,1.214088,1.581348,-0.1615016,1.521404,0.02777602,-0.09421156,-0.1930036,0.9766646,-0.127883,1.521538,0.02927108,-0.1208443,-0.1929848,0.9737318,-0.1951826,1.521188,0.02629105,-0.06701413,-0.1932433,0.9788597,-0.1615328,1.521363,0.02778106,358.4786,357.4567,0.2984629,0,0,False
1,Center_Dir_Close,592,26.75999,-0.1615677,1.52134,0.02778686,-0.1628594,1.23348,0.0377682,-0.6389104,-0.01917957,0.06970767,0.7658764,-0.02336509,1.125751,0.2264046,-0.07035184,0.1496734,-0.04125464,0.9853662,MathCanvas,-0.3114053,1.214331,1.581467,-0.1615328,1.521363,0.02778106,-0.09555889,-0.1934095,0.9764534,-0.1279178,1.521524,0.0292739,-0.1222966,-0.1935413,0.9734399,-0.1952175,1.521157,0.02629981,-0.06847842,-0.1937996,0.9786482,-0.1615677,1.52134,0.02778686,358.4931,357.4615,0.3120702,0,0,False
1,Center_Dir_Close,593,26.77999,-0.1617577,1.521219,0.02776529,-0.1628844,1.233481,0.03783065,-0.6387627,-0.01878659,0.07013517,0.7659703,-0.02403428,1.125141,0.2260954,-0.06907764,0.1380537,-0.06243208,0.9860384,MathCanvas,-0.3135961,1.213638,1.581265,-0.1616867,1.521271,0.0277782,-0.153613,-0.1748231,0.972543,-0.1281079,1.521398,0.02925378,-0.1799391,-0.1747836,0.9680251,-0.1954075,1.521041,0.0262768,-0.1267699,-0.1755535,0.9762737,-0.1617577,1.521219,0.02776529,358.5345,357.4594,0.3041089,0,0,False
1,Center_Dir_Close,594,26.79999,-0.1618161,1.521181,0.02775517,-0.1628844,1.233481,0.03783065,-0.6387627,-0.01878659,0.07013517,0.7659703,-0.02403428,1.125141,0.2260954,-0.06907764,0.1380537,-0.06243208,0.9860384,MathCanvas,-0.4085942,1.240301,1.590517,-0.1617577,1.521219,0.02776529,-0.1534733,-0.1750457,0.9725251,-0.1281662,1.521364,0.02924124,-0.179905,-0.1752014,0.9679559,-0.195466,1.520999,0.0262691,-0.1267356,-0.175966,0.9762039,-0.1618161,1.521181,0.02775517,358.5653,357.4635,0.3109214,0,0,False
1,Center_Dir_Close,595,26.81999,-0.1620363,1.521243,0.02773901,-0.1630027,1.233542,0.03779241,-0.6394128,-0.01930854,0.07029246,0.7654002,-0.02645965,1.127607,0.2228526,-0.1019385,0.1312458,-0.06482232,0.983962,MathCanvas,-0.4084213,1.239913,1.590435,-0.1619273,1.521189,0.02772932,-0.1773404,-0.1708617,0.9692041,-0.1283878,1.521422,0.02925674,-0.2042232,-0.16982,0.964082,-0.1956849,1.521064,0.02622129,-0.1514284,-0.1707639,0.9736062,-0.1620363,1.521243,0.02773901,358.5225,357.4095,0.3052338,0,0,False
1,Center_Dir_Close,596,26.83999,-0.1621143,1.521267,0.02774506,-0.1630027,1.233542,0.03779241,-0.6394128,-0.01930854,0.07029246,0.7654002,-0.02724923,1.128121,0.2222832,-0.1076756,0.1301835,-0.06257065,0.9836377,MathCanvas,-0.4483069,1.24543,1.59227,-0.1620363,1.521243,0.02773901,-0.177413,-0.1709196,0.9691806,-0.1284665,1.521452,0.02927644,-0.2041125,-0.1703565,0.9640108,-0.1957622,1.521081,0.02621368,-0.1513166,-0.1713031,0.9735289,-0.1621143,1.521267,0.02774506,358.5159,357.386,0.3151596,0,0,False
1,Center_Dir_Close,597,26.85999,-0.1622256,1.521369,0.02779739,-0.1630998,1.233518,0.03769783,-0.6403523,-0.01988523,0.07015316,0.7646124,-0.02806598,1.128289,0.2221946,-0.1071202,0.1298217,-0.05339345,0.984287,MathCanvas,-0.4485063,1.245357,1.592261,-0.1621143,1.521267,0.02774506,-0.1807527,-0.162312,0.9700429,-0.1285797,1.521553,0.02937089,-0.208294,-0.1605872,0.964793,-0.1958716,1.521185,0.02622389,-0.1555537,-0.1614858,0.9745386,-0.1622256,1.521369,0.02779739,358.4414,357.3139,0.3131635,0,0,False
1,Center_Dir_Close,598,26.87999,-0.1623304,1.521441,0.02772286,-0.1631441,1.233461,0.03784494,-0.6397745,-0.01962695,0.0700961,0.7651078,-0.02825656,1.127784,0.2229989,-0.09506403,0.1201926,-0.05908202,0.9864208,MathCanvas,-0.4546476,1.258781,1.597134,-0.1622893,1.521452,0.02775563,-0.1840619,-0.1622147,0.9694368,-0.1286846,1.521616,0.02929997,-0.2104255,-0.1620365,0.9640878,-0.1959762,1.521266,0.02614574,-0.1577293,-0.16299,0.9739383,-0.1623304,1.521441,0.02772286,358.476,357.3084,0.2973582,0,0,False
1,Center_Dir_Close,599,26.89999,-0.1624066,1.521435,0.02772406,-0.1631441,1.233461,0.03784494,-0.6397745,-0.01962695,0.0700961,0.7651078,-0.0286565,1.127932,0.2229071,-0.0955861,0.1187989,-0.0588433,0.9865534,MathCanvas,-0.4603092,1.258831,1.597149,-0.1623304,1.521441,0.02772286,-0.1842931,-0.1621985,0.9693955,-0.1287612,1.521609,0.02930907,-0.2108043,-0.1617093,0.96406,-0.1960521,1.521261,0.02613905,-0.158112,-0.1626553,0.9739321,-0.1624066,1.521435,0.02772406,358.4753,357.295,0.2961564,0,0,False
1,Center_Dir_Close,600,26.91999,-0.1624617,1.521274,0.02766312,-0.1632846,1.233436,0.03775555,-0.6395005,-0.01987602,0.07023794,0.7653174,-0.02717244,1.127742,0.2233769,-0.0895457,0.1224838,-0.06705584,0.9861454,MathCanvas,-0.4607718,1.258841,1.597146,-0.1624878,1.521411,0.02771577,-0.183546,-0.1635821,0.9693047,-0.1288149,1.521459,0.02921713,-0.2089027,-0.1642216,0.9640492,-0.1961086,1.521089,0.02610912,-0.1561915,-0.1651537,0.9738216,-0.1624617,1.521274,0.02766312,358.5425,357.3476,0.3147025,0,0,False
1,Center_Dir_Close,601,26.93999,-0.1625219,1.521245,0.02765431,-0.1632846,1.233436,0.03775555,-0.6395005,-0.01987602,0.07023794,0.7653174,-0.02717244,1.127742,0.2233769,-0.0895457,0.1224838,-0.06705584,0.9861454,MathCanvas,-0.459498,1.256546,1.596308,-0.1624617,1.521274,0.02766312,-0.1835489,-0.1637588,0.9692744,-0.1288751,1.521431,0.0292087,-0.2098372,-0.1634656,0.9639748,-0.1961687,1.521058,0.02609991,-0.1571352,-0.1644053,0.9737964,-0.1625219,1.521245,0.02765431,358.5526,357.347,0.3168217,0,0,False
1,Center_Dir_Close,602,26.95999,-0.16247,1.521307,0.0276241,-0.1633381,1.233372,0.03766759,-0.6395001,-0.01988619,0.07045574,0.7652975,-0.02464962,1.126715,0.2251158,-0.08162002,0.1159091,-0.07706702,0.9868961,MathCanvas,-0.4595603,1.256233,1.596237,-0.1624807,1.521234,0.02760293,-0.1810581,-0.1632566,0.9698275,-0.1288204,1.521511,0.02911607,-0.2072706,-0.1625783,0.9646799,-0.1961195,1.521103,0.02613213,-0.1545372,-0.1634485,0.9743731,-0.16247,1.521307,0.0276241,358.5318,357.4524,0.3470625,0,0,False
1,Center_Dir_Close,603,26.97999,-0.1625204,1.521376,0.02763075,-0.1633625,1.233352,0.03764836,-0.63956,-0.0200056,0.07047055,0.7652429,-0.02402075,1.126414,0.2252902,-0.08195076,0.1210172,-0.07559771,0.9863691,MathCanvas,-0.4553861,1.25719,1.596613,-0.16247,1.521307,0.0276241,-0.1783349,-0.1614039,0.9706417,-0.1288706,1.521578,0.02911802,-0.2045374,-0.1607315,0.9655723,-0.1961702,1.521174,0.02614349,-0.1517574,-0.1615959,0.9751187,-0.1625204,1.521376,0.02763075,358.5182,357.4604,0.3436448,0,0,False
1,Center_Dir_Close,604,26.99999,-0.162561,1.52138,0.02762308,-0.1633625,1.233352,0.03764836,-0.63956,-0.0200056,0.07047055,0.7652429,-0.02402075,1.126414,0.2252902,-0.08195076,0.1210172,-0.07559771,0.9863691,MathCanvas,-0.4509952,1.260289,1.597742,-0.1625204,1.521376,0.02763075,-0.1781766,-0.1613445,0.9706807,-0.128911,1.521585,0.02910366,-0.2042968,-0.1608882,0.9655972,-0.196211,1.521175,0.0261425,-0.1515144,-0.1617478,0.9751313,-0.162561,1.52138,0.02762308,358.5159,357.4716,0.348861,0,0,False
1,Center_Dir_Close,605,27.01999,-0.1627388,1.521393,0.02760698,-0.1634409,1.233352,0.03758773,-0.6399452,-0.02054309,0.07046524,0.7649071,-0.02155542,1.126304,0.2245435,-0.09069071,0.1241362,-0.08513656,0.9844375,MathCanvas,-0.4507781,1.26039,1.597789,-0.1626053,1.52139,0.02761695,-0.1784703,-0.1611947,0.9706516,-0.1290897,1.521562,0.02911223,-0.205742,-0.1606681,0.9653268,-0.1963879,1.521224,0.02610173,-0.1529728,-0.1616268,0.9749236,-0.1627388,1.521393,0.02760698,358.5209,357.4312,0.2871098,0,0,False
1,Center_Dir_Close,606,27.03999,-0.1627388,1.521393,0.02760698,-0.1634409,1.233352,0.03758773,-0.6399452,-0.02054309,0.07046524,0.7649071,-0.02155542,1.126304,0.2245435,-0.09069071,0.1241362,-0.08513656,0.9844375,MathCanvas,-0.4514569,1.260622,1.597866,-0.1626053,1.52139,0.02761695,-0.1784703,-0.1611947,0.9706516,-0.1290897,1.521562,0.02911223,-0.205742,-0.1606681,0.9653268,-0.1963879,1.521224,0.02610173,-0.1529728,-0.1616268,0.9749236,-0.1627388,1.521393,0.02760698,358.5209,357.4312,0.2871098,0,0,False
1,Center_Dir_Close,607,27.05999,-0.1629294,1.521411,0.02756513,-0.1635775,1.233372,0.03762988,-0.6396285,-0.02111577,0.07042965,0.7651596,-0.02233179,1.126428,0.2238557,-0.08829064,0.1101117,-0.08324896,0.9864836,MathCanvas,-0.4514578,1.260622,1.597871,-0.1628631,1.521388,0.02758761,-0.1796776,-0.1613371,0.9704052,-0.1292825,1.521617,0.02911607,-0.2063989,-0.1608985,0.9651482,-0.1965763,1.521206,0.02601418,-0.1536376,-0.1617541,0.974798,-0.1629294,1.521411,0.02756513,358.5171,357.3518,0.3492006,0,0,False
1,Center_Dir_Close,608,27.07999,-0.1629854,1.521416,0.02753519,-0.1636174,1.233362,0.03762408,-0.6395412,-0.02129244,0.07029287,0.7652403,-0.02240286,1.126401,0.2240371,-0.08566836,0.1137914,-0.08196634,0.9864046,MathCanvas,-0.4536635,1.260354,1.597765,-0.1629294,1.521411,0.02756513,-0.1810427,-0.1685004,0.968933,-0.1293392,1.521618,0.02910141,-0.2078028,-0.1683994,0.9635661,-0.1966316,1.521215,0.02596897,-0.1550625,-0.1693306,0.9732845,-0.1629854,1.521416,0.02753519,358.5394,357.3261,0.3421682,0,0,False
1,Center_Dir_Close,609,27.09999,-0.1631103,1.521406,0.02751379,-0.1636174,1.233362,0.03762408,-0.6395412,-0.02129244,0.07029287,0.7652403,-0.02231999,1.126389,0.2240461,-0.0853307,0.114445,-0.08239035,0.9863229,MathCanvas,-0.4556095,1.249065,1.593647,-0.1630492,1.521411,0.02752321,-0.1814275,-0.1697595,0.9686412,-0.1294648,1.521605,0.02909438,-0.2079664,-0.16941,0.9633536,-0.1967559,1.521208,0.0259332,-0.1552276,-0.1703518,0.97308,-0.1631103,1.521406,0.02751379,358.5614,357.3019,0.3376856,0,0,False
1,Center_Dir_Close,610,27.11999,-0.1631163,1.521302,0.0274247,-0.1636184,1.233314,0.03751477,-0.6398808,-0.02137012,0.07015895,0.7649664,-0.02135617,1.12664,0.2240276,-0.08559374,0.1216769,-0.08658376,0.9850745,MathCanvas,-0.4563076,1.247065,1.592894,-0.1631103,1.521406,0.02751379,-0.1818279,-0.1698462,0.9685509,-0.1294709,1.521507,0.02900724,-0.2081416,-0.1701991,0.9631767,-0.1967617,1.521096,0.02584216,-0.1554046,-0.1711456,0.9729124,-0.1631163,1.521302,0.0274247,358.6083,357.2986,0.349275,0,0,False
1,Center_Dir_Close,611,27.13999,-0.1630998,1.521305,0.02733564,-0.163559,1.233334,0.03747366,-0.640073,-0.02112991,0.07017387,0.764811,-0.02165614,1.126583,0.2243531,-0.08535952,0.12261,-0.08238007,0.9853396,MathCanvas,-0.4569803,1.246802,1.592763,-0.1631659,1.521278,0.02739971,-0.1759771,-0.1714509,0.9693485,-0.1294548,1.521539,0.02892177,-0.2020999,-0.1706382,0.9643849,-0.1967448,1.52107,0.0257495,-0.1492616,-0.1714756,0.9738157,-0.1630998,1.521305,0.02733564,358.5941,357.2911,0.3992379,0,0,False
1,Center_Dir_Close,612,27.15999,-0.1631218,1.521298,0.0273044,-0.163559,1.233334,0.03747366,-0.640073,-0.02112991,0.07017387,0.764811,-0.02167733,1.126572,0.2243974,-0.08540819,0.1231139,-0.08171084,0.9853283,MathCanvas,-0.4471477,1.244563,1.591979,-0.1630998,1.521305,0.02733564,-0.1757443,-0.171057,0.9694604,-0.129477,1.521536,0.02889633,-0.2022463,-0.170871,0.964313,-0.1967665,1.52106,0.02571247,-0.1494095,-0.1717047,0.9737527,-0.1631218,1.521298,0.0273044,358.6069,357.2812,0.4047814,0,0,False
1,Center_Dir_Close,613,27.17999,-0.1630245,1.521391,0.02728375,-0.1635111,1.233355,0.03736551,-0.6401419,-0.02081157,0.07024042,0.7647558,-0.02176444,1.126607,0.2243184,-0.08609834,0.1267476,-0.07993096,0.9849534,MathCanvas,-0.4467952,1.245191,1.592135,-0.1631218,1.521298,0.0273044,-0.1757814,-0.1708757,0.9694856,-0.1293797,1.521624,0.02887346,-0.2021083,-0.169943,0.9645059,-0.1966694,1.521159,0.02569405,-0.1492698,-0.1707855,0.9739358,-0.1630245,1.521391,0.02728375,358.5781,357.285,0.3954586,0,0,False
1,Center_Dir_Close,614,27.19999,-0.1629623,1.52139,0.02714893,-0.1633954,1.233386,0.03729294,-0.6401532,-0.02033588,0.07028587,0.7647551,-0.02179506,1.126544,0.2240576,-0.08564696,0.1305435,-0.08203094,0.9843241,MathCanvas,-0.4467649,1.24557,1.592194,-0.1630309,1.521405,0.02724873,-0.1772094,-0.1667095,0.9699509,-0.1293169,1.521592,0.02873042,-0.2034489,-0.1662979,0.9648593,-0.1966078,1.521189,0.02556743,-0.1506318,-0.1672179,0.974345,-0.1629623,1.52139,0.02714893,358.5932,357.3004,0.3423108,0,0,False
1,Center_Dir_Close,615,27.21999,-0.1629623,1.52139,0.02714893,-0.1633954,1.233386,0.03729294,-0.6401532,-0.02033588,0.07028587,0.7647551,-0.02179506,1.126544,0.2240576,-0.08564696,0.1305435,-0.08203094,0.9843241,MathCanvas,-0.449315,1.252005,1.594492,-0.1630309,1.521405,0.02724873,-0.1772094,-0.1667095,0.9699509,-0.1293169,1.521592,0.02873042,-0.2034489,-0.1662979,0.9648593,-0.1966078,1.521189,0.02556743,-0.1506318,-0.1672179,0.974345,-0.1629623,1.52139,0.02714893,358.5932,357.3004,0.3423108,0,0,False
1,Center_Dir_Close,616,27.23999,-0.1627878,1.521475,0.02701113,-0.1633793,1.233414,0.03723496,-0.6402946,-0.02011302,0.0703669,0.7646351,-0.02196189,1.126551,0.2241036,-0.0856058,0.1290184,-0.08164013,0.9845613,MathCanvas,-0.4492961,1.252022,1.594389,-0.1629003,1.521407,0.02704783,-0.1768697,-0.1664865,0.9700512,-0.1291417,1.521679,0.02857924,-0.2028028,-0.1655282,0.9651277,-0.1964339,1.521272,0.02544301,-0.1499801,-0.1663822,0.9745886,-0.1627878,1.521475,0.02701113,358.5677,357.3229,0.3469511,0,0,False
1,Center_Dir_Close,617,27.25999,-0.1626754,1.521652,0.02697881,-0.1632471,1.233448,0.03726385,-0.6403563,-0.01993306,0.07030737,0.7645936,-0.02216904,1.126458,0.2240488,-0.08458553,0.1269087,-0.08158006,0.9849285,MathCanvas,-0.4485968,1.252445,1.594546,-0.1627878,1.521475,0.02701113,-0.176709,-0.1663703,0.9701004,-0.1290283,1.521833,0.02852733,-0.2026172,-0.1649241,0.9652701,-0.1963225,1.521471,0.02543029,-0.1497921,-0.1658175,0.9747137,-0.1626754,1.521652,0.02697881,358.5143,357.357,0.3081383,0,0,False
1,Center_Dir_Close,618,27.27999,-0.1626754,1.521652,0.02697881,-0.1632471,1.233448,0.03726385,-0.6403563,-0.01993306,0.07030737,0.7645936,-0.02216904,1.126458,0.2240488,-0.08458553,0.1269087,-0.08158006,0.9849285,MathCanvas,-0.4482004,1.252833,1.594458,-0.1627878,1.521475,0.02701113,-0.176709,-0.1663703,0.9701004,-0.1290283,1.521833,0.02852733,-0.2026172,-0.1649241,0.9652701,-0.1963225,1.521471,0.02543029,-0.1497921,-0.1658175,0.9747137,-0.1626754,1.521652,0.02697881,358.5143,357.357,0.3081383,0,0,False
1,Center_Dir_Close,619,27.29999,-0.1625625,1.521742,0.02690698,-0.163232,1.233459,0.03726009,-0.6403675,-0.01991899,0.07026465,0.7645885,-0.02216839,1.126418,0.224053,-0.08433063,0.1270498,-0.08171572,0.9849209,MathCanvas,-0.4481882,1.252844,1.594392,-0.1626754,1.521652,0.02697881,-0.1755178,-0.1633659,0.970827,-0.1289144,1.5219,0.02843574,-0.2014266,-0.162316,0.9659611,-0.1962107,1.521585,0.02537821,-0.1485835,-0.1632321,0.9753349,-0.1625625,1.521742,0.02690698,358.4849,357.3915,0.2679699,0,0,False
1,Center_Dir_Close,620,27.31999,-0.162342,1.521726,0.02683532,-0.1632228,1.233465,0.03719523,-0.6403673,-0.0198436,0.07020707,0.7645959,-0.02200684,1.126352,0.2239366,-0.08429191,0.1279571,-0.08155301,0.9848203,MathCanvas,-0.4462708,1.257677,1.596158,-0.1624561,1.521833,0.02684087,-0.1762861,-0.1632275,0.9707111,-0.1286928,1.521888,0.02834145,-0.2023403,-0.1637895,0.9655213,-0.1959911,1.521564,0.02532919,-0.1495183,-0.1646779,0.9749489,-0.162342,1.521726,0.02683532,358.5083,357.43,0.275919,0,0,False
1,Center_Dir_Close,621,27.33999,-0.1622854,1.521719,0.02680723,-0.1632228,1.233465,0.03719523,-0.6403673,-0.0198436,0.07020707,0.7645959,-0.02200684,1.126352,0.2239366,-0.08429191,0.1279571,-0.08155301,0.9848203,MathCanvas,-0.4473298,1.257849,1.596106,-0.162342,1.521726,0.02683532,-0.1760801,-0.1631674,0.9707586,-0.1286356,1.521874,0.02829942,-0.2020632,-0.1626462,0.9657726,-0.1959352,1.521564,0.02531504,-0.1492378,-0.1635749,0.9751776,-0.1622854,1.521719,0.02680723,358.5067,357.454,0.2634503,0,0,False
1,Center_Dir_Close,622,27.35999,-0.1622382,1.521652,0.02680779,-0.1632057,1.233428,0.0371554,-0.6402751,-0.01963058,0.0701888,0.7646803,-0.02180617,1.126317,0.2237886,-0.08482683,0.1285934,-0.08151931,0.9846942,MathCanvas,-0.4468992,1.257977,1.59593,-0.1622854,1.521719,0.02680723,-0.1769927,-0.1673419,0.9698816,-0.1285885,1.521804,0.02830298,-0.2034302,-0.1671314,0.9647193,-0.1958879,1.5215,0.0253126,-0.150626,-0.168107,0.9741929,-0.1622382,1.521652,0.02680779,358.5237,357.4492,0.2579285,0,0,False
1,Center_Dir_Close,623,27.37999,-0.1622173,1.521536,0.02692136,-0.1631975,1.233401,0.03708815,-0.6402264,-0.01963209,0.07008973,0.7647302,-0.02121905,1.126306,0.2235943,-0.08642379,0.1320061,-0.08173831,0.9840855,MathCanvas,-0.4481471,1.251333,1.593526,-0.1622445,1.521577,0.02689959,-0.1769506,-0.1721245,0.969052,-0.1285678,1.521665,0.02842462,-0.2033229,-0.1717831,0.9639245,-0.1958667,1.521408,0.0254181,-0.1505157,-0.1728288,0.9733834,-0.1622173,1.521536,0.02692136,358.5647,357.4366,0.2178943,0,0,False
1,Center_Dir_Close,624,27.39999,-0.1622103,1.521487,0.02693823,-0.1631503,1.233386,0.03707977,-0.6403368,-0.01973138,0.07003659,0.76464,-0.020909,1.126263,0.2236181,-0.08601031,0.1332918,-0.08236366,0.9838963,MathCanvas,-0.4477733,1.243769,1.59074,-0.1622173,1.521536,0.02692136,-0.177034,-0.1723812,0.968991,-0.1285613,1.521604,0.02845023,-0.2036753,-0.1722377,0.9637689,-0.1958594,1.521369,0.02542622,-0.1508712,-0.1733145,0.973242,-0.1622103,1.521487,0.02693823,358.5904,357.4223,0.1992075,0,0,False
1,Center_Dir_Close,625,27.41999,-0.1621516,1.521402,0.02694117,-0.1631422,1.233395,0.03705377,-0.6403021,-0.0196869,0.07003257,0.7646706,-0.02067991,1.126193,0.2236774,-0.08546592,0.1336172,-0.08287704,0.9838564,MathCanvas,-0.4479076,1.243298,1.590694,-0.1621842,1.521426,0.02694275,-0.1772637,-0.1730541,0.9688291,-0.1285027,1.521518,0.02845683,-0.2036955,-0.1729575,0.9636357,-0.1958005,1.521285,0.02542551,-0.150892,-0.1740227,0.9731124,-0.1621516,1.521402,0.02694117,358.6295,357.4162,0.1988634,0,0,False
1,Center_Dir_Close,626,27.43999,-0.1621206,1.521363,0.02694102,-0.1631422,1.233395,0.03705377,-0.6403021,-0.0196869,0.07003257,0.7646706,-0.02067991,1.126193,0.2236774,-0.08546592,0.1336172,-0.08287704,0.9838564,MathCanvas,-0.4481958,1.24215,1.590306,-0.1621516,1.521402,0.02694117,-0.1772673,-0.1732304,0.968797,-0.1284716,1.521473,0.0284554,-0.203602,-0.172851,0.9636746,-0.1957695,1.521253,0.02542664,-0.1507972,-0.1739364,0.9731426,-0.1621206,1.521363,0.02694102,358.6407,357.4187,0.1874707,0,0,False
1,Center_Dir_Close,627,27.45999,-0.1620662,1.521358,0.02691293,-0.1631493,1.233364,0.03696761,-0.6400502,-0.01952306,0.07006846,0.7648824,-0.02053334,1.126144,0.223683,-0.08498919,0.1334337,-0.08279815,0.9839293,MathCanvas,-0.4481678,1.24183,1.590239,-0.1620968,1.52138,0.02691739,-0.1763447,-0.1711782,0.96933,-0.1284173,1.521479,0.02842733,-0.2027053,-0.170838,0.9642224,-0.1957151,1.521237,0.02539853,-0.1498853,-0.1718797,0.9736487,-0.1620662,1.521358,0.02691293,358.6501,357.4182,0.2062405,0,0,False
1,Center_Dir_Close,628,27.47999,-0.1620556,1.521407,0.02688404,-0.1631535,1.233342,0.03694015,-0.6399865,-0.0195242,0.07003425,0.7649388,-0.02040045,1.126094,0.2236608,-0.08466543,0.1335315,-0.08329117,0.9839023,MathCanvas,-0.4466898,1.245074,1.591429,-0.1620662,1.521358,0.02691293,-0.1763829,-0.1708587,0.9693794,-0.1284069,1.521534,0.02840095,-0.2027734,-0.1699174,0.9643708,-0.1957044,1.521279,0.02536713,-0.1499543,-0.170931,0.9738051,-0.1620556,1.521407,0.02688404,358.6231,357.4136,0.2175194,0,0,False
1,Center_Dir_Close,629,27.49999,-0.1620502,1.521433,0.02688278,-0.1631344,1.233328,0.03694479,-0.6396489,-0.01940624,0.06994674,0.7652322,-0.02031009,1.126034,0.2236501,-0.08438361,0.1336754,-0.08368281,0.9838737,MathCanvas,-0.4467632,1.245616,1.591603,-0.1620556,1.521407,0.02688404,-0.1764654,-0.1692622,0.9696444,-0.1284014,1.521568,0.02839876,-0.2027497,-0.1685874,0.9646092,-0.195699,1.521297,0.0253668,-0.1499307,-0.1695903,0.9740431,-0.1620502,1.521433,0.02688278,358.6112,357.4148,0.2303739,0,0,False
1,Center_Dir_Close,630,27.51999,-0.1620326,1.521434,0.02688409,-0.1630627,1.233279,0.03698917,-0.6391833,-0.01938936,0.06994572,0.7656215,-0.02038143,1.125953,0.2235915,-0.08414424,0.1334323,-0.0833018,0.9839596,MathCanvas,-0.4469801,1.248134,1.592519,-0.1620276,1.521431,0.02688061,-0.1804263,-0.1680129,0.9691326,-0.1283841,1.52158,0.0284063,-0.2068585,-0.1676459,0.9639006,-0.1956811,1.521289,0.02536188,-0.1541089,-0.1686514,0.9735539,-0.1620326,1.521434,0.02688409,358.6177,357.4038,0.24798,0,0,False
1,Center_Dir_Close,631,27.53999,-0.1620246,1.521435,0.02688341,-0.1630285,1.233281,0.03700213,-0.6392545,-0.0194487,0.07003384,0.7655526,-0.02041262,1.125871,0.2235645,-0.08406618,0.1335182,-0.08324049,0.9839597,MathCanvas,-0.4536178,1.24991,1.59309,-0.1620326,1.521434,0.02688409,-0.1804512,-0.1680584,0.9691201,-0.1283763,1.521578,0.02841019,-0.2069055,-0.1674685,0.9639214,-0.1956729,1.521291,0.02535663,-0.1541561,-0.1684864,0.973575,-0.1620246,1.521435,0.02688341,358.6136,357.3961,0.2437606,0,0,False
1,Center_Dir_Close,632,27.55999,-0.1620066,1.521443,0.02689748,-0.163021,1.233271,0.03698331,-0.63929,-0.01943871,0.07003199,0.7655234,-0.02040971,1.125832,0.2235606,-0.08396521,0.1336329,-0.08338243,0.9839408,MathCanvas,-0.4536468,1.24984,1.593051,-0.1620218,1.521442,0.02689481,-0.1807746,-0.1646698,0.9696414,-0.1283586,1.521591,0.02843049,-0.207178,-0.1640665,0.9644477,-0.1956546,1.521296,0.02536448,-0.1544318,-0.1650532,0.9741192,-0.1620066,1.521443,0.02689748,358.5992,357.3853,0.2507068,0,0,False
1,Center_Dir_Close,633,27.57999,-0.1620256,1.521434,0.02692956,-0.1630074,1.23325,0.03695066,-0.6393294,-0.01941429,0.07002271,0.7654919,-0.0204073,1.125704,0.2235436,-0.08335076,0.1338772,-0.08396427,0.9839104,MathCanvas,-0.4543515,1.255143,1.594981,-0.1620066,1.521443,0.02689748,-0.1809363,-0.1642642,0.96968,-0.1283778,1.521574,0.02846633,-0.207393,-0.1633692,0.9645199,-0.1956735,1.521294,0.02539279,-0.1546487,-0.1643748,0.9741995,-0.1620256,1.521434,0.02692956,358.578,357.3791,0.237931,0,0,False
1,Center_Dir_Close,634,27.59999,-0.1620242,1.521449,0.02695473,-0.163,1.233278,0.03693244,-0.6393919,-0.01934903,0.07004032,0.7654398,-0.02040864,1.125609,0.2235377,-0.0828687,0.1340861,-0.0844514,0.9838809,MathCanvas,-0.4546586,1.255765,1.595218,-0.1620333,1.521439,0.02695243,-0.1772665,-0.164015,0.9703997,-0.1283766,1.52159,0.02849784,-0.2036917,-0.1634324,0.9652976,-0.1956717,1.521308,0.02541162,-0.1508828,-0.1643902,0.9747874,-0.1620242,1.521449,0.02695473,358.5629,357.3682,0.2397864,0,0,False
1,Center_Dir_Close,635,27.61999,-0.162015,1.521458,0.02695703,-0.163,1.233278,0.03693244,-0.6393919,-0.01934903,0.07004032,0.7654398,-0.02040864,1.125609,0.2235377,-0.0828687,0.1340861,-0.0844514,0.9838809,MathCanvas,-0.4485488,1.256343,1.595459,-0.1620242,1.521449,0.02695473,-0.1773506,-0.1639113,0.9704019,-0.1283676,1.521599,0.02850304,-0.2037754,-0.1633292,0.9652975,-0.1956624,1.521317,0.02541101,-0.1509674,-0.164286,0.9747918,-0.162015,1.521458,0.02695703,358.5568,357.3632,0.2400288,0,0,False
1,Center_Dir_Close,636,27.63999,-0.1620165,1.521351,0.02697529,-0.1629824,1.233309,0.03690609,-0.6394905,-0.01919623,0.06996894,0.7653678,-0.02042427,1.12545,0.2236249,-0.08303682,0.1346163,-0.08411318,0.9838234,MathCanvas,-0.4486964,1.256501,1.59558,-0.162015,1.521458,0.02695703,-0.1772569,-0.1653066,0.9701823,-0.1283692,1.521486,0.02852585,-0.2037465,-0.1657061,0.9648983,-0.1956637,1.521215,0.02542473,-0.1509358,-0.1666897,0.9743884,-0.1620165,1.521351,0.02697529,358.6104,357.3559,0.2305587,0,0,False
1,Center_Dir_Close,637,27.65999,-0.1620086,1.521315,0.02698255,-0.1629317,1.2333,0.0369435,-0.6393639,-0.01914412,0.06993076,0.7654783,-0.02043811,1.125442,0.2236358,-0.082943,0.1345534,-0.08415914,0.9838359,MathCanvas,-0.4484573,1.254221,1.594754,-0.1620152,1.52133,0.02697671,-0.1774269,-0.1665844,0.9699327,-0.1283615,1.521457,0.02853522,-0.2038216,-0.1662245,0.9647933,-0.1956557,1.521174,0.02542988,-0.1510133,-0.1672012,0.9742888,-0.1620086,1.521315,0.02698255,358.6312,357.3522,0.2401251,0,0,False
1,Center_Dir_Close,638,27.67999,-0.1619877,1.5213,0.0269899,-0.1629085,1.233305,0.03696412,-0.6392922,-0.01912289,0.06992491,0.7655393,-0.02043811,1.125442,0.2236358,-0.082943,0.1345534,-0.08415914,0.9838359,MathCanvas,-0.448661,1.25218,1.594014,-0.1620086,1.521315,0.02698255,-0.1776125,-0.1667001,0.9698788,-0.1283409,1.521443,0.02855034,-0.2041637,-0.1663268,0.9647034,-0.1956344,1.521157,0.02542946,-0.1513589,-0.1672984,0.9742185,-0.1619877,1.5213,0.0269899,358.6373,357.3389,0.2437569,0,0,False
1,Center_Dir_Close,639,27.69999,-0.1619701,1.521291,0.0269913,-0.1628708,1.233351,0.03703511,-0.6390454,-0.01920838,0.06992906,0.7657428,-0.02043696,1.12544,0.2236857,-0.08269486,0.1344426,-0.08451869,0.9838411,MathCanvas,-0.4489536,1.251966,1.594008,-0.1619818,1.521303,0.02698026,-0.1772362,-0.1667117,0.9699457,-0.1283227,1.521442,0.028537,-0.203574,-0.166316,0.9648298,-0.1956175,1.52114,0.02544559,-0.1507635,-0.1672779,0.9743143,-0.1619701,1.521291,0.0269913,358.6339,357.3637,0.256459,0,0,False
1,Center_Dir_Close,640,27.71999,-0.1619574,1.521393,0.02707405,-0.1628807,1.233299,0.03700668,-0.6391687,-0.01959313,0.06998619,0.7656248,-0.02032394,1.125535,0.2237426,-0.08240262,0.1344611,-0.08553746,0.9837751,MathCanvas,-0.4483106,1.251954,1.594023,-0.1619701,1.521291,0.0269913,-0.1795474,-0.1667974,0.9695057,-0.1283092,1.521538,0.02860205,-0.2054001,-0.1653551,0.964608,-0.1956056,1.521247,0.02554604,-0.1526242,-0.16634,0.9741852,-0.1619574,1.521393,0.02707405,358.5795,357.3938,0.2470089,0,0,False
1,Center_Dir_Close,641,27.73999,-0.161946,1.521331,0.02715875,-0.1628551,1.233293,0.03699584,-0.6392782,-0.01941776,0.07000166,0.7655365,-0.02030161,1.125579,0.2237589,-0.08252063,0.1346743,-0.08544107,0.9837444,MathCanvas,-0.4521384,1.251818,1.593971,-0.1619563,1.521337,0.02712777,-0.1791727,-0.1662632,0.9696668,-0.1282979,1.521483,0.02868925,-0.20545,-0.1657671,0.9645266,-0.195594,1.521179,0.02562826,-0.1526748,-0.166744,0.9741083,-0.161946,1.521331,0.02715875,358.5915,357.3893,0.2588531,0,0,False
1,Center_Dir_Close,642,27.75999,-0.1619305,1.521312,0.02719236,-0.1628503,1.233294,0.03700087,-0.6392938,-0.01940745,0.07000028,0.7655239,-0.02030161,1.125579,0.2237589,-0.08252063,0.1346743,-0.08544107,0.9837444,MathCanvas,-0.4515162,1.252624,1.594287,-0.161946,1.521331,0.02715875,-0.1791961,-0.1662671,0.9696618,-0.1282825,1.521462,0.02872387,-0.2055555,-0.1657817,0.9645016,-0.1955786,1.521161,0.02566084,-0.1527814,-0.1667651,0.9740879,-0.1619305,1.521312,0.02719236,358.5923,357.3876,0.2563468,0,0,False
1,Center_Dir_Close,643,27.77999,-0.1619985,1.521281,0.02731085,-0.1627843,1.233266,0.03709966,-0.639335,-0.01933746,0.07001126,0.7654902,-0.0201574,1.125436,0.2239712,-0.08241251,0.1350546,-0.08463433,0.983771,MathCanvas,-0.4515556,1.252583,1.594405,-0.1619836,1.521297,0.02726846,-0.1784991,-0.1681721,0.9694618,-0.1283503,1.521415,0.02884221,-0.204841,-0.1678041,0.9643039,-0.1956466,1.521148,0.02577949,-0.1520542,-0.1688231,0.9738472,-0.1619985,1.521281,0.02731085,358.6322,357.3888,0.2273906,0,0,False
1,Center_Dir_Close,644,27.79999,-0.1620159,1.521259,0.02737821,-0.1627728,1.233286,0.03714401,-0.6393569,-0.01937582,0.07006101,0.7654665,-0.02006489,1.125377,0.2240461,-0.08213816,0.1353766,-0.08490448,0.9837265,MathCanvas,-0.4503439,1.249618,1.593369,-0.1619985,1.521281,0.02731085,-0.178357,-0.1682511,0.9694743,-0.1283676,1.521396,0.02890619,-0.2045743,-0.167813,0.9643589,-0.1956641,1.521123,0.02585022,-0.1517849,-0.1688191,0.9738899,-0.1620159,1.521259,0.02737821,358.6353,357.3944,0.2329223,0,0,False
1,Center_Dir_Close,645,27.81999,-0.1619951,1.521237,0.0274419,-0.1627781,1.233287,0.03717466,-0.639298,-0.01946123,0.0701119,0.7655088,-0.01996937,1.125308,0.224131,-0.08180749,0.135602,-0.08529783,0.983689,MathCanvas,-0.4501303,1.24947,1.593448,-0.1620159,1.521259,0.02737821,-0.182565,-0.1648317,0.9692783,-0.128347,1.521377,0.0289728,-0.208926,-0.1645586,0.9639867,-0.1956432,1.521098,0.02591101,-0.1562103,-0.1655764,0.9737468,-0.1619951,1.521237,0.0274419,358.6485,357.3894,0.2373276,0,0,False
1,Center_Dir_Close,646,27.83999,-0.1619913,1.521192,0.02755233,-0.1627781,1.233287,0.03717466,-0.639298,-0.01946123,0.0701119,0.7655088,-0.01994149,1.125285,0.2241595,-0.08168683,0.1356771,-0.08541352,0.9836786,MathCanvas,-0.4573116,1.254606,1.595342,-0.1619884,1.521223,0.02749797,-0.1824713,-0.1650824,0.9692534,-0.128343,1.521334,0.02907866,-0.2086271,-0.1646025,0.964044,-0.1956396,1.52105,0.026026,-0.1559085,-0.1656126,0.973789,-0.1619913,1.521192,0.02755233,358.656,357.3971,0.2415185,0,0,False
1,Center_Dir_Close,647,27.85999,-0.1619998,1.5211,0.02758636,-0.1627953,1.233274,0.03728924,-0.6389583,-0.01945496,0.0701519,0.7657889,-0.01985087,1.125241,0.2242605,-0.08161661,0.1360545,-0.08544162,0.9836298,MathCanvas,-0.4571292,1.25418,1.59527,-0.1619913,1.521192,0.02755233,-0.1824909,-0.1621857,0.9697385,-0.1283515,1.521254,0.0291114,-0.2086789,-0.1623737,0.9644107,-0.1956481,1.520945,0.02606132,-0.1559616,-0.1633353,0.9741651,-0.1619998,1.5211,0.02758636,358.6922,357.399,0.2629088,0,0,False
1,Center_Dir_Close,648,27.87999,-0.1620345,1.521162,0.02754682,-0.1628153,1.233235,0.03733137,-0.6389847,-0.01939249,0.07012589,0.7657708,-0.01979075,1.125235,0.2243406,-0.08182576,0.1363119,-0.08509716,0.9836067,MathCanvas,-0.4573461,1.258616,1.597027,-0.1619998,1.5211,0.02758636,-0.1824498,-0.1623782,0.969714,-0.128386,1.521308,0.02906962,-0.2087205,-0.161575,0.9645358,-0.1956829,1.521016,0.02602403,-0.1560032,-0.1625608,0.9742879,-0.1620345,1.521162,0.02754682,358.676,357.403,0.2490469,0,0,False
1,Center_Dir_Close,649,27.89999,-0.1620518,1.52122,0.02766167,-0.1628234,1.23322,0.03734272,-0.6391255,-0.01937485,0.07011616,0.7656546,-0.01975426,1.125224,0.224416,-0.08184776,0.1362927,-0.08509201,0.9836079,MathCanvas,-0.4573249,1.258357,1.597004,-0.1620345,1.521162,0.02754682,-0.1834592,-0.1616193,0.9696504,-0.1284035,1.521363,0.02918796,-0.2098678,-0.1605106,0.9644645,-0.1957001,1.521077,0.02613539,-0.1571688,-0.1615048,0.9742762,-0.1620518,1.52122,0.02766167,358.641,357.3971,0.2431037,0,0,False
1,Center_Dir_Close,650,27.91999,-0.1620723,1.521262,0.02779985,-0.1628347,1.233206,0.03735519,-0.6392805,-0.0194106,0.07012264,0.7655237,-0.01973929,1.125222,0.2244468,-0.0818089,0.1362169,-0.08517545,0.9836145,MathCanvas,-0.4590688,1.259561,1.597507,-0.1620659,1.521253,0.02773647,-0.1815548,-0.1662747,0.9692217,-0.1284242,1.521407,0.02933032,-0.2078767,-0.1656699,0.9640232,-0.1957205,1.521116,0.02626938,-0.1551433,-0.1666791,0.9737292,-0.1620723,1.521262,0.02779985,358.6194,357.3898,0.2471458,0,0,False
1,Center_Dir_Close,651,27.93999,-0.1620508,1.521162,0.02785565,-0.1627095,1.233026,0.03745211,-0.6393391,-0.01937627,0.07024939,0.765464,-0.01963007,1.125237,0.2245721,-0.08152381,0.1363917,-0.08605449,0.9835374,MathCanvas,-0.455617,1.252423,1.594873,-0.1620723,1.521262,0.02779985,-0.1817624,-0.1663168,0.9691755,-0.128403,1.521315,0.0293924,-0.2082018,-0.1662791,0.9638482,-0.1956986,1.52101,0.02631889,-0.1554721,-0.1672718,0.9735751,-0.1620508,1.521162,0.02785565,358.6446,357.3789,0.2595307,0,0,False
1,Center_Dir_Close,652,27.95999,-0.1620623,1.521115,0.02796493,-0.1627096,1.233019,0.0374755,-0.6392626,-0.01932423,0.07026847,0.7655275,-0.01960687,1.125235,0.2245872,-0.08159015,0.1365363,-0.08614406,0.983504,MathCanvas,-0.455954,1.252234,1.594977,-0.1620611,1.521132,0.027906,-0.1834419,-0.1668061,0.9687749,-0.1284145,1.521269,0.0295004,-0.2097605,-0.1664442,0.9634817,-0.1957102,1.520961,0.02642946,-0.1570599,-0.1674617,0.9732876,-0.1620623,1.521115,0.02796493,358.6649,357.3811,0.2620161,0,0,False
1,Center_Dir_Close,653,27.97999,-0.1621523,1.521109,0.02797652,-0.1627253,1.232976,0.03763898,-0.6388983,-0.01914596,0.07035828,0.7658278,-0.01963622,1.125213,0.2246795,-0.08137161,0.13637,-0.08564344,0.9835889,MathCanvas,-0.4587328,1.251348,1.594711,-0.1620623,1.521115,0.02796493,-0.1821125,-0.162826,0.9697024,-0.1285036,1.521263,0.02949429,-0.2078991,-0.1624908,0.9645593,-0.1958009,1.520955,0.02645876,-0.1551689,-0.1634652,0.9742699,-0.1621523,1.521109,0.02797652,358.6738,357.4113,0.2624369,0,0,False
1,Center_Dir_Close,654,27.99999,-0.1621485,1.521113,0.0280341,-0.1627294,1.232963,0.03766549,-0.6389114,-0.01917453,0.07037021,0.765815,-0.01963622,1.125213,0.2246795,-0.08137161,0.13637,-0.08564344,0.9835889,MathCanvas,-0.4568498,1.257622,1.597164,-0.1621523,1.521109,0.02797652,-0.1815327,-0.1628863,0.9698009,-0.1284996,1.521271,0.02954669,-0.2076666,-0.1623762,0.9646287,-0.1957974,1.520955,0.0265215,-0.1549342,-0.1633399,0.9743282,-0.1621485,1.521113,0.0280341,358.6712,357.4199,0.2691272,0,0,False
1,Center_Dir_Close,655,28.01999,-0.1621242,1.52118,0.02818093,-0.162747,1.232913,0.03778718,-0.638985,-0.01922174,0.07042503,0.7657474,-0.01962042,1.125182,0.224777,-0.08123789,0.1361741,-0.08542771,0.9836459,MathCanvas,-0.4558766,1.257556,1.597215,-0.162148,1.521109,0.0280913,-0.186342,-0.1608473,0.969229,-0.1284748,1.521349,0.02968185,-0.2123213,-0.1595105,0.9640934,-0.1957735,1.521011,0.02668,-0.1596755,-0.1604726,0.9740392,-0.1621242,1.52118,0.02818093,358.6219,357.4391,0.2881122,0,0,False
1,Center_Dir_Close,656,28.03999,-0.1621297,1.521175,0.028247,-0.1627592,1.232913,0.03785702,-0.639002,-0.01914012,0.07048672,0.7657295,-0.01955958,1.125145,0.2248598,-0.08125532,0.1362413,-0.08542779,0.9836351,MathCanvas,-0.4639955,1.26061,1.598319,-0.1621242,1.52118,0.02818093,-0.1862684,-0.1607428,0.9692605,-0.1284801,1.521331,0.02974353,-0.2124609,-0.1601247,0.9639608,-0.1957793,1.521019,0.02675047,-0.1598159,-0.1611444,0.9739052,-0.1621297,1.521175,0.028247,358.6189,357.4471,0.2657571,0,0,False
1,Center_Dir_Close,657,28.05999,-0.1621974,1.521171,0.02828961,-0.1627465,1.232864,0.03790202,-0.6390715,-0.01902917,0.07059871,0.7656639,-0.01943893,1.125116,0.2250445,-0.08112612,0.1364431,-0.08544075,0.9836167,MathCanvas,-0.4638959,1.260762,1.598507,-0.1621273,1.521181,0.02831032,-0.1821671,-0.1609486,0.9700055,-0.1285477,1.52132,0.0297857,-0.208597,-0.1609764,0.9646625,-0.195847,1.521022,0.02679351,-0.1558823,-0.1619728,0.9744052,-0.1621974,1.521171,0.02828961,358.6459,357.4482,0.2539676,0,0,False
1,Center_Dir_Close,658,28.07999,-0.1622354,1.521192,0.02831718,-0.1627581,1.232858,0.03794329,-0.6390424,-0.01898578,0.07062007,0.7656873,-0.01942633,1.125105,0.2251045,-0.08119214,0.1364514,-0.08518963,0.9836318,MathCanvas,-0.4570937,1.260624,1.598557,-0.1621974,1.521171,0.02828961,-0.1837818,-0.1623784,0.9694625,-0.1285859,1.521345,0.02981639,-0.21013,-0.1618553,0.9641827,-0.1958849,1.521038,0.02681797,-0.1574427,-0.1628391,0.9740099,-0.1622354,1.521192,0.02831718,358.643,357.4428,0.2609259,0,0,False
1,Center_Dir_Close,659,28.09999,-0.1622684,1.521198,0.02847004,-0.1627987,1.232842,0.03808603,-0.6388717,-0.01884001,0.07070652,0.7658255,-0.01942489,1.125075,0.2252632,-0.08135709,0.1367049,-0.08414514,0.9836729,MathCanvas,-0.4597735,1.258305,1.597852,-0.1622503,1.5212,0.02837473,-0.1837503,-0.162154,0.969506,-0.1286189,1.521354,0.02996835,-0.2100907,-0.1613986,0.9642678,-0.1959179,1.521042,0.02697172,-0.1574029,-0.1623853,0.9740921,-0.1622684,1.521198,0.02847004,358.6323,357.4441,0.2656099,0,0,False
1,Center_Dir_Close,660,28.11999,-0.162279,1.521197,0.02856981,-0.1628515,1.232812,0.0382418,-0.6386631,-0.01866491,0.0707703,0.7659978,-0.01942371,1.124992,0.2254143,-0.08073951,0.136897,-0.0836435,0.9837399,MathCanvas,-0.4597383,1.25869,1.597985,-0.1622684,1.521198,0.02847004,-0.1836082,-0.1685981,0.9684331,-0.1286291,1.521348,0.03006206,-0.2097386,-0.1680679,0.9632045,-0.1959288,1.521046,0.02707756,-0.157047,-0.1691137,0.973004,-0.162279,1.521197,0.02856981,358.6331,357.4547,0.2572526,0,0,False
1,Center_Dir_Close,661,28.13999,-0.1622853,1.521186,0.02865576,-0.1628639,1.232804,0.03827549,-0.6386216,-0.01863228,0.07078312,0.766032,-0.01942371,1.124992,0.2254143,-0.08073951,0.136897,-0.0836435,0.9837399,MathCanvas,-0.4591517,1.248594,1.594412,-0.162279,1.521197,0.02856981,-0.183534,-0.1685059,0.9684632,-0.1286356,1.521336,0.03014909,-0.2098527,-0.1678573,0.9632164,-0.1959351,1.521036,0.02716243,-0.1571623,-0.1689044,0.9730217,-0.1622853,1.521186,0.02865576,358.626,357.4529,0.2549461,0,0,False
1,Center_Dir_Close,662,28.15999,-0.1622957,1.521123,0.02884218,-0.1629219,1.232779,0.03839916,-0.6386393,-0.01863251,0.07082361,0.7660136,-0.01941091,1.124635,0.2257125,-0.07982812,0.1373845,-0.08285695,0.9838129,MathCanvas,-0.4590428,1.248728,1.59457,-0.1623076,1.521142,0.02875277,-0.1833638,-0.1687891,0.9684461,-0.1286458,1.521265,0.03033293,-0.2097354,-0.168604,0.9631115,-0.1959456,1.520981,0.02735144,-0.1570436,-0.169669,0.9729079,-0.1622957,1.521123,0.02884218,358.6674,357.4578,0.2412138,0,0,False
1,Center_Dir_Close,663,28.17999,-0.1622899,1.521096,0.02890945,-0.16295,1.232752,0.03851056,-0.6385945,-0.01853125,0.0708801,0.7660481,-0.0194494,1.124475,0.2258569,-0.07967716,0.137505,-0.08237252,0.983849,MathCanvas,-0.4587363,1.248245,1.594509,-0.1622957,1.521123,0.02884218,-0.1849291,-0.1676209,0.9683514,-0.12864,1.521239,0.03040041,-0.2111867,-0.1675316,0.9629815,-0.1959398,1.520952,0.02741848,-0.1585208,-0.1685948,0.972855,-0.1622899,1.521096,0.02890945,358.6929,357.4574,0.2447952,0,0,False
1,Center_Dir_Close,664,28.19999,-0.1623089,1.521032,0.02906722,-0.1629383,1.232738,0.03853681,-0.6385494,-0.01849898,0.07089385,0.7660852,-0.01946857,1.124423,0.2259026,-0.07958973,0.1375249,-0.08217379,0.9838699,MathCanvas,-0.4614385,1.249946,1.595352,-0.1623017,1.521073,0.02898862,-0.1834584,-0.168022,0.9685616,-0.1286587,1.521172,0.03055052,-0.209688,-0.1675711,0.963302,-0.1959592,1.520893,0.02758392,-0.1569967,-0.1686445,0.9730936,-0.1623089,1.521032,0.02906722,358.7133,357.4707,0.2367992,0,0,False
1,Center_Dir_Close,665,28.21999,-0.1623265,1.521001,0.02914652,-0.1629093,1.232695,0.03861061,-0.638377,-0.01841208,0.07093184,0.7662275,-0.01968108,1.123929,0.2262868,-0.0781472,0.1378196,-0.07981914,0.9841381,MathCanvas,-0.4589651,1.249337,1.595252,-0.1623089,1.521032,0.02906722,-0.1834105,-0.1681928,0.968541,-0.1286761,1.521143,0.03062595,-0.2095616,-0.1679275,0.9632675,-0.1959769,1.520859,0.02766708,-0.1568692,-0.1689879,0.9730545,-0.1623265,1.521001,0.02914652,358.7281,357.4772,0.2420601,0,0,False
1,Center_Dir_Close,666,28.23999,-0.1623445,1.520968,0.02932529,-0.1628876,1.232634,0.03871646,-0.6380351,-0.01832937,0.0709808,0.7665097,-0.02003539,1.123187,0.2268756,-0.07483554,0.1401622,-0.07444484,0.9844857,MathCanvas,-0.4589124,1.249023,1.595335,-0.1623343,1.520993,0.02924217,-0.1832854,-0.16838,0.9685322,-0.128694,1.521109,0.03080275,-0.2095127,-0.167981,0.9632689,-0.195995,1.520828,0.02784782,-0.1568197,-0.1690444,0.9730527,-0.1623445,1.520968,0.02932529,358.7318,357.4807,0.2392684,0,0,False
1,Center_Dir_Close,667,28.25999,-0.1623609,1.520951,0.02940793,-0.1628876,1.232634,0.03871646,-0.6380351,-0.01832937,0.0709808,0.7665097,-0.02013906,1.122973,0.227064,-0.0736481,0.141275,-0.07259354,0.9845545,MathCanvas,-0.4586969,1.248717,1.595334,-0.1623445,1.520968,0.02932529,-0.1831735,-0.1685882,0.9685172,-0.1287102,1.521091,0.03088117,-0.2093339,-0.1682754,0.9632564,-0.1960115,1.520811,0.02793469,-0.1566391,-0.1693415,0.9730301,-0.1623609,1.520951,0.02940793,358.7449,357.4879,0.2384063,0,0,False
1,Center_Dir_Close,668,28.27999,-0.1624316,1.520921,0.02944611,-0.1629685,1.232502,0.0389873,-0.6371138,-0.01810464,0.07134956,0.7672467,-0.01887026,1.123121,0.2272793,-0.07006449,0.152192,-0.08973709,0.9817718,MathCanvas,-0.4585389,1.248356,1.595428,-0.1623609,1.520951,0.02940793,-0.1916485,-0.1678435,0.9670054,-0.1287813,1.521065,0.03092793,-0.2180722,-0.1678309,0.9613934,-0.1960819,1.520777,0.02796429,-0.1655333,-0.1689591,0.9716231,-0.1624316,1.520921,0.02944611,358.7764,357.4734,0.2444626,0,0,False
1,Center_Dir_Close,669,28.29999,-0.162461,1.520926,0.02952758,-0.1630031,1.232477,0.03906308,-0.6371775,-0.01813376,0.07134709,0.7671933,-0.01933445,1.122765,0.2275187,-0.06851771,0.154123,-0.07377234,0.9829085,MathCanvas,-0.4728547,1.249056,1.595755,-0.1624316,1.520921,0.02944611,-0.1916531,-0.1679712,0.9669823,-0.1288109,1.521074,0.03101361,-0.2179543,-0.1672935,0.9615138,-0.1961111,1.520778,0.02804155,-0.1654142,-0.1684168,0.9717376,-0.162461,1.520926,0.02952758,358.7683,357.466,0.2523361,0,0,False
1,Center_Dir_Close,670,28.31999,-0.162496,1.520932,0.02970891,-0.1629765,1.232452,0.0391145,-0.6373165,-0.01819314,0.07133042,0.767078,-0.02005862,1.122329,0.2279102,-0.06819355,0.1553211,-0.05680143,0.9838692,MathCanvas,-0.4728906,1.248855,1.595795,-0.162461,1.520926,0.02952758,-0.1924825,-0.1360835,0.9718188,-0.1288462,1.521084,0.03120068,-0.2188301,-0.1355798,0.9662979,-0.1961458,1.52078,0.02821714,-0.1663009,-0.136438,0.9765903,-0.162496,1.520932,0.02970891,358.763,357.456,0.2586468,0,0,False
1,Center_Dir_Close,671,28.33999,-0.1625415,1.520922,0.02988193,-0.1629623,1.23245,0.03912459,-0.637337,-0.01820292,0.07132141,0.7670616,-0.02051753,1.122038,0.2281911,-0.06779835,0.15548,-0.04626396,0.9844232,MathCanvas,-0.4763141,1.299065,1.614135,-0.1625127,1.520921,0.02979524,-0.1925113,-0.1363278,0.9717789,-0.1288917,1.521077,0.03137271,-0.2186207,-0.1360024,0.9662859,-0.1961914,1.520767,0.02839115,-0.1660892,-0.1368607,0.9765672,-0.1625415,1.520922,0.02988193,358.7719,357.4576,0.2638879,0,0,False
1,Center_Dir_Close,672,28.35999,-0.1625604,1.520875,0.02996271,-0.1629505,1.232464,0.03928065,-0.6370376,-0.0181277,0.07125351,0.7673183,-0.01998633,1.12334,0.2262182,-0.07274667,0.1258539,-0.07643129,0.9864213,MathCanvas,-0.4763819,1.298675,1.614118,-0.1625415,1.520922,0.02988193,-0.1832163,-0.09721626,0.978254,-0.128911,1.521019,0.03146309,-0.2098071,-0.0972131,0.972898,-0.1962099,1.52073,0.02846233,-0.1571052,-0.09773462,0.9827338,-0.1625604,1.520875,0.02996271,358.7894,357.4418,0.2464432,0,0,False
1,Center_Dir_Close,673,28.37999,-0.1625344,1.520783,0.03009257,-0.1629933,1.232468,0.03941404,-0.6368318,-0.01803243,0.07128233,0.7674888,-0.01930083,1.123664,0.2249486,-0.0740687,0.1204997,-0.08678191,0.9861352,MathCanvas,-0.4763819,1.298675,1.614118,-0.1625802,1.520856,0.03004732,-0.1835727,-0.09783848,0.9781251,-0.1288856,1.520933,0.03160762,-0.2101955,-0.09816793,0.9727184,-0.1961832,1.520634,0.02857753,-0.1574979,-0.09866595,0.982578,-0.1625344,1.520783,0.03009257,358.8291,357.4168,0.2544058,0,0,False
1,Center_Dir_Close,674,28.39999,-0.1625502,1.520754,0.03017402,-0.1629933,1.232468,0.03941404,-0.6368318,-0.01803243,0.07128233,0.7674888,-0.01922183,1.123751,0.2246632,-0.07438734,0.117333,-0.08891788,0.9863027,MathCanvas,-0.4763819,1.298675,1.614118,-0.1625344,1.520783,0.03009257,-0.1838487,-0.08738352,0.9790627,-0.1289016,1.520904,0.03169319,-0.210248,-0.08737541,0.9737357,-0.1961988,1.520604,0.02865485,-0.1575512,-0.08779845,0.9836001,-0.1625502,1.520754,0.03017402,358.8408,357.4098,0.2553152,0,0,False
1,Center_Dir_Close,675,28.41999,-0.1625396,1.520838,0.03030072,-0.1629576,1.232468,0.03948221,-0.63699,-0.01822517,0.07118734,0.7673618,-0.02142565,1.122749,0.2267338,-0.07005978,0.1294935,-0.05147897,0.9877616,MathCanvas,-0.4763819,1.298675,1.614118,-0.1625304,1.520778,0.03025286,-0.1719895,-0.08776146,0.9811817,-0.1288915,1.520983,0.03183103,-0.1982598,-0.08720638,0.9762623,-0.1961877,1.520693,0.0287704,-0.1453555,-0.08757681,0.9854958,-0.1625396,1.520838,0.03030072,358.8252,357.3909,0.2467034,0,0,False
1,Center_Dir_Close,676,28.43999,-0.1625208,1.520852,0.03030289,-0.1629525,1.232494,0.03962889,-0.6370469,-0.01822768,0.07112253,0.7673203,-0.02187067,1.122468,0.2274564,-0.06495678,0.1284664,-0.05211188,0.9882112,MathCanvas,-0.4763819,1.298675,1.614118,-0.1625396,1.520838,0.03030072,-0.1762971,-0.1479664,0.9731522,-0.1288714,1.520979,0.03180572,-0.2019336,-0.1474639,0.9682341,-0.1961702,1.520725,0.02880005,-0.1491048,-0.1483516,0.9776295,-0.1625208,1.520852,0.03030289,358.826,357.4384,0.2155907,0,0,False
1,Center_Dir_Close,677,28.45999,-0.1625154,1.520849,0.03035904,-0.1629537,1.232515,0.03966663,-0.6370533,-0.01821794,0.07112478,0.7673151,-0.02181659,1.122365,0.2275531,-0.06318731,0.1259249,-0.05309387,0.9886007,MathCanvas,-0.4484618,1.280862,1.608684,-0.1625208,1.520852,0.03030289,-0.1761604,-0.1481164,0.9731542,-0.1288658,1.520975,0.03185903,-0.202432,-0.1477681,0.9680836,-0.1961649,1.520724,0.02885904,-0.1496084,-0.1486322,0.97751,-0.1625154,1.520849,0.03035904,358.8312,357.4433,0.213154,0,0,False
1,Center_Dir_Close,678,28.47999,-0.1624754,1.520871,0.0303677,-0.1629787,1.23268,0.03993301,-0.637214,-0.01854396,0.07112692,0.7671736,-0.01880734,1.12276,0.2267461,-0.06734241,0.1168464,-0.07596641,0.9879479,MathCanvas,-0.4482182,1.280629,1.608653,-0.1624853,1.520864,0.03036131,-0.1755826,-0.1600142,0.9713734,-0.1288249,1.521017,0.03184433,-0.2016606,-0.1597233,0.9663444,-0.1961259,1.520726,0.02889107,-0.1488309,-0.1606453,0.9757267,-0.1624754,1.520871,0.0303677,358.8346,357.4824,0.247861,0,0,False
1,Center_Dir_Close,679,28.49999,-0.1624703,1.520864,0.03041275,-0.1629787,1.23268,0.03993301,-0.637214,-0.01854396,0.07112692,0.7671736,-0.01853299,1.122751,0.2267491,-0.06709103,0.114778,-0.07777768,0.9880665,MathCanvas,-0.4465396,1.261994,1.601892,-0.1624754,1.520871,0.0303677,-0.1753086,-0.1601843,0.9713948,-0.1288195,1.521011,0.03188365,-0.2014884,-0.1598035,0.966367,-0.196121,1.520717,0.02894185,-0.148657,-0.1607238,0.9757402,-0.1624703,1.520864,0.03041275,358.839,357.4921,0.2503068,0,0,False
1,Center_Dir_Close,680,28.51999,-0.1625106,1.520897,0.03049421,-0.1629851,1.232758,0.04012655,-0.6373994,-0.01852325,0.07112055,0.7670207,-0.01952965,1.123695,0.2253907,-0.08749375,0.1271927,-0.05206043,0.986639,MathCanvas,-0.4460767,1.261725,1.601892,-0.1625017,1.520865,0.03043227,-0.1749739,-0.1723351,0.9693734,-0.1288595,1.521048,0.03195537,-0.2013148,-0.171589,0.9643804,-0.1961618,1.520746,0.02903305,-0.1484833,-0.1725722,0.973741,-0.1625106,1.520897,0.03049421,358.821,357.5085,0.2570729,0,0,False
1,Center_Dir_Close,681,28.53999,-0.1625186,1.520915,0.03054607,-0.1629851,1.232758,0.04012655,-0.6373994,-0.01852325,0.07112055,0.7670207,-0.01953616,1.123797,0.2251126,-0.08951995,0.1258886,-0.05159555,0.9866489,MathCanvas,-0.4449093,1.242758,1.595012,-0.1625106,1.520897,0.03049421,-0.1748189,-0.1723242,0.9694033,-0.1288674,1.521071,0.03200429,-0.201064,-0.1718006,0.964395,-0.1961699,1.520759,0.02908784,-0.1482298,-0.1727944,0.9737402,-0.1625186,1.520915,0.03054607,358.8183,357.5132,0.2656111,0,0,False
1,Center_Dir_Close,682,28.55999,-0.1625751,1.521096,0.03076291,-0.163087,1.23278,0.04028089,-0.6376753,-0.01881829,0.07108439,0.7667875,-0.01840159,1.123879,0.2245557,-0.08364108,0.1167017,-0.07913644,0.9864696,MathCanvas,-0.4446696,1.242791,1.595125,-0.162523,1.52092,0.03059214,-0.1760817,-0.1714771,0.9693249,-0.1289254,1.521266,0.03225605,-0.2035199,-0.1698819,0.9642198,-0.1962247,1.520926,0.02926977,-0.1507136,-0.1708323,0.9737052,-0.1625751,1.521096,0.03076291,358.7485,357.453,0.2887616,0,0,False
1,Center_Dir_Close,683,28.57999,-0.1625913,1.521121,0.03084919,-0.1630954,1.232782,0.04030275,-0.6377065,-0.01886558,0.07109664,0.7667594,-0.01821661,1.12398,0.2243456,-0.08466557,0.1154228,-0.08141706,0.9863471,MathCanvas,-0.4468558,1.244249,1.595721,-0.1625751,1.521096,0.03076291,-0.1763176,-0.1712941,0.9693144,-0.128942,1.521285,0.03235078,-0.2029354,-0.1706161,0.9642134,-0.1962406,1.520957,0.02934761,-0.150123,-0.1716057,0.9736604,-0.1625913,1.521121,0.03084919,358.7391,357.4388,0.2788109,0,0,False
1,Center_Dir_Close,684,28.59999,-0.162612,1.521028,0.0309361,-0.1630828,1.232747,0.04037916,-0.6376831,-0.01884684,0.07121612,0.7667682,-0.01863342,1.124045,0.2245073,-0.08478812,0.1167298,-0.07749523,0.9864987,MathCanvas,-0.4472813,1.244543,1.595946,-0.1625913,1.521121,0.03084919,-0.1822716,-0.17215,0.9680607,-0.1289631,1.521177,0.03245032,-0.2089946,-0.172304,0.9626176,-0.1962608,1.52088,0.02942188,-0.1562854,-0.1733741,0.9723766,-0.162612,1.521028,0.0309361,358.7834,357.418,0.2523324,0,0,False
1,Center_Dir_Close,685,28.61999,-0.1626454,1.520827,0.0310031,-0.1631591,1.232688,0.04043131,-0.637157,-0.0186125,0.07146137,0.7671883,-0.01972032,1.124569,0.2233545,-0.09297463,0.1069411,-0.07806391,0.9868259,MathCanvas,-0.4571836,1.242814,1.595432,-0.1626239,1.52088,0.03095304,-0.1823808,-0.1744932,0.9676205,-0.1289964,1.52099,0.03251174,-0.2086836,-0.1741259,0.9623572,-0.1962944,1.520664,0.02949445,-0.1559716,-0.1751881,0.9721018,-0.1626454,1.520827,0.0310031,358.8953,357.4275,0.2773317,0,0,False
1,Center_Dir_Close,686,28.63999,-0.1626581,1.520772,0.03103549,-0.1631573,1.232702,0.04048301,-0.6370289,-0.01859495,0.0715365,0.7672881,-0.02043491,1.12505,0.2228655,-0.09696756,0.1038539,-0.07792571,0.9867823,MathCanvas,-0.457267,1.238948,1.594116,-0.1626454,1.520827,0.0310031,-0.1824454,-0.1748032,0.9675524,-0.1290088,1.520936,0.03253796,-0.2085454,-0.1747551,0.9622731,-0.1963073,1.520607,0.02953302,-0.1558321,-0.1758178,0.9720105,-0.1626581,1.520772,0.03103549,358.9234,357.4381,0.2798397,0,0,False
1,Center_Dir_Close,687,28.65999,-0.1626553,1.520758,0.03110642,-0.1631526,1.232709,0.04053457,-0.6370375,-0.01849868,0.07163337,0.7672743,-0.02161808,1.126062,0.2216999,-0.1074701,0.0984755,-0.07668322,0.986343,MathCanvas,-0.457399,1.238377,1.594118,-0.1626723,1.520744,0.03107989,-0.1817239,-0.1754302,0.9675746,-0.1290059,1.520933,0.03260496,-0.2079717,-0.1749589,0.9623602,-0.1963047,1.520584,0.02960789,-0.1552501,-0.1759924,0.972072,-0.1626553,1.520758,0.03110642,358.9392,357.4446,0.2967035,0,0,False
1,Center_Dir_Close,688,28.67999,-0.1626621,1.520734,0.03115008,-0.1631497,1.232708,0.04054288,-0.6370513,-0.01844695,0.07165202,0.7672622,-0.02191802,1.126344,0.2213204,-0.1104787,0.09614573,-0.07715044,0.986204,MathCanvas,-0.4561604,1.237418,1.593851,-0.1626553,1.520758,0.03110642,-0.07704627,-0.2418969,0.9672382,-0.1290127,1.520906,0.03264833,-0.1039976,-0.2419654,0.9646955,-0.1963116,1.520563,0.02965183,-0.05005171,-0.2421575,0.9689451,-0.1626621,1.520734,0.03115008,358.9491,357.4452,0.2923341,0,0,False
1,Center_Dir_Close,689,28.69999,-0.1626243,1.520892,0.0311392,-0.16316,1.232728,0.04060595,-0.6373177,-0.01818659,0.07171208,0.7670416,-0.02101627,1.125429,0.2232401,-0.0903034,0.09508037,-0.09658112,0.9866495,MathCanvas,-0.2843046,1.138822,1.558249,-0.1626229,1.520822,0.03113058,-0.07666107,-0.2413611,0.9674026,-0.1289741,1.521062,0.03262104,-0.1034035,-0.2408928,0.9650276,-0.1962744,1.520723,0.02965736,-0.04945487,-0.241088,0.9692424,-0.1626243,1.520892,0.0311392,358.9059,357.473,0.2884605,0,0,False
1,Center_Dir_Close,690,28.71999,-0.1626258,1.520905,0.03116731,-0.16316,1.232728,0.04060595,-0.6373177,-0.01818659,0.07171208,0.7670416,-0.02111056,1.125514,0.2232327,-0.08971104,0.09324908,-0.09952917,0.9865853,MathCanvas,-0.2836691,1.139793,1.55863,-0.1626243,1.520892,0.0311392,-0.07653839,-0.2412428,0.9674419,-0.1289755,1.52108,0.03264578,-0.1033525,-0.2410036,0.9650055,-0.1962761,1.520731,0.02968884,-0.049404,-0.2411761,0.969223,-0.1626258,1.520905,0.03116731,358.8965,357.4785,0.2971497,0,0,False
1,Center_Dir_Close,691,28.73999,-0.1625722,1.521088,0.03116949,-0.1631476,1.232655,0.04062822,-0.6378433,-0.01828243,0.0718246,0.7665918,-0.0209297,1.124425,0.2241035,-0.07696832,0.07954903,-0.1104614,0.9876974,MathCanvas,-0.2834766,1.139994,1.558716,-0.1625877,1.521032,0.03115119,0.1331976,-0.4059437,0.9041395,-0.128921,1.52125,0.03263082,0.1069728,-0.4074795,0.9069274,-0.1962233,1.520926,0.02970815,0.1598381,-0.4034874,0.900916,-0.1625722,1.521088,0.03116949,358.7958,357.5076,0.2753116,0,0,False
1,Center_Dir_Close,692,28.75999,-0.1625651,1.521125,0.03119221,-0.1631476,1.232655,0.04062822,-0.6378433,-0.01828243,0.0718246,0.7665918,-0.02098582,1.12435,0.2242112,-0.07483319,0.07619365,-0.1141228,0.9877098,MathCanvas,0.04844923,0.8779624,1.463573,-0.1625722,1.521088,0.03116949,0.1332327,-0.4056344,0.9042731,-0.1289138,1.521286,0.03264828,0.1068892,-0.4073777,0.906983,-0.1962165,1.520964,0.02973614,0.1597548,-0.4033781,0.9009798,-0.1625651,1.521125,0.03119221,358.7791,357.5166,0.273213,0,0,False
1,Center_Dir_Close,693,28.77999,-0.1625555,1.521162,0.031221,-0.1631494,1.232658,0.04063606,-0.6378055,-0.018256,0.0718447,0.766622,-0.02143885,1.124294,0.224349,-0.0719882,0.06752445,-0.1172067,0.9881907,MathCanvas,0.04849948,0.878527,1.463724,-0.1625651,1.521125,0.03119221,0.1333245,-0.4053607,0.9043823,-0.1289039,1.52132,0.0326724,0.1069448,-0.4070776,0.9071111,-0.196207,1.521004,0.0297696,0.1598102,-0.4030872,0.9011,-0.1625555,1.521162,0.031221,358.7604,357.5245,0.2683858,0,0,False
1,Center_Dir_Close,694,28.79999,-0.1624583,1.521226,0.03135515,-0.1631442,1.232582,0.04070578,-0.6374378,-0.01784695,0.07204685,0.7669185,-0.02028692,1.124785,0.2219761,-0.08747438,0.06956263,-0.1234207,0.9860409,MathCanvas,0.0486493,0.8790134,1.46389,-0.162509,1.521218,0.03130269,0.1340439,-0.404945,0.9044622,-0.128806,1.521414,0.03278545,0.1079015,-0.4067152,0.9071604,-0.1961106,1.521038,0.02992486,0.1607593,-0.4026775,0.9011145,-0.1624583,1.521226,0.03135515,358.7445,357.5593,0.3198771,0,0,False
1,Center_Dir_Close,695,28.81999,-0.1624471,1.521193,0.03141051,-0.1631323,1.23253,0.04072422,-0.6374179,-0.01785614,0.07206194,0.7669333,-0.02062955,1.125057,0.221676,-0.0945778,0.08002759,-0.1037966,0.986852,MathCanvas,0.04988647,0.8797351,1.464153,-0.1624583,1.521226,0.03135515,0.1343618,-0.4046974,0.9045258,-0.1287945,1.521373,0.03283327,0.1080115,-0.4066782,0.9071639,-0.1960998,1.521012,0.02998775,0.1608689,-0.4026532,0.9011058,-0.1624471,1.521193,0.03141051,358.7401,357.5724,0.3070003,0,0,False
1,Center_Dir_Close,696,28.83999,-0.1624285,1.521174,0.03149997,-0.1631422,1.232518,0.0407358,-0.637468,-0.01788268,0.07209216,0.7668881,-0.02097432,1.125203,0.2209992,-0.1008669,0.08101275,-0.09292574,0.9872323,MathCanvas,0.05040552,0.8800809,1.464338,-0.162431,1.521217,0.0314416,0.1327501,-0.3985094,0.9075063,-0.1287752,1.521343,0.03290986,0.1062807,-0.4005759,0.9100788,-0.1960817,1.521005,0.03009009,0.1591676,-0.3966629,0.9040599,-0.1624285,1.521174,0.03149997,358.731,357.5947,0.2877864,0,0,False
1,Center_Dir_Close,697,28.85999,-0.1624147,1.521187,0.03153539,-0.1631422,1.232518,0.0407358,-0.637468,-0.01788268,0.07209216,0.7668881,-0.02097432,1.125203,0.2209992,-0.1008669,0.08101275,-0.09292574,0.9872323,MathCanvas,0.0477183,0.8903234,1.468106,-0.1624285,1.521174,0.03149997,0.1273652,-0.3990127,0.9080567,-0.1287611,1.521356,0.03293864,0.1010202,-0.4007643,0.9105948,-0.1960682,1.521018,0.03013214,0.1539923,-0.3969655,0.9048231,-0.1624147,1.521187,0.03153539,358.7216,357.6059,0.2871968,0,0,False
1,Center_Dir_Close,698,28.87999,-0.162557,1.520822,0.03160959,-0.1630687,1.232341,0.04069482,-0.6375471,-0.01796202,0.07217457,0.7668129,-0.02000216,1.124767,0.2228294,-0.09096361,0.09447901,-0.08597355,0.9876274,MathCanvas,0.03907156,0.8899658,1.468042,-0.1625419,1.52088,0.03157747,0.1269982,-0.4034511,0.9061449,-0.1289047,1.521004,0.03304058,0.1004414,-0.4057492,0.9084488,-0.1962093,1.52064,0.0301786,0.1534165,-0.4018829,0.9027477,-0.162557,1.520822,0.03160959,358.866,357.559,0.3094517,0,0,False
1,Center_Dir_Close,699,28.89999,-0.1625618,1.520788,0.03164864,-0.1630687,1.232341,0.04069482,-0.6375471,-0.01796202,0.07217457,0.7668129,-0.01999209,1.124763,0.2228377,-0.09093235,0.09461864,-0.08584226,0.9876283,MathCanvas,0.03838791,0.8824552,1.465371,-0.162557,1.520822,0.03160959,0.1270308,-0.403674,0.9060411,-0.1289095,1.520973,0.03307972,0.1005465,-0.4058297,0.9084011,-0.1962141,1.520604,0.03021755,0.153521,-0.4019622,0.9026947,-0.1625618,1.520788,0.03164864,358.881,357.5588,0.313597,0,0,False
1,Center_Dir_Close,700,28.91999,-0.1625707,1.52076,0.03168594,-0.1630591,1.232328,0.04068762,-0.637534,-0.01796129,0.07217015,0.7668242,-0.01976404,1.124605,0.2230716,-0.08930499,0.09714875,-0.08493732,0.9876094,MathCanvas,0.03845106,0.882017,1.465363,-0.1625618,1.520788,0.03164864,0.1270016,-0.4041634,0.905827,-0.1289187,1.520952,0.03312267,0.1004424,-0.4066514,0.9080451,-0.1962227,1.520568,0.03024921,0.153417,-0.4027567,0.9023582,-0.1625707,1.52076,0.03168594,358.918,357.5491,0.3270623,0,0,False
1,Center_Dir_Close,701,28.93999,-0.1626634,1.520711,0.03166908,-0.1630099,1.232212,0.04073317,-0.6372387,-0.01790992,0.07222887,0.7670652,-0.01959854,1.124156,0.2234614,-0.09327469,0.1093838,-0.07277352,0.9869342,MathCanvas,0.0384018,0.8811954,1.465103,-0.1626256,1.520704,0.03167647,0.129455,-0.4062322,0.9045534,-0.1290118,1.520874,0.03311864,0.1027025,-0.4081375,0.9071251,-0.196315,1.520548,0.03021952,0.155636,-0.4042236,0.9013216,-0.1626634,1.520711,0.03166908,358.9355,357.5283,0.2771679,0,0,False
1,Center_Dir_Close,702,28.95999,-0.1626848,1.520686,0.03169079,-0.1630088,1.232202,0.04073653,-0.6372623,-0.01790091,0.07223392,0.7670454,-0.01951575,1.124084,0.2235525,-0.09367803,0.1117087,-0.07047472,0.9868024,MathCanvas,0.04229733,0.8775402,1.463811,-0.1626634,1.520711,0.03166908,0.1293769,-0.4064267,0.9044772,-0.1290333,1.520847,0.03314199,0.1028108,-0.4085687,0.9069187,-0.1963364,1.520526,0.03023959,0.1557436,-0.4046502,0.9011117,-0.1626848,1.520686,0.03169079,358.9464,357.5257,0.2729642,0,0,False
1,Center_Dir_Close,703,28.97999,-0.16272,1.520695,0.03174281,-0.1630184,1.232202,0.04072645,-0.6373371,-0.01789749,0.07224214,0.7669825,-0.01981974,1.124387,0.2230144,-0.09840554,0.1084776,-0.06937052,0.986781,MathCanvas,0.04215305,0.8772058,1.463717,-0.162704,1.52066,0.03171344,0.1290254,-0.406485,0.9045012,-0.129069,1.520852,0.03320633,0.1022494,-0.4082079,0.9071446,-0.1963711,1.520539,0.0302793,0.1551859,-0.4042973,0.9013662,-0.16272,1.520695,0.03174281,358.9444,357.5048,0.2663722,0,0,False
1,Center_Dir_Close,704,28.99999,-0.1627057,1.520886,0.03180082,-0.1630871,1.232142,0.04076402,-0.6376535,-0.01796696,0.07208829,0.7667324,-0.02045557,1.124238,0.2228893,-0.09508938,0.1047835,-0.07121605,0.9873737,MathCanvas,0.04154384,0.8771774,1.463684,-0.16272,1.520695,0.03174281,0.1284102,-0.4019724,0.906603,-0.1290554,1.521059,0.03328034,0.1016258,-0.4023261,0.9098383,-0.196356,1.520714,0.0303213,0.1545673,-0.3984315,0.9040804,-0.1627057,1.520886,0.03180082,358.8479,357.4766,0.2927737,0,0,False
1,Center_Dir_Close,705,29.01999,-0.1627266,1.520937,0.03184223,-0.1631357,1.23213,0.0408175,-0.6374455,-0.01793068,0.07202215,0.7669123,-0.02037487,1.124189,0.2230531,-0.09254912,0.1042841,-0.07478366,0.9874041,MathCanvas,0.0405011,0.8847724,1.466483,-0.1627113,1.520911,0.03181663,0.1313471,-0.3997292,0.9071739,-0.1290765,1.521104,0.03332413,0.1047546,-0.4015633,0.9098206,-0.1963768,1.52077,0.03036034,0.1576476,-0.3976354,0.903899,-0.1627266,1.520937,0.03184223,358.836,357.4726,0.2848038,0,0,False
1,Center_Dir_Close,706,29.03999,-0.1627366,1.520962,0.0318665,-0.1631486,1.232127,0.0408298,-0.6373605,-0.01792375,0.0720083,0.7669845,-0.02037487,1.124189,0.2230531,-0.09254912,0.1042841,-0.07478366,0.9874041,MathCanvas,0.04517353,0.8882336,1.467744,-0.1627266,1.520937,0.03184223,0.1313279,-0.3951547,0.9091786,-0.1290866,1.521135,0.03335106,0.1048377,-0.3970209,0.9118023,-0.1963866,1.52079,0.03038193,0.1577288,-0.3931162,0.9058594,-0.1627366,1.520962,0.0318665,358.8323,357.4679,0.2935537,0,0,False
1,Center_Dir_Close,707,29.05999,-0.1626984,1.520898,0.03185653,-0.1632369,1.232116,0.04082759,-0.6372905,-0.01805675,0.07205455,0.7670352,-0.02034182,1.124161,0.2233082,-0.08925072,0.1061201,-0.07812753,0.9872532,MathCanvas,0.0450612,0.8957165,1.470442,-0.1627366,1.520962,0.0318665,0.1312312,-0.3950336,0.9092452,-0.1290471,1.52107,0.03331212,0.1055449,-0.3972045,0.9116408,-0.1963498,1.520725,0.03040095,0.1584315,-0.3933054,0.9056547,-0.1626984,1.520898,0.03185653,358.8464,357.5173,0.2935857,0,0,False
1,Center_Dir_Close,708,29.07999,-0.162706,1.520888,0.03192126,-0.163259,1.232099,0.04078772,-0.6374257,-0.0181214,0.07207125,0.7669197,-0.02031945,1.124183,0.2233939,-0.09009281,0.10787,-0.07592667,0.9871588,MathCanvas,0.04494075,0.8958603,1.470499,-0.1627017,1.520907,0.03187342,0.1322275,-0.3953727,0.9089534,-0.1290541,1.521055,0.03336308,0.1059952,-0.3974725,0.9114717,-0.196358,1.520721,0.03047944,0.1588793,-0.3935875,0.9054536,-0.162706,1.520888,0.03192126,358.8511,357.541,0.2848255,0,0,False
1,Center_Dir_Close,709,29.09999,-0.1627045,1.520843,0.03194218,-0.1632673,1.232079,0.04075806,-0.6374351,-0.01808624,0.07206508,0.7669134,-0.01998956,1.12412,0.2236309,-0.08960238,0.1095791,-0.0766563,0.9869588,MathCanvas,0.04653467,0.8952388,1.470275,-0.162706,1.520888,0.03192126,0.1319775,-0.3934907,0.909806,-0.1290523,1.52101,0.03337787,0.1056664,-0.395688,0.9122859,-0.1963567,1.520676,0.03050649,0.1585554,-0.3918185,0.9062772,-0.1627045,1.520843,0.03194218,358.8677,357.5515,0.283875,0,0,False
1,Center_Dir_Close,710,29.11999,-0.1626988,1.520776,0.03196998,-0.1632695,1.232075,0.04075458,-0.6374182,-0.0180596,0.0720681,0.7669277,-0.01936544,1.124166,0.2238998,-0.08806089,0.1111661,-0.08220752,0.9864732,MathCanvas,0.04610324,0.8982832,1.471388,-0.1627046,1.520798,0.03195641,0.006629699,-0.2547111,-0.9669946,-0.1290467,1.520944,0.0334076,-0.03370445,-0.2553472,0.9662617,-0.1963509,1.520609,0.03053237,0.02040422,-0.2546183,0.9668263,-0.1626988,1.520776,0.03196998,358.9055,357.5484,0.2849887,0,0,False
1,Center_Dir_Close,711,29.13999,-0.1627062,1.520751,0.03198482,-0.1632695,1.232075,0.04075458,-0.6374182,-0.0180596,0.0720681,0.7669277,-0.01911273,1.124222,0.2239915,-0.08749784,0.1118715,-0.08462142,0.9862394,MathCanvas,0.04610324,0.8982832,1.471388,-0.1626988,1.520776,0.03196998,0.006470439,-0.2548137,-0.9669688,-0.1290538,1.520918,0.03341635,-0.03334248,-0.2552715,0.9662943,-0.1963585,1.520583,0.03055328,0.02076633,-0.2545394,0.9668394,-0.1627062,1.520751,0.03198482,358.9109,357.5587,0.2852966,0,0,False
1,Center_Dir_Close,712,29.15999,-0.1627575,1.520699,0.03202533,-0.1631475,1.232035,0.0407061,-0.6372964,-0.01778455,0.0721385,0.7670287,-0.01808596,1.125404,0.2230596,-0.09522093,0.1102852,-0.0988454,0.9843779,MathCanvas,0.04610324,0.8982832,1.471388,-0.162734,1.520706,0.0320032,-0.1525483,-0.1746146,0.972748,-0.129106,1.520869,0.03347614,-0.1793593,-0.1743272,0.968215,-0.196409,1.520528,0.03057452,-0.1261857,-0.1751134,0.9764284,-0.1627575,1.520699,0.03202533,358.9373,357.526,0.2899983,0,0,False
1,Center_Dir_Close,713,29.17999,-0.1627744,1.52069,0.03205302,-0.1631543,1.231976,0.04063984,-0.6373696,-0.01786678,0.07205814,0.7669735,-0.01845291,1.125705,0.2220513,-0.1010032,0.10592,-0.09805356,0.9843601,MathCanvas,-0.4080631,1.23991,1.596254,-0.1627575,1.520699,0.03202533,-0.1527739,-0.1745924,0.9727166,-0.1291233,1.520864,0.0335139,-0.179581,-0.1741441,0.9682068,-0.1964254,1.520517,0.03059214,-0.1264095,-0.1749149,0.9764351,-0.1627744,1.52069,0.03205302,358.933,357.5087,0.2951284,0,0,False
1,Center_Dir_Close,714,29.19999,-0.1628166,1.520651,0.03211806,-0.163199,1.231947,0.04059168,-0.6373409,-0.01799912,0.07198257,0.7670015,-0.01886359,1.125578,0.2226789,-0.09836892,0.1096273,-0.08840468,0.9851345,MathCanvas,-0.4084589,1.239918,1.596334,-0.162795,1.520678,0.0320836,-0.1538919,-0.1636858,0.9744353,-0.1291658,1.520819,0.03358742,-0.1805707,-0.1634212,0.9698905,-0.1964673,1.520484,0.03064871,-0.1274114,-0.1641524,0.978172,-0.1628166,1.520651,0.03211806,358.9487,357.4945,0.2848504,0,0,False
1,Center_Dir_Close,715,29.21999,-0.1628222,1.520645,0.03214883,-0.1632186,1.231927,0.04055681,-0.6373157,-0.01800847,0.07199,0.7670214,-0.01908901,1.125841,0.2232017,-0.0992488,0.1185023,-0.07620145,0.9850382,MathCanvas,-0.4108316,1.256852,1.602536,-0.1628166,1.520651,0.03211806,-0.1540981,-0.1637632,0.9743897,-0.1291718,1.520812,0.03362607,-0.1808525,-0.1634668,0.9698304,-0.1964726,1.520479,0.03067159,-0.1276956,-0.1641949,0.9781277,-0.1628222,1.520645,0.03214883,358.9529,357.4812,0.2832392,0,0,False
1,Center_Dir_Close,716,29.23999,-0.1628413,1.520641,0.03215799,-0.1631668,1.231841,0.04048397,-0.637351,-0.01804795,0.07198253,0.7669919,-0.01900216,1.125473,0.2238502,-0.09677884,0.1258995,-0.07271858,0.9846295,MathCanvas,-0.4111817,1.256709,1.60257,-0.1628222,1.520645,0.03214883,-0.1541042,-0.1675605,0.973743,-0.1291909,1.520805,0.0336344,-0.1806184,-0.1669965,0.9692725,-0.1964918,1.520477,0.03068159,-0.1274592,-0.1677489,0.9775553,-0.1628413,1.520641,0.03215799,358.9424,357.4826,0.278954,0,0,False
1,Center_Dir_Close,717,29.25999,-0.1628626,1.520619,0.03218488,-0.1631544,1.231817,0.04046346,-0.6373715,-0.01805842,0.07198028,0.7669749,-0.0186542,1.125361,0.2240934,-0.0973923,0.1324359,-0.07414892,0.9836043,MathCanvas,-0.4110408,1.250769,1.600462,-0.1628488,1.520632,0.03216505,-0.1517845,-0.1675086,0.9741162,-0.1292122,1.520778,0.03366454,-0.178405,-0.1671981,0.9696476,-0.1965129,1.520461,0.03070522,-0.125213,-0.1679386,0.9778131,-0.1628626,1.520619,0.03218488,358.9533,357.4773,0.2702068,0,0,False
1,Center_Dir_Close,718,29.27999,-0.162866,1.520607,0.0321594,-0.163173,1.231765,0.0403705,-0.6375725,-0.01830356,0.07192135,0.7668074,-0.01805184,1.125373,0.2240612,-0.1001594,0.1367958,-0.08079996,0.9822049,MathCanvas,-0.4072424,1.250923,1.600555,-0.1628626,1.520619,0.03218488,-0.1515199,-0.1676809,0.9741277,-0.1292152,1.520772,0.03362783,-0.1777049,-0.167491,0.9697256,-0.1965167,1.520441,0.03069096,-0.1245073,-0.1682121,0.9778562,-0.162866,1.520607,0.0321594,358.9621,357.4962,0.2813514,0,0,False
1,Center_Dir_Close,719,29.29999,-0.1628596,1.520604,0.03216487,-0.1631624,1.231722,0.04029091,-0.6376798,-0.01838442,0.0719291,0.7667155,-0.01813097,1.125505,0.2243495,-0.1026279,0.1394622,-0.08040447,0.9816073,MathCanvas,-0.4068106,1.250643,1.60049,-0.162866,1.520607,0.0321594,-0.15144,-0.1678228,0.9741157,-0.1292087,1.520769,0.03362994,-0.1778866,-0.1676054,0.9696726,-0.1965106,1.520439,0.03069981,-0.1246904,-0.1683394,0.9778109,-0.1628596,1.520604,0.03216487,358.9709,357.502,0.2805024,0,0,False
1,Center_Dir_Close,720,29.31999,-0.1628972,1.520567,0.03224503,-0.1631231,1.231661,0.04021508,-0.6376145,-0.01806296,0.0720093,0.7667699,-0.02074816,1.12543,0.2249083,-0.1082411,0.1392996,-0.05762032,0.9826288,MathCanvas,-0.4066699,1.250418,1.600439,-0.1628745,1.520574,0.03218835,-0.1681208,-0.1660669,0.9716775,-0.1292463,1.520741,0.03370943,-0.1945903,-0.1658322,0.9667649,-0.1965481,1.520393,0.03078062,-0.1416479,-0.1666719,0.975785,-0.1628972,1.520567,0.03224503,358.9921,357.503,0.2963248,0,0,False
1,Center_Dir_Close,721,29.33999,-0.1628872,1.520667,0.03234132,-0.1631653,1.231614,0.04015828,-0.6377575,-0.01807619,0.07198619,0.7666528,-0.02241845,1.124835,0.2256108,-0.1053866,0.1418092,-0.04272511,0.9833404,MathCanvas,-0.4343584,1.252423,1.601192,-0.1628972,1.520567,0.03224503,-0.1685428,-0.1657627,0.9716563,-0.1292374,1.520845,0.03382993,-0.1956364,-0.1647582,0.9667374,-0.1965371,1.520489,0.03085271,-0.1427037,-0.165602,0.9758133,-0.1628872,1.520667,0.03234132,358.9571,357.4615,0.3027231,0,0,False
1,Center_Dir_Close,722,29.35999,-0.1628854,1.520734,0.03242188,-0.1631529,1.231597,0.04016564,-0.6378077,-0.01811981,0.07195366,0.7666132,-0.02289789,1.124182,0.2266484,-0.1010957,0.1480403,-0.04088411,0.9829507,MathCanvas,-0.4350634,1.252981,1.601447,-0.1628841,1.520719,0.03238569,-0.1742692,-0.1638697,0.9709671,-0.1292356,1.520898,0.03391222,-0.2007159,-0.1632857,0.9659456,-0.1965352,1.520569,0.03093154,-0.1478687,-0.1641921,0.9752824,-0.1628854,1.520734,0.03242188,358.9428,357.4589,0.2799375,0,0,False
1,Center_Dir_Close,723,29.37999,-0.1628208,1.520714,0.03245274,-0.1630653,1.23155,0.04015567,-0.6377837,-0.01819431,0.07190087,0.7666363,-0.02143304,1.123793,0.2262122,-0.09802246,0.1404199,-0.06372674,0.9831647,MathCanvas,-0.4446889,1.255747,1.602532,-0.1628854,1.520734,0.03242188,-0.174174,-0.1638643,0.970985,-0.1291701,1.520843,0.03392568,-0.2002039,-0.1637186,0.9659786,-0.1964716,1.520585,0.03097979,-0.1473507,-0.1647261,0.9752708,-0.1628208,1.520714,0.03245274,358.972,357.4897,0.2194468,0,0,False
1,Center_Dir_Close,724,29.39999,-0.1628211,1.520718,0.03248177,-0.1630653,1.23155,0.04015567,-0.6377837,-0.01819431,0.07190087,0.7666363,-0.02143304,1.123793,0.2262122,-0.09802246,0.1404199,-0.06372674,0.9831647,MathCanvas,-0.4444764,1.25573,1.602625,-0.1628208,1.520714,0.03245274,-0.1740195,-0.1640967,0.9709735,-0.1291703,1.520841,0.03395428,-0.200401,-0.1636214,0.9659541,-0.1964719,1.520596,0.03100926,-0.14755,-0.1645978,0.9752623,-0.1628211,1.520718,0.03248177,358.9742,357.4907,0.2085679,0,0,False
1,Center_Dir_Close,725,29.41999,-0.1626986,1.520679,0.03257272,-0.1630231,1.231472,0.04011652,-0.637418,-0.01800792,0.07206053,0.7669297,-0.02395773,1.12437,0.2216976,-0.1167464,0.09938005,-0.08787636,0.984262,MathCanvas,-0.444208,1.255376,1.602531,-0.162732,1.520644,0.03249981,-0.1730343,-0.164788,0.9710324,-0.1290463,1.52083,0.03400759,-0.1992196,-0.1640983,0.9661176,-0.1963509,1.520527,0.03113785,-0.1463578,-0.1650314,0.9753687,-0.1626986,1.520679,0.03257272,359.0023,357.554,0.2576908,0,0,False
1,Center_Dir_Close,726,29.43999,-0.1626817,1.520678,0.0326086,-0.1630231,1.231472,0.04011652,-0.637418,-0.01800792,0.07206053,0.7669297,-0.02438984,1.124348,0.2212746,-0.1185342,0.09457373,-0.0904819,0.9842858,MathCanvas,-0.4423968,1.25431,1.60218,-0.1626986,1.520679,0.03257272,-0.1718017,-0.1647203,0.9712628,-0.1290292,1.520831,0.034038,-0.1980177,-0.1643227,0.9663266,-0.1963343,1.520526,0.03117921,-0.1451375,-0.1652473,0.9755145,-0.1626817,1.520678,0.0326086,359.006,357.5633,0.2591106,0,0,False
1,Center_Dir_Close,727,29.45999,-0.1626641,1.520703,0.03267354,-0.1630038,1.231455,0.04014509,-0.6373417,-0.01796654,0.07201394,0.7669986,-0.02543076,1.124284,0.2212021,-0.1150127,0.08870273,-0.08595949,0.9856545,MathCanvas,-0.4403377,1.254467,1.602307,-0.1626817,1.520678,0.0326086,-0.1718303,-0.1637956,0.9714141,-0.1290117,1.520859,0.03410475,-0.1982446,-0.1631761,0.9664744,-0.1963165,1.520547,0.03124232,-0.1453667,-0.1640831,0.9756768,-0.1626641,1.520703,0.03267354,358.9954,357.5601,0.2652511,0,0,False
1,Center_Dir_Close,728,29.47999,-0.1627243,1.520759,0.03267481,-0.1629663,1.231321,0.04012692,-0.6375622,-0.01787707,0.07171196,0.7668457,-0.02472326,1.124074,0.2230173,-0.09946478,0.1096148,-0.08216424,0.9855661,MathCanvas,-0.4404173,1.255938,1.602905,-0.1627093,1.520782,0.03268256,-0.1719726,-0.1621351,0.9716674,-0.1290729,1.5209,0.03413215,-0.1984685,-0.1618892,0.9666448,-0.1963756,1.520618,0.03121747,-0.1455888,-0.1628045,0.9758579,-0.1627243,1.520759,0.03267481,358.9723,357.5159,0.2398646,0,0,False
1,Center_Dir_Close,729,29.49999,-0.1627326,1.520757,0.03270698,-0.1629663,1.231321,0.04012692,-0.6375622,-0.01787707,0.07171196,0.7668457,-0.02471919,1.124119,0.2230968,-0.09959614,0.1095794,-0.08239669,0.9855373,MathCanvas,-0.4408116,1.25858,1.603903,-0.1627243,1.520759,0.03267481,-0.1720183,-0.1621271,0.9716607,-0.1290812,1.52089,0.0341647,-0.1984459,-0.161714,0.9666787,-0.196384,1.520624,0.03124927,-0.1455657,-0.1626466,0.9758877,-0.1627326,1.520757,0.03270698,358.9773,357.5156,0.2262237,0,0,False
1,Center_Dir_Close,730,29.51999,-0.1627405,1.520671,0.03273968,-0.1628998,1.231262,0.04014793,-0.6375915,-0.01788662,0.07172956,0.7668194,-0.02484874,1.124459,0.2234651,-0.1016916,0.1088813,-0.08018038,0.9855835,MathCanvas,-0.4408976,1.258586,1.603946,-0.16273,1.520767,0.03274463,-0.1724135,-0.1628683,0.9714667,-0.1290898,1.520805,0.03421351,-0.1991903,-0.1632137,0.9662735,-0.1963912,1.520536,0.03126585,-0.1463173,-0.1641457,0.9755241,-0.1627405,1.520671,0.03273968,359.0247,357.4883,0.2288397,0,0,False
1,Center_Dir_Close,731,29.53999,-0.1627334,1.520639,0.03273646,-0.1628149,1.231247,0.04011117,-0.6370676,-0.01771364,0.07166883,0.7672645,-0.02532788,1.124658,0.2242605,-0.1019796,0.1160339,-0.06737055,0.9856965,MathCanvas,-0.4415137,1.257331,1.603491,-0.1627405,1.520671,0.03273968,-0.1725163,-0.1629955,0.9714271,-0.1290827,1.520764,0.03421028,-0.1989325,-0.1628473,0.9663884,-0.1963841,1.520513,0.03126264,-0.1460569,-0.1638003,0.9756212,-0.1627334,1.520639,0.03273646,359.046,357.4886,0.2131152,0,0,False
1,Center_Dir_Close,732,29.55999,-0.1627202,1.520633,0.03275695,-0.1628138,1.231253,0.04011827,-0.6370072,-0.01767495,0.07165059,0.7673172,-0.0253518,1.124675,0.2243146,-0.1022484,0.1183541,-0.06504609,0.9855489,MathCanvas,-0.4416812,1.257086,1.603471,-0.1627334,1.520639,0.03273646,-0.1764682,-0.163252,0.9706739,-0.1290696,1.520753,0.03423522,-0.2029636,-0.1628762,0.965545,-0.1963707,1.520514,0.03127869,-0.1501547,-0.1638737,0.9749866,-0.1627202,1.520633,0.03275695,359.0545,357.4813,0.2034421,0,0,False
1,Center_Dir_Close,733,29.57999,-0.1626192,1.520623,0.03268205,-0.162882,1.231295,0.04018516,-0.6368919,-0.0174506,0.0716069,0.7674221,-0.02440795,1.124393,0.2244523,-0.1003838,0.1298364,-0.06383125,0.9843735,MathCanvas,-0.4482434,1.256494,1.603293,-0.1627156,1.520625,0.0327811,-0.1801041,-0.1642735,0.9698334,-0.1289683,1.520747,0.03415167,-0.2060471,-0.1633744,0.9648075,-0.1962701,1.520499,0.03121243,-0.1532952,-0.1644018,0.9744089,-0.1626192,1.520623,0.03268205,359.0397,357.4958,0.2108364,0,0,False
1,Center_Dir_Close,734,29.59999,-0.1626004,1.520638,0.03269096,-0.162882,1.231295,0.04018516,-0.6368919,-0.0174506,0.0716069,0.7674221,-0.02438711,1.124389,0.224564,-0.09996218,0.1320133,-0.06249386,0.9842127,MathCanvas,-0.4541733,1.254696,1.602656,-0.1626192,1.520623,0.03268205,-0.1802132,-0.1641077,0.9698412,-0.1289496,1.520765,0.03416206,-0.2065483,-0.1636845,0.9646477,-0.1962512,1.520512,0.03121986,-0.1538032,-0.1647107,0.9742767,-0.1626004,1.520638,0.03269096,359.0443,357.4932,0.216025,0,0,False
1,Center_Dir_Close,735,29.61999,-0.1625468,1.520712,0.03269079,-0.1629415,1.231287,0.04013584,-0.6370538,-0.01746652,0.07162458,0.7672856,-0.02395933,1.124495,0.2243582,-0.1013565,0.124097,-0.0701321,0.9845853,MathCanvas,-0.4543544,1.254959,1.602803,-0.1625643,1.5207,0.03268361,-0.1801663,-0.1635508,0.9699439,-0.1288958,1.520828,0.0341575,-0.2064775,-0.1628052,0.9648117,-0.1961979,1.520596,0.03122409,-0.1537314,-0.1638491,0.9744332,-0.1625468,1.520712,0.03269079,359.0041,357.5009,0.1975355,0,0,False
1,Center_Dir_Close,736,29.63999,-0.1625347,1.52075,0.03268426,-0.1628951,1.231276,0.04014311,-0.6371624,-0.0175235,0.0715358,0.7672025,-0.02400989,1.124595,0.2242765,-0.1017449,0.1203443,-0.07067072,0.9849725,MathCanvas,-0.4542404,1.255919,1.603053,-0.1625468,1.520712,0.03269079,-0.1801181,-0.1634017,0.969978,-0.1288834,1.520849,0.03414594,-0.2063681,-0.1626944,0.9648538,-0.1961861,1.520651,0.03122257,-0.1536204,-0.1637783,0.9744626,-0.1625347,1.52075,0.03268426,358.9986,357.5099,0.1678991,0,0,False
1,Center_Dir_Close,737,29.65999,-0.162497,1.520803,0.03267482,-0.1628586,1.23129,0.0401826,-0.6371867,-0.01759395,0.07141151,0.7671922,-0.02390594,1.124604,0.2242645,-0.1014684,0.1199839,-0.07068871,0.9850437,MathCanvas,-0.4541553,1.256194,1.603129,-0.1625149,1.52078,0.03267171,-0.1763865,-0.1602593,0.9711873,-0.1288455,1.520887,0.03413298,-0.2027197,-0.1596157,0.9661405,-0.1961486,1.520718,0.03121666,-0.1499086,-0.1606469,0.9755614,-0.162497,1.520803,0.03267482,358.9793,357.5163,0.144003,0,0,False
1,Center_Dir_Close,738,29.67999,-0.1624857,1.520836,0.03266665,-0.1628573,1.231298,0.04018955,-0.6371931,-0.01761008,0.07137984,0.7671895,-0.02386509,1.124579,0.2242429,-0.1016312,0.1208826,-0.07046539,0.9849331,MathCanvas,-0.4480618,1.261348,1.604999,-0.162497,1.520803,0.03267482,-0.1763768,-0.1601314,0.9712102,-0.1288343,1.520923,0.03412764,-0.2027916,-0.1594924,0.9661458,-0.1961371,1.520749,0.03120566,-0.1499813,-0.1605192,0.9755712,-0.1624857,1.520836,0.03266665,358.9714,357.5114,0.1477891,0,0,False
1,Center_Dir_Close,739,29.69999,-0.162454,1.520907,0.03264144,-0.162882,1.231327,0.04020491,-0.6371071,-0.01758234,0.07134414,0.767265,-0.02328603,1.124536,0.2243565,-0.1013916,0.122797,-0.07032436,0.984731,MathCanvas,-0.4480374,1.261585,1.605043,-0.1624857,1.520836,0.03266665,-0.1763088,-0.1612922,0.9710304,-0.1288028,1.521019,0.03410523,-0.2026212,-0.160125,0.9660769,-0.1961052,1.520795,0.03117765,-0.1498088,-0.1611149,0.9754995,-0.162454,1.520907,0.03264144,358.9262,357.5057,0.190334,0,0,False
1,Center_Dir_Close,740,29.71999,-0.1624218,1.520923,0.03263911,-0.16287,1.231367,0.04026214,-0.6369552,-0.01751897,0.07133248,0.7673936,-0.0229607,1.124449,0.2244402,-0.1009547,0.1240389,-0.07079868,0.9845862,MathCanvas,-0.4478361,1.259832,1.604399,-0.1624429,1.520902,0.03263589,-0.173408,-0.1603863,0.9717026,-0.1287705,1.521022,0.03410152,-0.1998234,-0.159677,0.9667336,-0.1960731,1.520824,0.0311767,-0.1469629,-0.1606582,0.9760076,-0.1624218,1.520923,0.03263911,358.9093,357.5084,0.1686604,0,0,False
1,Center_Dir_Close,741,29.73999,-0.1624012,1.520937,0.0326413,-0.1628674,1.231371,0.04026323,-0.6369239,-0.01750286,0.07133204,0.76742,-0.0229607,1.124449,0.2244402,-0.1009547,0.1240389,-0.07079868,0.9845862,MathCanvas,-0.4430122,1.261403,1.604944,-0.1624218,1.520923,0.03263911,-0.1733987,-0.1603087,0.9717171,-0.1287498,1.521033,0.03410288,-0.1997553,-0.1597663,0.966733,-0.1960525,1.52084,0.03117971,-0.1468942,-0.1607535,0.9760023,-0.1624012,1.520937,0.0326413,358.907,357.5099,0.1644947,0,0,False
1,Center_Dir_Close,742,29.75999,-0.1623521,1.520768,0.03258224,-0.162836,1.231405,0.04024731,-0.6368485,-0.01744009,0.07136206,0.7674811,-0.02259474,1.124274,0.2245647,-0.1012057,0.1259029,-0.07125467,0.984291,MathCanvas,-0.4429711,1.261547,1.60494,-0.1623984,1.520833,0.03260066,-0.1766134,-0.1612111,0.9709885,-0.1287003,1.520851,0.03403529,-0.2029971,-0.1610995,0.965836,-0.1960038,1.520686,0.0311292,-0.1501915,-0.1621447,0.97527,-0.1623521,1.520768,0.03258224,358.9696,357.5251,0.1401441,0,0,False
1,Center_Dir_Close,743,29.77999,-0.1623311,1.520758,0.03257383,-0.162836,1.231405,0.04024731,-0.6368485,-0.01744009,0.07136206,0.7674811,-0.02259474,1.124274,0.2245647,-0.1012057,0.1259029,-0.07125467,0.984291,MathCanvas,-0.4482347,1.259817,1.604312,-0.1623521,1.520768,0.03258224,-0.1765927,-0.1612557,0.9709849,-0.1286793,1.520837,0.0340256,-0.202912,-0.1607745,0.9659081,-0.1959829,1.520679,0.03112207,-0.1501054,-0.1618266,0.9753361,-0.1623311,1.520758,0.03257383,358.9731,357.5273,0.1342883,0,0,False
1,Center_Dir_Close,744,29.79999,-0.1622967,1.520785,0.03259272,-0.1627287,1.231526,0.0403458,-0.6372007,-0.01743432,0.07124545,0.7671998,-0.02268681,1.124181,0.2245947,-0.09973136,0.1257455,-0.07215479,0.984396,MathCanvas,-0.4481755,1.25974,1.604272,-0.1623101,1.520763,0.03259596,-0.1801817,-0.1651725,0.9696662,-0.1286455,1.520855,0.03405869,-0.2065607,-0.164428,0.9645185,-0.1959479,1.520716,0.03112675,-0.1538141,-0.1655571,0.9741315,-0.1622967,1.520785,0.03259272,358.9548,357.5034,0.1181723,0,0,False
1,Center_Dir_Close,745,29.81999,-0.162284,1.520797,0.03259327,-0.1627317,1.231537,0.04036108,-0.6371952,-0.01743392,0.07123242,0.7672055,-0.02264605,1.124169,0.2245991,-0.09949791,0.1263017,-0.07244871,0.9843268,MathCanvas,-0.4539203,1.253454,1.601994,-0.1622967,1.520785,0.03259272,-0.1802181,-0.1650692,0.969677,-0.1286327,1.520862,0.03405854,-0.2065293,-0.1644434,0.9645227,-0.1959352,1.520732,0.03112798,-0.1537823,-0.165574,0.9741336,-0.162284,1.520797,0.03259327,358.9523,357.5047,0.110738,0,0,False
1,Center_Dir_Close,746,29.83999,-0.162244,1.520777,0.03258558,-0.1627408,1.231615,0.04048205,-0.6369972,-0.01742024,0.07111256,0.7673813,-0.02250514,1.124143,0.2246954,-0.09877191,0.1282798,-0.07291649,0.9841096,MathCanvas,-0.4539768,1.253623,1.602068,-0.162284,1.520797,0.03259327,-0.1803905,-0.1649371,0.9696675,-0.1285927,1.520839,0.03404928,-0.2066696,-0.1645025,0.9644825,-0.1958954,1.520716,0.03112188,-0.1539239,-0.165644,0.9740993,-0.162244,1.520777,0.03258558,358.9612,357.5075,0.1046109,0,0,False
1,Center_Dir_Close,747,29.85999,-0.1621776,1.520747,0.0325515,-0.1627401,1.231646,0.04051807,-0.6368242,-0.0174037,0.07108393,0.7675279,-0.02248793,1.124125,0.224747,-0.09849758,0.1285376,-0.07282548,0.9841102,MathCanvas,-0.4542301,1.253804,1.602122,-0.1622042,1.520752,0.03255891,-0.1753769,-0.1678946,0.9700795,-0.128526,1.520808,0.03400968,-0.2017169,-0.1673992,0.9650325,-0.1958292,1.520687,0.03109331,-0.1488884,-0.1685165,0.9743893,-0.1621776,1.520747,0.0325515,358.9841,357.517,0.1029292,0,0,False
1,Center_Dir_Close,748,29.87999,-0.1621577,1.520743,0.03253886,-0.1627401,1.231646,0.04051807,-0.6368242,-0.0174037,0.07108393,0.7675279,-0.02248433,1.124111,0.2247743,-0.09832967,0.1285696,-0.07276405,0.9841273,MathCanvas,-0.4456398,1.249379,1.600493,-0.1621776,1.520747,0.0325515,-0.1752194,-0.1680247,0.9700855,-0.1285058,1.520804,0.03399075,-0.2013862,-0.1676122,0.9650646,-0.1958095,1.520681,0.03108696,-0.1485545,-0.1687248,0.9744042,-0.1621577,1.520743,0.03253886,358.9923,357.5277,0.1044372,0,0,False
1,Center_Dir_Close,749,29.89999,-0.1620905,1.520743,0.03252254,-0.1627732,1.231736,0.04050921,-0.6367512,-0.0175837,0.07122334,0.7675715,-0.02237903,1.123857,0.2250614,-0.09690547,0.1288662,-0.07178647,0.9843016,MathCanvas,-0.4453481,1.249181,1.600395,-0.1621199,1.520742,0.03252562,-0.1744131,-0.1680092,0.9702334,-0.1284378,1.520798,0.03395296,-0.2006547,-0.1674702,0.9652417,-0.1957433,1.520688,0.03109211,-0.1478138,-0.1685942,0.9745394,-0.1620905,1.520743,0.03252254,358.9893,357.5644,0.09365463,0,0,False
1,Center_Dir_Close,750,29.91999,-0.1620616,1.520813,0.03257555,-0.1627694,1.231891,0.04060449,-0.6372653,-0.01768502,0.07113478,0.7671506,-0.02214025,1.123778,0.2250828,-0.09676823,0.129504,-0.07245295,0.9841825,MathCanvas,-0.4439399,1.249242,1.600407,-0.1620905,1.520743,0.03252254,-0.1741157,-0.1718155,0.9696201,-0.1284086,1.520867,0.03400016,-0.2003211,-0.170556,0.9647705,-0.1957146,1.520759,0.03115094,-0.147477,-0.171704,0.9740473,-0.1620616,1.520813,0.03257555,358.9494,357.5743,0.09161541,0,0,False
1,Center_Dir_Close,751,29.93999,-0.1620172,1.52082,0.03260837,-0.162763,1.231966,0.04065806,-0.6373299,-0.01765515,0.07112413,0.7670986,-0.02190161,1.123674,0.2251305,-0.096748,0.1308076,-0.07185818,0.9840557,MathCanvas,-0.4432099,1.243379,1.598241,-0.1620616,1.520813,0.03257555,-0.1742181,-0.172484,0.969483,-0.1283642,1.520877,0.03403287,-0.2005524,-0.1719808,0.9644695,-0.1956703,1.520762,0.03118387,-0.1477107,-0.1731252,0.9737603,-0.1620172,1.52082,0.03260837,358.9525,357.5744,0.09849726,0,0,False
1,Center_Dir_Close,752,29.95999,-0.1619856,1.520736,0.03261475,-0.1627438,1.232053,0.04072777,-0.6374019,-0.01758575,0.07111902,0.7670409,-0.0217002,1.123457,0.2252668,-0.09619738,0.1305,-0.07171695,0.9841608,MathCanvas,-0.4432955,1.242341,1.597856,-0.1620172,1.52082,0.03260837,-0.174103,-0.1724693,0.9695063,-0.1283329,1.520787,0.03404811,-0.200747,-0.1724604,0.9643433,-0.1956382,1.520685,0.03118139,-0.1479071,-0.1736273,0.9736412,-0.1619856,1.520736,0.03261475,358.9879,357.5596,0.08650656,0,0,False
1,Center_Dir_Close,753,29.97999,-0.1619527,1.520699,0.03262742,-0.1627433,1.232061,0.04071697,-0.6374424,-0.01755234,0.07110983,0.7670088,-0.02160171,1.123228,0.2255062,-0.09488142,0.1283686,-0.07237613,0.9845206,MathCanvas,-0.4430704,1.242288,1.597858,-0.1619856,1.520736,0.03261475,-0.1737201,-0.1724717,0.9695746,-0.1283001,1.520743,0.03406446,-0.2002196,-0.1723698,0.9644692,-0.1956052,1.520655,0.03119038,-0.1473693,-0.1735429,0.9737377,-0.1619527,1.520699,0.03262742,359.0179,357.5535,0.07493389,0,0,False
1,Center_Dir_Close,754,29.99999,-0.1619372,1.520686,0.0326363,-0.1627433,1.232061,0.04071697,-0.6374424,-0.01755234,0.07110983,0.7670088,-0.02160171,1.123228,0.2255062,-0.09488142,0.1283686,-0.07237613,0.9845206,MathCanvas,-0.4424005,1.242267,1.597876,-0.1619527,1.520699,0.03262742,-0.1738058,-0.1727957,0.9695016,-0.1282847,1.520728,0.03407442,-0.2002119,-0.1723707,0.9644706,-0.1955897,1.520645,0.03119819,-0.1473616,-0.1735456,0.9737384,-0.1619372,1.520686,0.0326363,359.028,357.5518,0.07042647,0,0,False
1,Center_Dir_Close,755,30.01999,-0.1619218,1.520673,0.03264515,-0.1627433,1.232061,0.04071697,-0.6374424,-0.01755234,0.07110983,0.7670088,-0.02160171,1.123228,0.2255062,-0.09488142,0.1283686,-0.07237613,0.9845206,MathCanvas,-0.442513,1.241741,1.59771,-0.1619372,1.520686,0.0326363,-0.1758029,-0.1717016,0.9693358,-0.1282694,1.520712,0.03408433,-0.2021917,-0.1712684,0.964254,-0.1955742,1.520635,0.03120597,-0.1493743,-0.172458,0.9736249,-0.1619218,1.520673,0.03264515,359.0381,357.5501,0.06593858,0,0,False
1,Center_Dir_Close,756,30.03999,-0.1618911,1.520722,0.03275144,-0.1626474,1.232298,0.04085103,-0.6374022,-0.01744297,0.07110468,0.7670451,-0.01930144,1.122354,0.2242374,-0.1017771,0.1272919,-0.09014562,0.9825029,MathCanvas,-0.4458787,1.243341,1.598316,-0.1619039,1.52071,0.03271276,-0.1745681,-0.1717336,0.9695533,-0.1282383,1.520755,0.03418347,-0.2009269,-0.1711655,0.9645365,-0.1955438,1.520688,0.03131941,-0.1480893,-0.1723438,0.9738414,-0.1618911,1.520722,0.03275144,359.0419,357.5624,0.05715806,0,0,False
1,Center_Dir_Close,757,30.05999,-0.1618708,1.520717,0.03277707,-0.1626355,1.232323,0.04087169,-0.6373908,-0.01742984,0.07110087,0.7670554,-0.01926612,1.122357,0.2240756,-0.1029367,0.1246839,-0.09194372,0.9825499,MathCanvas,-0.4437769,1.243413,1.598348,-0.1618911,1.520722,0.03275144,-0.1745404,-0.1718235,0.9695423,-0.1282181,1.520748,0.03420964,-0.2009263,-0.1711365,0.9645419,-0.1955235,1.520686,0.0313445,-0.1480886,-0.172327,0.9738445,-0.1618708,1.520717,0.03277707,359.0371,357.5616,0.05274281,0,0,False
1,Center_Dir_Close,758,30.07999,-0.1618611,1.520794,0.03282522,-0.1625634,1.23243,0.04095985,-0.6376525,-0.01760694,0.07094634,0.7668481,-0.02164833,1.122731,0.2243037,-0.1012955,0.1150977,-0.07379537,0.9854167,MathCanvas,-0.4437113,1.243264,1.598353,-0.1618708,1.520717,0.03277707,-0.1748969,-0.1715676,0.9695234,-0.1282094,1.520845,0.03428053,-0.2018119,-0.1704386,0.9644805,-0.1955128,1.520744,0.03136991,-0.1489832,-0.1715738,0.9738411,-0.1618611,1.520794,0.03282522,358.9997,357.5222,0.0854183,0,0,False
1,Center_Dir_Close,759,30.09999,-0.1618286,1.52084,0.03291041,-0.1625634,1.23243,0.04095985,-0.6376525,-0.01760694,0.07094634,0.7668481,-0.02199229,1.122743,0.2240546,-0.1026528,0.1112735,-0.0716853,0.9858711,MathCanvas,-0.4443097,1.243722,1.598551,-0.1618611,1.520794,0.03282522,-0.1751437,-0.1712714,0.9695312,-0.1281773,1.520895,0.03437569,-0.2017605,-0.1705223,0.9644765,-0.1954799,1.520785,0.03144514,-0.1489312,-0.1716696,0.9738321,-0.1618286,1.52084,0.03291041,358.9883,357.5051,0.0935922,0,0,False
1,Center_Dir_Close,760,30.11999,-0.1617969,1.520882,0.03300899,-0.1625285,1.23243,0.04101856,-0.6377308,-0.01748729,0.07084811,0.7667949,-0.02124359,1.122663,0.2245986,-0.09770441,0.1209633,-0.07652421,0.9848684,MathCanvas,-0.4446955,1.244227,1.598758,-0.1618132,1.52086,0.03296427,-0.1723947,-0.1687203,0.9704708,-0.1281464,1.520932,0.03449295,-0.1989494,-0.1680892,0.965487,-0.1954474,1.520831,0.03152504,-0.1460688,-0.1691947,0.9746984,-0.1617969,1.520882,0.03300899,358.982,357.4734,0.08591262,0,0,False
1,Center_Dir_Close,761,30.13999,-0.1617512,1.520792,0.03304442,-0.1625288,1.232437,0.04108518,-0.6375939,-0.0173409,0.07078628,0.7669176,-0.02091344,1.122596,0.2248244,-0.09505273,0.1235878,-0.07965152,0.9845541,MathCanvas,-0.4402087,1.248404,1.600287,-0.1617969,1.520882,0.03300899,-0.1724979,-0.1692291,0.9703639,-0.1281009,1.520839,0.03453102,-0.1989648,-0.1692899,0.965274,-0.1954016,1.520745,0.03155783,-0.1460842,-0.1704155,0.9744834,-0.1617512,1.520792,0.03304442,359.0194,357.4691,0.08001605,0,0,False
1,Center_Dir_Close,762,30.15999,-0.1616611,1.520701,0.0330897,-0.1625428,1.232426,0.04113333,-0.6374686,-0.01749492,0.07079202,0.7670178,-0.02051853,1.122357,0.2255923,-0.09046499,0.1276575,-0.08222812,0.9842551,MathCanvas,-0.4403151,1.247507,1.600068,-0.1617512,1.520792,0.03304442,-0.1718988,-0.1700097,0.9703337,-0.1280095,1.520726,0.03454639,-0.1975253,-0.1703491,0.9653833,-0.1953128,1.520676,0.03163302,-0.1446306,-0.1715416,0.9745027,-0.1616611,1.520701,0.0330897,359.0792,357.5207,0.04252271,0,0,False
1,Center_Dir_Close,763,30.17999,-0.1615112,1.520594,0.03311403,-0.1624123,1.23236,0.04113788,-0.6374794,-0.01734138,0.07089408,0.7670029,-0.0211277,1.12243,0.2254377,-0.09538604,0.1254991,-0.07663259,0.9845197,MathCanvas,-0.4391813,1.24623,1.599634,-0.1616611,1.520701,0.0330897,-0.1713517,-0.1704637,0.9703509,-0.1278582,1.520605,0.03454026,-0.1969318,-0.1705988,0.9654605,-0.1951642,1.520584,0.03168781,-0.1440314,-0.1717982,0.9745463,-0.1615112,1.520594,0.03311403,359.1257,357.573,0.0174162,0,0,False
1,Center_Dir_Close,764,30.19999,-0.1614607,1.520581,0.03314882,-0.1624008,1.232361,0.04112753,-0.6374531,-0.01727596,0.0708993,0.7670257,-0.0211277,1.12243,0.2254377,-0.09538604,0.1254991,-0.07663259,0.9845197,MathCanvas,-0.4380982,1.245441,1.599404,-0.1615112,1.520594,0.03311403,-0.1728146,-0.1715706,0.9698962,-0.1278076,1.520589,0.0345716,-0.1990931,-0.1712899,0.9648947,-0.1951138,1.520572,0.03172604,-0.1462255,-0.1725017,0.9740951,-0.1614607,1.520581,0.03314882,359.1451,357.5789,0.01483195,0,0,False
1,Center_Dir_Close,765,30.21999,-0.1613777,1.520658,0.03316277,-0.1623287,1.232392,0.04115637,-0.6372495,-0.01703411,0.07080619,0.7672089,-0.0213469,1.122414,0.2254581,-0.09487486,0.1298396,-0.07402709,0.9842055,MathCanvas,-0.4404278,1.243622,1.598809,-0.1614179,1.520661,0.03313794,-0.1742674,-0.1712894,0.9696859,-0.1277248,1.520672,0.03459024,-0.2006201,-0.1706932,0.9646841,-0.1950307,1.520643,0.03173529,-0.147777,-0.171907,0.9739661,-0.1613777,1.520658,0.03316277,359.1148,357.5707,0.02511906,0,0,False
1,Center_Dir_Close,766,30.23999,-0.1613302,1.520655,0.03318792,-0.1623287,1.232392,0.04115637,-0.6372495,-0.01703411,0.07080619,0.7672089,-0.0213469,1.122414,0.2254581,-0.09487486,0.1298396,-0.07402709,0.9842055,MathCanvas,-0.4427868,1.244058,1.599022,-0.1613777,1.520658,0.03316277,-0.1742732,-0.171342,0.9696756,-0.1276773,1.520665,0.03461523,-0.2006524,-0.1707763,0.9646627,-0.1949832,1.520645,0.03176062,-0.1478095,-0.1720004,0.9739447,-0.1613302,1.520655,0.03318792,359.1187,357.5711,0.01664616,0,0,False
1,Center_Dir_Close,767,30.25999,-0.1612864,1.520613,0.03309101,-0.1622615,1.23244,0.04130632,-0.6372482,-0.0172893,0.07077969,0.7672067,-0.02037233,1.122503,0.225648,-0.09300774,0.1427423,-0.07708967,0.9823602,MathCanvas,-0.4427394,1.243979,1.59898,-0.161322,1.520623,0.0331056,-0.1743049,-0.1644343,0.9708652,-0.1276331,1.520593,0.03451061,-0.2006007,-0.1639636,0.9658546,-0.1949396,1.520634,0.03167141,-0.1477572,-0.1651888,0.975131,-0.1612864,1.520613,0.03309101,359.1433,357.5851,359.9656,0,0,False
1,Center_Dir_Close,768,30.27999,-0.1612864,1.520613,0.03309101,-0.1622615,1.23244,0.04130632,-0.6372482,-0.0172893,0.07077969,0.7672067,-0.02037233,1.122503,0.225648,-0.09300774,0.1427423,-0.07708967,0.9823602,MathCanvas,-0.4431257,1.254734,1.602915,-0.161322,1.520623,0.0331056,-0.1743049,-0.1644343,0.9708652,-0.1276331,1.520593,0.03451061,-0.2006007,-0.1639636,0.9658546,-0.1949396,1.520634,0.03167141,-0.1477572,-0.1651888,0.975131,-0.1612864,1.520613,0.03309101,359.1433,357.5851,359.9656,0,0,False
1,Center_Dir_Close,769,30.29999,-0.1612366,1.520659,0.03300356,-0.1622856,1.232459,0.04131226,-0.6372772,-0.0172346,0.07077551,0.7671842,-0.02074713,1.12264,0.2254865,-0.0948948,0.136996,-0.0758236,0.9830961,MathCanvas,-0.4431159,1.254743,1.60286,-0.1612864,1.520613,0.03309101,-0.1762968,-0.1644912,0.9704958,-0.1275833,1.520641,0.03442144,-0.2025793,-0.1636096,0.9655017,-0.19489,1.520677,0.03158569,-0.1497698,-0.1648403,0.9748829,-0.1612366,1.520659,0.03300356,359.1271,357.5879,359.9698,0,0,False
1,Center_Dir_Close,770,30.31999,-0.1612681,1.520876,0.03302551,-0.1622186,1.232407,0.04132475,-0.6376591,-0.01730895,0.07055866,0.7668851,-0.02108054,1.122638,0.2256838,-0.09599144,0.1366424,-0.06991214,0.9834769,MathCanvas,-0.4464014,1.25459,1.602807,-0.1612366,1.520659,0.03300356,-0.1825935,-0.1675925,0.9687995,-0.1276161,1.520871,0.03447486,-0.2097315,-0.1647515,0.9637789,-0.1949202,1.52088,0.03157615,-0.1570375,-0.1660011,0.9735414,-0.1612681,1.520876,0.03302551,358.9936,357.534,359.9926,0,0,False
1,Center_Dir_Close,771,30.33999,-0.1612598,1.5209,0.03301356,-0.1622152,1.232416,0.04135446,-0.6375531,-0.01736713,0.07050211,0.7669771,-0.02082792,1.122567,0.2257261,-0.09464635,0.1356419,-0.07344167,0.9834886,MathCanvas,-0.4567886,1.249634,1.60099,-0.1612681,1.520876,0.03302551,-0.1829989,-0.1670862,0.9688104,-0.1276082,1.52089,0.03447084,-0.2095349,-0.1664369,0.963532,-0.1949115,1.520909,0.03155627,-0.1568387,-0.1677291,0.9732773,-0.1612598,1.5209,0.03301356,358.9947,357.5206,359.9841,0,0,False
1,Center_Dir_Close,772,30.35999,-0.1612305,1.520956,0.03301373,-0.1622152,1.232416,0.04135446,-0.6375531,-0.01736713,0.07050211,0.7669771,-0.02082792,1.122567,0.2257261,-0.09464635,0.1356419,-0.07344167,0.9834886,MathCanvas,-0.4574706,1.250446,1.601177,-0.1612598,1.5209,0.03301356,-0.1772875,-0.1672261,0.9698477,-0.1275793,1.520945,0.03448181,-0.2039489,-0.1661444,0.9647802,-0.1948817,1.520968,0.03154564,-0.1511526,-0.1673836,0.9742359,-0.1612305,1.520956,0.03301373,358.9681,357.5023,359.9802,0,0,False
1,Center_Dir_Close,773,30.37999,-0.1612158,1.520985,0.03301381,-0.1622152,1.232416,0.04135446,-0.6375531,-0.01736713,0.07050211,0.7669771,-0.02082792,1.122567,0.2257261,-0.09464635,0.1356419,-0.07344167,0.9834886,MathCanvas,-0.4478856,1.25057,1.601154,-0.1612305,1.520956,0.03301373,-0.1659656,-0.1674287,0.9718143,-0.1275648,1.520972,0.03448733,-0.1925633,-0.1666277,0.9670339,-0.1948667,1.520998,0.0315403,-0.139578,-0.1677658,0.9758958,-0.1612158,1.520985,0.03301381,358.9547,357.4931,359.9782,0,0,False
1,Center_Dir_Close,774,30.39999,-0.1612016,1.52085,0.03297051,-0.1621675,1.232417,0.04140016,-0.6372327,-0.01725174,0.07051916,0.7672445,-0.0205309,1.122493,0.2259037,-0.09311683,0.1355604,-0.07646434,0.9834154,MathCanvas,-0.4290291,1.250811,1.601198,-0.1612132,1.520846,0.03297647,-0.1661458,-0.1675945,0.971755,-0.1275509,1.520838,0.03444972,-0.1927212,-0.166881,0.9669588,-0.1948523,1.520862,0.03149131,-0.1397373,-0.1680195,0.9758294,-0.1612016,1.52085,0.03297051,358.9694,357.4834,359.9796,0,0,False
1,Center_Dir_Close,775,30.41999,-0.16119,1.520854,0.03296454,-0.1621675,1.232417,0.04140016,-0.6372327,-0.01725174,0.07051916,0.7672445,-0.0205309,1.122493,0.2259037,-0.09311683,0.1355604,-0.07646434,0.9834154,MathCanvas,-0.4293007,1.250413,1.60103,-0.1612016,1.52085,0.03297051,0.00277895,-0.284615,-0.9586378,-0.1275395,1.520842,0.03444852,-0.0299699,-0.2847707,0.958127,-0.1948405,1.520867,0.03148056,0.0241306,-0.2841837,0.9584661,-0.16119,1.520854,0.03296454,358.9611,357.4753,359.9782,0,0,False
1,Center_Dir_Close,776,30.43999,-0.1611759,1.520717,0.03311983,-0.1621528,1.232353,0.0414771,-0.6373999,-0.01729965,0.07005869,0.7671466,-0.02002794,1.12182,0.2263702,-0.09172947,0.1398165,-0.07370967,0.9831602,MathCanvas,-0.4293007,1.250413,1.60103,-0.1611985,1.520777,0.03311867,0.1180879,-0.3990136,0.9093093,-0.1275269,1.520691,0.03463745,0.09123525,-0.4011569,0.9114546,-0.1948249,1.520744,0.03160222,0.1443127,-0.3977517,0.9060725,-0.1611759,1.520717,0.03311983,359.0478,357.4184,359.9548,0,0,False
1,Center_Dir_Close,777,30.45999,-0.1611674,1.520697,0.03313289,-0.1621528,1.232353,0.0414771,-0.6373999,-0.01729965,0.07005869,0.7671466,-0.02002794,1.12182,0.2263702,-0.09172947,0.1398165,-0.07370967,0.9831602,MathCanvas,0.02537911,0.8903565,1.469645,-0.1611759,1.520717,0.03311983,0.1178603,-0.3991825,0.9092647,-0.1275188,1.520666,0.03465814,0.09104303,-0.4009843,0.9115496,-0.1948161,1.520727,0.03160764,0.144122,-0.3975936,0.9061723,-0.1611674,1.520697,0.03313289,359.0535,357.4055,359.9484,0,0,False
1,Center_Dir_Close,778,30.47999,-0.1611578,1.520664,0.03314159,-0.1621528,1.232353,0.0414771,-0.6373999,-0.01729965,0.07005869,0.7671466,-0.01994057,1.121777,0.2263829,-0.09177151,0.1402667,-0.07405116,0.9830664,MathCanvas,0.02504294,0.8900185,1.469702,-0.1611674,1.520697,0.03313289,0.1176871,-0.3992856,0.9092419,-0.1275094,1.520633,0.03467223,0.09096414,-0.4010826,0.9115143,-0.1948062,1.520695,0.03161095,0.1440434,-0.3976887,0.9061431,-0.1611578,1.520664,0.03314159,359.0596,357.3963,359.9469,0,0,False
1,Center_Dir_Close,779,30.49999,-0.1610507,1.520679,0.03308419,-0.1622506,1.232315,0.04152508,-0.6370782,-0.01726911,0.06996759,0.7674228,-0.01976328,1.121658,0.2264892,-0.09204847,0.1417048,-0.07401852,0.9828368,MathCanvas,0.0247767,0.8898306,1.469658,-0.1610709,1.5207,0.03308052,0.1189278,-0.3998978,0.9088113,-0.1274026,1.520656,0.03462091,0.0922031,-0.4017968,0.9110751,-0.1946989,1.520701,0.03154748,0.1452626,-0.3983581,0.9056543,-0.1610507,1.520679,0.03308419,359.1113,357.3857,359.961,0,0,False
1,Center_Dir_Close,780,30.51999,-0.1610305,1.520657,0.03308788,-0.1622506,1.232315,0.04152508,-0.6370782,-0.01726911,0.06996759,0.7674228,-0.01976328,1.121658,0.2264892,-0.09204847,0.1417048,-0.07401852,0.9828368,MathCanvas,0.02689074,0.8887205,1.469277,-0.1610507,1.520679,0.03308419,0.1187616,-0.400078,0.9087537,-0.1273826,1.520633,0.03463028,0.09203579,-0.4019774,0.9110124,-0.1946783,1.520682,0.03154548,0.1450963,-0.3985394,0.9056012,-0.1610305,1.520657,0.03308788,359.1224,357.3761,359.9586,0,0,False
1,Center_Dir_Close,781,30.53999,-0.1608973,1.520742,0.03311197,-0.1623874,1.232268,0.04150856,-0.6370119,-0.01737768,0.06968985,0.7675006,-0.01985829,1.121493,0.2266376,-0.09027965,0.1417812,-0.07417567,0.982978,MathCanvas,0.02664073,0.8884404,1.469131,-0.1609471,1.520774,0.0331213,0.1241617,-0.3891891,0.9127517,-0.1272479,1.520684,0.03461824,0.09778272,-0.3910833,0.9151461,-0.1945468,1.5208,0.0316057,0.1507615,-0.3876815,0.9093811,-0.1608973,1.520742,0.03311197,359.0692,357.4385,359.9014,0,0,False
1,Center_Dir_Close,782,30.55999,-0.1608121,1.520623,0.03310696,-0.1624053,1.232183,0.04150312,-0.6368724,-0.01728667,0.06963022,0.7676238,-0.01996627,1.121352,0.2267604,-0.09038621,0.1430488,-0.07176517,0.9829635,MathCanvas,0.03530288,0.9057461,1.475441,-0.1608973,1.520742,0.03311197,0.1242102,-0.3893183,0.91269,-0.1271623,1.520565,0.03460542,0.09790999,-0.3915123,0.914949,-0.1944619,1.520681,0.0316085,0.150888,-0.3881093,0.9091776,-0.1608121,1.520623,0.03310696,359.1004,357.4518,359.9014,0,0,False
1,Center_Dir_Close,783,30.57999,-0.1607154,1.52053,0.0330815,-0.1624365,1.232149,0.04148243,-0.636786,-0.01728231,0.06959244,0.767699,-0.01998236,1.121345,0.2267176,-0.09112594,0.1425856,-0.0714744,0.9829836,MathCanvas,0.03546506,0.9054217,1.475342,-0.1608121,1.520623,0.03310696,0.1286079,-0.3860893,0.9134523,-0.1270651,1.520462,0.03456759,0.1023538,-0.388559,0.9157214,-0.1943658,1.520598,0.03159541,0.1552644,-0.3851133,0.9097146,-0.1607154,1.52053,0.0330815,359.1445,357.473,359.8846,0,0,False
1,Center_Dir_Close,784,30.59999,-0.1606747,1.520498,0.03306956,-0.1624365,1.232149,0.04148243,-0.636786,-0.01728231,0.06959244,0.767699,-0.01998236,1.121345,0.2267176,-0.09112594,0.1425856,-0.0714744,0.9829836,MathCanvas,0.04259041,0.9101926,1.477085,-0.1607154,1.52053,0.0330815,0.1287743,-0.3866869,0.9131761,-0.1270241,1.520426,0.03455095,0.1023681,-0.388659,0.9156773,-0.1943252,1.52057,0.03158818,0.1552786,-0.3852176,0.9096681,-0.1606747,1.520498,0.03306956,359.1591,357.4811,359.8773,0,0,False
1,Center_Dir_Close,785,30.61999,-0.1606429,1.520482,0.03300302,-0.1624741,1.232126,0.04143514,-0.6367009,-0.01727402,0.06954671,0.767774,-0.02012899,1.121287,0.2266323,-0.09207588,0.1378476,-0.0729848,0.9834598,MathCanvas,0.04291175,0.9091632,1.47676,-0.1606646,1.520498,0.03302655,0.1289971,-0.3877494,0.9126939,-0.1269918,1.520398,0.03447121,0.1026708,-0.3894942,0.9152884,-0.1942939,1.520565,0.03153484,0.1555796,-0.3860604,0.9092592,-0.1606429,1.520482,0.03300302,359.1548,357.5039,359.8578,0,0,False
1,Center_Dir_Close,786,30.63999,-0.16061,1.520458,0.03298447,-0.1624741,1.232126,0.04143514,-0.6367009,-0.01727402,0.06954671,0.767774,-0.02012899,1.121287,0.2266323,-0.09207588,0.1378476,-0.0729848,0.9834598,MathCanvas,0.04332379,0.9073836,1.476128,-0.1606429,1.520482,0.03300302,0.1290877,-0.3879158,0.9126104,-0.1269587,1.520369,0.03444739,0.1026905,-0.3897945,0.9151584,-0.1942613,1.520546,0.03152154,0.1555994,-0.3863689,0.9091248,-0.16061,1.520458,0.03298447,359.1639,357.5129,359.8497,0,0,False
1,Center_Dir_Close,787,30.65999,-0.1607209,1.520543,0.03283328,-0.1625935,1.232023,0.04129116,-0.6368269,-0.01713152,0.06947965,0.7676787,-0.020329,1.121299,0.2250941,-0.1004811,0.1353863,-0.07281522,0.9829914,MathCanvas,0.04350249,0.9070884,1.475996,-0.160601,1.520509,0.03295431,0.12888,-0.3841508,0.9142309,-0.1270709,1.520466,0.03432549,0.1018773,-0.3855513,0.9170448,-0.194371,1.520619,0.03134106,0.1547889,-0.3821307,0.9110524,-0.1607209,1.520543,0.03283328,359.1147,357.4629,359.8702,0,0,False
1,Center_Dir_Close,788,30.67999,-0.16074,1.520561,0.03277358,-0.1626005,1.232001,0.04127534,-0.6368791,-0.01710831,0.06944912,0.7676387,-0.02070535,1.121316,0.2252231,-0.09931178,0.1329359,-0.07128049,0.983557,MathCanvas,0.04303607,0.9132075,1.478215,-0.1607209,1.520543,0.03283328,0.1264155,-0.3848718,0.9142718,-0.1270904,1.520488,0.03427521,0.09969387,-0.3865452,0.9168664,-0.1943896,1.520633,0.03127196,0.1526401,-0.3831582,0.9109834,-0.16074,1.520561,0.03277358,359.1146,357.4467,359.8762,0,0,False
1,Center_Dir_Close,789,30.69999,-0.1607519,1.520567,0.03273079,-0.1626005,1.232001,0.04127534,-0.6368791,-0.01710831,0.06944912,0.7676387,-0.02070535,1.121316,0.2252231,-0.09931178,0.1329359,-0.07128049,0.983557,MathCanvas,0.0390664,0.9122504,1.477828,-0.16074,1.520561,0.03277358,0.1263249,-0.3848726,0.9142839,-0.1271025,1.520496,0.03423776,0.09969439,-0.3864779,0.9168947,-0.1944013,1.520638,0.03122383,0.1526406,-0.3830946,0.91101,-0.1607519,1.520567,0.03273079,359.1098,357.4376,359.8794,0,0,False
1,Center_Dir_Close,790,30.71999,-0.1608393,1.520641,0.03260364,-0.1625616,1.231916,0.04127198,-0.6368176,-0.01703002,0.06936776,0.7676988,-0.02059529,1.121239,0.2256572,-0.09616352,0.1352935,-0.07210277,0.9834884,MathCanvas,0.03889936,0.9122925,1.477718,-0.160823,1.520628,0.03265013,0.1340652,-0.383043,0.91395,-0.127191,1.520583,0.03413654,0.1074658,-0.3847049,0.9167624,-0.1944876,1.520698,0.03107074,0.1602806,-0.381146,0.9105151,-0.1608393,1.520641,0.03260364,359.0741,357.3932,359.9025,0,0,False
1,Center_Dir_Close,791,30.73999,-0.1608519,1.520663,0.03255378,-0.1625726,1.231913,0.04125843,-0.6368144,-0.01703881,0.06936529,0.7677016,-0.02059529,1.121239,0.2256572,-0.09616352,0.1352935,-0.07210277,0.9834884,MathCanvas,0.0512583,0.9146483,1.478516,-0.1608393,1.520641,0.03260364,0.1338678,-0.3829968,0.9139983,-0.1272041,1.520612,0.03409669,0.1072199,-0.3847516,0.9167716,-0.1944997,1.520715,0.03101087,0.1600361,-0.3811777,0.9105449,-0.1608519,1.520663,0.03255378,359.0741,357.376,359.9125,0,0,False
1,Center_Dir_Close,792,30.75999,-0.1608748,1.520549,0.03232178,-0.1626327,1.231889,0.04117588,-0.6367551,-0.01703009,0.06933392,0.7677537,-0.02032862,1.120885,0.2263271,-0.092318,0.1403913,-0.07332562,0.9830519,MathCanvas,0.05091757,0.9147893,1.478435,-0.1608668,1.520571,0.03239804,0.1253803,-0.3843611,0.914629,-0.1272269,1.520493,0.03386289,0.09882101,-0.3863149,0.9170579,-0.1945227,1.520604,0.03078068,0.1517735,-0.382911,0.9112321,-0.1608748,1.520549,0.03232178,359.1208,357.3791,359.9053,0,0,False
1,Center_Dir_Close,793,30.77999,-0.1608908,1.520541,0.0322506,-0.1626327,1.231889,0.04117588,-0.6367551,-0.01703009,0.06933392,0.7677537,-0.02032862,1.120885,0.2263271,-0.092318,0.1403913,-0.07332562,0.9830519,MathCanvas,0.03727317,0.9131142,1.477778,-0.1608748,1.520549,0.03232178,0.1133508,-0.3895706,0.9139947,-0.1272431,1.520486,0.03379615,0.08664695,-0.3912335,0.9162034,-0.1945384,1.520595,0.03070505,0.1397823,-0.3880352,0.9109827,-0.1608908,1.520541,0.0322506,359.1252,357.3715,359.907,0,0,False
1,Center_Dir_Close,794,30.79999,-0.160835,1.520512,0.03216979,-0.1626981,1.231853,0.0410238,-0.6369148,-0.01693732,0.06940915,0.7676165,-0.01899443,1.121928,0.2251864,-0.09897651,0.1474477,-0.0913566,0.9798555,MathCanvas,0.01802042,0.9056485,1.474886,-0.1608908,1.520541,0.0322506,0.1135338,-0.3893316,0.9140738,-0.127187,1.520465,0.03370941,0.08718346,-0.3906152,0.9164163,-0.194483,1.520559,0.03063018,0.1403154,-0.3874017,0.9111704,-0.160835,1.520512,0.03216979,359.107,357.3814,359.92,0,0,False
1,Center_Dir_Close,795,30.81999,-0.1608568,1.520527,0.03201713,-0.1627058,1.231845,0.040995,-0.6369399,-0.01689688,0.06943233,0.7675944,-0.01861809,1.122292,0.2248924,-0.1002,0.1500032,-0.09627338,0.9788721,MathCanvas,0.01836717,0.9059903,1.474946,-0.1608466,1.520529,0.03209518,0.1134662,-0.3891483,0.9141603,-0.127209,1.520486,0.03356164,0.08682922,-0.3907089,0.91641,-0.1945046,1.520568,0.03047263,0.1399632,-0.3874927,0.9111859,-0.1608568,1.520527,0.03201713,359.0955,357.3729,359.9308,0,0,False
1,Center_Dir_Close,796,30.83999,-0.160839,1.520568,0.03186048,-0.1626825,1.231682,0.04086602,-0.6367209,-0.0166529,0.06950226,0.7677751,-0.01989032,1.12197,0.2248329,-0.09346703,0.1318779,-0.07524838,0.9839765,MathCanvas,0.01824534,0.9062712,1.474984,-0.1608568,1.520527,0.03201713,-0.02382348,-0.4065813,-0.913304,-0.1271914,1.520517,0.03340794,-0.003393412,-0.4067905,0.9135152,-0.1944866,1.520619,0.03031302,0.05061112,-0.4054226,0.9127273,-0.160839,1.520568,0.03186048,359.0644,357.3682,359.9134,0,0,False
1,Center_Dir_Close,797,30.85999,-0.1608493,1.520568,0.03166933,-0.1626825,1.231682,0.04086602,-0.6367209,-0.0166529,0.06950226,0.7677751,-0.01991381,1.12203,0.2247243,-0.09296099,0.1301134,-0.07459585,0.984309,MathCanvas,0.01824534,0.9062712,1.474984,-0.160839,1.520568,0.03186048,-0.02377395,-0.4080154,-0.9126657,-0.1272019,1.520516,0.03322108,-0.003363401,-0.4085798,0.9127164,-0.1944967,1.52062,0.03011757,0.05064107,-0.4071987,0.9119346,-0.1608493,1.520568,0.03166933,359.0563,357.361,359.9113,0,0,False
1,Center_Dir_Close,798,30.87999,-0.1608246,1.520544,0.03149988,-0.1627528,1.231658,0.04079607,-0.6367521,-0.0169809,0.06946091,0.7677459,-0.0199307,1.121982,0.2242835,-0.09248663,0.1275265,-0.07590923,0.9845918,MathCanvas,0.01824534,0.9062712,1.474984,-0.1608493,1.520568,0.03166933,-0.02382298,-0.4081954,-0.9125838,-0.1271767,1.520481,0.03304103,-0.003023744,-0.4091794,0.9124489,-0.1944724,1.520608,0.02995873,0.050981,-0.407828,0.9116344,-0.1608246,1.520544,0.03149988,359.0744,357.3793,359.8922,0,0,False
1,Center_Dir_Close,799,30.89999,-0.1607941,1.520562,0.03125186,-0.1628019,1.231646,0.04071965,-0.6368623,-0.01727878,0.06948078,0.767646,-0.02042301,1.121936,0.2238663,-0.09387643,0.1261222,-0.070514,0.9850422,MathCanvas,0.01824534,0.9062712,1.474984,-0.1607973,1.520563,0.03136194,-0.02414546,-0.4084137,-0.9124776,-0.1271455,1.520496,0.03277715,-0.002810374,-0.409072,0.9124978,-0.1944427,1.520627,0.02972657,0.05119404,-0.4077111,0.9116747,-0.1607941,1.520562,0.03125186,359.0655,357.4064,359.8885,0,0,False
1,Center_Dir_Close,800,30.91999,-0.1607799,1.520578,0.03113735,-0.1628039,1.231645,0.04070546,-0.6368771,-0.01732627,0.06948806,0.767632,-0.02060229,1.121927,0.223756,-0.09405591,0.1250789,-0.06826405,0.9853166,MathCanvas,0.01824534,0.9062712,1.474984,-0.1607941,1.520562,0.03125186,-0.02421388,-0.4083676,-0.9124964,-0.1271313,1.520518,0.0326623,-0.002717361,-0.4090068,0.9125273,-0.1944285,1.520638,0.02961241,0.05128659,-0.4076276,0.9117069,-0.1607799,1.520578,0.03113735,359.063,357.4068,359.8974,0,0,False
1,Center_Dir_Close,801,30.93999,-0.1607749,1.520579,0.03102685,-0.1628039,1.231645,0.04070546,-0.6368771,-0.01732627,0.06948806,0.767632,-0.02060229,1.121927,0.223756,-0.09405591,0.1250789,-0.06826405,0.9853166,MathCanvas,0.01824534,0.9062712,1.474984,-0.1607799,1.520578,0.03113735,-0.02043741,-0.4084042,-0.9125724,-0.1271262,1.520518,0.03254944,-0.006522622,-0.4090193,0.9125025,-0.1944237,1.520641,0.02950426,0.04749949,-0.4077361,0.9118635,-0.1607749,1.520579,0.03102685,359.0612,357.4109,359.8957,0,0,False
1,Center_Dir_Close,802,30.95999,-0.1608391,1.520613,0.03080733,-0.1627608,1.231539,0.04036586,-0.6372528,-0.01761229,0.06963672,0.7673001,-0.01757351,1.122405,0.2224418,-0.09958884,0.1165011,-0.08838856,0.9842241,MathCanvas,0.01824534,0.9062712,1.474984,-0.1608113,1.520671,0.03087984,-0.0214826,-0.4073719,-0.9130096,-0.1271892,1.520571,0.03230586,-0.005652945,-0.4079863,0.9129707,-0.1944889,1.520655,0.02930879,0.04836802,-0.4066752,0.9122915,-0.1608391,1.520613,0.03080733,358.9976,357.4514,359.9289,0,0,False
1,Center_Dir_Close,803,30.97999,-0.1608391,1.520613,0.03080733,-0.1627608,1.231539,0.04036586,-0.6372528,-0.01761229,0.06963672,0.7673001,-0.01757351,1.122405,0.2224418,-0.09958884,0.1165011,-0.08838856,0.9842241,MathCanvas,0.01824534,0.9062712,1.474984,-0.1608113,1.520671,0.03087984,-0.0214826,-0.4073719,-0.9130096,-0.1271892,1.520571,0.03230586,-0.005652945,-0.4079863,0.9129707,-0.1944889,1.520655,0.02930879,0.04836802,-0.4066752,0.9122915,-0.1608391,1.520613,0.03080733,358.9976,357.4514,359.9289,0,0,False
1,Center_Dir_Close,804,30.99999,-0.1609224,1.520581,0.03040951,-0.1626923,1.231492,0.04028753,-0.6369788,-0.01746349,0.06973585,0.767522,-0.01676742,1.122534,0.2216803,-0.103049,0.1147672,-0.08762423,0.9841399,MathCanvas,0.01824534,0.9062712,1.474984,-0.1608727,1.520612,0.03056289,-0.02047977,-0.4083456,-0.9125977,-0.127273,1.520573,0.03191849,-0.006655209,-0.4090907,0.9124695,-0.1945718,1.520589,0.02890053,0.04736957,-0.4077397,0.9118686,-0.1609224,1.520581,0.03040951,358.9962,357.4326,359.9869,0,0,False
1,Center_Dir_Close,805,31.01999,-0.1609455,1.520576,0.03028236,-0.1626923,1.231492,0.04028753,-0.6369788,-0.01746349,0.06973585,0.767522,-0.01666702,1.122551,0.2216021,-0.1033397,0.1144254,-0.08802704,0.9841133,MathCanvas,0.01824534,0.9062712,1.474984,-0.1609224,1.520581,0.03040951,-0.0203555,-0.4084147,-0.9125696,-0.1272961,1.520575,0.03179209,-0.006589852,-0.4090172,0.9125029,-0.1945948,1.520576,0.02877262,0.0474348,-0.4076617,0.9119001,-0.1609455,1.520576,0.03028236,358.9923,357.4311,-0.0006486548,0,0,False
1,Center_Dir_Close,806,31.03999,-0.1610754,1.520526,0.02996996,-0.1625334,1.231436,0.04014509,-0.6369119,-0.01768505,0.06975238,0.767571,-0.0182217,1.122735,0.2220468,-0.09825645,0.1005961,-0.07926086,0.986886,MathCanvas,0.01824534,0.9062712,1.474984,-0.1610197,1.520557,0.03012787,-0.01996464,-0.4084024,-0.9125837,-0.1274273,1.520533,0.03150762,-0.00725333,-0.4090403,0.9124875,-0.1947235,1.520518,0.02843231,0.0467715,-0.4076723,0.9119297,-0.1610754,1.520526,0.02996996,358.9942,357.3833,0.01242484,0,0,False
1,Center_Dir_Close,807,31.05999,-0.1611095,1.520519,0.02982695,-0.1625334,1.231436,0.04014509,-0.6369119,-0.01768505,0.06975238,0.767571,-0.01848339,1.122591,0.2223095,-0.09472049,0.09723811,-0.07683691,0.9877595,MathCanvas,0.01824534,0.9062712,1.474984,-0.1610754,1.520526,0.02996996,-0.01975861,-0.4083563,-0.912609,-0.1274617,1.520532,0.03137185,-0.007384252,-0.4090371,0.9124879,-0.1947572,1.520506,0.02828204,0.04664046,-0.4076606,0.9119416,-0.1611095,1.520519,0.02982695,358.9944,357.3708,0.02162347,0,0,False
1,Center_Dir_Close,808,31.07999,-0.1611252,1.520512,0.02941438,-0.1624391,1.231437,0.03987612,-0.6372272,-0.01752965,0.06991854,0.7672976,-0.01981468,1.120577,0.2244178,-0.07207599,0.09521583,-0.06520025,0.9907007,MathCanvas,0.01824534,0.9062712,1.474984,-0.1611464,1.520508,0.02968909,-0.02668528,-0.4072966,-0.9129061,-0.1274774,1.520525,0.03095827,-0.0001991838,-0.4078039,0.9130695,-0.194773,1.520499,0.0278705,0.05379239,-0.4062901,0.9121594,-0.1611252,1.520512,0.02941438,358.9763,357.3725,0.02296479,0,0,False
1,Center_Dir_Close,809,31.09999,-0.1611257,1.520473,0.02920088,-0.162349,1.231457,0.039749,-0.637457,-0.01740818,0.07006291,0.7670963,-0.01949266,1.120362,0.2240797,-0.07358146,0.09689798,-0.07247227,0.9899214,MathCanvas,0.01824534,0.9062712,1.474984,-0.1611252,1.520512,0.02941438,-0.02663795,-0.4072208,-0.9129416,-0.1274775,1.520489,0.03073459,-6.021559E-05,-0.4079573,0.913001,-0.194774,1.520458,0.02766717,0.05393088,-0.4064261,0.9120907,-0.1611257,1.520473,0.02920088,358.9747,357.3898,0.02627857,0,0,False
1,Center_Dir_Close,810,31.11999,-0.1611114,1.520458,0.02896872,-0.1622337,1.231484,0.0395726,-0.6377909,-0.01721283,0.07024311,0.7668067,-0.01872095,1.121123,0.2224205,-0.08734597,0.1006287,-0.08892884,0.9870847,MathCanvas,0.01824534,0.9062712,1.474984,-0.1611257,1.520473,0.02920088,-0.01935899,-0.3989562,-0.9167658,-0.1274623,1.520472,0.03048474,-0.007193297,-0.3996317,0.9166476,-0.1947605,1.520445,0.0274527,0.0468346,-0.3983061,0.9160561,-0.1611114,1.520458,0.02896872,358.9753,357.4199,0.02333678,0,0,False
1,Center_Dir_Close,811,31.13999,-0.1610876,1.520493,0.02877332,-0.1621341,1.231507,0.03942284,-0.6380243,-0.01705585,0.0703698,0.7666043,-0.01895891,1.121753,0.2211383,-0.09691689,0.1011422,-0.08933698,0.9861016,MathCanvas,0.01824534,0.9062712,1.474984,-0.1611114,1.520458,0.02896872,-0.01950992,-0.3989206,-0.9167778,-0.1274379,1.520508,0.0302757,-0.007124204,-0.3990421,0.916905,-0.1947373,1.520478,0.02727095,0.04690352,-0.3977099,0.9163116,-0.1610876,1.520493,0.02877332,358.9414,357.4431,0.02604798,0,0,False
1,Center_Dir_Close,812,31.15999,-0.1610613,1.520565,0.0284503,-0.1620847,1.231538,0.03938323,-0.6379537,-0.01685631,0.07040066,0.7666647,-0.0202855,1.121757,0.2201714,-0.1018602,0.1001566,-0.07642712,0.9867888,MathCanvas,0.01824534,0.9062712,1.474984,-0.1610876,1.520493,0.02877332,-0.008590644,-0.386559,-0.9222246,-0.1274114,1.52059,0.02994872,-0.01824477,-0.3859402,0.9223434,-0.1947112,1.52054,0.02695187,0.03582486,-0.3848663,0.9222768,-0.1610613,1.520565,0.0284503,358.8704,357.4495,0.04245854,0,0,False
1,Center_Dir_Close,813,31.17999,-0.1610266,1.52059,0.02815848,-0.1620552,1.231549,0.0393538,-0.6377889,-0.01674571,0.07037531,0.7668066,-0.02155999,1.121053,0.2202064,-0.09745385,0.1003593,-0.06431093,0.9880764,MathCanvas,0.01824534,0.9062712,1.474984,-0.1610583,1.520578,0.02827486,-0.11935,-0.2130609,0.9697219,-0.1273769,1.520626,0.02965879,-0.1462265,-0.2124731,0.9661641,-0.1946764,1.520554,0.02665817,-0.09262674,-0.2132878,0.9725885,-0.1610266,1.52059,0.02815848,358.8374,357.4459,0.06133114,0,0,False
1,Center_Dir_Close,814,31.19999,-0.1610173,1.520564,0.02799957,-0.162099,1.23151,0.03922313,-0.6379928,-0.01706238,0.0703575,0.7666315,-0.02170875,1.120576,0.2204762,-0.09274235,0.1044177,-0.06097735,0.9883206,MathCanvas,-0.3509799,1.18149,1.571532,-0.1610266,1.52059,0.02815848,-0.1191095,-0.213131,0.9697361,-0.1273671,1.520592,0.02949039,-0.1456444,-0.2129668,0.9661433,-0.1946675,1.520536,0.02650874,-0.09204057,-0.2138097,0.9725296,-0.1610173,1.520564,0.02799957,358.8536,357.4623,0.04736599,0,0,False
1,Center_Dir_Close,815,31.21999,-0.1609878,1.520538,0.02766906,-0.1621457,1.231487,0.03903823,-0.6383765,-0.01739318,0.07036234,0.7663042,-0.02088484,1.121166,0.2185803,-0.108622,0.1180207,-0.06300078,0.9850398,MathCanvas,-0.3505377,1.181442,1.570988,-0.1609938,1.520545,0.02783774,-0.169067,-0.1683234,0.9711249,-0.1273371,1.520545,0.02914802,-0.1953144,-0.1675378,0.9663247,-0.1946385,1.520531,0.02619011,-0.1423731,-0.1686751,0.9753352,-0.1609878,1.520538,0.02766906,358.8426,357.4832,0.01198439,0,0,False
1,Center_Dir_Close,816,31.23999,-0.1609745,1.520561,0.02753207,-0.1621135,1.231445,0.03887025,-0.6386941,-0.0175845,0.07037704,0.7660338,-0.01925888,1.122205,0.2172856,-0.1176666,0.1243655,-0.07367359,0.9824765,MathCanvas,-0.4339107,1.248816,1.595344,-0.1609878,1.520538,0.02766906,-0.1688041,-0.1679367,0.9712375,-0.1273233,1.520556,0.02899952,-0.1949447,-0.1670173,0.9664894,-0.1946257,1.520565,0.02606461,-0.1419997,-0.168185,0.9754742,-0.1609745,1.520561,0.02753207,358.8255,357.5032,359.9922,0,0,False
1,Center_Dir_Close,817,31.25999,-0.1609691,1.520565,0.02739278,-0.1621075,1.231431,0.03881386,-0.6387312,-0.01761554,0.07036919,0.7660028,-0.01910037,1.122233,0.2171125,-0.1171793,0.1256683,-0.07355548,0.9823778,MathCanvas,-0.4334552,1.24948,1.595286,-0.1609745,1.520561,0.02753207,-0.1687632,-0.1675772,0.9713068,-0.1273181,1.520568,0.02886389,-0.195242,-0.1666119,0.9664994,-0.1946202,1.520561,0.02592167,-0.1422999,-0.1677324,0.9755084,-0.1609691,1.520565,0.02739278,358.7999,357.4967,0.006138753,0,0,False
1,Center_Dir_Close,818,31.27999,-0.1609789,1.520564,0.02728997,-0.1621258,1.231398,0.03872405,-0.6387046,-0.01762677,0.07034568,0.766027,-0.01938467,1.121358,0.2190206,-0.09908226,0.121587,-0.06663539,0.9853725,MathCanvas,-0.4333963,1.250052,1.59533,-0.1609691,1.520565,0.02739278,-0.1686696,-0.1673229,0.9713669,-0.127328,1.520572,0.02876596,-0.1952022,-0.1666509,0.9665008,-0.1946297,1.520556,0.02581398,-0.1422596,-0.1677805,0.9755059,-0.1609789,1.520564,0.02728997,358.7927,357.4882,0.0133193,0,0,False
1,Center_Dir_Close,819,31.29999,-0.1609875,1.520554,0.02705034,-0.1621056,1.231377,0.03863097,-0.6386271,-0.01767144,0.07030324,0.7660944,-0.01954094,1.120506,0.2211848,-0.08204919,0.1247761,-0.05902467,0.9870234,MathCanvas,-0.4332571,1.25046,1.595337,-0.1609789,1.520564,0.02728997,-0.1666624,-0.1662164,0.9719031,-0.1273369,1.520571,0.0285327,-0.1932257,-0.16575,0.9670526,-0.1946381,1.520536,0.02556799,-0.1402499,-0.1668272,0.9759604,-0.1609875,1.520554,0.02705034,358.7948,357.4771,0.03020847,0,0,False
1,Center_Dir_Close,820,31.31999,-0.1610142,1.520487,0.02681735,-0.1621152,1.231346,0.03843178,-0.6384762,-0.01765919,0.07024033,0.7662262,-0.01826889,1.121763,0.2200749,-0.09180737,0.1196118,-0.07646938,0.9856048,MathCanvas,-0.4300068,1.252255,1.595853,-0.1609875,1.520554,0.02705034,-0.1665264,-0.1710973,0.9710791,-0.1273634,1.520499,0.02829483,-0.1928401,-0.1711287,0.9661923,-0.194665,1.520475,0.02533988,-0.1398599,-0.1722599,0.9750721,-0.1610142,1.520487,0.02681735,358.8311,357.4856,0.02054507,0,0,False
1,Center_Dir_Close,821,31.33999,-0.1610053,1.520472,0.02670819,-0.1621428,1.231346,0.03833067,-0.6384278,-0.01767125,0.07025027,0.7662654,-0.01768778,1.122505,0.2189119,-0.1006395,0.1155733,-0.08137057,0.9848316,MathCanvas,-0.429584,1.244545,1.59295,-0.1610142,1.520487,0.02681735,-0.1663772,-0.171715,0.9709957,-0.1273545,1.520491,0.0281845,-0.1927395,-0.1712209,0.9661961,-0.1946562,1.520453,0.02523189,-0.1397585,-0.1723354,0.9750734,-0.1610053,1.520472,0.02670819,358.8333,357.4873,0.03212474,0,0,False
1,Center_Dir_Close,822,31.35999,-0.1610151,1.520449,0.02669638,-0.1620567,1.231368,0.03815547,-0.6384135,-0.01785641,0.07027608,0.7662706,-0.01759122,1.12333,0.2172533,-0.1138982,0.1108783,-0.07802273,0.984198,MathCanvas,-0.4292767,1.243594,1.592369,-0.1610053,1.520472,0.02670819,-0.1685084,-0.1747759,0.9700816,-0.1273648,1.520474,0.0281853,-0.1952486,-0.1741738,0.9651639,-0.1946654,1.520423,0.02520746,-0.1423048,-0.1753201,0.9741726,-0.1610151,1.520449,0.02669638,358.83,357.4656,0.04392997,0,0,False
1,Center_Dir_Close,823,31.37999,-0.161039,1.520411,0.02655165,-0.1620242,1.231362,0.03806612,-0.6384113,-0.01787967,0.07026324,0.7662731,-0.01749818,1.123459,0.2170783,-0.1121381,0.1027645,-0.07829093,0.9852589,MathCanvas,-0.4326363,1.238725,1.590385,-0.1610151,1.520449,0.02669638,-0.17207,-0.1747167,0.9694669,-0.1273894,1.520438,0.02805511,-0.1988611,-0.1741558,0.9644294,-0.1946886,1.520383,0.02504819,-0.1459731,-0.175336,0.9736268,-0.161039,1.520411,0.02655165,358.8313,357.4408,0.04739429,0,0,False
1,Center_Dir_Close,824,31.39999,-0.1610333,1.520393,0.02647394,-0.1620054,1.231314,0.03789599,-0.6384642,-0.01787992,0.07025152,0.7662302,-0.01882704,1.12148,0.2207412,-0.07647238,0.08880351,-0.0725262,0.9904574,MathCanvas,-0.4385763,1.238605,1.590235,-0.161039,1.520411,0.02655165,-0.1725115,-0.1747311,0.9693858,-0.1273846,1.520421,0.0279977,-0.1994739,-0.1740976,0.9643133,-0.194682,1.520364,0.02495017,-0.1465916,-0.1752758,0.9735447,-0.1610333,1.520393,0.02647394,358.8286,357.4062,0.04822334,0,0,False
1,Center_Dir_Close,825,31.41999,-0.1610025,1.520394,0.02629622,-0.1619218,1.231305,0.03773251,-0.6385217,-0.01785919,0.0702701,0.766181,-0.01999227,1.119707,0.2229127,-0.05205384,0.08136243,-0.06275976,0.9933438,MathCanvas,-0.4393144,1.238531,1.590206,-0.1610333,1.520393,0.02647394,-0.1697474,-0.1712508,0.9704942,-0.1273545,1.520437,0.02783464,-0.1965038,-0.1707018,0.9655295,-0.1946506,1.520352,0.0247578,-0.1435724,-0.1717947,0.9746146,-0.1610025,1.520394,0.02629622,358.8253,357.3807,0.0723478,0,0,False
1,Center_Dir_Close,826,31.43999,-0.1609541,1.520393,0.02620805,-0.1618617,1.231307,0.03764743,-0.6384922,-0.0178221,0.07028371,0.7662052,-0.02069194,1.11839,0.2227806,-0.04989648,0.08448085,-0.05356394,0.9937325,MathCanvas,-0.4348747,1.244097,1.592101,-0.1610025,1.520394,0.02629622,-0.1699796,-0.1711452,0.9704722,-0.1273061,1.52044,0.02774581,-0.1963409,-0.1705156,0.9655955,-0.1946022,1.520345,0.0246703,-0.1434079,-0.1716061,0.974672,-0.1609541,1.520393,0.02620805,358.8193,357.3817,0.08120949,0,0,False
1,Center_Dir_Close,827,31.45999,-0.1608897,1.520285,0.02596969,-0.1617263,1.231299,0.03743275,-0.638374,-0.01764121,0.07032298,0.7663043,-0.02166899,1.117913,0.2219049,-0.05795887,0.08289967,-0.04422848,0.9938874,MathCanvas,-0.4352194,1.244247,1.592083,-0.160921,1.520334,0.02609012,-0.1699888,-0.1680919,0.9710041,-0.1272407,1.520327,0.02748729,-0.1962384,-0.1676281,0.9661218,-0.1945387,1.520243,0.0244521,-0.1433071,-0.1687158,0.9751913,-0.1608897,1.520285,0.02596969,358.8387,357.4162,0.0720358,0,0,False
1,Center_Dir_Close,828,31.47999,-0.1608578,1.520254,0.02586237,-0.1617263,1.231299,0.03743275,-0.638374,-0.01764121,0.07032298,0.7663043,-0.02216986,1.117738,0.2219672,-0.05724099,0.08164347,-0.03963415,0.9942268,MathCanvas,-0.4353268,1.24891,1.593599,-0.1608897,1.520285,0.02596969,-0.1699753,-0.1681395,0.9709982,-0.1272087,1.520297,0.02737699,-0.1962881,-0.1677576,0.9660892,-0.1945069,1.520211,0.02434776,-0.1433573,-0.1688391,0.9751626,-0.1608578,1.520254,0.02586237,358.8478,357.4213,0.07367547,0,0,False
1,Center_Dir_Close,829,31.49999,-0.1607787,1.520337,0.02571621,-0.1613941,1.231263,0.03704476,-0.6386073,-0.0172842,0.07044068,0.7661071,-0.02321631,1.11787,0.2214337,-0.05539653,0.08226623,-0.04085495,0.9942306,MathCanvas,-0.4352546,1.248821,1.593376,-0.1608364,1.520208,0.02572621,-0.1692432,-0.1675078,0.9712352,-0.1271299,1.520385,0.02723732,-0.196205,-0.1659479,0.9664186,-0.1944275,1.520289,0.0241951,-0.143269,-0.1669885,0.9754941,-0.1607787,1.520337,0.02571621,358.7898,357.4099,0.08215719,0,0,False
1,Center_Dir_Close,830,31.51999,-0.1607328,1.520409,0.02567172,-0.1613605,1.231257,0.03701795,-0.6386166,-0.01727835,0.07041531,0.7661018,-0.02330139,1.117375,0.2212845,-0.05419961,0.08212476,-0.04262384,0.994234,MathCanvas,-0.4340033,1.249915,1.593667,-0.1607787,1.520337,0.02571621,-0.1704953,-0.1675095,0.9710159,-0.1270851,1.520459,0.02721565,-0.1975533,-0.1659101,0.9661503,-0.1943806,1.520359,0.02412779,-0.1446344,-0.1669685,0.975296,-0.1607328,1.520409,0.02567172,358.7267,357.3709,0.08527339,0,0,False
1,Center_Dir_Close,831,31.53999,-0.1606477,1.520594,0.02558668,-0.1613249,1.231243,0.036908,-0.6387802,-0.01747774,0.07021526,0.7659792,-0.02248985,1.117146,0.2210877,-0.05728311,0.09070703,-0.04714838,0.9931102,MathCanvas,-0.4360116,1.249952,1.593456,-0.1606936,1.520449,0.02561295,-0.1710299,-0.1665074,0.9710943,-0.1270016,1.520626,0.02716728,-0.1982386,-0.1649787,0.9661695,-0.1942938,1.520561,0.02400608,-0.1453258,-0.166058,0.9753487,-0.1606477,1.520594,0.02558668,358.6359,357.3091,0.05559611,0,0,False
1,Center_Dir_Close,832,31.55999,-0.1606071,1.520639,0.0255261,-0.1613249,1.231243,0.036908,-0.6387802,-0.01747774,0.07021526,0.7659792,-0.02248985,1.117146,0.2210877,-0.05728311,0.09070703,-0.04714838,0.9931102,MathCanvas,-0.4368822,1.251664,1.594024,-0.1606477,1.520594,0.02558668,-0.1784081,-0.1685412,0.9694145,-0.1269615,1.52067,0.02711789,-0.2050817,-0.1674194,0.9643196,-0.1942527,1.520609,0.02393431,-0.1522812,-0.1685792,0.9738539,-0.1606071,1.520639,0.0255261,358.6046,357.29,0.05237704,0,0,False
1,Center_Dir_Close,833,31.57999,-0.1605313,1.520686,0.02537736,-0.1613169,1.231259,0.03680283,-0.6390842,-0.0179018,0.07001112,0.7657346,-0.02218301,1.117267,0.2209431,-0.05966544,0.09428642,-0.04870176,0.9925615,MathCanvas,-0.4490082,1.248189,1.592607,-0.1606071,1.520639,0.0255261,-0.1785791,-0.1686634,0.9693617,-0.1268862,1.52069,0.02698024,-0.2053672,-0.1678813,0.9641785,-0.1941763,1.520682,0.02377447,-0.152569,-0.1691133,0.9737163,-0.1605313,1.520686,0.02537736,358.601,357.2722,0.007193636,0,0,False
1,Center_Dir_Close,834,31.59999,-0.1604097,1.520486,0.02524664,-0.1613406,1.231405,0.03660539,-0.6395144,-0.01865309,0.06966086,0.7653893,-0.01915537,1.118358,0.2174846,-0.08464275,0.1146005,-0.07490579,0.9869607,MathCanvas,-0.4492264,1.248021,1.592469,-0.1605313,1.520686,0.02537736,-0.1786871,-0.1694394,0.9692065,-0.1267639,1.520466,0.02683489,-0.2047144,-0.1702995,0.9638932,-0.1940554,1.520506,0.02365839,-0.1519095,-0.1715894,0.9733862,-0.1604097,1.520486,0.02524664,358.6949,357.2981,359.9659,0,0,False
1,Center_Dir_Close,835,31.61999,-0.1603528,1.52049,0.02516559,-0.1613406,1.231405,0.03660539,-0.6395144,-0.01865309,0.06966086,0.7653893,-0.018828,1.11838,0.217045,-0.08736515,0.1174942,-0.07801588,0.986142,MathCanvas,-0.4492399,1.246604,1.591873,-0.1604097,1.520486,0.02524664,-0.1784627,-0.1689745,0.969329,-0.1267073,1.520463,0.02675945,-0.2050012,-0.1682445,0.9641931,-0.1939982,1.520518,0.02357172,-0.1521961,-0.1695001,0.9737074,-0.1603528,1.52049,0.02516559,358.6906,357.2888,359.9535,0,0,False
1,Center_Dir_Close,836,31.63999,-0.1600979,1.520526,0.0250422,-0.1611699,1.231488,0.03631876,-0.6394519,-0.01838929,0.0692682,0.7654836,-0.01792575,1.118604,0.2173636,-0.08567811,0.119801,-0.07255182,0.9864295,MathCanvas,-0.4488183,1.247362,1.59198,-0.1601866,1.520486,0.02511188,-0.1785207,-0.1642187,0.9701353,-0.1264522,1.52049,0.02662973,-0.2048932,-0.1634595,0.9650387,-0.1937437,1.520562,0.02345467,-0.1520871,-0.1646992,0.974548,-0.1600979,1.520526,0.0250422,358.6707,357.3,359.9387,0,0,False
1,Center_Dir_Close,837,31.65999,-0.1600306,1.520535,0.02496674,-0.1611436,1.231502,0.03628286,-0.6394845,-0.01835817,0.06921344,0.765462,-0.01773372,1.118738,0.2171665,-0.08750704,0.120551,-0.07279678,0.9861596,MathCanvas,-0.4489274,1.254836,1.594628,-0.1600979,1.520526,0.0250422,-0.1784536,-0.1638337,0.9702128,-0.1263846,1.520479,0.02654846,-0.2047252,-0.1627416,0.9651957,-0.1936766,1.520591,0.02338502,-0.1519172,-0.1640192,0.9746891,-0.1600306,1.520535,0.02496674,358.6487,357.3107,359.905,0,0,False
1,Center_Dir_Close,838,31.67999,-0.1598845,1.52061,0.02481423,-0.1610584,1.231604,0.03608299,-0.6398962,-0.01854294,0.06905082,0.7651281,-0.01896589,1.11873,0.2184231,-0.07880179,0.1124084,-0.06182509,0.9886012,MathCanvas,-0.4487551,1.255465,1.594697,-0.1599741,1.520583,0.02488756,-0.1784395,-0.1676297,0.9695667,-0.1262385,1.52056,0.02639792,-0.2049561,-0.1668084,0.9644521,-0.1935304,1.520659,0.02323053,-0.1521505,-0.1680776,0.9739611,-0.1598845,1.52061,0.02481423,358.6084,357.3072,359.9157,0,0,False
1,Center_Dir_Close,839,31.69999,-0.1598001,1.52063,0.02473965,-0.1610584,1.231604,0.03608299,-0.6398962,-0.01854294,0.06905082,0.7651281,-0.01896589,1.11873,0.2184231,-0.07880179,0.1124084,-0.06182509,0.9886012,MathCanvas,-0.4483939,1.249578,1.592455,-0.1598845,1.52061,0.02481423,-0.1784891,-0.1673848,0.9695999,-0.1261543,1.520574,0.0263256,-0.2049287,-0.1665597,0.964501,-0.193446,1.520686,0.02315371,-0.1521226,-0.1678498,0.9740047,-0.1598001,1.52063,0.02473965,358.5994,357.3036,359.9042,0,0,False
1,Center_Dir_Close,840,31.71999,-0.1596805,1.52059,0.02455059,-0.1609389,1.231683,0.03593732,-0.6398337,-0.01809065,0.0689838,0.7651972,-0.01886971,1.118718,0.2184047,-0.07838476,0.1114176,-0.06324743,0.9886565,MathCanvas,-0.4483826,1.250001,1.592395,-0.1597158,1.520651,0.02466616,-0.1847214,-0.1658674,0.968693,-0.1260358,1.520506,0.02615973,-0.2117443,-0.1656779,0.9631798,-0.1933251,1.520673,0.02294145,-0.1590464,-0.167078,0.9730309,-0.1596805,1.52059,0.02455059,358.6223,357.2652,359.8581,0,0,False
1,Center_Dir_Close,841,31.73999,-0.159607,1.520595,0.02446197,-0.1609389,1.231683,0.03593732,-0.6398337,-0.01809065,0.0689838,0.7651972,-0.01884259,1.118731,0.218387,-0.07842541,0.1114044,-0.06331979,0.9886502,MathCanvas,-0.4587734,1.252025,1.593015,-0.1596805,1.52059,0.02455059,-0.1848934,-0.1657907,0.9686733,-0.1259624,1.520507,0.02607254,-0.2112434,-0.165047,0.963398,-0.1932516,1.520683,0.0228514,-0.1585403,-0.1664274,0.973225,-0.159607,1.520595,0.02446197,358.6203,357.2629,359.8502,0,0,False
1,Center_Dir_Close,842,31.75999,-0.1594589,1.520692,0.02429785,-0.1608099,1.231839,0.03589796,-0.6397274,-0.01780491,0.06869578,0.7653188,-0.01866355,1.118956,0.2181199,-0.07999883,0.1116949,-0.0625936,0.9885375,MathCanvas,-0.4589702,1.252161,1.592853,-0.1595255,1.520636,0.0243767,-0.1823346,-0.165152,0.9692672,-0.1258148,1.520579,0.0259159,-0.2088068,-0.1636306,0.9641705,-0.193103,1.520806,0.02267981,-0.156058,-0.1650359,0.973863,-0.1594589,1.520692,0.02429785,358.5748,357.2514,359.807,0,0,False
1,Center_Dir_Close,843,31.77999,-0.1593852,1.520739,0.02421763,-0.1607806,1.231853,0.03587714,-0.6397727,-0.01778378,0.06868545,0.7652823,-0.01867023,1.118982,0.2180909,-0.08021874,0.1116983,-0.06245949,0.9885278,MathCanvas,-0.4545901,1.253373,1.593177,-0.1594589,1.520692,0.02429785,-0.1824059,-0.16479,0.9693154,-0.1257411,1.520618,0.02583621,-0.2087701,-0.1636942,0.9641677,-0.1930292,1.52086,0.02259906,-0.156021,-0.1650897,0.9738598,-0.1593852,1.520739,0.02421763,358.5533,357.2509,359.7939,0,0,False
1,Center_Dir_Close,844,31.79999,-0.1593061,1.520858,0.02416307,-0.1606621,1.231901,0.03576722,-0.6399449,-0.0176392,0.06866003,0.7651439,-0.01872975,1.119029,0.2180173,-0.08074532,0.111368,-0.0625286,0.9885179,MathCanvas,-0.4546303,1.254007,1.593167,-0.1593852,1.520739,0.02421763,-0.1823824,-0.16368,0.9695079,-0.1256618,1.520723,0.02577683,-0.2086317,-0.1616655,0.9645399,-0.1929504,1.520994,0.0225493,-0.155881,-0.16308,0.9742207,-0.1593061,1.520858,0.02416307,358.4801,357.26,359.7687,0,0,False
1,Center_Dir_Close,845,31.81999,-0.1591209,1.520884,0.02392974,-0.1605918,1.232002,0.03569476,-0.6398281,-0.01761129,0.06855736,0.7652515,-0.01902875,1.119085,0.2180132,-0.08129612,0.1107579,-0.06177108,0.9885889,MathCanvas,-0.4545689,1.255873,1.59372,-0.1592014,1.520866,0.02402781,-0.1819983,-0.1620363,0.9698561,-0.125476,1.520775,0.02553107,-0.2082339,-0.1612683,0.9646922,-0.1927659,1.520994,0.02232842,-0.1554793,-0.1626312,0.9743599,-0.1591209,1.520884,0.02392974,358.4912,357.28,359.8136,0,0,False
1,Center_Dir_Close,846,31.83999,-0.1590636,1.520821,0.02376842,-0.160576,1.23206,0.03565104,-0.6398075,-0.01776422,0.06846327,0.7652736,-0.01924901,1.119163,0.2179568,-0.08162249,0.109861,-0.06234303,0.9886262,MathCanvas,-0.4538551,1.258477,1.594547,-0.1591209,1.520884,0.02392974,-0.1819806,-0.1618101,0.9698972,-0.1254186,1.520693,0.02536726,-0.2083067,-0.161328,0.9646665,-0.1927086,1.520948,0.02216957,-0.1555528,-0.162719,0.9743336,-0.1590636,1.520821,0.02376842,358.508,357.2849,359.7831,0,0,False
1,Center_Dir_Close,847,31.85999,-0.1589634,1.520847,0.02349587,-0.1605833,1.232173,0.03562935,-0.6399879,-0.01786509,0.06841149,0.7651249,-0.01953064,1.119296,0.217863,-0.08200589,0.1089255,-0.06296574,0.9886585,MathCanvas,-0.4537547,1.258793,1.594375,-0.1590201,1.520827,0.02361622,-0.1801342,-0.1429411,0.9732006,-0.1253182,1.520701,0.02508728,-0.2064312,-0.1420816,0.9680904,-0.1926087,1.520994,0.02190446,-0.1536449,-0.1433502,0.9776728,-0.1589634,1.520847,0.02349587,358.4981,357.2985,359.7505,0,0,False
1,Center_Dir_Close,848,31.87999,-0.158903,1.520872,0.0233774,-0.1605848,1.232209,0.0356224,-0.6400294,-0.01785521,0.06838986,0.7650924,-0.01953064,1.119296,0.217863,-0.08200589,0.1089255,-0.06296574,0.9886585,MathCanvas,-0.451706,1.288549,1.605079,-0.1589634,1.520847,0.02349587,-0.1800952,-0.1427315,0.9732386,-0.1252576,1.520719,0.02496634,-0.2063837,-0.1418684,0.9681318,-0.1925484,1.521026,0.02178846,-0.153597,-0.1431446,0.9777104,-0.158903,1.520872,0.0233774,358.4866,357.3031,359.7385,0,0,False
1,Center_Dir_Close,849,31.89999,-0.1589054,1.521026,0.02305814,-0.1604096,1.232579,0.03557903,-0.6400018,-0.01755159,0.0682184,0.7651379,-0.02020293,1.119553,0.2177853,-0.08252571,0.1077189,-0.06254317,0.9887742,MathCanvas,-0.4515544,1.288936,1.604873,-0.1588974,1.521005,0.02323258,-0.1702102,-0.0668247,0.9831393,-0.1252608,1.520865,0.0246613,-0.1968916,-0.06620667,0.9781873,-0.1925501,1.521188,0.02145497,-0.1439426,-0.06689829,0.9873222,-0.1589054,1.521026,0.02305814,358.3863,357.2797,359.7255,0,0,False
1,Center_Dir_Close,850,31.91999,-0.1588608,1.521039,0.02292046,-0.1603848,1.232614,0.03557532,-0.6400317,-0.01756103,0.06819465,0.7651148,-0.02025773,1.119574,0.2177948,-0.08246882,0.1075575,-0.06257802,0.9887943,MathCanvas,-0.4515544,1.288936,1.604873,-0.1589054,1.521026,0.02305814,-0.1689154,-0.06245022,0.9836501,-0.1252164,1.520869,0.02452918,-0.1955169,-0.06189813,0.978745,-0.1925051,1.521208,0.02131173,-0.1425451,-0.06258228,0.9878078,-0.1588608,1.521039,0.02292046,358.3758,357.2706,359.7124,0,0,False
1,Center_Dir_Close,851,31.93999,-0.1588218,1.521055,0.02278292,-0.1603848,1.232614,0.03557532,-0.6400317,-0.01756103,0.06819465,0.7651148,-0.02031905,1.119599,0.2178041,-0.08242813,0.1073756,-0.0625734,0.9888178,MathCanvas,-0.4515544,1.288936,1.604873,-0.1588608,1.521039,0.02292046,-0.1689506,-0.0622624,0.983656,-0.1251775,1.520886,0.02439249,-0.1954007,-0.06177313,0.9787761,-0.1924661,1.521223,0.02117335,-0.1424278,-0.06244513,0.9878334,-0.1588218,1.521055,0.02278292,358.3669,357.2692,359.7128,0,0,False
1,Center_Dir_Close,852,31.95999,-0.1588057,1.521117,0.02244422,-0.1604051,1.232947,0.03554464,-0.6406745,-0.01799671,0.06808385,0.7645763,-0.02097549,1.119922,0.2179027,-0.08272544,0.1050282,-0.06163011,0.9891043,MathCanvas,-0.4515544,1.288936,1.604873,-0.1588313,1.521046,0.0225925,-0.1639139,-0.06159901,0.9845495,-0.1251628,1.520957,0.02408384,-0.1906754,-0.06063242,0.9797788,-0.1924486,1.521277,0.0208046,-0.1376221,-0.06125116,0.9885891,-0.1588057,1.521117,0.02244422,358.3193,357.2178,359.728,0,0,False
1,Center_Dir_Close,853,31.97999,-0.1588008,1.521297,0.02232574,-0.1604217,1.233082,0.03556107,-0.6405899,-0.01809153,0.06807683,0.7646456,-0.02117769,1.120091,0.2179264,-0.08317284,0.1044914,-0.06102809,0.989161,MathCanvas,-0.4515544,1.288936,1.604873,-0.1588057,1.521117,0.02244422,-0.1639272,-0.06051456,0.9846146,-0.1251578,1.521138,0.02396439,-0.1903628,-0.05892103,0.9799441,-0.1924437,1.521455,0.0206871,-0.1373067,-0.05954405,0.9887373,-0.1588008,1.521297,0.02232574,358.245,357.2198,359.7301,0,0,False
1,Center_Dir_Close,854,31.99999,-0.158771,1.521455,0.02207313,-0.1604464,1.233211,0.03563715,-0.6402307,-0.01810994,0.06813544,0.7649407,-0.02129123,1.120262,0.2179462,-0.08357177,0.1045445,-0.06068222,0.989143,MathCanvas,-0.4515544,1.288936,1.604873,-0.1587949,1.521401,0.02220788,-0.1641825,-0.151943,0.9746576,-0.1251287,1.521291,0.02372487,-0.1908232,-0.1507072,0.9699865,-0.1924133,1.521619,0.02042139,-0.1377709,-0.1519187,0.978744,-0.158771,1.521455,0.02207313,358.1528,357.1982,359.7206,0,0,False
1,Center_Dir_Close,855,32.01999,-0.158748,1.521539,0.02194157,-0.160465,1.233343,0.03572259,-0.6398975,-0.01817421,0.06812721,0.7652187,-0.02131586,1.120329,0.2179555,-0.08359933,0.1045205,-0.06081897,0.9891348,MathCanvas,-0.4243494,1.275675,1.59866,-0.158771,1.521455,0.02207313,-0.1633,-0.1636579,0.9729076,-0.1251058,1.521384,0.02359685,-0.1898338,-0.1626257,0.9682541,-0.1923902,1.521693,0.02028629,-0.136767,-0.1638743,0.9769545,-0.158748,1.521539,0.02194157,358.127,357.1918,359.7366,0,0,False
1,Center_Dir_Close,856,32.03999,-0.1587338,1.521585,0.0216771,-0.1605714,1.233794,0.03586815,-0.6400676,-0.01869007,0.06812168,0.7650645,-0.02163668,1.12085,0.2180772,-0.08387852,0.1035884,-0.06160852,0.9891604,MathCanvas,-0.4222234,1.257486,1.591674,-0.158757,1.521533,0.02180378,-0.1635606,-0.1685407,0.9720298,-0.1250919,1.521425,0.02333629,-0.1899708,-0.1673241,0.9674264,-0.1923758,1.521745,0.02001791,-0.1369055,-0.1686252,0.9761263,-0.1587338,1.521585,0.0216771,358.1317,357.1854,359.7277,0,0,False
1,Center_Dir_Close,857,32.05999,-0.1587131,1.521628,0.0215474,-0.1605714,1.233794,0.03586815,-0.6400676,-0.01869007,0.06812168,0.7650645,-0.02163668,1.12085,0.2180772,-0.08387852,0.1035884,-0.06160852,0.9891604,MathCanvas,-0.4224172,1.249874,1.588729,-0.1587338,1.521585,0.0216771,-0.1636291,-0.1680071,0.9721107,-0.1250714,1.521468,0.02320991,-0.1902025,-0.1669537,0.9674448,-0.1923549,1.521789,0.0198849,-0.1371393,-0.1682535,0.9761575,-0.1587131,1.521628,0.0215474,358.1082,357.1799,359.7268,0,0,False
1,Center_Dir_Close,858,32.07999,-0.1586895,1.521687,0.02141963,-0.1605796,1.233837,0.03587433,-0.6401227,-0.01874607,0.068137,0.7650156,-0.02167302,1.120891,0.218091,-0.08390874,0.1034469,-0.06160984,0.9891725,MathCanvas,-0.4225057,1.250778,1.588723,-0.1587131,1.521628,0.0215474,-0.1637289,-0.1677204,0.9721434,-0.1250479,1.521536,0.02308708,-0.190301,-0.1668244,0.9674477,-0.192331,1.521839,0.01975217,-0.1372389,-0.168096,0.9761707,-0.1586895,1.521687,0.02141963,358.0911,357.171,359.7423,0,0,False
1,Center_Dir_Close,859,32.09999,-0.1586052,1.521824,0.02117495,-0.1605925,1.234063,0.03596622,-0.6398883,-0.01888222,0.06813338,0.7652087,-0.02201245,1.121246,0.2182789,-0.0841497,0.1021679,-0.06147274,0.9892936,MathCanvas,-0.4226587,1.251283,1.588741,-0.1586379,1.521786,0.02129154,-0.1639929,-0.174398,0.9709231,-0.1249637,1.521669,0.02284451,-0.1905377,-0.1733876,0.9662464,-0.1922466,1.521979,0.01950539,-0.1374787,-0.1747199,0.9749731,-0.1586052,1.521824,0.02117495,358.053,357.1678,359.7366,0,0,False
1,Center_Dir_Close,860,32.11999,-0.1585731,1.52185,0.02105645,-0.1605929,1.234088,0.03598222,-0.6398116,-0.01889107,0.06812078,0.7652737,-0.02205389,1.121295,0.2182941,-0.08418898,0.1019687,-0.06151941,0.9893078,MathCanvas,-0.4227113,1.240961,1.58482,-0.1586052,1.521824,0.02117495,-0.1665359,-0.1742758,0.9705121,-0.1249315,1.521693,0.02272386,-0.1929401,-0.1732879,0.9657875,-0.1922146,1.522008,0.01938904,-0.1399192,-0.1746526,0.9746379,-0.1585731,1.52185,0.02105645,358.0356,357.1717,359.7321,0,0,False
1,Center_Dir_Close,861,32.13999,-0.1583988,1.521656,0.02084279,-0.1606279,1.234242,0.0360502,-0.6394837,-0.01886856,0.0682276,0.7655388,-0.02238611,1.121695,0.2183447,-0.08462972,0.1007734,-0.06138545,0.989401,MathCanvas,-0.4268547,1.2411,1.584506,-0.1584585,1.521667,0.02095173,-0.1662771,-0.175251,0.9703808,-0.1247565,1.521439,0.02248883,-0.1927273,-0.1745824,0.9655967,-0.192041,1.521872,0.01919675,-0.1397041,-0.1760468,0.9744179,-0.1583988,1.521656,0.02084279,358.1287,357.2109,359.6312,0,0,False
1,Center_Dir_Close,862,32.15999,-0.1583489,1.521652,0.02072885,-0.1606279,1.234242,0.0360502,-0.6394837,-0.01886856,0.0682276,0.7655388,-0.02238611,1.121695,0.2183447,-0.08462972,0.1007734,-0.06138545,0.989401,MathCanvas,-0.4262046,1.239396,1.583738,-0.1583988,1.521656,0.02084279,-0.1662738,-0.1753147,0.9703699,-0.1247066,1.521426,0.02237243,-0.1927027,-0.1745554,0.9656066,-0.1919912,1.521877,0.01908527,-0.1396792,-0.1760339,0.9744238,-0.1583489,1.521652,0.02072885,358.1294,357.2156,359.6161,0,0,False
1,Center_Dir_Close,863,32.17999,-0.1580544,1.5216,0.02073239,-0.1607216,1.234571,0.0361257,-0.6393071,-0.01893871,0.06835772,0.7656729,-0.02278844,1.122057,0.2184571,-0.08497427,0.09957675,-0.06083847,0.9895265,MathCanvas,-0.4261297,1.239311,1.583491,-0.1581552,1.521608,0.02078989,-0.1686954,-0.1760431,0.9698199,-0.1244104,1.521362,0.02233963,-0.1952318,-0.1754597,0.9649345,-0.1916984,1.521837,0.01912514,-0.1422528,-0.1769979,0.9738767,-0.1580544,1.5216,0.02073239,358.1834,357.2778,359.595,0,0,False
1,Center_Dir_Close,864,32.19999,-0.1579665,1.521584,0.02065182,-0.1607267,1.23461,0.03614125,-0.6393301,-0.0189617,0.06834791,0.765654,-0.02282642,1.122097,0.2184683,-0.08498538,0.0994233,-0.06082366,0.9895418,MathCanvas,-0.4297832,1.238035,1.582884,-0.1580544,1.5216,0.02073239,-0.1685409,-0.1761518,0.9698271,-0.1243222,1.521337,0.02225146,-0.1947986,-0.1754488,0.9650239,-0.1916108,1.52183,0.01905219,-0.1418155,-0.1769986,0.9739404,-0.1579665,1.521584,0.02065182,358.1894,357.2912,359.5803,0,0,False
1,Center_Dir_Close,865,32.21999,-0.1578646,1.521551,0.02062042,-0.1607495,1.234788,0.03620602,-0.639483,-0.0190689,0.0683354,0.7655247,-0.02301723,1.122298,0.2185113,-0.08513776,0.09849793,-0.0607293,0.9896271,MathCanvas,-0.4294329,1.237858,1.582738,-0.1579665,1.521584,0.02065182,-0.1683658,-0.1762237,0.9698444,-0.1242192,1.52126,0.02218938,-0.1941542,-0.1752577,0.9651886,-0.1915099,1.521843,0.01905146,-0.1411652,-0.1768792,0.9740565,-0.1578646,1.521551,0.02062042,358.19,357.3458,359.5033,0,0,False
1,Center_Dir_Close,866,32.23999,-0.1576662,1.521523,0.02054021,-0.1607905,1.234918,0.0362554,-0.6396134,-0.01905144,0.0684009,0.7654105,-0.02316771,1.122442,0.2185426,-0.08539879,0.09806579,-0.06034398,0.9896711,MathCanvas,-0.4290284,1.237732,1.582617,-0.1577601,1.521535,0.02059908,-0.1672755,-0.1763341,0.970013,-0.1240196,1.521194,0.02207613,-0.1934005,-0.1755176,0.9652926,-0.1913128,1.521851,0.01900429,-0.1404048,-0.1771952,0.9741089,-0.1576662,1.521523,0.02054021,358.1989,357.4039,359.4412,0,0,False
1,Center_Dir_Close,867,32.25999,-0.1575418,1.521636,0.02053559,-0.160873,1.235111,0.03634877,-0.6394428,-0.01881052,0.06859544,0.7655415,-0.02335819,1.122655,0.2186062,-0.08525339,0.09748794,-0.06052624,0.9897295,MathCanvas,-0.4270163,1.237587,1.582472,-0.1576662,1.521523,0.02054021,-0.1669727,-0.1763735,0.970058,-0.1238949,1.521324,0.02206655,-0.1931851,-0.1749592,0.9654372,-0.1911888,1.521948,0.01900463,-0.1401873,-0.1766117,0.9742463,-0.1575418,1.521636,0.02053559,358.1609,357.4119,359.4687,0,0,False
1,Center_Dir_Close,868,32.27999,-0.1574454,1.52164,0.02048555,-0.160873,1.235111,0.03634877,-0.6394428,-0.01881052,0.06859544,0.7655415,-0.02335819,1.122655,0.2186062,-0.08525339,0.09748794,-0.06052624,0.9897295,MathCanvas,-0.4263829,1.237659,1.582416,-0.1575418,1.521636,0.02053559,-0.1679817,-0.1757467,0.9699975,-0.123798,1.521318,0.0220048,-0.1941266,-0.1748118,0.9652749,-0.1910928,1.521962,0.01896631,-0.1411457,-0.1764909,0.9741298,-0.1574454,1.52164,0.02048555,358.1574,357.4324,359.4521,0,0,False
1,Center_Dir_Close,869,32.29999,-0.1573462,1.521748,0.02042818,-0.160834,1.235405,0.03651352,-0.6386778,-0.01803691,0.06843791,0.7662126,-0.02361945,1.122993,0.2186666,-0.08523178,0.09686022,-0.06148289,0.9897341,MathCanvas,-0.4279811,1.238599,1.582674,-0.1574454,1.52164,0.02048555,-0.1676107,-0.1752455,0.9701524,-0.123698,1.521417,0.02192915,-0.1935644,-0.1742035,0.9654978,-0.1909943,1.522079,0.01892721,-0.1405777,-0.1758773,0.9743229,-0.1573462,1.521748,0.02042818,358.1473,357.4641,359.437,0,0,False
1,Center_Dir_Close,870,32.31999,-0.1573462,1.521748,0.02042818,-0.160834,1.235405,0.03651352,-0.6386778,-0.01803691,0.06843791,0.7662126,-0.02361945,1.122993,0.2186666,-0.08523178,0.09686022,-0.06148289,0.9897341,MathCanvas,-0.4272966,1.239501,1.582936,-0.1574454,1.52164,0.02048555,-0.1676107,-0.1752455,0.9701524,-0.123698,1.521417,0.02192915,-0.1935644,-0.1742035,0.9654978,-0.1909943,1.522079,0.01892721,-0.1405777,-0.1758773,0.9743229,-0.1573462,1.521748,0.02042818,358.1473,357.4641,359.437,0,0,False
1,Center_Dir_Close,871,32.33999,-0.1571949,1.52183,0.02035987,-0.1608566,1.235745,0.03666776,-0.6382914,-0.01802705,0.06848777,0.7665302,-0.02402714,1.123314,0.2186526,-0.08487722,0.09499572,-0.06211906,0.9899055,MathCanvas,-0.4272815,1.239517,1.582849,-0.1572056,1.521745,0.0203682,-0.02887077,-0.2112702,0.9770012,-0.1235464,1.521506,0.02185352,-0.05605395,-0.2106697,0.9759489,-0.1908434,1.522154,0.01886621,-0.001937002,-0.211003,0.9774835,-0.1571949,1.52183,0.02035987,358.1163,357.4764,359.4483,0,0,False
1,Center_Dir_Close,872,32.35999,-0.1571949,1.52183,0.02035987,-0.1608566,1.235745,0.03666776,-0.6382914,-0.01802705,0.06848777,0.7665302,-0.02402714,1.123314,0.2186526,-0.08487722,0.09499572,-0.06211906,0.9899055,MathCanvas,-0.2028414,1.187799,1.565058,-0.1572056,1.521745,0.0203682,-0.02887077,-0.2112702,0.9770012,-0.1235464,1.521506,0.02185352,-0.05605395,-0.2106697,0.9759489,-0.1908434,1.522154,0.01886621,-0.001937002,-0.211003,0.9774835,-0.1571949,1.52183,0.02035987,358.1163,357.4764,359.4483,0,0,False
1,Center_Dir_Close,873,32.37999,-0.1570702,1.521921,0.02030216,-0.1608498,1.235782,0.03668641,-0.638293,-0.01802842,0.06845961,0.7665314,-0.02407327,1.123346,0.2186428,-0.0848944,0.09480403,-0.06206144,0.989926,MathCanvas,-0.202837,1.187831,1.564909,-0.1571118,1.521883,0.02031733,0.006181614,-0.2143357,-0.9767404,-0.1234215,1.521604,0.02179165,-0.0332026,-0.2142003,0.9762253,-0.190719,1.522239,0.01881267,0.0209018,-0.2142457,0.9765561,-0.1570702,1.521921,0.02030216,358.101,357.4833,359.4598,0,0,False
1,Center_Dir_Close,874,32.39999,-0.1571353,1.522007,0.02038533,-0.1608248,1.23593,0.03673892,-0.6385105,-0.01808104,0.06832441,0.7663611,-0.02429688,1.123504,0.2186109,-0.08511025,0.09421951,-0.06127909,0.990012,MathCanvas,-0.202837,1.187831,1.564909,-0.1570702,1.521921,0.02030216,0.006105145,-0.2142288,-0.9767644,-0.1234873,1.521689,0.02189286,-0.03367854,-0.2136181,0.9763365,-0.1907832,1.522324,0.01887779,0.02042571,-0.2136757,0.9766911,-0.1571353,1.522007,0.02038533,358.0668,357.4529,359.4598,0,0,False
1,Center_Dir_Close,875,32.41999,-0.1571878,1.52207,0.0204142,-0.1608143,1.23625,0.03682377,-0.6390553,-0.01812539,0.06825645,0.7659118,-0.02446997,1.123646,0.2186686,-0.08504764,0.09380155,-0.06102398,0.9900729,MathCanvas,-0.202837,1.187831,1.564909,-0.1571922,1.522027,0.02041831,0.006215209,-0.210073,-0.977666,-0.1235404,1.521733,0.02192914,-0.03328537,-0.2101162,0.9771097,-0.1908353,1.522406,0.01889926,0.02081753,-0.2101992,0.9774369,-0.1571878,1.52207,0.0204142,358.0717,357.4413,359.4271,0,0,False
1,Center_Dir_Close,876,32.43999,-0.1572096,1.522035,0.02044218,-0.160667,1.23654,0.0370486,-0.638331,-0.01799835,0.06795453,0.7665454,-0.02455533,1.123729,0.2187526,-0.08485243,0.09345075,-0.06122842,0.9901102,MathCanvas,-0.202837,1.187831,1.564909,-0.1571878,1.52207,0.0204142,0.006391792,-0.2099806,-0.9776849,-0.1235622,1.521697,0.02195934,-0.03351217,-0.2105072,0.9770177,-0.1908569,1.522373,0.01892502,0.02059064,-0.2105958,0.9773563,-0.1572096,1.522035,0.02044218,358.1051,357.4373,359.4253,0,0,False
1,Center_Dir_Close,877,32.45999,-0.1572045,1.522074,0.02044797,-0.160667,1.23654,0.0370486,-0.638331,-0.01799835,0.06795453,0.7665454,-0.02455533,1.123729,0.2187526,-0.08485243,0.09345075,-0.06122842,0.9901102,MathCanvas,-0.202837,1.187831,1.564909,-0.1572096,1.522035,0.02044218,0.006351383,-0.21054,-0.9775648,-0.1235573,1.521733,0.02196898,-0.03353401,-0.2105682,0.9770038,-0.1908516,1.522416,0.01892696,0.02056876,-0.2106626,0.9773424,-0.1572045,1.522074,0.02044797,358.1093,357.4309,359.4194,0,0,False
1,Center_Dir_Close,878,32.47999,-0.1571775,1.522079,0.02046724,-0.1605085,1.236877,0.03743439,-0.6372719,-0.01836802,0.06742549,0.767464,-0.02462559,1.123851,0.2188022,-0.08510768,0.09336587,-0.06104883,0.9901074,MathCanvas,-0.202837,1.187831,1.564909,-0.1572045,1.522074,0.02044797,0.006484823,-0.2106155,-0.9775476,-0.1235298,1.521768,0.02198058,-0.03311689,-0.2113281,0.976854,-0.1908253,1.522389,0.0189539,0.02098603,-0.211371,0.9771805,-0.1571775,1.522079,0.02046724,358.1544,357.4418,359.4722,0,0,False
1,Center_Dir_Close,879,32.49999,-0.1571273,1.521825,0.02070789,-0.1605194,1.236936,0.03759481,-0.6373628,-0.01821796,0.06748889,0.7673865,-0.02463672,1.124139,0.219044,-0.08537183,0.09320455,-0.0611733,0.9900922,MathCanvas,-0.202837,1.187831,1.564909,-0.1571712,1.522092,0.02047929,0.01176388,-0.2116883,-0.9772666,-0.1234784,1.521501,0.0221926,-0.03808279,-0.2161822,0.9756101,-0.1907762,1.522149,0.01922319,0.01603075,-0.216342,0.976186,-0.1571273,1.521825,0.02070789,358.4311,357.4886,359.4492,0,0,False
1,Center_Dir_Close,880,32.51999,-0.1571318,1.521728,0.02085943,-0.1605113,1.236926,0.03760528,-0.6373168,-0.01808139,0.06747936,0.7674288,-0.02462574,1.124202,0.2190959,-0.08530901,0.09320738,-0.06133811,0.9900871,MathCanvas,-0.202837,1.187831,1.564909,-0.1571273,1.521825,0.02070789,0.01215251,-0.2186533,-0.975727,-0.1234833,1.5214,0.02235417,-0.03951878,-0.2191659,0.974887,-0.1907802,1.522055,0.01936469,0.01459385,-0.2192993,0.9755484,-0.1571318,1.521728,0.02085943,358.4649,357.4714,359.4431,0,0,False
1,Center_Dir_Close,881,32.53999,-0.1571407,1.521664,0.02132901,-0.1604365,1.236834,0.0376849,-0.6367906,-0.01708554,0.06735026,0.7678996,-0.02458143,1.124332,0.2192118,-0.08536867,0.09347862,-0.06157036,0.990042,MathCanvas,-0.202837,1.187831,1.564909,-0.1571279,1.521676,0.02096204,0.006580694,-0.2145368,-0.976694,-0.123492,1.521324,0.0228154,-0.03351969,-0.2145182,0.9761446,-0.1907894,1.522004,0.01984263,0.02058524,-0.2146136,0.9764821,-0.1571407,1.521664,0.02132901,358.525,357.4856,359.4216,0,0,False
1,Center_Dir_Close,882,32.55999,-0.1570747,1.521709,0.0216774,-0.160397,1.236779,0.03769618,-0.6367937,-0.01691638,0.06726518,0.7679082,-0.02454901,1.124368,0.2192566,-0.085524,0.0936866,-0.0616639,0.990003,MathCanvas,-0.202837,1.187831,1.564909,-0.1571407,1.521664,0.02132901,0.005952272,-0.2139586,-0.9768248,-0.1234251,1.521375,0.02314209,-0.0323333,-0.2139007,0.9763201,-0.1907244,1.522043,0.02021272,0.02177199,-0.213975,0.9765965,-0.1570747,1.521709,0.0216774,358.5242,357.5222,359.4323,0,0,False
1,Center_Dir_Close,883,32.57999,-0.1570612,1.521679,0.02184854,-0.160397,1.236779,0.03769618,-0.6367937,-0.01691638,0.06726518,0.7679082,-0.02454901,1.124368,0.2192566,-0.085524,0.0936866,-0.0616639,0.990003,MathCanvas,-0.202837,1.187831,1.564909,-0.1570747,1.521709,0.0216774,0.005799661,-0.2145453,-0.9766968,-0.1234112,1.521343,0.02330761,-0.03269697,-0.2150913,0.9760464,-0.1907111,1.522014,0.02038947,0.02140823,-0.2151778,0.9763402,-0.1570612,1.521679,0.02184854,358.5587,357.5315,359.4298,0,0,False
1,Center_Dir_Close,884,32.59999,-0.15691,1.521694,0.02252357,-0.1602964,1.236739,0.03783751,-0.6366642,-0.01724347,0.06724358,0.7680103,-0.02444388,1.124381,0.21929,-0.08570883,0.09398041,-0.06190283,0.9899443,MathCanvas,-0.202837,1.187831,1.564909,-0.1569362,1.521715,0.02231668,0.004784131,-0.2158506,-0.9764148,-0.1232584,1.521344,0.02393978,-0.0315537,-0.216403,0.9757941,-0.1905616,1.522045,0.02110736,0.02255178,-0.2165115,0.9760196,-0.15691,1.521694,0.02252357,358.6354,357.6044,359.4036,0,0,False
1,Center_Dir_Close,885,32.61999,-0.1568202,1.52187,0.02292314,-0.1603207,1.2367,0.03802459,-0.6362456,-0.01755749,0.06725447,0.7683489,-0.02437619,1.124312,0.219321,-0.08551226,0.09408855,-0.0618789,0.9899525,MathCanvas,-0.202837,1.187831,1.564909,-0.15691,1.521694,0.02252357,0.005412511,-0.2138867,-0.9768435,-0.1231669,1.521509,0.02429537,-0.03125114,-0.2123291,0.9766983,-0.1904735,1.522231,0.0215509,0.02285626,-0.2124731,0.9768996,-0.1568202,1.52187,0.02292314,358.5476,357.6806,359.3861,0,0,False
1,Center_Dir_Close,886,32.63999,-0.1567133,1.522155,0.02355709,-0.1605318,1.236628,0.03830962,-0.6368265,-0.01888676,0.06667744,0.7678864,-0.02400922,1.123926,0.219372,-0.08462546,0.09403054,-0.06116523,0.9900786,MathCanvas,-0.202837,1.187831,1.564909,-0.1567201,1.522123,0.02330758,0.002310582,-0.2137771,-0.9768797,-0.1230565,1.5218,0.02484109,-0.02863479,-0.2156861,0.9760428,-0.1903702,1.52251,0.0222731,0.025473,-0.2158092,0.9761032,-0.1567133,1.522155,0.02355709,358.6786,357.8292,359.3953,0,0,False
1,Center_Dir_Close,887,32.65999,-0.1566844,1.52219,0.02381212,-0.1605318,1.236628,0.03830962,-0.6368265,-0.01888676,0.06667744,0.7678864,-0.02400922,1.123926,0.219372,-0.08462546,0.09403054,-0.06116523,0.9900786,MathCanvas,-0.202837,1.187831,1.564909,-0.1567133,1.522155,0.02355709,0.00166468,-0.2145403,-0.9767139,-0.1230268,1.521834,0.02507414,-0.02808191,-0.2149822,0.9762142,-0.1903421,1.522545,0.02255011,0.0260259,-0.21511,0.976243,-0.1566844,1.52219,0.02381212,358.7083,357.8663,359.3953,0,0,False
1,Center_Dir_Close,888,32.67999,-0.1568288,1.522518,0.02431684,-0.160798,1.236658,0.03855136,-0.6387339,-0.01982554,0.06609519,0.7663272,-0.02351508,1.123302,0.2194636,-0.08330619,0.0936055,-0.05938603,0.990339,MathCanvas,-0.202837,1.187831,1.564909,-0.156733,1.522304,0.02404308,0.00168404,-0.2150709,-0.9765968,-0.1231727,1.522196,0.02562882,-0.029345,-0.2140736,0.9763767,-0.1904849,1.522839,0.02300485,0.02476278,-0.2141467,0.9764876,-0.1568288,1.522518,0.02431684,358.6616,357.7804,359.4531,0,0,False
1,Center_Dir_Close,889,32.69999,-0.1568326,1.522607,0.0245758,-0.160798,1.236658,0.03855136,-0.6387339,-0.01982554,0.06609519,0.7663272,-0.02351508,1.123302,0.2194636,-0.08330619,0.0936055,-0.05938603,0.990339,MathCanvas,-0.202837,1.187831,1.564909,-0.1568288,1.522518,0.02431684,0.002202487,-0.2143019,-0.9767652,-0.1231762,1.522292,0.02588295,-0.02907784,-0.2144256,0.9763075,-0.1904889,1.522923,0.02326866,0.02502999,-0.2144925,0.9764048,-0.1568326,1.522607,0.0245758,358.6712,357.7883,359.4633,0,0,False
1,Center_Dir_Close,890,32.71999,-0.1570864,1.523161,0.02527454,-0.1607981,1.236682,0.03900532,-0.6386208,-0.01989874,0.06587914,0.7664382,-0.02298731,1.122927,0.2196945,-0.08236123,0.09405871,-0.05881575,0.9904092,MathCanvas,-0.202837,1.187831,1.564909,-0.15705,1.523035,0.02497697,0.00602072,-0.2108435,-0.9775013,-0.1234314,1.522837,0.02661437,-0.03364449,-0.2095544,0.977218,-0.1907414,1.523486,0.02393472,0.02046923,-0.2096857,0.9775546,-0.1570864,1.523161,0.02527454,358.5553,357.7341,359.4485,0,0,False
1,Center_Dir_Close,891,32.73999,-0.1571716,1.523275,0.0256387,-0.1608064,1.236653,0.03912122,-0.6384729,-0.01986312,0.06591199,0.7665595,-0.02279349,1.122841,0.2197929,-0.08210442,0.0943123,-0.05878017,0.9904085,MathCanvas,-0.202837,1.187831,1.564909,-0.1570864,1.523161,0.02527454,0.007031595,-0.209257,-0.9778357,-0.1235175,1.522947,0.02699878,-0.03469813,-0.2084725,0.9774125,-0.1908257,1.523603,0.02427861,0.01941519,-0.2086208,0.9778039,-0.1571716,1.523275,0.0256387,358.5134,357.7002,359.4417,0,0,False
1,Center_Dir_Close,892,32.75999,-0.1572507,1.52327,0.02592714,-0.1608289,1.236547,0.03943187,-0.6381674,-0.01947934,0.0661867,0.7668,-0.0222827,1.122657,0.2200843,-0.08176614,0.09535713,-0.05876719,0.9903372,MathCanvas,-0.202837,1.187831,1.564909,-0.1571716,1.523275,0.0256387,0.007056266,-0.2091319,-0.9778619,-0.1235965,1.522943,0.02728705,-0.03409624,-0.2089924,0.9773226,-0.1909049,1.523597,0.02456723,0.02001734,-0.2091284,0.9776833,-0.1572507,1.52327,0.02592714,358.5093,357.7005,359.4443,0,0,False
1,Center_Dir_Close,893,32.77999,-0.1573192,1.522868,0.02667127,-0.1607656,1.236269,0.04025336,-0.6359596,-0.0188312,0.06631028,0.7686376,-0.02159921,1.122352,0.2205216,-0.08171681,0.09759491,-0.0590931,0.9901038,MathCanvas,-0.202837,1.187831,1.564909,-0.1572766,1.522975,0.0263933,0.01211858,-0.200294,-0.979661,-0.1236648,1.52262,0.02804162,-0.03918697,-0.2018557,0.978631,-0.1909736,1.523116,0.02530093,0.01493284,-0.201894,0.9792935,-0.1573192,1.522868,0.02667127,358.6148,357.6785,359.5783,0,0,False
1,Center_Dir_Close,894,32.79999,-0.1573756,1.522802,0.02697678,-0.1607656,1.236269,0.04025336,-0.6359596,-0.0188312,0.06631028,0.7686376,-0.02159921,1.122352,0.2205216,-0.08171681,0.09759491,-0.0590931,0.9901038,MathCanvas,-0.202837,1.187831,1.564909,-0.1573192,1.522868,0.02667127,0.01221715,-0.2007482,-0.9795669,-0.1237213,1.522572,0.02835259,-0.03932626,-0.2009391,0.978814,-0.1910299,1.523033,0.02560097,0.01479349,-0.2009922,0.9794812,-0.1573756,1.522802,0.02697678,358.6284,357.6684,359.6082,0,0,False
1,Center_Dir_Close,895,32.81999,-0.1576238,1.522164,0.02765987,-0.1606864,1.235824,0.04149461,-0.6322657,-0.02077707,0.06646921,0.7716154,-0.02112132,1.121839,0.220898,-0.0818233,0.1000079,-0.06167261,0.9896969,MathCanvas,-0.202837,1.187831,1.564909,-0.1574041,1.52276,0.0272906,0.01307112,-0.2029945,-0.9790927,-0.1239711,1.521989,0.02908353,-0.04104275,-0.2077191,0.977327,-0.1912764,1.52234,0.02623622,0.01307534,-0.2076605,0.9781135,-0.1576238,1.522164,0.02765987,358.9489,357.5831,359.7016,0,0,False
1,Center_Dir_Close,896,32.83999,-0.1577173,1.521967,0.02799253,-0.1606864,1.235824,0.04149461,-0.6322657,-0.02077707,0.06646921,0.7716154,-0.02112132,1.121839,0.220898,-0.0818233,0.1000079,-0.06167261,0.9896969,MathCanvas,-0.202837,1.187831,1.564909,-0.1576238,1.522164,0.02765987,0.0133098,-0.2041124,-0.9788572,-0.1240651,1.521812,0.02942887,-0.04060197,-0.2052702,0.9778628,-0.1913695,1.522121,0.0265562,0.0135164,-0.205195,0.9786278,-0.1577173,1.521967,0.02799253,359.0155,357.5605,359.7368,0,0,False
1,Center_Dir_Close,897,32.85999,-0.1577106,1.522359,0.02856758,-0.1606453,1.235631,0.04168785,-0.6312031,-0.02032019,0.06682582,0.7724662,-0.02121175,1.121424,0.2209855,-0.08162246,0.1011325,-0.06242204,0.9895522,MathCanvas,-0.202837,1.187831,1.564909,-0.1577173,1.521967,0.02799253,0.01336554,-0.2038777,-0.9789051,-0.1240585,1.522222,0.03000789,-0.04043274,-0.2033586,0.9782691,-0.1913627,1.522497,0.02712726,0.01368568,-0.2032634,0.9790285,-0.1577106,1.522359,0.02856758,358.9832,357.5534,359.7663,0,0,False
1,Center_Dir_Close,898,32.87999,-0.1579702,1.522052,0.0290251,-0.1605377,1.235316,0.04195248,-0.6295432,-0.01843518,0.06656905,0.7738889,-0.02180318,1.120321,0.2210947,-0.07966962,0.1022125,-0.06444363,0.9894708,MathCanvas,-0.202837,1.187831,1.564909,-0.157798,1.522282,0.0288157,-0.01400797,-0.1941492,-0.980872,-0.1243183,1.521969,0.03047571,-0.01329432,-0.1953786,0.9806378,-0.191622,1.522134,0.02757449,0.04075981,-0.1949216,0.9799715,-0.1579702,1.522052,0.0290251,358.995,357.5342,359.8601,0,0,False
1,Center_Dir_Close,899,32.89999,-0.1580725,1.521921,0.02934603,-0.1605377,1.235316,0.04195248,-0.6295432,-0.01843518,0.06656905,0.7738889,-0.02180318,1.120321,0.2210947,-0.07966962,0.1022125,-0.06444363,0.9894708,MathCanvas,-0.202837,1.187831,1.564909,-0.1579702,1.522052,0.0290251,-0.01387197,-0.1946958,-0.9807658,-0.124421,1.521862,0.03080593,-0.01329477,-0.1954936,0.9806148,-0.191724,1.521981,0.02788613,0.04075909,-0.194991,0.9799578,-0.1580725,1.521921,0.02934603,359.0292,357.5176,359.8987,0,0,False
1,Center_Dir_Close,900,32.91999,-0.1582073,1.521929,0.02965589,-0.1604912,1.235339,0.04196888,-0.631291,-0.01893016,0.06596594,0.7725036,-0.02277231,1.119338,0.2209438,-0.07854953,0.1008989,-0.06525288,0.9896421,MathCanvas,-0.202837,1.187831,1.564909,-0.1581439,1.521795,0.02965277,-0.00920488,-0.1915922,-0.9814315,-0.1245583,1.521885,0.03117187,-0.01922193,-0.1941099,0.9807914,-0.1918564,1.521973,0.02813991,0.03484523,-0.1936602,0.9804497,-0.1582073,1.521929,0.02965589,359.2051,357.4214,359.9251,0,0,False
1,Center_Dir_Close,901,32.93999,-0.1582931,1.521872,0.02989358,-0.1604912,1.235339,0.04196888,-0.631291,-0.01893016,0.06596594,0.7725036,-0.02277231,1.119338,0.2209438,-0.07854953,0.1008989,-0.06525288,0.9896421,MathCanvas,-0.202837,1.187831,1.564909,-0.1582073,1.521929,0.02965589,-0.008829454,-0.1924472,-0.9812676,-0.1246447,1.521845,0.0314261,-0.0185806,-0.1935596,0.9809126,-0.1919414,1.521898,0.02836107,0.0354858,-0.1930448,0.980548,-0.1582931,1.521872,0.02989358,359.2568,357.3929,359.955,0,0,False
1,Center_Dir_Close,902,32.95999,-0.1585449,1.522035,0.03044945,-0.1606525,1.235289,0.04246744,-0.63143,-0.01926809,0.06542198,0.7724279,-0.02384105,1.117982,0.2210916,-0.07640541,0.09915401,-0.06502692,0.9900011,MathCanvas,-0.202837,1.187831,1.564909,-0.1584155,1.522143,0.03015007,-0.01413186,-0.1851614,-0.9826066,-0.1248998,1.522064,0.03205019,-0.01367141,-0.1836943,0.9828883,-0.1921901,1.522005,0.0288487,0.04037031,-0.1830557,0.9822733,-0.1585449,1.522035,0.03044945,359.0605,357.2753,0.05031596,0,0,False
1,Center_Dir_Close,903,32.97999,-0.1586422,1.522025,0.03070111,-0.1606525,1.235289,0.04246744,-0.63143,-0.01926809,0.06542198,0.7724279,-0.02384105,1.117982,0.2210916,-0.07640541,0.09915401,-0.06502692,0.9900011,MathCanvas,-0.202837,1.187831,1.564909,-0.1585449,1.522035,0.03044945,-0.0135768,-0.1850967,-0.9826267,-0.1249982,1.522075,0.03232462,-0.01399991,-0.1853739,0.9825683,-0.1922863,1.521975,0.0290776,0.04004157,-0.184691,0.9819806,-0.1586422,1.522025,0.03070111,359.0589,357.2359,0.08519924,0,0,False
1,Center_Dir_Close,904,32.99999,-0.1589555,1.523113,0.03121073,-0.1607452,1.235043,0.04312849,-0.6305228,-0.01934417,0.06434904,0.7732567,-0.02453502,1.116777,0.2219031,-0.07424799,0.09800162,-0.06375071,0.9903629,MathCanvas,-0.202837,1.187831,1.564909,-0.1589886,1.523016,0.03096189,-0.009528751,-0.179155,-0.9837748,-0.1253146,1.523111,0.03289806,-0.01826639,-0.1757745,0.984261,-0.1925965,1.523116,0.02952339,0.03578454,-0.1752269,0.9838775,-0.1589555,1.523113,0.03121073,358.5945,357.1287,-0.004387959,0,0,False
1,Center_Dir_Close,905,33.01999,-0.1589767,1.523242,0.03145417,-0.1607758,1.234994,0.04319363,-0.6303874,-0.01938119,0.06431594,0.773369,-0.02454898,1.116746,0.2220524,-0.07414883,0.09801532,-0.06361663,0.9903777,MathCanvas,-0.202837,1.187831,1.564909,-0.1589555,1.523113,0.03121073,-0.01095607,-0.174533,-0.9845905,-0.1253367,1.523248,0.03315899,-0.016547,-0.1730516,0.9847738,-0.1926168,1.523235,0.02974935,0.03749685,-0.1724738,0.9843001,-0.1589767,1.523242,0.03145417,358.4923,357.0985,0.01167104,0,0,False
1,Center_Dir_Close,906,33.03999,-0.1591912,1.523536,0.03182241,-0.160819,1.234883,0.043289,-0.6302978,-0.01904278,0.06432518,0.7734497,-0.02453574,1.11678,0.2223963,-0.0740223,0.09799299,-0.06377459,0.9903792,MathCanvas,-0.202837,1.187831,1.564909,-0.1590771,1.523426,0.03170312,-0.01128136,-0.1743327,-0.9846222,-0.125551,1.523547,0.03352476,-0.01520048,-0.1741221,0.9846068,-0.1928313,1.523525,0.03012006,0.03883784,-0.1735252,0.9840633,-0.1591912,1.523536,0.03182241,358.3793,357.1025,0.01873892,0,0,False
1,Center_Dir_Close,907,33.05999,-0.1592841,1.523484,0.0319417,-0.1608865,1.234713,0.04340808,-0.6303565,-0.01875955,0.06441314,0.7734014,-0.02448853,1.116894,0.2225928,-0.07416511,0.09822108,-0.06416764,0.9903205,MathCanvas,-0.202837,1.187831,1.564909,-0.1591912,1.523536,0.03182241,-0.01225137,-0.1744339,-0.9845927,-0.1256437,1.5235,0.03363939,-0.01461738,-0.1741959,0.9846025,-0.1929245,1.523469,0.03024401,0.03942055,-0.1735925,0.9840283,-0.1592841,1.523484,0.0319417,358.3483,357.1102,0.02599695,0,0,False
1,Center_Dir_Close,908,33.07999,-0.1593928,1.523568,0.03215581,-0.1609566,1.234556,0.04357497,-0.630425,-0.01858346,0.06445321,0.7733465,-0.02443195,1.117061,0.2230022,-0.07444919,0.09859056,-0.06492689,0.990213,MathCanvas,-0.202837,1.187831,1.564909,-0.1592841,1.523484,0.0319417,-0.01197495,-0.1732839,-0.9847991,-0.1257519,1.523605,0.03384448,-0.01467758,-0.1729606,0.9848194,-0.1930336,1.523531,0.03046714,0.03936008,-0.1723259,0.9842533,-0.1593928,1.523568,0.03215581,358.3133,357.1245,0.06285071,0,0,False
1,Center_Dir_Close,909,33.09999,-0.1595234,1.523598,0.03257082,-0.1609281,1.234312,0.04393718,-0.6303423,-0.01828172,0.06450979,0.7734163,-0.024377,1.117385,0.2235412,-0.07525498,0.09892908,-0.06553288,0.9900783,MathCanvas,-0.202837,1.187831,1.564909,-0.1594704,1.523644,0.03235211,-0.01312065,-0.1765934,-0.9841964,-0.1258811,1.523656,0.03423015,-0.01302159,-0.1745243,0.9845667,-0.1931656,1.52354,0.03091149,0.04101455,-0.1738429,0.9839188,-0.1595234,1.523598,0.03257082,358.1177,357.1731,0.09855681,0,0,False
1,Center_Dir_Close,910,33.11999,-0.1595885,1.523628,0.03279926,-0.1609169,1.234271,0.04397106,-0.6303391,-0.01821354,0.06452227,0.7734195,-0.02439487,1.117465,0.2236603,-0.07554121,0.098948,-0.06560818,0.9900497,MathCanvas,-0.202837,1.187831,1.564909,-0.1595234,1.523598,0.03257082,-0.01354118,-0.1751481,-0.984449,-0.1259461,1.523697,0.03445519,-0.01334255,-0.1735282,0.9847385,-0.1932309,1.523558,0.03114332,0.04069301,-0.1728347,0.9841098,-0.1595885,1.523628,0.03279926,358.0042,357.178,0.1179816,0,0,False
1,Center_Dir_Close,911,33.13999,-0.159733,1.523559,0.03321335,-0.1608735,1.233814,0.04406326,-0.6307693,-0.01754822,0.06473508,0.7730664,-0.02444297,1.117646,0.2239897,-0.07645512,0.09897444,-0.06597347,0.9899526,MathCanvas,-0.202837,1.187831,1.564909,-0.159655,1.523687,0.03301471,-0.01086937,-0.1773096,-0.9840951,-0.1260894,1.523655,0.03484373,-0.01546238,-0.1770495,0.9840805,-0.1933766,1.523463,0.03158298,0.03858407,-0.1763339,0.9835739,-0.159733,1.523559,0.03321335,357.8854,357.2196,0.1629567,0,0,False
1,Center_Dir_Close,912,33.15999,-0.1597961,1.523335,0.03334686,-0.1609279,1.23344,0.04399439,-0.6312521,-0.01703864,0.06491917,0.7726681,-0.02448562,1.117688,0.2242278,-0.07705543,0.09881151,-0.06647726,0.9898887,MathCanvas,-0.202837,1.187831,1.564909,-0.159733,1.523559,0.03321335,-0.01147615,-0.1786262,-0.9838502,-0.1261524,1.523436,0.03497387,-0.01540614,-0.180134,0.9835214,-0.1934399,1.523233,0.03171984,0.03864016,-0.1794055,0.9830161,-0.1597961,1.523335,0.03334686,357.9528,357.2252,0.1730338,0,0,False
1,Center_Dir_Close,913,33.17999,-0.1598947,1.522852,0.03334818,-0.1610028,1.233039,0.04389243,-0.6314459,-0.01657445,0.06499925,0.7725131,-0.02461626,1.117569,0.2244942,-0.07744196,0.09831528,-0.0668974,0.9898796,MathCanvas,-0.202837,1.187831,1.564909,-0.1597961,1.523335,0.03334686,-0.01170609,-0.1778358,-0.9839907,-0.1262516,1.522946,0.03498939,-0.01573873,-0.1813664,0.9832897,-0.1935378,1.522758,0.03170697,0.03830779,-0.1806401,0.982803,-0.1598947,1.522852,0.03334818,358.1368,357.202,0.1597503,0,0,False
1,Center_Dir_Close,914,33.19999,-0.1601018,1.522201,0.03341095,-0.1610584,1.232814,0.04388455,-0.6310835,-0.0166269,0.06483981,0.7728214,-0.02474993,1.117372,0.2246987,-0.07744012,0.09796751,-0.06681202,0.98992,MathCanvas,-0.202837,1.187831,1.564909,-0.1599748,1.522728,0.03349278,-0.002317938,-0.1836518,-0.9829886,-0.1264601,1.522287,0.03508022,-0.02562832,-0.1869891,0.9820276,-0.1937435,1.522115,0.03174167,0.02844601,-0.1863661,0.9820685,-0.1601018,1.522201,0.03341095,358.3192,357.1551,0.1466917,0,0,False
1,Center_Dir_Close,915,33.21999,-0.1602012,1.52194,0.0334673,-0.1610584,1.232814,0.04388455,-0.6310835,-0.0166269,0.06483981,0.7728214,-0.02479736,1.1173,0.2247696,-0.07739213,0.09790093,-0.06671156,0.9899371,MathCanvas,-0.202837,1.187831,1.564909,-0.1601018,1.522201,0.03341095,-0.002149925,-0.1847342,-0.9827863,-0.1265598,1.522027,0.03514351,-0.02506848,-0.1862301,0.9821863,-0.1938426,1.521852,0.0317911,0.02900559,-0.1855831,0.9822004,-0.1602012,1.52194,0.0334673,358.3878,357.1434,0.1485771,0,0,False
1,Center_Dir_Close,916,33.23999,-0.1606037,1.521444,0.03284909,-0.1615674,1.232329,0.04383952,-0.6300512,-0.01880592,0.0635498,0.7737204,-0.02549204,1.116243,0.2258853,-0.07537509,0.09649917,-0.06635434,0.9902543,MathCanvas,-0.202837,1.187831,1.564909,-0.1604663,1.521356,0.03295312,-0.1583735,-0.1801472,0.9708063,-0.1269693,1.521477,0.03466297,-0.1876279,-0.1804183,0.9655283,-0.194238,1.52141,0.03103521,-0.1344982,-0.1814551,0.9741582,-0.1606037,1.521444,0.03284909,358.5982,356.9117,0.05702543,0,0,False
1,Center_Dir_Close,917,33.25999,-0.1607429,1.521285,0.03277686,-0.1616739,1.232306,0.04383717,-0.6300606,-0.01940247,0.06331169,0.7737176,-0.02555611,1.116177,0.2259783,-0.07521501,0.09631677,-0.06643787,0.9902787,MathCanvas,-0.4150226,1.232046,1.592399,-0.1606037,1.521444,0.03284909,-0.1952747,-0.1729222,0.9653837,-0.1271102,1.521309,0.03462225,-0.2224158,-0.1732852,0.9594287,-0.1943755,1.52126,0.03093147,-0.1698708,-0.1745936,0.9698768,-0.1607429,1.521285,0.03277686,358.6602,356.8584,0.04203346,0,0,False
1,Center_Dir_Close,918,33.27999,-0.1608841,1.521137,0.0326924,-0.1616739,1.232306,0.04383717,-0.6300606,-0.01940247,0.06331169,0.7737176,-0.02555611,1.116177,0.2259783,-0.07521501,0.09631677,-0.06643787,0.9902787,MathCanvas,-0.4767886,1.241416,1.595218,-0.1607429,1.521285,0.03277686,-0.1962433,-0.1738646,0.965018,-0.1272533,1.521153,0.03457088,-0.2234215,-0.1741211,0.9590436,-0.1945149,1.52112,0.03081392,-0.1708873,-0.1754483,0.9695439,-0.1608841,1.521137,0.0326924,358.7164,356.8024,0.02816524,0,0,False
1,Center_Dir_Close,919,33.29999,-0.1610766,1.521737,0.03218815,-0.1627086,1.232625,0.04403818,-0.6321988,-0.02672015,0.06074535,0.7719591,-0.02624236,1.115924,0.2269409,-0.0743745,0.09453962,-0.06635088,0.9905192,MathCanvas,-0.4784827,1.239756,1.59447,-0.1608841,1.521137,0.0326924,-0.199314,-0.1664144,0.9657019,-0.1274526,1.521755,0.03418309,-0.228854,-0.162292,0.959837,-0.1947007,1.52172,0.0301932,-0.1763809,-0.1635154,0.9706454,-0.1610766,1.521737,0.03218815,358.5099,356.6038,0.02978976,0,0,False
1,Center_Dir_Close,920,33.31999,-0.161354,1.522391,0.03187045,-0.1634268,1.233024,0.04401182,-0.6357796,-0.03254247,0.0584354,0.7689672,-0.02693427,1.116147,0.2280215,-0.07385674,0.09302964,-0.06608517,0.9907187,MathCanvas,-0.484411,1.251774,1.598784,-0.1610766,1.521737,0.03218815,-0.1965128,-0.1543137,0.968282,-0.1277375,1.522393,0.03398979,-0.2264084,-0.1486853,0.9626172,-0.1949704,1.522388,0.02975111,-0.1738717,-0.1498048,0.9733073,-0.161354,1.522391,0.03187045,358.2166,356.3924,0.004544323,0,0,False
1,Center_Dir_Close,921,33.33999,-0.1617479,1.522883,0.03143527,-0.1636426,1.233075,0.0439641,-0.636557,-0.03412417,0.05772918,0.7683086,-0.02709483,1.116268,0.2282907,-0.07390758,0.09275292,-0.06611566,0.9907387,MathCanvas,-0.4808147,1.271531,1.605956,-0.161354,1.522391,0.03187045,-0.1998523,-0.1511497,0.9680976,-0.1281427,1.522863,0.03372613,-0.2311038,-0.1462895,0.9618682,-0.1953531,1.522904,0.02914441,-0.1786195,-0.1474247,0.9728109,-0.1617479,1.522883,0.03143527,357.9709,356.1014,359.965,0,0,False
1,Center_Dir_Close,922,33.35999,-0.1618848,1.523026,0.03129068,-0.1636426,1.233075,0.0439641,-0.636557,-0.03412417,0.05772918,0.7683086,-0.02709483,1.116268,0.2282907,-0.07390758,0.09275292,-0.06611566,0.9907387,MathCanvas,-0.4870156,1.276881,1.607053,-0.1617479,1.522883,0.03143527,-0.204935,-0.1468572,0.9676955,-0.1282835,1.522999,0.03363761,-0.2327511,-0.1449713,0.9616706,-0.1954862,1.523054,0.02894376,-0.1802854,-0.1461079,0.9727023,-0.1618848,1.523026,0.03129068,357.8955,356.0063,359.953,0,0,False
1,Center_Dir_Close,923,33.37999,-0.1616741,1.523221,0.03102054,-0.1636606,1.233088,0.04400133,-0.6350737,-0.03647743,0.05602234,0.7695533,-0.02830883,1.11727,0.2302986,-0.0739193,0.09116799,-0.06698317,0.9908267,MathCanvas,-0.4959455,1.283637,1.608713,-0.1618848,1.523026,0.03129068,-0.2067178,-0.1388267,0.9685013,-0.1280771,1.523203,0.03342919,-0.2345933,-0.1393789,0.9620496,-0.1952711,1.523238,0.0286119,-0.1821468,-0.140441,0.97319,-0.1616741,1.523221,0.03102054,357.9564,355.9004,359.9704,0,0,False
1,Center_Dir_Close,924,33.39999,-0.1617835,1.523447,0.03067745,-0.1636843,1.233111,0.04406244,-0.6346158,-0.03703506,0.05596545,0.7699084,-0.02856241,1.117494,0.2306865,-0.07391182,0.09088463,-0.06710736,0.9908449,MathCanvas,-0.4992557,1.296509,1.612636,-0.161718,1.523327,0.03084917,-0.2096491,-0.1376518,0.9680389,-0.1281946,1.523439,0.03319668,-0.2372874,-0.1363401,0.9618244,-0.1953724,1.523455,0.02815823,-0.1848724,-0.1373665,0.9731149,-0.1617835,1.523447,0.03067745,357.8582,355.7112,359.9867,0,0,False
1,Center_Dir_Close,925,33.41999,-0.1616334,1.523374,0.03062523,-0.1637864,1.233155,0.04445479,-0.6314597,-0.04106231,0.05556986,0.7723241,-0.0294329,1.118422,0.2318197,-0.0748745,0.08975056,-0.06725994,0.9908656,MathCanvas,-0.5044577,1.298453,1.612949,-0.1617835,1.523447,0.03067745,-0.2112669,-0.1368144,0.9678058,-0.1280465,1.523398,0.03316919,-0.2379861,-0.1356506,0.9617492,-0.1952204,1.523349,0.02808128,-0.1855796,-0.1366313,0.9730838,-0.1616334,1.523374,0.03062523,357.8112,355.667,0.04111819,0,0,False
1,Center_Dir_Close,926,33.43999,-0.1616836,1.523546,0.03035285,-0.1637864,1.233155,0.04445479,-0.6314597,-0.04106231,0.05556986,0.7723241,-0.02960302,1.118619,0.2320073,-0.07519335,0.08947863,-0.06730547,0.990863,MathCanvas,-0.5069388,1.299757,1.612455,-0.1616715,1.523472,0.03047591,-0.1944403,-0.1526443,0.9689648,-0.128104,1.523582,0.03299328,-0.2220627,-0.1510249,0.9632651,-0.1952631,1.52351,0.02771242,-0.1693483,-0.1519456,0.9737729,-0.1616836,1.523546,0.03035285,357.6937,355.5015,0.06137089,0,0,False
1,Center_Dir_Close,927,33.45999,-0.1614145,1.523254,0.03043425,-0.1633563,1.23289,0.04423271,-0.6331145,-0.04105671,0.05504007,0.7710065,-0.03107083,1.120406,0.2330225,-0.07886314,0.08619477,-0.06867488,0.9907749,MathCanvas,-0.4773796,1.275711,1.603577,-0.1616836,1.523546,0.03035285,-0.1943369,-0.1530544,0.9689208,-0.1278335,1.523318,0.03305594,-0.2199508,-0.1538641,0.9633003,-0.1949954,1.52319,0.02781255,-0.1672145,-0.1547425,0.9737013,-0.1614145,1.523254,0.03043425,357.7609,355.5316,0.1092262,0,0,False
1,Center_Dir_Close,928,33.47999,-0.1613073,1.523172,0.0303435,-0.1632047,1.232809,0.04414687,-0.6335546,-0.04083076,0.05502386,0.770658,-0.03138793,1.120755,0.2330161,-0.07980523,0.08523593,-0.06952523,0.9907231,MathCanvas,-0.4767295,1.27492,1.602525,-0.1614145,1.523254,0.03043425,-0.1931474,-0.160191,0.9680046,-0.1277283,1.523267,0.03298928,-0.2200001,-0.1597628,0.9623284,-0.1948863,1.523077,0.02769773,-0.1672547,-0.1606124,0.9727433,-0.1613073,1.523172,0.0303435,357.7545,355.4885,0.1617775,0,0,False
1,Center_Dir_Close,929,33.49999,-0.1610497,1.523008,0.03020204,-0.1628732,1.232704,0.04414304,-0.633528,-0.0403177,0.05502087,0.7707071,-0.03148372,1.120636,0.2327631,-0.08002863,0.08522803,-0.0690556,0.9907386,MathCanvas,-0.4741142,1.263739,1.59805,-0.1612512,1.523172,0.03025392,-0.1944894,-0.160079,0.9677544,-0.1274747,1.523145,0.03289698,-0.2211211,-0.1603167,0.9619792,-0.1946246,1.522871,0.0275071,-0.168389,-0.1611112,0.9724651,-0.1610497,1.523008,0.03020204,357.7642,355.4018,0.2332623,0,0,False
1,Center_Dir_Close,930,33.51999,-0.1609492,1.522941,0.03011523,-0.1627397,1.232675,0.04413097,-0.6335329,-0.04025774,0.05498276,0.7707089,-0.03147458,1.120585,0.232725,-0.07998235,0.08528935,-0.06892063,0.9907464,MathCanvas,-0.4761052,1.263695,1.597877,-0.1610497,1.523008,0.03020204,-0.05813082,-0.3057765,0.950327,-0.1273763,1.523095,0.03283381,-0.08563408,-0.3060201,0.9481658,-0.1945222,1.522788,0.02739665,-0.03161079,-0.3054968,0.9516683,-0.1609492,1.522941,0.03011523,357.7637,355.3604,0.2618292,0,0,False
1,Center_Dir_Close,931,33.53999,-0.160624,1.522731,0.02988866,-0.1623456,1.232605,0.04406776,-0.633732,-0.04002954,0.05500989,0.7705553,-0.03134744,1.120291,0.2325198,-0.07949946,0.08547737,-0.06870348,0.9907842,MathCanvas,-0.2521178,1.043381,1.520546,-0.1607608,1.522811,0.02999837,-0.05907408,-0.3064441,0.9500538,-0.1270538,1.52289,0.03264156,-0.08664542,-0.3069229,0.947782,-0.1941941,1.522572,0.02713575,-0.03262632,-0.3063895,0.951347,-0.160624,1.522731,0.02988866,357.8254,355.3017,0.2705658,0,0,False
1,Center_Dir_Close,932,33.55999,-0.1604255,1.522629,0.0297516,-0.162131,1.232576,0.04404097,-0.6338409,-0.03983212,0.05506799,0.7704718,-0.03124815,1.120157,0.2324352,-0.07920504,0.08548135,-0.06884909,0.9907973,MathCanvas,-0.2532774,1.042096,1.519979,-0.160624,1.522731,0.02988866,-0.006400218,-0.3988088,-0.9170119,-0.1268557,1.522793,0.03250884,-0.02058756,-0.4002698,0.9161661,-0.1939952,1.522464,0.02699436,0.03335177,-0.398302,0.9166477,-0.1604255,1.522629,0.0297516,357.8563,355.2941,0.2807315,0,0,False
1,Center_Dir_Close,933,33.57999,-0.1602445,1.522549,0.02962601,-0.1618787,1.232556,0.04403155,-0.6339746,-0.03957082,0.05516321,0.7703684,-0.03121449,1.120106,0.2324039,-0.07910333,0.08547238,-0.06889959,0.9908027,MathCanvas,-0.2532774,1.042096,1.519979,-0.1604255,1.522629,0.0297516,-0.006122395,-0.3990138,-0.9169246,-0.1266761,1.522728,0.03239881,-0.02108469,-0.4002322,0.9161712,-0.1938129,1.52237,0.02685321,0.03285296,-0.39823,0.916697,-0.1602445,1.522549,0.02962601,357.8721,355.2667,0.3046928,0,0,False
1,Center_Dir_Close,934,33.59999,-0.1594742,1.52283,0.02939401,-0.1606026,1.232511,0.04390064,-0.6347307,-0.03748151,0.05577993,0.7698056,-0.02940223,1.118284,0.2316315,-0.0753462,0.08761087,-0.06834107,0.9909474,MathCanvas,-0.2532774,1.042096,1.519979,-0.1598648,1.522583,0.02947367,-0.007172537,-0.3969051,-0.9178315,-0.1259,1.523007,0.03209578,-0.01885946,-0.395917,0.9180927,-0.1930484,1.522654,0.02669225,0.03508122,-0.3939613,0.9184573,-0.1594742,1.52283,0.02939401,357.6945,355.3871,0.3005008,0,0,False
1,Center_Dir_Close,935,33.61999,-0.1592068,1.522889,0.02929581,-0.1603762,1.232508,0.04385589,-0.6349432,-0.0371595,0.05584359,0.7696414,-0.02911123,1.118076,0.231571,-0.07481959,0.08811823,-0.06823704,0.9909495,MathCanvas,-0.2532774,1.042096,1.519979,-0.1594742,1.52283,0.02939401,-0.007248393,-0.3871299,-0.9219968,-0.1256322,1.523062,0.03199391,-0.01968157,-0.3874904,0.9216636,-0.1927813,1.522716,0.02659771,0.0342596,-0.3855664,0.9220439,-0.1592068,1.522889,0.02929581,357.6564,355.3935,0.2938525,0,0,False
1,Center_Dir_Close,936,33.63999,-0.1583306,1.523103,0.02916073,-0.1594388,1.2325,0.04366916,-0.6359221,-0.03572235,0.05610564,0.7688819,-0.02635542,1.11671,0.2312126,-0.07130966,0.09297638,-0.06781222,0.9907936,MathCanvas,-0.2532774,1.042096,1.519979,-0.1588588,1.522976,0.02920636,-0.01697884,-0.3853336,-0.9226211,-0.1247514,1.523259,0.03180087,-0.009290211,-0.3854011,0.9227024,-0.1919098,1.522947,0.02652058,0.04460713,-0.3833257,0.9225355,-0.1583306,1.523103,0.02916073,357.5451,355.493,0.2649565,0,0,False
1,Center_Dir_Close,937,33.65999,-0.1579961,1.52317,0.02908177,-0.1594388,1.2325,0.04366916,-0.6359221,-0.03572235,0.05610564,0.7688819,-0.02635542,1.11671,0.2312126,-0.07130966,0.09297638,-0.06781222,0.9907936,MathCanvas,-0.2532774,1.042096,1.519979,-0.1583306,1.523103,0.02916073,-0.01735361,-0.3845834,-0.9229271,-0.1244158,1.523324,0.03170837,-0.009258859,-0.3849694,0.9228829,-0.1915763,1.523016,0.02645516,0.04463847,-0.3828943,0.9227131,-0.1579961,1.52317,0.02908177,357.5042,355.5161,0.2624754,0,0,False
1,Center_Dir_Close,938,33.67999,-0.1575979,1.523181,0.0289937,-0.1593269,1.232486,0.04366158,-0.6359785,-0.03550148,0.05615498,0.7688417,-0.02603389,1.116627,0.2311707,-0.07117412,0.09338384,-0.06772278,0.9907711,MathCanvas,-0.2532774,1.042096,1.519979,-0.1579961,1.52317,0.02908177,-0.01772466,-0.3839159,-0.9231981,-0.1240166,1.523337,0.0316063,-0.008839581,-0.3842844,0.9231725,-0.1911793,1.523025,0.0263811,0.0450575,-0.3822055,0.9229782,-0.1575979,1.523181,0.0289937,357.4627,355.5396,0.2653429,0,0,False
1,Center_Dir_Close,939,33.69999,-0.1567701,1.523323,0.0288709,-0.1588244,1.232426,0.04365029,-0.6357949,-0.03422654,0.05644445,0.7690302,-0.02524794,1.11662,0.2310241,-0.07148863,0.09381536,-0.06704406,0.9907538,MathCanvas,-0.2532774,1.042096,1.519979,-0.1571462,1.523264,0.02893498,-0.01946319,-0.382766,-0.9236404,-0.123183,1.523474,0.03140885,-0.006956697,-0.3831496,0.9236601,-0.1903572,1.523172,0.02633295,0.04694066,-0.381089,0.923346,-0.1567701,1.523323,0.0288709,357.3838,355.667,0.256851,0,0,False
1,Center_Dir_Close,940,33.71999,-0.1564462,1.523242,0.02882845,-0.1582915,1.232333,0.04360125,-0.6350944,-0.03224714,0.05701951,0.7696519,-0.02451823,1.116832,0.2307614,-0.07260112,0.09367246,-0.06580582,0.9907695,MathCanvas,-0.2532774,1.042096,1.519979,-0.1567701,1.523323,0.0288709,-0.02089825,-0.382441,-0.9237437,-0.1228538,1.523365,0.03129617,-0.004442427,-0.3831674,0.9236682,-0.1900387,1.523119,0.02636073,0.04945657,-0.3811864,0.9231744,-0.1564462,1.523242,0.02882845,357.3627,355.7889,0.2097114,0,0,False
1,Center_Dir_Close,941,33.73999,-0.1557028,1.523126,0.02882498,-0.1573234,1.232115,0.04340005,-0.6345489,-0.02910112,0.05823318,0.7701362,-0.02305964,1.117432,0.2299861,-0.07602102,0.09349076,-0.06579645,0.9905307,MathCanvas,-0.2532774,1.042096,1.519979,-0.1560762,1.523132,0.02885609,-0.01481443,-0.3866551,-0.9221053,-0.1221051,1.523147,0.03122356,-0.01155709,-0.3872151,0.921917,-0.1893004,1.523104,0.0264264,0.04238491,-0.3854891,0.9217384,-0.1557028,1.523126,0.02882498,357.3839,355.9148,0.03718396,0,0,False
1,Center_Dir_Close,942,33.75999,-0.1552948,1.523044,0.028822,-0.1567575,1.232019,0.04324095,-0.6343015,-0.02750927,0.05905204,0.7703361,-0.02156198,1.118228,0.2290128,-0.07962383,0.09326834,-0.06562544,0.99028,MathCanvas,-0.2532774,1.042096,1.519979,-0.1557028,1.523126,0.02882498,-0.008321317,-0.3838653,-0.9233516,-0.1216933,1.523027,0.03116731,-0.0176207,-0.3854717,0.9225514,-0.1888963,1.523061,0.0264767,0.03635953,-0.383993,0.9226198,-0.1552948,1.523044,0.028822,357.4326,356.0087,359.9708,0,0,False
1,Center_Dir_Close,943,33.77999,-0.1542622,1.522952,0.02875898,-0.1559283,1.23196,0.04304172,-0.6343845,-0.0253734,0.05966862,0.7702936,-0.01983916,1.118998,0.228078,-0.08251659,0.09669143,-0.06310684,0.9898784,MathCanvas,-0.2532774,1.042096,1.519979,-0.1547354,1.523023,0.02878483,-0.002579184,-0.3714185,-0.928462,-0.1206533,1.522894,0.03099392,-0.02316605,-0.3724837,0.9277496,-0.1878712,1.523009,0.02652404,0.03084916,-0.3712619,0.9280155,-0.1542622,1.522952,0.02875898,357.5066,356.1998,359.902,0,0,False
1,Center_Dir_Close,944,33.79999,-0.1538842,1.522842,0.02871179,-0.1559283,1.23196,0.04304172,-0.6343845,-0.0253734,0.05966862,0.7702936,-0.01958811,1.119058,0.2279902,-0.08262248,0.09743801,-0.06297062,0.9898051,MathCanvas,-0.2532774,1.042096,1.519979,-0.1542622,1.522952,0.02875898,-0.003534294,-0.3716082,-0.9283831,-0.1202719,1.522767,0.03089402,-0.02220439,-0.3724619,0.9277818,-0.1874966,1.522918,0.02652955,0.03181147,-0.3712583,0.9279846,-0.1538842,1.522842,0.02871179,357.52,356.2909,359.8716,0,0,False
1,Center_Dir_Close,945,33.81999,-0.152888,1.522651,0.02872798,-0.1546547,1.232067,0.04298469,-0.6340241,-0.02143073,0.06012998,0.7706741,-0.01743425,1.11918,0.2274922,-0.08113561,0.1027623,-0.06639933,0.9891654,MathCanvas,-0.2532774,1.042096,1.519979,-0.153356,1.522726,0.02873353,-0.1538549,-0.1840396,0.9708028,-0.1192648,1.522508,0.03073258,-0.1781053,-0.1844437,0.9665708,-0.1865112,1.522794,0.02672338,-0.1248186,-0.1856197,0.9746618,-0.152888,1.522651,0.02872798,357.6478,356.5981,359.7564,0,0,False
1,Center_Dir_Close,946,33.83999,-0.1524024,1.522532,0.02872398,-0.1546547,1.232067,0.04298469,-0.6340241,-0.02143073,0.06012998,0.7706741,-0.01713824,1.119168,0.2274178,-0.08091436,0.1033524,-0.06702117,0.98908,MathCanvas,-0.3987862,1.22851,1.580312,-0.152888,1.522651,0.02872798,-0.1522411,-0.1844638,0.9709767,-0.1187747,1.52237,0.03065014,-0.1766741,-0.184423,0.9668373,-0.1860301,1.522694,0.02679782,-0.1233754,-0.1856204,0.9748454,-0.1524024,1.522532,0.02872398,357.6837,356.7329,359.7233,0,0,False
1,Center_Dir_Close,947,33.85999,-0.1519177,1.522527,0.02872714,-0.1540667,1.232138,0.04293764,-0.6335947,-0.01967367,0.06038026,0.7710544,-0.01571913,1.118947,0.2269266,-0.08042508,0.106149,-0.06893117,0.9886925,MathCanvas,-0.3956403,1.227812,1.580067,-0.1524024,1.522532,0.02872398,-0.1500783,-0.1850218,0.9712072,-0.1182837,1.522357,0.03053977,-0.1734423,-0.1850612,0.9673005,-0.1855516,1.522696,0.02691451,-0.120117,-0.1862725,0.9751279,-0.1519177,1.522527,0.02872714,357.7226,356.9266,359.712,0,0,False
1,Center_Dir_Close,948,33.87999,-0.1510156,1.522478,0.02873166,-0.152994,1.232113,0.04280616,-0.6327426,-0.01631357,0.06205705,0.7716992,-0.01463259,1.118493,0.2262463,-0.08069241,0.1078811,-0.06869912,0.9884993,MathCanvas,-0.3916143,1.22702,1.579885,-0.1514379,1.522546,0.0287672,-0.1958258,-0.1666378,0.9663768,-0.1173718,1.522314,0.03035349,-0.2195637,-0.1659983,0.9613721,-0.1846593,1.522641,0.02710982,-0.1670075,-0.1675812,0.9716095,-0.1510156,1.522478,0.02873166,357.7281,357.2512,359.7222,0,0,False
1,Center_Dir_Close,949,33.89999,-0.1505623,1.522446,0.02871288,-0.152994,1.232113,0.04280616,-0.6327426,-0.01631357,0.06205705,0.7716992,-0.01448984,1.118433,0.2261635,-0.0806298,0.1080178,-0.06880143,0.9884824,MathCanvas,-0.4667692,1.253788,1.586938,-0.1510156,1.522478,0.02873166,-0.1935568,-0.1670375,0.9667648,-0.1169148,1.522273,0.03025405,-0.2175099,-0.1666601,0.9617245,-0.1842098,1.52262,0.0271717,-0.1649319,-0.16826,0.9718468,-0.1505623,1.522446,0.02871288,357.7555,357.389,359.7047,0,0,False
1,Center_Dir_Close,950,33.91999,-0.1497897,1.522391,0.02873976,-0.1522411,1.231951,0.04294456,-0.6309155,-0.015321,0.06236296,0.7731894,-0.01342624,1.117805,0.225619,-0.07904851,0.1091109,-0.06935599,0.9884513,MathCanvas,-0.4625198,1.25323,1.586858,-0.1502064,1.522392,0.02870893,-0.1908382,-0.1675952,0.9672087,-0.1161368,1.522175,0.03015232,-0.2151689,-0.1669987,0.9621922,-0.1834426,1.522608,0.02732719,-0.162574,-0.1686796,0.9721712,-0.1497897,1.522391,0.02873976,357.7854,357.6107,359.632,0,0,False
1,Center_Dir_Close,951,33.93999,-0.1494345,1.522422,0.02876189,-0.1518944,1.231914,0.04305455,-0.6301005,-0.01475788,0.06254679,0.7738498,-0.01263559,1.117333,0.225229,-0.07796232,0.1101141,-0.06892952,0.9884561,MathCanvas,-0.4571959,1.252425,1.58674,-0.1497897,1.522391,0.02873976,-0.1887487,-0.1678715,0.9675707,-0.1157796,1.522176,0.03012036,-0.2135821,-0.1665304,0.9626268,-0.1830894,1.522668,0.02740342,-0.1609707,-0.1682582,0.9725109,-0.1494345,1.522422,0.02876189,357.765,357.7049,359.5811,0,0,False
1,Center_Dir_Close,952,33.95999,-0.14873,1.522456,0.02881286,-0.1513725,1.231834,0.04312867,-0.6287084,-0.01257053,0.0633499,0.7749546,-0.01196485,1.11702,0.224889,-0.07736925,0.1112021,-0.06871526,0.9883959,MathCanvas,-0.45337,1.252104,1.586807,-0.1490965,1.52245,0.02879624,-0.1979147,-0.162686,0.9666246,-0.1150717,1.522171,0.03007608,-0.2223709,-0.1616533,0.9614673,-0.1823883,1.522742,0.02754963,-0.1699472,-0.1635081,0.9717937,-0.14873,1.522456,0.02881286,357.7216,357.87,359.5135,0,0,False
1,Center_Dir_Close,953,33.97999,-0.1484432,1.522446,0.02888537,-0.1512797,1.231802,0.04312988,-0.6284475,-0.01205632,0.06354149,0.7751586,-0.01176834,1.116944,0.2247856,-0.07725737,0.1115,-0.0687678,0.9883674,MathCanvas,-0.4682109,1.259843,1.589172,-0.14873,1.522456,0.02881286,-0.1964251,-0.1625363,0.9669535,-0.1147831,1.522141,0.03009512,-0.2211285,-0.1614327,0.9617909,-0.1821033,1.52275,0.02767563,-0.1686915,-0.1633144,0.9720451,-0.1484432,1.522446,0.02888537,357.7173,357.9623,359.4819,0,0,False
1,Center_Dir_Close,954,33.99999,-0.1481013,1.522449,0.02891543,-0.1512797,1.231802,0.04312988,-0.6284475,-0.01205632,0.06354149,0.7751586,-0.01176834,1.116944,0.2247856,-0.07725737,0.1115,-0.0687678,0.9883674,MathCanvas,-0.4654736,1.260112,1.589549,-0.1484432,1.522446,0.02888537,-0.1947799,-0.1624182,0.9673061,-0.1144393,1.522125,0.03006496,-0.2193031,-0.1613451,0.9622234,-0.1817634,1.522772,0.02776589,-0.1668469,-0.1632582,0.9723728,-0.1481013,1.522449,0.02891543,357.7158,358.0661,359.4492,0,0,False
1,Center_Dir_Close,955,34.01999,-0.1475479,1.522254,0.02885707,-0.1507584,1.231545,0.04286166,-0.6283703,-0.008919388,0.06488115,0.7751526,-0.01013307,1.116413,0.2238682,-0.07705972,0.1133997,-0.07016461,0.9880685,MathCanvas,-0.4624161,1.260356,1.589849,-0.1478153,1.522288,0.02887067,-0.1957592,-0.1599754,0.9675155,-0.1138861,1.521894,0.03000367,-0.2208255,-0.1592454,0.962225,-0.1812097,1.522613,0.02771048,-0.1683979,-0.161211,0.972447,-0.1475479,1.522254,0.02885707,357.782,358.0728,359.3885,0,0,False
1,Center_Dir_Close,956,34.03999,-0.1472376,1.522179,0.02887816,-0.1507584,1.231545,0.04286166,-0.6283703,-0.008919388,0.06488115,0.7751526,-0.01010653,1.116391,0.2238359,-0.07707316,0.1132761,-0.0699814,0.9880946,MathCanvas,-0.463677,1.263911,1.591285,-0.1475479,1.522254,0.02885707,-0.1947513,-0.1602013,0.9676815,-0.1135747,1.521801,0.02998767,-0.2199273,-0.1594547,0.9623961,-0.1809004,1.522557,0.02776864,-0.1674904,-0.1614498,0.9725641,-0.1472376,1.522179,0.02887816,357.8021,358.1369,359.3571,0,0,False
1,Center_Dir_Close,957,34.05999,-0.1467444,1.522207,0.02888155,-0.1504887,1.231416,0.04264127,-0.6291769,-0.007154817,0.06642616,0.7743855,-0.009996825,1.11623,0.2234028,-0.07748816,0.1109228,-0.06800623,0.9884669,MathCanvas,-0.4617212,1.263486,1.591487,-0.1470077,1.522124,0.02885778,-0.1960014,-0.1601068,0.9674447,-0.1130797,1.521793,0.02992169,-0.221482,-0.1592516,0.9620731,-0.180409,1.522621,0.02784141,-0.1690896,-0.1613083,0.9723108,-0.1467444,1.522207,0.02888155,357.8631,358.2565,359.2961,0,0,False
1,Center_Dir_Close,958,34.07999,-0.1464486,1.522171,0.02880668,-0.1501457,1.231452,0.04275491,-0.6270677,-0.005768005,0.06673466,0.7760795,-0.00992412,1.116251,0.2226651,-0.07885928,0.1071605,-0.06681084,0.988855,MathCanvas,-0.4633501,1.263583,1.591618,-0.1467444,1.522207,0.02888155,-0.1950211,-0.1599601,0.967667,-0.112783,1.521749,0.02981187,-0.2201922,-0.1586757,0.9624642,-0.1801142,1.522593,0.0278015,-0.1677864,-0.1607526,0.9726286,-0.1464486,1.522171,0.02880668,357.8511,358.3167,359.2814,0,0,False
1,Center_Dir_Close,959,34.09999,-0.1463293,1.522204,0.02882321,-0.1498573,1.231422,0.04268862,-0.6256735,-0.00425758,0.06703363,0.7771879,-0.01041782,1.117054,0.2216795,-0.08333737,0.1022751,-0.06790593,0.9889305,MathCanvas,-0.4615197,1.263743,1.592145,-0.1464486,1.522171,0.02880668,-0.1940456,-0.1639046,0.967203,-0.1126631,1.521776,0.02980476,-0.2195342,-0.162901,0.9619085,-0.1799955,1.522632,0.02784166,-0.1671202,-0.1650202,0.9720284,-0.1463293,1.522204,0.02882321,357.856,358.3572,359.2722,0,0,False
1,Center_Dir_Close,960,34.11999,-0.1459088,1.522177,0.02883667,-0.1498332,1.231395,0.04262128,-0.6256605,-0.003689092,0.06742787,0.7771672,-0.01068409,1.117438,0.2212482,-0.08531237,0.1001813,-0.06815194,0.9889595,MathCanvas,-0.4595729,1.257616,1.590158,-0.1463293,1.522204,0.02882321,-0.1933444,-0.1637951,0.9673619,-0.1122411,1.521725,0.02975549,-0.217814,-0.1633076,0.9622306,-0.1795764,1.522628,0.02791785,-0.1653825,-0.1654808,0.9722472,-0.1459088,1.522177,0.02883667,357.8981,358.4649,359.2317,0,0,False
1,Center_Dir_Close,961,34.13999,-0.1457057,1.522151,0.02884223,-0.1498332,1.231395,0.04262128,-0.6256605,-0.003689092,0.06742787,0.7771672,-0.01068409,1.117438,0.2212482,-0.08531237,0.1001813,-0.06815194,0.9889595,MathCanvas,-0.4580157,1.25777,1.590404,-0.1459088,1.522177,0.02883667,-0.1915759,-0.1641852,0.9676476,-0.1120373,1.521692,0.02972805,-0.216827,-0.1632802,0.9624581,-0.1793741,1.522611,0.02795642,-0.1643854,-0.1654645,0.9724191,-0.1457057,1.522151,0.02884223,357.9117,358.5214,359.2171,0,0,False
1,Center_Dir_Close,962,34.15999,-0.1455598,1.522027,0.02880121,-0.1497412,1.231261,0.0425311,-0.6231761,-0.00090505,0.06863315,0.7790638,-0.01179896,1.118446,0.2204971,-0.08759249,0.09373426,-0.06838734,0.9893759,MathCanvas,-0.4549295,1.257139,1.590728,-0.1456543,1.522069,0.02882045,-0.191418,-0.1650563,0.9675307,-0.1118913,1.521567,0.02968731,-0.2176737,-0.1639997,0.9621446,-0.1792282,1.522487,0.02791511,-0.1652421,-0.1661725,0.9721531,-0.1455598,1.522027,0.02880121,357.9703,358.5201,359.2171,0,0,False
1,Center_Dir_Close,963,34.17999,-0.1453907,1.521999,0.02880545,-0.1497412,1.231261,0.0425311,-0.6231761,-0.00090505,0.06863315,0.7790638,-0.01179896,1.118446,0.2204971,-0.08759249,0.09373426,-0.06838734,0.9893759,MathCanvas,-0.4545178,1.255618,1.590442,-0.1455598,1.522027,0.02880121,-0.1908572,-0.1653465,0.9675919,-0.1117218,1.521532,0.02967056,-0.21645,-0.1645308,0.96233,-0.1790596,1.522467,0.02794034,-0.164006,-0.1667451,0.9722644,-0.1453907,1.521999,0.02880545,357.9896,358.556,359.2045,0,0,False
1,Center_Dir_Close,964,34.19999,-0.1453907,1.522002,0.02878611,-0.1497168,1.231142,0.04237273,-0.623802,-0.00174536,0.06793641,0.7786223,-0.01262753,1.118689,0.2207439,-0.08816443,0.09241745,-0.06598387,0.9896122,MathCanvas,-0.4534937,1.255079,1.5908,-0.1454976,1.522013,0.02877405,-0.1946709,-0.153174,0.9688349,-0.1117227,1.521479,0.0296518,-0.2204699,-0.1520714,0.9634663,-0.1790588,1.522526,0.02792042,-0.1681044,-0.1542982,0.9736185,-0.1453907,1.522002,0.02878611,357.9396,358.5591,359.1092,0,0,False
1,Center_Dir_Close,965,34.21999,-0.1454995,1.521941,0.0287713,-0.1497204,1.231121,0.04236376,-0.6236085,-0.001770377,0.06793858,0.7787771,-0.01304531,1.118897,0.2207348,-0.08910164,0.09053847,-0.0687388,0.9895144,MathCanvas,-0.460652,1.273944,1.597772,-0.1453907,1.522002,0.02878611,-0.1945365,-0.1533542,0.9688333,-0.111832,1.52141,0.02965531,-0.2212211,-0.153107,0.9631301,-0.1791669,1.522472,0.02788729,-0.1688636,-0.1553521,0.9733195,-0.1454995,1.521941,0.0287713,357.9934,358.5276,359.0961,0,0,False
1,Center_Dir_Close,966,34.23999,-0.1455904,1.521673,0.02868507,-0.1498139,1.231013,0.04226369,-0.6233169,-0.001777565,0.06773613,0.7790281,-0.01380997,1.118972,0.2206902,-0.0894501,0.08831733,-0.0698807,0.9896037,MathCanvas,-0.460632,1.27352,1.598197,-0.1454995,1.521941,0.0287713,-0.2047257,-0.1528613,0.9668096,-0.1119236,1.521142,0.02959345,-0.2314575,-0.1537911,0.9606122,-0.1792572,1.522204,0.02777669,-0.1792979,-0.1560987,0.9713318,-0.1455904,1.521673,0.02868507,358.1162,358.4841,359.0968,0,0,False
1,Center_Dir_Close,967,34.25999,-0.1455809,1.521593,0.02866352,-0.1498139,1.231013,0.04226369,-0.6233169,-0.001777565,0.06773613,0.7790281,-0.01380997,1.118972,0.2206902,-0.0894501,0.08831733,-0.0698807,0.9896037,MathCanvas,-0.4779359,1.273523,1.598174,-0.1455904,1.521673,0.02868507,-0.2049027,-0.1556086,0.9663337,-0.1119143,1.521058,0.02957718,-0.2310897,-0.1548667,0.9605279,-0.1792474,1.522128,0.02774986,-0.1789258,-0.1572102,0.9712212,-0.1455809,1.521593,0.02866352,358.1429,358.4749,359.09,0,0,False
1,Center_Dir_Close,968,34.27999,-0.1455702,1.521527,0.02864834,-0.1498381,1.231009,0.04227166,-0.6232307,-0.002019931,0.06770553,0.7790991,-0.01391058,1.118963,0.2206921,-0.08945007,0.0881305,-0.06975119,0.9896295,MathCanvas,-0.4781726,1.269014,1.597187,-0.1455809,1.521593,0.02866352,-0.2050337,-0.1561672,0.9662158,-0.1119039,1.520983,0.02956503,-0.2311843,-0.155544,0.9603957,-0.1792366,1.522071,0.02773164,-0.1790217,-0.1579182,0.9710886,-0.1455702,1.521527,0.02864834,358.1792,358.4697,359.0735,0,0,False
1,Center_Dir_Close,969,34.29999,-0.1456818,1.521468,0.02857968,-0.1499998,1.231038,0.04220457,-0.623529,-0.003163131,0.06747077,0.778877,-0.01447717,1.11892,0.2206557,-0.08975817,0.08699704,-0.0689639,0.9897571,MathCanvas,-0.4784136,1.268012,1.597163,-0.1455702,1.521527,0.02864834,-0.2065939,-0.1568346,0.9657753,-0.1120159,1.520924,0.02951241,-0.2330488,-0.1556196,0.9599327,-0.1793477,1.522012,0.02764696,-0.1809183,-0.1579911,0.9707252,-0.1456818,1.521468,0.02857968,358.1775,358.4425,359.0735,0,0,False
1,Center_Dir_Close,970,34.31999,-0.1459796,1.521439,0.02854413,-0.1504097,1.230794,0.0420577,-0.6239869,-0.004963761,0.06668104,0.7785689,-0.01562226,1.118625,0.2207588,-0.08860479,0.08481453,-0.06977119,0.9899938,MathCanvas,-0.4811968,1.266764,1.597028,-0.1456818,1.521468,0.02857968,-0.2090705,-0.1563249,0.9653249,-0.1123147,1.520912,0.02951956,-0.2361773,-0.1549401,0.9592778,-0.1796446,1.521966,0.0275687,-0.1841048,-0.1573046,0.9702374,-0.1459796,1.521439,0.02854413,358.1601,358.3692,359.1025,0,0,False
1,Center_Dir_Close,971,34.33999,-0.1462068,1.521354,0.02845983,-0.1506275,1.230723,0.04201369,-0.6231312,-0.005619564,0.06614647,0.779295,-0.01584339,1.118536,0.2208254,-0.08825473,0.08464428,-0.07042528,0.9899933,MathCanvas,-0.4858188,1.267337,1.597656,-0.1459796,1.521439,0.02854413,-0.2103482,-0.156989,0.9649394,-0.112543,1.520831,0.02947671,-0.2374788,-0.156619,0.9586837,-0.1798706,1.521877,0.02744296,-0.185421,-0.1589943,0.9697112,-0.1462068,1.521354,0.02845983,358.2069,358.2976,359.1106,0,0,False
1,Center_Dir_Close,972,34.35999,-0.1463052,1.521315,0.02842461,-0.1506786,1.230705,0.04199531,-0.6229587,-0.005739363,0.06603535,0.7794414,-0.01590621,1.118513,0.2208503,-0.08817089,0.08459789,-0.07047702,0.9900011,MathCanvas,-0.4882998,1.26604,1.597758,-0.1462068,1.521354,0.02845983,-0.211897,-0.1233164,0.9694806,-0.1126421,1.520802,0.02946925,-0.2386088,-0.1226928,0.9633339,-0.1799683,1.521827,0.02737997,-0.1865709,-0.1247142,0.9744936,-0.1463052,1.521315,0.02842461,358.2264,358.2496,359.1277,0,0,False
1,Center_Dir_Close,973,34.37999,-0.1466431,1.521295,0.02818611,-0.1509668,1.230634,0.04190773,-0.6226242,-0.006589067,0.06550042,0.779747,-0.01637792,1.118326,0.2210656,-0.08778834,0.08413666,-0.0699999,0.9901082,MathCanvas,-0.4936569,1.319168,1.617644,-0.1463912,1.521273,0.02839574,-0.2136706,-0.1237059,0.9690416,-0.1129828,1.520793,0.02932341,-0.241684,-0.1223133,0.9626154,-0.1803034,1.521797,0.02704881,-0.1896819,-0.1243194,0.9739433,-0.1466431,1.521295,0.02818611,358.2199,358.0914,359.1453,0,0,False
1,Center_Dir_Close,974,34.39999,-0.146782,1.521265,0.02814436,-0.1510032,1.230635,0.04191131,-0.6226674,-0.006747763,0.06544586,0.7797158,-0.01645121,1.118307,0.2210943,-0.08775938,0.08403607,-0.0699294,0.9901243,MathCanvas,-0.4971042,1.318394,1.617601,-0.1466431,1.521295,0.02818611,-0.1450596,-0.0690852,0.9870081,-0.1131231,1.520764,0.02931955,-0.1727338,-0.06861351,0.9825758,-0.180441,1.521765,0.02696917,-0.1195,-0.06983525,0.990375,-0.146782,1.521265,0.02814436,358.2277,358.0267,359.1479,0,0,False
1,Center_Dir_Close,975,34.41999,-0.1472232,1.521237,0.02805563,-0.1512305,1.230619,0.04189411,-0.6232326,-0.007756833,0.06509829,0.7792838,-0.01701286,1.118252,0.2212438,-0.08756614,0.08288903,-0.06957132,0.9902633,MathCanvas,-0.4971042,1.318394,1.617601,-0.1469395,1.521236,0.02810077,-0.1477715,-0.06357922,0.9869758,-0.1135677,1.520745,0.02933058,-0.1761124,-0.06280064,0.9823648,-0.1808787,1.521729,0.02678067,-0.1229059,-0.06395874,0.9903552,-0.1472232,1.521237,0.02805563,358.225,357.8565,359.1625,0,0,False
1,Center_Dir_Close,976,34.43999,-0.1474337,1.521214,0.02799097,-0.1513825,1.230561,0.0418237,-0.623656,-0.008202453,0.06485768,0.7789605,-0.01738606,1.118275,0.2212884,-0.08752764,0.081849,-0.06978528,0.9903381,MathCanvas,-0.4971042,1.318394,1.617601,-0.1472232,1.521237,0.02805563,-0.1492176,-0.06357349,0.9867586,-0.1137801,1.520734,0.02931881,-0.1772891,-0.06297108,0.9821421,-0.1810873,1.521695,0.02666314,-0.124092,-0.06411264,0.9901974,-0.1474337,1.521214,0.02799097,358.2209,357.7659,359.1827,0,0,False
1,Center_Dir_Close,977,34.45999,-0.147618,1.521191,0.0279377,-0.1514267,1.230535,0.04180512,-0.6237807,-0.008286941,0.06477369,0.7788668,-0.0174852,1.118291,0.2212932,-0.08755794,0.08158658,-0.06988125,0.9903504,MathCanvas,-0.4971042,1.318394,1.617601,-0.1474337,1.521214,0.02799097,-0.1503055,-0.06375769,0.9865816,-0.1139658,1.520718,0.02930255,-0.1779206,-0.06339413,0.9820007,-0.1812702,1.521664,0.02657284,-0.1247287,-0.06453446,0.99009,-0.147618,1.521191,0.0279377,358.2314,357.7023,359.1951,0,0,False
1,Center_Dir_Close,978,34.47999,-0.1480284,1.521129,0.02767865,-0.1518149,1.23042,0.04163127,-0.6243466,-0.008798388,0.06429503,0.7784473,-0.01847219,1.11853,0.2213108,-0.08797015,0.07964071,-0.07077883,0.9904085,MathCanvas,-0.4971042,1.318394,1.617601,-0.1478534,1.521142,0.02777199,-0.1764308,-0.1489351,0.9729802,-0.1143791,1.52069,0.02912517,-0.2037116,-0.1482317,0.9677443,-0.1816776,1.521568,0.02623213,-0.1509022,-0.1500114,0.9771004,-0.1480284,1.521129,0.02767865,358.2477,357.5613,359.253,0,0,False
1,Center_Dir_Close,979,34.49999,-0.1482088,1.52111,0.0276098,-0.1518149,1.23042,0.04163127,-0.6243466,-0.008798388,0.06429503,0.7784473,-0.01847219,1.11853,0.2213108,-0.08797015,0.07964071,-0.07077883,0.9904085,MathCanvas,-0.4341005,1.27964,1.605308,-0.1480284,1.521129,0.02767865,-0.1775647,-0.1490005,0.9727639,-0.1145611,1.520681,0.02909654,-0.2050189,-0.1482523,0.967465,-0.1818564,1.521539,0.02612306,-0.1522222,-0.1500215,0.976894,-0.1482088,1.52111,0.0276098,358.2533,357.4922,359.2702,0,0,False
1,Center_Dir_Close,980,34.51999,-0.1485402,1.521078,0.02745375,-0.1519663,1.230363,0.04154944,-0.6243958,-0.00917863,0.06407472,0.7784216,-0.01876321,1.118557,0.221355,-0.08791164,0.0793639,-0.07099283,0.9904206,MathCanvas,-0.4362144,1.279435,1.605409,-0.1483831,1.521096,0.02752514,-0.1628588,-0.1527451,0.9747543,-0.1148949,1.520661,0.02899502,-0.1903557,-0.1521051,0.9698602,-0.1821856,1.521495,0.02591248,-0.1373095,-0.1537401,0.9785244,-0.1485402,1.521078,0.02745375,358.2649,357.3986,359.2909,0,0,False
1,Center_Dir_Close,981,34.53999,-0.1486568,1.521042,0.02736283,-0.152128,1.230326,0.04144949,-0.6247588,-0.009549922,0.06387069,0.7781425,-0.01899857,1.118559,0.2214066,-0.08775172,0.07921725,-0.07118124,0.990433,MathCanvas,-0.4118745,1.274097,1.60358,-0.1485402,1.521078,0.02745375,-0.1638538,-0.1528745,0.9745672,-0.1150118,1.520621,0.0289106,-0.1905277,-0.1522701,0.9698005,-0.1823018,1.521463,0.02581505,-0.1374831,-0.1539186,0.9784721,-0.1486568,1.521042,0.02736283,358.2787,357.3876,359.2836,0,0,False
1,Center_Dir_Close,982,34.55999,-0.1488075,1.52094,0.02712045,-0.152469,1.230283,0.04122005,-0.6256732,-0.01030676,0.06345339,0.777432,-0.01960129,1.118477,0.2214792,-0.08772799,0.07839716,-0.07135475,0.9904879,MathCanvas,-0.4136697,1.273787,1.603603,-0.1487308,1.520984,0.02725223,-0.1623776,-0.1631149,0.9731532,-0.1151629,1.52052,0.02867626,-0.189148,-0.1621328,0.9684709,-0.1824521,1.52136,0.02556463,-0.1360822,-0.1638321,0.9770571,-0.1488075,1.52094,0.02712045,358.2907,357.3737,359.285,0,0,False
1,Center_Dir_Close,983,34.57999,-0.1489334,1.520915,0.02702518,-0.1525031,1.230261,0.04120489,-0.6256858,-0.01029707,0.06339878,0.7774265,-0.01969246,1.118479,0.2214707,-0.08777151,0.07822239,-0.07131542,0.9905007,MathCanvas,-0.4108869,1.257671,1.597801,-0.1488075,1.52094,0.02712045,-0.1629612,-0.163241,0.9730344,-0.1152896,1.520499,0.02859869,-0.1899287,-0.1626264,0.9682354,-0.1825773,1.521332,0.02545168,-0.1368698,-0.1643213,0.9768649,-0.1489334,1.520915,0.02702518,358.3036,357.3432,359.2912,0,0,False
1,Center_Dir_Close,984,34.59999,-0.1490363,1.520899,0.02673335,-0.1528321,1.230202,0.04106301,-0.6251867,-0.01024792,0.06286994,0.7778714,-0.02050223,1.118457,0.2213278,-0.08786765,0.07683133,-0.07100721,0.9906232,MathCanvas,-0.411993,1.257404,1.597743,-0.1490663,1.520885,0.02693466,-0.1634422,-0.166376,0.9724226,-0.1153929,1.520473,0.02831462,-0.1896225,-0.1650614,0.9678833,-0.1826797,1.521324,0.02515209,-0.1365608,-0.1668045,0.9764873,-0.1490363,1.520899,0.02673335,358.2881,357.3307,359.2753,0,0,False
1,Center_Dir_Close,985,34.61999,-0.149137,1.520876,0.02661486,-0.1528686,1.230196,0.0410289,-0.6251574,-0.01030889,0.06282894,0.7778975,-0.02059001,1.118459,0.2213011,-0.08783502,0.07679246,-0.07107756,0.990624,MathCanvas,-0.4127777,1.252423,1.5959,-0.1490363,1.520899,0.02673335,-0.1636057,-0.1664989,0.972374,-0.1154941,1.520443,0.02820437,-0.1903533,-0.1658012,0.9676133,-0.1827799,1.52131,0.02502534,-0.1372981,-0.1675529,0.9762558,-0.149137,1.520876,0.02661486,358.3001,357.3169,359.2624,0,0,False
1,Center_Dir_Close,986,34.63999,-0.1492091,1.520857,0.02647824,-0.153015,1.230161,0.04087111,-0.6252727,-0.01067679,0.06269018,0.7778111,-0.02075514,1.118469,0.2212604,-0.08777216,0.0767064,-0.07124288,0.9906244,MathCanvas,-0.413158,1.252186,1.595796,-0.149137,1.520876,0.02661486,-0.1637534,-0.1664547,0.9723567,-0.1155664,1.520419,0.02806978,-0.1903027,-0.1655075,0.9676736,-0.1828519,1.521294,0.0248867,-0.137247,-0.1672574,0.9763136,-0.1492091,1.520857,0.02647824,358.2967,357.3137,359.2555,0,0,False
1,Center_Dir_Close,987,34.65999,-0.1493554,1.520858,0.02622118,-0.1532171,1.230127,0.0406945,-0.6257127,-0.01128489,0.06254902,0.7774599,-0.02099789,1.118504,0.2212024,-0.08771742,0.07654163,-0.07137103,0.9906327,MathCanvas,-0.4134747,1.252232,1.595669,-0.1493061,1.520835,0.02636338,-0.1584876,-0.1652895,0.9734275,-0.1157132,1.520412,0.02782118,-0.1849785,-0.16402,0.9689584,-0.1829976,1.521304,0.02462118,-0.1318415,-0.165727,0.9773189,-0.1493554,1.520858,0.02622118,358.2767,357.2999,359.2408,0,0,False
1,Center_Dir_Close,988,34.67999,-0.1493797,1.520958,0.02602749,-0.1534141,1.230087,0.04047926,-0.6261786,-0.01188601,0.06237286,0.7770899,-0.02124124,1.118577,0.2211114,-0.08786044,0.07641072,-0.07149119,0.9906215,MathCanvas,-0.4049906,1.254252,1.596326,-0.1493554,1.520858,0.02622118,-0.1582086,-0.1648395,0.9735492,-0.1157368,1.520512,0.02761353,-0.1843209,-0.1634413,0.9691815,-0.1830226,1.521405,0.02444145,-0.1311783,-0.1651366,0.9775081,-0.1493797,1.520958,0.02602749,358.2447,357.3242,359.2398,0,0,False
1,Center_Dir_Close,989,34.69999,-0.1495106,1.521031,0.0257335,-0.1535206,1.229995,0.04029952,-0.6256455,-0.0120332,0.06213128,0.7775363,-0.02159136,1.1187,0.2209015,-0.08816684,0.07585025,-0.07166778,0.9906246,MathCanvas,-0.4045857,1.255056,1.596458,-0.1494408,1.520984,0.02588804,-0.1828327,-0.1636006,0.9694365,-0.115867,1.520594,0.02730612,-0.2087115,-0.1623941,0.9644001,-0.1831542,1.521469,0.02416089,-0.155962,-0.1642837,0.9740055,-0.1495106,1.521031,0.0257335,358.2041,357.3471,359.2548,0,0,False
1,Center_Dir_Close,990,34.71999,-0.1495962,1.521022,0.02558342,-0.1535679,1.229969,0.04024152,-0.6253765,-0.01207108,0.06204717,0.7777588,-0.02169461,1.118726,0.2208362,-0.08819318,0.07565601,-0.07160307,0.9906418,MathCanvas,-0.4457982,1.25591,1.596743,-0.1495106,1.521031,0.0257335,-0.1826508,-0.1635038,0.9694871,-0.1159523,1.520584,0.02714962,-0.2087805,-0.1624146,0.9643818,-0.1832401,1.521461,0.02401722,-0.1560318,-0.164318,0.9739885,-0.1495962,1.521022,0.02558342,358.1963,357.3582,359.2532,0,0,False
1,Center_Dir_Close,991,34.73999,-0.1497655,1.520946,0.02527233,-0.1536773,1.229958,0.04015075,-0.6250895,-0.01224575,0.06196265,0.7779934,-0.02190561,1.11877,0.2206768,-0.0882296,0.07532299,-0.07138975,0.9906793,MathCanvas,-0.4455497,1.256093,1.596467,-0.1496769,1.521023,0.02544385,-0.1825985,-0.1638511,0.9694383,-0.1161214,1.520516,0.02683834,-0.2089256,-0.1634976,0.9641674,-0.1834095,1.521376,0.02370633,-0.1561782,-0.1653847,0.9737845,-0.1497655,1.520946,0.02527233,358.2234,357.3577,359.2685,0,0,False
1,Center_Dir_Close,992,34.75999,-0.1498741,1.520895,0.0251348,-0.1537805,1.229936,0.03998234,-0.6252766,-0.01243189,0.06200329,0.7778369,-0.02199239,1.118798,0.2205549,-0.08826531,0.07526564,-0.07141692,0.9906785,MathCanvas,-0.4456329,1.255455,1.596069,-0.1497655,1.520946,0.02527233,-0.1828231,-0.1602817,0.9699925,-0.1162299,1.520469,0.02669873,-0.2090565,-0.1596745,0.9647794,-0.1835183,1.521321,0.02357088,-0.1563128,-0.1615364,0.9744087,-0.1498741,1.520895,0.0251348,358.2416,357.3608,359.2743,0,0,False
1,Center_Dir_Close,993,34.77999,-0.1499634,1.520882,0.02499036,-0.1538102,1.229927,0.03992322,-0.6253448,-0.01248755,0.06202223,0.7777797,-0.02200663,1.118802,0.2205248,-0.08827251,0.0752567,-0.0714436,0.9906766,MathCanvas,-0.4462886,1.261027,1.597802,-0.1498741,1.520895,0.0251348,-0.1827421,-0.1604071,0.969987,-0.1163191,1.520458,0.02655157,-0.2089621,-0.1596238,0.9648083,-0.1836078,1.521306,0.02342916,-0.1562174,-0.1614834,0.9744328,-0.1499634,1.520882,0.02499036,358.2496,357.3653,359.2783,0,0,False
1,Center_Dir_Close,994,34.79999,-0.1501556,1.520852,0.02475047,-0.1539253,1.229889,0.03969593,-0.6254891,-0.01258799,0.06205945,0.7776591,-0.02209126,1.118805,0.2203813,-0.08825893,0.07518302,-0.07161438,0.9906712,MathCanvas,-0.4462318,1.260824,1.597569,-0.1500639,1.520873,0.02489702,-0.1826339,-0.1605126,0.96999,-0.1165109,1.520446,0.02630873,-0.2088836,-0.1596427,0.9648222,-0.1838003,1.521259,0.02319221,-0.1561384,-0.1614749,0.9744468,-0.1501556,1.520852,0.02475047,358.2514,357.3693,359.3085,0,0,False
1,Center_Dir_Close,995,34.81999,-0.1502478,1.520831,0.02460326,-0.1539253,1.229889,0.03969593,-0.6254891,-0.01258799,0.06205945,0.7776591,-0.02209126,1.118805,0.2203813,-0.08825893,0.07518302,-0.07161438,0.9906712,MathCanvas,-0.4462528,1.26062,1.597357,-0.1501556,1.520852,0.02475047,-0.1825747,-0.1605589,0.9699935,-0.116603,1.520429,0.02616012,-0.2088244,-0.1596923,0.9648268,-0.1838926,1.521233,0.02304641,-0.1560785,-0.1615183,0.9744492,-0.1502478,1.520831,0.02460326,358.2532,357.3715,359.3154,0,0,False
1,Center_Dir_Close,996,34.83999,-0.1505275,1.520718,0.02430155,-0.1541867,1.229676,0.03896796,-0.6258759,-0.01220238,0.06257686,0.7773124,-0.02227124,1.11873,0.219569,-0.08822645,0.07533658,-0.07140901,0.9906772,MathCanvas,-0.4462191,1.26055,1.597056,-0.1503706,1.520839,0.02446074,-0.1860823,-0.1625057,0.9690022,-0.1168822,1.520327,0.02585107,-0.2120441,-0.1620578,0.9637295,-0.1841728,1.52111,0.02275203,-0.1593576,-0.1639304,0.9735153,-0.1505275,1.520718,0.02430155,358.2687,357.3833,359.3334,0,0,False
1,Center_Dir_Close,997,34.85999,-0.1506326,1.520671,0.0241487,-0.1541867,1.229676,0.03896796,-0.6258759,-0.01220238,0.06257686,0.7773124,-0.02227124,1.11873,0.219569,-0.08822645,0.07533658,-0.07140901,0.9906772,MathCanvas,-0.4522872,1.257192,1.59568,-0.1505275,1.520718,0.02430155,-0.1857834,-0.1628315,0.9690049,-0.116987,1.52028,0.02569206,-0.2118815,-0.1620521,0.9637662,-0.1842782,1.521061,0.02260534,-0.1591932,-0.1639121,0.9735453,-0.1506326,1.520671,0.0241487,358.2773,357.3936,359.3349,0,0,False
1,Center_Dir_Close,998,34.87999,-0.1507423,1.520583,0.02380355,-0.154229,1.22964,0.03874283,-0.6256806,-0.01215482,0.06300381,0.7774359,-0.02225084,1.118692,0.2190365,-0.08813581,0.07538373,-0.07099277,0.9907116,MathCanvas,-0.4518335,1.256681,1.595145,-0.150739,1.520629,0.02399881,-0.1864925,-0.1637331,0.9687167,-0.1170928,1.520233,0.02526855,-0.2104509,-0.1635115,0.9638332,-0.1843919,1.520932,0.02233854,-0.1577651,-0.1653062,0.973542,-0.1507423,1.520583,0.02380355,358.3148,357.5246,359.4045,0,0,False
1,Center_Dir_Close,999,34.89999,-0.1508337,1.520536,0.02364684,-0.154229,1.22964,0.03874283,-0.6256806,-0.01215482,0.06300381,0.7774359,-0.02225084,1.118692,0.2190365,-0.08813581,0.07538373,-0.07099277,0.9907116,MathCanvas,-0.4531108,1.255115,1.594426,-0.1507423,1.520583,0.02380355,-0.1854366,-0.1637007,0.9689249,-0.1171833,1.520196,0.02509409,-0.2111544,-0.1630129,0.9637638,-0.1844841,1.520877,0.02219958,-0.1584757,-0.1648155,0.9735098,-0.1508337,1.520536,0.02364684,358.325,357.5542,359.4208,0,0,False
1,Center_Dir_Close,1000,34.91999,-0.1509616,1.520572,0.0233001,-0.1542028,1.229637,0.0383316,-0.6254472,-0.01211498,0.06402078,0.7775413,-0.0220846,1.118797,0.2184694,-0.08827225,0.07544725,-0.07075664,0.9907115,MathCanvas,-0.4513969,1.255204,1.594119,-0.150904,1.520494,0.0234875,-0.1831128,-0.1634666,0.9694062,-0.1173074,1.520285,0.02466643,-0.207596,-0.1621546,0.9646812,-0.1846159,1.520859,0.02193376,-0.1548813,-0.1638392,0.9742528,-0.1509616,1.520572,0.0233001,358.2893,357.6897,359.5113,0,0,False
1,Center_Dir_Close,1001,34.93999,-0.1510444,1.520548,0.0231377,-0.1542028,1.229637,0.0383316,-0.6254472,-0.01211498,0.06402078,0.7775413,-0.0220846,1.118797,0.2184694,-0.08827225,0.07544725,-0.07075664,0.9907115,MathCanvas,-0.447669,1.255698,1.59408,-0.1509616,1.520572,0.0233001,-0.1834397,-0.1679292,0.9685813,-0.1173889,1.520276,0.02447809,-0.2088985,-0.1671283,0.9635505,-0.1846998,1.52082,0.02179731,-0.1562057,-0.1688623,0.9731832,-0.1510444,1.520548,0.0231377,358.2893,357.7331,359.5377,0,0,False
1,Center_Dir_Close,1002,34.95999,-0.1511889,1.520555,0.02292082,-0.1541706,1.229594,0.03803585,-0.6253337,-0.01156746,0.06478989,0.7775772,-0.02179513,1.118905,0.2180826,-0.08851869,0.07584781,-0.07030871,0.9906908,MathCanvas,-0.4480162,1.248686,1.591181,-0.1510444,1.520548,0.0231377,-0.1829925,-0.1679036,0.9686703,-0.117533,1.520298,0.02425131,-0.2089148,-0.1670107,0.9635673,-0.1848449,1.520811,0.02159034,-0.156222,-0.1687203,0.9732051,-0.1511889,1.520555,0.02292082,358.2833,357.7492,359.5633,0,0,False
1,Center_Dir_Close,1003,34.97999,-0.1515388,1.520572,0.02267639,-0.1542199,1.229504,0.03785761,-0.6254222,-0.01124597,0.06534625,0.7774642,-0.02132349,1.119178,0.2176584,-0.08899572,0.0765986,-0.07028612,0.9905919,MathCanvas,-0.4474099,1.248759,1.590966,-0.1513689,1.520535,0.02279862,-0.1847338,-0.163969,0.9690138,-0.1178834,1.520372,0.02402933,-0.2110777,-0.1623272,0.9638963,-0.1851943,1.520771,0.02132345,-0.1584217,-0.1639201,0.9736698,-0.1515388,1.520572,0.02267639,358.2193,357.7085,359.6608,0,0,False
1,Center_Dir_Close,1004,34.99999,-0.1516594,1.520584,0.02250734,-0.1542284,1.229504,0.03783997,-0.6254827,-0.01126914,0.06538894,0.7774116,-0.02132349,1.119178,0.2176584,-0.08899572,0.0765986,-0.07028612,0.9905919,MathCanvas,-0.450908,1.254853,1.593006,-0.1515388,1.520572,0.02267639,-0.1845289,-0.1635712,0.96912,-0.1180036,1.520405,0.02385421,-0.2105254,-0.162594,0.9639722,-0.1853152,1.520764,0.02116046,-0.1578638,-0.1641612,0.9737198,-0.1516594,1.520584,0.02250734,358.2029,357.7179,359.6944,0,0,False
1,Center_Dir_Close,1005,35.01999,-0.1520875,1.520765,0.02221316,-0.1542268,1.229502,0.03749418,-0.6261632,-0.01115329,0.0659078,0.7768214,-0.02082272,1.119444,0.217312,-0.08979944,0.07752445,-0.06982695,0.9904798,MathCanvas,-0.4506731,1.255531,1.592885,-0.1517787,1.520589,0.02233592,-0.1875341,-0.1599673,0.9691447,-0.1184338,1.520582,0.02360985,-0.2155487,-0.1582809,0.9635798,-0.1857412,1.520948,0.02081647,-0.1629533,-0.159894,0.9735914,-0.1520875,1.520765,0.02221316,358.1421,357.6336,359.6885,0,0,False
1,Center_Dir_Close,1006,35.03999,-0.1522588,1.520793,0.02205422,-0.1542208,1.229503,0.03743462,-0.6262556,-0.01110463,0.0659762,0.7767417,-0.02076401,1.119459,0.2172884,-0.08981702,0.07769683,-0.069764,0.9904692,MathCanvas,-0.4563922,1.261192,1.594809,-0.1520875,1.520765,0.02221316,-0.1875914,-0.1596676,0.969183,-0.1186055,1.520616,0.0234637,-0.2141709,-0.1586105,0.9638327,-0.185912,1.52097,0.02064474,-0.1615613,-0.1601588,0.9737797,-0.1522588,1.520793,0.02205422,358.1239,357.6116,359.6987,0,0,False
1,Center_Dir_Close,1007,35.05999,-0.1525765,1.520808,0.02172632,-0.154265,1.229524,0.03723744,-0.6262259,-0.01095411,0.06619637,0.7767491,-0.0203159,1.119527,0.2170989,-0.08932292,0.07923414,-0.07033584,0.9903516,MathCanvas,-0.4566444,1.261717,1.59465,-0.1524475,1.520793,0.0219,-0.1892634,-0.162492,0.9683882,-0.1189251,1.520662,0.023184,-0.2159369,-0.161979,0.962878,-0.1862278,1.520954,0.02026865,-0.1633489,-0.1635031,0.9729254,-0.1525765,1.520808,0.02172632,358.1389,357.5277,359.7516,0,0,False
1,Center_Dir_Close,1008,35.07999,-0.1526707,1.520803,0.02154926,-0.1543189,1.22954,0.037103,-0.6259959,-0.01096763,0.06627255,0.7769278,-0.02020801,1.11955,0.2169721,-0.08937457,0.07977399,-0.07051629,0.9902908,MathCanvas,-0.4596352,1.257183,1.592828,-0.1525765,1.520808,0.02172632,-0.1891933,-0.162416,0.9684147,-0.1190191,1.520657,0.02300108,-0.2152551,-0.1615746,0.9630986,-0.1863223,1.520949,0.02009745,-0.1626599,-0.1631151,0.973106,-0.1526707,1.520803,0.02154926,358.1346,357.5377,359.752,0,0,False
1,Center_Dir_Close,1009,35.09999,-0.1527779,1.520824,0.02141198,-0.1543586,1.229492,0.03700389,-0.6259927,-0.01098235,0.06633607,0.7769248,-0.02025068,1.119565,0.2168349,-0.08965073,0.07987026,-0.07024089,0.9902776,MathCanvas,-0.4595945,1.25732,1.592584,-0.1526707,1.520803,0.02154926,-0.18997,-0.1650453,0.9678179,-0.1191259,1.520689,0.02285581,-0.2159152,-0.1641131,0.9625214,-0.1864299,1.520959,0.01996815,-0.1633318,-0.1656467,0.9725657,-0.1527779,1.520824,0.02141198,358.1223,357.5508,359.7697,0,0,False
1,Center_Dir_Close,1010,35.11999,-0.152978,1.520864,0.02116355,-0.1543906,1.229486,0.03686596,-0.626094,-0.01095857,0.06640429,0.7768376,-0.02034162,1.119571,0.2166792,-0.08978158,0.07968789,-0.07006001,0.9902933,MathCanvas,-0.4608515,1.253171,1.590919,-0.1528656,1.520855,0.02130277,-0.1889766,-0.164384,0.9681249,-0.1193258,1.520746,0.02260268,-0.2152173,-0.1633517,0.9628072,-0.1866302,1.520981,0.01972442,-0.1626227,-0.1648502,0.9728197,-0.152978,1.520864,0.02116355,358.0747,357.558,359.8,0,0,False
1,Center_Dir_Close,1011,35.13999,-0.1530446,1.520857,0.02106066,-0.154461,1.229438,0.03665386,-0.6264023,-0.01083746,0.06651311,0.7765815,-0.0205075,1.119536,0.2164316,-0.08980299,0.07942269,-0.06982051,0.9903296,MathCanvas,-0.4594409,1.254283,1.591169,-0.152978,1.520864,0.02116355,-0.1886027,-0.1642529,0.96822,-0.1193917,1.520751,0.02248521,-0.2143625,-0.1634043,0.962989,-0.1866975,1.520963,0.01963611,-0.1617591,-0.1648774,0.9729591,-0.1530446,1.520857,0.02106066,358.0651,357.5822,359.8198,0,0,False
1,Center_Dir_Close,1012,35.15999,-0.1532052,1.520802,0.0207981,-0.1544855,1.22941,0.0364774,-0.6266159,-0.01082047,0.0666142,0.7764007,-0.02067446,1.119473,0.2161995,-0.08980131,0.07921524,-0.06959844,0.9903619,MathCanvas,-0.4588661,1.254519,1.59104,-0.1531092,1.520813,0.02093035,-0.1843066,-0.1644208,0.9690185,-0.1195515,1.520712,0.0222031,-0.210348,-0.1637617,0.9638132,-0.186859,1.520892,0.01939311,-0.1576742,-0.1651812,0.9735779,-0.1532052,1.520802,0.0207981,358.0813,357.6145,359.8463,0,0,False
1,Center_Dir_Close,1013,35.17999,-0.1532695,1.520707,0.02067692,-0.1544918,1.229415,0.03630343,-0.6266581,-0.01086823,0.06678897,0.7763509,-0.02086363,1.119392,0.2159635,-0.08968411,0.07887225,-0.06950323,0.9904066,MathCanvas,-0.4518318,1.254396,1.59087,-0.1532052,1.520802,0.0207981,-0.1838388,-0.1647519,0.9690511,-0.1196149,1.520611,0.02206223,-0.2095749,-0.1644595,0.9638628,-0.1869241,1.520803,0.01929161,-0.1568933,-0.1659134,0.9735796,-0.1532695,1.520707,0.02067692,358.1082,357.6483,359.8364,0,0,False
1,Center_Dir_Close,1014,35.19999,-0.1533995,1.520787,0.02043752,-0.1545249,1.229453,0.03617129,-0.6265491,-0.01077897,0.06708053,0.776415,-0.02117852,1.11921,0.2156654,-0.08924851,0.07860553,-0.06895877,0.9905052,MathCanvas,-0.4510808,1.253816,1.5905,-0.1533267,1.520738,0.02055656,-0.1833512,-0.1665173,0.9688417,-0.1197441,1.520705,0.02180348,-0.2093926,-0.1651729,0.9637804,-0.1870549,1.520869,0.01907156,-0.156711,-0.1665934,0.9734928,-0.1533995,1.520787,0.02043752,358.0407,357.6806,359.8611,0,0,False
1,Center_Dir_Close,1015,35.21999,-0.1534699,1.520818,0.02030999,-0.1545351,1.229457,0.03615367,-0.6265228,-0.01077071,0.06711588,0.7764332,-0.02118851,1.119192,0.2156504,-0.08921907,0.07863569,-0.06890126,0.9905095,MathCanvas,-0.4503262,1.251122,1.58942,-0.1533995,1.520787,0.02043752,-0.1832046,-0.166065,0.9689471,-0.1198143,1.520747,0.02167044,-0.2092684,-0.1652087,0.9638012,-0.1871256,1.520888,0.01894954,-0.1565856,-0.1666035,0.9735113,-0.1534699,1.520818,0.02030999,358.0285,357.6893,359.8803,0,0,False
1,Center_Dir_Close,1016,35.23999,-0.1536667,1.5209,0.02014075,-0.1546586,1.229412,0.03599089,-0.6264509,-0.01050142,0.06747416,0.776464,-0.02124001,1.119212,0.2154973,-0.08928142,0.07901932,-0.06895771,0.9904694,MathCanvas,-0.4501729,1.251873,1.589536,-0.1535613,1.520871,0.02022873,-0.1850668,-0.1624085,0.9692129,-0.1200114,1.520851,0.02151001,-0.2113348,-0.1615658,0.9639679,-0.1873221,1.520948,0.01877149,-0.1586878,-0.1629195,0.9737943,-0.1536667,1.5209,0.02014075,357.9986,357.6731,359.9174,0,0,False
1,Center_Dir_Close,1017,35.25999,-0.1537511,1.520921,0.02002869,-0.1546586,1.229412,0.03599089,-0.6264509,-0.01050142,0.06747416,0.776464,-0.02124001,1.119212,0.2154973,-0.08928142,0.07901932,-0.06895771,0.9904694,MathCanvas,-0.453715,1.257588,1.591522,-0.1536667,1.5209,0.02014075,-0.1850022,-0.1621356,0.969271,-0.1200957,1.520882,0.02139528,-0.2111433,-0.1612521,0.9640624,-0.1874066,1.520961,0.01866209,-0.1584944,-0.1625896,0.973881,-0.1537511,1.520921,0.02002869,357.9837,357.6771,359.9324,0,0,False
1,Center_Dir_Close,1018,35.27999,-0.1538384,1.520952,0.01992489,-0.1546586,1.229412,0.03599089,-0.6264509,-0.01050142,0.06747416,0.776464,-0.02124001,1.119212,0.2154973,-0.08928142,0.07901932,-0.06895771,0.9904694,MathCanvas,-0.4536982,1.258048,1.591524,-0.1537511,1.520921,0.02002869,-0.1850708,-0.1619484,0.9692892,-0.1201831,1.520918,0.02129604,-0.2114355,-0.1611004,0.9640237,-0.1874936,1.520987,0.01855375,-0.1587896,-0.1624333,0.973859,-0.1538384,1.520952,0.01992489,357.9718,357.6691,359.9412,0,0,False
1,Center_Dir_Close,1019,35.29999,-0.1542292,1.520896,0.01987246,-0.1548026,1.229409,0.03561237,-0.6267772,-0.01088882,0.06759801,0.7761844,-0.02122256,1.119537,0.2151634,-0.08987918,0.0793303,-0.06870556,0.990408,MathCanvas,-0.4539217,1.258361,1.59158,-0.1540188,1.520993,0.01988859,-0.1838979,-0.1613487,0.9696124,-0.1205757,1.520875,0.02128632,-0.2107947,-0.1617067,0.9640626,-0.1878827,1.520916,0.0184586,-0.1581297,-0.1630028,0.9738711,-0.1542292,1.520896,0.01987246,358.0021,357.5955,359.9646,0,0,False
1,Center_Dir_Close,1020,35.31999,-0.1542292,1.520896,0.01987246,-0.1548026,1.229409,0.03561237,-0.6267772,-0.01088882,0.06759801,0.7761844,-0.02122256,1.119537,0.2151634,-0.08987918,0.0793303,-0.06870556,0.990408,MathCanvas,-0.452371,1.259311,1.591842,-0.1540188,1.520993,0.01988859,-0.1838979,-0.1613487,0.9696124,-0.1205757,1.520875,0.02128632,-0.2107947,-0.1617067,0.9640626,-0.1878827,1.520916,0.0184586,-0.1581297,-0.1630028,0.9738711,-0.1542292,1.520896,0.01987246,358.0021,357.5955,359.9646,0,0,False
1,Center_Dir_Close,1021,35.33999,-0.1544938,1.520786,0.01979629,-0.1548582,1.229383,0.03550663,-0.626734,-0.01105462,0.06752508,0.7762234,-0.02119617,1.119597,0.2150923,-0.08993793,0.07945946,-0.06857368,0.9904014,MathCanvas,-0.4523576,1.259323,1.591772,-0.1542292,1.520896,0.01987246,-0.1867724,-0.1611396,0.9690976,-0.1208421,1.520775,0.02125194,-0.2141677,-0.1612344,0.963398,-0.1881455,1.520798,0.01834065,-0.1615519,-0.1625367,0.9733873,-0.1544938,1.520786,0.01979629,358.0435,357.5238,359.9805,0,0,False
1,Center_Dir_Close,1022,35.35999,-0.1547726,1.520694,0.01988514,-0.1549493,1.229305,0.03536351,-0.6260474,-0.01112913,0.06732874,0.7767932,-0.02114453,1.119586,0.2149986,-0.08985055,0.07967886,-0.06846511,0.9903993,MathCanvas,-0.4574656,1.259395,1.591812,-0.1544938,1.520786,0.01979629,-0.1858993,-0.1607369,0.9693323,-0.1211218,1.520684,0.02136423,-0.212824,-0.1603196,0.9638484,-0.1884233,1.520705,0.01840605,-0.1601816,-0.1615901,0.9737712,-0.1547726,1.520694,0.01988514,358.0561,357.4838,359.9821,0,0,False
1,Center_Dir_Close,1023,35.37999,-0.1549534,1.521012,0.02021278,-0.1550594,1.22917,0.03526192,-0.624833,-0.01110226,0.0670082,0.7777984,-0.02106237,1.11953,0.2148261,-0.08991963,0.08010846,-0.0684442,0.9903598,MathCanvas,-0.4562989,1.259982,1.592129,-0.1548642,1.520938,0.02014873,-0.1857814,-0.1581518,0.96978,-0.121302,1.521065,0.02167681,-0.2121506,-0.1568638,0.9645652,-0.1886047,1.520958,0.01874875,-0.159502,-0.1579978,0.974472,-0.1549534,1.521012,0.02021278,357.8435,357.5055,0.09070852,0,0,False
1,Center_Dir_Close,1024,35.39999,-0.1549809,1.521155,0.0203472,-0.1551083,1.229164,0.03513939,-0.6254631,-0.0112326,0.06715401,0.7772774,-0.02105308,1.119447,0.2146998,-0.08991996,0.08016766,-0.06855118,0.9903476,MathCanvas,-0.4564021,1.264395,1.593775,-0.1549534,1.521012,0.02021278,-0.1858365,-0.157413,0.9698896,-0.1213284,1.521224,0.02178315,-0.2112277,-0.1556617,0.9649624,-0.1886334,1.521086,0.01891126,-0.1585697,-0.1567633,0.9748235,-0.1549809,1.521155,0.0203472,357.7691,357.5521,0.1176522,0,0,False
1,Center_Dir_Close,1025,35.41999,-0.1550687,1.521215,0.02040586,-0.1551083,1.229164,0.03513939,-0.6254631,-0.0112326,0.06715401,0.7772774,-0.02105308,1.119447,0.2146998,-0.08991996,0.08016766,-0.06855118,0.9903476,MathCanvas,-0.4566221,1.26565,1.594627,-0.1549809,1.521155,0.0203472,-0.1849891,-0.1564037,0.9702148,-0.1214161,1.521298,0.02183919,-0.2111169,-0.1551721,0.9650655,-0.1887213,1.521131,0.01897254,-0.1584581,-0.1562502,0.9749241,-0.1550687,1.521215,0.02040586,357.7249,357.5555,0.1425314,0,0,False
1,Center_Dir_Close,1026,35.43999,-0.1551503,1.521262,0.02054355,-0.1551636,1.229111,0.03490851,-0.6260582,-0.01124944,0.06716891,0.7767966,-0.02106979,1.119352,0.2145828,-0.08983625,0.08023935,-0.06851555,0.9903519,MathCanvas,-0.4553533,1.267332,1.595312,-0.1551569,1.521274,0.02046479,-0.1841815,-0.1610828,0.9696028,-0.1214967,1.521367,0.0219533,-0.2098165,-0.1610081,0.9643928,-0.1888038,1.521158,0.0191338,-0.1571442,-0.1621091,0.9741798,-0.1551503,1.521262,0.02054355,357.7068,357.5941,0.1777779,0,0,False
1,Center_Dir_Close,1027,35.45999,-0.1551578,1.521029,0.02060696,-0.1551997,1.228978,0.03469629,-0.6262258,-0.01098166,0.06708123,0.7766729,-0.02119115,1.119033,0.2142968,-0.08946026,0.08045663,-0.06867119,0.9903575,MathCanvas,-0.4538066,1.260062,1.592786,-0.1551503,1.521262,0.02054355,-0.1799434,-0.1642219,0.9698719,-0.1215038,1.521137,0.02200618,-0.2059016,-0.1661085,0.9643716,-0.1888117,1.52092,0.01920773,-0.1531599,-0.1671949,0.9739547,-0.1551578,1.521029,0.02060696,357.8484,357.6122,0.1849829,0,0,False
1,Center_Dir_Close,1028,35.47999,-0.1553069,1.520846,0.02075335,-0.1552653,1.22889,0.0346912,-0.6258013,-0.01071988,0.06715181,0.7770126,-0.02129778,1.11884,0.2141305,-0.0891392,0.08045378,-0.0689472,0.9903675,MathCanvas,-0.4465364,1.255108,1.5911,-0.1552255,1.520974,0.02067652,-0.1796495,-0.1674856,0.9693682,-0.1216529,1.520964,0.02215032,-0.2059395,-0.1679403,0.9640461,-0.1889609,1.520728,0.01935638,-0.1531984,-0.1690363,0.9736309,-0.1553069,1.520846,0.02075335,357.912,357.6157,0.2008744,0,0,False
1,Center_Dir_Close,1029,35.49999,-0.155384,1.520778,0.02086175,-0.1553245,1.228763,0.03468929,-0.6256217,-0.01064889,0.06728718,0.7771465,-0.02141611,1.118637,0.2140144,-0.08880329,0.08045132,-0.06898937,0.9903949,MathCanvas,-0.4459987,1.249837,1.589293,-0.1553069,1.520846,0.02075335,-0.1793323,-0.1716978,0.9686897,-0.1217293,1.520875,0.02224304,-0.2052939,-0.1714687,0.9635626,-0.1890387,1.520681,0.01948046,-0.1525454,-0.1726138,0.9731055,-0.155384,1.520778,0.02086175,357.9373,357.6438,0.1650215,0,0,False
1,Center_Dir_Close,1030,35.51999,-0.1555148,1.520737,0.02109456,-0.1553801,1.228684,0.03466051,-0.6255997,-0.01084782,0.06738454,0.777153,-0.02152266,1.118479,0.2139519,-0.08853809,0.08046865,-0.0688427,0.9904275,MathCanvas,-0.4453479,1.243159,1.587145,-0.1554523,1.520767,0.02100254,-0.1739052,-0.172555,0.9695265,-0.1218594,1.520823,0.02246039,-0.2000515,-0.1721901,0.9645362,-0.1891702,1.520651,0.01972872,-0.1472157,-0.1733122,0.973802,-0.1555148,1.520737,0.02109456,357.9417,357.6708,0.1462893,0,0,False
1,Center_Dir_Close,1031,35.53999,-0.1555729,1.520712,0.02120141,-0.155394,1.228668,0.0346574,-0.6255761,-0.01089335,0.06738633,0.7771712,-0.02155465,1.118433,0.213935,-0.08846822,0.08048906,-0.06878769,0.9904358,MathCanvas,-0.436367,1.242065,1.586853,-0.1555148,1.520737,0.02109456,-0.00134971,-0.2155428,-0.9764937,-0.1219171,1.5208,0.02255599,-0.02536501,-0.2156707,0.9761366,-0.1892288,1.520625,0.01984682,0.02873436,-0.2150569,0.9761787,-0.1555729,1.520712,0.02120141,357.9313,357.6898,0.1487991,0,0,False
1,Center_Dir_Close,1032,35.55999,-0.1556531,1.52077,0.02151077,-0.1554552,1.228593,0.03466753,-0.6252918,-0.01094268,0.06740042,0.777398,-0.02165477,1.118304,0.2138839,-0.08829129,0.08055113,-0.06867416,0.9904545,MathCanvas,-0.436367,1.242065,1.586853,-0.1555977,1.520782,0.02139915,-0.001887,-0.2156491,-0.976469,-0.1219966,1.52087,0.02284925,-0.02491695,-0.2160657,0.9760608,-0.1893095,1.52067,0.02017229,0.02918223,-0.2154339,0.9760823,-0.1556531,1.52077,0.02151077,357.9365,357.7165,0.1705271,0,0,False
1,Center_Dir_Close,1033,35.57999,-0.155712,1.520718,0.02178906,-0.1556201,1.228574,0.03481101,-0.6245725,-0.01061672,0.06736495,0.7779836,-0.02183773,1.118104,0.2138609,-0.08781118,0.08068954,-0.06865972,0.9904869,MathCanvas,-0.436367,1.242065,1.586853,-0.1556531,1.52077,0.02151077,-0.0021545,-0.2170708,-0.9761537,-0.1220549,1.520797,0.02311477,-0.02464036,-0.2190771,0.9753964,-0.189369,1.520639,0.02046334,0.02945946,-0.2185005,0.975392,-0.155712,1.520718,0.02178906,358.036,357.7397,0.1347328,0,0,False
1,Center_Dir_Close,1034,35.59999,-0.1557769,1.520796,0.02199839,-0.1556673,1.228555,0.03483478,-0.6246322,-0.01055342,0.06736594,0.7779364,-0.02192046,1.118031,0.2138847,-0.08761305,0.08076362,-0.06855529,0.9905056,MathCanvas,-0.436367,1.242065,1.586853,-0.155712,1.520718,0.02178906,-0.01914516,-0.2169653,-0.9759917,-0.1221195,1.52086,0.02331676,-0.007774571,-0.2162419,0.9763089,-0.1894342,1.520731,0.02068002,0.0462711,-0.2154761,0.9754122,-0.1557769,1.520796,0.02199839,357.9695,357.753,0.1101873,0,0,False
1,Center_Dir_Close,1035,35.61999,-0.1559,1.520996,0.02240371,-0.1557525,1.228519,0.03482067,-0.6249725,-0.01056588,0.06742384,0.7776579,-0.02196338,1.117996,0.2138896,-0.08753977,0.08093137,-0.06852785,0.9905003,MathCanvas,-0.436367,1.242065,1.586853,-0.1558357,1.520942,0.02222598,-0.01926043,-0.2095848,-0.9776009,-0.1222425,1.521064,0.02371889,-0.007615654,-0.2091973,0.9778438,-0.1895575,1.520927,0.02108854,0.04642972,-0.208435,0.9769335,-0.1559,1.520996,0.02240371,357.8809,357.758,0.1170376,0,0,False
1,Center_Dir_Close,1036,35.63999,-0.1559533,1.521063,0.02263851,-0.1559009,1.228418,0.03484216,-0.6252725,-0.01060516,0.06750191,0.7774094,-0.02202208,1.117939,0.2138979,-0.08746413,0.081097,-0.06854802,0.990492,MathCanvas,-0.436367,1.242065,1.586853,-0.1559,1.520996,0.02240371,-0.0191485,-0.2093745,-0.9776481,-0.1222961,1.521136,0.02396084,-0.008063812,-0.2095612,0.9777622,-0.1896105,1.52099,0.02131617,0.04598186,-0.2087882,0.9768793,-0.1559533,1.521063,0.02263851,357.8695,357.7455,0.1239595,0,0,False
1,Center_Dir_Close,1037,35.65999,-0.1560941,1.520994,0.02301883,-0.1559786,1.228378,0.03490303,-0.6250967,-0.0107478,0.06748695,0.7775501,-0.02211311,1.117837,0.2139247,-0.08722374,0.08120181,-0.06851394,0.990507,MathCanvas,-0.436367,1.242065,1.586853,-0.1560123,1.521099,0.02283776,-0.01602698,-0.2088794,-0.97781,-0.1224365,1.521057,0.02433055,-0.01097304,-0.2098796,0.9776657,-0.1897517,1.52093,0.02170712,0.04308584,-0.2091754,0.9769285,-0.1560941,1.520994,0.02301883,357.9136,357.7643,0.108062,0,0,False
1,Center_Dir_Close,1038,35.67999,-0.156188,1.520832,0.02319773,-0.1560845,1.228318,0.03504308,-0.6246515,-0.01087999,0.06748927,0.7779058,-0.02217014,1.11773,0.2139623,-0.08694286,0.08131762,-0.06848474,0.9905242,MathCanvas,-0.436367,1.242065,1.586853,-0.1560941,1.520994,0.02301883,-0.01527121,-0.1984393,-0.9799943,-0.12253,1.520883,0.02450055,-0.01155919,-0.2006785,0.9795889,-0.189846,1.520781,0.02189492,0.04250297,-0.2000337,0.9788667,-0.156188,1.520832,0.02319773,358.0248,357.7803,0.08713894,0,0,False
1,Center_Dir_Close,1039,35.69999,-0.1563049,1.52071,0.02366657,-0.1562332,1.228286,0.03518738,-0.6241289,-0.01103549,0.0675974,0.7783135,-0.02221493,1.117581,0.2140179,-0.08661593,0.08140791,-0.06853113,0.9905422,MathCanvas,-0.436367,1.242065,1.586853,-0.156247,1.520738,0.023455,-0.01555052,-0.1996419,-0.9797457,-0.1226465,1.520759,0.02495965,-0.01136122,-0.2004442,0.9796392,-0.1899632,1.52066,0.02237349,0.04270072,-0.1997908,0.9789077,-0.1563049,1.52071,0.02366657,358.1015,357.7971,0.08386395,0,0,False
1,Center_Dir_Close,1040,35.71999,-0.1563676,1.520673,0.0238864,-0.1562332,1.228286,0.03518738,-0.6241289,-0.01103549,0.0675974,0.7783135,-0.02223202,1.117539,0.2140312,-0.08653414,0.08143906,-0.06852181,0.9905475,MathCanvas,-0.436367,1.242065,1.586853,-0.1563049,1.52071,0.02366657,-0.01579897,-0.2001639,-0.9796354,-0.1227089,1.520719,0.02516948,-0.01096033,-0.2010238,0.979525,-0.1900264,1.520627,0.02260332,0.04310133,-0.2003741,0.9787709,-0.1563676,1.520673,0.0238864,358.1325,357.8144,0.07814806,0,0,False
1,Center_Dir_Close,1041,35.73999,-0.1564504,1.520562,0.02422882,-0.1563545,1.228171,0.03539024,-0.6236085,-0.01047802,0.06780697,0.7787201,-0.02235316,1.117074,0.2142278,-0.08560613,0.08193758,-0.06826133,0.990605,MathCanvas,-0.436367,1.242065,1.586853,-0.1563676,1.520673,0.0238864,-0.01600733,-0.2004355,-0.9795763,-0.1227917,1.520624,0.02551188,-0.01092603,-0.2013921,0.9794497,-0.1901091,1.5205,0.02294576,0.04313517,-0.2006961,0.9787034,-0.1564504,1.520562,0.02422882,358.1697,357.8136,0.1053376,0,0,False
1,Center_Dir_Close,1042,35.75999,-0.156578,1.52045,0.02476526,-0.1564134,1.228133,0.035449,-0.6236677,-0.0105304,0.06777596,0.7786746,-0.02234811,1.116995,0.2142793,-0.08546711,0.08210275,-0.06827966,0.9906021,MathCanvas,-0.436367,1.242065,1.586853,-0.1565129,1.5205,0.02451617,-0.01639661,-0.2021478,-0.9792179,-0.1229186,1.520507,0.02602979,-0.01046121,-0.2031141,0.9790992,-0.1902374,1.520394,0.02350073,0.04359987,-0.2024411,0.9783233,-0.156578,1.52045,0.02476526,358.2581,357.8456,0.09639601,0,0,False
1,Center_Dir_Close,1043,35.77999,-0.1566166,1.520341,0.02505765,-0.1565022,1.228036,0.03549733,-0.6237939,-0.01067739,0.06769565,0.7785785,-0.0223469,1.116816,0.2143915,-0.08514098,0.08246668,-0.06852568,0.9905829,MathCanvas,-0.436367,1.242065,1.586853,-0.156578,1.52045,0.02476526,-0.01636407,-0.2036552,-0.978906,-0.1229573,1.520391,0.02632434,-0.01075746,-0.2057119,0.9785534,-0.190276,1.52029,0.02379095,0.04330397,-0.2050488,0.9777933,-0.1566166,1.520341,0.02505765,358.3586,357.8424,0.08527262,0,0,False
1,Center_Dir_Close,1044,35.79999,-0.1567387,1.520081,0.02558968,-0.1565877,1.227973,0.03561705,-0.62354,-0.01069912,0.06777591,0.7787746,-0.02236471,1.116667,0.2144873,-0.08481462,0.08270065,-0.06862438,0.9905846,MathCanvas,-0.436367,1.242065,1.586853,-0.1566705,1.520183,0.02533109,-0.01785948,-0.2093196,-0.9776841,-0.123079,1.520105,0.02684647,-0.009072149,-0.2105569,0.9775395,-0.1903985,1.520056,0.02433289,0.04498423,-0.2098995,0.9766876,-0.1567387,1.520081,0.02558968,358.4846,357.8606,0.04172254,0,0,False
1,Center_Dir_Close,1045,35.81999,-0.1568044,1.519999,0.02584645,-0.1565877,1.227973,0.03561705,-0.62354,-0.01069912,0.06777591,0.7787746,-0.02236471,1.116667,0.2144873,-0.08481462,0.08270065,-0.06862438,0.9905846,MathCanvas,-0.436367,1.242065,1.586853,-0.1567387,1.520081,0.02558968,-0.01796079,-0.2102282,-0.9774876,-0.1231445,1.520017,0.02709876,-0.008970464,-0.211489,0.9773393,-0.1904644,1.51998,0.02459414,0.0450859,-0.2108383,0.9764807,-0.1568044,1.519999,0.02584645,358.539,357.8685,0.0317766,0,0,False
1,Center_Dir_Close,1046,35.83999,-0.1569658,1.519984,0.02631119,-0.1568531,1.227848,0.03622349,-0.6213616,-0.01016494,0.06806251,0.780496,-0.02246175,1.1164,0.2148765,-0.08414355,0.08347181,-0.06856541,0.9905813,MathCanvas,-0.436367,1.242065,1.586853,-0.1568914,1.520019,0.02610313,-0.02095895,-0.210321,-0.9774078,-0.1233063,1.520016,0.02757577,-0.005985243,-0.2110144,0.9774646,-0.1906253,1.519953,0.02504662,0.04805822,-0.2103103,0.9764527,-0.1569658,1.519984,0.02631119,358.529,357.847,0.05345995,0,0,False
1,Center_Dir_Close,1047,35.85999,-0.1570416,1.519936,0.02654449,-0.1568531,1.227848,0.03622349,-0.6213616,-0.01016494,0.06806251,0.780496,-0.02246175,1.1164,0.2148765,-0.08414355,0.08347181,-0.06856541,0.9905813,MathCanvas,-0.436367,1.242065,1.586853,-0.1569658,1.519984,0.02631119,-0.02100478,-0.2108913,-0.9772838,-0.123382,1.519965,0.02780568,-0.005931815,-0.2117945,0.9772962,-0.1907012,1.519906,0.0252833,0.04811158,-0.2110891,0.9762821,-0.1570416,1.519936,0.02654449,358.5612,357.8529,0.05016143,0,0,False
1,Center_Dir_Close,1048,35.87999,-0.1571437,1.519932,0.02661607,-0.1570013,1.227812,0.03638979,-0.6217889,-0.01063413,0.06810198,0.7801459,-0.02250584,1.116431,0.215096,-0.08420024,0.08354174,-0.06846313,0.9905776,MathCanvas,-0.436367,1.242065,1.586853,-0.1570416,1.519936,0.02654449,-0.02104644,-0.2070489,-0.9781044,-0.123484,1.51995,0.02787387,-0.005948942,-0.2077196,0.9781703,-0.1908034,1.519914,0.02535826,0.04809447,-0.2070561,0.9771462,-0.1571437,1.519932,0.02661607,358.58,357.8592,0.0311543,0,0,False
1,Center_Dir_Close,1049,35.89999,-0.1572895,1.519855,0.0270563,-0.1570013,1.227812,0.03638979,-0.6217889,-0.01063413,0.06810198,0.7801459,-0.02250757,1.116433,0.2151392,-0.08421818,0.08356985,-0.0684158,0.9905769,MathCanvas,-0.436367,1.242065,1.586853,-0.1572152,1.519896,0.02683132,-0.02122682,-0.2081884,-0.9778584,-0.1236296,1.519868,0.02830868,-0.005752545,-0.2090739,0.9778829,-0.1909494,1.519842,0.02580391,0.04829059,-0.2084031,0.9768502,-0.1572895,1.519855,0.0270563,358.6481,357.8687,0.02147464,0,0,False
1,Center_Dir_Close,1050,35.91999,-0.1573834,1.519886,0.02718991,-0.1572395,1.227742,0.03679238,-0.6219135,-0.01086618,0.06818364,0.7800363,-0.02255968,1.116405,0.2155412,-0.08405403,0.08391725,-0.06830896,0.9905689,MathCanvas,-0.436367,1.242065,1.586853,-0.1572895,1.519855,0.0270563,-0.02120611,-0.2074722,-0.9780111,-0.123724,1.519916,0.02845642,-0.006125303,-0.2079826,0.9781134,-0.1910428,1.519856,0.02592341,0.04791808,-0.2072914,0.977105,-0.1573834,1.519886,0.02718991,358.6595,357.844,0.0504106,0,0,False
1,Center_Dir_Close,1051,35.93999,-0.157595,1.519913,0.02761764,-0.1578103,1.227496,0.03678116,-0.6266185,-0.01401406,0.06890062,0.776148,-0.02259354,1.116392,0.2159308,-0.08380812,0.08444726,-0.06874998,0.9905142,MathCanvas,-0.436367,1.242065,1.586853,-0.1574622,1.519859,0.02739773,-0.02087144,-0.2080498,-0.9778956,-0.1239363,1.519946,0.02890063,-0.00658579,-0.208081,0.9780895,-0.1912538,1.519881,0.02633465,0.04745797,-0.207381,0.9771084,-0.157595,1.519913,0.02761764,358.6683,357.8158,0.05534351,0,0,False
1,Center_Dir_Close,1052,35.95999,-0.1576572,1.519948,0.02782348,-0.1579607,1.227418,0.03673309,-0.6276566,-0.01370252,0.06916816,0.7752904,-0.02263994,1.11639,0.2160808,-0.08371062,0.08454046,-0.06892262,0.9905025,MathCanvas,-0.436367,1.242065,1.586853,-0.157595,1.519913,0.02761764,-0.06540731,-0.1966456,0.9782906,-0.1239987,1.519979,0.02911302,-0.09258458,-0.19643,0.9761369,-0.1913157,1.519916,0.02653394,-0.03857796,-0.1966808,0.9797084,-0.1576572,1.519948,0.02782348,358.6631,357.8047,0.05335153,0,0,False
