UID,Condition,Index,Time,Player_X,Player_Y,Player_Z,Left_X,Left_Y,Left_Z,LeftRot_X,LeftRot_Y,LeftRot_Z,LeftRot_W,Right_X,Right_Y,Right_Z,RightRot_X,RightRot_Y,RightRot_Z,RightRot_W,GazeObject,GP_X,GP_Y,GP_Z,GO_X,GO_Y,GO_Z,GZ_X,GZ_Y,GZ_Z,RE_X,RE_Y,RE_Z,RED_X,RED_Y,RED_Z,LE_X,LE_Y,LE_Z,LED_X,LED_Y,LED_Z,H_X,H_Y,H_Z,HR_X,HR_Y,HR_Z,Blinking,BlinkCount,EventTriggered
1,Center_Dir_Far,0,19.89999,-0.03983797,1.534052,0.1283248,-0.04097695,1.200541,0.1485337,-0.5624596,-0.1640621,0.005638846,0.8103648,0.04983261,1.092384,0.3041746,-0.07294378,0.0339232,-0.1382273,0.987128,MathCanvas,-0.4233134,1.198891,1.624403,-0.03983395,1.534039,0.1282413,-0.181717,-0.120488,0.9759414,-0.007358309,1.534641,0.1372289,-0.2080376,-0.1212688,0.9705741,-0.07231763,1.533462,0.1194208,-0.1550312,-0.1197935,0.9806196,-0.03983797,1.534052,0.1283248,353.6252,344.5573,1.009318,0,6,False
1,Center_Dir_Far,1,19.91999,-0.03975006,1.534207,0.1284452,-0.04116156,1.200536,0.1487231,-0.5621974,-0.1641483,0.005518094,0.8105301,0.04883004,1.091722,0.3022695,-0.07480142,0.03796094,-0.115735,0.9897318,MathCanvas,-0.4233134,1.198891,1.624403,-0.03983797,1.534052,0.1283248,-0.1816034,-0.1205311,0.9759572,-0.00725618,1.534808,0.1372965,-0.2065399,-0.1189192,0.9711846,-0.07224394,1.533607,0.1195939,-0.1535171,-0.1174367,0.9811428,-0.03975006,1.534207,0.1284452,353.4905,344.6458,1.028255,0,6,False
1,Center_Dir_Far,2,19.93999,-0.03968421,1.534426,0.1286537,-0.04125563,1.200534,0.1488502,-0.5620503,-0.1642923,0.005355344,0.810604,0.04855505,1.089836,0.3015718,-0.07403687,0.04345186,-0.1084787,0.9903852,MathCanvas,-0.4233134,1.198891,1.624403,-0.03971347,1.534316,0.1285525,-0.1784315,-0.117103,0.9769591,-0.007180642,1.535051,0.1374677,-0.2043279,-0.1168503,0.9719034,-0.07218778,1.533802,0.1198397,-0.1512884,-0.1153307,0.9817386,-0.03968421,1.534426,0.1286537,353.375,344.7045,1.070225,0,6,False
1,Center_Dir_Far,3,19.95999,-0.0396632,1.534508,0.1287458,-0.04125563,1.200534,0.1488502,-0.5620503,-0.1642923,0.005355344,0.810604,0.04818946,1.088509,0.3016639,-0.07122911,0.04302408,-0.1049412,0.9909908,MathCanvas,-0.4233134,1.198891,1.624403,-0.03968421,1.534426,0.1286537,-0.178636,-0.1181101,0.9768005,-0.007154629,1.535131,0.1375415,-0.2045839,-0.1180979,0.9716986,-0.07217178,1.533885,0.1199502,-0.1515437,-0.1165822,0.9815513,-0.0396632,1.534508,0.1287458,353.33,344.7365,1.066142,0,6,False
1,Center_Dir_Far,4,19.97999,-0.03955565,1.535086,0.1290945,-0.04211292,1.200178,0.1497883,-0.5616477,-0.1671057,0.002703317,0.8103212,0.04864777,1.09063,0.2997889,-0.05467666,0.07377219,-0.1090048,0.9897909,MathCanvas,-0.4233134,1.198891,1.624403,-0.03958289,1.534919,0.128979,-0.1777103,-0.116019,0.9772199,-0.00703837,1.535753,0.1378546,-0.2026645,-0.115544,0.9724077,-0.07207294,1.534418,0.1203344,-0.1496106,-0.1139618,0.9821554,-0.03955565,1.535086,0.1290945,353.049,344.7841,1.144144,0,6,False
1,Center_Dir_Far,5,19.99999,-0.03951523,1.535227,0.1292049,-0.04211292,1.200178,0.1497883,-0.5616477,-0.1671057,0.002703317,0.8103212,0.04838534,1.08993,0.2996622,-0.04987827,0.07712977,-0.1070839,0.9899981,MathCanvas,-0.4233134,1.198891,1.624403,-0.03955565,1.535086,0.1290945,-0.1762054,-0.114753,0.9776418,-0.006989721,1.5359,0.137934,-0.2017799,-0.1143509,0.9727326,-0.07204074,1.534554,0.1204758,-0.1487168,-0.1127654,0.9824293,-0.03951523,1.535227,0.1292049,352.9806,344.8362,1.153466,0,6,False
1,Center_Dir_Far,6,20.01999,-0.03934109,1.535285,0.129272,-0.04239881,1.200214,0.1499401,-0.5616117,-0.1681023,0.002632074,0.8101402,0.04635432,1.090158,0.3003357,-0.04485092,0.0693495,-0.1079285,0.9907222,MathCanvas,-0.4233134,1.198891,1.624403,-0.03951523,1.535227,0.1292049,-0.1753154,-0.1135581,0.9779412,-0.006796055,1.535977,0.1379265,-0.1994834,-0.1144271,0.9731972,-0.07188612,1.534593,0.1206175,-0.1463991,-0.1128106,0.9827721,-0.03934109,1.535285,0.129272,352.987,344.9635,1.186337,0,6,False
1,Center_Dir_Far,7,20.03999,-0.03908643,1.535295,0.1294345,-0.0424314,1.200319,0.1500134,-0.5614283,-0.1681091,0.002929211,0.8102648,0.04398615,1.091191,0.3011384,-0.05037824,0.05029124,-0.1070987,0.9916969,MathCanvas,-0.4233134,1.198891,1.624403,-0.03922668,1.53537,0.1293678,-0.1870563,-0.1372628,0.9727121,-0.00651421,1.536005,0.1379845,-0.2117952,-0.1387676,0.9674122,-0.07165866,1.534584,0.1208844,-0.1587837,-0.1371408,0.9777423,-0.03908643,1.535295,0.1294345,352.9985,345.1434,1.217981,0,6,False
1,Center_Dir_Far,8,20.05999,-0.03899512,1.535287,0.1295194,-0.04241693,1.200348,0.1500262,-0.5615431,-0.168081,0.00293842,0.810191,0.04334339,1.091407,0.3012263,-0.05179679,0.04822884,-0.1061346,0.9918299,MathCanvas,-0.4233134,1.198891,1.624403,-0.03908643,1.535295,0.1294345,-0.1853613,-0.1379543,0.9729387,-0.006410249,1.535997,0.1380213,-0.2103664,-0.138828,0.9677152,-0.07157999,1.534578,0.1210175,-0.1573397,-0.1372034,0.977967,-0.03899512,1.535287,0.1295194,353.0019,345.2285,1.215451,0,6,False
1,Center_Dir_Far,9,20.07999,-0.03883657,1.535374,0.1297219,-0.04234114,1.200408,0.15004,-0.5622112,-0.1675169,0.003172845,0.8098435,0.04249392,1.092986,0.3011587,-0.06147954,0.04693896,-0.102507,0.9917204,MathCanvas,-0.4233134,1.198891,1.624403,-0.03890481,1.535312,0.1296138,-0.1826586,-0.13725,0.9735493,-0.006229535,1.536093,0.1381376,-0.2079668,-0.136086,0.968623,-0.07144361,1.534655,0.1213062,-0.1549133,-0.1344614,0.9787349,-0.03883657,1.535374,0.1297219,352.8782,345.3754,1.232008,0,6,False
1,Center_Dir_Far,10,20.09999,-0.03875942,1.535495,0.129846,-0.04233431,1.200419,0.1500553,-0.5625536,-0.1672432,0.00324139,0.809662,0.04200657,1.093436,0.3012037,-0.06287078,0.04589231,-0.100862,0.9918509,MathCanvas,-0.4233134,1.198891,1.624403,-0.03883657,1.535374,0.1297219,-0.1880336,-0.1432219,0.971664,-0.006142702,1.536241,0.1382217,-0.2132478,-0.1426044,0.9665347,-0.07137613,1.534749,0.1214704,-0.1602318,-0.1409619,0.9769624,-0.03875942,1.535495,0.129846,352.7978,345.4377,1.279478,0,6,False
1,Center_Dir_Far,11,20.11999,-0.03868341,1.535811,0.1300535,-0.04245926,1.20042,0.1500534,-0.5635254,-0.1663582,0.003295861,0.8091683,0.04174255,1.094033,0.3010559,-0.06533158,0.04669267,-0.09869494,0.9918724,MathCanvas,-0.4233134,1.198891,1.624403,-0.03867715,1.535581,0.1299533,-0.1860611,-0.1414309,0.9723058,-0.006051496,1.536585,0.1383672,-0.2120036,-0.1405004,0.9671164,-0.07131533,1.535038,0.1217397,-0.1589731,-0.138825,0.9774739,-0.03868341,1.535811,0.1300535,352.6376,345.5366,1.326897,0,6,False
1,Center_Dir_Far,12,20.13999,-0.03863386,1.535921,0.1301675,-0.04245926,1.20042,0.1500534,-0.5635254,-0.1663582,0.003295861,0.8091683,0.04139979,1.094207,0.3010773,-0.06590733,0.04596739,-0.0977302,0.9919637,MathCanvas,-0.4233134,1.198891,1.624403,-0.03868341,1.535811,0.1300535,-0.1855605,-0.1396628,0.972657,-0.00599264,1.536705,0.1384436,-0.2109045,-0.1394276,0.9675119,-0.07127509,1.535136,0.1218914,-0.1578623,-0.1377375,0.9778077,-0.03863386,1.535921,0.1301675,352.5762,345.5987,1.346272,0,6,False
1,Center_Dir_Far,13,20.15999,-0.03858396,1.53603,0.1302823,-0.04245926,1.20042,0.1500534,-0.5635254,-0.1663582,0.003295861,0.8091683,0.04139979,1.094207,0.3010773,-0.06590733,0.04596739,-0.0977302,0.9919637,MathCanvas,-0.4233134,1.198891,1.624403,-0.03863386,1.535921,0.1301675,-0.1844551,-0.1385826,0.9730217,-0.005933393,1.536826,0.1385204,-0.2097969,-0.1383463,0.9679078,-0.07123452,1.535234,0.1220443,-0.1567431,-0.1366416,0.9781414,-0.03858396,1.53603,0.1302823,352.5143,345.6613,1.365723,0,6,False
1,Center_Dir_Far,14,20.17999,-0.03858748,1.53566,0.1303894,-0.04278528,1.200352,0.1504023,-0.5628852,-0.1664931,0.003414296,0.8095855,0.0421096,1.093377,0.3009585,-0.06327773,0.05006442,-0.09837166,0.9918733,MathCanvas,-0.4233134,1.198891,1.624403,-0.03854912,1.5361,0.1303945,-0.1827829,-0.1370925,0.9735482,-0.005934089,1.536474,0.1386146,-0.2090985,-0.1425932,0.9674425,-0.07124087,1.534847,0.1221643,-0.1560424,-0.1408472,0.9776568,-0.03858748,1.53566,0.1303894,352.7613,345.6859,1.39501,0,6,False
1,Center_Dir_Far,15,20.19999,-0.03862692,1.535532,0.1304577,-0.04294078,1.20035,0.150531,-0.5625618,-0.1664277,0.003520213,0.8098233,0.04201411,1.093043,0.3010046,-0.06258417,0.05062533,-0.09701867,0.992022,MathCanvas,-0.4233134,1.198891,1.624403,-0.03858748,1.53566,0.1303894,-0.1759325,-0.143586,0.9738742,-0.005971383,1.536334,0.1386755,-0.2022025,-0.1450965,0.9685355,-0.07128245,1.534729,0.12224,-0.1491008,-0.1433084,0.9783822,-0.03862692,1.535532,0.1304577,352.7958,345.7023,1.375729,0,6,False
1,Center_Dir_Far,16,20.21999,-0.0387704,1.535333,0.130528,-0.04307043,1.200385,0.1505874,-0.5625388,-0.1663835,0.003508799,0.8098484,0.04202724,1.092588,0.3009972,-0.06229037,0.05171901,-0.09486027,0.9921928,MathCanvas,-0.4233134,1.198891,1.624403,-0.03863197,1.535467,0.1305416,-0.1753829,-0.1445821,0.9738259,-0.006118365,1.536089,0.138764,-0.2028269,-0.1469786,0.9681212,-0.07142243,1.534578,0.1222919,-0.1497285,-0.1452589,0.9779986,-0.0387704,1.535333,0.130528,352.9014,345.6831,1.295352,0,6,False
1,Center_Dir_Far,17,20.23999,-0.03880259,1.535272,0.1305975,-0.04307043,1.200385,0.1505874,-0.5625388,-0.1663835,0.003508799,0.8098484,0.04202724,1.092588,0.3009972,-0.06229037,0.05171901,-0.09486027,0.9921928,MathCanvas,-0.4233134,1.198891,1.624403,-0.0387704,1.535333,0.130528,-0.176347,-0.1461187,0.9734223,-0.006148517,1.536018,0.1388263,-0.2026154,-0.1475696,0.9680756,-0.07145666,1.534525,0.1223687,-0.1495145,-0.1458627,0.9779415,-0.03880259,1.535272,0.1305975,352.935,345.6986,1.279497,0,6,False
1,Center_Dir_Far,18,20.25999,-0.03910418,1.534758,0.1306093,-0.04329677,1.200533,0.1507059,-0.5625563,-0.165713,0.003632478,0.8099731,0.0427825,1.09222,0.3011867,-0.06263126,0.05515988,-0.09420775,0.9920482,MathCanvas,-0.4233134,1.198891,1.624403,-0.03899719,1.534935,0.1305694,-0.192149,-0.1488234,0.9700156,-0.006468717,1.535457,0.1389157,-0.2190802,-0.1508354,0.9639775,-0.07173964,1.534059,0.1223029,-0.1661028,-0.1493104,0.9747391,-0.03910418,1.534758,0.1306093,353.1398,345.5771,1.197878,0,6,False
1,Center_Dir_Far,19,20.27999,-0.03918827,1.534619,0.1306606,-0.04329677,1.200533,0.1507059,-0.5625563,-0.165713,0.003632478,0.8099731,0.0427825,1.09222,0.3011867,-0.06263126,0.05515988,-0.09420775,0.9920482,MathCanvas,-0.4233134,1.198891,1.624403,-0.03910418,1.534758,0.1306093,-0.1926672,-0.1500729,0.9697203,-0.006555434,1.535304,0.1389785,-0.2194139,-0.1519366,0.9637286,-0.07182111,1.533934,0.1223427,-0.1664398,-0.1504309,0.9745093,-0.03918827,1.534619,0.1306606,353.203,345.5613,1.173989,0,6,False
1,Center_Dir_Far,20,20.29999,-0.03948743,1.53462,0.1307461,-0.04354749,1.200638,0.1507734,-0.5633521,-0.1645197,0.00406006,0.8096611,0.04431403,1.093358,0.3017032,-0.06498698,0.06058102,-0.09707803,0.9913034,MathCanvas,-0.4233134,1.198891,1.624403,-0.03927176,1.534481,0.1307116,-0.2001029,-0.1515484,0.9679834,-0.006861906,1.53535,0.1390888,-0.22682,-0.1491028,0.9624557,-0.07211295,1.53389,0.1224033,-0.1739122,-0.1475885,0.9736387,-0.03948743,1.53462,0.1307461,353.0846,345.5056,1.25026,0,6,False
1,Center_Dir_Far,21,20.31999,-0.03957158,1.534561,0.1307001,-0.04362432,1.200578,0.1508152,-0.5633472,-0.1642429,0.004130475,0.8097204,0.04467751,1.094078,0.3018722,-0.06715427,0.06199589,-0.09594495,0.9911818,MathCanvas,-0.4233134,1.198891,1.624403,-0.03948743,1.53462,0.1307461,-0.2003865,-0.1492687,0.9682789,-0.006948948,1.535296,0.1390536,-0.2270446,-0.15029,0.9622181,-0.07219421,1.533826,0.1223465,-0.1741409,-0.1487644,0.9734188,-0.03957158,1.534561,0.1307001,353.1001,345.4857,1.259233,0,6,False
1,Center_Dir_Far,22,20.33999,-0.03967506,1.534483,0.130725,-0.04365109,1.200554,0.150834,-0.5633162,-0.1641732,0.004164256,0.8097559,0.04467751,1.094078,0.3018722,-0.06715427,0.06199589,-0.09594495,0.9911818,MathCanvas,-0.4233134,1.198891,1.624403,-0.03957158,1.534561,0.1307001,-0.2006709,-0.1495272,0.9681802,-0.007054783,1.53522,0.1390876,-0.2272774,-0.1506914,0.9621004,-0.07229535,1.533746,0.1223624,-0.1743769,-0.1491615,0.9733157,-0.03967506,1.534483,0.130725,353.1234,345.47,1.262778,0,6,False
1,Center_Dir_Far,23,20.35999,-0.03986753,1.534265,0.1307282,-0.04373061,1.20047,0.1509338,-0.563163,-0.1639579,0.0044742,0.8099045,0.04518037,1.095203,0.3019854,-0.07067598,0.06341613,-0.09548213,0.9908918,MathCanvas,-0.4233134,1.198891,1.624403,-0.03976209,1.534358,0.1306925,-0.1978199,-0.1497492,0.9687324,-0.007249907,1.535003,0.139101,-0.2243837,-0.1510305,0.9627262,-0.07248515,1.533526,0.1223554,-0.1714594,-0.1494711,0.9737865,-0.03986753,1.534265,0.1307282,353.2013,345.4534,1.265202,0,6,False
1,Center_Dir_Far,24,20.37999,-0.04000361,1.534082,0.130746,-0.04375343,1.200428,0.1509443,-0.5631415,-0.1638243,0.004742578,0.8099449,0.04536502,1.095608,0.3020033,-0.07114158,0.06372596,-0.09608778,0.99078,MathCanvas,-0.4233134,1.198891,1.624403,-0.03986753,1.534265,0.1307282,-0.1979991,-0.1502509,0.9686181,-0.007388059,1.534794,0.1391292,-0.2247413,-0.1520277,0.9624858,-0.07261916,1.53337,0.1223629,-0.1718194,-0.1505079,0.9735633,-0.04000361,1.534082,0.130746,353.258,345.442,1.220138,0,6,False
1,Center_Dir_Far,25,20.39999,-0.0402409,1.53381,0.1307706,-0.04379138,1.20027,0.1508465,-0.5630912,-0.1633734,0.005465046,0.8100665,0.04562674,1.095986,0.302012,-0.07183803,0.06510835,-0.09636623,0.9906129,MathCanvas,-0.4233134,1.198891,1.624403,-0.04012641,1.533931,0.1307459,-0.1868452,-0.1429942,0.9719267,-0.007632259,1.53452,0.1391808,-0.2135853,-0.1444567,0.9661851,-0.07284954,1.533101,0.1223604,-0.1605738,-0.1428616,0.9766302,-0.0402409,1.53381,0.1307706,353.3484,345.3971,1.214919,0,6,False
1,Center_Dir_Far,26,20.41999,-0.04036789,1.533666,0.1306836,-0.04379775,1.200164,0.1508169,-0.56253,-0.1627656,0.006261937,0.8105727,0.0458037,1.096006,0.3018115,-0.07330105,0.06658074,-0.09444916,0.9905924,MathCanvas,-0.4233134,1.198891,1.624403,-0.0402409,1.53381,0.1307706,-0.1871588,-0.1435083,0.9717906,-0.007765505,1.534367,0.1391187,-0.214311,-0.1452447,0.9659061,-0.07297027,1.532965,0.1222484,-0.1613077,-0.1436514,0.9763934,-0.04036789,1.533666,0.1306836,353.402,345.3561,1.200384,0,6,False
1,Center_Dir_Far,27,20.43999,-0.04060362,1.533337,0.130711,-0.04379125,1.200113,0.1508044,-0.562254,-0.1623951,0.006636538,0.8108356,0.04578976,1.095886,0.3017677,-0.07319639,0.0666829,-0.09406385,0.99063,MathCanvas,-0.4233134,1.198891,1.624403,-0.04048746,1.533501,0.1306946,-0.1885765,-0.1416888,0.9717835,-0.008009598,1.534012,0.1391805,-0.2155406,-0.14342,0.9659052,-0.07319764,1.532663,0.1222414,-0.1625463,-0.1418842,0.9764464,-0.04060362,1.533337,0.130711,353.5121,345.3033,1.154838,0,6,False
1,Center_Dir_Far,28,20.45999,-0.04076201,1.532963,0.1306833,-0.0437642,1.199986,0.1507478,-0.5620572,-0.1614138,0.007342928,0.8111618,0.04571367,1.095495,0.3017602,-0.07194317,0.06677382,-0.09407228,0.9907148,MathCanvas,-0.4233134,1.198891,1.624403,-0.04060362,1.533337,0.130711,-0.1894731,-0.1426624,0.9714666,-0.008180153,1.533601,0.1392023,-0.217402,-0.1453421,0.9652005,-0.07334387,1.532324,0.1221642,-0.1644251,-0.1438614,0.9758423,-0.04076201,1.532963,0.1306833,353.6208,345.2257,1.092374,0,6,False
1,Center_Dir_Far,29,20.47999,-0.04093508,1.532773,0.1306874,-0.0438221,1.199868,0.1506887,-0.5622715,-0.1606299,0.007713132,0.8111654,0.0456401,1.0951,0.3017918,-0.07035533,0.06684268,-0.09414139,0.9908177,MathCanvas,-0.4233134,1.198891,1.624403,-0.04076201,1.532963,0.1306833,-0.1909875,-0.1446019,0.9708831,-0.008368,1.533384,0.1392648,-0.2192223,-0.1457258,0.9647309,-0.07350215,1.532163,0.1221101,-0.1662634,-0.1442882,0.9754678,-0.04093508,1.532773,0.1306874,353.6413,345.129,1.044999,0,6,False
1,Center_Dir_Far,30,20.49999,-0.04133358,1.532687,0.1307903,-0.04386485,1.199792,0.1507029,-0.5622752,-0.1597513,0.007942699,0.8113341,0.04540421,1.094303,0.3018095,-0.06795643,0.06713675,-0.09263233,0.9911074,MathCanvas,-0.4233134,1.198891,1.624403,-0.04107242,1.532601,0.1306994,-0.2843544,-0.2339545,0.9297354,-0.008804273,1.533266,0.139512,-0.3132907,-0.2320305,0.920875,-0.07386288,1.532108,0.1220686,-0.2616386,-0.2316157,0.9369628,-0.04133358,1.532687,0.1307903,353.5516,344.8796,0.9912372,0,6,False
1,Center_Dir_Far,31,20.51999,-0.04165584,1.532583,0.1308284,-0.04392251,1.199711,0.1507517,-0.5620737,-0.15901,0.008047038,0.8116183,0.04487182,1.093555,0.3015729,-0.06712715,0.06681394,-0.0900879,0.9914202,MathCanvas,-0.9892233,0.7528048,3.230045,-0.04133358,1.532687,0.1307903,-0.2875774,-0.2318231,0.9292778,-0.009154361,1.533111,0.1396564,-0.3166081,-0.232262,0.9196813,-0.07415731,1.532055,0.1220004,-0.2650083,-0.2319299,0.9359376,-0.04165584,1.532583,0.1308284,353.5709,344.7028,0.9037225,0,6,False
1,Center_Dir_Far,32,20.53999,-0.04206409,1.532287,0.1308516,-0.04395856,1.199663,0.1507213,-0.5620387,-0.1588569,0.008126081,0.8116717,0.04460286,1.09332,0.3013934,-0.067067,0.06654184,-0.08978125,0.9914704,MathCanvas,-1.000951,0.7592723,3.230695,-0.0418632,1.532424,0.1308359,-0.2908231,-0.3345383,0.896385,-0.009600088,1.532759,0.1398195,-0.3184559,-0.3350413,0.8867543,-0.07452808,1.531815,0.1218836,-0.2670387,-0.3351637,0.903524,-0.04206409,1.532287,0.1308516,353.6478,344.4681,0.8076739,0,6,False
1,Center_Dir_Far,33,20.55999,-0.0422398,1.532101,0.1308035,-0.04403391,1.199543,0.1506339,-0.5620334,-0.158508,0.00829846,0.8117418,0.0443497,1.093185,0.3012059,-0.06689034,0.06626388,-0.09055118,0.9914309,MathCanvas,-1.00712,0.4221683,3.10538,-0.04206409,1.532287,0.1308516,-0.2928672,-0.3351026,0.8955083,-0.009792678,1.532537,0.1398341,-0.3203692,-0.3362541,0.8856053,-0.07468692,1.531665,0.1217728,-0.2689842,-0.3364376,0.9024729,-0.0422398,1.532101,0.1308035,353.7263,344.3655,0.7460911,0,6,False
1,Center_Dir_Far,34,20.57999,-0.0425754,1.532034,0.130763,-0.04410413,1.199381,0.1505192,-0.5619168,-0.1577913,0.00834737,0.8119617,0.04393389,1.09302,0.3009923,-0.06667412,0.065658,-0.09075291,0.9914674,MathCanvas,-1.013874,0.4203449,3.101795,-0.04243248,1.531959,0.1308109,-0.2968383,-0.3368903,0.8935278,-0.01016621,1.532435,0.1399305,-0.3245191,-0.335378,0.8844258,-0.0749846,1.531633,0.1215956,-0.273206,-0.3356151,0.9015104,-0.0425754,1.532034,0.130763,353.6773,344.13,0.6866086,0,6,False
1,Center_Dir_Far,35,20.59999,-0.0427717,1.532391,0.1307617,-0.04419172,1.199274,0.1503615,-0.5618908,-0.1574672,0.008213811,0.8120439,0.04311879,1.092787,0.3006526,-0.06670338,0.06422497,-0.09030398,0.9916002,MathCanvas,-1.027309,0.4144313,3.094959,-0.0425754,1.532034,0.130763,-0.2989847,-0.3354966,0.8933365,-0.01038287,1.532794,0.1400007,-0.3267281,-0.3328543,0.8845658,-0.07516053,1.531987,0.1215226,-0.2754536,-0.3330813,0.9017661,-0.0427717,1.532391,0.1307617,353.5232,344.0011,0.6904345,0,6,False
1,Center_Dir_Far,36,20.61999,-0.04316646,1.532676,0.130721,-0.04432696,1.19913,0.1500945,-0.5621117,-0.1569332,0.008043014,0.8119962,0.04216335,1.092709,0.3003726,-0.06605271,0.06271645,-0.09096447,0.99168,MathCanvas,-1.034121,0.419978,3.092815,-0.04298505,1.532622,0.1307448,-0.310683,-0.3032118,0.9008545,-0.01080229,1.533052,0.1400471,-0.3375806,-0.302865,0.8912419,-0.07553063,1.5323,0.1213948,-0.2864668,-0.3031469,0.9088667,-0.04316646,1.532676,0.130721,353.4487,343.8515,0.6438172,0,6,False
1,Center_Dir_Far,37,20.63999,-0.04333112,1.532692,0.1306128,-0.04437634,1.199041,0.1498349,-0.5625453,-0.1565695,0.007966687,0.8117668,0.04176574,1.092729,0.3003133,-0.06590113,0.06213335,-0.09130719,0.9916953,MathCanvas,-1.074057,0.5265764,3.119884,-0.04316646,1.532676,0.130721,-0.3154592,-0.2672925,0.9105164,-0.0109686,1.533055,0.1399452,-0.3410753,-0.2681179,0.9009886,-0.07569364,1.532329,0.1212804,-0.2899742,-0.2683185,0.9186513,-0.04333112,1.532692,0.1306128,353.505,343.8436,0.6218164,0,6,False
1,Center_Dir_Far,38,20.65999,-0.04350393,1.532733,0.1305624,-0.04439456,1.199016,0.1497597,-0.5627311,-0.1564671,0.007934597,0.8116581,0.04176574,1.092729,0.3003133,-0.06590113,0.06213335,-0.09130719,0.9916953,MathCanvas,-1.091472,0.6445889,3.155883,-0.04333112,1.532692,0.1306128,-0.3156484,-0.2682182,0.9101786,-0.01115179,1.533096,0.1399308,-0.3420756,-0.2681238,0.9006075,-0.07585607,1.53237,0.1211941,-0.2909942,-0.2683244,0.918327,-0.04350393,1.532733,0.1305624,353.5053,343.78,0.6217036,0,6,False
1,Center_Dir_Far,39,20.67999,-0.04378127,1.532887,0.130361,-0.04443916,1.198973,0.1496125,-0.5632744,-0.1563505,0.007864289,0.8113043,0.04131944,1.092764,0.3002903,-0.06614444,0.06144442,-0.09139859,0.9917136,MathCanvas,-1.091772,0.6419804,3.153265,-0.0436411,1.532798,0.1304464,-0.3167484,-0.2687629,0.9096357,-0.01143998,1.533325,0.1397635,-0.3424141,-0.2687408,0.900295,-0.07612257,1.532448,0.1209585,-0.291351,-0.2688213,0.9180685,-0.04378127,1.532887,0.130361,353.5319,343.7048,0.7513708,0,6,False
1,Center_Dir_Far,40,20.69999,-0.04394319,1.532941,0.1303009,-0.04443916,1.198973,0.1496125,-0.5632744,-0.1563505,0.007864289,0.8113043,0.04131944,1.092764,0.3002903,-0.06614444,0.06144442,-0.09139859,0.9917136,MathCanvas,-1.095294,0.6406721,3.150087,-0.04378127,1.532887,0.130361,-0.3170074,-0.2687811,0.9095401,-0.01161109,1.533388,0.1397346,-0.3432109,-0.2688112,0.8999705,-0.07627529,1.532493,0.1208673,-0.2921649,-0.2688778,0.9177932,-0.04394319,1.532941,0.1303009,353.5349,343.6479,0.766291,0,6,False
1,Center_Dir_Far,41,20.71999,-0.04422295,1.533497,0.1302397,-0.04460816,1.198825,0.1488894,-0.5658394,-0.1533947,0.007828333,0.8100831,0.04096331,1.09275,0.3004085,-0.06618333,0.06160066,-0.09171653,0.9916719,MathCanvas,-1.095362,0.6414738,3.146975,-0.04410471,1.532995,0.130241,-0.2936649,-0.2547122,0.9213483,-0.01188404,1.534039,0.139645,-0.3173513,-0.25142,0.914372,-0.07656187,1.532956,0.1208343,-0.2657819,-0.2509083,0.9308088,-0.04422295,1.533497,0.1302397,353.3246,343.6758,0.9273696,0,6,False
1,Center_Dir_Far,42,20.73999,-0.04430708,1.533541,0.1301205,-0.04390799,1.19899,0.1482982,-0.5667081,-0.1420245,0.009117779,0.8115343,0.04038589,1.092448,0.3008138,-0.06499124,0.06223575,-0.0922639,0.9916604,MathCanvas,-1.017763,0.6890905,3.184638,-0.04422295,1.533497,0.1302397,-0.2916827,-0.2511641,0.9229506,-0.01195638,1.534125,0.1394827,-0.3157636,-0.252257,0.9146911,-0.07665779,1.532958,0.1207584,-0.2641729,-0.2516784,0.9310589,-0.04430708,1.533541,0.1301205,353.3706,343.7444,0.9996788,0,6,False
1,Center_Dir_Far,43,20.75999,-0.04449122,1.53364,0.1298685,-0.04355272,1.199153,0.1483501,-0.5668421,-0.1370977,0.009760156,0.8122801,0.04009426,1.092181,0.3011515,-0.06358237,0.06294393,-0.09253715,0.9916815,MathCanvas,-1.010652,0.7014346,3.187856,-0.04438351,1.533574,0.1299829,-0.283677,-0.2306737,0.9307616,-0.01213534,1.534296,0.139208,-0.3089055,-0.2312833,0.9225429,-0.07684709,1.532984,0.1205291,-0.2571743,-0.2304585,0.938483,-0.04449122,1.53364,0.1298685,353.4034,343.7703,1.123481,0,6,False
1,Center_Dir_Far,44,20.77999,-0.04459855,1.533709,0.1297613,-0.04350294,1.199167,0.148315,-0.5669308,-0.1362678,0.009851963,0.8123568,0.04002719,1.092122,0.3012232,-0.06330523,0.06310697,-0.09254892,0.9916878,MathCanvas,-0.9857341,0.7682626,3.218144,-0.04449122,1.53364,0.1298685,-0.2803178,-0.223946,0.9334185,-0.01224185,1.534392,0.1390959,-0.3057827,-0.22452,0.9252501,-0.07695525,1.533025,0.1204267,-0.253993,-0.223601,0.9410049,-0.04459855,1.533709,0.1297613,353.4097,343.7732,1.170576,0,6,False
1,Center_Dir_Far,45,20.79999,-0.04461209,1.533918,0.1295826,-0.04384594,1.19934,0.1486427,-0.5648965,-0.1329636,0.01128206,0.8143006,0.03950565,1.091863,0.3015383,-0.06255726,0.06313296,-0.09209839,0.9917756,MathCanvas,-0.9745249,0.7907906,3.226283,-0.04459855,1.533709,0.1297613,-0.2799992,-0.2240606,0.9334866,-0.01225069,1.534644,0.1388977,-0.3051104,-0.2228094,0.9258853,-0.0769735,1.533193,0.1202674,-0.2533126,-0.2218216,0.9416092,-0.04461209,1.533918,0.1295826,353.3065,343.7968,1.242844,0,6,False
1,Center_Dir_Far,46,20.81999,-0.04484242,1.534354,0.1294089,-0.0440799,1.199388,0.1487263,-0.5641213,-0.1303326,0.01277776,0.8152406,0.03878343,1.091664,0.3018154,-0.06089086,0.06170456,-0.09216689,0.9919628,MathCanvas,-0.9730948,0.790929,3.225042,-0.04470531,1.534028,0.1294692,-0.2789198,-0.2219054,0.9343242,-0.0124762,1.535143,0.1387021,-0.3043658,-0.2196669,0.9268808,-0.07720864,1.533566,0.1201156,-0.2525596,-0.2185748,0.9425703,-0.04484242,1.534354,0.1294089,353.118,343.8177,1.351695,0,6,False
1,Center_Dir_Far,47,20.83999,-0.0448675,1.534576,0.1293323,-0.04442899,1.199268,0.1486107,-0.5654587,-0.1330607,0.01332938,0.8138635,0.03829905,1.091661,0.301908,-0.0599663,0.06059729,-0.09274957,0.9920331,MathCanvas,-0.9696281,0.7986056,3.227251,-0.04484242,1.534354,0.1294089,-0.2785734,-0.2191209,0.9350845,-0.01249441,1.535372,0.138601,-0.3037856,-0.2177207,0.9275301,-0.0772406,1.533781,0.1200637,-0.251968,-0.2166162,0.9431806,-0.0448675,1.534576,0.1293323,353.0032,343.857,1.363622,0,6,False
1,Center_Dir_Far,48,20.85999,-0.04499302,1.534924,0.129141,-0.04442899,1.199268,0.1486107,-0.5654587,-0.1330607,0.01332938,0.8138635,0.03829905,1.091661,0.301908,-0.0599663,0.06059729,-0.09274957,0.9920331,MathCanvas,-0.9680163,0.8084437,3.228056,-0.04493011,1.53475,0.1292369,-0.2784401,-0.2083001,0.9375938,-0.01261338,1.53577,0.1383823,-0.3038032,-0.2076513,0.9298304,-0.07737266,1.534078,0.1198996,-0.251979,-0.2064607,0.9454526,-0.04499302,1.534924,0.129141,352.8572,343.8906,1.450306,0,6,False
1,Center_Dir_Far,49,20.87999,-0.04464047,1.535152,0.129085,-0.04568738,1.199135,0.148391,-0.5652815,-0.1278704,0.01697709,0.8147501,0.03795478,1.092078,0.3017687,-0.06087703,0.05979454,-0.09304753,0.9919984,MathCanvas,-0.96874,0.8438723,3.239681,-0.04499302,1.534924,0.129141,-0.2780011,-0.207056,0.9379996,-0.01223137,1.536024,0.1382201,-0.3007193,-0.2062828,0.9311366,-0.07704958,1.534281,0.11995,-0.2488453,-0.20505,0.9465889,-0.04464047,1.535152,0.129085,352.7755,344.0706,1.494411,0,6,False
1,Center_Dir_Far,50,20.89999,-0.04450918,1.53547,0.1289313,-0.04601559,1.199229,0.1489222,-0.5608358,-0.1211369,0.01906183,0.8187953,0.03795294,1.092152,0.3017585,-0.06103135,0.05981174,-0.09308911,0.991984,MathCanvas,-0.9663905,0.8486305,3.239149,-0.04455058,1.535297,0.1290138,-0.2621476,-0.1965299,0.944804,-0.01207695,1.536377,0.1379804,-0.2869588,-0.1960571,0.9376653,-0.07694141,1.534563,0.1198821,-0.2348597,-0.1946265,0.9523453,-0.04450918,1.53547,0.1289313,352.6472,344.2109,1.555831,0,6,False
1,Center_Dir_Far,51,20.91999,-0.04437791,1.535411,0.128971,-0.04628916,1.199483,0.1498789,-0.5528842,-0.1118025,0.02175738,0.8254368,0.0380178,1.092295,0.3017336,-0.06088722,0.06007353,-0.09346896,0.9919413,MathCanvas,-0.9145957,0.8831733,3.264803,-0.04450918,1.53547,0.1289313,-0.2610126,-0.1953418,0.9453645,-0.01193187,1.536305,0.1379718,-0.2856846,-0.1953179,0.9382085,-0.07682395,1.534516,0.1199703,-0.2335632,-0.1939073,0.9528106,-0.04437791,1.535411,0.128971,352.6045,344.2981,1.534566,0,6,False
1,Center_Dir_Far,52,20.93999,-0.04417568,1.535462,0.1289507,-0.04740869,1.199986,0.1512132,-0.5389283,-0.09183238,0.02902547,0.8368277,0.0381151,1.092383,0.3017163,-0.06067094,0.06043675,-0.09380409,0.9919008,MathCanvas,-0.9101488,0.8874681,3.264716,-0.0442634,1.535366,0.1289992,-0.2512738,-0.1931213,0.9484543,-0.01170217,1.536343,0.1378531,-0.2760623,-0.1929016,0.941583,-0.0766492,1.534581,0.1200483,-0.223796,-0.191436,0.9556503,-0.04417568,1.535462,0.1289507,352.5167,344.4724,1.511714,0,6,False
1,Center_Dir_Far,53,20.95999,-0.04404988,1.535493,0.1289261,-0.04793843,1.200201,0.1517048,-0.5335904,-0.0852854,0.03221073,0.8408152,0.03817613,1.092407,0.3017064,-0.06062189,0.06059897,-0.09389731,0.9918851,MathCanvas,-0.8776201,0.8949022,3.274857,-0.04417568,1.535462,0.1289507,-0.2500282,-0.1921688,0.9489768,-0.01155961,1.536367,0.1377678,-0.274388,-0.1922529,0.9422049,-0.07654016,1.534619,0.1200843,-0.2220951,-0.1907983,0.9561745,-0.04404988,1.535493,0.1289261,352.479,344.5801,1.500204,0,6,False
1,Center_Dir_Far,54,20.97999,-0.04373417,1.535454,0.1290434,-0.04897658,1.199894,0.1505276,-0.5424908,-0.1155587,0.03710198,0.8312481,0.03937872,1.092519,0.3014779,-0.06171584,0.06311625,-0.09311903,0.991734,MathCanvas,-0.8729239,0.8984298,3.2749,-0.04404988,1.535493,0.1289261,-0.2483401,-0.1915258,0.9495499,-0.01122426,1.536369,0.1378085,-0.2719982,-0.1915761,0.9430354,-0.07624407,1.534538,0.1202784,-0.2196744,-0.1900551,0.9568815,-0.04373417,1.535454,0.1290434,352.4384,344.7043,1.571478,0,6,False
1,Center_Dir_Far,55,20.99999,-0.04344054,1.535531,0.1290706,-0.04956568,1.19942,0.150172,-0.545132,-0.1206211,0.03970274,0.8286769,0.0400236,1.092469,0.3013816,-0.06179339,0.0645965,-0.09294382,0.9916503,MathCanvas,-0.8667755,0.9007046,3.276012,-0.04358445,1.535478,0.1290708,-0.2349144,-0.1854443,0.9541623,-0.01090036,1.536462,0.137721,-0.2594499,-0.1854586,0.947782,-0.07598071,1.5346,0.1204202,-0.2069546,-0.1838155,0.9609275,-0.04344054,1.535531,0.1290706,352.3522,344.9003,1.597451,0,6,False
1,Center_Dir_Far,56,21.01999,-0.04329866,1.535566,0.1290765,-0.04986956,1.199228,0.1500596,-0.5458493,-0.1209925,0.04106631,0.8280839,0.0400236,1.092469,0.3013816,-0.06179339,0.0645965,-0.09294382,0.9916503,MathCanvas,-0.8225567,0.920487,3.293642,-0.04344054,1.535531,0.1290706,-0.2332949,-0.1846371,0.954716,-0.01074468,1.536504,0.1376741,-0.2579217,-0.1848565,0.9483167,-0.07585264,1.534629,0.1204789,-0.2054055,-0.183203,0.9613767,-0.04329866,1.535566,0.1290765,352.3171,344.9907,1.609131,0,6,False
1,Center_Dir_Far,57,21.03999,-0.04307257,1.535273,0.1291429,-0.05055708,1.198827,0.1496393,-0.5475909,-0.1100525,0.04480071,0.8282666,0.04243726,1.092098,0.3010311,-0.0608103,0.06999913,-0.09332886,0.9913083,MathCanvas,-0.8166784,0.9234887,3.293989,-0.04321697,1.535298,0.1291254,-0.2252703,-0.1851265,0.9565467,-0.01048344,1.53617,0.1376107,-0.2498623,-0.1856869,0.9503101,-0.0756617,1.534377,0.1206751,-0.1972408,-0.1840528,0.962923,-0.04307257,1.535273,0.1291429,352.3723,345.2303,1.538576,0,6,False
1,Center_Dir_Far,58,21.05999,-0.04293064,1.535254,0.1291578,-0.05055708,1.198827,0.1496393,-0.5475909,-0.1100525,0.04480071,0.8282666,0.04243726,1.092098,0.3010311,-0.0608103,0.06999913,-0.09332886,0.9913083,MathCanvas,-0.7896013,0.9217777,3.299066,-0.04307257,1.535273,0.1291429,-0.2236402,-0.1848699,0.9569787,-0.01032647,1.536148,0.1375678,-0.2482117,-0.18539,0.9508005,-0.07553481,1.534361,0.1207478,-0.1955678,-0.1837603,0.96332,-0.04293064,1.535254,0.1291578,352.355,345.3321,1.534129,0,6,False
1,Center_Dir_Far,59,21.07999,-0.0427653,1.535133,0.1291583,-0.04842379,1.19898,0.1495742,-0.5475654,-0.1097447,0.04166262,0.8284881,0.04560383,1.091221,0.3007068,-0.05912995,0.07656102,-0.09227797,0.9910232,MathCanvas,-0.7836679,0.9229317,3.298846,-0.04288023,1.535183,0.1291719,-0.2219528,-0.1719426,0.9597774,-0.01013601,1.535959,0.1374773,-0.2467607,-0.1728654,0.9535338,-0.07539459,1.534306,0.1208394,-0.1940778,-0.1713567,0.9659041,-0.0427653,1.535133,0.1291583,352.3878,345.509,1.418671,0,6,False
1,Center_Dir_Far,60,21.09999,-0.04264572,1.535084,0.1291577,-0.04842379,1.19898,0.1495742,-0.5475654,-0.1097447,0.04166262,0.8284881,0.04560383,1.091221,0.3007068,-0.05912995,0.07656102,-0.09227797,0.9910232,MathCanvas,-0.7793667,0.9645015,3.314401,-0.0427653,1.535133,0.1291583,-0.2245281,-0.1662893,0.9601744,-0.01000249,1.535897,0.1374232,-0.2492604,-0.167082,0.9539145,-0.07528895,1.534272,0.1208922,-0.1965975,-0.1656359,0.9663923,-0.04264572,1.535084,0.1291577,352.3912,345.6063,1.394227,0,6,False
1,Center_Dir_Far,61,21.11999,-0.04259393,1.534859,0.1290403,-0.04689404,1.198809,0.1487847,-0.5520069,-0.108248,0.03808784,0.8259057,0.04681483,1.090854,0.3008544,-0.05758312,0.07994129,-0.09232344,0.9908431,MathCanvas,-0.7881607,0.9829435,3.317286,-0.04264572,1.535084,0.1291577,-0.2232306,-0.1630462,0.9610328,-0.00993542,1.53562,0.1372502,-0.2479739,-0.165492,0.9545268,-0.07525243,1.534099,0.1208305,-0.1952876,-0.1641298,0.9669148,-0.04259393,1.534859,0.1290403,352.4918,345.7184,1.305713,0,6,False
1,Center_Dir_Far,62,21.13999,-0.04243508,1.534489,0.1287929,-0.04497926,1.198793,0.1477959,-0.5569982,-0.107383,0.03247161,0.8229019,0.04791137,1.09064,0.3011444,-0.05565206,0.08330522,-0.09372709,0.9905444,MathCanvas,-0.7840934,0.993273,3.321279,-0.04251465,1.534699,0.1289563,-0.2201343,-0.1660164,0.9612385,-0.009751398,1.535217,0.1369049,-0.2450758,-0.168512,0.9547469,-0.07511877,1.53376,0.1206809,-0.1923514,-0.1671993,0.9669774,-0.04243508,1.534489,0.1287929,352.6676,345.9015,1.24966,0,6,False
1,Center_Dir_Far,63,21.15999,-0.04237901,1.534333,0.1286036,-0.0447223,1.198861,0.147739,-0.5580974,-0.108288,0.03177692,0.8220652,0.04819803,1.090712,0.3013663,-0.05507514,0.08426043,-0.09382074,0.990487,MathCanvas,-0.7731217,0.9834343,3.319409,-0.04243508,1.534489,0.1287929,-0.2181646,-0.165192,0.9618294,-0.009688899,1.53509,0.1366869,-0.2434056,-0.1669666,0.9554454,-0.07506913,1.533575,0.1205202,-0.1906627,-0.1656011,0.9675868,-0.04237901,1.534333,0.1286036,352.7322,345.9465,1.299335,0,6,False
1,Center_Dir_Far,64,21.17999,-0.04228478,1.534275,0.1282811,-0.04500223,1.199006,0.1477135,-0.5601348,-0.1095031,0.0339486,0.8204301,0.04828198,1.091161,0.3014818,-0.05695925,0.08487342,-0.09232039,0.9904692,MathCanvas,-0.7663705,0.9861336,3.320488,-0.04228956,1.534208,0.1284939,-0.2158813,-0.1672814,0.9619834,-0.009587161,1.535092,0.1363282,-0.2420577,-0.167108,0.955763,-0.07498239,1.533457,0.120234,-0.189304,-0.1656459,0.9678458,-0.04228478,1.534275,0.1282811,352.74,345.9966,1.402409,0,6,False
1,Center_Dir_Far,65,21.19999,-0.04222327,1.534237,0.1281334,-0.04500223,1.199006,0.1477135,-0.5601348,-0.1095031,0.0339486,0.8204301,0.04828198,1.091161,0.3014818,-0.05695925,0.08487342,-0.09232039,0.9904692,MathCanvas,-0.7583431,0.9794176,3.319091,-0.04228478,1.534275,0.1282811,-0.2149006,-0.1628742,0.9629589,-0.00951888,1.535065,0.1361519,-0.2402988,-0.1639262,0.9567574,-0.07492766,1.53341,0.1201148,-0.1875228,-0.1624412,0.9687352,-0.04222327,1.534237,0.1281334,352.7584,346.0449,1.419143,0,6,False
1,Center_Dir_Far,66,21.21999,-0.04209143,1.5341,0.1278677,-0.04500223,1.199006,0.1477135,-0.5601348,-0.1095031,0.0339486,0.8204301,0.04828198,1.091161,0.3014818,-0.05695925,0.08487342,-0.09232039,0.9904692,MathCanvas,-0.7553943,0.9937215,3.323817,-0.04215727,1.534168,0.1280004,-0.2117674,-0.1444729,0.9665827,-0.009373076,1.534952,0.1358264,-0.2371396,-0.1456649,0.9604929,-0.07480979,1.533247,0.119909,-0.1843157,-0.1441381,0.9722407,-0.04209143,1.5341,0.1278677,352.8093,346.1454,1.461436,0,6,False
1,Center_Dir_Far,67,21.23999,-0.04208745,1.534641,0.1276243,-0.04486544,1.198825,0.1472508,-0.5611073,-0.1096703,0.03292875,0.8197845,0.04831529,1.091797,0.3014685,-0.05835918,0.08465049,-0.09328254,0.9903166,MathCanvas,-0.7473558,1.052951,3.346949,-0.04209143,1.5341,0.1278677,-0.2108095,-0.1449016,0.9667279,-0.009369276,1.535438,0.1355895,-0.2377912,-0.1414258,0.9609652,-0.07480562,1.533843,0.1196592,-0.184967,-0.1399914,0.9727228,-0.04208745,1.534641,0.1276243,352.5639,346.1405,1.368373,0,6,False
1,Center_Dir_Far,68,21.25999,-0.04194464,1.534638,0.1273591,-0.04483738,1.198659,0.1464741,-0.5653406,-0.1137526,0.03126246,0.816378,0.04843688,1.092193,0.3013094,-0.0594267,0.08516341,-0.09338381,0.9901996,MathCanvas,-0.7439566,1.052206,3.346248,-0.04204015,1.534679,0.1274862,-0.2108036,-0.1402393,0.9674165,-0.009216893,1.535424,0.135286,-0.2366914,-0.1417678,0.9611863,-0.07467239,1.533852,0.1194323,-0.1838529,-0.1403512,0.9728822,-0.04194464,1.534638,0.1273591,352.5837,346.2107,1.348862,0,6,False
1,Center_Dir_Far,69,21.27999,-0.04186664,1.534534,0.1272135,-0.04492839,1.198669,0.1464272,-0.565523,-0.1147077,0.03115383,0.8161222,0.04845258,1.092326,0.3012238,-0.05999527,0.08530764,-0.09327111,0.9901635,MathCanvas,-0.7444398,1.067295,3.35124,-0.04194464,1.534638,0.1273591,-0.1937423,-0.140595,0.9709258,-0.009136256,1.535326,0.1351289,-0.2197469,-0.1423531,0.965115,-0.07459702,1.533741,0.1192982,-0.1667448,-0.1407957,0.9758959,-0.04186664,1.534534,0.1272135,352.641,346.2307,1.359331,0,6,False
1,Center_Dir_Far,70,21.29999,-0.04181107,1.534453,0.1270626,-0.04492839,1.198669,0.1464272,-0.565523,-0.1147077,0.03115383,0.8161222,0.0484297,1.092358,0.3011882,-0.06010824,0.08525804,-0.09322554,0.9901652,MathCanvas,-0.6872562,1.066188,3.361537,-0.04186664,1.534534,0.1272135,-0.193321,-0.1415744,0.9708675,-0.009075888,1.53524,0.1349585,-0.2191508,-0.1431327,0.9651352,-0.07454626,1.533665,0.1191666,-0.1661422,-0.1415817,0.975885,-0.04181107,1.534453,0.1270626,352.6859,346.2669,1.350603,0,6,False
1,Center_Dir_Far,71,21.31999,-0.04171403,1.534156,0.1267551,-0.04505086,1.198529,0.1463636,-0.5642244,-0.1138874,0.03187306,0.8171074,0.04833,1.092229,0.3011605,-0.05976716,0.08523289,-0.09324615,0.990186,MathCanvas,-0.685593,1.062993,3.360166,-0.04176436,1.53428,0.1269009,-0.1852629,-0.1396224,0.9727195,-0.00897238,1.534917,0.1346268,-0.2113157,-0.1412448,0.9671585,-0.07445569,1.533396,0.1188835,-0.1582374,-0.1396835,0.9774709,-0.04171403,1.534156,0.1267551,352.8094,346.3183,1.304592,0,6,False
1,Center_Dir_Far,72,21.33999,-0.04166227,1.534075,0.1266165,-0.04510842,1.198472,0.1461603,-0.5649744,-0.1145556,0.03191134,0.8164941,0.04828839,1.092178,0.3011401,-0.05970863,0.08523245,-0.093162,0.9901975,MathCanvas,-0.6589121,1.069008,3.367342,-0.04171403,1.534156,0.1267551,-0.1848491,-0.1404642,0.9726771,-0.008915212,1.534834,0.1344659,-0.2106322,-0.1418318,0.9672217,-0.07440932,1.533316,0.1187671,-0.1575469,-0.1402723,0.9774981,-0.04166227,1.534075,0.1266165,352.8433,346.3585,1.301101,0,6,False
1,Center_Dir_Far,73,21.35999,-0.04156507,1.533951,0.1264069,-0.04520828,1.198361,0.1457875,-0.5669176,-0.115989,0.03167941,0.8149524,0.04813606,1.09201,0.3010648,-0.05948311,0.08508259,-0.09291667,0.9902471,MathCanvas,-0.6572098,1.066329,3.365631,-0.04160181,1.533992,0.1264863,-0.1837746,-0.1416314,0.9727114,-0.008812267,1.534714,0.1342319,-0.2098819,-0.1419816,0.9673628,-0.07431787,1.533187,0.118582,-0.1567892,-0.1404139,0.9775996,-0.04156507,1.533951,0.1264069,352.8522,346.4005,1.309358,0,6,False
1,Center_Dir_Far,74,21.37999,-0.04154257,1.533904,0.1263423,-0.04528217,1.198232,0.1455868,-0.5678219,-0.116487,0.03124779,0.8142682,0.04792341,1.091765,0.3009482,-0.0590297,0.08467312,-0.09276321,0.9903237,MathCanvas,-0.6533369,1.06247,3.364489,-0.04156507,1.533951,0.1264069,-0.1834067,-0.1411978,0.9728439,-0.008789387,1.534673,0.134165,-0.2098115,-0.1416762,0.9674228,-0.07429576,1.533134,0.1185195,-0.1567183,-0.1400999,0.9776561,-0.04154257,1.533904,0.1263423,352.8347,346.4026,1.319392,0,6,False
1,Center_Dir_Far,75,21.39999,-0.04159041,1.533819,0.1262036,-0.04547414,1.198019,0.145314,-0.5678601,-0.1163235,0.03153083,0.814254,0.04744702,1.09131,0.3005947,-0.05844406,0.08371843,-0.09264543,0.9904506,MathCanvas,-0.6519983,1.063937,3.364383,-0.04149769,1.533835,0.1262299,-0.1829607,-0.1411331,0.9729372,-0.008840967,1.534587,0.1340421,-0.210265,-0.1420113,0.9672752,-0.07433987,1.533051,0.118365,-0.1571767,-0.1404368,0.9775341,-0.04159041,1.533819,0.1262036,352.8541,346.3758,1.316606,0,6,False
1,Center_Dir_Far,76,21.41999,-0.0416249,1.533783,0.1260988,-0.04546312,1.198037,0.1453845,-0.5668952,-0.1157135,0.0315671,0.8150115,0.04730591,1.091226,0.3004662,-0.05846438,0.08352865,-0.09264909,0.9904651,MathCanvas,-0.6505246,1.064097,3.364357,-0.04159041,1.533819,0.1262036,-0.1838688,-0.1390389,0.9730675,-0.008877087,1.534537,0.1339455,-0.2106347,-0.139875,0.9675061,-0.07437272,1.533028,0.1182521,-0.1575477,-0.1383274,0.9777752,-0.0416249,1.533783,0.1260988,352.8565,346.3646,1.292964,0,6,False
1,Center_Dir_Far,77,21.43999,-0.04163375,1.533739,0.1260079,-0.04546701,1.198008,0.1453583,-0.5665997,-0.1154988,0.03156211,0.8152477,0.04726252,1.091202,0.3004262,-0.05845616,0.08347569,-0.0926389,0.990471,MathCanvas,-0.6537433,1.070908,3.365542,-0.0416249,1.533783,0.1260988,-0.1838645,-0.1383278,0.9731697,-0.008887071,1.534487,0.1338599,-0.2105139,-0.139231,0.9676253,-0.07438044,1.532992,0.1181558,-0.1574258,-0.137695,0.9778841,-0.04163375,1.533739,0.1260079,352.8638,346.3569,1.281641,0,6,False
1,Center_Dir_Far,78,21.45999,-0.04170127,1.533741,0.1258462,-0.04546124,1.197766,0.1451344,-0.5644067,-0.1139237,0.03132242,0.8169978,0.04699342,1.091093,0.3002017,-0.05821276,0.08299486,-0.09240934,0.9905472,MathCanvas,-0.6538014,1.073184,3.366127,-0.04165392,1.533697,0.1259113,-0.1841643,-0.1322761,0.9739541,-0.008962017,1.534498,0.1337282,-0.2115822,-0.1323513,0.9683574,-0.07444052,1.532984,0.1179642,-0.1585017,-0.1308131,0.9786547,-0.04170127,1.533741,0.1258462,352.8275,346.3014,1.298445,0,6,False
1,Center_Dir_Far,79,21.47999,-0.04171504,1.533713,0.1257623,-0.04546124,1.197766,0.1451344,-0.5644067,-0.1139237,0.03132242,0.8169978,0.04699342,1.091093,0.3002017,-0.05821276,0.08299486,-0.09240934,0.9905472,MathCanvas,-0.6556461,1.092775,3.372699,-0.04170127,1.533741,0.1258462,-0.185114,-0.1315822,0.973868,-0.008977272,1.534469,0.1336506,-0.2117721,-0.1323352,0.9683181,-0.07445282,1.532956,0.117874,-0.1586936,-0.1307989,0.9786255,-0.04171504,1.533713,0.1257623,352.8265,346.2907,1.296603,0,6,False
1,Center_Dir_Far,80,21.49999,-0.04191921,1.534029,0.1257092,-0.04548645,1.197681,0.1448323,-0.5648826,-0.1148314,0.03122997,0.8165452,0.04641007,1.090907,0.2997023,-0.05766141,0.08123394,-0.09233827,0.990732,MathCanvas,-0.6588268,1.095059,3.372332,-0.04176565,1.533831,0.1257147,-0.1862255,-0.1301437,0.9738494,-0.009201046,1.534833,0.1336738,-0.2139863,-0.1298888,0.9681626,-0.07463737,1.533225,0.1177447,-0.1609338,-0.1282818,0.9785929,-0.04191921,1.534029,0.1257092,352.687,346.1431,1.378792,0,6,False
1,Center_Dir_Far,81,21.51999,-0.04218479,1.534119,0.1256872,-0.04544581,1.197522,0.1445306,-0.5649985,-0.1148526,0.0309291,0.8164735,0.0462851,1.09084,0.2994307,-0.05791053,0.08106429,-0.09251586,0.9907148,MathCanvas,-0.6629132,1.100047,3.373141,-0.04191921,1.534029,0.1257092,-0.1875327,-0.1290853,0.9737394,-0.009479575,1.534957,0.1337012,-0.2153295,-0.1298121,0.967875,-0.07489001,1.533281,0.1176732,-0.1622946,-0.1281499,0.9783854,-0.04218479,1.534119,0.1256872,352.6841,346.0485,1.438009,0,6,False
1,Center_Dir_Far,82,21.53999,-0.0424522,1.534153,0.1255527,-0.04534911,1.197405,0.1443679,-0.5650851,-0.1149948,0.03036614,0.8164147,0.04619743,1.090761,0.2992752,-0.05793157,0.08098044,-0.09242406,0.990729,MathCanvas,-0.6676008,1.103623,3.37308,-0.04228118,1.534154,0.1256297,-0.167394,-0.1184682,0.9787464,-0.009768628,1.535033,0.13365,-0.1954278,-0.119948,0.9733553,-0.07513578,1.533272,0.1174554,-0.1422641,-0.1180921,0.9827589,-0.0424522,1.534153,0.1255527,352.7038,345.8933,1.511018,0,6,False
1,Center_Dir_Far,83,21.55999,-0.04257224,1.534164,0.1254871,-0.04532294,1.197386,0.1443403,-0.5650895,-0.1151039,0.03022062,0.8164017,0.04617785,1.090735,0.2992357,-0.0579226,0.08095978,-0.09243488,0.9907302,MathCanvas,-0.6021119,1.13807,3.397862,-0.0424522,1.534153,0.1255527,-0.1689115,-0.1190201,0.9784187,-0.009898379,1.535059,0.133622,-0.1965032,-0.1198887,0.973146,-0.0752461,1.533269,0.1173522,-0.1433511,-0.1180103,0.9826108,-0.04257224,1.534164,0.1254871,352.7015,345.8241,1.535231,0,6,False
1,Center_Dir_Far,84,21.57999,-0.04274619,1.534148,0.1254191,-0.04526346,1.197357,0.144272,-0.5651446,-0.1155482,0.02983071,0.8163151,0.04615142,1.090686,0.2991686,-0.05788872,0.08095674,-0.0925049,0.9907259,MathCanvas,-0.6071582,1.13634,3.395849,-0.04257224,1.534164,0.1254871,-0.1699928,-0.1189496,0.97824,-0.01009002,1.535062,0.1336225,-0.1984479,-0.1204578,0.972681,-0.07540236,1.533233,0.1172156,-0.1453171,-0.118546,0.9822575,-0.04274619,1.534148,0.1254191,352.736,345.7003,1.568704,0,6,False
1,Center_Dir_Far,85,21.59999,-0.04314999,1.534155,0.125327,-0.0453264,1.197308,0.1438638,-0.5652192,-0.1167096,0.0293697,0.816115,0.04604433,1.090322,0.2987521,-0.05702057,0.08078018,-0.09290919,0.9907528,MathCanvas,-0.6109172,1.13658,3.395013,-0.042904,1.534145,0.1253628,-0.1734526,-0.1196105,0.9775518,-0.01052648,1.535084,0.1336578,-0.2021897,-0.1205351,0.9719005,-0.07577349,1.533226,0.1169962,-0.1490975,-0.1186,0.9816842,-0.04314999,1.534155,0.125327,352.7416,345.4736,1.593326,0,6,False
1,Center_Dir_Far,86,21.61999,-0.04329354,1.534157,0.1252667,-0.04529497,1.197295,0.1437817,-0.5651702,-0.1169242,0.02914578,0.8161262,0.04603748,1.090138,0.2986436,-0.05661348,0.08072305,-0.09296029,0.9907761,MathCanvas,-0.6227461,1.134474,3.391841,-0.04314999,1.534155,0.125327,-0.1757114,-0.1195676,0.9771535,-0.01068273,1.535091,0.1336465,-0.2036213,-0.1207259,0.9715779,-0.07590434,1.533222,0.1168869,-0.1505441,-0.1187817,0.9814415,-0.04329354,1.534157,0.1252667,352.7531,345.3867,1.602283,0,6,False
1,Center_Dir_Far,87,21.63999,-0.04358319,1.534163,0.1251727,-0.04519481,1.19727,0.1436079,-0.5655432,-0.117999,0.02838106,0.8157399,0.04602952,1.089663,0.2983987,-0.05558321,0.0807397,-0.09284829,0.9908435,MathCanvas,-0.6303831,1.134656,3.390146,-0.04344783,1.534159,0.1252137,-0.163705,-0.1282285,0.9781401,-0.01099636,1.535109,0.133644,-0.191556,-0.1291887,0.9729422,-0.07617002,1.533218,0.1167015,-0.1384327,-0.1270943,0.982183,-0.04358319,1.534163,0.1251727,352.7613,345.2235,1.622155,0,6,False
1,Center_Dir_Far,88,21.65999,-0.04373217,1.534169,0.1251245,-0.04519481,1.19727,0.1436079,-0.5655432,-0.117999,0.02838106,0.8157399,0.04602952,1.089663,0.2983987,-0.05558321,0.0807397,-0.09284829,0.9908435,MathCanvas,-0.5895066,1.106547,3.387074,-0.04358319,1.534163,0.1251727,-0.1650593,-0.1281416,0.9779239,-0.01115808,1.535123,0.1336437,-0.1929526,-0.1292588,0.9726569,-0.07630627,1.533214,0.1166053,-0.1398435,-0.1271507,0.9819759,-0.04373217,1.534169,0.1251245,352.7663,345.1375,1.636451,0,6,False
1,Center_Dir_Far,89,21.67999,-0.04396147,1.534241,0.1250743,-0.04506717,1.197246,0.1432897,-0.5675212,-0.1205863,0.02732695,0.8140221,0.04600061,1.08944,0.2982441,-0.05509159,0.08075321,-0.09275263,0.9908788,MathCanvas,-0.5941231,1.10688,3.386016,-0.0438808,1.534174,0.1250764,-0.1678635,-0.1282682,0.9774299,-0.01141031,1.535223,0.1336775,-0.1954091,-0.1284874,0.9722686,-0.07651263,1.533259,0.116471,-0.1423258,-0.1263378,0.9817241,-0.04396147,1.534241,0.1250743,352.7247,344.9819,1.684807,0,6,False
1,Center_Dir_Far,90,21.69999,-0.04401564,1.534228,0.1250475,-0.0448692,1.197177,0.1427955,-0.5712777,-0.1258262,0.02595297,0.8106393,0.04592716,1.089159,0.2979561,-0.05463359,0.0806466,-0.09273068,0.9909149,MathCanvas,-0.6036524,1.106569,3.384023,-0.04396147,1.534241,0.1250743,-0.1603449,-0.1270605,0.9788489,-0.01146356,1.535189,0.1336496,-0.1868768,-0.1283103,0.973968,-0.07656772,1.533267,0.1164453,-0.1337548,-0.1261359,0.9829544,-0.04401564,1.534228,0.1250475,352.7305,344.9889,1.648105,0,6,False
1,Center_Dir_Far,91,21.71999,-0.04402171,1.534202,0.1248526,-0.04487723,1.197196,0.1421232,-0.5755731,-0.1380852,0.02407228,0.805648,0.04573198,1.088817,0.297519,-0.05403498,0.07992492,-0.0923379,0.9910429,MathCanvas,-0.5787936,1.110459,3.389676,-0.04396553,1.534195,0.1249399,-0.1571798,-0.1303824,0.9789254,-0.01146533,1.53513,0.133442,-0.1840962,-0.1315353,0.9740673,-0.0765781,1.533273,0.1162631,-0.1309611,-0.1293808,0.9829088,-0.04402171,1.534202,0.1248526,352.7887,345.0204,1.592033,0,6,False
1,Center_Dir_Far,92,21.73999,-0.04410069,1.534198,0.1247908,-0.04483764,1.197185,0.1419528,-0.5767115,-0.1406434,0.02355855,0.8044056,0.04573198,1.088817,0.297519,-0.05403498,0.07992492,-0.0923379,0.9910429,MathCanvas,-0.5678904,1.099647,3.387538,-0.04402171,1.534202,0.1248526,-0.1575909,-0.1304581,0.9788492,-0.01154885,1.535121,0.1333979,-0.1846319,-0.1317111,0.9739421,-0.07665253,1.533274,0.1161837,-0.1315014,-0.1295629,0.9828126,-0.04410069,1.534198,0.1247908,352.7983,344.9905,1.584256,0,6,False
1,Center_Dir_Far,93,21.75999,-0.04414038,1.534337,0.1246414,-0.04486981,1.197117,0.1417578,-0.5748044,-0.1399238,0.02404085,0.8058804,0.04562569,1.088573,0.2972725,-0.05317712,0.07946268,-0.09240793,0.9911199,MathCanvas,-0.5692852,1.099435,3.386886,-0.04410069,1.534198,0.1247908,-0.1581285,-0.1306371,0.9787387,-0.01158673,1.535291,0.1332384,-0.1842929,-0.1304718,0.9741731,-0.07669403,1.533383,0.1160445,-0.1311612,-0.1282814,0.9830262,-0.04414038,1.534337,0.1246414,352.7303,344.9995,1.63638,0,6,False
1,Center_Dir_Far,94,21.77999,-0.04428855,1.534429,0.1244604,-0.04484275,1.197101,0.1416091,-0.5754142,-0.1418033,0.02370622,0.8051262,0.04563166,1.088535,0.2972302,-0.05304766,0.07945968,-0.09246482,0.9911218,MathCanvas,-0.5710946,1.098997,3.386232,-0.04421661,1.534396,0.1245436,-0.156216,-0.133885,0.9786068,-0.01173765,1.535394,0.1330665,-0.1829886,-0.1348034,0.9738292,-0.07683945,1.533463,0.1158543,-0.1298572,-0.1325638,0.9826311,-0.04428855,1.534429,0.1244604,352.6953,344.9798,1.655879,0,6,False
1,Center_Dir_Far,95,21.79999,-0.04436858,1.534614,0.12428,-0.04477185,1.196991,0.141729,-0.5738238,-0.1362391,0.02428399,0.8072023,0.04565103,1.088417,0.2971021,-0.05272996,0.07950455,-0.0925979,0.9911227,MathCanvas,-0.5645216,1.088563,3.383432,-0.04428855,1.534429,0.1244604,-0.1564849,-0.1336837,0.9785914,-0.01181886,1.535608,0.1328873,-0.1829919,-0.1336564,0.9739866,-0.07691829,1.53362,0.1156726,-0.1298622,-0.131377,0.9827899,-0.04436858,1.534614,0.12428,352.6325,344.9692,1.704873,0,6,False
1,Center_Dir_Far,96,21.81999,-0.04450056,1.534671,0.1239267,-0.04506762,1.197028,0.1411273,-0.5787287,-0.143299,0.02427947,0.8024644,0.04567889,1.088281,0.2970303,-0.05204276,0.07934267,-0.09254313,0.9911771,MathCanvas,-0.5654926,1.089422,3.383174,-0.04443348,1.534638,0.1240685,-0.153961,-0.1324201,0.9791633,-0.0119458,1.535702,0.1325106,-0.1804,-0.1334465,0.9744988,-0.07705532,1.53364,0.1153428,-0.1272608,-0.1310958,0.9831676,-0.04450056,1.534671,0.1239267,352.6293,345.0017,1.768657,0,6,False
1,Center_Dir_Far,97,21.83999,-0.04456826,1.534711,0.123804,-0.04507599,1.197028,0.1410654,-0.5790843,-0.1439719,0.02423024,0.8020887,0.04567889,1.088281,0.2970303,-0.05204276,0.07934267,-0.09254313,0.9911771,MathCanvas,-0.5574248,1.093511,3.386029,-0.04450056,1.534671,0.1239267,-0.1538918,-0.1322713,0.9791944,-0.01201392,1.535751,0.1323884,-0.180397,-0.1332046,0.9745325,-0.0771226,1.533671,0.1152196,-0.1272585,-0.1308407,0.9832019,-0.04456826,1.534711,0.123804,352.6165,344.9984,1.784164,0,6,False
1,Center_Dir_Far,98,21.85999,-0.04471402,1.534708,0.1234848,-0.0449721,1.197118,0.1410912,-0.5791478,-0.1510955,0.02233157,0.8007867,0.0456934,1.088227,0.2971714,-0.05187065,0.07929567,-0.09189624,0.9912501,MathCanvas,-0.5572283,1.094075,3.385797,-0.04464803,1.534713,0.1236386,-0.1540847,-0.1318588,0.9792197,-0.01216471,1.535767,0.132086,-0.1808549,-0.1328095,0.9745015,-0.07726333,1.533649,0.1148836,-0.1277221,-0.1304177,0.983198,-0.04471402,1.534708,0.1234848,352.5961,344.9638,1.816435,0,6,False
1,Center_Dir_Far,99,21.87999,-0.04478382,1.534732,0.1233476,-0.04496929,1.197124,0.1410617,-0.579332,-0.1518379,0.02220147,0.8005166,0.0456934,1.088227,0.2971714,-0.05187065,0.07929567,-0.09189624,0.9912501,MathCanvas,-0.5580805,1.095392,3.385967,-0.04471402,1.534708,0.1234848,-0.1566257,-0.1329867,0.9786639,-0.01223586,1.5358,0.1319527,-0.183223,-0.1339496,0.9739029,-0.07733178,1.533663,0.1147425,-0.1301002,-0.1315536,0.9827348,-0.04478382,1.534732,0.1233476,352.5841,344.9542,1.832771,0,6,False
1,Center_Dir_Far,100,21.89999,-0.04485237,1.534751,0.1232125,-0.04496531,1.197137,0.1410675,-0.5791661,-0.153433,0.02177153,0.8003443,0.04569301,1.088206,0.2972043,-0.05177609,0.07929534,-0.09180013,0.991264,MathCanvas,-0.5664271,1.091818,3.382796,-0.04478382,1.534732,0.1233476,-0.1567235,-0.1327518,0.9786801,-0.01230643,1.535835,0.1318232,-0.1833473,-0.1336859,0.9739157,-0.0773983,1.533666,0.1146018,-0.130227,-0.131265,0.9827566,-0.04485237,1.534751,0.1232125,352.571,344.94,1.861006,0,6,False
1,Center_Dir_Far,101,21.91999,-0.04497277,1.53467,0.1230539,-0.04531645,1.197032,0.1410116,-0.5796391,-0.1539986,0.02307515,0.7998565,0.04570023,1.088071,0.2975634,-0.04997751,0.07987365,-0.09248085,0.9912466,MathCanvas,-0.5668441,1.0926,3.382857,-0.04491654,1.534688,0.1231325,-0.1571245,-0.1329238,0.9785925,-0.01243176,1.535772,0.131681,-0.1837461,-0.1340491,0.9737906,-0.07751378,1.533567,0.1144269,-0.1306317,-0.1315981,0.9826583,-0.04497277,1.53467,0.1230539,352.5944,344.9078,1.8912,0,6,False
1,Center_Dir_Far,102,21.93999,-0.04503673,1.53467,0.1229265,-0.04531645,1.197032,0.1410116,-0.5796391,-0.1539986,0.02307515,0.7998565,0.04570023,1.088071,0.2975634,-0.04997751,0.07987365,-0.09248085,0.9912466,MathCanvas,-0.5682715,1.09197,3.38223,-0.04497277,1.53467,0.1230539,-0.1572516,-0.1328237,0.9785856,-0.01249762,1.535784,0.1315593,-0.1838771,-0.1339726,0.9737765,-0.07757583,1.533556,0.1142938,-0.1307651,-0.1315032,0.9826533,-0.04503673,1.53467,0.1229265,352.5915,344.895,1.911266,0,6,False
1,Center_Dir_Far,103,21.95999,-0.04521715,1.534687,0.1227262,-0.04554863,1.197012,0.1410484,-0.5803185,-0.1537357,0.02353334,0.799401,0.04538744,1.088278,0.2976272,-0.05141941,0.07887089,-0.09139927,0.9913535,MathCanvas,-0.568765,1.0923,3.382117,-0.04509484,1.534663,0.1228051,-0.1521854,-0.132043,0.9794918,-0.01269617,1.535807,0.1314261,-0.1803308,-0.1325802,0.9746298,-0.07773814,1.533566,0.1140262,-0.1272186,-0.1300674,0.9833097,-0.04521715,1.534687,0.1227262,352.5552,344.7739,1.922262,0,6,False
1,Center_Dir_Far,104,21.97999,-0.04529255,1.534692,0.1226101,-0.04554863,1.197012,0.1410484,-0.5803185,-0.1537357,0.02353334,0.799401,0.04538744,1.088278,0.2976272,-0.05141941,0.07887089,-0.09139927,0.9913535,MathCanvas,-0.5522655,1.094748,3.386178,-0.04521715,1.534687,0.1227262,-0.1548823,-0.1206117,0.9805428,-0.01277662,1.535821,0.1313279,-0.1818981,-0.1216469,0.9757638,-0.07780848,1.533564,0.1138923,-0.1287884,-0.1191823,0.9844842,-0.04529255,1.534692,0.1226101,352.5453,344.7402,1.936421,0,6,False
1,Center_Dir_Far,105,21.99999,-0.04555754,1.534828,0.1225142,-0.0457156,1.197147,0.1412552,-0.5795424,-0.1529264,0.02297098,0.8001353,0.04522805,1.088359,0.2977695,-0.05076516,0.07878101,-0.09233934,0.9913071,MathCanvas,-0.5626376,1.13182,3.397865,-0.04540515,1.534725,0.1225072,-0.1561031,-0.1197697,0.9804525,-0.01306388,1.53594,0.1313167,-0.1845712,-0.1205014,0.975404,-0.07805119,1.533716,0.1137117,-0.1314829,-0.1180695,0.9842621,-0.04555754,1.534828,0.1225142,352.4767,344.5924,1.908427,0,6,False
1,Center_Dir_Far,106,22.01999,-0.04563414,1.534858,0.1224564,-0.04580065,1.197192,0.1413659,-0.5795432,-0.1533445,0.02286541,0.8000577,0.04518847,1.088349,0.2978135,-0.05073813,0.07880653,-0.09234235,0.9913062,MathCanvas,-0.5670818,1.13469,3.398103,-0.04555754,1.534828,0.1225142,-0.1581205,-0.1188245,0.9802442,-0.01314905,1.535976,0.1312898,-0.1855189,-0.1199505,0.975292,-0.07811922,1.533741,0.113623,-0.1324393,-0.1175134,0.9842004,-0.04563414,1.534858,0.1224564,352.4723,344.5365,1.917545,0,6,False
1,Center_Dir_Far,107,22.03999,-0.04576227,1.534908,0.1223111,-0.04585584,1.197243,0.1414689,-0.5797067,-0.1537239,0.02278882,0.7998686,0.04511993,1.08834,0.2978579,-0.05099902,0.07863696,-0.09211332,0.9913276,MathCanvas,-0.5739911,1.137808,3.397927,-0.04572459,1.534878,0.1223708,-0.1685723,-0.07372776,0.9829281,-0.01329415,1.536052,0.1312033,-0.1959859,-0.07464622,0.9777615,-0.0782304,1.533765,0.1134188,-0.1429336,-0.07243511,0.9870781,-0.04576227,1.534908,0.1223111,352.4528,344.4258,1.962777,0,6,False
1,Center_Dir_Far,108,22.05999,-0.04582568,1.534935,0.1222412,-0.04586158,1.197256,0.1414912,-0.5797689,-0.1537326,0.02277718,0.7998222,0.04509326,1.088341,0.2978795,-0.05107573,0.07856149,-0.09203909,0.9913366,MathCanvas,-0.6155456,1.285705,3.44466,-0.04576227,1.534908,0.1223111,-0.1695237,-0.07354072,0.9827784,-0.01336664,1.536089,0.1311651,-0.1969407,-0.07423651,0.9776008,-0.07828471,1.53378,0.1133172,-0.1438981,-0.07201,0.9869691,-0.04582568,1.534935,0.1222412,352.4305,344.3664,1.981612,0,6,False
1,Center_Dir_Far,109,22.07999,-0.04590055,1.534959,0.1221648,-0.04586158,1.197256,0.1414912,-0.5797689,-0.1537326,0.02277718,0.7998222,0.04509326,1.088341,0.2978795,-0.05107573,0.07856149,-0.09203909,0.9913366,MathCanvas,-0.6188597,1.286348,3.444288,-0.04582568,1.534935,0.1222412,-0.1704839,-0.07312329,0.9826435,-0.01344997,1.536122,0.1311183,-0.1978317,-0.07395883,0.977442,-0.07835113,1.533796,0.1132112,-0.1447981,-0.07172041,0.9868585,-0.04590055,1.534959,0.1221648,352.4156,344.3116,1.995875,0,6,False
1,Center_Dir_Far,110,22.09999,-0.0458948,1.535174,0.1223113,-0.0459336,1.197441,0.1417693,-0.5802375,-0.152616,0.02259546,0.7997014,0.04502697,1.08829,0.2982239,-0.05133388,0.07825057,-0.09167304,0.9913818,MathCanvas,-0.62225,1.287753,3.444156,-0.04588922,1.535097,0.1222523,-0.1720757,-0.0720113,0.9824481,-0.01345064,1.536308,0.1312918,-0.198766,-0.07267645,0.9773486,-0.07833897,1.534039,0.1133308,-0.145738,-0.07049054,0.9868087,-0.0458948,1.535174,0.1223113,352.3381,344.2684,1.946932,0,6,False
1,Center_Dir_Far,111,22.11999,-0.04586185,1.535232,0.1223919,-0.0459209,1.197485,0.1418884,-0.580196,-0.1514112,0.02271042,0.7999572,0.04504557,1.088292,0.2984079,-0.05126119,0.07843179,-0.09170295,0.9913684,MathCanvas,-0.6277781,1.291664,3.444512,-0.0458948,1.535174,0.1223113,-0.2424041,-0.08127636,0.9667649,-0.01341801,1.536361,0.1313742,-0.2686022,-0.0821083,0.9597453,-0.07830569,1.534103,0.1134097,-0.2161651,-0.08019868,0.9730574,-0.04586185,1.535232,0.1223919,352.3308,344.2662,1.938196,0,6,False
1,Center_Dir_Far,112,22.13999,-0.0458714,1.535346,0.1224124,-0.0459209,1.197485,0.1418884,-0.580196,-0.1514112,0.02271042,0.7999572,0.04504557,1.088292,0.2984079,-0.05126119,0.07843179,-0.09170295,0.9913684,MathCanvas,-0.8637598,1.260997,3.384362,-0.04585954,1.535288,0.1224076,-0.1709054,-0.08041524,0.9820004,-0.01343431,1.53647,0.1314196,-0.1978051,-0.08123337,0.9768696,-0.07830849,1.534221,0.1134052,-0.1447809,-0.07901405,0.9863038,-0.0458714,1.535346,0.1224124,352.3013,344.2223,1.930308,0,6,False
1,Center_Dir_Far,113,22.15999,-0.04567412,1.535302,0.1225813,-0.0459171,1.197592,0.1419711,-0.5803559,-0.1504313,0.02275819,0.8000247,0.04505812,1.088256,0.2987327,-0.05134737,0.07903262,-0.0915052,0.9913345,MathCanvas,-0.6225075,1.264024,3.435689,-0.0458714,1.535346,0.1224124,-0.171358,-0.08012377,0.9819453,-0.01322867,1.536406,0.1315608,-0.1969726,-0.08205478,0.9769692,-0.07811958,1.534198,0.1136017,-0.1439392,-0.07986398,0.9863586,-0.04567412,1.535302,0.1225813,352.346,344.2776,1.8951,0,6,False
1,Center_Dir_Far,114,22.17999,-0.04556632,1.535364,0.122708,-0.04591043,1.197611,0.142,-0.5804031,-0.1503364,0.02269674,0.8000101,0.04505983,1.088274,0.2987818,-0.05137623,0.07911476,-0.09150176,0.9913268,MathCanvas,-0.6239012,1.264934,3.436038,-0.04560788,1.535331,0.1226587,-0.1704607,-0.08101127,0.9820287,-0.01312048,1.536452,0.1316881,-0.1970231,-0.08207332,0.9769574,-0.07801215,1.534276,0.1137279,-0.1439888,-0.07990776,0.9863477,-0.04556632,1.535364,0.122708,352.345,344.2805,1.867869,0,6,False
1,Center_Dir_Far,115,22.19999,-0.04552445,1.535398,0.1227577,-0.04591043,1.197611,0.142,-0.5804031,-0.1503364,0.02269674,0.8000101,0.04505983,1.088274,0.2987818,-0.05137623,0.07911476,-0.09150176,0.9913268,MathCanvas,-0.6206485,1.262057,3.435772,-0.04556632,1.535364,0.122708,-0.1705225,-0.08107809,0.9820125,-0.01307924,1.536479,0.1317409,-0.1970855,-0.08213456,0.9769397,-0.07796966,1.534316,0.1137744,-0.1440516,-0.07997985,0.9863328,-0.04552445,1.535398,0.1227577,352.3426,344.2766,1.855843,0,6,False
1,Center_Dir_Far,116,22.21999,-0.04533145,1.535334,0.1231078,-0.04591863,1.197838,0.1423638,-0.5799395,-0.148469,0.02226206,0.8007069,0.04506629,1.088475,0.2990353,-0.05168468,0.07942125,-0.09206566,0.9912341,MathCanvas,-0.6208694,1.261839,3.43608,-0.04552445,1.535398,0.1227577,-0.1706338,-0.08105721,0.9819948,-0.01286569,1.536361,0.132023,-0.1951205,-0.08282989,0.9772754,-0.0777972,1.534308,0.1141927,-0.1420636,-0.08075927,0.9865575,-0.04533145,1.535334,0.1231078,352.3757,344.4112,1.761829,0,6,False
1,Center_Dir_Far,117,22.23999,-0.04513526,1.535331,0.1233719,-0.04592741,1.197884,0.1424352,-0.5798147,-0.1480242,0.02227988,0.8008792,0.04505147,1.088488,0.2990587,-0.05171743,0.07938083,-0.09205153,0.9912369,MathCanvas,-0.621024,1.26186,3.436211,-0.04522277,1.535321,0.1232532,-0.1686347,-0.1063385,0.9799258,-0.01266052,1.536327,0.1322578,-0.1947484,-0.1076563,0.9749272,-0.07761,1.534335,0.1144861,-0.1416956,-0.105518,0.9842705,-0.04513526,1.535331,0.1233719,352.4126,344.4714,1.708981,0,6,False
1,Center_Dir_Far,118,22.25999,-0.04493675,1.535174,0.123595,-0.04595465,1.197971,0.1426772,-0.5800404,-0.1478417,0.02227223,0.8007497,0.04485609,1.088603,0.2992342,-0.05180842,0.07891736,-0.09187787,0.9912853,MathCanvas,-0.6103472,1.178917,3.407784,-0.04513526,1.535331,0.1233719,-0.1682867,-0.1065872,0.9799585,-0.01245166,1.536145,0.1324457,-0.1937068,-0.1087231,0.9750164,-0.07742184,1.534204,0.1147443,-0.1406426,-0.1066195,0.9843028,-0.04493675,1.535174,0.123595,352.4711,344.5411,1.665832,0,6,False
1,Center_Dir_Far,119,22.27999,-0.04471516,1.535135,0.1238911,-0.04594952,1.197984,0.1426752,-0.5801358,-0.1478575,0.0222216,0.800679,0.04479318,1.088605,0.2992812,-0.05175051,0.07883149,-0.09187147,0.9912957,MathCanvas,-0.6090286,1.177897,3.408385,-0.0448259,1.535158,0.1237474,-0.1752287,-0.1082679,0.9785566,-0.01222064,1.536082,0.1327096,-0.2011862,-0.1096707,0.9733943,-0.07720968,1.534188,0.1150725,-0.1481498,-0.1076499,0.9830886,-0.04471516,1.535135,0.1238911,352.5056,344.6043,1.625632,0,6,False
1,Center_Dir_Far,120,22.29999,-0.0446334,1.535173,0.1240507,-0.04593108,1.198032,0.142848,-0.5801877,-0.1473952,0.02177793,0.8007388,0.04468643,1.088591,0.2993377,-0.0516071,0.07869135,-0.0920089,0.9913015,MathCanvas,-0.6316566,1.172484,3.401637,-0.04471516,1.535135,0.1238911,-0.1747695,-0.1086355,0.9785979,-0.01213582,1.536112,0.1328589,-0.2009445,-0.1094602,0.9734679,-0.07713097,1.534234,0.1152425,-0.1479047,-0.1074536,0.983147,-0.0446334,1.535173,0.1240507,352.494,344.6242,1.61166,0,6,False
1,Center_Dir_Far,121,22.31999,-0.04443235,1.535217,0.124336,-0.04581861,1.198012,0.1432082,-0.579504,-0.1474338,0.02088215,0.8012505,0.04446523,1.08859,0.2994375,-0.05149362,0.07835317,-0.09233656,0.9913038,MathCanvas,-0.6300608,1.171276,3.402071,-0.0445149,1.535213,0.1241952,-0.1756867,-0.101386,0.9792114,-0.011933,1.536149,0.1331384,-0.2019976,-0.1024234,0.9740156,-0.0769317,1.534285,0.1155335,-0.1489585,-0.1004631,0.9837268,-0.04443235,1.535217,0.124336,352.4926,344.6361,1.599309,0,6,False
1,Center_Dir_Far,122,22.33999,-0.0443463,1.535223,0.1244805,-0.04581861,1.198012,0.1432082,-0.579504,-0.1474338,0.02088215,0.8012505,0.04446523,1.08859,0.2994375,-0.05149362,0.07835317,-0.09233656,0.9913038,MathCanvas,-0.6339818,1.194997,3.410263,-0.04443235,1.535217,0.124336,-0.1754556,-0.1014921,0.9792419,-0.01184482,1.536149,0.1332756,-0.2016947,-0.1026612,0.9740534,-0.07684779,1.534296,0.1156854,-0.1486523,-0.1007104,0.9837479,-0.0443463,1.535223,0.1244805,352.5029,344.6506,1.589547,0,6,False
1,Center_Dir_Far,123,22.35999,-0.04430465,1.535278,0.1247154,-0.04590255,1.198071,0.1433784,-0.5790035,-0.1482069,0.02100737,0.8014664,0.04433491,1.088413,0.2995511,-0.05126989,0.07790224,-0.09217192,0.9913662,MathCanvas,-0.6331596,1.194624,3.410729,-0.04433545,1.535256,0.1245946,-0.1802404,-0.1085372,0.977616,-0.01180737,1.53618,0.1335286,-0.2069753,-0.1093405,0.972217,-0.07680194,1.534377,0.1159022,-0.1539654,-0.1074294,0.9822187,-0.04430465,1.535278,0.1247154,352.4903,344.6243,1.546718,0,6,False
1,Center_Dir_Far,124,22.37999,-0.04426587,1.535301,0.1248364,-0.04591419,1.198074,0.143399,-0.5788903,-0.148129,0.02101675,0.8015624,0.04432473,1.088387,0.2995756,-0.05116272,0.07784811,-0.09216461,0.9913767,MathCanvas,-0.6479931,1.171749,3.399095,-0.04430465,1.535278,0.1247154,-0.1805399,-0.108385,0.9775776,-0.01176814,1.536197,0.1336485,-0.2069647,-0.1092688,0.9722273,-0.07676359,1.534406,0.1160242,-0.1539543,-0.1073669,0.9822273,-0.04426587,1.535301,0.1248364,352.4856,344.6273,1.537117,0,6,False
1,Center_Dir_Far,125,22.39999,-0.04420781,1.535316,0.1249689,-0.04591419,1.198074,0.143399,-0.5788903,-0.148129,0.02101675,0.8015624,0.04432473,1.088387,0.2995756,-0.05116272,0.07784811,-0.09216461,0.9913767,MathCanvas,-0.649019,1.172245,3.39942,-0.04426587,1.535301,0.1248364,-0.1810315,-0.0989059,0.9784913,-0.0117095,1.536203,0.1337798,-0.2074533,-0.09985556,0.9731351,-0.07670613,1.534429,0.116158,-0.1544397,-0.09800798,0.983129,-0.04420781,1.535316,0.1249689,352.4858,344.6317,1.521995,0,6,False
1,Center_Dir_Far,126,22.41999,-0.04425616,1.535308,0.1251321,-0.04588011,1.198107,0.1434938,-0.5792382,-0.1477537,0.02011875,0.8014033,0.04446191,1.088196,0.2998788,-0.05044699,0.07831855,-0.09226253,0.9913672,MathCanvas,-0.6520603,1.203218,3.410466,-0.04427835,1.535322,0.1250161,-0.181624,-0.09898449,0.9783735,-0.0117636,1.536167,0.1339669,-0.20824,-0.09992415,0.9729601,-0.07674873,1.534448,0.1162973,-0.1552323,-0.0981207,0.982993,-0.04425616,1.535308,0.1251321,352.4931,344.5963,1.474349,0,6,False
1,Center_Dir_Far,127,22.43999,-0.04423933,1.535293,0.1252349,-0.04591825,1.198253,0.1436169,-0.5796506,-0.1488948,0.01983945,0.8009008,0.04463737,1.088166,0.3000076,-0.05045361,0.07883117,-0.09233633,0.9913194,MathCanvas,-0.6540712,1.20296,3.410089,-0.04425616,1.535308,0.1251321,-0.1818057,-0.09902253,0.978336,-0.01174843,1.536166,0.1340745,-0.2083311,-0.1002421,0.9729079,-0.07673024,1.534421,0.1163953,-0.1553257,-0.0984159,0.9829488,-0.04423933,1.535293,0.1252349,352.5127,344.5851,1.497192,0,6,False
1,Center_Dir_Far,128,22.45999,-0.04423743,1.535276,0.1253542,-0.04592665,1.198267,0.1436252,-0.5793177,-0.148329,0.02004033,0.8012415,0.04489678,1.088236,0.3003202,-0.05074546,0.07974222,-0.0923944,0.9912262,MathCanvas,-0.654688,1.202806,3.410192,-0.04424327,1.535287,0.1252797,-0.1905599,-0.1002274,0.9765456,-0.01175208,1.536142,0.1342148,-0.2172009,-0.1014717,0.9708385,-0.07672277,1.53441,0.1164936,-0.1642538,-0.09969617,0.9813671,-0.04423743,1.535276,0.1253542,352.571,344.5511,1.486325,0,6,False
1,Center_Dir_Far,129,22.47999,-0.04422621,1.53527,0.1254331,-0.04592665,1.198267,0.1436252,-0.5793177,-0.148329,0.02004033,0.8012415,0.04489678,1.088236,0.3003202,-0.05074546,0.07974222,-0.0923944,0.9912262,MathCanvas,-0.6836966,1.198945,3.402334,-0.04423743,1.535276,0.1253542,-0.1931867,-0.0972193,0.9763336,-0.01174248,1.536134,0.1342999,-0.2197532,-0.09845318,0.9705749,-0.07670996,1.534407,0.1165663,-0.1668224,-0.09670573,0.9812331,-0.04422621,1.53527,0.1254331,352.5914,344.5414,1.481178,0,6,False
1,Center_Dir_Far,130,22.49999,-0.04419528,1.535269,0.1256052,-0.04592665,1.198267,0.1436252,-0.5793177,-0.148329,0.02004033,0.8012415,0.04489678,1.088236,0.3003202,-0.05074546,0.07974222,-0.0923944,0.9912262,MathCanvas,-0.6929793,1.208792,3.404125,-0.04421073,1.53527,0.1255193,-0.1935474,-0.09788346,0.9761958,-0.01171482,1.536125,0.1344848,-0.2201226,-0.09905554,0.9704298,-0.07667574,1.534414,0.1167257,-0.1671956,-0.0973179,0.981109,-0.04419528,1.535269,0.1256052,352.6255,344.5216,1.468221,0,6,False
1,Center_Dir_Far,131,22.51999,-0.04421132,1.535167,0.1255277,-0.04589385,1.19824,0.1437031,-0.5793409,-0.1478122,0.01990995,0.8013235,0.0451069,1.088142,0.3006762,-0.05021647,0.08036403,-0.0926301,0.9911809,MathCanvas,-0.6940317,1.206625,3.403188,-0.04419528,1.535269,0.1256052,-0.1937329,-0.09818678,0.9761285,-0.01174206,1.536032,0.1344472,-0.2212848,-0.09922312,0.9701483,-0.07668058,1.534302,0.1166082,-0.1683716,-0.09747033,0.9808927,-0.04421132,1.535167,0.1255277,352.6359,344.4492,1.483693,0,6,False
1,Center_Dir_Far,132,22.53999,-0.04411068,1.535214,0.1255589,-0.0459043,1.198272,0.1436573,-0.5790936,-0.1470762,0.0199799,0.8016359,0.04510958,1.088286,0.3008977,-0.05059165,0.0804609,-0.09276153,0.9911417,MathCanvas,-0.6946656,1.205507,3.402859,-0.04421132,1.535167,0.1255277,-0.1924433,-0.1036967,0.9758138,-0.01163978,1.536071,0.1344732,-0.2187426,-0.1038368,0.970242,-0.07658157,1.534358,0.1166445,-0.1658132,-0.1020681,0.9808609,-0.04411068,1.535214,0.1255589,352.5918,344.4591,1.469645,0,6,False
1,Center_Dir_Far,133,22.55999,-0.04407983,1.535152,0.1256105,-0.04580235,1.198261,0.1436716,-0.5789005,-0.1459201,0.01992678,0.8019879,0.04508907,1.088405,0.3009179,-0.05126992,0.08049621,-0.09260533,0.9911186,MathCanvas,-0.6893756,1.187518,3.397476,-0.04408897,1.53518,0.1255825,-0.1952264,-0.09916039,0.9757325,-0.01161466,1.535986,0.1345479,-0.2218447,-0.1001754,0.9699226,-0.07654499,1.534319,0.1166731,-0.1689359,-0.09846959,0.9806959,-0.04407983,1.535152,0.1256105,352.6135,344.4243,1.429838,0,6,False
1,Center_Dir_Far,134,22.57999,-0.04407257,1.535135,0.1256385,-0.04580235,1.198261,0.1436716,-0.5789005,-0.1459201,0.01992678,0.8019879,0.04508907,1.088405,0.3009179,-0.05126992,0.08049621,-0.09260533,0.9911186,MathCanvas,-0.6993618,1.202318,3.40068,-0.04407983,1.535152,0.1256105,-0.1954647,-0.09932256,0.9756683,-0.01160889,1.535961,0.1345819,-0.2220308,-0.1004624,0.9698503,-0.07653624,1.534308,0.116695,-0.1691236,-0.09876667,0.9806337,-0.04407257,1.535135,0.1256385,352.6295,344.4156,1.41781,0,6,False
1,Center_Dir_Far,135,22.59999,-0.044029,1.535067,0.1256249,-0.0456823,1.198198,0.1436813,-0.5790281,-0.1446279,0.01964968,0.8021366,0.04502391,1.088474,0.3009636,-0.0512048,0.08037805,-0.09275949,0.9911171,MathCanvas,-0.7001324,1.201768,3.400382,-0.04405118,1.535079,0.1256213,-0.1960044,-0.09965327,0.9755263,-0.01156971,1.535867,0.1345867,-0.2228098,-0.100541,0.9696635,-0.0764883,1.534268,0.1166632,-0.1699086,-0.09888889,0.9804856,-0.044029,1.535067,0.1256249,352.6317,344.3896,1.371785,0,6,False
1,Center_Dir_Far,136,22.61999,-0.04400349,1.535047,0.125644,-0.0456823,1.198198,0.1436813,-0.5790281,-0.1446279,0.01964968,0.8021366,0.04501679,1.088469,0.3009723,-0.05118019,0.08031265,-0.09289674,0.9911109,MathCanvas,-0.7018451,1.200618,3.399618,-0.044029,1.535067,0.1256249,-0.1964338,-0.09971501,0.9754336,-0.01154664,1.535847,0.1346145,-0.2230706,-0.1005342,0.9696043,-0.07646033,1.534246,0.1166734,-0.1701724,-0.09888068,0.9804407,-0.04400349,1.535047,0.125644,352.6313,344.3739,1.373345,0,6,False
1,Center_Dir_Far,137,22.63999,-0.04390825,1.534926,0.1255769,-0.04567069,1.198257,0.1437837,-0.5788072,-0.1446606,0.01977223,0.8022871,0.04495156,1.088384,0.3010277,-0.05102721,0.07995623,-0.0927961,0.991157,MathCanvas,-0.7032512,1.200395,3.399278,-0.04398648,1.53503,0.1256644,-0.1971038,-0.09713884,0.9755584,-0.01144918,1.535732,0.1345391,-0.2229197,-0.09813774,0.9698845,-0.07636732,1.534121,0.1166148,-0.1700185,-0.09648541,0.980706,-0.04390825,1.534926,0.1255769,352.6473,344.3881,1.381385,0,6,False
1,Center_Dir_Far,138,22.65999,-0.04384533,1.53489,0.1255516,-0.04566811,1.198252,0.1438323,-0.5785529,-0.1445529,0.01982631,0.8024886,0.04494528,1.08838,0.3010541,-0.05102009,0.08000953,-0.09275556,0.9911568,MathCanvas,-0.7058438,1.208704,3.401804,-0.04390825,1.534926,0.1255769,-0.1936052,-0.09721942,0.9762507,-0.01138496,1.535698,0.1345088,-0.2198324,-0.09817572,0.970585,-0.07630569,1.534082,0.1165944,-0.1669091,-0.09650359,0.9812382,-0.04384533,1.53489,0.1255516,352.6546,344.3964,1.385531,0,6,False
1,Center_Dir_Far,139,22.67999,-0.04380984,1.534862,0.1255445,-0.04566811,1.198252,0.1438323,-0.5785529,-0.1445529,0.01982631,0.8024886,0.04494528,1.08838,0.3010541,-0.05102009,0.08000953,-0.09275556,0.9911568,MathCanvas,-0.6941072,1.208359,3.404485,-0.04384533,1.53489,0.1255516,-0.1934441,-0.0973397,0.9762706,-0.01134987,1.535667,0.1345033,-0.2198812,-0.09829079,0.9705623,-0.07626981,1.534056,0.1165857,-0.1669584,-0.09662189,0.9812182,-0.04380984,1.534862,0.1255445,352.661,344.3942,1.381645,0,6,False
1,Center_Dir_Far,140,22.69999,-0.04366711,1.534968,0.1255244,-0.04558993,1.198291,0.1437876,-0.5779021,-0.1430375,0.02026372,0.8032178,0.04495201,1.088366,0.3010847,-0.05109698,0.07999251,-0.09311216,0.9911208,MathCanvas,-0.6935021,1.207941,3.4044,-0.0437384,1.534906,0.125517,-0.1931547,-0.0970147,0.9763603,-0.01120303,1.535774,0.1344682,-0.2194949,-0.09699053,0.9707806,-0.07613119,1.534161,0.1165805,-0.1665668,-0.0953249,0.9814116,-0.04366711,1.534968,0.1255244,352.5862,344.4186,1.383632,0,6,False
1,Center_Dir_Far,141,22.71999,-0.04362471,1.534975,0.1255141,-0.04558993,1.198291,0.1437876,-0.5779021,-0.1430375,0.02026372,0.8032178,0.04495201,1.088366,0.3010847,-0.05109698,0.07999251,-0.09311216,0.9911208,MathCanvas,-0.6924628,1.209101,3.405062,-0.04366711,1.534968,0.1255244,-0.1910304,-0.1027832,0.976188,-0.01116025,1.53578,0.1344566,-0.2174017,-0.103433,0.9705865,-0.07608918,1.53417,0.1165715,-0.1644629,-0.1017351,0.9811228,-0.04362471,1.534975,0.1255141,352.5745,344.4209,1.381353,0,6,False
1,Center_Dir_Far,142,22.73999,-0.04356334,1.535048,0.1254841,-0.04555086,1.198258,0.1437391,-0.5779974,-0.1420095,0.02048844,0.8033259,0.04500203,1.088448,0.3012114,-0.05142713,0.07988145,-0.09290334,0.9911323,MathCanvas,-0.6843832,1.190218,3.399865,-0.04358253,1.534983,0.1255038,-0.1909801,-0.102386,0.9762396,-0.01110534,1.535858,0.1344497,-0.2181219,-0.1025522,0.9705184,-0.07602134,1.534238,0.1165186,-0.1651906,-0.10085,0.981092,-0.04356334,1.535048,0.1254841,352.5241,344.3779,1.389812,0,6,False
1,Center_Dir_Far,143,22.75999,-0.04355108,1.535049,0.1254558,-0.0455472,1.19826,0.1437297,-0.5780882,-0.1421211,0.02053257,0.8032398,0.04505011,1.088453,0.3012525,-0.05138266,0.08003648,-0.09306812,0.9911066,MathCanvas,-0.6842307,1.191581,3.400405,-0.04356334,1.535048,0.1254841,-0.1923102,-0.1025104,0.9759654,-0.01109314,1.535858,0.1344216,-0.2187222,-0.1031906,0.9703156,-0.07600902,1.534241,0.1164899,-0.1657951,-0.1014916,0.9809238,-0.04355108,1.535049,0.1254558,352.5142,344.3774,1.387448,0,6,False
1,Center_Dir_Far,144,22.77999,-0.04352513,1.534997,0.1254087,-0.04552563,1.198245,0.1437313,-0.5782037,-0.1422311,0.02069837,0.8031329,0.04525209,1.088577,0.3013728,-0.05161107,0.08074531,-0.09358212,0.9909889,MathCanvas,-0.6886317,1.191191,3.39921,-0.04353093,1.535054,0.1254338,-0.191828,-0.1026997,0.9760404,-0.01106853,1.535812,0.1343788,-0.2182033,-0.1037838,0.9703692,-0.07598172,1.534181,0.1164385,-0.1652741,-0.1020683,0.9809518,-0.04352513,1.534997,0.1254087,352.5208,344.3685,1.398883,0,6,False
1,Center_Dir_Far,145,22.79999,-0.04351094,1.534991,0.1253841,-0.04552563,1.198245,0.1437313,-0.5782037,-0.1422311,0.02069837,0.8031329,0.04527233,1.088593,0.3013818,-0.05169842,0.08078175,-0.09357435,0.9909821,MathCanvas,-0.686969,1.190514,3.399316,-0.04352513,1.534997,0.1254087,-0.1918123,-0.1029261,0.9760196,-0.01105446,1.535807,0.1343546,-0.2182156,-0.1037352,0.9703716,-0.07596741,1.534175,0.1164135,-0.1652864,-0.102019,0.9809549,-0.04351094,1.534991,0.1253841,352.5181,344.3676,1.399966,0,6,False
1,Center_Dir_Far,146,22.81999,-0.04347086,1.534939,0.1253356,-0.04550316,1.198264,0.1436773,-0.5781379,-0.1421426,0.02072857,0.8031951,0.04532115,1.088598,0.3014049,-0.05196053,0.08083285,-0.09343884,0.990977,MathCanvas,-0.6868604,1.189771,3.39901,-0.04347926,1.534953,0.1253513,-0.1884124,-0.1041753,0.9765491,-0.0110137,1.535752,0.1343039,-0.214786,-0.1050238,0.9709979,-0.07592802,1.534126,0.1163673,-0.161835,-0.1032878,0.9813974,-0.04347086,1.534939,0.1253356,352.5248,344.3723,1.395415,0,6,False
1,Center_Dir_Far,147,22.83999,-0.04347439,1.534925,0.1253515,-0.04548211,1.198272,0.1436336,-0.5782435,-0.1422061,0.02070171,0.8031086,0.04538248,1.088604,0.3013954,-0.05202631,0.08090735,-0.09337706,0.9909733,MathCanvas,-0.6753011,1.185593,3.400138,-0.04347086,1.534939,0.1253356,-0.1883825,-0.1041558,0.976557,-0.01101736,1.535745,0.1343196,-0.2147579,-0.1050869,0.9709973,-0.07593143,1.534104,0.1163834,-0.1618073,-0.1033398,0.9813966,-0.04347439,1.534925,0.1253515,352.5291,344.3712,1.406949,0,6,False
1,Center_Dir_Far,148,22.85999,-0.04352007,1.534885,0.1254054,-0.04549868,1.198252,0.1436418,-0.5785113,-0.1423295,0.02067355,0.8028945,0.04547806,1.088605,0.3014041,-0.05199537,0.08113568,-0.0933854,0.9909554,MathCanvas,-0.6751924,1.18565,3.400118,-0.04347439,1.534925,0.1253515,-0.1883544,-0.1042134,0.9765563,-0.01106598,1.535704,0.1343842,-0.2150688,-0.1052812,0.9709074,-0.07597416,1.534065,0.1164266,-0.1621216,-0.1035338,0.9813243,-0.04352007,1.534885,0.1254054,352.5403,344.3526,1.406388,0,6,False
1,Center_Dir_Far,149,22.87999,-0.04359787,1.534716,0.1254725,-0.04551589,1.19825,0.1437031,-0.5785859,-0.1427242,0.02072851,0.8027692,0.04562824,1.088454,0.3014133,-0.05168986,0.08135218,-0.09331124,0.9909607,MathCanvas,-0.6751177,1.185432,3.400034,-0.04356048,1.534802,0.125437,-0.1880815,-0.1072678,0.9762781,-0.01114593,1.535539,0.1344588,-0.2145145,-0.1088754,0.9706337,-0.0760498,1.533893,0.1164862,-0.1615671,-0.107104,0.9810326,-0.04359787,1.534716,0.1254725,352.6121,344.3404,1.412411,0,6,False
1,Center_Dir_Far,150,22.89999,-0.04362177,1.53465,0.1255014,-0.0455023,1.198256,0.1437039,-0.5784861,-0.1427651,0.02073447,0.8028338,0.04565922,1.088404,0.3014129,-0.05157358,0.08136959,-0.09328,0.9909682,MathCanvas,-0.673781,1.175306,3.396576,-0.04359787,1.534716,0.1254725,-0.1879289,-0.1120573,0.9757694,-0.01117019,1.53547,0.1344893,-0.2143644,-0.1134472,0.9701431,-0.07607335,1.533831,0.1165135,-0.1614186,-0.1116635,0.9805484,-0.04362177,1.53465,0.1255014,352.6403,344.3391,1.405398,0,6,False
1,Center_Dir_Far,151,22.91999,-0.04366197,1.53456,0.1256062,-0.04549122,1.198241,0.143745,-0.5782728,-0.1428805,0.02076988,0.802966,0.04571312,1.088356,0.3014021,-0.05143786,0.08152624,-0.09325358,0.9909649,MathCanvas,-0.672565,1.159627,3.391117,-0.04364368,1.534595,0.1255297,-0.1881233,-0.1129284,0.9756315,-0.01121056,1.535377,0.134595,-0.2143693,-0.1140374,0.9700728,-0.07611337,1.533744,0.1166174,-0.1614237,-0.1122562,0.98048,-0.04366197,1.53456,0.1256062,352.6741,344.3391,1.399991,0,6,False
1,Center_Dir_Far,152,22.93999,-0.04368418,1.534531,0.1256908,-0.04549796,1.19821,0.1437202,-0.5782523,-0.1429926,0.02076165,0.8029611,0.04573854,1.088353,0.3013948,-0.05147013,0.0816161,-0.09323075,0.990958,MathCanvas,-0.6731008,1.156715,3.389956,-0.04366197,1.53456,0.1256062,-0.1879689,-0.1131469,0.9756359,-0.01123292,1.535355,0.1346794,-0.2143281,-0.1142102,0.9700615,-0.07613544,1.533706,0.1167022,-0.1613828,-0.1124155,0.9804685,-0.04368418,1.534531,0.1256908,352.6848,344.3379,1.413672,0,6,False
1,Center_Dir_Far,153,22.95999,-0.04379223,1.534384,0.1258826,-0.0455231,1.198153,0.1435797,-0.5784224,-0.1430123,0.02082229,0.8028334,0.04572719,1.088326,0.3012994,-0.05162707,0.08144552,-0.09309065,0.990977,MathCanvas,-0.6725725,1.155975,3.389881,-0.04371108,1.534483,0.1257388,-0.1929269,-0.1137819,0.9745937,-0.01134413,1.535208,0.1348827,-0.2195894,-0.1153166,0.9687531,-0.07624032,1.533561,0.1168825,-0.1666804,-0.1135505,0.9794508,-0.04379223,1.534384,0.1258826,352.7398,344.3192,1.411655,0,6,False
1,Center_Dir_Far,154,22.97999,-0.04384559,1.534314,0.1259512,-0.04553214,1.198135,0.1435692,-0.5784342,-0.1430398,0.02081347,0.8028202,0.04572539,1.088324,0.3012941,-0.05161548,0.08142961,-0.09308255,0.9909797,MathCanvas,-0.6890188,1.153851,3.385324,-0.04379223,1.534384,0.1258826,-0.1932089,-0.1144336,0.9744616,-0.01140028,1.535133,0.1349618,-0.2198783,-0.1159171,0.9686159,-0.07629089,1.533494,0.1169407,-0.1669727,-0.1141545,0.9793308,-0.04384559,1.534314,0.1259512,352.7742,344.3025,1.405354,0,6,False
1,Center_Dir_Far,155,22.99999,-0.04394267,1.53423,0.1260122,-0.04560575,1.198036,0.1435463,-0.5784804,-0.1434794,0.02066846,0.8027123,0.04572738,1.088307,0.3012662,-0.0514065,0.08143653,-0.09314631,0.990984,MathCanvas,-0.6899154,1.15166,3.384447,-0.04384559,1.534314,0.1259512,-0.1936388,-0.1064372,0.9752821,-0.01149939,1.535042,0.1350306,-0.2202296,-0.1082095,0.9694275,-0.07638596,1.533417,0.1169938,-0.1673224,-0.1064863,0.9801346,-0.04394267,1.53423,0.1260122,352.8259,344.2914,1.392761,0,6,False
1,Center_Dir_Far,156,23.01999,-0.04399356,1.534278,0.1261524,-0.04566918,1.198021,0.1434748,-0.5784559,-0.1443288,0.02036189,0.8025855,0.04574551,1.088191,0.3012137,-0.05114356,0.08134777,-0.09320494,0.9909993,MathCanvas,-0.6927248,1.177614,3.393671,-0.04397025,1.534214,0.1260825,-0.1940597,-0.1074564,0.9750866,-0.01155183,1.535082,0.1351771,-0.2204435,-0.1081639,0.969384,-0.0764353,1.533473,0.1171277,-0.1675379,-0.1064534,0.9801013,-0.04399356,1.534278,0.1261524,352.8226,344.282,1.379289,0,6,False
1,Center_Dir_Far,157,23.03999,-0.04405707,1.534249,0.1262269,-0.04566918,1.198021,0.1434748,-0.5784559,-0.1443288,0.02036189,0.8025855,0.04574551,1.088191,0.3012137,-0.05114356,0.08134777,-0.09320494,0.9909993,MathCanvas,-0.6940038,1.174348,3.392242,-0.04399356,1.534278,0.1261524,-0.1885866,-0.1136853,0.9754542,-0.01161652,1.53505,0.1352562,-0.2151134,-0.114842,0.9698131,-0.07649763,1.533448,0.1171977,-0.1621772,-0.1130786,0.9802611,-0.04405707,1.534249,0.1262269,352.838,344.2751,1.373794,0,6,False
1,Center_Dir_Far,158,23.05999,-0.04421841,1.534207,0.1264102,-0.04557229,1.197983,0.1433391,-0.5780136,-0.1436943,0.0204085,0.8030167,0.04569693,1.088123,0.301121,-0.05100614,0.08105169,-0.09271836,0.9910764,MathCanvas,-0.6749054,1.153956,3.389256,-0.04414609,1.534231,0.1263233,-0.1944183,-0.1041883,0.9753699,-0.01178065,1.535045,0.1354462,-0.2208313,-0.10534,0.9696066,-0.07665618,1.533369,0.1173743,-0.1679307,-0.103587,0.9803413,-0.04421841,1.534207,0.1264102,352.8848,344.2562,1.436285,0,6,False
1,Center_Dir_Far,159,23.07999,-0.0442879,1.53418,0.1264912,-0.04557229,1.197983,0.1433391,-0.5780136,-0.1436943,0.0204085,0.8030167,0.04569693,1.088123,0.301121,-0.05100614,0.08105169,-0.09271836,0.9910764,MathCanvas,-0.6959376,1.184952,3.395996,-0.04421841,1.534207,0.1264102,-0.1944554,-0.1044636,0.975333,-0.01185149,1.535025,0.1355315,-0.2209235,-0.1056574,0.9695511,-0.07672431,1.533336,0.117451,-0.1680246,-0.1038928,0.9802928,-0.0442879,1.53418,0.1264912,352.9036,344.2477,1.447394,0,6,False
1,Center_Dir_Far,160,23.09999,-0.04445101,1.534194,0.1266055,-0.04558821,1.197972,0.1432157,-0.5777019,-0.143822,0.02049252,0.8032159,0.04572197,1.088018,0.3010599,-0.05070838,0.08114658,-0.09259844,0.9910951,MathCanvas,-0.6961059,1.184017,3.395825,-0.04440351,1.534204,0.1265464,-0.1891707,-0.1098644,0.9757788,-0.01201633,1.535035,0.1356522,-0.2157334,-0.1109637,0.9701269,-0.0768857,1.533353,0.1175589,-0.1628042,-0.1091529,0.9806021,-0.04445101,1.534194,0.1266055,352.9506,344.2382,1.44151,0,6,False
1,Center_Dir_Far,161,23.11999,-0.04451856,1.534163,0.1266578,-0.04553672,1.19794,0.1432286,-0.5773427,-0.1437246,0.02048061,0.8034919,0.04572572,1.087975,0.3010591,-0.05056238,0.08117372,-0.09241945,0.991117,MathCanvas,-0.6778122,1.166358,3.393604,-0.04445101,1.534194,0.1266055,-0.1893411,-0.1100583,0.9757239,-0.01208533,1.535014,0.1357087,-0.215812,-0.1112716,0.9700741,-0.0769518,1.533312,0.1176069,-0.1628848,-0.1094431,0.9805564,-0.04451856,1.534163,0.1266578,352.9694,344.2289,1.45898,0,6,False
1,Center_Dir_Far,162,23.13999,-0.04471245,1.534115,0.1267839,-0.04550095,1.197913,0.1432306,-0.5771068,-0.1437103,0.02044005,0.803665,0.04572866,1.087956,0.3010607,-0.05047727,0.08119772,-0.09238285,0.9911228,MathCanvas,-0.6784344,1.165687,3.39339,-0.04460997,1.534143,0.1267242,-0.1939784,-0.1082188,0.9750185,-0.01228162,1.534962,0.1358438,-0.2204262,-0.1093533,0.9692544,-0.07714328,1.533268,0.117724,-0.1675289,-0.1075645,0.9799816,-0.04471245,1.534115,0.1267839,353.0077,344.2149,1.451949,0,6,False
1,Center_Dir_Far,163,23.15999,-0.044866,1.534094,0.1268335,-0.04551453,1.197915,0.1432335,-0.576801,-0.1437909,0.02036127,0.803872,0.04574874,1.087814,0.3010846,-0.04982365,0.08135819,-0.09240212,0.9911409,MathCanvas,-0.6943233,1.171703,3.392006,-0.04471245,1.534115,0.1267839,-0.1940519,-0.108459,0.9749772,-0.01243579,1.534943,0.1358955,-0.2204708,-0.1096138,0.9692149,-0.0772962,1.533246,0.1177715,-0.1675743,-0.1078217,0.9799455,-0.044866,1.534094,0.1268335,353.0228,344.2112,1.454395,0,6,False
1,Center_Dir_Far,164,23.17999,-0.04496993,1.534071,0.1268955,-0.04551453,1.197915,0.1432335,-0.576801,-0.1437909,0.02036127,0.803872,0.04574874,1.087814,0.3010846,-0.04982365,0.08135819,-0.09240212,0.9911409,MathCanvas,-0.6946961,1.170893,3.391783,-0.044866,1.534094,0.1268335,-0.196631,-0.1088031,0.974422,-0.01254092,1.534922,0.1359616,-0.2230897,-0.1100038,0.9685712,-0.07739894,1.53322,0.1178295,-0.1702123,-0.108221,0.9794468,-0.04496993,1.534071,0.1268955,353.0411,344.204,1.458954,0,6,False
1,Center_Dir_Far,165,23.19999,-0.04525173,1.533964,0.1269033,-0.04549789,1.19778,0.143008,-0.5764287,-0.1432467,0.02075,0.8042262,0.04559306,1.087738,0.3009755,-0.04997245,0.0810324,-0.09163429,0.9912314,MathCanvas,-0.7033275,1.169778,3.389444,-0.04510752,1.53403,0.1269297,-0.1967655,-0.1095834,0.9743074,-0.01283152,1.534845,0.1359979,-0.2238048,-0.1107927,0.9683163,-0.07767195,1.533082,0.1178088,-0.1709388,-0.1089579,0.9792385,-0.04525173,1.533964,0.1269033,353.0892,344.1482,1.511192,0,6,False
1,Center_Dir_Far,166,23.21999,-0.04537057,1.533918,0.1269159,-0.04552146,1.19778,0.1429915,-0.5764476,-0.1432817,0.02084835,0.8042039,0.04557689,1.087735,0.3009181,-0.0500046,0.08112899,-0.09164435,0.991221,MathCanvas,-0.703926,1.167132,3.388407,-0.04525173,1.533964,0.1269033,-0.1974375,-0.1095086,0.9741798,-0.01295289,1.534804,0.1360191,-0.2240177,-0.1108017,0.968266,-0.07778826,1.533032,0.1178128,-0.1711546,-0.1089597,0.9792007,-0.04537057,1.533918,0.1269159,353.1112,344.1327,1.518469,0,6,False
1,Center_Dir_Far,167,23.23999,-0.04563465,1.533841,0.1269635,-0.04562403,1.197778,0.1429097,-0.5765334,-0.1436754,0.02111314,0.8040652,0.04553298,1.08769,0.3008577,-0.04957033,0.08114516,-0.09171485,0.9912349,MathCanvas,-0.7063141,1.167326,3.38809,-0.04550295,1.533879,0.1269399,-0.1978546,-0.1103111,0.9740046,-0.01322333,1.534739,0.1360881,-0.2245874,-0.1114856,0.9680555,-0.07804596,1.532944,0.1178388,-0.1717323,-0.1096227,0.9790255,-0.04563465,1.533841,0.1269635,353.1517,344.0932,1.537977,0,6,False
1,Center_Dir_Far,168,23.25999,-0.04576345,1.533804,0.1269963,-0.04562403,1.197778,0.1429097,-0.5765334,-0.1436754,0.02111314,0.8040652,0.04553298,1.08769,0.3008577,-0.04957033,0.08114516,-0.09171485,0.9912349,MathCanvas,-0.7078135,1.164653,3.386759,-0.04563465,1.533841,0.1269635,-0.198236,-0.1105542,0.9738995,-0.01335509,1.534708,0.1361309,-0.2248449,-0.1118496,0.9679537,-0.0781718,1.532901,0.1178617,-0.1719936,-0.1099759,0.97894,-0.04576345,1.533804,0.1269963,353.1732,344.075,1.54794,0,6,False
1,Center_Dir_Far,169,23.27999,-0.04601792,1.533712,0.1270248,-0.04566308,1.197721,0.1428821,-0.576642,-0.1439556,0.02119913,0.803935,0.04547934,1.087657,0.3007956,-0.04947189,0.08098632,-0.09155696,0.9912674,MathCanvas,-0.7091787,1.163825,3.386242,-0.04588946,1.533753,0.127008,-0.1859223,-0.1107202,0.9763063,-0.01361337,1.534622,0.1361722,-0.2125276,-0.1122158,0.9706903,-0.07842247,1.532802,0.1178774,-0.1595992,-0.1102524,0.9810058,-0.04601792,1.533712,0.1270248,353.2133,344.0519,1.55932,0,6,False
1,Center_Dir_Far,170,23.29999,-0.04608399,1.533675,0.1269601,-0.04572288,1.197715,0.1428528,-0.576598,-0.1440812,0.02134713,0.8039401,0.0453997,1.087582,0.3007149,-0.04957265,0.08073211,-0.09114905,0.9913207,MathCanvas,-0.6684478,1.163044,3.395498,-0.04601792,1.533712,0.1270248,-0.1861351,-0.1112341,0.9762073,-0.01368073,1.534596,0.136111,-0.2125857,-0.1124376,0.9706519,-0.07848726,1.532754,0.1178092,-0.1596591,-0.1104561,0.9809732,-0.04608399,1.533675,0.1269601,353.2273,344.0439,1.577567,0,6,False
1,Center_Dir_Far,171,23.31999,-0.04616006,1.533668,0.1269385,-0.04574496,1.197701,0.1428629,-0.5766465,-0.1441646,0.02139039,0.8038892,0.04537699,1.087569,0.3006688,-0.04949367,0.08074815,-0.09106316,0.9913312,MathCanvas,-0.6691688,1.16132,3.394803,-0.04608399,1.533675,0.1269601,-0.1861939,-0.1114469,0.9761718,-0.01375609,1.534599,0.1360858,-0.2124377,-0.112613,0.970664,-0.07856405,1.532737,0.1177911,-0.1595106,-0.1106144,0.9809796,-0.04616006,1.533668,0.1269385,353.2385,344.0483,1.595002,0,6,False
1,Center_Dir_Far,172,23.33999,-0.04638474,1.53362,0.1269428,-0.04578904,1.197705,0.1428407,-0.5767752,-0.1443925,0.02144163,0.8037546,0.04537864,1.087565,0.3006473,-0.04946402,0.08080605,-0.09111255,0.9913235,MathCanvas,-0.6694173,1.160615,3.394533,-0.04626596,1.533649,0.1269383,-0.186372,-0.112883,0.9759728,-0.01398762,1.534563,0.1361132,-0.2130183,-0.1139715,0.9703782,-0.07878185,1.532677,0.1177724,-0.1600998,-0.1119476,0.9807323,-0.04638474,1.53362,0.1269428,353.2459,344.0051,1.615382,0,6,False
1,Center_Dir_Far,173,23.35999,-0.04648363,1.533622,0.126945,-0.04586454,1.197726,0.1427739,-0.5770001,-0.1447269,0.02153777,0.8035304,0.04539963,1.087544,0.3006236,-0.04946682,0.08096007,-0.0912975,0.9912937,MathCanvas,-0.669994,1.155908,3.392593,-0.04638474,1.53362,0.1269428,-0.1910616,-0.1132958,0.9750177,-0.01408481,1.534558,0.13611,-0.2172887,-0.1143421,0.9693872,-0.07888246,1.532685,0.11778,-0.1643948,-0.1123541,0.979975,-0.04648363,1.533622,0.126945,353.2481,344.0161,1.604845,0,6,False
1,Center_Dir_Far,174,23.37999,-0.04669262,1.533591,0.1269436,-0.04590983,1.197752,0.1427379,-0.5770177,-0.1447448,0.02161011,0.8035126,0.04541081,1.087543,0.3005904,-0.04946611,0.08102797,-0.09122996,0.9912945,MathCanvas,-0.6856092,1.154633,3.388504,-0.04658258,1.533611,0.1269421,-0.1909651,-0.113479,0.9750153,-0.01429505,1.534522,0.1361136,-0.2174376,-0.1146163,0.9693214,-0.07909019,1.532659,0.1177736,-0.1645452,-0.1126355,0.9799174,-0.04669262,1.533591,0.1269436,353.2634,344.0088,1.595906,0,6,False
1,Center_Dir_Far,175,23.39999,-0.0467514,1.533602,0.1269162,-0.04593012,1.197689,0.1427231,-0.5768529,-0.1445896,0.02171628,0.803656,0.04541927,1.087525,0.3005913,-0.04939792,0.08119748,-0.09090459,0.9913139,MathCanvas,-0.685465,1.154007,3.38834,-0.04669262,1.533591,0.1269436,-0.1910651,-0.1136259,0.9749786,-0.01435571,1.534545,0.1360916,-0.217569,-0.1145252,0.9693027,-0.07914709,1.532658,0.1177408,-0.1646789,-0.112526,0.9799075,-0.0467514,1.533602,0.1269162,353.2593,343.9966,1.615885,0,6,False
1,Center_Dir_Far,176,23.41999,-0.04680498,1.533536,0.1268282,-0.04603791,1.197664,0.1426547,-0.5768405,-0.1443907,0.02198908,0.8036934,0.0455222,1.087537,0.3006088,-0.04941688,0.08175135,-0.0910351,0.9912555,MathCanvas,-0.6858448,1.153534,3.388121,-0.04674693,1.533563,0.1268558,-0.1943041,-0.1134293,0.9743612,-0.01440788,1.534483,0.1359983,-0.2206183,-0.1144672,0.9686201,-0.07920207,1.532589,0.1176582,-0.1677475,-0.1124823,0.9793919,-0.04680498,1.533536,0.1268282,353.2599,344.0052,1.622491,0,6,False
1,Center_Dir_Far,177,23.43999,-0.04688828,1.533522,0.1268117,-0.04603791,1.197664,0.1426547,-0.5768405,-0.1443907,0.02198908,0.8036934,0.0455222,1.087537,0.3006088,-0.04941688,0.08175135,-0.0910351,0.9912555,MathCanvas,-0.6967094,1.15414,3.385852,-0.04680498,1.533536,0.1268282,-0.1883667,-0.1117149,0.9757242,-0.01449164,1.534473,0.1359831,-0.2147725,-0.1127884,0.9701296,-0.07928491,1.532572,0.1176404,-0.1618643,-0.1107683,0.9805765,-0.04688828,1.533522,0.1268117,353.2641,344.0024,1.628,0,6,False
1,Center_Dir_Far,178,23.45999,-0.04696547,1.533487,0.1267786,-0.04615567,1.197672,0.1426405,-0.5767868,-0.1442944,0.02211047,0.8037458,0.04555824,1.087669,0.3005693,-0.04987055,0.08201886,-0.09085084,0.9912275,MathCanvas,-0.6773089,1.159638,3.39234,-0.04696836,1.533506,0.1267974,-0.1883879,-0.1117661,0.9757143,-0.01456264,1.534426,0.1359293,-0.214187,-0.1128598,0.9702507,-0.07936829,1.532549,0.1176279,-0.1612713,-0.1108586,0.980664,-0.04696547,1.533487,0.1267786,353.267,344.0416,1.607527,0,6,False
1,Center_Dir_Far,179,23.47999,-0.04703053,1.533473,0.1267615,-0.04615567,1.197672,0.1426405,-0.5767868,-0.1442944,0.02211047,0.8037458,0.04555824,1.087669,0.3005693,-0.04987055,0.08201886,-0.09085084,0.9912275,MathCanvas,-0.6774469,1.159438,3.392222,-0.04696547,1.533487,0.1267786,-0.1879557,-0.1094869,0.976056,-0.01462677,1.534411,0.1359089,-0.2142399,-0.1105408,0.9705061,-0.0794343,1.532535,0.1176141,-0.1613227,-0.1085503,0.9809137,-0.04703053,1.533473,0.1267615,353.2703,344.0476,1.607028,0,6,False
1,Center_Dir_Far,180,23.49999,-0.04704636,1.53349,0.1267312,-0.04620761,1.197703,0.1426211,-0.5767888,-0.1442496,0.02216166,0.803751,0.04553633,1.087722,0.3005399,-0.0500368,0.08202192,-0.09068799,0.9912338,MathCanvas,-0.6764284,1.166839,3.395232,-0.04703053,1.533473,0.1267615,-0.1878535,-0.1095456,0.9760691,-0.01464026,1.534425,0.1358706,-0.2140105,-0.1104961,0.9705617,-0.07945246,1.532554,0.1175919,-0.1610906,-0.10851,0.9809564,-0.04704636,1.53349,0.1267312,353.2675,344.0622,1.602539,0,6,False
1,Center_Dir_Far,181,23.51999,-0.04709772,1.533518,0.1266575,-0.04624512,1.197709,0.1425922,-0.5768124,-0.1441531,0.02222231,0.8037497,0.04549719,1.087723,0.3005171,-0.04991394,0.08196247,-0.09055921,0.9912567,MathCanvas,-0.6760977,1.166662,3.395224,-0.04706439,1.533503,0.1266868,-0.1873328,-0.1092429,0.9762031,-0.01468738,1.534454,0.1357818,-0.2135743,-0.1102113,0.9706902,-0.07950807,1.532582,0.1175332,-0.1606496,-0.1082261,0.98106,-0.04709772,1.533518,0.1266575,353.2511,344.0883,1.603113,0,6,False
1,Center_Dir_Far,182,23.53999,-0.04708183,1.533515,0.126612,-0.04630917,1.19767,0.142566,-0.5768697,-0.1439029,0.02236422,0.8037495,0.04545943,1.087694,0.3004753,-0.04966632,0.08202749,-0.09055991,0.9912637,MathCanvas,-0.6744772,1.167662,3.395971,-0.04709772,1.533518,0.1266575,-0.1871839,-0.1092187,0.9762343,-0.0146683,1.534453,0.1357248,-0.2132304,-0.1100609,0.9707829,-0.07949536,1.532577,0.1174993,-0.160302,-0.1080728,0.9811338,-0.04708183,1.533515,0.126612,353.2426,344.1081,1.606827,0,6,False
1,Center_Dir_Far,183,23.55999,-0.04714631,1.53341,0.1265717,-0.04638254,1.197671,0.1425596,-0.576812,-0.1437811,0.02247756,0.8038095,0.0454542,1.087671,0.3004214,-0.04968152,0.08219175,-0.09064608,0.9912415,MathCanvas,-0.6739645,1.167739,3.396039,-0.04710783,1.533442,0.1265924,-0.1845552,-0.1094148,0.9767128,-0.01472938,1.534344,0.1356728,-0.2108093,-0.1103676,0.9712767,-0.07956323,1.532476,0.1174707,-0.1578652,-0.1083718,0.9814959,-0.04714631,1.53341,0.1265717,353.2641,344.1302,1.600309,0,6,False
1,Center_Dir_Far,184,23.57999,-0.04719803,1.53338,0.126552,-0.04645692,1.197654,0.1425439,-0.5768789,-0.1438102,0.02258768,0.8037531,0.04540949,1.087665,0.3003616,-0.04975474,0.08225602,-0.0905745,0.991239,MathCanvas,-0.6652517,1.166962,3.397742,-0.04714631,1.53341,0.1265717,-0.1844085,-0.1093698,0.9767455,-0.01477997,1.534312,0.1356491,-0.2106773,-0.1107086,0.9712665,-0.07961608,1.532447,0.1174548,-0.157732,-0.1087134,0.9814795,-0.04719803,1.53338,0.126552,353.2836,344.1379,1.597925,0,6,False
1,Center_Dir_Far,185,23.59999,-0.0472536,1.533348,0.1265084,-0.04652015,1.197627,0.1424736,-0.57702,-0.1438529,0.02267477,0.8036418,0.04534324,1.087674,0.3002895,-0.04984239,0.08222114,-0.09054735,0.99124,MathCanvas,-0.6648111,1.167083,3.397827,-0.04723979,1.533354,0.1265309,-0.1842771,-0.1066853,0.9770671,-0.01483479,1.534276,0.1356034,-0.2107528,-0.1076941,0.971589,-0.07967241,1.53242,0.1174135,-0.1578054,-0.1057198,0.9817947,-0.0472536,1.533348,0.1265084,353.2864,344.1429,1.589731,0,6,False
1,Center_Dir_Far,186,23.61999,-0.04729671,1.533327,0.1264872,-0.04652015,1.197627,0.1424736,-0.57702,-0.1438529,0.02267477,0.8036418,0.04534324,1.087674,0.3002895,-0.04984239,0.08222114,-0.09054735,0.99124,MathCanvas,-0.6648428,1.175801,3.401066,-0.0472536,1.533348,0.1265084,-0.1843499,-0.106707,0.977051,-0.01487682,1.534254,0.1355785,-0.2106439,-0.1077724,0.9716039,-0.07971659,1.532401,0.1173959,-0.1576954,-0.1058005,0.9818037,-0.04729671,1.533327,0.1264872,353.2908,344.1498,1.586837,0,6,False
1,Center_Dir_Far,187,23.63999,-0.04727926,1.533285,0.1264371,-0.04658574,1.197634,0.1424172,-0.5772526,-0.1440065,0.02276851,0.8034446,0.04522303,1.087695,0.3001793,-0.04982534,0.08195837,-0.0905695,0.9912605,MathCanvas,-0.6651214,1.175712,3.400947,-0.04729671,1.533327,0.1264872,-0.1842397,-0.1067865,0.9770631,-0.01486098,1.534194,0.1355359,-0.2109115,-0.1079019,0.9715316,-0.07969755,1.532376,0.1173384,-0.1579643,-0.1059573,0.9817436,-0.04727926,1.533285,0.1264371,353.2964,344.1405,1.557062,0,6,False
1,Center_Dir_Far,188,23.65999,-0.04737362,1.533186,0.1264315,-0.04658516,1.197614,0.1423612,-0.5779227,-0.144888,0.02267567,0.8028067,0.04518522,1.087694,0.3001031,-0.04981182,0.08205123,-0.09064525,0.9912466,MathCanvas,-0.6647277,1.175408,3.4009,-0.04733002,1.533222,0.1264393,-0.1867221,-0.1008832,0.9772192,-0.01495466,1.534092,0.1355282,-0.2130824,-0.1020598,0.9716891,-0.07979258,1.53228,0.1173349,-0.1601439,-0.100157,0.9819992,-0.04737362,1.533186,0.1264315,353.3423,344.1461,1.551621,0,6,False
1,Center_Dir_Far,189,23.67999,-0.04741415,1.533151,0.1264204,-0.04658126,1.197606,0.1423268,-0.5782211,-0.1452519,0.02262481,0.8025275,0.04518522,1.087694,0.3001031,-0.04981182,0.08205123,-0.09064525,0.9912466,MathCanvas,-0.6740015,1.194629,3.405919,-0.04737362,1.533186,0.1264315,-0.1866842,-0.1011084,0.9772032,-0.01499484,1.534057,0.1355158,-0.2130326,-0.1022505,0.9716799,-0.07983345,1.532244,0.117325,-0.1600937,-0.1003462,0.9819881,-0.04741415,1.533151,0.1264204,353.3534,344.1486,1.552405,0,6,False
1,Center_Dir_Far,190,23.69999,-0.04747621,1.533076,0.1264222,-0.04661623,1.197611,0.1418176,-0.5824515,-0.1499858,0.02229336,0.7985973,0.04530333,1.087661,0.3001217,-0.04981902,0.0828969,-0.09077299,0.9911642,MathCanvas,-0.6738718,1.19386,3.405629,-0.04745238,1.533121,0.1264093,-0.1869331,-0.08290529,0.9788681,-0.01505138,1.533991,0.1354969,-0.2130905,-0.08396031,0.9734183,-0.07990104,1.53216,0.1173474,-0.16014,-0.08212136,0.9836724,-0.04747621,1.533076,0.1264222,353.3817,344.1839,1.567297,0,6,False
1,Center_Dir_Far,191,23.71999,-0.04750418,1.533046,0.1264251,-0.04665469,1.197625,0.1417889,-0.5828928,-0.1507579,0.02230483,0.7981295,0.04532357,1.087665,0.3001227,-0.04983008,0.08299141,-0.09077936,0.9911551,MathCanvas,-0.6777868,1.253531,3.42702,-0.04747621,1.533076,0.1264222,-0.186686,-0.08304089,0.9789038,-0.01507865,1.533968,0.1354968,-0.2129766,-0.0840518,0.9734353,-0.07992971,1.532125,0.1173535,-0.1600254,-0.08220199,0.9836843,-0.04750418,1.533046,0.1264251,353.3876,344.1883,1.578407,0,6,False
1,Center_Dir_Far,192,23.73999,-0.04755376,1.533126,0.1264603,-0.04696306,1.197745,0.1417447,-0.585042,-0.1632214,0.02042219,0.7941458,0.04545462,1.087757,0.3001392,-0.05006075,0.08334246,-0.09080257,0.9911119,MathCanvas,-0.6769615,1.253054,3.427038,-0.04750358,1.533099,0.1264511,-0.2521521,-0.07694773,0.9646235,-0.01512297,1.534051,0.1355128,-0.2779521,-0.07762105,0.9574537,-0.07998456,1.532201,0.1174078,-0.2256189,-0.07607343,0.971241,-0.04755376,1.533126,0.1264603,353.3747,344.2211,1.583916,0,6,False
1,Center_Dir_Far,193,23.75999,-0.04758457,1.5331,0.1264571,-0.04692819,1.197676,0.1416443,-0.5863215,-0.1736763,0.01915043,0.7910101,0.04551373,1.087847,0.3001443,-0.0503065,0.08355602,-0.09063195,0.9910971,MathCanvas,-0.8988978,1.273327,3.38333,-0.04755376,1.533126,0.1264603,-0.2518803,-0.07684726,0.9647024,-0.01515412,1.53403,0.1355102,-0.2779495,-0.07784458,0.9574363,-0.08001502,1.532169,0.117404,-0.2256167,-0.0762877,0.9712246,-0.04758457,1.5331,0.1264571,353.3875,344.2191,1.59353,0,6,False
1,Center_Dir_Far,194,23.77999,-0.04761983,1.533086,0.1264585,-0.0469618,1.197679,0.1415879,-0.5870538,-0.1772779,0.01867974,0.7896781,0.04551373,1.087847,0.3001443,-0.0503065,0.08355602,-0.09063195,0.9910971,MathCanvas,-0.8980327,1.273633,3.383676,-0.04758457,1.5331,0.1264571,-0.2191444,-0.07605348,0.9727238,-0.01518819,1.534019,0.1355071,-0.2452725,-0.07701147,0.9663906,-0.08005147,1.532154,0.1174099,-0.1925643,-0.07531279,0.97839,-0.04761983,1.533086,0.1264585,353.3939,344.2268,1.597204,0,6,False
1,Center_Dir_Far,195,23.79999,-0.04768416,1.533007,0.1263977,-0.04724506,1.19739,0.1409591,-0.5895867,-0.2111962,0.01863689,0.7793821,0.04570892,1.087902,0.3001609,-0.05023882,0.08451752,-0.09087966,0.9909964,MathCanvas,-0.7874324,1.276336,3.41029,-0.04765136,1.533066,0.1264545,-0.2188528,-0.07640319,0.972762,-0.01525514,1.533938,0.1354559,-0.2455306,-0.07767996,0.9662715,-0.08011319,1.532077,0.1173394,-0.1928259,-0.0759829,0.9782866,-0.04768416,1.533007,0.1263977,353.4322,344.2113,1.59351,0,6,False
1,Center_Dir_Far,196,23.81999,-0.04771378,1.532988,0.1263882,-0.04729915,1.197355,0.1408518,-0.5900226,-0.2188735,0.01820249,0.7769405,0.04573122,1.087906,0.3001627,-0.05021948,0.0846285,-0.09096424,0.9909801,MathCanvas,-0.786446,1.2751,3.410064,-0.04768416,1.533007,0.1263977,-0.2192607,-0.07683144,0.9726365,-0.01528522,1.533917,0.1354483,-0.2455875,-0.07776941,0.9662499,-0.08014234,1.53206,0.1173281,-0.1928833,-0.07607598,0.9782681,-0.04771378,1.532988,0.1263882,353.4373,344.2087,1.589353,0,6,False
1,Center_Dir_Far,197,23.83999,-0.04772205,1.533021,0.1263633,-0.04722334,1.197277,0.1408383,-0.5903777,-0.2282901,0.0171292,0.7739795,0.0457508,1.087909,0.3001598,-0.05025059,0.08478136,-0.09093645,0.990968,MathCanvas,-0.7877608,1.273668,3.409224,-0.04769919,1.533021,0.126363,-0.2194832,-0.07642227,0.9726185,-0.01529566,1.533952,0.1354309,-0.2458347,-0.07711579,0.9662394,-0.08014843,1.532089,0.1172958,-0.1931334,-0.07541888,0.9782696,-0.04772205,1.533021,0.1263633,353.3998,344.1938,1.595019,0,6,False
1,Center_Dir_Far,198,23.85999,-0.04774271,1.533032,0.1263662,-0.04733187,1.19722,0.1407902,-0.5908734,-0.2261221,0.01791205,0.77422,0.04569405,1.087885,0.3001559,-0.05018997,0.0846028,-0.09076735,0.9910018,MathCanvas,-0.7885934,1.275055,3.409462,-0.04772205,1.533021,0.1263633,-0.224776,-0.08440633,0.9707478,-0.01531619,1.533954,0.1354342,-0.251056,-0.08507072,0.9642271,-0.08016923,1.532109,0.1172982,-0.1984107,-0.08339363,0.9765648,-0.04774271,1.533032,0.1263662,353.3891,344.1945,1.579673,0,6,False
1,Center_Dir_Far,199,23.87999,-0.04779493,1.533019,0.1263605,-0.0474583,1.197193,0.1406199,-0.5916104,-0.2340658,0.01779961,0.7712934,0.04569405,1.087885,0.3001559,-0.05018997,0.0846028,-0.09076735,0.9910018,MathCanvas,-0.8047399,1.24877,3.395635,-0.04776705,1.533026,0.1263625,-0.225344,-0.0842806,0.9706271,-0.01536891,1.533934,0.135431,-0.2516139,-0.08508997,0.96408,-0.08022095,1.532104,0.1172899,-0.198974,-0.08342695,0.9764473,-0.04779493,1.533019,0.1263605,353.3891,344.1917,1.566924,0,6,False
1,Center_Dir_Far,200,23.89999,-0.0477342,1.532942,0.126329,-0.04744589,1.197284,0.1409623,-0.5893946,-0.2204398,0.01904768,0.776954,0.04564279,1.087712,0.3000684,-0.04979518,0.08476929,-0.09081496,0.9910032,MathCanvas,-0.8067033,1.249181,3.395216,-0.04779493,1.533019,0.1263605,-0.2253787,-0.08425847,0.9706209,-0.01530772,1.53386,0.1353976,-0.2515164,-0.08578009,0.9640442,-0.08016068,1.532025,0.1172604,-0.1988759,-0.08411106,0.9764086,-0.0477342,1.532942,0.126329,353.4289,344.1956,1.571564,0,6,False
1,Center_Dir_Far,201,23.91999,-0.04775241,1.532904,0.1263111,-0.04744504,1.19727,0.1409903,-0.5892086,-0.2202865,0.01906036,0.7771383,0.04563672,1.08769,0.3000595,-0.04973543,0.0848008,-0.09083565,0.9910015,MathCanvas,-0.8067329,1.249188,3.395049,-0.04774528,1.532921,0.1263184,-0.225284,-0.08506604,0.9705725,-0.01532542,1.533822,0.1353778,-0.2514472,-0.08604908,0.9640384,-0.08017941,1.531986,0.1172443,-0.1988062,-0.08437911,0.9763997,-0.04775241,1.532904,0.1263111,353.4444,344.1992,1.571828,0,6,False
1,Center_Dir_Far,202,23.93999,-0.04768894,1.532866,0.1263807,-0.04715333,1.197273,0.1411866,-0.5872045,-0.2114555,0.01878127,0.7811048,0.04555438,1.087475,0.3000071,-0.04892072,0.08473548,-0.09109262,0.9910241,MathCanvas,-0.8062536,1.246498,3.394098,-0.04775241,1.532904,0.1263111,-0.2252113,-0.08521416,0.9705763,-0.01525627,1.53377,0.1354285,-0.250917,-0.08600697,0.9641802,-0.08012161,1.531962,0.1173329,-0.198268,-0.08435892,0.9765108,-0.04768894,1.532866,0.1263807,353.4415,344.2355,1.548565,0,6,False
1,Center_Dir_Far,203,23.95999,-0.04766963,1.532829,0.1263976,-0.04708295,1.197319,0.1412997,-0.5862152,-0.2104744,0.01889667,0.7821095,0.04554134,1.087446,0.3000063,-0.0487704,0.08469284,-0.09105483,0.9910387,MathCanvas,-0.8059152,1.245973,3.394052,-0.04768894,1.532866,0.1263807,-0.2260502,-0.09021885,0.9699288,-0.01523483,1.533739,0.1354372,-0.252017,-0.09114248,0.9634213,-0.08010443,1.531919,0.1173581,-0.1993823,-0.08948141,0.9758277,-0.04766963,1.532829,0.1263976,353.4473,344.2489,1.558592,0,6,False
1,Center_Dir_Far,204,23.97999,-0.04764136,1.532859,0.1264531,-0.04701069,1.197326,0.1413286,-0.586255,-0.2101039,0.01903639,0.7821758,0.0455361,1.087476,0.2999641,-0.04885939,0.08470091,-0.09112002,0.9910276,MathCanvas,-0.8077031,1.229492,3.387525,-0.04766659,1.532808,0.1264009,-0.2344772,-0.09109616,0.9678439,-0.01520386,1.533782,0.1354816,-0.2605321,-0.09155786,0.961114,-0.08007886,1.531936,0.1174245,-0.207991,-0.08991988,0.9739888,-0.04764136,1.532859,0.1264531,353.4398,344.2654,1.581147,1,7,False
1,Center_Dir_Far,205,23.99999,-0.04764184,1.532872,0.1264671,-0.04695031,1.197325,0.141296,-0.5862738,-0.2098171,0.01891195,0.7822418,0.04553519,1.087486,0.2999564,-0.04891214,0.08469479,-0.09112282,0.9910253,MathCanvas,-0.8357633,1.226668,3.379559,-0.04764136,1.532859,0.1264531,-0.2343896,-0.09068267,0.967904,-0.0152027,1.533792,0.1354901,-0.2604227,-0.09128993,0.9611691,-0.08008097,1.531951,0.1174441,-0.2078796,-0.08965821,0.9740367,-0.04764184,1.532872,0.1264671,353.4276,344.2756,1.576398,1,7,False
1,Center_Dir_Far,206,24.01999,-0.04760748,1.532896,0.1264907,-0.04687102,1.197305,0.1413224,-0.5861048,-0.2090164,0.01891079,0.7825828,0.04552918,1.087585,0.2999221,-0.04930723,0.08458892,-0.09106158,0.9910203,MathCanvas,-0.835626,1.22801,3.380422,-0.04763792,1.53287,0.1264823,-0.2340481,-0.09048264,0.9680054,-0.01516765,1.533801,0.1355127,-0.2603971,-0.0912492,0.96118,-0.0800473,1.53199,0.1174687,-0.2078524,-0.08964038,0.9740441,-0.04760748,1.532896,0.1264907,353.4218,344.2802,1.550666,1,7,False
1,Center_Dir_Far,207,24.03999,-0.04757735,1.532876,0.1265023,-0.04681539,1.197322,0.1413721,-0.5858788,-0.2080667,0.01913074,0.7829995,0.04554415,1.087621,0.2999328,-0.0493871,0.08461212,-0.09110896,0.99101,MathCanvas,-0.8345376,1.22867,3.381174,-0.04760748,1.532896,0.1264907,-0.2342133,-0.09044479,0.9679689,-0.01513807,1.533785,0.1355259,-0.260422,-0.09156025,0.9611437,-0.08001662,1.531967,0.1174786,-0.2078781,-0.08994548,0.9740105,-0.04757735,1.532876,0.1265023,353.4397,344.2771,1.556355,1,7,False
1,Center_Dir_Far,208,24.05999,-0.04757408,1.532827,0.1265328,-0.04677464,1.19732,0.1414155,-0.5854524,-0.2043376,0.02012023,0.7842748,0.0455965,1.087668,0.2999525,-0.04938856,0.08485402,-0.09127273,0.9909742,MathCanvas,-0.835162,1.22874,3.381473,-0.04757082,1.532873,0.1265212,-0.2485245,-0.0925744,0.9641917,-0.01513542,1.533739,0.1355584,-0.2746959,-0.09390549,0.9569346,-0.08001274,1.531916,0.1175072,-0.2223289,-0.09235761,0.9705874,-0.04757408,1.532827,0.1265328,353.4745,344.2741,1.560674,1,7,False
1,Center_Dir_Far,209,24.07999,-0.04756995,1.532816,0.1265503,-0.04677464,1.19732,0.1414155,-0.5854524,-0.2043376,0.02012023,0.7842748,0.0455965,1.087668,0.2999525,-0.04938856,0.08485402,-0.09127273,0.9909742,MathCanvas,-0.882642,1.221768,3.366316,-0.04757408,1.532827,0.1265328,-0.2486058,-0.09313154,0.9641171,-0.01513102,1.533727,0.1355749,-0.274661,-0.09405166,0.9569303,-0.08000888,1.531905,0.1175256,-0.2222936,-0.09250411,0.9705815,-0.04756995,1.532816,0.1265503,353.4829,344.2761,1.560109,1,7,False
1,Center_Dir_Far,210,24.09999,-0.04756583,1.532804,0.1265676,-0.04677464,1.19732,0.1414155,-0.5854524,-0.2043376,0.02012023,0.7842748,0.0455965,1.087668,0.2999525,-0.04938856,0.08485402,-0.09127273,0.9909742,MathCanvas,-0.8828509,1.219907,3.36585,-0.04756995,1.532816,0.1265503,-0.2485716,-0.09327792,0.9641117,-0.01512663,1.533715,0.1355913,-0.2746264,-0.09419747,0.9569259,-0.08000503,1.531894,0.1175439,-0.2222586,-0.09265033,0.9705756,-0.04756583,1.532804,0.1265676,353.4913,344.2781,1.559545,1,7,False
1,Center_Dir_Far,211,24.11999,-0.04751343,1.532881,0.1266037,-0.04672789,1.197371,0.1415062,-0.5861073,-0.1963651,0.02224484,0.7857635,0.04564256,1.087713,0.300064,-0.04943601,0.08493658,-0.09118862,0.9909725,MathCanvas,-0.8827401,1.219401,3.365881,-0.04753865,1.532854,0.1265831,-0.260303,-0.09464986,0.9608766,-0.01508166,1.533791,0.1356542,-0.2865667,-0.09522469,0.9533162,-0.07994519,1.531972,0.1175532,-0.2343647,-0.09373803,0.9676189,-0.04751343,1.532881,0.1266037,353.4682,344.2303,1.557834,0,7,False
1,Center_Dir_Far,212,24.13999,-0.04751761,1.532899,0.126622,-0.04672789,1.197371,0.1415062,-0.5861073,-0.1963651,0.02224484,0.7857635,0.04565306,1.08771,0.3000729,-0.04944921,0.08498232,-0.09118415,0.9909683,MathCanvas,-0.9217168,1.215009,3.353619,-0.04751343,1.532881,0.1266037,-0.2605079,-0.09451741,0.9608341,-0.01508613,1.533806,0.1356737,-0.2865527,-0.09529171,0.9533137,-0.0799491,1.531991,0.1175702,-0.2343504,-0.09381224,0.9676152,-0.04751761,1.532899,0.126622,353.4702,344.2286,1.553797,0,7,False
1,Center_Dir_Far,213,24.15999,-0.04753295,1.532957,0.126715,-0.04661743,1.197324,0.1414581,-0.5865726,-0.1887201,0.02446967,0.7872221,0.04576469,1.087623,0.3001353,-0.04912868,0.08537484,-0.09121321,0.9909478,MathCanvas,-0.9224966,1.215439,3.353817,-0.04752028,1.532916,0.1266524,-0.2628479,-0.09447837,0.9602004,-0.01510783,1.533869,0.1357891,-0.2893029,-0.09506282,0.9525056,-0.07995807,1.532046,0.1176409,-0.2371414,-0.09358477,0.966957,-0.04753295,1.532957,0.126715,353.456,344.1879,1.560304,0,7,False
1,Center_Dir_Far,214,24.17999,-0.04753424,1.532972,0.1267471,-0.04661743,1.197324,0.1414581,-0.5865726,-0.1887201,0.02446967,0.7872221,0.04576469,1.087623,0.3001353,-0.04912868,0.08537484,-0.09121321,0.9909478,MathCanvas,-0.9303774,1.215627,3.351803,-0.04753295,1.532957,0.126715,-0.2633215,-0.09432382,0.9600858,-0.0151109,1.533884,0.1358276,-0.2894883,-0.0950302,0.9524525,-0.07995758,1.53206,0.1176667,-0.2373296,-0.09355101,0.9669141,-0.04753424,1.532972,0.1267471,353.4541,344.1766,1.561522,0,7,False
1,Center_Dir_Far,215,24.19999,-0.04748698,1.532923,0.1268304,-0.04660153,1.197243,0.1413703,-0.5872282,-0.1902123,0.02427877,0.7863796,0.04563923,1.087464,0.3001272,-0.04868719,0.08480409,-0.09113253,0.9910261,MathCanvas,-0.9320558,1.21613,3.351765,-0.04753126,1.532979,0.1267825,-0.2637507,-0.09414936,0.9599851,-0.01506304,1.53383,0.1359092,-0.289438,-0.09534024,0.9524368,-0.07991092,1.532017,0.1177516,-0.2372782,-0.09386946,0.9668959,-0.04748698,1.532923,0.1268304,353.4721,344.181,1.55237,0,7,False
1,Center_Dir_Far,216,24.21999,-0.04746565,1.53293,0.126872,-0.0465561,1.19726,0.1414081,-0.5872706,-0.1899458,0.02428047,0.7864124,0.0455756,1.087374,0.3001304,-0.04835072,0.08452342,-0.09132691,0.9910486,MathCanvas,-0.9335077,1.216646,3.351719,-0.04748698,1.532923,0.1268304,-0.2736394,-0.09442199,0.9571865,-0.01504091,1.533834,0.1359483,-0.2994705,-0.09516551,0.9493476,-0.07989039,1.532027,0.1177957,-0.2474647,-0.0937537,0.9643503,-0.04746565,1.53293,0.126872,353.4742,344.1862,1.547047,0,7,False
1,Center_Dir_Far,217,24.23999,-0.04746511,1.532928,0.1269205,-0.04653143,1.197262,0.1414296,-0.5872399,-0.1896419,0.02430674,0.7865078,0.0455756,1.087374,0.3001304,-0.04835072,0.08452342,-0.09132691,0.9910486,MathCanvas,-0.9666276,1.215764,3.342088,-0.04746565,1.53293,0.126872,-0.3490282,-0.07398421,0.9341872,-0.01503926,1.533829,0.135993,-0.3740488,-0.07446074,0.924415,-0.07989097,1.532028,0.1178479,-0.3235524,-0.07335826,0.9433623,-0.04746511,1.532928,0.1269205,353.4703,344.1933,1.542171,0,7,False
1,Center_Dir_Far,218,24.25999,-0.04745262,1.532936,0.1270227,-0.04653143,1.197262,0.1414296,-0.5872399,-0.1896419,0.02430674,0.7865078,0.0455756,1.087374,0.3001304,-0.04835072,0.08452342,-0.09132691,0.9910486,MathCanvas,-1.229754,1.282316,3.291362,-0.04745885,1.532932,0.1269718,-0.3489429,-0.07392436,0.9342238,-0.01502688,1.533833,0.136096,-0.3740748,-0.07448757,0.9244024,-0.07987837,1.532039,0.1179494,-0.3235788,-0.07339063,0.9433507,-0.04745262,1.532936,0.1270227,353.4725,344.1927,1.536371,0,7,False
1,Center_Dir_Far,219,24.27999,-0.04739216,1.532782,0.1271462,-0.04651088,1.197209,0.1415242,-0.5868933,-0.1874601,0.02457553,0.7872809,0.0454873,1.087243,0.300091,-0.04810032,0.0843477,-0.09115085,0.991092,MathCanvas,-1.229394,1.282539,3.291431,-0.04745262,1.532936,0.1270227,-0.3819067,-0.07514743,0.9211407,-0.01496591,1.533672,0.1362184,-0.4064869,-0.07710503,0.9103973,-0.07981841,1.531891,0.118074,-0.3568727,-0.0761783,0.9310418,-0.04739216,1.532782,0.1271462,353.5604,344.1985,1.524243,0,7,False
1,Center_Dir_Far,220,24.29999,-0.04731731,1.532686,0.1272841,-0.04650783,1.197203,0.1415023,-0.5869781,-0.1878855,0.02458601,0.7871158,0.04550692,1.087211,0.300057,-0.04804427,0.08440799,-0.09115978,0.9910888,MathCanvas,-1.344566,1.277538,3.255868,-0.04735922,1.53273,0.1272141,-0.3876983,-0.07715163,0.9185519,-0.01489066,1.533565,0.136356,-0.4121292,-0.07782883,0.9077953,-0.07974397,1.531808,0.1182122,-0.3626817,-0.07695229,0.9287305,-0.04731731,1.532686,0.1272841,353.6002,344.2025,1.50351,0,7,False
1,Center_Dir_Far,221,24.31999,-0.04727465,1.532651,0.1273531,-0.04649631,1.197203,0.1415078,-0.586943,-0.1878838,0.02459553,0.7871421,0.04551286,1.087197,0.3000586,-0.0479571,0.08438578,-0.09118011,0.991093,MathCanvas,-1.36424,1.27062,3.247395,-0.04731731,1.532686,0.1272841,-0.3875466,-0.0773906,0.9185959,-0.01484911,1.533527,0.1364292,-0.4122401,-0.07798242,0.9077317,-0.07970019,1.531774,0.1182771,-0.3627954,-0.07710952,0.928673,-0.04727465,1.532651,0.1273531,353.6096,344.1958,1.500757,0,7,False
1,Center_Dir_Far,222,24.33999,-0.04721009,1.532602,0.1274976,-0.04649649,1.197187,0.1414861,-0.5868298,-0.1876211,0.02466935,0.7872868,0.04553329,1.087165,0.3000722,-0.04778689,0.08431209,-0.09124446,0.9911016,MathCanvas,-1.363521,1.269805,3.247231,-0.04723629,1.532632,0.1274268,-0.3879395,-0.07208747,0.9188614,-0.01478192,1.533459,0.1365662,-0.4124821,-0.07276127,0.9080552,-0.07963825,1.531745,0.1184291,-0.363039,-0.07188452,0.9289969,-0.04721009,1.532602,0.1274976,353.6353,344.2137,1.467104,0,7,False
1,Center_Dir_Far,223,24.35999,-0.04718406,1.53258,0.1275709,-0.04649649,1.197187,0.1414861,-0.5868298,-0.1876211,0.02466935,0.7872868,0.04553329,1.087165,0.3000722,-0.04778689,0.08431209,-0.09124446,0.9911016,MathCanvas,-1.366751,1.287403,3.252923,-0.04721009,1.532602,0.1274976,-0.3879018,-0.07232285,0.9188589,-0.01475488,1.533431,0.1366363,-0.4123915,-0.07308831,0.9080701,-0.07961325,1.531729,0.1185054,-0.3629462,-0.07222339,0.9290069,-0.04718406,1.53258,0.1275709,353.6558,344.2209,1.456978,0,7,False
1,Center_Dir_Far,224,24.37999,-0.04708932,1.532544,0.1276924,-0.04646743,1.19716,0.1415182,-0.5861125,-0.1850357,0.02515984,0.7884168,0.04565401,1.087107,0.3001547,-0.04777572,0.08446694,-0.09104929,0.9911069,MathCanvas,-1.366469,1.286605,3.252682,-0.04712258,1.53257,0.1276245,-0.3875616,-0.07320829,0.9189323,-0.01465711,1.533395,0.136747,-0.4120523,-0.07395238,0.9081541,-0.07952152,1.531693,0.1186377,-0.3625997,-0.07309385,0.9290741,-0.04708932,1.532544,0.1276924,353.7061,344.2413,1.456387,0,7,False
1,Center_Dir_Far,225,24.39999,-0.04705277,1.532515,0.1277103,-0.04639145,1.197181,0.1415564,-0.584851,-0.1803914,0.02582365,0.7904059,0.04580966,1.087126,0.3002084,-0.04781852,0.08489008,-0.09099381,0.9910738,MathCanvas,-1.3648,1.283636,3.252065,-0.04708932,1.532544,0.1276924,-0.3861059,-0.07336157,0.9195327,-0.01461492,1.533356,0.1367456,-0.4101757,-0.0740437,0.9089958,-0.07949062,1.531673,0.118675,-0.3606701,-0.07319543,0.929817,-0.04705277,1.532515,0.1277103,353.7231,344.2778,1.439817,0,7,False
1,Center_Dir_Far,226,24.41999,-0.04701737,1.532494,0.127722,-0.04621692,1.197333,0.1417912,-0.5812041,-0.1693346,0.0275696,0.7954669,0.04597769,1.087124,0.3003011,-0.04765594,0.0852264,-0.09118573,0.9910351,MathCanvas,-1.359541,1.283137,3.253474,-0.04705277,1.532515,0.1277103,-0.3855636,-0.07361955,0.9197396,-0.01458117,1.53337,0.13676,-0.4101835,-0.07416898,0.9089821,-0.07945357,1.531618,0.1186841,-0.3606806,-0.07326558,0.9298073,-0.04701737,1.532494,0.127722,353.7215,344.2662,1.499243,0,7,False
1,Center_Dir_Far,227,24.43999,-0.04694255,1.532513,0.1278442,-0.04606001,1.197445,0.1421187,-0.5779377,-0.1590452,0.0289467,0.7999092,0.04605522,1.087117,0.3003302,-0.04764414,0.08538616,-0.09122171,0.9910186,MathCanvas,-1.357502,1.28227,3.253806,-0.04697853,1.532518,0.1277778,-0.385178,-0.07813863,0.9195282,-0.01450521,1.53339,0.136878,-0.4096873,-0.07866395,0.908828,-0.07937989,1.531637,0.1188104,-0.3601751,-0.07778989,0.9296357,-0.04694255,1.532513,0.1278442,353.7322,344.2737,1.500044,0,7,False
1,Center_Dir_Far,228,24.45999,-0.04690471,1.532502,0.1279085,-0.04599855,1.197485,0.142214,-0.5768842,-0.1558178,0.02941577,0.8012866,0.04605522,1.087117,0.3003302,-0.04764414,0.08538616,-0.09122171,0.9910186,MathCanvas,-1.354383,1.267281,3.249073,-0.04694255,1.532513,0.1278442,-0.3850715,-0.07822691,0.9195654,-0.01446657,1.533382,0.1369391,-0.4095823,-0.07885768,0.9088586,-0.07934286,1.531623,0.1188779,-0.360068,-0.07797969,0.9296614,-0.04690471,1.532502,0.1279085,353.7426,344.279,1.505569,0,7,False
1,Center_Dir_Far,229,24.47999,-0.04686491,1.532495,0.1279146,-0.04531958,1.197691,0.1434483,-0.5656358,-0.1316989,0.03163351,0.8134562,0.04631689,1.086991,0.3004547,-0.04758823,0.08589795,-0.09095058,0.991002,MathCanvas,-1.353999,1.266968,3.2493,-0.04691893,1.532585,0.1279198,-0.385229,-0.07807724,0.9195122,-0.01443047,1.53333,0.1369627,-0.4101371,-0.07932414,0.9085677,-0.07929935,1.53166,0.1188664,-0.3606325,-0.0785216,0.9293969,-0.04686491,1.532495,0.1279146,353.7813,344.2578,1.428745,0,7,False
1,Center_Dir_Far,230,24.49999,-0.04682998,1.532476,0.1279543,-0.04518512,1.197752,0.1436895,-0.5633003,-0.1263875,0.03226654,0.8158908,0.04631689,1.086991,0.3004547,-0.04758823,0.08589795,-0.09095058,0.991002,MathCanvas,-1.354658,1.267434,3.249517,-0.04686491,1.532495,0.1279146,-0.3844584,-0.07890548,0.9197639,-0.01439597,1.533307,0.1370043,-0.4091311,-0.07961394,0.9089957,-0.07926399,1.531645,0.1189043,-0.3595965,-0.0788146,0.9297734,-0.04682998,1.532476,0.1279543,353.7999,344.2557,1.422229,0,7,False
1,Center_Dir_Far,231,24.51999,-0.04661164,1.532426,0.127971,-0.0453987,1.197939,0.1440758,-0.5603908,-0.1214167,0.03750215,0.8184215,0.04642138,1.086887,0.3004839,-0.04733646,0.08625254,-0.09106071,0.9909731,MathCanvas,-1.351771,1.264652,3.249847,-0.04668795,1.532443,0.1279434,-0.3846248,-0.07954194,0.9196395,-0.01417671,1.533247,0.1370186,-0.4092183,-0.07999346,0.9089232,-0.07904658,1.531606,0.1189233,-0.3596861,-0.07921433,0.9297048,-0.04661164,1.532426,0.127971,353.8286,344.2626,1.404203,0,7,False
1,Center_Dir_Far,232,24.53999,-0.04654042,1.532425,0.1279887,-0.04517755,1.197876,0.144147,-0.559517,-0.118605,0.03858748,0.8193807,0.0464269,1.086868,0.3004828,-0.0473384,0.08620204,-0.09107518,0.9909761,MathCanvas,-1.352049,1.262457,3.249276,-0.04661164,1.532426,0.127971,-0.3839122,-0.08040538,0.9198622,-0.01410461,1.533244,0.1370333,-0.4084579,-0.08093481,0.9091819,-0.07897623,1.531606,0.1189441,-0.3589047,-0.08016089,0.9299256,-0.04654042,1.532425,0.1279887,353.8371,344.2685,1.402193,0,7,False
1,Center_Dir_Far,233,24.55999,-0.04643505,1.532401,0.1280294,-0.04471759,1.197664,0.144089,-0.5600302,-0.1143076,0.03964463,0.8195904,0.04645661,1.086861,0.3004836,-0.04713655,0.08624257,-0.09127549,0.9909638,MathCanvas,-1.349473,1.259543,3.249843,-0.04649193,1.53242,0.1280054,-0.3835538,-0.08044779,0.9200079,-0.01399576,1.533205,0.137063,-0.4081811,-0.0808751,0.9093115,-0.07887435,1.531598,0.1189959,-0.3586204,-0.08012678,0.9300382,-0.04643505,1.532401,0.1280294,353.8377,344.2912,1.374642,0,7,False
1,Center_Dir_Far,234,24.57999,-0.04638721,1.532387,0.1280494,-0.04458634,1.197662,0.1442248,-0.5587757,-0.1107256,0.04062938,0.8208891,0.04646487,1.086858,0.3004845,-0.04707695,0.08626536,-0.09135247,0.9909575,MathCanvas,-1.348288,1.259346,3.250708,-0.04643505,1.532401,0.1280294,-0.3835407,-0.08050095,0.9200088,-0.01394629,1.533182,0.1370779,-0.40805,-0.08100373,0.9093589,-0.07882813,1.531592,0.1190209,-0.3584858,-0.08027001,0.9300778,-0.04638721,1.532387,0.1280494,353.8473,344.302,1.360086,0,7,False
1,Center_Dir_Far,235,24.59999,-0.04631603,1.532379,0.1280788,-0.04457728,1.19755,0.1437635,-0.5624082,-0.1121272,0.04112962,0.8181888,0.04648701,1.086855,0.3004785,-0.04690939,0.08634607,-0.09157294,0.9909381,MathCanvas,-1.348682,1.259049,3.251897,-0.04638721,1.532387,0.1280494,-0.3834084,-0.08063684,0.920052,-0.01387307,1.533173,0.1371001,-0.4078445,-0.08111791,0.9094409,-0.07875898,1.531585,0.1190575,-0.3582757,-0.08038673,0.9301487,-0.04631603,1.532379,0.1280788,353.8542,344.3152,1.358178,0,7,False
1,Center_Dir_Far,236,24.61999,-0.04613184,1.532251,0.128066,-0.04468166,1.197754,0.1432067,-0.5668873,-0.1189244,0.03897965,0.8142337,0.04653764,1.086829,0.3003628,-0.04720444,0.08627235,-0.0913776,0.9909485,MathCanvas,-1.348399,1.25853,3.252642,-0.04623537,1.532338,0.1280824,-0.3827338,-0.08113638,0.920289,-0.01368994,1.533049,0.1370907,-0.407593,-0.08206432,0.9094687,-0.07857373,1.531452,0.1190414,-0.3580174,-0.08133049,0.9301661,-0.04613184,1.532251,0.128066,353.9083,344.3096,1.366013,0,7,False
1,Center_Dir_Far,237,24.63999,-0.04606289,1.532203,0.1280382,-0.04469916,1.197769,0.143149,-0.5672279,-0.1209747,0.03824126,0.8137293,0.04657278,1.086812,0.3003176,-0.04728097,0.08636539,-0.09144808,0.9909303,MathCanvas,-1.345975,1.256695,3.253558,-0.04613184,1.532251,0.128066,-0.3752462,-0.06850177,0.9243905,-0.01362118,1.532991,0.1370644,-0.4000615,-0.06921864,0.9138707,-0.07850459,1.531414,0.1190119,-0.3502546,-0.06838129,0.934155,-0.04606289,1.532203,0.1280382,353.9275,344.3092,1.348684,0,7,False
1,Center_Dir_Far,238,24.65999,-0.0459433,1.532132,0.1279838,-0.04467107,1.197772,0.1430751,-0.5674078,-0.1220344,0.03768085,0.8134717,0.04662569,1.086767,0.3002639,-0.04714266,0.08650748,-0.09161858,0.9909087,MathCanvas,-1.324505,1.298821,3.277384,-0.04599897,1.532173,0.1280064,-0.3692349,-0.06899909,0.9267711,-0.0135028,1.532899,0.1370161,-0.3939726,-0.06966358,0.9164783,-0.0783838,1.531364,0.1189514,-0.3439929,-0.06883686,0.9364457,-0.0459433,1.532132,0.1279838,353.9635,344.3032,1.313038,0,7,False
1,Center_Dir_Far,239,24.67999,-0.0458541,1.532124,0.127947,-0.04466844,1.197773,0.1429359,-0.5674186,-0.1224512,0.03727904,0.8134201,0.04668987,1.086683,0.3001895,-0.04690332,0.08648006,-0.09169516,0.9909154,MathCanvas,-1.303163,1.297195,3.283576,-0.0459433,1.532132,0.1279838,-0.369118,-0.06925023,0.9267989,-0.01341571,1.532896,0.1369866,-0.3941619,-0.0698641,0.9163817,-0.07829249,1.531352,0.1189075,-0.3441867,-0.06903165,0.9363601,-0.0458541,1.532124,0.127947,353.9741,344.2899,1.320365,0,7,False
1,Center_Dir_Far,240,24.69999,-0.04571759,1.532073,0.1279116,-0.04466844,1.197773,0.1429359,-0.5674186,-0.1224512,0.03727904,0.8134201,0.04668987,1.086683,0.3001895,-0.04690332,0.08648006,-0.09169516,0.9909154,MathCanvas,-1.303381,1.2962,3.285406,-0.04578576,1.532098,0.1279293,-0.3757528,-0.06918671,0.9241337,-0.01328028,1.532836,0.1369557,-0.4005766,-0.06983101,0.9135984,-0.07815491,1.531309,0.1188674,-0.3507799,-0.06903823,0.9339097,-0.04571759,1.532073,0.1279116,354.0045,344.2841,1.305278,0,7,False
1,Center_Dir_Far,241,24.71999,-0.04553141,1.53209,0.1279213,-0.04481249,1.197534,0.1422428,-0.5705155,-0.1286228,0.0353896,0.81038,0.04681922,1.086652,0.3000299,-0.04709191,0.08646812,-0.09194709,0.9908841,MathCanvas,-1.327508,1.296059,3.280371,-0.04571759,1.532073,0.1279116,-0.3758155,-0.06943463,0.9240896,-0.01309074,1.53286,0.1369528,-0.4002549,-0.06872927,0.9138229,-0.07797209,1.531321,0.1188897,-0.3504509,-0.06791934,0.9341152,-0.04553141,1.53209,0.1279213,353.9391,344.3037,1.316276,0,7,False
1,Center_Dir_Far,242,24.73999,-0.04544181,1.532094,0.1279042,-0.04483888,1.197496,0.1421822,-0.5709639,-0.1294097,0.03512631,0.8099504,0.04683728,1.086652,0.3000194,-0.04712093,0.08648016,-0.09197892,0.9908788,MathCanvas,-1.328389,1.295073,3.282328,-0.04553141,1.53209,0.1279213,-0.3662128,-0.08390287,0.9267408,-0.01300011,1.53286,0.1369324,-0.3910193,-0.08418629,0.9165242,-0.07788352,1.531329,0.1188759,-0.3409721,-0.083438,0.9363633,-0.04544181,1.532094,0.1279042,353.9346,344.3103,1.309051,0,7,False
1,Center_Dir_Far,243,24.75999,-0.04520914,1.53225,0.1278695,-0.04497711,1.197368,0.1418762,-0.5729821,-0.1334277,0.03380888,0.8079267,0.04707581,1.086627,0.3000479,-0.04718429,0.08682872,-0.09224251,0.9908208,MathCanvas,-1.289214,1.247134,3.275403,-0.04533458,1.532163,0.1278886,-0.36602,-0.08303103,0.9268955,-0.01276189,1.532984,0.1368803,-0.3906565,-0.08265571,0.9168182,-0.07765638,1.531515,0.1188586,-0.3405982,-0.08194754,0.936631,-0.04520914,1.53225,0.1278695,353.8525,344.345,1.257297,0,7,False
1,Center_Dir_Far,244,24.77999,-0.04510702,1.532288,0.1278449,-0.04497711,1.197368,0.1418762,-0.5729821,-0.1334277,0.03380888,0.8079267,0.04711363,1.086621,0.3000577,-0.04719493,0.08691828,-0.09228874,0.9908081,MathCanvas,-1.289068,1.250082,3.277772,-0.04520914,1.53225,0.1278695,-0.3657615,-0.08230167,0.9270625,-0.01265717,1.533015,0.136847,-0.3904293,-0.08251862,0.9169273,-0.07755688,1.531561,0.1188429,-0.3403655,-0.08182196,0.9367265,-0.04510702,1.532288,0.1278449,353.8463,344.3618,1.244303,0,7,False
1,Center_Dir_Far,245,24.79999,-0.04486823,1.532283,0.1277486,-0.04525229,1.197362,0.1417271,-0.5733709,-0.1335252,0.03419844,0.8076183,0.04733706,1.086581,0.3001449,-0.04717973,0.08753843,-0.09246295,0.990738,MathCanvas,-1.289134,1.252364,3.280966,-0.04497519,1.532263,0.1277789,-0.233286,-0.09650309,0.9676077,-0.0124114,1.532982,0.1367276,-0.2592778,-0.09704547,0.9609148,-0.07732506,1.531583,0.1187695,-0.2067067,-0.09575722,0.9737058,-0.04486823,1.532283,0.1277486,353.8555,344.408,1.196874,0,7,False
1,Center_Dir_Far,246,24.81999,-0.04476143,1.532282,0.1277024,-0.04525752,1.197387,0.1417805,-0.5730612,-0.1327398,0.03436593,0.8079605,0.04735843,1.086572,0.3001575,-0.0471631,0.08759459,-0.0924584,0.9907342,MathCanvas,-0.8279393,1.208351,3.375717,-0.04486823,1.532283,0.1277486,-0.2330802,-0.09640139,0.9676675,-0.01230193,1.532965,0.1366731,-0.259074,-0.09705819,0.9609684,-0.07722093,1.5316,0.1187317,-0.2064988,-0.09579682,0.9737459,-0.04476143,1.532282,0.1277024,353.856,344.426,1.168144,0,7,False
1,Center_Dir_Far,247,24.83999,-0.04455233,1.53212,0.1275182,-0.04530416,1.197515,0.1420144,-0.5714704,-0.129297,0.03517161,0.8096091,0.04752254,1.08653,0.3002504,-0.04686138,0.08799677,-0.09264366,0.9906956,MathCanvas,-0.8271978,1.208669,3.376104,-0.04466027,1.532126,0.1275627,-0.2254598,-0.09706917,0.9694047,-0.01208195,1.532764,0.1364522,-0.2513911,-0.09779415,0.9629325,-0.0770227,1.531475,0.1185841,-0.1987277,-0.09655643,0.9752867,-0.04455233,1.53212,0.1275182,353.9013,344.4988,1.102949,0,7,False
1,Center_Dir_Far,248,24.85999,-0.04444347,1.5321,0.1274623,-0.04533665,1.197573,0.1420537,-0.5709527,-0.1281703,0.03549023,0.8101395,0.04754564,1.08652,0.3002665,-0.04682598,0.08809061,-0.09270611,0.9906831,MathCanvas,-0.801304,1.206309,3.381308,-0.04455233,1.53212,0.1275182,-0.2251444,-0.09717529,0.9694673,-0.01196939,1.532731,0.136384,-0.2510507,-0.09800309,0.963,-0.07691754,1.53147,0.1185407,-0.1983819,-0.09678783,0.9753342,-0.04444347,1.5321,0.1274623,353.9129,344.5237,1.07859,0,7,False
1,Center_Dir_Far,249,24.87999,-0.04433274,1.532242,0.1273393,-0.04508463,1.197752,0.1422007,-0.5699049,-0.1260006,0.03587826,0.8111998,0.04743379,1.086623,0.3003013,-0.04743383,0.08781016,-0.09244246,0.9907037,MathCanvas,-0.8001133,1.205943,3.381361,-0.04440552,1.532193,0.1273951,-0.223769,-0.09630538,0.9698725,-0.01185049,1.532874,0.1362311,-0.2495566,-0.09669939,0.96352,-0.07681498,1.53161,0.1184476,-0.1968697,-0.09548119,0.9757693,-0.04433274,1.532242,0.1273393,353.8382,344.5747,1.081005,0,7,False
1,Center_Dir_Far,250,24.89999,-0.0442463,1.532261,0.1272906,-0.04507304,1.197755,0.142201,-0.5699069,-0.126021,0.03586867,0.8111956,0.04741077,1.086642,0.3003014,-0.04749653,0.08776299,-0.09243403,0.9907057,MathCanvas,-0.7955927,1.208916,3.383493,-0.04433274,1.532242,0.1273393,-0.2165788,-0.09593285,0.9715403,-0.01176105,1.532886,0.1361719,-0.2425956,-0.09629721,0.9653363,-0.07673156,1.531637,0.1184093,-0.1898379,-0.09505656,0.9772031,-0.0442463,1.532261,0.1272906,353.8228,344.5944,1.067868,0,7,False
1,Center_Dir_Far,251,24.91999,-0.04418372,1.532211,0.1272366,-0.04499869,1.197788,0.1422423,-0.5696934,-0.1259619,0.03581813,0.811357,0.04730366,1.086733,0.3002979,-0.04768348,0.08749858,-0.09243634,0.9907199,MathCanvas,-0.7714258,1.21016,3.389309,-0.0442463,1.532261,0.1272906,-0.2162984,-0.09567694,0.971628,-0.01169616,1.532851,0.1361083,-0.2422664,-0.09626395,0.9654223,-0.07667129,1.53157,0.118365,-0.1895058,-0.09499671,0.9772733,-0.04418372,1.532211,0.1272366,353.8215,344.6082,1.096253,0,7,False
1,Center_Dir_Far,252,24.93999,-0.04410294,1.532109,0.1271082,-0.04476972,1.197905,0.1422874,-0.5700621,-0.1281483,0.03459836,0.8108084,0.04704249,1.086956,0.3002665,-0.04800147,0.08667286,-0.09254149,0.9907673,MathCanvas,-0.7704677,1.210948,3.389757,-0.04410308,1.532229,0.1271835,-0.215382,-0.1007012,0.9713238,-0.01161303,1.532751,0.1359712,-0.2417384,-0.1020126,0.9649642,-0.07659286,1.531466,0.1182453,-0.1889753,-0.1007285,0.976802,-0.04410294,1.532109,0.1271082,353.8509,344.6238,1.098969,0,7,False
1,Center_Dir_Far,253,24.95999,-0.04407386,1.532037,0.1270432,-0.04466772,1.198021,0.1422097,-0.5709781,-0.1314012,0.03300812,0.8097087,0.04698985,1.087035,0.3002239,-0.04809407,0.08644436,-0.09259445,0.9907778,MathCanvas,-0.7663882,1.194406,3.384449,-0.04410294,1.532109,0.1271082,-0.2066358,-0.108289,0.9724069,-0.01158298,1.532673,0.1359031,-0.2328794,-0.1094583,0.9663261,-0.07656474,1.5314,0.1181834,-0.1800399,-0.1081146,0.9776998,-0.04407386,1.532037,0.1270432,353.879,344.631,1.088305,0,7,False
1,Center_Dir_Far,254,24.97999,-0.04404987,1.531861,0.1269031,-0.04462794,1.198296,0.1418773,-0.5752745,-0.143278,0.0291188,0.8047874,0.04691272,1.087112,0.3001801,-0.04824341,0.08621004,-0.09255411,0.9907947,MathCanvas,-0.7357107,1.169579,3.381814,-0.04403365,1.532001,0.1269778,-0.2064416,-0.109507,0.9723117,-0.01156175,1.532484,0.135774,-0.2331729,-0.1110715,0.9660711,-0.07653798,1.531238,0.1180322,-0.180337,-0.1097444,0.9774635,-0.04404987,1.531861,0.1269031,353.9713,344.6157,1.065424,0,7,False
1,Center_Dir_Far,255,24.99999,-0.04403414,1.531802,0.126835,-0.04461615,1.198363,0.1418393,-0.5764219,-0.1462886,0.02824666,0.8034548,0.04690893,1.08712,0.3001695,-0.04830062,0.08621417,-0.09251074,0.9907956,MathCanvas,-0.7348372,1.165433,3.380416,-0.04404987,1.531861,0.1269031,-0.2071491,-0.1034559,0.9728238,-0.01154753,1.53242,0.1357118,-0.233659,-0.1045722,0.9666789,-0.07652075,1.531185,0.1179582,-0.180824,-0.1032729,0.9780784,-0.04403414,1.531802,0.126835,353.9977,344.6068,1.0562,0,7,False
1,Center_Dir_Far,256,25.01999,-0.04410324,1.531739,0.1266938,-0.04457944,1.198208,0.1421119,-0.5755073,-0.1445117,0.02768221,0.804451,0.0469348,1.087133,0.3001034,-0.04859892,0.086313,-0.09247341,0.9907759,MathCanvas,-0.7382308,1.185102,3.386955,-0.04406855,1.531742,0.126758,-0.2069314,-0.09912889,0.9733205,-0.01162647,1.532341,0.1356076,-0.2337952,-0.09954896,0.9671762,-0.07658002,1.531138,0.1177799,-0.1809613,-0.09828353,0.978567,-0.04410324,1.531739,0.1266938,353.9964,344.5445,1.028578,0,7,False
1,Center_Dir_Far,257,25.03999,-0.04411198,1.531733,0.1266531,-0.0445828,1.198145,0.1421228,-0.5745885,-0.1427566,0.02804261,0.8054081,0.04695887,1.087125,0.3001136,-0.04852089,0.08634128,-0.09255922,0.9907693,MathCanvas,-0.738358,1.199162,3.392184,-0.04410324,1.531739,0.1266938,-0.2074564,-0.09891625,0.9732304,-0.01163755,1.53233,0.1355758,-0.2340707,-0.09950959,0.9671136,-0.07658641,1.531135,0.1177305,-0.1812398,-0.09825091,0.9785188,-0.04411198,1.531733,0.1266531,353.9939,344.5297,1.021499,0,7,False
1,Center_Dir_Far,258,25.05999,-0.0441108,1.531707,0.1266009,-0.0445828,1.198145,0.1421228,-0.5745885,-0.1427566,0.02804261,0.8054081,0.04695887,1.087125,0.3001136,-0.04852089,0.08634128,-0.09255922,0.9907693,MathCanvas,-0.7401749,1.199847,3.39206,-0.04411198,1.531733,0.1266531,-0.2077338,-0.09888023,0.9731749,-0.01163882,1.532298,0.1355328,-0.2343556,-0.09967348,0.9670277,-0.07658277,1.531115,0.1176689,-0.1815277,-0.09842356,0.978448,-0.0441108,1.531707,0.1266009,354.003,344.5146,1.011648,0,7,False
1,Center_Dir_Far,259,25.07999,-0.04412256,1.531702,0.1265181,-0.04461567,1.198096,0.1419338,-0.5748227,-0.1410468,0.02884612,0.8055139,0.0472383,1.087057,0.3001823,-0.04820946,0.08706784,-0.09279894,0.9906985,MathCanvas,-0.7411171,1.199935,3.39188,-0.0441205,1.531694,0.1265611,-0.2111055,-0.01211907,0.9773881,-0.01165557,1.53229,0.1354684,-0.2377568,-0.01315195,0.9712358,-0.07658955,1.531114,0.1175678,-0.1849275,-0.0121692,0.9826768,-0.04412256,1.531702,0.1265181,354.0306,344.4833,1.005007,0,7,False
1,Center_Dir_Far,260,25.09999,-0.04410384,1.531672,0.1264596,-0.04464474,1.198106,0.141841,-0.5751956,-0.1410445,0.02882858,0.8052487,0.04731549,1.087075,0.3001568,-0.04824874,0.08722486,-0.09274158,0.9906881,MathCanvas,-0.7411171,1.199935,3.39188,-0.04412256,1.531702,0.1265181,-0.2811125,-0.01393379,0.9595737,-0.01164011,1.532258,0.1354219,-0.3073343,-0.0143324,0.9514937,-0.07656757,1.531087,0.1174973,-0.2553951,-0.01340368,0.9667439,-0.04410384,1.531672,0.1264596,354.0269,344.4626,1.001155,0,7,False
1,Center_Dir_Far,261,25.11999,-0.04403684,1.531667,0.1263371,-0.0445883,1.198149,0.1417933,-0.5754233,-0.1408945,0.02872197,0.8051161,0.04738057,1.087116,0.3001417,-0.04839885,0.08731869,-0.09279048,0.9906679,MathCanvas,-0.7411171,1.199935,3.39188,-0.04410096,1.531656,0.1264044,-0.2810896,-0.04090391,0.9588094,-0.01157343,1.53224,0.1353014,-0.3068253,-0.04094654,0.9508846,-0.07650024,1.531095,0.1173729,-0.2548871,-0.0400615,0.9661406,-0.04403684,1.531667,0.1263371,354.0116,344.4611,0.9797566,0,7,False
1,Center_Dir_Far,262,25.13999,-0.04399969,1.531678,0.1262818,-0.0445293,1.19818,0.14177,-0.5754806,-0.1407336,0.02869975,0.8051041,0.04741919,1.087168,0.3001009,-0.04864681,0.0874395,-0.09281249,0.9906431,MathCanvas,-1.006042,1.391677,3.407781,-0.04403684,1.531667,0.1263371,-0.2809598,-0.04050403,0.9588645,-0.01153378,1.532251,0.1352371,-0.3065707,-0.04059231,0.950982,-0.07646559,1.531106,0.1173266,-0.2546283,-0.03970765,0.9662234,-0.04399969,1.531678,0.1262818,353.9913,344.4768,0.9790496,0,7,False
1,Center_Dir_Far,263,25.15999,-0.04391193,1.53172,0.1261748,-0.0445211,1.198181,0.1416789,-0.5756902,-0.1407769,0.02879798,0.8049431,0.04741231,1.087222,0.3000004,-0.04875616,0.0875155,-0.0928496,0.9906275,MathCanvas,-1.005695,1.393037,3.408373,-0.04393863,1.531713,0.1262303,-0.1783653,-0.06334867,0.981923,-0.01144453,1.532325,0.1351224,-0.2048207,-0.06386381,0.9767138,-0.07637933,1.531114,0.1172272,-0.1517804,-0.06258993,0.9864305,-0.04391193,1.53172,0.1261748,353.9679,344.4836,1.035668,0,7,False
1,Center_Dir_Far,264,25.17999,-0.04391604,1.531745,0.1260582,-0.0445211,1.198181,0.1416789,-0.5756902,-0.1407769,0.02879798,0.8049431,0.04733572,1.087296,0.2998411,-0.04888839,0.08720219,-0.09303308,0.9906314,MathCanvas,-0.6484883,1.316997,3.454443,-0.04391193,1.53172,0.1261748,-0.1783667,-0.06322689,0.9819306,-0.01144819,1.532337,0.1350051,-0.2048087,-0.06423596,0.976692,-0.0763839,1.531153,0.1171113,-0.1517679,-0.06298153,0.9864076,-0.04391604,1.531745,0.1260582,353.9878,344.4878,1.013002,0,7,False
1,Center_Dir_Far,265,25.19999,-0.04391602,1.531742,0.1258752,-0.0445211,1.198181,0.1416789,-0.5756902,-0.1407769,0.02879798,0.8049431,0.04730342,1.087307,0.2997887,-0.04894069,0.08707852,-0.09295425,0.9906471,MathCanvas,-0.6485155,1.317428,3.454453,-0.0439196,1.53174,0.1259623,-0.1773901,-0.08912775,0.9800965,-0.01144768,1.532324,0.1348209,-0.2037967,-0.0898701,0.9748796,-0.07638437,1.531159,0.1169295,-0.1507595,-0.08850953,0.9846002,-0.04391602,1.531742,0.1258752,353.9931,344.4917,0.9963112,0,7,False
1,Center_Dir_Far,266,25.21999,-0.04386758,1.531689,0.1257163,-0.04427023,1.198172,0.141366,-0.5765612,-0.141554,0.02874315,0.804185,0.04724737,1.087318,0.2996854,-0.04896745,0.08698045,-0.09272008,0.9906763,MathCanvas,-0.640878,1.231805,3.424145,-0.04391602,1.531742,0.1258752,-0.1773452,-0.08918981,0.9800989,-0.0114016,1.532287,0.1346696,-0.2039803,-0.09001554,0.9748278,-0.07633357,1.531092,0.116763,-0.150946,-0.08863006,0.9845608,-0.04386758,1.531689,0.1257163,354.0031,344.4757,1.022104,0,7,False
1,Center_Dir_Far,267,25.23999,-0.0438351,1.531692,0.1255618,-0.0442398,1.19818,0.1411955,-0.5774112,-0.1421348,0.02886182,0.8034681,0.04721942,1.087327,0.299552,-0.04889229,0.08691851,-0.09287324,0.9906712,MathCanvas,-0.640658,1.231554,3.423881,-0.04386758,1.531689,0.1257163,-0.17753,-0.08932287,0.9800533,-0.01136902,1.532293,0.1345145,-0.2039517,-0.09001663,0.9748337,-0.07630117,1.53109,0.1166091,-0.1509175,-0.08862476,0.9845657,-0.0438351,1.531692,0.1255618,354.0036,344.4761,1.028879,0,7,False
1,Center_Dir_Far,268,25.25999,-0.04380612,1.531693,0.1253537,-0.04423152,1.198188,0.1411592,-0.5775484,-0.1422373,0.0288841,0.8033506,0.04721942,1.087327,0.299552,-0.04889229,0.08691851,-0.09287324,0.9906712,MathCanvas,-0.6412361,1.231114,3.423511,-0.04381914,1.531692,0.1254607,-0.173432,-0.09170308,0.9805671,-0.01134012,1.532296,0.1343066,-0.1998885,-0.09237849,0.9754542,-0.07627212,1.53109,0.1164008,-0.1468358,-0.0909534,0.9849703,-0.04380612,1.531693,0.1253537,354.0038,344.4754,1.03124,0,7,False
1,Center_Dir_Far,269,25.27999,-0.04383684,1.531712,0.125137,-0.04410931,1.1982,0.1408926,-0.5776367,-0.1417343,0.02892086,0.8033746,0.04713086,1.087356,0.2993593,-0.04890487,0.08641597,-0.09283771,0.9907178,MathCanvas,-0.6271232,1.223261,3.423369,-0.04380612,1.531693,0.1253537,-0.1734275,-0.09166597,0.9805714,-0.01137492,1.532315,0.1341047,-0.2003604,-0.09175867,0.9754158,-0.07629876,1.53111,0.1161693,-0.147312,-0.09033721,0.984956,-0.04383684,1.531712,0.125137,353.968,344.4487,1.030637,0,7,False
1,Center_Dir_Far,270,25.29999,-0.04383748,1.531714,0.1248401,-0.04406912,1.198202,0.140749,-0.5779128,-0.1416291,0.02881742,0.8031983,0.04711372,1.087373,0.2992961,-0.04903925,0.08631255,-0.0927021,0.9907328,MathCanvas,-0.6271385,1.223405,3.423167,-0.04384115,1.531712,0.124975,-0.1734295,-0.09587499,0.9801685,-0.01138031,1.532312,0.1338253,-0.2000593,-0.09646139,0.9750238,-0.07629465,1.531117,0.1158549,-0.1470139,-0.09502166,0.9845597,-0.04383748,1.531714,0.1248401,353.9474,344.4184,1.021748,0,7,False
1,Center_Dir_Far,271,25.31999,-0.04383753,1.531703,0.1246922,-0.04405921,1.198206,0.1406972,-0.5780215,-0.1416331,0.02876986,0.8031211,0.04711946,1.087387,0.2992592,-0.04911474,0.08631603,-0.0926662,0.9907322,MathCanvas,-0.6265339,1.209589,3.418055,-0.04383748,1.531714,0.1248401,-0.1736023,-0.09574158,0.9801509,-0.01138237,1.532298,0.1336849,-0.2002965,-0.09631554,0.9749895,-0.07629269,1.531109,0.1156996,-0.1472531,-0.0948808,0.9845375,-0.04383753,1.531703,0.1246922,353.9386,344.4056,1.017177,0,7,False
1,Center_Dir_Far,272,25.33999,-0.04376704,1.531623,0.1243174,-0.04398602,1.198159,0.1404844,-0.5781857,-0.1415922,0.02832764,0.8030258,0.0472018,1.087438,0.2990905,-0.04928195,0.08646422,-0.09276805,0.9907014,MathCanvas,-0.6270968,1.210036,3.417748,-0.04377702,1.531628,0.1244712,-0.1710862,-0.09543902,0.9806227,-0.01131902,1.532231,0.1333349,-0.1977874,-0.09605873,0.975527,-0.07621507,1.531015,0.1152999,-0.1447378,-0.09458707,0.9849388,-0.04376704,1.531623,0.1243174,353.93,344.3591,1.039898,0,7,False
1,Center_Dir_Far,273,25.35999,-0.04375707,1.531618,0.1241637,-0.04398602,1.198159,0.1404844,-0.5781857,-0.1415922,0.02832764,0.8030258,0.0472018,1.087438,0.2990905,-0.04928195,0.08646422,-0.09276805,0.9907014,MathCanvas,-0.6187018,1.210901,3.419697,-0.04376704,1.531623,0.1243174,-0.1713275,-0.0953229,0.9805919,-0.01131129,1.532227,0.1331891,-0.1980274,-0.09594367,0.9754897,-0.07620284,1.531008,0.1151382,-0.1449801,-0.09446989,0.9849143,-0.04375707,1.531618,0.1241637,353.9236,344.3446,1.042893,0,7,False
1,Center_Dir_Far,274,25.37999,-0.04371087,1.531556,0.1239093,-0.04392361,1.198041,0.1404058,-0.5778453,-0.1420632,0.02800687,0.8031989,0.04724628,1.087441,0.29882,-0.04922172,0.08643236,-0.09281174,0.9907032,MathCanvas,-0.6194851,1.211295,3.419339,-0.04375707,1.531618,0.1241637,-0.1715684,-0.0952068,0.980561,-0.01126022,1.532153,0.132918,-0.1975418,-0.09625278,0.9755576,-0.07616152,1.530958,0.1149006,-0.1444891,-0.09479611,0.9849552,-0.04371087,1.531556,0.1239093,353.94,344.3767,1.022895,0,7,False
1,Center_Dir_Far,275,25.39999,-0.04366039,1.531519,0.1235519,-0.04389655,1.198039,0.1404103,-0.5776907,-0.1421051,0.02785848,0.8033079,0.04725976,1.087432,0.2987695,-0.0491907,0.08638548,-0.09282205,0.9907078,MathCanvas,-0.6202779,1.211607,3.419151,-0.04369399,1.531539,0.1237368,-0.1749886,-0.08700231,0.9807189,-0.01121207,1.532115,0.1325691,-0.2016045,-0.08757471,0.9755442,-0.07610872,1.530923,0.1145347,-0.1485676,-0.08618233,0.9851397,-0.04366039,1.531519,0.1235519,353.9303,344.3619,1.019668,0,7,False
1,Center_Dir_Far,276,25.41999,-0.04354298,1.531523,0.1232158,-0.04362543,1.198081,0.1404851,-0.5752088,-0.14441,0.02622116,0.8047317,0.04733996,1.087396,0.298431,-0.04917616,0.08615037,-0.09275547,0.9907352,MathCanvas,-0.6329768,1.238517,3.426361,-0.04366039,1.531519,0.1235519,-0.1751519,-0.08687852,0.9807007,-0.01108837,1.532129,0.1322097,-0.2009112,-0.08682788,0.9757539,-0.07599759,1.530917,0.114222,-0.1478676,-0.08542373,0.985311,-0.04354298,1.531523,0.1232158,353.8884,344.4004,1.036322,0,7,False
1,Center_Dir_Far,277,25.43999,-0.04345622,1.531535,0.1228101,-0.04345782,1.198048,0.1405445,-0.5718132,-0.1456569,0.02515822,0.8069578,0.04740994,1.087415,0.2982321,-0.04928973,0.08602614,-0.09275369,0.9907405,MathCanvas,-0.6334202,1.238933,3.426024,-0.04349147,1.53153,0.1230113,-0.1747128,-0.09191999,0.9803194,-0.01100011,1.532145,0.1317983,-0.2010818,-0.09233319,0.9752132,-0.07591233,1.530925,0.1138219,-0.1480404,-0.09089782,0.9847952,-0.04345622,1.531535,0.1228101,353.8362,344.4087,1.043517,0,7,False
1,Center_Dir_Far,278,25.45999,-0.04342697,1.531533,0.1226078,-0.04341481,1.197981,0.140534,-0.5708172,-0.1456604,0.02492657,0.8076692,0.04742206,1.087418,0.2982026,-0.04931528,0.08600928,-0.09274796,0.9907413,MathCanvas,-0.6311132,1.222357,3.420173,-0.04345622,1.531535,0.1228101,-0.1746266,-0.09161559,0.9803632,-0.01096932,1.532148,0.1315901,-0.2009009,-0.09214175,0.9752685,-0.07588461,1.530918,0.1136255,-0.147858,-0.09069943,0.9848409,-0.04342697,1.531533,0.1226078,353.8257,344.4179,1.052016,0,7,False
1,Center_Dir_Far,279,25.47999,-0.04336414,1.53149,0.1221855,-0.04340247,1.197919,0.1403749,-0.5710722,-0.1453725,0.0251472,0.8075339,0.0474682,1.08742,0.2981075,-0.04940376,0.08599243,-0.09276452,0.9907367,MathCanvas,-0.6307871,1.223382,3.42008,-0.04339807,1.531501,0.1223859,-0.1812779,-0.09139401,0.9791759,-0.01090702,1.532109,0.1311695,-0.2076684,-0.09183282,0.9738792,-0.07582125,1.530872,0.1132015,-0.1546597,-0.09042004,0.9838214,-0.04336414,1.53149,0.1221855,353.7988,344.4139,1.057934,0,7,False
1,Center_Dir_Far,280,25.49999,-0.04333225,1.531433,0.1219235,-0.04341653,1.197922,0.1400551,-0.5728347,-0.1445968,0.02579616,0.8064036,0.04762916,1.087444,0.2979197,-0.0495078,0.08633322,-0.09282223,0.9906965,MathCanvas,-0.6530606,1.224102,3.415472,-0.04336414,1.53149,0.1221855,-0.1812324,-0.0911264,0.9792093,-0.01087805,1.532063,0.1309173,-0.2079327,-0.09185563,0.9738206,-0.07578644,1.530804,0.1129297,-0.1549275,-0.09042472,0.9837789,-0.04333225,1.531433,0.1219235,353.8013,344.3944,1.077167,0,7,False
1,Center_Dir_Far,281,25.51999,-0.04327389,1.531403,0.1216645,-0.0433521,1.197972,0.1395393,-0.5736147,-0.1433139,0.02643726,0.8060574,0.04770695,1.087424,0.2977827,-0.04951802,0.08652999,-0.09281497,0.9906796,MathCanvas,-0.6528952,1.224936,3.415428,-0.04333225,1.531433,0.1219235,-0.1814983,-0.09114022,0.9791588,-0.01082104,1.532032,0.1306631,-0.2080877,-0.09170745,0.9738014,-0.07572673,1.530775,0.1126658,-0.1550838,-0.0902783,0.9837676,-0.04327389,1.531403,0.1216645,353.7927,344.3858,1.076031,0,7,False
1,Center_Dir_Far,282,25.53999,-0.04319362,1.531318,0.1211886,-0.0433011,1.198093,0.1390793,-0.5740757,-0.1421259,0.02684469,0.805926,0.04771429,1.087471,0.297533,-0.04992679,0.08640701,-0.09261572,0.9906884,MathCanvas,-0.6537384,1.224856,3.415038,-0.04323196,1.531376,0.1214319,-0.1741799,-0.09220532,0.9803874,-0.01074463,1.531935,0.130202,-0.2008888,-0.09279821,0.9752088,-0.0756426,1.530701,0.1121753,-0.1478511,-0.09134465,0.9847823,-0.04319362,1.531318,0.1211886,353.7721,344.3617,1.055682,0,7,False
1,Center_Dir_Far,283,25.55999,-0.04316138,1.531289,0.1209569,-0.04329582,1.198117,0.1390229,-0.5741444,-0.1420214,0.02686319,0.8058949,0.04771471,1.08749,0.2974725,-0.05001068,0.08638235,-0.09263101,0.9906849,MathCanvas,-0.6290392,1.22119,3.418673,-0.04319362,1.531318,0.1211886,-0.1744355,-0.0920715,0.9803546,-0.01071382,1.531906,0.1299755,-0.2010483,-0.09269602,0.9751857,-0.07560894,1.530672,0.1119384,-0.1480122,-0.09124321,0.9847675,-0.04316138,1.531289,0.1209569,353.7662,344.3525,1.055426,0,7,False
1,Center_Dir_Far,284,25.57999,-0.04308112,1.531223,0.1204702,-0.04327481,1.198212,0.1388111,-0.5744441,-0.1415839,0.0268824,0.8057576,0.04771706,1.087546,0.297301,-0.05019361,0.08634099,-0.09282511,0.9906611,MathCanvas,-0.6298476,1.221621,3.418225,-0.04311636,1.531255,0.120705,-0.1749646,-0.09192855,0.9802737,-0.01063831,1.531832,0.1295063,-0.2016034,-0.09251524,0.9750882,-0.07552393,1.530614,0.1114341,-0.1485721,-0.09107527,0.9846987,-0.04308112,1.531223,0.1204702,353.7549,344.3228,1.042735,0,7,False
1,Center_Dir_Far,285,25.59999,-0.04304247,1.531195,0.1202191,-0.043269,1.198246,0.1387446,-0.574526,-0.1414275,0.02689119,0.8057264,0.04771589,1.087559,0.2972446,-0.05025217,0.0863362,-0.09291995,0.9906496,MathCanvas,-0.6316043,1.222006,3.417788,-0.04308112,1.531223,0.1204702,-0.1751537,-0.09179524,0.9802524,-0.01060198,1.531802,0.1292638,-0.2018744,-0.09236492,0.9750464,-0.07548295,1.530589,0.1111745,-0.1488454,-0.09093042,0.9846708,-0.04304247,1.531195,0.1202191,353.7458,344.3081,1.037716,0,7,False
1,Center_Dir_Far,286,25.61999,-0.04282472,1.531244,0.1195482,-0.04332576,1.198416,0.1381497,-0.5752405,-0.1409941,0.02725504,0.8052802,0.04753975,1.087632,0.2967325,-0.05062554,0.08591431,-0.09353792,0.9906091,MathCanvas,-0.6321894,1.222433,3.417395,-0.04291516,1.531239,0.1198323,-0.1833176,-0.08684972,0.9792098,-0.01039248,1.531837,0.1286233,-0.2100182,-0.08721665,0.9737996,-0.07525694,1.530652,0.110473,-0.1570321,-0.08586387,0.9838538,-0.04282472,1.531244,0.1195482,353.6728,344.2557,1.013478,0,7,False
1,Center_Dir_Far,287,25.63999,-0.04276221,1.531237,0.1192945,-0.04332576,1.198416,0.1381497,-0.5752405,-0.1409941,0.02725504,0.8052802,0.04753975,1.087632,0.2967325,-0.05062554,0.08591431,-0.09353792,0.9906091,MathCanvas,-0.6601927,1.238756,3.417283,-0.04282472,1.531244,0.1195482,-0.1835943,-0.08654027,0.9791853,-0.01033227,1.531826,0.1283781,-0.2102937,-0.0869005,0.9737684,-0.07519215,1.530649,0.1102109,-0.1573101,-0.08555535,0.9838363,-0.04276221,1.531237,0.1192945,353.6542,344.2412,1.006956,0,7,False
1,Center_Dir_Far,288,25.65999,-0.04244965,1.531327,0.1188202,-0.04334317,1.198444,0.1376678,-0.5759825,-0.1410889,0.02737422,0.804729,0.04746695,1.087636,0.296467,-0.05057147,0.08600722,-0.09422888,0.9905384,MathCanvas,-0.6610439,1.2398,3.416851,-0.0426075,1.531285,0.1190515,-0.1834117,-0.0853045,0.979328,-0.01001066,1.531903,0.1278722,-0.2094457,-0.08512958,0.9741075,-0.07488863,1.530751,0.1097682,-0.1564514,-0.08381191,0.9841233,-0.04244965,1.531327,0.1188202,353.5509,344.2976,0.9864821,0,7,False
1,Center_Dir_Far,289,25.67999,-0.04234987,1.53134,0.1185735,-0.04334317,1.198444,0.1376678,-0.5759825,-0.1410889,0.02737422,0.804729,0.04746695,1.087636,0.296467,-0.05057147,0.08600722,-0.09422888,0.9905384,MathCanvas,-0.6603762,1.24393,3.418242,-0.04244965,1.531327,0.1188202,-0.183017,-0.08447078,0.9794741,-0.009910312,1.531912,0.1276237,-0.2094254,-0.08458473,0.9741594,-0.07478942,1.530769,0.1095232,-0.1564303,-0.0832771,0.984172,-0.04234987,1.53134,0.1185735,353.519,344.3011,0.9785355,0,7,False
1,Center_Dir_Far,290,25.69999,-0.04223546,1.531356,0.118332,-0.04333104,1.198442,0.1376204,-0.5760249,-0.1410796,0.02735491,0.8047009,0.04746447,1.08765,0.2964332,-0.05059862,0.08600552,-0.09427807,0.9905325,MathCanvas,-0.6590503,1.246705,3.419043,-0.04234987,1.53134,0.1185735,-0.182996,-0.08393092,0.9795244,-0.009793185,1.531921,0.1273729,-0.2091855,-0.08392736,0.9742678,-0.07467774,1.53079,0.109291,-0.1561871,-0.08263287,0.9842649,-0.04223546,1.531356,0.118332,353.4804,344.3182,0.9678413,0,7,False
1,Center_Dir_Far,291,25.71999,-0.04184794,1.531477,0.117941,-0.04317313,1.198453,0.1370765,-0.5764822,-0.1404608,0.02738057,0.8044807,0.04752604,1.087829,0.2960278,-0.05130295,0.08620267,-0.0947488,0.9904342,MathCanvas,-0.6589586,1.248496,3.419472,-0.04198141,1.531435,0.1181621,-0.1765386,-0.09044116,0.9801298,-0.009394374,1.53205,0.1269407,-0.2025374,-0.09087212,0.9750491,-0.07430151,1.530904,0.1089412,-0.1495013,-0.08951399,0.9847012,-0.04184794,1.531477,0.117941,353.4264,344.3883,0.9815693,0,7,False
1,Center_Dir_Far,292,25.73999,-0.0417131,1.531494,0.1177248,-0.04317313,1.198453,0.1370765,-0.5764822,-0.1404608,0.02738057,0.8044807,0.04752604,1.087829,0.2960278,-0.05130295,0.08620267,-0.0947488,0.9904342,MathCanvas,-0.6359238,1.227131,3.416209,-0.04184794,1.531477,0.117941,-0.1762068,-0.09008802,0.9802221,-0.009256847,1.532065,0.126715,-0.2023998,-0.09025608,0.975135,-0.07416935,1.530923,0.1087345,-0.1493621,-0.08889899,0.9847781,-0.0417131,1.531494,0.1177248,353.3965,344.4051,0.9773845,0,7,False
1,Center_Dir_Far,293,25.75999,-0.04141916,1.531487,0.1173903,-0.04311236,1.198432,0.136828,-0.5766701,-0.1400067,0.02729687,0.8044282,0.04765185,1.087877,0.2958046,-0.05151487,0.08647595,-0.09512821,0.9903629,MathCanvas,-0.6346973,1.228323,3.416441,-0.04156492,1.531503,0.1175221,-0.175699,-0.09371488,0.9799731,-0.00896265,1.532049,0.1263801,-0.2021196,-0.09437872,0.9748027,-0.07387568,1.530924,0.1084004,-0.1490817,-0.09301418,0.9844405,-0.04141916,1.531487,0.1173903,353.3666,344.407,0.9632437,0,7,False
1,Center_Dir_Far,294,25.77999,-0.04128847,1.531448,0.1172583,-0.04305906,1.198409,0.1366896,-0.5766881,-0.1397571,0.02723298,0.8044608,0.04772921,1.087874,0.2956737,-0.05159399,0.08669065,-0.09529563,0.990324,MathCanvas,-0.6321623,1.216394,3.412302,-0.04141916,1.531487,0.1173903,-0.175667,-0.09369649,0.9799806,-0.008831289,1.531992,0.1262469,-0.2021379,-0.09425946,0.9748104,-0.07374564,1.530905,0.1082697,-0.1490989,-0.09292606,0.9844462,-0.04128847,1.531448,0.1172583,353.3575,344.413,0.9306073,0,7,False
1,Center_Dir_Far,295,25.79999,-0.04103849,1.531337,0.1169622,-0.04294725,1.198362,0.1363399,-0.57687,-0.1393578,0.02705999,0.8044055,0.04794838,1.087812,0.2953089,-0.05217567,0.08769051,-0.09540494,0.9901949,MathCanvas,-0.6318752,1.216444,3.411921,-0.04116844,1.531369,0.1171425,-0.1759376,-0.09419969,0.9798838,-0.008582674,1.53182,0.1259592,-0.2026006,-0.09515487,0.9746274,-0.07349431,1.530853,0.1079653,-0.1495623,-0.09391373,0.9842821,-0.04103849,1.531337,0.1169622,353.3899,344.411,0.8277494,0,7,False
1,Center_Dir_Far,296,25.81999,-0.04090669,1.531314,0.116786,-0.04292584,1.19836,0.1362289,-0.5769938,-0.1393989,0.02697015,0.8043126,0.04798288,1.087792,0.2952386,-0.05216491,0.08785291,-0.095431,0.9901786,MathCanvas,-0.6324778,1.214671,3.410982,-0.04103849,1.531337,0.1169622,-0.1761478,-0.09453429,0.9798139,-0.008448169,1.531779,0.1257741,-0.2023774,-0.09533824,0.9746559,-0.0733652,1.530848,0.1077978,-0.1493358,-0.09412503,0.9842963,-0.04090669,1.531314,0.116786,353.3984,344.4303,0.7969543,0,7,False
1,Center_Dir_Far,297,25.83999,-0.04076591,1.531284,0.1166261,-0.04290263,1.198365,0.1361141,-0.5771719,-0.139448,0.02685563,0.8041802,0.04801923,1.087767,0.2951678,-0.0521082,0.08799531,-0.09552801,0.9901595,MathCanvas,-0.6329859,1.213559,3.410198,-0.04090669,1.531314,0.116786,-0.1757477,-0.1001437,0.9793283,-0.008307222,1.53174,0.1256141,-0.2022238,-0.1008569,0.9741322,-0.0732246,1.530829,0.107638,-0.1491832,-0.09963331,0.9837772,-0.04076591,1.531284,0.1166261,353.4027,344.4327,0.7793946,0,7,False
1,Center_Dir_Far,298,25.85999,-0.04050788,1.531192,0.1163638,-0.04286806,1.198358,0.1358888,-0.5774981,-0.1393724,0.02656275,0.8039688,0.04812242,1.087672,0.2950251,-0.05192605,0.08843412,-0.09588584,0.9900954,MathCanvas,-0.630648,1.195161,3.403657,-0.04063963,1.531231,0.1165072,-0.1778835,-0.1017244,0.9787797,-0.008041345,1.531598,0.1253259,-0.204179,-0.1024228,0.9735608,-0.07297441,1.530786,0.1074018,-0.1511422,-0.1012847,0.9833094,-0.04050788,1.531192,0.1163638,353.4193,344.4887,0.6957306,0,7,False
1,Center_Dir_Far,299,25.87999,-0.04037078,1.531136,0.1162312,-0.04286543,1.198356,0.1358549,-0.5775158,-0.139294,0.02652108,0.8039709,0.04812242,1.087672,0.2950251,-0.05192605,0.08843412,-0.09588584,0.9900954,MathCanvas,-0.6372908,1.189916,3.400079,-0.04050788,1.531192,0.1163638,-0.1777271,-0.1018537,0.9787946,-0.00790346,1.531525,0.1251911,-0.2041538,-0.1027123,0.9735355,-0.07283811,1.530747,0.1072712,-0.1511158,-0.1016003,0.9832809,-0.04037078,1.531136,0.1162312,353.4342,344.496,0.6665012,0,7,False
1,Center_Dir_Far,300,25.89999,-0.04007747,1.531056,0.1160756,-0.04288461,1.198359,0.1355455,-0.5773522,-0.1390975,0.02644471,0.804125,0.04831071,1.087548,0.2946975,-0.05156085,0.0891928,-0.09643859,0.9899928,MathCanvas,-0.6365846,1.189452,3.399753,-0.04020847,1.53109,0.1161924,-0.1771119,-0.1023416,0.9788553,-0.007600736,1.531446,0.1250013,-0.2031112,-0.1030236,0.9737207,-0.0725542,1.530665,0.1071499,-0.150063,-0.1019076,0.9834104,-0.04007747,1.531056,0.1160756,353.4523,344.5563,0.6691746,0,7,False
1,Center_Dir_Far,301,25.91999,-0.03995436,1.531102,0.1160256,-0.04289345,1.198326,0.1353178,-0.5774558,-0.1389559,0.02631189,0.8040795,0.04834839,1.087538,0.2945422,-0.05182108,0.08922888,-0.0964223,0.9899775,MathCanvas,-0.6341711,1.187767,3.399489,-0.04007747,1.531056,0.1160756,-0.1759306,-0.09503554,0.9798044,-0.007471558,1.531461,0.1249306,-0.2018661,-0.09533391,0.9747623,-0.07243715,1.530744,0.1071207,-0.1488031,-0.09432928,0.9843574,-0.03995436,1.531102,0.1160256,353.4355,344.5992,0.6137654,0,7,False
1,Center_Dir_Far,302,25.93999,-0.03968561,1.531052,0.1157994,-0.0428884,1.198308,0.1352575,-0.5774767,-0.1388496,0.02626235,0.8040844,0.04837113,1.087538,0.2944618,-0.0518801,0.08922511,-0.09635136,0.9899817,MathCanvas,-0.6312034,1.211717,3.40885,-0.03982047,1.531081,0.1159146,-0.1749437,-0.09512073,0.9799728,-0.007194769,1.531396,0.1246755,-0.2011049,-0.09576832,0.9748771,-0.07217646,1.530708,0.1069233,-0.1480348,-0.09475712,0.9844322,-0.03968561,1.531052,0.1157994,353.4479,344.6531,0.588805,0,7,False
1,Center_Dir_Far,303,25.95999,-0.03955637,1.531047,0.1156763,-0.0428354,1.198261,0.1350419,-0.5773042,-0.1383994,0.02620491,0.8042878,0.0484294,1.087586,0.2942752,-0.05190587,0.08940518,-0.09645887,0.9899536,MathCanvas,-0.627648,1.211364,3.409357,-0.03968561,1.531052,0.1157994,-0.1747649,-0.09242468,0.9802627,-0.007061277,1.531387,0.1245371,-0.2007861,-0.09289645,0.9752206,-0.07205147,1.530708,0.1068156,-0.147711,-0.09190644,0.984751,-0.03955637,1.531047,0.1156763,353.4459,344.6811,0.5812233,0,7,False
1,Center_Dir_Far,304,25.97999,-0.03933279,1.531042,0.1154461,-0.04279384,1.198252,0.1349097,-0.577059,-0.1380794,0.02622647,0.804518,0.0484923,1.087667,0.294098,-0.05211839,0.0896365,-0.09668325,0.9898996,MathCanvas,-0.6273293,1.220203,3.412516,-0.03945935,1.531056,0.1155616,-0.1736131,-0.0921354,0.9804946,-0.006825771,1.531342,0.1242645,-0.1996277,-0.09258809,0.9754876,-0.07183981,1.530742,0.1066278,-0.146539,-0.09166266,0.9849489,-0.03933279,1.531042,0.1154461,353.4238,344.7635,0.5138575,0,7,False
1,Center_Dir_Far,305,25.99999,-0.03921898,1.531055,0.1153321,-0.04277831,1.198245,0.134872,-0.5769966,-0.1379984,0.02623314,0.8045765,0.04850603,1.087687,0.2940599,-0.05218884,0.08968745,-0.09670734,0.989889,MathCanvas,-0.623325,1.221121,3.413592,-0.03933279,1.531042,0.1154461,-0.173148,-0.09212539,0.9805777,-0.006707657,1.531346,0.1241348,-0.199186,-0.09251142,0.9755852,-0.0717303,1.530764,0.1065293,-0.1460925,-0.09160058,0.9850209,-0.03921898,1.531055,0.1153321,353.4184,344.7928,0.498611,0,7,False
1,Center_Dir_Far,306,26.01999,-0.03919834,1.531122,0.1152351,-0.04260019,1.198209,0.1343569,-0.5775389,-0.1376839,0.02629825,0.8042391,0.0486014,1.087887,0.2937139,-0.0529072,0.08985993,-0.09657427,0.9898482,MathCanvas,-0.6216372,1.221173,3.413703,-0.03921898,1.531055,0.1153321,-0.1727311,-0.09205651,0.9806578,-0.006685719,1.531442,0.124032,-0.1989923,-0.09170271,0.9757012,-0.07171096,1.530803,0.1064381,-0.145898,-0.09075046,0.9851285,-0.03919834,1.531122,0.1152351,353.3749,344.7969,0.5470937,0,7,False
1,Center_Dir_Far,307,26.03999,-0.03903315,1.531127,0.1150096,-0.04258337,1.19821,0.1342981,-0.5776215,-0.1376445,0.02630735,0.8041862,0.04861109,1.087902,0.2936749,-0.05294785,0.08985758,-0.09657513,0.9898462,MathCanvas,-0.6202326,1.221462,3.41398,-0.03912254,1.531124,0.1151219,-0.1728918,-0.08937643,0.9808773,-0.006512359,1.531436,0.1237766,-0.1989577,-0.08970667,0.9758938,-0.07155394,1.530818,0.1062425,-0.1458576,-0.08878522,0.9853135,-0.03903315,1.531127,0.1150096,353.3653,344.8516,0.528492,0,7,False
1,Center_Dir_Far,308,26.05999,-0.03897028,1.531122,0.1148966,-0.04256485,1.198213,0.1342333,-0.5776994,-0.1376154,0.02632309,0.8041346,0.04861786,1.08791,0.2936475,-0.05295384,0.08985187,-0.09657783,0.9898461,MathCanvas,-0.6210403,1.230258,3.416946,-0.03903315,1.531127,0.1150096,-0.1724719,-0.08924599,0.9809631,-0.006446585,1.531429,0.1236529,-0.1986451,-0.08958384,0.9759687,-0.07149397,1.530815,0.1061402,-0.1455419,-0.08866593,0.9853709,-0.03897028,1.531122,0.1148966,353.358,344.8708,0.5253726,0,7,False
1,Center_Dir_Far,309,26.07999,-0.03906333,1.53106,0.1146597,-0.04231671,1.198224,0.1338894,-0.5781535,-0.1379571,0.02606168,0.8037582,0.04868292,1.088094,0.2933032,-0.05309225,0.08972251,-0.09631269,0.9898763,MathCanvas,-0.6195754,1.230687,3.417187,-0.03910538,1.53107,0.1147739,-0.1744239,-0.08948869,0.9805958,-0.006542739,1.531385,0.1234269,-0.2006748,-0.08992489,0.975522,-0.07158391,1.530735,0.1058925,-0.1475837,-0.08898414,0.9850385,-0.03906333,1.53106,0.1146597,353.3788,344.8481,0.557184,0,7,False
1,Center_Dir_Far,310,26.09999,-0.03902128,1.531051,0.1145456,-0.04231671,1.198224,0.1338894,-0.5781535,-0.1379571,0.02606168,0.8037582,0.04868292,1.088094,0.2933032,-0.05309225,0.08972251,-0.09631269,0.9898763,MathCanvas,-0.6261691,1.229844,3.415318,-0.03906333,1.53106,0.1146597,-0.1741944,-0.08945455,0.9806397,-0.006498631,1.531376,0.1233051,-0.2004464,-0.08989074,0.975572,-0.07154393,1.530725,0.105786,-0.1473531,-0.08895007,0.9850762,-0.03902128,1.531051,0.1145456,353.3769,344.8615,0.5572957,0,7,False
1,Center_Dir_Far,311,26.11999,-0.0391799,1.530918,0.1143183,-0.04203805,1.198322,0.1333821,-0.5794338,-0.1405095,0.02512088,0.8024229,0.04887253,1.087953,0.2927303,-0.0525508,0.0895267,-0.09619299,0.9899345,MathCanvas,-0.6253505,1.229952,3.415327,-0.0391715,1.53096,0.1144306,-0.1742166,-0.0955916,0.9800565,-0.006662127,1.531264,0.1230952,-0.2006713,-0.09619144,0.9749247,-0.07169767,1.530572,0.1055414,-0.1475845,-0.09518822,0.9844582,-0.0391799,1.530918,0.1143183,353.3992,344.8271,0.5925894,0,7,False
1,Center_Dir_Far,312,26.13999,-0.03917975,1.530887,0.1141994,-0.04203805,1.198322,0.1333821,-0.5794338,-0.1405095,0.02512088,0.8024229,0.04887253,1.087953,0.2927303,-0.0525508,0.0895267,-0.09619299,0.9899345,MathCanvas,-0.6246374,1.209681,3.407813,-0.0391799,1.530918,0.1143183,-0.174193,-0.09568984,0.9800512,-0.006661419,1.531237,0.122974,-0.2005901,-0.09624366,0.9749363,-0.07169808,1.530537,0.1054248,-0.1475029,-0.0952334,0.9844661,-0.03917975,1.530887,0.1141994,353.4026,344.8303,0.5998202,0,7,False
1,Center_Dir_Far,313,26.15999,-0.03923463,1.530849,0.1141068,-0.0419286,1.198331,0.133131,-0.5798612,-0.1411593,0.02486746,0.802008,0.04895945,1.087861,0.2925327,-0.05232933,0.08946696,-0.09582686,0.9899871,MathCanvas,-0.6245302,1.209335,3.407521,-0.03917975,1.530887,0.1141994,-0.1741118,-0.09573854,0.9800608,-0.006718472,1.531221,0.1228886,-0.2007448,-0.09619823,0.9749089,-0.07175079,1.530476,0.105325,-0.1476604,-0.09515244,0.9844503,-0.03923463,1.530849,0.1141068,353.4024,344.8132,0.6379967,0,7,False
1,Center_Dir_Far,314,26.17999,-0.03927406,1.530785,0.1138823,-0.04190142,1.198324,0.1330851,-0.5799347,-0.1411882,0.02483853,0.8019505,0.04897945,1.087849,0.2924986,-0.05233267,0.08947217,-0.09576619,0.9899924,MathCanvas,-0.6243016,1.209139,3.4074,-0.03926015,1.530817,0.1139955,-0.1725314,-0.1016955,0.9797403,-0.006758101,1.531175,0.122664,-0.198979,-0.1022647,0.9746534,-0.07179002,1.530394,0.1051005,-0.145889,-0.1011531,0.9841161,-0.03927406,1.530785,0.1138823,353.4043,344.8096,0.6692146,0,7,False
1,Center_Dir_Far,315,26.19999,-0.03935945,1.530765,0.1138041,-0.04182237,1.198301,0.1329645,-0.580095,-0.1411612,0.02476806,0.8018416,0.04907399,1.087882,0.2924139,-0.05237785,0.08953355,-0.09562077,0.9899985,MathCanvas,-0.6181893,1.189554,3.401322,-0.03927406,1.530785,0.1138823,-0.1726956,-0.09562886,0.9803221,-0.006847411,1.531159,0.1226002,-0.1996152,-0.09577338,0.9751827,-0.0718715,1.530372,0.105008,-0.1465282,-0.0946881,0.9846643,-0.03935945,1.530765,0.1138041,353.3817,344.7835,0.6738399,0,7,False
1,Center_Dir_Far,316,26.21999,-0.03947134,1.530762,0.1135731,-0.04150238,1.198196,0.1324784,-0.5805126,-0.1421,0.0243008,0.8013877,0.04952614,1.087789,0.2920684,-0.05213792,0.0900996,-0.09515678,0.9900045,MathCanvas,-0.6197126,1.209399,3.408232,-0.03944088,1.530784,0.1136798,-0.1742462,-0.09726229,0.9798869,-0.006964851,1.531176,0.1223888,-0.2008764,-0.0978976,0.9747126,-0.07197782,1.530348,0.1047574,-0.1478,-0.09677374,0.9842712,-0.03947134,1.530762,0.1135731,353.3883,344.7449,0.7088771,0,7,False
1,Center_Dir_Far,317,26.23999,-0.0395088,1.530729,0.113473,-0.04150238,1.198196,0.1324784,-0.5805126,-0.1421,0.0243008,0.8013877,0.04952614,1.087789,0.2920684,-0.05213792,0.0900996,-0.09515678,0.9900045,MathCanvas,-0.6247717,1.204054,3.405055,-0.03947134,1.530762,0.1135731,-0.1744038,-0.09733573,0.9798515,-0.007003792,1.531153,0.1222936,-0.2009989,-0.09789355,0.9746878,-0.07201382,1.530306,0.1046523,-0.1479243,-0.09675445,0.9842545,-0.0395088,1.530729,0.113473,353.3891,344.7342,0.7251701,0,7,False
1,Center_Dir_Far,318,26.25999,-0.03957941,1.530597,0.1132688,-0.04145088,1.198086,0.1322332,-0.5797769,-0.1419987,0.0249058,0.8019195,0.0497571,1.087812,0.2917709,-0.05237434,0.09009065,-0.0949234,0.9900152,MathCanvas,-0.6253154,1.203787,3.404705,-0.03954994,1.530683,0.1133728,-0.1750899,-0.09743156,0.9797196,-0.007075652,1.53105,0.1220926,-0.2016785,-0.09877781,0.9744582,-0.07208317,1.530144,0.104445,-0.1486095,-0.09759117,0.9840687,-0.03957941,1.530597,0.1132688,353.4425,344.7234,0.77548,0,7,False
1,Center_Dir_Far,319,26.27999,-0.03962411,1.530547,0.1131596,-0.04143642,1.198056,0.1321556,-0.5796852,-0.1419752,0.02498337,0.8019876,0.04979386,1.087824,0.2917131,-0.05244029,0.09005715,-0.09486872,0.99002,MathCanvas,-0.6276711,1.203344,3.40395,-0.03957941,1.530597,0.1132688,-0.1786265,-0.09822994,0.9790012,-0.007120647,1.531005,0.1219842,-0.205084,-0.09913714,0.9737106,-0.07212758,1.530089,0.1043349,-0.1520329,-0.09796245,0.9835087,-0.03962411,1.530547,0.1131596,353.4616,344.7213,0.7833627,0,7,False
1,Center_Dir_Far,320,26.29999,-0.03969963,1.53045,0.1129531,-0.04143642,1.198056,0.1321556,-0.5796852,-0.1419752,0.02498337,0.8019876,0.04981158,1.08783,0.2916845,-0.05247137,0.09004,-0.0948348,0.9900232,MathCanvas,-0.6393894,1.200725,3.400303,-0.03966293,1.530501,0.1130564,-0.178676,-0.09880766,0.9789341,-0.007199392,1.530922,0.1217888,-0.2053516,-0.09960625,0.9736063,-0.07219987,1.529979,0.1041173,-0.1523045,-0.09840436,0.9834225,-0.03969963,1.53045,0.1129531,353.4883,344.6992,0.8072866,0,7,False
1,Center_Dir_Far,321,26.31999,-0.03975262,1.530545,0.1129139,-0.04134713,1.198018,0.1318618,-0.5799986,-0.1425201,0.02491002,0.8016666,0.04993992,1.087844,0.2914713,-0.05244958,0.09001632,-0.09463087,0.990046,MathCanvas,-0.6395559,1.19873,3.39946,-0.03969963,1.53045,0.1129531,-0.1788956,-0.0990053,0.978874,-0.007255901,1.531015,0.1217627,-0.2057653,-0.09913067,0.9735675,-0.07224935,1.530075,0.1040651,-0.1527219,-0.09793388,0.9834048,-0.03975262,1.530545,0.1129139,353.4607,344.6762,0.8041363,0,7,False
1,Center_Dir_Far,322,26.33999,-0.03979433,1.530521,0.1128241,-0.04133999,1.198022,0.1318415,-0.5799564,-0.1425462,0.02494401,0.8016913,0.04994565,1.087839,0.2914495,-0.05238164,0.08998836,-0.0946013,0.990055,MathCanvas,-0.6402992,1.198188,3.398962,-0.03975262,1.530545,0.1129139,-0.2350113,-0.0949574,0.9673432,-0.007298671,1.530997,0.1216764,-0.2612885,-0.09556217,0.9605188,-0.07229,1.530044,0.1039718,-0.2087187,-0.09466141,0.9733837,-0.03979433,1.530521,0.1128241,353.4699,344.6687,0.8163251,0,7,False
1,Center_Dir_Far,323,26.35999,-0.03985961,1.530511,0.1126434,-0.04127443,1.197998,0.1315985,-0.5794967,-0.1426612,0.02526731,0.8019931,0.04988839,1.087802,0.2912862,-0.05209541,0.08955067,-0.09433708,0.990135,MathCanvas,-0.8293413,1.211501,3.362723,-0.03981583,1.530522,0.1127425,-0.2355281,-0.09504946,0.9672084,-0.007373955,1.531016,0.1215309,-0.2622544,-0.09549393,0.9602622,-0.07234526,1.530006,0.103756,-0.2096996,-0.09454782,0.9731839,-0.03985961,1.530511,0.1126434,353.4661,344.601,0.8647682,0,7,False
1,Center_Dir_Far,324,26.37999,-0.03989634,1.53049,0.1125515,-0.04127443,1.197998,0.1315985,-0.5794967,-0.1426612,0.02526731,0.8019931,0.04988839,1.087802,0.2912862,-0.05209541,0.08955067,-0.09433708,0.990135,MathCanvas,-0.8311594,1.211175,3.362157,-0.03985961,1.530511,0.1126434,-0.2427323,-0.08015414,0.9667763,-0.00741386,1.531004,0.12145,-0.2691868,-0.08064734,0.9597055,-0.07237881,1.529975,0.103653,-0.2167099,-0.07973414,0.9729745,-0.03989634,1.53049,0.1125515,353.4686,344.5797,0.8810909,0,7,False
1,Center_Dir_Far,325,26.39999,-0.04005307,1.530503,0.1123516,-0.04131731,1.197913,0.131426,-0.5795821,-0.1428833,0.02532438,0.8018901,0.04970506,1.087787,0.2910016,-0.05215881,0.08871763,-0.09403931,0.990235,MathCanvas,-0.8588054,1.260073,3.374177,-0.03994265,1.530471,0.112446,-0.2431652,-0.08019561,0.966664,-0.007576939,1.531027,0.1212726,-0.2698458,-0.08033705,0.9595464,-0.0725292,1.52998,0.1034305,-0.2173783,-0.07940944,0.9728519,-0.04005307,1.530503,0.1123516,353.4507,344.5377,0.8968772,0,7,False
1,Center_Dir_Far,326,26.41999,-0.04013351,1.530523,0.1122734,-0.04131972,1.197906,0.1313031,-0.5795879,-0.1430663,0.02542172,0.8018501,0.04963235,1.087804,0.2909335,-0.05198408,0.08835658,-0.09411483,0.9902692,MathCanvas,-0.8604411,1.25994,3.373672,-0.04005307,1.530503,0.1123516,-0.243703,-0.07987326,0.9665553,-0.007660683,1.531056,0.121206,-0.2701702,-0.08020245,0.9594663,-0.07260633,1.52999,0.1033409,-0.2177077,-0.0792602,0.9727904,-0.04013351,1.530523,0.1122734,353.4428,344.5154,0.9126564,0,7,False
1,Center_Dir_Far,327,26.43999,-0.04021044,1.5305,0.1121056,-0.04132091,1.197905,0.1312698,-0.5795873,-0.1431429,0.02545464,0.8018358,0.04961001,1.087822,0.2909186,-0.05193356,0.08826379,-0.09414736,0.9902771,MathCanvas,-0.8623935,1.261029,3.373455,-0.04017203,1.530511,0.1121918,-0.2444952,-0.07975508,0.9663649,-0.007743545,1.531051,0.1210586,-0.2709405,-0.08019492,0.9592497,-0.07267733,1.529949,0.1031526,-0.2184895,-0.07922427,0.972618,-0.04021044,1.5305,0.1121056,353.4421,344.4756,0.9438804,0,7,False
1,Center_Dir_Far,328,26.45999,-0.04025775,1.530489,0.1120573,-0.04133286,1.197888,0.1311258,-0.5798672,-0.1438023,0.0256093,0.8015106,0.0495552,1.087855,0.2908055,-0.05202359,0.08810507,-0.09417459,0.9902839,MathCanvas,-0.8652048,1.261384,3.372887,-0.04021044,1.5305,0.1121056,-0.2500624,-0.08222713,0.9647318,-0.007795423,1.531046,0.1210265,-0.2766371,-0.08239828,0.9574353,-0.07272007,1.529932,0.1030881,-0.2242624,-0.08144102,0.9711198,-0.04025775,1.530489,0.1120573,353.4246,344.4456,0.953278,0,7,False
1,Center_Dir_Far,329,26.47999,-0.04029593,1.530482,0.1119861,-0.04132671,1.197857,0.1310289,-0.58008,-0.1442525,0.02565256,0.8012742,0.04953057,1.087871,0.2907268,-0.05223423,0.08809569,-0.09402462,0.9902879,MathCanvas,-0.8836007,1.253176,3.365644,-0.04025775,1.530489,0.1120573,-0.2505435,-0.08191971,0.9646332,-0.007838879,1.531047,0.1209739,-0.2771659,-0.08242729,0.9572799,-0.07275298,1.529917,0.1029983,-0.2247992,-0.08145705,0.9709944,-0.04029593,1.530482,0.1119861,353.4261,344.4112,0.9670939,0,7,False
1,Center_Dir_Far,330,26.49999,-0.040363,1.530435,0.1118835,-0.04135241,1.197784,0.1308634,-0.5799518,-0.1444001,0.02572215,0.8013383,0.0494705,1.087849,0.2906219,-0.05217433,0.08767211,-0.09395341,0.9903354,MathCanvas,-0.8853408,1.254179,3.365546,-0.04032999,1.530445,0.1119251,-0.2516364,-0.08224371,0.9643211,-0.007914785,1.531,0.1209031,-0.2780924,-0.08281153,0.956978,-0.07281122,1.529871,0.1028638,-0.2257391,-0.08184186,0.970744,-0.040363,1.530435,0.1118835,353.4319,344.3551,0.9661821,0,7,False
1,Center_Dir_Far,331,26.51999,-0.04039693,1.530428,0.1118515,-0.04139608,1.197758,0.1308331,-0.5800303,-0.144446,0.02577708,0.8012713,0.0494549,1.087814,0.2905697,-0.05209229,0.08755199,-0.09402667,0.9903434,MathCanvas,-0.8890605,1.253051,3.364262,-0.040363,1.530435,0.1118835,-0.2519484,-0.08233946,0.9642314,-0.007952329,1.530997,0.1208838,-0.2783958,-0.08282699,0.9568884,-0.07284153,1.529859,0.1028192,-0.2260471,-0.08185027,0.9706716,-0.04039693,1.530428,0.1118515,353.432,344.3318,0.9741252,0,7,False
1,Center_Dir_Far,332,26.53999,-0.0404305,1.530366,0.1117605,-0.04143599,1.197733,0.1307633,-0.58011,-0.1444807,0.02583515,0.8012056,0.04945315,1.087788,0.290543,-0.05207017,0.08754009,-0.09405049,0.9903434,MathCanvas,-0.8901068,1.252733,3.363774,-0.04040927,1.530393,0.1118124,-0.2403305,-0.08106204,0.9673005,-0.007992871,1.530943,0.1208174,-0.2668718,-0.0816939,0.9602633,-0.07286812,1.529789,0.1027037,-0.2143772,-0.08064765,0.9734159,-0.0404305,1.530366,0.1117605,353.4436,344.287,0.9886063,0,7,False
1,Center_Dir_Far,333,26.55999,-0.04041034,1.530291,0.1117527,-0.04149148,1.197697,0.1306702,-0.5800787,-0.1444583,0.02594581,0.8012286,0.04946836,1.087724,0.2905147,-0.05195755,0.08751842,-0.09399509,0.9903564,MathCanvas,-0.8509299,1.256989,3.37392,-0.0404305,1.530366,0.1117605,-0.2407144,-0.08117072,0.9671959,-0.007972915,1.530863,0.1208106,-0.2668992,-0.08212381,0.960219,-0.07284777,1.52972,0.1026948,-0.2144049,-0.08108608,0.9733733,-0.04041034,1.530291,0.1117527,353.4683,344.2867,0.9788224,0,7,False
1,Center_Dir_Far,334,26.57999,-0.04032828,1.530123,0.1117391,-0.04149254,1.197586,0.130572,-0.5795676,-0.1447968,0.02581215,0.8015417,0.04939721,1.087555,0.2904263,-0.05149961,0.08719746,-0.09394635,0.9904133,MathCanvas,-0.852169,1.25656,3.373417,-0.04038407,1.530196,0.1117401,-0.2409411,-0.08206864,0.9670637,-0.007891752,1.530681,0.1208011,-0.2670229,-0.08286176,0.9601212,-0.07276481,1.529566,0.1026772,-0.2145299,-0.08184557,0.9732822,-0.04032828,1.530123,0.1117391,353.5107,344.2831,0.9546326,0,7,False
1,Center_Dir_Far,335,26.59999,-0.04032064,1.53007,0.1117092,-0.04149254,1.197586,0.130572,-0.5795676,-0.1447968,0.02581215,0.8015417,0.04939721,1.087555,0.2904263,-0.05149961,0.08719746,-0.09394635,0.9904133,MathCanvas,-0.8526374,1.253437,3.372099,-0.04032828,1.530123,0.1117391,-0.2408662,-0.08235372,0.9670581,-0.007885884,1.530626,0.1207776,-0.2672077,-0.08307858,0.9600511,-0.0727554,1.529513,0.1026409,-0.2147173,-0.08206391,0.9732225,-0.04032064,1.53007,0.1117092,353.5231,344.2722,0.9526531,0,7,False
1,Center_Dir_Far,336,26.61999,-0.04022359,1.53018,0.1117508,-0.04144232,1.197481,0.1303688,-0.5799748,-0.1454839,0.02529848,0.801139,0.04931497,1.087498,0.2903292,-0.0515393,0.08703106,-0.09400585,0.9904202,MathCanvas,-0.8523111,1.252445,3.371784,-0.04024899,1.530182,0.1117531,-0.2439537,-0.08120237,0.9663813,-0.007786453,1.530723,0.1208115,-0.270002,-0.08167156,0.9593897,-0.07266073,1.529638,0.1026901,-0.2175438,-0.08069511,0.9727091,-0.04022359,1.53018,0.1117508,353.4923,344.288,0.9284715,0,7,False
1,Center_Dir_Far,337,26.63999,-0.04020394,1.530151,0.1117427,-0.04144232,1.197481,0.1303688,-0.5799748,-0.1454839,0.02529848,0.801139,0.04931497,1.087498,0.2903292,-0.0515393,0.08703106,-0.09400585,0.9904202,MathCanvas,-0.8629583,1.256325,3.370875,-0.04022359,1.53018,0.1117508,-0.2438638,-0.08118331,0.9664056,-0.007766545,1.530689,0.1208027,-0.2699904,-0.08165771,0.9593942,-0.07264134,1.529612,0.1026827,-0.2175318,-0.08068757,0.9727124,-0.04020394,1.530151,0.1117427,353.4915,344.29,0.921717,0,7,False
1,Center_Dir_Far,338,26.65999,-0.04018092,1.530123,0.1117339,-0.04144232,1.197481,0.1303688,-0.5799748,-0.1454839,0.02529848,0.801139,0.04931497,1.087498,0.2903292,-0.0515393,0.08703106,-0.09400585,0.9904202,MathCanvas,-0.862631,1.256361,3.370931,-0.04020394,1.530151,0.1117427,-0.2413311,-0.08468648,0.9667407,-0.007743862,1.530658,0.1207953,-0.2675353,-0.08519837,0.959774,-0.07261798,1.529589,0.1026724,-0.2150483,-0.08421836,0.9729654,-0.04018092,1.530123,0.1117339,353.4926,344.2882,0.9153797,0,7,False
1,Center_Dir_Far,339,26.67999,-0.04005998,1.530033,0.1118853,-0.04149908,1.197374,0.1302665,-0.5798249,-0.1454827,0.02530003,0.8012477,0.04925785,1.087518,0.2902212,-0.05186272,0.08695732,-0.094327,0.9903793,MathCanvas,-0.8532267,1.244814,3.368688,-0.04009559,1.530062,0.1118609,-0.2415713,-0.08502274,0.9666511,-0.007626943,1.53059,0.1209598,-0.2678516,-0.08566519,0.9596442,-0.07249301,1.529476,0.1028108,-0.2153706,-0.08464869,0.9728567,-0.04005998,1.530033,0.1118853,353.5195,344.2612,0.9534727,0,7,False
1,Center_Dir_Far,340,26.69999,-0.04004679,1.530013,0.111958,-0.04151244,1.197326,0.1302228,-0.5797942,-0.1455366,0.0252296,0.8012623,0.0492325,1.087519,0.2902304,-0.05186594,0.08700114,-0.09441841,0.9903666,MathCanvas,-0.8538059,1.243629,3.368102,-0.04005998,1.530033,0.1118853,-0.2415268,-0.08941742,0.9662657,-0.007613145,1.530538,0.1210322,-0.2677418,-0.090005,0.9592775,-0.07248044,1.529487,0.1028838,-0.21526,-0.08903314,0.9724897,-0.04004679,1.530013,0.111958,353.5238,344.2681,0.8993229,0,7,False
1,Center_Dir_Far,341,26.71999,-0.03996339,1.530035,0.1121608,-0.04153169,1.19716,0.1302402,-0.5793118,-0.145418,0.02497362,0.8016407,0.04918665,1.087381,0.2902556,-0.05154369,0.08709122,-0.09430564,0.9903862,MathCanvas,-0.8526867,1.229159,3.363051,-0.03999925,1.530046,0.112082,-0.2687306,-0.08553334,0.9594102,-0.00753336,1.530569,0.1212474,-0.2946919,-0.08595388,0.9517188,-0.07239343,1.5295,0.1030742,-0.2425781,-0.08510121,0.966392,-0.03996339,1.530035,0.1121608,353.5028,344.2441,0.9144369,0,7,False
1,Center_Dir_Far,342,26.73999,-0.03992679,1.530007,0.1122767,-0.04154515,1.197069,0.130253,-0.5788421,-0.1451858,0.02493505,0.8020232,0.0491803,1.087325,0.2902117,-0.05158139,0.08701497,-0.09430923,0.9903906,MathCanvas,-0.9460467,1.24164,3.34702,-0.03996339,1.530035,0.1121608,-0.2687353,-0.08552756,0.9594094,-0.007496394,1.530525,0.1213629,-0.2947201,-0.08595471,0.95171,-0.07235718,1.529489,0.1031904,-0.2426058,-0.08512831,0.9663827,-0.03992679,1.530007,0.1122767,353.5036,344.248,0.8864344,0,7,False
1,Center_Dir_Far,343,26.75999,-0.03984876,1.529924,0.1124907,-0.04154274,1.197003,0.1302329,-0.5786435,-0.1451163,0.02487483,0.8021809,0.04915929,1.087243,0.2901527,-0.0515928,0.08684487,-0.09429888,0.9904059,MathCanvas,-0.9460323,1.24163,3.347156,-0.03988122,1.529961,0.112397,-0.3094915,-0.08556019,0.9470451,-0.007416643,1.53043,0.1215714,-0.3349861,-0.08593369,0.9382962,-0.07228088,1.529417,0.1034099,-0.2835854,-0.08532317,0.9551436,-0.03984876,1.529924,0.1124907,353.5161,344.2603,0.8668686,0,7,False
1,Center_Dir_Far,344,26.77999,-0.03979599,1.529856,0.1126665,-0.04151115,1.196904,0.1301939,-0.5785738,-0.1449786,0.02476857,0.8022594,0.049118,1.087123,0.2901129,-0.05149266,0.08675846,-0.09431972,0.9904167,MathCanvas,-1.086604,1.240544,3.315565,-0.03984876,1.529924,0.1124907,-0.3094002,-0.08562841,0.9470688,-0.007363155,1.53036,0.1217449,-0.3349019,-0.08646021,0.9382778,-0.07222882,1.529352,0.1035882,-0.2834998,-0.08585475,0.9551213,-0.03979599,1.529856,0.1126665,353.5468,344.2654,0.8628146,0,7,False
1,Center_Dir_Far,345,26.79999,-0.03975444,1.529815,0.1127742,-0.04151115,1.196904,0.1301939,-0.5785738,-0.1449786,0.02476857,0.8022594,0.049118,1.087123,0.2901129,-0.05149266,0.08675846,-0.09431972,0.9904167,MathCanvas,-1.086199,1.240258,3.315688,-0.03979599,1.529856,0.1126665,-0.3094458,-0.08198226,0.9473765,-0.007321417,1.530314,0.1218522,-0.3350248,-0.08243135,0.9385966,-0.07218745,1.529316,0.1036963,-0.2836225,-0.08182388,0.9554387,-0.03975444,1.529815,0.1127742,353.5555,344.2673,0.8546339,0,7,False
1,Center_Dir_Far,346,26.81999,-0.03967144,1.529733,0.1129894,-0.04151115,1.196904,0.1301939,-0.5785738,-0.1449786,0.02476857,0.8022594,0.049118,1.087123,0.2901129,-0.05149266,0.08675846,-0.09431972,0.9904167,MathCanvas,-1.087333,1.252277,3.319964,-0.03971299,1.529774,0.1128817,-0.3094311,-0.08227265,0.9473561,-0.007238042,1.530223,0.1220665,-0.3350112,-0.08271375,0.9385765,-0.07210484,1.529243,0.1039123,-0.2836081,-0.08212226,0.9554174,-0.03967144,1.529733,0.1129894,353.5728,344.2709,0.838294,0,7,False
1,Center_Dir_Far,347,26.83999,-0.03965151,1.529656,0.1131526,-0.04146777,1.196844,0.13016,-0.5785846,-0.1448439,0.02463023,0.8022802,0.04909447,1.087031,0.2901017,-0.05135742,0.08675996,-0.09431091,0.9904245,MathCanvas,-1.087088,1.251242,3.319767,-0.03967144,1.529733,0.1129894,-0.3094242,-0.08241803,0.9473457,-0.007215649,1.530131,0.1222217,-0.3347724,-0.08375918,0.938569,-0.07208736,1.52918,0.1040836,-0.2833647,-0.08319314,0.955397,-0.03965151,1.529656,0.1131526,353.6348,344.2888,0.8137834,0,7,False
1,Center_Dir_Far,348,26.85999,-0.0396461,1.529628,0.1135073,-0.04138669,1.196809,0.1302009,-0.5784188,-0.1452378,0.0239511,0.8023491,0.04899675,1.086557,0.2901511,-0.05026231,0.08675431,-0.09469513,0.9904445,MathCanvas,-1.086984,1.250689,3.31971,-0.03967907,1.529665,0.113359,-0.3053247,-0.08102653,0.9487948,-0.007212672,1.530051,0.1225876,-0.3309747,-0.08174608,0.9400921,-0.07207954,1.529205,0.1044269,-0.2794862,-0.08124075,0.9567065,-0.0396461,1.529628,0.1135073,353.6956,344.28,0.7233495,0,7,False
1,Center_Dir_Far,349,26.87999,-0.03961631,1.529539,0.1136685,-0.04134836,1.196816,0.1302588,-0.5784543,-0.1454196,0.02357337,0.8023018,0.04891203,1.086392,0.2902176,-0.04989609,0.08645759,-0.09460097,0.9904979,MathCanvas,-1.073002,1.255398,3.324654,-0.0396461,1.529628,0.1135073,-0.3053486,-0.08137296,0.9487575,-0.007182244,1.52995,0.1227471,-0.3309326,-0.08227426,0.9400609,-0.07205038,1.529128,0.1045899,-0.279443,-0.08178834,0.9566725,-0.03961631,1.529539,0.1136685,353.7342,344.2858,0.7030956,0,7,False
1,Center_Dir_Far,350,26.89999,-0.03954982,1.529406,0.1139693,-0.04134722,1.196818,0.1303071,-0.5785298,-0.1455271,0.02337962,0.8022335,0.04888659,1.086344,0.2902535,-0.04984922,0.08642314,-0.09454675,0.9905085,MathCanvas,-1.072993,1.254152,3.324504,-0.03958196,1.529466,0.1138202,-0.30878,-0.07862184,0.9478784,-0.007115349,1.529798,0.1230473,-0.3343785,-0.07933524,0.9390936,-0.07198429,1.529013,0.1048914,-0.2829547,-0.07888816,0.9558836,-0.03954982,1.529406,0.1139693,353.8001,344.2913,0.6710136,0,7,False
1,Center_Dir_Far,351,26.91999,-0.03951328,1.529361,0.1141318,-0.04134745,1.196823,0.1303321,-0.5785407,-0.1455878,0.02330303,0.8022168,0.04887917,1.086324,0.2902893,-0.04982556,0.08646007,-0.09454916,0.9905062,MathCanvas,-1.085609,1.263057,3.325112,-0.03954982,1.529406,0.1139693,-0.3087807,-0.0791117,0.9478375,-0.007077545,1.529748,0.1232055,-0.3342421,-0.0801172,0.9390758,-0.07194901,1.528975,0.105058,-0.282816,-0.07968138,0.9558588,-0.03951328,1.529361,0.1141318,353.8458,344.3004,0.6609497,0,7,False
1,Center_Dir_Far,352,26.93999,-0.03948146,1.529302,0.1142815,-0.04134745,1.196823,0.1303321,-0.5785407,-0.1455878,0.02330303,0.8022168,0.04887917,1.086324,0.2902893,-0.04982556,0.08646007,-0.09454916,0.9905062,MathCanvas,-1.085454,1.261384,3.324765,-0.03951328,1.529361,0.1141318,-0.3067074,-0.08077291,0.9483703,-0.007045329,1.529679,0.1233543,-0.3323006,-0.08153311,0.9396428,-0.07191759,1.528926,0.1052088,-0.2808358,-0.08110769,0.9563225,-0.03948146,1.529302,0.1142815,353.878,344.3044,0.6440091,0,7,False
1,Center_Dir_Far,353,26.95999,-0.03943704,1.529417,0.114696,-0.04135063,1.196882,0.130576,-0.5782178,-0.1463682,0.02280045,0.8023221,0.04887516,1.086274,0.2904145,-0.04965976,0.08663429,-0.09461682,0.9904929,MathCanvas,-1.077701,1.255882,3.32456,-0.03944957,1.529243,0.1144317,-0.3087548,-0.07555891,0.9481357,-0.006998725,1.529803,0.1237605,-0.3341503,-0.07432303,0.9395849,-0.07187535,1.52903,0.1056315,-0.2827197,-0.07387373,0.9563537,-0.03943704,1.529417,0.114696,353.8248,344.3165,0.6610072,0,7,False
1,Center_Dir_Far,354,26.97999,-0.03950473,1.529575,0.1149353,-0.04131119,1.196825,0.1308405,-0.5777638,-0.1466231,0.0223251,0.8026159,0.04877792,1.086284,0.2906533,-0.04989815,0.08638702,-0.09458611,0.9905054,MathCanvas,-1.086234,1.273243,3.329241,-0.03943704,1.529417,0.114696,-0.3085496,-0.07409841,0.9483178,-0.00706929,1.529965,0.1240099,-0.3344687,-0.07325947,0.9395551,-0.07194016,1.529184,0.1058606,-0.2830433,-0.07280128,0.9563401,-0.03950473,1.529575,0.1149353,353.7631,344.2971,0.6679016,0,7,False
1,Center_Dir_Far,355,26.99999,-0.03949791,1.529566,0.1152829,-0.04128987,1.19682,0.1308942,-0.5777016,-0.1466491,0.0222291,0.8026586,0.04874125,1.086256,0.2907134,-0.04981762,0.08626378,-0.09465425,0.9905137,MathCanvas,-1.086022,1.278253,3.331373,-0.03950247,1.529568,0.1151062,-0.3096344,-0.07706816,0.9477273,-0.00706441,1.529956,0.1243644,-0.3352747,-0.07734613,0.93894,-0.07193141,1.529177,0.1062013,-0.2838675,-0.07690164,0.9557748,-0.03949791,1.529566,0.1152829,353.7785,344.2852,0.666901,0,7,False
1,Center_Dir_Far,356,27.01999,-0.03949454,1.52957,0.1154454,-0.04127603,1.196819,0.1309333,-0.5776541,-0.1466949,0.02214666,0.8026867,0.04872246,1.086238,0.2907437,-0.04975093,0.08620826,-0.09468102,0.9905193,MathCanvas,-1.088882,1.268374,3.327232,-0.03949791,1.529566,0.1152829,-0.309685,-0.07712387,0.9477062,-0.007060692,1.529962,0.1245256,-0.3352229,-0.07758725,0.9389387,-0.07192838,1.529178,0.1063652,-0.283815,-0.07713915,0.9557712,-0.03949454,1.52957,0.1154454,353.7921,344.2872,0.6712983,0,7,False
1,Center_Dir_Far,357,27.03999,-0.03950741,1.529537,0.1157112,-0.04124035,1.196888,0.1313555,-0.577265,-0.1471957,0.02176712,0.8028854,0.04847076,1.085951,0.2910832,-0.04878316,0.08580455,-0.09456453,0.9906136,MathCanvas,-1.089078,1.268182,3.32741,-0.0394986,1.529552,0.1155426,-0.3233733,-0.07850258,0.9430096,-0.007071309,1.529909,0.1247843,-0.3487648,-0.07895838,0.9338783,-0.07194351,1.529166,0.1066382,-0.2976418,-0.07860994,0.9514357,-0.03950741,1.529537,0.1157112,353.8675,344.3047,0.6351681,0,7,False
1,Center_Dir_Far,358,27.05999,-0.03952797,1.529512,0.1158643,-0.04131788,1.196962,0.1315983,-0.5768169,-0.1475085,0.02181398,0.8031487,0.04840568,1.085862,0.2911992,-0.04863227,0.08572169,-0.09453195,0.9906313,MathCanvas,-1.13658,1.263211,3.314954,-0.03950741,1.529537,0.1157112,-0.3233225,-0.07878417,0.9430035,-0.007090282,1.529881,0.1249318,-0.3486073,-0.07899787,0.9339338,-0.07196565,1.529142,0.1067968,-0.2974811,-0.07865302,0.9514823,-0.03952797,1.529512,0.1158643,353.8701,344.315,0.6315021,0,7,False
1,Center_Dir_Far,359,27.07999,-0.03959079,1.529508,0.116178,-0.04138797,1.196981,0.1317715,-0.5768293,-0.1473438,0.02181929,0.8031698,0.04829844,1.085824,0.2914513,-0.04851344,0.08553483,-0.09444958,0.9906611,MathCanvas,-1.13632,1.262255,3.314773,-0.03955062,1.529501,0.1160273,-0.3233158,-0.07418873,0.9433784,-0.007154044,1.529874,0.125249,-0.348906,-0.07427669,0.9342096,-0.07202753,1.529142,0.1071071,-0.2977833,-0.07392201,0.9517671,-0.03959079,1.529508,0.116178,353.8812,344.3096,0.6262772,0,7,False
1,Center_Dir_Far,360,27.09999,-0.0396092,1.529502,0.1163369,-0.04139283,1.19698,0.1318051,-0.5768607,-0.1473186,0.02179222,0.8031526,0.04828567,1.085829,0.2914898,-0.04850331,0.08551051,-0.09443496,0.9906651,MathCanvas,-1.137697,1.277534,3.320258,-0.03959079,1.529508,0.116178,-0.3226841,-0.07403901,0.9436065,-0.007172704,1.529863,0.125409,-0.348173,-0.07432637,0.9344791,-0.07204571,1.529141,0.1072649,-0.2970338,-0.07397663,0.951997,-0.0396092,1.529502,0.1163369,353.8881,344.3087,0.61769,0,7,False
1,Center_Dir_Far,361,27.11999,-0.03963038,1.529492,0.1164988,-0.04139283,1.19698,0.1318051,-0.5768607,-0.1473186,0.02179222,0.8031526,0.04828567,1.085829,0.2914898,-0.04850331,0.08551051,-0.09443496,0.9906651,MathCanvas,-1.135542,1.278043,3.321111,-0.0396092,1.529502,0.1163369,-0.3227224,-0.07415153,0.9435846,-0.007193826,1.52985,0.1255708,-0.3481746,-0.07446782,0.9344673,-0.07206693,1.529135,0.1074268,-0.2970353,-0.07412457,0.9519851,-0.03963038,1.529492,0.1164988,353.8968,344.3095,0.6112878,0,7,False
1,Center_Dir_Far,362,27.13999,-0.03971979,1.529565,0.1167531,-0.04157332,1.197027,0.1321628,-0.5772917,-0.1477073,0.02161791,0.8027762,0.04821054,1.085948,0.2919421,-0.04875866,0.08554487,-0.09436412,0.9906564,MathCanvas,-1.135635,1.277665,3.321027,-0.03966135,1.529554,0.116624,-0.3228205,-0.07422527,0.9435452,-0.007283103,1.529927,0.1258245,-0.3481444,-0.07456899,0.9344704,-0.07215647,1.529204,0.1076818,-0.2970049,-0.07421924,0.9519872,-0.03971979,1.529565,0.1167531,353.902,344.31,0.6185361,0,7,False
1,Center_Dir_Far,363,27.15999,-0.03975565,1.529569,0.116903,-0.04157332,1.197027,0.1321628,-0.5772917,-0.1477073,0.02161791,0.8027762,0.04821054,1.085948,0.2919421,-0.04875866,0.08554487,-0.09436412,0.9906564,MathCanvas,-1.135996,1.277501,3.320969,-0.03971979,1.529565,0.1167531,-0.3226936,-0.07439411,0.9435753,-0.00731888,1.529929,0.1259741,-0.3481382,-0.07468849,0.9344631,-0.07219242,1.529209,0.1078319,-0.2969985,-0.07434185,0.9519796,-0.03975565,1.529569,0.116903,353.9092,344.3107,0.6155767,0,7,False
1,Center_Dir_Far,364,27.17999,-0.03998904,1.529631,0.1171525,-0.04180371,1.197033,0.1326212,-0.5769679,-0.1477364,0.02171519,0.803001,0.04809459,1.086178,0.2926614,-0.04893529,0.08554995,-0.09425464,0.9906577,MathCanvas,-1.135526,1.276949,3.321,-0.03987705,1.5296,0.1170277,-0.3205262,-0.07343775,0.9443886,-0.0075581,1.530015,0.1262435,-0.3463072,-0.07352366,0.9352356,-0.07241997,1.529248,0.1080615,-0.2951267,-0.07312573,0.9526557,-0.03998904,1.529631,0.1171525,353.8997,344.2711,0.6555174,0,7,False
1,Center_Dir_Far,365,27.19999,-0.04005421,1.529658,0.1172859,-0.04182447,1.197037,0.1326224,-0.5769975,-0.1477503,0.02172678,0.8029768,0.04807757,1.086192,0.2927227,-0.04895186,0.08554319,-0.09425712,0.9906572,MathCanvas,-1.128371,1.280266,3.323927,-0.03998904,1.529631,0.1171525,-0.3210649,-0.06881891,0.9445535,-0.007626861,1.530044,0.1263895,-0.3468944,-0.06906218,0.9353581,-0.07248155,1.529272,0.1081822,-0.295723,-0.06864447,0.9528041,-0.04005421,1.529658,0.1172859,353.9014,344.2482,0.660897,0,7,False
1,Center_Dir_Far,366,27.21999,-0.04025665,1.529738,0.1174414,-0.04203734,1.197068,0.1328187,-0.5769747,-0.1475751,0.02186917,0.8030216,0.04781378,1.086229,0.2931612,-0.04909975,0.08516894,-0.09389486,0.9907165,MathCanvas,-1.131769,1.295654,3.329044,-0.04015099,1.529714,0.1173572,-0.3220554,-0.06874879,0.9442214,-0.007843666,1.530125,0.1265961,-0.3482885,-0.06924834,0.9348261,-0.07266964,1.529352,0.1082868,-0.2971433,-0.06883278,0.9523486,-0.04025665,1.529738,0.1174414,353.9133,344.1583,0.6607196,0,7,False
1,Center_Dir_Far,367,27.23999,-0.04036939,1.529745,0.1175454,-0.0420651,1.197078,0.1328604,-0.5769374,-0.1476205,0.02185332,0.8030404,0.04777694,1.086216,0.29321,-0.04907331,0.08509696,-0.09383314,0.9907299,MathCanvas,-1.135445,1.29595,3.32838,-0.04025665,1.529738,0.1174414,-0.3228349,-0.06904057,0.9439338,-0.007961053,1.530132,0.1267164,-0.3487541,-0.06947711,0.9346355,-0.07277773,1.529358,0.1083743,-0.2976177,-0.06906114,0.952184,-0.04036939,1.529745,0.1175454,353.9264,344.1292,0.6619073,0,7,False
1,Center_Dir_Far,368,27.25999,-0.04053088,1.529717,0.1176065,-0.04215048,1.197151,0.1330975,-0.5768224,-0.1481531,0.02161645,0.8030314,0.04758348,1.086118,0.2934442,-0.04877124,0.08476307,-0.09369075,0.9907869,MathCanvas,-1.138191,1.294968,3.327457,-0.04036939,1.529745,0.1175454,-0.3233054,-0.06926913,0.943756,-0.008133199,1.530099,0.1268154,-0.349844,-0.06978623,0.934205,-0.07292855,1.529335,0.1083977,-0.298728,-0.06937914,0.9518131,-0.04053088,1.529717,0.1176065,353.9449,344.0635,0.6533901,0,7,False
1,Center_Dir_Far,369,27.27999,-0.04084642,1.529702,0.1177724,-0.04235893,1.197252,0.1334836,-0.5764176,-0.1484604,0.02105138,0.8032802,0.04733524,1.085984,0.2936624,-0.0484058,0.08453128,-0.09365793,0.9908277,MathCanvas,-1.139913,1.294171,3.326796,-0.04065554,1.529714,0.117703,-0.3295969,-0.07269161,0.9413192,-0.008462537,1.530079,0.1270298,-0.3558564,-0.07255637,0.9317198,-0.07323031,1.529325,0.1085149,-0.3048703,-0.07218558,0.9496543,-0.04084642,1.529702,0.1177724,353.939,343.9785,0.6444986,0,7,False
1,Center_Dir_Far,370,27.29999,-0.04098012,1.529716,0.1178738,-0.04239778,1.197263,0.1335371,-0.5763291,-0.1484956,0.02097498,0.8033392,0.04723661,1.085953,0.2937207,-0.04838479,0.08441533,-0.09356862,0.9908471,MathCanvas,-1.161256,1.282599,3.317631,-0.04084642,1.529702,0.1177724,-0.3304976,-0.07348876,0.9409414,-0.00860421,1.530101,0.1271588,-0.3566405,-0.07378496,0.9313235,-0.07335602,1.529331,0.1085888,-0.3056709,-0.07340504,0.9493034,-0.04098012,1.529716,0.1178738,353.9443,343.9283,0.65865,0,7,False
1,Center_Dir_Far,371,27.31999,-0.04123724,1.529721,0.1180863,-0.04264167,1.197257,0.1337417,-0.5760839,-0.1487854,0.0207639,0.803467,0.04674038,1.085898,0.2939816,-0.04842544,0.08361141,-0.09320636,0.9909474,MathCanvas,-1.164299,1.279937,3.316013,-0.04110945,1.529728,0.1179924,-0.3349875,-0.07799441,0.938989,-0.00886837,1.530111,0.1273956,-0.3607438,-0.07826723,0.9293751,-0.0736061,1.52933,0.1087771,-0.3098681,-0.07790875,0.9475821,-0.04123724,1.529721,0.1180863,353.9351,343.8842,0.6685373,0,7,False
1,Center_Dir_Far,372,27.33999,-0.04136962,1.529723,0.118178,-0.04264167,1.197257,0.1337417,-0.5760839,-0.1487854,0.0207639,0.803467,0.04674038,1.085898,0.2939816,-0.04842544,0.08361141,-0.09320636,0.9909474,MathCanvas,-1.178911,1.264838,3.307052,-0.04123724,1.529721,0.1180863,-0.3354291,-0.07808799,0.9388235,-0.00900609,1.530115,0.1275057,-0.3612699,-0.07828492,0.9291692,-0.07373314,1.52933,0.1088502,-0.3104047,-0.07792352,0.9474054,-0.04136962,1.529723,0.118178,353.9358,343.8511,0.6716814,0,7,False
1,Center_Dir_Far,373,27.35999,-0.04162642,1.529664,0.1183137,-0.04276053,1.197246,0.1338463,-0.5758674,-0.1489616,0.02064702,0.8035926,0.04636284,1.085863,0.2940787,-0.04827706,0.08285862,-0.09307309,0.9910304,MathCanvas,-1.180574,1.264516,3.306666,-0.04151056,1.52972,0.1182628,-0.3277754,-0.07805444,0.9415258,-0.009266265,1.530056,0.1276532,-0.3531989,-0.0787255,0.9322301,-0.07398657,1.529272,0.1089742,-0.3021514,-0.07832875,0.9500364,-0.04162642,1.529664,0.1183137,353.9659,343.8308,0.6701624,0,7,False
1,Center_Dir_Far,374,27.37999,-0.04172967,1.529642,0.1183841,-0.0428512,1.197245,0.1339431,-0.5758168,-0.1494703,0.02048683,0.8035384,0.04616662,1.085833,0.2941317,-0.0480983,0.08252942,-0.09296229,0.9910769,MathCanvas,-1.1538,1.264818,3.313001,-0.04162642,1.529664,0.1183137,-0.327796,-0.07852716,0.9414793,-0.009366412,1.530043,0.1277124,-0.3528522,-0.07886545,0.9323495,-0.07409292,1.529241,0.1090558,-0.3017986,-0.07845381,0.9501382,-0.04172967,1.529642,0.1183841,353.9726,343.849,0.6864085,0,7,False
1,Center_Dir_Far,375,27.39999,-0.0419433,1.529658,0.1185371,-0.04293564,1.197261,0.1339679,-0.5761871,-0.1501793,0.02033949,0.8031444,0.04587504,1.085783,0.2941908,-0.04764784,0.08206894,-0.09283902,0.9911485,MathCanvas,-1.153826,1.263227,3.31249,-0.04182417,1.529663,0.1184582,-0.3270953,-0.07857262,0.9417192,-0.009578202,1.530075,0.1278584,-0.352615,-0.07886744,0.9324391,-0.0743084,1.529241,0.1092159,-0.3015578,-0.0784301,0.9502166,-0.0419433,1.529658,0.1185371,353.9706,343.8585,0.7137684,0,7,False
1,Center_Dir_Far,376,27.41999,-0.0420627,1.529653,0.1186163,-0.04293564,1.197261,0.1339679,-0.5761871,-0.1501793,0.02033949,0.8031444,0.04587504,1.085783,0.2941908,-0.04764784,0.08206894,-0.09283902,0.9911485,MathCanvas,-1.151504,1.263127,3.313003,-0.0419433,1.529658,0.1185371,-0.3192835,-0.06004133,0.9457553,-0.009698901,1.530075,0.1279418,-0.3448983,-0.06038116,0.9366959,-0.0744265,1.529231,0.1092908,-0.2936647,-0.05985198,0.954033,-0.0420627,1.529653,0.1186163,353.9745,343.8501,0.7217905,0,7,False
1,Center_Dir_Far,377,27.43999,-0.04222494,1.529654,0.1186899,-0.04293868,1.197274,0.1339616,-0.5761786,-0.1499325,0.02039346,0.8031952,0.04570278,1.085773,0.2942051,-0.04756132,0.08183847,-0.09283338,0.9911723,MathCanvas,-1.129985,1.325069,3.34117,-0.0420627,1.529653,0.1186163,-0.3193993,-0.06011656,0.9457114,-0.009857871,1.53008,0.1280038,-0.3445591,-0.06031243,0.9368252,-0.07459202,1.529227,0.1093759,-0.2933194,-0.0597761,0.9541439,-0.04222494,1.529654,0.1186899,353.9701,343.8697,0.7292373,0,7,False
1,Center_Dir_Far,378,27.45999,-0.04255792,1.52964,0.1187934,-0.04325245,1.197354,0.13428,-0.5752553,-0.1499053,0.02075169,0.8038527,0.0450988,1.085687,0.2942601,-0.04772905,0.08039612,-0.09166883,0.9913905,MathCanvas,-1.130507,1.32482,3.340991,-0.04241526,1.529687,0.1187447,-0.3204364,0.03032583,0.9467845,-0.0101896,1.530101,0.1281014,-0.3459563,0.02926245,0.9377942,-0.07492624,1.52918,0.1094855,-0.2947196,0.03007613,0.9551104,-0.04255792,1.52964,0.1187934,354.0282,343.8747,0.7872677,0,7,False
1,Center_Dir_Far,379,27.47999,-0.04269511,1.529623,0.1188616,-0.04325245,1.197354,0.13428,-0.5752553,-0.1499053,0.02075169,0.8038527,0.0450988,1.085687,0.2942601,-0.04772905,0.08039612,-0.09166883,0.9913905,MathCanvas,-1.130507,1.32482,3.340991,-0.04255792,1.52964,0.1187934,-0.3716843,0.04479846,0.9272777,-0.0103269,1.530093,0.1281696,-0.3965673,0.04400289,0.9169504,-0.07506331,1.529154,0.1095537,-0.3465532,0.04499932,0.9369503,-0.04269511,1.529623,0.1188616,354.0438,343.8734,0.8028555,0,7,False
1,Center_Dir_Far,380,27.49999,-0.04303444,1.529415,0.1188807,-0.04344659,1.197382,0.1345583,-0.5747112,-0.1501654,0.02107045,0.804185,0.04486933,1.085524,0.2944209,-0.04667125,0.08018838,-0.09145571,0.9914774,MathCanvas,-1.130507,1.32482,3.340991,-0.0428336,1.529606,0.1189305,-0.3717056,0.04420062,0.9272978,-0.01067409,1.529904,0.1282149,-0.397336,0.04216885,0.9167038,-0.07539479,1.528926,0.1095465,-0.3473388,0.0431866,0.9367447,-0.04303444,1.529415,0.1188807,354.1456,343.8247,0.8359189,0,7,False
1,Center_Dir_Far,381,27.51999,-0.04318268,1.529364,0.1189224,-0.04344659,1.197382,0.1345583,-0.5747112,-0.1501654,0.02107045,0.804185,0.04486933,1.085524,0.2944209,-0.04667125,0.08018838,-0.09145571,0.9914774,MathCanvas,-1.130507,1.32482,3.340991,-0.04303444,1.529415,0.1188807,-0.3724726,0.04267762,0.9270614,-0.01082388,1.52986,0.1282616,-0.3974853,0.04162446,0.916664,-0.07554148,1.528867,0.1095832,-0.3474915,0.04265195,0.9367126,-0.04318268,1.529364,0.1189224,354.1754,343.815,0.84935,0,7,False
1,Center_Dir_Far,382,27.53999,-0.04351282,1.529433,0.1190307,-0.04365506,1.197477,0.13481,-0.5748205,-0.1508725,0.02129683,0.8039686,0.04459669,1.085491,0.294533,-0.04666138,0.07996643,-0.09109002,0.9915295,MathCanvas,-1.130507,1.32482,3.340991,-0.04337735,1.529393,0.1189842,-0.3291996,-0.03733167,0.9435222,-0.01115786,1.529961,0.1283814,-0.3546725,-0.03748678,0.9342388,-0.07586779,1.528906,0.1096799,-0.3036407,-0.03674939,0.9520777,-0.04351282,1.529433,0.1190307,354.1358,343.7883,0.9019604,0,7,False
1,Center_Dir_Far,383,27.55999,-0.04366625,1.529426,0.1190704,-0.04370971,1.197493,0.1348354,-0.5748519,-0.1509157,0.02139257,0.8039355,0.04456646,1.08549,0.2945462,-0.04662109,0.07991386,-0.09108866,0.9915357,MathCanvas,-1.174127,1.40122,3.359494,-0.04351282,1.529433,0.1190307,-0.3293099,-0.03701725,0.943496,-0.0113119,1.529952,0.1284233,-0.3547702,-0.03733652,0.9342077,-0.07602061,1.5289,0.1097175,-0.3037397,-0.03660785,0.9520515,-0.04366625,1.529426,0.1190704,354.1333,343.7846,0.8994887,0,7,False
1,Center_Dir_Far,384,27.57999,-0.0438173,1.529409,0.1191117,-0.04370971,1.197493,0.1348354,-0.5748519,-0.1509157,0.02139257,0.8039355,0.04456646,1.08549,0.2945462,-0.04662109,0.07991386,-0.09108866,0.9915357,MathCanvas,-1.17478,1.402279,3.35979,-0.04366625,1.529426,0.1190704,-0.3293435,-0.03707304,0.9434821,-0.01146433,1.529944,0.1284689,-0.3548519,-0.03755217,0.934168,-0.07617028,1.528875,0.1097545,-0.3038236,-0.03680363,0.9520172,-0.0438173,1.529409,0.1191117,354.1386,343.7755,0.9140002,0,7,False
1,Center_Dir_Far,385,27.59999,-0.04411683,1.529457,0.1191871,-0.04382868,1.197534,0.1349473,-0.5748674,-0.1509802,0.02168954,0.8039043,0.04431662,1.08556,0.2946078,-0.04663027,0.07969163,-0.09079877,0.9915798,MathCanvas,-1.175006,1.402076,3.359668,-0.04398413,1.529419,0.1191543,-0.3196417,-0.04291606,0.9465661,-0.0117682,1.530012,0.1285582,-0.3452925,-0.04348,0.9374874,-0.07646547,1.528902,0.1098161,-0.2940618,-0.04269151,0.9548325,-0.04411683,1.529457,0.1191871,354.1479,343.7475,0.9492396,0,7,False
1,Center_Dir_Far,386,27.61999,-0.04426732,1.529451,0.1192289,-0.04382868,1.197534,0.1349473,-0.5748674,-0.1509802,0.02168954,0.8039043,0.04431662,1.08556,0.2946078,-0.04663027,0.07969163,-0.09079877,0.9915798,MathCanvas,-1.13878,1.382485,3.36085,-0.04411683,1.529457,0.1191871,-0.3197946,-0.04308577,0.9465067,-0.01192033,1.530016,0.128605,-0.3454271,-0.0435884,0.9374328,-0.07661431,1.528887,0.1098528,-0.2941992,-0.0427844,0.954786,-0.04426732,1.529451,0.1192289,354.1529,343.7368,0.9659432,0,7,False
1,Center_Dir_Far,387,27.63999,-0.04461186,1.529356,0.1193038,-0.04408665,1.197587,0.1353425,-0.5743645,-0.1519433,0.02195392,0.8040751,0.04387323,1.085579,0.2946031,-0.04676718,0.0789104,-0.08986766,0.9917206,MathCanvas,-1.139404,1.381904,3.360539,-0.04441629,1.529454,0.1192686,-0.3181973,-0.06641278,0.9456955,-0.01227584,1.529906,0.1287186,-0.3447117,-0.06786999,0.9362518,-0.07694788,1.528806,0.109889,-0.2934795,-0.06714378,0.9536045,-0.04461186,1.529356,0.1193038,354.217,343.672,0.9409241,0,7,False
1,Center_Dir_Far,388,27.65999,-0.04477625,1.52931,0.1193592,-0.04417488,1.197612,0.1354459,-0.574287,-0.152469,0.02215899,0.8040253,0.04379268,1.085544,0.2946011,-0.04663113,0.07871876,-0.08971108,0.9917564,MathCanvas,-1.126366,1.303577,3.334323,-0.04461186,1.529356,0.1193038,-0.3192134,-0.06750686,0.9452754,-0.01243984,1.529866,0.1287722,-0.3446376,-0.06827057,0.93625,-0.07711266,1.528753,0.1099461,-0.2934046,-0.06753553,0.9535999,-0.04477625,1.52931,0.1193592,354.2394,343.6743,0.9512949,0,7,False
1,Center_Dir_Far,389,27.67999,-0.04510054,1.529241,0.1195238,-0.04429138,1.197643,0.135577,-0.5742157,-0.1528043,0.02244806,0.8040045,0.04361676,1.085409,0.2945596,-0.04621652,0.07817306,-0.08921573,0.9918637,MathCanvas,-1.129732,1.299865,3.332201,-0.04493776,1.529265,0.119413,-0.3193311,-0.06818809,0.9451868,-0.01276768,1.529835,0.1289467,-0.344851,-0.06846841,0.936157,-0.07743341,1.528647,0.1101009,-0.2936243,-0.06767344,0.9535224,-0.04510054,1.529241,0.1195238,354.2465,343.6502,1.015466,0,7,False
1,Center_Dir_Far,390,27.69999,-0.04526435,1.52924,0.1196597,-0.04437023,1.19766,0.1356554,-0.574221,-0.152812,0.02263857,0.8039939,0.04353544,1.085323,0.294515,-0.04608762,0.0778987,-0.08895003,0.9919151,MathCanvas,-1.13019,1.297537,3.331275,-0.04510054,1.529241,0.1195238,-0.3171074,-0.07430154,0.9454746,-0.01293208,1.529842,0.1290842,-0.3426531,-0.07475007,0.9364834,-0.07759662,1.528639,0.1102352,-0.2913857,-0.07394902,0.9537431,-0.04526435,1.52924,0.1196597,354.2487,343.6461,1.028465,0,7,False
1,Center_Dir_Far,391,27.71999,-0.04557539,1.529192,0.1199255,-0.04444512,1.197683,0.1357711,-0.5741262,-0.152579,0.02286508,0.8040996,0.04344889,1.08525,0.2945237,-0.04607007,0.07777165,-0.08874501,0.9919443,MathCanvas,-1.120672,1.277261,3.326052,-0.04542833,1.529211,0.1197363,-0.3172574,-0.07451528,0.9454075,-0.0132383,1.529802,0.1293328,-0.3421128,-0.07551073,0.9366199,-0.07791249,1.528582,0.1105181,-0.2908362,-0.07469805,0.9538525,-0.04557539,1.529192,0.1199255,354.2916,343.6757,1.042551,0,7,False
1,Center_Dir_Far,392,27.73999,-0.04570936,1.529138,0.1200457,-0.04448542,1.197713,0.1358792,-0.5738836,-0.1524148,0.02301256,0.8042996,0.04343139,1.085175,0.2945837,-0.04584447,0.07792197,-0.08870576,0.9919465,MathCanvas,-1.121369,1.276517,3.325725,-0.04557539,1.529192,0.1199255,-0.3165919,-0.07510441,0.9455839,-0.01337023,1.52975,0.129446,-0.3418786,-0.07609854,0.9366579,-0.0780485,1.528526,0.1106455,-0.2905982,-0.07528351,0.9538789,-0.04570936,1.529138,0.1200457,354.3252,343.6886,1.046406,0,7,False
1,Center_Dir_Far,393,27.75999,-0.04586348,1.529102,0.1201437,-0.04448542,1.197713,0.1358792,-0.5738836,-0.1524148,0.02301256,0.8042996,0.04343139,1.085175,0.2945837,-0.04584447,0.07792197,-0.08870576,0.9919465,MathCanvas,-1.119017,1.274519,3.325757,-0.04570936,1.529138,0.1200457,-0.3135777,-0.07564659,0.9465446,-0.01352368,1.529721,0.1295413,-0.3390248,-0.07641158,0.9376692,-0.07820328,1.528484,0.1107462,-0.2876872,-0.07557477,0.9547379,-0.04586348,1.529102,0.1201437,354.3448,343.6926,1.057409,0,7,False
1,Center_Dir_Far,394,27.77999,-0.04610538,1.529068,0.1204394,-0.04471077,1.197854,0.1364075,-0.5732836,-0.1523951,0.02345415,0.8047183,0.04347721,1.085087,0.2949927,-0.04512918,0.07869583,-0.08837358,0.9919478,MathCanvas,-1.10851,1.272752,3.327775,-0.0459666,1.529084,0.1202978,-0.3129394,-0.07621139,0.9467105,-0.01375867,1.529719,0.129811,-0.3381937,-0.07679771,0.9379377,-0.07845209,1.528418,0.1110679,-0.2868433,-0.07591039,0.9549652,-0.04610538,1.529068,0.1204394,354.3636,343.7333,1.1119,0,7,False
1,Center_Dir_Far,395,27.79999,-0.04625419,1.529048,0.1205638,-0.04473487,1.197875,0.1364545,-0.5732452,-0.1523965,0.02349318,0.8047442,0.04348168,1.085106,0.2950181,-0.0451889,0.07872421,-0.08832083,0.9919475,MathCanvas,-1.10629,1.270877,3.327732,-0.04610538,1.529068,0.1204394,-0.3085391,-0.07960013,0.9478753,-0.01390466,1.529708,0.1299249,-0.3338043,-0.08033498,0.939213,-0.07860371,1.528388,0.1112027,-0.2823707,-0.0794212,0.9560121,-0.04625419,1.529048,0.1205638,354.3791,343.7504,1.12853,0,7,False
1,Center_Dir_Far,396,27.81999,-0.04653377,1.529053,0.1208915,-0.04495151,1.197965,0.1367977,-0.5730146,-0.1525257,0.0239178,0.8048715,0.04349124,1.085268,0.2952929,-0.04572311,0.07876945,-0.08786384,0.9919601,MathCanvas,-1.090179,1.259725,3.327646,-0.04639985,1.529019,0.1206933,-0.3079275,-0.07996619,0.9480433,-0.01417914,1.529721,0.1302345,-0.3332444,-0.08076774,0.9393747,-0.07888839,1.528386,0.1115485,-0.2818016,-0.07984304,0.9561449,-0.04653377,1.529053,0.1208915,354.4033,343.7817,1.140995,0,7,False
1,Center_Dir_Far,397,27.83999,-0.0466773,1.529037,0.1210273,-0.04495151,1.197965,0.1367977,-0.5730146,-0.1525257,0.0239178,0.8048715,0.04349124,1.085268,0.2952929,-0.04572311,0.07876945,-0.08786384,0.9919601,MathCanvas,-1.088161,1.258551,3.327842,-0.04653377,1.529053,0.1208915,-0.3076374,-0.08030543,0.9481088,-0.01432033,1.529712,0.1303616,-0.3329687,-0.08102083,0.9394507,-0.07903428,1.528363,0.1116929,-0.2815214,-0.0800852,0.9562072,-0.0466773,1.529037,0.1210273,354.4172,343.796,1.153054,0,7,False
1,Center_Dir_Far,398,27.85999,-0.04699012,1.529021,0.1213383,-0.04510691,1.198031,0.1371237,-0.5727541,-0.1525481,0.02415217,0.8050457,0.04350947,1.085457,0.2955581,-0.04584265,0.07887522,-0.08777558,0.991954,MathCanvas,-1.087238,1.25741,3.327936,-0.04683702,1.529028,0.1211904,-0.3073736,-0.08078572,0.9481536,-0.01463148,1.52969,0.1306672,-0.3328075,-0.08143661,0.9394718,-0.07934877,1.528353,0.1120093,-0.2813574,-0.08051124,0.9562196,-0.04699012,1.529021,0.1213383,354.4417,343.8071,1.142973,0,7,False
1,Center_Dir_Far,399,27.87999,-0.04713956,1.529008,0.1214814,-0.04510691,1.198031,0.1371237,-0.5727541,-0.1525481,0.02415217,0.8050457,0.04350947,1.085457,0.2955581,-0.04584265,0.07887522,-0.08777558,0.991954,MathCanvas,-1.086447,1.255825,3.327746,-0.04699012,1.529021,0.1213383,-0.3086787,-0.07597061,0.9481276,-0.01477914,1.52968,0.130804,-0.3340759,-0.07665996,0.9394235,-0.07949997,1.528336,0.1121589,-0.2826476,-0.07572629,0.95623,-0.04713956,1.529008,0.1214814,354.4543,343.8181,1.148221,0,7,False
1,Center_Dir_Far,400,27.89999,-0.04731234,1.529039,0.1216851,-0.04531087,1.198132,0.1375188,-0.5724896,-0.1526417,0.02434269,0.8052104,0.04351859,1.085679,0.2960509,-0.04602653,0.07935211,-0.08723885,0.9919547,MathCanvas,-1.092571,1.271711,3.332596,-0.04713956,1.529008,0.1214814,-0.3084763,-0.07619316,0.9481756,-0.01495421,1.529726,0.1310145,-0.3342443,-0.07668285,0.9393618,-0.07967047,1.528352,0.1123557,-0.28282,-0.07572515,0.9561791,-0.04731234,1.529039,0.1216851,354.4541,343.8033,1.173862,0,7,False
1,Center_Dir_Far,401,27.91999,-0.0476248,1.529038,0.1221011,-0.04564986,1.198283,0.1380611,-0.5718408,-0.1528604,0.02468627,0.8056194,0.04340088,1.085782,0.2964482,-0.04610518,0.07942729,-0.08677194,0.991986,MathCanvas,-1.091961,1.271013,3.332662,-0.04746931,1.529052,0.1218986,-0.3102435,-0.07897739,0.9473709,-0.01526755,1.529742,0.1314324,-0.3358976,-0.08005314,0.9384904,-0.07998204,1.528335,0.1127699,-0.2845096,-0.079083,0.9554058,-0.0476248,1.529038,0.1221011,354.4982,343.798,1.202439,0,7,False
1,Center_Dir_Far,402,27.93999,-0.04778145,1.529029,0.1222688,-0.04564986,1.198283,0.1380611,-0.5718408,-0.1528604,0.02468627,0.8056194,0.04340088,1.085782,0.2964482,-0.04610518,0.07942729,-0.08677194,0.991986,MathCanvas,-1.09751,1.261773,3.328069,-0.0476248,1.529038,0.1221011,-0.3103188,-0.07956811,0.9472968,-0.01542402,1.529739,0.1315989,-0.3358383,-0.08035205,0.9384861,-0.08013887,1.528319,0.1129387,-0.2844499,-0.07937171,0.9553996,-0.04778145,1.529029,0.1222688,354.5147,343.7993,1.213858,0,7,False
1,Center_Dir_Far,403,27.95999,-0.04813226,1.528999,0.1226153,-0.04597422,1.198428,0.1385844,-0.5715212,-0.1532759,0.02490858,0.8057603,0.04311492,1.085732,0.2968181,-0.0459348,0.0790556,-0.08627226,0.9920672,MathCanvas,-1.097841,1.259786,3.32774,-0.04793771,1.52902,0.1224361,-0.3138691,-0.08300104,0.9458314,-0.01577916,1.529719,0.1319597,-0.3398284,-0.08388392,0.9367391,-0.08048537,1.528278,0.113271,-0.288523,-0.08291255,0.9538763,-0.04813226,1.528999,0.1226153,354.5538,343.7732,1.231018,0,7,False
1,Center_Dir_Far,404,27.97999,-0.04829608,1.528989,0.1227851,-0.04597422,1.198428,0.1385844,-0.5715212,-0.1532759,0.02490858,0.8057603,0.04311492,1.085732,0.2968181,-0.0459348,0.0790556,-0.08627226,0.9920672,MathCanvas,-1.10948,1.248331,3.320943,-0.04813226,1.528999,0.1226153,-0.3142928,-0.08339823,0.9456557,-0.01594403,1.529715,0.1321326,-0.339892,-0.08418926,0.9366887,-0.08064814,1.528262,0.1134377,-0.2885885,-0.08320831,0.9538307,-0.04829608,1.528989,0.1227851,354.5707,343.7669,1.241914,0,7,False
1,Center_Dir_Far,405,27.99999,-0.04866639,1.529076,0.1232094,-0.04619763,1.198647,0.1391461,-0.5714159,-0.1534514,0.02502654,0.8057979,0.04268008,1.085684,0.2972026,-0.04536021,0.07828745,-0.08598302,0.9921796,MathCanvas,-1.111067,1.246981,3.320487,-0.04847074,1.528983,0.1229569,-0.3143043,-0.08395784,0.9456024,-0.01632272,1.529822,0.1325843,-0.3406394,-0.08430661,0.9364066,-0.08101005,1.528329,0.1138345,-0.289351,-0.0832941,0.9535922,-0.04866639,1.529076,0.1232094,354.5753,343.715,1.275677,0,7,False
1,Center_Dir_Far,406,28.01999,-0.04883756,1.529087,0.1233927,-0.04619763,1.198647,0.1391461,-0.5714159,-0.1534514,0.02502654,0.8057979,0.04268008,1.085684,0.2972026,-0.04536021,0.07828745,-0.08598302,0.9921796,MathCanvas,-1.111243,1.245237,3.320033,-0.04866639,1.529076,0.1232094,-0.3151123,-0.08380035,0.9453474,-0.01649629,1.529841,0.1327753,-0.3408376,-0.08451002,0.9363161,-0.08117883,1.528334,0.1140101,-0.2895536,-0.08348657,0.9535139,-0.04883756,1.529087,0.1233927,354.5862,343.7004,1.287783,0,7,False
1,Center_Dir_Far,407,28.03999,-0.049161,1.529094,0.1238479,-0.04654321,1.198945,0.1399042,-0.5715595,-0.1540212,0.02498464,0.8055885,0.04211062,1.085718,0.2977248,-0.04530036,0.07736102,-0.08542268,0.9923034,MathCanvas,-1.114338,1.24573,3.319931,-0.04900873,1.529099,0.1235759,-0.3184349,-0.08727272,0.9439188,-0.01682875,1.529843,0.1332619,-0.3446156,-0.08829448,0.9345824,-0.08149325,1.528346,0.1144339,-0.2934102,-0.08730321,0.9519919,-0.049161,1.529094,0.1238479,354.6284,343.6465,1.278839,0,7,False
1,Center_Dir_Far,408,28.05999,-0.04931467,1.529153,0.124062,-0.04663939,1.199059,0.1401676,-0.571804,-0.1542204,0.02484871,0.8053812,0.04202909,1.085733,0.2978234,-0.045239,0.07723951,-0.08544131,0.9923141,MathCanvas,-1.125154,1.234199,3.313354,-0.049161,1.529094,0.1238479,-0.3191288,-0.08658078,0.9437481,-0.01698459,1.529906,0.1334831,-0.3448076,-0.08707964,0.9346255,-0.08164474,1.5284,0.1146409,-0.2936056,-0.08607319,0.9520437,-0.04931467,1.529153,0.124062,354.6278,343.6331,1.28678,0,7,False
1,Center_Dir_Far,409,28.07999,-0.0494783,1.529177,0.1242617,-0.04663939,1.199059,0.1401676,-0.571804,-0.1542204,0.02484871,0.8053812,0.04202909,1.085733,0.2978234,-0.045239,0.07723951,-0.08544131,0.9923141,MathCanvas,-1.127998,1.236502,3.314013,-0.04931467,1.529153,0.124062,-0.3193871,-0.08666367,0.9436532,-0.01715127,1.529933,0.133693,-0.3451459,-0.08735433,0.9344751,-0.08180533,1.52842,0.1148304,-0.2939504,-0.08634773,0.9519124,-0.0494783,1.529177,0.1242617,354.6383,343.6147,1.292756,0,7,False
1,Center_Dir_Far,410,28.09999,-0.04969914,1.529388,0.1247902,-0.04695607,1.199392,0.1410584,-0.5721165,-0.1546147,0.02432695,0.8050995,0.04167365,1.085783,0.2983977,-0.04514718,0.07702,-0.08532703,0.9923452,MathCanvas,-1.129066,1.236237,3.313986,-0.04959915,1.529301,0.1245181,-0.3215328,-0.08784924,0.9428145,-0.01737767,1.530151,0.1342401,-0.3471892,-0.08827577,0.9336311,-0.0820206,1.528626,0.1153403,-0.2960366,-0.08727007,0.9511815,-0.04969914,1.529388,0.1247902,354.6241,343.5805,1.302508,0,7,False
1,Center_Dir_Far,411,28.11999,-0.04979249,1.52946,0.1250659,-0.04700857,1.199478,0.1413475,-0.5720238,-0.1546079,0.02412406,0.8051728,0.04157705,1.085818,0.2985873,-0.04520217,0.07705321,-0.08524114,0.9923475,MathCanvas,-1.136348,1.232494,3.311114,-0.04969914,1.529388,0.1247902,-0.3217328,-0.08777292,0.9427534,-0.01747311,1.530226,0.1345226,-0.3473756,-0.08830336,0.9335592,-0.08211187,1.528694,0.1156092,-0.296227,-0.08729137,0.9511203,-0.04979249,1.52946,0.1250659,354.6252,343.5678,1.309314,0,7,False
1,Center_Dir_Far,412,28.13999,-0.04996713,1.529618,0.1257237,-0.04710584,1.199685,0.1419125,-0.5724175,-0.154726,0.02342231,0.804891,0.04133995,1.085828,0.2990121,-0.04505372,0.077108,-0.08518136,0.9923551,MathCanvas,-1.137236,1.232791,3.311534,-0.04992587,1.529519,0.1252977,-0.3264899,-0.08733252,0.9411575,-0.01765113,1.530377,0.1351925,-0.3520446,-0.08712859,0.9319191,-0.08228313,1.528859,0.1162548,-0.3009932,-0.08614847,0.9497271,-0.04996713,1.529618,0.1257237,354.5878,343.5467,1.296625,0,7,False
1,Center_Dir_Far,413,28.15999,-0.04996154,1.529739,0.1260752,-0.04718933,1.199746,0.1421611,-0.5725203,-0.1547133,0.02319821,0.8048269,0.04121982,1.085771,0.2992259,-0.04480937,0.07711333,-0.08522147,0.9923623,MathCanvas,-1.154046,1.234289,3.308401,-0.04996713,1.529618,0.1257237,-0.3266371,-0.08681668,0.9411541,-0.01764918,1.53051,0.1355555,-0.3523621,-0.08693296,0.9318174,-0.08227391,1.528968,0.1165949,-0.3013175,-0.08593177,0.9496439,-0.04996154,1.529739,0.1260752,354.5648,343.5238,1.316944,0,7,False
1,Center_Dir_Far,414,28.17999,-0.05016322,1.529971,0.1267349,-0.0473502,1.199724,0.1423691,-0.5723212,-0.1545029,0.02318965,0.8050091,0.04106648,1.085629,0.299563,-0.0444431,0.07716906,-0.08541712,0.9923577,MathCanvas,-1.15478,1.23609,3.309438,-0.05003881,1.529853,0.1263973,-0.3272382,-0.08620799,0.9410012,-0.01785211,1.530714,0.1362216,-0.3526412,-0.08621918,0.9317781,-0.08247434,1.529228,0.1172481,-0.3015995,-0.08526037,0.9496149,-0.05016322,1.529971,0.1267349,354.5271,343.5163,1.269895,0,7,False
1,Center_Dir_Far,415,28.19999,-0.0502083,1.529857,0.1270436,-0.04749516,1.199677,0.1425268,-0.5721086,-0.1543521,0.02321317,0.8051885,0.04098678,1.085493,0.2997606,-0.04427803,0.07729211,-0.08540984,0.9923561,MathCanvas,-1.157202,1.238332,3.310118,-0.05016322,1.529971,0.1267349,-0.3248734,-0.08187707,0.9422067,-0.0178921,1.530581,0.1365145,-0.3498734,-0.08255336,0.9331525,-0.08252451,1.529133,0.1175727,-0.2987686,-0.08160338,0.9508303,-0.0502083,1.529857,0.1270436,354.5401,343.5481,1.23712,0,7,False
1,Center_Dir_Far,416,28.21999,-0.05027103,1.529888,0.1273711,-0.04749516,1.199677,0.1425268,-0.5721086,-0.1543521,0.02321317,0.8051885,0.04098678,1.085493,0.2997606,-0.04427803,0.07729211,-0.08540984,0.9923561,MathCanvas,-1.150347,1.252592,3.317696,-0.0502083,1.529857,0.1270436,-0.3244417,-0.0820784,0.9423379,-0.01795495,1.530604,0.1368431,-0.3499286,-0.08238804,0.9331464,-0.08258712,1.529173,0.1178992,-0.2988242,-0.08145117,0.9508259,-0.05027103,1.529888,0.1273711,354.5316,343.5475,1.222731,0,7,False
1,Center_Dir_Far,417,28.23999,-0.05025148,1.529665,0.1280242,-0.04800378,1.199404,0.1433865,-0.5711804,-0.1541725,0.02303221,0.8058867,0.04081151,1.084862,0.3004462,-0.0428038,0.07795102,-0.08547204,0.9923639,MathCanvas,-1.148837,1.251969,3.318147,-0.05033307,1.529918,0.1276973,-0.3208093,-0.08169333,0.9436141,-0.01792766,1.530361,0.1374712,-0.3453992,-0.08567362,0.934537,-0.08257529,1.528968,0.1185773,-0.294202,-0.08475766,0.9519776,-0.05025148,1.529665,0.1280242,354.7267,343.5991,1.18985,0,7,False
1,Center_Dir_Far,418,28.25999,-0.05028126,1.529616,0.128338,-0.04800378,1.199404,0.1433865,-0.5711804,-0.1541725,0.02303221,0.8058867,0.04081151,1.084862,0.3004462,-0.0428038,0.07795102,-0.08547204,0.9923639,MathCanvas,-1.13611,1.253154,3.321921,-0.05025148,1.529665,0.1280242,-0.3199194,-0.08521564,0.9436047,-0.01795565,1.530301,0.1377796,-0.3452447,-0.08623251,0.9345427,-0.08260687,1.52893,0.1188964,-0.2940441,-0.08533589,0.9519747,-0.05028126,1.529616,0.128338,354.7602,343.6112,1.170634,0,7,False
1,Center_Dir_Far,419,28.27999,-0.05028552,1.529591,0.1290287,-0.04849094,1.199321,0.1442148,-0.5710859,-0.1550152,0.02280028,0.8057986,0.04057311,1.084656,0.3010007,-0.04290995,0.0782595,-0.08526231,0.992353,MathCanvas,-1.132084,1.24146,3.319124,-0.0502526,1.529583,0.1286702,-0.3190394,-0.08641648,0.9437934,-0.01794529,1.530251,0.1384218,-0.3438674,-0.08699908,0.9349793,-0.08262575,1.52893,0.1196355,-0.29264,-0.08614428,0.9523345,-0.05028552,1.529591,0.1290287,354.8072,343.702,1.128138,0,7,False
1,Center_Dir_Far,420,28.29999,-0.05033114,1.529536,0.129349,-0.04855137,1.199315,0.1443,-0.5711797,-0.1551262,0.02279101,0.8057109,0.04055751,1.084646,0.3010551,-0.04290119,0.078309,-0.085311,0.9923453,MathCanvas,-1.128558,1.237525,3.318811,-0.05028552,1.529591,0.1290287,-0.3168428,-0.09211898,0.943994,-0.01798606,1.530182,0.1387265,-0.3419061,-0.09309325,0.9351117,-0.08267622,1.528889,0.1199716,-0.2906429,-0.09226852,0.9523724,-0.05033114,1.529536,0.129349,354.8405,343.7328,1.104455,1,8,False
1,Center_Dir_Far,421,28.31999,-0.05036375,1.529407,0.1300524,-0.04879825,1.199275,0.1446076,-0.5715682,-0.1553108,0.02283487,0.8053986,0.04048289,1.08459,0.3013881,-0.0427717,0.07857534,-0.08562963,0.9923024,MathCanvas,-1.119414,1.21871,3.31455,-0.05033673,1.529461,0.1297393,-0.3102262,-0.09294485,0.9461083,-0.01801033,1.53003,0.1394026,-0.3354065,-0.09380663,0.9373915,-0.08271717,1.528784,0.1207021,-0.2840125,-0.09299003,0.9543007,-0.05036375,1.529407,0.1300524,354.8886,343.7857,1.064685,1,8,False
1,Center_Dir_Far,422,28.33999,-0.05037844,1.529379,0.1303557,-0.04892951,1.199201,0.1448042,-0.5716181,-0.1550536,0.0229331,0.80541,0.04041532,1.084524,0.3017811,-0.04270816,0.07891943,-0.08569755,0.992272,MathCanvas,-1.096151,1.216086,3.319429,-0.05036375,1.529407,0.1300524,-0.309825,-0.09339836,0.9461951,-0.01802476,1.530007,0.1397047,-0.3353269,-0.09456013,0.9373443,-0.08273213,1.528751,0.1210067,-0.2839321,-0.0937378,0.9542515,-0.05037844,1.529379,0.1303557,354.9316,343.788,1.072249,1,8,False
1,Center_Dir_Far,423,28.35999,-0.05044834,1.529361,0.130628,-0.04901638,1.199135,0.1450528,-0.5714481,-0.1549825,0.02294794,0.8055438,0.04040487,1.084492,0.3019873,-0.04277867,0.07925286,-0.08569311,0.9922428,MathCanvas,-1.094763,1.214543,3.319871,-0.05037844,1.529379,0.1303557,-0.2980959,-0.09395603,0.9499006,-0.01809378,1.529989,0.1399739,-0.3236792,-0.09489284,0.9413964,-0.08280291,1.528732,0.1212821,-0.2720624,-0.09400753,0.9576767,-0.05044834,1.529361,0.130628,354.9601,343.7939,1.073267,1,8,False
1,Center_Dir_Far,424,28.37999,-0.05053046,1.529272,0.1312066,-0.04901638,1.199135,0.1450528,-0.5714481,-0.1549825,0.02294794,0.8055438,0.04040305,1.084484,0.3020455,-0.0428035,0.07934739,-0.08569624,0.9922339,MathCanvas,-1.054226,1.212983,3.329225,-0.05049115,1.529323,0.1309183,-0.206278,-0.1249934,0.9704772,-0.01817123,1.529894,0.1405368,-0.2323562,-0.126323,0.9643926,-0.0828897,1.528651,0.1218764,-0.1795728,-0.1248578,0.975789,-0.05053046,1.529272,0.1312066,355.0242,343.824,1.060937,1,8,False
1,Center_Dir_Far,425,28.39999,-0.05062789,1.529119,0.131408,-0.04918439,1.198981,0.1456539,-0.5705226,-0.1548035,0.02302972,0.8062317,0.04033992,1.084377,0.3024487,-0.04286001,0.07951192,-0.08551324,0.9922341,MathCanvas,-0.7383264,1.112505,3.367084,-0.05053046,1.529272,0.1312066,-0.2060435,-0.1255905,0.97045,-0.0182734,1.529739,0.1407548,-0.2328163,-0.1270902,0.9641808,-0.08298238,1.5285,0.1220612,-0.1800388,-0.1256253,0.9756046,-0.05062789,1.529119,0.131408,355.0684,343.7958,1.057513,1,8,False
1,Center_Dir_Far,426,28.41999,-0.05075077,1.528972,0.1319234,-0.04918439,1.198981,0.1456539,-0.5705226,-0.1548035,0.02302972,0.8062317,0.04033992,1.084377,0.3024487,-0.04286001,0.07951192,-0.08551324,0.9922341,MathCanvas,-0.7376167,1.110377,3.367077,-0.05068912,1.529046,0.131666,-0.2064113,-0.1269376,0.9701965,-0.01839468,1.529585,0.1412651,-0.2326262,-0.1282466,0.9640735,-0.08310686,1.528359,0.1225817,-0.1798469,-0.1267883,0.9754896,-0.05075077,1.528972,0.1319234,355.1347,343.8071,1.045885,0,8,False
1,Center_Dir_Far,427,28.43999,-0.05083048,1.52906,0.132267,-0.04937261,1.198833,0.1462072,-0.5698609,-0.154677,0.02327069,0.8067169,0.04026572,1.084125,0.3028643,-0.04230335,0.07942548,-0.08551368,0.9922649,MathCanvas,-0.7386932,1.105905,3.365465,-0.05075077,1.528972,0.1319234,-0.2063157,-0.1275176,0.9701408,-0.01848357,1.529685,0.1416396,-0.2335521,-0.1273784,0.9639648,-0.08317739,1.528436,0.1228944,-0.180784,-0.125904,0.9754309,-0.05083048,1.52906,0.132267,355.0855,343.7495,1.066538,0,8,False
1,Center_Dir_Far,428,28.45999,-0.05097555,1.52902,0.1327838,-0.04942437,1.198773,0.1462837,-0.569923,-0.1546776,0.02325553,0.8066733,0.0402382,1.084012,0.3030026,-0.04209,0.0793639,-0.08549932,0.9922801,MathCanvas,-0.7384092,1.104089,3.36541,-0.05090912,1.529042,0.1325279,-0.2135489,-0.1225527,0.969215,-0.01863452,1.529616,0.1421786,-0.2401563,-0.1234204,0.9628563,-0.08331656,1.528424,0.123389,-0.1874401,-0.1220452,0.9746646,-0.05097555,1.52902,0.1327838,355.0955,343.7149,1.017351,0,8,False
1,Center_Dir_Far,429,28.47999,-0.05103847,1.528999,0.1330441,-0.04942437,1.198773,0.1462837,-0.569923,-0.1546776,0.02325553,0.8066733,0.04023217,1.08398,0.3030372,-0.04205922,0.07936505,-0.08548158,0.9922828,MathCanvas,-0.763312,1.12022,3.3658,-0.05097555,1.52902,0.1327838,-0.2138796,-0.1227328,0.9691193,-0.0187006,1.529593,0.1424498,-0.2404803,-0.1235691,0.9627564,-0.08337633,1.528405,0.1236384,-0.187768,-0.1221961,0.9745827,-0.05103847,1.528999,0.1330441,355.104,343.6959,1.014408,0,8,False
1,Center_Dir_Far,430,28.49999,-0.05109378,1.528962,0.1334927,-0.04949591,1.198614,0.1467315,-0.569828,-0.1545947,0.02307486,0.8067616,0.04023505,1.083606,0.3034558,-0.04154995,0.07969117,-0.08531556,0.9922924,MathCanvas,-0.764518,1.119575,3.365922,-0.05110276,1.528974,0.1333062,-0.2067562,-0.1263183,0.9702039,-0.01875957,1.529571,0.1429101,-0.2330515,-0.1276775,0.9640464,-0.08342798,1.528354,0.1240753,-0.1802842,-0.1262142,0.9754833,-0.05109378,1.528962,0.1334927,355.1521,343.6739,1.039347,0,8,False
1,Center_Dir_Far,431,28.51999,-0.05111716,1.528935,0.1337421,-0.04950688,1.198602,0.1467961,-0.5697904,-0.1546056,0.02306222,0.8067864,0.04023413,1.083568,0.3035074,-0.04147312,0.07972934,-0.08532641,0.9922916,MathCanvas,-0.7403047,1.107887,3.367616,-0.05109378,1.528962,0.1334927,-0.2067469,-0.1269459,0.9701239,-0.01878734,1.529547,0.1431744,-0.2334707,-0.1278913,0.9639166,-0.08344698,1.528323,0.1243099,-0.1807088,-0.1264221,0.9753777,-0.05111716,1.528935,0.1337421,355.1647,343.6473,1.044819,0,8,False
1,Center_Dir_Far,432,28.53999,-0.05106229,1.528883,0.1339543,-0.04958142,1.198551,0.147225,-0.5693848,-0.154644,0.0230827,0.8070647,0.04020999,1.083387,0.303887,-0.04111913,0.07979897,-0.08524574,0.9923077,MathCanvas,-0.7402593,1.105791,3.367422,-0.05111716,1.528935,0.1337421,-0.2071691,-0.1271567,0.9700062,-0.01872995,1.529489,0.1433784,-0.2332143,-0.1285507,0.9638909,-0.08339462,1.528278,0.1245303,-0.1804494,-0.1270896,0.9753391,-0.05106229,1.528883,0.1339543,355.2023,343.6635,1.033499,0,8,False
1,Center_Dir_Far,433,28.55999,-0.05103339,1.528861,0.1343524,-0.04965289,1.198549,0.1475697,-0.5690475,-0.1545697,0.02314982,0.8073149,0.0402026,1.083389,0.3041111,-0.04113919,0.07975926,-0.08526456,0.9923084,MathCanvas,-0.7415668,1.105064,3.36703,-0.05104719,1.528865,0.1341432,-0.206559,-0.1321149,0.9694736,-0.01869828,1.529463,0.1437671,-0.2328797,-0.1331113,0.9633527,-0.0833685,1.528259,0.1249377,-0.1801136,-0.1316396,0.9747975,-0.05103339,1.528861,0.1343524,355.2231,343.681,1.02759,0,8,False
1,Center_Dir_Far,434,28.57999,-0.05100293,1.528875,0.1345583,-0.04967877,1.198553,0.1477391,-0.5690749,-0.1545953,0.02311309,0.8072917,0.04019989,1.083418,0.3043166,-0.04117104,0.07971393,-0.08531773,0.9923062,MathCanvas,-0.7387201,1.089018,3.361973,-0.05103339,1.528861,0.1343524,-0.2065758,-0.1323755,0.9694344,-0.01866559,1.529471,0.1439657,-0.2326876,-0.1330275,0.9634107,-0.08334029,1.528279,0.1251509,-0.1799187,-0.1315654,0.9748435,-0.05100293,1.528875,0.1345583,355.2178,343.6947,1.017738,0,8,False
1,Center_Dir_Far,435,28.59999,-0.05098055,1.528889,0.1349692,-0.04967972,1.198549,0.1478668,-0.5691121,-0.1545792,0.02303901,0.8072707,0.04020345,1.083467,0.3045644,-0.04121551,0.0796816,-0.08535287,0.9923039,MathCanvas,-0.7387474,1.088162,3.362056,-0.05099415,1.528872,0.1347698,-0.2043359,-0.1323482,0.9699128,-0.01864107,1.529481,0.1443695,-0.2305058,-0.1328948,0.9639533,-0.08332004,1.528297,0.1255689,-0.1777193,-0.1314252,0.9752657,-0.05098055,1.528889,0.1349692,355.2126,343.7078,1.010696,0,8,False
1,Center_Dir_Far,436,28.61999,-0.05097944,1.528882,0.1351549,-0.04967587,1.198531,0.1480928,-0.5690646,-0.1545574,0.0229893,0.8073097,0.0401922,1.083555,0.3048762,-0.04137385,0.07970182,-0.08534809,0.9922961,MathCanvas,-0.7312754,1.088263,3.364097,-0.05098055,1.528889,0.1349692,-0.2041912,-0.1321601,0.9699689,-0.01863931,1.529475,0.1445529,-0.2304184,-0.1331573,0.9639381,-0.08331956,1.528288,0.1257568,-0.1776312,-0.1316846,0.9752468,-0.05097944,1.528882,0.1351549,355.2279,343.7119,1.01298,0,8,False
1,Center_Dir_Far,437,28.63999,-0.05091681,1.528797,0.1354785,-0.04959487,1.198491,0.1484131,-0.5689705,-0.1544028,0.0229629,0.8074064,0.04018816,1.083614,0.3052781,-0.04156122,0.07967359,-0.08530375,0.9922944,MathCanvas,-0.7308679,1.088833,3.364828,-0.05095947,1.52886,0.13534,-0.204023,-0.1325557,0.9699503,-0.01857385,1.529388,0.1448669,-0.2301067,-0.1337554,0.9639297,-0.08325976,1.528206,0.1260901,-0.177316,-0.1322836,0.9752231,-0.05091681,1.528797,0.1354785,355.2624,343.7298,1.009438,0,8,False
1,Center_Dir_Far,438,28.65999,-0.05088284,1.528774,0.1356525,-0.04953965,1.198485,0.1485094,-0.5689267,-0.1542638,0.02297343,0.8074635,0.04018158,1.083615,0.3053691,-0.04156429,0.07962749,-0.08528186,0.9922998,MathCanvas,-0.7301618,1.087485,3.364692,-0.05091681,1.528797,0.1354785,-0.201787,-0.1267172,0.9711976,-0.01853954,1.529369,0.1450395,-0.2280462,-0.1276771,0.9652427,-0.08322614,1.528179,0.1262656,-0.1752371,-0.126207,0.9764034,-0.05088284,1.528774,0.1356525,355.2758,343.7321,1.015411,0,8,False
1,Center_Dir_Far,439,28.67999,-0.05085563,1.528753,0.1358307,-0.04953965,1.198485,0.1485094,-0.5689267,-0.1542638,0.02297343,0.8074635,0.04018158,1.083615,0.3053691,-0.04156429,0.07962749,-0.08528186,0.9922998,MathCanvas,-0.7236508,1.106293,3.373673,-0.05088284,1.528774,0.1356525,-0.2017191,-0.1269421,0.9711823,-0.01851146,1.529347,0.1452147,-0.2279478,-0.1278952,0.9652371,-0.0831998,1.528158,0.1264467,-0.1751376,-0.1264247,0.9763932,-0.05085563,1.528753,0.1358307,355.2885,343.7376,1.014831,0,8,False
1,Center_Dir_Far,440,28.69999,-0.05069837,1.528738,0.1362037,-0.04941733,1.198459,0.1490473,-0.5682703,-0.1525086,0.02356292,0.8082418,0.04015871,1.0836,0.3057239,-0.04159651,0.07922959,-0.08514763,0.9923418,MathCanvas,-0.7233572,1.105547,3.373608,-0.05080954,1.52874,0.1359955,-0.2071829,-0.1273164,0.9699824,-0.01833539,1.529329,0.1455228,-0.231954,-0.1275498,0.9643279,-0.08306134,1.528147,0.1268845,-0.1791648,-0.1261273,0.9757007,-0.05069837,1.528738,0.1362037,355.2571,343.8524,1.009478,0,8,False
1,Center_Dir_Far,441,28.71999,-0.05064894,1.528724,0.1363838,-0.04941733,1.198459,0.1490473,-0.5682703,-0.1525086,0.02356292,0.8082418,0.04015871,1.0836,0.3057239,-0.04159651,0.07922959,-0.08514763,0.9923418,MathCanvas,-0.7412212,1.104403,3.369072,-0.05069837,1.528738,0.1362037,-0.205638,-0.1268386,0.9703736,-0.01828124,1.529314,0.1456866,-0.2314675,-0.1275615,0.9644433,-0.08301663,1.528133,0.127081,-0.1786726,-0.1261401,0.9757893,-0.05064894,1.528724,0.1363838,355.2577,343.8815,1.008327,0,8,False
1,Center_Dir_Far,442,28.73999,-0.04989416,1.528852,0.1367764,-0.04926997,1.198542,0.1497193,-0.5667243,-0.1490033,0.02501677,0.8099357,0.04016066,1.083439,0.306398,-0.04101232,0.07871263,-0.08521447,0.9924015,MathCanvas,-0.7361565,1.105899,3.371187,-0.05059926,1.52871,0.1365648,-0.2046563,-0.1268633,0.970578,-0.01746364,1.529443,0.1458578,-0.2249262,-0.1264907,0.9661306,-0.08232468,1.528261,0.1276951,-0.1720547,-0.1250732,0.977115,-0.04989416,1.528852,0.1367764,355.1958,344.2719,1.008518,0,8,False
1,Center_Dir_Far,443,28.75999,-0.04908441,1.529059,0.1370918,-0.04921419,1.198559,0.1499208,-0.5663432,-0.1487743,0.02515536,0.81024,0.04018741,1.083425,0.3065268,-0.04096982,0.07871281,-0.08525351,0.9923999,MathCanvas,-0.7321474,1.105934,3.372347,-0.04989416,1.528852,0.1367764,-0.1985666,-0.125782,0.9719826,-0.01661764,1.529597,0.146046,-0.2213687,-0.125634,0.9670635,-0.08155119,1.528521,0.1281376,-0.1684523,-0.1243043,0.9778406,-0.04908441,1.529059,0.1370918,355.1422,344.5035,0.9185537,0,8,False
1,Center_Dir_Far,444,28.77999,-0.04693758,1.529531,0.1378607,-0.04909097,1.198502,0.1501015,-0.5662912,-0.1495264,0.02501314,0.8101423,0.04027376,1.083424,0.3068112,-0.04093716,0.07873161,-0.08542234,0.9923853,MathCanvas,-0.7113791,1.109529,3.379021,-0.04808693,1.529304,0.1374429,-0.180094,-0.1236376,0.9758483,-0.01428233,1.529984,0.1461062,-0.1954164,-0.1222564,0.9730703,-0.07959284,1.529078,0.1296152,-0.1422446,-0.1210404,0.982403,-0.04693758,1.529531,0.1378607,354.8861,345.76,0.7734775,0,8,False
1,Center_Dir_Far,445,28.79999,-0.04581931,1.529728,0.1382533,-0.04906019,1.198494,0.1501396,-0.5663109,-0.1496297,0.02495454,0.8101113,0.04030564,1.083419,0.3069113,-0.04092026,0.07875134,-0.08550129,0.9923776,MathCanvas,-0.6483801,1.11663,3.396807,-0.04693758,1.529531,0.1378607,-0.1844175,-0.118712,0.9756525,-0.01308075,1.530171,0.146162,-0.2009823,-0.117708,0.9724973,-0.07855788,1.529286,0.1303445,-0.1478018,-0.1166255,0.9821166,-0.04581931,1.529728,0.1382533,354.7957,346.3504,0.7561067,0,8,False
1,Center_Dir_Far,446,28.81999,-0.04254682,1.529962,0.1390658,-0.0490091,1.198447,0.1502837,-0.5664082,-0.1499097,0.02476867,0.8099971,0.04037131,1.083396,0.3071139,-0.040959,0.07884067,-0.08549742,0.9923692,MathCanvas,-0.6622953,1.132895,3.399693,-0.04394905,1.529794,0.138655,-0.155626,-0.1161645,0.9809619,-0.009593464,1.530586,0.1460118,-0.1718759,-0.1156184,0.9783103,-0.07550018,1.529338,0.1321199,-0.1184426,-0.114252,0.9863659,-0.04254682,1.529962,0.1390658,354.6859,347.9987,1.065466,0,8,False
1,Center_Dir_Far,447,28.83999,-0.04112411,1.529485,0.1393711,-0.04895385,1.19837,0.1507197,-0.5661572,-0.1506741,0.02459929,0.8100359,0.04045295,1.083175,0.3075924,-0.04044533,0.07914507,-0.08483508,0.9924229,MathCanvas,-0.5640477,1.140696,3.426258,-0.04254682,1.529962,0.1390658,-0.1452148,-0.1149352,0.9827017,-0.008023631,1.530192,0.1455692,-0.1493218,-0.1175689,0.9817742,-0.07422458,1.528777,0.133173,-0.0957238,-0.1160612,0.9886186,-0.04112411,1.529485,0.1393711,354.8036,349.2846,1.209119,0,8,False
1,Center_Dir_Far,448,28.85999,-0.03970295,1.529387,0.1397237,-0.04897908,1.198326,0.1508902,-0.5659013,-0.1512517,0.02470543,0.810104,0.04044126,1.083001,0.3078737,-0.0397149,0.07913568,-0.08459206,0.992474,MathCanvas,-0.5282739,1.143913,3.436025,-0.04112411,1.529485,0.1393711,-0.1250777,-0.1133759,0.9856477,-0.00652013,1.53015,0.1454575,-0.1378225,-0.1153437,0.9837178,-0.07288577,1.528624,0.1339899,-0.0841429,-0.1137689,0.9899377,-0.03970295,1.529387,0.1397237,354.8775,350.08,1.303596,0,8,False
1,Center_Dir_Far,449,28.87999,-0.03727959,1.529231,0.1403844,-0.04902241,1.198249,0.1510874,-0.5658491,-0.1523124,0.02495697,0.809934,0.04021414,1.082909,0.3080836,-0.03913406,0.07841697,-0.0842245,0.9925853,MathCanvas,-0.4602733,1.148164,3.453938,-0.03823282,1.52928,0.1401009,-0.1242196,-0.1154826,0.9855117,-0.003963314,1.530041,0.1452761,-0.1394873,-0.118253,0.9831375,-0.07059587,1.528421,0.1354927,-0.08575329,-0.1167666,0.9894503,-0.03727959,1.529231,0.1403844,355.0077,351.5268,1.382776,0,8,False
1,Center_Dir_Far,450,28.89999,-0.0361338,1.529125,0.1407234,-0.04902124,1.198238,0.1511147,-0.5658439,-0.1524411,0.02502492,0.8099113,0.04015593,1.082914,0.3081027,-0.03914562,0.07820403,-0.08414582,0.9926083,MathCanvas,-0.4547751,1.1411,3.452637,-0.03727959,1.529231,0.1403844,-0.1126651,-0.1175098,0.98666,-0.002759252,1.529944,0.1451986,-0.1271308,-0.1191639,0.9847019,-0.06950836,1.528306,0.1362482,-0.0733225,-0.1176615,0.9903432,-0.0361338,1.529125,0.1407234,355.0604,352.2423,1.398139,0,8,False
1,Center_Dir_Far,451,28.91999,-0.03369848,1.528909,0.1414246,-0.04901661,1.198228,0.1511388,-0.565839,-0.1525204,0.02509286,0.8098977,0.04010607,1.082924,0.3081137,-0.03919396,0.07801926,-0.08409347,0.9926254,MathCanvas,-0.4150985,1.133864,3.459491,-0.03492253,1.529018,0.1410807,-0.1060314,-0.1238033,0.9866256,-0.0002215542,1.529761,0.1450478,-0.1201393,-0.1252135,0.9848289,-0.06717542,1.528057,0.1378014,-0.06627136,-0.1237732,0.9900951,-0.03369848,1.528909,0.1414246,355.1405,353.6996,1.455022,0,8,False
1,Center_Dir_Far,452,28.93999,-0.03306749,1.528904,0.1417938,-0.04891571,1.198144,0.1512738,-0.5659295,-0.1525403,0.02576255,0.8098096,0.03966036,1.082962,0.3081859,-0.03964052,0.07631966,-0.08346644,0.9927927,MathCanvas,-0.3900895,1.112784,3.457654,-0.03369848,1.528909,0.1414246,-0.09324227,-0.1244934,0.9878296,0.0004172139,1.52959,0.1453802,-0.1196783,-0.1245728,0.9849663,-0.06655219,1.528218,0.1382073,-0.06579812,-0.1233997,0.9901733,-0.03306749,1.528904,0.1417938,355.1069,353.7866,1.171449,0,8,False
1,Center_Dir_Far,453,28.95999,-0.0327981,1.529352,0.142196,-0.04879842,1.197984,0.1513648,-0.5654491,-0.1522136,0.02630004,0.8101892,0.0395096,1.082895,0.3082733,-0.039547,0.07591496,-0.08321084,0.9928489,MathCanvas,-0.3469425,1.10983,3.467059,-0.0320369,1.528816,0.1421384,-0.08279225,-0.1243433,0.9887791,0.0007001199,1.530009,0.1456595,-0.1161688,-0.1245399,0.9853906,-0.06629632,1.528695,0.1387325,-0.06226891,-0.1234136,0.9903998,-0.0327981,1.529352,0.142196,355.1056,354.0012,1.121778,0,8,False
1,Center_Dir_Far,454,28.97999,-0.03278612,1.529047,0.1424311,-0.04873071,1.197885,0.151448,-0.5650154,-0.1522691,0.02638647,0.8104786,0.0394876,1.082852,0.3083295,-0.03937406,0.07588784,-0.0830804,0.9928688,MathCanvas,-0.3119141,1.110156,3.475651,-0.0327981,1.529352,0.142196,-0.1242598,-0.123754,0.9845021,0.000710126,1.529671,0.1459197,-0.1519387,-0.1231563,0.9806871,-0.06628236,1.528422,0.1389425,-0.09826024,-0.1223176,0.9876149,-0.03278612,1.529047,0.1424311,355.048,353.9621,1.065739,0,8,False
1,Center_Dir_Far,455,28.99999,-0.03274418,1.52891,0.1425555,-0.04870853,1.197845,0.1514886,-0.5648177,-0.1522838,0.02642135,0.8106124,0.03948695,1.082824,0.3083674,-0.03930035,0.0759102,-0.08308017,0.99287,MathCanvas,-0.4495518,1.113977,3.444439,-0.03278612,1.529047,0.1424311,-0.1260516,-0.12241,0.9844424,0.0007493906,1.529475,0.1460796,-0.1540716,-0.1233276,0.9803327,-0.06623775,1.528344,0.1390314,-0.1004052,-0.1225914,0.9873652,-0.03274418,1.52891,0.1425555,355.082,353.9108,0.9653074,0,8,False
1,Center_Dir_Far,456,29.01999,-0.03266222,1.528723,0.1429461,-0.04860614,1.197593,0.1517318,-0.5636053,-0.1520032,0.02652815,0.811505,0.03955657,1.08274,0.3084439,-0.03940561,0.07607605,-0.08316816,0.9928458,MathCanvas,-0.4555691,1.1183,3.444752,-0.03313163,1.528717,0.1426959,-0.1769519,-0.1199694,0.9768804,0.0007778928,1.529177,0.1469599,-0.2105873,-0.1212064,0.9700319,-0.06610234,1.528268,0.1389322,-0.157511,-0.1209232,0.9800856,-0.03266222,1.528723,0.1429461,355.219,353.0909,0.7756226,0,8,False
1,Center_Dir_Far,457,29.03999,-0.03262025,1.528648,0.1431314,-0.04860614,1.197593,0.1517318,-0.5636053,-0.1520032,0.02652815,0.811505,0.03955657,1.08274,0.3084439,-0.03940561,0.07607605,-0.08316816,0.9928458,MathCanvas,-0.6241229,1.127725,3.408164,-0.03266222,1.528723,0.1429461,-0.1936527,-0.1199781,0.9737062,0.0008109435,1.52906,0.1472234,-0.2224453,-0.1205866,0.967459,-0.06605145,1.528236,0.1390394,-0.1695299,-0.1204327,0.9781389,-0.03262025,1.528648,0.1431314,355.2552,352.9635,0.7029966,0,8,False
1,Center_Dir_Far,458,29.05999,-0.03553618,1.528352,0.1430957,-0.04849115,1.197442,0.1518962,-0.5637088,-0.1514601,0.02646235,0.8115368,0.03981239,1.082582,0.3086396,-0.03946448,0.07637302,-0.08309259,0.9928269,MathCanvas,-0.6794311,1.127914,3.395365,-0.03278001,1.528561,0.1432883,-0.2004371,-0.121067,0.9721974,-0.002221722,1.528727,0.148052,-0.247504,-0.1220245,0.9611721,-0.06885065,1.527977,0.1381395,-0.1948825,-0.121936,0.9732176,-0.03553618,1.528352,0.1430957,355.3452,351.4862,0.6399873,0,8,False
1,Center_Dir_Far,459,29.07999,-0.03629572,1.528233,0.1431668,-0.04849115,1.197442,0.1518962,-0.5637088,-0.1514601,0.02646235,0.8115368,0.03981239,1.082582,0.3086396,-0.03946448,0.07637302,-0.08309259,0.9928269,MathCanvas,-0.7045574,1.124253,3.388108,-0.03553618,1.528352,0.1430957,-0.2212754,-0.1219803,0.9675526,-0.003016464,1.528576,0.1483565,-0.2543307,-0.1226274,0.9593114,-0.06957497,1.52789,0.1379772,-0.2017948,-0.1225935,0.9717252,-0.03629572,1.528233,0.1431668,355.3859,351.0894,0.5848158,0,8,False
1,Center_Dir_Far,460,29.09999,-0.03945487,1.528011,0.1429364,-0.04821323,1.197228,0.1520586,-0.5635182,-0.1503466,0.0262818,0.811882,0.04056104,1.082381,0.3090246,-0.03927967,0.07790084,-0.08351218,0.9926804,MathCanvas,-0.7744205,1.121334,3.370704,-0.03780016,1.528074,0.1430464,-0.2465416,-0.1241968,0.9611412,-0.006409366,1.528375,0.1494495,-0.2922483,-0.1247889,0.948166,-0.07250038,1.527646,0.1364233,-0.2402491,-0.1247295,0.9626645,-0.03945487,1.528011,0.1429364,355.5076,348.8015,0.621353,0,8,False
1,Center_Dir_Far,461,29.11999,-0.04079882,1.527896,0.1428699,-0.04821323,1.197228,0.1520586,-0.5635182,-0.1503466,0.0262818,0.811882,0.04056104,1.082381,0.3090246,-0.03927967,0.07790084,-0.08351218,0.9926804,MathCanvas,-0.8614944,1.113904,3.347653,-0.03945487,1.528011,0.1429364,-0.2665678,-0.1194192,0.9563894,-0.00783851,1.528246,0.149802,-0.3045121,-0.1201989,0.944894,-0.07375914,1.527547,0.1359378,-0.2527025,-0.1201441,0.9600557,-0.04079882,1.527896,0.1428699,355.5531,348.0766,0.5962219,0,8,False
1,Center_Dir_Far,462,29.13999,-0.04423682,1.527715,0.142422,-0.04781915,1.197005,0.1523599,-0.5632328,-0.1489226,0.02592281,0.8123539,0.04163654,1.082427,0.3095241,-0.0398548,0.08007011,-0.08447594,0.9924033,MathCanvas,-0.9311647,1.129023,3.337315,-0.04221857,1.527864,0.1428278,-0.2750488,-0.115555,0.9544607,-0.0116259,1.527793,0.1508529,-0.3303348,-0.1145595,0.9368858,-0.07684775,1.527637,0.133991,-0.278879,-0.1147983,0.9534401,-0.04423682,1.527715,0.142422,355.5766,345.4944,0.1331264,0,8,False
1,Center_Dir_Far,463,29.15999,-0.04565924,1.527547,0.142261,-0.04761645,1.196956,0.1524695,-0.5628306,-0.1480359,0.02595794,0.8127936,0.04181976,1.082473,0.3095984,-0.03994647,0.08026038,-0.08479245,0.9923572,MathCanvas,-0.9640814,1.141265,3.334422,-0.04423682,1.527715,0.142422,-0.3047195,-0.1146788,0.945513,-0.01320583,1.527565,0.1512796,-0.3473704,-0.1152559,0.930618,-0.07811265,1.527528,0.1332424,-0.2962223,-0.1155925,0.9480985,-0.04565924,1.527547,0.142261,355.6256,344.4673,0.0318057,0,8,False
1,Center_Dir_Far,464,29.17999,-0.04722015,1.527401,0.1420618,-0.04761645,1.196956,0.1524695,-0.5628306,-0.1480359,0.02595794,0.8127936,0.04181976,1.082473,0.3095984,-0.03994647,0.08026038,-0.08479245,0.9923572,MathCanvas,-1.067029,1.143162,3.311466,-0.04565924,1.527547,0.142261,-0.2867348,-0.1240129,0.9499494,-0.01492758,1.527353,0.1516402,-0.3289989,-0.1244326,0.9360963,-0.07951272,1.52745,0.1324833,-0.2774489,-0.1246588,0.9526187,-0.04722015,1.527401,0.1420618,355.6589,343.4852,359.9174,0,8,False
1,Center_Dir_Far,465,29.19999,-0.05027405,1.527291,0.1414668,-0.04703755,1.196896,0.152756,-0.5626281,-0.1463259,0.02557992,0.8132553,0.04236615,1.082502,0.309822,-0.04032806,0.08103997,-0.08562666,0.9922068,MathCanvas,-1.004985,1.113168,3.315126,-0.04883093,1.527341,0.1417166,-0.3203615,-0.125594,0.9389327,-0.01833921,1.527185,0.1521772,-0.3619202,-0.1260938,0.9236418,-0.0822089,1.527398,0.1307563,-0.3109846,-0.1264153,0.9419701,-0.05027405,1.527291,0.1414668,355.7599,341.4728,359.8185,0,8,False
1,Center_Dir_Far,466,29.21999,-0.05167821,1.527068,0.1412555,-0.04697572,1.196894,0.1527734,-0.5627037,-0.1462492,0.02550586,0.813219,0.04236615,1.082502,0.309822,-0.04032806,0.08103997,-0.08562666,0.9922068,MathCanvas,-1.122916,1.106775,3.285222,-0.05027405,1.527291,0.1414668,-0.3365769,-0.1262546,0.9331537,-0.01993224,1.526896,0.1525126,-0.3779418,-0.1263877,0.917162,-0.08342418,1.527239,0.1299984,-0.3273292,-0.1268141,0.936362,-0.05167821,1.527068,0.1412555,355.7825,340.497,359.7076,0,8,False
1,Center_Dir_Far,467,29.23999,-0.05337733,1.526847,0.1408515,-0.04646956,1.196837,0.1527818,-0.5633326,-0.1451729,0.02505398,0.8129905,0.04313018,1.082263,0.3101018,-0.04025021,0.08261918,-0.08675107,0.991982,MathCanvas,-1.180563,1.103608,3.27107,-0.05260075,1.526989,0.1409831,-0.3639385,-0.1275428,0.9226493,-0.02186293,1.526642,0.1527409,-0.3962367,-0.1284213,0.9091229,-0.08489174,1.527052,0.128962,-0.3460184,-0.1289043,0.9293303,-0.05337733,1.526847,0.1408515,355.903,339.355,359.6502,0,8,False
1,Center_Dir_Far,468,29.25999,-0.05420732,1.52676,0.1407149,-0.04628639,1.196803,0.1527748,-0.5637889,-0.1446765,0.02474288,0.8127722,0.04319686,1.082223,0.3101563,-0.04015166,0.0827785,-0.0868837,0.9919611,MathCanvas,-1.278286,1.097576,3.246214,-0.05337733,1.526847,0.1408515,-0.2981678,-0.1289954,0.9457569,-0.02282546,1.526532,0.1529495,-0.3341424,-0.1301737,0.93349,-0.08558919,1.526989,0.1284803,-0.2827652,-0.1301489,0.9503185,-0.05420732,1.52676,0.1407149,355.9683,338.7285,359.61,0,8,False
1,Center_Dir_Far,469,29.27999,-0.05529915,1.526651,0.1406876,-0.04608038,1.19677,0.1527756,-0.5644668,-0.1443735,0.02421121,0.8123714,0.0434802,1.08206,0.3104277,-0.03971181,0.08345389,-0.08773625,0.9918472,MathCanvas,-1.050064,1.095926,3.299468,-0.05514761,1.526646,0.1405508,-0.2758699,-0.1446235,0.9502525,-0.02407229,1.526346,0.1533109,-0.3012709,-0.1449581,0.9424558,-0.08652601,1.526956,0.1280642,-0.2495503,-0.1446478,0.9574976,-0.05529915,1.526651,0.1406876,356.0204,338.0252,359.4801,0,8,False
1,Center_Dir_Far,470,29.29999,-0.05522221,1.526614,0.1409006,-0.04596932,1.196759,0.1528293,-0.5646543,-0.1444132,0.02371983,0.8122486,0.04352482,1.082013,0.3105542,-0.03965932,0.08342008,-0.08803831,0.9918253,MathCanvas,-0.9722317,1.045953,3.299124,-0.05529915,1.526651,0.1406876,-0.2755133,-0.1448029,0.9503286,-0.0239731,1.526325,0.1534692,-0.2995687,-0.1445737,0.9430573,-0.08647132,1.526903,0.1283321,-0.2478218,-0.1442404,0.9580079,-0.05522221,1.526614,0.1409006,356.0001,338.1242,359.5068,0,8,False
1,Center_Dir_Far,471,29.31999,-0.05552656,1.52656,0.1409579,-0.04596932,1.196759,0.1528293,-0.5646543,-0.1444132,0.02371983,0.8122486,0.04352482,1.082013,0.3105542,-0.03965932,0.08342008,-0.08803831,0.9918253,MathCanvas,-0.9709541,1.045328,3.299536,-0.05522221,1.526614,0.1409006,-0.2737973,-0.144407,0.9508847,-0.02436447,1.526249,0.1537402,-0.30609,-0.1450194,0.9408923,-0.08668866,1.526871,0.1281757,-0.2544467,-0.1447186,0.9561974,-0.05552656,1.52656,0.1409579,356.0232,337.734,359.4697,0,8,False
1,Center_Dir_Far,472,29.33999,-0.05538478,1.526546,0.1413144,-0.04586058,1.196671,0.1530855,-0.5643172,-0.1455622,0.02189663,0.812329,0.04345491,1.081698,0.3110501,-0.03917975,0.08315682,-0.0885272,0.991823,MathCanvas,-0.9655784,1.046578,3.301523,-0.0557387,1.526558,0.1410188,-0.2852255,-0.1454016,0.9473673,-0.02402602,1.526512,0.1536102,-0.2902901,-0.1443475,0.9459892,-0.08674353,1.526579,0.1290186,-0.2384185,-0.1436061,0.9604863,-0.05538478,1.526546,0.1413144,356.0196,338.5939,359.9424,0,8,False
1,Center_Dir_Far,473,29.35999,-0.05513047,1.526512,0.1415268,-0.04587644,1.19665,0.1531478,-0.5642614,-0.1460439,0.021451,0.8122932,0.04334376,1.08156,0.3112739,-0.03862426,0.08300284,-0.08870588,0.9918417,MathCanvas,-1.003865,1.043031,3.291662,-0.05538478,1.526546,0.1413144,-0.2233545,-0.1359353,0.965212,-0.02373725,1.526494,0.1537343,-0.2465606,-0.1370775,0.959384,-0.08652368,1.52653,0.1293192,-0.1943686,-0.1360376,0.9714497,-0.05513047,1.526512,0.1415268,356.0599,338.7531,359.969,0,8,False
1,Center_Dir_Far,474,29.37999,-0.05379628,1.526297,0.1421936,-0.04608149,1.196576,0.1534132,-0.5637853,-0.1479766,0.02039609,0.8123012,0.0428702,1.081318,0.3117105,-0.03786352,0.08206336,-0.08854339,0.9919637,MathCanvas,-0.7978709,1.074474,3.351231,-0.05507302,1.526471,0.1416897,-0.2061523,-0.1338163,0.9693268,-0.02228888,1.526264,0.1541033,-0.2242066,-0.1361618,0.9649826,-0.08530368,1.526331,0.1302839,-0.1718614,-0.1350544,0.9758196,-0.05379628,1.526297,0.1421936,356.1781,339.2973,359.9431,0,8,False
1,Center_Dir_Far,475,29.39999,-0.05340262,1.526206,0.1424525,-0.04612318,1.19657,0.1534631,-0.5636452,-0.1482591,0.02031586,0.8123488,0.04277119,1.081296,0.3117684,-0.03783068,0.08186161,-0.08846534,0.9919886,MathCanvas,-0.739697,1.08107,3.367294,-0.05379628,1.526297,0.1421936,-0.1981078,-0.1356081,0.9707542,-0.02185306,1.526186,0.1542501,-0.2206909,-0.1367401,0.965711,-0.08495218,1.526225,0.1306549,-0.1683083,-0.1356056,0.9763624,-0.05340262,1.526206,0.1424525,356.2151,339.4995,359.9668,0,8,False
1,Center_Dir_Far,476,29.41999,-0.05260516,1.526327,0.1430549,-0.04634044,1.196557,0.1537562,-0.5628982,-0.1498895,0.02003878,0.8125744,0.04219197,1.08129,0.3120016,-0.03777575,0.08075755,-0.08820166,0.9921047,MathCanvas,-0.7124044,1.075108,3.371648,-0.05302733,1.526286,0.1427142,-0.1869854,-0.1326237,0.9733691,-0.02095345,1.52637,0.1545756,-0.2094394,-0.1334015,0.9686791,-0.08425688,1.526284,0.1315342,-0.1569624,-0.1321761,0.9787197,-0.05260516,1.526327,0.1430549,356.2339,339.9946,0.07332858,0,8,False
1,Center_Dir_Far,477,29.43999,-0.05216524,1.526325,0.1433653,-0.04634044,1.196557,0.1537562,-0.5628982,-0.1498895,0.02003878,0.8125744,0.04219197,1.08129,0.3120016,-0.03777575,0.08075755,-0.08820166,0.9921047,MathCanvas,-0.6751973,1.084739,3.384014,-0.05260516,1.526327,0.1430549,-0.1832696,-0.1327889,0.9740531,-0.02047306,1.52639,0.154774,-0.2059138,-0.1337579,0.9693855,-0.08385742,1.52626,0.1319565,-0.1534026,-0.1324944,0.979241,-0.05216524,1.526325,0.1433653,356.2598,340.1946,0.1105203,0,8,False
1,Center_Dir_Far,478,29.45999,-0.05196067,1.526284,0.1435901,-0.0464801,1.196526,0.1539312,-0.5624309,-0.1506846,0.01990134,0.8127544,0.04166792,1.081329,0.3121603,-0.03767988,0.07963303,-0.08818399,0.9922008,MathCanvas,-0.6624717,1.084124,3.387061,-0.05216524,1.526325,0.1433653,-0.1797261,-0.1331262,0.9746671,-0.02022158,1.526341,0.1548677,-0.2019697,-0.1330172,0.9703168,-0.08369976,1.526227,0.1323124,-0.1494177,-0.1317726,0.9799542,-0.05196067,1.526284,0.1435901,356.2148,340.4323,0.09726387,0,8,False
1,Center_Dir_Far,479,29.47999,-0.05132914,1.525946,0.1440609,-0.0468174,1.196422,0.1546057,-0.5601729,-0.1508755,0.0201922,0.8142698,0.03997329,1.081494,0.3124608,-0.03801,0.07578436,-0.08792353,0.9925127,MathCanvas,-0.650517,1.082923,3.389603,-0.05166188,1.526045,0.1438302,-0.2012253,-0.12826,0.9711116,-0.0195196,1.525938,0.1551384,-0.2242492,-0.1300341,0.9658175,-0.08313869,1.525953,0.1329834,-0.1716929,-0.1291157,0.9766528,-0.05132914,1.525946,0.1440609,356.3417,340.8004,359.9876,0,8,False
1,Center_Dir_Far,480,29.49999,-0.05098921,1.525822,0.1443181,-0.04694159,1.196392,0.1547714,-0.5594857,-0.1510677,0.02057188,0.8146969,0.03985061,1.081497,0.3124755,-0.03805346,0.07554727,-0.08790998,0.9925303,MathCanvas,-0.7217278,1.098637,3.379399,-0.05132914,1.525946,0.1440609,-0.1980454,-0.1295749,0.9715906,-0.01914392,1.525815,0.1552925,-0.2210764,-0.1309372,0.9664267,-0.0828345,1.525829,0.1333438,-0.1684855,-0.1300113,0.9770925,-0.05098921,1.525822,0.1443181,356.3943,340.986,359.9886,0,8,False
1,Center_Dir_Far,481,29.51999,-0.0504217,1.525678,0.1448411,-0.0472064,1.196257,0.1549223,-0.5592462,-0.1518384,0.02115115,0.8147033,0.03928179,1.081417,0.3126246,-0.03794048,0.07463506,-0.08800583,0.9925951,MathCanvas,-0.710683,1.094205,3.380708,-0.05069453,1.525751,0.144552,-0.2246068,-0.1304461,0.9656788,-0.0185242,1.525691,0.1556627,-0.2483944,-0.131528,0.9596878,-0.0823192,1.525665,0.1340195,-0.195916,-0.1307973,0.9718585,-0.0504217,1.525678,0.1448411,356.5136,341.2585,0.02225125,0,8,False
1,Center_Dir_Far,482,29.53999,-0.05015483,1.5256,0.145107,-0.0472064,1.196257,0.1549223,-0.5592462,-0.1518384,0.02115115,0.8147033,0.03928179,1.081417,0.3126246,-0.03794048,0.07463506,-0.08800583,0.9925951,MathCanvas,-0.7981848,1.091396,3.359788,-0.0504217,1.525678,0.1448411,-0.2239256,-0.1286239,0.9660814,-0.01822615,1.525617,0.1558363,-0.2472489,-0.1298313,0.9602146,-0.08208352,1.525584,0.1343777,-0.1947459,-0.1291153,0.9723185,-0.05015483,1.5256,0.145107,356.5635,341.4239,0.02837304,0,8,False
1,Center_Dir_Far,483,29.55999,-0.04982601,1.525586,0.1455803,-0.0474283,1.196027,0.1547858,-0.5621276,-0.1552791,0.02044772,0.8120855,0.03906259,1.081339,0.3127349,-0.03797877,0.07418483,-0.08790204,0.9926366,MathCanvas,-0.7959886,1.09719,3.362856,-0.04998202,1.525661,0.1453338,-0.2198456,-0.1297476,0.9668679,-0.01786417,1.525578,0.1562104,-0.2443328,-0.1304081,0.9608825,-0.08178785,1.525593,0.1349502,-0.1917921,-0.1297275,0.972824,-0.04982601,1.525586,0.1455803,356.594,341.6042,359.9875,0,8,False
1,Center_Dir_Far,484,29.57999,-0.04962735,1.52555,0.1458344,-0.0474283,1.196027,0.1547858,-0.5621276,-0.1552791,0.02044772,0.8120855,0.03906259,1.081339,0.3127349,-0.03797877,0.07418483,-0.08790204,0.9926366,MathCanvas,-0.7818552,1.09356,3.365001,-0.04982601,1.525586,0.1455803,-0.2181445,-0.1300679,0.9672101,-0.01764076,1.52554,0.1563899,-0.2420699,-0.1310278,0.9613709,-0.08161393,1.525559,0.135279,-0.1895015,-0.1303472,0.9731901,-0.04962735,1.52555,0.1458344,356.6297,341.7383,359.984,0,8,False
1,Center_Dir_Far,485,29.59999,-0.04941662,1.525604,0.1463812,-0.04747185,1.195707,0.1546422,-0.5650616,-0.1604431,0.01980779,0.8090557,0.03890768,1.08106,0.3133162,-0.03629625,0.07367326,-0.0882057,0.9927108,MathCanvas,-0.7759862,1.092461,3.366367,-0.04950029,1.525506,0.1461188,-0.2152678,-0.1298942,0.9678777,-0.01742435,1.525645,0.1569193,-0.2414123,-0.129708,0.9617152,-0.0814089,1.525562,0.1358431,-0.1888384,-0.1289527,0.9735047,-0.04941662,1.525604,0.1463812,356.5595,341.7641,0.07085277,0,8,False
1,Center_Dir_Far,486,29.61999,-0.04929367,1.525622,0.1466422,-0.04747185,1.195707,0.1546422,-0.5650616,-0.1604431,0.01980779,0.8090557,0.03890768,1.08106,0.3133162,-0.03629625,0.07367326,-0.0882057,0.9927108,MathCanvas,-0.7661892,1.093098,3.369103,-0.04941662,1.525604,0.1463812,-0.2152063,-0.1293304,0.9679669,-0.0172862,1.525672,0.157134,-0.2399842,-0.1297957,0.9620606,-0.08130114,1.525571,0.1361504,-0.1873934,-0.1290258,0.9737741,-0.04929367,1.525622,0.1466422,356.5656,341.8461,0.085916,0,8,False
1,Center_Dir_Far,487,29.63999,-0.04920126,1.525625,0.1468666,-0.0474299,1.195679,0.1546748,-0.5648254,-0.1601976,0.01980302,0.8092693,0.03890768,1.08106,0.3133162,-0.03629625,0.07367326,-0.0882057,0.9927108,MathCanvas,-0.7660106,1.094903,3.370333,-0.04929367,1.525622,0.1466422,-0.2137688,-0.1294108,0.9682747,-0.0171809,1.525684,0.157319,-0.2387648,-0.1298495,0.9623567,-0.08122161,1.525566,0.1364142,-0.1861598,-0.1290656,0.9740055,-0.04920126,1.525625,0.1468666,356.5698,341.9158,0.1004551,0,8,False
1,Center_Dir_Far,488,29.65999,-0.04921355,1.525558,0.1471745,-0.04720905,1.195498,0.1549013,-0.5639411,-0.1583087,0.02012927,0.8102491,0.03951794,1.081177,0.3139092,-0.03734419,0.07475258,-0.08783263,0.9926243,MathCanvas,-0.7611365,1.094635,3.371608,-0.04925012,1.525589,0.146986,-0.2311889,-0.1203594,0.9654353,-0.01722871,1.525566,0.1577352,-0.2573949,-0.1209848,0.9587026,-0.0811984,1.52555,0.1366138,-0.2049382,-0.1204286,0.9713379,-0.04921355,1.525558,0.1471745,356.5584,341.7271,0.01404851,0,8,False
1,Center_Dir_Far,489,29.67999,-0.04925593,1.525525,0.147305,-0.04718006,1.195446,0.1550584,-0.5638615,-0.1583563,0.02040874,0.8102883,0.03982523,1.081132,0.3141274,-0.03730727,0.07542715,-0.08789677,0.992569,MathCanvas,-0.8207227,1.123902,3.368964,-0.04921355,1.525558,0.1471745,-0.2312532,-0.1207067,0.9653765,-0.01727258,1.525536,0.1578703,-0.2575036,-0.1214463,0.958615,-0.08123928,1.525514,0.1367398,-0.2050487,-0.1208834,0.971258,-0.04925593,1.525525,0.147305,356.5853,341.7187,0.01875244,0,8,False
1,Center_Dir_Far,490,29.69999,-0.04930518,1.525563,0.1476288,-0.04712634,1.195413,0.1553558,-0.5636196,-0.158014,0.02071664,0.8105155,0.04026219,1.08098,0.3144758,-0.03702608,0.07635071,-0.08784144,0.9925138,MathCanvas,-0.8209565,1.122722,3.368802,-0.04922763,1.525506,0.1474895,-0.2312269,-0.1275299,0.9645052,-0.01732779,1.525577,0.158212,-0.2577976,-0.1280904,0.9576708,-0.08128257,1.525549,0.1370455,-0.2053513,-0.1274931,0.9703485,-0.04930518,1.525563,0.1476288,356.6116,341.6861,0.0240972,0,8,False
1,Center_Dir_Far,491,29.71999,-0.04938845,1.52564,0.1478038,-0.04700145,1.195412,0.1556214,-0.5637102,-0.1575872,0.02098009,0.8105288,0.04050925,1.080878,0.3147022,-0.0368824,0.07693818,-0.08771654,0.9924847,MathCanvas,-0.8196775,1.100675,3.361045,-0.04930518,1.525563,0.1476288,-0.2401548,-0.1217299,0.9630719,-0.01741647,1.525668,0.1584034,-0.266701,-0.1217333,0.9560605,-0.08136044,1.525612,0.1372043,-0.2143336,-0.1211979,0.9692122,-0.04938845,1.52564,0.1478038,356.5981,341.6555,0.04757334,0,8,False
1,Center_Dir_Far,492,29.73999,-0.04949382,1.525737,0.1481476,-0.04676264,1.19547,0.1561239,-0.5635306,-0.1550916,0.02183121,0.8111124,0.04104351,1.080729,0.3151705,-0.03621808,0.0784848,-0.08830756,0.9923357,MathCanvas,-0.8506759,1.119482,3.361137,-0.04941865,1.525669,0.1479727,-0.240836,-0.1213376,0.9629513,-0.01753014,1.525797,0.158772,-0.2673559,-0.121184,0.9559473,-0.0814575,1.525677,0.1375232,-0.2149993,-0.1205994,0.9691393,-0.04949382,1.525737,0.1481476,356.5689,341.6076,0.1021314,0,8,False
1,Center_Dir_Far,493,29.75999,-0.04952283,1.525789,0.1483345,-0.04671318,1.195481,0.1562417,-0.5635617,-0.1541631,0.02219469,0.8112578,0.04118649,1.080698,0.3152953,-0.03587029,0.07885464,-0.08861009,0.992292,MathCanvas,-0.8530908,1.12087,3.361226,-0.04949382,1.525737,0.1481476,-0.2435972,-0.1206676,0.9623408,-0.01756138,1.52587,0.1589654,-0.2698118,-0.1205246,0.9553405,-0.08148429,1.525707,0.1377035,-0.2174807,-0.1199132,0.9686707,-0.04952283,1.525789,0.1483345,356.5457,341.5936,0.1390544,0,8,False
1,Center_Dir_Far,494,29.77999,-0.04955241,1.525828,0.148516,-0.04671318,1.195481,0.1562417,-0.5635617,-0.1541631,0.02219469,0.8112578,0.04118649,1.080698,0.3152953,-0.03587029,0.07885464,-0.08861009,0.992292,MathCanvas,-0.8625297,1.12306,3.360151,-0.04952283,1.525789,0.1483345,-0.2437357,-0.1203465,0.9623459,-0.01759337,1.525926,0.1591541,-0.2699805,-0.1203277,0.9553177,-0.08151145,1.52573,0.1378779,-0.2176521,-0.119701,0.9686585,-0.04955241,1.525828,0.148516,356.5285,341.579,0.1669966,0,8,False
1,Center_Dir_Far,495,29.79999,-0.04963513,1.525935,0.1488961,-0.04650211,1.19545,0.1564754,-0.564123,-0.1530971,0.02258326,0.8110589,0.04149847,1.080681,0.3156266,-0.03858048,0.07731021,-0.08889937,0.9922861,MathCanvas,-0.863084,1.12414,3.360596,-0.0495801,1.525864,0.1486947,-0.2428929,-0.1194549,0.96267,-0.01767236,1.526046,0.1595228,-0.2683998,-0.1198111,0.9558278,-0.08159791,1.525824,0.1382694,-0.2160529,-0.1191758,0.9690811,-0.04963513,1.525935,0.1488961,356.5197,341.598,0.1894023,0,8,False
1,Center_Dir_Far,496,29.81999,-0.0496652,1.525975,0.1490746,-0.04650211,1.19545,0.1564754,-0.564123,-0.1530971,0.02258326,0.8110589,0.04149847,1.080681,0.3156266,-0.03858048,0.07731021,-0.08889937,0.9922861,MathCanvas,-0.8604707,1.127165,3.362523,-0.04963513,1.525935,0.1488961,-0.2426948,-0.1196318,0.962698,-0.0177031,1.526097,0.1597033,-0.2688005,-0.1198173,0.9557145,-0.08162729,1.525853,0.138446,-0.2164605,-0.1191483,0.9689936,-0.0496652,1.525975,0.1490746,356.5124,341.5934,0.2081337,0,8,False
1,Center_Dir_Far,497,29.83999,-0.0496821,1.525835,0.1494124,-0.04629343,1.19534,0.157125,-0.5626719,-0.1522585,0.02285174,0.8122164,0.04184797,1.08054,0.3160656,-0.03861409,0.07806496,-0.08831706,0.9922776,MathCanvas,-0.859844,1.126613,3.362812,-0.04968239,1.525892,0.1492657,-0.2419467,-0.1203728,0.9627939,-0.01771051,1.525973,0.1600123,-0.2672793,-0.1210882,0.9559809,-0.08165368,1.525697,0.1388125,-0.2149195,-0.1204056,0.9691812,-0.0496821,1.525835,0.1494124,356.5724,341.6435,0.2348614,0,8,False
1,Center_Dir_Far,498,29.85999,-0.04967183,1.52582,0.1495742,-0.046271,1.195323,0.1572184,-0.5624562,-0.1521186,0.02291048,0.8123904,0.04196321,1.080513,0.3161794,-0.03862667,0.07839521,-0.08832877,0.9922501,MathCanvas,-0.8571707,1.124095,3.362703,-0.0496821,1.525835,0.1494124,-0.2417593,-0.1204851,0.962827,-0.01770062,1.525956,0.1601752,-0.2678835,-0.1208629,0.9558402,-0.08164303,1.525684,0.1389731,-0.2155325,-0.1201673,0.9690746,-0.04967183,1.52582,0.1495742,356.5739,341.6416,0.2319439,0,8,False
1,Center_Dir_Far,499,29.87999,-0.04958806,1.525935,0.1499578,-0.04617257,1.195268,0.1575972,-0.5627071,-0.1520207,0.02315002,0.8122281,0.04253194,1.080371,0.316859,-0.03874791,0.07962399,-0.08797818,0.9921787,MathCanvas,-0.8565607,1.123693,3.363078,-0.04961356,1.525878,0.1497675,-0.2410998,-0.1176175,0.9633468,-0.01759943,1.52606,0.1605063,-0.2665003,-0.1175714,0.9566371,-0.08157668,1.525811,0.1394093,-0.2141271,-0.1169073,0.9697847,-0.04958806,1.525935,0.1499578,356.5335,341.7368,0.2124681,0,8,False
1,Center_Dir_Far,500,29.89999,-0.04957217,1.525965,0.1501391,-0.04617257,1.195268,0.1575972,-0.5627071,-0.1520207,0.02315002,0.8122281,0.04257211,1.080355,0.3169159,-0.03870297,0.07966579,-0.08800624,0.9921746,MathCanvas,-0.8547745,1.133135,3.367189,-0.04958806,1.525935,0.1499578,-0.2365228,-0.1228945,0.9638225,-0.01758099,1.526091,0.1606799,-0.2624076,-0.1230853,0.9570749,-0.08156335,1.525839,0.1395984,-0.2099987,-0.1223725,0.9700132,-0.04957217,1.525965,0.1501391,356.5241,341.7505,0.2147154,0,8,False
1,Center_Dir_Far,501,29.91999,-0.04951464,1.526061,0.1504897,-0.04612528,1.195256,0.1578221,-0.5630756,-0.1518099,0.02334228,0.8120067,0.0428812,1.080214,0.3173221,-0.03820479,0.08020999,-0.08822651,0.9921305,MathCanvas,-0.838502,1.116047,3.365003,-0.0495294,1.526029,0.1503162,-0.2358796,-0.1226469,0.9640117,-0.01751472,1.526184,0.1610039,-0.2616288,-0.1229938,0.9572998,-0.08151455,1.525938,0.1399754,-0.209209,-0.1222863,0.9701946,-0.04951464,1.526061,0.1504897,356.5186,341.7983,0.2095094,0,8,False
1,Center_Dir_Far,502,29.93999,-0.04949308,1.526085,0.150655,-0.04609751,1.195264,0.1579831,-0.5631884,-0.1516998,0.02345746,0.8119457,0.04303763,1.080127,0.3175347,-0.03785551,0.0804923,-0.08826359,0.9921177,MathCanvas,-0.836314,1.116961,3.366043,-0.04951464,1.526061,0.1504897,-0.2390457,-0.1226869,0.9632264,-0.01749101,1.526207,0.1611627,-0.264958,-0.1230635,0.9563748,-0.08149515,1.525964,0.1401473,-0.2125677,-0.1223823,0.9694521,-0.04949308,1.526085,0.150655,356.5204,341.8102,0.2068349,0,8,False
1,Center_Dir_Far,503,29.95999,-0.04949039,1.526037,0.1508408,-0.04605435,1.195304,0.1583479,-0.5629042,-0.151449,0.02365473,0.8121839,0.04327485,1.080005,0.3178611,-0.03748563,0.08084358,-0.08822516,0.9921066,MathCanvas,-0.8469042,1.116825,3.363796,-0.04949308,1.526085,0.150655,-0.2388522,-0.1227229,0.9632698,-0.01748521,1.52615,0.1613391,-0.2646957,-0.1233908,0.9564052,-0.08149557,1.525925,0.1403425,-0.2123016,-0.1227226,0.9694675,-0.04949039,1.526037,0.1508408,356.5386,341.828,0.1915941,0,8,False
1,Center_Dir_Far,504,29.97999,-0.04948199,1.525943,0.1512157,-0.04599557,1.195381,0.15898,-0.561895,-0.1508683,0.02429408,0.8129714,0.04345106,1.079937,0.318136,-0.03744221,0.08098476,-0.08803742,0.9921134,MathCanvas,-0.8462393,1.116666,3.364059,-0.04948051,1.526044,0.1510193,-0.2382568,-0.1230951,0.9633697,-0.01746753,1.526049,0.1616857,-0.2638314,-0.1244134,0.9565116,-0.08149645,1.525837,0.1407456,-0.2114258,-0.1237518,0.9695281,-0.04948199,1.525943,0.1512157,356.5972,341.8794,0.1803111,0,8,False
1,Center_Dir_Far,505,29.99999,-0.0494822,1.525909,0.1514005,-0.0459642,1.195415,0.1592319,-0.561359,-0.1503739,0.02462459,0.8134233,0.0435573,1.079907,0.3183089,-0.03739232,0.08109084,-0.08795955,0.9921135,MathCanvas,-0.8441162,1.115396,3.364246,-0.04948199,1.525943,0.1512157,-0.2393201,-0.1277327,0.9625021,-0.01746439,1.526014,0.1618603,-0.2651105,-0.1283823,0.9556329,-0.0815,1.525805,0.1409407,-0.2127178,-0.1277198,0.9687304,-0.0494822,1.525909,0.1514005,356.6155,341.8979,0.17792,0,8,False
1,Center_Dir_Far,506,30.01999,-0.04953673,1.525834,0.151804,-0.04593441,1.195461,0.1595912,-0.5604209,-0.1489418,0.02533546,0.8143113,0.04370229,1.079884,0.3185411,-0.03733561,0.08129677,-0.08786599,0.9921071,MathCanvas,-0.8468627,1.100322,3.358321,-0.04947685,1.525887,0.1515835,-0.2388406,-0.1232665,0.9632033,-0.0175107,1.525941,0.1622386,-0.2645578,-0.1235452,0.9564234,-0.08156277,1.525727,0.1413694,-0.2121541,-0.122897,0.9694777,-0.04953673,1.525834,0.151804,356.6296,341.9429,0.1825872,0,8,False
1,Center_Dir_Far,507,30.03999,-0.04959194,1.525857,0.1520604,-0.04589928,1.195523,0.1601422,-0.5587695,-0.1446627,0.02706107,0.81616,0.04387296,1.079865,0.3188004,-0.03482023,0.0837257,-0.08735366,0.9920418,MathCanvas,-0.8460779,1.114736,3.364118,-0.04953673,1.525834,0.151804,-0.2384456,-0.1232211,0.963307,-0.01756367,1.525972,0.162488,-0.2643569,-0.1227281,0.9565842,-0.08162022,1.525742,0.1416328,-0.2119505,-0.1220707,0.9696265,-0.04959194,1.525857,0.1520604,356.583,341.9544,0.1956998,0,8,False
1,Center_Dir_Far,508,30.05999,-0.04968885,1.525859,0.152533,-0.04587837,1.195601,0.1609799,-0.5552825,-0.1339721,0.03085759,0.8202199,0.04397937,1.079909,0.3188951,-0.03503359,0.08385313,-0.08719411,0.9920375,MathCanvas,-0.8448485,1.114894,3.364853,-0.0495971,1.525847,0.1522631,-0.2371695,-0.1227955,0.9636763,-0.01765489,1.525957,0.1629433,-0.2632014,-0.1226014,0.956919,-0.0817228,1.525761,0.1421226,-0.210781,-0.1219669,0.9698946,-0.04968885,1.525859,0.152533,356.5508,341.987,0.1668025,0,8,False
1,Center_Dir_Far,509,30.07999,-0.04981612,1.525813,0.1527032,-0.04595796,1.195533,0.1615901,-0.5511252,-0.1209627,0.03428895,0.824896,0.04408749,1.079895,0.3190141,-0.03505093,0.08402152,-0.08696717,0.9920427,MathCanvas,-0.8407045,1.116308,3.366619,-0.04968885,1.525859,0.152533,-0.2370798,-0.1222842,0.9637634,-0.01778311,1.525882,0.1631167,-0.2633688,-0.1232325,0.9567918,-0.08184914,1.525743,0.1422898,-0.2109491,-0.1226414,0.9697729,-0.04981612,1.525813,0.1527032,356.5851,341.9844,0.1181519,0,8,False
1,Center_Dir_Far,510,30.09999,-0.04985886,1.525798,0.1529087,-0.04595966,1.19554,0.1618901,-0.5498003,-0.1172539,0.035475,0.8262644,0.04408749,1.079895,0.3190141,-0.03505093,0.08402152,-0.08696717,0.9920427,MathCanvas,-0.8406846,1.117888,3.367697,-0.04981612,1.525813,0.1527032,-0.2372476,-0.122937,0.963639,-0.01782357,1.525859,0.1633152,-0.2631893,-0.1232732,0.956836,-0.08189416,1.525737,0.1425022,-0.2107667,-0.1226956,0.9698058,-0.04985886,1.525798,0.1529087,356.5868,341.9978,0.1036185,0,8,False
1,Center_Dir_Far,511,30.11999,-0.05004732,1.525486,0.1529063,-0.04644414,1.195413,0.163023,-0.5491664,-0.1008517,0.04124055,0.8285798,0.04423095,1.079537,0.3195026,-0.03355724,0.08455471,-0.08650094,0.9920897,MathCanvas,-0.841184,1.115749,3.36707,-0.04996558,1.525634,0.1529572,-0.2351068,-0.1245949,0.9639507,-0.01803457,1.525595,0.1633816,-0.2623428,-0.1269569,0.9565868,-0.08206007,1.525377,0.1424311,-0.2099257,-0.1262696,0.9695293,-0.05004732,1.525486,0.1529063,356.8049,341.8705,0.1853931,0,8,False
1,Center_Dir_Far,512,30.13999,-0.05011224,1.525416,0.1530381,-0.04653198,1.1954,0.1633968,-0.5481743,-0.09604733,0.04292185,0.8297214,0.04423095,1.079537,0.3195026,-0.03355724,0.08455471,-0.08650094,0.9920897,MathCanvas,-0.8339278,1.110068,3.366859,-0.05004732,1.525486,0.1529063,-0.236223,-0.1266132,0.9634147,-0.01810325,1.52553,0.1635248,-0.2626307,-0.1277421,0.9564032,-0.08212122,1.525301,0.1425514,-0.2102185,-0.1270431,0.9693649,-0.05011224,1.525416,0.1530381,356.8508,341.8497,0.1945529,0,8,False
1,Center_Dir_Far,513,30.15999,-0.05031824,1.525363,0.1531791,-0.04699102,1.195542,0.1643257,-0.5449377,-0.09279032,0.04795855,0.8319452,0.04380609,1.079376,0.319743,-0.0330967,0.08333296,-0.08534186,0.9923089,MathCanvas,-0.8373739,1.103451,3.363815,-0.05020974,1.525347,0.1530845,-0.2418231,-0.1295822,0.9616289,-0.01831835,1.525459,0.1636937,-0.268227,-0.1299487,0.954551,-0.08231813,1.525267,0.1426645,-0.2158716,-0.1293046,0.9678221,-0.05031824,1.525363,0.1531791,356.9016,341.8015,0.1634768,0,8,False
1,Center_Dir_Far,514,30.17999,-0.05039895,1.525314,0.1532879,-0.04712289,1.195555,0.1647239,-0.5437385,-0.08900896,0.04986897,0.83303,0.04380609,1.079376,0.319743,-0.0330967,0.08333296,-0.08534186,0.9923089,MathCanvas,-0.8557009,1.093794,3.355847,-0.05031824,1.525363,0.1531791,-0.2421399,-0.1296267,0.9615431,-0.01840312,1.525408,0.1638149,-0.2685752,-0.1305553,0.9543703,-0.08239478,1.52522,0.142761,-0.2162251,-0.1299116,0.967662,-0.05039895,1.525314,0.1532879,356.9365,341.7797,0.1606412,0,8,False
1,Center_Dir_Far,515,30.19999,-0.05040099,1.525671,0.1536475,-0.04620148,1.195695,0.1633844,-0.5479668,-0.1057733,0.04202033,0.8287212,0.04286311,1.079616,0.3197902,-0.03373763,0.08040627,-0.08377369,0.9926624,MathCanvas,-0.8568363,1.093598,3.355669,-0.05044921,1.525467,0.1534501,-0.242687,-0.1237795,0.9621755,-0.01840207,1.525827,0.1641642,-0.2684084,-0.1229138,0.9554314,-0.08239992,1.525514,0.1431307,-0.2160541,-0.1221993,0.9687042,-0.05040099,1.525671,0.1536475,356.8131,341.7915,0.2667033,0,8,False
1,Center_Dir_Far,516,30.21999,-0.05037218,1.525836,0.1538374,-0.04592581,1.19573,0.1633368,-0.5493547,-0.1093939,0.04135497,0.8273646,0.0426241,1.079841,0.3197216,-0.03444317,0.07985999,-0.08360132,0.9926968,MathCanvas,-0.8597136,1.112891,3.362309,-0.05040099,1.525671,0.1536475,-0.2423226,-0.1225566,0.9624239,-0.01837083,1.526009,0.1643466,-0.2681512,-0.1222753,0.9555855,-0.08237353,1.525663,0.1433283,-0.2157941,-0.1215369,0.9688455,-0.05037218,1.525836,0.1538374,356.7774,341.8034,0.2946596,0,8,False
1,Center_Dir_Far,517,30.23999,-0.05036265,1.526068,0.1542839,-0.0455524,1.195888,0.1635354,-0.5514108,-0.1174628,0.03961033,0.8249725,0.04260045,1.080118,0.3196952,-0.03468311,0.07989209,-0.0842632,0.9926299,MathCanvas,-0.8587462,1.116995,3.364427,-0.05039515,1.52593,0.1540153,-0.2393327,-0.1204816,0.9634334,-0.01834958,1.526248,0.1647573,-0.2645437,-0.1202778,0.9568438,-0.08237571,1.525889,0.1438106,-0.2121467,-0.1195185,0.9699016,-0.05036265,1.526068,0.1542839,356.7164,341.8665,0.3063514,0,8,False
1,Center_Dir_Far,518,30.25999,-0.05036738,1.526152,0.1544913,-0.0454727,1.195953,0.1636617,-0.5518296,-0.1193483,0.03915703,0.8244434,0.04261256,1.080148,0.3197032,-0.03470081,0.07993662,-0.08432647,0.9926203,MathCanvas,-0.8490806,1.123989,3.369522,-0.05036265,1.526068,0.1542839,-0.2385837,-0.1164937,0.9641094,-0.01834741,1.526332,0.1649435,-0.2640731,-0.1165736,0.957432,-0.08238734,1.525972,0.1440392,-0.2116671,-0.1158288,0.9704539,-0.05036738,1.526152,0.1544913,356.6994,341.9043,0.3064238,0,8,False
1,Center_Dir_Far,519,30.27999,-0.05037986,1.52624,0.1546905,-0.04545066,1.195963,0.1636755,-0.5519276,-0.1197402,0.0390792,0.8243246,0.04262769,1.080174,0.3197132,-0.03472137,0.07999691,-0.08437179,0.9926109,MathCanvas,-0.8474523,1.136958,3.375487,-0.05036738,1.526152,0.1544913,-0.2406241,-0.1195802,0.9632241,-0.01835389,1.526425,0.1651242,-0.2661622,-0.1196976,0.9564676,-0.08240583,1.526054,0.1442568,-0.2137757,-0.1189502,0.9696138,-0.05037986,1.52624,0.1546905,356.6853,341.9368,0.316038,0,8,False
1,Center_Dir_Far,520,30.29999,-0.05033125,1.526231,0.1550876,-0.04581693,1.196245,0.164049,-0.5557271,-0.1262779,0.03731671,0.8208708,0.04294045,1.080363,0.3200158,-0.03471801,0.0809043,-0.08427858,0.9925454,MathCanvas,-0.8538324,1.126957,3.37093,-0.0503386,1.526259,0.1549223,-0.2394501,-0.1198424,0.963484,-0.01829364,1.526399,0.1654857,-0.2651021,-0.1210922,0.9565864,-0.08236887,1.526063,0.1446894,-0.212701,-0.1203676,0.9696751,-0.05033125,1.526231,0.1550876,356.7646,342.0024,0.2861843,0,8,False
1,Center_Dir_Far,521,30.31999,-0.0503315,1.52628,0.155285,-0.04581434,1.196296,0.1641188,-0.5563543,-0.1278428,0.03695429,0.8202198,0.04294045,1.080363,0.3200158,-0.03471801,0.0809043,-0.08427858,0.9925454,MathCanvas,-0.8498108,1.126099,3.371982,-0.05033125,1.526231,0.1550876,-0.2389914,-0.1207299,0.9634871,-0.01828882,1.526448,0.1656676,-0.2646323,-0.1212031,0.9567025,-0.08237419,1.526113,0.1449025,-0.2122248,-0.1204786,0.9697657,-0.0503315,1.52628,0.155285,356.7709,342.0304,0.2856092,0,8,False
1,Center_Dir_Far,522,30.33999,-0.0503944,1.526077,0.1554688,-0.0464536,1.196602,0.1645106,-0.559752,-0.1344628,0.03534543,0.8169138,0.04370001,1.080281,0.3206127,-0.03392753,0.08316865,-0.08384681,0.9924221,MathCanvas,-0.8482973,1.123177,3.372261,-0.0503388,1.526179,0.1553798,-0.2381528,-0.1221726,0.9635129,-0.01835019,1.526223,0.1658469,-0.2644913,-0.1232308,0.9564824,-0.08243862,1.525932,0.1450907,-0.2120819,-0.1225342,0.9695393,-0.0503944,1.526077,0.1554688,356.8865,342.041,0.2479475,0,8,False
1,Center_Dir_Far,523,30.35999,-0.05043311,1.526048,0.1555723,-0.04655727,1.196638,0.1645178,-0.5613399,-0.1374187,0.0342957,0.8153757,0.04395677,1.080122,0.3208399,-0.03370044,0.0839017,-0.08338508,0.9924071,MathCanvas,-0.8453172,1.118281,3.371549,-0.0503944,1.526077,0.1554688,-0.2382238,-0.1203921,0.9637194,-0.01839078,1.526204,0.1659561,-0.2644593,-0.1211177,0.9567611,-0.08247544,1.525893,0.1451885,-0.2120497,-0.1204109,0.9698124,-0.05043311,1.526048,0.1555723,356.9092,342.03,0.2652667,0,8,False
1,Center_Dir_Far,524,30.37999,-0.05051199,1.526045,0.1557741,-0.04671218,1.196576,0.1643614,-0.5651635,-0.1449567,0.03172023,0.8115243,0.04397119,1.079932,0.3210495,-0.03282693,0.08390158,-0.08282921,0.9924829,MathCanvas,-0.8461038,1.123937,3.374408,-0.05047861,1.526036,0.1556681,-0.2385002,-0.1208744,0.9635907,-0.01847265,1.526216,0.1661669,-0.2646665,-0.1213048,0.9566801,-0.08255135,1.525874,0.1453814,-0.2122608,-0.1205728,0.9697461,-0.05051199,1.526045,0.1557741,356.9212,342.0126,0.2912785,0,8,False
1,Center_Dir_Far,525,30.39999,-0.05054163,1.52604,0.155899,-0.04676076,1.196622,0.1644798,-0.5662239,-0.1479563,0.03080412,0.8102781,0.04396285,1.079917,0.3210757,-0.03274748,0.08389048,-0.08277629,0.9924908,MathCanvas,-0.8470695,1.122342,3.374033,-0.05051199,1.526045,0.1557741,-0.2340068,-0.1195484,0.964857,-0.01850298,1.526214,0.1662938,-0.260185,-0.1201521,0.9580539,-0.08258028,1.525866,0.1455041,-0.2077377,-0.1193893,0.9708714,-0.05054163,1.52604,0.155899,356.9345,342.0086,0.2968431,0,8,False
1,Center_Dir_Far,526,30.41999,-0.05054542,1.526077,0.1560182,-0.04671538,1.196664,0.1648054,-0.5655065,-0.1504696,0.03029927,0.8103353,0.0439074,1.079929,0.321154,-0.03277692,0.08377143,-0.08269008,0.9925072,MathCanvas,-0.8323169,1.12665,3.379315,-0.05054163,1.52604,0.155899,-0.2339955,-0.1198001,0.9648285,-0.01851178,1.526258,0.1664283,-0.2605803,-0.1198051,0.9579899,-0.08257906,1.525895,0.145608,-0.2081386,-0.1190309,0.9708295,-0.05054542,1.526077,0.1560182,356.9133,341.9804,0.3093092,0,8,False
1,Center_Dir_Far,527,30.43999,-0.05058334,1.526112,0.1562635,-0.04676259,1.196741,0.1650256,-0.5655738,-0.1559332,0.02971696,0.8092762,0.04379553,1.079988,0.3212014,-0.03293753,0.08345167,-0.0826017,0.9925361,MathCanvas,-0.8322821,1.125846,3.379336,-0.05056809,1.52608,0.1561438,-0.2393442,-0.1207802,0.9633932,-0.01856184,1.526322,0.1667105,-0.2661359,-0.1208763,0.9563267,-0.08260484,1.525902,0.1458166,-0.213753,-0.1200829,0.9694791,-0.05058334,1.526112,0.1562635,356.8946,341.9119,0.357982,0,8,False
1,Center_Dir_Far,528,30.45999,-0.05060733,1.526102,0.1563725,-0.04687264,1.196619,0.1648966,-0.5653809,-0.1580494,0.03023406,0.8089813,0.04358478,1.080048,0.3212967,-0.03301287,0.08296827,-0.08265453,0.9925697,MathCanvas,-0.8502159,1.122593,3.374895,-0.05058334,1.526112,0.1562635,-0.2400346,-0.1204797,0.963259,-0.01859573,1.526318,0.1668496,-0.2670041,-0.1211824,0.9560459,-0.08261894,1.525886,0.1458954,-0.2146337,-0.1203788,0.9692479,-0.05060733,1.526102,0.1563725,356.9127,341.8575,0.3675605,0,8,False
1,Center_Dir_Far,529,30.47999,-0.05064663,1.525981,0.1565812,-0.04694403,1.196428,0.1646706,-0.567328,-0.1599235,0.02882029,0.8072997,0.04317826,1.080077,0.3213155,-0.03299379,0.08206271,-0.08316626,0.9926029,MathCanvas,-0.8527128,1.123504,3.375222,-0.05063893,1.526102,0.156488,-0.2439082,-0.1249682,0.9617129,-0.01864578,1.526173,0.1670915,-0.2706057,-0.1263414,0.9543638,-0.08264749,1.52579,0.1460708,-0.2182767,-0.125577,0.9677736,-0.05064663,1.525981,0.1565812,356.978,341.8006,0.3259002,0,8,False
1,Center_Dir_Far,530,30.49999,-0.05067321,1.525949,0.156689,-0.04698955,1.196401,0.1646256,-0.5685031,-0.1622762,0.02808513,0.8060285,0.04312401,1.08007,0.3213093,-0.0329583,0.08190857,-0.08319581,0.9926143,MathCanvas,-0.8649987,1.108742,3.367513,-0.05064663,1.525981,0.1565812,-0.2445472,-0.1259314,0.9614249,-0.01867649,1.526138,0.167212,-0.2709872,-0.1266036,0.9542209,-0.08266993,1.525759,0.1461661,-0.2186635,-0.1258406,0.967652,-0.05067321,1.525949,0.156689,356.9947,341.7783,0.3234758,0,8,False
1,Center_Dir_Far,531,30.51999,-0.05060033,1.525781,0.1568619,-0.04728669,1.196544,0.1643871,-0.5726944,-0.1709537,0.02717694,0.8012848,0.04270033,1.079955,0.3212213,-0.03256422,0.08058851,-0.08318441,0.9927363,MathCanvas,-0.867035,1.105557,3.366174,-0.05068903,1.525903,0.1567979,-0.2440738,-0.133553,0.9605163,-0.01860902,1.525944,0.1674018,-0.2701265,-0.1353985,0.953257,-0.08259164,1.525618,0.1463221,-0.2178003,-0.134639,0.966662,-0.05060033,1.525781,0.1568619,357.0988,341.751,0.2774366,0,8,False
1,Center_Dir_Far,532,30.53999,-0.05058119,1.525727,0.1569427,-0.04745103,1.196661,0.1643854,-0.5736349,-0.1750092,0.0269742,0.7997419,0.04262043,1.079892,0.3212045,-0.03243551,0.08030672,-0.08309942,0.9927705,MathCanvas,-0.8639392,1.080736,3.357637,-0.05060033,1.525781,0.1568619,-0.244056,-0.1350188,0.9603159,-0.01859029,1.525884,0.1674839,-0.2701484,-0.136329,0.9531182,-0.08257209,1.525571,0.1464015,-0.2178227,-0.1355767,0.966526,-0.05058119,1.525727,0.1569427,357.1522,341.7494,0.2661713,0,8,False
1,Center_Dir_Far,533,30.55999,-0.05057209,1.525676,0.1570289,-0.04754905,1.196682,0.1643415,-0.5747534,-0.1780372,0.02650057,0.7982851,0.04262043,1.079892,0.3212045,-0.03243551,0.08030672,-0.08309942,0.9927705,MathCanvas,-0.8635888,1.075948,3.35598,-0.05058119,1.525727,0.1569427,-0.2446731,-0.1224626,0.9618409,-0.01858257,1.525826,0.1675744,-0.2708631,-0.1235709,0.9546536,-0.08256161,1.525527,0.1464834,-0.2185367,-0.1228759,0.9680616,-0.05057209,1.525676,0.1570289,357.1954,341.7425,0.2550166,0,8,False
1,Center_Dir_Far,534,30.57999,-0.0504341,1.525668,0.1571761,-0.04769991,1.196789,0.1640019,-0.5769122,-0.1967046,0.02283554,0.7924381,0.04239938,1.079498,0.3213232,-0.03118065,0.07931112,-0.08227955,0.992959,MathCanvas,-0.8679175,1.116583,3.370117,-0.0504807,1.525665,0.1571168,-0.2448078,-0.1233077,0.9616987,-0.01844282,1.525808,0.1677164,-0.2707373,-0.1237521,0.9546658,-0.08242537,1.525529,0.1466358,-0.2184085,-0.1230732,0.9680654,-0.0504341,1.525668,0.1571761,357.2051,341.7527,0.2372101,0,8,False
1,Center_Dir_Far,535,30.59999,-0.0503865,1.525656,0.1572587,-0.04776499,1.196776,0.1638236,-0.578195,-0.2027465,0.02162409,0.7900107,0.04240809,1.079458,0.3213663,-0.03105364,0.07935648,-0.08220063,0.9929659,MathCanvas,-0.8680247,1.113855,3.368985,-0.0504341,1.525668,0.1571761,-0.2457961,-0.1219069,0.9616252,-0.01839745,1.525802,0.1678056,-0.272034,-0.1222807,0.9544867,-0.08237554,1.525509,0.1467117,-0.2197188,-0.1216026,0.9679548,-0.0503865,1.525656,0.1572587,357.208,341.7402,0.2497733,0,8,False
1,Center_Dir_Far,536,30.61999,-0.05025851,1.525796,0.1574323,-0.04793606,1.196813,0.1636112,-0.5803425,-0.2128317,0.01972922,0.7858219,0.04252641,1.079413,0.3214474,-0.03109539,0.07956852,-0.08227139,0.9929418,MathCanvas,-0.8714932,1.118413,3.369665,-0.05034253,1.525639,0.1573458,-0.2499723,-0.1213309,0.960621,-0.01827104,1.525941,0.167984,-0.2759379,-0.1210252,0.9535257,-0.08224598,1.525652,0.1468805,-0.2236628,-0.1203796,0.967204,-0.05025851,1.525796,0.1574323,357.1855,341.7317,0.2467448,0,8,False
1,Center_Dir_Far,537,30.63999,-0.05020143,1.52589,0.1575019,-0.0481116,1.196684,0.1628985,-0.5834146,-0.2194183,0.01989402,0.7817208,0.0425782,1.079408,0.3215225,-0.03128147,0.07962976,-0.08208133,0.9929467,MathCanvas,-0.8855247,1.120377,3.367285,-0.05025851,1.525796,0.1574323,-0.2498945,-0.1207024,0.9607204,-0.01821415,1.526021,0.1680544,-0.27603,-0.120551,0.953559,-0.08218871,1.52576,0.1469494,-0.2237549,-0.11993,0.9672385,-0.05020143,1.52589,0.1575019,357.1572,341.7314,0.2223105,0,8,False
1,Center_Dir_Far,538,30.65999,-0.05010774,1.525952,0.1576653,-0.04828935,1.196692,0.1625882,-0.5857872,-0.2297256,0.01814238,0.7770138,0.0425782,1.079408,0.3215225,-0.03128147,0.07962976,-0.08208133,0.9929467,MathCanvas,-0.885153,1.122597,3.367476,-0.05015469,1.525921,0.1575834,-0.2503671,-0.1184446,0.9608784,-0.01812207,1.526072,0.1682229,-0.276503,-0.1187301,0.9536505,-0.0820934,1.525832,0.1471078,-0.2242317,-0.1181338,0.9673492,-0.05010774,1.525952,0.1576653,357.1546,341.7233,0.2042939,0,8,False
1,Center_Dir_Far,539,30.67999,-0.04999367,1.525899,0.157552,-0.04839982,1.196686,0.1626678,-0.5855953,-0.2260214,0.01929173,0.7782161,0.04269414,1.079493,0.3217504,-0.03145847,0.08009291,-0.08195905,0.992914,MathCanvas,-0.8869618,1.13005,3.369409,-0.05010774,1.525952,0.1576653,-0.2504609,-0.1184319,0.9608555,-0.01801441,1.526026,0.1681288,-0.2770279,-0.1193706,0.9534182,-0.08197293,1.525772,0.1469752,-0.2247652,-0.1187606,0.9671487,-0.04999367,1.525899,0.157552,357.192,341.6883,0.2164347,0,8,False
1,Center_Dir_Far,540,30.69999,-0.04989039,1.525908,0.1576026,-0.04838274,1.196547,0.1625153,-0.586889,-0.23272,0.01681557,0.7753192,0.04269512,1.079517,0.3217561,-0.03147078,0.08010679,-0.08203442,0.9929063,MathCanvas,-0.8869556,1.130137,3.36843,-0.0499414,1.525898,0.157574,-0.2557027,-0.1171909,0.9596262,-0.01791392,1.525994,0.1681883,-0.281853,-0.1175743,0.9522264,-0.08186686,1.525823,0.1470169,-0.2296409,-0.1170658,0.9662094,-0.04989039,1.525908,0.1576026,357.203,341.676,0.1456156,0,8,False
1,Center_Dir_Far,541,30.71999,-0.04981947,1.525909,0.1576385,-0.04811364,1.196311,0.1624123,-0.5876136,-0.2323518,0.01486571,0.7749206,0.04263733,1.079553,0.3217971,-0.03157115,0.07989871,-0.08196423,0.9929256,MathCanvas,-0.9046862,1.134148,3.365564,-0.04989039,1.525908,0.1576026,-0.2557949,-0.1167925,0.9596502,-0.01784453,1.526006,0.1682287,-0.2819219,-0.1165199,0.9523357,-0.08179441,1.525812,0.1470484,-0.229712,-0.1159672,0.966325,-0.04981947,1.525909,0.1576385,357.1724,341.6668,0.1653452,0,8,False
1,Center_Dir_Far,542,30.73999,-0.04974184,1.525908,0.1576624,-0.04799245,1.196155,0.1623415,-0.5873659,-0.2287324,0.01405989,0.7761992,0.04257936,1.079554,0.3218231,-0.03152606,0.07971232,-0.0821128,0.9929298,MathCanvas,-0.9046814,1.13559,3.364772,-0.04981947,1.525909,0.1576385,-0.2559603,-0.1167711,0.9596087,-0.01777125,1.526004,0.1682657,-0.2823746,-0.116744,0.9521741,-0.08171243,1.525811,0.147059,-0.2301703,-0.1162204,0.9661855,-0.04974184,1.525908,0.1576624,357.1557,341.6433,0.1644908,0,8,False
1,Center_Dir_Far,543,30.75999,-0.04965113,1.525883,0.1576533,-0.04794476,1.196123,0.1623588,-0.5862362,-0.2250612,0.01421326,0.7781212,0.04251267,1.079479,0.3218479,-0.03134117,0.07944727,-0.08245437,0.9929286,MathCanvas,-0.905021,1.135723,3.364149,-0.04967992,1.525916,0.1576891,-0.2565906,-0.1163987,0.9594856,-0.0176856,1.52596,0.1682721,-0.2828958,-0.1168477,0.9520066,-0.08161665,1.525806,0.1470345,-0.230698,-0.1163557,0.9660434,-0.04965113,1.525883,0.1576533,357.1606,341.6173,0.1305828,0,8,False
1,Center_Dir_Far,544,30.77999,-0.04960217,1.525825,0.1576322,-0.04790438,1.196088,0.1623153,-0.5862025,-0.2250304,0.0144057,0.7781519,0.04242219,1.079413,0.3218525,-0.03128741,0.07918787,-0.08242629,0.9929534,MathCanvas,-0.9069989,1.136959,3.363588,-0.04965113,1.525883,0.1576533,-0.2568933,-0.1166017,0.95938,-0.01763844,1.525894,0.1682564,-0.2830686,-0.1172627,0.9519042,-0.0815659,1.525757,0.147008,-0.2308732,-0.1167826,0.9659499,-0.04960217,1.525825,0.1576322,357.1841,341.6083,0.1165326,0,8,False
1,Center_Dir_Far,545,30.79999,-0.0494949,1.525725,0.1575897,-0.04782232,1.19601,0.1622591,-0.5866543,-0.2262605,0.01374004,0.7774665,0.04234679,1.079367,0.321853,-0.03131506,0.07900707,-0.08238667,0.9929702,MathCanvas,-0.9076942,1.136344,3.362217,-0.04954891,1.525753,0.157594,-0.2774309,-0.1122608,0.9541644,-0.01753434,1.525785,0.1682235,-0.3034861,-0.1126025,0.946159,-0.08145547,1.525665,0.1469559,-0.2515434,-0.1122767,0.9613115,-0.0494949,1.525725,0.1575897,357.2154,341.5919,0.1025649,0,8,False
1,Center_Dir_Far,546,30.81999,-0.04946646,1.525656,0.1575286,-0.04755439,1.195861,0.1622791,-0.5878648,-0.230351,0.01198388,0.7753772,0.04222756,1.07927,0.3218369,-0.03123683,0.07872266,-0.08245789,0.9929893,MathCanvas,-0.9777972,1.150093,3.350287,-0.0494949,1.525725,0.1575897,-0.2776181,-0.1124396,0.9540889,-0.01750651,1.525706,0.1681643,-0.3035627,-0.1129047,0.9460984,-0.0814264,1.525606,0.1468929,-0.251621,-0.1125943,0.9612541,-0.04946646,1.525656,0.1575286,357.2326,341.5894,0.08569606,0,8,False
1,Center_Dir_Far,547,30.83999,-0.04936957,1.525563,0.1574679,-0.04741858,1.195868,0.1622787,-0.588105,-0.2323095,0.01211462,0.7746083,0.04209244,1.079174,0.3218066,-0.03104249,0.07832685,-0.08246467,0.9930261,MathCanvas,-0.9780812,1.149553,3.348895,-0.04942141,1.525602,0.1574859,-0.2835574,-0.1193786,0.9514956,-0.01741363,1.525615,0.1681156,-0.3095406,-0.1197178,0.9433198,-0.08132552,1.525511,0.1468202,-0.257688,-0.119431,0.9588187,-0.04936957,1.525563,0.1574679,357.2516,341.5677,0.08841181,0,8,False
1,Center_Dir_Far,548,30.85999,-0.04931926,1.52552,0.1574397,-0.04741858,1.195868,0.1622787,-0.588105,-0.2323095,0.01211462,0.7746083,0.04206407,1.079158,0.3218067,-0.03099254,0.07823409,-0.082459,0.9930354,MathCanvas,-0.9964159,1.126853,3.335345,-0.04936957,1.525563,0.1574679,-0.2837203,-0.1195744,0.9514225,-0.01736445,1.525568,0.1680908,-0.3096445,-0.1199828,0.943252,-0.08127406,1.525472,0.1467886,-0.2577935,-0.1197018,0.9587564,-0.04931926,1.52552,0.1574397,357.2668,341.5619,0.08172525,0,8,False
1,Center_Dir_Far,549,30.87999,-0.04929153,1.525504,0.1574037,-0.04692038,1.19576,0.1620068,-0.5894288,-0.2322433,0.01113313,0.7736362,0.04190663,1.079116,0.3217491,-0.03092024,0.07775523,-0.08255534,0.9930673,MathCanvas,-0.9965931,1.12629,3.33401,-0.04931926,1.52552,0.1574397,-0.2838244,-0.1198423,0.9513577,-0.01733841,1.52556,0.1680598,-0.309766,-0.1200281,0.9432064,-0.08124465,1.525449,0.1467475,-0.2579176,-0.1197349,0.958719,-0.04929153,1.525504,0.1574037,357.2695,341.5523,0.0945458,0,8,False
1,Center_Dir_Far,550,30.89999,-0.04920796,1.525457,0.1573921,-0.0464895,1.195662,0.1618483,-0.5911702,-0.234114,0.009894432,0.7717581,0.04184249,1.079118,0.3216781,-0.03117394,0.07746182,-0.08272488,0.9930682,MathCanvas,-0.9967467,1.12545,3.3332,-0.04925287,1.525479,0.1574055,-0.2926212,-0.1196719,0.9487104,-0.01725641,1.525508,0.168053,-0.3184123,-0.1198336,0.9403476,-0.0811595,1.525405,0.1467312,-0.2666932,-0.119605,0.9563313,-0.04920796,1.525457,0.1573921,357.2575,341.5441,0.08778393,0,8,False
1,Center_Dir_Far,551,30.91999,-0.04916582,1.525426,0.1573748,-0.0464895,1.195662,0.1618483,-0.5911702,-0.234114,0.009894432,0.7717581,0.04184249,1.079118,0.3216781,-0.03117394,0.07746182,-0.08272488,0.9930682,MathCanvas,-1.026289,1.125865,3.325197,-0.04920796,1.525457,0.1573921,-0.292662,-0.1197193,0.9486918,-0.01721549,1.525476,0.1680394,-0.3185236,-0.1198858,0.9403032,-0.08111615,1.525376,0.1467103,-0.2668063,-0.1196598,0.9562928,-0.04916582,1.525426,0.1573748,357.2605,341.5377,0.08500362,0,8,False
1,Center_Dir_Far,552,30.93999,-0.0490342,1.525385,0.1573527,-0.04577194,1.195434,0.1621185,-0.5913423,-0.2413519,0.007627778,0.7694189,0.04170105,1.079093,0.3217027,-0.03130817,0.07687229,-0.08275899,0.993107,MathCanvas,-1.026141,1.125775,3.324332,-0.04906528,1.525434,0.157395,-0.2965873,-0.1137481,0.9482074,-0.01709095,1.525447,0.1680384,-0.3226529,-0.1143459,0.9395851,-0.08097745,1.525323,0.146667,-0.2709985,-0.1141288,0.95579,-0.0490342,1.525385,0.1573527,357.2902,341.4988,0.1057891,0,8,False
1,Center_Dir_Far,553,30.95999,-0.04900583,1.525332,0.1573023,-0.04561279,1.195338,0.1621532,-0.5914823,-0.2417321,0.007264644,0.7691954,0.04171088,1.079068,0.3217199,-0.0312357,0.0769378,-0.08278161,0.9931023,MathCanvas,-1.040558,1.145113,3.327312,-0.0490342,1.525385,0.1573527,-0.3006156,-0.1137555,0.9469371,-0.01706637,1.525398,0.1679993,-0.3266033,-0.1143211,0.9382222,-0.08094528,1.525266,0.1466053,-0.2750134,-0.1141214,0.9546434,-0.04900583,1.525332,0.1573023,357.3171,341.4783,0.1125504,0,8,False
1,Center_Dir_Far,554,30.97999,-0.04892724,1.525249,0.1572396,-0.0455869,1.195316,0.1621419,-0.5915362,-0.2414656,0.00726185,0.7692377,0.04171216,1.079055,0.3217298,-0.03119227,0.07696561,-0.08280531,0.9930995,MathCanvas,-1.053944,1.145055,3.322852,-0.04896424,1.525288,0.1572701,-0.3152377,-0.1074128,0.9429144,-0.01699573,1.525324,0.1679602,-0.3410511,-0.1077013,0.9338547,-0.08085875,1.525174,0.146519,-0.2897075,-0.1075767,0.9510504,-0.04892724,1.525249,0.1572396,357.343,341.4352,0.127402,0,8,False
1,Center_Dir_Far,555,30.99999,-0.0489016,1.525231,0.1571911,-0.04573108,1.195445,0.1619686,-0.591789,-0.2377912,0.008032463,0.7701796,0.04178107,1.078962,0.3218182,-0.03089938,0.07720243,-0.08316018,0.9930606,MathCanvas,-1.104883,1.165447,3.315731,-0.04892724,1.525249,0.1572396,-0.3154962,-0.107639,0.9428022,-0.01697017,1.525306,0.167912,-0.3410625,-0.1075623,0.9338666,-0.08083303,1.525156,0.1464702,-0.289719,-0.1074375,0.9510627,-0.0489016,1.525231,0.1571911,357.335,341.4348,0.1275892,0,8,False
1,Center_Dir_Far,556,31.01999,-0.04889126,1.525329,0.1571201,-0.04565196,1.195506,0.1620217,-0.591555,-0.2364815,0.008131392,0.7707614,0.04184512,1.078893,0.3218781,-0.0311226,0.07714785,-0.0831503,0.9930587,MathCanvas,-1.105396,1.164783,3.314331,-0.04886633,1.525196,0.1571582,-0.3157229,-0.1076332,0.942727,-0.0169682,1.525405,0.1678658,-0.3418145,-0.1068625,0.933672,-0.08081433,1.525254,0.1463743,-0.2904845,-0.1067371,0.950908,-0.04889126,1.525329,0.1571201,357.2946,341.39,0.1282257,0,8,False
1,Center_Dir_Far,557,31.03999,-0.04888186,1.525365,0.1570789,-0.04555473,1.195477,0.1620834,-0.591259,-0.237354,0.0079289,0.7707224,0.04186196,1.078878,0.3219012,-0.03116193,0.07711512,-0.08315869,0.9930594,MathCanvas,-1.106067,1.164927,3.313774,-0.04889126,1.525329,0.1571201,-0.316267,-0.1067998,0.9426394,-0.01696283,1.525437,0.1678366,-0.3421883,-0.106485,0.9335782,-0.08080089,1.525292,0.1463211,-0.2908646,-0.1063645,0.9508335,-0.04888186,1.525365,0.1570789,357.273,341.3687,0.1230837,0,8,False
1,Center_Dir_Far,558,31.05999,-0.04885617,1.525364,0.1570459,-0.04555473,1.195477,0.1620834,-0.591259,-0.237354,0.0079289,0.7707224,0.04186196,1.078878,0.3219012,-0.03116193,0.07711512,-0.08315869,0.9930594,MathCanvas,-1.10794,1.167733,3.313619,-0.04888186,1.525365,0.1570789,-0.2808024,-0.1133065,0.9530538,-0.01694058,1.525436,0.1678138,-0.30695,-0.1133274,0.9449543,-0.08077176,1.525292,0.1462779,-0.2550656,-0.1129779,0.9603008,-0.04885617,1.525364,0.1570459,357.2641,341.3503,0.1230865,0,8,False
1,Center_Dir_Far,559,31.07999,-0.0487864,1.525381,0.1569695,-0.04445565,1.195151,0.1623857,-0.5920823,-0.2423613,0.004152254,0.7685586,0.04191183,1.078908,0.3219722,-0.03108382,0.07716525,-0.0836471,0.9930169,MathCanvas,-0.9872511,1.146713,3.341993,-0.04883665,1.525392,0.1570047,-0.2813137,-0.1129376,0.9529468,-0.0168727,1.525447,0.1677431,-0.3071438,-0.1131249,0.9449156,-0.0807001,1.525314,0.1461959,-0.2552621,-0.1127852,0.9602712,-0.0487864,1.525381,0.1569695,357.2523,341.3406,0.1132241,0,8,False
1,Center_Dir_Far,560,31.09999,-0.04874094,1.525374,0.1569428,-0.04430773,1.195107,0.1624222,-0.5921904,-0.2428376,0.003633581,0.7683275,0.04191083,1.078926,0.3219728,-0.03125024,0.07714801,-0.08363198,0.9930143,MathCanvas,-0.9890301,1.147906,3.342034,-0.0487864,1.525381,0.1569695,-0.2812501,-0.1129107,0.9529688,-0.0168276,1.525437,0.1677174,-0.3071394,-0.1128644,0.9449482,-0.08065428,1.525311,0.1461681,-0.2552571,-0.1125303,0.9603024,-0.04874094,1.525374,0.1569428,357.2397,341.339,0.1068044,0,8,False
1,Center_Dir_Far,561,31.11999,-0.04866493,1.525364,0.1568812,-0.04430773,1.195107,0.1624222,-0.5921904,-0.2428376,0.003633581,0.7683275,0.04191083,1.078926,0.3219728,-0.03125024,0.07714801,-0.08363198,0.9930143,MathCanvas,-0.9888692,1.14795,3.34241,-0.04870685,1.525373,0.1569096,-0.2899881,-0.1126423,0.9503782,-0.01675459,1.525425,0.1676648,-0.3158784,-0.1125222,0.9421038,-0.08057529,1.525303,0.1460977,-0.2641226,-0.1122463,0.9579353,-0.04866493,1.525364,0.1568812,357.2162,341.3232,0.1039142,0,8,False
1,Center_Dir_Far,562,31.13999,-0.04857194,1.525393,0.1568813,-0.04350606,1.194952,0.1626509,-0.5936523,-0.2475794,0.002507396,0.7656861,0.04192994,1.079019,0.3220569,-0.03161082,0.07693949,-0.08367628,0.9930153,MathCanvas,-1.018004,1.148836,3.333697,-0.04866493,1.525364,0.1568812,-0.2901086,-0.1123842,0.9503719,-0.01665412,1.525467,0.1676426,-0.3151768,-0.1126629,0.942322,-0.08048975,1.525319,0.14612,-0.26341,-0.1123659,0.9581175,-0.04857194,1.525393,0.1568813,357.2243,341.362,0.1260625,0,8,False
1,Center_Dir_Far,563,31.15999,-0.04853427,1.525363,0.1568372,-0.04369702,1.195154,0.1625252,-0.5933117,-0.242751,0.004009731,0.7674875,0.04204924,1.07899,0.3222704,-0.03135887,0.07718561,-0.08416734,0.9929627,MathCanvas,-1.018444,1.149677,3.334102,-0.0485535,1.52538,0.1568549,-0.2901042,-0.09793873,0.9519703,-0.01662266,1.525455,0.1676168,-0.3162012,-0.09810861,0.9436056,-0.08044589,1.525272,0.1460577,-0.264443,-0.09780633,0.9594289,-0.04853427,1.525363,0.1568372,357.2429,341.3278,0.1560614,0,8,False
1,Center_Dir_Far,564,31.17999,-0.04852237,1.52536,0.1568189,-0.04336785,1.195183,0.1625577,-0.5936527,-0.2403227,0.004102141,0.7679875,0.04205944,1.078995,0.3223186,-0.03141523,0.07718188,-0.08412141,0.9929651,MathCanvas,-1.021963,1.196735,3.351122,-0.04853427,1.525363,0.1568372,-0.2904301,-0.09795751,0.9518691,-0.01661362,1.525453,0.1676069,-0.3164513,-0.09798624,0.9435345,-0.08043112,1.525266,0.1460308,-0.2646975,-0.09768137,0.9593716,-0.04852237,1.52536,0.1568189,357.2359,341.3124,0.1590167,0,8,False
1,Center_Dir_Far,565,31.19999,-0.04849943,1.525373,0.1568079,-0.04328581,1.195198,0.1625674,-0.5936962,-0.2396843,0.004262335,0.7681524,0.04205334,1.078998,0.3223383,-0.03149042,0.07712293,-0.08403395,0.9929747,MathCanvas,-1.023139,1.196637,3.351074,-0.04852237,1.52536,0.1568189,-0.2974834,-0.1198166,0.9471788,-0.01659218,1.525469,0.1676003,-0.323319,-0.1197895,0.9386774,-0.08040668,1.525278,0.1460154,-0.2716851,-0.1194982,0.9549384,-0.04849943,1.525373,0.1568079,357.226,341.3043,0.1628706,0,8,False
1,Center_Dir_Far,566,31.21999,-0.04845627,1.525457,0.1568153,-0.04318736,1.195176,0.1626144,-0.5935635,-0.2400557,0.00451585,0.7681376,0.04202,1.07901,0.3223724,-0.0317407,0.07692381,-0.08384056,0.9929985,MathCanvas,-1.041337,1.125491,3.317975,-0.04847456,1.525372,0.1567874,-0.3595437,-0.07329078,0.9302455,-0.01655198,1.525568,0.1676164,-0.3847325,-0.0727832,0.9201541,-0.08036055,1.525345,0.1460142,-0.3342745,-0.07277256,0.939662,-0.04845627,1.525457,0.1568153,357.1913,341.2874,0.1891438,0,8,False
1,Center_Dir_Far,567,31.23999,-0.0484339,1.525495,0.156821,-0.043085,1.195116,0.1626934,-0.5934769,-0.2401894,0.004393809,0.7681634,0.04201033,1.079019,0.3223748,-0.03191596,0.07680637,-0.08372685,0.9930116,MathCanvas,-1.264031,1.277669,3.301865,-0.04845627,1.525457,0.1568153,-0.3596354,-0.07277787,0.9302504,-0.01653121,1.525614,0.1676267,-0.3848572,-0.07259993,0.9201164,-0.08033659,1.525377,0.1460153,-0.3344022,-0.07257742,0.9396317,-0.0484339,1.525495,0.156821,357.1799,341.2784,0.201264,0,8,False
1,Center_Dir_Far,568,31.25999,-0.04837917,1.525432,0.1568057,-0.04285358,1.195025,0.1629677,-0.5931598,-0.2390571,0.004558682,0.7687603,0.04204394,1.079028,0.3224254,-0.03169987,0.07688484,-0.08401283,0.9929883,MathCanvas,-1.264307,1.279444,3.301857,-0.04841654,1.525501,0.1568115,-0.3715239,-0.06583406,0.9260863,-0.01647895,1.525555,0.1676186,-0.3966064,-0.06616336,0.9156014,-0.08027939,1.525309,0.1459928,-0.3464316,-0.06616252,0.9357391,-0.04837917,1.525432,0.1568057,357.1888,341.2651,0.2095375,0,8,False
1,Center_Dir_Far,569,31.27999,-0.04832035,1.525425,0.1568183,-0.04277402,1.195088,0.1632367,-0.5919069,-0.2362781,0.005384684,0.7705777,0.04209945,1.079069,0.3224932,-0.0316709,0.07698321,-0.08444452,0.992945,MathCanvas,-1.30758,1.302302,3.295575,-0.04837917,1.525432,0.1568057,-0.371655,-0.06616293,0.9260103,-0.01641946,1.525553,0.1676292,-0.3965372,-0.0662477,0.9156252,-0.08022125,1.525297,0.1460074,-0.3463612,-0.06623904,0.9357598,-0.04832035,1.525425,0.1568183,357.193,341.2683,0.2180628,0,8,False
1,Center_Dir_Far,570,31.29999,-0.04822275,1.52549,0.1568506,-0.04276035,1.195101,0.1632673,-0.5917596,-0.2362669,0.005238481,0.7706952,0.04212007,1.079102,0.3225286,-0.03188476,0.07699469,-0.08441581,0.9929397,MathCanvas,-1.307642,1.301237,3.294526,-0.04826257,1.525479,0.1568468,-0.3716671,-0.04954593,0.927043,-0.0163216,1.525627,0.1676606,-0.3966663,-0.04945629,0.9166297,-0.08012391,1.525352,0.1460406,-0.3464857,-0.04938141,0.9367546,-0.04822275,1.52549,0.1568506,357.1617,341.269,0.2345881,0,8,False
1,Center_Dir_Far,571,31.31999,-0.04807044,1.525666,0.1569461,-0.04268225,1.195077,0.1632885,-0.5927934,-0.2381525,0.003939845,0.7693269,0.04218368,1.079199,0.3226089,-0.03240604,0.07705032,-0.08426373,0.9929314,MathCanvas,-1.313788,1.356781,3.313528,-0.04822275,1.52549,0.1568506,-0.3716244,-0.04930104,0.9270732,-0.01616415,1.525783,0.1677412,-0.3962031,-0.04797211,0.9169089,-0.07997673,1.525549,0.146151,-0.3460111,-0.04793071,0.9370053,-0.04807044,1.525666,0.1569461,357.086,341.2973,0.1991906,0,8,False
1,Center_Dir_Far,572,31.33999,-0.04791566,1.525786,0.157042,-0.04262766,1.19503,0.1633427,-0.5935405,-0.2388924,0.003064148,0.7685251,0.042283,1.079257,0.3226868,-0.03251818,0.07731045,-0.08430995,0.9929036,MathCanvas,-1.313449,1.357796,3.313624,-0.04796936,1.525744,0.1570119,-0.3121778,-0.04751885,0.9488345,-0.01600425,1.525905,0.167822,-0.3376688,-0.04722413,0.9400796,-0.07982707,1.525667,0.1462621,-0.2862372,-0.04701305,0.9570048,-0.04791566,1.525786,0.157042,357.0399,341.3242,0.2023925,0,8,False
1,Center_Dir_Far,573,31.35999,-0.04786209,1.525828,0.1570721,-0.04262766,1.19503,0.1633427,-0.5935405,-0.2388924,0.003064148,0.7685251,0.042283,1.079257,0.3226868,-0.03251818,0.07731045,-0.08430995,0.9929036,MathCanvas,-1.110916,1.363979,3.387931,-0.04791566,1.525786,0.157042,-0.3120683,-0.0471186,0.9488905,-0.01594934,1.525947,0.1678481,-0.33756,-0.04682451,0.9401386,-0.07977484,1.52571,0.1462962,-0.2861263,-0.04661427,0.9570574,-0.04786209,1.525828,0.1570721,357.017,341.3313,0.2016827,0,8,False
1,Center_Dir_Far,574,31.37999,-0.04770487,1.525612,0.1571201,-0.04294412,1.195062,0.1634253,-0.5922779,-0.240227,0.003020108,0.7690831,0.04272627,1.079366,0.3228886,-0.03245157,0.07824259,-0.08485715,0.9927861,MathCanvas,-1.110742,1.365346,3.388918,-0.04786209,1.525828,0.1570721,-0.3119579,-0.04671936,0.9489466,-0.01578375,1.525736,0.1678711,-0.3367812,-0.04876902,0.9403191,-0.07962599,1.525487,0.1463691,-0.2853345,-0.04854778,0.9571977,-0.04770487,1.525612,0.1571201,357.1284,341.3759,0.2124424,0,8,False
1,Center_Dir_Far,575,31.39999,-0.04755942,1.525569,0.1571822,-0.04301548,1.19505,0.1634739,-0.5918007,-0.240822,0.002894759,0.7692648,0.04278296,1.079379,0.3229126,-0.03259406,0.07834894,-0.08471248,0.9927854,MathCanvas,-1.11038,1.366464,3.389679,-0.04763179,1.525585,0.1571512,-0.317895,-0.08190984,0.9445812,-0.01563315,1.525689,0.167918,-0.3431975,-0.08216511,0.9356625,-0.07948568,1.525449,0.1464464,-0.29188,-0.08197312,0.9529357,-0.04755942,1.525569,0.1571822,357.161,341.4037,0.2047731,0,8,False
1,Center_Dir_Far,576,31.41999,-0.04754348,1.5256,0.1572361,-0.0433023,1.194908,0.1634945,-0.5907711,-0.2426188,0.002627462,0.7694926,0.04296834,1.07936,0.3229692,-0.03270197,0.0786619,-0.08431929,0.9927906,MathCanvas,-1.119183,1.249451,3.341365,-0.04755942,1.525569,0.1571822,-0.3176566,-0.08206912,0.9446476,-0.0156142,1.52572,0.167963,-0.3429362,-0.08208106,0.9357657,-0.07947277,1.525479,0.1465093,-0.2916139,-0.08188877,0.9530244,-0.04754348,1.5256,0.1572361,357.1562,341.4198,0.205093,0,8,False
1,Center_Dir_Far,577,31.43999,-0.04748192,1.525579,0.1573542,-0.04368854,1.194678,0.1634802,-0.5893133,-0.242671,0.002374396,0.7705939,0.04312181,1.079259,0.3230301,-0.03228462,0.07890151,-0.08421526,0.9927941,MathCanvas,-1.11841,1.248933,3.341781,-0.04751913,1.52561,0.1572838,-0.3173938,-0.0838104,0.9445829,-0.01554814,1.525702,0.1680676,-0.3428003,-0.0840403,0.9356416,-0.07941571,1.525457,0.1466408,-0.2914765,-0.08384654,0.9528962,-0.04748192,1.525579,0.1573542,357.1715,341.4437,0.208344,0,8,False
1,Center_Dir_Far,578,31.45999,-0.04746062,1.525593,0.1574517,-0.04386661,1.194582,0.1634138,-0.5888871,-0.2432762,0.002349943,0.7707289,0.04316608,1.079213,0.3230257,-0.03223017,0.07899807,-0.0841319,0.9927952,MathCanvas,-1.116978,1.24317,3.34024,-0.04748192,1.525579,0.1573542,-0.3203115,-0.08395451,0.9435847,-0.0155292,1.52573,0.168172,-0.3459964,-0.08391766,0.9344754,-0.07939204,1.525455,0.1467315,-0.2947325,-0.0837139,0.9519058,-0.04746062,1.525593,0.1574517,357.1635,341.4301,0.2344388,0,8,False
1,Center_Dir_Far,579,31.47999,-0.04749103,1.525649,0.1576061,-0.04422865,1.194402,0.1631432,-0.5877756,-0.2452333,0.002437599,0.7709569,0.04316495,1.079144,0.3229229,-0.03250835,0.07895702,-0.0839735,0.9928029,MathCanvas,-1.12674,1.242711,3.336831,-0.04747342,1.525635,0.1575381,-0.3212807,-0.08253102,0.9433808,-0.01556545,1.525764,0.168344,-0.3472026,-0.0827307,0.9341339,-0.07941661,1.525535,0.1468682,-0.2959596,-0.08256675,0.9516253,-0.04749103,1.525649,0.1576061,357.1597,341.4004,0.1950692,0,8,False
1,Center_Dir_Far,580,31.49999,-0.04752591,1.525625,0.157639,-0.04427419,1.194369,0.163088,-0.5873958,-0.2453561,0.002359107,0.7712075,0.04315856,1.079081,0.3229015,-0.03241316,0.07891257,-0.08396944,0.9928098,MathCanvas,-1.130446,1.247459,3.3375,-0.04749103,1.525649,0.1576061,-0.3216994,-0.08264875,0.9432278,-0.01560591,1.525735,0.1683936,-0.3476878,-0.08308804,0.9339216,-0.07944591,1.525515,0.1468845,-0.2964538,-0.08293088,0.9514398,-0.04752591,1.525625,0.157639,357.1804,341.371,0.1879737,0,8,False
1,Center_Dir_Far,581,31.51999,-0.04757806,1.525553,0.1576427,-0.0443128,1.194345,0.1630442,-0.5868282,-0.2453066,0.002167046,0.7716559,0.04315633,1.078932,0.3228747,-0.03190714,0.0789883,-0.08415249,0.9928047,MathCanvas,-1.13196,1.24702,3.337216,-0.04752591,1.525625,0.157639,-0.3236722,-0.08328303,0.9424968,-0.01566802,1.525657,0.1684268,-0.3500057,-0.08436888,0.9329405,-0.07948809,1.525449,0.1468585,-0.298816,-0.08422565,0.9505867,-0.04757806,1.525553,0.1576427,357.2388,341.3186,0.1767669,0,8,False
1,Center_Dir_Far,582,31.53999,-0.04769259,1.525372,0.1576186,-0.0443917,1.194375,0.1630191,-0.5857798,-0.2449208,0.001956091,0.772575,0.04309914,1.078662,0.3228,-0.03111193,0.07932887,-0.08465489,0.9927601,MathCanvas,-1.138453,1.244864,3.334148,-0.04762895,1.525462,0.1576409,-0.3247257,-0.095604,0.9409639,-0.01580092,1.525437,0.1684573,-0.3510835,-0.0965399,0.931354,-0.07958425,1.525307,0.14678,-0.2999191,-0.09647597,0.9490737,-0.04769259,1.525372,0.1576186,357.3384,341.2241,0.1108752,0,8,False
1,Center_Dir_Far,583,31.55999,-0.04775465,1.525309,0.1576134,-0.04441229,1.194393,0.1629797,-0.5856523,-0.2450698,0.001907408,0.7726244,0.04304504,1.078609,0.3227695,-0.03108352,0.0792543,-0.0846346,0.9927686,MathCanvas,-1.138509,1.204219,3.3185,-0.04769259,1.525372,0.1576186,-0.3255038,-0.0964055,0.9406133,-0.01587296,1.525357,0.1684814,-0.3518517,-0.09701642,0.9310147,-0.07963634,1.525261,0.1467454,-0.3007016,-0.09696921,0.9487758,-0.04775465,1.525309,0.1576134,357.3724,341.1727,0.08171497,0,8,False
1,Center_Dir_Far,584,31.57999,-0.04791093,1.525233,0.1575708,-0.04442152,1.194408,0.1627462,-0.5862026,-0.2453222,0.0017813,0.7721272,0.04278049,1.078441,0.3226769,-0.03093067,0.07868157,-0.08437701,0.9928409,MathCanvas,-1.141015,1.201515,3.316824,-0.04779314,1.525247,0.1576252,-0.3270959,-0.09761512,0.9399359,-0.01605221,1.52527,0.168506,-0.3538254,-0.09753163,0.9302125,-0.07976966,1.525195,0.1466355,-0.3027128,-0.09750184,0.9480814,-0.04791093,1.525233,0.1575708,357.4027,341.0528,0.06347521,0,8,False
1,Center_Dir_Far,585,31.59999,-0.04804062,1.525201,0.1575569,-0.04445428,1.194437,0.1624331,-0.5867916,-0.2451621,0.001687199,0.7717308,0.04252369,1.078297,0.3225798,-0.030543,0.07820407,-0.08442149,0.9928868,MathCanvas,-1.146148,1.197486,3.313442,-0.04791093,1.525233,0.1575708,-0.3285306,-0.0975168,0.9394456,-0.01619289,1.525223,0.1685241,-0.3549333,-0.09773698,0.9297687,-0.07988834,1.525179,0.1465896,-0.3038416,-0.09773257,0.9476965,-0.04804062,1.525201,0.1575569,357.4154,340.9964,0.03747976,0,8,False
1,Center_Dir_Far,586,31.61999,-0.04826406,1.525116,0.1575006,-0.04446416,1.194468,0.1619579,-0.587808,-0.2445689,0.001468271,0.7711457,0.04203952,1.078172,0.3223245,-0.02992052,0.07728906,-0.08460831,0.9929615,MathCanvas,-1.151154,1.197767,3.311951,-0.0481072,1.525156,0.1575436,-0.3303989,-0.09811973,0.9387274,-0.01643646,1.525127,0.1685261,-0.3566428,-0.09849084,0.9290347,-0.08009166,1.525106,0.146475,-0.305584,-0.09850585,0.947056,-0.04826406,1.525116,0.1575006,357.4595,340.8924,0.01720011,0,8,False
1,Center_Dir_Far,587,31.63999,-0.04831787,1.525082,0.1574351,-0.04444415,1.194483,0.1618748,-0.5878126,-0.2444637,0.001308978,0.7711758,0.04180904,1.07815,0.3221909,-0.02994919,0.07675303,-0.08451047,0.9930106,MathCanvas,-1.157427,1.195724,3.308849,-0.04826406,1.525116,0.1575006,-0.3312363,-0.09849834,0.9383925,-0.01649804,1.525098,0.168483,-0.3572701,-0.0988055,0.9287602,-0.08013771,1.525066,0.1463872,-0.306224,-0.09881147,0.9468175,-0.04831787,1.525082,0.1574351,357.4773,340.8517,0.0268725,0,8,False
1,Center_Dir_Far,588,31.65999,-0.04836018,1.525044,0.1573614,-0.04439125,1.194501,0.1618086,-0.5875171,-0.2444289,0.001077242,0.7714124,0.04139587,1.078148,0.3219005,-0.03025744,0.07579925,-0.08428989,0.9930933,MathCanvas,-1.160249,1.194432,3.307537,-0.04831787,1.525082,0.1574351,-0.3376766,-0.09308946,0.9366477,-0.01654603,1.525062,0.1684256,-0.3634822,-0.09332159,0.9269152,-0.08017434,1.525026,0.1462971,-0.3125564,-0.09335274,0.9453009,-0.04836018,1.525044,0.1573614,357.4915,340.8221,0.0303433,0,8,False
1,Center_Dir_Far,589,31.67999,-0.04847377,1.524965,0.1572535,-0.04439125,1.194501,0.1618086,-0.5875171,-0.2444289,0.001077242,0.7714124,0.04139587,1.078148,0.3219005,-0.03025744,0.07579925,-0.08428989,0.9930933,MathCanvas,-1.183359,1.212152,3.305623,-0.04842114,1.525005,0.1573111,-0.3388477,-0.09366912,0.9361668,-0.01667521,1.524981,0.1683625,-0.3647721,-0.09390458,0.9263494,-0.08027233,1.524949,0.1461445,-0.3138722,-0.09393893,0.9448067,-0.04847377,1.524965,0.1572535,357.5252,340.7417,0.0273441,0,8,False
1,Center_Dir_Far,590,31.69999,-0.04840007,1.524901,0.1571425,-0.04436821,1.194468,0.1614577,-0.5870324,-0.2448385,0.0007149056,0.7716519,0.04070809,1.078063,0.3213414,-0.03008336,0.07391154,-0.08434274,0.9932363,MathCanvas,-1.187227,1.210175,3.303396,-0.04847377,1.524965,0.1572535,-0.3394479,-0.09392179,0.9359241,-0.01659922,1.524928,0.1682449,-0.3645434,-0.09416898,0.9264126,-0.08020091,1.524874,0.14604,-0.3136398,-0.09418552,0.9448594,-0.04840007,1.524901,0.1571425,357.5397,340.7527,0.04637382,0,8,False
1,Center_Dir_Far,591,31.71999,-0.04833935,1.524853,0.1570479,-0.04445861,1.194394,0.1611542,-0.586851,-0.2452476,0.0004590303,0.7716601,0.04037149,1.077926,0.3210851,-0.02952042,0.07272065,-0.08440354,0.993336,MathCanvas,-1.18914,1.20927,3.302385,-0.04843939,1.524854,0.157078,-0.3357026,-0.09723668,0.9369358,-0.0165451,1.52488,0.1681692,-0.3611564,-0.09715685,0.9274301,-0.0801336,1.524826,0.1459266,-0.3101862,-0.09715404,0.9456985,-0.04833935,1.524853,0.1570479,357.5524,340.7187,0.04587047,0,8,False
1,Center_Dir_Far,592,31.73999,-0.04833551,1.524856,0.157017,-0.04455147,1.194358,0.1608839,-0.5867066,-0.2456921,0.0001813248,0.7716287,0.04027611,1.077813,0.3208944,-0.02942247,0.07250868,-0.0842891,0.993364,MathCanvas,-1.175682,1.198317,3.303426,-0.04833935,1.524853,0.1570479,-0.335796,-0.09715545,0.9369108,-0.01654456,1.524889,0.1681477,-0.3614116,-0.09725794,0.9273201,-0.08012646,1.524823,0.1458863,-0.3104467,-0.09724559,0.9456036,-0.04833551,1.524856,0.157017,357.5578,340.7013,0.05604497,0,8,False
1,Center_Dir_Far,593,31.75999,-0.04838111,1.524774,0.1569138,-0.04456503,1.194306,0.1606311,-0.5866379,-0.246317,-0.0001470819,0.7714816,0.04029161,1.07774,0.3207982,-0.02943942,0.07265946,-0.08411237,0.9933676,MathCanvas,-1.176023,1.198583,3.3034,-0.04835831,1.524812,0.1569642,-0.3362707,-0.09891754,0.9365561,-0.01659795,1.524782,0.1680668,-0.3620448,-0.09920834,0.9268664,-0.08016425,1.524766,0.1457608,-0.3110923,-0.09923889,0.9451842,-0.04838111,1.524774,0.1569138,357.6047,340.663,0.01330915,0,8,False
1,Center_Dir_Far,594,31.77999,-0.04840928,1.524718,0.1568455,-0.04460449,1.194284,0.1602764,-0.5867143,-0.2474475,-0.0005736873,0.7710615,0.04030333,1.077523,0.320659,-0.02897775,0.07277806,-0.08386927,0.993393,MathCanvas,-1.177152,1.192734,3.300683,-0.04838111,1.524774,0.1569138,-0.3471455,-0.09918907,0.9325511,-0.01663006,1.524708,0.1680097,-0.3727448,-0.09961437,0.9225716,-0.0801885,1.524727,0.1456813,-0.3220125,-0.09973185,0.9414678,-0.04840928,1.524718,0.1568455,357.6331,340.644,359.9831,0,8,False
1,Center_Dir_Far,595,31.79999,-0.0484453,1.524647,0.1567323,-0.044626,1.194302,0.160172,-0.5866683,-0.2476718,-0.0006880612,0.7710243,0.0403093,1.077469,0.320625,-0.02884257,0.07280848,-0.08385141,0.9933962,MathCanvas,-1.2133,1.191876,3.28614,-0.04842434,1.524685,0.1567882,-0.3485915,-0.100091,0.9319151,-0.01667678,1.524626,0.167927,-0.3742143,-0.1003707,0.9218945,-0.08021381,1.524669,0.1455377,-0.3235127,-0.1005109,0.9408703,-0.0484453,1.524647,0.1567323,357.6768,340.59,359.9634,0,8,False
1,Center_Dir_Far,596,31.81999,-0.04844835,1.524614,0.1566781,-0.044626,1.194302,0.160172,-0.5866683,-0.2476718,-0.0006880612,0.7710243,0.04031784,1.077413,0.3205918,-0.02870148,0.0728505,-0.08383265,0.9933988,MathCanvas,-1.217912,1.188859,3.283153,-0.0484453,1.524647,0.1567323,-0.3489924,-0.1004409,0.9317274,-0.01668585,1.52459,0.1678897,-0.3747082,-0.1006606,0.9216622,-0.08021085,1.524639,0.1454664,-0.3240166,-0.1008063,0.9406654,-0.04844835,1.524614,0.1566781,357.6938,340.5594,359.9579,0,8,False
1,Center_Dir_Far,597,31.83999,-0.04841503,1.524575,0.1566106,-0.04467248,1.194379,0.15994,-0.5857807,-0.2475687,-0.0009386391,0.7717318,0.04035426,1.077121,0.3203704,-0.02802286,0.07306416,-0.08371503,0.9934124,MathCanvas,-1.219162,1.18768,3.282207,-0.04844835,1.524614,0.1566781,-0.349492,-0.1007334,0.9315085,-0.01665495,1.524541,0.1678291,-0.3749072,-0.1014217,0.9214979,-0.08017511,1.524609,0.1453921,-0.3242198,-0.1015832,0.9405118,-0.04841503,1.524575,0.1566106,357.7384,340.5477,359.9421,0,8,False
1,Center_Dir_Far,598,31.85999,-0.04839751,1.524437,0.1564733,-0.04476536,1.194366,0.1596489,-0.5849311,-0.2475174,-0.001109771,0.7723921,0.04034641,1.077057,0.3201654,-0.0280107,0.07295217,-0.08362598,0.9934285,MathCanvas,-1.220729,1.186681,3.281203,-0.04842447,1.524514,0.1565412,-0.3499872,-0.1027331,0.9311041,-0.01664015,1.524379,0.1676994,-0.3751354,-0.1032425,0.9212027,-0.08015488,1.524496,0.1452472,-0.3244525,-0.1034454,0.9402285,-0.04839751,1.524437,0.1564733,357.8077,340.5356,359.9004,0,8,False
1,Center_Dir_Far,599,31.87999,-0.04834151,1.524432,0.1564302,-0.04483484,1.194348,0.159291,-0.5847371,-0.2472559,-0.00126043,0.7726225,0.04030065,1.077041,0.319878,-0.02792394,0.07283469,-0.08386329,0.9934195,MathCanvas,-1.221793,1.180006,3.278169,-0.04839751,1.524437,0.1564733,-0.3499233,-0.1033439,0.9310606,-0.01658234,1.524367,0.1676511,-0.3750089,-0.1031345,0.9212663,-0.08010069,1.524498,0.1452093,-0.324323,-0.1033482,0.9402839,-0.04834151,1.524432,0.1564302,357.802,340.5453,359.8888,0,8,False
1,Center_Dir_Far,600,31.89999,-0.04827609,1.524383,0.1563186,-0.04484005,1.194335,0.1591876,-0.5847433,-0.2471762,-0.001293771,0.7726433,0.04026928,1.07705,0.3197295,-0.02787772,0.07275171,-0.08399836,0.9934155,MathCanvas,-1.221356,1.178002,3.277537,-0.04829524,1.524419,0.1563749,-0.346805,-0.1033945,0.9322209,-0.01651977,1.524316,0.1675476,-0.3721781,-0.1035729,0.9223644,-0.08003241,1.524451,0.1450896,-0.3214318,-0.1037719,0.9412296,-0.04827609,1.524383,0.1563186,357.8262,340.5308,359.8852,0,8,False
1,Center_Dir_Far,601,31.91999,-0.04823501,1.524346,0.1562616,-0.04484005,1.194335,0.1591876,-0.5847433,-0.2471762,-0.001293771,0.7726433,0.04026928,1.07705,0.3197295,-0.02787772,0.07275171,-0.08399836,0.9934155,MathCanvas,-1.210948,1.177751,3.281611,-0.04827609,1.524383,0.1563186,-0.3469336,-0.1036724,0.9321422,-0.01647954,1.524269,0.1674929,-0.3722728,-0.1036278,0.92232,-0.07999048,1.524424,0.1450303,-0.3215279,-0.1038431,0.9411889,-0.04823501,1.524346,0.1562616,357.8301,340.5272,359.868,0,8,False
1,Center_Dir_Far,602,31.93999,-0.04797979,1.524344,0.1560993,-0.04480775,1.194298,0.1586522,-0.5841899,-0.2461274,-0.001222991,0.7733965,0.04015981,1.077028,0.3193058,-0.02793086,0.07255368,-0.08406181,0.9934231,MathCanvas,-1.211269,1.176803,3.281104,-0.04802239,1.52437,0.1561627,-0.3457493,-0.1010744,0.9328673,-0.01621887,1.524251,0.1673151,-0.3710089,-0.1012028,0.9230983,-0.07974071,1.524438,0.1448835,-0.3202353,-0.1014358,0.9418918,-0.04797979,1.524344,0.1560993,357.8621,340.5562,359.8412,0,8,False
1,Center_Dir_Far,603,31.95999,-0.04792545,1.524317,0.1560325,-0.04479644,1.194291,0.1585876,-0.5839817,-0.2458076,-0.001167201,0.7736554,0.04015981,1.077028,0.3193058,-0.02793086,0.07255368,-0.08406181,0.9934231,MathCanvas,-1.207933,1.18525,3.285775,-0.04797979,1.524344,0.1560993,-0.3457495,-0.1013193,0.9328406,-0.01616453,1.524223,0.1672482,-0.3710042,-0.1013603,0.9230829,-0.07968637,1.52441,0.1448167,-0.3202307,-0.1015937,0.9418764,-0.04792545,1.524317,0.1560325,357.8712,340.5562,359.8409,0,8,False
1,Center_Dir_Far,604,31.97999,-0.04776847,1.524354,0.1558981,-0.04451062,1.194236,0.1576801,-0.5832965,-0.2398602,0.001027465,0.7760355,0.0399944,1.076787,0.3185332,-0.02727789,0.07187857,-0.08430918,0.9934694,MathCanvas,-1.207792,1.184427,3.285382,-0.04784208,1.524306,0.1559553,-0.3475766,-0.09854443,0.9324589,-0.01600033,1.524249,0.1670933,-0.3726665,-0.09809037,0.9227664,-0.0795366,1.52446,0.1447028,-0.3219259,-0.09835272,0.9416425,-0.04776847,1.524354,0.1558981,357.8775,340.594,359.8203,0,8,False
1,Center_Dir_Far,605,31.99999,-0.04771135,1.524347,0.1558325,-0.04451062,1.194236,0.1576801,-0.5832965,-0.2398602,0.001027465,0.7760355,0.0399944,1.076787,0.3185332,-0.02727789,0.07187857,-0.08430918,0.9934694,MathCanvas,-1.214594,1.193538,3.286192,-0.04776847,1.524354,0.1558981,-0.3474245,-0.09822159,0.9325496,-0.01594187,1.524237,0.1670238,-0.372564,-0.09822004,0.9227941,-0.07948083,1.524458,0.1446411,-0.3218209,-0.09849054,0.9416639,-0.04771135,1.524347,0.1558325,357.8854,340.6012,359.8117,0,8,False
1,Center_Dir_Far,606,32.01999,-0.04765361,1.524344,0.1557673,-0.04444651,1.194241,0.1574908,-0.5836336,-0.2376993,0.001864992,0.7764454,0.0399944,1.076787,0.3185332,-0.02727789,0.07187857,-0.08430918,0.9934694,MathCanvas,-1.214133,1.194584,3.286718,-0.04771135,1.524347,0.1558325,-0.3473207,-0.09835528,0.9325742,-0.01588264,1.524229,0.1669544,-0.3724512,-0.09828593,0.9228326,-0.07942457,1.52446,0.1445803,-0.3217059,-0.0985647,0.9416955,-0.04765361,1.524344,0.1557673,357.8896,340.6093,359.8032,0,8,False
1,Center_Dir_Far,607,32.03999,-0.04755186,1.524403,0.1555994,-0.0440735,1.19426,0.1566977,-0.5852481,-0.2227481,0.00746689,0.7796232,0.04004027,1.076621,0.3180445,-0.02689475,0.07184148,-0.08424051,0.9934884,MathCanvas,-1.213707,1.194138,3.286683,-0.04760989,1.524402,0.1556775,-0.3470448,-0.09477235,0.9330478,-0.01577562,1.524276,0.1667713,-0.3721462,-0.09475617,0.9233247,-0.0793281,1.52453,0.1444274,-0.3213921,-0.09504998,0.9421638,-0.04755186,1.524403,0.1555994,357.9042,340.6371,359.7837,0,8,False
1,Center_Dir_Far,608,32.05999,-0.04748233,1.524401,0.1555173,-0.04400694,1.194281,0.156523,-0.5853266,-0.2212172,0.008148231,0.7799932,0.0400588,1.076601,0.3179834,-0.02684546,0.07186169,-0.08422066,0.9934899,MathCanvas,-1.213839,1.205909,3.291222,-0.04755186,1.524403,0.1555994,-0.3468967,-0.0949031,0.9330895,-0.01570572,1.524273,0.1666881,-0.3721135,-0.09492441,0.9233206,-0.07925895,1.52453,0.1443464,-0.3213588,-0.09522054,0.9421579,-0.04748233,1.524401,0.1555173,357.914,340.6391,359.7814,0,8,False
1,Center_Dir_Far,609,32.07999,-0.04737201,1.52443,0.1553348,-0.04391651,1.194468,0.1566706,-0.585321,-0.2297562,0.005056017,0.7775512,0.04033565,1.076523,0.3173676,-0.02681434,0.07220283,-0.08410206,0.993476,MathCanvas,-1.213233,1.205478,3.291175,-0.04743103,1.524414,0.1554229,-0.3460855,-0.09470015,0.9334113,-0.015593,1.524299,0.1664988,-0.3712512,-0.09440498,0.9237208,-0.07915102,1.524561,0.1441707,-0.3204778,-0.09470078,0.9425104,-0.04737201,1.52443,0.1553348,357.884,340.6517,359.7772,0,8,False
1,Center_Dir_Far,610,32.09999,-0.04731315,1.524434,0.1552485,-0.04392142,1.194471,0.1566665,-0.5852422,-0.2301154,0.00494618,0.777505,0.0403707,1.076519,0.3173098,-0.02682761,0.07224406,-0.08411253,0.9934718,MathCanvas,-1.210535,1.206151,3.292448,-0.04737201,1.52443,0.1553348,-0.3454261,-0.1021701,0.9328676,-0.01553235,1.5243,0.1664074,-0.3705498,-0.1019521,0.9232002,-0.07909394,1.524567,0.1440895,-0.3197661,-0.1022567,0.9419625,-0.04731315,1.524434,0.1552485,357.8802,340.6611,359.7729,0,8,False
1,Center_Dir_Far,611,32.11999,-0.04715658,1.524419,0.1550517,-0.04395341,1.194463,0.1566344,-0.5850608,-0.2308482,0.004730619,0.7774256,0.04050665,1.076516,0.3171394,-0.02679739,0.07236618,-0.08411454,0.9934635,MathCanvas,-1.205997,1.181719,3.284422,-0.04725643,1.52444,0.1551638,-0.3454585,-0.102236,0.9328485,-0.01537135,1.524282,0.1661979,-0.3704722,-0.1023539,0.923187,-0.07894181,1.524556,0.1439054,-0.3196871,-0.1026668,0.9419447,-0.04715658,1.524419,0.1550517,357.8945,340.6841,359.7664,0,8,False
1,Center_Dir_Far,612,32.13999,-0.04706529,1.524371,0.1549134,-0.04394776,1.194464,0.156417,-0.5850192,-0.2316748,0.004478052,0.7772125,0.04069307,1.076523,0.3169293,-0.02669698,0.0725554,-0.08408558,0.9934549,MathCanvas,-1.20596,1.181479,3.284193,-0.04715658,1.524419,0.1550517,-0.3452071,-0.1025103,0.9329114,-0.01527759,1.524232,0.1660526,-0.3702527,-0.102993,0.9232039,-0.07885298,1.52451,0.1437742,-0.3194636,-0.1033094,0.9419503,-0.04706529,1.524371,0.1549134,357.9315,340.6968,359.7633,0,8,False
1,Center_Dir_Far,613,32.15999,-0.04700411,1.52436,0.1548138,-0.04394776,1.194464,0.156417,-0.5850192,-0.2316748,0.004478052,0.7772125,0.04069307,1.076523,0.3169293,-0.02669698,0.0725554,-0.08408558,0.9934549,MathCanvas,-1.204909,1.180546,3.283949,-0.04706529,1.524371,0.1549134,-0.3449853,-0.1031513,0.9329228,-0.01521447,1.524218,0.1659474,-0.3700934,-0.1031392,0.9232515,-0.07879375,1.524501,0.1436802,-0.319301,-0.1034596,0.9419888,-0.04700411,1.52436,0.1548138,357.9401,340.707,359.7592,0,8,False
1,Center_Dir_Far,614,32.17999,-0.04684334,1.524326,0.154561,-0.04377058,1.194713,0.1560238,-0.5829741,-0.2361735,0.002627142,0.7774037,0.04129028,1.076643,0.3163107,-0.02670035,0.07348152,-0.08429664,0.9933688,MathCanvas,-1.2039,1.178446,3.283337,-0.04693778,1.524301,0.1546735,-0.342022,-0.1039378,0.933926,-0.01504476,1.524186,0.1656691,-0.3669975,-0.1035634,0.924439,-0.07864191,1.524466,0.1434529,-0.3161413,-0.1038676,0.9430091,-0.04684334,1.524326,0.154561,357.9632,340.7528,359.7617,0,8,False
1,Center_Dir_Far,615,32.19999,-0.04676834,1.524325,0.154451,-0.04377058,1.194713,0.1560238,-0.5829741,-0.2361735,0.002627142,0.7774037,0.04132179,1.076645,0.3162753,-0.02671707,0.07350574,-0.08426084,0.9933696,MathCanvas,-1.193717,1.1758,3.286217,-0.04684334,1.524326,0.154561,-0.3399676,-0.09871864,0.9352415,-0.01496585,1.524185,0.1655479,-0.3649616,-0.09867112,0.9257792,-0.07857083,1.524466,0.1433541,-0.3140609,-0.09896183,0.9442312,-0.04676834,1.524325,0.154451,357.9688,340.773,359.7608,0,8,False
1,Center_Dir_Far,616,32.21999,-0.04658444,1.524381,0.1542131,-0.04367665,1.194767,0.1558085,-0.5833142,-0.2360912,0.002638184,0.7771734,0.04156553,1.076618,0.3159768,-0.02663472,0.07371235,-0.08396657,0.9933815,MathCanvas,-1.188286,1.192855,3.294736,-0.04665619,1.524364,0.1543289,-0.3392569,-0.09772956,0.9356034,-0.01477015,1.524213,0.1652758,-0.3640706,-0.09755051,0.9262486,-0.07839873,1.524549,0.1431505,-0.3131503,-0.09788442,0.9446458,-0.04658444,1.524381,0.1542131,357.953,340.8364,359.7144,0,8,False
1,Center_Dir_Far,617,32.23999,-0.04651814,1.524385,0.1541012,-0.04367665,1.194767,0.1558085,-0.5833142,-0.2360912,0.002638184,0.7771734,0.04156553,1.076618,0.3159768,-0.02663472,0.07371235,-0.08396657,0.9933815,MathCanvas,-1.18608,1.196127,3.296715,-0.04658444,1.524381,0.1542131,-0.3387353,-0.09771749,0.9357936,-0.01469939,1.524212,0.1651509,-0.3637106,-0.09756013,0.926389,-0.07833688,1.524559,0.1430515,-0.3127829,-0.0979037,0.9447654,-0.04651814,1.524385,0.1541012,357.954,340.86,359.7041,0,8,False
1,Center_Dir_Far,618,32.25999,-0.04639123,1.524352,0.1538507,-0.04360782,1.194915,0.1555191,-0.5836493,-0.2367927,0.002706819,0.7767081,0.04184476,1.076602,0.3156205,-0.02673644,0.07426665,-0.08336113,0.9933885,MathCanvas,-1.184209,1.196187,3.297097,-0.04645293,1.524373,0.1539765,-0.3387112,-0.09510192,0.9360718,-0.01455771,1.524154,0.1648573,-0.363357,-0.09518905,0.9267744,-0.07822475,1.52455,0.142844,-0.3124204,-0.09557429,0.9451239,-0.04639123,1.524352,0.1538507,357.9661,340.9388,359.6629,0,8,False
1,Center_Dir_Far,619,32.27999,-0.04632401,1.524333,0.1537331,-0.04362226,1.194946,0.155478,-0.5836353,-0.2368449,0.002760254,0.7767025,0.04187847,1.076607,0.3155764,-0.02676058,0.07434786,-0.08326626,0.9933897,MathCanvas,-1.184809,1.204712,3.300015,-0.04639123,1.524352,0.1538507,-0.3380134,-0.09538169,0.9362955,-0.01448474,1.524129,0.164723,-0.3628848,-0.09525032,0.9269531,-0.07816329,1.524538,0.1427432,-0.3119386,-0.09564595,0.9452757,-0.04632401,1.524333,0.1537331,357.9701,340.9693,359.6519,0,8,False
1,Center_Dir_Far,620,32.29999,-0.04625869,1.524326,0.153616,-0.04362226,1.194946,0.155478,-0.5836353,-0.2368449,0.002760254,0.7767025,0.04187847,1.076607,0.3155764,-0.02676058,0.07434786,-0.08326626,0.9933897,MathCanvas,-1.182275,1.203787,3.300313,-0.04632401,1.524333,0.1537331,-0.3375365,-0.09544812,0.9364607,-0.01441363,1.524114,0.1645889,-0.3624117,-0.09531153,0.9271319,-0.07810374,1.524538,0.142643,-0.3114558,-0.09571964,0.9454274,-0.04625869,1.524326,0.153616,357.9742,341.0002,359.6387,0,8,False
1,Center_Dir_Far,621,32.31999,-0.04619537,1.524199,0.1533227,-0.04350379,1.195056,0.1550376,-0.5832202,-0.2357961,0.003836535,0.7773286,0.04209383,1.076735,0.3151517,-0.0266909,0.07445233,-0.08279034,0.9934235,MathCanvas,-1.180597,1.20356,3.300722,-0.04620399,1.524201,0.1534494,-0.3383227,-0.0967723,0.9360411,-0.01432282,1.524008,0.1642159,-0.3629352,-0.09655306,0.9267986,-0.07806791,1.52439,0.1424294,-0.3119931,-0.0969446,0.9451253,-0.04619537,1.524199,0.1533227,358.046,341.1419,359.6747,0,8,False
1,Center_Dir_Far,622,32.33999,-0.04616393,1.524183,0.153213,-0.04350379,1.195056,0.1550376,-0.5832202,-0.2357961,0.003836535,0.7773286,0.04211075,1.076755,0.3151052,-0.02671901,0.07443625,-0.08275986,0.9934265,MathCanvas,-1.182779,1.199096,3.297922,-0.04619537,1.524199,0.1533227,-0.3375886,-0.09674882,0.9363085,-0.01428192,1.523992,0.1640785,-0.3621237,-0.09673454,0.927097,-0.07804594,1.524373,0.1423475,-0.3111657,-0.09712563,0.9453796,-0.04616393,1.524183,0.153213,358.0564,341.1917,359.6753,0,8,False
1,Center_Dir_Far,623,32.35999,-0.04614242,1.5243,0.1530865,-0.04328901,1.19521,0.1542678,-0.5833223,-0.2270133,0.008027711,0.7798306,0.04223069,1.076923,0.3147841,-0.02689266,0.07425043,-0.08269642,0.993441,MathCanvas,-1.180244,1.199169,3.298606,-0.04615775,1.524273,0.15318,-0.3373888,-0.1010112,0.9359303,-0.0142534,1.524165,0.1639322,-0.3620664,-0.1010597,0.9266579,-0.07803144,1.524435,0.1422407,-0.3111126,-0.1013699,0.9449514,-0.04614242,1.5243,0.1530865,358.0442,341.2242,359.7699,0,8,False
1,Center_Dir_Far,624,32.37999,-0.04611686,1.52432,0.1529943,-0.04328901,1.19521,0.1542678,-0.5833223,-0.2270133,0.008027711,0.7798306,0.04223069,1.076923,0.3147841,-0.02689266,0.07425043,-0.08269642,0.993441,MathCanvas,-1.178321,1.185336,3.293797,-0.04614242,1.5243,0.1530865,-0.336714,-0.1012148,0.9361513,-0.0142216,1.524192,0.1638218,-0.3615079,-0.1012369,0.9268566,-0.07801212,1.524447,0.1421668,-0.3105435,-0.1015345,0.9451209,-0.04611686,1.52432,0.1529943,358.0538,341.2565,359.7833,0,8,False
1,Center_Dir_Far,625,32.39999,-0.04621184,1.524239,0.1527039,-0.04317393,1.195423,0.1541052,-0.5812671,-0.2194964,0.01068815,0.7834767,0.04237547,1.077064,0.3143998,-0.02716976,0.07420968,-0.08183883,0.9935075,MathCanvas,-1.175965,1.184692,3.294263,-0.0462059,1.524251,0.1528333,-0.3360099,-0.1025852,0.9362551,-0.01430945,1.524094,0.1635101,-0.3608895,-0.103085,0.9268939,-0.07811423,1.524385,0.1418976,-0.3099131,-0.1034138,0.945124,-0.04621184,1.524239,0.1527039,358.1618,341.2952,359.7522,0,8,False
1,Center_Dir_Far,626,32.41999,-0.04620921,1.524228,0.1525913,-0.04315947,1.195438,0.1540759,-0.5811833,-0.2189743,0.01090115,0.783682,0.04237547,1.077064,0.3143998,-0.02716976,0.07420968,-0.08183883,0.9935075,MathCanvas,-1.173355,1.180118,3.293365,-0.04621184,1.524239,0.1527039,-0.337077,-0.1032393,0.9357995,-0.01430171,1.524086,0.1633825,-0.3619614,-0.1035214,0.9264271,-0.07811671,1.524369,0.1418001,-0.3110078,-0.1038532,0.9447162,-0.04620921,1.524228,0.1525913,358.1875,341.322,359.7593,0,8,False
1,Center_Dir_Far,627,32.43999,-0.04634602,1.524378,0.1522651,-0.04299884,1.195769,0.1540512,-0.5807009,-0.215208,0.01375014,0.785037,0.04259976,1.077214,0.3140068,-0.02673876,0.07453568,-0.08187171,0.9934921,MathCanvas,-1.176629,1.178005,3.290884,-0.04620657,1.524216,0.1524779,-0.3361374,-0.1041385,0.9360378,-0.01443391,1.524245,0.1630428,-0.3615507,-0.1033495,0.9266067,-0.07825813,1.524512,0.1414875,-0.3105893,-0.1036683,0.9448742,-0.04634602,1.524378,0.1522651,358.1769,341.3459,359.7728,0,8,False
1,Center_Dir_Far,628,32.45999,-0.04637164,1.524404,0.1521427,-0.0429412,1.195839,0.1539907,-0.5806175,-0.2140675,0.0144925,0.7853969,0.04261127,1.07723,0.3139709,-0.02679935,0.07454503,-0.08182678,0.9934935,MathCanvas,-1.173433,1.175196,3.29085,-0.04634602,1.524378,0.1522651,-0.331872,-0.1080891,0.9371114,-0.0144546,1.524277,0.1629058,-0.3568293,-0.1079894,0.9279068,-0.07828867,1.524531,0.1413796,-0.3057756,-0.1082746,0.945927,-0.04637164,1.524404,0.1521427,358.1792,341.3716,359.7837,0,8,False
1,Center_Dir_Far,629,32.47999,-0.04639562,1.524451,0.1520413,-0.04272171,1.19594,0.1538546,-0.5807837,-0.2116659,0.01572254,0.7859012,0.04268299,1.077343,0.3137357,-0.02709961,0.07457441,-0.08149008,0.9935108,MathCanvas,-1.158141,1.162306,3.291461,-0.04637164,1.524404,0.1521427,-0.3262734,-0.1092495,0.938941,-0.01447914,1.524351,0.1628064,-0.3517118,-0.1088104,0.929763,-0.0783121,1.524551,0.1412762,-0.3005591,-0.1090221,0.9475117,-0.04639562,1.524451,0.1520413,358.1596,341.3668,359.8304,0,8,False
1,Center_Dir_Far,630,32.49999,-0.04645999,1.524517,0.1518246,-0.04245514,1.19608,0.1535482,-0.5798302,-0.2046454,0.01838116,0.788403,0.04275677,1.077408,0.3135983,-0.02712831,0.07472116,-0.08146957,0.9935006,MathCanvas,-1.139286,1.158507,3.297132,-0.04643195,1.524487,0.1519378,-0.3260223,-0.1085228,0.9391125,-0.01453776,1.524428,0.1625727,-0.3511997,-0.1083141,0.9300144,-0.07838222,1.524606,0.1410765,-0.3000376,-0.1085078,0.947736,-0.04645999,1.524517,0.1518246,358.1303,341.3967,359.8491,0,8,False
1,Center_Dir_Far,631,32.51999,-0.04645281,1.524631,0.1517089,-0.04241747,1.196093,0.1533248,-0.5779781,-0.1978618,0.02118573,0.7914184,0.04298226,1.077477,0.3133229,-0.0271908,0.07527014,-0.08157764,0.9934486,MathCanvas,-1.138698,1.160944,3.298034,-0.04645999,1.524517,0.1518246,-0.3257392,-0.1084109,0.9392236,-0.01452503,1.524551,0.1624406,-0.3507059,-0.1079466,0.9302435,-0.07838059,1.524711,0.1409773,-0.2995346,-0.1081259,0.9479387,-0.04645281,1.524631,0.1517089,358.1085,341.4258,359.8642,0,8,False
1,Center_Dir_Far,632,32.53999,-0.0464818,1.524751,0.1514989,-0.04226641,1.19612,0.1529307,-0.5778729,-0.1939689,0.02331955,0.7923984,0.04314166,1.077511,0.3131456,-0.02732635,0.0756311,-0.08150662,0.9934233,MathCanvas,-1.137663,1.16146,3.298062,-0.04645544,1.524702,0.151604,-0.244449,-0.1876987,0.9513222,-0.01454664,1.524695,0.1622088,-0.2701377,-0.1877738,0.944334,-0.07841695,1.524807,0.140789,-0.217857,-0.1871386,0.9578714,-0.0464818,1.524751,0.1514989,358.0757,341.4637,359.9048,0,8,False
1,Center_Dir_Far,633,32.55999,-0.04648387,1.524779,0.1513991,-0.04211682,1.19592,0.1527434,-0.5822254,-0.2015073,0.0203787,0.7873964,0.04339148,1.077543,0.3128739,-0.0275315,0.07617488,-0.081246,0.9933975,MathCanvas,-0.8571398,0.9022918,3.306336,-0.0464818,1.524751,0.1514989,-0.2440912,-0.1874562,0.9514619,-0.01454243,1.524728,0.1620903,-0.2695504,-0.1879642,0.9444639,-0.07842531,1.524831,0.140708,-0.2172619,-0.1873216,0.9579707,-0.04648387,1.524779,0.1513991,358.0871,341.497,359.9118,0,8,False
1,Center_Dir_Far,634,32.57999,-0.04650633,1.524736,0.1511651,-0.04196373,1.195895,0.1528043,-0.5836442,-0.2043645,0.01901476,0.7856418,0.04369019,1.077501,0.3126103,-0.02739906,0.07681765,-0.08113727,0.9933605,MathCanvas,-0.8557014,0.9033196,3.305711,-0.04648918,1.524719,0.151274,-0.2380645,-0.1883573,0.95281,-0.01455188,1.52466,0.1618171,-0.2636789,-0.1887729,0.9459589,-0.07846078,1.524813,0.1405131,-0.2113285,-0.1881164,0.9591416,-0.04650633,1.524736,0.1511651,358.1316,341.5684,359.8696,0,8,False
1,Center_Dir_Far,635,32.59999,-0.04652255,1.524724,0.1510501,-0.04196373,1.195895,0.1528043,-0.5836442,-0.2043645,0.01901476,0.7856418,0.04369019,1.077501,0.3126103,-0.02739906,0.07681765,-0.08113727,0.9933605,MathCanvas,-0.8360485,0.9000484,3.311165,-0.04650633,1.524736,0.1511651,-0.2375952,-0.1884446,0.9529098,-0.0145611,1.524643,0.1616811,-0.2630688,-0.1889882,0.9460858,-0.07848401,1.524806,0.1404191,-0.2107096,-0.1883386,0.9592341,-0.04652255,1.524724,0.1510501,358.1438,341.6064,359.8615,0,8,False
1,Center_Dir_Far,636,32.61999,-0.0461304,1.521502,0.1509717,-0.04191471,1.195997,0.1525451,-0.5836101,-0.2040384,0.02008571,0.7857252,0.04436103,1.077251,0.3120125,-0.026674,0.07801723,-0.08066549,0.9933252,MathCanvas,-0.8342084,0.8999846,3.310178,-0.04652255,1.524724,0.1510501,-0.2369807,-0.1886635,0.9530196,-0.01411778,1.521121,0.161441,-0.2589467,-0.2076791,0.9433005,-0.07814302,1.521882,0.1405024,-0.2065225,-0.207432,0.956201,-0.0461304,1.521502,0.1509717,359.2128,341.8992,359.3529,1,9,False
1,Center_Dir_Far,637,32.63999,-0.04604015,1.517511,0.1509111,-0.04193693,1.196174,0.1522031,-0.5835242,-0.2023654,0.02144578,0.7861857,0.04473173,1.077134,0.3116893,-0.02648589,0.07918706,-0.07984634,0.9933038,MathCanvas,-0.8314154,0.8963258,3.309001,-0.04602206,1.520045,0.150916,-0.230364,-0.2233607,0.9471233,-0.01399876,1.51689,0.1612804,-0.2548663,-0.2465935,0.9350052,-0.07808155,1.518132,0.1405418,-0.2024065,-0.2465645,0.947754,-0.04604015,1.517511,0.1509111,1.160447,342.0459,358.9438,1,9,False
1,Center_Dir_Far,638,32.65999,-0.04598639,1.515477,0.1508685,-0.04194303,1.19623,0.1521292,-0.5835577,-0.202352,0.0216109,0.7861597,0.04473173,1.077134,0.3116893,-0.02648589,0.07918706,-0.07984634,0.9933038,MathCanvas,-0.8054621,0.7811762,3.273215,-0.04604015,1.517511,0.1509111,-0.2287248,-0.246579,0.941745,-0.01392789,1.514762,0.1611787,-0.2531183,-0.2585019,0.9322596,-0.07804489,1.516193,0.1405584,-0.2006384,-0.2585759,0.9449248,-0.04598639,1.515477,0.1508685,1.858772,342.1325,358.7817,1,9,False
1,Center_Dir_Far,639,32.67999,-0.0460695,1.510131,0.1509197,-0.04197212,1.196485,0.151894,-0.5840364,-0.2033827,0.02177264,0.7855336,0.04493053,1.077177,0.3115221,-0.02620426,0.08003616,-0.07985157,0.9932429,MathCanvas,-0.7976485,0.7051403,3.245741,-0.04591937,1.513455,0.1508312,-0.2253822,-0.2698253,0.9361609,-0.0139702,1.509078,0.1610727,-0.2486403,-0.3014057,0.9205067,-0.07816879,1.511184,0.1407666,-0.1961135,-0.3018423,0.9329687,-0.0460695,1.510131,0.1509197,4.395852,342.31,358.2034,1,9,False
1,Center_Dir_Far,640,32.69999,-0.04566269,1.506965,0.1516098,-0.04176225,1.197621,0.1509791,-0.585811,-0.2049997,0.02288759,0.7837582,0.04491669,1.077916,0.3111742,-0.02740851,0.08016136,-0.07925829,0.9932477,MathCanvas,-0.7976485,0.7051403,3.245741,-0.0460695,1.510131,0.1509197,-0.2224647,-0.3016241,0.9271097,-0.01348947,1.50573,0.1615051,-0.2407204,-0.3353905,0.9108056,-0.07783592,1.5082,0.1417145,-0.1881079,-0.3359779,0.9228945,-0.04566269,1.506965,0.1516098,6.438012,342.6668,357.8854,0,9,False
1,Center_Dir_Far,641,32.71999,-0.04496921,1.5008,0.1516348,-0.0414145,1.198706,0.1497808,-0.5883604,-0.2055621,0.02344116,0.7816821,0.04457983,1.080263,0.3102947,-0.03232354,0.07886887,-0.07927447,0.9932021,MathCanvas,-0.7976485,0.7051403,3.245741,-0.04528766,1.503806,0.1515828,-0.153024,-0.5879403,0.7942984,-0.01268607,1.499495,0.1611561,-0.1724597,-0.6076763,0.7752336,-0.07725236,1.502104,0.1421135,-0.1197388,-0.6063472,0.7861334,-0.04496921,1.5008,0.1516348,9.284099,343.2046,357.7512,0,9,False
1,Center_Dir_Far,642,32.73999,-0.04483347,1.498053,0.1516974,-0.04100786,1.199518,0.1478641,-0.5937813,-0.2061073,0.02307707,0.7774388,0.04421806,1.0826,0.3095208,-0.03697431,0.07658938,-0.08061905,0.9931101,MathCanvas,-0.7976485,0.7051403,3.245741,-0.04496921,1.5008,0.1516348,-0.1462002,-0.607012,0.7811286,-0.01250092,1.496778,0.1610537,-0.1646333,-0.626062,0.7621956,-0.07716602,1.499328,0.1423412,-0.1118772,-0.6245819,0.7729043,-0.04483347,1.498053,0.1516974,10.62951,343.4536,357.7933,0,9,False
1,Center_Dir_Far,643,32.75999,-0.04473313,1.495167,0.1518259,-0.04083093,1.199774,0.1469814,-0.5964267,-0.2059487,0.0228712,0.7754594,0.04409351,1.083816,0.309086,-0.0395124,0.07561492,-0.08123845,0.9930365,MathCanvas,-0.7976485,0.7051403,3.245741,-0.04483347,1.498053,0.1516974,-0.1383577,-0.6253223,0.7680033,-0.0123568,1.493858,0.1610247,-0.1583438,-0.6432742,0.7490832,-0.07710947,1.496477,0.1426272,-0.1055529,-0.6417528,0.759613,-0.04473313,1.495167,0.1518259,11.9042,343.6692,357.7231,0,9,False
1,Center_Dir_Far,644,32.77999,-0.04438984,1.489196,0.1521119,-0.04054116,1.20037,0.145575,-0.6002544,-0.2058425,0.02289247,0.7725281,0.04392178,1.08551,0.3084575,-0.04313851,0.0744274,-0.08195512,0.9929164,MathCanvas,-0.7976485,0.7051403,3.245741,-0.04456552,1.492182,0.1519786,-0.09105331,-0.7979994,0.59574,-0.01192888,1.487821,0.1609974,-0.1107641,-0.8125799,0.5722284,-0.07685079,1.490572,0.1432263,-0.05810514,-0.8102111,0.583251,-0.04438984,1.489196,0.1521119,14.48592,344.0864,357.5825,0,9,False
1,Center_Dir_Far,645,32.79999,-0.04390038,1.485542,0.151445,-0.04038426,1.200223,0.14465,-0.602308,-0.2037458,0.02304634,0.7714801,0.04411148,1.087394,0.3076289,-0.04845902,0.07506642,-0.08301105,0.9925351,MathCanvas,-0.7976485,0.7051403,3.245741,-0.04438984,1.489196,0.1521119,-0.08748903,-0.8514443,0.517096,-0.01139669,1.484177,0.1601746,-0.10655,-0.8633278,0.493267,-0.07640406,1.486907,0.1427154,-0.05392151,-0.8614624,0.5049505,-0.04390038,1.485542,0.151445,15.71346,344.3129,357.5874,0,9,False
1,Center_Dir_Far,646,32.81999,-0.04235914,1.481222,0.1478221,-0.0402226,1.198924,0.1445705,-0.5979225,-0.2023337,0.02202548,0.7752836,0.04483521,1.088543,0.3065151,-0.0510591,0.07881916,-0.08479307,0.991963,MathCanvas,-0.7976485,0.7051403,3.245741,-0.04363534,1.482377,0.1513409,-0.07392753,-0.8734478,0.4812729,-0.009777695,1.479911,0.1562654,-0.1013864,-0.8619391,0.4967715,-0.07494058,1.482533,0.1393788,-0.04865734,-0.8599939,0.5079792,-0.04235914,1.481222,0.1478221,15.56167,344.8502,357.6843,0,9,False
1,Center_Dir_Far,647,32.83999,-0.04282421,1.483375,0.1498671,-0.04014641,1.198428,0.1444671,-0.596882,-0.2024721,0.02130052,0.776069,0.04504837,1.088828,0.3060111,-0.05227095,0.07905603,-0.08572625,0.9918008,MathCanvas,-0.7976485,0.7051403,3.245741,-0.04235914,1.481222,0.1478221,-0.06498961,-0.8857248,0.4596387,-0.01019511,1.482168,0.1581401,-0.08550658,-0.8879626,0.4518973,-0.07545332,1.484582,0.1415941,-0.03277577,-0.8857293,0.4630436,-0.04282421,1.483375,0.1498671,15.72436,345.1941,357.8663,0,9,False
1,Center_Dir_Far,648,32.85999,-0.04215226,1.49002,0.1508504,-0.04017219,1.197896,0.1442955,-0.5959593,-0.2025824,0.02154376,0.7767424,0.04547572,1.088868,0.3050117,-0.0558871,0.07899117,-0.08574718,0.991607,MathCanvas,-0.7976485,0.7051403,3.245741,-0.04256098,1.481897,0.1496879,-0.0553123,-0.8895357,0.453505,-0.00948685,1.489052,0.1590109,-0.07773986,-0.8878905,0.4534393,-0.07481767,1.490988,0.14269,-0.02498738,-0.8852742,0.4643977,-0.04215226,1.49002,0.1508504,15.74683,345.509,358.2887,0,9,False
1,Center_Dir_Far,649,32.87999,-0.04230134,1.48966,0.150514,-0.04053856,1.196531,0.1438062,-0.5920762,-0.2030329,0.02411071,0.779514,0.04618227,1.086576,0.3049127,-0.05388805,0.08153799,-0.08232865,0.9918012,MathCanvas,-0.7976485,0.7051403,3.245741,-0.04215226,1.49002,0.1508504,-0.05159495,-0.8865859,0.4596775,-0.009628531,1.488635,0.1586378,-0.08404379,-0.8752443,0.4763237,-0.07497415,1.490685,0.1423902,-0.03124973,-0.8727782,0.4871157,-0.04230134,1.48966,0.150514,14.19976,345.5958,358.2018,0,9,False
1,Center_Dir_Far,650,32.89999,-0.04197631,1.490883,0.1504255,-0.04083428,1.196006,0.1439782,-0.5891657,-0.2038247,0.0253237,0.7814717,0.04642107,1.085861,0.3050419,-0.05186668,0.08265618,-0.08209267,0.991836,MathCanvas,-0.7976485,0.7051403,3.245741,-0.04210015,1.490032,0.1504816,-0.04090676,-0.8923116,0.4495628,-0.009266593,1.489851,0.1583984,-0.06663284,-0.891219,0.448652,-0.07468604,1.491915,0.1424526,-0.01384231,-0.8882681,0.4591168,-0.04197631,1.490883,0.1504255,13.44607,345.8815,358.1946,0,9,False
1,Center_Dir_Far,651,32.91999,-0.04169698,1.49097,0.1495199,-0.04148182,1.195647,0.144791,-0.5831547,-0.2066995,0.02715155,0.7851552,0.04790793,1.083122,0.3049743,-0.04354349,0.08799318,-0.08240355,0.9917514,MathCanvas,-0.7976485,0.7051403,3.245741,-0.04197631,1.490883,0.1504255,-0.04047524,-0.8897483,0.4546536,-0.008980446,1.489938,0.1574647,-0.06746016,-0.8884406,0.4540072,-0.07441351,1.492003,0.141575,-0.01465438,-0.8855046,0.4643994,-0.04169698,1.49097,0.1495199,13.09564,345.9417,358.1964,0,9,False
1,Center_Dir_Far,652,32.93999,-0.04159094,1.491566,0.1492854,-0.04187462,1.196346,0.1451747,-0.5812617,-0.2076002,0.02871026,0.7862651,0.04855212,1.081412,0.3055561,-0.03577659,0.09029847,-0.0831309,0.9917941,MathCanvas,-0.7976485,0.7051403,3.245741,-0.04169698,1.49097,0.1495199,-0.05948266,-0.8870661,0.4577941,-0.008865129,1.490534,0.1571921,-0.08586974,-0.8863655,0.4549534,-0.07431675,1.492598,0.1413788,-0.03301247,-0.8843097,0.4657323,-0.04159094,1.491566,0.1492854,12.88067,346.0159,358.1993,0,9,False
1,Center_Dir_Far,653,32.95999,-0.04154827,1.492655,0.1489499,-0.04207414,1.197267,0.1445642,-0.5846666,-0.2044867,0.03059754,0.7844833,0.04930125,1.079882,0.3063426,-0.02948442,0.09292959,-0.08325631,0.9917475,MathCanvas,-0.7976485,0.7051403,3.245741,-0.04146887,1.492224,0.1490023,-0.05993766,-0.8828704,0.4657761,-0.008806743,1.491657,0.1567956,-0.08615217,-0.8814989,0.4642601,-0.07428979,1.493653,0.1411042,-0.0332685,-0.8794094,0.4749025,-0.04154827,1.492655,0.1489499,12.28688,346.1546,358.2621,0,9,False
1,Center_Dir_Far,654,32.97999,-0.04163432,1.493035,0.1487318,-0.04211124,1.19768,0.1438689,-0.5887737,-0.1995558,0.03124671,0.7826537,0.04948497,1.079798,0.3065577,-0.02944026,0.09381325,-0.08279245,0.9917045,MathCanvas,-0.7976485,0.7051403,3.245741,-0.04154827,1.492655,0.1489499,-0.05991618,-0.8804563,0.4703263,-0.008886918,1.492039,0.1565533,-0.08653215,-0.8795474,0.4678768,-0.07438172,1.494031,0.1409104,-0.03363746,-0.8774621,0.4784649,-0.04163432,1.493035,0.1487318,12.05092,346.2053,358.2679,0,9,False
1,Center_Dir_Far,655,32.99999,-0.04175168,1.493582,0.1481786,-0.0422288,1.198162,0.1431809,-0.5938308,-0.1911046,0.03170906,0.7809217,0.04885955,1.081223,0.3064469,-0.03589794,0.09206092,-0.0807974,0.9918205,MathCanvas,-0.7976485,0.7051403,3.245741,-0.04163563,1.493449,0.1484848,-0.04438361,-0.8822848,0.468619,-0.009000219,1.492607,0.1559857,-0.07104981,-0.8827461,0.4644474,-0.07450313,1.494556,0.1403715,-0.0181808,-0.8799688,0.4746834,-0.04175168,1.493582,0.1481786,11.67097,346.2497,358.3065,0,9,False
1,Center_Dir_Far,656,33.01999,-0.04192282,1.493745,0.1481776,-0.04197437,1.198072,0.1434216,-0.5953696,-0.180943,0.03035154,0.7822234,0.04814906,1.082415,0.3063009,-0.04019651,0.08976152,-0.08051311,0.9918895,MathCanvas,-0.7976485,0.7051403,3.245741,-0.04175168,1.493582,0.1481786,-0.04483418,-0.8813611,0.470311,-0.009183582,1.492825,0.1560424,-0.0705753,-0.8823986,0.4651794,-0.07466204,1.494665,0.1403127,-0.01772824,-0.8795348,0.4755042,-0.04192282,1.493745,0.1481776,11.6369,346.1697,358.4025,0,9,False
1,Center_Dir_Far,657,33.03999,-0.04224312,1.4942,0.1477411,-0.04200095,1.198091,0.1432916,-0.5964875,-0.1665561,0.03163964,0.7845131,0.04805699,1.08254,0.3062938,-0.0405041,0.08955971,-0.08068559,0.9918813,MathCanvas,-0.7976485,0.7051403,3.245741,-0.04210697,1.493979,0.1479706,-0.04405026,-0.8804039,0.4721742,-0.009504501,1.49333,0.1556142,-0.07024691,-0.8804007,0.4689988,-0.07498175,1.495069,0.1398679,-0.01740244,-0.8774681,0.4793193,-0.04224312,1.4942,0.1477411,11.33043,346.1817,358.4921,0,9,False
1,Center_Dir_Far,658,33.05999,-0.04254442,1.494684,0.1476531,-0.04197351,1.197827,0.143613,-0.5930752,-0.1479098,0.03237125,0.7907823,0.04748056,1.083081,0.3062139,-0.04121581,0.08869234,-0.08184318,0.991835,MathCanvas,-0.7976485,0.7051403,3.245741,-0.04224312,1.4942,0.1477411,-0.04404568,-0.8789387,0.4748967,-0.009825252,1.49385,0.1556104,-0.07100043,-0.8793137,0.470921,-0.07526358,1.495519,0.1396958,-0.01818352,-0.8763306,0.4813668,-0.04254442,1.494684,0.1476531,11.20437,346.0498,358.553,0,9,False
1,Center_Dir_Far,659,33.07999,-0.04287229,1.495438,0.1476085,-0.042483,1.197587,0.1441786,-0.5868467,-0.1256303,0.03564062,0.7990981,0.04630718,1.083748,0.3058499,-0.04228258,0.08705961,-0.08285661,0.9918506,MathCanvas,-0.7976485,0.7051403,3.245741,-0.04254442,1.494684,0.1476531,-0.04433171,-0.8790258,0.4747088,-0.01017415,1.494658,0.1556572,-0.07164266,-0.8776038,0.474003,-0.07557043,1.496219,0.1395599,-0.01885635,-0.8745434,0.4845805,-0.04287229,1.495438,0.1476085,10.86172,345.9167,358.6481,0,9,False
1,Center_Dir_Far,660,33.09999,-0.04351014,1.496428,0.1473588,-0.04336039,1.197439,0.1443292,-0.5831383,-0.09913841,0.04026497,0.8052951,0.04548288,1.08401,0.3054586,-0.04303629,0.0855292,-0.08327974,0.9919159,MathCanvas,-0.7976485,0.7051403,3.245741,-0.04322117,1.495944,0.1474783,-0.03709125,-0.8824147,0.4690081,-0.01083591,1.495713,0.15551,-0.06387803,-0.8821642,0.4665897,-0.07618438,1.497143,0.1392077,-0.01115675,-0.8787101,0.4772255,-0.04351014,1.496428,0.1473588,10.35737,345.7701,358.7637,0,9,False
1,Center_Dir_Far,661,33.11999,-0.04382143,1.496665,0.1470107,-0.04502684,1.197428,0.1445398,-0.5788537,-0.07661708,0.04657596,0.8104869,0.04436265,1.084015,0.3048585,-0.04322845,0.0833059,-0.08401082,0.9920351,MathCanvas,-0.7976485,0.7051403,3.245741,-0.04351014,1.496428,0.1473588,-0.03775752,-0.8804429,0.4726465,-0.01117636,1.496019,0.1552836,-0.06476795,-0.8799729,0.4705876,-0.07646651,1.49731,0.1387378,-0.01208881,-0.876419,0.4813976,-0.04382143,1.496665,0.1470107,10.10381,345.5838,358.8846,0,9,False
1,Center_Dir_Far,662,33.13999,-0.04453796,1.497499,0.1466477,-0.04622061,1.197406,0.144741,-0.5740782,-0.05110221,0.05215234,0.8155384,0.04418698,1.083971,0.3047538,-0.04312605,0.08297643,-0.08413991,0.9920563,MathCanvas,-0.7976485,0.7051403,3.245741,-0.04418713,1.497072,0.1468243,-0.03365872,-0.8728537,0.4868199,-0.01192986,1.496937,0.1550712,-0.06052094,-0.8727717,0.4843622,-0.07714606,1.49806,0.1382242,-0.00790967,-0.8687733,0.4951468,-0.04453796,1.497499,0.1466477,9.642844,345.3534,359.0309,0,9,False
1,Center_Dir_Far,663,33.15999,-0.04489003,1.497926,0.1464707,-0.04672061,1.197374,0.1448332,-0.571667,-0.0383933,0.05449427,0.8177733,0.04418698,1.083971,0.3047538,-0.04312605,0.08297643,-0.08413991,0.9920563,MathCanvas,-0.7976485,0.7051403,3.245741,-0.04453796,1.497499,0.1466477,-0.03445734,-0.8707796,0.4904647,-0.012299,1.497407,0.1549627,-0.06131636,-0.8707107,0.4879583,-0.07748107,1.498444,0.1379787,-0.008727908,-0.8666545,0.4988324,-0.04489003,1.497926,0.1464707,9.409583,345.2494,359.1062,0,9,False
1,Center_Dir_Far,664,33.17999,-0.04579747,1.498851,0.1463924,-0.04731447,1.19716,0.1437225,-0.5829188,-0.07471275,0.05873721,0.8069533,0.04322069,1.083133,0.3040723,-0.04162496,0.081374,-0.08362384,0.9922967,MathCanvas,-0.7976485,0.7051403,3.245741,-0.04539393,1.498468,0.1464307,-0.03776307,-0.8670604,0.4967698,-0.01325719,1.498353,0.1550781,-0.06523281,-0.8672116,0.4936484,-0.07833775,1.499348,0.1377067,-0.01270372,-0.8631424,0.5048009,-0.04579747,1.498851,0.1463924,9.005672,344.9208,359.1425,0,9,False
1,Center_Dir_Far,665,33.19999,-0.04626123,1.49905,0.146392,-0.04652732,1.196672,0.1427133,-0.5919473,-0.09118187,0.05629292,0.7988213,0.04304345,1.08276,0.3039496,-0.04059005,0.08094168,-0.08336101,0.992397,MathCanvas,-0.7976485,0.7051403,3.245741,-0.04579747,1.498851,0.1463924,-0.09787744,-0.7328374,0.6733271,-0.01373199,1.498539,0.1551181,-0.1256642,-0.7326633,0.6688895,-0.07879047,1.499561,0.1376658,-0.07288875,-0.7299226,0.6796325,-0.04626123,1.49905,0.146392,8.872237,344.8479,359.1201,0,9,False
1,Center_Dir_Far,666,33.21999,-0.04698701,1.499616,0.1467093,-0.0469444,1.197165,0.1421619,-0.5912794,-0.09329597,0.05892587,0.7988819,0.04331379,1.082478,0.3039858,-0.03967774,0.08162703,-0.0829768,0.9924099,MathCanvas,-0.7976485,0.7051403,3.245741,-0.04660696,1.499323,0.1466481,-0.1007537,-0.6626619,0.7421105,-0.01448793,1.499201,0.1555522,-0.1280124,-0.6621946,0.7383163,-0.07948609,1.500032,0.1378665,-0.07518943,-0.6590944,0.7482921,-0.04698701,1.499616,0.1467093,8.679905,344.6707,359.2854,0,9,False
1,Center_Dir_Far,667,33.23999,-0.04736793,1.499895,0.1467439,-0.04644667,1.197281,0.1426296,-0.5888065,-0.09713695,0.05594334,0.8004635,0.04354174,1.082483,0.3040413,-0.03993306,0.08219492,-0.08268247,0.9923774,MathCanvas,-0.7976485,0.7051403,3.245741,-0.04698701,1.499616,0.1467093,-0.1017148,-0.660646,0.7437748,-0.01488045,1.499518,0.1556309,-0.1285914,-0.660787,0.739476,-0.07985542,1.500273,0.1378569,-0.07578374,-0.6576339,0.7495161,-0.04736793,1.499895,0.1467439,8.578079,344.604,359.3507,0,9,False
1,Center_Dir_Far,668,33.25999,-0.04775923,1.50013,0.1467883,-0.04644667,1.197281,0.1426296,-0.5888065,-0.09713695,0.05594334,0.8004635,0.04360855,1.082478,0.3040581,-0.0399929,0.0823756,-0.08261365,0.9923658,MathCanvas,-0.7976485,0.7051403,3.245741,-0.04736793,1.499895,0.1467439,-0.1023019,-0.6592118,0.7449659,-0.01528427,1.499783,0.1557222,-0.1294702,-0.6590087,0.7409081,-0.0802342,1.500477,0.1378544,-0.07667758,-0.6558176,0.7510152,-0.04775923,1.50013,0.1467883,8.446842,344.5306,359.4027,0,9,False
1,Center_Dir_Far,669,33.27999,-0.04854711,1.500758,0.1467644,-0.04634924,1.197211,0.142482,-0.5894077,-0.1022519,0.05558594,0.7994081,0.04418823,1.082443,0.3042473,-0.04020476,0.08419308,-0.08231556,0.9922295,MathCanvas,-0.7976485,0.7051403,3.245741,-0.04816199,1.500413,0.1467732,-0.0349145,-0.6068589,0.7940423,-0.01609111,1.500441,0.1557681,-0.0619766,-0.6077237,0.7917265,-0.08100311,1.501075,0.1377607,-0.009446248,-0.6022084,0.798283,-0.04854711,1.500758,0.1467644,8.220802,344.4175,359.4554,0,9,False
1,Center_Dir_Far,670,33.29999,-0.0488207,1.501487,0.1468589,-0.04663266,1.196963,0.1420529,-0.5909042,-0.1133498,0.05461033,0.7968699,0.04506264,1.082401,0.3045925,-0.03966973,0.08744242,-0.08260763,0.9919456,MathCanvas,-0.7976485,0.7051403,3.245741,-0.04854711,1.500758,0.1467644,-0.03580043,-0.6049697,0.7954433,-0.01637688,1.501243,0.1559086,-0.06253445,-0.6039611,0.7945568,-0.08126451,1.501732,0.1378091,-0.0100181,-0.5983677,0.801159,-0.0488207,1.501487,0.1468589,7.968817,344.356,359.5797,0,9,False
1,Center_Dir_Far,671,33.31999,-0.04966743,1.502583,0.1470555,-0.04706999,1.196447,0.1422965,-0.5883395,-0.1196883,0.0516583,0.7980368,0.04576536,1.082229,0.3048944,-0.03943583,0.09029847,-0.08267838,0.9916931,MathCanvas,-0.7976485,0.7051403,3.245741,-0.04924162,1.502044,0.1470032,-0.0327696,-0.6185194,0.7850859,-0.01724867,1.502428,0.1561965,-0.06018117,-0.61775,0.7840684,-0.08208619,1.502738,0.1379144,-0.007728085,-0.6118737,0.7909178,-0.04966743,1.502583,0.1470555,7.434214,344.2189,359.7346,0,9,False
1,Center_Dir_Far,672,33.33999,-0.05007256,1.503113,0.1471467,-0.04719128,1.196324,0.1422611,-0.5881704,-0.1222473,0.0512297,0.7978012,0.04576536,1.082229,0.3048944,-0.03943583,0.09029847,-0.08267838,0.9916931,MathCanvas,-0.7976485,0.7051403,3.245741,-0.04966743,1.502583,0.1470555,-0.03405045,-0.614816,0.7879352,-0.01766659,1.502999,0.1563335,-0.06116696,-0.6147667,0.7863336,-0.08247853,1.503227,0.1379598,-0.008724555,-0.6088547,0.7932338,-0.05007256,1.503113,0.1471467,7.22684,344.1478,359.8047,0,9,False
1,Center_Dir_Far,673,33.35999,-0.05102523,1.505748,0.1476019,-0.04811054,1.195986,0.1425597,-0.5849377,-0.1261483,0.05149826,0.7995514,0.0456282,1.081769,0.3047886,-0.0388068,0.09009278,-0.08134831,0.9918467,MathCanvas,-0.7976485,0.7051403,3.245741,-0.05054361,1.50416,0.1473054,0.01138259,-0.6156281,-0.7879549,-0.01867786,1.505871,0.156993,-0.03932014,-0.6101274,0.791327,-0.08337259,1.505625,0.1382109,0.01282826,-0.6031404,0.7975318,-0.05102523,1.505748,0.1476019,6.25436,343.8339,0.2099988,0,9,False
1,Center_Dir_Far,674,33.37999,-0.05148429,1.50682,0.1477901,-0.04834196,1.195842,0.1425747,-0.5843328,-0.1285295,0.05123534,0.7996314,0.0456282,1.081769,0.3047886,-0.0388068,0.09009278,-0.08134831,0.9918467,MathCanvas,-0.7976485,0.7051403,3.245741,-0.05102523,1.505748,0.1476019,0.01334102,-0.60664,-0.7948649,-0.01915797,1.507022,0.157252,-0.04072233,-0.6051168,0.7950945,-0.0838106,1.506618,0.1383282,0.01140811,-0.5980592,0.8013707,-0.05148429,1.50682,0.1477901,5.914708,343.7208,0.3450973,0,9,False
1,Center_Dir_Far,675,33.39999,-0.05216641,1.508266,0.1479056,-0.04877456,1.195772,0.1424241,-0.5855953,-0.129194,0.05119436,0.7986027,0.04547393,1.081461,0.3047313,-0.03780911,0.08967922,-0.0812887,0.9919276,MathCanvas,-0.7976485,0.7051403,3.245741,-0.05148429,1.50682,0.1477901,0.01475205,-0.6015939,-0.7986659,-0.01988623,1.508592,0.1575203,-0.04458895,-0.5947295,0.8026884,-0.08444659,1.507941,0.1382909,0.007510662,-0.5875894,0.8091244,-0.05216641,1.508266,0.1479056,5.200032,343.4642,0.5562515,0,9,False
1,Center_Dir_Far,676,33.41999,-0.05358699,1.510335,0.1479958,-0.04890028,1.19583,0.1424549,-0.585769,-0.1271936,0.05139922,0.7987832,0.04521705,1.081149,0.3046657,-0.03703094,0.08890136,-0.08084723,0.992063,MathCanvas,-0.7976485,0.7051403,3.245741,-0.05296206,1.509187,0.1479051,-0.07297602,-0.4654019,0.8820859,-0.02136186,1.510721,0.1577912,-0.1018246,-0.4608231,0.8816314,-0.08581211,1.509949,0.1382004,-0.04928467,-0.4557352,0.88875,-0.05358699,1.510335,0.1479958,4.221939,343.1409,0.658916,0,9,False
1,Center_Dir_Far,677,33.43999,-0.05421829,1.511494,0.1480861,-0.04890028,1.19583,0.1424549,-0.585769,-0.1271936,0.05139922,0.7987832,0.04521705,1.081149,0.3046657,-0.03703094,0.08890136,-0.08084723,0.992063,MathCanvas,-0.7976485,0.7051403,3.245741,-0.05358699,1.510335,0.1479958,-0.07562733,-0.4582808,0.8855841,-0.02202091,1.511948,0.1579695,-0.1044927,-0.4536423,0.8850367,-0.08641567,1.511039,0.1382028,-0.05197124,-0.448515,0.8922631,-0.05421829,1.511494,0.1480861,3.772694,342.9865,0.7745846,0,9,False
1,Center_Dir_Far,678,33.45999,-0.05512683,1.510063,0.1469657,-0.04881695,1.196077,0.1427484,-0.5850908,-0.1230866,0.05140288,0.7999226,0.04420545,1.080524,0.3045804,-0.03615618,0.08698988,-0.07903454,0.9924108,MathCanvas,-0.7976485,0.7051403,3.245741,-0.05463621,1.509921,0.1472835,-0.3182536,-0.1205351,0.9403116,-0.02298911,1.510402,0.1570459,-0.3463112,-0.1183997,0.9306182,-0.08726455,1.509724,0.1368855,-0.2951017,-0.1180211,0.9481487,-0.05512683,1.510063,0.1469657,3.901912,342.625,0.5785362,0,9,False
1,Center_Dir_Far,679,33.47999,-0.05563566,1.510187,0.1466793,-0.04881695,1.196077,0.1427484,-0.5850908,-0.1230866,0.05140288,0.7999226,0.04420545,1.080524,0.3045804,-0.03615618,0.08698988,-0.07903454,0.9924108,MathCanvas,-1.124273,1.105136,3.305863,-0.05512683,1.510063,0.1469657,-0.3208259,-0.1182105,0.9397324,-0.02352568,1.510541,0.1568471,-0.3489286,-0.1155535,0.9299979,-0.08774564,1.509833,0.1365116,-0.2977673,-0.1151474,0.9476686,-0.05563566,1.510187,0.1466793,3.736168,342.4688,0.6032383,0,9,False
1,Center_Dir_Far,680,33.49999,-0.05650837,1.510345,0.1463454,-0.04896525,1.196216,0.1426503,-0.5865486,-0.1261912,0.0510283,0.7983938,0.04350723,1.080405,0.3047368,-0.03534675,0.08615568,-0.07865211,0.992543,MathCanvas,-1.135015,1.112483,3.308292,-0.05606965,1.510228,0.1465525,-0.324544,-0.1230499,0.9378325,-0.02443743,1.510709,0.1566353,-0.3521044,-0.1226197,0.9278938,-0.08857931,1.509981,0.1360556,-0.3010104,-0.1222081,0.9457578,-0.05650837,1.510345,0.1463454,4.143622,342.2562,0.6201082,0,9,False
1,Center_Dir_Far,681,33.51999,-0.056856,1.510681,0.1464891,-0.04910795,1.196287,0.1424371,-0.5871567,-0.1274264,0.05089387,0.797759,0.04296526,1.080538,0.3047518,-0.03552431,0.08490455,-0.07841856,0.992663,MathCanvas,-1.148055,1.096488,3.30058,-0.05650837,1.510345,0.1463454,-0.3266794,-0.122414,0.9371741,-0.02481473,1.511151,0.1568667,-0.3543167,-0.1221446,0.9271141,-0.08889727,1.51021,0.1361115,-0.3032735,-0.1215603,0.9451181,-0.056856,1.510681,0.1464891,4.106522,342.1113,0.8024911,0,9,False
1,Center_Dir_Far,682,33.53999,-0.05758763,1.510439,0.146048,-0.04911919,1.196273,0.1422403,-0.5874727,-0.1295692,0.0497861,0.7972509,0.04207503,1.080907,0.3045954,-0.03657475,0.08259923,-0.07775102,0.9928718,MathCanvas,-1.156664,1.098558,3.301604,-0.05724017,1.510437,0.1461994,-0.3282558,-0.1438717,0.9335679,-0.02557014,1.51096,0.1564963,-0.3546783,-0.1443772,0.9237741,-0.08960512,1.509919,0.1355996,-0.3036688,-0.1437415,0.9418725,-0.05758763,1.510439,0.146048,4.123364,341.9907,0.8877942,0,9,False
1,Center_Dir_Far,683,33.55999,-0.05787778,1.510351,0.1458769,-0.0491194,1.196247,0.1421748,-0.5875611,-0.1303076,0.04949441,0.7970836,0.04187642,1.081006,0.3045277,-0.0367741,0.08213644,-0.07762131,0.992913,MathCanvas,-1.158152,1.028072,3.27608,-0.05758763,1.510439,0.146048,-0.329298,-0.1440593,0.9331719,-0.02587128,1.51089,0.1563578,-0.3555304,-0.1446569,0.9234027,-0.08988429,1.509811,0.1353959,-0.3045396,-0.1439912,0.9415531,-0.05787778,1.510351,0.1458769,4.137901,341.9346,0.920096,0,9,False
1,Center_Dir_Far,684,33.57999,-0.05805716,1.510447,0.1457433,-0.04915286,1.196192,0.1420393,-0.587662,-0.1311382,0.04925348,0.7968878,0.04160968,1.08113,0.3043958,-0.03695035,0.08151625,-0.07763437,0.9929566,MathCanvas,-1.162729,1.027007,3.276829,-0.05787778,1.510351,0.1458769,-0.3301603,-0.1443241,0.9328262,-0.02605695,1.511017,0.1562419,-0.3558515,-0.1457894,0.9231009,-0.09005737,1.509877,0.1352447,-0.3048714,-0.1450761,0.9412791,-0.05805716,1.510447,0.1457433,4.200854,341.9077,0.9722663,0,9,False
1,Center_Dir_Far,685,33.59999,-0.05850332,1.51057,0.1454399,-0.04922966,1.196142,0.1418717,-0.5876366,-0.1317436,0.04916422,0.7968122,0.04144041,1.081181,0.304297,-0.03702316,0.08111732,-0.07763029,0.9929868,MathCanvas,-1.166205,1.026038,3.276675,-0.05828722,1.51053,0.1455864,-0.3136392,-0.1604357,0.9358904,-0.02652076,1.5112,0.1559887,-0.3400008,-0.1609917,0.9265425,-0.09048589,1.509939,0.1348911,-0.2887344,-0.1600532,0.943936,-0.05850332,1.51057,0.1454399,4.190874,341.8245,1.075216,0,9,False
1,Center_Dir_Far,686,33.61999,-0.05883888,1.510687,0.1453248,-0.04934752,1.196114,0.1416913,-0.5876188,-0.1328588,0.04887219,0.7966582,0.04119887,1.081222,0.3041106,-0.03715837,0.08028816,-0.0774722,0.9930615,MathCanvas,-1.105657,0.9749199,3.270114,-0.05850332,1.51057,0.1454399,-0.3144879,-0.1605225,0.9355907,-0.02685972,1.511356,0.1558815,-0.3402312,-0.1585813,0.9268736,-0.09081804,1.510018,0.1347681,-0.2889704,-0.1575793,0.9442801,-0.05883888,1.510687,0.1453248,4.048621,341.8119,1.1412,0,9,False
1,Center_Dir_Far,687,33.63999,-0.0590826,1.510951,0.1450789,-0.04945892,1.196093,0.1415618,-0.5875613,-0.1340327,0.04847881,0.796528,0.04113023,1.08113,0.3039988,-0.0370971,0.07999253,-0.07740322,0.993093,MathCanvas,-1.109321,0.9744952,3.270472,-0.0589317,1.510858,0.1452053,-0.3150615,-0.1568791,0.9360156,-0.0271143,1.511649,0.1556666,-0.3411383,-0.1566408,0.9268701,-0.09105091,1.510252,0.1344913,-0.2898954,-0.1555907,0.9443263,-0.0590826,1.510951,0.1450789,3.934258,341.7573,1.191171,0,9,False
1,Center_Dir_Far,688,33.65999,-0.05923428,1.511035,0.1449416,-0.04948802,1.196085,0.1415256,-0.5875671,-0.1344112,0.04835225,0.7964676,0.04113657,1.081101,0.3039927,-0.0370451,0.08002002,-0.07741211,0.9930921,MathCanvas,-1.11255,0.9863957,3.274823,-0.0590826,1.510951,0.1450789,-0.3049456,-0.1583972,0.9391052,-0.02727197,1.511753,0.1555461,-0.3310032,-0.158276,0.9302611,-0.09119658,1.510318,0.1343371,-0.2795817,-0.1571013,0.9471817,-0.05923428,1.511035,0.1449416,3.893278,341.7282,1.223428,0,9,False
1,Center_Dir_Far,689,33.67999,-0.05888398,1.510981,0.1444827,-0.04968518,1.196134,0.1409743,-0.5881746,-0.1403823,0.04729695,0.7950513,0.04124992,1.080658,0.3039519,-0.03583595,0.0808033,-0.07740147,0.9930738,MathCanvas,-1.077457,0.9821424,3.280641,-0.05908216,1.511037,0.1447314,-0.3053085,-0.1581684,0.9390258,-0.02691041,1.511634,0.1550574,-0.3303941,-0.1585219,0.9304357,-0.09085756,1.510329,0.133908,-0.2789545,-0.1574518,0.9473084,-0.05888398,1.510981,0.1444827,3.910103,341.7752,1.112447,0,9,False
1,Center_Dir_Far,690,33.69999,-0.05892269,1.51102,0.1443127,-0.04968518,1.196134,0.1409743,-0.5881746,-0.1403823,0.04729695,0.7950513,0.04124992,1.080658,0.3039519,-0.03583595,0.0808033,-0.07740147,0.9930738,MathCanvas,-1.078661,0.9826747,3.280971,-0.05888398,1.510981,0.1444827,-0.2134847,-0.138005,0.9671499,-0.02695072,1.511672,0.1548921,-0.2398404,-0.1384707,0.9608864,-0.09089467,1.510367,0.1337332,-0.1873069,-0.1366888,0.9727447,-0.05892269,1.51102,0.1443127,3.885416,341.7661,1.112878,0,9,False
1,Center_Dir_Far,691,33.71999,-0.05890058,1.511059,0.1441162,-0.04969428,1.196137,0.1409239,-0.5879616,-0.1405477,0.04722954,0.7951836,0.04126944,1.080614,0.303954,-0.03567255,0.08090653,-0.07740304,0.9930712,MathCanvas,-0.7693921,1.051744,3.362953,-0.05892269,1.51102,0.1443127,-0.213656,-0.1375798,0.9671726,-0.02692698,1.511702,0.1546914,-0.2398013,-0.1376059,0.9610204,-0.09087418,1.510416,0.1335411,-0.1872655,-0.1358439,0.9728711,-0.05890058,1.511059,0.1441162,3.834053,341.7719,1.096583,0,9,False
1,Center_Dir_Far,692,33.73999,-0.05840433,1.511259,0.1436463,-0.04976087,1.196041,0.140554,-0.587721,-0.1411034,0.04734883,0.7952558,0.04144013,1.080545,0.3039385,-0.03543594,0.08151159,-0.07751223,0.9930217,MathCanvas,-0.7700145,1.053151,3.363168,-0.05850502,1.511201,0.143839,-0.2128562,-0.1345512,0.9677749,-0.02641612,1.511873,0.1541789,-0.2388025,-0.1348255,0.9616628,-0.09039254,1.510645,0.1331137,-0.1862485,-0.1331246,0.973442,-0.05840433,1.511259,0.1436463,3.669177,341.8421,1.047099,0,9,False
1,Center_Dir_Far,693,33.75999,-0.05814977,1.511212,0.1434132,-0.04983104,1.196007,0.1403893,-0.587659,-0.1410295,0.04737253,0.7953134,0.04149492,1.080665,0.3038279,-0.03592599,0.08152521,-0.07744504,0.9930082,MathCanvas,-0.7674068,1.063082,3.367207,-0.05840433,1.511259,0.1436463,-0.2126071,-0.1339751,0.9679096,-0.02615269,1.511809,0.1539198,-0.2380679,-0.1350877,0.9618083,-0.09014684,1.510614,0.1329066,-0.1855036,-0.133412,0.9735448,-0.05814977,1.511212,0.1434132,3.682299,341.8872,1.018808,0,9,False
1,Center_Dir_Far,694,33.77999,-0.05769237,1.511242,0.143,-0.04980781,1.195895,0.1400786,-0.587559,-0.1413652,0.04675479,0.7953643,0.04138619,1.080977,0.3035524,-0.0370583,0.08104262,-0.07746162,0.9930048,MathCanvas,-0.7663565,1.064933,3.367576,-0.05791499,1.511205,0.1432056,-0.2113718,-0.1341359,0.9681578,-0.02568102,1.511809,0.1534647,-0.2369627,-0.134476,0.9621668,-0.08970372,1.510675,0.1325352,-0.1843814,-0.1328533,0.9738345,-0.05769237,1.511242,0.143,3.642951,341.9584,0.9659082,0,9,False
1,Center_Dir_Far,695,33.79999,-0.05752324,1.511273,0.1427988,-0.04979259,1.19587,0.1400009,-0.5876551,-0.1416219,0.04658987,0.7952573,0.04135472,1.081017,0.3035,-0.0371989,0.0809193,-0.07747322,0.9930087,MathCanvas,-0.7617869,1.064426,3.368002,-0.05769237,1.511242,0.143,-0.1754069,-0.1267581,0.9763016,-0.02550596,1.511824,0.1532463,-0.2012585,-0.1273158,0.971229,-0.08954051,1.510721,0.1323514,-0.1485154,-0.1255084,0.9809132,-0.05752324,1.511273,0.1427988,3.619196,341.9875,0.9399313,0,9,False
1,Center_Dir_Far,696,33.81999,-0.05705642,1.511425,0.1423967,-0.04969066,1.19577,0.1395565,-0.5883482,-0.1429676,0.04593698,0.7945417,0.04118073,1.081127,0.3032077,-0.03753397,0.08042964,-0.07768407,0.9930193,MathCanvas,-0.6423112,1.088675,3.397684,-0.05735392,1.511304,0.1425975,-0.1743786,-0.1260416,0.9765785,-0.02502666,1.511955,0.1528069,-0.2002707,-0.1261818,0.971581,-0.08908617,1.510895,0.1319865,-0.1475148,-0.1244172,0.9812033,-0.05705642,1.511425,0.1423967,3.549257,342.0509,0.9032229,0,9,False
1,Center_Dir_Far,697,33.83999,-0.05673586,1.511539,0.1421902,-0.04965828,1.195738,0.1393806,-0.588504,-0.1429507,0.04589837,0.7944316,0.04105303,1.081153,0.3029728,-0.03765196,0.08009844,-0.07797951,0.9930185,MathCanvas,-0.6385527,1.091117,3.39897,-0.05705642,1.511425,0.1423967,-0.1739592,-0.1252996,0.9767488,-0.02470323,1.512065,0.1525918,-0.2000823,-0.1251342,0.9717554,-0.08876849,1.511014,0.1317886,-0.1473232,-0.1233843,0.9813623,-0.05673586,1.511539,0.1421902,3.487534,342.0649,0.8955207,0,9,False
1,Center_Dir_Far,698,33.85999,-0.05630124,1.511686,0.1418044,-0.04959784,1.195699,0.1391639,-0.5884795,-0.1424664,0.04591719,0.7945356,0.04089707,1.081083,0.3026519,-0.03775871,0.07962336,-0.07809746,0.9930434,MathCanvas,-0.6368932,1.093663,3.399666,-0.05654412,1.511611,0.1420081,-0.1732414,-0.1233415,0.9771255,-0.0242558,1.51218,0.152168,-0.1991286,-0.123499,0.9721604,-0.08834668,1.511191,0.1314408,-0.1463559,-0.121811,0.9817036,-0.05630124,1.511686,0.1418044,3.386662,342.1284,0.842192,0,9,False
1,Center_Dir_Far,699,33.87999,-0.05604192,1.51164,0.1415556,-0.04940075,1.19564,0.1389215,-0.5885125,-0.1423952,0.04562495,0.7945408,0.04084573,1.080856,0.3023101,-0.03742144,0.07936005,-0.0782898,0.9930621,MathCanvas,-0.6343588,1.10013,3.402196,-0.05630124,1.511686,0.1418044,-0.177692,-0.1291576,0.9755736,-0.02399324,1.512119,0.1519099,-0.2037603,-0.1303778,0.9703006,-0.0880906,1.511162,0.1312013,-0.1509992,-0.1287019,0.9801199,-0.05604192,1.51164,0.1415556,3.40542,342.1438,0.8154703,0,9,False
1,Center_Dir_Far,700,33.89999,-0.0558312,1.51162,0.1413586,-0.04933921,1.195633,0.1388453,-0.5885044,-0.1423977,0.04553523,0.7945514,0.04085767,1.080779,0.3022168,-0.03721136,0.07939282,-0.07844913,0.9930548,MathCanvas,-0.6481189,1.081282,3.392206,-0.05604192,1.51164,0.1415556,-0.1774478,-0.12954,0.9755674,-0.02377645,1.512074,0.1516951,-0.2033147,-0.1303286,0.9704008,-0.08788596,1.511165,0.131022,-0.150547,-0.1286914,0.9801909,-0.0558312,1.51162,0.1413586,3.398257,342.1732,0.7744841,0,9,False
1,Center_Dir_Far,701,33.91999,-0.0551858,1.512007,0.1411136,-0.04907839,1.195661,0.1384187,-0.5888399,-0.1436256,0.04460773,0.7941344,0.04099558,1.080528,0.3018911,-0.0366264,0.07973926,-0.07881374,0.9930199,MathCanvas,-0.6470312,1.080034,3.391642,-0.05552378,1.511762,0.1411673,-0.1795109,-0.1263333,0.9756104,-0.02311547,1.512432,0.151403,-0.2052591,-0.1249385,0.9707003,-0.08725613,1.511583,0.1308241,-0.152482,-0.1234075,0.9805712,-0.0551858,1.512007,0.1411136,3.237189,342.2525,0.7229314,0,9,False
1,Center_Dir_Far,702,33.93999,-0.05489894,1.512187,0.1409944,-0.04907839,1.195661,0.1384187,-0.5888399,-0.1436256,0.04460773,0.7941344,0.04099558,1.080528,0.3018911,-0.0366264,0.07973926,-0.07881374,0.9930199,MathCanvas,-0.6537298,1.090774,3.394095,-0.0551858,1.512007,0.1411136,-0.1789385,-0.124173,0.9759929,-0.02282222,1.512596,0.1512645,-0.2047692,-0.1240467,0.9709182,-0.08697566,1.511777,0.1307244,-0.1519852,-0.1225448,0.9807565,-0.05489894,1.512187,0.1409944,3.182939,342.2852,0.698429,0,9,False
1,Center_Dir_Far,703,33.95999,-0.05439313,1.512924,0.140837,-0.04854857,1.19609,0.1380507,-0.5898352,-0.1513752,0.04145968,0.7921245,0.04124936,1.080503,0.3015471,-0.03683028,0.08012999,-0.07899035,0.9929669,MathCanvas,-0.6517707,1.097992,3.396541,-0.05466708,1.512598,0.1409271,-0.1785146,-0.1214499,0.9764131,-0.02229112,1.513324,0.1510282,-0.2037202,-0.1193148,0.9717314,-0.08649513,1.512524,0.1306459,-0.1509131,-0.117868,0.981495,-0.05439313,1.512924,0.140837,2.80655,342.4207,0.6812569,0,9,False
1,Center_Dir_Far,704,33.97999,-0.05411832,1.513231,0.1407495,-0.04854857,1.19609,0.1380507,-0.5898352,-0.1513752,0.04145968,0.7921245,0.04124936,1.080503,0.3015471,-0.03683028,0.08012999,-0.07899035,0.9929669,MathCanvas,-0.650282,1.10752,3.400142,-0.05439313,1.512924,0.140837,-0.1773843,-0.1185915,0.9769703,-0.02200703,1.513619,0.1509118,-0.2029791,-0.1174093,0.9721186,-0.08622961,1.512843,0.1305871,-0.1501622,-0.1159944,0.9818333,-0.05411832,1.513231,0.1407495,2.693997,342.4699,0.6608835,0,9,False
1,Center_Dir_Far,705,33.99999,-0.05339153,1.514261,0.1407969,-0.0480378,1.196281,0.1375697,-0.5879712,-0.1618339,0.03563225,0.791726,0.0419068,1.080677,0.3010134,-0.03744188,0.08151962,-0.07962707,0.99278,MathCanvas,-0.6465951,1.117126,3.403903,-0.05384471,1.513537,0.1406631,-0.1819415,-0.1149485,0.9765675,-0.02124981,1.514656,0.1508624,-0.2065579,-0.1066225,0.9726076,-0.08553325,1.513866,0.1307315,-0.1537274,-0.1053047,0.9824861,-0.05339153,1.514261,0.1407969,2.063855,342.6358,0.6719535,0,9,False
1,Center_Dir_Far,706,34.01999,-0.0530732,1.514591,0.1407032,-0.04755142,1.196043,0.1374489,-0.5898025,-0.157154,0.03353432,0.7913982,0.04217685,1.080697,0.3008299,-0.03752053,0.08185837,-0.07993373,0.9927245,MathCanvas,-0.6616675,1.12996,3.405706,-0.05339153,1.514261,0.1407969,-0.1802106,-0.1059637,0.9779038,-0.02091429,1.514953,0.1507148,-0.2051843,-0.1028754,0.9733016,-0.08523211,1.514228,0.1306916,-0.1523351,-0.1016336,0.9830893,-0.0530732,1.514591,0.1407032,1.841846,342.7276,0.6168414,0,9,False
1,Center_Dir_Far,707,34.03999,-0.05272901,1.514984,0.1406307,-0.0475123,1.196044,0.1374258,-0.5898339,-0.1573408,0.03326199,0.7913492,0.04217685,1.080697,0.3008299,-0.03752053,0.08185837,-0.07993373,0.9927245,MathCanvas,-0.6568464,1.159572,3.417048,-0.0530732,1.514591,0.1407032,-0.1851335,-0.1158761,0.9758577,-0.02055684,1.515333,0.1506001,-0.2104017,-0.1129778,0.971065,-0.08490118,1.514634,0.1306613,-0.157567,-0.1117347,0.9811667,-0.05272901,1.514984,0.1406307,1.634855,342.8,0.5941502,0,9,False
1,Center_Dir_Far,708,34.05999,-0.05205186,1.51561,0.1405314,-0.04775213,1.196038,0.1373058,-0.59162,-0.1593244,0.03271091,0.7896401,0.04267398,1.080532,0.3004817,-0.03712928,0.08284033,-0.08038716,0.9926212,MathCanvas,-0.6715403,1.127666,3.402449,-0.05238113,1.515405,0.1405613,-0.1825869,-0.1094487,0.9770788,-0.01983809,1.515911,0.1503671,-0.2066909,-0.1089215,0.9723246,-0.08426562,1.515309,0.1306957,-0.1538119,-0.1077797,0.9822044,-0.05205186,1.51561,0.1405314,1.393022,343.0337,0.5125158,0,9,False
1,Center_Dir_Far,709,34.07999,-0.05170516,1.515951,0.1404748,-0.04775213,1.196038,0.1373058,-0.59162,-0.1593244,0.03271091,0.7896401,0.04267398,1.080532,0.3004817,-0.03712928,0.08284033,-0.08038716,0.9926212,MathCanvas,-0.6633194,1.149196,3.411613,-0.05205186,1.51561,0.1405314,-0.1803192,-0.1083506,0.9776222,-0.01947532,1.516235,0.1502582,-0.2052841,-0.1060151,0.9729435,-0.08393499,1.515667,0.1306913,-0.152388,-0.1049188,0.9827359,-0.05170516,1.515951,0.1404748,1.22231,343.1245,0.4827477,0,9,False
1,Center_Dir_Far,710,34.09999,-0.05120602,1.516429,0.1404395,-0.04766486,1.195986,0.1376836,-0.5870938,-0.1665247,0.02787491,0.7917155,0.04325305,1.08002,0.2999282,-0.03613913,0.08433358,-0.08047616,0.9925247,MathCanvas,-0.6554863,1.15315,3.413946,-0.05145893,1.516141,0.1403732,-0.1777814,-0.1036174,0.9785996,-0.01895891,1.516754,0.1501645,-0.2035346,-0.1025699,0.9736801,-0.08345313,1.516105,0.1307144,-0.1506214,-0.101429,0.9833745,-0.05120602,1.516429,0.1404395,1.029121,343.2277,0.5522406,0,9,False
1,Center_Dir_Far,711,34.11999,-0.05094672,1.516569,0.1404015,-0.04743603,1.195989,0.1377419,-0.5866799,-0.1674048,0.02586198,0.791905,0.04336827,1.079849,0.2997894,-0.03558553,0.08460506,-0.08057306,0.9925138,MathCanvas,-0.6472123,1.169055,3.421163,-0.05120602,1.516429,0.1404395,-0.1888247,-0.1056723,0.9763086,-0.01869086,1.516871,0.1500983,-0.2144647,-0.1045986,0.9711149,-0.08320258,1.516267,0.1307047,-0.1615928,-0.1035486,0.9814099,-0.05094672,1.516569,0.1404015,0.9326028,343.2765,0.5139936,0,9,False
1,Center_Dir_Far,712,34.13999,-0.05051547,1.516935,0.1403656,-0.04732911,1.196004,0.1377276,-0.5865036,-0.1683309,0.02474299,0.791875,0.04339796,1.079792,0.2997395,-0.03541875,0.08467602,-0.08059929,0.9925116,MathCanvas,-0.6835898,1.162521,3.41145,-0.05073896,1.516737,0.1403739,-0.1888484,-0.102108,0.9766833,-0.01823864,1.517208,0.1499932,-0.2142373,-0.1005989,0.9715874,-0.0827923,1.516662,0.130738,-0.1613497,-0.09962615,0.9818559,-0.05051547,1.516935,0.1403656,0.714843,343.3969,0.4644639,0,9,False
1,Center_Dir_Far,713,34.15999,-0.05030911,1.516924,0.1403052,-0.04703285,1.196112,0.1374036,-0.5867624,-0.1713452,0.02185885,0.7911213,0.0434472,1.079627,0.2995287,-0.03506664,0.08466415,-0.08051905,0.9925317,MathCanvas,-0.6838247,1.174512,3.415705,-0.05051547,1.516935,0.1403656,-0.1878638,-0.1001126,0.9770796,-0.01802176,1.517147,0.1498987,-0.2133322,-0.1012434,0.9717197,-0.08259647,1.516701,0.1307116,-0.1604324,-0.100347,0.9819328,-0.05030911,1.516924,0.1403052,0.7458895,343.4567,0.3797812,0,9,False
1,Center_Dir_Far,714,34.17999,-0.04987913,1.517282,0.140241,-0.04646449,1.196409,0.1371015,-0.5879672,-0.1728186,0.01833765,0.7899951,0.04349628,1.079303,0.2990759,-0.03459183,0.08471779,-0.08012175,0.9925758,MathCanvas,-0.6805773,1.181054,3.418329,-0.05010096,1.51705,0.1402848,-0.185989,-0.09937577,0.9775134,-0.01758718,1.517524,0.1498186,-0.2128634,-0.09937799,0.972015,-0.08217107,1.517039,0.1306634,-0.1599589,-0.09846069,0.9822009,-0.04987913,1.517282,0.140241,0.6405686,343.4846,0.4125154,0,9,False
1,Center_Dir_Far,715,34.19999,-0.04968248,1.517417,0.1402105,-0.04640925,1.196428,0.1370866,-0.5879685,-0.1731347,0.0179141,0.7899346,0.04349628,1.079303,0.2990759,-0.03459183,0.08471779,-0.08012175,0.9925758,MathCanvas,-0.6739956,1.18381,3.420447,-0.04987913,1.517282,0.140241,-0.1864808,-0.09891939,0.977466,-0.01738375,1.517649,0.1497655,-0.2122504,-0.0982672,0.972262,-0.08198121,1.517185,0.1306556,-0.1593382,-0.09737232,0.9824103,-0.04968248,1.517417,0.1402105,0.5751616,343.5241,0.3949462,0,9,False
1,Center_Dir_Far,716,34.21999,-0.04971471,1.517376,0.1401576,-0.0458519,1.197191,0.1375229,-0.5855427,-0.1734721,0.01482294,0.7917244,0.04351027,1.079075,0.2987344,-0.03420926,0.08504876,-0.08037422,0.9925404,MathCanvas,-0.6754847,1.185458,3.420442,-0.04968248,1.517417,0.1402105,-0.267188,-0.08886511,0.9595382,-0.01741809,1.517574,0.1497205,-0.293484,-0.08883446,0.9518275,-0.08201133,1.517177,0.1305948,-0.2413434,-0.08844147,0.9664013,-0.04971471,1.517376,0.1401576,0.5611768,343.5096,0.3377428,0,9,False
1,Center_Dir_Far,717,34.23999,-0.04963332,1.517493,0.140095,-0.0458455,1.197479,0.1373207,-0.580012,-0.1690633,0.01583478,0.7967138,0.04344353,1.078871,0.2984749,-0.03395448,0.08479676,-0.08021414,0.9925836,MathCanvas,-0.951184,1.217553,3.377556,-0.04958813,1.517484,0.1401241,-0.2672163,-0.08781362,0.9596272,-0.01734211,1.517703,0.1496758,-0.2940172,-0.08788045,0.9517515,-0.08192453,1.517284,0.1305141,-0.2418849,-0.08747065,0.9663543,-0.04963332,1.517493,0.140095,0.5060909,343.4775,0.356389,0,9,False
1,Center_Dir_Far,718,34.25999,-0.04953921,1.517587,0.1400643,-0.0457902,1.197537,0.1373218,-0.5795984,-0.1690027,0.01554075,0.7970335,0.04344353,1.078871,0.2984749,-0.03395448,0.08479676,-0.08021414,0.9925836,MathCanvas,-0.9513156,1.221179,3.378217,-0.04963332,1.517493,0.140095,-0.2680504,-0.08767559,0.9594071,-0.01724721,1.517793,0.1496425,-0.2939714,-0.08718828,0.9518293,-0.0818312,1.517381,0.130486,-0.2418378,-0.08678486,0.9664279,-0.04953921,1.517587,0.1400643,0.4663447,343.4818,0.3502403,0,9,False
1,Center_Dir_Far,719,34.27999,-0.0497045,1.517452,0.1398514,-0.04703248,1.195811,0.1341436,-0.5934519,-0.167329,0.02268646,0.7869569,0.04340698,1.078524,0.2981244,-0.03286174,0.08427979,-0.08040853,0.9926487,MathCanvas,-0.9538274,1.221807,3.376696,-0.04958057,1.517568,0.1399897,-0.2717935,-0.08776133,0.9583456,-0.01743821,1.517684,0.1495153,-0.2993293,-0.08942322,0.9499502,-0.0819708,1.517219,0.1301875,-0.2472785,-0.08898994,0.9648492,-0.0497045,1.517452,0.1398514,0.5933725,343.3309,0.3958085,0,9,False
1,Center_Dir_Far,720,34.29999,-0.04975155,1.517404,0.1397466,-0.04727357,1.195396,0.1336673,-0.5950699,-0.1664876,0.02416744,0.7858688,0.04341211,1.078498,0.2980984,-0.03278444,0.08427317,-0.08042989,0.9926502,MathCanvas,-0.9667381,1.221344,3.373317,-0.0497045,1.517452,0.1398514,-0.2734053,-0.08920656,0.9577535,-0.01749269,1.517636,0.1494353,-0.3000395,-0.09011666,0.9496606,-0.08201042,1.517173,0.1300579,-0.2480002,-0.0896851,0.9645996,-0.04975155,1.517404,0.1397466,0.6333042,343.2871,0.3934998,0,9,False
