UID,Condition,Index,Time,Player_X,Player_Y,Player_Z,Left_X,Left_Y,Left_Z,LeftRot_X,LeftRot_Y,LeftRot_Z,LeftRot_W,Right_X,Right_Y,Right_Z,RightRot_X,RightRot_Y,RightRot_Z,RightRot_W,GazeObject,GP_X,GP_Y,GP_Z,GO_X,GO_Y,GO_Z,GZ_X,GZ_Y,GZ_Z,RE_X,RE_Y,RE_Z,RED_X,RED_Y,RED_Z,LE_X,LE_Y,LE_Z,LED_X,LED_Y,LED_Z,H_X,H_Y,H_Z,HR_X,HR_Y,HR_Z,Blinking,BlinkCount,EventTriggered
1,Center_Head_Far,0,3.819999,-0.01620715,1.152955,-0.09997996,0.004993545,0.7685274,-0.1489678,0.005396098,-0.2722431,0.07991974,0.9588886,0.1054232,0.8389843,0.08369303,-0.1013156,-0.1606274,-0.1335986,0.9726692,,0,0,0,-0.01088006,1.148247,-0.1063815,-0.4445313,-0.05531992,0.8940535,0.01184721,1.156298,-0.08238817,-0.4649576,-0.06170211,0.8831803,-0.04426151,1.149612,-0.1175717,-0.4170331,-0.05595844,0.9071671,-0.01620715,1.152955,-0.09997996,359.3783,327.847,5.765532,0,1,False
1,Center_Head_Far,1,3.839999,-0.02181001,1.156528,-0.09317295,-0.001229998,0.766838,-0.1412191,0.02108839,-0.2833142,0.07878313,0.9555531,0.100719,0.8410847,0.08888665,-0.1053025,-0.1638736,-0.1314575,0.9719958,,0,0,0,-0.01620715,1.152955,-0.09997996,-0.4239117,-0.03599636,0.9049879,0.006260149,1.159933,-0.07561827,-0.4462556,-0.04331114,0.8938568,-0.04988018,1.153123,-0.1107276,-0.3979037,-0.03751447,0.9166597,-0.02181001,1.156528,-0.09317295,359.6468,327.9424,5.872199,0,1,False
1,Center_Head_Far,2,3.859999,-0.03302966,1.163732,-0.0795448,-0.01370655,0.7634509,-0.1256849,0.05251703,-0.3051792,0.07641454,0.9477703,0.09128845,0.8452953,0.09929843,-0.113285,-0.1703656,-0.1271528,0.9705536,,0,0,0,-0.02743372,1.160136,-0.08634188,-0.4205322,-0.04484533,0.9061686,-0.004928757,1.167261,-0.06206401,-0.4428525,-0.05227897,0.895069,-0.06113056,1.160202,-0.09702559,-0.3944724,-0.04622376,0.9177445,-0.03302966,1.163732,-0.0795448,0.184434,328.1351,6.087383,0,1,False
1,Center_Head_Far,3,3.879999,-0.0386254,1.167328,-0.07274802,-0.01993009,0.7617614,-0.1179361,0.06816719,-0.3159132,0.07518902,0.9433445,0.08658427,0.8473957,0.104492,-0.1172615,-0.1735959,-0.1249995,0.9697883,,0,0,0,-0.03302966,1.163732,-0.0795448,-0.4188185,-0.04925161,0.9067333,-0.01050963,1.17092,-0.05530386,-0.4411263,-0.05674455,0.8956493,-0.06674117,1.163736,-0.09019218,-0.3927328,-0.05055998,0.9182618,-0.0386254,1.167328,-0.07274802,0.4523594,328.232,6.195399,0,1,False
1,Center_Head_Far,4,3.899999,-0.039991,1.180758,-0.07233939,-0.04094584,0.7636372,-0.1126305,0.08382616,-0.3031522,0.08422384,0.9455042,0.1012223,0.8820767,0.09493444,-0.07407964,-0.09596617,-0.1242477,0.9848174,,0,0,0,-0.03759329,1.174634,-0.0748475,-0.4142652,-0.06579275,0.9077752,-0.01185435,1.184784,-0.05502439,-0.4346756,-0.07449709,0.8975006,-0.06812765,1.176731,-0.0896544,-0.3862941,-0.06749527,0.9199028,-0.039991,1.180758,-0.07233939,1.878982,328.6214,6.952902,0,1,False
1,Center_Head_Far,5,3.919999,-0.04352616,1.185924,-0.06818236,-0.04832773,0.7624702,-0.1060331,0.1010553,-0.3092449,0.08528044,0.9417445,0.09861691,0.8868878,0.09810986,-0.07273302,-0.09353035,-0.1249845,0.9850588,,0,0,0,-0.039991,1.180758,-0.07233939,-0.4106403,-0.0709966,0.9090292,-0.01537192,1.19004,-0.05091691,-0.4321128,-0.08069457,0.8982021,-0.0716804,1.181809,-0.0854478,-0.3837191,-0.07350942,0.9205195,-0.04352616,1.185924,-0.06818236,2.251938,328.7623,7.108827,0,1,False
1,Center_Head_Far,6,3.939999,-0.04671044,1.191365,-0.06436371,-0.05579949,0.761289,-0.09935531,0.1184583,-0.3153017,0.08631958,0.9376041,0.09628278,0.8924621,0.1000287,-0.07230941,-0.09282509,-0.1215075,0.9855916,,0,0,0,-0.04352616,1.185924,-0.06818236,-0.4080714,-0.0771025,0.9096884,-0.01853784,1.195547,-0.04714421,-0.4297986,-0.08584544,0.8988346,-0.07488305,1.187183,-0.08158321,-0.3813897,-0.07852018,0.9210736,-0.04671044,1.191365,-0.06436371,2.560819,328.8907,7.225583,0,1,False
1,Center_Head_Far,7,3.959999,-0.05027923,1.20589,-0.06071077,-0.07214481,0.7612553,-0.09481309,0.1532124,-0.3699501,0.05034622,0.9149471,0.09528895,0.9085751,0.09709331,-0.08034444,-0.1125666,-0.1024381,0.9850787,,0,0,0,-0.05012639,1.1966,-0.060319,-0.4158612,-0.07430479,0.9063875,-0.02211031,1.210363,-0.04355846,-0.4392276,-0.07764269,0.8950144,-0.07844815,1.201417,-0.07786307,-0.3910182,-0.06994261,0.9177215,-0.05027923,1.20589,-0.06071077,2.931116,329.0603,7.733554,0,1,False
1,Center_Head_Far,8,3.979999,-0.05040669,1.215057,-0.05961026,-0.07782756,0.7702282,-0.09870955,0.10424,-0.3661926,0.0440711,0.9236313,0.09789981,0.9178177,0.09663776,-0.07883599,-0.1163529,-0.09217387,0.9857743,,0,0,0,-0.05027923,1.20589,-0.06071077,-0.4189689,-0.0678122,0.9054648,-0.02216307,1.219445,-0.04255918,-0.4396429,-0.07191923,0.8952887,-0.07865031,1.210669,-0.07666134,-0.3913765,-0.06440043,0.9179745,-0.05040669,1.215057,-0.05961026,2.935456,329.2708,7.585957,0,1,False
1,Center_Head_Far,9,3.999999,-0.05373646,1.230312,-0.0553484,-0.09234324,0.7732255,-0.09203199,0.1101703,-0.3742346,0.041807,0.9198169,0.09623052,0.9309869,0.09921981,-0.07809761,-0.1195758,-0.08486589,0.9861035,,0,0,0,-0.05215005,1.222359,-0.05730528,-0.4132088,-0.07200889,0.9077848,-0.02542033,1.234789,-0.03844134,-0.4340299,-0.07835981,0.8974842,-0.08205259,1.225835,-0.07225546,-0.385677,-0.07066073,0.9199241,-0.05373646,1.230312,-0.0553484,3.319323,329.6104,7.743741,0,1,False
1,Center_Head_Far,10,4.019999,-0.0544662,1.240875,-0.05517669,-0.09695199,0.7817706,-0.09974752,0.1061516,-0.3594623,0.07927614,0.9237067,0.09841632,0.9387041,0.1001676,-0.06714857,-0.1270155,-0.08053935,0.9863425,,0,0,0,-0.05373646,1.230312,-0.0553484,-0.4120956,-0.05318442,0.9095871,-0.02609168,1.245298,-0.03835349,-0.4350469,-0.04624526,0.8992194,-0.08284071,1.236452,-0.07199989,-0.3865631,-0.03880927,0.9214461,-0.0544662,1.240875,-0.05517669,2.694062,329.6978,7.645267,0,1,False
1,Center_Head_Far,11,4.039999,-0.0558107,1.258883,-0.05289187,-0.1039762,0.7927276,-0.1005073,0.1078004,-0.3615281,0.06364835,0.9239185,0.09899443,0.9517155,0.1030958,-0.05767686,-0.1294641,-0.06833901,0.9875436,,0,0,0,-0.055666,1.249393,-0.0536838,-0.408806,-0.04315126,0.9116006,-0.02739164,1.263352,-0.03615609,-0.4321068,-0.04758771,0.900566,-0.08422977,1.254415,-0.06962765,-0.3835672,-0.04007056,0.9226432,-0.0558107,1.258883,-0.05289187,2.777521,329.8831,7.724676,0,1,False
1,Center_Head_Far,12,4.059999,-0.05606304,1.268734,-0.05231377,-0.1061462,0.8008807,-0.1008423,0.1024537,-0.3494939,0.05563917,0.9296567,0.1001039,0.9580681,0.1049499,-0.05120135,-0.1266116,-0.06059366,0.9887752,,0,0,0,-0.0558107,1.258883,-0.05289187,-0.4091349,-0.03588249,0.9117681,-0.02761944,1.273235,-0.03562852,-0.4316066,-0.04013468,0.9011686,-0.08450664,1.264233,-0.06899902,-0.38303,-0.03260639,0.9231602,-0.05606304,1.268734,-0.05231377,2.811632,329.9879,7.781865,0,1,False
1,Center_Head_Far,13,4.079998,-0.05690705,1.287785,-0.05057006,-0.1149926,0.8116025,-0.09966309,0.1006627,-0.3419518,0.05251223,0.9328336,0.1008336,0.9712995,0.1077226,-0.04325742,-0.1270546,-0.0499185,0.9896939,,0,0,0,-0.05660512,1.278104,-0.05140195,-0.4056623,-0.03693111,0.9132766,-0.02842004,1.292359,-0.03397892,-0.4286174,-0.04057728,0.9025744,-0.08539406,1.283211,-0.06716121,-0.379987,-0.03292848,0.9244055,-0.05690705,1.287785,-0.05057006,2.846876,330.1783,7.908662,0,1,False
1,Center_Head_Far,14,4.099998,-0.05602531,1.299661,-0.0516958,-0.1145944,0.8292913,-0.1022135,0.09116773,-0.3259958,0.07472755,0.9379931,0.1042542,0.978862,0.1098221,-0.03488025,-0.1173369,-0.04999882,0.9912192,,0,0,0,-0.05690705,1.287785,-0.05057006,-0.4044526,-0.03675315,0.9138202,-0.02751099,1.30429,-0.03516708,-0.427934,-0.03198674,0.9032438,-0.08453963,1.295031,-0.06822451,-0.3792633,-0.02429624,0.9249698,-0.05602531,1.299661,-0.0516958,2.360103,330.2324,8.00222,0,1,False
1,Center_Head_Far,15,4.119998,-0.05600363,1.309863,-0.05145232,-0.118614,0.8359048,-0.1019423,0.09049789,-0.3233923,0.0764614,0.9388191,0.105059,0.9856638,0.1111641,-0.03041443,-0.1165076,-0.0456419,0.9916742,,0,0,0,-0.05602531,1.299661,-0.0516958,-0.4037479,-0.0281417,0.9144374,-0.02746315,1.314526,-0.03497829,-0.4264358,-0.0306053,0.9039999,-0.08454411,1.3052,-0.06792635,-0.3777311,-0.02286808,0.925633,-0.05600363,1.309863,-0.05145232,2.285156,330.3293,8.060256,0,1,False
1,Center_Head_Far,16,4.139998,-0.05346061,1.331198,-0.05310464,-0.1185673,0.8588775,-0.1010216,0.1176451,-0.3346673,0.06258781,0.9328667,0.1085538,1.002632,0.1121489,-0.01974026,-0.1170058,-0.03275978,0.9923944,,0,0,0,-0.05559146,1.320391,-0.05155723,-0.400991,-0.02385229,0.9157714,-0.02479813,1.335765,-0.03681644,-0.4223642,-0.01673212,0.9062717,-0.08212309,1.326632,-0.06939285,-0.3734845,-0.009229645,0.9275905,-0.05346061,1.331198,-0.05310464,1.474437,330.5957,7.888644,0,1,False
1,Center_Head_Far,17,4.159998,-0.05206974,1.34156,-0.05436751,-0.117831,0.8704444,-0.1001498,0.118172,-0.3390132,0.05703912,0.9315858,0.1100054,1.011889,0.1114937,-0.01934213,-0.118178,-0.0256353,0.992473,,0,0,0,-0.05346061,1.331198,-0.05310464,-0.4028299,-0.02398925,0.9149604,-0.02331863,1.346058,-0.03821704,-0.4237871,-0.01933814,0.9055554,-0.08082086,1.337062,-0.07051799,-0.3749009,-0.01193785,0.926988,-0.05206974,1.34156,-0.05436751,0.9814504,330.8095,7.768088,0,1,False
1,Center_Head_Far,18,4.179998,-0.04911777,1.362456,-0.0567474,-0.1198419,0.8901571,-0.09927908,0.1155456,-0.3435327,0.05281852,0.9305078,0.1128199,1.028128,0.1117165,-0.01252294,-0.1188469,-0.01649868,0.9926965,,0,0,0,-0.05089489,1.352087,-0.0552572,-0.3971371,-0.01025705,0.917702,-0.02025584,1.366952,-0.04079523,-0.4192586,-0.00615707,0.9078459,-0.07797971,1.35796,-0.07269957,-0.3702164,0.001170353,0.9289448,-0.04911777,1.362456,-0.0567474,0.2238761,331.1008,7.763373,0,1,False
1,Center_Head_Far,19,4.199998,-0.04697269,1.37351,-0.05846768,-0.1200671,0.9004765,-0.0988147,0.1105051,-0.3445136,0.05139817,0.9308369,0.1142979,1.036188,0.1117902,-0.008547426,-0.1189052,-0.01260553,0.9927888,,0,0,0,-0.04911777,1.362456,-0.0567474,0.3948817,0.002493463,-0.9187287,-0.018084,1.37805,-0.0425765,-0.4179737,-0.001748706,0.9084575,-0.07586139,1.368971,-0.07435887,-0.368895,0.005626721,0.929454,-0.04697269,1.37351,-0.05846768,359.9761,331.1823,7.839624,0,1,False
1,Center_Head_Far,20,4.219998,-0.04131785,1.393982,-0.0632187,-0.1165931,0.921872,-0.09700567,0.09147117,-0.3401298,0.0402811,0.935052,0.1177301,1.053512,0.1095056,-0.006443621,-0.1217538,-0.009093531,0.9924977,,0,0,0,-0.04442273,1.383538,-0.06066648,-0.4019877,-0.007799357,0.9156119,-0.01224677,1.398436,-0.0476389,-0.4241352,-0.00293095,0.9055941,-0.07038894,1.389528,-0.0787985,-0.3751078,0.004312163,0.9269711,-0.04131785,1.393982,-0.0632187,358.6509,331.63,7.69269,0,1,False
1,Center_Head_Far,21,4.239998,-0.03890622,1.404119,-0.06526053,-0.1154383,0.9319891,-0.0959219,0.08461041,-0.3391968,0.03270905,0.9363316,0.1194194,1.061778,0.1089988,-0.005283833,-0.1224988,-0.004538566,0.9924442,,0,0,0,-0.04131785,1.393982,-0.0632187,0.3997666,-0.0006906092,-0.9166168,-0.00978094,1.409041,-0.04992478,-0.4186449,0.006542718,0.9081265,-0.0680315,1.399197,-0.08059628,-0.3695532,0.01450509,0.9290965,-0.03890622,1.404119,-0.06526053,358.1541,331.9551,8.509293,0,1,False
1,Center_Head_Far,22,4.259998,-0.03648869,1.415684,-0.0692391,-0.1126152,0.9421862,-0.0937836,0.07530216,-0.3378777,0.02434159,0.937857,0.1219147,1.0703,0.1071244,-0.01257742,-0.1228529,0.0008914322,0.9923448,,0,0,0,-0.03890622,1.404119,-0.06526053,-0.3945355,-0.004419869,0.9188701,-0.007083366,1.419715,-0.05418007,-0.4096161,-0.002606809,0.9122543,-0.06589401,1.411653,-0.08429813,-0.3601609,0.003948227,0.9328818,-0.03648869,1.415684,-0.0692391,357.732,332.6053,6.961777,0,1,False
1,Center_Head_Far,23,4.279998,-0.02975528,1.433905,-0.07403284,-0.1096709,0.9615219,-0.09007467,0.06810949,-0.3412152,0.01283293,0.9374266,0.1261261,1.086575,0.1052775,-0.01546517,-0.1206174,0.0080937,0.9925456,,0,0,0,-0.03270373,1.423977,-0.0713936,-0.3842515,0.01652911,0.9230804,-0.0002272315,1.437907,-0.05920807,-0.4050089,0.02276629,0.9140292,-0.05928332,1.429903,-0.08885762,-0.3553738,0.0291682,0.934269,-0.02975528,1.433905,-0.07403284,356.2735,332.8887,6.920928,0,1,False
1,Center_Head_Far,24,4.299998,-0.02679415,1.443849,-0.0766828,-0.1089396,0.9713756,-0.08882597,0.06381596,-0.3415016,0.007769362,0.9376801,0.1280677,1.094769,0.1045676,-0.01536682,-0.1205793,0.01222629,0.9925095,,0,0,0,-0.02975528,1.433905,-0.07403284,-0.3806321,-0.009520199,0.9246776,0.002821812,1.447754,-0.06200825,-0.4015728,-0.003249459,0.9158213,-0.05641012,1.439944,-0.09135734,-0.3519,0.003103614,0.9360325,-0.02679415,1.443849,-0.0766828,355.7166,333.1349,6.756723,0,1,False
1,Center_Head_Far,25,4.319998,-0.01866663,1.46293,-0.08683131,-0.1008111,0.9897144,-0.08017023,0.06365997,-0.353931,-0.01547851,0.9329741,0.1334855,1.106913,0.1016902,-0.009780915,-0.1123613,0.004719094,0.9936081,,0,0,0,-0.02189428,1.453208,-0.08318158,0.3725038,0.003126938,-0.9280254,0.01101365,1.467484,-0.07247743,-0.3931531,0.0009893999,0.9194725,-0.04834692,1.458376,-0.1011852,-0.3434089,0.008380391,0.9391486,-0.01866663,1.46293,-0.08683131,355.5371,333.5731,7.889158,0,1,False
1,Center_Head_Far,26,4.339998,-0.01455165,1.47224,-0.09093833,-0.09579641,1.000134,-0.07550244,0.05406902,-0.3515689,-0.02496036,0.934266,0.1360044,1.110663,0.09997635,-0.001786232,-0.1129052,0.002380516,0.9936013,,0,0,0,-0.01866663,1.46293,-0.08683131,-0.3720214,-0.01889369,0.9280319,0.01503407,1.476375,-0.07626588,-0.4084973,-0.002780251,0.9127554,-0.04413736,1.468105,-0.1056108,-0.3589943,0.003945328,0.9333314,-0.01455165,1.47224,-0.09093833,354.3605,332.9133,7.172232,0,1,False
1,Center_Head_Far,27,4.359998,-0.00664651,1.487444,-0.09931681,-0.08802785,1.022122,-0.06872033,0.03361753,-0.3559175,-0.04059755,0.9330297,0.1408701,1.121241,0.0971662,0.002670139,-0.1085382,0.001733635,0.9940872,,0,0,0,-0.01108791,1.481751,-0.09480554,-0.3827938,0.01054822,0.9237736,0.0228801,1.491632,-0.08454039,-0.4136418,0.01363455,0.9103376,-0.03617312,1.483257,-0.1140932,-0.3642164,0.02038588,0.9310912,-0.00664651,1.487444,-0.09931681,353.424,332.5769,7.275502,0,1,False
1,Center_Head_Far,28,4.379999,-0.001813885,1.492432,-0.1033497,-0.08013363,1.036831,-0.06549889,0.009305031,-0.3534297,-0.04908423,0.9341261,0.1436656,1.122443,0.09559707,0.0108898,-0.1009112,-0.009874389,0.9947869,,0,0,0,-0.00664651,1.487444,-0.09931681,-0.3890694,0.01701065,0.9210514,0.0276129,1.496591,-0.08836763,-0.4194435,0.009210005,0.9077346,-0.03124067,1.488273,-0.1183318,-0.3701597,0.01593138,0.9288315,-0.001813885,1.492432,-0.1033497,353.6751,332.2181,7.22269,0,1,False
1,Center_Head_Far,29,4.399999,0.00231478,1.499664,-0.1074761,-0.07642336,1.047925,-0.06265773,-0.0003807843,-0.3538153,-0.05670901,0.9335945,0.1460503,1.128041,0.09437658,0.01409826,-0.09861785,-0.01114757,0.994963,,0,0,0,-0.001813885,1.492432,-0.1033497,-0.4871375,-0.07287395,0.8702795,0.03173305,1.50378,-0.09246567,-0.5119992,-0.06967747,0.8561553,-0.02710349,1.495547,-0.1224866,-0.4654104,-0.06315308,0.8828391,0.00231478,1.499664,-0.1074761,353.3057,332.1291,7.153978,0,1,False
1,Center_Head_Far,30,4.419999,0.01169335,1.509431,-0.114627,-0.06465667,1.073623,-0.05776406,-0.01683366,-0.3440801,-0.07037522,0.9361479,0.1492912,1.133682,0.09172556,0.02927205,-0.1020671,-0.01310356,0.9942604,,0,0,0,0.006487638,1.506494,-0.1115202,-0.4908949,-0.0601909,0.869137,0.04104938,1.513489,-0.09947944,-0.5167032,-0.06440483,0.8537387,-0.01766268,1.505373,-0.1297746,-0.4702279,-0.05796156,0.8806396,0.01169335,1.509431,-0.114627,353.0076,331.8431,7.056635,0,1,False
1,Center_Head_Far,31,4.439999,0.01612238,1.515269,-0.118514,-0.06026418,1.085239,-0.0550992,-0.02590248,-0.3424641,-0.07735905,0.9359824,0.1514702,1.138432,0.09042901,0.03365577,-0.1010827,-0.01409388,0.9942087,,0,0,0,0.01169335,1.509431,-0.114627,-0.4936518,-0.0611835,0.8675047,0.04546136,1.519291,-0.1033237,-0.5186015,-0.05940826,0.8529497,-0.0132166,1.511247,-0.1337042,-0.472159,-0.05301118,0.879918,0.01612238,1.515269,-0.118514,352.7234,331.7365,6.99755,0,1,False
1,Center_Head_Far,32,4.459999,0.02409197,1.520327,-0.125553,-0.04870522,1.110281,-0.05733506,-0.04671625,-0.2915719,-0.0143675,0.9552994,0.1531768,1.142514,0.08589924,0.02113873,-0.1217579,0.008534864,0.992298,,0,0,0,0.02042559,1.517638,-0.1220259,-0.5122104,-0.09256218,0.8538576,0.05341639,1.523875,-0.1102173,-0.5375473,-0.09879333,0.8374263,-0.005232444,1.516778,-0.1408886,-0.4918292,-0.09339168,0.8656685,0.02409197,1.520327,-0.125553,353.1469,331.6536,6.164713,0,1,False
1,Center_Head_Far,33,4.479999,0.0274938,1.522806,-0.1284893,-0.03967105,1.119591,-0.05939132,-0.05800924,-0.2880833,-0.04040884,0.9549922,0.1562455,1.144102,0.08447708,0.01127523,-0.1157183,0.0005960315,0.9932179,MathCanvas,-1.649269,1.217932,2.663949,0.02409197,1.520327,-0.125553,-0.5134556,-0.1060959,0.8515322,0.05675602,1.525959,-0.1129498,-0.5417476,-0.1137449,0.8328094,-0.001768421,1.519653,-0.1440287,-0.4961459,-0.1090455,0.8613642,0.0274938,1.522806,-0.1284893,353.4867,331.4072,5.471783,0,1,False
1,Center_Head_Far,34,4.499999,0.03539443,1.528545,-0.134727,-0.02800651,1.137535,-0.06134914,-0.06961856,-0.2618414,-0.03654247,0.9619029,0.161419,1.150325,0.08222482,0.01013479,-0.1103363,-0.01078936,0.9937841,MathCanvas,-1.658816,1.174362,2.668144,0.03135584,1.525847,-0.1319557,-0.5219518,-0.1101358,0.8458347,0.06454019,1.531407,-0.1189146,-0.5496789,-0.1156993,0.827325,0.006248677,1.525683,-0.1505393,-0.5042979,-0.1114824,0.8563033,0.03539443,1.528545,-0.134727,353.6396,330.9678,4.963312,0,1,False
1,Center_Head_Far,35,4.519999,0.03902337,1.530143,-0.1379584,-0.02227266,1.146961,-0.06211502,-0.07857931,-0.2483246,-0.03251437,0.9649369,0.1639687,1.153474,0.08114506,0.008905203,-0.1081087,-0.01646888,0.9939628,MathCanvas,-1.688731,1.164741,2.659258,0.03539443,1.528545,-0.134727,-0.5271891,-0.1135911,0.8421215,0.06815282,1.532871,-0.1220924,-0.5517389,-0.1130566,0.8263186,0.009893928,1.527414,-0.1538243,-0.5063924,-0.1090473,0.8553803,0.03902337,1.530143,-0.1379584,353.5052,330.8877,4.732314,0,1,False
1,Center_Head_Far,36,4.539999,0.04573853,1.531991,-0.1441188,-0.01013175,1.158685,-0.06881571,-0.1074772,-0.2034936,-0.03219837,0.9726265,0.1697086,1.162733,0.07879414,-0.01121777,-0.1066614,-0.04610892,0.9931624,MathCanvas,-1.712482,1.152753,2.659862,0.04230265,1.531735,-0.1409464,-0.5262414,-0.1293348,0.8404419,0.0747538,1.534182,-0.1279631,-0.5525324,-0.1366368,0.8222155,0.01672325,1.529799,-0.1602745,-0.5071824,-0.1335445,0.8514293,0.04573853,1.531991,-0.1441188,354.3468,330.5167,3.793842,1,2,False
1,Center_Head_Far,37,4.559999,0.04926142,1.53314,-0.1471683,-0.004330704,1.166127,-0.07084507,-0.1194594,-0.186921,-0.03331457,0.9745154,0.1725146,1.167461,0.07747252,-0.01792056,-0.105945,-0.05906238,0.9924546,MathCanvas,-1.70441,1.101855,2.650982,0.04573853,1.531991,-0.1441188,-0.5112155,-0.1337818,0.8489766,0.07822224,1.535125,-0.1308887,-0.5375,-0.1404953,0.8314775,0.02030061,1.531154,-0.1634479,-0.4915643,-0.1375846,0.8599041,0.04926142,1.53314,-0.1471683,354.6612,330.3386,3.434705,1,2,False
1,Center_Head_Far,38,4.579998,0.05232117,1.533169,-0.1496455,0.00195252,1.169415,-0.07470016,-0.1348733,-0.181368,-0.05547226,0.9725419,0.1767864,1.176111,0.07650379,-0.03563762,-0.0975684,-0.09809492,0.9897413,MathCanvas,-1.655399,1.087041,2.683764,0.04926142,1.53314,-0.1471683,-0.5147289,-0.1390401,0.8460035,0.08122523,1.534995,-0.1332468,-0.5403976,-0.1484775,0.8282058,0.0234171,1.531344,-0.1660442,-0.4945612,-0.1458452,0.8568187,0.05232117,1.533169,-0.1496455,355.14,330.164,3.155742,1,2,False
1,Center_Head_Far,39,4.599998,0.05841566,1.534636,-0.1548798,0.01336293,1.176812,-0.08127784,-0.1615306,-0.1744693,-0.08409104,0.9676762,0.1843483,1.191429,0.07447807,-0.06092788,-0.08641364,-0.1593825,0.9815385,MathCanvas,-1.666224,1.068951,2.674938,0.05526397,1.534017,-0.1522038,-0.4812422,-0.1832325,0.8572233,0.08722374,1.536245,-0.1382907,-0.5075461,-0.1896449,0.8404949,0.02960758,1.533026,-0.1714689,-0.4607428,-0.1870519,0.8675988,0.05841566,1.534636,-0.1548798,355.8739,329.8644,2.778861,1,2,False
1,Center_Head_Far,40,4.619998,0.06148065,1.534595,-0.1572886,0.01916939,1.183107,-0.08353987,-0.1734069,-0.1640297,-0.09101041,0.9668202,0.1875142,1.198278,0.07323934,-0.07209978,-0.08329091,-0.1815398,0.9771937,MathCanvas,-1.538794,0.9264999,2.690185,0.05841566,1.534636,-0.1548798,-0.4843346,-0.1883487,0.854368,0.09023326,1.536071,-0.1405912,-0.5110078,-0.1914862,0.8379762,0.03272803,1.533118,-0.1739859,-0.4642957,-0.1891095,0.8652555,0.06148065,1.534595,-0.1572886,355.9854,329.6766,2.548986,1,2,False
1,Center_Head_Far,41,4.639998,0.0653263,1.536189,-0.1616874,0.02534027,1.179746,-0.09247246,-0.1763647,-0.1311925,-0.079165,0.9723256,0.1898966,1.223675,0.06766756,-0.1308033,-0.09068187,-0.2375574,0.9582452,MathCanvas,-1.548475,0.9085131,2.682679,0.06279477,1.535735,-0.1593813,-0.4850239,-0.1896623,0.8536862,0.09397519,1.537578,-0.1448052,-0.5116252,-0.1933516,0.8371707,0.03667741,1.5348,-0.1785695,-0.4649299,-0.1910579,0.8644866,0.0653263,1.536189,-0.1616874,356.1095,329.3273,2.397506,0,2,False
1,Center_Head_Far,42,4.659998,0.06781798,1.536687,-0.1640544,0.03034853,1.183741,-0.09537201,-0.1848767,-0.1185977,-0.08212817,0.9721164,0.1923698,1.231652,0.06593069,-0.1454822,-0.08947365,-0.258525,0.9507861,MathCanvas,-1.550165,0.9044723,2.681724,0.0653263,1.536189,-0.1616874,-0.488469,-0.1922049,0.8511494,0.09641501,1.537952,-0.1470749,-0.5146168,-0.1962584,0.834657,0.03922095,1.535421,-0.1810339,-0.4680055,-0.1941651,0.8621316,0.06781798,1.536687,-0.1640544,356.2822,329.1586,2.183799,0,2,False
1,Center_Head_Far,43,4.679998,0.07207686,1.537517,-0.1676965,0.03561437,1.184168,-0.1013923,-0.1818779,-0.08856276,-0.07044486,0.9767879,0.1905715,1.25496,0.05945008,-0.1840933,-0.09701242,-0.2921456,0.9334609,MathCanvas,-1.560848,0.8958322,2.67387,0.06978557,1.537065,-0.1655789,-0.4912475,-0.1690978,0.8544483,0.1005811,1.538658,-0.150553,-0.5172639,-0.1719573,0.8383726,0.0435726,1.536376,-0.1848401,-0.4706222,-0.1700085,0.8658013,0.07207686,1.537517,-0.1676965,356.2364,328.8464,1.968677,0,2,False
1,Center_Head_Far,44,4.699998,0.07372323,1.537687,-0.1693337,0.03596852,1.182205,-0.103887,-0.1759759,-0.08170994,-0.05978793,0.9791738,0.1830482,1.2708,0.05285977,-0.1972764,-0.1224923,-0.2929836,0.9274903,MathCanvas,-1.574949,0.9705762,2.697046,0.07207686,1.537517,-0.1676965,-0.4941338,-0.170983,0.8524064,0.1022192,1.538834,-0.1521767,-0.5181134,-0.1679254,0.8386654,0.04522725,1.536541,-0.1864906,-0.4714846,-0.1659697,0.8661157,0.07372323,1.537687,-0.1693337,356.0019,328.8105,1.978798,0,2,False
1,Center_Head_Far,45,4.719998,0.07516035,1.537122,-0.171138,0.03518782,1.179999,-0.1058368,-0.1711164,-0.08433808,-0.05173031,0.9802705,0.1744659,1.286809,0.04522942,-0.1970953,-0.1643498,-0.3043695,0.9173341,MathCanvas,-1.583185,0.9643543,2.688919,0.07372323,1.537687,-0.1693337,-0.4949898,-0.1669477,0.8527095,0.1036603,1.538206,-0.1539837,-0.5187715,-0.1635854,0.8391162,0.04666036,1.536039,-0.1882924,-0.4721358,-0.1617344,0.8665621,0.07516035,1.537122,-0.171138,355.7507,328.8173,1.870747,0,2,False
1,Center_Head_Far,46,4.739998,0.07890394,1.537411,-0.1749257,0.0414234,1.183228,-0.1112646,-0.1767476,-0.06425817,-0.0477399,0.9809955,0.1717804,1.308926,0.03778114,-0.2215025,-0.1852019,-0.3348479,0.896947,MathCanvas,-1.586407,0.9767168,2.691213,0.07703102,1.537267,-0.1730303,-0.4951435,-0.1514692,0.8555057,0.1073372,1.538334,-0.1576516,-0.5203823,-0.1520473,0.8402879,0.05047069,1.536489,-0.1921998,-0.4737359,-0.1504284,0.8677244,0.07890394,1.537411,-0.1749257,355.7183,328.601,1.592779,0,2,False
1,Center_Head_Far,47,4.759998,0.0795041,1.536087,-0.1763133,0.03300077,1.175942,-0.1103074,-0.1565326,-0.07419668,-0.0327802,0.9843363,0.1544944,1.329035,0.02048503,-0.1852687,-0.2677594,-0.3665163,0.8715768,MathCanvas,-1.59005,1.026862,2.708682,0.07890394,1.537411,-0.1749257,-0.4972487,-0.1512379,0.8543248,0.1080878,1.536932,-0.1592852,-0.5131679,-0.1541538,0.8443313,0.05092043,1.535241,-0.1933414,-0.4662826,-0.1526588,0.8713644,0.0795041,1.536087,-0.1763133,355.8413,329.1108,1.459173,0,2,False
1,Center_Head_Far,48,4.779998,0.08177742,1.535507,-0.1795701,0.03122629,1.1741,-0.1127035,-0.1480902,-0.06953641,-0.0253059,0.9862016,0.1429316,1.35429,0.004583949,-0.1803492,-0.3177734,-0.4026319,0.8392746,MathCanvas,-1.595748,1.02656,2.701944,0.08097102,1.535843,-0.1780456,-0.4901965,-0.1537867,0.8579376,0.1103903,1.536299,-0.1625887,-0.5115411,-0.1585438,0.8445055,0.0531645,1.534716,-0.1965516,-0.4646094,-0.157133,0.8714628,0.08177742,1.535507,-0.1795701,356.0967,329.2183,1.365703,0,2,False
1,Center_Head_Far,49,4.799998,0.08270253,1.534948,-0.1810355,0.02859548,1.172951,-0.1129067,-0.1457657,-0.07645284,-0.0250585,0.9860423,0.1354511,1.366142,-0.004797021,-0.167608,-0.3368293,-0.424942,0.8233334,MathCanvas,-1.56969,1.017401,2.710813,0.08177742,1.535507,-0.1795701,-0.4882613,-0.1578384,0.8583053,0.1113416,1.535705,-0.1640967,-0.5099539,-0.1630208,0.8446131,0.05406345,1.534191,-0.1979744,-0.4629809,-0.1616626,0.8715009,0.08270253,1.534948,-0.1810355,356.357,329.3144,1.305713,0,2,False
1,Center_Head_Far,50,4.819998,0.0843018,1.534098,-0.1840875,0.02464329,1.172067,-0.1138307,-0.1463477,-0.08826508,-0.02750874,0.9849035,0.1234809,1.38759,-0.02131655,-0.1382115,-0.3815713,-0.4711864,0.7831247,MathCanvas,-1.559865,1.003961,2.706403,0.08376894,1.534604,-0.1826445,-0.4707203,-0.1399193,0.8711171,0.1130145,1.534678,-0.1672668,-0.4912285,-0.1463854,0.8586419,0.05558906,1.533517,-0.2009082,-0.4436378,-0.1451666,0.884371,0.0843018,1.534098,-0.1840875,356.8051,329.5812,1.001547,0,2,False
1,Center_Head_Far,51,4.839998,0.08499695,1.53392,-0.185319,0.02147932,1.172142,-0.113487,-0.1468801,-0.1009481,-0.03412949,0.9833977,0.1167577,1.396575,-0.02796838,-0.1015076,-0.3985044,-0.4963248,0.7645601,MathCanvas,-1.505704,1.061476,2.758384,0.0843018,1.534098,-0.1840875,-0.4676098,-0.145776,0.8718317,0.1137549,1.534517,-0.1685763,-0.4886697,-0.1482156,0.8597872,0.05623898,1.533322,-0.2020616,-0.4410102,-0.1469662,0.8853874,0.08499695,1.53392,-0.185319,356.9114,329.7368,1.030227,0,2,False
1,Center_Head_Far,52,4.859998,0.08574795,1.533608,-0.1867415,0.02051423,1.171885,-0.1144691,-0.1460391,-0.1026174,-0.03376147,0.9833628,0.1110147,1.407681,-0.03547369,-0.08746917,-0.4176555,-0.5154899,0.7430903,MathCanvas,-1.491425,1.042475,2.753829,0.08499695,1.53392,-0.185319,-0.4656255,-0.140751,0.8737174,0.1145348,1.53416,-0.170047,-0.487764,-0.1439916,0.8610183,0.05696108,1.533055,-0.203436,-0.4400593,-0.1428232,0.8865378,0.08574795,1.533608,-0.1867415,357.0624,329.8403,0.9527585,0,2,False
1,Center_Head_Far,53,4.879998,0.08650191,1.533967,-0.1890903,0.01530322,1.172509,-0.1147967,-0.1426042,-0.1200311,-0.04526885,0.9814312,0.09770027,1.423243,-0.04705388,-0.001992226,-0.4312019,-0.5589213,0.7082852,MathCanvas,-1.485473,1.058653,2.761558,0.08648974,1.533297,-0.1881538,-0.4566903,-0.1405091,0.8784596,0.1153805,1.534549,-0.1725561,-0.4770709,-0.1385209,0.8678798,0.0576233,1.533385,-0.2056246,-0.4290616,-0.1372615,0.8927852,0.08650191,1.533967,-0.1890903,357.0669,330.1556,1.003402,0,2,False
1,Center_Head_Far,54,4.899998,0.08654174,1.533401,-0.1901404,0.0126709,1.173182,-0.1152348,-0.1407979,-0.125365,-0.05212243,0.9806849,0.0915406,1.429193,-0.05272055,0.05011371,-0.4309005,-0.5789508,0.6903835,MathCanvas,-1.455304,1.059602,2.776628,0.08650191,1.533967,-0.1890903,-0.4532374,-0.1378913,0.8806599,0.115493,1.533922,-0.1737315,-0.473654,-0.1367919,0.8700229,0.05759051,1.532881,-0.2065492,-0.4255345,-0.1356364,0.8947196,0.08654174,1.533401,-0.1901404,356.9649,330.409,0.8974781,0,2,False
1,Center_Head_Far,55,4.919998,0.08664238,1.534201,-0.1918506,0.008244622,1.175482,-0.1172589,-0.1449417,-0.1259019,-0.0637824,0.9793224,0.07460734,1.437075,-0.06762239,0.1553415,-0.4665758,-0.5743306,0.654462,MathCanvas,-1.443179,1.068005,2.782174,0.08651812,1.534116,-0.1909968,-0.4473514,-0.1370761,0.8837912,0.1156607,1.534764,-0.1755621,-0.4698188,-0.137742,0.8719503,0.05762407,1.533639,-0.2081392,-0.4215989,-0.1365163,0.8964472,0.08664238,1.534201,-0.1918506,357.0212,330.6432,0.9696355,0,2,False
1,Center_Head_Far,56,4.939998,0.08675477,1.534354,-0.1928048,0.006488485,1.175792,-0.1180731,-0.1447354,-0.1286954,-0.06691628,0.9787806,0.06770243,1.444611,-0.07468778,0.1907078,-0.4776224,-0.5813725,0.6304867,MathCanvas,-1.423775,1.071383,2.792143,0.08664238,1.534201,-0.1918506,-0.4458775,-0.1371292,0.8845274,0.1158108,1.534911,-0.1765834,-0.4677559,-0.1384793,0.8729421,0.05769873,1.533797,-0.2090261,-0.4194794,-0.1372604,0.8973275,0.08675477,1.534354,-0.1928048,357.0637,330.7772,0.9605632,0,2,False
1,Center_Head_Far,57,4.959998,0.08605649,1.532507,-0.1952297,0.002818124,1.178125,-0.1199247,-0.1483418,-0.1296209,-0.06729728,0.9780921,0.0547316,1.45321,-0.09388663,0.2491097,-0.5072908,-0.4722861,0.6764216,MathCanvas,-1.417448,1.071737,2.791219,0.08636538,1.532903,-0.1941928,-0.4573019,-0.1228017,0.8807921,0.1150906,1.533118,-0.1789712,-0.4815109,-0.1280441,0.8670363,0.05702235,1.531895,-0.2114883,-0.4335758,-0.1268542,0.8921435,0.08605649,1.532507,-0.1952297,357.6147,330.7082,1.053948,0,2,False
1,Center_Head_Far,58,4.979998,0.0856574,1.532904,-0.1956341,0.0017361,1.179142,-0.1206187,-0.1483704,-0.1315756,-0.06593854,0.9779193,0.05285936,1.457421,-0.1053459,0.2217992,-0.5675677,-0.4231848,0.6705123,MathCanvas,-1.460429,1.11722,2.783399,0.08605649,1.532507,-0.1952297,-0.4577155,-0.1274491,0.8799166,0.1146274,1.533622,-0.1792657,-0.4844281,-0.1284877,0.865344,0.05668744,1.532187,-0.2120024,-0.4365931,-0.127125,0.8906323,0.0856574,1.532904,-0.1956341,357.6411,330.4822,1.236438,0,2,False
1,Center_Head_Far,59,4.999998,0.08503305,1.532591,-0.1968274,-0.0008478879,1.180393,-0.1222672,-0.14847,-0.1347207,-0.06747127,0.9773713,0.04803146,1.466804,-0.1213791,0.2034628,-0.606958,-0.4374697,0.6315261,Cube,0.02456795,1.515894,-0.07819512,0.08535662,1.532843,-0.1963879,-0.4699702,-0.1131233,0.8754034,0.1139434,1.533488,-0.1803627,-0.4956963,-0.1129642,0.8611181,0.05612273,1.531694,-0.213292,-0.4481651,-0.1113871,0.8869843,0.08503305,1.532591,-0.1968274,357.6772,330.2755,1.545355,0,2,False
1,Center_Head_Far,60,5.019998,0.08468991,1.532454,-0.197485,-0.002384382,1.180977,-0.1230999,-0.1486756,-0.136679,-0.0688947,0.9769688,0.04354388,1.472337,-0.1297697,0.2124649,-0.6264026,-0.4265709,0.6168596,Cube,0.03445454,1.520416,-0.1026158,0.08503305,1.532591,-0.1968274,-0.4721083,-0.1121757,0.8743743,0.1135855,1.533408,-0.1809976,-0.4961317,-0.1141465,0.8607113,0.05579434,1.531501,-0.2139723,-0.448624,-0.1124754,0.8866148,0.08468991,1.532454,-0.197485,357.7451,330.227,1.643496,0,2,False
1,Center_Head_Far,61,5.039998,0.08389803,1.531576,-0.1985702,-0.002112761,1.181309,-0.1241249,-0.1462837,-0.1345906,-0.0654607,0.9778555,0.0508274,1.469506,-0.131691,0.185215,-0.5975851,-0.4869401,0.609489,Cube,0.04777489,1.523683,-0.129116,0.08468991,1.532454,-0.197485,-0.4725556,-0.113311,0.8739862,0.1126731,1.532543,-0.1818743,-0.5021358,-0.1162304,0.8569424,0.05512293,1.530608,-0.2152661,-0.4548175,-0.114535,0.883189,0.08389803,1.531576,-0.1985702,357.8652,329.8147,1.666948,0,2,False
1,Center_Head_Far,62,5.059998,0.08238257,1.530741,-0.1999007,-0.002823499,1.181874,-0.1269298,-0.1506659,-0.137145,-0.06657153,0.9767596,0.05130684,1.469884,-0.1391894,0.174137,-0.6064808,-0.4948414,0.5974859,Cube,0.05343738,1.524272,-0.1422336,0.08314671,1.531216,-0.1994148,-0.4888549,-0.1167759,0.8645139,0.1109684,1.531496,-0.182872,-0.5180621,-0.1202008,0.846855,0.05379673,1.529986,-0.2169293,-0.4712159,-0.11889,0.8739684,0.08238257,1.530741,-0.1999007,358.217,329.1772,1.300902,0,2,False
1,Center_Head_Far,63,5.079998,0.08170324,1.530317,-0.2005684,-0.003793052,1.182316,-0.1279276,-0.1512474,-0.138473,-0.06723136,0.9764371,0.04962484,1.472691,-0.1453017,0.1744936,-0.6157381,-0.4962013,0.5866881,Cube,0.0504139,1.523104,-0.1433658,0.08238257,1.530741,-0.1999007,-0.494825,-0.1195455,0.8607306,0.110225,1.531053,-0.1834319,-0.5211418,-0.1222548,0.8446685,0.05318144,1.529581,-0.2177049,-0.4743978,-0.1209736,0.8719588,0.08170324,1.530317,-0.2005684,358.336,328.9648,1.267964,0,2,False
1,Center_Head_Far,64,5.099998,0.0800783,1.529624,-0.2015292,-0.005631598,1.183151,-0.1309708,-0.1589385,-0.1422248,-0.06783612,0.9746327,0.04766349,1.473546,-0.1515293,0.1734303,-0.6193996,-0.5003247,0.5796045,Cube,0.05325974,1.523445,-0.1510919,0.08083458,1.530012,-0.2009596,-0.5092723,-0.1201976,0.8521703,0.1083838,1.530306,-0.1840356,-0.5360702,-0.1230437,0.8351581,0.05177278,1.528942,-0.2190229,-0.4898084,-0.121883,0.8632684,0.0800783,1.529624,-0.2015292,358.6399,328.2548,1.175194,0,2,False
1,Center_Head_Far,65,5.119998,0.07903636,1.529746,-0.2019553,-0.007691922,1.183055,-0.132916,-0.1605421,-0.1428675,-0.06311202,0.9745932,0.04732747,1.471024,-0.149388,0.2006515,-0.6148142,-0.5107114,0.5664948,Cube,0.0551125,1.523731,-0.1597537,0.0800783,1.529624,-0.2015292,-0.5113472,-0.1223939,0.8506137,0.1071917,1.530383,-0.1842193,-0.5412108,-0.1276618,0.8311397,0.05088103,1.529109,-0.2196914,-0.4951283,-0.1266247,0.859543,0.07903636,1.529746,-0.2019553,358.9133,327.7709,1.096962,0,2,False
1,Center_Head_Far,66,5.139998,0.07676011,1.526506,-0.2025455,-0.01262789,1.183775,-0.1346693,-0.1572454,-0.1562833,-0.06310041,0.9730713,0.04351749,1.467833,-0.1498035,0.2390592,-0.6023206,-0.5026419,0.5721992,Cube,0.05665128,1.524388,-0.1647183,0.07725968,1.530503,-0.2021139,-0.5208141,-0.1193321,0.8452884,0.1046793,1.526773,-0.1844308,-0.5528663,-0.1008554,0.8271439,0.04884089,1.526238,-0.2206601,-0.5070805,-0.1003513,0.8560368,0.07676011,1.526506,-0.2025455,357.4841,327.0033,0.460697,0,2,False
1,Center_Head_Far,67,5.159998,0.07602254,1.524425,-0.2039246,-0.01419145,1.184098,-0.1358054,-0.1577059,-0.1594291,-0.06299147,0.9724934,0.04141131,1.466501,-0.1512139,0.2628259,-0.5937679,-0.509302,0.5647777,Cube,0.05296146,1.521053,-0.1639199,0.07676011,1.526506,-0.2025455,-0.5301702,-0.1006034,0.8419018,0.1038977,1.524714,-0.1857426,-0.5549475,-0.09864673,0.8260158,0.04814737,1.524136,-0.2221067,-0.5092318,-0.09810859,0.8550192,0.07602254,1.524425,-0.2039246,357.3564,326.8619,0.4984529,0,2,False
1,Center_Head_Far,68,5.179998,0.07472145,1.529998,-0.204711,-0.01734185,1.184731,-0.1363191,-0.1574764,-0.1713188,-0.06542202,0.9703459,0.03867948,1.46477,-0.1502822,0.2683202,-0.5947984,-0.5090466,0.5613294,Cube,0.04834754,1.519173,-0.1599772,0.07602254,1.524425,-0.2039246,-0.5294276,-0.09251408,0.8432956,0.1024322,1.530195,-0.1862782,-0.5590574,-0.1051394,0.8224357,0.04701066,1.529801,-0.2231438,-0.513496,-0.1047256,0.8516774,0.07472145,1.529998,-0.204711,358.069,326.3573,0.3389644,0,2,False
1,Center_Head_Far,69,5.199998,0.07280396,1.528534,-0.2058582,-0.02188803,1.185775,-0.1383869,-0.159058,-0.1838358,-0.06642618,0.9677255,0.03565094,1.46329,-0.1516085,0.2752196,-0.6070731,-0.5151206,0.5388574,Cube,0.04008048,1.523944,-0.1495334,0.07381476,1.529722,-0.2056224,-0.5418023,-0.1047397,0.8339543,0.1002468,1.5287,-0.1870285,-0.5707512,-0.107632,0.8140383,0.04536111,1.528368,-0.2246879,-0.5256152,-0.1072661,0.8439329,0.07280396,1.528534,-0.2058582,358.2132,325.5354,0.2858297,0,2,False
1,Center_Head_Far,70,5.219998,0.07185765,1.528107,-0.2068598,-0.02387027,1.186195,-0.1394046,-0.1595223,-0.18897,-0.0668115,0.966633,0.03394162,1.462934,-0.153119,0.2834428,-0.6085646,-0.5165487,0.5314949,Cube,0.03657007,1.521529,-0.1500862,0.07280396,1.528534,-0.2058582,-0.5442945,-0.1051995,0.8322719,0.09918205,1.528231,-0.1878583,-0.571865,-0.1068036,0.8133655,0.04453325,1.527983,-0.2258613,-0.5267696,-0.106478,0.8433127,0.07185765,1.528107,-0.2068598,358.2947,325.1788,0.2129431,0,2,False
1,Center_Head_Far,71,5.239998,0.07077556,1.52845,-0.2080475,-0.0281061,1.18703,-0.1417876,-0.1618015,-0.1984459,-0.06637312,0.9643828,0.03126351,1.461091,-0.1540755,0.268276,-0.6224115,-0.5110589,0.528631,Cube,0.03428234,1.520845,-0.149404,0.07095382,1.527539,-0.2077228,-0.5550171,-0.1072821,0.8248918,0.09778196,1.528647,-0.1885973,-0.5848622,-0.1093404,0.8037294,0.04376916,1.528252,-0.2274977,-0.5402688,-0.108892,0.8344173,0.07077556,1.52845,-0.2080475,358.4403,324.229,0.3399838,0,2,False
1,Center_Head_Far,72,5.259998,0.0705997,1.528484,-0.2083107,-0.02942056,1.186342,-0.1430804,-0.1618394,-0.1973254,-0.06355117,0.9647964,0.03151541,1.46021,-0.1540166,0.2499724,-0.6144548,-0.511709,0.5459973,Cube,0.0316036,1.520878,-0.1498284,0.07077556,1.52845,-0.2080475,-0.5627748,-0.1091162,0.8193767,0.09757428,1.528673,-0.1888163,-0.5859822,-0.1124535,0.8024831,0.04362512,1.528296,-0.2278051,-0.5414393,-0.1120157,0.8332443,0.0705997,1.528484,-0.2083107,358.6198,324.1367,0.3247276,0,2,False
1,Center_Head_Far,73,5.279998,0.0692483,1.528955,-0.2094313,-0.0323809,1.185488,-0.144632,-0.1577201,-0.2017621,-0.06253977,0.964627,0.03037525,1.460084,-0.1562517,0.271651,-0.6088402,-0.5195646,0.5343895,Cube,0.03020339,1.520652,-0.1494954,0.07007068,1.528365,-0.2088907,-0.5403665,-0.1076398,0.8345165,0.09604584,1.529077,-0.1896937,-0.5658547,-0.1033937,0.8179964,0.04245076,1.528833,-0.2291689,-0.520606,-0.1028822,0.8475758,0.0692483,1.528955,-0.2094313,358.4328,323.621,0.2095608,0,2,False
1,Center_Head_Far,74,5.299998,0.06843882,1.529368,-0.2096735,-0.03341928,1.184769,-0.1449544,-0.1551739,-0.2050488,-0.06396475,0.9642534,0.02973542,1.460564,-0.1578416,0.2810759,-0.6093695,-0.5210028,0.5274668,Cube,0.02983443,1.521104,-0.1485624,0.0692483,1.528955,-0.2094313,-0.5120465,-0.09741146,0.8534163,0.09511151,1.529465,-0.1897673,-0.5405313,-0.09374024,0.8360853,0.04176613,1.52927,-0.2295796,-0.4945169,-0.09310831,0.8641666,0.06843882,1.529368,-0.2096735,358.1983,323.2603,0.1682518,0,2,False
1,Center_Head_Far,75,5.319998,0.06810271,1.52926,-0.2100299,-0.03531484,1.184161,-0.1457858,-0.1543235,-0.2118988,-0.06794925,0.962635,0.02827208,1.461749,-0.159289,0.2847377,-0.6089935,-0.5203997,0.5265317,Cube,0.02916815,1.521897,-0.1442219,0.06780712,1.529717,-0.2100934,-0.5224699,-0.09257614,0.8476172,0.09464508,1.529478,-0.1899513,-0.5464056,-0.08109746,0.8335851,0.04156034,1.529041,-0.2301085,-0.500573,-0.08033357,0.8619589,0.06810271,1.52926,-0.2100299,357.4835,322.8769,0.3762508,0,2,False
1,Center_Head_Far,76,5.339998,0.06806768,1.529361,-0.2102334,-0.03596704,1.184156,-0.1462554,-0.1544929,-0.2143883,-0.06986643,0.9619191,0.02806788,1.463345,-0.1578647,0.2772448,-0.6072767,-0.5185707,0.534261,Cube,0.02804982,1.522163,-0.145051,0.06810271,1.52926,-0.2100299,-0.5236815,-0.08071555,0.8480818,0.09459533,1.529581,-0.1901354,-0.5470705,-0.07999456,0.8332554,0.04154004,1.52914,-0.2303314,-0.5012585,-0.07923231,0.8616624,0.06806768,1.529361,-0.2102334,357.4203,322.8344,0.3804271,0,2,False
1,Center_Head_Far,77,5.359998,0.06787329,1.52946,-0.210441,-0.03724813,1.183993,-0.146933,-0.1540179,-0.2176415,-0.07071113,0.9612027,0.0272668,1.463576,-0.1585054,0.2793902,-0.6069313,-0.5190751,0.5330446,Cube,0.0279108,1.523171,-0.1452009,0.06806768,1.529361,-0.2102334,-0.5096707,-0.06495096,0.8579144,0.09433277,1.529697,-0.1902536,-0.5355474,-0.06254584,0.8421859,0.04141381,1.529222,-0.2306285,-0.4894077,-0.06178431,0.8698637,0.06787329,1.52946,-0.210441,357.2625,322.6383,0.4093243,0,2,False
1,Center_Head_Far,78,5.379998,0.06763762,1.530452,-0.2110064,-0.03727743,1.184864,-0.1481873,-0.1568358,-0.2164496,-0.07287176,0.9608548,0.02816268,1.466523,-0.1532562,0.2634359,-0.597528,-0.5313792,0.5396277,Cube,0.0289056,1.524494,-0.1448478,0.06754863,1.530959,-0.2101109,-0.5104605,-0.06195594,0.8576664,0.09420577,1.53054,-0.1909609,-0.5314541,-0.05736583,0.8451425,0.04106947,1.530364,-0.2310518,-0.4851626,-0.05687736,0.8725722,0.06763762,1.530452,-0.2110064,356.9421,322.9576,0.1523741,0,2,False
1,Center_Head_Far,79,5.399998,0.06752995,1.53059,-0.2113035,-0.03817612,1.184879,-0.1488606,-0.1569166,-0.2185546,-0.07378487,0.9602952,0.02773964,1.467099,-0.1529772,0.2626078,-0.5958878,-0.5335456,0.5397074,Cube,0.02742736,1.525571,-0.1434458,0.06763762,1.530452,-0.2110064,-0.5084935,-0.05712161,0.8591691,0.09408253,1.53064,-0.1912372,-0.5322768,-0.054304,0.8448269,0.04097737,1.53054,-0.2313697,-0.4860057,-0.05389661,0.8722922,0.06752995,1.53059,-0.2113035,356.7601,322.9162,0.08575982,0,2,False
1,Center_Head_Far,80,5.419998,0.06731332,1.531046,-0.2114632,-0.03699091,1.186976,-0.1507738,-0.1638213,-0.2093706,-0.07362881,0.9611999,0.02736123,1.467564,-0.1549215,0.2632967,-0.6017538,-0.531969,0.5343934,Cube,0.02827082,1.52618,-0.1449698,0.06755688,1.531681,-0.211613,-0.4883516,-0.04708281,0.8713759,0.09398325,1.530865,-0.191554,-0.5071574,-0.04915934,0.8604503,0.04064339,1.531228,-0.2313725,-0.4602251,-0.04909466,0.8864438,0.06731332,1.531046,-0.2114632,356.9289,323.2752,359.6873,0,2,False
1,Center_Head_Far,81,5.439998,0.06722376,1.531202,-0.2116424,-0.03700702,1.186987,-0.1508008,-0.1638612,-0.2093748,-0.07365114,0.9611905,0.02735174,1.467577,-0.1549246,0.2632871,-0.6017482,-0.5320035,0.5343701,Cube,0.02867851,1.527321,-0.1425263,0.06731332,1.531046,-0.2114632,-0.4838659,-0.04912698,0.8737622,0.09391137,1.530952,-0.1917576,-0.5064878,-0.04807905,0.8609056,0.04053614,1.531452,-0.2315272,-0.4595317,-0.04813302,0.8868561,0.06722376,1.531202,-0.2116424,356.8538,323.3341,359.5694,0,2,False
1,Center_Head_Far,82,5.459998,0.06720448,1.531176,-0.2122488,-0.03766693,1.188554,-0.1527025,-0.1706628,-0.2084316,-0.07376063,0.960203,0.02752527,1.467353,-0.1550758,0.2619544,-0.6004217,-0.5338102,0.5347153,Cube,0.03004254,1.527427,-0.1445008,0.06729122,1.531105,-0.212015,-0.481091,-0.04789863,0.8753612,0.09395938,1.53091,-0.1924549,-0.5036041,-0.04701151,0.8626544,0.04044957,1.531442,-0.2320428,-0.4565601,-0.04710006,0.888445,0.06720448,1.531176,-0.2122488,356.7891,323.5308,359.5409,0,2,False
1,Center_Head_Far,83,5.479998,0.06714074,1.53127,-0.2124742,-0.03766693,1.188554,-0.1527025,-0.1706628,-0.2084316,-0.07376063,0.960203,0.02752527,1.467353,-0.1550758,0.2619544,-0.6004217,-0.5338102,0.5347153,Cube,0.02996417,1.527468,-0.1444888,0.06720448,1.531176,-0.2122488,-0.4684894,-0.09184328,0.8786823,0.09391974,1.530957,-0.1927136,-0.4910251,-0.09115797,0.8663629,0.04036175,1.531582,-0.2322349,-0.4437437,-0.09094284,0.8915273,0.06714074,1.53127,-0.2124742,356.7312,323.6065,359.4612,0,2,False
1,Center_Head_Far,84,5.499998,0.06688338,1.531135,-0.2126817,-0.03804564,1.189172,-0.1531828,-0.1727338,-0.2085579,-0.07205661,0.9599347,0.0274763,1.467547,-0.1552515,0.2573979,-0.5968013,-0.5384864,0.53629,Cube,0.03312594,1.524602,-0.1486773,0.06714074,1.53127,-0.2124742,-0.4675533,-0.09105042,0.8792632,0.09359132,1.530739,-0.1928266,-0.4943666,-0.0895557,0.864628,0.04017544,1.531531,-0.2325368,-0.4471738,-0.08948849,0.8899592,0.06688338,1.531135,-0.2126817,356.6212,323.4126,359.3171,0,2,False
1,Center_Head_Far,85,5.519998,0.06634823,1.530454,-0.2130283,-0.03827293,1.188165,-0.1522131,-0.1684548,-0.2088549,-0.0698506,0.9607932,0.02631474,1.467262,-0.1554653,0.2526033,-0.6024687,-0.5358282,0.5348936,Cube,0.03299227,1.524535,-0.1489473,0.06649782,1.530517,-0.2128379,-0.5131814,-0.09216408,0.8533174,0.09307268,1.529899,-0.1931993,-0.5358359,-0.09179231,0.8393176,0.03962378,1.531009,-0.2328574,-0.4896308,-0.09220564,0.8670408,0.06634823,1.530454,-0.2130283,356.7437,323.4796,359.0433,0,2,False
1,Center_Head_Far,86,5.539998,0.06605811,1.53063,-0.212673,-0.03823927,1.187618,-0.15203,-0.1671185,-0.2092714,-0.07116225,0.9608397,0.02583247,1.467078,-0.1551991,0.2498049,-0.5971337,-0.5378674,0.5401182,Cube,0.03032661,1.523985,-0.1531316,0.06634823,1.530454,-0.2130283,-0.5129207,-0.09199898,0.853492,0.09278903,1.530191,-0.1928498,-0.5351343,-0.09666494,0.8392181,0.03932718,1.53107,-0.2324962,-0.4889228,-0.09686603,0.8669322,0.06605811,1.53063,-0.212673,357.0386,323.4792,359.2417,0,2,False
1,Center_Head_Far,87,5.559998,0.06563569,1.530667,-0.212797,-0.03845482,1.187393,-0.1522272,-0.1660231,-0.2094066,-0.0715036,0.9609748,0.02584239,1.46697,-0.1550452,0.2510048,-0.5937437,-0.5386218,0.5425419,Cube,0.03000133,1.524163,-0.1526751,0.06582636,1.530665,-0.2127267,-0.5293059,-0.09310305,0.8433073,0.09240635,1.530129,-0.1930299,-0.5514644,-0.09371111,0.8289182,0.03886502,1.531204,-0.2325641,-0.5057007,-0.09419282,0.8575515,0.06563569,1.530667,-0.212797,357.0972,323.6053,359.0734,0,2,False
1,Center_Head_Far,88,5.579998,0.06554258,1.530002,-0.2128592,-0.0385021,1.187007,-0.1527807,-0.1645142,-0.2092126,-0.0728432,0.9611759,0.02603254,1.466772,-0.1552508,0.2553265,-0.5967826,-0.5365904,0.5391936,Cube,0.02815454,1.524074,-0.1530808,0.06563569,1.530667,-0.212797,-0.5287765,-0.09395198,0.8435452,0.09231032,1.529456,-0.1930883,-0.5514164,-0.09795047,0.8284598,0.03877484,1.530547,-0.23263,-0.5056576,-0.09842733,0.8571013,0.06554258,1.530002,-0.2128592,357.3409,323.5938,359.0599,0,2,False
1,Center_Head_Far,89,5.599998,0.06565926,1.527344,-0.2133281,-0.03804858,1.187024,-0.1536187,-0.1661505,-0.2078516,-0.07488983,0.9610324,0.02586819,1.466091,-0.1553936,0.2564461,-0.5974929,-0.5360687,0.538394,Cube,0.02840553,1.523403,-0.1536153,0.06537385,1.529846,-0.2129251,-0.5282632,-0.09991193,0.8431818,0.09248827,1.526747,-0.193642,-0.5486044,-0.1052448,0.8294315,0.03883026,1.527941,-0.2330143,-0.5027581,-0.1057747,0.8579313,0.06565926,1.527344,-0.2133281,357.7572,323.7704,358.9716,0,2,False
1,Center_Head_Far,90,5.619998,0.06559213,1.526542,-0.2134907,-0.03804858,1.187024,-0.1536187,-0.1661505,-0.2078516,-0.07488983,0.9610324,0.02586819,1.466091,-0.1553936,0.2564461,-0.5974929,-0.5360687,0.538394,Cube,0.03083906,1.520759,-0.1577502,0.06565926,1.527344,-0.2133281,-0.5258745,-0.1055097,0.8439927,0.09243962,1.525919,-0.1938306,-0.5477529,-0.1078228,0.8296631,0.03874464,1.527164,-0.2331509,-0.5018801,-0.1083836,0.8581196,0.06559213,1.526542,-0.2134907,357.9038,323.8243,358.9275,0,2,False
1,Center_Head_Far,91,5.639998,0.06507327,1.526561,-0.2148678,-0.03605754,1.187748,-0.1570934,-0.1725789,-0.1983656,-0.07323658,0.9620312,0.02577833,1.462336,-0.1557687,0.2496986,-0.5956262,-0.5368831,0.5428044,Cube,0.03126645,1.519655,-0.1584004,0.06525653,1.527009,-0.2144679,-0.5062677,-0.1044572,0.8560267,0.09193705,1.525889,-0.1952316,-0.528604,-0.1086833,0.8418822,0.03820949,1.527234,-0.234504,-0.4821866,-0.1091929,0.8692369,0.06507327,1.526561,-0.2148678,358.8205,323.8588,358.8418,0,2,False
1,Center_Head_Far,92,5.659998,0.0650001,1.52577,-0.2150608,-0.03605754,1.187748,-0.1570934,-0.1725789,-0.1983656,-0.07323658,0.9620312,0.02578004,1.461674,-0.1558758,0.2477098,-0.59527,-0.5366254,0.544359,Cube,0.03155595,1.519646,-0.1581948,0.06507327,1.526561,-0.2148678,-0.5055803,-0.1089381,0.8558744,0.09187278,1.525092,-0.195437,-0.528079,-0.1119079,0.8417892,0.03812742,1.526449,-0.2346846,-0.4816498,-0.1124101,0.8691246,0.0650001,1.52577,-0.2150608,359.0061,323.8814,358.8314,0,2,False
1,Center_Head_Far,93,5.679998,0.06504541,1.524396,-0.2154502,-0.03434049,1.188224,-0.1573574,-0.1728007,-0.1952875,-0.077373,0.9622973,0.02574031,1.459391,-0.1565124,0.2345278,-0.597444,-0.5391931,0.5452783,Cube,0.0296188,1.518147,-0.1551653,0.0650001,1.52577,-0.2150608,-0.5050495,-0.112159,0.8557718,0.0919518,1.524099,-0.1958631,-0.5255089,-0.1157864,0.8428724,0.03813902,1.524692,-0.2350373,-0.4790388,-0.1156473,0.8701423,0.06504541,1.524396,-0.2154502,359.2771,323.9529,359.49,0,2,False
1,Center_Head_Far,94,5.699998,0.064646,1.522427,-0.2164993,-0.03376943,1.188283,-0.1574971,-0.173582,-0.1943951,-0.08088127,0.9620489,0.02577923,1.457855,-0.1568795,0.2289429,-0.5977305,-0.5401863,0.5463535,Cube,0.03037835,1.516697,-0.1567092,0.06485087,1.523617,-0.2159072,-0.5013342,-0.1198592,0.8569118,0.09158494,1.522207,-0.196956,-0.5233329,-0.1244536,0.8429912,0.03770706,1.522647,-0.2360426,-0.4768216,-0.1241442,0.8701893,0.064646,1.522427,-0.2164993,359.7881,324.0418,359.6215,0,2,False
1,Center_Head_Far,95,5.719998,0.06408782,1.521892,-0.2166177,-0.03129283,1.189707,-0.1561369,-0.1808422,-0.1931416,-0.1049778,0.9586304,0.02503583,1.45606,-0.1580134,0.2285011,-0.601234,-0.5414894,0.5413817,Cube,0.03075693,1.514325,-0.158574,0.064646,1.522427,-0.2164993,-0.4960501,-0.115257,0.8606103,0.09092489,1.52199,-0.1969337,-0.5220181,-0.12408,0.8438609,0.03725074,1.521795,-0.2363016,-0.4755303,-0.1232207,0.8710267,0.06408782,1.521892,-0.2166177,0.3331085,323.7424,0.1678602,0,2,False
1,Center_Head_Far,96,5.739998,0.0628306,1.519007,-0.2179756,-0.0285345,1.195037,-0.1531238,-0.1891749,-0.2009186,-0.1165341,0.9540778,0.02445967,1.453725,-0.1581527,0.2172172,-0.6055617,-0.5310671,0.5514342,Cube,0.03001343,1.513975,-0.1575011,0.06367648,1.521118,-0.217043,-0.4987675,-0.1288378,0.8571066,0.08965135,1.519311,-0.1982715,-0.5212067,-0.1336064,0.8429074,0.03600986,1.518704,-0.2376797,-0.4747502,-0.1323589,0.8701112,0.0628306,1.519007,-0.2179756,0.9134495,323.7052,0.5228812,0,2,False
1,Center_Head_Far,97,5.759998,0.06280809,1.517986,-0.2186662,-0.02617653,1.202387,-0.1503166,-0.2038723,-0.2240901,-0.1264284,0.9445822,0.02436752,1.452658,-0.157428,0.2055758,-0.6112062,-0.5185968,0.5614471,Cube,0.03010959,1.510555,-0.1617462,0.0628306,1.519007,-0.2179756,-0.4981643,-0.1329827,0.8568243,0.08958784,1.518431,-0.1989091,-0.5214865,-0.1434516,0.8411144,0.03602834,1.517542,-0.2384233,-0.4750948,-0.1419204,0.8684145,0.06280809,1.517986,-0.2186662,1.504268,323.6016,0.7651259,0,2,False
1,Center_Head_Far,98,5.779998,0.06182435,1.51516,-0.2205704,-0.02337906,1.20811,-0.148464,-0.2174203,-0.2362332,-0.139274,0.936763,0.02430914,1.450658,-0.1569674,0.1889179,-0.6188436,-0.5050309,0.5712149,Cube,0.02957378,1.509115,-0.1615044,0.06239368,1.516806,-0.2192972,-0.5058371,-0.128256,0.8530412,0.08859768,1.515855,-0.2008118,-0.5272283,-0.1333001,0.8392029,0.03505102,1.514465,-0.2403289,-0.4809903,-0.1314654,0.8668132,0.06182435,1.51516,-0.2205704,2.155104,323.6179,1.197636,0,2,False
1,Center_Head_Far,99,5.799998,0.06041246,1.516775,-0.2209531,-0.01763115,1.22015,-0.1492828,-0.2654948,-0.2402634,-0.1583211,0.9201742,0.0275574,1.447813,-0.1513498,0.1425402,-0.6217699,-0.5030667,0.5831023,Cube,0.02886883,1.506804,-0.1649943,0.06182435,1.51516,-0.2205704,-0.5042992,-0.1323828,0.8533213,0.08715093,1.517369,-0.2011441,-0.5278909,-0.1457291,0.8367164,0.03367398,1.516182,-0.2407621,-0.4817059,-0.1439942,0.8644217,0.06041246,1.516775,-0.2209531,2.86326,323.5184,1.022246,0,2,False
1,Center_Head_Far,100,5.819998,0.05964709,1.51643,-0.2216273,-0.01561665,1.224085,-0.1487222,-0.277704,-0.2446957,-0.16631,0.9139724,0.02805109,1.446484,-0.1504439,0.129985,-0.6235853,-0.4989637,0.5876057,Cube,0.02620481,1.507796,-0.1630706,0.06041246,1.516775,-0.2209531,-0.6293073,-0.1305065,0.7661203,0.08636803,1.517087,-0.2017966,-0.6496626,-0.1382196,0.7475519,0.03292616,1.515772,-0.241458,-0.6079584,-0.137538,0.7819654,0.05964709,1.51643,-0.2216273,3.284576,323.4844,1.13346,0,2,False
1,Center_Head_Far,101,5.839998,0.05746659,1.517219,-0.2224459,-0.005740706,1.24098,-0.1558133,-0.3747315,-0.2360474,-0.1687475,0.8805579,0.0309374,1.433,-0.1332197,0.102296,-0.5731243,-0.5099768,0.6332359,Cube,0.01403977,1.506972,-0.1661048,0.05871957,1.515784,-0.2221402,-0.6298816,-0.1348253,0.7648996,0.08419905,1.517788,-0.2026281,-0.65106,-0.1216702,0.749211,0.03073413,1.516649,-0.2422637,-0.6093412,-0.121085,0.7836081,0.05746659,1.517219,-0.2224459,2.337215,323.489,0.9813284,0,2,False
1,Center_Head_Far,102,5.859998,0.05648564,1.517406,-0.2229992,-0.002804332,1.246305,-0.1566305,-0.3978007,-0.2371795,-0.1737799,0.8690806,0.03177277,1.429911,-0.1298735,0.08937749,-0.5659851,-0.5076977,0.6433627,Cube,0.01083412,1.507237,-0.1658176,0.05746659,1.517219,-0.2224459,-0.6506877,-0.1092926,0.751439,0.08321272,1.517988,-0.2031745,-0.6709294,-0.110408,0.7332555,0.02975855,1.516825,-0.242824,-0.6301625,-0.1099217,0.7686433,0.05648564,1.517406,-0.2229992,2.38607,323.4756,1.00208,0,2,False
1,Center_Head_Far,103,5.879998,0.05504167,1.518719,-0.2237772,0.007589055,1.25686,-0.16861,-0.470863,-0.2234503,-0.1744747,0.8354141,0.03209254,1.415782,-0.1153158,0.05421829,-0.535375,-0.467457,0.7013686,ControllerGrabLocation,-0.0007541738,1.507792,-0.1568965,0.05573682,1.51806,-0.2233717,-0.6509619,-0.1027843,0.7521196,0.08177776,1.519361,-0.2039665,-0.6713409,-0.0984209,0.7345847,0.02830558,1.518077,-0.2435879,-0.6305609,-0.09778542,0.7699553,0.05504167,1.518719,-0.2237772,1.680962,323.495,1.106281,0,2,False
1,Center_Head_Far,104,5.899998,0.05418479,1.519258,-0.2242309,0.01124576,1.262104,-0.1711188,-0.4967611,-0.2211897,-0.1776791,0.8202034,0.032791,1.411343,-0.1106798,0.03959,-0.5244423,-0.4583522,0.716454,MathCanvas,-2.137009,1.172603,2.308912,0.05504167,1.518719,-0.2237772,-0.6531812,-0.0816421,0.7527875,0.08091941,1.519923,-0.204419,-0.6734363,-0.07994936,0.7349093,0.02745017,1.518592,-0.2440428,-0.6327078,-0.07920372,0.7703295,0.05418479,1.519258,-0.2242309,1.558729,323.4905,1.146177,0,2,False
1,Center_Head_Far,105,5.919998,0.05265239,1.520286,-0.2246924,0.01998537,1.264951,-0.1832945,-0.5070497,-0.1701731,-0.1589663,0.8298622,0.03540469,1.393951,-0.09525242,0.0117226,-0.4997048,-0.4173355,0.7589393,MathCanvas,-2.157739,1.242786,2.324998,0.05347494,1.519718,-0.2243976,-0.6528971,-0.07304414,0.7539164,0.07941677,1.521003,-0.2049225,-0.6727972,-0.07031106,0.7364783,0.02588801,1.519569,-0.2444624,-0.6320176,-0.06944085,0.7718366,0.05265239,1.520286,-0.2246924,0.9926522,323.5694,1.234304,0,2,False
1,Center_Head_Far,106,5.939998,0.05184203,1.520869,-0.2250197,0.02382653,1.268997,-0.1868525,-0.5257578,-0.1609177,-0.1580938,0.8201772,0.03629924,1.388236,-0.0897155,-0.002656847,-0.4874783,-0.4040095,0.7740377,MathCanvas,-2.163243,1.272379,2.334057,0.05265239,1.520286,-0.2246924,-0.6579816,-0.05902006,0.7507176,0.0786114,1.52161,-0.2052574,-0.6779349,-0.05640066,0.7329551,0.02507267,1.520129,-0.244782,-0.6373926,-0.05545256,0.7685413,0.05184203,1.520869,-0.2250197,0.8110739,323.5817,1.274225,0,2,False
1,Center_Head_Far,107,5.959998,0.05151533,1.520989,-0.2244921,0.02844651,1.261332,-0.1972968,-0.4971923,-0.1132219,-0.1107186,0.8530663,0.03999804,1.368153,-0.07713042,-0.002797186,-0.4683951,-0.3639234,0.8050826,MathCanvas,-2.191569,1.319638,2.334578,0.05184203,1.520869,-0.2250197,-0.6579046,-0.05592661,0.7510219,0.07842142,1.521645,-0.2049134,-0.6730919,-0.05400874,0.737584,0.02460925,1.520333,-0.2440709,-0.6323044,-0.05318619,0.7728923,0.05151533,1.520989,-0.2244921,0.6890214,323.9713,1.129995,0,2,False
1,Center_Head_Far,108,5.979998,0.05035952,1.522001,-0.2240072,0.03717303,1.256588,-0.2109024,-0.5173324,-0.06612509,-0.08698564,0.8487804,0.04303315,1.344532,-0.05901191,0.00902462,-0.4301592,-0.3193331,0.8443388,MathCanvas,-2.193186,1.330173,2.337915,0.05088482,1.521493,-0.2244835,-0.6647658,-0.04210615,0.7458643,0.07734887,1.522764,-0.2045473,-0.6828104,-0.04084837,0.7294528,0.02337017,1.521239,-0.2434672,-0.64254,-0.03982932,0.7652164,0.05035952,1.522001,-0.2240072,0.4103378,324.2169,1.312848,0,2,False
1,Center_Head_Far,109,5.999998,0.04986692,1.52265,-0.22359,0.04080416,1.250313,-0.2173561,-0.5218437,-0.02951478,-0.08016086,0.8487535,0.04565365,1.328312,-0.04789886,0.02356938,-0.4003523,-0.2963243,0.866807,MathCanvas,-2.228981,1.377629,2.333403,0.05035952,1.522001,-0.2240072,-0.6629168,-0.04033885,0.7476056,0.07686666,1.523577,-0.2041516,-0.6822899,-0.0378188,0.7301029,0.02286717,1.521724,-0.2430284,-0.6419998,-0.03651607,0.7658348,0.04986692,1.52265,-0.22359,0.1989918,324.2536,1.594678,0,2,False
1,Center_Head_Far,110,6.019998,0.04881245,1.523287,-0.2229044,0.04631932,1.240342,-0.226349,-0.5195987,0.03528671,-0.07278988,0.8505726,0.05214928,1.300905,-0.02941517,0.02707097,-0.3432613,-0.2613399,0.9017429,MathCanvas,-2.223338,1.384325,2.34002,0.0493248,1.523186,-0.2233174,-0.6612463,-0.03437914,0.7493807,0.07586196,1.524367,-0.2035433,-0.6803563,-0.03334947,0.7321223,0.02176293,1.522207,-0.2422655,-0.6399742,-0.03177068,0.7677393,0.04881245,1.523287,-0.2229044,359.9066,324.4032,1.860127,0,2,False
1,Center_Head_Far,111,6.039998,0.04830305,1.523669,-0.2225717,0.04988664,1.238169,-0.2315302,-0.5239501,0.06079563,-0.06537418,0.8470575,0.05454101,1.288988,-0.02076505,0.02704743,-0.3188985,-0.2408487,0.9162773,MathCanvas,-2.221781,1.405236,2.350326,0.04881245,1.523287,-0.2229044,-0.6646585,-0.03274317,0.7464294,0.07538012,1.524817,-0.2032531,-0.6834541,-0.03102949,0.7293337,0.02122598,1.522522,-0.2418904,-0.6432478,-0.02933745,0.7650957,0.04830305,1.523669,-0.2225717,359.7466,324.4846,1.975999,0,2,False
1,Center_Head_Far,112,6.059998,0.04792042,1.523219,-0.2212842,0.0404813,1.231714,-0.2174734,-0.4319153,0.007714512,-0.05727962,0.9000604,0.06807107,1.258985,-0.002472863,0.04023394,-0.2446928,-0.2352777,0.9397612,MathCanvas,-2.235873,1.411144,2.342619,0.0479693,1.523363,-0.221873,-0.663742,-0.03032753,0.7473465,0.07491878,1.524724,-0.20188,-0.6856911,-0.03266808,0.7271593,0.02092207,1.521715,-0.2406883,-0.6456265,-0.03040316,0.7630479,0.04792042,1.523219,-0.2212842,359.7592,324.2837,2.591001,0,2,False
1,Center_Head_Far,113,6.079998,0.04805981,1.523508,-0.2210477,0.03267409,1.233791,-0.2073389,-0.3978442,-0.05188138,-0.05069315,0.9145811,0.07533115,1.246356,0.003659181,0.0562929,-0.2056493,-0.2334693,0.9487,MathCanvas,-2.233631,1.418971,2.34765,0.04792042,1.523219,-0.2212842,-0.6704182,-0.03964737,0.7409234,0.07502279,1.525186,-0.2016086,-0.6907488,-0.04494442,0.7216967,0.02109682,1.521831,-0.2404868,-0.6510126,-0.04248431,0.7578771,0.04805981,1.523508,-0.2210477,359.9604,324.2081,2.889163,0,2,False
1,Center_Head_Far,114,6.099998,0.04783458,1.523847,-0.2202567,0.03183407,1.230527,-0.2064131,-0.368661,-0.0573443,-0.03733977,0.9270418,0.08457218,1.220888,0.01972293,0.06646476,-0.1421112,-0.2077669,0.9655153,MathCanvas,-2.251647,1.387507,2.32051,0.04793838,1.52365,-0.2206216,-0.6711887,-0.04383668,0.7399893,0.07478232,1.525762,-0.2008184,-0.690695,-0.04548115,0.7217145,0.02088684,1.521932,-0.2396949,-0.6509835,-0.04263637,0.7578936,0.04783458,1.523847,-0.2202567,359.9343,324.1921,3.299057,0,2,False
1,Center_Head_Far,115,6.119998,0.04784311,1.524377,-0.2198553,0.02799302,1.230547,-0.2050001,-0.3884656,-0.07952187,-0.04115097,0.9171027,0.09269441,1.209335,0.02306281,0.1036761,-0.1150937,-0.211319,0.9650642,MathCanvas,-2.251307,1.373686,2.314559,0.04783458,1.523847,-0.2202567,-0.671084,-0.04405881,0.7400711,0.07479408,1.526273,-0.2004195,-0.6906687,-0.04485827,0.7217786,0.02089213,1.522482,-0.239291,-0.6509516,-0.04204253,0.757954,0.04784311,1.524377,-0.2198553,359.9031,324.1971,3.264296,0,2,False
1,Center_Head_Far,116,6.139998,0.04762389,1.524882,-0.2193173,0.02768117,1.22926,-0.2085739,-0.4315593,-0.09921229,-0.05714142,0.8947896,0.1006776,1.20102,0.02264629,0.1151241,-0.1037402,-0.2049906,0.9664177,MathCanvas,-2.250713,1.37347,2.314991,0.04784311,1.524377,-0.2198553,-0.6710551,-0.04345045,0.7401332,0.07460673,1.526665,-0.1999152,-0.6900722,-0.04001642,0.7226334,0.02064105,1.523098,-0.2387194,-0.6502994,-0.03735287,0.7587591,0.04762389,1.524882,-0.2193173,359.6496,324.2631,3.071975,0,2,False
1,Center_Head_Far,117,6.159998,0.04721049,1.526039,-0.2180187,0.02822243,1.229185,-0.2106023,-0.4681855,-0.1271667,-0.07819075,0.870929,0.115652,1.19061,0.01875272,0.07776147,-0.0957578,-0.2247112,0.966586,MathCanvas,-2.251057,1.376044,2.315989,0.04740651,1.525529,-0.2186266,-0.6688317,-0.06463295,0.740599,0.07418388,1.527761,-0.198598,-0.6894727,-0.05957985,0.721857,0.0202371,1.524316,-0.2374394,-0.6497229,-0.05713766,0.7580206,0.04721049,1.526039,-0.2180187,358.9808,324.1935,2.967187,0,2,False
1,Center_Head_Far,118,6.179998,0.04705581,1.526557,-0.2174432,0.02773323,1.228251,-0.2109209,-0.4726088,-0.1368084,-0.08003254,0.8669021,0.1219732,1.181353,0.02157199,0.07698075,-0.0766715,-0.2222677,0.9689131,MathCanvas,-2.228034,1.30617,2.301364,0.04721049,1.526039,-0.2180187,-0.6698421,-0.0583588,0.7402066,0.07402724,1.528295,-0.1980212,-0.6897376,-0.05635088,0.7218634,0.02008438,1.524819,-0.2368653,-0.6499925,-0.05386347,0.7580293,0.04705581,1.526557,-0.2174432,358.79,324.1791,2.994035,0,2,False
1,Center_Head_Far,119,6.199998,0.04695497,1.526781,-0.216344,0.02766117,1.229234,-0.2095727,-0.4853527,-0.1520658,-0.07637071,0.8575992,0.1324612,1.169949,0.02063318,0.07423005,-0.04472773,-0.2191453,0.9718357,MathCanvas,-2.236068,1.327644,2.305514,0.04704714,1.526536,-0.2169638,-0.6708918,-0.05272963,0.7396782,0.07389711,1.528556,-0.1968846,-0.6909761,-0.05284766,0.7209433,0.02001282,1.525006,-0.2358034,-0.6512865,-0.05027875,0.7571643,0.04695497,1.526781,-0.216344,358.5783,324.0848,3.057486,0,2,False
1,Center_Head_Far,120,6.219998,0.04679763,1.526672,-0.2158899,0.02847101,1.230118,-0.2085944,-0.4835721,-0.1462142,-0.06768848,0.8603474,0.1355143,1.167158,0.01790258,0.07026255,-0.02734876,-0.2076575,0.9752916,MathCanvas,-2.243479,1.346761,2.308928,0.04695497,1.526781,-0.216344,-0.6713763,-0.05156326,0.7393207,0.07374043,1.528381,-0.1964256,-0.6909598,-0.0551589,0.7207858,0.01985482,1.524963,-0.2353542,-0.651269,-0.0527112,0.7570142,0.04679763,1.526672,-0.2158899,358.7278,324.0891,2.944361,0,2,False
1,Center_Head_Far,121,6.239998,0.04656029,1.526649,-0.2151925,0.0308309,1.230172,-0.2074558,-0.4779021,-0.126546,-0.05718538,0.867367,0.1433616,1.157798,0.01631047,0.0749451,0.003365673,-0.2041421,0.9760624,MathCanvas,-2.246169,1.350567,2.309129,0.04666904,1.526599,-0.2155968,-0.6760034,-0.0587946,0.7345492,0.07346708,1.528402,-0.1956823,-0.695859,-0.05950246,0.7157093,0.0196535,1.524897,-0.2347028,-0.6564607,-0.05702818,0.7522016,0.04656029,1.526649,-0.2151925,358.8437,323.993,3.019253,0,2,False
1,Center_Head_Far,122,6.259998,0.04645153,1.526697,-0.2147899,0.03104514,1.229952,-0.2072071,-0.4799771,-0.1287258,-0.05527984,0.866023,0.1483373,1.151356,0.01677066,0.0747515,0.02063533,-0.200762,0.976566,MathCanvas,-2.258495,1.32617,2.289494,0.04656029,1.526649,-0.2151925,-0.6764064,-0.05826536,0.7342203,0.07334805,1.528458,-0.1952663,-0.6962523,-0.05898169,0.7153698,0.01955501,1.524936,-0.2343135,-0.6568732,-0.05649083,0.7518819,0.04645153,1.526697,-0.2147899,358.8115,323.9619,3.033218,0,2,False
1,Center_Head_Far,123,6.279998,0.04603452,1.52744,-0.2148525,0.03559661,1.23082,-0.2059129,-0.4763511,-0.09377903,-0.0515291,0.8727198,0.1459248,1.153988,0.0125111,0.09975181,0.02917317,-0.2140583,0.9712763,MathCanvas,-2.260523,1.327975,2.289366,0.04645153,1.526697,-0.2147899,-0.6889277,-0.06669926,0.7217548,0.07280599,1.529426,-0.1951792,-0.7115936,-0.0706384,0.6990314,0.01926305,1.525454,-0.2345258,-0.6731722,-0.06792101,0.7363599,0.04603452,1.52744,-0.2148525,358.9092,323.6241,3.4216,0,2,False
1,Center_Head_Far,124,6.299998,0.04555503,1.527042,-0.2148683,0.03928947,1.23133,-0.2028878,-0.4758049,-0.09182566,-0.05833774,0.872797,0.1448093,1.151416,0.008508552,0.07088336,0.04195815,-0.1832269,0.9796137,MathCanvas,-2.303132,1.300003,2.24625,0.04572144,1.527185,-0.2149036,-0.6928359,-0.06973925,0.717715,0.07232745,1.528918,-0.1951855,-0.7117155,-0.07270031,0.6986958,0.01878262,1.525166,-0.2345511,-0.6732937,-0.07017788,0.7360371,0.04555503,1.527042,-0.2148683,359.0597,323.6239,3.231732,0,2,False
1,Center_Head_Far,125,6.319998,0.04536873,1.52721,-0.214475,0.04067156,1.231445,-0.2028572,-0.4839204,-0.09992401,-0.06356101,0.8670619,0.1452706,1.14859,0.00730579,0.06062296,0.05185296,-0.1676434,0.9826148,MathCanvas,-2.316525,1.289281,2.232031,0.04555503,1.527042,-0.2148683,-0.6927568,-0.07143915,0.7176242,0.0721316,1.529096,-0.1947802,-0.7118992,-0.07417995,0.698353,0.01860587,1.525324,-0.2341699,-0.6734945,-0.07165207,0.7357113,0.04536873,1.52721,-0.214475,359.143,323.6019,3.249084,0,2,False
1,Center_Head_Far,126,6.339998,0.04508422,1.526861,-0.2145647,0.04318555,1.231856,-0.2045216,-0.5117518,-0.1176869,-0.07074922,0.8480887,0.1449201,1.142827,0.005126994,0.04611728,0.06916595,-0.1366821,0.9871207,MathCanvas,-2.315381,1.283762,2.231017,0.04526583,1.526892,-0.2146458,-0.6888767,-0.08476514,0.7199054,0.07183914,1.528825,-0.1948667,-0.7080575,-0.08765826,0.700693,0.0183293,1.524897,-0.2342627,-0.6694957,-0.0850857,0.7379267,0.04508422,1.526861,-0.2145647,359.4268,323.6042,3.383277,0,2,False
1,Center_Head_Far,127,6.359998,0.0450278,1.526667,-0.2148793,0.04361693,1.232528,-0.2052483,-0.5238347,-0.1187098,-0.06665403,0.8408701,0.1419796,1.139831,0.004783317,0.0535765,0.06812774,-0.1300703,0.9877095,MathCanvas,-2.292269,1.239254,2.228068,0.04508422,1.526861,-0.2145647,-0.6890283,-0.08637202,0.7195692,0.0717821,1.528707,-0.1951881,-0.7076017,-0.08992787,0.7008657,0.0182735,1.524628,-0.2345705,-0.6690378,-0.08724849,0.7380895,0.0450278,1.526667,-0.2148793,359.5386,323.6186,3.513384,0,2,False
1,Center_Head_Far,128,6.379998,0.04491088,1.527371,-0.2153791,0.04485409,1.233114,-0.2020789,-0.5088271,-0.1019732,-0.06320533,0.852468,0.1373964,1.132393,0.00419753,0.06369422,0.07635701,-0.1207634,0.9876887,MathCanvas,-2.292364,1.233667,2.226116,0.04497762,1.526944,-0.215178,-0.6878941,-0.08620544,0.7206734,0.07171088,1.529591,-0.1957697,-0.705826,-0.0849358,0.7032748,0.01811088,1.525151,-0.2349885,-0.6671747,-0.08192583,0.7403824,0.04491088,1.527371,-0.2153791,359.1994,323.7538,3.824751,0,2,False
1,Center_Head_Far,129,6.399998,0.0448126,1.527577,-0.2155105,0.04583357,1.233324,-0.2016084,-0.5109664,-0.1010688,-0.06329673,0.8512885,0.1370161,1.128924,0.003563937,0.06309316,0.08385824,-0.1124775,0.9880971,MathCanvas,-2.288811,1.234914,2.229549,0.04491088,1.527371,-0.2153791,-0.686752,-0.0834309,0.7220879,0.07162863,1.529859,-0.1959302,-0.7051067,-0.08417366,0.7040875,0.01799657,1.525296,-0.2350909,-0.6664243,-0.08105763,0.7411534,0.0448126,1.527577,-0.2155105,359.1385,323.8048,3.931082,0,2,False
1,Center_Head_Far,130,6.419998,0.04460826,1.527934,-0.215756,0.04721129,1.23338,-0.2008411,-0.5107712,-0.1002771,-0.06412827,0.851437,0.1350004,1.12191,0.001868255,0.06151287,0.0995049,-0.09246566,0.9888201,MathCanvas,-2.286665,1.244335,2.23593,0.04471578,1.527782,-0.2156451,-0.6815565,-0.07759846,0.7276394,0.07145225,1.530336,-0.1962284,-0.7002182,-0.07873993,0.7095735,0.01776427,1.525533,-0.2352836,-0.6612478,-0.07536504,0.7463722,0.04460826,1.527934,-0.215756,359.0255,323.8955,4.13859,0,2,False
1,Center_Head_Far,131,6.439998,0.04477626,1.528633,-0.2161829,0.04785778,1.232199,-0.2014827,-0.5067387,-0.1054507,-0.06841549,0.8528865,0.1295312,1.118983,-0.001189861,0.07145498,0.09768002,-0.07877182,0.989519,MathCanvas,-2.27106,1.264285,2.256484,0.04460826,1.527934,-0.215756,-0.6809832,-0.07705259,0.7282341,0.07166854,1.531161,-0.1967379,-0.6983346,-0.0753656,0.7117926,0.01788399,1.526105,-0.235628,-0.6592724,-0.07176087,0.7484719,0.04477626,1.528633,-0.2161829,358.7968,324.0387,4.35725,0,2,False
1,Center_Head_Far,132,6.459998,0.04468675,1.528874,-0.2163351,0.04818338,1.232155,-0.2014174,-0.5074054,-0.1053164,-0.06919944,0.8524434,0.1269473,1.116018,-0.002787884,0.07489667,0.09923438,-0.07239982,0.9895965,MathCanvas,-2.269804,1.26674,2.258997,0.04477626,1.528633,-0.2161829,-0.6791921,-0.07226296,0.7303946,0.07159857,1.531475,-0.1969269,-0.6976101,-0.072842,0.7127652,0.01777492,1.526272,-0.2357434,-0.6585115,-0.06909955,0.7493917,0.04468675,1.528874,-0.2163351,358.7064,324.1002,4.484624,0,2,False
1,Center_Head_Far,133,6.479998,0.04475706,1.529377,-0.2165288,0.04897012,1.232761,-0.2001194,-0.5119004,-0.1059615,-0.07641597,0.8490528,0.1169376,1.113869,-0.009140342,0.06370968,0.07839908,-0.06490473,0.9927649,MathCanvas,-2.266409,1.282984,2.268988,0.0448181,1.529073,-0.216502,-0.6775858,-0.06959212,0.7321438,0.07171763,1.532003,-0.1971916,-0.6960688,-0.06936869,0.7146161,0.01779649,1.526751,-0.2358659,-0.65688,-0.06556205,0.7511393,0.04475706,1.529377,-0.2165288,358.4983,324.2316,4.527502,0,2,False
1,Center_Head_Far,134,6.499998,0.04463489,1.529678,-0.2164878,0.04917479,1.233077,-0.1999142,-0.5171122,-0.1105109,-0.08001117,0.8449737,0.111596,1.113276,-0.01241753,0.05927166,0.06367974,-0.059503,0.9944301,MathCanvas,-2.26237,1.292421,2.276364,0.04475706,1.529377,-0.2165288,-0.6767217,-0.06746548,0.7331413,0.07162336,1.532231,-0.1971797,-0.6956313,-0.06593098,0.7153672,0.01764643,1.527126,-0.2357959,-0.6563939,-0.06222076,0.7518481,0.04463489,1.529678,-0.2164878,358.3176,324.2899,4.400655,0,2,False
1,Center_Head_Far,135,6.519998,0.04445592,1.530244,-0.216623,0.05014557,1.23324,-0.1994592,-0.5221467,-0.1133586,-0.08501291,0.8410026,0.1040835,1.109859,-0.01704575,0.05807549,0.0509534,-0.04997058,0.9957579,MathCanvas,-2.260816,1.299837,2.281173,0.04455527,1.529993,-0.2165632,-0.6755127,-0.06214068,0.7347252,0.07148641,1.532799,-0.1973741,-0.6944606,-0.0616628,0.7168837,0.01742542,1.527689,-0.2358719,-0.6551463,-0.05791904,0.7532786,0.04445592,1.530244,-0.216623,358.0692,324.396,4.405443,0,2,False
1,Center_Head_Far,136,6.539998,0.04424484,1.530304,-0.2165052,0.05009709,1.233322,-0.1996392,-0.5240463,-0.1149588,-0.08798285,0.8392967,0.09882043,1.109861,-0.01959504,0.06641687,0.03362995,-0.05826067,0.9955217,MathCanvas,-2.260198,1.318238,2.290046,0.04445592,1.530244,-0.216623,-0.6783326,-0.05940396,0.7323497,0.07126178,1.532818,-0.1972319,-0.6985782,-0.05808276,0.7131724,0.0172279,1.52779,-0.2357785,-0.6594757,-0.05439445,0.7497553,0.04424484,1.530304,-0.2165052,357.8949,324.3372,4.335075,0,2,False
1,Center_Head_Far,137,6.559998,0.04394629,1.530452,-0.2165252,0.04862826,1.234189,-0.199413,-0.5258757,-0.1164423,-0.09330613,0.8373709,0.08994206,1.110717,-0.02281546,0.08095753,0.007118843,-0.07026432,0.9942123,MathCanvas,-2.272913,1.327382,2.285173,0.04411312,1.530546,-0.2165244,-0.6789024,-0.05399795,0.7322402,0.07091057,1.532903,-0.1971703,-0.7007784,-0.05744977,0.711062,0.01698201,1.528,-0.2358801,-0.6617779,-0.05385895,0.7477629,0.04394629,1.530452,-0.2165252,357.8747,324.1722,4.227183,0,2,False
1,Center_Head_Far,138,6.579998,0.04372024,1.530132,-0.2164816,0.04840334,1.234527,-0.1993731,-0.5295594,-0.1173876,-0.09823498,0.8343482,0.08621394,1.112191,-0.0236096,0.07845221,-0.002670352,-0.06826942,0.994574,MathCanvas,-2.279096,1.345684,2.289026,0.04394629,1.530452,-0.2165252,-0.684994,-0.06029937,0.7260491,0.07067082,1.53251,-0.1970985,-0.7047048,-0.06396353,0.7066116,0.01676966,1.527754,-0.2358647,-0.6659506,-0.06055678,0.743534,0.04372024,1.530132,-0.2164816,358.005,324.133,4.100325,0,2,False
1,Center_Head_Far,139,6.599998,0.04355945,1.530186,-0.2164845,0.04846308,1.234735,-0.1992292,-0.5315443,-0.1183257,-0.1009736,0.8326249,0.0824013,1.111517,-0.02537737,0.07975868,-0.0109033,-0.06685972,0.9945097,MathCanvas,-2.298077,1.323986,2.265671,0.04372024,1.530132,-0.2164816,-0.6855771,-0.06226026,0.7253329,0.07050514,1.532534,-0.1970909,-0.70503,-0.06340238,0.7063376,0.01661376,1.527838,-0.2358781,-0.6662862,-0.06004066,0.743275,0.04355945,1.530186,-0.2164845,357.9807,324.1135,4.048367,0,2,False
1,Center_Head_Far,140,6.619998,0.04312893,1.529916,-0.216472,0.04805648,1.235181,-0.1990697,-0.5344335,-0.1213117,-0.1077423,0.8294914,0.07639697,1.114148,-0.02638394,0.06984976,-0.02659449,-0.06089144,0.9953421,MathCanvas,-2.299131,1.317436,2.262055,0.04331639,1.52993,-0.2164787,-0.688283,-0.06301538,0.7227002,0.07005125,1.532138,-0.1970311,-0.7077618,-0.0644322,0.7035068,0.01620661,1.527694,-0.2359129,-0.6691593,-0.06129228,0.740587,0.04312893,1.529916,-0.216472,358.0651,324.037,3.829767,0,2,False
1,Center_Head_Far,141,6.639997,0.04279621,1.529764,-0.2163827,0.0472051,1.235352,-0.198995,-0.5333354,-0.1240439,-0.106993,0.829891,0.07503141,1.116835,-0.02542968,0.05993888,-0.02981312,-0.0583007,0.996052,MathCanvas,-2.309233,1.314547,2.253518,0.04312893,1.529916,-0.216472,-0.6887109,-0.06286232,0.7223058,0.06968715,1.531949,-0.1968943,-0.7090478,-0.0639658,0.7022533,0.01590526,1.527578,-0.2358711,-0.6705061,-0.06088203,0.7394018,0.04279621,1.529764,-0.2163827,358.0482,323.9399,3.766701,0,2,False
1,Center_Head_Far,142,6.659997,0.04223035,1.529511,-0.216228,0.04558357,1.235811,-0.1992922,-0.5382391,-0.1286439,-0.1053904,0.8262217,0.07181963,1.120207,-0.02466193,0.04740238,-0.03482127,-0.05501133,0.9967518,MathCanvas,-2.311209,1.314901,2.252449,0.04257828,1.529722,-0.2163578,-0.6906319,-0.06223202,0.720524,0.06906081,1.531658,-0.1966523,-0.7112383,-0.06507055,0.6999327,0.01539988,1.527363,-0.2358037,-0.6728123,-0.06205614,0.7372059,0.04223035,1.529511,-0.216228,358.123,323.7638,3.702098,0,2,False
1,Center_Head_Far,143,6.679997,0.04186138,1.528966,-0.216167,0.04475018,1.236048,-0.1995375,-0.5428491,-0.1321487,-0.1042845,0.8227857,0.07212157,1.122709,-0.02298191,0.03870562,-0.03127851,-0.05397617,0.9973015,MathCanvas,-2.319291,1.316717,2.247505,0.04223035,1.529511,-0.216228,-0.6934046,-0.06838523,0.7172959,0.06865028,1.531094,-0.1965323,-0.7137277,-0.07140809,0.6967738,0.01507248,1.526839,-0.2358017,-0.6754684,-0.06848267,0.7342019,0.04186138,1.528966,-0.216167,358.2182,323.6465,3.667099,0,2,False
1,Center_Head_Far,144,6.699997,0.04140884,1.528844,-0.2161257,0.04269728,1.23564,-0.1999254,-0.5463056,-0.1441936,-0.1042808,0.8184644,0.07454754,1.128037,-0.01887609,0.02057484,-0.01908977,-0.05091346,0.9983086,MathCanvas,-2.326011,1.295441,2.233291,0.04158734,1.528817,-0.2161967,-0.6958387,-0.07170918,0.7146092,0.06812224,1.530986,-0.19639,-0.7162249,-0.07280735,0.6940613,0.01469545,1.526702,-0.2358615,-0.678108,-0.06986873,0.7316337,0.04140884,1.528844,-0.2161257,358.2955,323.4332,3.692313,0,2,False
1,Center_Head_Far,145,6.719997,0.04111786,1.528839,-0.2160822,0.04195068,1.235622,-0.1999319,-0.5469987,-0.1471482,-0.1051927,0.8173581,0.07327462,1.129545,-0.01843748,0.01497424,-0.0203312,-0.04923277,0.9984681,MathCanvas,-2.333514,1.284098,2.222861,0.04140884,1.528844,-0.2161257,-0.6981274,-0.073199,0.712222,0.06779847,1.530975,-0.1963014,-0.7180466,-0.07496668,0.6919459,0.01443725,1.526703,-0.2358629,-0.6800435,-0.07205942,0.7296221,0.04111786,1.528839,-0.2160822,358.3152,323.3388,3.681779,0,2,False
1,Center_Head_Far,146,6.739997,0.04075973,1.528845,-0.2159907,0.04089395,1.235425,-0.1996952,-0.5449303,-0.149402,-0.1060197,0.8182236,0.07377077,1.1313,-0.01691655,0.009407401,-0.01703011,-0.05026102,0.9985466,MathCanvas,-2.341725,1.278997,2.214869,0.04111786,1.528839,-0.2160822,-0.6992996,-0.07351312,0.7110387,0.06740131,1.53099,-0.1961584,-0.7194865,-0.07380664,0.6905736,0.01411814,1.526701,-0.235823,-0.6815584,-0.07087643,0.7283233,0.04075973,1.528845,-0.2159907,358.2452,323.2222,3.696665,0,2,False
1,Center_Head_Far,147,6.759997,0.04016842,1.528773,-0.2158064,0.03938396,1.235386,-0.199587,-0.5456454,-0.1548047,-0.1075446,0.8165419,0.07277133,1.134326,-0.01517009,-0.0007912518,-0.01525609,-0.04988042,0.9986383,MathCanvas,-2.346325,1.277906,2.211166,0.0404747,1.528792,-0.2158862,-0.7020193,-0.07203253,0.7085056,0.06674267,1.530912,-0.1958833,-0.7218747,-0.07343182,0.6881167,0.01359417,1.526635,-0.2357296,-0.6840749,-0.07050876,0.7259959,0.04016842,1.528773,-0.2158064,358.2251,323.0262,3.686054,0,2,False
1,Center_Head_Far,148,6.779998,0.03972028,1.528575,-0.2156606,0.03837183,1.235103,-0.1987011,-0.5390291,-0.1531672,-0.106272,0.8213975,0.0746746,1.13477,-0.01336541,0.002020121,-0.006658696,-0.05691921,0.9983546,MathCanvas,-2.358257,1.282677,2.204779,0.04016842,1.528773,-0.2158064,-0.7032303,-0.07197036,0.70731,0.06626066,1.530716,-0.1956927,-0.7231237,-0.0724216,0.6869113,0.0131799,1.526433,-0.2356286,-0.6853888,-0.06948596,0.7248543,0.03972028,1.528575,-0.2156606,358.1655,322.9254,3.691169,0,2,False
1,Center_Head_Far,149,6.799998,0.03914967,1.528003,-0.2153385,0.0370325,1.234927,-0.1978067,-0.5366389,-0.1572983,-0.1070423,0.8220815,0.07516243,1.135566,-0.01151672,0.001455605,0.001650052,-0.06295829,0.9980137,MathCanvas,-2.363316,1.282642,2.201316,0.03947004,1.528229,-0.2154705,-0.7037004,-0.0758834,0.7064329,0.06563175,1.53008,-0.1952866,-0.7233547,-0.07772401,0.6860881,0.01266759,1.525925,-0.2353903,-0.6856345,-0.07492496,0.7240798,0.03914967,1.528003,-0.2153385,358.2744,322.7595,3.580678,0,2,False
1,Center_Head_Far,150,6.819998,0.03897015,1.527651,-0.2150939,0.03647573,1.234936,-0.197433,-0.5377375,-0.1600499,-0.1082766,0.8206696,0.0751182,1.135514,-0.01096392,-2.279878E-05,0.004833514,-0.06521483,0.9978595,MathCanvas,-2.362636,1.269007,2.195773,0.03914967,1.528003,-0.2153385,-0.7047514,-0.07632455,0.7053368,0.06542278,1.529703,-0.1950006,-0.7242413,-0.07987181,0.6849051,0.01251753,1.525598,-0.2351871,-0.6865762,-0.07712978,0.7229551,0.03897015,1.527651,-0.2150939,358.4066,322.6814,3.537565,0,2,False
1,Center_Head_Far,151,6.839998,0.03835901,1.527122,-0.2145181,0.03550253,1.235014,-0.1970074,-0.5390616,-0.1631766,-0.1097727,0.8189847,0.07433455,1.13523,-0.01002377,-0.0009728373,0.007695985,-0.06769829,0.9976757,MathCanvas,-2.36644,1.267145,2.192315,0.03866481,1.52741,-0.2148979,-0.7067222,-0.07948589,0.7030119,0.06476399,1.529104,-0.1943553,-0.7258421,-0.08245102,0.6829019,0.01195402,1.525139,-0.234681,-0.6882669,-0.07984334,0.7210504,0.03835901,1.527122,-0.2145181,358.5767,322.5497,3.416173,0,2,False
1,Center_Head_Far,152,6.859998,0.03808251,1.526881,-0.2141301,0.03514806,1.235077,-0.1967771,-0.5385273,-0.1634142,-0.1102019,0.8192312,0.07362943,1.134693,-0.009717699,0.0003347099,0.007311611,-0.0682778,0.9976395,MathCanvas,-2.372077,1.256017,2.183263,0.03835901,1.527122,-0.2145181,-0.7034347,-0.08079702,0.7061526,0.06446769,1.528811,-0.1939363,-0.7228357,-0.08306988,0.6860088,0.01169732,1.524951,-0.234324,-0.6850603,-0.08052894,0.7240217,0.03808251,1.526881,-0.2141301,358.6467,322.4928,3.324874,0,2,False
1,Center_Head_Far,153,6.879998,0.03770241,1.526464,-0.2135379,0.03497006,1.2351,-0.1963203,-0.5362338,-0.1623678,-0.1110462,0.8208281,0.07260463,1.133107,-0.0103084,0.005403877,0.002021164,-0.06609376,0.9977968,MathCanvas,-2.358205,1.251642,2.191416,0.0377978,1.526611,-0.2138347,-0.7051138,-0.082789,0.7042447,0.06404699,1.528326,-0.1932847,-0.7242382,-0.08507181,0.6842819,0.01135783,1.524602,-0.2337911,-0.6865395,-0.08265627,0.7223789,0.03770241,1.526464,-0.2135379,358.7818,322.3794,3.207796,0,2,False
1,Center_Head_Far,154,6.899998,0.03764217,1.526513,-0.2132684,0.03477936,1.23504,-0.1960635,-0.5360034,-0.1630805,-0.1120055,0.8207069,0.07195465,1.132668,-0.01040367,0.006994575,-0.0006546471,-0.06482428,0.997872,MathCanvas,-2.363308,1.244556,2.184513,0.03770241,1.526464,-0.2135379,-0.7006688,-0.08292446,0.7086514,0.06396609,1.528357,-0.1929868,-0.7201247,-0.08465187,0.6886614,0.01131824,1.524668,-0.23355,-0.6821597,-0.08222939,0.7265648,0.03764217,1.526513,-0.2132684,358.8154,322.3213,3.177916,0,2,False
1,Center_Head_Far,155,6.919998,0.03744541,1.526403,-0.2129649,0.03477936,1.23504,-0.1960635,-0.5360034,-0.1630805,-0.1120055,0.8207069,0.07195465,1.132668,-0.01040367,0.006994575,-0.0006546471,-0.06482428,0.997872,MathCanvas,-2.345708,1.244442,2.197234,0.03764217,1.526513,-0.2132684,-0.701399,-0.08344072,0.7078681,0.06374664,1.528219,-0.1926512,-0.7209067,-0.08551078,0.6877365,0.01114418,1.524588,-0.2332786,-0.6829844,-0.08314222,0.7256857,0.03744541,1.526403,-0.2129649,358.873,322.2578,3.127218,0,2,False
1,Center_Head_Far,156,6.939998,0.03725056,1.526483,-0.2123056,0.03420361,1.234999,-0.1956965,-0.5378371,-0.1634815,-0.112512,0.8193571,0.06690174,1.131342,-0.009566981,0.008661152,-0.0105281,-0.0609274,0.9980491,MathCanvas,-2.348129,1.242608,2.194611,0.03739527,1.526488,-0.2126287,-0.7027447,-0.08296724,0.7065878,0.06352694,1.528283,-0.1919585,-0.7219846,-0.08340149,0.6868643,0.01097418,1.524683,-0.2326528,-0.6841102,-0.08104341,0.7248622,0.03725056,1.526483,-0.2123056,358.7544,322.18,3.10075,0,2,False
1,Center_Head_Far,157,6.959998,0.03710932,1.526481,-0.2119805,0.03420361,1.234999,-0.1956965,-0.5378371,-0.1634815,-0.112512,0.8193571,0.06681775,1.131321,-0.009549014,0.008683653,-0.01066668,-0.06087906,0.9980504,MathCanvas,-2.353419,1.244237,2.191437,0.03725056,1.526483,-0.2123056,-0.6990106,-0.0784245,0.710798,0.06336707,1.52826,-0.1916075,-0.7185152,-0.07971075,0.6909285,0.01085158,1.524701,-0.2323536,-0.6804017,-0.07733272,0.7287477,0.03710932,1.526481,-0.2119805,358.7641,322.1264,3.065594,0,2,False
1,Center_Head_Far,158,6.979998,0.03693716,1.526375,-0.2113528,0.03320529,1.234928,-0.1951832,-0.5377067,-0.1669791,-0.114574,0.8184512,0.06465472,1.131338,-0.009678449,0.00847888,-0.01591451,-0.06116086,0.997965,MathCanvas,-2.341617,1.259603,2.206857,0.03697939,1.526513,-0.2115958,-0.6973888,-0.07326309,0.7129387,0.06319029,1.528097,-0.1909689,-0.7161073,-0.07362287,0.6940965,0.01068403,1.524653,-0.2317367,-0.6778094,-0.07128026,0.7317743,0.03693716,1.526375,-0.2113528,358.7058,322.1059,2.96639,0,2,False
1,Center_Head_Far,159,6.999998,0.03683584,1.526339,-0.2110408,0.03320529,1.234928,-0.1951832,-0.5377067,-0.1669791,-0.114574,0.8184512,0.06427826,1.131279,-0.009643085,0.008529365,-0.01662869,-0.06105273,0.9979596,MathCanvas,-2.338382,1.27684,2.21693,0.03693716,1.526375,-0.2113528,-0.6972136,-0.07245162,0.7131928,0.06307715,1.528036,-0.1906397,-0.7165904,-0.07345722,0.6936153,0.01059452,1.524641,-0.231442,-0.6783149,-0.07115324,0.7313181,0.03683584,1.526339,-0.2110408,358.7021,322.0706,2.924502,0,2,False
1,Center_Head_Far,160,7.019998,0.03672911,1.526422,-0.2103255,0.03251267,1.234914,-0.1941266,-0.5342482,-0.1673535,-0.1160854,0.8204243,0.06250446,1.131265,-0.009443011,0.008233816,-0.02026019,-0.05860196,0.9980419,MathCanvas,-2.338031,1.279552,2.218254,0.03673494,1.526302,-0.2107276,-0.6982042,-0.07215777,0.7122529,0.06295453,1.528111,-0.1899032,-0.7170926,-0.07421716,0.6930152,0.01050369,1.524733,-0.2307478,-0.6788461,-0.07193228,0.7307487,0.03672911,1.526422,-0.2103255,358.7483,322.0277,2.909374,0,2,False
1,Center_Head_Far,161,7.039998,0.03663894,1.52644,-0.2099976,0.03251267,1.234914,-0.1941266,-0.5342482,-0.1673535,-0.1160854,0.8204243,0.06231125,1.131241,-0.009425264,0.008241147,-0.0206298,-0.05847704,0.9980416,MathCanvas,-2.341694,1.280617,2.215954,0.03672911,1.526422,-0.2103255,-0.6964775,-0.06834131,0.7143168,0.06285426,1.528114,-0.1895611,-0.7157922,-0.0695105,0.6948453,0.01042362,1.524767,-0.2304342,-0.6774421,-0.06721012,0.7324991,0.03663894,1.52644,-0.2099976,358.7523,321.9984,2.882541,0,2,False
1,Center_Head_Far,162,7.059998,0.03654848,1.52646,-0.2096682,0.03251267,1.234914,-0.1941266,-0.5342482,-0.1673535,-0.1160854,0.8204243,0.06231125,1.131241,-0.009425264,0.008241147,-0.0206298,-0.05847704,0.9980416,MathCanvas,-2.337344,1.293495,2.224791,0.03663894,1.52644,-0.2099976,-0.696872,-0.06836037,0.7139301,0.06275364,1.528118,-0.1892173,-0.7161784,-0.06951661,0.6944464,0.01034332,1.524802,-0.230119,-0.6778475,-0.0672418,0.7321211,0.03654848,1.52646,-0.2096682,358.7564,321.9691,2.855576,0,2,False
1,Center_Head_Far,163,7.079998,0.03622157,1.526444,-0.209001,0.03204669,1.234815,-0.1937197,-0.5342957,-0.168048,-0.116809,0.8201485,0.06068439,1.131098,-0.009380881,0.008003324,-0.02420068,-0.05884952,0.9979414,MathCanvas,-2.338675,1.29346,2.223696,0.03633824,1.526446,-0.2093295,-0.6952051,-0.06686401,0.7156948,0.062405,1.528088,-0.1885213,-0.7145872,-0.06777962,0.6962551,0.01003813,1.5248,-0.2294807,-0.6761469,-0.06550295,0.7338493,0.03622157,1.526444,-0.209001,358.6699,321.903,2.832614,0,2,False
1,Center_Head_Far,164,7.099998,0.0362667,1.526338,-0.2086804,0.03170237,1.234818,-0.1935044,-0.5343105,-0.1692312,-0.1178798,0.8197423,0.0603702,1.131198,-0.009456094,0.005931228,-0.02420823,-0.05898697,0.9979476,MathCanvas,-2.333036,1.298572,2.230085,0.03622157,1.526444,-0.209001,-0.6956216,-0.06664133,0.7153109,0.06244221,1.527951,-0.188188,-0.7148702,-0.0686677,0.6958773,0.01009119,1.524725,-0.2291727,-0.6764445,-0.06644766,0.7334899,0.0362667,1.526338,-0.2086804,358.7286,321.8815,2.778363,0,2,False
1,Center_Head_Far,165,7.119998,0.03620961,1.526117,-0.2080972,0.03121557,1.234894,-0.1931271,-0.5341362,-0.1705869,-0.1192525,0.8193763,0.06010184,1.131225,-0.009505656,0.004564792,-0.02426396,-0.05892486,0.9979571,MathCanvas,-2.334461,1.299219,2.22915,0.03626646,1.526204,-0.2084173,-0.6950168,-0.0649553,0.7160534,0.06237512,1.527669,-0.1875874,-0.7143092,-0.06651898,0.6966618,0.0100441,1.524565,-0.228607,-0.6758306,-0.06437866,0.7342401,0.03620961,1.526117,-0.2080972,358.853,321.8554,2.673859,0,2,False
1,Center_Head_Far,166,7.139997,0.03618797,1.526121,-0.2077789,0.03094143,1.23491,-0.192659,-0.5322507,-0.1702411,-0.119473,0.8206421,0.05996459,1.131164,-0.009479381,0.004747212,-0.0243644,-0.05893569,0.9979531,MathCanvas,-2.332897,1.304704,2.232717,0.03620961,1.526117,-0.2080972,-0.6953244,-0.06544888,0.7157097,0.06235752,1.527656,-0.1872729,-0.7141154,-0.06788506,0.6967286,0.01001841,1.524587,-0.2282849,-0.675629,-0.06578224,0.734301,0.03618797,1.526121,-0.2077789,358.9363,321.8693,2.642709,0,2,False
1,Center_Head_Far,167,7.159997,0.03598266,1.526236,-0.2071399,0.03073405,1.234887,-0.1922157,-0.5308514,-0.1700855,-0.1199462,0.8215112,0.06007914,1.131065,-0.009370495,0.00586486,-0.02385959,-0.05901997,0.9979544,MathCanvas,-2.333497,1.30307,2.231379,0.03605736,1.52623,-0.2074573,-0.6948967,-0.06311916,0.7163341,0.06216247,1.527758,-0.1866461,-0.7139527,-0.06455749,0.6972114,0.009802846,1.524714,-0.2276337,-0.6754441,-0.06245467,0.7347617,0.03598266,1.526236,-0.2071399,358.9429,321.8974,2.621496,0,2,False
1,Center_Head_Far,168,7.179997,0.03593524,1.526326,-0.2067442,0.03060356,1.234781,-0.1917222,-0.5296704,-0.1689299,-0.1206172,0.8224132,0.05998652,1.130836,-0.009229947,0.006423712,-0.02337717,-0.0586491,0.9979843,MathCanvas,-2.33321,1.311037,2.235142,0.03598266,1.526236,-0.2071399,-0.6949523,-0.0635061,0.716246,0.06212962,1.527847,-0.186269,-0.7135466,-0.06333323,0.6977394,0.009740865,1.524804,-0.2272195,-0.6750116,-0.06122405,0.7352625,0.03593524,1.526326,-0.2067442,358.8721,321.9349,2.620621,0,2,False
1,Center_Head_Far,169,7.199997,0.03582004,1.526204,-0.2062398,0.03057655,1.234754,-0.1913363,-0.5296842,-0.1677843,-0.1206867,0.8226287,0.05985602,1.130625,-0.009079572,0.006235958,-0.0227472,-0.05819031,0.9980268,MathCanvas,-2.332928,1.309855,2.234702,0.03589249,1.526225,-0.2065402,-0.6979742,-0.03517264,0.7152586,0.06205009,1.5277,-0.1858084,-0.7166496,-0.03631003,0.6964875,0.009589987,1.524709,-0.2266712,-0.6782131,-0.03409113,0.734074,0.03582004,1.526204,-0.2062398,358.8835,322.0336,2.575611,0,2,False
1,Center_Head_Far,170,7.219997,0.03578746,1.526159,-0.2059651,0.03052198,1.234702,-0.1910378,-0.5302883,-0.1671479,-0.119945,0.8224775,0.05977264,1.13038,-0.00882202,0.005326957,-0.02125189,-0.05730311,0.9981164,MathCanvas,-2.36497,1.405223,2.254002,0.03582004,1.526204,-0.2062398,-0.6976852,-0.0352006,0.7155391,0.06203742,1.527677,-0.185561,-0.7158784,-0.03719311,0.6972336,0.009537499,1.52464,-0.2263693,-0.6774049,-0.03494187,0.73478,0.03578746,1.526159,-0.2059651,358.9291,322.0931,2.615438,0,2,False
1,Center_Head_Far,171,7.239997,0.03566825,1.52619,-0.2056305,0.03044908,1.23459,-0.1907534,-0.5303428,-0.166505,-0.1193482,0.8226596,0.05986847,1.130295,-0.00864571,0.004407257,-0.02014528,-0.05701261,0.9981605,MathCanvas,-2.363636,1.4051,2.25486,0.03578746,1.526159,-0.2059651,-0.6968949,-0.03606752,0.7162657,0.06193324,1.52775,-0.1852488,-0.7152846,-0.03720913,0.6978419,0.009403266,1.52463,-0.2260122,-0.676783,-0.03489035,0.7353554,0.03566825,1.52619,-0.2056305,358.9202,322.1378,2.686876,0,2,False
1,Center_Head_Far,172,7.259997,0.03538448,1.526161,-0.2050791,0.03033512,1.234319,-0.190302,-0.5295064,-0.1648869,-0.1181064,0.8237028,0.06000893,1.130157,-0.00851414,0.004472882,-0.01991311,-0.05675538,0.9981795,MathCanvas,-2.359794,1.402214,2.256416,0.03557586,1.526152,-0.2053969,-0.6979869,0.06996284,0.7126848,0.06168336,1.527764,-0.1847445,-0.7163615,0.06884043,0.694325,0.009085592,1.524558,-0.2254137,-0.677798,0.0718745,0.7317266,0.03538448,1.526161,-0.2050791,358.8976,322.2353,2.761108,0,2,False
1,Center_Head_Far,173,7.279997,0.0352556,1.526149,-0.2047924,0.03033512,1.234319,-0.190302,-0.5295064,-0.1648869,-0.1181064,0.8237028,0.06000893,1.130157,-0.00851414,0.004472882,-0.01991311,-0.05675538,0.9981795,MathCanvas,-2.359794,1.402214,2.256416,0.03538448,1.526161,-0.2050791,-0.6973313,0.07035762,0.7132874,0.06156928,1.527766,-0.1844781,-0.7158602,0.06879954,0.6948459,0.008941909,1.524531,-0.2251067,-0.6772695,0.07185666,0.7322177,0.0352556,1.526149,-0.2047924,358.8965,322.278,2.785728,0,2,False
1,Center_Head_Far,174,7.299997,0.03528862,1.525855,-0.204381,0.0302171,1.233506,-0.1889629,-0.5244119,-0.1597634,-0.1144964,0.8284675,0.06059668,1.12944,-0.008006278,0.007401019,-0.01732291,-0.05676717,0.9982097,MathCanvas,-2.359794,1.402214,2.256416,0.03518907,1.526,-0.2045579,-0.6961911,0.0695842,0.7144761,0.06163855,1.527465,-0.1841132,-0.7146326,0.06659098,0.696323,0.008938683,1.524244,-0.2246487,-0.6759755,0.06962357,0.7336277,0.03528862,1.525855,-0.204381,359.0263,322.3861,2.77386,0,2,False
1,Center_Head_Far,175,7.319997,0.03515416,1.525769,-0.2041612,0.0302171,1.233506,-0.1889629,-0.5244119,-0.1597634,-0.1144964,0.8284675,0.06059668,1.12944,-0.008006278,0.007401019,-0.01732291,-0.05676717,0.9982097,MathCanvas,-2.359794,1.402214,2.256416,0.03528862,1.525855,-0.204381,-0.6934269,-0.02824762,0.719973,0.0615206,1.527386,-0.1839154,-0.7118991,-0.02998113,0.7016415,0.008787721,1.524153,-0.2244071,-0.6732016,-0.02752562,0.7389464,0.03515416,1.525769,-0.2041612,359.0543,322.4347,2.784219,0,2,False
1,Center_Head_Far,176,7.339997,0.03497925,1.525737,-0.2036205,0.03037854,1.233109,-0.1878241,-0.5201136,-0.1571798,-0.1148502,0.8316164,0.06097084,1.12879,-0.007667188,0.009542228,-0.01596242,-0.05706113,0.9981974,MathCanvas,-2.352095,1.428522,2.274478,0.03509814,1.525794,-0.2038626,-0.6922333,-0.02896169,0.7210925,0.06137583,1.527396,-0.1834174,-0.7107371,-0.03065904,0.7027894,0.008582678,1.524078,-0.2238235,-0.6719834,-0.02813811,0.7400314,0.03497925,1.525737,-0.2036205,359.0834,322.525,2.857657,0,2,False
1,Center_Head_Far,177,7.359997,0.03486036,1.525679,-0.2033784,0.03037854,1.233109,-0.1878241,-0.5201136,-0.1571798,-0.1148502,0.8316164,0.06097084,1.12879,-0.007667188,0.009542228,-0.01596242,-0.05706113,0.9981974,MathCanvas,-2.346826,1.426087,2.277482,0.03497925,1.525737,-0.2036205,-0.6916117,-0.02939861,0.7216709,0.06127304,1.52735,-0.1831973,-0.7101303,-0.0311038,0.7033828,0.008447686,1.524008,-0.2235594,-0.6713467,-0.0285667,0.7405928,0.03486036,1.525679,-0.2033784,359.1064,322.5728,2.877596,0,2,False
1,Center_Head_Far,178,7.379997,0.03469425,1.525998,-0.2032222,0.03024556,1.233258,-0.1882642,-0.5236747,-0.1583941,-0.1140764,0.8292543,0.0612546,1.127687,-0.007100299,0.01290888,-0.01601944,-0.05634782,0.9981992,MathCanvas,-2.344178,1.424552,2.279059,0.03486036,1.525679,-0.2033784,-0.6909894,-0.02983527,0.722249,0.0611195,1.527684,-0.1830589,-0.709769,-0.02914841,0.7038313,0.008268999,1.524312,-0.2233855,-0.6709625,-0.02657434,0.741015,0.03469425,1.525998,-0.2032222,358.9896,322.604,2.904163,0,2,False
1,Center_Head_Far,179,7.399997,0.03457893,1.526216,-0.2029438,0.03008771,1.233329,-0.1882867,-0.5237934,-0.1595556,-0.1145785,0.8288874,0.06141083,1.126911,-0.006926455,0.01429141,-0.01687592,-0.05390316,0.9983013,MathCanvas,-2.341644,1.423394,2.280618,0.03455463,1.526054,-0.2030275,-0.6891299,-0.06710113,0.7215244,0.06104127,1.527853,-0.1828252,-0.7078478,-0.0667351,0.7032054,0.008116581,1.524578,-0.2230624,-0.6690595,-0.06447694,0.7404068,0.03457893,1.526216,-0.2029438,358.902,322.7012,2.82104,0,2,False
1,Center_Head_Far,180,7.419997,0.03446943,1.526263,-0.202763,0.03008771,1.233329,-0.1882867,-0.5237934,-0.1595556,-0.1145785,0.8288874,0.06141083,1.126911,-0.006926455,0.01429141,-0.01687592,-0.05390316,0.9983013,MathCanvas,-2.307661,1.29815,2.249399,0.03457893,1.526216,-0.2029438,-0.6887054,-0.06560608,0.722067,0.0609488,1.527897,-0.1826665,-0.7072946,-0.06631837,0.7038012,0.007990053,1.52463,-0.2228595,-0.6684751,-0.06406435,0.7409702,0.03446943,1.526263,-0.202763,358.8788,322.7482,2.813939,0,2,False
1,Center_Head_Far,181,7.439997,0.03447843,1.526771,-0.2024737,0.02995443,1.233187,-0.1880679,-0.5237212,-0.159044,-0.1146505,0.8290214,0.06157393,1.12674,-0.006896604,0.01465237,-0.01644504,-0.05400528,0.9982977,MathCanvas,-2.307266,1.30319,2.252408,0.03454845,1.526647,-0.2026412,-0.6864465,-0.05859052,0.7248161,0.06101092,1.528404,-0.1824474,-0.7050025,-0.05876099,0.7067662,0.007945936,1.525138,-0.2225001,-0.6660307,-0.05645657,0.7437848,0.03447843,1.526771,-0.2024737,358.6659,322.8895,2.813272,0,2,False
1,Center_Head_Far,182,7.459997,0.03445094,1.526976,-0.2023142,0.02993165,1.233143,-0.1879929,-0.5235274,-0.1587595,-0.1146016,0.829205,0.06160819,1.126696,-0.00689007,0.01468432,-0.01629278,-0.05398735,0.9983007,MathCanvas,-2.303691,1.3272,2.26639,0.03447843,1.526771,-0.2024737,-0.6857673,-0.05760883,0.7255374,0.06100708,1.528605,-0.1823189,-0.7042872,-0.05720998,0.7076063,0.007894801,1.525347,-0.2223095,-0.6652723,-0.0549032,0.7445793,0.03445094,1.526976,-0.2023142,358.5771,322.9525,2.805807,0,2,False
1,Center_Head_Far,183,7.479997,0.03450989,1.527536,-0.202145,0.02976102,1.232941,-0.1875435,-0.5221669,-0.1558326,-0.1137422,0.830735,0.06195012,1.125944,-0.006531354,0.01568049,-0.01385782,-0.05328634,0.99836,MathCanvas,-2.302077,1.330693,2.269717,0.03446489,1.527301,-0.2022102,-0.6933309,-0.0585002,0.7182409,0.06111689,1.52909,-0.1822114,-0.7118565,-0.05807261,0.6999199,0.007902887,1.525982,-0.2220785,-0.6732922,-0.05597413,0.7372548,0.03450989,1.527536,-0.202145,358.3757,323.084,2.67778,0,2,False
1,Center_Head_Far,184,7.499997,0.03471738,1.527672,-0.2021099,0.02969329,1.232986,-0.1874511,-0.5221847,-0.1553233,-0.1136419,0.830833,0.0620793,1.125478,-0.006144542,0.01759762,-0.01240436,-0.0532437,0.9983494,MathCanvas,-2.329981,1.328031,2.247297,0.03450989,1.527536,-0.202145,-0.6926521,-0.05712856,0.7190059,0.06134828,1.529191,-0.1822055,-0.7109696,-0.05761413,0.7008588,0.008086478,1.526154,-0.2220143,-0.6723552,-0.05552889,0.738143,0.03471738,1.527672,-0.2021099,358.351,323.1496,2.616312,0,2,False
1,Center_Head_Far,185,7.519997,0.03493202,1.527873,-0.2020296,0.02957829,1.233047,-0.187313,-0.5216344,-0.1558367,-0.1141017,0.8310194,0.06210228,1.125057,-0.005793359,0.02042374,-0.01170259,-0.05336148,0.9982978,MathCanvas,-2.328553,1.332754,2.251078,0.03477157,1.527819,-0.202035,-0.6911236,-0.05572908,0.7205848,0.06161198,1.529336,-0.1821868,-0.7094196,-0.05684837,0.70249,0.008252073,1.52641,-0.2218724,-0.6707144,-0.05484879,0.7396849,0.03493202,1.527873,-0.2020296,358.321,323.2867,2.52033,0,2,False
1,Center_Head_Far,186,7.539997,0.03501457,1.527886,-0.2020282,0.02943796,1.233066,-0.1871409,-0.5209141,-0.1555617,-0.1141253,0.8315194,0.06193433,1.125186,-0.005772062,0.02024535,-0.01240976,-0.05298239,0.9983131,MathCanvas,-2.323804,1.337675,2.257254,0.03493202,1.527873,-0.2020296,-0.6903179,-0.05584862,0.7213475,0.06172036,1.529323,-0.1822183,-0.7085474,-0.05711169,0.7033485,0.008308789,1.526449,-0.2218381,-0.6697943,-0.05515669,0.7404954,0.03501457,1.527886,-0.2020282,358.3431,323.361,2.475169,0,2,False
1,Center_Head_Far,187,7.559998,0.03504862,1.528003,-0.2019645,0.02943796,1.233066,-0.1871409,-0.5209141,-0.1555617,-0.1141253,0.8315194,0.06193433,1.125186,-0.005772062,0.02024535,-0.01240976,-0.05298239,0.9983131,MathCanvas,-2.320936,1.337283,2.259821,0.03501457,1.527886,-0.2020282,-0.6916817,-0.06932735,0.7188673,0.06177831,1.529415,-0.1821851,-0.7099752,-0.0696834,0.7007706,0.008318918,1.526591,-0.2217439,-0.6713563,-0.06787036,0.7380205,0.03504862,1.528003,-0.2019645,358.3166,323.4279,2.4332,0,2,False
1,Center_Head_Far,188,7.579998,0.03517449,1.527971,-0.2019237,0.02931097,1.233119,-0.1871156,-0.5212237,-0.1546182,-0.1135747,0.8315768,0.06173421,1.125415,-0.005911995,0.01892373,-0.01335285,-0.05216636,0.9983698,MathCanvas,-2.316954,1.292262,2.24248,0.03513037,1.5279,-0.2019724,-0.6900464,-0.06977096,0.7203943,0.06195144,1.529339,-0.1822052,-0.7083557,-0.07045103,0.7023311,0.008397542,1.526603,-0.2216422,-0.6696482,-0.06871626,0.7394927,0.03517449,1.527971,-0.2019237,358.3731,323.5652,2.356247,0,2,False
1,Center_Head_Far,189,7.599998,0.03529878,1.527883,-0.2019091,0.02924059,1.233169,-0.1871594,-0.5217165,-0.1540773,-0.1135094,0.831377,0.06164716,1.125514,-0.005997635,0.01821527,-0.01363955,-0.05177341,0.9983996,MathCanvas,-2.310577,1.290791,2.246993,0.03517449,1.527971,-0.2019237,-0.6918539,-0.07257208,0.7183811,0.06210406,1.52922,-0.182227,-0.7098898,-0.07420801,0.7003925,0.008493507,1.526546,-0.2215911,-0.6712921,-0.07256494,0.7376323,0.03529878,1.527883,-0.2019091,358.4272,323.6483,2.303699,0,2,False
1,Center_Head_Far,190,7.619998,0.0355842,1.527846,-0.2018364,0.02915727,1.233252,-0.1872296,-0.5216745,-0.152483,-0.1137127,0.8316695,0.06143051,1.125999,-0.006270692,0.01658762,-0.01373419,-0.0517173,0.9984296,MathCanvas,-2.315702,1.281274,2.239234,0.03551266,1.527825,-0.2018698,-0.6891119,-0.07322758,0.7209456,0.06246997,1.529125,-0.1822605,-0.7071816,-0.0739616,0.7031528,0.008698426,1.526567,-0.2214123,-0.6684328,-0.07241255,0.7402392,0.0355842,1.527846,-0.2018364,358.429,323.8807,2.202587,0,2,False
1,Center_Head_Far,191,7.639997,0.03565317,1.527886,-0.2018057,0.02915483,1.233261,-0.1872398,-0.5215716,-0.1519458,-0.1136489,0.8318411,0.06139244,1.126104,-0.006325211,0.01642963,-0.01377501,-0.05170904,0.998432,MathCanvas,-2.304946,1.279133,2.246815,0.0355842,1.527846,-0.2018364,-0.6880574,-0.07318708,0.7219561,0.06256745,1.529152,-0.1822682,-0.706214,-0.07361895,0.7041607,0.008738885,1.526621,-0.2213432,-0.6674113,-0.07208866,0.7411919,0.03565317,1.527886,-0.2018057,358.4126,323.963,2.180156,0,2,False
1,Center_Head_Far,192,7.659997,0.03575556,1.527874,-0.2018448,0.02936346,1.233312,-0.18741,-0.5217068,-0.1461786,-0.1129336,0.8328865,0.06121055,1.126321,-0.006529342,0.01608542,-0.01435398,-0.0513767,0.9984466,MathCanvas,-2.301289,1.279312,2.250271,0.03570977,1.527915,-0.2018152,-0.6934529,-0.07335938,0.7167576,0.06271612,1.529125,-0.1823702,-0.7116538,-0.07480277,0.6985368,0.008795008,1.526624,-0.2213194,-0.6731955,-0.07334614,0.7358181,0.03575556,1.527874,-0.2018448,358.4532,324.0999,2.154375,0,2,False
1,Center_Head_Far,193,7.679997,0.0358096,1.52768,-0.2019885,0.02954239,1.233403,-0.1879158,-0.5247777,-0.1438193,-0.1122264,0.8314624,0.06112131,1.12644,-0.006668285,0.01591814,-0.01445816,-0.05137332,0.998448,MathCanvas,-2.321528,1.278501,2.234659,0.03575556,1.527874,-0.2018448,-0.692676,-0.07407451,0.717435,0.06278063,1.528932,-0.1825285,-0.7111765,-0.07617843,0.698874,0.008838577,1.526428,-0.2214485,-0.6726975,-0.07473077,0.7361341,0.0358096,1.52768,-0.2019885,358.5331,324.1337,2.156232,0,2,False
1,Center_Head_Far,194,7.699997,0.03586527,1.527649,-0.2020116,0.02954239,1.233403,-0.1879158,-0.5247777,-0.1438193,-0.1122264,0.8314624,0.06112131,1.12644,-0.006668285,0.01591814,-0.01445816,-0.05137332,0.998448,MathCanvas,-2.318457,1.275916,2.236429,0.0358096,1.52768,-0.2019885,-0.6921883,-0.07545463,0.7177618,0.06285965,1.528888,-0.1825832,-0.7103413,-0.07655479,0.6996818,0.008870887,1.526409,-0.2214399,-0.6718175,-0.07513013,0.7368967,0.03586527,1.527649,-0.2020116,358.5586,324.203,2.135035,0,2,False
1,Center_Head_Far,195,7.719997,0.03612909,1.527631,-0.2022164,0.02967941,1.233402,-0.1876184,-0.5208603,-0.1318793,-0.1081584,0.8364295,0.06108997,1.126344,-0.006834731,0.01607159,-0.01395266,-0.05111351,0.9984661,MathCanvas,-2.315862,1.27129,2.236602,0.03602166,1.527528,-0.2021173,-0.6929379,-0.06663893,0.7179111,0.06314141,1.528987,-0.1828207,-0.7114496,-0.06643361,0.6995898,0.009116776,1.526275,-0.221612,-0.6729767,-0.06474625,0.7368245,0.03612909,1.527631,-0.2022164,358.4727,324.2582,2.335807,0,2,False
1,Center_Head_Far,196,7.739997,0.03618657,1.527643,-0.2022767,0.02971853,1.233413,-0.1876146,-0.520478,-0.129588,-0.1074528,0.8371162,0.06108997,1.126344,-0.006834731,0.01607159,-0.01395266,-0.05111351,0.9984661,MathCanvas,-2.324641,1.300598,2.243635,0.03612909,1.527631,-0.2022164,-0.6924639,-0.06558996,0.7184649,0.06321673,1.529015,-0.182907,-0.7107704,-0.0663641,0.7002865,0.00915641,1.526271,-0.2216463,-0.672263,-0.06465007,0.7374841,0.03618657,1.527643,-0.2022767,358.464,324.3115,2.363363,0,2,False
1,Center_Head_Far,197,7.759997,0.03621379,1.527871,-0.2025472,0.02971466,1.233357,-0.1870275,-0.5149305,-0.1210567,-0.1035201,0.8423036,0.06112721,1.126256,-0.006893773,0.0159955,-0.01345448,-0.05099456,0.9984802,MathCanvas,-2.323919,1.304095,2.246446,0.03624355,1.527648,-0.2023343,-0.6927451,-0.06740899,0.7180253,0.0632835,1.529231,-0.183232,-0.7110755,-0.06702568,0.6999137,0.009144068,1.52651,-0.2218623,-0.6725991,-0.06534496,0.7371163,0.03621379,1.527871,-0.2025472,358.3938,324.4251,2.343243,0,2,False
1,Center_Head_Far,198,7.779997,0.03613833,1.527973,-0.2027548,0.02965797,1.233248,-0.1865616,-0.511882,-0.118038,-0.1003112,0.8449743,0.06117915,1.126153,-0.006980963,0.01594117,-0.01318514,-0.05093001,0.9984879,MathCanvas,-2.324136,1.298192,2.243938,0.03621379,1.527871,-0.2025472,-0.6920877,-0.06618535,0.7187726,0.06322,1.529319,-0.1834553,-0.7107164,-0.06646155,0.700332,0.009056656,1.526627,-0.2220542,-0.6722175,-0.06479998,0.7375123,0.03613833,1.527973,-0.2027548,358.3652,324.4587,2.31825,0,2,False
1,Center_Head_Far,199,7.799997,0.03618583,1.528005,-0.203025,0.0295826,1.233173,-0.1862229,-0.5094973,-0.1157264,-0.09626303,0.8472032,0.06123848,1.125978,-0.007085517,0.01615715,-0.0128647,-0.05079976,0.9984953,MathCanvas,-2.323026,1.302363,2.247373,0.03615808,1.528026,-0.2028624,-0.695096,-0.0655265,0.7159245,0.06329399,1.529385,-0.1837653,-0.7135358,-0.06687777,0.6974196,0.009077668,1.526624,-0.2222847,-0.6752247,-0.06518231,0.7347264,0.03618583,1.528005,-0.203025,358.3668,324.5393,2.378464,0,2,False
1,Center_Head_Far,200,7.819997,0.03620503,1.528047,-0.2031456,0.0295858,1.233152,-0.1860736,-0.5081661,-0.1132816,-0.09472108,0.848506,0.06123848,1.125978,-0.007085517,0.01615715,-0.0128647,-0.05079976,0.9984953,MathCanvas,-2.335212,1.304453,2.239432,0.03618583,1.528005,-0.203025,-0.694631,-0.06603006,0.7163295,0.06332891,1.529436,-0.1839086,-0.712956,-0.06670731,0.6980285,0.009081153,1.526657,-0.2223825,-0.6746145,-0.06499648,0.7353032,0.03620503,1.528047,-0.2031456,358.3542,324.586,2.393191,0,2,False
1,Center_Head_Far,201,7.839997,0.03634835,1.527793,-0.2032989,0.02916137,1.233104,-0.1859841,-0.5061287,-0.1189947,-0.0911704,0.8493303,0.06134878,1.125767,-0.007290322,0.0168865,-0.01203936,-0.05077657,0.9984947,MathCanvas,-2.333581,1.30278,2.240667,0.03620503,1.528047,-0.2031456,-0.6924692,-0.06564983,0.7184542,0.06348201,1.529231,-0.1840794,-0.7108315,-0.06829421,0.7000389,0.009214701,1.526354,-0.2225185,-0.6723744,-0.06650825,0.7372172,0.03634835,1.527793,-0.2032989,358.4432,324.6216,2.477993,0,2,False
1,Center_Head_Far,202,7.859997,0.03628486,1.527789,-0.2036151,0.02905133,1.232466,-0.1857859,-0.4984881,-0.1141823,-0.08797162,0.8548293,0.06162201,1.12545,-0.007626541,0.01809037,-0.01127552,-0.05115923,0.998463,MathCanvas,-2.32577,1.303851,2.247459,0.03627616,1.527786,-0.203471,-0.6906257,-0.06928077,0.7198863,0.06345526,1.529206,-0.184446,-0.7090497,-0.07007642,0.7016679,0.00911445,1.526372,-0.2227842,-0.6704984,-0.06833789,0.738757,0.03628486,1.527789,-0.2036151,358.3999,324.7282,2.441462,0,2,False
1,Center_Head_Far,203,7.879997,0.03622799,1.527739,-0.2037776,0.02918563,1.232444,-0.1860129,-0.4997225,-0.1144833,-0.08862414,0.8540005,0.06174374,1.125323,-0.007802006,0.01879549,-0.01106133,-0.05121795,0.9984494,MathCanvas,-2.316761,1.291741,2.249125,0.03628486,1.527789,-0.2036151,-0.6900241,-0.06920721,0.72047,0.06341518,1.52914,-0.184631,-0.708443,-0.07054983,0.702233,0.009040784,1.526338,-0.2229241,-0.6698593,-0.06884166,0.7392896,0.03622799,1.527739,-0.2037776,358.4325,324.7789,2.413505,0,2,False
1,Center_Head_Far,204,7.899997,0.03626208,1.52746,-0.2040457,0.02930636,1.232754,-0.1867677,-0.506914,-0.1215884,-0.09397037,0.8481887,0.06186312,1.125329,-0.008004468,0.01889035,-0.01095297,-0.05106674,0.9984565,MathCanvas,-2.315056,1.291913,2.251251,0.03626386,1.527516,-0.203897,-0.6887476,-0.07058366,0.7215571,0.06348065,1.528846,-0.1849427,-0.7072403,-0.07180292,0.7033174,0.009043524,1.526074,-0.2231487,-0.6685956,-0.07012945,0.740312,0.03626208,1.52746,-0.2040457,358.5101,324.8753,2.387662,0,2,False
1,Center_Head_Far,205,7.919997,0.03627966,1.527356,-0.204154,0.02931328,1.232768,-0.1874643,-0.5092943,-0.1244264,-0.09474158,0.8462632,0.06193713,1.12526,-0.008168917,0.01885489,-0.01098054,-0.05084872,0.998468,MathCanvas,-2.309579,1.287056,2.253543,0.03626208,1.52746,-0.2040457,-0.6881852,-0.07120369,0.7220328,0.06351343,1.52874,-0.1850725,-0.706712,-0.07191065,0.7038374,0.009045901,1.525972,-0.2232354,-0.66804,-0.07024156,0.7408028,0.03627966,1.527356,-0.204154,358.5033,324.9205,2.384179,0,2,False
1,Center_Head_Far,206,7.939997,0.03620415,1.527484,-0.2044597,0.02923712,1.232835,-0.188296,-0.5114313,-0.12726,-0.09626155,0.8443795,0.06205064,1.125082,-0.008600101,0.01924256,-0.01124746,-0.05009652,0.9984956,MathCanvas,-2.307481,1.284856,2.254882,0.03622774,1.527481,-0.2043037,-0.6869577,-0.06994487,0.7233235,0.06347413,1.528877,-0.1854307,-0.7054414,-0.07061476,0.7052418,0.00893417,1.526091,-0.2234887,-0.6666996,-0.06892005,0.7421331,0.03620415,1.527484,-0.2044597,358.4248,325.0267,2.400061,0,2,False
1,Center_Head_Far,207,7.959997,0.03619329,1.527532,-0.2046359,0.02928209,1.232828,-0.1879576,-0.5094438,-0.1252756,-0.09586469,0.8459214,0.06211237,1.12482,-0.009028856,0.02025768,-0.01159701,-0.04938174,0.9985072,MathCanvas,-2.304113,1.289197,2.259748,0.03620415,1.527484,-0.2044597,-0.6863189,-0.06976742,0.7239468,0.06347549,1.52895,-0.1856263,-0.7049273,-0.07054064,0.705763,0.008911083,1.526114,-0.2236456,-0.6661615,-0.06880467,0.742627,0.03619329,1.527532,-0.2046359,358.4129,325.0644,2.442981,0,2,False
1,Center_Head_Far,208,7.979997,0.03618345,1.527479,-0.2050328,0.02930912,1.232805,-0.1880574,-0.509065,-0.1251386,-0.09554706,0.8462057,0.06221547,1.124518,-0.009475727,0.02130926,-0.01111701,-0.04926779,0.9984964,MathCanvas,-2.302345,1.289809,2.262115,0.03617241,1.527543,-0.2047968,-0.6804414,-0.06429425,0.7299765,0.06349789,1.528904,-0.18607,-0.6990556,-0.06613418,0.7120025,0.008869015,1.526053,-0.2239955,-0.6599327,-0.06432549,0.748566,0.03618345,1.527479,-0.2050328,358.4577,325.164,2.455423,0,2,False
1,Center_Head_Far,209,7.999997,0.03620555,1.527444,-0.2052212,0.02930213,1.23277,-0.1883262,-0.5091237,-0.1255421,-0.09541444,0.8461255,0.06225894,1.124369,-0.00975408,0.02171537,-0.01078968,-0.04955062,0.9984772,MathCanvas,-2.284241,1.308224,2.284315,0.03618345,1.527479,-0.2050328,-0.6793404,-0.06520057,0.730921,0.06353493,1.528861,-0.1862793,-0.6981221,-0.06619994,0.7129117,0.008876162,1.526028,-0.224163,-0.6589473,-0.06440447,0.7494267,0.03620555,1.527444,-0.2052212,358.4658,325.209,2.440022,0,2,False
1,Center_Head_Far,210,8.019998,0.03618012,1.527434,-0.2054066,0.02930213,1.23277,-0.1883262,-0.5091237,-0.1255421,-0.09541444,0.8461255,0.06225894,1.124369,-0.00975408,0.02171537,-0.01078968,-0.04955062,0.9984772,MathCanvas,-2.279955,1.305148,2.2868,0.03620555,1.527444,-0.2052212,-0.6787809,-0.06530224,0.7314316,0.06352542,1.528852,-0.1864879,-0.697511,-0.06629175,0.713501,0.00883483,1.526015,-0.2243253,-0.6583053,-0.06449369,0.749983,0.03618012,1.527434,-0.2054066,358.4706,325.2575,2.443493,0,2,False
1,Center_Head_Far,211,8.039997,0.0361208,1.527459,-0.2057455,0.02929872,1.232673,-0.1887835,-0.5093833,-0.1256393,-0.09513771,0.845986,0.06241728,1.124262,-0.01023859,0.02227727,-0.01048079,-0.04942104,0.9984746,MathCanvas,-2.278089,1.304789,2.288372,0.03615483,1.527423,-0.2055912,-0.6775299,-0.06548278,0.7325745,0.06351026,1.52889,-0.1868918,-0.6958565,-0.06557198,0.7151812,0.008731341,1.526027,-0.2245993,-0.6565658,-0.06374714,0.7515702,0.0361208,1.527459,-0.2057455,358.4249,325.3903,2.465862,0,2,False
1,Center_Head_Far,212,8.059998,0.03608823,1.527457,-0.2059263,0.02929872,1.232673,-0.1887835,-0.5093833,-0.1256393,-0.09513771,0.845986,0.06241728,1.124262,-0.01023859,0.02227727,-0.01048079,-0.04942104,0.9984746,MathCanvas,-2.273687,1.304217,2.291718,0.0361208,1.527459,-0.2057455,-0.6764564,-0.06465959,0.7336388,0.06349578,1.528892,-0.1870992,-0.6951653,-0.065494,0.7158601,0.008680684,1.526022,-0.2247535,-0.6558399,-0.06366272,0.7522107,0.03608823,1.527457,-0.2059263,358.4193,325.4453,2.472035,0,2,False
1,Center_Head_Far,213,8.079997,0.03607398,1.527245,-0.206361,0.02938627,1.232614,-0.1895209,-0.5089703,-0.1224437,-0.09353188,0.8468816,0.06306504,1.124133,-0.01146717,0.02169725,-0.008939104,-0.04828975,0.9985577,MathCanvas,-2.270692,1.306962,2.295851,0.03601849,1.527422,-0.206152,-0.6747066,-0.06535999,0.7351863,0.06353686,1.528669,-0.1876139,-0.6929521,-0.0673542,0.7178307,0.00861109,1.52582,-0.2251082,-0.6535187,-0.06555417,0.7540663,0.03607398,1.527245,-0.206361,358.5306,325.6182,2.454279,0,2,False
1,Center_Head_Far,214,8.099998,0.03604451,1.527206,-0.2065635,0.02938627,1.232614,-0.1895209,-0.5089703,-0.1224437,-0.09353188,0.8468816,0.06306504,1.124133,-0.01146717,0.02169725,-0.008939104,-0.04828975,0.9985577,MathCanvas,-2.264032,1.304429,2.299923,0.03607398,1.527245,-0.206361,-0.6710947,-0.07253794,0.7378144,0.06352993,1.52863,-0.1878494,-0.6897316,-0.07380077,0.7202942,0.008559095,1.525782,-0.2252777,-0.6501413,-0.07204162,0.7563903,0.03604451,1.527206,-0.2065635,358.553,325.688,2.453381,0,2,False
1,Center_Head_Far,215,8.119997,0.03614382,1.527209,-0.206909,0.02949496,1.232695,-0.1898038,-0.5097098,-0.1217206,-0.09248466,0.8466561,0.06357949,1.124148,-0.01208998,0.02132914,-0.008586669,-0.04784304,0.9985902,MathCanvas,-2.24634,1.280505,2.302734,0.03601526,1.527167,-0.2067646,-0.6692706,-0.07330187,0.7393942,0.06369419,1.528671,-0.1882936,-0.6872248,-0.07226704,0.7228413,0.008593446,1.525746,-0.2255244,-0.6475094,-0.07043394,0.7587956,0.03614382,1.527209,-0.206909,358.4527,325.8856,2.519156,0,2,False
1,Center_Head_Far,216,8.139997,0.03612477,1.527263,-0.2070946,0.02949496,1.232695,-0.1898038,-0.5097098,-0.1217206,-0.09248466,0.8466561,0.06365822,1.124148,-0.01216056,0.02121735,-0.008487081,-0.04770238,0.9986002,MathCanvas,-2.239354,1.277985,2.307006,0.03614382,1.527209,-0.206909,-0.6676096,-0.07135051,0.7410847,0.06370112,1.528732,-0.1885182,-0.6862318,-0.07178555,0.723832,0.008548433,1.525795,-0.225671,-0.6464661,-0.06993815,0.7597304,0.03612477,1.527263,-0.2070946,358.4228,325.9647,2.530362,0,2,False
1,Center_Head_Far,217,8.159997,0.03609335,1.52748,-0.2072663,0.02962535,1.232641,-0.1900836,-0.5093021,-0.1201693,-0.09154665,0.8472249,0.06431995,1.124298,-0.01246942,0.02109012,-0.007326903,-0.04729125,0.9986317,MathCanvas,-2.234861,1.284553,2.313829,0.03612477,1.527263,-0.2070946,-0.666591,-0.07086188,0.7420479,0.06370962,1.52897,-0.188751,-0.6847073,-0.07048406,0.7254019,0.008477081,1.525991,-0.2257817,-0.6448648,-0.06859271,0.7612124,0.03609335,1.52748,-0.2072663,358.3411,326.0858,2.566318,0,2,False
1,Center_Head_Far,218,8.179997,0.03604618,1.527593,-0.2076503,0.02962535,1.232641,-0.1900836,-0.5093021,-0.1201693,-0.09154665,0.8472249,0.06445213,1.124316,-0.01251768,0.02115762,-0.007042027,-0.04733527,0.9986302,MathCanvas,-2.231703,1.286403,2.317241,0.03606877,1.527536,-0.2074593,-0.6666086,-0.06571449,0.7425056,0.06372432,1.529097,-0.1892287,-0.6850772,-0.0661954,0.7254568,0.008368047,1.526089,-0.2260719,-0.6452613,-0.06426043,0.7612544,0.03604618,1.527593,-0.2076503,358.2786,326.2758,2.590618,0,2,False
1,Center_Head_Far,219,8.199997,0.03612984,1.527489,-0.2078271,0.02981681,1.232612,-0.1904067,-0.5088122,-0.1175295,-0.08980914,0.8480751,0.06597324,1.124571,-0.01292082,0.02069053,-0.003149757,-0.0479698,0.9986295,MathCanvas,-2.235504,1.303663,2.322527,0.03604618,1.527593,-0.2076503,-0.6654104,-0.06522794,0.7436225,0.06385083,1.529018,-0.1894721,-0.6831845,-0.06799102,0.7270737,0.00840885,1.52596,-0.226182,-0.6432839,-0.06602854,0.7627752,0.03612984,1.527489,-0.2078271,358.3758,326.4155,2.634432,0,2,False
1,Center_Head_Far,220,8.219997,0.0361596,1.527384,-0.2081812,0.02988674,1.232603,-0.1905086,-0.5086812,-0.1168428,-0.08919704,0.8483131,0.0668861,1.124674,-0.01304937,0.02002782,-0.0006089266,-0.04765529,0.9986628,MathCanvas,-2.231676,1.305184,2.326535,0.03616887,1.52739,-0.2079827,-0.662152,-0.06781268,0.746295,0.0639434,1.528931,-0.189923,-0.6805605,-0.06899767,0.7294359,0.008375799,1.525836,-0.2264394,-0.6405365,-0.06701361,0.7649981,0.0361596,1.527384,-0.2081812,358.4292,326.6158,2.66549,1,3,False
1,Center_Head_Far,221,8.239997,0.03615393,1.527355,-0.2083753,0.02990608,1.232597,-0.1905495,-0.5086919,-0.1166995,-0.08902069,0.8483449,0.0668861,1.124674,-0.01304937,0.02002782,-0.0006089266,-0.04765529,0.9986628,MathCanvas,-2.218184,1.296511,2.332633,0.0361596,1.527384,-0.2081812,-0.6607885,-0.0680057,0.7474849,0.06396402,1.528908,-0.1901577,-0.679471,-0.06926925,0.7304252,0.008343829,1.525802,-0.226593,-0.6393957,-0.06727777,0.7659289,0.03615393,1.527355,-0.2083753,358.4433,326.6996,2.675568,1,3,False
1,Center_Head_Far,222,8.259997,0.03608243,1.527168,-0.2087578,0.03004064,1.232513,-0.190991,-0.5097392,-0.115384,-0.08765578,0.8480383,0.06820598,1.12448,-0.01330075,0.02134439,0.002610909,-0.04768625,0.9986309,MathCanvas,-2.213382,1.295842,2.336303,0.0360997,1.527204,-0.2085639,-0.5683329,-0.0897977,0.8178838,0.0639513,1.528735,-0.1906315,-0.5888726,-0.09120966,0.8030628,0.008213555,1.5256,-0.2268842,-0.5445452,-0.08882043,0.8340153,0.03608243,1.527168,-0.2087578,358.4797,326.8877,2.700386,1,3,False
1,Center_Head_Far,223,8.279997,0.03608683,1.527083,-0.2089202,0.03017403,1.232453,-0.1911953,-0.5093255,-0.1139202,-0.08633239,0.8486204,0.06862463,1.124551,-0.01356106,0.02075255,0.003518917,-0.04751641,0.9986486,MathCanvas,-1.877518,1.224815,2.545091,0.03608243,1.527168,-0.2087578,-0.5669209,-0.09001512,0.8188394,0.06398287,1.528648,-0.1908355,-0.5876164,-0.09185907,0.8039085,0.008190794,1.525517,-0.2270048,-0.5432426,-0.08947381,0.8347945,0.03608683,1.527083,-0.2089202,358.5172,326.9753,2.697368,1,3,False
1,Center_Head_Far,224,8.299997,0.0361879,1.526888,-0.2092347,0.03024384,1.232398,-0.1913138,-0.5085895,-0.1134025,-0.08567598,0.8491974,0.06886484,1.124649,-0.01382008,0.02007648,0.003736254,-0.04736416,0.9986689,MathCanvas,-1.872552,1.224031,2.547847,0.03619714,1.526939,-0.2090526,-0.5644663,-0.09130298,0.8203911,0.06413563,1.528475,-0.1912319,-0.5851362,-0.09285883,0.805601,0.008240161,1.525301,-0.2272375,-0.5406735,-0.09044024,0.8363568,0.0361879,1.526888,-0.2092347,358.5612,327.1433,2.734418,0,3,False
1,Center_Head_Far,225,8.319997,0.03619684,1.526826,-0.2094097,0.03025438,1.232384,-0.1913508,-0.5084986,-0.1133436,-0.08558974,0.8492684,0.06893005,1.124662,-0.01388642,0.01995906,0.003814701,-0.04735897,0.9986713,MathCanvas,-1.863643,1.219588,2.551966,0.0361879,1.526888,-0.2092347,-0.5631156,-0.09164962,0.8212802,0.06417416,1.528417,-0.1914533,-0.5837566,-0.09326696,0.8065541,0.008219514,1.525235,-0.2273661,-0.5392434,-0.09084244,0.837236,0.03619684,1.526826,-0.2094097,358.5844,327.2391,2.741454,0,3,False
1,Center_Head_Far,226,8.339997,0.03625644,1.526867,-0.2094805,0.03039925,1.232292,-0.1917296,-0.5089885,-0.1126618,-0.08530936,0.8490939,0.06975953,1.124749,-0.0144906,0.0196059,0.005739721,-0.04764808,0.9986553,MathCanvas,-1.85881,1.218405,2.554378,0.03619684,1.526826,-0.2094097,-0.5630835,-0.09861021,0.8204956,0.0642546,1.528456,-0.1915564,-0.5842291,-0.09912597,0.8055125,0.008258289,1.525277,-0.2274045,-0.5397553,-0.09672802,0.8362463,0.03625644,1.526867,-0.2094805,358.5451,327.3035,2.737869,0,3,False
1,Center_Head_Far,227,8.359997,0.03624394,1.526832,-0.2097935,0.03042093,1.232284,-0.1917996,-0.5090912,-0.112439,-0.08521447,0.8490714,0.06984685,1.124759,-0.01455114,0.01957873,0.005982541,-0.0476562,0.998654,MathCanvas,-1.855148,1.195634,2.546574,0.03624994,1.526843,-0.2096419,-0.5609311,-0.09804951,0.8220357,0.06429899,1.528419,-0.1919584,-0.5816792,-0.09906415,0.8073634,0.008188888,1.525245,-0.2276286,-0.5371079,-0.09667018,0.8379557,0.03624394,1.526832,-0.2097935,358.5418,327.4855,2.733543,0,3,False
1,Center_Head_Far,228,8.379997,0.03632307,1.526665,-0.2099662,0.03059718,1.232207,-0.1923273,-0.5091212,-0.1095272,-0.08373725,0.8495807,0.07026118,1.12469,-0.01498615,0.01934388,0.006835411,-0.04716521,0.9986764,MathCanvas,-1.848292,1.197419,2.551964,0.03624394,1.526832,-0.2097935,-0.5596034,-0.09786727,0.8229618,0.06440246,1.528234,-0.1921678,-0.5805519,-0.1001527,0.8080403,0.008243689,1.525097,-0.2277646,-0.535939,-0.09779054,0.8385741,0.03632307,1.526665,-0.2099662,358.6064,327.5652,2.702007,0,3,False
1,Center_Head_Far,229,8.399997,0.03634415,1.526561,-0.2102924,0.03059718,1.232207,-0.1923273,-0.5091212,-0.1095272,-0.08373725,0.8495807,0.07026118,1.12469,-0.01498615,0.01934388,0.006835411,-0.04716521,0.9986764,MathCanvas,-1.843733,1.197868,2.554875,0.03633361,1.526613,-0.2101293,-0.5552059,-0.09915602,0.8257812,0.06447642,1.528127,-0.1925774,-0.5761373,-0.1006312,0.8111345,0.008211883,1.524995,-0.2280073,-0.5313571,-0.09826154,0.8414299,0.03634415,1.526561,-0.2102924,358.64,327.7372,2.697084,0,3,False
1,Center_Head_Far,230,8.419997,0.03638939,1.526337,-0.2105199,0.03063569,1.232138,-0.1925173,-0.5080452,-0.1083555,-0.0829399,0.8504529,0.07045309,1.124511,-0.01522953,0.02006164,0.007359601,-0.04724246,0.9986549,MathCanvas,-1.828491,1.193514,2.563356,0.03634415,1.526561,-0.2102924,-0.5539311,-0.09969412,0.8265721,0.06454175,1.527888,-0.1928356,-0.57513,-0.102227,0.8116496,0.008237027,1.524786,-0.2282042,-0.5303151,-0.09988403,0.8418961,0.03638939,1.526337,-0.2105199,358.7191,327.8047,2.671692,0,3,False
1,Center_Head_Far,231,8.439997,0.03645711,1.526223,-0.2108324,0.03067282,1.23205,-0.1929073,-0.5071602,-0.1067476,-0.08239504,0.8512371,0.0709435,1.124353,-0.01582675,0.02054772,0.009069859,-0.04771867,0.9986083,MathCanvas,-1.823793,1.191549,2.565232,0.03640438,1.526259,-0.2106918,-0.5517225,-0.1015347,0.8278242,0.06464121,1.52777,-0.1931984,-0.5736774,-0.102347,0.8126619,0.008273011,1.524677,-0.2284664,-0.5288085,-0.1000112,0.8428282,0.03645711,1.526223,-0.2108324,358.7264,327.9076,2.664341,0,3,False
1,Center_Head_Far,232,8.459997,0.03648927,1.526312,-0.2109047,0.03070594,1.23194,-0.1933303,-0.5071089,-0.1037539,-0.08159682,0.8517146,0.07093365,1.124322,-0.01607132,0.02015367,0.008977644,-0.04724529,0.9986396,MathCanvas,-1.815542,1.185396,2.567973,0.03645711,1.526223,-0.2108324,-0.5514497,-0.1011792,0.8280495,0.06468956,1.527862,-0.1932969,-0.5730457,-0.1009456,0.8132826,0.008288976,1.524762,-0.2285126,-0.5281492,-0.09860205,0.8434074,0.03648927,1.526312,-0.2109047,358.6453,327.9568,2.670019,0,3,False
1,Center_Head_Far,233,8.479997,0.03651261,1.526279,-0.2110498,0.03070594,1.23194,-0.1933303,-0.5071089,-0.1037539,-0.08159682,0.8517146,0.07093365,1.124322,-0.01607132,0.02015367,0.008977644,-0.04724529,0.9986396,MathCanvas,-1.814599,1.186677,2.568665,0.03648927,1.526312,-0.2109047,-0.5525819,-0.09636208,0.8278693,0.06473349,1.527828,-0.1934749,-0.5738575,-0.09744728,0.8131369,0.008291718,1.524731,-0.2286247,-0.5289815,-0.0951088,0.843287,0.03651261,1.526279,-0.2110498,358.6405,328.0235,2.667721,0,3,False
1,Center_Head_Far,234,8.499997,0.03661752,1.526254,-0.2112294,0.03059855,1.231719,-0.1936678,-0.504437,-0.1022511,-0.08114745,0.853524,0.07096416,1.124214,-0.01655348,0.02042344,0.00931187,-0.0472424,0.9986312,MathCanvas,-1.820592,1.202428,2.571235,0.03653611,1.526246,-0.2111959,-0.5506622,-0.09619357,0.829167,0.06485453,1.527759,-0.1936765,-0.5733377,-0.09695525,0.8135623,0.008380519,1.52475,-0.2287822,-0.5284345,-0.09468764,0.8436773,0.03661752,1.526254,-0.2112294,358.6165,328.0712,2.591747,0,3,False
1,Center_Head_Far,235,8.519997,0.03663694,1.526235,-0.2113563,0.03059855,1.231719,-0.1936678,-0.504437,-0.1022511,-0.08114745,0.853524,0.07096416,1.124214,-0.01655348,0.02042344,0.00931187,-0.0472424,0.9986312,MathCanvas,-1.814178,1.202944,2.575631,0.03661752,1.526254,-0.2112294,-0.5513278,-0.09324009,0.8290621,0.06488957,1.52773,-0.1938278,-0.5728954,-0.09427501,0.8141886,0.0083843,1.52474,-0.2288848,-0.5279661,-0.0920182,0.8442657,0.03663694,1.526235,-0.2113563,358.6115,328.1212,2.575048,0,3,False
1,Center_Head_Far,236,8.539997,0.03669327,1.525951,-0.2116214,0.03049333,1.23155,-0.194052,-0.5047745,-0.1044315,-0.08188363,0.85299,0.07078853,1.123965,-0.01701356,0.0206596,0.009536895,-0.04724764,0.998624,MathCanvas,-1.817648,1.21264,2.577035,0.03668204,1.526044,-0.2115013,-0.5505587,-0.09452006,0.8294282,0.06494787,1.527412,-0.1940932,-0.5727784,-0.09614009,0.8140528,0.00843868,1.52449,-0.2291497,-0.5278459,-0.09394172,0.844129,0.03669327,1.525951,-0.2116214,358.7224,328.1298,2.516792,0,3,False
1,Center_Head_Far,237,8.559997,0.03670704,1.525895,-0.2117497,0.03049333,1.23155,-0.194052,-0.5047745,-0.1044315,-0.08188363,0.85299,0.07078853,1.123965,-0.01701356,0.0206596,0.009536895,-0.04724764,0.998624,MathCanvas,-1.814386,1.208157,2.577068,0.03669327,1.525951,-0.2116214,-0.5505178,-0.09504098,0.8293958,0.06497131,1.527344,-0.1942362,-0.5723519,-0.09640399,0.8143215,0.008442756,1.524445,-0.2292633,-0.5274028,-0.09422491,0.8443743,0.03670704,1.525895,-0.2117497,358.7387,328.1612,2.496923,0,3,False
1,Center_Head_Far,238,8.579997,0.03672194,1.525792,-0.2119825,0.03041317,1.231519,-0.1941687,-0.5046943,-0.1046545,-0.08191075,0.8530074,0.07072404,1.12394,-0.01712318,0.02074775,0.009489768,-0.0472451,0.9986228,MathCanvas,-1.813849,1.206416,2.57625,0.03670999,1.525847,-0.2118575,-0.653646,-0.07239636,0.7533297,0.06500845,1.527231,-0.194504,-0.6731282,-0.07344112,0.7358701,0.008435434,1.524353,-0.229461,-0.6328564,-0.07173946,0.7709385,0.03672194,1.525792,-0.2119825,358.7554,328.2338,2.478106,0,3,False
1,Center_Head_Far,239,8.599997,0.03664865,1.525884,-0.2119627,0.03012512,1.231369,-0.1946176,-0.5039493,-0.104991,-0.08167449,0.8534292,0.07016106,1.123685,-0.01778146,0.02114633,0.00859275,-0.04709251,0.9986297,MathCanvas,-2.189775,1.27919,2.354064,0.03672194,1.525792,-0.2119825,-0.6532279,-0.07259029,0.7536737,0.06492443,1.527295,-0.1944646,-0.6737975,-0.07153856,0.7354449,0.008372866,1.524473,-0.2294609,-0.6335492,-0.06986523,0.7705415,0.03664865,1.525884,-0.2119627,358.6532,328.192,2.430614,0,3,False
1,Center_Head_Far,240,8.619997,0.03660354,1.525824,-0.2120437,0.03002387,1.231243,-0.1949611,-0.5037498,-0.1053677,-0.0818442,0.8534843,0.06978723,1.12355,-0.01814972,0.0210551,0.008002302,-0.04700626,0.9986406,MathCanvas,-2.188671,1.278594,2.35554,0.03664865,1.525884,-0.2119627,-0.6559411,-0.06745386,0.7517921,0.06487315,1.527214,-0.1945339,-0.6760777,-0.06858779,0.7336311,0.008333936,1.524434,-0.2295535,-0.6359439,-0.06693169,0.7688273,0.03660354,1.525824,-0.2120437,358.6769,328.1712,2.394089,0,3,False
1,Center_Head_Far,241,8.639997,0.03653347,1.525595,-0.2122624,0.02995585,1.23118,-0.1951651,-0.5038026,-0.1056744,-0.08207361,0.8533931,0.06942409,1.123428,-0.01842294,0.02126196,0.007429865,-0.0471322,0.9986348,MathCanvas,-2.202489,1.295567,2.354241,0.03658175,1.52578,-0.2121444,-0.656131,-0.06770588,0.7516037,0.06480148,1.526954,-0.1947476,-0.6761571,-0.06971669,0.7334516,0.008265447,1.524237,-0.2297772,-0.6360265,-0.06812207,0.7686545,0.03653347,1.525595,-0.2122624,358.7533,328.1668,2.339827,0,3,False
1,Center_Head_Far,242,8.659997,0.03650699,1.525526,-0.2123663,0.02995585,1.23118,-0.1951651,-0.5038026,-0.1056744,-0.08207361,0.8533931,0.06942409,1.123428,-0.01842294,0.02126196,0.007429865,-0.0471322,0.9986348,MathCanvas,-2.203449,1.294452,2.353656,0.03653347,1.525595,-0.2122624,-0.6563282,-0.06891944,0.7513211,0.06477701,1.526869,-0.1948535,-0.6761042,-0.06988898,0.7334839,0.008236969,1.524182,-0.2298791,-0.6359699,-0.06832045,0.7686836,0.03650699,1.525526,-0.2123663,358.7684,328.1728,2.313925,0,3,False
1,Center_Head_Far,243,8.679996,0.03642165,1.525202,-0.2124269,0.02958124,1.23081,-0.1959069,-0.5031739,-0.1067086,-0.08238352,0.8536054,0.06808054,1.12314,-0.01909047,0.02142993,0.005053625,-0.04666876,0.9986677,MathCanvas,-2.204063,1.290249,2.35249,0.03644378,1.525257,-0.2124102,-0.6515115,-0.06454026,0.7558884,0.06467165,1.526549,-0.1948822,-0.6717089,-0.06563453,0.7379019,0.008171642,1.523856,-0.2299717,-0.6313056,-0.06399688,0.7728891,0.03642165,1.525202,-0.2124269,358.8824,328.1122,2.318941,0,3,False
1,Center_Head_Far,244,8.699997,0.03643072,1.525159,-0.2124522,0.02942592,1.230711,-0.1961375,-0.5031239,-0.107512,-0.08257253,0.8535158,0.06770986,1.123027,-0.01923323,0.0215213,0.004356733,-0.04626844,0.9986877,MathCanvas,-2.188918,1.304755,2.369429,0.03642165,1.525202,-0.2124269,-0.6517424,-0.0648157,0.7556658,0.06467624,1.52649,-0.1948989,-0.6719145,-0.06603905,0.7376787,0.008185206,1.523829,-0.2300054,-0.63152,-0.06443067,0.7726779,0.03643072,1.525159,-0.2124522,358.9111,328.0975,2.291697,0,3,False
1,Center_Head_Far,245,8.719996,0.03633487,1.525,-0.2125964,0.02942592,1.230711,-0.1961375,-0.5031239,-0.107512,-0.08257253,0.8535158,0.06770986,1.123027,-0.01923323,0.0215213,0.004356733,-0.04626844,0.9986877,MathCanvas,-2.190172,1.303724,2.369193,0.03638291,1.52508,-0.2125241,-0.65031,-0.06525892,0.7568608,0.06457511,1.526308,-0.195033,-0.6704342,-0.06645392,0.738987,0.008094637,1.523691,-0.2301598,-0.6299536,-0.06487709,0.7739182,0.03633487,1.525,-0.2125964,358.9641,328.0806,2.253398,0,3,False
1,Center_Head_Far,246,8.739997,0.03630085,1.524986,-0.2125858,0.02914182,1.230585,-0.1965779,-0.5032549,-0.1093774,-0.08362523,0.853099,0.06708658,1.123009,-0.01936752,0.02186581,0.003184263,-0.04639706,0.9986787,MathCanvas,-2.18485,1.302103,2.372521,0.03633487,1.525,-0.2125964,-0.650429,-0.06566551,0.7567233,0.06452224,1.526309,-0.1949933,-0.6711735,-0.06662416,0.7383003,0.008079458,1.523662,-0.2301784,-0.6307299,-0.06502424,0.7732733,0.03630085,1.524986,-0.2125858,358.9694,328.0206,2.279311,0,3,False
1,Center_Head_Far,247,8.759997,0.03618065,1.524945,-0.2126325,0.02907562,1.230623,-0.1966321,-0.5030743,-0.1098283,-0.08416069,0.8530949,0.06668817,1.123116,-0.0194043,0.02166423,0.002502516,-0.04624123,0.9986923,MathCanvas,-2.185605,1.300668,2.372427,0.03625198,1.524918,-0.2126425,-0.6509703,-0.05692279,0.7569659,0.0643879,1.526253,-0.1950162,-0.6713408,-0.05777966,0.7388932,0.007973403,1.523637,-0.2302488,-0.6308731,-0.05612541,0.7738535,0.03618065,1.524945,-0.2126325,358.9948,327.9744,2.253334,0,3,False
1,Center_Head_Far,248,8.779997,0.03613138,1.524912,-0.2126652,0.02903406,1.230613,-0.1966573,-0.5031019,-0.1100023,-0.08425277,0.8530471,0.06660414,1.12313,-0.01941006,0.02165675,0.002319634,-0.04617459,0.9986959,MathCanvas,-2.193723,1.329956,2.380359,0.03618065,1.524945,-0.2126325,-0.6513416,-0.05695255,0.7566442,0.06432837,1.526217,-0.1950323,-0.67176,-0.05807519,0.7384888,0.00793439,1.523606,-0.2302982,-0.6313125,-0.05642831,0.773473,0.03613138,1.524912,-0.2126652,359.0129,327.9415,2.248135,0,3,False
1,Center_Head_Far,249,8.799997,0.03607902,1.524868,-0.2127055,0.02903406,1.230613,-0.1966573,-0.5031019,-0.1100023,-0.08425277,0.8530471,0.06660414,1.12313,-0.01941006,0.02165675,0.002319634,-0.04617459,0.9986959,MathCanvas,-2.195708,1.329762,2.379997,0.03613138,1.524912,-0.2126652,-0.6517712,-0.05725177,0.7562516,0.06426862,1.526167,-0.1950603,-0.6720677,-0.05834246,0.7381878,0.007889422,1.523568,-0.2303507,-0.631635,-0.05670718,0.7731893,0.03607902,1.524868,-0.2127055,359.0303,327.9177,2.238263,0,3,False
1,Center_Head_Far,250,8.819997,0.03606519,1.524839,-0.2126676,0.02862792,1.230586,-0.1969707,-0.503447,-0.1114734,-0.08499969,0.8525783,0.06414278,1.123198,-0.01943445,0.02606988,-0.009498201,-0.03712656,0.9989253,MathCanvas,-2.197458,1.328673,2.378873,0.03611784,1.524874,-0.212647,-0.6478965,-0.05917616,0.7594262,0.06422073,1.526135,-0.1949678,-0.6684979,-0.06038498,0.7412585,0.00790965,1.523543,-0.2303673,-0.6278607,-0.05875134,0.7761052,0.03606519,1.524839,-0.2126676,359.072,327.8087,2.232173,0,3,False
1,Center_Head_Far,251,8.839997,0.0360198,1.5248,-0.212649,0.02856882,1.230589,-0.1970067,-0.5035664,-0.1116669,-0.08515672,0.8524668,0.06361447,1.123162,-0.01949625,0.02714694,-0.01202923,-0.03537299,0.998933,MathCanvas,-2.181653,1.322282,2.386811,0.03606519,1.524839,-0.2126676,-0.6455141,-0.06576259,0.7609119,0.06415534,1.526095,-0.1949175,-0.6665085,-0.06656429,0.7425197,0.007884255,1.523504,-0.2303806,-0.6257736,-0.06497017,0.7772942,0.0360198,1.5248,-0.212649,359.0725,327.7439,2.230442,0,3,False
1,Center_Head_Far,252,8.859997,0.03591685,1.524781,-0.2125723,0.02833278,1.230568,-0.1970823,-0.50395,-0.1125586,-0.08590548,0.8520477,0.06291483,1.123055,-0.01966421,0.02848089,-0.01380218,-0.0360247,0.9988496,MathCanvas,-2.168849,1.300176,2.386382,0.03596554,1.524766,-0.212652,-0.6468437,-0.0659925,0.7597619,0.06402931,1.526038,-0.1948014,-0.6675966,-0.06626743,0.7415682,0.00780439,1.523524,-0.2303432,-0.6269078,-0.06473326,0.7763995,0.03591685,1.524781,-0.2125723,359.0664,327.6663,2.164703,0,3,False
1,Center_Head_Far,253,8.879997,0.0358668,1.524757,-0.2125659,0.02833278,1.230568,-0.1970823,-0.50395,-0.1125586,-0.08590548,0.8520477,0.06291483,1.123055,-0.01966421,0.02848089,-0.01380218,-0.0360247,0.9988496,MathCanvas,-2.173979,1.299323,2.3831,0.03591685,1.524781,-0.2125723,-0.6457184,-0.06815609,0.7605278,0.0639668,1.526004,-0.1947746,-0.6664138,-0.06899966,0.7423824,0.007766804,1.52351,-0.2303572,-0.6256634,-0.06749548,0.7771677,0.0358668,1.524757,-0.2125659,359.0741,327.6257,2.147534,0,3,False
1,Center_Head_Far,254,8.899997,0.0359419,1.524783,-0.2122378,0.02819799,1.230546,-0.1971151,-0.5040811,-0.1134221,-0.08685056,0.8517598,0.06245629,1.122878,-0.01998708,0.0278281,-0.013916,-0.03725082,0.9988215,MathCanvas,-2.168785,1.292054,2.384075,0.03584839,1.524792,-0.2124427,-0.6466619,-0.06778784,0.7597587,0.06403433,1.525999,-0.1944324,-0.6668402,-0.06860685,0.7420359,0.00784947,1.523567,-0.2300432,-0.6261052,-0.06715037,0.7768416,0.0359419,1.524783,-0.2122378,359.0602,327.5985,2.094015,0,3,False
1,Center_Head_Far,255,8.919997,0.03591175,1.524771,-0.212183,0.02819799,1.230546,-0.1971151,-0.5040811,-0.1134221,-0.08685056,0.8517598,0.06245629,1.122878,-0.01998708,0.0278281,-0.013916,-0.03725082,0.9988215,MathCanvas,-2.172566,1.293271,2.382524,0.0359419,1.524783,-0.2122378,-0.6413363,-0.06764296,0.7642723,0.06399538,1.525975,-0.1943629,-0.6620146,-0.06837577,0.7463655,0.007828124,1.523567,-0.2300031,-0.6210135,-0.06691137,0.7809386,0.03591175,1.524771,-0.212183,359.063,327.5695,2.073411,0,3,False
1,Center_Head_Far,256,8.939997,0.03608685,1.524727,-0.21183,0.02801253,1.230525,-0.1970977,-0.5041536,-0.1139003,-0.08746149,0.8515906,0.06153806,1.122605,-0.0203338,0.02667999,-0.01688802,-0.03502303,0.9988876,MathCanvas,-2.152804,1.293923,2.396081,0.03597801,1.52473,-0.2120204,-0.6420344,-0.06489746,0.7639242,0.06417331,1.525913,-0.1940132,-0.6620544,-0.06579855,0.7465618,0.008000392,1.52354,-0.2296468,-0.6210465,-0.0643431,0.7811282,0.03608685,1.524727,-0.21183,359.0862,327.5782,2.043741,0,3,False
1,Center_Head_Far,257,8.959997,0.03617723,1.52473,-0.2116755,0.02800387,1.230492,-0.1970766,-0.5041146,-0.1141816,-0.08769353,0.8515521,0.06141391,1.122523,-0.02034475,0.02698275,-0.01737992,-0.03522734,0.9988638,MathCanvas,-2.157009,1.303047,2.397623,0.03608685,1.524727,-0.21183,-0.6417833,-0.06507084,0.7641204,0.06427307,1.525895,-0.1938721,-0.6617085,-0.06594483,0.7468555,0.008081382,1.523565,-0.2294789,-0.6206828,-0.06452589,0.7814022,0.03617723,1.52473,-0.2116755,359.1007,327.6074,2.006379,0,3,False
1,Center_Head_Far,258,8.979997,0.03620587,1.52472,-0.2115648,0.02800387,1.230492,-0.1970766,-0.5041146,-0.1141816,-0.08769353,0.8515521,0.06141391,1.122523,-0.02034475,0.02698275,-0.01737992,-0.03522734,0.9988638,MathCanvas,-2.156074,1.302456,2.398464,0.03617723,1.52473,-0.2116755,-0.6416219,-0.05757362,0.7648572,0.06430083,1.525872,-0.1937591,-0.661974,-0.05838197,0.7472497,0.008110918,1.523568,-0.2293705,-0.6209396,-0.05692854,0.7817885,0.03620587,1.52472,-0.2115648,359.1085,327.6039,1.98309,0,3,False
1,Center_Head_Far,259,8.999997,0.03667364,1.524522,-0.211148,0.0280085,1.230437,-0.1971017,-0.5043923,-0.114361,-0.08811912,0.8513196,0.06150082,1.122453,-0.02023258,0.02772212,-0.01668166,-0.0366592,0.9988039,MathCanvas,-2.16032,1.327623,2.406843,0.03642247,1.524641,-0.2113628,-0.6407846,-0.05836476,0.7654989,0.06481335,1.525633,-0.1934105,-0.66012,-0.05959272,0.7487926,0.008533938,1.523411,-0.2288855,-0.6189988,-0.05821498,0.7832314,0.03667364,1.524522,-0.211148,359.1903,327.7482,1.912519,0,3,False
1,Center_Head_Far,260,9.019997,0.03676119,1.524489,-0.2110025,0.0280085,1.230437,-0.1971017,-0.5043923,-0.114361,-0.08811912,0.8513196,0.06150082,1.122453,-0.02023258,0.02772212,-0.01668166,-0.0366592,0.9988039,MathCanvas,-2.156162,1.324792,2.408473,0.03667364,1.524522,-0.211148,-0.6397914,-0.05890387,0.7662879,0.06491044,1.525584,-0.1932792,-0.6597387,-0.0598853,0.7491051,0.008611934,1.523394,-0.2287258,-0.6185994,-0.05853576,0.7835231,0.03676119,1.524489,-0.2110025,359.2117,327.7787,1.885029,0,3,False
1,Center_Head_Far,261,9.039997,0.03831508,1.524393,-0.2099101,0.0281805,1.230425,-0.1967741,-0.5039926,-0.1130611,-0.08748913,0.8517948,0.06160915,1.122286,-0.02015927,0.02812687,-0.01664958,-0.03675359,0.9987897,MathCanvas,-2.15209,1.322967,2.410617,0.0371458,1.52438,-0.2106733,-0.6363909,-0.05950952,0.7690678,0.06664136,1.525426,-0.1924673,-0.6522938,-0.06024491,0.7555683,0.009988803,1.52336,-0.2273529,-0.6108108,-0.05899894,0.7895755,0.03831508,1.524393,-0.2099101,359.2498,328.3528,1.778512,0,3,False
1,Center_Head_Far,262,9.059997,0.03882276,1.524369,-0.2095194,0.0281805,1.230425,-0.1967741,-0.5039926,-0.1130611,-0.08748913,0.8517948,0.06160915,1.122286,-0.02015927,0.02812687,-0.01664958,-0.03675359,0.9987897,MathCanvas,-2.137298,1.320949,2.419282,0.03831508,1.524393,-0.2099101,-0.6275089,-0.07025145,0.7754337,0.06719391,1.525379,-0.1921484,-0.646207,-0.07108567,0.7598443,0.01045161,1.523359,-0.2268905,-0.6044478,-0.0699389,0.7935687,0.03882276,1.524369,-0.2095194,359.27,328.4996,1.738681,0,3,False
1,Center_Head_Far,263,9.079997,0.04366041,1.525479,-0.2067341,0.02860408,1.230464,-0.1963145,-0.5036698,-0.1105321,-0.0867321,0.8523948,0.06224243,1.12205,-0.0199701,0.02843574,-0.01574261,-0.03720856,0.9987788,MathCanvas,-2.096959,1.285262,2.429738,0.04081493,1.524996,-0.2083181,-0.6067925,-0.06710194,0.7920229,0.07301139,1.526138,-0.1910567,-0.6014044,-0.06253856,0.7964934,0.01430944,1.524819,-0.2224115,-0.5577294,-0.06190322,0.8277112,0.04366041,1.525479,-0.2067341,358.8676,331.8693,1.135689,0,3,False
1,Center_Head_Far,264,9.099997,0.04543629,1.52581,-0.2056645,0.02860408,1.230464,-0.1963145,-0.5036698,-0.1105321,-0.0867321,0.8523948,0.06224243,1.12205,-0.0199701,0.02843574,-0.01574261,-0.03720856,0.9987788,MathCanvas,-2.018439,1.297442,2.484845,0.04366041,1.525479,-0.2067341,-0.5797771,-0.0622209,0.8123959,0.07501493,1.526385,-0.1904175,-0.5898808,-0.0608777,0.8051923,0.01585766,1.525236,-0.2209114,-0.5457527,-0.06036929,0.8357688,0.04543629,1.52581,-0.2056645,358.7941,332.7094,0.9894643,0,3,False
1,Center_Head_Far,265,9.119997,0.04782386,1.526323,-0.204342,0.02866431,1.230474,-0.1962613,-0.5036244,-0.1101296,-0.08666316,0.8524808,0.06235286,1.122011,-0.01993448,0.02850771,-0.01554376,-0.03732144,0.9987757,MathCanvas,-1.923123,1.314547,2.552723,0.04543629,1.52581,-0.2056645,-0.5680227,-0.06062348,0.8207771,0.0777164,1.526792,-0.1897163,-0.5731218,-0.05938254,0.8173158,0.01793133,1.525854,-0.2189677,-0.5283629,-0.05903556,0.8469636,0.04782386,1.526323,-0.204342,358.7358,333.9108,0.8080519,0,3,False
1,Center_Head_Far,266,9.139997,0.05933232,1.527697,-0.1998911,0.02906806,1.231077,-0.1957457,-0.5031424,-0.1064415,-0.08365208,0.853534,0.06550921,1.121635,-0.01836453,0.03491286,-0.01029149,-0.03849996,0.9985955,MathCanvas,-1.880613,1.320506,2.582196,0.05445359,1.526721,-0.2014752,-0.4822888,-0.0540764,0.8743416,0.0909659,1.529074,-0.1896386,-0.4513274,-0.04731034,0.8911034,0.02769874,1.52632,-0.2101437,-0.4028663,-0.04539625,0.9141324,0.05933232,1.527697,-0.1998911,357.7903,341.9507,2.372826,0,3,False
1,Center_Head_Far,267,9.159997,0.06386498,1.528512,-0.198222,0.02911685,1.231179,-0.1956804,-0.5031982,-0.1060254,-0.08305704,0.853611,0.06616074,1.121708,-0.01812383,0.03594518,-0.008854347,-0.03880526,0.9985608,MathCanvas,-1.584205,1.343416,2.779679,0.05933232,1.527697,-0.1998911,-0.4272524,-0.04635333,0.9029434,0.09591882,1.530047,-0.1893963,-0.4111417,-0.04181622,0.9106119,0.03181115,1.526978,-0.2070476,-0.3617107,-0.03960576,0.9314487,0.06386498,1.528512,-0.198222,357.4292,344.487,2.64558,0,3,False
1,Center_Head_Far,268,9.179996,0.07418228,1.530631,-0.1953489,0.0295079,1.23161,-0.1953454,-0.5036688,-0.1032307,-0.08014315,0.8539544,0.06924118,1.122435,-0.01733213,0.03886864,-0.001845533,-0.04053738,0.99842,MathCanvas,-1.404003,1.369261,2.903931,0.06915628,1.529731,-0.1968511,0.2011265,-0.000232609,-0.9795654,0.1070186,1.532444,-0.1902319,-0.1782841,0.006927941,0.9839547,0.04134599,1.528817,-0.2004659,-0.1248393,0.00987751,0.9921278,0.07418228,1.530631,-0.1953489,356.3428,350.9427,3.130398,0,3,False
1,Center_Head_Far,269,9.199997,0.08016742,1.531724,-0.1950385,0.0301421,1.231976,-0.1949647,-0.504672,-0.09925061,-0.07711161,0.8541132,0.07166127,1.123674,-0.01730923,0.03663629,0.003487494,-0.04122067,0.9984721,MathCanvas,-1.404003,1.369261,2.903931,0.07418228,1.530631,-0.1953489,-0.1516168,0.008402551,0.9884036,0.1132834,1.533758,-0.192413,-0.1044092,0.01979351,0.9943374,0.04705146,1.529691,-0.197664,-0.05052071,0.02309842,0.9984559,0.08016742,1.531724,-0.1950385,355.5974,355.1969,3.513161,0,3,False
1,Center_Head_Far,270,9.219996,0.09142946,1.534022,-0.1946571,0.0318484,1.232179,-0.1941633,-0.5077279,-0.08912797,-0.06972082,0.8540536,0.07591706,1.126185,-0.01785485,0.02656475,0.01128111,-0.03771108,0.9988719,MathCanvas,-1.404003,1.369261,2.903931,0.08584061,1.532903,-0.1949996,0.4812525,0.07149725,0.8736613,0.1245732,1.536453,-0.1964667,0.51398,0.08325261,0.8537526,0.05828569,1.53159,-0.1928476,0.5536757,0.08496606,0.8283864,0.09142946,1.534022,-0.1946571,354.0911,2.690737,4.211521,0,3,False
1,Center_Head_Far,271,9.239997,0.09701934,1.535064,-0.1939734,0.03220758,1.232307,-0.1939563,-0.5082558,-0.08692259,-0.06798793,0.8541067,0.07727135,1.126715,-0.01775784,0.02557135,0.01398304,-0.0375196,0.9988708,MathCanvas,-1.404003,1.369261,2.903931,0.09142946,1.534022,-0.1946571,0.5339786,0.08410978,0.841304,0.1299925,1.537594,-0.1977236,0.5621293,0.09440925,0.8216432,0.06404619,1.532534,-0.1902232,0.600284,0.09598836,0.7940059,0.09701934,1.535064,-0.1939734,353.4569,5.987564,4.388882,0,3,False
1,Center_Head_Far,272,9.259996,0.1023837,1.535319,-0.1968285,0.03380717,1.231545,-0.1934239,-0.5084485,-0.07862093,-0.06019913,0.8553799,0.08201038,1.128553,-0.01871182,0.01988402,0.02121569,-0.03627065,0.9989189,MathCanvas,-1.404003,1.369261,2.903931,0.09701934,1.535064,-0.1939734,0.5813709,0.09519903,0.8080502,0.1349214,1.538143,-0.2032326,0.6248356,0.110418,0.7729091,0.06984589,1.532495,-0.1904243,0.6606416,0.1120475,0.7422924,0.1023837,1.535319,-0.1968285,352.6871,10.50862,4.907476,0,3,False
1,Center_Head_Far,273,9.279997,0.1119668,1.535875,-0.1999215,0.03577582,1.231014,-0.1924375,-0.5078485,-0.06828392,-0.05083745,0.8572297,0.08820063,1.130021,-0.01932409,0.01646081,0.03329251,-0.03495768,0.9986985,MathCanvas,-1.404003,1.369261,2.903931,0.1068473,1.535382,-0.1987012,0.6856393,0.1197687,0.718021,0.1434427,1.5392,-0.2102126,0.7109168,0.1293322,0.6912818,0.0804908,1.53255,-0.1896304,0.7427533,0.131268,0.6565716,0.1119668,1.535875,-0.1999215,351.9201,17.28853,5.790804,0,3,False
1,Center_Head_Far,274,9.299996,0.1170525,1.536223,-0.2013169,0.0366062,1.23086,-0.1919881,-0.5077401,-0.06376418,-0.04671333,0.8578764,0.09086283,1.130709,-0.01955833,0.01456705,0.03847613,-0.03414245,0.9985698,MathCanvas,-1.404003,1.369261,2.903931,0.1119668,1.535875,-0.1999215,0.7270426,0.1303003,0.6741149,0.1478287,1.539689,-0.2135032,0.750066,0.1400349,0.6463677,0.08627628,1.532757,-0.1891306,0.7797489,0.141916,0.6097962,0.1170525,1.536223,-0.2013169,351.3532,20.68942,6.046592,0,3,False
1,Center_Head_Far,275,9.319997,0.1247692,1.537313,-0.2061853,0.03915907,1.230198,-0.1904796,-0.5067032,-0.0495131,-0.03377856,0.8600345,0.098972,1.131474,-0.02084621,0.01034987,0.05430913,-0.03111542,0.9979856,MathCanvas,-1.404003,1.369261,2.903931,0.1203528,1.536864,-0.2041813,0.9015371,0.02998934,0.4316614,0.1540214,1.54098,-0.2216304,0.9169607,0.03567903,0.397379,0.09551696,1.533645,-0.1907401,0.932426,0.0403258,0.3591038,0.1247692,1.537313,-0.2061853,350.9857,26.82625,6.405743,0,3,False
1,Center_Head_Far,276,9.339996,0.1276837,1.537281,-0.2084342,0.04049866,1.229906,-0.1897939,-0.5066687,-0.04271876,-0.02840999,0.860613,0.103813,1.1312,-0.02163086,0.009675027,0.06341722,-0.02896791,0.9975197,MathCanvas,-1.404003,1.369261,2.903931,0.1247692,1.537313,-0.2061853,0.924894,0.0380027,0.3783213,0.1561621,1.541206,-0.2252053,0.9341233,0.04100025,0.3545882,0.09920526,1.533356,-0.1916631,0.9477647,0.0458773,0.3156539,0.1276837,1.537281,-0.2084342,350.9608,29.41156,6.85823,0,3,False
1,Center_Head_Far,277,9.359997,0.132967,1.538547,-0.2127596,0.04310234,1.229801,-0.1885566,-0.5064968,-0.02982736,-0.01760483,0.861546,0.1126229,1.130631,-0.02282934,0.01092801,0.08050364,-0.02611133,0.9963523,MathCanvas,-1.404003,1.369261,2.903931,0.1300319,1.537905,-0.2105841,0.9647389,-0.02380145,0.2621303,0.1598774,1.5431,-0.2318066,0.9712242,-0.01864162,0.2374366,0.1060566,1.533993,-0.1937125,0.9800174,-0.01070543,0.1986233,0.132967,1.538547,-0.2127596,350.4343,33.95689,7.975876,0,3,False
1,Center_Head_Far,278,9.379996,0.134934,1.539335,-0.2144805,0.04448396,1.229896,-0.1881483,-0.5067231,-0.02297534,-0.01196677,0.8617196,0.1174401,1.130012,-0.02346187,0.01354119,0.08993033,-0.02552032,0.995529,MathCanvas,-1.404003,1.369261,2.903931,0.132967,1.538547,-0.2127596,0.9758216,-0.01467364,0.2180757,0.16115,1.544119,-0.2344188,0.9786331,-0.006145149,0.2055227,0.1087181,1.534551,-0.1945423,0.9860553,0.001718178,0.1664094,0.134934,1.539335,-0.2144805,349.8432,35.76338,8.396461,0,3,False
1,Center_Head_Far,279,9.399997,0.1399426,1.540561,-0.2186401,0.0466986,1.229663,-0.187075,-0.5064363,-0.01150606,-0.00221242,0.8621978,0.1249933,1.130068,-0.02439673,0.01303646,0.1044682,-0.02342685,0.9941669,MathCanvas,-1.404003,1.369261,2.903931,0.1374529,1.539948,-0.216565,0.9960929,-0.02616311,0.084346,0.1641718,1.54571,-0.2408692,0.9980585,-0.02129449,0.05853179,0.1157135,1.535413,-0.196411,0.999707,-0.01228167,0.02085941,0.1399426,1.540561,-0.2186401,348.9661,40.78527,9.068322,0,3,False
1,Center_Head_Far,280,9.419996,0.1388049,1.540384,-0.2197772,0.04891459,1.229883,-0.1871751,-0.5080343,-0.002130447,0.002668948,0.8613301,0.1309956,1.129139,-0.02551519,0.01605093,0.1163673,-0.02235494,0.9928249,MathCanvas,-1.404003,1.369261,2.903931,0.1399426,1.540561,-0.2186401,0.9990704,-0.01678826,0.03970444,0.1631081,1.545671,-0.2418928,0.9978774,-0.0168933,0.06289335,0.1145017,1.535097,-0.1976616,0.9996508,-0.007823169,0.02524051,0.1388049,1.540384,-0.2197772,348.8558,40.4855,9.317377,0,3,False
1,Center_Head_Far,281,9.439997,0.1396829,1.540738,-0.2212595,0.05044907,1.229797,-0.1868391,-0.5084467,0.004750049,0.00686008,0.861053,0.135346,1.128947,-0.02627757,0.01609609,0.1250393,-0.02113634,0.991796,MathCanvas,-1.404003,1.369261,2.903931,0.1388049,1.540384,-0.2197772,0.9989517,-0.01235836,0.04407656,0.1633479,1.546185,-0.2440189,0.9992971,-0.009590164,0.03624186,0.1160178,1.535291,-0.1985002,0.9999988,-0.0005353987,-0.001450196,0.1396829,1.540738,-0.2212595,348.5531,41.95729,9.612483,0,3,False
1,Center_Head_Far,282,9.459996,0.1398963,1.541457,-0.2229919,0.05381668,1.229621,-0.1864074,-0.5102251,0.01889249,0.01354499,0.8597267,0.1437434,1.128547,-0.02844767,0.01733065,0.1415744,-0.02103714,0.9895523,MathCanvas,-1.404003,1.369261,2.903931,0.140883,1.541159,-0.2229042,0.9992925,0.009160217,-0.03647876,0.1632826,1.547019,-0.2460102,0.9999767,0.004724309,0.004934609,0.1165101,1.535895,-0.1999735,0.9993979,0.01342359,-0.0319982,0.1398963,1.541457,-0.2229919,348.1076,42.50021,9.832731,0,3,False
1,Center_Head_Far,283,9.479997,0.1401536,1.541975,-0.2240768,0.05534252,1.229575,-0.1861396,-0.5109299,0.02558167,0.01735632,0.8590664,0.1478266,1.128443,-0.0293076,0.01791978,0.149366,-0.02096853,0.9883972,MathCanvas,-1.404003,1.369261,2.903931,0.1398963,1.541457,-0.2229919,0.9998673,0.009073912,-0.01353478,0.1631448,1.547594,-0.2474761,0.9999028,0.008236393,-0.01124418,0.1171623,1.536356,-0.2006776,0.9986962,0.01689412,-0.04817189,0.1401536,1.541975,-0.2240768,347.9266,43.4042,9.941867,0,3,False
1,Center_Head_Far,284,9.499996,0.1396441,1.541815,-0.225101,0.05859745,1.22971,-0.1857088,-0.5123096,0.03874106,0.02306049,0.8576167,0.155026,1.128696,-0.03192743,0.01678467,0.1631185,-0.02428974,0.9861646,MathCanvas,-1.404003,1.369261,2.903931,0.1399111,1.541842,-0.2245087,0.9995521,0.01190855,-0.02745402,0.1627258,1.547396,-0.2484202,0.9999427,0.007622138,-0.007526979,0.1165624,1.536234,-0.2017819,0.9988788,0.01624259,-0.04446721,0.1396441,1.541815,-0.225101,347.9075,43.20477,9.874743,0,3,False
1,Center_Head_Far,285,9.519997,0.139418,1.542003,-0.225767,0.06009757,1.229679,-0.1853953,-0.5126629,0.04531945,0.02690448,0.8569709,0.1589991,1.128632,-0.03284657,0.01682293,0.1707634,-0.02433666,0.9848678,MathCanvas,-1.404003,1.369261,2.903931,0.1396441,1.541815,-0.225101,0.9983737,-0.04404222,0.03619617,0.1622228,1.547633,-0.2493454,0.9979275,-0.0461628,0.04482894,0.1166131,1.536374,-0.2021886,0.9993526,-0.03554282,0.005562618,0.139418,1.542003,-0.225767,347.7402,43.8182,9.967897,0,3,False
1,Center_Head_Far,286,9.539996,0.1385274,1.543383,-0.2263196,0.06287832,1.230424,-0.185077,-0.5129683,0.05661165,0.03100014,0.8559776,0.1650855,1.128884,-0.03504684,0.01524714,0.1830112,-0.0267056,0.9826298,MathCanvas,-1.404003,1.369261,2.903931,0.1389685,1.542845,-0.226044,0.9985223,-0.04000103,0.03678703,0.1616382,1.548888,-0.2496281,0.9973457,-0.04278599,0.05891451,0.1154166,1.537878,-0.2030112,0.9992803,-0.03248423,0.01958531,0.1385274,1.543383,-0.2263196,347.2816,43.0748,9.761981,0,3,False
1,Center_Head_Far,287,9.559997,0.138058,1.543855,-0.2266899,0.06436134,1.230489,-0.1848091,-0.5131893,0.0629264,0.03432141,0.8552772,0.1687908,1.128833,-0.03601066,0.0151045,0.190197,-0.02713899,0.9812546,MathCanvas,-1.404003,1.369261,2.903931,0.1385274,1.543383,-0.2263196,0.9985199,-0.03763558,0.03926194,0.161063,1.54936,-0.2501029,0.9976739,-0.04015133,0.05508745,0.115053,1.538351,-0.2032769,0.9994279,-0.02994274,0.01572508,0.138058,1.543855,-0.2266899,347.0797,43.29898,9.769073,0,3,False
1,Center_Head_Far,288,9.579997,0.1375272,1.543966,-0.2269376,0.06550565,1.230751,-0.1847112,-0.5129974,0.06802,0.03522789,0.8549654,0.1714184,1.128559,-0.03658221,0.01731065,0.1962616,-0.03052257,0.9799235,MathCanvas,-1.404003,1.369261,2.903931,0.138058,1.543855,-0.2266899,0.9987578,-0.03504753,0.03541708,0.1607229,1.549345,-0.250191,0.9971863,-0.03996404,0.06342129,0.1143314,1.538587,-0.2036842,0.9992624,-0.02996209,0.02402189,0.1375272,1.543966,-0.2269376,346.8654,42.88093,9.553295,0,3,False
1,Center_Head_Far,289,9.599997,0.136444,1.544588,-0.2274949,0.06824508,1.230957,-0.1842832,-0.5133519,0.07973659,0.04049965,0.8535055,0.1784695,1.128367,-0.03837832,0.01776472,0.2101987,-0.03232564,0.9769626,MathCanvas,-1.404003,1.369261,2.903931,0.1369903,1.544251,-0.2272151,0.9948934,-0.06535122,0.07691878,0.1596021,1.549916,-0.2507976,0.9929657,-0.06873065,0.09641217,0.1132858,1.539261,-0.2041923,0.9967558,-0.05790512,0.05590066,0.136444,1.544588,-0.2274949,346.4939,42.94606,9.475275,0,3,False
1,Center_Head_Far,290,9.619997,0.135814,1.544678,-0.2279274,0.06907069,1.231064,-0.1842645,-0.514332,0.08329222,0.04105927,0.8525487,0.1805996,1.127982,-0.03876066,0.01863447,0.2152506,-0.03371554,0.9757988,MathCanvas,-1.404003,1.369261,2.903931,0.136444,1.544588,-0.2274949,0.9950815,-0.06331884,0.07618052,0.1591637,1.550006,-0.251038,0.9921239,-0.06902304,0.104527,0.1124643,1.53935,-0.2048168,0.9962488,-0.05818702,0.06405109,0.135814,1.544678,-0.2279274,346.5161,42.47654,9.475114,0,3,False
1,Center_Head_Far,291,9.639997,0.1348141,1.545925,-0.2284957,0.07031554,1.231216,-0.1841399,-0.5160121,0.08720469,0.04210289,0.8510901,0.1848415,1.12778,-0.03940924,0.01952609,0.2239954,-0.03534964,0.9737532,MathCanvas,-1.404003,1.369261,2.903931,0.1353379,1.545485,-0.2281993,0.9933698,-0.0651218,0.09474051,0.158379,1.551163,-0.2514076,0.9907022,-0.06867966,0.1174414,0.1112492,1.540687,-0.2055837,0.9953527,-0.05800782,0.07686432,0.1348141,1.545925,-0.2284957,346.0648,41.9289,9.331615,0,3,False
1,Center_Head_Far,292,9.659997,0.1342891,1.546367,-0.2287922,0.07147384,1.231324,-0.1839718,-0.5163606,0.09193154,0.04411738,0.8502788,0.1878618,1.127634,-0.04009122,0.01987907,0.2300541,-0.03627854,0.9722982,MathCanvas,-1.404003,1.369261,2.903931,0.1348141,1.545925,-0.2284957,0.9932489,-0.06334466,0.09718138,0.1578981,1.551571,-0.2516664,0.9905348,-0.06683323,0.1198928,0.1106801,1.541163,-0.2059179,0.9952614,-0.05627722,0.07929441,0.1342891,1.546367,-0.2287922,345.8783,41.81189,9.278308,0,3,False
1,Center_Head_Far,293,9.679996,0.1331824,1.547332,-0.2292583,0.073782,1.23154,-0.1836368,-0.5170133,0.1013432,0.04812807,0.8485932,0.19346,1.127342,-0.04125693,0.02076996,0.2414546,-0.03823389,0.9694362,MathCanvas,-1.404003,1.369261,2.903931,0.1337126,1.546877,-0.2289825,0.9929637,-0.06016092,0.1019995,0.1568794,1.552434,-0.2520644,0.9901548,-0.06356651,0.1247106,0.1094854,1.542231,-0.2064522,0.9950352,-0.05328289,0.08406006,0.1331824,1.547332,-0.2292583,345.4863,41.60099,9.110684,0,3,False
1,Center_Head_Far,294,9.699997,0.1328234,1.547387,-0.2291324,0.07201499,1.230933,-0.1833036,-0.5142466,0.09333659,0.0451609,0.8513514,0.1907431,1.127745,-0.03968355,0.02085504,0.237373,-0.03915317,0.9704052,MathCanvas,-1.404003,1.369261,2.903931,0.1331824,1.547332,-0.2292583,0.9497532,-0.1904989,0.2483529,0.1567103,1.552329,-0.2517749,0.9399459,-0.1972399,0.2785645,0.1089365,1.542445,-0.2064899,0.9543462,-0.1842711,0.2350903,0.1328234,1.547387,-0.2291324,345.3238,41.21408,8.830254,0,3,False
1,Center_Head_Far,295,9.719996,0.1315974,1.547617,-0.228979,0.0722044,1.230797,-0.1831696,-0.5136991,0.09320752,0.04636606,0.8516313,0.1923669,1.127838,-0.03954593,0.02035201,0.2410769,-0.03961754,0.9694835,MathCanvas,-1.404003,1.369261,2.903931,0.1321487,1.547393,-0.2289883,0.9462022,-0.1903437,0.2616688,0.1556864,1.552574,-0.2514031,0.9376081,-0.1955777,0.2874727,0.1075084,1.54266,-0.2065548,0.9523925,-0.1826276,0.2441222,0.1315974,1.547617,-0.228979,345.2276,40.67372,8.860939,0,3,False
1,Center_Head_Far,296,9.739997,0.1308905,1.547525,-0.2286204,0.07160591,1.230766,-0.1832373,-0.5133624,0.09021229,0.04574864,0.8521901,0.1921293,1.127988,-0.03919324,0.01999071,0.240887,-0.03940541,0.9695469,MathCanvas,-1.404003,1.369261,2.903931,0.1315974,1.547617,-0.228979,0.9338305,-0.2285236,0.2752047,0.1551345,1.552549,-0.2508616,0.92348,-0.2358324,0.3026017,0.1066464,1.5425,-0.2063791,0.9398907,-0.2219975,0.2594661,0.1308905,1.547525,-0.2286204,345.3289,40.24148,8.978136,0,3,False
1,Center_Head_Far,297,9.759996,0.1302069,1.547661,-0.2281058,0.07088574,1.230794,-0.1833057,-0.5130439,0.08703501,0.04436361,0.8527853,0.1915676,1.128196,-0.0388511,0.01977876,0.2397614,-0.0390601,0.9698441,MathCanvas,-1.404003,1.369261,2.903931,0.1308905,1.547525,-0.2286204,0.9319583,-0.2289208,0.2811565,0.1546346,1.552802,-0.2501185,0.9212555,-0.2350092,0.3099339,0.1057791,1.542521,-0.2060931,0.9380156,-0.2210085,0.2669866,0.1302069,1.547661,-0.2281058,345.3947,39.68853,9.183894,0,3,False
1,Center_Head_Far,298,9.779997,0.1287275,1.547588,-0.2271341,0.07032688,1.230856,-0.1834407,-0.513213,0.08450868,0.04292236,0.8530114,0.1898832,1.128445,-0.03829875,0.01938179,0.2361108,-0.03812074,0.9707847,MathCanvas,-1.404003,1.369261,2.903931,0.1294279,1.547576,-0.2275345,0.9277764,-0.2260127,0.2968993,0.1534785,1.552863,-0.2487502,0.9171923,-0.2318364,0.3240528,0.1039765,1.542312,-0.2055181,0.9345713,-0.2176961,0.2813984,0.1287275,1.547588,-0.2271341,345.3225,38.7221,9.43045,0,3,False
1,Center_Head_Far,299,9.799996,0.1280302,1.547596,-0.2267306,0.07032688,1.230856,-0.1834407,-0.513213,0.08450868,0.04292236,0.8530114,0.1898832,1.128445,-0.03829875,0.01938179,0.2361108,-0.03812074,0.9707847,MathCanvas,-1.404003,1.369261,2.903931,0.1287275,1.547588,-0.2271341,0.9261517,-0.2247722,0.3028541,0.1529123,1.552911,-0.2481856,0.9154131,-0.2306262,0.3298944,0.103148,1.54228,-0.2052756,0.9330465,-0.216451,0.2873556,0.1280302,1.547596,-0.2267306,345.2831,38.33454,9.504545,0,3,False
1,Center_Head_Far,300,9.819997,0.1258273,1.546803,-0.2250635,0.06963082,1.231051,-0.1838687,-0.515038,0.07935081,0.0403119,0.8525341,0.1866482,1.128806,-0.03765265,0.01866862,0.2296176,-0.03751142,0.9723786,MathCanvas,-1.404003,1.369261,2.903931,0.1267625,1.547149,-0.2257566,0.9242091,-0.2292706,0.3054055,0.1512751,1.552182,-0.2458284,0.9120399,-0.2373732,0.3344207,0.1003796,1.541425,-0.2042987,0.9299212,-0.2227462,0.2926276,0.1258273,1.546803,-0.2250635,345.7963,36.83831,9.59582,0,3,False
1,Center_Head_Far,301,9.839996,0.1249255,1.546544,-0.2244026,0.06963082,1.231051,-0.1838687,-0.515038,0.07935081,0.0403119,0.8525341,0.1866482,1.128806,-0.03765265,0.01866862,0.2296176,-0.03751142,0.9723786,MathCanvas,-1.404003,1.369261,2.903931,0.1258273,1.546803,-0.2250635,0.9212435,-0.2300662,0.313656,0.150556,1.551958,-0.2449321,0.9090576,-0.2378647,0.3421035,0.099295,1.54113,-0.2038731,0.9273074,-0.2231676,0.3004948,0.1249255,1.546544,-0.2244026,345.8698,36.31515,9.657361,0,3,False
1,Center_Head_Far,302,9.859997,0.1230032,1.545789,-0.2227799,0.06710708,1.231035,-0.1847361,-0.5151198,0.06375767,0.03220208,0.8541368,0.1784985,1.128602,-0.03552953,0.01841304,0.2123234,-0.03591452,0.9763657,MathCanvas,-1.404003,1.369261,2.903931,0.1237692,1.545924,-0.2234663,0.9146649,-0.2370738,0.3273903,0.1493146,1.55125,-0.242416,0.8989164,-0.2465118,0.3621895,0.09669178,1.540327,-0.2031438,0.9182243,-0.2314439,0.3213998,0.1230032,1.545789,-0.2227799,346.3992,34.42715,9.72014,0,3,False
1,Center_Head_Far,303,9.879996,0.1220613,1.545466,-0.2220229,0.06672543,1.231041,-0.1848679,-0.5151846,0.06128637,0.0309359,0.8543254,0.1773433,1.128568,-0.03521826,0.01838839,0.2098378,-0.03569689,0.9769113,MathCanvas,-1.404003,1.369261,2.903931,0.1230032,1.545789,-0.2227799,0.9088264,-0.2389851,0.3419367,0.1486034,1.550958,-0.2413374,0.894474,-0.2479876,0.3720462,0.09551921,1.539974,-0.2027085,0.914266,-0.2328334,0.3315212,0.1220613,1.545466,-0.2220229,346.5357,33.74735,9.769112,0,3,False
1,Center_Head_Far,304,9.899997,0.1208488,1.54501,-0.2213192,0.06557518,1.230975,-0.1852185,-0.5153552,0.05530839,0.02794857,0.8547332,0.1730029,1.127862,-0.03447017,0.02084258,0.2002803,-0.03449226,0.9789094,MathCanvas,-1.404003,1.369261,2.903931,0.1220613,1.545466,-0.2220229,0.9046243,-0.2404179,0.3519291,0.1476977,1.550603,-0.2401754,0.8884133,-0.2497466,0.3851604,0.09400003,1.539418,-0.202463,0.9088526,-0.2343854,0.3450369,0.1208488,1.54501,-0.2213192,346.772,32.78428,9.940333,0,3,False
1,Center_Head_Far,305,9.919996,0.1183279,1.543909,-0.2196269,0.06383604,1.230832,-0.1859127,-0.5166549,0.04549823,0.02345796,0.8546622,0.1678573,1.127167,-0.03355944,0.02217439,0.1888308,-0.03275874,0.9812126,MathCanvas,-1.404003,1.369261,2.903931,0.1194719,1.544391,-0.2204327,0.8966585,-0.247625,0.3669952,0.1457708,1.549581,-0.2375827,0.8804214,-0.2578906,0.3979331,0.09088498,1.538236,-0.2016712,0.901517,-0.242053,0.3587164,0.1183279,1.543909,-0.2196269,347.3601,30.97364,10.05891,0,3,False
1,Center_Head_Far,306,9.939997,0.1166883,1.542531,-0.2186401,0.06236013,1.230621,-0.1863956,-0.5171279,0.03832391,0.02049978,0.8548039,0.1639539,1.126702,-0.03308753,0.02221045,0.18053,-0.0314606,0.9828153,MathCanvas,-1.404003,1.369261,2.903931,0.1183279,1.543909,-0.2196269,0.8912145,-0.2499801,0.3784793,0.1445351,1.54815,-0.2359801,0.8701481,-0.2678999,0.4136086,0.0888416,1.536911,-0.2013001,0.8921604,-0.2518857,0.3749714,0.1166883,1.542531,-0.2186401,348.0028,29.82405,9.940043,0,3,False
1,Center_Head_Far,307,9.959996,0.1139648,1.540855,-0.2168004,0.0605091,1.230422,-0.1867562,-0.5164466,0.02831214,0.01600012,0.8557017,0.1583079,1.126068,-0.0322438,0.02267674,0.1684544,-0.02947546,0.9850077,MathCanvas,-1.404003,1.369261,2.903931,0.1153191,1.541697,-0.2177082,0.8966562,-0.2515078,0.364351,0.1424844,1.546515,-0.2329956,0.8790858,-0.2646952,0.3964148,0.08544514,1.535194,-0.2006051,0.8997225,-0.2480579,0.3591196,0.1139648,1.540855,-0.2168004,348.9472,27.65872,9.979056,0,3,False
1,Center_Head_Far,308,9.979997,0.1119378,1.54075,-0.2155794,0.05913256,1.230318,-0.1870197,-0.5151032,0.02101663,0.01295179,0.8567726,0.1544173,1.125435,-0.0317228,0.02318233,0.1602338,-0.02737623,0.9864271,MathCanvas,-1.404003,1.369261,2.903931,0.1139648,1.540855,-0.2168004,0.8896323,-0.2563861,0.3779165,0.1409154,1.546635,-0.2308557,0.8674557,-0.2670817,0.4197475,0.08296026,1.534865,-0.2003032,0.8891591,-0.2500162,0.3832599,0.1119378,1.54075,-0.2155794,349.4237,25.87487,10.36234,0,3,False
1,Center_Head_Far,309,9.999996,0.1082259,1.539663,-0.2134264,0.05723355,1.230237,-0.187645,-0.5149522,0.01082554,0.008404663,0.8571094,0.1485541,1.124666,-0.0307483,0.02449331,0.1477689,-0.02494941,0.9884037,MathCanvas,-1.404003,1.369261,2.903931,0.1099987,1.540231,-0.2144945,0.8738172,-0.2549329,0.4140685,0.1379069,1.545719,-0.2272129,0.8527656,-0.2676273,0.4485159,0.07854495,1.533608,-0.1996399,0.8755399,-0.25013,0.4133581,0.1082259,1.539663,-0.2134264,350.1414,23.07182,10.64147,0,3,False
1,Center_Head_Far,310,10.02,0.1055733,1.539166,-0.2121919,0.0560259,1.230546,-0.1886058,-0.5166515,0.005767853,0.006240155,0.8561537,0.145214,1.124569,-0.03019938,0.02611303,0.1414155,-0.02447991,0.9893031,MathCanvas,-1.404003,1.369261,2.903931,0.1082259,1.539663,-0.2134264,0.8643663,-0.2588891,0.4311001,0.1357487,1.545233,-0.2248541,0.8353592,-0.2706301,0.4784708,0.07539791,1.533099,-0.1995297,0.8594328,-0.2530264,0.4442442,0.1055733,1.539166,-0.2121919,350.3826,20.96358,10.6547,0,3,False
1,Center_Head_Far,311,10.04,0.1007428,1.537878,-0.2101676,0.05405255,1.230765,-0.1896037,-0.5176497,-0.004401295,0.001421366,0.8555802,0.1393078,1.124093,-0.02929935,0.02737129,0.1293305,-0.02347249,0.9909458,MathCanvas,-1.404003,1.369261,2.903931,0.1030586,1.538466,-0.2112482,0.8402683,-0.2681413,0.4712214,0.1316482,1.543957,-0.2209195,0.8139434,-0.281585,0.5081397,0.06983752,1.531799,-0.1994157,0.8392018,-0.263443,0.4757501,0.1007428,1.537878,-0.2101676,351.1652,17.5281,10.65171,0,3,False
1,Center_Head_Far,312,10.06,0.09820088,1.537324,-0.2091486,0.05309563,1.23083,-0.1900376,-0.5178878,-0.009570534,-0.001170127,0.8553943,0.1362423,1.124036,-0.02889347,0.02748892,0.1228792,-0.02318816,0.9917699,MathCanvas,-1.404003,1.369261,2.903931,0.1007428,1.537878,-0.2101676,0.826767,-0.272526,0.4921239,0.1294336,1.543422,-0.2188969,0.797383,-0.2862079,0.5312866,0.06696819,1.531226,-0.1994004,0.82366,-0.2678972,0.4998153,0.09820088,1.537324,-0.2091486,351.5482,15.74704,10.67477,0,3,False
1,Center_Head_Far,313,10.08,0.09483813,1.537817,-0.2085065,0.05217769,1.23105,-0.1907233,-0.5176024,-0.01465485,-0.006433421,0.8554716,0.1328602,1.125138,-0.02893248,0.0240328,0.1147825,-0.02334206,0.9928256,MathCanvas,-1.404003,1.369261,2.903931,0.09820088,1.537324,-0.2091486,0.8107098,-0.2770653,0.5157367,0.1264953,1.543884,-0.2167956,0.7715445,-0.2856804,0.5684239,0.06318093,1.53175,-0.2002174,0.7992727,-0.2674354,0.5381836,0.09483813,1.537817,-0.2085065,351.462,13.07801,10.62207,0,3,False
1,Center_Head_Far,314,10.1,0.08926623,1.537406,-0.2067255,0.05036578,1.231091,-0.1915873,-0.5177474,-0.02466601,-0.01195092,0.8550944,0.1268449,1.125136,-0.02823845,0.02337596,0.101927,-0.02242128,0.9942644,MathCanvas,-1.404003,1.369261,2.903931,0.09206702,1.537585,-0.2075892,0.7670899,-0.2800152,0.5772041,0.1214112,1.543452,-0.2128767,0.7320907,-0.2925383,0.6151948,0.05712128,1.531359,-0.2005744,0.7617775,-0.2741212,0.5869861,0.08926623,1.537406,-0.2067255,351.9605,9.337667,10.57251,0,3,False
1,Center_Head_Far,315,10.12,0.0856588,1.536386,-0.2066974,0.04971486,1.230903,-0.1924721,-0.5184298,-0.02810977,-0.01675895,0.8544937,0.1239417,1.125669,-0.02828737,0.02132604,0.09609479,-0.02370008,0.9948615,MathCanvas,-1.404003,1.369261,2.903931,0.08926623,1.537406,-0.2067255,0.7391909,-0.2217079,0.635958,0.1180838,1.542304,-0.2113114,0.6913833,-0.233343,0.6837691,0.05323381,1.530468,-0.2020833,0.7228408,-0.2169315,0.6560807,0.0856588,1.536386,-0.2066974,352.0344,6.649848,10.34376,0,3,False
1,Center_Head_Far,316,10.14,0.07923739,1.535625,-0.2055486,0.04805256,1.230826,-0.1934509,-0.5185721,-0.03750599,-0.02309503,0.8538986,0.1179733,1.125725,-0.02770278,0.02010003,0.08365794,-0.02315545,0.9960227,MathCanvas,-1.404003,1.369261,2.903931,0.08252455,1.53605,-0.2060752,0.6825327,-0.2288438,0.6941035,0.1119349,1.541445,-0.2077149,0.6383188,-0.2415587,0.730889,0.04653987,1.529804,-0.2033822,0.6717879,-0.2250606,0.7057258,0.07923739,1.535625,-0.2055486,352.5085,2.452204,10.15892,0,3,False
1,Center_Head_Far,317,10.16,0.07528284,1.534454,-0.2060323,0.04752472,1.230516,-0.1936965,-0.5170583,-0.04096262,-0.02638198,0.8545623,0.1155105,1.125439,-0.0278153,0.01867324,0.07853629,-0.02229879,0.9964869,MathCanvas,-1.404003,1.369261,2.903931,0.07923739,1.535625,-0.2055486,0.3744075,-0.09742001,0.9221325,0.1080856,1.540069,-0.2064115,0.3002125,-0.1138038,0.9470592,0.04248007,1.528839,-0.205653,0.3484727,-0.102961,0.9316469,0.07528284,1.534454,-0.2060323,353.0472,359.4663,9.785731,0,3,False
1,Center_Head_Far,318,10.18,0.06824945,1.532649,-0.2063778,0.04628919,1.230339,-0.1945939,-0.5153021,-0.04879568,-0.03193422,0.8550222,0.1102374,1.124581,-0.02743846,0.02019441,0.06763273,-0.02282698,0.9972447,MathCanvas,1.327773,1.208559,2.878741,0.07174657,1.533726,-0.2059554,0.2734418,-0.113272,0.9551958,0.10101,1.537954,-0.2038687,0.2049243,-0.1298447,0.970127,0.0354889,1.527344,-0.208887,0.2547483,-0.1193289,0.9596165,0.06824945,1.532649,-0.2063778,353.9441,354.6388,9.224283,0,3,False
1,Center_Head_Far,319,10.2,0.06472253,1.531857,-0.2064772,0.04554703,1.230259,-0.1950296,-0.5148761,-0.0531345,-0.0349375,0.8549027,0.1074077,1.124409,-0.02720718,0.0200392,0.0617469,-0.02268113,0.9976329,MathCanvas,1.327773,1.208559,2.878741,0.06824945,1.532649,-0.2063778,0.2298987,-0.1245885,0.9652069,0.0973707,1.537021,-0.2025872,0.1643338,-0.1368128,0.9768709,0.03207436,1.526694,-0.2103671,0.2145854,-0.1264215,0.9684889,0.06472253,1.531857,-0.2064772,354.2874,352.3053,8.969928,0,3,False
1,Center_Head_Far,320,10.22,0.06139397,1.530583,-0.2071181,0.04505485,1.230159,-0.1956211,-0.5146374,-0.05750573,-0.03789804,0.8546375,0.1051743,1.12351,-0.02715009,0.02290475,0.05722623,-0.02359927,0.9978194,MathCanvas,1.327773,1.208559,2.878741,0.06472253,1.531857,-0.2064772,0.1895073,-0.131619,0.9730177,0.09385711,1.535557,-0.2017239,0.1201968,-0.1484,0.9815957,0.02893083,1.525609,-0.2125123,0.1708122,-0.1381403,0.9755718,0.06139397,1.530583,-0.2071181,354.8847,349.7904,8.630021,0,3,False
1,Center_Head_Far,321,10.24,0.0544541,1.528763,-0.2077731,0.04363952,1.230012,-0.1965158,-0.5137569,-0.06617857,-0.04388557,0.8542531,0.09970725,1.12296,-0.02673463,0.02356112,0.04589321,-0.02365774,0.9983882,MathCanvas,1.327773,1.208559,2.878741,0.05791571,1.529672,-0.2074438,-0.195311,-0.07376447,0.9779634,0.08638516,1.533385,-0.1996035,-0.2622171,-0.08403088,0.9613433,0.02252305,1.524141,-0.2159428,-0.2102706,-0.07651273,0.9746447,0.0544541,1.528763,-0.2077731,355.6337,345.0351,8.005409,0,3,False
1,Center_Head_Far,322,10.26,0.05178002,1.527972,-0.2089524,0.04356812,1.230033,-0.1974076,-0.5150802,-0.06960406,-0.04724286,0.853004,0.09791663,1.122017,-0.02706275,0.0258275,0.0419062,-0.02464416,0.9984836,MathCanvas,1.327773,1.208559,2.878741,0.0544541,1.528763,-0.2077731,-0.236339,-0.08027237,0.9683492,0.08336699,1.53227,-0.1993875,-0.3034719,-0.0915021,0.9484367,0.02019304,1.523674,-0.2185172,-0.2520856,-0.08451074,0.9640077,0.05178002,1.527972,-0.2089524,356.0668,342.6401,7.437266,0,3,False
1,Center_Head_Far,323,10.28,0.04696197,1.526803,-0.2111279,0.04282115,1.229918,-0.1988962,-0.5168632,-0.07689828,-0.0539975,0.8508956,0.09368816,1.12096,-0.02744383,0.02687863,0.03220661,-0.02357236,0.9988416,MathCanvas,1.327773,1.208559,2.878741,0.04924037,1.52754,-0.2100134,-0.4653345,-0.07798061,0.8816932,0.07782486,1.530458,-0.1992193,-0.519612,-0.08567648,0.8500958,0.01609907,1.523147,-0.2230365,-0.4737256,-0.08045257,0.87699,0.04696197,1.526803,-0.2111279,356.7168,338.5375,6.316219,0,3,False
1,Center_Head_Far,324,10.3,0.04470645,1.525775,-0.2122642,0.04230461,1.22982,-0.1995482,-0.5172503,-0.08105314,-0.05699571,0.8500788,0.09180643,1.120505,-0.02773817,0.02828721,0.02759833,-0.02379704,0.9989353,MathCanvas,1.327773,1.208559,2.878741,0.04696197,1.526803,-0.2111279,-0.4968532,-0.08306485,0.8638502,0.07518467,1.529075,-0.1993074,-0.5479776,-0.0907438,0.8315564,0.01422822,1.522475,-0.2252211,-0.502968,-0.08614455,0.8600013,0.04470645,1.525775,-0.2122642,357.1218,336.6816,5.698234,0,3,False
1,Center_Head_Far,325,10.32,0.04137601,1.525004,-0.2140444,0.04096249,1.229534,-0.2006959,-0.5162729,-0.08970674,-0.06226224,0.8494342,0.08753067,1.119806,-0.02811798,0.02953494,0.01819998,-0.02446775,0.9990985,MathCanvas,1.327773,1.208559,2.878741,0.04336333,1.525529,-0.2130566,-0.7300007,-0.08322161,0.6783606,0.07113001,1.527614,-0.1993615,-0.7683212,-0.08412588,0.6345119,0.011622,1.522395,-0.2287272,-0.7358289,-0.08163448,0.6722289,0.04137601,1.525004,-0.2140444,357.4713,333.5359,4.501216,0,3,False
1,Center_Head_Far,326,10.34,0.0393907,1.524451,-0.2150213,0.04038812,1.22947,-0.201263,-0.5161759,-0.09383733,-0.06522314,0.8488244,0.08519474,1.119424,-0.02816911,0.03021026,0.0131881,-0.02456609,0.9991546,MathCanvas,1.327773,1.208559,2.878741,0.04137601,1.525004,-0.2140444,-0.7523118,-0.08288024,0.6535732,0.06864874,1.526736,-0.1993228,-0.789879,-0.0835718,0.6075416,0.01013266,1.522167,-0.2307198,-0.7586633,-0.08160283,0.6463521,0.0393907,1.524451,-0.2150213,357.6867,331.6248,3.939133,0,3,False
1,Center_Head_Far,327,10.36,0.03948826,1.5252,-0.2155824,0.03950781,1.229277,-0.2018527,-0.5145088,-0.09974357,-0.06790502,0.8489528,0.08363661,1.119573,-0.02844671,0.02887759,0.009436184,-0.02532511,0.9992176,MathCanvas,1.327773,1.208559,2.878741,0.0393907,1.524451,-0.2150213,-0.7745148,-0.08258739,0.6271413,0.06868885,1.527593,-0.1997933,-0.7919515,-0.08095389,0.6051936,0.01028767,1.522807,-0.2313714,-0.7608746,-0.07875054,0.6441026,0.03948826,1.5252,-0.2155824,357.4381,331.4147,4.127274,0,3,False
1,Center_Head_Far,328,10.38,0.03720939,1.52475,-0.2173814,0.03826951,1.229092,-0.2029841,-0.5137663,-0.1087672,-0.07378864,0.8478025,0.07917661,1.118953,-0.02859329,0.02963221,-0.0001468351,-0.02571665,0.99923,MathCanvas,1.327773,1.208559,2.878741,0.03826884,1.525031,-0.2164524,-0.774267,-0.08676951,0.6268826,0.06557925,1.526724,-0.2000911,-0.804726,-0.08738988,0.5871789,0.008839536,1.522777,-0.2346717,-0.7740772,-0.08588175,0.6272391,0.03720939,1.52475,-0.2173814,357.6657,328.5007,3.401502,0,3,False
1,Center_Head_Far,329,10.4,0.03626002,1.523773,-0.2184504,0.03756628,1.228902,-0.2035582,-0.5135512,-0.1138669,-0.07687907,0.8469883,0.07736246,1.118742,-0.0284384,0.0307349,-0.002656657,-0.02584151,0.99919,MathCanvas,1.327773,1.208559,2.878741,0.03720939,1.52475,-0.2173814,-0.7896558,-0.08663586,0.6074026,0.06435954,1.525635,-0.2007121,-0.8137752,-0.09009735,0.5741535,0.008160494,1.521912,-0.2361887,-0.7837502,-0.08882633,0.6146915,0.03626002,1.523773,-0.2184504,357.9137,327.6202,3.208345,0,3,False
1,Center_Head_Far,330,10.42,0.03448597,1.52289,-0.2202554,0.03605066,1.228702,-0.2045118,-0.512538,-0.1247635,-0.08196893,0.8455886,0.07377892,1.118699,-0.02833935,0.032076,-0.008810601,-0.02720753,0.9990762,MathCanvas,1.327773,1.208559,2.878741,0.03529629,1.523025,-0.219443,-0.8084367,-0.09258087,0.5812564,0.06199626,1.524483,-0.2015915,-0.8322887,-0.09400359,0.5463138,0.006975673,1.521297,-0.2389194,-0.8035989,-0.09325122,0.5878205,0.03448597,1.52289,-0.2202554,358.3485,325.7665,2.744519,0,3,False
1,Center_Head_Far,331,10.44,0.03364889,1.522536,-0.2211476,0.03538859,1.228611,-0.2050618,-0.5120843,-0.1295637,-0.08480381,0.8448617,0.07168999,1.11848,-0.02835111,0.0326089,-0.01290701,-0.02753282,0.9990055,MathCanvas,1.327773,1.208559,2.878741,0.03448597,1.52289,-0.2202554,-0.7702825,-0.09417918,0.6307101,0.06076064,1.52395,-0.2018954,-0.7994796,-0.09545964,0.5930597,0.006537141,1.521122,-0.2403999,-0.7675725,-0.09463932,0.6339367,0.03364889,1.522536,-0.2211476,358.492,324.557,2.43592,0,3,False
1,Center_Head_Far,332,10.46,0.03268929,1.523015,-0.2219754,0.03426176,1.228404,-0.2059983,-0.5116824,-0.1406676,-0.0889406,0.8429017,0.06768066,1.119102,-0.02901412,0.03044966,-0.02321174,-0.0270049,0.9989018,MathCanvas,1.327773,1.208559,2.878741,0.03295164,1.522555,-0.2217899,-0.7956054,-0.09444286,0.5984084,0.05936036,1.524559,-0.2021268,-0.8125777,-0.0924166,0.5754794,0.006018221,1.521471,-0.2418239,-0.7815989,-0.09133564,0.6170583,0.03268929,1.523015,-0.2219754,358.2352,323.2614,2.66005,0,3,False
1,Center_Head_Far,333,10.48,0.03220275,1.522694,-0.2227985,0.03407452,1.228251,-0.2062378,-0.5094482,-0.1433838,-0.09058036,0.8436225,0.06577642,1.119231,-0.0295629,0.02949521,-0.02823787,-0.02682805,0.9988058,MathCanvas,1.327773,1.208559,2.878741,0.03268929,1.523015,-0.2219754,-0.7033976,-0.1041265,0.7031284,0.05862451,1.5242,-0.2026164,-0.7302953,-0.1079049,0.6745555,0.005781,1.521188,-0.2429806,-0.6930599,-0.1063203,0.7129965,0.03220275,1.522694,-0.2227985,358.4186,322.5541,2.594489,0,3,False
1,Center_Head_Far,334,10.5,0.03123542,1.522385,-0.2241977,0.03330223,1.228091,-0.2068116,-0.5073806,-0.1507327,-0.0948747,0.8431153,0.0617767,1.118971,-0.03027119,0.02906719,-0.03757594,-0.02644244,0.9985209,MathCanvas,1.327773,1.208559,2.878741,0.03166068,1.52248,-0.223481,-0.7229736,-0.1079215,0.6823943,0.05709409,1.52371,-0.2032867,-0.7488616,-0.1100138,0.6535314,0.005376745,1.521061,-0.2451087,-0.7126966,-0.1087435,0.6929923,0.03123542,1.522385,-0.2241977,358.5965,320.9828,2.280679,0,3,False
1,Center_Head_Far,335,10.52,0.03112564,1.522608,-0.2245336,0.03312205,1.228128,-0.2069622,-0.5068564,-0.1535365,-0.09709079,0.8426723,0.05989099,1.11847,-0.03074108,0.0293634,-0.04227276,-0.02560578,0.9983462,MathCanvas,1.327773,1.208559,2.878741,0.03123542,1.522385,-0.2241977,-0.6962393,-0.1072476,0.7097527,0.05679267,1.523933,-0.2033879,-0.7216125,-0.1058867,0.6841516,0.005458616,1.521282,-0.2456793,-0.6836328,-0.1042951,0.7223356,0.03112564,1.522608,-0.2245336,358.4713,320.4557,2.283476,0,3,False
1,Center_Head_Far,336,10.54,0.03080604,1.522661,-0.2249928,0.03266723,1.228049,-0.2073344,-0.5060421,-0.1575565,-0.09939686,0.8421506,0.0578815,1.118326,-0.03101802,0.02929676,-0.04685684,-0.0254504,0.9981475,MathCanvas,1.327773,1.208559,2.878741,0.03112564,1.522608,-0.2245336,-0.7028822,-0.105091,0.7035002,0.05619128,1.523928,-0.2035061,-0.7307549,-0.1060512,0.674352,0.005420798,1.521394,-0.2464796,-0.6932842,-0.1045562,0.7130394,0.03080604,1.522661,-0.2249928,358.4933,319.6971,2.182417,0,3,False
1,Center_Head_Far,337,10.56,0.03063146,1.523288,-0.225369,0.03233595,1.227996,-0.2078238,-0.505093,-0.1618226,-0.1037528,0.8413857,0.0544478,1.11725,-0.03178879,0.0320842,-0.05519536,-0.02547452,0.9976348,MathCanvas,1.327773,1.208559,2.878741,0.0308257,1.523093,-0.2251007,-0.7157345,-0.1012103,0.6909998,0.05569313,1.524627,-0.20351,-0.7410265,-0.1008984,0.6638517,0.005569803,1.521949,-0.247228,-0.7041393,-0.09925799,0.7030901,0.03063146,1.523288,-0.225369,358.2089,318.8326,2.307078,0,3,False
1,Center_Head_Far,338,10.58,0.0304601,1.523499,-0.2256566,0.03196036,1.227931,-0.2081613,-0.5043552,-0.165317,-0.1060195,0.8408663,0.05251399,1.116997,-0.03209282,0.03244445,-0.05965496,-0.02536251,0.9973693,MathCanvas,1.327773,1.208559,2.878741,0.03063146,1.523288,-0.225369,-0.7228497,-0.1000783,0.6837198,0.05528168,1.524817,-0.2035241,-0.7483632,-0.1000798,0.6556956,0.00563853,1.52218,-0.2477891,-0.7119071,-0.09846866,0.6953359,0.0304601,1.523499,-0.2256566,358.1658,318.205,2.271553,0,3,False
1,Center_Head_Far,339,10.6,0.03116829,1.522609,-0.2258178,0.032236,1.227737,-0.2085339,-0.5037292,-0.1667916,-0.1088505,0.8405885,0.049849,1.115627,-0.03271594,0.03644341,-0.06577302,-0.02547837,0.9968433,MathCanvas,1.327773,1.208559,2.878741,0.03101356,1.522749,-0.2257114,-0.8091105,-0.09287674,0.5802708,0.05596161,1.524034,-0.2036603,-0.8271839,-0.09408159,0.5539995,0.006374974,1.521184,-0.2479754,-0.7967777,-0.09290645,0.5970877,0.03116829,1.522609,-0.2258178,358.25,318.1382,2.455357,0,3,False
1,Center_Head_Far,340,10.62,0.03105031,1.522651,-0.2262718,0.03214505,1.227583,-0.2084465,-0.5024803,-0.1686154,-0.1097836,0.8408508,0.04877892,1.115215,-0.03291955,0.03652412,-0.06839499,-0.02483914,0.9966801,MathCanvas,1.327773,1.208559,2.878741,0.03116829,1.522609,-0.2258178,-0.8122669,-0.09349404,0.5757442,0.05584638,1.524086,-0.204118,-0.8268598,-0.09665165,0.5540409,0.006254245,1.521216,-0.2484256,-0.7964453,-0.09549209,0.5971233,0.03105031,1.522651,-0.2262718,358.3984,318.152,2.472075,0,3,False
1,Center_Head_Far,341,10.64,0.03165634,1.522352,-0.2261038,0.03178269,1.227322,-0.2085805,-0.5009113,-0.1737379,-0.1125662,0.8403761,0.04597636,1.114417,-0.03335542,0.03756833,-0.07533801,-0.02423497,0.9961554,MathCanvas,1.327773,1.208559,2.878741,0.0315371,1.522423,-0.2260134,-0.7908372,-0.1110848,0.6018611,0.05636833,1.523836,-0.2038594,-0.8088298,-0.1126822,0.5771457,0.006944343,1.520868,-0.2483481,-0.7769508,-0.1114451,0.6196187,0.03165634,1.522352,-0.2261038,358.576,317.9447,2.555835,0,3,False
1,Center_Head_Far,342,10.66,0.03241784,1.522131,-0.2254037,0.0317725,1.22714,-0.2085555,-0.5004543,-0.1754238,-0.1132753,0.8402027,0.04556553,1.114026,-0.03315876,0.03849766,-0.07701843,-0.02380958,0.9960016,MathCanvas,1.327773,1.208559,2.878741,0.03165634,1.522352,-0.2261038,-0.7931746,-0.1120637,0.5985948,0.05719461,1.523677,-0.2032357,-0.8066816,-0.1154257,0.5796048,0.00764106,1.520585,-0.2475716,-0.7746739,-0.114116,0.6219789,0.03241784,1.522131,-0.2254037,358.7144,318.121,2.662667,0,3,False
1,Center_Head_Far,343,10.68,0.03337422,1.521746,-0.2244236,0.03170498,1.227012,-0.2085368,-0.4998755,-0.1760789,-0.1139059,0.8403251,0.04493967,1.113834,-0.03303932,0.0392215,-0.07837828,-0.02397044,0.9958634,MathCanvas,1.327773,1.208559,2.878741,0.03241784,1.522131,-0.2254037,-0.7909617,-0.1147709,0.6010052,0.05821004,1.523268,-0.2023202,-0.8049299,-0.1179279,0.5815332,0.008538393,1.520224,-0.246527,-0.7728071,-0.1166832,0.6238222,0.03337422,1.521746,-0.2244236,358.8712,318.2798,2.621918,0,3,False
1,Center_Head_Far,344,10.7,0.03500535,1.52139,-0.2230659,0.0314909,1.226823,-0.2084874,-0.4989951,-0.1780678,-0.1150943,0.8402673,0.04346882,1.11356,-0.03293069,0.03981495,-0.08191098,-0.02452912,0.9955419,MathCanvas,1.327773,1.208559,2.878741,0.03385293,1.521553,-0.2240584,-0.7776185,-0.1182684,0.6175129,0.06006625,1.522933,-0.2012195,-0.7865838,-0.1219189,0.605328,0.009944456,1.519846,-0.2449123,-0.7530844,-0.1205536,0.646785,0.03500535,1.52139,-0.2230659,359.1356,318.8802,2.657905,0,3,False
1,Center_Head_Far,345,10.72,0.03583649,1.521492,-0.2222406,0.03155072,1.226778,-0.2083582,-0.4986442,-0.1789453,-0.1157739,0.8401958,0.04323929,1.113781,-0.03271493,0.03875208,-0.0829996,-0.02510341,0.9954793,MathCanvas,1.327773,1.208559,2.878741,0.03500535,1.52139,-0.2230659,-0.7666757,-0.1211664,0.6304975,0.06107986,1.5232,-0.2006177,-0.7773816,-0.1236587,0.6167549,0.01059312,1.519784,-0.2438635,-0.7433242,-0.1218591,0.6577383,0.03583649,1.521492,-0.2222406,359.1816,319.3753,2.942155,0,3,False
1,Center_Head_Far,346,10.74,0.03718963,1.521559,-0.2206268,0.03168416,1.226747,-0.2082752,-0.4984681,-0.1792163,-0.1162875,0.8401716,0.04166409,1.113519,-0.03264454,0.03837231,-0.08719438,-0.02513215,0.9951347,MathCanvas,1.327773,1.208559,2.878741,0.03656711,1.521422,-0.2214684,-0.7617714,-0.1247115,0.6357291,0.06260026,1.523409,-0.1992126,-0.7751608,-0.1264493,0.6189801,0.01177901,1.519708,-0.2420411,-0.7409813,-0.1246238,0.6598603,0.03718963,1.521559,-0.2206268,359.2967,319.8391,3.188452,0,3,False
1,Center_Head_Far,347,10.76,0.03753282,1.521492,-0.2197974,0.03232963,1.226578,-0.207751,-0.4976597,-0.1789328,-0.1173208,0.8405675,0.04246445,1.113831,-0.0320228,0.03842345,-0.08468421,-0.02536994,0.9953434,MathCanvas,1.327773,1.208559,2.878741,0.03718963,1.521559,-0.2206268,-0.7583469,-0.1255366,0.6396488,0.06304654,1.523406,-0.1985116,-0.7722802,-0.1236296,0.6231365,0.0120191,1.519579,-0.2410831,-0.7379047,-0.1216749,0.6638461,0.03753282,1.521492,-0.2197974,359.1092,320.1109,3.296698,0,3,False
1,Center_Head_Far,348,10.78,0.03878046,1.520975,-0.2182666,0.0324785,1.22642,-0.2071763,-0.4960187,-0.1790174,-0.1171065,0.8415487,0.04288579,1.113804,-0.03174481,0.03942573,-0.08348115,-0.02668927,0.9953714,MathCanvas,1.327773,1.208559,2.878741,0.03814726,1.521455,-0.2189595,-0.6334254,-0.1383111,0.7613425,0.06445465,1.522884,-0.1971742,-0.6507274,-0.1433901,0.7456495,0.01310627,1.519066,-0.2393589,-0.609319,-0.1403656,0.7804023,0.03878046,1.520975,-0.2182666,359.3427,320.5578,3.288558,0,3,False
1,Center_Head_Far,349,10.8,0.03947243,1.520619,-0.2174906,0.03263183,1.226325,-0.2067198,-0.4952414,-0.1789256,-0.1168723,0.8420585,0.04293116,1.113758,-0.03165662,0.03838968,-0.08410285,-0.0268175,0.9953561,MathCanvas,-2.063612,1.061909,2.308692,0.03878046,1.520975,-0.2182666,-0.6302636,-0.141878,0.7633076,0.06522518,1.522528,-0.1964943,-0.6474367,-0.1470546,0.7477973,0.01371967,1.518709,-0.2384869,-0.6058986,-0.1440311,0.7823951,0.03947243,1.520619,-0.2174906,359.555,320.784,3.289498,0,3,False
1,Center_Head_Far,350,10.82,0.04066642,1.520135,-0.2157138,0.03263183,1.226325,-0.2067198,-0.4952414,-0.1789256,-0.1168723,0.8420585,0.04293116,1.113758,-0.03165662,0.03838968,-0.08410285,-0.0268175,0.9953561,MathCanvas,-2.034906,1.053658,2.294773,0.04008004,1.52038,-0.2166036,-0.3454595,-0.1459601,0.9270132,0.06657012,1.522096,-0.1949088,-0.3654239,-0.1503102,0.9186251,0.01476272,1.518175,-0.2365189,-0.3176258,-0.1446789,0.9371137,0.04066642,1.520135,-0.2157138,359.7763,321.2164,3.376899,0,3,False
1,Center_Head_Far,351,10.84,0.04107529,1.520335,-0.2147158,0.0328548,1.226326,-0.2064476,-0.4956174,-0.1783161,-0.1167801,0.8419793,0.04296601,1.113577,-0.03159861,0.03775081,-0.08480938,-0.0264395,0.9953307,MathCanvas,-2.034906,1.053658,2.294773,0.04066642,1.520135,-0.2157138,-0.3416514,-0.1474952,0.9281808,0.06704064,1.522345,-0.1939925,-0.3622415,-0.1510017,0.9197715,0.01510995,1.518325,-0.2354391,-0.314396,-0.1452795,0.9381094,0.04107529,1.520335,-0.2147158,359.8444,321.3967,3.461946,0,3,False
1,Center_Head_Far,352,10.86,0.04160767,1.5202,-0.2137838,0.0328548,1.226326,-0.2064476,-0.4956174,-0.1783161,-0.1167801,0.8419793,0.04296601,1.113577,-0.03159861,0.03775081,-0.08480938,-0.0264395,0.9953307,MathCanvas,-2.034906,1.053658,2.294773,0.04107529,1.520335,-0.2147158,-0.3604853,-0.1494757,0.9207102,0.06764594,1.522238,-0.193155,-0.380594,-0.1536808,0.9118829,0.01556941,1.518161,-0.2344126,-0.3327628,-0.1480511,0.9313162,0.04160767,1.5202,-0.2137838,359.9443,321.6086,3.51175,0,3,False
1,Center_Head_Far,353,10.88,0.04202047,1.519808,-0.212573,0.03457204,1.226253,-0.2040304,-0.4950251,-0.1727669,-0.1172414,0.8434194,0.04422726,1.112475,-0.03070113,0.04061964,-0.08340645,-0.02745907,0.9953087,MathCanvas,-2.034906,1.053658,2.294773,0.04166416,1.520241,-0.2130917,-0.3576466,-0.1494447,0.9218217,0.06809585,1.521618,-0.1919698,-0.3801492,-0.1561392,0.9116508,0.0159451,1.517998,-0.2331763,-0.3322648,-0.1508409,0.9310462,0.04202047,1.519808,-0.212573,359.9816,321.6853,3.117964,0,3,False
1,Center_Head_Far,354,10.9,0.04238816,1.519583,-0.2118291,0.03457204,1.226253,-0.2040304,-0.4950251,-0.1727669,-0.1172414,0.8434194,0.04422726,1.112475,-0.03070113,0.04061964,-0.08340645,-0.02745907,0.9953087,MathCanvas,-2.034906,1.053658,2.294773,0.04202047,1.519808,-0.212573,-0.4019207,-0.1203131,0.9077359,0.06851554,1.521364,-0.1912893,-0.4232683,-0.1243386,0.8974317,0.01626079,1.517802,-0.2323688,-0.3755574,-0.11985,0.9190172,0.04238816,1.519583,-0.2118291,0.07500286,321.8317,3.068056,0,3,False
1,Center_Head_Far,355,10.92,0.04303996,1.519248,-0.2106413,0.03539176,1.22638,-0.2024801,-0.4954635,-0.1692392,-0.1165283,0.8439758,0.0459231,1.11164,-0.02953072,0.04133356,-0.0812492,-0.02738143,0.9954599,MathCanvas,-2.034906,1.053658,2.294773,0.04274989,1.519294,-0.2110923,-0.3975702,-0.1245125,0.9090845,0.06918164,1.52096,-0.1901138,-0.4221642,-0.1310499,0.8969968,0.01689828,1.517536,-0.2311688,-0.3744445,-0.1265868,0.918568,0.04303996,1.519248,-0.2106413,0.445317,321.8825,2.948333,0,3,False
1,Center_Head_Far,356,10.94,0.04333699,1.519191,-0.2100051,0.03549124,1.226401,-0.2023028,-0.4956883,-0.1689531,-0.1164725,0.8439088,0.04623894,1.111506,-0.02930853,0.04158715,-0.08072575,-0.02741564,0.995491,MathCanvas,-2.034906,1.053658,2.294773,0.04303996,1.519248,-0.2106413,-0.4283533,-0.1184105,0.8958194,0.06950097,1.520886,-0.1895047,-0.4507934,-0.1223335,0.8842057,0.01717301,1.517495,-0.2305056,-0.4033689,-0.1182075,0.90737,0.04333699,1.519191,-0.2100051,0.5489847,321.948,2.919824,0,3,False
1,Center_Head_Far,357,10.96,0.04352083,1.519739,-0.2087864,0.03658738,1.226613,-0.2002809,-0.4985451,-0.1650699,-0.1163391,0.8430125,0.05036207,1.110525,-0.02619177,0.0447869,-0.07178222,-0.02907085,0.9959902,MathCanvas,-2.034906,1.053658,2.294773,0.04365035,1.519064,-0.2093607,-0.4257957,-0.122521,0.8964857,0.06969093,1.52145,-0.188295,-0.4509848,-0.1179458,0.8847042,0.01735074,1.518028,-0.2292777,-0.4035483,-0.1138443,0.9078482,0.04352083,1.519739,-0.2087864,0.2962041,321.9541,2.946566,0,3,False
1,Center_Head_Far,358,10.98,0.04369477,1.519861,-0.208182,0.03658738,1.226613,-0.2002809,-0.4985451,-0.1650699,-0.1163391,0.8430125,0.05086828,1.110364,-0.02580535,0.04516453,-0.07076949,-0.02925296,0.9960402,MathCanvas,-2.034906,1.053658,2.294773,0.04352083,1.519739,-0.2087864,-0.4520684,-0.1161866,0.8843839,0.06988363,1.521559,-0.1877136,-0.4746583,-0.1184343,0.8721656,0.0175059,1.518162,-0.2286503,-0.4275776,-0.1145155,0.896696,0.04369477,1.519861,-0.208182,0.3091578,322.0058,2.925891,0,3,False
1,Center_Head_Far,359,11,0.04380867,1.519843,-0.20782,0.03735267,1.226686,-0.198986,-0.5005274,-0.1613837,-0.1158221,0.8426226,0.05240636,1.110468,-0.0244046,0.04479564,-0.06746133,-0.02926037,0.9962862,MathCanvas,-1.42779,1.141672,2.670493,0.04369477,1.519861,-0.208182,-0.4512853,-0.1164751,0.8847458,0.07000511,1.521574,-0.1873641,-0.4743623,-0.1168238,0.8725438,0.01761222,1.518112,-0.2282759,-0.4272722,-0.1128684,0.8970503,0.04380867,1.519843,-0.20782,0.2242455,322.0266,2.98173,0,3,False
1,Center_Head_Far,360,11.02,0.043996,1.519917,-0.206987,0.03795924,1.226695,-0.1979203,-0.5019118,-0.1587471,-0.114824,0.8424366,0.05449615,1.110772,-0.02240766,0.04433868,-0.06307602,-0.02938194,0.9965903,MathCanvas,-1.429104,1.139689,2.679829,0.0438886,1.519897,-0.2074646,-0.6092958,-0.07910229,0.7889876,0.07020862,1.521701,-0.1865563,-0.62993,-0.08034263,0.7724851,0.01778338,1.518134,-0.2274177,-0.5872564,-0.07743804,0.805688,0.043996,1.519917,-0.206987,0.1982675,322.077,3.071177,0,3,False
1,Center_Head_Far,361,11.04,0.04411208,1.519961,-0.2064896,0.03795924,1.226695,-0.1979203,-0.5019118,-0.1587471,-0.114824,0.8424366,0.05507676,1.110712,-0.02190871,0.04446909,-0.06188791,-0.02949198,0.9966557,MathCanvas,-1.977165,1.257519,2.410249,0.043996,1.519917,-0.206987,-0.6088203,-0.07889044,0.7893758,0.07033704,1.521755,-0.1860757,-0.6294461,-0.08012972,0.7729017,0.01788712,1.518167,-0.2269036,-0.5867525,-0.07720786,0.8060772,0.04411208,1.519961,-0.2064896,0.1856201,322.1122,3.089525,0,3,False
1,Center_Head_Far,362,11.06,0.04408957,1.520043,-0.2057347,0.03886288,1.226484,-0.1956775,-0.5031753,-0.1538572,-0.1116843,0.843012,0.05779549,1.111539,-0.01937194,0.04307479,-0.05580409,-0.03074371,0.9970383,MathCanvas,-1.979227,1.257778,2.416903,0.04422731,1.520004,-0.2059941,-0.6546642,-0.0792765,0.7517514,0.070297,1.521936,-0.1853073,-0.6755075,-0.08037738,0.7329591,0.01788214,1.518149,-0.2261622,-0.6349883,-0.07755166,0.7686193,0.04408957,1.520043,-0.2057347,0.1464383,322.0737,3.261872,0,3,False
1,Center_Head_Far,363,11.08,0.04403436,1.520095,-0.2053192,0.03934393,1.226033,-0.1958198,-0.5072786,-0.1466404,-0.1107222,0.8419654,0.05864458,1.11183,-0.01862465,0.04169229,-0.05442851,-0.03058273,0.997178,MathCanvas,-2.148194,1.254568,2.311666,0.04408957,1.520043,-0.2057347,-0.6554912,-0.07896461,0.7510632,0.07024426,1.52202,-0.1848978,-0.6753343,-0.0801771,0.7331406,0.01782445,1.51817,-0.2257405,-0.6348106,-0.07730007,0.7687913,0.04403436,1.520095,-0.2053192,0.1304441,322.0838,3.315497,0,3,False
