UID,Condition,Index,Time,Player_X,Player_Y,Player_Z,Left_X,Left_Y,Left_Z,LeftRot_X,LeftRot_Y,LeftRot_Z,LeftRot_W,Right_X,Right_Y,Right_Z,RightRot_X,RightRot_Y,RightRot_Z,RightRot_W,GazeObject,GP_X,GP_Y,GP_Z,GO_X,GO_Y,GO_Z,GZ_X,GZ_Y,GZ_Z,RE_X,RE_Y,RE_Z,RED_X,RED_Y,RED_Z,LE_X,LE_Y,LE_Z,LED_X,LED_Y,LED_Z,H_X,H_Y,H_Z,HR_X,HR_Y,HR_Z,Blinking,BlinkCount,EventTriggered
1,Center_Head_Far,0,6.759997,0.09709843,1.06409,-0.1376613,-0.1822444,0.7144889,0.2389142,0.07683412,-0.1846387,0.378031,0.9039345,0.246746,0.6952494,0.2465119,-0.01957846,0.003995299,0.3364663,-0.9414835,Rigidbody,0.8414335,0.861119,0.04037406,0.09728188,1.064066,-0.1375373,-0.02069184,0.0264121,-0.999437,0.1301973,1.063921,-0.1341786,-0.005106702,0.02672622,0.9996297,0.06399952,1.064258,-0.141144,0.04859397,0.0262714,0.998473,0.09709843,1.06409,-0.1376613,348.2249,354.0538,359.704,0,2,False
1,Center_Head_Far,1,6.779998,0.09674902,1.064427,-0.1377972,-0.1795853,0.7134926,0.2411229,0.08827949,-0.1837929,0.3724242,0.9053878,0.246746,0.6952494,0.2465119,-0.01957846,0.003995299,0.3364663,-0.9414835,Rigidbody,0.8414335,0.861119,0.04037406,0.09709843,1.06409,-0.1376613,-0.02063003,0.02658609,-0.9994338,0.1298498,1.064202,-0.1343351,-0.005558528,0.02725677,0.999613,0.06364828,1.064652,-0.1412592,0.04814944,0.02670792,0.9984831,0.09674902,1.064427,-0.1377972,348.1897,354.1101,359.6042,0,2,False
1,Center_Head_Far,2,6.799998,0.09628564,1.06462,-0.1380331,-0.1785558,0.7134472,0.241569,0.08929215,-0.1810386,0.3734494,0.9054211,0.246746,0.6952494,0.2465119,-0.01957846,0.003995299,0.3364663,-0.9414835,Rigidbody,0.8414335,0.861119,0.04037406,0.09652611,1.064546,-0.137922,-0.01770551,0.02754418,-0.9994639,0.129394,1.064442,-0.1346415,-0.008290574,0.02827871,0.9995657,0.06317732,1.064798,-0.1414246,0.04545294,0.02780682,0.9985794,0.09628564,1.06462,-0.1380331,348.1531,354.2153,359.6872,0,2,False
1,Center_Head_Far,3,6.819998,0.09605958,1.06469,-0.1381509,-0.1781222,0.7133505,0.2418963,0.09036688,-0.1805621,0.372961,0.905611,0.246746,0.6952494,0.2465119,-0.01957846,0.003995299,0.3364663,-0.9414835,Rigidbody,0.8414335,0.861119,0.04037406,0.09628564,1.06462,-0.1380331,-0.01858763,0.02804276,-0.9994339,0.1291715,1.064526,-0.1347936,-0.007265069,0.02858958,0.9995648,0.06294769,1.064854,-0.1415082,0.04647755,0.0281381,0.9985229,0.09605958,1.06469,-0.1381509,348.1374,354.2697,359.7115,0,2,False
1,Center_Head_Far,4,6.839998,0.09542526,1.064939,-0.1382991,-0.177854,0.7146285,0.2408423,0.08110813,-0.1764273,0.3687021,0.90904,0.246746,0.6952494,0.2465119,-0.05104769,0.6416954,-0.165748,0.7470936,Rigidbody,0.8414335,0.861119,0.04037406,0.09583914,1.064761,-0.1382625,-0.02002074,0.02873819,-0.9993867,0.1285362,1.064949,-0.1349283,-0.008174658,0.03078727,0.9994925,0.06231434,1.064928,-0.1416699,0.0455726,0.03060488,0.9984921,0.09542526,1.064939,-0.1382991,348.039,354.1834,0.01820192,0,2,False
1,Center_Head_Far,5,6.859998,0.09503441,1.064929,-0.1384041,-0.1777532,0.7149583,0.2407375,0.07989911,-0.1759447,0.3667693,0.9100219,0,0,0,0,0,0,1,Rigidbody,0.8414335,0.861119,0.04037406,0.09542526,1.064939,-0.1382991,-0.008890379,0.02420029,-0.9996676,0.1281451,1.064972,-0.1350316,-0.01809324,0.0249031,0.9995261,0.06192368,1.064886,-0.1417765,0.03572252,0.02482431,0.9990534,0.09503441,1.064929,-0.1384041,348.0069,354.1687,0.07516303,0,2,False
1,Center_Head_Far,6,6.879998,0.0943046,1.064994,-0.1386356,-0.1774314,0.7151859,0.2407471,0.07910309,-0.1751263,0.3652661,0.9108536,0,0,0,0,0,0,1,Rigidbody,0.8414335,0.861119,0.04037406,0.09465545,1.064957,-0.1385266,-0.008772905,0.02517798,-0.9996445,0.1274157,1.06512,-0.1352694,-0.017969,0.02573659,0.9995072,0.06119346,1.064867,-0.1420018,0.03584669,0.02578801,0.9990245,0.0943046,1.064994,-0.1386356,347.971,354.1488,0.2219067,0,2,False
1,Center_Head_Far,7,6.899998,0.09392194,1.064762,-0.1387715,-0.1777487,0.7152894,0.2405431,0.0786498,-0.1755252,0.3658567,0.910579,0,0,0,0,0,0,1,Rigidbody,0.8414335,0.861119,0.04037406,0.0943046,1.064994,-0.1386356,-0.008942228,0.02576287,-0.9996282,0.1270273,1.06496,-0.1353527,-0.01961049,0.02518074,0.9994905,0.06081654,1.064564,-0.1421903,0.03420566,0.0253516,0.9990932,0.09392194,1.064762,-0.1387715,348.0134,354.0317,0.3478221,0,2,False
1,Center_Head_Far,8,6.919998,0.09353867,1.064582,-0.1388667,-0.1780053,0.7149682,0.2404991,0.07947812,-0.1758658,0.3670238,0.9099714,0,0,0,0,0,0,1,Rigidbody,0.8414335,0.861119,0.04037406,0.09392194,1.064762,-0.1387715,-0.00635354,0.02526331,-0.9996606,0.1266386,1.064839,-0.1353993,-0.02206774,0.02389151,0.999471,0.06043873,1.064325,-0.1423342,0.03175436,0.02416761,0.9992035,0.09353867,1.064582,-0.1388667,348.0959,353.9264,0.4522331,0,2,False
1,Center_Head_Far,9,6.939998,0.09277071,1.064372,-0.1391089,-0.1779124,0.7148211,0.2405811,0.08030004,-0.1764447,0.3657531,0.9102988,0,0,0,0,0,0,1,Rigidbody,0.8414335,0.861119,0.04037406,0.09312035,1.064466,-0.1389862,-0.001127508,0.02301997,-0.9997345,0.1258616,1.064722,-0.1355637,-0.02702434,0.02224168,0.9993873,0.05967986,1.064022,-0.1426541,0.02681226,0.02268152,0.9993831,0.09277071,1.064372,-0.1391089,348.2057,353.7591,0.6157025,0,2,False
1,Center_Head_Far,10,6.959998,0.09238221,1.064265,-0.1392262,-0.1778564,0.7148002,0.2406059,0.08048895,-0.1766477,0.3652059,0.9104624,0,0,0,0,0,0,1,Rigidbody,0.8414335,0.861119,0.04037406,0.09277071,1.064372,-0.1391089,0.0001059821,0.02246174,-0.9997479,0.1254684,1.064671,-0.1356436,-0.02818576,0.0217528,0.999366,0.05929602,1.063859,-0.1428087,0.02564992,0.02228555,0.9994226,0.09238221,1.064265,-0.1392262,348.2417,353.6748,0.7132543,0,2,False
1,Center_Head_Far,11,6.979998,0.09163243,1.064296,-0.1393286,-0.177569,0.7147956,0.2406962,0.08094374,-0.17794,0.3623432,0.9113138,0,0,0,0,0,0,1,Rigidbody,0.8414335,0.861119,0.04037406,0.09196939,1.064141,-0.139314,0.002646861,0.01839564,-0.9998273,0.1247039,1.064807,-0.1356259,-0.03189581,0.01783337,0.9993321,0.05856092,1.063786,-0.1430313,0.02193743,0.01855886,0.9995871,0.09163243,1.064296,-0.1393286,348.3055,353.4298,0.8974601,0,2,False
1,Center_Head_Far,12,6.999998,0.09130237,1.064394,-0.1393819,-0.1773575,0.7149138,0.2406912,0.08092833,-0.1784295,0.3602302,0.9120569,0,0,0,0,0,0,1,Rigidbody,0.8414335,0.861119,0.04037406,0.09163243,1.064296,-0.1393286,0.004980823,0.01819588,-0.9998223,0.1243668,1.064959,-0.1356245,-0.03358991,0.01870432,0.9992607,0.05823789,1.06383,-0.1431392,0.02024168,0.01951176,0.9996047,0.09130237,1.064394,-0.1393819,348.2632,353.3151,0.9919081,0,2,False
1,Center_Head_Far,13,7.019998,0.09060034,1.064383,-0.1395273,-0.1771791,0.7149704,0.2406822,0.08114922,-0.1785691,0.3585078,0.9126884,0,0,0,0,0,0,1,Rigidbody,0.8414335,0.861119,0.04037406,0.09095097,1.064397,-0.139442,0.008090049,0.01901209,-0.9997867,0.1236525,1.065052,-0.1356802,-0.03636184,0.01860303,0.9991655,0.05754813,1.063715,-0.1433744,0.01746579,0.01957998,0.9996557,0.09060034,1.064383,-0.1395273,348.2839,353.1223,1.174945,0,2,False
1,Center_Head_Far,14,7.039998,0.09025303,1.064382,-0.1395907,-0.1771791,0.7149704,0.2406822,0.08114922,-0.1785691,0.3585078,0.9126884,0,0,0,0,0,0,1,Rigidbody,0.8414335,0.861119,0.04037406,0.09060034,1.064383,-0.1395273,0.005725464,0.0244272,-0.9996852,0.1232988,1.065103,-0.1356982,-0.03403749,0.02385916,0.9991357,0.05720725,1.063662,-0.1434832,0.01976781,0.02488579,0.9994949,0.09025303,1.064382,-0.1395907,348.2975,353.0249,1.266902,0,2,False
1,Center_Head_Far,15,7.059998,0.09015669,1.064319,-0.1395415,-0.1756236,0.7149952,0.2410364,0.08764342,-0.1778319,0.3457382,0.9171475,0,0,0,0,0,0,1,Rigidbody,0.8414335,0.861119,0.04037406,0.09025303,1.064382,-0.1395907,0.007137176,0.02437238,-0.9996775,0.1231991,1.065102,-0.1356322,-0.03458098,0.02347678,0.9991261,0.05711428,1.063537,-0.1434508,0.0192221,0.02460602,0.9995124,0.09015669,1.064319,-0.1395415,348.3288,352.9744,1.375533,0,2,False
1,Center_Head_Far,16,7.079998,0.08967987,1.064232,-0.1395288,-0.174521,0.7147187,0.2415839,0.09475181,-0.1773585,0.3387403,0.9191415,0,0,0,0,0,0,1,Rigidbody,0.8414335,0.861119,0.04037406,0.08993173,1.064268,-0.1395214,0.007184245,0.02370309,-0.9996934,0.1227113,1.065122,-0.13555,-0.03523295,0.02283406,0.9991182,0.0566485,1.063342,-0.1435077,0.01855686,0.02413964,0.9995363,0.08967987,1.064232,-0.1395288,348.3843,352.8164,1.564299,0,2,False
1,Center_Head_Far,17,7.099998,0.08944736,1.06422,-0.1395339,-0.1739579,0.7145594,0.2418572,0.09838003,-0.1772053,0.335255,0.9200673,0,0,0,0,0,0,1,Rigidbody,0.8414335,0.861119,0.04037406,0.08967987,1.064232,-0.1395288,0.008340734,0.02348714,-0.9996895,0.1224726,1.065155,-0.1355149,-0.03646443,0.02216798,0.9990891,0.05642208,1.063285,-0.143553,0.01732289,0.02355003,0.9995726,0.08944736,1.06422,-0.1395339,348.4296,352.7319,1.642558,0,2,False
1,Center_Head_Far,18,7.119998,0.08908348,1.064126,-0.1394451,-0.1720471,0.7129271,0.2436665,0.1158394,-0.1799259,0.3240159,0.9215322,0,0,0,0,0,0,1,Rigidbody,0.8414335,0.861119,0.04037406,0.08921752,1.064174,-0.1395129,0.005725695,0.01869457,-0.9998088,0.1221009,1.065134,-0.1353795,-0.03348131,0.01764274,0.9992836,0.05606606,1.063117,-0.1435106,0.02027675,0.01916754,0.9996107,0.08908348,1.064126,-0.1394451,348.5175,352.6275,1.771729,0,2,False
1,Center_Head_Far,19,7.139997,0.08897772,1.064099,-0.1393651,-0.1715631,0.712972,0.2438058,0.1158512,-0.1831689,0.3182136,0.9229127,0,0,0,0,0,0,1,Rigidbody,0.8414335,0.861119,0.04037406,0.08908348,1.064126,-0.1394451,0.006622255,0.01835893,-0.9998097,0.1219919,1.065129,-0.1352784,-0.03413835,0.01711902,0.9992704,0.05596358,1.063069,-0.1434518,0.01961851,0.01867934,0.9996331,0.08897772,1.064099,-0.1393651,348.5485,352.5841,1.809077,0,2,False
1,Center_Head_Far,20,7.159997,0.08867462,1.06404,-0.1392563,-0.1705328,0.7129071,0.2441102,0.118257,-0.1861638,0.3095875,0.92494,0,0,0,0,0,0,1,Rigidbody,0.8414335,0.861119,0.04037406,0.08882274,1.064068,-0.1393111,0.008006351,0.01760899,-0.999813,0.12168,1.065131,-0.1351149,-0.0357869,0.01648536,0.9992235,0.05566924,1.062949,-0.1433977,0.01796614,0.01815091,0.9996738,0.08867462,1.06404,-0.1392563,348.5976,352.4693,1.915891,0,2,False
1,Center_Head_Far,21,7.179997,0.08850742,1.06401,-0.1392126,-0.1699667,0.7127635,0.244341,0.1208251,-0.1872437,0.3054067,0.9257796,0,0,0,0,0,0,1,Rigidbody,0.8414335,0.861119,0.04037406,0.08867462,1.06404,-0.1392563,-0.09161235,-0.1056959,0.9901695,0.1215081,1.065135,-0.1350429,-0.1192163,-0.1071574,0.9870688,0.05550677,1.062885,-0.1433823,-0.06538286,-0.1051611,0.9923035,0.08850742,1.06401,-0.1392126,348.6267,352.4089,1.975842,0,2,False
1,Center_Head_Far,22,7.199997,0.08873932,1.063865,-0.1389622,-0.1696998,0.7140162,0.243342,0.1121086,-0.1776588,0.3062755,0.9284742,0,0,0,0,0,0,1,MathCanvas,-0.217773,0.710645,3.171144,0.08878599,1.063936,-0.1390433,-0.09217403,-0.1078931,0.9898803,0.1217402,1.064947,-0.1347825,-0.1195309,-0.1097035,0.986751,0.05573848,1.062784,-0.1431419,-0.06569657,-0.1077739,0.9920024,0.08873932,1.063865,-0.1389622,348.7725,352.4119,1.898533,0,2,False
1,Center_Head_Far,23,7.219997,0.08866492,1.06381,-0.1388739,-0.1692197,0.7140778,0.2433605,0.1129359,-0.1771038,0.3033303,0.9294463,0,0,0,0,0,0,1,MathCanvas,-0.2193785,0.7032021,3.169994,0.08873932,1.063865,-0.1389622,-0.09265114,-0.1087387,0.9897432,0.1216628,1.064905,-0.134674,-0.1200559,-0.1105146,0.9865967,0.05566708,1.062715,-0.1430739,-0.0662257,-0.1085618,0.9918813,0.08866492,1.06381,-0.1388739,348.8195,352.3737,1.921749,0,2,False
1,Center_Head_Far,24,7.239997,0.08863433,1.063735,-0.1387766,-0.1689469,0.7141719,0.2431861,0.1137546,-0.1742385,0.3026794,0.9301,0,0,0,0,0,0,1,MathCanvas,-0.2211985,0.7001433,3.171234,0.08866492,1.06381,-0.1388739,-0.09317902,-0.1095383,0.9896055,0.1216307,1.064835,-0.1345668,-0.1202729,-0.1118751,0.9864169,0.05563794,1.062634,-0.1429865,-0.06644461,-0.1099117,0.991718,0.08863433,1.063735,-0.1387766,348.8981,352.3573,1.930406,0,2,False
1,Center_Head_Far,25,7.259997,0.0888901,1.063376,-0.1383822,-0.1704068,0.7148602,0.2424508,0.1097096,-0.177062,0.3103414,0.9275241,0,0,0,0,0,0,1,MathCanvas,-0.2230044,0.697382,3.170976,0.08885518,1.063508,-0.138533,-0.08661024,-0.09667136,0.9915409,0.121882,1.064431,-0.1341254,-0.1141502,-0.09899849,0.9885186,0.05589824,1.062321,-0.1426389,-0.06029984,-0.09708466,0.9934478,0.0888901,1.063376,-0.1383822,349.0715,352.2972,1.850032,0,2,False
1,Center_Head_Far,26,7.279997,0.08890303,1.06322,-0.1382475,-0.1704338,0.7149585,0.2423992,0.1093638,-0.177156,0.3101828,0.9276001,0,0,0,0,0,0,1,MathCanvas,-0.2017943,0.738924,3.189464,0.0888901,1.063376,-0.1383822,-0.08738316,-0.09805612,0.9913371,0.1218919,1.064266,-0.1339655,-0.1150014,-0.1002695,0.9882919,0.05591414,1.062175,-0.1425295,-0.06115467,-0.09837487,0.9932686,0.08890303,1.06322,-0.1382475,349.1437,352.259,1.832725,0,2,False
1,Center_Head_Far,27,7.299997,0.08894598,1.062745,-0.1379764,-0.1703068,0.7155589,0.2420047,0.1073663,-0.1774272,0.3061725,0.9291127,0,0,0,0,0,0,1,MathCanvas,-0.2043632,0.7341346,3.188774,0.08892304,1.062909,-0.1381188,-0.08869034,-0.1011554,0.9909095,0.1219288,1.063772,-0.1336432,-0.1163245,-0.103464,0.9878076,0.0559632,1.061719,-0.1423096,-0.06248447,-0.1015868,0.9928624,0.08894598,1.062745,-0.1379764,349.3278,352.1822,1.799283,0,2,False
1,Center_Head_Far,28,7.319997,0.08901174,1.062492,-0.1377906,-0.1700962,0.7158866,0.2417326,0.1049585,-0.1792777,0.2981654,0.9316334,0,0,0,0,0,0,1,MathCanvas,-0.2084693,0.7235298,3.184952,0.08894598,1.062745,-0.1379764,-0.08944034,-0.1025255,0.9907013,0.1219896,1.063504,-0.1334168,-0.1175041,-0.1054007,0.9874632,0.05603385,1.061481,-0.1421645,-0.06366964,-0.1035449,0.9925848,0.08901174,1.062492,-0.1377906,349.4388,352.1202,1.771259,0,2,False
1,Center_Head_Far,29,7.339997,0.08908567,1.062116,-0.1374334,-0.170002,0.7159066,0.2415241,0.1045548,-0.180725,0.2941535,0.9326739,0,0,0,0,0,0,1,MathCanvas,-0.2108667,0.7187418,3.183864,0.08905061,1.062292,-0.1376153,-0.08698245,-0.1012777,0.9910484,0.122056,1.063099,-0.1329963,-0.1147479,-0.1039568,0.9879403,0.05611538,1.061132,-0.1418706,-0.06090839,-0.1021222,0.9929054,0.08908567,1.062116,-0.1374334,349.6474,352.0258,1.72148,0,2,False
1,Center_Head_Far,30,7.359997,0.08911963,1.061943,-0.137269,-0.1699113,0.716019,0.2413937,0.1041381,-0.1810735,0.2924614,0.9331849,0,0,0,0,0,0,1,MathCanvas,-0.2026661,0.7224154,3.186687,0.08908567,1.062116,-0.1374334,-0.0883926,-0.09819034,0.9912343,0.1220862,1.062916,-0.132802,-0.1161352,-0.1007499,0.9881104,0.05615306,1.060971,-0.1417361,-0.06230016,-0.09894215,0.9931411,0.08911963,1.061943,-0.137269,349.7419,351.9801,1.701735,0,2,False
1,Center_Head_Far,31,7.379997,0.08918407,1.061757,-0.137017,-0.1700992,0.7154045,0.2416005,0.1074756,-0.1797185,0.2954181,0.9321365,0,0,0,0,0,0,1,MathCanvas,-0.207629,0.732302,3.19047,0.08911963,1.061943,-0.137269,-0.08925314,-0.09984604,0.9909918,0.1221462,1.062723,-0.1325161,-0.1170864,-0.1026693,0.9878005,0.0562219,1.060791,-0.1415178,-0.06325638,-0.100868,0.9928868,0.08918407,1.061757,-0.137017,349.8522,351.9268,1.689516,0,2,False
1,Center_Head_Far,32,7.399997,0.08932793,1.061428,-0.1364529,-0.1706346,0.7149424,0.2415958,0.1111837,-0.1780579,0.3010671,0.9302108,0,0,0,0,0,0,1,MathCanvas,-0.2103236,0.7267023,3.188465,0.08930472,1.061613,-0.1367,-0.09106682,-0.1037561,0.9904249,0.1222825,1.062368,-0.1318911,-0.1188249,-0.1065114,0.9871859,0.05637341,1.060487,-0.1410147,-0.0650034,-0.1047429,0.9923727,0.08932793,1.061428,-0.1364529,350.0726,351.8353,1.643801,0,2,False
1,Center_Head_Far,33,7.419997,0.0893618,1.061243,-0.1361897,-0.1706346,0.7149424,0.2415958,0.1111837,-0.1780579,0.3010671,0.9302108,0,0,0,0,0,0,1,MathCanvas,-0.215916,0.7136508,3.183321,0.08932793,1.061428,-0.1364529,-0.09355091,-0.1030559,0.9902665,0.1223124,1.062172,-0.1315972,-0.1212982,-0.1057257,0.9869695,0.05641123,1.060313,-0.1407822,-0.06748517,-0.1039853,0.9922867,0.0893618,1.061243,-0.1361897,350.1755,351.7883,1.624127,0,2,False
1,Center_Head_Far,34,7.439997,0.08949044,1.060799,-0.1354945,-0.1717493,0.7149427,0.2409916,0.112167,-0.1772594,0.3047256,0.9290533,0,0,0,0,0,0,1,MathCanvas,-0.2242716,0.7157438,3.183721,0.08945197,1.06104,-0.1359075,-0.09790569,-0.1070791,0.9894183,0.1224355,1.061693,-0.1308556,-0.1250833,-0.1105055,0.9859729,0.05654538,1.059906,-0.1401335,-0.07128423,-0.1088284,0.9915013,0.08949044,1.060799,-0.1354945,350.4327,351.7256,1.559751,0,2,False
1,Center_Head_Far,35,7.459997,0.08956081,1.060561,-0.1351427,-0.1718963,0.7149852,0.2409825,0.1111551,-0.1782439,0.3032355,0.929474,0,0,0,0,0,0,1,MathCanvas,-0.238318,0.7022761,3.177283,0.08949044,1.060799,-0.1354945,-0.09834513,-0.1069703,0.9893865,0.1225027,1.061444,-0.1304792,-0.1258802,-0.1100479,0.9859228,0.05661893,1.059679,-0.1398062,-0.07208477,-0.1083887,0.9914916,0.08956081,1.060561,-0.1351427,350.5616,351.6895,1.540764,0,2,False
1,Center_Head_Far,36,7.479997,0.08967055,1.060027,-0.1343911,-0.1723983,0.7150097,0.2406839,0.110345,-0.1796835,0.302072,0.9296722,0,0,0,0,0,0,1,MathCanvas,-0.2397529,0.7023659,3.177869,0.08960225,1.060268,-0.1347878,-0.09952577,-0.1119036,0.9887225,0.1226066,1.060878,-0.1296806,-0.1271871,-0.1149176,0.9851992,0.05673451,1.059176,-0.1391016,-0.0733985,-0.1133005,0.990846,0.08967055,1.060027,-0.1343911,350.8414,351.6245,1.483641,0,2,False
1,Center_Head_Far,37,7.499997,0.08972346,1.059748,-0.1340294,-0.1725483,0.7150171,0.2406005,0.1100809,-0.1801073,0.3017865,0.9297142,0,0,0,0,0,0,1,MathCanvas,-0.2431274,0.6858398,3.171736,0.08967055,1.060027,-0.1343911,-0.100333,-0.1141092,0.9883888,0.122657,1.060591,-0.1293003,-0.1276702,-0.1173596,0.9848487,0.05678989,1.058906,-0.1387586,-0.07388451,-0.115751,0.9905265,0.08972346,1.059748,-0.1340294,350.982,351.5981,1.468723,0,2,False
1,Center_Head_Far,38,7.519997,0.08978641,1.059495,-0.1336523,-0.1725483,0.7150171,0.2406005,0.1100809,-0.1801073,0.3017865,0.9297142,0,0,0,0,0,0,1,MathCanvas,-0.2456212,0.6783592,3.16948,0.08972346,1.059748,-0.1340294,-0.1007056,-0.1130235,0.9884756,0.1227169,1.060324,-0.1288995,-0.1282145,-0.1161038,0.9849269,0.05685589,1.058666,-0.138405,-0.0744314,-0.1145179,0.9906289,0.08978641,1.059495,-0.1336523,351.1131,351.5641,1.444893,0,2,False
1,Center_Head_Far,39,7.539997,0.08980519,1.058823,-0.1324197,-0.1739333,0.7150753,0.2400806,0.1102576,-0.1807606,0.3051831,0.9284568,0,0,0,0,0,0,1,MathCanvas,-0.2468864,0.6816419,3.170959,0.08980504,1.059103,-0.1329674,-0.09966493,-0.1141262,0.9884544,0.1227321,1.059647,-0.1276414,-0.1269371,-0.1175626,0.9849193,0.05687822,1.057999,-0.137198,-0.07315148,-0.1159697,0.9905553,0.08980519,1.058823,-0.1324197,351.5213,351.5316,1.433888,0,2,False
1,Center_Head_Far,40,7.559998,0.08984979,1.058546,-0.1318889,-0.1739333,0.7150753,0.2400806,0.1102576,-0.1807606,0.3051831,0.9284568,0,0,0,0,0,0,1,MathCanvas,-0.2432144,0.677483,3.170395,0.08980519,1.058823,-0.1324197,-0.1000836,-0.1167662,0.9881037,0.122774,1.059361,-0.1270903,-0.1274623,-0.1202463,0.9845273,0.05692557,1.057731,-0.1366874,-0.07368,-0.1186617,0.9901973,0.08984979,1.058546,-0.1318889,351.6759,351.5024,1.418303,0,2,False
1,Center_Head_Far,41,7.579998,0.089171,1.057716,-0.1295723,-0.1747213,0.7152984,0.2393749,0.1093409,-0.1817379,0.3056593,0.9282178,0,0,0,0,0,0,1,MathCanvas,-0.2443845,0.6685997,3.167933,0.08953018,1.058161,-0.1308042,-0.1012254,-0.122052,0.9873483,0.122089,1.058489,-0.1247241,-0.1288234,-0.1267557,0.9835331,0.05625303,1.056942,-0.1344205,-0.07504833,-0.1252249,0.9892858,0.089171,1.057716,-0.1295723,352.0504,351.4357,1.344339,0,2,False
1,Center_Head_Far,42,7.599998,0.08895768,1.057247,-0.1281481,-0.1755112,0.716106,0.2383204,0.1076375,-0.1854127,0.3082261,0.9268404,0,0,0,0,0,0,1,MathCanvas,-0.2482304,0.6508957,3.161427,0.089171,1.057716,-0.1295723,-0.1006045,-0.1175753,0.9879549,0.1218689,1.058054,-0.1232598,-0.128381,-0.1221381,0.984175,0.05604647,1.05644,-0.1330364,-0.07460836,-0.1205508,0.9898995,0.08895768,1.057247,-0.1281481,352.271,351.3629,1.402639,0,2,False
1,Center_Head_Far,43,7.619998,0.08844389,1.056364,-0.1253275,-0.1756761,0.71644,0.2379962,0.1068304,-0.1860775,0.3092073,0.9264736,0,0,0,0,0,0,1,MathCanvas,-0.2466938,0.6649747,3.168012,0.08869381,1.056811,-0.1266818,-0.1023284,-0.1245146,0.986927,0.1213432,1.057237,-0.1203711,-0.1298941,-0.128606,0.9831521,0.05554456,1.05549,-0.130284,-0.07613736,-0.1268967,0.9889896,0.08844389,1.056364,-0.1253275,352.647,351.2385,1.51622,0,2,False
1,Center_Head_Far,44,7.639997,0.08817308,1.055871,-0.1236253,-0.1757967,0.7168164,0.23767,0.1058267,-0.1863982,0.310189,0.9261961,0,0,0,0,0,0,1,MathCanvas,-0.2521335,0.6419445,3.159441,0.08844389,1.056364,-0.1253275,-0.1030574,-0.1277513,0.9864374,0.121065,1.056802,-0.1186304,-0.1306828,-0.1315806,0.9826538,0.05528114,1.054939,-0.1286201,-0.07693626,-0.12977,0.9885548,0.08817308,1.055871,-0.1236253,352.8211,351.1632,1.616673,0,2,False
1,Center_Head_Far,45,7.659997,0.0877212,1.055979,-0.1162535,-0.1721782,0.7224886,0.2364712,0.08600518,-0.1725688,0.2854412,0.9388006,0,0,0,0,0,0,1,MathCanvas,-0.2545406,0.6310385,3.156737,0.0879315,1.055927,-0.1195043,-0.1101288,-0.1386523,0.9841987,0.1205761,1.057115,-0.1110613,-0.1380169,-0.1486514,0.979211,0.0548663,1.054842,-0.1214457,-0.08433321,-0.1464946,0.9856101,0.0877212,1.055979,-0.1162535,353.9372,350.8116,1.968022,0,2,False
1,Center_Head_Far,46,7.679997,0.08746431,1.05595,-0.113152,-0.1711109,0.7237487,0.236386,0.08187286,-0.1711237,0.2763444,0.9421504,0,0,0,0,0,0,1,MathCanvas,-0.2768683,0.5969599,3.14201,0.0877212,1.055979,-0.1162535,-0.1079714,-0.1437325,0.9837089,0.1203096,1.057114,-0.107905,-0.1359117,-0.1514431,0.9790776,0.05461906,1.054787,-0.118399,-0.08222748,-0.1492085,0.9853809,0.08746431,1.05595,-0.113152,354.3221,350.7245,2.01326,0,2,False
1,Center_Head_Far,47,7.699997,0.08720381,1.056002,-0.1099007,-0.1705262,0.724736,0.2361026,0.0785692,-0.1695469,0.2715961,0.9440955,0,0,0,0,0,0,1,MathCanvas,-0.2695426,0.580699,3.139477,0.08746431,1.05595,-0.113152,-0.1091151,-0.1503258,0.9825966,0.1200398,1.057191,-0.1046018,-0.1369456,-0.1580668,0.9778859,0.05436781,1.054812,-0.1151996,-0.08327413,-0.1557751,0.9842762,0.08720381,1.056002,-0.1099007,354.7074,350.6432,2.056643,0,2,False
1,Center_Head_Far,48,7.719997,0.08727941,1.059494,-0.09744617,-0.158908,0.7289539,0.2380447,0.06682688,-0.1782084,0.1933369,0.9624951,0,0,0,0,0,0,1,MathCanvas,-0.2728978,0.5598964,3.132866,0.08742524,1.058283,-0.1030468,-0.1144399,-0.1489596,0.9821988,0.1200592,1.060906,-0.09186159,-0.1444654,-0.1556355,0.9771936,0.05449966,1.058081,-0.1030307,-0.09086729,-0.1529848,0.9840421,0.08727941,1.059494,-0.09744617,355.0892,350.1224,2.441998,0,2,False
1,Center_Head_Far,49,7.739997,0.08710727,1.060749,-0.09166066,-0.1544012,0.7302632,0.2384663,0.06257403,-0.1752608,0.1713659,0.9674719,0,0,0,0,0,0,1,MathCanvas,-0.2894221,0.5691634,3.135657,0.08727941,1.059494,-0.09744617,-0.1181501,-0.1358114,0.9836645,0.1198694,1.062138,-0.08596774,-0.1477981,-0.1437986,0.9785078,0.05434514,1.059361,-0.09735357,-0.09421581,-0.1412079,0.9854866,0.08710727,1.060749,-0.09166066,355.4749,349.9531,2.398937,0,2,False
1,Center_Head_Far,50,7.759997,0.08690067,1.064123,-0.07832657,-0.141945,0.7330756,0.2397715,0.06216773,-0.1640102,0.1300833,0.9758658,0,0,0,0,0,0,1,MathCanvas,-0.3027358,0.6126318,3.153996,0.08698276,1.061975,-0.08602473,-0.1235376,-0.148087,0.9812282,0.1196287,1.065398,-0.0724149,-0.1539847,-0.1563211,0.9756292,0.05417266,1.062848,-0.08423823,-0.1004435,-0.1538863,0.98297,0.08690067,1.064123,-0.07832657,356.1958,349.615,2.200226,0,2,False
1,Center_Head_Far,51,7.779997,0.08695727,1.067068,-0.07013917,-0.1293846,0.7346023,0.2408726,0.07239861,-0.1549485,0.103543,0.9798104,0,0,0,0,0,0,1,MathCanvas,-0.3184992,0.5781627,3.141662,0.08690067,1.064123,-0.07832657,-0.1256668,-0.1432497,0.9816758,0.1196602,1.068358,-0.06409366,-0.156063,-0.1485439,0.9765137,0.05425431,1.065779,-0.07618468,-0.1025409,-0.1460839,0.9839435,0.08695727,1.067068,-0.07013917,356.433,349.388,2.225335,0,2,False
1,Center_Head_Far,52,7.799997,0.0863245,1.071909,-0.05329443,-0.1062611,0.7383614,0.2421655,0.06303848,-0.1459289,0.02684573,0.9869196,0,0,0,0,0,0,1,MathCanvas,-0.3257515,0.5966147,3.153832,0.08663237,1.069552,-0.06178194,-0.1328026,-0.138689,0.9813913,0.118996,1.073093,-0.04705986,-0.162438,-0.1415005,0.9765201,0.05365304,1.070726,-0.05952899,-0.1089503,-0.139229,0.9842485,0.0863245,1.071909,-0.05329443,356.6415,349.0767,2.041732,0,2,False
1,Center_Head_Far,53,7.819997,0.08609378,1.07433,-0.04497306,-0.09836148,0.7399738,0.2425693,0.06036583,-0.1417723,-0.0003981628,0.9880569,0,0,0,0,0,0,1,MathCanvas,-0.3487609,0.6175392,3.161922,0.0863245,1.071909,-0.05329443,-0.1357491,-0.1403647,0.9807497,0.1187465,1.075485,-0.03863557,-0.1654127,-0.1450476,0.9754998,0.05344108,1.073176,-0.05131055,-0.1119482,-0.1428149,0.983398,0.08609378,1.07433,-0.04497306,356.8457,348.9066,1.990827,0,2,False
1,Center_Head_Far,54,7.839997,0.08531656,1.076138,-0.03596259,-0.08456715,0.7433537,0.2418003,0.02958751,-0.1574599,-0.0499468,0.9858176,0,0,0,0,0,0,1,MathCanvas,-0.3586078,0.6145085,3.167873,0.08609378,1.07433,-0.04497306,-0.1387365,-0.1439314,0.9798142,0.1179698,1.077114,-0.02959769,-0.1670143,-0.144299,0.9753379,0.05266336,1.075162,-0.04232749,-0.113545,-0.1423588,0.983281,0.08531656,1.076138,-0.03596259,356.7946,348.8759,1.682433,0,2,False
1,Center_Head_Far,55,7.859997,0.0842284,1.079714,-0.0200768,-0.05707224,0.7543836,0.2354572,-0.04506863,-0.1874611,-0.1200845,0.9738618,0,0,0,0,0,0,1,MathCanvas,-0.3683187,0.6055166,3.167796,0.0847381,1.07791,-0.02784633,-0.1355989,-0.1379884,0.9811076,0.1168737,1.080557,-0.01365292,-0.1630263,-0.1487929,0.9753374,0.05158305,1.078871,-0.02650069,-0.1095345,-0.1470083,0.9830518,0.0842284,1.079714,-0.0200768,357.6503,348.8081,1.452378,0,2,False
1,Center_Head_Far,56,7.879997,0.08363947,1.081535,-0.01186849,-0.04609238,0.7578809,0.2343269,-0.06440884,-0.1914586,-0.1522543,0.967478,0,0,0,0,0,0,1,MathCanvas,-0.3585542,0.6291287,3.183619,0.0842284,1.079714,-0.0200768,-0.1294636,-0.1295065,0.9830906,0.1162767,1.08234,-0.005398687,-0.1574041,-0.1362341,0.9780921,0.05100224,1.080731,-0.0183383,-0.1038853,-0.1344884,0.9854546,0.08363947,1.081535,-0.01186849,357.9854,348.7386,1.386728,0,2,False
1,Center_Head_Far,57,7.899997,0.08233252,1.08491,0.004051299,-0.0181608,0.7740276,0.2259511,-0.1286134,-0.1572729,-0.1774249,0.9629352,0,0,0,0,0,0,1,MathCanvas,-0.3405522,0.6572034,3.20926,0.0829948,1.083217,-0.003997163,-0.1303338,-0.1446613,0.9808599,0.1149597,1.085718,0.01057138,-0.1580726,-0.1519369,0.9756681,0.04970538,1.084102,-0.002468786,-0.1045681,-0.1501352,0.98312,0.08233252,1.08491,0.004051299,358.8954,348.6722,1.391866,0,2,False
1,Center_Head_Far,58,7.919997,0.08176497,1.087493,0.01109547,-0.0007821983,0.7860537,0.2164469,-0.1341982,-0.07059339,-0.1369089,0.9789093,0,0,0,0,0,0,1,MathCanvas,-0.3422648,0.613637,3.199465,0.08233252,1.08491,0.004051299,-0.1313736,-0.1510361,0.9797597,0.1144021,1.088328,0.01756191,-0.1563414,-0.1521288,0.9759171,0.04912781,1.086658,0.004629042,-0.1028262,-0.1502835,0.9832811,0.08176497,1.087493,0.01109547,358.9082,348.7657,1.437414,0,2,False
1,Center_Head_Far,59,7.939997,0.0802846,1.092357,0.02551128,0.02682005,0.8036633,0.2034987,-0.1946038,-0.01536673,-0.1680899,0.96625,0,0,0,0,0,0,1,MathCanvas,-0.3466234,0.594988,3.205937,0.0810183,1.089972,0.01822856,-0.1274188,-0.1271499,0.9836653,0.1129304,1.093195,0.0319335,-0.1538399,-0.1292815,0.9796017,0.0476388,1.091519,0.01908907,-0.1003023,-0.1274881,0.9867553,0.0802846,1.092357,0.02551128,358.9915,348.8453,1.442777,1,3,False
1,Center_Head_Far,60,7.959997,0.07951684,1.09481,0.03273538,0.04000657,0.811989,0.1973726,-0.2286764,0.005424381,-0.1845649,0.9558313,0,0,0,0,0,0,1,MathCanvas,-0.3367397,0.676213,3.244915,0.0802846,1.092357,0.02551128,-0.1283839,-0.1231604,0.9840473,0.1121656,1.095648,0.03914239,-0.1546256,-0.1244037,0.9801095,0.04686806,1.093972,0.02632836,-0.1010875,-0.122633,0.9872906,0.07951684,1.09481,0.03273538,359.0123,348.8724,1.443239,1,3,False
1,Center_Head_Far,61,7.979997,0.07773672,1.100112,0.04719708,0.0581845,0.8256457,0.173764,-0.3687911,0.01837603,-0.2270096,0.9011782,0,0,0,0,0,0,1,MathCanvas,-0.3420537,0.6903917,3.264023,0.07844013,1.097604,0.03971783,-0.1269177,-0.1142282,0.9853141,0.1103857,1.101146,0.05357461,-0.1538616,-0.1090625,0.982055,0.04508776,1.099079,0.04081954,-0.1003257,-0.1070253,0.9891816,0.07773672,1.100112,0.04719708,358.1394,348.8894,1.780111,1,3,False
1,Center_Head_Far,62,7.999997,0.07718985,1.102625,0.05441318,0.06663157,0.8292303,0.1647013,-0.4032629,0.04181859,-0.2349731,0.8834127,0,0,0,0,0,0,1,MathCanvas,-0.3392863,0.724784,3.284717,0.07773672,1.100112,0.04719708,-0.1271137,-0.09568273,0.9872624,0.1098235,1.103793,0.06084551,-0.1551641,-0.09583028,0.9832297,0.04455619,1.101457,0.04798085,-0.1016442,-0.09361421,0.9904064,0.07718985,1.102625,0.05441318,358.0994,348.7827,2.012532,1,3,False
1,Center_Head_Far,63,8.019998,0.07649084,1.104985,0.06161029,0.07480229,0.8332077,0.156368,-0.437461,0.06166397,-0.2407737,0.8642069,0,0,0,0,0,0,1,MathCanvas,-0.3433796,0.7860478,3.320879,0.07718985,1.102625,0.05441318,-0.1284549,-0.09472231,0.9871814,0.109112,1.106252,0.06808714,-0.1562464,-0.09572122,0.9830689,0.04386969,1.103717,0.05513344,-0.1027432,-0.09334429,0.9903185,0.07649084,1.104985,0.06161029,358.0999,348.6977,2.183596,1,3,False
1,Center_Head_Far,64,8.039997,0.07502,1.109576,0.07593347,0.09544641,0.8446779,0.1402735,-0.5061923,0.1002828,-0.2602302,0.816084,0,0,0,0,0,0,1,MathCanvas,-0.34866,0.7914798,3.328913,0.07574951,1.107309,0.06873774,-0.1308966,-0.08992783,0.987309,0.1076234,1.111012,0.08246433,-0.1583999,-0.09054617,0.9832146,0.04241659,1.108141,0.06940261,-0.1049231,-0.08791637,0.9905866,0.07502,1.109576,0.07593347,358.0053,348.5867,2.473742,1,3,False
1,Center_Head_Far,65,8.059998,0.07441373,1.111425,0.08477475,0.08659329,0.8373078,0.1356957,-0.5045321,0.1015368,-0.1866628,0.8368362,0,0,0,0,0,0,1,MathCanvas,-0.3579614,0.8121121,3.341766,0.07502,1.109576,0.07593347,-0.1317132,-0.08923138,0.9872636,0.1069857,1.112832,0.0914665,-0.1631236,-0.09382148,0.9821345,0.04184175,1.110017,0.07808299,-0.1096823,-0.09122626,0.9897715,0.07441373,1.111425,0.08477475,358.192,348.3138,2.425338,1,3,False
1,Center_Head_Far,66,8.079997,0.07304338,1.11551,0.1005242,0.09675714,0.8412903,0.1227862,-0.5283273,0.1365356,-0.1513572,0.8242083,0,0,0,0,0,0,1,MathCanvas,-0.3620479,0.8157362,3.356296,0.07373157,1.113486,0.09262886,-0.1450692,-0.09131699,0.9851986,0.1055815,1.117018,0.1073573,-0.1737564,-0.09185736,0.9804953,0.04050528,1.114001,0.09369116,-0.1203875,-0.08913676,0.9887171,0.07304338,1.11551,0.1005242,358.1039,348.0541,2.59956,0,3,False
1,Center_Head_Far,67,8.099998,0.07235805,1.117582,0.1083891,0.1029907,0.8441593,0.1156746,-0.5481381,0.1534428,-0.1401089,0.8101664,0,0,0,0,0,0,1,MathCanvas,-0.4060346,0.8139434,3.354054,0.07304338,1.11551,0.1005242,-0.1471296,-0.09049713,0.9849686,0.104881,1.119141,0.1152824,-0.1754822,-0.09128825,0.9802411,0.03983505,1.116022,0.1014958,-0.1221328,-0.08848662,0.9885614,0.07235805,1.117582,0.1083891,358.074,347.9428,2.687379,0,3,False
1,Center_Head_Far,68,8.119997,0.07131199,1.12024,0.1267687,0.09481043,0.8290117,0.1178141,-0.4430539,0.1815113,-0.1019525,0.8719878,0,0,0,0,0,0,1,MathCanvas,-0.4144796,0.8181357,3.367555,0.07240427,1.118453,0.1176994,-0.163431,-0.09782825,0.9816924,0.1037541,1.121756,0.1340425,-0.1918246,-0.1037224,0.9759328,0.03886991,1.118724,0.1194948,-0.1386093,-0.1009865,0.9851848,0.07131199,1.12024,0.1267687,358.6053,347.2991,2.611584,0,3,False
1,Center_Head_Far,69,8.139997,0.07074822,1.120815,0.1356412,0.09661837,0.8279622,0.1134388,-0.4414025,0.1988601,-0.08576778,0.8707827,0,0,0,0,0,0,1,MathCanvas,-0.4664675,0.7983301,3.357086,0.07131199,1.12024,0.1267687,-0.1652818,-0.1023545,0.9809207,0.1031495,1.122399,0.1430804,-0.1966232,-0.1035267,0.9749982,0.03834691,1.119231,0.1282021,-0.1434615,-0.100681,0.9845213,0.07074822,1.120815,0.1356412,358.5972,347.0025,2.728612,0,3,False
1,Center_Head_Far,70,8.159997,0.07004118,1.122291,0.144673,0.09942082,0.8275238,0.1088248,-0.4401789,0.215208,-0.07188927,0.8687692,0,0,0,0,0,0,1,MathCanvas,-0.4732788,0.7839139,3.364354,0.07074822,1.120815,0.1356412,-0.1701094,-0.1021039,0.9801212,0.1024025,1.123991,0.1522589,-0.2005159,-0.1062511,0.9739118,0.03767982,1.12059,0.1370871,-0.1474089,-0.1032087,0.9836761,0.07004118,1.122291,0.144673,358.7599,346.7439,2.92957,0,3,False
1,Center_Head_Far,71,8.179997,0.06881542,1.124835,0.1659521,0.08819131,0.8203437,0.1128422,-0.3646318,0.3011786,0.01842995,0.880906,0,0,0,0,0,0,1,MathCanvas,-0.4896139,0.7863717,3.369245,0.06993574,1.123823,0.1556175,-0.1848018,-0.1079833,0.9768254,0.1009907,1.127265,0.1741094,-0.2154278,-0.1093177,0.9703816,0.03664012,1.122405,0.1577949,-0.1625839,-0.1050821,0.9810832,0.06881542,1.124835,0.1659521,358.9022,345.6934,4.187707,0,3,False
1,Center_Head_Far,72,8.199997,0.06806052,1.125418,0.1768574,0.0857579,0.8177629,0.1219126,-0.3244512,0.3105952,0.01803415,0.8932731,0,0,0,0,0,0,1,MathCanvas,-0.535848,0.7715178,3.362082,0.06881542,1.124835,0.1659521,-0.1712054,-0.1057526,0.9795433,0.100173,1.128043,0.1851995,-0.2024822,-0.1098718,0.9731029,0.03594807,1.122792,0.1685153,-0.1496007,-0.1052108,0.9831329,0.06806052,1.125418,0.1768574,359.0317,345.361,4.525406,0,3,False
1,Center_Head_Far,73,8.219997,0.06609095,1.12621,0.1984914,0.08451627,0.81455,0.1271946,-0.2799467,0.3328803,0.04265291,0.899445,0,0,0,0,0,0,1,MathCanvas,-0.4932907,0.7786742,3.388601,0.06700633,1.125859,0.1876502,-0.1749414,-0.1005269,0.9794334,0.09812653,1.128946,0.2070899,-0.2054006,-0.1038075,0.973157,0.03405537,1.123475,0.1898929,-0.1525822,-0.09896097,0.9833236,0.06609095,1.12621,0.1984914,359.1411,344.9048,4.714986,0,3,False
1,Center_Head_Far,74,8.239997,0.06462241,1.125067,0.2102307,0.07549778,0.8149925,0.1660842,-0.2822111,0.2380606,0.03889786,0.9285317,0,0,0,0,0,0,1,MathCanvas,-0.5059131,0.7975184,3.400935,0.06609095,1.12621,0.1984914,-0.1790639,-0.1013845,0.9785997,0.09664713,1.127818,0.2188646,-0.2049422,-0.1173543,0.9717132,0.03259769,1.122316,0.2015968,-0.1521432,-0.1124297,0.981943,0.06462241,1.125067,0.2102307,359.9247,344.9055,4.741362,0,3,False
1,Center_Head_Far,75,8.259997,0.06220508,1.125279,0.2336581,0.07075927,0.8115724,0.1864029,-0.2377557,0.1966149,0.0418382,0.9502971,0,0,0,0,0,0,1,MathCanvas,-0.5215126,0.7932023,3.413509,0.06337328,1.124913,0.2217261,-0.174885,-0.1190289,0.9773676,0.09414547,1.128183,0.2425508,-0.2037254,-0.1253974,0.9709642,0.0302647,1.122376,0.2247655,-0.1509935,-0.1201429,0.9812067,0.06220508,1.125279,0.2336581,0.4461054,344.4811,5.004297,0,3,False
1,Center_Head_Far,76,8.279997,0.06088185,1.125352,0.2455636,0.06874344,0.810334,0.1944318,-0.2184614,0.1873761,0.04986097,0.9563884,0,0,0,0,0,0,1,MathCanvas,-0.5054635,0.7389171,3.406148,0.06220508,1.125279,0.2336581,-0.1774337,-0.1227706,0.9764449,0.09278487,1.128329,0.2545654,-0.2062879,-0.1296643,0.9698621,0.02897882,1.122376,0.2365619,-0.1536056,-0.124272,0.9802866,0.06088185,1.125352,0.2455636,0.701281,344.306,5.131584,0,3,False
1,Center_Head_Far,77,8.299997,0.05683023,1.125203,0.2708357,0.06745489,0.8116231,0.2035914,-0.2295255,0.1865674,0.02412535,0.9549496,0,0,0,0,0,0,1,MathCanvas,-0.5157157,0.7263908,3.418668,0.05955992,1.125464,0.257737,-0.1698744,-0.1285985,0.977039,0.08873318,1.127965,0.2799058,-0.195318,-0.1358385,0.9712872,0.02492727,1.122441,0.2617655,-0.1425629,-0.1306731,0.981122,0.05683023,1.125203,0.2708357,1.105274,344.2214,4.761308,0,3,False
1,Center_Head_Far,78,8.319997,0.05499649,1.124469,0.2824322,0.06443452,0.8137511,0.2079107,-0.2460639,0.2029215,0.04322772,0.9467877,0,0,0,0,0,0,1,MathCanvas,-0.4921233,0.7096334,3.428163,0.05683023,1.125203,0.2708357,-0.1690124,-0.1332563,0.9765642,0.08688181,1.12714,0.2915913,-0.1969067,-0.1479515,0.9691945,0.02311118,1.121798,0.2732731,-0.1441723,-0.1428732,0.9791842,0.05499649,1.124469,0.2824322,1.796454,344.118,4.605211,0,3,False
1,Center_Head_Far,79,8.339997,0.05341165,1.124453,0.294043,0.06171782,0.8148609,0.2141818,-0.2490415,0.2110542,0.05996323,0.9433128,0,0,0,0,0,0,1,MathCanvas,-0.4922508,0.6929969,3.444461,0.05499649,1.124469,0.2824322,-0.1721469,-0.131547,0.9762483,0.08527416,1.127082,0.3032931,-0.2000427,-0.1453294,0.9689491,0.02154914,1.121825,0.2847928,-0.1473286,-0.1403315,0.9790819,0.05341165,1.124453,0.294043,2.445565,344.0051,4.534505,0,3,False
1,Center_Head_Far,80,8.359997,0.05060553,1.126163,0.3173188,0.05853517,0.8169632,0.2317767,-0.2361343,0.2079356,0.08321956,0.9455569,0,0,0,0,0,0,1,MathCanvas,-0.504079,0.6984437,3.455585,0.05182346,1.124641,0.3058754,-0.1959511,-0.1504065,0.9690104,0.08240436,1.128868,0.326764,-0.2241247,-0.1600171,0.9613338,0.01880669,1.123457,0.3078737,-0.1716124,-0.1549961,0.9728954,0.05060553,1.126163,0.3173188,3.413359,343.7358,4.670754,0,3,False
1,Center_Head_Far,81,8.379997,0.04884557,1.126962,0.3288597,0.05662886,0.8175758,0.2391534,-0.2310438,0.2071461,0.09187581,0.9461861,0.5113855,0.6380877,0.272038,0.1475792,0.01633257,-0.06549066,0.9867445,MathCanvas,-0.5785869,0.6432123,3.42878,0.05060553,1.126163,0.3173188,-0.1979536,-0.1575071,0.967474,0.08062571,1.129688,0.3383617,-0.224815,-0.167435,0.9599082,0.01706544,1.124237,0.3193576,-0.1723304,-0.1623521,0.9715678,0.04884557,1.126962,0.3288597,3.846874,343.6702,4.707892,0,3,False
1,Center_Head_Far,82,8.399997,0.04554957,1.131234,0.3506117,0.0559468,0.8238524,0.2565229,-0.2081244,0.209168,0.1105963,0.9490529,0.5110903,0.6401451,0.2756549,0.1529985,0.02187274,-0.06214788,0.9860278,MathCanvas,-0.5882819,0.6200147,3.442742,0.04692376,1.128486,0.3399023,-0.2107992,-0.1714869,0.96237,0.0773032,1.133882,0.3602236,-0.2381791,-0.1836757,0.9536949,0.01379595,1.128585,0.3409998,-0.1858233,-0.1787723,0.9661834,0.04554957,1.131234,0.3506117,4.877579,343.5492,4.580839,0,3,False
1,Center_Head_Far,83,8.419997,0.04401848,1.133192,0.3616554,0.05449528,0.8252949,0.2642207,-0.2015611,0.2102352,0.1198163,0.9491145,0.5107986,0.6398711,0.2812338,0.1541577,0.02477847,-0.0586464,0.9859929,MathCanvas,-0.6291159,0.5823873,3.43069,0.04554957,1.131234,0.3506117,-0.2120934,-0.1812245,0.960299,0.0757512,1.135829,0.3713393,-0.2392693,-0.1921468,0.9517509,0.01228577,1.130555,0.3519716,-0.1869439,-0.1872345,0.9643626,0.04401848,1.133192,0.3616554,5.371495,343.4576,4.564354,0,3,False
1,Center_Head_Far,84,8.439997,0.041803,1.14103,0.3801907,0.05500631,0.8333646,0.2761537,-0.1991161,0.2022676,0.1054114,0.953063,0.5115145,0.6446267,0.2797844,0.1458461,0.03593746,-0.05286724,0.9872398,MathCanvas,-0.6362776,0.5519089,3.441844,0.04268576,1.13592,0.3720975,-0.2178982,-0.1763208,0.9599122,0.07349341,1.143771,0.3899836,-0.2429683,-0.1909261,0.9510592,0.0101126,1.138289,0.3703978,-0.1907089,-0.1858569,0.9638917,0.041803,1.14103,0.3801907,6.543489,343.371,4.755017,0,3,False
1,Center_Head_Far,85,8.459997,0.04043043,1.145127,0.3873546,0.05552622,0.8445088,0.279022,-0.2124826,0.1849658,0.09983104,0.9542916,0.5114309,0.6478944,0.2717917,0.1394375,0.04434601,-0.05063734,0.9879405,MathCanvas,-0.6567179,0.5757946,3.457401,0.041803,1.14103,0.3801907,-0.2169335,-0.188392,0.9578352,0.07214698,1.147741,0.3970975,-0.240676,-0.201485,0.9494625,0.008713875,1.142514,0.3776117,-0.1883816,-0.1965886,0.9622189,0.04043043,1.145127,0.3873546,7.15239,343.4901,4.539324,0,3,False
1,Center_Head_Far,86,8.479997,0.03902699,1.148905,0.3956992,0.05476834,0.8499176,0.2846801,-0.2145457,0.1808358,0.1031816,0.9542652,0.5116996,0.6496263,0.2758492,0.1378844,0.04890953,-0.04759691,0.9880943,MathCanvas,-0.6572434,0.5392449,3.467822,0.04043043,1.145127,0.3873546,-0.2160313,-0.1822983,0.9592173,0.07074364,1.151461,0.4054573,-0.2416517,-0.1936847,0.9508369,0.007310331,1.14635,0.3859411,-0.1893439,-0.1888997,0.9635693,0.03902699,1.148905,0.3956992,7.671947,343.493,4.442812,0,3,False
1,Center_Head_Far,87,8.499997,0.03643013,1.157134,0.4121653,0.05336329,0.8583353,0.2972179,-0.2131705,0.1731041,0.1087143,0.9553924,0.512076,0.6533152,0.2818986,0.1373507,0.05697921,-0.04340271,0.9879293,MathCanvas,-0.6573024,0.561307,3.487525,0.03774535,1.153146,0.4038125,-0.2156214,-0.2008139,0.9556051,0.06813496,1.159593,0.4219862,-0.2415079,-0.2125444,0.9468362,0.004725289,1.154675,0.4023443,-0.1892199,-0.207853,0.9596838,0.03643013,1.157134,0.4121653,8.770386,343.4441,4.287942,0,3,False
1,Center_Head_Far,88,8.519997,0.03691484,1.166691,0.4133251,0.05201618,0.8741863,0.2984166,-0.2029591,0.1875283,0.1346054,0.9515893,0.5074885,0.6537774,0.2704628,0.1504664,0.04793308,-0.06439991,0.9853502,MathCanvas,-0.6558919,0.5123563,3.480443,0.03643013,1.157134,0.4121653,-0.21546,-0.2101993,0.9536211,0.06862681,1.169019,0.4231551,-0.2428375,-0.2101896,0.9470218,0.005202878,1.164364,0.4034951,-0.1905336,-0.2057199,0.9598835,0.03691484,1.166691,0.4133251,8.623294,343.387,4.056344,0,3,False
1,Center_Head_Far,89,8.539997,0.03603781,1.180367,0.4227447,0.05183588,0.8896755,0.3060219,-0.2103125,0.1823762,0.1426781,0.949816,0.5044503,0.6581185,0.272612,0.152961,0.04988285,-0.05529261,0.9854225,MathCanvas,-0.6586007,0.4881574,3.491661,0.03651684,1.173507,0.4180956,-0.220034,-0.1714215,0.9603123,0.06773627,1.182666,0.432625,-0.2467528,-0.1766595,0.9528401,0.00433936,1.178069,0.4128644,-0.194435,-0.1723217,0.9656606,0.03603781,1.180367,0.4227447,8.902415,343.3091,4.008082,0,3,False
1,Center_Head_Far,90,8.559997,0.03566095,1.187246,0.4274072,0.05175988,0.8970764,0.3098312,-0.2158277,0.177858,0.1450202,0.9490806,0.5050433,0.6614851,0.2744259,0.1551347,0.05181031,-0.05383852,0.9850637,MathCanvas,-0.6796623,0.6227881,3.546333,0.03603781,1.180367,0.4227447,-0.2275268,-0.1488546,0.9623273,0.06735009,1.189526,0.4373215,-0.2542424,-0.1547959,0.9546723,0.003971808,1.184965,0.4174929,-0.2019617,-0.1506006,0.9677453,0.03566095,1.187246,0.4274072,9.123979,343.259,3.978955,0,3,False
1,Center_Head_Far,91,8.579997,0.03535331,1.204399,0.4314776,0.05260994,0.9138414,0.3137507,-0.2161856,0.1808881,0.1506898,0.9475421,0.4909893,0.6646722,0.2811945,0.1611004,0.03640934,-0.03487607,0.9856494,MathCanvas,-0.7105349,0.699063,3.583451,0.03523992,1.194091,0.4321221,-0.2286258,-0.1571438,0.9607477,0.0670227,1.206806,0.4414249,-0.2553219,-0.1497068,0.9551956,0.003683917,1.201991,0.4215303,-0.2030699,-0.1453206,0.9683204,0.03535331,1.204399,0.4314776,8.835726,343.2086,4.198426,0,3,False
1,Center_Head_Far,92,8.599997,0.0354444,1.213534,0.4336624,0.05247254,0.9208843,0.3174034,-0.2000766,0.1926552,0.1644707,0.9464685,0.4878033,0.668345,0.2844619,0.1658932,0.03232468,-0.0331838,0.985055,MathCanvas,-0.715126,0.6885639,3.585194,0.03535331,1.204399,0.4314776,-0.2292897,-0.1475141,0.9621153,0.06712103,1.215946,0.4435855,-0.2549259,-0.1466552,0.9557745,0.003767774,1.211122,0.4237394,-0.2026634,-0.1422712,0.9688584,0.0354444,1.213534,0.4336624,8.659028,343.2403,4.204465,0,3,False
1,Center_Head_Far,93,8.619997,0.0354303,1.222327,0.436107,0.05226328,0.9280858,0.3213089,-0.1958948,0.1951051,0.1713263,0.9456249,0.4885154,0.6726387,0.2849697,0.1690522,0.03019302,-0.02989237,0.9846909,MathCanvas,-0.7215328,0.7265306,3.609991,0.0354444,1.213534,0.4336624,-0.2308268,-0.1272373,0.9646397,0.06710562,1.224739,0.4460342,-0.256979,-0.1295126,0.9576994,0.003754977,1.219914,0.4261798,-0.2047121,-0.1251827,0.9707843,0.0354303,1.222327,0.436107,8.665462,343.2335,4.204983,0,3,False
1,Center_Head_Far,94,8.639997,0.03614519,1.242075,0.439009,0.05485228,0.9446688,0.3252425,-0.1854413,0.2041685,0.1718557,0.9457232,0.4674826,0.6830766,0.3049827,0.1820811,0.02263326,-0.02808777,0.9826217,MathCanvas,-0.7311951,0.799744,3.639884,0.03560711,1.231642,0.438261,-0.231507,-0.1161656,0.9658727,0.06779909,1.244971,0.4488749,-0.2566044,-0.1042594,0.9608767,0.004491281,1.239178,0.4291432,-0.2043734,-0.0992233,0.9738512,0.03614519,1.242075,0.439009,7.716812,343.3671,5.038702,0,3,False
1,Center_Head_Far,95,8.659997,0.03628695,1.251916,0.4398268,0.05590085,0.9532276,0.3279342,-0.1842814,0.2052322,0.1721517,0.9456658,0.4547623,0.6907404,0.3191314,0.1883889,0.02662526,-0.02205212,0.9814858,MathCanvas,-0.7365904,0.8543315,3.662947,0.03614519,1.242075,0.439009,-0.2305809,-0.1017417,0.9677196,0.06794757,1.254913,0.449641,-0.2550292,-0.1023328,0.9615031,0.004626326,1.248919,0.4300126,-0.2027924,-0.09714004,0.9743916,0.03628695,1.251916,0.4398268,7.61082,343.4697,5.212213,0,3,False
1,Center_Head_Far,96,8.679996,0.03743239,1.272796,0.4409714,0.05739333,0.9724473,0.3326336,-0.1883911,0.2119128,0.1808396,0.941753,0.4416308,0.7070581,0.3355851,0.1893178,0.03197086,-0.01097614,0.9813339,MathCanvas,-0.7379934,0.9102718,3.689386,0.03684569,1.262171,0.4403836,-0.2272572,-0.09905308,0.9687841,0.06912559,1.275865,0.4506572,-0.2514396,-0.09984801,0.962709,0.005739179,1.269726,0.4312856,-0.1991634,-0.09454624,0.9753948,0.03743239,1.272796,0.4409714,7.470253,343.7021,5.336952,0,3,False
1,Center_Head_Far,97,8.699997,0.03791361,1.283132,0.4416109,0.05783125,0.9808652,0.335488,-0.1869726,0.2148054,0.1848224,0.9406065,0.4436667,0.7129886,0.3351521,0.1915212,0.03220948,-0.006822285,0.9809362,MathCanvas,-0.7282278,0.9390725,3.704936,0.03743239,1.272796,0.4409714,-0.2259358,-0.09864516,0.9691347,0.06961294,1.286275,0.4512531,-0.2507636,-0.09906277,0.9629663,0.006214287,1.27999,0.4319686,-0.1984884,-0.09364855,0.9756189,0.03791361,1.283132,0.4416109,7.345141,343.7819,5.462921,0,3,False
1,Center_Head_Far,98,8.719996,0.04092724,1.306799,0.4409423,0.05945868,1.003241,0.3383224,-0.194536,0.2323114,0.1815288,0.9355397,0.3918056,0.7498951,0.393053,0.201779,0.05343495,-0.01704383,0.9778239,MathCanvas,-0.7244707,0.95027,3.711802,0.0383993,1.293482,0.4422362,-0.2234989,-0.09406358,0.9701548,0.07268216,1.310079,0.450353,-0.2449814,-0.0864152,0.9656689,0.009172313,1.303519,0.4315316,-0.1926341,-0.08081712,0.977937,0.04092724,1.306799,0.4409423,6.623536,344.1515,5.693975,0,3,False
1,Center_Head_Far,99,8.739997,0.04226937,1.318049,0.4404108,0.06089472,1.014125,0.339849,-0.2031458,0.2370352,0.1726375,0.9342068,0.3774228,0.7658583,0.4101336,0.2074676,0.05721163,-0.0160345,0.9764359,MathCanvas,-0.7164054,0.9880614,3.72834,0.04092724,1.306799,0.4409423,-0.2194386,-0.08406798,0.9719976,0.07402819,1.321445,0.4497671,-0.2442336,-0.08223908,0.9662229,0.01051056,1.314653,0.4310544,-0.1918895,-0.07646857,0.978433,0.04226937,1.318049,0.4404108,6.362815,344.24,5.892602,0,3,False
1,Center_Head_Far,100,8.759997,0.04589564,1.34166,0.4385148,0.06367237,1.036072,0.3426644,-0.2279723,0.240112,0.1557615,0.9306521,0.3611394,0.7941348,0.4315797,0.2122555,0.0629079,-0.01520405,0.9750688,MathCanvas,-0.7041615,1.032088,3.746708,0.04365021,1.329479,0.4399842,-0.2234568,-0.08497914,0.9710024,0.07768456,1.345123,0.4477433,-0.24868,-0.07925535,0.9653378,0.01410673,1.338197,0.4292862,-0.1963726,-0.07341868,0.9777768,0.04589564,1.34166,0.4385148,5.632593,344.4028,6.001902,0,3,False
1,Center_Head_Far,101,8.779997,0.04872017,1.353626,0.4367793,0.06655498,1.048726,0.3438614,-0.2449151,0.2463379,0.1481683,0.9259484,0.3330416,0.8227897,0.4623083,0.2050316,0.06663407,-0.01208931,0.9764097,MathCanvas,-0.715931,1.051943,3.748934,0.04589564,1.34166,0.4385148,-0.2226136,-0.07633734,0.9719135,0.08053559,1.357017,0.445943,-0.2480783,-0.06877884,0.9662954,0.01690476,1.350234,0.4276156,-0.1957295,-0.06308692,0.9786265,0.04872017,1.353626,0.4367793,5.027934,344.4484,5.87087,0,3,False
1,Center_Head_Far,102,8.799997,0.0512538,1.365171,0.4351945,0.06968544,1.060739,0.3452711,-0.2498508,0.252903,0.1454182,0.923292,0.3179449,0.8436035,0.4797876,0.2023637,0.06766257,-0.007338279,0.9769427,MathCanvas,-0.7124694,1.092603,3.760073,0.04872017,1.353626,0.4367793,-0.2213573,-0.07497264,0.9723065,0.08308052,1.36858,0.4443122,-0.2469238,-0.07029129,0.9664822,0.01942709,1.361762,0.4260768,-0.194565,-0.0645678,0.9787622,0.0512538,1.365171,0.4351945,4.595318,344.4883,5.898332,0,3,False
1,Center_Head_Far,103,8.819997,0.05675988,1.388319,0.4317162,0.07422281,1.083066,0.3483178,-0.2614546,0.2620635,0.1382975,0.9186066,0.312226,0.8690031,0.4889958,0.2017721,0.06533016,0.002731454,0.9772474,MathCanvas,-0.7066867,1.108461,3.76443,0.05400434,1.376715,0.4334751,-0.2204555,-0.06128809,0.9734697,0.08861429,1.391718,0.4407406,-0.2456097,-0.05743055,0.9676661,0.02490547,1.384921,0.4226917,-0.1932095,-0.05175786,0.9797915,0.05675988,1.388319,0.4317162,3.856294,344.5789,5.874485,0,3,False
1,Center_Head_Far,104,8.839997,0.06015361,1.398854,0.4292586,0.07743634,1.094368,0.3496025,-0.265785,0.2667862,0.1351894,0.9164646,0.3050372,0.8854592,0.4981422,0.2017495,0.05988256,0.009621217,0.9775575,MathCanvas,-0.7032291,1.177038,3.787615,0.05675988,1.388319,0.4317162,-0.2194949,-0.05459445,0.9740849,0.09203905,1.402104,0.4382283,-0.2446776,-0.0520456,0.9682066,0.02826817,1.395605,0.420289,-0.1922294,-0.0466295,0.9802416,0.06015361,1.398854,0.4292586,3.541867,344.6361,5.613693,0,3,False
1,Center_Head_Far,105,8.859997,0.06887704,1.419533,0.4237037,0.08617309,1.116625,0.3503955,-0.2848555,0.2707009,0.1290225,0.9104568,0.2900555,0.9247256,0.5204977,0.203644,0.06640287,0.00426502,0.9767812,MathCanvas,-0.697745,1.210344,3.792698,0.06462546,1.409001,0.4263734,-0.2216282,-0.07595187,0.9721689,0.100845,1.4224,0.432509,-0.2468663,-0.07146496,0.9664107,0.03690913,1.416667,0.4148984,-0.194386,-0.06665453,0.9786579,0.06887704,1.419533,0.4237037,2.802797,344.8427,4.94607,0,3,False
1,Center_Head_Far,106,8.879997,0.07311411,1.429994,0.4208955,0.08924165,1.127542,0.3512998,-0.2939094,0.2729447,0.1259347,0.9073362,0.2925699,0.9350635,0.5203998,0.2034054,0.07056215,0.002628846,0.9765451,MathCanvas,-0.6937225,1.158191,3.768835,0.06887704,1.419533,0.4237037,-0.2251658,-0.07474797,0.971449,0.1051136,1.432742,0.4296232,-0.2498242,-0.07026488,0.9657384,0.0411146,1.427245,0.4121679,-0.1973485,-0.06566688,0.9781315,0.07311411,1.429994,0.4208955,2.405307,344.9435,4.741306,0,3,False
1,Center_Head_Far,107,8.899997,0.08183724,1.450877,0.4153288,0.09542265,1.14954,0.3534128,-0.3108594,0.2781111,0.1192861,0.9009947,0.299084,0.9537424,0.5182627,0.203225,0.07793827,0.001149312,0.9760246,MathCanvas,-0.7010265,1.173003,3.760827,0.07749336,1.440391,0.4181159,-0.2226181,-0.06138533,0.9729713,0.1138881,1.453413,0.4239317,-0.2475765,-0.0569427,0.9671936,0.04978641,1.448341,0.4067259,-0.1950216,-0.05271563,0.9793812,0.08183724,1.450877,0.4153288,1.636881,345.1003,4.371117,0,3,False
1,Center_Head_Far,108,8.919997,0.08886836,1.45788,0.4105209,0.1022919,1.156468,0.352496,-0.3133662,0.2892082,0.1152403,0.8971511,0.2957122,0.972216,0.529443,0.1976409,0.08084803,-0.002310906,0.9769321,MathCanvas,-0.6886997,1.238407,3.783027,0.08183724,1.450877,0.4153288,-0.221383,-0.05482929,0.9736443,0.1210113,1.460094,0.418865,-0.2409383,-0.0466381,0.9694192,0.05672542,1.455666,0.4021767,-0.1882459,-0.04295285,0.9811822,0.08886836,1.45788,0.4105209,1.04047,345.5169,3.81494,0,3,False
1,Center_Head_Far,109,8.939997,0.09450047,1.467274,0.4066215,0.1067872,1.165536,0.3524617,-0.3225675,0.2929832,0.1107968,0.8932162,0.2979898,0.9826983,0.5292076,0.1924957,0.08120766,0.003060561,0.9779271,MathCanvas,-0.6781455,1.267916,3.783854,0.08886836,1.45788,0.4105209,-0.2151244,-0.06362231,0.974512,0.1267103,1.469325,0.4147467,-0.235856,-0.05426127,0.9702719,0.06229067,1.465224,0.3984964,-0.1830868,-0.05083257,0.9817816,0.09450047,1.467274,0.4066215,0.3942155,345.8665,3.533052,0,3,False
1,Center_Head_Far,110,8.959997,0.1063668,1.485276,0.398765,0.1149064,1.184441,0.3531726,-0.3387657,0.3010101,0.1039177,0.8853428,0.3052717,0.9998298,0.5256848,0.1847428,0.08505046,0.00841871,0.9790637,MathCanvas,-0.6495594,1.247221,3.777208,0.1004508,1.476311,0.4027255,-0.2074417,-0.06677637,0.9759656,0.1386763,1.487025,0.4065581,-0.229807,-0.05881102,0.9714576,0.07405728,1.483527,0.3909719,-0.1769302,-0.05587708,0.9826359,0.1063668,1.485276,0.398765,359.2387,346.3991,3.013032,0,3,False
1,Center_Head_Far,111,8.979997,0.1127147,1.491727,0.3939075,0.1198424,1.192439,0.3526831,-0.3451364,0.3048755,0.1048211,0.8814445,0.3088451,1.010108,0.5248404,0.1784549,0.09278179,-7.566437E-05,0.9795639,MathCanvas,-0.6129333,1.253731,3.782908,0.1063668,1.485276,0.398765,-0.2004415,-0.05796038,0.9779897,0.1450975,1.493328,0.4014236,-0.2192001,-0.05093834,0.9743493,0.08033198,1.490126,0.3863915,-0.1661844,-0.04824615,0.9849137,0.1127147,1.491727,0.3939075,358.7491,346.8727,2.757286,0,3,False
1,Center_Head_Far,112,8.999997,0.1247999,1.502772,0.3844966,0.1311065,1.205983,0.3513317,-0.344947,0.3175889,0.1072979,0.8767189,0.3175165,1.025649,0.5208821,0.1750044,0.1102888,-0.0335733,0.9777948,MathCanvas,-0.5832529,1.290479,3.789658,0.1187084,1.496589,0.3892106,-0.1908108,-0.05471893,0.9801006,0.1573299,1.503842,0.39145,-0.2103303,-0.05091169,0.9763038,0.09226986,1.501703,0.3775432,-0.1571698,-0.04910722,0.9863499,0.1247999,1.502772,0.3844966,358.4202,347.8837,1.842102,0,3,False
1,Center_Head_Far,113,9.019997,0.1307044,1.507835,0.3798074,0.1369291,1.21162,0.3503025,-0.3504328,0.3202166,0.1054084,0.873812,0.3211376,1.031865,0.5182695,0.1712952,0.1127972,-0.04061931,0.9778982,MathCanvas,-0.5404509,1.311998,3.801562,0.1247999,1.502772,0.3844966,-0.1838191,-0.05000947,0.9816871,0.1633124,1.508681,0.3864178,-0.2004484,-0.04759167,0.9785476,0.09809642,1.506989,0.373197,-0.147174,-0.04615442,0.9880332,0.1307044,1.507835,0.3798074,358.2301,348.4951,1.457709,0,3,False
1,Center_Head_Far,114,9.039997,0.14236,1.517352,0.3705397,0.1476049,1.222476,0.3482363,-0.3721829,0.3223399,0.09970453,0.8646594,0.3283991,1.041923,0.5122582,0.1608385,0.1176801,-0.04494509,0.9789088,MathCanvas,-0.5098775,1.33356,3.80084,0.1366136,1.512823,0.3750987,-0.1767614,-0.07402102,0.9814664,0.1750859,1.518005,0.3765633,-0.1955349,-0.06968755,0.9782176,0.1096341,1.516699,0.3645161,-0.1421969,-0.06858638,0.9874593,0.14236,1.517352,0.3705397,357.6686,349.5251,1.124682,0,3,False
1,Center_Head_Far,115,9.059997,0.1479684,1.521453,0.3659281,0.1526189,1.227488,0.3470671,-0.3828997,0.3224718,0.09734723,0.860188,0.3321152,1.04621,0.5093253,0.1570488,0.1223155,-0.04953184,0.9787345,MathCanvas,-0.4707523,1.260604,3.774841,0.14236,1.517352,0.3705397,-0.1800975,-0.09062608,0.9794651,0.1807403,1.522071,0.3717001,-0.1994063,-0.08628457,0.9761106,0.1151965,1.520835,0.3601562,-0.1461045,-0.08528691,0.9855859,0.1479684,1.521453,0.3659281,357.39,349.9628,1.064722,0,3,False
1,Center_Head_Far,116,9.079997,0.1590443,1.528918,0.3566905,0.162647,1.239666,0.3454867,-0.3999485,0.3259532,0.09282228,0.8515748,0.3397638,1.053233,0.5033111,0.1511215,0.1332763,-0.0622584,0.9775089,MathCanvas,-0.4716217,1.209672,3.735585,0.1534877,1.525143,0.3613076,-0.1649845,-0.08094262,0.9829692,0.1919092,1.529346,0.3619264,-0.1841459,-0.07679655,0.9798942,0.1261795,1.52849,0.3514546,-0.1306915,-0.07610641,0.9884976,0.1590443,1.528918,0.3566905,356.8531,350.9074,0.7383773,0,3,False
1,Center_Head_Far,117,9.099997,0.1646441,1.532766,0.3520361,0.1676726,1.246063,0.3447949,-0.4080256,0.3280083,0.09060168,0.8471818,0.3432673,1.057229,0.500616,0.1475433,0.1377122,-0.06750922,0.9770921,MathCanvas,-0.411591,1.24896,3.756507,0.1590443,1.528918,0.3566905,-0.1635585,-0.07715566,0.9835119,0.1975514,1.533084,0.3570059,-0.1826182,-0.07257675,0.9805015,0.1317367,1.532448,0.3470663,-0.1291466,-0.0720897,0.9890017,0.1646441,1.532766,0.3520361,356.5771,351.3791,0.548582,0,3,False
1,Center_Head_Far,118,9.119997,0.1677663,1.53124,0.3487477,0.1724451,1.243391,0.3420105,-0.4168327,0.3278784,0.08565152,0.8434513,0.3466135,1.055173,0.4973609,0.1540012,0.1338711,-0.07425186,0.9761398,MathCanvas,-0.3998115,1.266495,3.746228,0.1646441,1.532766,0.3520361,-0.155941,-0.07233322,0.9851144,0.2007058,1.531413,0.3535078,-0.1766349,-0.07515927,0.9814027,0.1348269,1.531067,0.3439876,-0.1231087,-0.07490967,0.9895619,0.1677663,1.53124,0.3487477,356.7341,351.7601,0.298005,0,3,False
1,Center_Head_Far,119,9.139997,0.1766279,1.534733,0.3414105,0.1820765,1.249061,0.3379334,-0.4358249,0.3290262,0.08044164,0.8338631,0.3521938,1.057466,0.4936743,0.1490791,0.1329628,-0.07846539,0.9766983,MathCanvas,-0.3704587,1.281585,3.748837,0.1721752,1.532989,0.3451777,-0.1712351,-0.08748978,0.9813379,0.2096153,1.534952,0.345824,-0.1919506,-0.08445489,0.977764,0.1436405,1.534514,0.3369971,-0.1385886,-0.08425483,0.9867595,0.1766279,1.534733,0.3414105,356.3993,352.3558,0.377392,0,3,False
1,Center_Head_Far,120,9.159997,0.1810216,1.536345,0.3378507,0.1868508,1.252424,0.33629,-0.4445223,0.3292914,0.07805549,0.829382,0.3548173,1.058806,0.4920661,0.1474478,0.1350931,-0.08215528,0.9763501,MathCanvas,-0.4113106,1.234336,3.71085,0.1766279,1.534733,0.3414105,-0.1653303,-0.08435488,0.9826241,0.2140312,1.536562,0.3420947,-0.1869823,-0.0813804,0.9789867,0.148012,1.536129,0.3336068,-0.1335748,-0.08117813,0.9877084,0.1810216,1.536345,0.3378507,356.2224,352.6492,0.3737787,0,3,False
1,Center_Head_Far,121,9.179996,0.1881711,1.538108,0.3334511,0.1948826,1.251266,0.3324078,-0.4584356,0.3170969,0.0705527,0.8272296,0.362494,1.057961,0.4948194,0.149089,0.1503219,-0.09672499,0.9725328,MathCanvas,-0.3851835,1.247456,3.703035,0.1854412,1.537961,0.3341366,-0.1688422,-0.09871654,0.9806872,0.2211647,1.538886,0.3377535,-0.2016872,-0.09282113,0.9750417,0.1551774,1.53733,0.3291487,-0.148475,-0.09180111,0.984646,0.1881711,1.538108,0.3334511,355.6318,352.4682,1.34306,0,3,False
1,Center_Head_Far,122,9.199997,0.191709,1.538532,0.331171,0.1984423,1.25111,0.3309637,-0.464221,0.311972,0.06643777,0.826292,0.3644473,1.058529,0.4956743,0.145343,0.1539937,-0.1045126,0.9717194,MathCanvas,-0.3873515,1.201619,3.676261,0.1881711,1.538108,0.3334511,-0.1895004,-0.1048788,0.9762633,0.2247035,1.539419,0.335446,-0.2149033,-0.1029657,0.9711924,0.1587146,1.537644,0.3268961,-0.1618785,-0.1018781,0.9815376,0.191709,1.538532,0.331171,355.4787,352.4968,1.532131,0,3,False
1,Center_Head_Far,123,9.219996,0.1984812,1.539728,0.3271296,0.2055426,1.252465,0.3283923,-0.4754912,0.3045283,0.06114388,0.8230626,0.367134,1.059751,0.4965412,0.1399735,0.1571878,-0.117048,0.9705665,MathCanvas,-0.4504458,1.183132,3.639408,0.1951391,1.539146,0.3290856,-0.1958716,-0.1001589,0.9755012,0.2314831,1.540797,0.3313046,-0.2205989,-0.09806263,0.9704224,0.1654794,1.538659,0.3229545,-0.1676782,-0.09671023,0.9810867,0.1984812,1.539728,0.3271296,355.1467,352.6335,1.846924,0,3,False
1,Center_Head_Far,124,9.239997,0.2018854,1.54035,0.3250465,0.2096409,1.254077,0.3269892,-0.482291,0.3019298,0.05810636,0.8202789,0.3685499,1.060364,0.496529,0.1376958,0.1601871,-0.1228641,0.9696826,MathCanvas,-0.4658705,1.200012,3.635807,0.1984812,1.539728,0.3271296,-0.1942118,-0.09738646,0.9761136,0.2348926,1.541512,0.3291535,-0.2184846,-0.09515058,0.9711904,0.1688781,1.539188,0.3209395,-0.1655467,-0.09363504,0.9817468,0.2018854,1.54035,0.3250465,354.963,352.7309,2.008183,0,3,False
1,Center_Head_Far,125,9.259996,0.2038406,1.540664,0.3250679,0.208852,1.251334,0.3272771,-0.4815655,0.2888834,0.059099,0.8253171,0.366919,1.06053,0.5001256,0.1333281,0.1457399,-0.1222551,0.9726444,MathCanvas,-0.4558604,1.210527,3.630894,0.2018854,1.54035,0.3250465,-0.1920887,-0.09439278,0.9768275,0.2368233,1.541789,0.3293777,-0.2246546,-0.09270398,0.9700187,0.170858,1.539539,0.3207581,-0.1717814,-0.09123848,0.9809009,0.2038406,1.540664,0.3250679,354.8276,352.38,1.94524,0,3,False
1,Center_Head_Far,126,9.279997,0.2085235,1.541082,0.323218,0.2123876,1.251159,0.3263345,-0.4863358,0.2750574,0.05199935,0.827718,0.3662186,1.061094,0.5026359,0.1311685,0.1373532,-0.1214911,0.974253,MathCanvas,-0.446485,1.221092,3.632165,0.2060006,1.540793,0.3242562,-0.205238,-0.09760174,0.9738333,0.2414901,1.542223,0.3276447,-0.232155,-0.09536054,0.967993,0.1755569,1.53994,0.3187913,-0.1793862,-0.09390143,0.979287,0.2085235,1.541082,0.323218,354.4731,352.1619,1.974454,0,3,False
1,Center_Head_Far,127,9.299996,0.2108932,1.541273,0.322344,0.2152914,1.251776,0.3253902,-0.4909566,0.2700135,0.049202,0.8268213,0.3659587,1.061313,0.503854,0.1304247,0.1339501,-0.121543,0.97482,MathCanvas,-0.485662,1.210959,3.617057,0.2085235,1.541082,0.323218,-0.205848,-0.09463102,0.9739977,0.2438538,1.542443,0.3268078,-0.2333088,-0.09246515,0.9679965,0.1779326,1.540104,0.3178802,-0.1805546,-0.09094806,0.9793511,0.2108932,1.541273,0.322344,354.3008,352.0864,2.023591,0,3,False
1,Center_Head_Far,128,9.319997,0.2122085,1.540247,0.3225486,0.2098103,1.248282,0.3265107,-0.4725635,0.2635561,0.04393484,0.8398165,0.357711,1.061952,0.5114474,0.132478,0.1095692,-0.1062914,0.9793602,MathCanvas,-0.4849714,1.221375,3.614922,0.2112525,1.540311,0.3228087,-0.2188506,-0.09427907,0.971193,0.2450931,1.541144,0.3275975,-0.2509976,-0.09624753,0.9631909,0.1793239,1.53935,0.3174996,-0.1984418,-0.09519048,0.9754792,0.2122085,1.540247,0.3225486,354.5664,351.1243,1.551447,0,3,False
1,Center_Head_Far,129,9.339996,0.2129275,1.540214,0.3222858,0.2096797,1.247785,0.3265681,-0.4663503,0.2622354,0.042015,0.8437919,0.3551427,1.062211,0.5136757,0.1336293,0.1028255,-0.1068124,0.9798782,MathCanvas,-0.5274972,1.221588,3.60514,0.2122085,1.540247,0.3225486,-0.2147918,-0.1046768,0.9710341,0.2457863,1.540992,0.3275194,-0.2467474,-0.1071849,0.9631341,0.1800687,1.539436,0.3170523,-0.1940979,-0.1063103,0.9752047,0.2129275,1.540214,0.3222858,354.6989,350.8259,1.345781,0,3,False
1,Center_Head_Far,130,9.359997,0.2138156,1.539728,0.3218989,0.2095833,1.247119,0.3265561,-0.457391,0.2573322,0.03675019,0.8504253,0.3496238,1.062628,0.5177134,0.1376,0.08890023,-0.1053133,0.9808527,MathCanvas,-0.5103273,1.187743,3.591989,0.2138174,1.540124,0.3220945,-0.2143785,-0.1076022,0.9708056,0.2466212,1.540326,0.3274786,-0.2466931,-0.1116907,0.9626358,0.1810101,1.53913,0.3163193,-0.1939995,-0.1110609,0.9746947,0.2138156,1.539728,0.3218989,354.941,350.2562,1.0332,0,3,False
1,Center_Head_Far,131,9.379996,0.2137142,1.539412,0.3218217,0.2080846,1.247037,0.3265064,-0.4550783,0.2525412,0.03238414,0.8532749,0.3452102,1.062958,0.5198209,0.1381026,0.07993872,-0.1001847,0.9820899,MathCanvas,-0.5073,1.177781,3.587445,0.2138156,1.539728,0.3218989,-0.220429,-0.1113758,0.9690235,0.2464854,1.539971,0.3276037,-0.2525741,-0.1165003,0.9605384,0.1809431,1.538852,0.3160397,-0.1999547,-0.115948,0.9729204,0.2137142,1.539412,0.3218217,355.2247,349.9135,0.9663024,0,3,False
1,Center_Head_Far,132,9.399997,0.214048,1.539533,0.3216617,0.2046668,1.247929,0.3253379,-0.4611413,0.2383619,0.02609388,0.8543134,0.3376973,1.063935,0.5233954,0.1366147,0.06289957,-0.09052572,0.984472,MathCanvas,-0.5268465,1.16523,3.577385,0.2132575,1.539616,0.3219201,-0.2134978,-0.1251436,0.9688951,0.246731,1.540065,0.3279252,-0.2470607,-0.1283249,0.9604654,0.1813649,1.539001,0.3153982,-0.1943293,-0.1277152,0.9725868,0.214048,1.539533,0.3216617,355.6259,349.0811,0.9185718,0,3,False
1,Center_Head_Far,133,9.419996,0.2136728,1.539674,0.3214888,0.2036389,1.24821,0.3248881,-0.462092,0.232518,0.02349782,0.8554848,0.3349379,1.064293,0.5248255,0.1363437,0.05541687,-0.08740494,0.9852409,MathCanvas,-0.5004467,1.120726,3.564179,0.214048,1.539533,0.3216617,-0.2055126,-0.1277442,0.9702814,0.2463084,1.54019,0.3279965,-0.2390612,-0.1306074,0.9621806,0.1810372,1.539157,0.3149812,-0.186211,-0.1299175,0.9738824,0.2136728,1.539674,0.3214888,355.772,348.6572,0.8912073,0,3,False
1,Center_Head_Far,134,9.439997,0.2133294,1.539803,0.3213119,0.2031695,1.248246,0.3245055,-0.4618237,0.2275839,0.02060899,0.8570296,0.332009,1.064665,0.5262712,0.1360806,0.04807559,-0.08442165,0.9859228,MathCanvas,-0.4730522,1.112813,3.563707,0.2136728,1.539674,0.3214888,-0.2127165,-0.1302625,0.9683921,0.2459203,1.540306,0.3280406,-0.2455674,-0.1320733,0.9603402,0.1807385,1.5393,0.3145831,-0.1927974,-0.1314071,0.9723998,0.2133294,1.539803,0.3213119,355.8579,348.2719,0.8676698,0,3,False
1,Center_Head_Far,135,9.459996,0.2060181,1.541617,0.320784,0.1953358,1.25061,0.3243237,-0.4664242,0.2095849,0.01109948,0.8593017,0.3203602,1.065495,0.5304691,0.1406378,0.04197522,-0.08596753,0.9854282,MathCanvas,-0.4971896,1.104698,3.555951,0.2132839,1.539804,0.3211392,-0.2256952,-0.1341732,0.9649141,0.2384628,1.542426,0.3281587,-0.2638725,-0.1242367,0.9565231,0.1735735,1.540808,0.3134094,-0.2113616,-0.1230628,0.9696298,0.2060181,1.541617,0.320784,355.3811,347.0818,1.397508,0,3,False
1,Center_Head_Far,136,9.479997,0.2041574,1.541974,0.320547,0.1938872,1.250927,0.3240081,-0.4668034,0.2034985,0.007605523,0.8605958,0.3176004,1.06576,0.5317226,0.1413253,0.03608631,-0.08435694,0.9857022,MathCanvas,-0.5476418,1.093575,3.542904,0.2060181,1.541617,0.320784,-0.2327737,-0.1232992,0.9646832,0.2365403,1.542831,0.3281834,-0.2665487,-0.1237488,0.9558441,0.1717746,1.541117,0.3129107,-0.2140752,-0.1224628,0.9691103,0.2041574,1.541974,0.320547,355.369,346.6117,1.479848,0,3,False
1,Center_Head_Far,137,9.499996,0.1988022,1.542319,0.3203951,0.1885256,1.25165,0.3236597,-0.4686527,0.1924014,-0.003252201,0.8621693,0.3070277,1.066673,0.5353684,0.1393932,0.02206668,-0.07977238,0.986772,MathCanvas,-0.5749406,1.129289,3.549361,0.2019618,1.542313,0.3203532,-0.2202785,-0.1189192,0.9681609,0.2310148,1.543296,0.3287072,-0.2576941,-0.1162766,0.9592046,0.1665897,1.541342,0.3120831,-0.2051168,-0.1145889,0.9720065,0.1988022,1.542319,0.3203951,355.1199,345.3875,1.68857,0,3,False
1,Center_Head_Far,138,9.519997,0.1954303,1.542071,0.3202925,0.1840294,1.251338,0.3237138,-0.467798,0.188515,-0.005501688,0.8634796,0.2980662,1.066675,0.537603,0.1373693,0.01279874,-0.0781506,0.9873492,MathCanvas,-0.5382054,1.144439,3.559667,0.1988022,1.542319,0.3203951,-0.2289577,-0.1178706,0.9662737,0.2275436,1.542969,0.3289886,-0.2669781,-0.1167529,0.9566041,0.1633169,1.541173,0.3115965,-0.2145205,-0.1151894,0.9699033,0.1954303,1.542071,0.3202925,355.0073,344.713,1.552315,0,3,False
1,Center_Head_Far,139,9.539996,0.1889876,1.541952,0.3198395,0.1776075,1.251142,0.3234231,-0.4669338,0.1774887,-0.01115633,0.8662252,0.2860398,1.066428,0.541311,0.1376337,-0.0007699504,-0.07419756,0.9876999,MathCanvas,-0.5704772,1.147771,3.552664,0.1923147,1.542066,0.32006,-0.2267629,-0.1168663,0.966913,0.2209163,1.542846,0.329191,-0.2627238,-0.1172229,0.9577239,0.1570588,1.541058,0.310488,-0.2102535,-0.1155192,0.970798,0.1889876,1.541952,0.3198395,354.9248,343.5386,1.545503,0,3,False
1,Center_Head_Far,140,9.559997,0.1852327,1.541569,0.3195861,0.1731481,1.250789,0.3233311,-0.4670078,0.1719426,-0.01294958,0.8672784,0.2781163,1.06584,0.5435798,0.1383473,-0.007077601,-0.07096642,0.9878126,MathCanvas,-0.5691574,1.151228,3.552557,0.1889876,1.541952,0.3198395,-0.2365637,-0.1163238,0.9646276,0.2170596,1.542476,0.3292772,-0.272889,-0.1166666,0.9549453,0.1534057,1.540663,0.3098949,-0.220562,-0.1149352,0.9685775,0.1852327,1.541569,0.3195861,354.8956,342.9254,1.566543,0,3,False
1,Center_Head_Far,141,9.579997,0.1817112,1.541364,0.3193469,0.1702007,1.250734,0.3231244,-0.4669828,0.166343,-0.01607303,0.868331,0.2735061,1.065776,0.5450443,0.1384043,-0.0137816,-0.06879541,0.9878874,MathCanvas,-0.6053446,1.152825,3.543295,0.1852327,1.541569,0.3195861,-0.2468195,-0.1158009,0.9621176,0.2134377,1.542281,0.3293613,-0.2826097,-0.1158295,0.952216,0.1499848,1.540448,0.3093325,-0.2304244,-0.1140838,0.9663795,0.1817112,1.541364,0.3193469,354.8476,342.3395,1.583933,0,3,False
1,Center_Head_Far,142,9.599997,0.1717606,1.540627,0.31857,0.1598637,1.249865,0.3234927,-0.4658306,0.1551758,-0.01814949,0.8709725,0.2553819,1.064321,0.549161,0.1380354,-0.02834559,-0.06160346,0.9881032,MathCanvas,-0.6432168,1.154331,3.534967,0.1764555,1.540926,0.3188847,-0.2520187,-0.1163135,0.9607069,0.2032122,1.541563,0.3294151,-0.2899014,-0.1167293,0.9499113,0.1403091,1.53969,0.3077249,-0.2378849,-0.1148341,0.9644811,0.1717606,1.540627,0.31857,354.8992,340.8308,1.618608,0,3,False
1,Center_Head_Far,143,9.619997,0.1671966,1.540346,0.3182046,0.1562054,1.249628,0.3233798,-0.4655363,0.1495392,-0.02062639,0.87206,0.2499323,1.06407,0.5506663,0.1379637,-0.03527967,-0.05890783,0.9880543,MathCanvas,-0.6699124,1.152172,3.527065,0.1717606,1.540627,0.31857,-0.2464189,-0.1236056,0.9612489,0.1985207,1.541286,0.3294124,-0.2834396,-0.1242658,0.9509048,0.1358726,1.539406,0.3069968,-0.2314062,-0.1222229,0.965149,0.1671966,1.540346,0.3182046,354.8788,340.1675,1.625276,0,3,False
1,Center_Head_Far,144,9.639997,0.1560121,1.539771,0.317397,0.1439397,1.249243,0.3242263,-0.4641025,0.1337338,-0.02407032,0.875297,0.2309096,1.062674,0.5542102,0.1389198,-0.04805406,-0.05276555,0.9877287,MathCanvas,-0.6530675,1.128895,3.517951,0.1623787,1.540182,0.3178346,-0.2688885,-0.1232096,0.9552583,0.1870766,1.540798,0.3292983,-0.3044194,-0.1215997,0.9447445,0.1249477,1.538745,0.3054956,-0.2527203,-0.1194276,0.9601403,0.1560121,1.539771,0.317397,354.7332,338.8743,1.775134,0,3,False
1,Center_Head_Far,145,9.659997,0.1500898,1.539302,0.3168007,0.1386776,1.249175,0.3242916,-0.4662504,0.1260368,-0.02620462,0.8752363,0.2234939,1.062227,0.5556197,0.1399782,-0.05435925,-0.05036949,0.9873774,MathCanvas,-0.7393177,1.129515,3.498162,0.1560121,1.539771,0.317397,-0.2786769,-0.1205137,0.9527936,0.1810183,1.540448,0.3290405,-0.3143579,-0.121379,0.9415127,0.1191614,1.538157,0.3045609,-0.2628382,-0.1190146,0.9574715,0.1500898,1.539302,0.3168007,354.7322,338.2271,1.980962,0,3,False
1,Center_Head_Far,146,9.679996,0.1377549,1.538368,0.3156832,0.1284225,1.248854,0.3243144,-0.4698704,0.1113413,-0.03035085,0.8751593,0.2091548,1.061397,0.5578176,0.1425196,-0.06785475,-0.04572499,0.9864042,MathCanvas,-0.7775526,1.138144,3.488401,0.1438012,1.53881,0.3162302,-0.2962197,-0.1284291,0.9464459,0.1683882,1.539683,0.3286277,-0.3321681,-0.1292016,0.9343293,0.1071215,1.537052,0.3027387,-0.2810103,-0.1265108,0.9513296,0.1377549,1.538368,0.3156832,354.6986,336.8826,2.275255,0,3,False
1,Center_Head_Far,147,9.699997,0.1314161,1.537778,0.3150123,0.1229291,1.248772,0.3243766,-0.4726543,0.1037641,-0.03209208,0.8745291,0.202138,1.061113,0.5590349,0.1436956,-0.07439972,-0.04336601,0.985868,MathCanvas,-0.8464565,1.111653,3.460318,0.1377549,1.538368,0.3156832,-0.3067075,-0.1278564,0.9431772,0.1619004,1.539155,0.3282979,-0.3424381,-0.1285239,0.9307082,0.1009318,1.536401,0.3017267,-0.2914782,-0.1257364,0.9482778,0.1314161,1.537778,0.3150123,354.666,336.2301,2.381483,0,3,False
1,Center_Head_Far,148,9.719996,0.1234265,1.536468,0.3141891,0.1150963,1.248895,0.3249879,-0.4781674,0.09717084,-0.03223014,0.8722816,0.1951986,1.061991,0.5587004,0.1395743,-0.07887297,-0.04443538,0.9860647,MathCanvas,-0.8868194,1.113309,3.446258,0.1314161,1.537778,0.3150123,-0.3170797,-0.1271302,0.9398395,0.1537624,1.537977,0.3277963,-0.3520367,-0.1265115,0.9273969,0.09309064,1.53496,0.300582,-0.3012767,-0.1235192,0.9455027,0.1234265,1.536468,0.3141891,354.5638,335.594,2.60955,0,3,False
1,Center_Head_Far,149,9.739997,0.1092951,1.534709,0.3129835,0.1030905,1.24823,0.3253455,-0.4838231,0.0834825,-0.0364877,0.8704106,0.1805692,1.062448,0.5609729,0.1378136,-0.08942775,-0.0414356,0.9855421,MathCanvas,-0.9289764,1.114517,3.433562,0.1163606,1.535507,0.3135867,-0.3156266,-0.123624,0.940796,0.1393573,1.53644,0.3271597,-0.3499692,-0.1249601,0.9283893,0.07923285,1.532979,0.2988074,-0.2993081,-0.1214789,0.9463918,0.1092951,1.534709,0.3129835,354.5526,334.4688,2.994584,0,3,False
1,Center_Head_Far,150,9.759996,0.1020663,1.53379,0.312362,0.09745751,1.247854,0.325386,-0.4858102,0.07650841,-0.0384229,0.8698612,0.1736124,1.062592,0.5621417,0.1378299,-0.09459712,-0.04069444,0.9850879,MathCanvas,-0.9374434,1.124725,3.433022,0.1092951,1.534709,0.3129835,-0.3247639,-0.1232197,0.9377341,0.1319904,1.535622,0.326815,-0.3583502,-0.1238305,0.9253384,0.07214226,1.531958,0.297909,-0.307868,-0.1201916,0.9438068,0.1020663,1.53379,0.312362,354.502,333.916,3.169599,0,3,False
1,Center_Head_Far,151,9.779997,0.08660991,1.531129,0.3114272,0.08234823,1.246505,0.3266332,-0.4945804,0.06783263,-0.03861509,0.86562,0.1581996,1.062535,0.5656729,0.1398962,-0.1001243,-0.03965004,0.9842927,MathCanvas,-0.974135,1.125465,3.419822,0.09446732,1.532268,0.3118413,-0.3258584,-0.1286598,0.9366232,0.1163421,1.533071,0.3262569,-0.3564752,-0.1362912,0.9243106,0.0568777,1.529186,0.2965976,-0.3060898,-0.1323152,0.9427627,0.08660991,1.531129,0.3114272,354.7715,333.1847,3.359343,0,3,False
1,Center_Head_Far,152,9.799996,0.07875757,1.532134,0.3112742,0.07539787,1.24542,0.3270466,-0.4946535,0.06370222,-0.03679525,0.8659711,0.1518084,1.062467,0.5671926,0.1393062,-0.1039527,-0.0368485,0.9840883,MathCanvas,-0.9901991,1.105968,3.406528,0.08660991,1.531129,0.3114272,-0.3304378,-0.1343212,0.9342209,0.1083792,1.534071,0.3263241,-0.3616545,-0.1424091,0.9213717,0.04913591,1.530197,0.2962242,-0.3113984,-0.1383966,0.9401476,0.07875757,1.532134,0.3112742,355.1249,332.7813,3.348485,0,3,False
1,Center_Head_Far,153,9.819997,0.06330911,1.535897,0.3112952,0.06139677,1.244509,0.3277229,-0.4874786,0.05695655,-0.0278393,0.8708304,0.1390532,1.061658,0.5712848,0.1383021,-0.1031898,-0.0304599,0.9845286,MathCanvas,-1.011184,1.089078,3.392782,0.07123794,1.534213,0.3111999,-0.344789,-0.1428175,0.927752,0.09270435,1.538046,0.3267548,-0.3737845,-0.1418804,0.9165998,0.03391387,1.533749,0.2958356,-0.3238215,-0.137528,0.9360693,0.06330911,1.535897,0.3112952,355.1314,331.9434,3.714723,0,3,False
1,Center_Head_Far,154,9.839996,0.05549885,1.537211,0.3112415,0.05477937,1.243906,0.3279735,-0.4873151,0.05215688,-0.02649556,0.8712645,0.1335991,1.061496,0.5726945,0.1382037,-0.105729,-0.02814124,0.984342,MathCanvas,-1.071287,1.065928,3.364245,0.06330911,1.535897,0.3112952,-0.3489398,-0.1397045,0.9266735,0.08477236,1.539439,0.3269193,-0.3802019,-0.1429595,0.9137883,0.02622532,1.534984,0.2955637,-0.3303971,-0.1384725,0.933629,0.05549885,1.537211,0.3112415,355.2082,331.506,3.850978,0,3,False
1,Center_Head_Far,155,9.859997,0.04144232,1.531236,0.3119599,0.03976472,1.247398,0.3298131,-0.4811027,0.04510546,-0.01566025,0.8753631,0.1224894,1.058995,0.5781375,0.1686794,-0.08135941,-0.02188121,0.9820637,MathCanvas,-1.093498,1.077189,3.362614,0.04873947,1.531898,0.3116027,-0.3538771,-0.1353027,0.9254535,0.07062637,1.533407,0.3278115,-0.3825892,-0.1423635,0.9128845,0.01225827,1.529065,0.2961083,-0.3328468,-0.1379448,0.9328367,0.04144232,1.531236,0.3119599,355.2908,331.1824,3.752916,0,3,False
1,Center_Head_Far,156,9.879996,0.03407012,1.530562,0.3122444,0.03304637,1.247808,0.3300424,-0.4850808,0.04001997,-0.01615778,0.8734037,0.1176163,1.058592,0.5799515,0.175732,-0.07812132,-0.01989765,0.9811318,MathCanvas,-1.12287,1.086068,3.356851,0.04144232,1.531236,0.3119599,-0.3633297,-0.1357061,0.9217241,0.06318221,1.532696,0.3282328,-0.3920723,-0.1405477,0.9091346,0.004958028,1.528429,0.296256,-0.34249,-0.13624,0.9295909,0.03407012,1.530562,0.3122444,355.4393,330.9308,3.687467,0,3,False
1,Center_Head_Far,157,9.899997,0.02735326,1.530809,0.3133468,0.02721243,1.248224,0.3294075,-0.4982033,0.03135576,-0.02571467,0.8661115,0.1124163,1.058704,0.5820416,0.1832099,-0.07581677,-0.02029319,0.9799358,MathCanvas,-1.161573,1.083981,3.345449,0.03407012,1.530562,0.3122444,-0.3674244,-0.1383942,0.9196991,0.056422,1.532831,0.3294283,-0.394838,-0.144438,0.9073262,-0.001715479,1.528787,0.2972653,-0.3453094,-0.140288,0.9279444,0.02735326,1.530809,0.3133468,355.6462,330.7821,3.49329,0,3,False
1,Center_Head_Far,158,9.919996,0.01546374,1.530832,0.316198,0.01547432,1.247507,0.3294595,-0.5048465,0.01432144,-0.03396581,0.8624218,0.1011005,1.061124,0.5860737,0.1792577,-0.0851439,-0.02380839,0.9798216,MathCanvas,-1.180796,1.075747,3.337463,0.02029565,1.530355,0.3139497,-0.3742569,-0.144871,0.915939,0.04440629,1.533174,0.3324626,-0.3987361,-0.1502785,0.9046689,-0.01347881,1.52849,0.2999334,-0.3493888,-0.145574,0.9256002,0.01546374,1.530832,0.316198,356.0418,330.386,4.045282,0,3,False
1,Center_Head_Far,159,9.939997,0.009561781,1.530829,0.3177626,0.009488957,1.247092,0.3300918,-0.50431,0.008923559,-0.03477306,0.8627762,0.09570803,1.062682,0.5879171,0.1717279,-0.09298054,-0.02150664,0.980511,MathCanvas,-1.21198,1.055701,3.320187,0.01546374,1.530832,0.316198,-0.3878907,-0.1420676,0.9106907,0.03844946,1.533296,0.3341062,-0.4139954,-0.147144,0.8983076,-0.01932589,1.528363,0.301419,-0.3649358,-0.1423645,0.9200838,0.009561781,1.530829,0.3177626,356.2231,330.2193,4.259655,0,3,False
1,Center_Head_Far,160,9.959996,-0.001789069,1.529877,0.32158,-0.001725482,1.24553,0.3324409,-0.498222,0.003535398,-0.03251875,0.8664323,0.08645915,1.065041,0.5910637,0.1590516,-0.105174,-0.0123137,0.981575,MathCanvas,-1.264446,1.064215,3.308882,0.003566613,1.530787,0.3192208,-0.4005973,-0.1445025,0.9047877,0.02698641,1.532523,0.3380925,-0.4268024,-0.14572,0.8925275,-0.03056454,1.52723,0.3050675,-0.3780449,-0.140723,0.9150295,-0.001789069,1.529877,0.32158,356.3441,329.859,4.570265,0,3,False
1,Center_Head_Far,161,9.979997,-0.006330534,1.529303,0.3241877,-0.005114022,1.243749,0.3350026,-0.4938743,0.005266473,-0.03352796,0.8688707,0.0831318,1.066836,0.5919595,0.1507753,-0.110799,-0.007968252,0.982307,MathCanvas,-1.314971,1.056189,3.287529,-0.001789069,1.529877,0.32158,-0.4025821,-0.143222,0.9041101,0.02237531,1.532035,0.3408073,-0.4302201,-0.1434211,0.8912581,-0.03503638,1.526572,0.3075682,-0.3815591,-0.1382977,0.91394,-0.006330534,1.529303,0.3241877,356.2224,329.6193,4.717499,0,3,False
1,Center_Head_Far,162,9.999996,-0.01522125,1.530819,0.3293171,-0.01212909,1.240963,0.3385853,-0.4944842,0.001825245,-0.0378298,0.8683611,0.07766732,1.068174,0.5943329,0.1444564,-0.1100082,-0.007027686,0.983352,MathCanvas,-1.327719,1.059208,3.291733,-0.01085993,1.529962,0.3267282,-0.4210557,-0.1376344,0.8965316,0.01336904,1.53377,0.3460974,-0.4472093,-0.1396849,0.8834546,-0.04381154,1.527868,0.3125367,-0.3989579,-0.134321,0.907078,-0.01522125,1.530819,0.3293171,356.1714,329.2489,5.098579,0,3,False
1,Center_Head_Far,163,10.02,-0.01973215,1.53129,0.3318992,-0.01702234,1.240091,0.3397603,-0.4943088,-0.001247566,-0.03902486,0.8684091,0.07499972,1.068764,0.5954386,0.141383,-0.1119882,-0.005129594,0.9835869,MathCanvas,-1.39719,1.079082,3.27187,-0.01522125,1.530819,0.3293171,-0.4346667,-0.1348835,0.8904332,0.008795962,1.534339,0.3487676,-0.4609544,-0.1376482,0.8766835,-0.04826026,1.528241,0.3150307,-0.4130364,-0.1322229,0.901065,-0.01973215,1.53129,0.3318992,356.1884,329.0533,5.267971,0,3,False
1,Center_Head_Far,164,10.04,-0.02403991,1.532095,0.3345826,-0.02190292,1.239222,0.3409321,-0.4941286,-0.004312413,-0.04021641,0.8684475,0.07291148,1.069257,0.5964708,0.1384672,-0.1109423,-0.00436683,0.9841238,MathCanvas,-1.449031,1.087758,3.259879,-0.01973215,1.53129,0.3318992,-0.4371669,-0.134936,0.8892004,0.00442862,1.535237,0.3515345,-0.4633009,-0.1376666,0.8754429,-0.05250843,1.528953,0.3176306,-0.4154716,-0.1320908,0.8999642,-0.02403991,1.532095,0.3345826,356.1985,328.8668,5.428415,0,3,False
1,Center_Head_Far,165,10.06,-0.02925564,1.531261,0.3402886,-0.01818896,1.238548,0.3492099,-0.4811092,0.005639651,-0.02177549,0.876372,0.07506711,1.067678,0.5964438,0.14353,-0.07528295,-0.01379041,0.9866821,MathCanvas,-1.461657,1.08836,3.258706,-0.02611972,1.531508,0.3376338,-0.4381171,-0.140787,0.8878246,-0.0007884223,1.534459,0.3572322,-0.4607068,-0.1514455,0.8745362,-0.05772285,1.528063,0.3233449,-0.4128885,-0.145731,0.899047,-0.02925564,1.531261,0.3402886,357.003,328.9494,5.521307,0,3,False
1,Center_Head_Far,166,10.08,-0.03227405,1.531166,0.3431838,-0.01846678,1.239103,0.3521589,-0.4759579,0.01071178,-0.01361809,0.8792974,0.07510078,1.066972,0.5965008,0.148571,-0.06872823,-0.01620841,0.9863774,MathCanvas,-1.46672,1.069338,3.253245,-0.02925564,1.531261,0.3402886,-0.4509049,-0.1420994,0.8811882,-0.00381902,1.534385,0.360144,-0.4737419,-0.1522586,0.8674019,-0.06072907,1.527947,0.3262237,-0.4262468,-0.1466229,0.8926452,-0.03227405,1.531166,0.3431838,357.4317,328.9539,5.555592,0,3,False
1,Center_Head_Far,167,10.1,-0.03823466,1.531032,0.3489406,-0.0222907,1.238763,0.3568145,-0.4699549,0.01428846,-0.005264662,0.8825591,0.07449437,1.066202,0.5968676,0.1536902,-0.05810831,-0.01950385,0.9862162,MathCanvas,-1.513317,1.064426,3.237536,-0.03532046,1.531082,0.3460496,-0.4511448,-0.1501819,0.8797237,-0.0098226,1.53433,0.3659574,-0.4742387,-0.1585822,0.8659962,-0.06664672,1.527734,0.3319238,-0.4268132,-0.1528011,0.8913374,-0.03823466,1.531032,0.3489406,358.0289,328.885,5.690582,0,3,False
1,Center_Head_Far,168,10.12,-0.03943061,1.531061,0.3523269,-0.01729253,1.241895,0.359169,-0.4735911,0.03664852,0.002278132,0.8799791,0.07945184,1.062556,0.5937302,0.179883,-0.06620631,-0.02411949,0.9811611,MathCanvas,-1.516111,1.039061,3.230772,-0.03823466,1.531032,0.3489406,-0.4507058,-0.1556923,0.8789904,-0.01088882,1.534284,0.3691399,-0.4677468,-0.1614941,0.8689837,-0.06797239,1.527838,0.335514,-0.420128,-0.1558277,0.8939856,-0.03943061,1.531061,0.3523269,358.1926,329.3233,5.559646,0,3,False
1,Center_Head_Far,169,10.14,-0.04300841,1.530174,0.3581996,-0.01632206,1.243065,0.3634184,-0.4750269,0.05263529,0.006387824,0.8783724,0.08269989,1.068588,0.5851647,0.1817817,-0.07376727,-0.01896014,0.9803848,MathCanvas,-1.516809,1.020714,3.23359,-0.04122306,1.530628,0.3552406,-0.4412412,-0.1590687,0.883178,-0.01438329,1.533425,0.3748647,-0.4624474,-0.1656608,0.8710333,-0.07163353,1.526922,0.3415345,-0.4147069,-0.1599364,0.8957893,-0.04300841,1.530174,0.3581996,358.5864,329.654,5.60849,0,3,False
1,Center_Head_Far,170,10.16,-0.04406572,1.52906,0.3609444,-0.0147481,1.243276,0.3654679,-0.4776238,0.06029331,0.004582189,0.8764812,0.08784075,1.067947,0.5831403,0.1734247,-0.08215718,-0.004347906,0.9814047,MathCanvas,-1.487822,1.009314,3.250104,-0.04300841,1.530174,0.3581996,-0.4387533,-0.1627993,0.8837375,-0.01537048,1.532305,0.3774897,-0.4578836,-0.1711296,0.8723859,-0.07276096,1.525815,0.344399,-0.4100414,-0.1654015,0.896944,-0.04406572,1.52906,0.3609444,358.904,329.9254,5.59623,0,3,False
1,Center_Head_Far,171,10.18,-0.04472883,1.527623,0.3666703,-0.01238605,1.24219,0.3693048,-0.4846613,0.07071652,0.0005150736,0.8718386,0.09774961,1.067352,0.5807965,0.1644818,-0.08730425,0.01464864,0.9823997,MathCanvas,-1.482552,0.9953098,3.258346,-0.04479878,1.528244,0.3638181,-0.4327492,-0.1633949,0.8865834,-0.01586394,1.53088,0.3829154,-0.4501282,-0.1726023,0.8761238,-0.07359372,1.524365,0.3504251,-0.4020738,-0.1668673,0.9002732,-0.04472883,1.527623,0.3666703,359.6583,330.5956,5.616512,0,3,False
1,Center_Head_Far,172,10.2,-0.04479332,1.52699,0.3694376,-0.0117352,1.241767,0.3712895,-0.4860629,0.07576308,0.001437124,0.8706324,0.1042821,1.066777,0.5803026,0.1631356,-0.08410897,0.02219409,0.9827614,MathCanvas,-1.463464,0.9919444,3.273268,-0.04472883,1.527623,0.3666703,-0.4327285,-0.1587304,0.8874406,-0.01583154,1.530238,0.3855112,-0.4506035,-0.1660724,0.8771411,-0.07375511,1.523742,0.353364,-0.4025072,-0.1604138,0.9012522,-0.04479332,1.52699,0.3694376,359.9199,330.9622,5.600414,0,3,False
1,Center_Head_Far,173,10.22,-0.04480834,1.526371,0.3722085,-0.01125101,1.241478,0.3733153,-0.4869688,0.0810798,0.002839718,0.8696433,0.1085106,1.066242,0.5798596,0.162799,-0.08221964,0.02862919,0.9828107,MathCanvas,-1.467587,1.005091,3.287306,-0.04479332,1.52699,0.3694376,-0.4267271,-0.1632438,0.8895254,-0.0157714,1.529619,0.388146,-0.4457299,-0.1705165,0.878777,-0.07384527,1.523124,0.356271,-0.3975225,-0.1648483,0.9026632,-0.04480834,1.526371,0.3722085,0.1783293,331.2564,5.599795,0,3,False
1,Center_Head_Far,174,10.24,-0.04313904,1.525386,0.3767034,-0.008743686,1.24012,0.3773869,-0.4805156,0.09413482,0.01452573,0.8717983,0.1242713,1.062881,0.581684,0.1682605,-0.05440753,0.04439297,0.9832383,MathCanvas,-1.447922,0.9896122,3.29704,-0.04485552,1.525715,0.3748871,-0.4162897,-0.172314,0.8927546,-0.01388063,1.528574,0.3922429,-0.4332829,-0.1740741,0.8842874,-0.07239745,1.522197,0.361164,-0.3847442,-0.1684938,0.9075141,-0.04313904,1.525386,0.3767034,0.3820826,332.0635,5.49766,0,3,False
1,Center_Head_Far,175,10.26,-0.04183366,1.524697,0.3787766,-0.00742704,1.239891,0.3795269,-0.4768784,0.09975203,0.02018981,0.8730572,0.1329192,1.06119,0.5825932,0.1711466,-0.03687824,0.04908735,0.9833307,MathCanvas,-1.411022,0.9591805,3.310199,-0.04313904,1.525386,0.3767034,-0.4217651,-0.1526304,0.8937663,-0.0124832,1.52786,0.3941468,-0.4402122,-0.1586429,0.8837679,-0.07118411,1.521534,0.3634065,-0.3917428,-0.1532276,0.907226,-0.04183366,1.524697,0.3787766,0.5719912,332.4146,5.453559,0,3,False
1,Center_Head_Far,176,10.28,-0.03833084,1.523394,0.3826392,-0.005274288,1.239557,0.3836771,-0.4739048,0.108731,0.02746258,0.8734058,0.1458088,1.058625,0.5834262,0.174687,-0.01498828,0.05940183,0.9827163,MathCanvas,-1.434865,1.02058,3.330764,-0.04003686,1.524071,0.3806342,-0.4255659,-0.1569617,0.8912108,-0.008782452,1.526435,0.3976507,-0.4439744,-0.1630643,0.8810771,-0.06787922,1.520354,0.3676277,-0.3955517,-0.157984,0.904754,-0.03833084,1.523394,0.3826392,1.013955,333.1611,5.242148,0,3,False
1,Center_Head_Far,177,10.3,-0.03565965,1.523042,0.3843778,-0.003506478,1.239797,0.3856413,-0.4733984,0.1086704,0.0301011,0.873601,0.1534182,1.05695,0.5841071,0.1767211,-0.00653996,0.06407142,0.9821516,MathCanvas,-1.442645,1.00544,3.323523,-0.03833084,1.523394,0.3826392,-0.4199315,-0.1605248,0.8932465,-0.005974455,1.525955,0.3991426,-0.4365184,-0.166402,0.884173,-0.06534484,1.520129,0.369613,-0.3878793,-0.161526,0.9074464,-0.03565965,1.523042,0.3843778,1.207535,333.6613,5.022329,0,3,False
1,Center_Head_Far,178,10.32,-0.02975363,1.522995,0.3881579,0.0004100024,1.240624,0.3894994,-0.4753187,0.108477,0.03005384,0.8725833,0.1662216,1.055324,0.5854921,0.17908,-0.001558842,0.06474707,0.9817005,MathCanvas,-1.422943,0.9927331,3.335302,-0.03268704,1.523083,0.3863114,-0.4061836,-0.1628873,0.8991566,0.0001334287,1.525829,0.4025255,-0.4253471,-0.1637877,0.8900862,-0.05964068,1.520161,0.3737904,-0.376389,-0.1590419,0.9127086,-0.02975363,1.522995,0.3881579,1.055535,334.4153,4.885977,0,3,False
1,Center_Head_Far,179,10.34,-0.0265269,1.522872,0.3900011,0.002366511,1.240878,0.3914761,-0.4766852,0.1097154,0.02800156,0.871751,0.1722289,1.054837,0.5865782,0.1789812,0.004700378,0.06009334,0.9820043,MathCanvas,-1.373268,0.98422,3.362257,-0.02975363,1.522995,0.3881579,-0.4181742,-0.1538525,0.8952429,0.003434055,1.525684,0.4042184,-0.4382386,-0.1539671,0.8855739,-0.05648785,1.520061,0.3757838,-0.3895431,-0.1494105,0.9088084,-0.0265269,1.522872,0.3900011,0.9296963,334.6932,4.846722,0,3,False
1,Center_Head_Far,180,10.36,-0.0233211,1.52279,0.3918267,0.004078789,1.240986,0.3934756,-0.4774313,0.1116764,0.02741809,0.8711119,0.1770449,1.054115,0.5870921,0.179936,0.01114172,0.06145009,0.9816939,MathCanvas,-1.411671,1.013257,3.355369,-0.0265269,1.522872,0.3900011,-0.4290097,-0.1356098,0.8930625,0.006727349,1.525568,0.405865,-0.447866,-0.1377158,0.8834311,-0.05336955,1.520013,0.3777885,-0.3993508,-0.1333157,0.9070534,-0.0233211,1.52279,0.3918267,0.9246391,335.0361,4.787696,0,3,False
1,Center_Head_Far,181,10.38,-0.01591503,1.522873,0.3959557,0.008974949,1.241154,0.3972097,-0.4885793,0.1113786,0.0143421,0.8652626,0.187991,1.053671,0.5909398,0.1752681,0.02873521,0.04394011,0.9831198,MathCanvas,-1.449035,1.072122,3.359712,-0.02010654,1.522704,0.3936416,-0.4184909,-0.1354921,0.8980575,0.01426088,1.525533,0.409741,-0.4418449,-0.129051,0.8877606,-0.04609093,1.520213,0.3821705,-0.393117,-0.124834,0.910975,-0.01591503,1.522873,0.3959557,0.4302599,335.4822,4.584817,0,3,False
1,Center_Head_Far,182,10.4,-0.01223463,1.523109,0.3982758,0.01168259,1.241073,0.3992126,-0.4931799,0.1124001,0.009700242,0.8625808,0.1924838,1.053107,0.5927166,0.1733781,0.03598109,0.03906818,0.9834221,MathCanvas,-1.407959,1.07218,3.383204,-0.01591503,1.522873,0.3959557,-0.4275525,-0.1133656,0.896854,0.01799831,1.525725,0.411944,-0.4489793,-0.1096662,0.8867869,-0.04246757,1.520492,0.3846076,-0.4003735,-0.1055569,0.9102521,-0.01223463,1.523109,0.3982758,0.09968384,335.6803,4.508584,0,3,False
1,Center_Head_Far,183,10.42,-0.004611074,1.523598,0.4028468,0.01622587,1.240993,0.4032405,-0.4982552,0.1154406,0.004657612,0.8592983,0.200441,1.052129,0.5951654,0.171255,0.05039935,0.03202331,0.9834155,MathCanvas,-1.440886,1.144302,3.395082,-0.008436042,1.523357,0.4004982,-0.4215282,-0.1039383,0.9008389,0.02574333,1.526128,0.4162596,-0.4425155,-0.1019697,0.8909446,-0.03496548,1.521068,0.3894339,-0.3937033,-0.09799083,0.9139997,-0.004611074,1.523598,0.4028468,359.6624,336.1347,4.35919,0,3,False
1,Center_Head_Far,184,10.44,-0.000581434,1.523643,0.4057184,0.02038466,1.240421,0.4059192,-0.4983765,0.1187204,0.001441825,0.8587924,0.2039595,1.05104,0.598192,0.1661816,0.05618333,0.02385644,0.9842042,MathCanvas,-1.416835,1.175379,3.420881,-0.004611074,1.523598,0.4028468,-0.4321702,-0.1001116,0.8962179,0.02978814,1.526185,0.4190947,-0.4558588,-0.09536655,0.8849282,-0.03095101,1.521101,0.3923422,-0.4073991,-0.09143665,0.9086612,-0.000581434,1.523643,0.4057184,359.2751,336.1735,4.380305,0,3,False
1,Center_Head_Far,185,10.46,0.007108207,1.527462,0.4125173,0.03030639,1.239248,0.412589,-0.4851457,0.1252295,0.0050475,0.865405,0.2102415,1.048043,0.6033825,0.1663432,0.06893175,0.005846841,0.9836383,MathCanvas,-1.448621,1.188207,3.408606,0.003485193,1.524423,0.4091567,-0.4454572,-0.1005569,0.8896382,0.03746748,1.530075,0.4259033,-0.4681492,-0.1083655,0.8769796,-0.02325107,1.524849,0.3991314,-0.4201011,-0.1044371,0.9014477,0.007108207,1.527462,0.4125173,359.9543,336.2028,4.502235,0,3,False
1,Center_Head_Far,186,10.48,0.01101151,1.529347,0.4157712,0.0337007,1.238963,0.4151345,-0.4840847,0.1275465,0.004206199,0.8656652,0.2128404,1.047063,0.6050745,0.1662744,0.07580045,-0.0006689355,0.9831616,MathCanvas,-1.484174,1.190822,3.390808,0.007108207,1.527462,0.4125173,-0.4442941,-0.1064015,0.8895401,0.04139194,1.531975,0.429106,-0.4665046,-0.1095603,0.8777072,-0.01936892,1.526718,0.4024365,-0.418417,-0.1056096,0.9020941,0.01101151,1.529347,0.4157712,0.02126969,336.3037,4.52964,0,3,False
1,Center_Head_Far,187,10.5,0.01789742,1.529273,0.4228603,0.0444359,1.241004,0.4221343,-0.4569006,0.1399121,0.01908629,0.8782381,0.2170596,1.042834,0.6091911,0.1796799,0.09263385,-0.008413438,0.9793178,MathCanvas,-1.474194,1.173663,3.389363,0.01486253,1.531587,0.4190758,-0.4412553,-0.1090515,0.8907309,0.04826948,1.532087,0.4361762,-0.4666302,-0.1010146,0.8786651,-0.01247465,1.526458,0.4095443,-0.4185566,-0.09673537,0.9030242,0.01789742,1.529273,0.4228603,359.5035,336.284,4.850567,0,3,False
1,Center_Head_Far,188,10.52,0.02104792,1.52793,0.4260174,0.04950157,1.242337,0.4242428,-0.4583014,0.1481249,0.01984995,0.876142,0.218704,1.041113,0.6104686,0.1896516,0.09574933,-0.01051011,0.9771151,MathCanvas,-1.455025,1.165256,3.396145,0.01789742,1.529273,0.4228603,-0.4428479,-0.1003925,0.8909585,0.0514845,1.530609,0.4392132,-0.4637722,-0.09971624,0.8803249,-0.009388657,1.52525,0.4128216,-0.4155919,-0.09565394,0.9045075,0.02104792,1.52793,0.4260174,359.3585,336.509,4.618205,0,3,False
1,Center_Head_Far,189,10.54,0.02400228,1.526407,0.4290377,0.05394453,1.242939,0.4262998,-0.4621508,0.1531331,0.01868854,0.8732798,0.2198787,1.039808,0.611583,0.1967007,0.09508584,-0.01327281,0.9757517,MathCanvas,-1.459991,1.192182,3.405696,0.02104792,1.52793,0.4260174,-0.4400595,-0.1009364,0.8922777,0.05451276,1.528832,0.4421116,-0.461028,-0.1016588,0.8815433,-0.006508211,1.523983,0.4159638,-0.412734,-0.09802159,0.905562,0.02400228,1.526407,0.4290377,359.3167,336.7547,4.177682,0,3,False
1,Center_Head_Far,190,10.56,0.03017793,1.524149,0.4354662,0.06271911,1.243782,0.4310334,-0.4625941,0.1619193,0.01874913,0.871457,0.2221721,1.037876,0.6135553,0.2061795,0.1004022,-0.02094622,0.9731242,MathCanvas,-1.446976,1.18901,3.411636,0.02719113,1.525312,0.4322678,-0.4338168,-0.1080359,0.8945006,0.06078368,1.526318,0.4483611,-0.4554625,-0.1087214,0.8835913,-0.0004278161,1.521981,0.4225712,-0.4069921,-0.1055215,0.9073161,0.03017793,1.524149,0.4354662,359.1952,337.1006,3.736583,0,3,False
1,Center_Head_Far,191,10.58,0.03188176,1.52754,0.4380711,0.06504828,1.242845,0.430138,-0.4852754,0.155039,0.01022013,0.8604454,0.2210633,1.037217,0.6144303,0.1981641,0.07119933,-0.0154493,0.9774574,MathCanvas,-1.416114,1.163971,3.417622,0.03017793,1.524149,0.4354662,-0.431391,-0.1071216,0.8957828,0.0625993,1.529392,0.4507478,-0.4493245,-0.1142129,0.8860378,0.001164222,1.525687,0.4253944,-0.4006532,-0.1115458,0.9094144,0.03188176,1.52754,0.4380711,359.5548,337.55,3.190272,0,3,False
1,Center_Head_Far,192,10.6,0.03650011,1.528451,0.4437395,0.06799924,1.240037,0.4333516,-0.4767624,0.1569594,0.01862131,0.864705,0.2208403,1.034616,0.6163474,0.189646,0.04775303,0.007103529,0.9806648,MathCanvas,-1.40737,1.17015,3.426675,0.03434812,1.528566,0.4411883,-0.3946895,-0.1108193,0.9121071,0.06730434,1.530831,0.4561141,-0.414461,-0.1115387,0.9032061,0.005695883,1.526071,0.431365,-0.3649516,-0.1078374,0.9247602,0.03650011,1.528451,0.4437395,359.3117,338.0645,4.100913,0,3,False
1,Center_Head_Far,193,10.62,0.03866629,1.528694,0.4464563,0.07128201,1.239604,0.435197,-0.4766089,0.1591624,0.01968618,0.8643632,0.2211436,1.033859,0.6170032,0.1895091,0.04215992,0.01011955,0.9809213,MathCanvas,-1.279457,1.158962,3.484849,0.03650011,1.528451,0.4437395,-0.3891086,-0.1131593,0.9142152,0.06951532,1.531165,0.4587007,-0.4097375,-0.1145965,0.9049767,0.00781727,1.526222,0.4342119,-0.3601435,-0.1107108,0.9263043,0.03866629,1.528694,0.4464563,359.2794,338.2976,4.25907,0,3,False
1,Center_Head_Far,194,10.64,0.04102631,1.528825,0.4494703,0.06919288,1.23572,0.4413801,-0.441143,0.1726667,0.04003079,0.8797594,0.2219448,1.029459,0.6195651,0.1973752,0.04262368,0.0451243,0.9783609,MathCanvas,-1.258331,1.151505,3.493766,0.04081754,1.528938,0.4491616,-0.3811394,-0.111925,0.9177176,0.07197443,1.531502,0.4614179,-0.3990092,-0.1277606,0.9080027,0.01007819,1.526149,0.4375226,-0.3492332,-0.1235989,0.9288485,0.04102631,1.528825,0.4494703,0.04162392,338.8941,4.612581,0,3,False
1,Center_Head_Far,195,10.66,0.04205942,1.529855,0.4514526,0.06956988,1.235249,0.444059,-0.4330183,0.1756682,0.04495927,0.8829578,0.2228622,1.028769,0.6207647,0.2020446,0.04526254,0.04942285,0.9770807,MathCanvas,-1.229912,1.155603,3.509671,0.04102631,1.528825,0.4494703,-0.3701629,-0.1260168,0.9203799,0.07305044,1.532548,0.4632846,-0.3912733,-0.1300833,0.9110342,0.01106841,1.527162,0.4396205,-0.3413288,-0.1258673,0.9314784,0.04205942,1.529855,0.4514526,0.154416,339.1162,4.641798,0,3,False
1,Center_Head_Far,196,10.68,0.04300635,1.530926,0.4531831,0.0693083,1.235754,0.4465056,-0.4270231,0.1770109,0.04794443,0.8854489,0.2236353,1.028476,0.6217071,0.2046347,0.04605877,0.05153115,0.9763953,MathCanvas,-1.188983,1.110764,3.512338,0.04205942,1.529855,0.4514526,-0.3664445,-0.1279756,0.9215968,0.07405052,1.533638,0.4648709,-0.3868714,-0.1310032,0.9127807,0.01196218,1.528215,0.4414954,-0.3368345,-0.1267594,0.9329922,0.04300635,1.530926,0.4531831,0.2063576,339.3861,4.672545,0,3,False
1,Center_Head_Far,197,10.7,0.04460569,1.532971,0.4563724,0.07068311,1.236072,0.4508759,-0.4175919,0.1805438,0.05329534,0.888921,0.2248294,1.027653,0.6232089,0.2090041,0.04528839,0.05895289,0.975085,MathCanvas,-1.175307,1.105448,3.517204,0.04396566,1.531772,0.4548965,-0.3546361,-0.1304516,0.9258594,0.07574916,1.535722,0.4677833,-0.3755046,-0.1325557,0.9172924,0.01346222,1.530219,0.4449614,-0.3252314,-0.1282261,0.9369006,0.04460569,1.532971,0.4563724,0.3075643,339.9028,4.742185,0,3,False
1,Center_Head_Far,198,10.72,0.04484565,1.53303,0.456424,0.06982338,1.241591,0.449654,-0.4367754,0.1702062,0.04199213,0.8823229,0.2272047,1.031993,0.625212,0.2057847,0.05805285,0.02325075,0.9765971,MathCanvas,-1.134211,1.099347,3.533947,0.04460569,1.532971,0.4563724,-0.3505057,-0.1303912,0.9274395,0.07600272,1.535668,0.4678245,-0.3759257,-0.1291108,0.9176112,0.01368858,1.530392,0.4450234,-0.3256309,-0.1249617,0.9372028,0.04484565,1.53303,0.456424,0.1157722,339.9113,4.54649,0,3,False
1,Center_Head_Far,199,10.74,0.0456369,1.533507,0.4569941,0.07049271,1.246717,0.449527,-0.4567816,0.1604584,0.02977863,0.874481,0.2287739,1.034473,0.6270349,0.2050165,0.06287831,0.01353212,0.976643,MathCanvas,-1.120844,1.099383,3.540843,0.04525216,1.533084,0.4565434,-0.3498377,-0.124897,0.9284472,0.07683197,1.536084,0.4683042,-0.3726053,-0.1275666,0.9191801,0.01444182,1.530929,0.445684,-0.3222239,-0.1235106,0.9385718,0.0456369,1.533507,0.4569941,0.2135456,340.0879,4.441895,0,3,False
1,Center_Head_Far,200,10.76,0.04596181,1.533823,0.4573396,0.07116244,1.247886,0.4507442,-0.4586095,0.1593247,0.02871994,0.8737667,0.2293275,1.035017,0.6276838,0.2056598,0.06463005,0.01055558,0.9764301,MathCanvas,-1.119453,1.117553,3.54907,0.0456369,1.533507,0.4569941,-0.3474166,-0.1255082,0.9292736,0.07718328,1.536385,0.4685803,-0.3704184,-0.1279916,0.9200045,0.01474035,1.531262,0.4460988,-0.3199896,-0.1239576,0.9392769,0.04596181,1.533823,0.4573396,0.2407906,340.2181,4.414294,0,3,False
1,Center_Head_Far,201,10.78,0.04616426,1.533335,0.4566414,0.06831494,1.250479,0.4498681,-0.4778303,0.1465036,0.01055204,0.8660852,0.2304796,1.03572,0.6302907,0.1965367,0.05851814,0.01665021,0.9786071,MathCanvas,-1.111235,1.115773,3.552623,0.04578765,1.533103,0.456147,-0.3555873,-0.1209919,0.9267786,0.07737516,1.535674,0.4679596,-0.3805745,-0.1205395,0.9168606,0.01495335,1.530996,0.4453231,-0.3303078,-0.1169045,0.9366056,0.04616426,1.533335,0.4566414,359.9917,340.0668,4.030139,0,3,False
1,Center_Head_Far,202,10.8,0.04632236,1.533371,0.4565863,0.06838688,1.251618,0.4506181,-0.4817526,0.1440004,0.007230483,0.8643646,0.230651,1.036212,0.6307943,0.1953581,0.05852168,0.01599566,0.9788538,MathCanvas,-1.139416,1.12993,3.546657,0.04616426,1.533335,0.4566414,-0.3555785,-0.1187222,0.9270755,0.07754757,1.535647,0.467878,-0.3800856,-0.1193145,0.9172235,0.01509717,1.531095,0.4452946,-0.3297949,-0.1157808,0.9369259,0.04632236,1.533371,0.4565863,359.9259,340.1138,3.920892,0,3,False
1,Center_Head_Far,203,10.82,0.04483901,1.53094,0.4550937,0.06453875,1.248532,0.4512959,-0.4855668,0.1499596,0.001761586,0.8612398,0.2314231,1.037825,0.6333669,0.1895918,0.06579854,0.01205927,0.9795816,MathCanvas,-1.140185,1.137214,3.550088,0.04648803,1.533426,0.4565445,-0.3545486,-0.1164958,0.9277521,0.07612839,1.533006,0.4662472,-0.3774404,-0.1102896,0.9194428,0.01354962,1.528874,0.4439402,-0.3270415,-0.1070843,0.9389232,0.04483901,1.53094,0.4550937,359.4215,340.3448,3.559356,0,3,False
1,Center_Head_Far,204,10.84,0.04450249,1.530285,0.454744,0.06399928,1.248825,0.4519261,-0.4888493,0.1491639,-0.001350224,0.85952,0.231626,1.038335,0.6340116,0.1876793,0.06716645,0.01090728,0.9798705,MathCanvas,-1.138992,1.141963,3.552841,0.04483901,1.53094,0.4550937,-0.3523766,-0.1086871,0.9295256,0.07581338,1.532274,0.4658511,-0.3765025,-0.1077028,0.9201337,0.0131916,1.528296,0.4436368,-0.3260671,-0.10462,0.9395397,0.04450249,1.530285,0.454744,359.2785,340.4253,3.425758,0,3,False
1,Center_Head_Far,205,10.86,0.04286283,1.528139,0.4550589,0.06074943,1.245055,0.4524557,-0.4874197,0.1586735,0.005884863,0.8586094,0.2324984,1.038932,0.6354772,0.1801136,0.07920635,0.01506496,0.980336,MathCanvas,-1.134567,1.166613,3.564982,0.04450249,1.530285,0.454744,-0.3514192,-0.1061615,0.9301797,0.07426408,1.529965,0.4659365,-0.370677,-0.1014684,0.9232025,0.01146157,1.526313,0.4441813,-0.3200862,-0.09864156,0.9422392,0.04286283,1.528139,0.4550589,358.9321,340.8349,3.145414,0,3,False
1,Center_Head_Far,206,10.88,0.0406566,1.52466,0.4550972,0.05809011,1.243271,0.4539048,-0.4891799,0.1641889,0.008182363,0.8565502,0.2330038,1.039702,0.6366899,0.1731186,0.08712783,0.0174151,0.980885,MathCanvas,-1.133274,1.172836,3.568201,0.04169936,1.526266,0.4551396,-0.3290133,-0.1010669,0.9389014,0.07215945,1.526222,0.4657191,-0.3516854,-0.09893957,0.930875,0.009153757,1.523098,0.4444753,-0.3006696,-0.0964689,0.948837,0.0406566,1.52466,0.4550972,358.5491,341.299,2.691099,0,3,False
1,Center_Head_Far,207,10.9,0.03903851,1.520901,0.4554244,0.05580653,1.241068,0.4549467,-0.48678,0.1708496,0.01631053,0.8564985,0.233098,1.039925,0.6370748,0.1701863,0.08948845,0.02339869,0.9810611,MathCanvas,-1.061924,1.185967,3.601519,0.0406566,1.52466,0.4550972,-0.3263013,-0.09770431,0.9402028,0.07064107,1.522213,0.4657807,-0.3444994,-0.09780353,0.933678,0.007435955,1.519589,0.4450682,-0.293316,-0.09573928,0.9512097,0.03903851,1.520901,0.4554244,358.4989,341.7966,2.259861,0,3,False
1,Center_Head_Far,208,10.92,0.03504626,1.528798,0.4600428,0.05065148,1.236645,0.4561931,-0.4886838,0.1822643,0.03379495,0.8525408,0.2328319,1.041271,0.6374139,0.1598241,0.08885991,0.03745019,0.9824244,MathCanvas,-1.054799,1.193374,3.607201,0.03727648,1.524231,0.4575816,-0.3063937,-0.1285831,0.9431804,0.06681947,1.529802,0.4698992,-0.3248019,-0.1252176,0.9374564,0.003273048,1.527793,0.4501864,-0.2732491,-0.1237991,0.9539438,0.03504626,1.528798,0.4600428,359.4023,342.7474,1.729573,0,3,False
1,Center_Head_Far,209,10.94,0.03378493,1.529136,0.4612554,0.04855506,1.235603,0.45688,-0.4828455,0.1886164,0.04476125,0.8539793,0.2328707,1.041982,0.6374364,0.1552027,0.09325383,0.04299836,0.982531,MathCanvas,-0.9843838,1.100977,3.598183,0.03504626,1.528798,0.4600428,-0.3006712,-0.1258279,0.945391,0.06560713,1.530351,0.4709284,-0.3205224,-0.1223024,0.9393123,0.00196274,1.527921,0.4515824,-0.268924,-0.1203977,0.9556068,0.03378493,1.529136,0.4612554,359.1414,343.0609,2.091769,0,3,False
1,Center_Head_Far,210,10.96,0.0303072,1.532897,0.4645216,0.04501303,1.233024,0.458302,-0.4821529,0.1966189,0.05460431,0.8519906,0.2329216,1.042679,0.6377515,0.146923,0.0983437,0.05085252,0.9829324,MathCanvas,-0.9671357,1.110261,3.608418,0.03204833,1.530991,0.4628799,-0.2867143,-0.12116,0.9503237,0.06224861,1.534067,0.4737992,-0.306712,-0.1219831,0.9439533,-0.001634214,1.531728,0.4552441,-0.2548747,-0.120136,0.9594823,0.0303072,1.532897,0.4645216,359.1298,343.7731,2.013774,0,3,False
1,Center_Head_Far,211,10.98,0.03102844,1.521183,0.4654894,0.04633854,1.23564,0.4629544,-0.4452086,0.2022887,0.07097615,0.8693855,0.2340654,1.044595,0.6367548,0.1675972,0.1201014,0.03708807,0.9778095,MathCanvas,-0.9251634,1.129134,3.631459,0.0303072,1.532897,0.4645216,-0.2809003,-0.1210596,0.9520712,0.06299469,1.522732,0.4746248,-0.3012256,-0.1231828,0.9455629,-0.000937812,1.519634,0.4563541,-0.2493454,-0.1207184,0.9608611,0.03102844,1.521183,0.4654894,359.1794,344.0128,2.668038,0,3,False
1,Center_Head_Far,212,11,0.03044807,1.523542,0.4670869,0.04677348,1.235151,0.4642231,-0.4449499,0.2047056,0.07134619,0.8689218,0.2345084,1.046694,0.6362562,0.1708037,0.1222483,0.01444973,0.9775851,MathCanvas,-0.9041186,1.118163,3.635035,0.03102844,1.521183,0.4654894,-0.2750895,-0.125782,0.9531551,0.06243048,1.525172,0.4761515,-0.2977208,-0.1372672,0.9447327,-0.001534345,1.521913,0.4580224,-0.2458127,-0.1346789,0.9599155,0.03044807,1.523542,0.4670869,359.7683,344.1646,2.805805,0,3,False
1,Center_Head_Far,213,11.02,0.03034784,1.529018,0.4714448,0.04811279,1.234293,0.4659383,-0.4440597,0.2081629,0.07300077,0.8684182,0.2345411,1.049197,0.6355414,0.169385,0.1222812,-0.01095949,0.9778731,MathCanvas,-0.8844754,1.105202,3.637198,0.03031385,1.526849,0.4691572,-0.2715838,-0.1369932,0.9526149,0.06232318,1.531326,0.4803861,-0.2947488,-0.1439175,0.944675,-0.001627499,1.52671,0.4625034,-0.242907,-0.1402577,0.9598562,0.03034784,1.529018,0.4714448,0.5647911,344.4166,3.976218,0,3,False
1,Center_Head_Far,214,11.04,0.03009655,1.53098,0.4733659,0.04766407,1.233652,0.4671521,-0.4406361,0.2113098,0.07676625,0.8690771,0.2345937,1.05001,0.635367,0.1696226,0.1254213,-0.01828076,0.9773247,MathCanvas,-0.8703302,1.074695,3.630689,0.03034784,1.529018,0.4714448,-0.2689353,-0.1420878,0.95262,0.062087,1.533481,0.4822005,-0.2902682,-0.1497335,0.9451583,-0.001893891,1.528479,0.4645313,-0.2383989,-0.1457627,0.9601662,0.03009655,1.53098,0.4733659,0.8917733,344.6289,4.310407,0,3,False
1,Center_Head_Far,215,11.06,0.03339839,1.528129,0.4737519,0.05816504,1.240555,0.4668384,-0.4248648,0.208431,0.07370878,0.8778459,0.233214,1.049119,0.6327429,0.1681275,0.09804374,-0.007036013,0.9808522,MathCanvas,-0.8609111,1.060229,3.629485,0.03223824,1.527953,0.4730363,-0.2643825,-0.1501172,0.9526629,0.06542377,1.53076,0.4824208,-0.2876413,-0.1555382,0.945024,0.001373015,1.525498,0.465083,-0.235764,-0.1513901,0.959946,0.03339839,1.528129,0.4737519,0.7499127,344.9131,4.53399,0,3,False
1,Center_Head_Far,216,11.08,0.03487292,1.528239,0.4744332,0.05957025,1.242471,0.4679955,-0.4247464,0.2090932,0.07226065,0.8778661,0.2327134,1.047627,0.6320128,0.1730588,0.09371658,0.007282868,0.9804156,MathCanvas,-0.8413675,1.031434,3.625841,0.03339839,1.528129,0.4737519,-0.2625504,-0.1526415,0.9527686,0.06691815,1.530784,0.4830544,-0.2872963,-0.1546934,0.9452676,0.002827693,1.525694,0.4658121,-0.2353877,-0.1507553,0.9601382,0.03487292,1.528239,0.4744332,0.7555963,345.0002,4.385261,0,3,False
1,Center_Head_Far,217,11.1,0.03782263,1.529314,0.4756439,0.06120088,1.245964,0.4688041,-0.4368969,0.2056957,0.06428959,0.873314,0.2321721,1.044745,0.6310126,0.1830807,0.08609819,0.02689687,0.9789511,MathCanvas,-0.8337985,1.023211,3.626753,0.03618181,1.528659,0.4751409,-0.2590353,-0.1485392,0.9543777,0.06991696,1.531601,0.484154,-0.2857126,-0.1418916,0.9477527,0.005728301,1.527028,0.4671339,-0.2337213,-0.1382922,0.9624187,0.03782263,1.529314,0.4756439,0.4355998,345.1793,3.939324,0,3,False
1,Center_Head_Far,218,11.12,0.03963611,1.529286,0.4754725,0.06068208,1.248319,0.4657567,-0.4650736,0.1950931,0.05030028,0.8620413,0.2325028,1.042746,0.6309223,0.1900056,0.0817574,0.02513597,0.97805,MathCanvas,-0.8203093,1.037234,3.637305,0.03782263,1.529314,0.4756439,-0.2598205,-0.1400922,0.955441,0.07174413,1.53132,0.483995,-0.2875477,-0.1358029,0.9480896,0.007528093,1.527252,0.46695,-0.2355357,-0.132609,0.9627761,0.03963611,1.529286,0.4754725,0.09819997,345.1407,3.503986,0,3,False
1,Center_Head_Far,219,11.14,0.04135209,1.528925,0.4754253,0.06052483,1.248992,0.4644329,-0.4740602,0.1911136,0.04532098,0.8583056,0.2326842,1.041772,0.6306925,0.1931407,0.07894378,0.02492915,0.9776723,MathCanvas,-0.8230944,1.064112,3.648001,0.03963611,1.529286,0.4754725,-0.2704947,-0.1259625,0.9544454,0.07347503,1.530784,0.4839315,-0.296483,-0.1265773,0.9466129,0.00922915,1.527066,0.4669191,-0.2445773,-0.1237171,0.9617047,0.04135209,1.528925,0.4754253,0.05627548,345.1716,3.202181,0,3,False
1,Center_Head_Far,220,11.16,0.04497987,1.528564,0.475428,0.06194903,1.251419,0.4642584,-0.4836836,0.1876004,0.03953454,0.8539867,0.2329561,1.040296,0.630308,0.198844,0.07325896,0.02624639,0.9769367,MathCanvas,-0.859576,1.109385,3.654367,0.04311771,1.528781,0.4754611,-0.2699519,-0.1239104,0.9548677,0.07713465,1.530154,0.4838682,-0.2955649,-0.1243625,0.9471934,0.01282509,1.526974,0.4669879,-0.243606,-0.1219368,0.9621785,0.04497987,1.528564,0.475428,359.9492,345.2901,2.738909,0,3,False
1,Center_Head_Far,221,11.18,0.04743672,1.527478,0.4750198,0.06003273,1.246748,0.4618784,-0.4786296,0.1813208,0.03576919,0.8583455,0.2344105,1.038541,0.6314441,0.1853675,0.07798538,0.02344187,0.9792894,MathCanvas,-0.854968,1.11548,3.658703,0.04497987,1.528564,0.475428,-0.2696899,-0.1231497,0.9550401,0.07953699,1.52902,0.4836738,-0.3013901,-0.1324048,0.9442632,0.01533645,1.525937,0.4663658,-0.2495278,-0.1300693,0.9595926,0.04743672,1.527478,0.4750198,0.418187,344.9316,2.654791,0,3,False
1,Center_Head_Far,222,11.2,0.05176998,1.52657,0.475078,0.06152954,1.243757,0.4620016,-0.4700727,0.1758075,0.032144,0.8643438,0.2351465,1.036168,0.6324337,0.1861139,0.07907852,0.02194483,0.9790948,MathCanvas,-0.8521988,1.116673,3.660857,0.04958357,1.527076,0.474999,-0.2805853,-0.1281245,0.9512392,0.08382597,1.528046,0.4839058,-0.3091432,-0.129123,0.9422089,0.01971398,1.525094,0.4662502,-0.2573981,-0.1269056,0.9579359,0.05176998,1.52657,0.475078,0.4514247,344.6232,2.54192,0,3,False
1,Center_Head_Far,223,11.22,0.05397338,1.52607,0.475062,0.06201573,1.243492,0.4617231,-0.4707488,0.1732571,0.02953249,0.864584,0.2351465,1.036168,0.6324337,0.1861139,0.07907852,0.02194483,0.9790948,MathCanvas,-0.8833461,1.099565,3.645306,0.05176998,1.52657,0.475078,-0.28338,-0.1280144,0.9504252,0.08601657,1.527478,0.483947,-0.311007,-0.1296593,0.9415217,0.02193019,1.524661,0.4661769,-0.2592853,-0.1275519,0.957341,0.05397338,1.52607,0.475062,0.4880965,344.5228,2.426215,0,3,False
1,Center_Head_Far,224,11.24,0.05864508,1.525251,0.4766879,0.06582855,1.239421,0.4630848,-0.4536856,0.1654147,0.02707402,0.8752568,0.2368621,1.029205,0.6360319,0.198809,0.07582919,0.008294304,0.9770651,MathCanvas,-0.89074,1.099304,3.643526,0.0562558,1.525678,0.475785,-0.2896646,-0.1284577,0.9484688,0.09056094,1.526756,0.4860048,-0.3223696,-0.1280572,0.9379121,0.02672922,1.523745,0.4673709,-0.2708524,-0.1257815,0.9543678,0.05864508,1.525251,0.4766879,0.2544724,343.7378,2.593175,0,3,False
1,Center_Head_Far,225,11.26,0.06107177,1.524518,0.4775015,0.06780769,1.23891,0.4632437,-0.4495523,0.1589466,0.02626283,0.8786063,0.2370427,1.027275,0.6372606,0.2003208,0.07395807,0.005173448,0.9769212,MathCanvas,-0.9068717,1.097072,3.638146,0.05864508,1.525251,0.4766879,-0.2925617,-0.1316232,0.9471446,0.09292984,1.526023,0.4870142,-0.3240012,-0.1327497,0.9366967,0.02921369,1.523012,0.4679887,-0.2725161,-0.1304527,0.9532665,0.06107177,1.524518,0.4775015,0.2532164,343.386,2.592561,0,3,False
1,Center_Head_Far,226,11.28,0.06585221,1.522675,0.4791848,0.0708764,1.237662,0.4631747,-0.4449612,0.1490527,0.02252362,0.8827715,0.2372087,1.024162,0.6392066,0.2027856,0.0703704,0.0009422079,0.9766909,MathCanvas,-0.9133986,1.086105,3.63227,0.06342317,1.523572,0.4783299,-0.3029475,-0.1320823,0.9438099,0.09760824,1.524173,0.489034,-0.3334483,-0.1327272,0.9333786,0.03409618,1.521177,0.4693356,-0.282132,-0.1304392,0.9504668,0.06585221,1.522675,0.4791848,0.1972772,342.7775,2.579354,0,3,False
1,Center_Head_Far,227,11.3,0.06827103,1.520311,0.4800215,0.07363361,1.237064,0.4627888,-0.4451265,0.1407822,0.0191872,0.8841236,0.237018,1.022008,0.6405706,0.2035403,0.06773447,-0.000195181,0.9767208,MathCanvas,-0.9431152,1.082775,3.622546,0.06585221,1.522675,0.4791848,-0.307909,-0.1315833,0.9422727,0.0999656,1.521868,0.4900579,-0.3388088,-0.1320935,0.9315363,0.03657645,1.518755,0.4699852,-0.2875986,-0.1297097,0.948927,0.06827103,1.520311,0.4800215,0.1563438,342.4366,2.680014,0,3,False
1,Center_Head_Far,228,11.32,0.07057584,1.523663,0.4823311,0.07783073,1.235492,0.4623204,-0.4495365,0.1291473,0.0114555,0.8838024,0.2361332,1.018484,0.6422946,0.2086464,0.05887135,-4.795567E-05,0.9762176,MathCanvas,-0.957225,1.082071,3.618277,0.06827103,1.520311,0.4800215,-0.3133246,-0.1309018,0.9405809,0.1021723,1.525347,0.492652,-0.3450258,-0.1509548,0.9263746,0.03897937,1.521979,0.4720102,-0.2939824,-0.1483841,0.9442227,0.07057584,1.523663,0.4823311,1.239672,341.9733,2.901201,0,3,False
1,Center_Head_Far,229,11.34,0.07485731,1.529462,0.4860947,0.08493553,1.233281,0.4629413,-0.4409144,0.1156566,0.008721408,0.8900236,0.2346241,1.013354,0.6440179,0.2142756,0.04304077,0.006794075,0.9758009,MathCanvas,-0.9732284,1.087579,3.615766,0.07260492,1.52823,0.484896,-0.3126162,-0.1437575,0.9389381,0.1062221,1.531831,0.496973,-0.3439275,-0.1425408,0.9281142,0.04349252,1.527094,0.4752164,-0.292966,-0.138717,0.9460066,0.07485731,1.529462,0.4860947,0.7687556,340.9268,4.080949,0,3,False
1,Center_Head_Far,230,11.36,0.07706828,1.531609,0.4878379,0.08748767,1.232376,0.4629773,-0.4385528,0.1094446,0.00630435,0.8919942,0.2343488,1.011807,0.6446693,0.2167605,0.0381441,0.007189933,0.9754528,MathCanvas,-0.9635621,1.051942,3.604973,0.07485731,1.529462,0.4860947,-0.3140297,-0.1360552,0.9396139,0.1083381,1.534161,0.4989458,-0.3456026,-0.1385536,0.9280957,0.04579852,1.529057,0.47673,-0.2947038,-0.134391,0.9460914,0.07706828,1.531609,0.4878379,0.7962911,340.5048,4.39776,0,3,False
1,Center_Head_Far,231,11.38,0.08073395,1.520907,0.4873265,0.09518047,1.235311,0.4674274,-0.4303149,0.105346,0.01132056,0.8964392,0.2335196,1.008255,0.6442989,0.2375305,0.02834947,0.03407546,0.9703682,MathCanvas,-0.9676648,1.078972,3.613802,0.07999738,1.526712,0.4880477,-0.327906,-0.1365337,0.934792,0.1119256,1.523333,0.4986794,-0.3535402,-0.1361806,0.9254535,0.04954233,1.51848,0.4759735,-0.3027678,-0.1322221,0.943848,0.08073395,1.520907,0.4873265,0.6625684,340.0482,4.18122,0,3,False
1,Center_Head_Far,232,11.4,0.08211875,1.519632,0.4877828,0.09785925,1.235192,0.4673461,-0.4450833,0.09974029,0.003814038,0.8899091,0.2333911,1.008386,0.6444241,0.237993,0.01892967,0.03246689,0.9705395,MathCanvas,-1.009953,1.066767,3.596648,0.08073395,1.520907,0.4873265,-0.3324728,-0.09554665,0.9382604,0.1132936,1.521813,0.4992313,-0.3609581,-0.09862897,0.927352,0.05094395,1.51745,0.4763343,-0.3102124,-0.09507207,0.9459015,0.08211875,1.519632,0.4877828,0.7345454,339.8832,3.758435,0,3,False
1,Center_Head_Far,233,11.42,0.08509389,1.521809,0.4889094,0.102652,1.234106,0.4659185,-0.4637358,0.08938335,-0.005230989,0.8814377,0.2333942,1.010087,0.6447778,0.2248721,-0.00632721,0.02138891,0.974133,MathCanvas,-1.034359,1.198776,3.638559,0.08355268,1.519262,0.488169,-0.3222858,-0.09837162,0.9415174,0.1161766,1.523792,0.5006409,-0.3520744,-0.101781,0.9304215,0.05401114,1.519827,0.477178,-0.3011491,-0.09844599,0.9484817,0.08509389,1.521809,0.4889094,0.985342,339.381,3.415903,0,3,False
1,Center_Head_Far,234,11.44,0.08660202,1.523385,0.4891945,0.1051471,1.23357,0.4655051,-0.467316,0.08587902,-0.007013087,0.8798814,0.2334096,1.010026,0.6449139,0.224573,-0.01490123,0.02109314,0.974115,MathCanvas,-0.9959259,1.191849,3.646973,0.08509389,1.521809,0.4889094,-0.3267373,-0.1001137,0.9397978,0.1176181,1.52537,0.5011006,-0.3570166,-0.1048111,0.9281992,0.05558594,1.521399,0.4772883,-0.3061942,-0.1014685,0.946546,0.08660202,1.523385,0.4891945,1.159875,339.069,3.420479,0,3,False
1,Center_Head_Far,235,11.46,0.08816163,1.523717,0.489257,0.1060681,1.23198,0.4640162,-0.4548409,0.09697416,0.004530821,0.8852656,0.2350129,1.011398,0.6450843,0.2070624,-0.02042957,0.02794039,0.9777153,MathCanvas,-1.00918,1.187632,3.641003,0.08660202,1.523385,0.4891945,-0.3317332,-0.10314,0.9377181,0.1190556,1.526394,0.501344,-0.3613649,-0.1009033,0.9269487,0.05726766,1.521041,0.4771701,-0.3107363,-0.09644126,0.9455908,0.08816163,1.523717,0.489257,0.933603,338.7079,4.613165,0,3,False
1,Center_Head_Far,236,11.48,0.09003196,1.523649,0.4878441,0.1089896,1.230355,0.4642617,-0.4348271,0.1084077,0.01862338,0.8937708,0.2375697,1.010934,0.645269,0.2008302,-0.01951212,0.04906036,0.9782022,MathCanvas,-1.023864,1.177975,3.632648,0.08912175,1.523365,0.4884095,-0.3330541,-0.1011522,0.9374664,0.1208599,1.526403,0.5000815,-0.3602418,-0.1058487,0.9268343,0.05920406,1.520896,0.4756068,-0.3096268,-0.1012259,0.9454547,0.09003196,1.523649,0.4878441,1.093077,338.4398,4.747107,0,3,False
1,Center_Head_Far,237,11.5,0.09086815,1.523862,0.4872337,0.1105669,1.22973,0.4645466,-0.4272498,0.112051,0.02374737,0.8968491,0.2382122,1.010941,0.6453612,0.1974144,-0.02412966,0.05394102,0.9785376,MathCanvas,-1.027586,1.184216,3.633668,0.09003196,1.523649,0.4878441,-0.3350644,-0.1035376,0.9364891,0.1216603,1.526657,0.4995515,-0.3624341,-0.1070486,0.9258413,0.06007602,1.521067,0.4749159,-0.311874,-0.1023572,0.9445939,0.09086815,1.523862,0.4872337,1.162621,338.2951,4.818393,0,3,False
1,Center_Head_Far,238,11.52,0.09192027,1.525164,0.4852804,0.109758,1.232008,0.4665525,-0.4111289,0.1256598,0.03331042,0.90226,0.2476857,1.010814,0.6458484,0.2237711,0.03278347,0.06441788,0.9719579,MathCanvas,-1.033006,1.176576,3.628408,0.09118102,1.524182,0.4860843,-0.3235935,-0.121605,0.9383493,0.1228015,1.527578,0.4974548,-0.3480827,-0.1251726,0.9290695,0.06103908,1.522749,0.473106,-0.2972328,-0.1210118,0.9471055,0.09192027,1.525164,0.4852804,1.462114,338.5903,4.161937,0,3,False
1,Center_Head_Far,239,11.54,0.09260779,1.525931,0.4844312,0.1106381,1.233343,0.4660975,-0.4132217,0.1271165,0.03290633,0.901114,0.2497687,1.011403,0.645877,0.2260209,0.04116805,0.06216206,0.971265,MathCanvas,-0.9892362,1.11887,3.620394,0.09192027,1.525164,0.4852804,-0.3153825,-0.1262143,0.9405338,0.1234799,1.52842,0.4966137,-0.3406958,-0.1289485,0.9312887,0.06173569,1.523442,0.4722487,-0.2897482,-0.1246089,0.9489567,0.09260779,1.525931,0.4844312,1.501246,338.5779,4.290468,0,3,False
1,Center_Head_Far,240,11.56,0.0939248,1.52742,0.4826473,0.1130294,1.234492,0.4658691,-0.4107777,0.1309459,0.03564442,0.9015788,0.2530352,1.01174,0.6459981,0.230383,0.05520542,0.06662472,0.9692457,MathCanvas,-0.9602529,1.104582,3.624273,0.09326404,1.526672,0.4835275,-0.3158435,-0.128126,0.9401206,0.1247763,1.529943,0.4948749,-0.3416555,-0.1314801,0.9305829,0.06307328,1.524897,0.4704198,-0.2907391,-0.1270795,0.9483258,0.0939248,1.52742,0.4826473,1.648941,338.5052,4.349311,0,3,False
1,Center_Head_Far,241,11.58,0.09394235,1.52631,0.4804293,0.1128238,1.239759,0.4619304,-0.4388486,0.1213407,0.02026051,0.8900999,0.2572988,1.017955,0.6442515,0.21739,0.05003996,0.01638287,0.9746637,MathCanvas,-0.960776,1.099567,3.622006,0.0939248,1.52742,0.4826473,-0.3163224,-0.1292801,0.9398015,0.1248313,1.528831,0.4925622,-0.3396466,-0.1243755,0.9322934,0.0630534,1.523788,0.4682964,-0.288674,-0.1199929,0.9498785,0.09394235,1.52631,0.4804293,1.238333,338.6496,4.346684,0,3,False
1,Center_Head_Far,242,11.6,0.09497873,1.5264,0.4777558,0.113329,1.241932,0.4608677,-0.4486911,0.1168687,0.01300518,0.8859169,0.2595557,1.019639,0.6424898,0.2092327,0.04050725,0.01739988,0.9768716,MathCanvas,-0.9624425,1.094568,3.618974,0.09446925,1.526285,0.4791092,-0.300049,-0.1207276,0.9462534,0.1258684,1.528916,0.4898882,-0.3257998,-0.121163,0.9376428,0.06408907,1.523885,0.4656234,-0.274614,-0.1167013,0.9544464,0.09497873,1.5264,0.4777558,0.9674428,338.6301,4.335522,0,3,False
1,Center_Head_Far,243,11.62,0.09542617,1.526465,0.4763827,0.1141589,1.242971,0.4603561,-0.4515505,0.1164734,0.01145572,0.8845365,0.2606404,1.020385,0.6421044,0.2074582,0.04160643,0.01402607,0.977258,MathCanvas,-0.9102448,1.121939,3.647892,0.09497873,1.5264,0.4777558,-0.3022594,-0.1190128,0.945767,0.126316,1.528981,0.4885146,-0.3278631,-0.1198595,0.9370909,0.06453634,1.523949,0.4642508,-0.2767038,-0.1154143,0.9539993,0.09542617,1.526465,0.4763827,0.8879029,338.625,4.335917,0,3,False
1,Center_Head_Far,244,11.64,0.09586841,1.526302,0.4751652,0.1132289,1.242919,0.4602844,-0.4568982,0.1134607,0.007230118,0.8822236,0.2612868,1.01938,0.6410221,0.2065947,0.03344464,0.02706616,0.9774802,MathCanvas,-0.917743,1.127536,3.64658,0.09542617,1.526465,0.4763827,-0.3024018,-0.1176373,0.9458936,0.1267751,1.528723,0.4872734,-0.3279088,-0.1152841,0.9376488,0.06496171,1.523881,0.4630571,-0.2767218,-0.1110062,0.9545169,0.09586841,1.526302,0.4751652,0.6177957,338.6515,4.172355,0,3,False
1,Center_Head_Far,245,11.66,0.09739925,1.524387,0.4722958,0.1104457,1.24066,0.4599843,-0.461799,0.1150349,0.005587589,0.8794757,0,-0.01964102,0.04598076,0.5,0,0,0.8660254,MathCanvas,-0.9183083,1.131778,3.647446,0.09656609,1.525301,0.4737057,-0.3094832,-0.1143181,0.9440082,0.1284373,1.526297,0.4841569,-0.3310957,-0.1148118,0.9365863,0.06636118,1.522478,0.4604346,-0.2798438,-0.1114576,0.9535537,0.09739925,1.524387,0.4722958,0.404209,339.1089,3.289515,0,3,False
1,Center_Head_Far,246,11.68,0.09814262,1.52349,0.4709094,0.1100008,1.240563,0.459659,-0.4646225,0.1154915,0.00468193,0.8779327,0,0,0,0,0,0,1,MathCanvas,-0.9415977,1.140599,3.641519,0.09739925,1.524387,0.4722958,-0.305844,-0.1130866,0.9453417,0.129246,1.525222,0.4826259,-0.3276526,-0.1127,0.9380525,0.06703927,1.521758,0.4591928,-0.2763111,-0.1096098,0.9547973,0.09814262,1.52349,0.4709094,0.27689,339.3732,2.983299,0,3,False
1,Center_Head_Far,247,11.7,0.09972893,1.521581,0.4682255,0.1092685,1.24054,0.4590017,-0.4703845,0.1161759,0.002696973,0.8747767,0,0,0,0,0,0,1,MathCanvas,-0.9289752,1.14371,3.645656,0.09895596,1.522499,0.4695809,-0.3014824,-0.1105681,0.9470391,0.1309535,1.522993,0.4796592,-0.3243317,-0.1100326,0.9395221,0.06850441,1.520168,0.4567918,-0.2728715,-0.1074939,0.9560262,0.09972893,1.521581,0.4682255,0.03361502,339.8899,2.432404,0,3,False
1,Center_Head_Far,248,11.72,0.1005284,1.529489,0.4694914,0.1058158,1.238811,0.4590119,-0.4665972,0.1341799,0.01805452,0.8740462,0,0,0,0,0,0,1,MathCanvas,-0.9140294,1.149787,3.652719,0.09972893,1.521581,0.4682255,-0.2987158,-0.1087634,0.9481242,0.1320826,1.530682,0.4800083,-0.2960664,-0.1281206,0.9465356,0.06897423,1.528296,0.4589745,-0.2441329,-0.1258993,0.9615344,0.1005284,1.529489,0.4694914,1.07069,341.6054,2.05395,0,3,False
1,Center_Head_Far,249,11.74,0.1013626,1.533427,0.4686964,0.1038881,1.23991,0.4587355,-0.4586609,0.145774,0.03247477,0.8759712,0,0,0,0,0,0,1,MathCanvas,-0.9045247,1.163545,3.659532,0.1008005,1.531056,0.4690174,-0.260359,-0.1325691,0.9563674,0.1331862,1.534442,0.4783875,-0.276358,-0.1337639,0.9517003,0.06953894,1.532411,0.4590052,-0.2240981,-0.1318538,0.9656059,0.1013626,1.533427,0.4686964,0.65986,343.0832,1.748776,0,3,False
1,Center_Head_Far,250,11.76,0.1026747,1.529654,0.4677589,0.1030227,1.243817,0.4591875,-0.4400832,0.1534335,0.04732448,0.8834848,0.2663954,1.006361,0.648985,-0.2034326,-0.03326995,-0.04875868,-0.977308,MathCanvas,-0.7726794,1.088383,3.679284,0.1013626,1.533427,0.4686964,-0.2503246,-0.1328089,0.9590096,0.1346138,1.530899,0.4770347,-0.2636032,-0.1269916,0.9562356,0.07073563,1.528409,0.4584831,-0.2111804,-0.1247216,0.9694573,0.1026747,1.529654,0.4677589,0.273623,343.8158,2.144001,0,3,False
1,Center_Head_Far,251,11.78,0.1031563,1.527959,0.4668208,0.1035212,1.246911,0.458796,-0.4425642,0.1602604,0.04760657,0.8810149,0.2712625,1.01282,0.6483692,-0.2087178,-0.06782041,-0.04329328,-0.9746605,MathCanvas,-0.7377635,1.083762,3.687531,0.1026747,1.529654,0.4677589,-0.2450633,-0.1261812,0.9612608,0.1352312,1.529072,0.4756333,-0.2576966,-0.1280476,0.9577036,0.07108146,1.526846,0.4580084,-0.2051626,-0.1260444,0.9705777,0.1031563,1.527959,0.4668208,0.3161922,344.6479,1.91612,0,3,False
1,Center_Head_Far,252,11.8,0.1045953,1.529709,0.4660213,0.106813,1.250526,0.4560376,-0.4670386,0.1785351,0.0428975,0.8649624,0.2752996,1.024516,0.6462036,-0.2077865,-0.09383101,-0.01679357,-0.9735186,MathCanvas,-0.7209084,1.103655,3.699214,0.1038903,1.528762,0.4663477,-0.2536405,-0.1310309,0.9583827,0.1368484,1.530905,0.4741454,-0.269125,-0.1311422,0.9541349,0.07234217,1.528513,0.4578972,-0.2167252,-0.1292357,0.9676406,0.1045953,1.529709,0.4660213,0.3843934,345.876,2.059304,0,3,False
1,Center_Head_Far,253,11.82,0.1053211,1.530123,0.4654984,0.1070242,1.251913,0.4554666,-0.4697016,0.1848417,0.04488835,0.8620899,0.276823,1.027205,0.6456034,-0.2077131,-0.101362,-0.0120048,-0.9728499,MathCanvas,-0.7463897,1.090089,3.681476,0.1045953,1.529709,0.4660213,-0.243019,-0.130189,0.9612454,0.1376661,1.53131,0.4732497,-0.2581326,-0.1310686,0.9571774,0.07297606,1.528936,0.457747,-0.2055799,-0.1291761,0.9700776,0.1053211,1.530123,0.4654984,0.3805572,346.537,2.044391,0,3,False
1,Center_Head_Far,254,11.84,0.108216,1.529808,0.4644906,0.1114344,1.251544,0.4543529,-0.465329,0.2019529,0.04997171,0.8603411,0.2772482,1.042706,0.6394213,-0.1648076,-0.0777306,0.02233195,-0.9830045,MathCanvas,-0.7098193,1.09344,3.689732,0.1061102,1.530854,0.4651041,-0.2368717,-0.1305218,0.9627335,0.1407008,1.53127,0.4715829,-0.2532557,-0.1280063,0.9588931,0.07573132,1.528346,0.4573983,-0.2006695,-0.1257747,0.9715516,0.108216,1.529808,0.4644906,0.1547326,347.6909,2.518043,0,3,False
1,Center_Head_Far,255,11.86,0.1095482,1.529196,0.4637628,0.1128062,1.251358,0.4543642,-0.4630988,0.2102256,0.0532769,0.8593639,0.2784863,1.047636,0.6360511,-0.1481271,-0.07141683,0.02490161,-0.986072,MathCanvas,-0.6863199,1.092001,3.693776,0.108216,1.529808,0.4644906,-0.2270509,-0.1268905,0.965581,0.1421223,1.530686,0.4704259,-0.2404909,-0.1279903,0.962176,0.07697397,1.527706,0.4570996,-0.1877441,-0.1257133,0.9741398,0.1095482,1.529196,0.4637628,0.1517299,348.4463,2.566022,0,3,False
1,Center_Head_Far,256,11.88,0.1127358,1.528157,0.4623066,0.116352,1.249886,0.4550357,-0.4599067,0.2308783,0.06249247,0.8551466,0.2824346,1.055693,0.6280934,-0.1184256,-0.06609679,0.01762147,-0.9906039,MathCanvas,-0.6519017,1.103649,3.701987,0.1112309,1.52863,0.4630063,-0.2214014,-0.1290496,0.9666063,0.1454769,1.529674,0.468087,-0.2351693,-0.1302754,0.9631842,0.07999465,1.52664,0.4565262,-0.1823887,-0.1281082,0.9748449,0.1127358,1.528157,0.4623066,0.2269154,349.9981,2.612561,0,3,False
1,Center_Head_Far,257,11.9,0.1141964,1.527721,0.461592,0.117568,1.250122,0.4548502,-0.4595227,0.2390376,0.06556302,0.8528783,0.2838701,1.06006,0.6254919,-0.1073281,-0.06494282,0.02107039,-0.9918766,MathCanvas,-0.6293913,1.095588,3.702326,0.1127358,1.528157,0.4623066,-0.2088604,-0.1291919,0.9693744,0.1470094,1.52926,0.4669433,-0.2224509,-0.1304746,0.9661739,0.08138345,1.526182,0.4562407,-0.1695237,-0.1282721,0.9771428,0.1141964,1.527721,0.461592,0.2359913,350.7484,2.650408,0,3,False
1,Center_Head_Far,258,11.92,0.1169884,1.527338,0.4598072,0.1267543,1.246043,0.4548588,-0.4594896,0.2747051,0.07614322,0.8411948,0.2984467,1.06005,0.6074261,-0.0918723,-0.1007113,-0.01360811,-0.9905714,MathCanvas,-0.5852261,1.095088,3.707792,0.1155301,1.527889,0.4606422,-0.2001231,-0.1234629,0.9719607,0.1499928,1.528695,0.4638765,-0.2091127,-0.1251919,0.9698448,0.08398396,1.52598,0.455738,-0.1560799,-0.1234339,0.9800016,0.1169884,1.527338,0.4598072,0.282453,352.9828,2.338121,0,3,False
1,Center_Head_Far,259,11.94,0.1185221,1.526881,0.4590583,0.1295676,1.24557,0.4545592,-0.4596809,0.287643,0.08046007,0.83635,0.3030073,1.062111,0.6020108,-0.08589915,-0.1115153,-0.01391449,-0.9899455,MathCanvas,-0.5542129,1.11325,3.719708,0.1169884,1.527338,0.4598072,-0.2096893,-0.1221361,0.9701099,0.1515868,1.528236,0.462606,-0.2206638,-0.1232882,0.9675265,0.08545741,1.525527,0.4555107,-0.1678628,-0.1217102,0.9782683,0.1185221,1.526881,0.4590583,0.3039987,353.8884,2.332702,0,3,False
1,Center_Head_Far,260,11.96,0.120052,1.526374,0.4582407,0.1325416,1.245161,0.4541804,-0.4600586,0.3011267,0.08532701,0.8308959,0.3067409,1.064818,0.5971424,-0.07722229,-0.1183824,-0.0157869,-0.9898349,MathCanvas,-0.5827717,1.118404,3.703534,0.1185221,1.526881,0.4590583,-0.1943376,-0.1224993,0.9732558,0.1531703,1.527724,0.4612494,-0.2048945,-0.1232257,0.9709963,0.08693374,1.525023,0.4552321,-0.1519253,-0.1216542,0.9808766,0.120052,1.526374,0.4582407,0.3012261,354.8214,2.325379,0,3,False
1,Center_Head_Far,261,11.98,0.1221334,1.526575,0.4574078,0.1417336,1.246134,0.4508919,-0.4634174,0.3370403,0.1096713,0.8121702,0.3239815,1.059283,0.5797585,-0.1008242,-0.1851115,0.01053596,-0.9774749,MathCanvas,-0.5299523,1.116648,3.713507,0.1210007,1.526821,0.4579884,-0.1795919,-0.121516,0.9762073,0.1553351,1.528174,0.459078,-0.1857284,-0.1188808,0.9753832,0.08893175,1.524977,0.4557375,-0.1327071,-0.1170174,0.9842234,0.1221334,1.526575,0.4574078,359.9418,357.1173,2.752775,0,3,False
1,Center_Head_Far,262,12,0.1233217,1.5261,0.4565957,0.1459772,1.246671,0.4489141,-0.4613062,0.353545,0.122256,0.8045223,0.3283678,1.058659,0.5729263,-0.09824669,-0.1970949,0.007699363,-0.9754189,MathCanvas,-0.4787876,1.119978,3.723834,0.1221334,1.526575,0.4574078,-0.1731973,-0.1186688,0.9777119,0.1565419,1.527843,0.4576339,-0.180431,-0.1209822,0.9761188,0.09010157,1.524357,0.4555576,-0.1274636,-0.1189874,0.9846802,0.1233217,1.5261,0.4565957,359.9871,358.2094,3.002152,0,3,False
1,Center_Head_Far,263,12.02,0.125619,1.525235,0.4551004,0.1528283,1.246652,0.4467635,-0.4589701,0.3813872,0.1383441,0.7904121,0.3372866,1.058543,0.5599697,-0.09344861,-0.2204821,0.004627079,-0.9708932,MathCanvas,-0.4552621,1.129675,3.722746,0.124485,1.525693,0.4558567,-0.1413511,-0.1243861,0.982114,0.1588409,1.527226,0.4549085,-0.1494051,-0.1255956,0.980767,0.09239718,1.523243,0.4552923,-0.09625933,-0.1232701,0.9876936,0.125619,1.525235,0.4551004,359.9699,0.3291377,3.431135,0,3,False
1,Center_Head_Far,264,12.04,0.1262045,1.524943,0.4543861,0.1564403,1.24672,0.4445299,-0.4526905,0.3936916,0.1479799,0.7862444,0.3395513,1.057039,0.5534901,-0.09397263,-0.2240002,-0.00298743,-0.9700434,MathCanvas,-0.3466371,1.109659,3.73636,0.125619,1.525235,0.4551004,-0.1228812,-0.1244329,0.9845896,0.1593983,1.527254,0.4536604,-0.13219,-0.1301927,0.982637,0.09301069,1.522632,0.4551119,-0.07896295,-0.1273801,0.9887058,0.1262045,1.524943,0.4543861,0.1520069,1.263046,3.981711,0,3,False
1,Center_Head_Far,265,12.06,0.1271834,1.525331,0.4537131,0.1605741,1.245532,0.4417993,-0.4451697,0.4099458,0.15387,0.7810841,0.3438581,1.054549,0.5430636,-0.1020159,-0.2361369,-0.003178217,-0.9663447,MathCanvas,-0.2835697,1.109994,3.737715,0.1265754,1.525364,0.4541909,-0.09699165,-0.1283721,0.9869717,0.1603116,1.528017,0.4519801,-0.1072863,-0.127993,0.9859551,0.09405516,1.522645,0.4554461,-0.05400961,-0.1245947,0.9907367,0.1271834,1.525331,0.4537131,359.8764,2.984499,4.628632,0,3,False
1,Center_Head_Far,266,12.08,0.1278733,1.525107,0.4532864,0.1625603,1.245046,0.4405886,-0.4426206,0.4190671,0.1571594,0.7770268,0.3466789,1.053962,0.5379115,-0.1031922,-0.2450114,-0.002770804,-0.9640089,MathCanvas,-0.1961986,1.097323,3.744397,0.1271834,1.525331,0.4537131,-0.08068334,-0.1262941,0.9887062,0.1609552,1.527961,0.4510202,-0.09090044,-0.1264206,0.9878031,0.09479143,1.522253,0.4555527,-0.03757285,-0.122735,0.9917279,0.1278733,1.525107,0.4532864,359.7374,3.896287,4.919778,0,3,False
1,Center_Head_Far,267,12.1,0.1285408,1.52494,0.452874,0.1653138,1.244794,0.4394054,-0.439911,0.4300033,0.162716,0.7714266,0.349507,1.053439,0.5327832,-0.104174,-0.2537258,-0.002515346,-0.9616469,MathCanvas,-0.1406192,1.104834,3.743436,0.1278733,1.525107,0.4532864,-0.07277642,-0.1272061,0.9892028,0.1615684,1.527957,0.4500862,-0.08325438,-0.1280516,0.9882669,0.09551327,1.521922,0.4556618,-0.02998303,-0.1241715,0.9918077,0.1285408,1.52494,0.452874,359.6335,4.791498,5.201509,0,3,False
1,Center_Head_Far,268,12.12,0.1290284,1.524769,0.4512455,0.1630967,1.243242,0.4370321,-0.4458032,0.4283897,0.1572741,0.7700692,0.3489231,1.05273,0.5294623,-0.1012928,-0.2589361,-0.003118724,-0.9605635,MathCanvas,-0.1133638,1.102114,3.740927,0.1288088,1.524641,0.4518857,-0.04725616,-0.1278066,0.9906726,0.1619712,1.528065,0.4478393,-0.06348019,-0.1304124,0.9894255,0.09608558,1.521473,0.4546516,-0.01018529,-0.1260964,0.9919657,0.1290284,1.524769,0.4512455,359.6905,5.872356,5.683454,0,3,False
1,Center_Head_Far,269,12.14,0.1292585,1.524747,0.4506557,0.1630926,1.242901,0.4360727,-0.4472247,0.4300789,0.1578928,0.7681745,0.3496574,1.052287,0.5268829,-0.1002575,-0.2627908,-0.00352934,-0.9596234,MathCanvas,-0.02817587,1.099602,3.746857,0.1290284,1.524769,0.4512455,-0.04408125,-0.1289928,0.9906653,0.1621526,1.528136,0.4468888,-0.05948453,-0.1310165,0.989594,0.09636432,1.521359,0.4544226,-0.006249219,-0.1266049,0.9919335,0.1292585,1.524747,0.4506557,359.6563,6.497579,5.843337,0,3,False
1,Center_Head_Far,270,12.16,0.1294387,1.524736,0.4493418,0.161953,1.242641,0.434875,-0.4486935,0.4299657,0.1585839,0.7672384,0.3494267,1.051055,0.5244515,-0.09966446,-0.2664675,-0.002094597,-0.958675,MathCanvas,-0.01694557,1.096918,3.736388,0.1294402,1.524745,0.4500166,0.02090019,-0.1287175,-0.991461,0.1622721,1.528124,0.445077,-0.0444876,-0.1309729,0.9903873,0.09660541,1.521348,0.4536067,0.008777007,-0.1265613,0.9919199,0.1294387,1.524736,0.4493418,359.6538,7.365538,5.842854,0,3,False
1,Center_Head_Far,271,12.18,0.1292138,1.524859,0.448707,0.1576962,1.243336,0.4363085,-0.4481355,0.4171796,0.1555862,0.7751959,0.3466274,1.049706,0.5280107,-0.1027005,-0.2624681,0.003215849,-0.9594544,MathCanvas,-0.01694557,1.096918,3.736388,0.1294387,1.524736,0.4493418,0.01786955,-0.1287675,-0.991514,0.1620621,1.528044,0.4444017,-0.04402183,-0.1313486,0.9903584,0.09636555,1.521673,0.4530123,0.009271234,-0.1272707,0.9918247,0.1292138,1.524859,0.448707,359.7373,7.441729,5.492883,0,3,False
1,Center_Head_Far,272,12.2,0.128807,1.525375,0.4473766,0.1550765,1.243779,0.4375059,-0.4484922,0.4079435,0.1521825,0.7805622,0.3439156,1.047401,0.5306498,-0.107043,-0.2623861,0.008389913,-0.9589708,MathCanvas,-0.01694557,1.096918,3.736388,0.1290061,1.525093,0.4480591,-0.03668047,-0.121949,0.9918584,0.1616382,1.528317,0.4427775,-0.05840132,-0.1241308,0.9905457,0.09597583,1.522432,0.4519757,-0.005296737,-0.1205323,0.9926952,0.128807,1.525375,0.4473766,359.8407,7.960147,5.071663,0,3,False
1,Center_Head_Far,273,12.22,0.128637,1.525675,0.4466824,0.1550765,1.243779,0.4375059,-0.4484922,0.4079435,0.1521825,0.7805622,0.343785,1.046578,0.5298207,-0.1079085,-0.264571,0.009913445,-0.9582587,MathCanvas,0.007107079,1.120768,3.738202,0.128807,1.525375,0.4473766,-0.03186671,-0.1223317,0.9919776,0.1614511,1.528521,0.4419041,-0.05333138,-0.1243272,0.9908071,0.095823,1.522829,0.4514606,-0.0002053529,-0.1208873,0.9926661,0.128637,1.525675,0.4466824,359.8855,8.275111,4.906065,0,3,False
1,Center_Head_Far,274,12.24,0.1280428,1.526034,0.4462521,0.1468296,1.244916,0.4391353,-0.4543813,0.3821421,0.1410843,0.7922122,0.3370555,1.044796,0.5389625,-0.1122845,-0.2541132,0.009806403,-0.9605845,MathCanvas,0.0228416,1.119542,3.739982,0.128637,1.525675,0.4466824,-0.02678383,-0.1226075,0.9920937,0.1609073,1.528532,0.4416278,-0.05951764,-0.1199451,0.9909948,0.09517836,1.523537,0.4508764,-0.006369531,-0.117033,0.9931076,0.1280428,1.526034,0.4462521,359.7489,7.990498,4.303324,0,3,False
1,Center_Head_Far,275,12.26,0.1271168,1.526692,0.4452387,0.1388982,1.246309,0.4404291,-0.4654868,0.3566418,0.1282376,0.7998024,0.3287486,1.042952,0.5473261,-0.1180908,-0.2389933,0.008847126,-0.9637731,MathCanvas,0.03906822,1.118738,3.741936,0.1276177,1.526354,0.4457204,-0.03398203,-0.1167999,0.9925739,0.1600225,1.528759,0.4406961,-0.06253995,-0.1159604,0.991283,0.09421105,1.524625,0.4497813,-0.009351656,-0.1137057,0.9934705,0.1271168,1.526692,0.4452387,359.6255,7.836624,3.560932,0,3,False
1,Center_Head_Far,276,12.28,0.1266118,1.52699,0.4447366,0.135979,1.246778,0.4408033,-0.4691292,0.3476884,0.1237455,0.8023202,0.3255487,1.042103,0.5502266,-0.1204886,-0.2336683,0.009000845,-0.9647801,MathCanvas,0.01392871,1.137653,3.751324,0.1271168,1.526692,0.4452387,-0.03596202,-0.1148331,0.9927337,0.1595327,1.528855,0.4402162,-0.06398693,-0.1139483,0.991424,0.09369098,1.525126,0.449257,-0.01078798,-0.1120046,0.9936491,0.1266118,1.52699,0.4447366,359.5778,7.794727,3.212194,0,3,False
1,Center_Head_Far,277,12.3,0.1254893,1.527556,0.4441829,0.1284008,1.247881,0.4412369,-0.4785145,0.3240972,0.1090195,0.8087643,0.3148176,1.041672,0.559669,-0.1260265,-0.2093101,0.008437961,-0.9696574,MathCanvas,0.006491005,1.143424,3.760671,0.126146,1.527315,0.4442611,-0.02907435,-0.1127846,0.993194,0.1584691,1.52908,0.4399755,-0.06536335,-0.1113308,0.9916315,0.09250942,1.526032,0.4483903,-0.01206197,-0.1098642,0.9938734,0.1254893,1.527556,0.4441829,359.4476,7.244931,2.624166,0,3,False
1,Center_Head_Far,278,12.32,0.1249017,1.527725,0.4439076,0.1249842,1.248204,0.441468,-0.4810862,0.312688,0.102163,0.8126162,0.3098974,1.041837,0.5637609,-0.1282219,-0.1974495,0.00783261,-0.9718598,MathCanvas,0.02823496,1.15029,3.766432,0.1254893,1.527556,0.4441829,-0.03872853,-0.1105975,0.9931104,0.1579068,1.529071,0.4398403,-0.07021822,-0.1091952,0.9915371,0.09189655,1.526378,0.447975,-0.01692021,-0.1079979,0.9940072,0.1249017,1.527725,0.4439076,359.3816,7.000228,2.319461,0,3,False
1,Center_Head_Far,279,12.34,0.1235849,1.527998,0.443339,0.1185938,1.2487,0.4423211,-0.4848517,0.290759,0.09043834,0.8198774,0.3010012,1.041461,0.571154,-0.1318675,-0.1771463,0.004861668,-0.9752982,MathCanvas,-0.005139947,1.156363,3.778543,0.1242184,1.527824,0.4436095,-0.03671309,-0.1149801,0.9926891,0.1566379,1.528973,0.439565,-0.0681246,-0.1138846,0.9911556,0.09053188,1.527023,0.447113,-0.01470222,-0.1132645,0.9934561,0.1235849,1.527998,0.443339,359.31,6.493649,1.678763,1,4,False
1,Center_Head_Far,280,12.36,0.1229488,1.528166,0.4430463,0.1155617,1.249068,0.4426968,-0.4872935,0.280611,0.08495346,0.8225482,0.2969643,1.041045,0.5746251,-0.1339293,-0.1686718,0.00435783,-0.9765213,MathCanvas,0.0002993345,1.141886,3.776869,0.1235849,1.527998,0.443339,-0.02760692,-0.1195472,0.9924446,0.1560201,1.528959,0.439392,-0.05863683,-0.1181279,0.9912657,0.08987751,1.527372,0.4467006,-0.005080037,-0.1177531,0.99303,0.1229488,1.528166,0.4430463,359.2608,6.287829,1.366596,1,4,False
1,Center_Head_Far,281,12.38,0.1212167,1.527953,0.4431557,0.1094147,1.248438,0.4434781,-0.4812395,0.2571108,0.07813624,0.8343844,0.2881569,1.041455,0.5817388,-0.1344838,-0.1451371,-0.008586667,-0.9801916,MathCanvas,0.03023374,1.12668,3.776062,0.121981,1.527786,0.443137,-0.04387253,-0.1193223,0.9918858,0.1543617,1.528589,0.4402061,-0.08026487,-0.119407,0.9895957,0.08807169,1.527317,0.4461054,-0.02675646,-0.1192993,0.9924977,0.1212167,1.527953,0.4431557,359.382,5.073708,1.095492,1,4,False
1,Center_Head_Far,282,12.4,0.1203923,1.528111,0.4432517,0.1066044,1.248202,0.443388,-0.4812247,0.2462593,0.0745215,0.8379891,0.2847603,1.041138,0.5849351,-0.1357586,-0.1370005,-0.01120883,-0.9811599,MathCanvas,-0.02653921,1.126094,3.783671,0.1212167,1.527953,0.4431557,-0.03068696,-0.1189394,0.9924272,0.1535662,1.528669,0.4406284,-0.0675759,-0.1187083,0.990627,0.08721851,1.527554,0.445875,-0.01387133,-0.1185774,0.9928479,0.1203923,1.528111,0.4432517,359.381,4.510928,0.9599532,1,4,False
1,Center_Head_Far,283,12.42,0.119441,1.528099,0.4432556,0.1037505,1.248156,0.4434754,-0.4815994,0.235468,0.07020456,0.841242,0.2810809,1.040842,0.588239,-0.1372745,-0.1283284,-0.01372087,-0.9820892,MathCanvas,0.01707023,1.127646,3.784723,0.1203923,1.528111,0.4432517,-0.04073894,-0.1186428,0.9921009,0.1526369,1.528557,0.4409065,-0.07611679,-0.1178955,0.9901045,0.08624515,1.527641,0.4456048,-0.02243222,-0.1179224,0.9927694,0.119441,1.528099,0.4432556,359.3591,4.03901,0.7878699,1,4,False
1,Center_Head_Far,284,12.44,0.1172951,1.527502,0.4435648,0.09911525,1.247782,0.4425789,-0.4834186,0.2148985,0.06365202,0.8462113,0.274912,1.039697,0.5939916,-0.140989,-0.1147271,-0.02022715,-0.9831331,MathCanvas,-0.01797879,1.127896,3.789788,0.1184194,1.527862,0.4434147,-0.009957056,-0.1124847,-0.9936036,0.150538,1.527736,0.4419673,-0.02849874,-0.1134245,0.9931378,0.08405226,1.527267,0.4451622,0.02558044,-0.1133501,0.9932258,0.1172951,1.527502,0.4435648,359.437,2.74717,0.4033439,1,4,False
1,Center_Head_Far,285,12.46,0.1161683,1.527148,0.4437101,0.09723294,1.24781,0.4420866,-0.484767,0.2060157,0.06075652,0.8478604,0.2720534,1.039174,0.5966364,-0.1414642,-0.1092346,-0.0242085,-0.9836004,MathCanvas,-0.01797879,1.127896,3.789788,0.1172951,1.527502,0.4435648,0.00145981,-0.1133874,-0.9935499,0.1494297,1.527344,0.4425552,-0.04183775,-0.1158031,0.9923906,0.08290681,1.526952,0.4448651,0.01223554,-0.1157978,0.9931975,0.1161683,1.527148,0.4437101,359.5797,1.98623,0.3371142,1,4,False
1,Center_Head_Far,286,12.48,0.1137751,1.52644,0.4440416,0.09339911,1.247882,0.4415758,-0.4858994,0.1881496,0.05354879,0.8518416,0.2657988,1.038258,0.6022542,-0.1427201,-0.09616674,-0.03033373,-0.9846131,MathCanvas,-0.01797879,1.127896,3.789788,0.1148921,1.526789,0.4438786,0.01502919,-0.1183593,-0.9928575,0.1470556,1.526564,0.4437458,-0.05420371,-0.1197141,0.9913276,0.08049463,1.526317,0.4443375,-0.0001129871,-0.1197499,0.9928041,0.1137751,1.52644,0.4440416,359.8175,0.508639,0.2121384,0,4,False
1,Center_Head_Far,287,12.5,0.1125948,1.526071,0.4441399,0.09107198,1.247874,0.441449,-0.4863478,0.1782147,0.04970163,0.8539526,0.2626686,1.037818,0.6050413,-0.143537,-0.08943773,-0.03299544,-0.9850428,MathCanvas,-0.01797879,1.127896,3.789788,0.1137751,1.52644,0.4440416,-0.02716857,-0.119732,0.9924344,0.1458765,1.526151,0.4442467,-0.06634662,-0.1210692,0.9904244,0.07931297,1.525992,0.4440331,-0.0122778,-0.1211789,0.9925547,0.1125948,1.526071,0.4441399,359.9006,359.8159,0.1368554,0,4,False
1,Center_Head_Far,288,12.52,0.1091089,1.526017,0.4443312,0.09023853,1.247881,0.4403503,-0.4895425,0.1695562,0.04285207,0.8542614,0.2594585,1.037917,0.6077895,-0.1438988,-0.08096694,-0.02763561,-0.9858873,MathCanvas,0.02121788,1.123374,3.782019,0.110766,1.526182,0.4443343,-0.03044081,-0.1287176,0.991214,0.1423558,1.526287,0.4458357,-0.07613464,-0.1303472,0.9885409,0.07586198,1.525746,0.4428267,-0.0220592,-0.1299447,0.9912758,0.1091089,1.526017,0.4443312,0.1513858,357.4102,0.4658629,0,4,False
1,Center_Head_Far,289,12.54,0.1074542,1.525781,0.4443049,0.08916016,1.247879,0.4400534,-0.4900439,0.1645923,0.03970487,0.8550964,0.2577621,1.038195,0.6095409,-0.1438548,-0.07738019,-0.02534231,-0.9862433,MathCanvas,0.006955147,1.094064,3.770662,0.1091089,1.526017,0.4443312,-0.04911544,-0.130146,0.9902776,0.140665,1.526047,0.4464638,-0.09557139,-0.1321323,0.986614,0.07424326,1.525514,0.442146,-0.04156023,-0.1317368,0.9904131,0.1074542,1.525781,0.4443049,0.2548268,356.2827,0.4589669,0,4,False
1,Center_Head_Far,290,12.56,0.1057002,1.525589,0.4442967,0.087557,1.24786,0.4397806,-0.4907268,0.1569564,0.0360854,0.8563001,0.2551927,1.038031,0.6118833,-0.1444438,-0.07165198,-0.02571316,-0.9865804,MathCanvas,-0.05744147,1.088841,3.768969,0.1074542,1.525781,0.4443049,-0.06852857,-0.1321253,0.9888613,0.1388694,1.525843,0.4470237,-0.112393,-0.1342482,0.9845533,0.07253101,1.525334,0.4415696,-0.05845406,-0.1338872,0.9892711,0.1057002,1.525589,0.4442967,0.3672514,355.3027,0.4384279,0,4,False
1,Center_Head_Far,291,12.58,0.1021956,1.5252,0.4439221,0.08850598,1.248152,0.4394694,-0.4899316,0.1574195,0.03016538,0.8568992,0.2540312,1.039536,0.6137837,-0.1388081,-0.07161111,-0.02175396,-0.9874872,MathCanvas,-0.1246448,1.081476,3.768152,0.1040241,1.525382,0.4442632,-0.09155484,-0.135428,0.986548,0.135214,1.525577,0.4480862,-0.1431382,-0.1381234,0.980017,0.06917721,1.524823,0.439758,-0.08938184,-0.1374648,0.9864656,0.1021956,1.5252,0.4439221,0.6006376,352.8189,0.6486403,0,4,False
1,Center_Head_Far,292,12.6,0.1003475,1.525196,0.4437362,0.08881496,1.248355,0.4392444,-0.4915263,0.1551194,0.02698429,0.8565114,0.2535219,1.039888,0.6145985,-0.1368379,-0.07120898,-0.0208795,-0.9878101,MathCanvas,-0.2060275,1.069276,3.765175,0.1021956,1.5252,0.4439221,-0.1163054,-0.1377941,0.9836086,0.1332524,1.525766,0.4487004,-0.1660477,-0.1395586,0.9761924,0.06744274,1.524625,0.438772,-0.1124684,-0.1385843,0.9839438,0.1003475,1.525196,0.4437362,0.6772388,351.4323,0.9823556,0,4,False
1,Center_Head_Far,293,12.62,0.0964429,1.525083,0.4432646,0.0895973,1.248732,0.4390484,-0.4939927,0.1519433,0.02257146,0.8557891,0.2523589,1.040146,0.6164899,-0.1364907,-0.06967521,-0.01730782,-0.9880365,MathCanvas,-0.2912211,1.061281,3.755277,0.0984681,1.525132,0.4435551,-0.1293651,-0.1351561,0.9823428,0.1290686,1.525855,0.4497966,-0.1815925,-0.1364489,0.9738613,0.06381725,1.524311,0.4367326,-0.1282031,-0.1349212,0.9825274,0.0964429,1.525083,0.4432646,0.8134313,348.6974,1.328997,0,4,False
1,Center_Head_Far,294,12.64,0.09458107,1.524832,0.4428795,0.09094908,1.248993,0.4395023,-0.4933724,0.1542533,0.02322815,0.8557162,0.253113,1.040079,0.6165702,-0.138078,-0.07147945,-0.01383587,-0.9877417,MathCanvas,-0.3394823,1.069643,3.753493,0.0964429,1.525083,0.4432646,-0.1372735,-0.1312225,0.9818028,0.1270449,1.525629,0.4501705,-0.1865547,-0.1333347,0.9733546,0.06211724,1.524035,0.4355884,-0.1332618,-0.1316425,0.9822991,0.09458107,1.524832,0.4428795,0.8893158,347.3633,1.372586,0,4,False
1,Center_Head_Far,295,12.66,0.09124489,1.524126,0.4421732,0.09310824,1.249413,0.4405632,-0.4920394,0.1569863,0.02360182,0.8559763,0.2537403,1.040072,0.6171207,-0.1383225,-0.07131745,-0.0100619,-0.9877649,MathCanvas,-0.3667103,1.083874,3.742111,0.09285903,1.524473,0.4425081,-0.1583462,-0.1321284,0.9785032,0.1233438,1.525041,0.4509209,-0.2063156,-0.1360034,0.9689876,0.05914604,1.523212,0.4334255,-0.153325,-0.133939,0.9790566,0.09124489,1.524126,0.4421732,1.19803,344.7886,1.574605,0,4,False
1,Center_Head_Far,296,12.68,0.0895737,1.523791,0.44181,0.09376314,1.249543,0.4408482,-0.4920343,0.1574605,0.02338588,0.8558981,0.2536493,1.04013,0.6176656,-0.138229,-0.07044114,-0.008625853,-0.9878544,MathCanvas,-0.4411977,1.079842,3.732412,0.09124489,1.524126,0.4421732,-0.1798908,-0.1349713,0.9743829,0.1214625,1.524769,0.4512886,-0.2279945,-0.1383642,0.9637811,0.05768492,1.522813,0.4323313,-0.1752525,-0.136187,0.9750589,0.0895737,1.523791,0.44181,1.3409,343.4853,1.68379,0,4,False
1,Center_Head_Far,297,12.7,0.08689143,1.52359,0.4415147,0.09760723,1.249913,0.442251,-0.4942355,0.1661563,0.02597881,0.8529059,0.2564225,1.040241,0.616172,-0.1372938,-0.06956185,-0.01073197,-0.9880266,MathCanvas,-0.5133184,1.071444,3.707388,0.08790485,1.523413,0.4415001,-0.1968547,-0.1359954,0.970955,0.1183933,1.524602,0.4522061,-0.2381334,-0.1361326,0.9616446,0.0553896,1.522578,0.4308233,-0.1856639,-0.1337102,0.9734735,0.08689143,1.52359,0.4415147,1.416128,341.2964,1.74286,0,4,False
1,Center_Head_Far,298,12.72,0.08634035,1.523803,0.441571,0.09980512,1.250078,0.4430136,-0.4951333,0.1717828,0.02725679,0.851229,0.2578582,1.040267,0.615576,-0.1360109,-0.07011785,-0.01246196,-0.9881443,MathCanvas,-0.5724218,1.068109,3.693473,0.08689143,1.52359,0.4415147,-0.2119815,-0.1349215,0.9679153,0.1177153,1.524786,0.4526319,-0.2497358,-0.1332523,0.9591016,0.05496544,1.522819,0.4305101,-0.1974056,-0.130892,0.9715443,0.08634035,1.523803,0.441571,1.244935,340.6173,1.694344,0,4,False
1,Center_Head_Far,299,12.74,0.08601201,1.523944,0.4417107,0.1017817,1.250139,0.443785,-0.4955008,0.177985,0.02891546,0.8496848,0.2591417,1.040273,0.6153358,-0.1348711,-0.0709649,-0.01338823,-0.988228,MathCanvas,-0.6206349,1.073829,3.669646,0.08634035,1.523803,0.441571,-0.2033714,-0.1297588,0.9704652,0.1172706,1.524953,0.453094,-0.2394947,-0.1289483,0.9622965,0.05475343,1.522935,0.4303274,-0.1871724,-0.1264291,0.9741572,0.08601201,1.523944,0.4417107,1.129922,340.0244,1.737141,0,4,False
1,Center_Head_Far,300,12.76,0.08511919,1.524181,0.4418861,0.1046051,1.250404,0.4448887,-0.4963661,0.1845689,0.02997407,0.8477361,0.2597608,1.040268,0.6152359,-0.1343301,-0.07150897,-0.0138265,-0.9882564,MathCanvas,-0.5898658,1.092708,3.666923,0.08551181,1.524019,0.4417909,-0.2269407,-0.1267409,0.9656266,0.1160554,1.525244,0.4541137,-0.2654772,-0.1271431,0.9556968,0.05418296,1.523117,0.4296585,-0.2134993,-0.1245472,0.9689717,0.08511919,1.524181,0.4418861,1.035006,338.4666,1.831744,0,4,False
1,Center_Head_Far,301,12.78,0.08615145,1.523607,0.4423076,0.1077049,1.25004,0.4463252,-0.4946781,0.1975151,0.03443398,0.8456333,0.2673923,1.039632,0.6142439,-0.12881,-0.08315975,-0.01821426,-0.9880085,MathCanvas,-0.6698976,1.102522,3.654463,0.08511919,1.524181,0.4418861,-0.2169544,-0.1179187,0.9690335,0.1172346,1.52478,0.4541463,-0.2305496,-0.1182713,0.9658462,0.05506832,1.522433,0.4304688,-0.1783122,-0.1154087,0.9771824,0.08615145,1.523607,0.4423076,1.001744,339.1848,2.02126,0,4,False
1,Center_Head_Far,302,12.8,0.0858163,1.523573,0.4427827,0.1114486,1.249819,0.4481809,-0.4904909,0.2098038,0.03911462,0.844909,0.2734591,1.038556,0.6137981,-0.1304954,-0.09941266,-0.01499045,-0.9863384,MathCanvas,-0.6328753,1.132802,3.653862,0.0855203,1.523542,0.4424039,-0.1901956,-0.1150405,0.9749827,0.1168977,1.524704,0.4546302,-0.2161573,-0.1152026,0.9695383,0.05473491,1.522442,0.4309352,-0.1638843,-0.1123411,0.9800619,0.0858163,1.523573,0.4427827,0.919812,339.1656,1.947761,0,4,False
1,Center_Head_Far,303,12.82,0.08583926,1.523579,0.4430403,0.1131515,1.249771,0.4490013,-0.4891536,0.2150502,0.04109684,0.8442708,0.2759193,1.038198,0.6136435,-0.1308701,-0.1055327,-0.01384665,-0.9856694,MathCanvas,-0.5428839,1.143301,3.665632,0.0858163,1.523573,0.4427827,-0.1891684,-0.1136031,0.975351,0.1168876,1.52471,0.4549741,-0.2180043,-0.1140549,0.9692603,0.05479091,1.522448,0.4311065,-0.165749,-0.1112139,0.9798769,0.08583926,1.523579,0.4430403,0.8631313,339.0045,1.947938,0,4,False
1,Center_Head_Far,304,12.84,0.08818308,1.523903,0.4448546,0.1162202,1.24922,0.4502638,-0.4864223,0.2240681,0.04789614,0.8431446,0.2818492,1.037043,0.6131119,-0.1346001,-0.1261797,-0.007320978,-0.9828061,MathCanvas,-0.5396868,1.147926,3.66825,0.08589589,1.523601,0.4433167,-0.1948896,-0.1119652,0.9744136,0.1193891,1.525336,0.4563361,-0.2042886,-0.1091577,0.9728056,0.05697702,1.522471,0.4333731,-0.1519197,-0.1058619,0.9827073,0.08818308,1.523903,0.4448546,0.6432436,339.8279,2.467092,0,4,False
1,Center_Head_Far,305,12.86,0.08890224,1.523942,0.4454046,0.1175828,1.249007,0.4507689,-0.4863456,0.2270038,0.05016964,0.8422709,0.2838941,1.036662,0.6124766,-0.1354172,-0.131138,-0.005340647,-0.9820573,MathCanvas,-0.5568666,1.153318,3.669991,0.08818308,1.523903,0.4448546,-0.1781509,-0.1075217,0.9781111,0.1201713,1.525555,0.456689,-0.1975095,-0.1100939,0.9740992,0.05763314,1.522329,0.4341203,-0.1450989,-0.1064972,0.9836689,0.08890224,1.523942,0.4454046,0.7426352,340.1926,2.778201,0,4,False
1,Center_Head_Far,306,12.88,0.08959252,1.524045,0.4460071,0.1189611,1.248849,0.4513842,-0.4859695,0.2300955,0.05220513,0.841525,0.2858831,1.036334,0.6119615,-0.1362088,-0.1357733,-0.003532443,-0.9813258,MathCanvas,-0.5032614,1.166546,3.696592,0.08890224,1.523942,0.4454046,-0.1738808,-0.1079076,0.9788368,0.1209173,1.525763,0.4571201,-0.1942951,-0.1105825,0.9746902,0.05826769,1.522327,0.4348941,-0.1418454,-0.1068258,0.9841078,0.08959252,1.524045,0.4460071,0.8203446,340.5094,2.959335,0,4,False
1,Center_Head_Far,307,12.9,0.09089459,1.524263,0.4473447,0.1216466,1.248444,0.4529333,-0.4783287,0.2390541,0.05635614,0.8431363,0.2891639,1.035845,0.6107264,-0.1392514,-0.1419747,0.001467757,-0.9800255,MathCanvas,-0.4894934,1.164674,3.705887,0.09030518,1.524099,0.4466125,-0.1642449,-0.1082804,0.9804586,0.1223465,1.5261,0.4580729,-0.1818918,-0.111513,0.976975,0.05944266,1.522425,0.4366165,-0.1293456,-0.1075547,0.9857494,0.09089459,1.524263,0.4473447,0.9043285,341.2155,3.165322,0,4,False
1,Center_Head_Far,308,12.92,0.09170594,1.524467,0.4481864,0.1224757,1.24852,0.4537129,-0.4723678,0.2411368,0.05893183,0.8457238,0.289629,1.036024,0.6099948,-0.1409392,-0.1405247,0.004651651,-0.9799833,MathCanvas,-0.4574574,1.162755,3.720729,0.09089459,1.524263,0.4473447,-0.1692099,-0.1113731,0.9792671,0.1232483,1.526364,0.4586352,-0.1868383,-0.110551,0.9761505,0.06016359,1.52257,0.4377376,-0.1342206,-0.1065854,0.9852027,0.09170594,1.524467,0.4481864,0.7567148,341.7151,3.267339,0,4,False
1,Center_Head_Far,309,12.94,0.09324613,1.524948,0.4496515,0.1240489,1.248392,0.4546409,-0.4744186,0.2426714,0.06287897,0.8438506,0.2919593,1.035967,0.609005,-0.1420006,-0.1435195,0.008031801,-0.979374,MathCanvas,-0.4748712,1.151549,3.727135,0.09249952,1.524716,0.4489236,-0.1843791,-0.1071096,0.9770015,0.1249225,1.527066,0.4596422,-0.2039583,-0.1078462,0.9730211,0.06156972,1.52283,0.4396607,-0.1512896,-0.1037255,0.9830323,0.09324613,1.524948,0.4496515,0.5981236,342.5329,3.648508,0,4,False
1,Center_Head_Far,310,12.96,0.09409617,1.525142,0.450419,0.125209,1.248283,0.4552845,-0.4729738,0.2455872,0.06500523,0.843657,0.2930734,1.035947,0.6085428,-0.1423521,-0.1447468,0.009405472,-0.9791301,MathCanvas,-0.5248095,1.165907,3.724649,0.09324613,1.524948,0.4496515,-0.1776944,-0.1057861,0.9783834,0.1258303,1.527359,0.4602031,-0.1974811,-0.1063522,0.9745206,0.06236208,1.522925,0.4406349,-0.1447601,-0.1020802,0.984187,0.09409617,1.525142,0.450419,0.5284746,342.9,3.819421,0,4,False
1,Center_Head_Far,311,12.98,0.09517803,1.52533,0.4515185,0.1240001,1.247771,0.4552741,-0.4838113,0.2361381,0.06077089,0.8405191,0.2917949,1.036541,0.608943,-0.1403739,-0.1356886,0.005141247,-0.9807433,MathCanvas,-0.5038157,1.169189,3.742514,0.09469584,1.525297,0.4509119,-0.1876162,-0.09515914,0.977622,0.1270232,1.52763,0.4609146,-0.2096004,-0.09657568,0.9730061,0.06333281,1.523029,0.4421225,-0.1568547,-0.09235051,0.9832944,0.09517803,1.52533,0.4515185,0.3826317,343.5876,3.963349,0,4,False
1,Center_Head_Far,312,13,0.09579452,1.525362,0.4521232,0.1234657,1.247838,0.4554807,-0.4850982,0.2323569,0.06040142,0.8408577,0.2914822,1.036574,0.6092908,-0.1399179,-0.1351,0.003544614,-0.9808967,MathCanvas,-0.5377145,1.204326,3.749366,0.09517803,1.52533,0.4515185,-0.2181012,-0.0969201,0.9711016,0.1276815,1.527668,0.4613751,-0.2399486,-0.09831027,0.9657949,0.06390752,1.523056,0.4428713,-0.1873911,-0.09425249,0.977753,0.09579452,1.525362,0.4521232,0.3463956,343.8441,3.972675,0,4,False
1,Center_Head_Far,313,13.02,0.09698722,1.52563,0.4532228,0.1234156,1.247825,0.4556966,-0.4855755,0.2311615,0.06054987,0.840901,0.2915238,1.036579,0.6093809,-0.1398136,-0.1350954,0.003034387,-0.9809139,MathCanvas,-0.6382976,1.199145,3.720689,0.09638822,1.525492,0.4526893,-0.2081678,-0.09523065,0.9734461,0.1289714,1.528029,0.4621086,-0.2288361,-0.09627924,0.9686921,0.06500307,1.523232,0.444337,-0.1761561,-0.09207722,0.9800464,0.09698722,1.52563,0.4532228,0.2355615,344.4908,4.132711,0,4,False
1,Center_Head_Far,314,13.04,0.09749034,1.525548,0.4535122,0.1226621,1.247407,0.4578956,-0.4823031,0.2245414,0.06061288,0.8445656,0.2938944,1.036736,0.6109449,-0.1396186,-0.1383034,-0.0004713796,-0.9804992,MathCanvas,-0.6048083,1.20458,3.734999,0.09698722,1.52563,0.4532228,-0.2269649,-0.09267419,0.9694836,0.1294944,1.527832,0.4623565,-0.2521161,-0.09464006,0.9630581,0.06548627,1.523265,0.4446679,-0.199632,-0.09075441,0.9756591,0.09749034,1.525548,0.4535122,0.2288296,344.5677,3.933871,0,4,False
1,Center_Head_Far,315,13.06,0.09796836,1.52568,0.4539114,0.1222659,1.247172,0.4585971,-0.4805373,0.2228713,0.05991828,0.8460627,0.2944885,1.036834,0.6117223,-0.1398777,-0.1398278,0.000236366,-0.9802461,MathCanvas,-0.6671451,1.213333,3.719664,0.09749034,1.525548,0.4535122,-0.2259625,-0.09269744,0.9697155,0.1300091,1.527928,0.462631,-0.2485227,-0.0937582,0.9640778,0.06592764,1.523431,0.4451918,-0.1959855,-0.08993067,0.9764743,0.09796836,1.52568,0.4539114,0.1772742,344.7881,3.873842,0,4,False
1,Center_Head_Far,316,13.08,0.09893076,1.525982,0.4547565,0.1221047,1.247076,0.4589057,-0.4804201,0.2217755,0.05959813,0.8464397,0.2947165,1.036869,0.6120487,-0.1400267,-0.1404101,0.0006888062,-0.9801414,MathCanvas,-0.6633495,1.213362,3.721098,0.09844913,1.525855,0.4543526,-0.2471953,-0.09369197,0.9644254,0.1310398,1.528195,0.4632303,-0.2693334,-0.09464909,0.9583846,0.06682174,1.523768,0.4462827,-0.2170298,-0.0910226,0.971912,0.09893076,1.525982,0.4547565,0.0699728,345.221,3.813906,0,4,False
1,Center_Head_Far,317,13.1,0.09933278,1.526084,0.4550964,0.1218207,1.246979,0.4592369,-0.4808081,0.2197829,0.05900614,0.8467806,0.294911,1.036909,0.6123642,-0.1401576,-0.1409353,0.001180187,-0.9800468,MathCanvas,-0.7323266,1.210918,3.697883,0.09893076,1.525982,0.4547565,-0.2432759,-0.09283601,0.9655042,0.1314777,1.528272,0.4634398,-0.2655891,-0.09359998,0.9595319,0.06718785,1.523896,0.4467531,-0.2132281,-0.09001575,0.9728468,0.09933278,1.526084,0.4550964,0.01030169,345.4504,3.769344,0,4,False
1,Center_Head_Far,318,13.12,0.09969997,1.525918,0.455351,0.119099,1.247474,0.4604128,-0.4866415,0.204636,0.05470853,0.8475324,0.2949414,1.037857,0.617545,-0.1402565,-0.1435963,0.003943734,-0.9796391,MathCanvas,-0.719016,1.213795,3.702928,0.09948842,1.525995,0.4552012,-0.2502272,-0.0914622,0.9638574,0.1318521,1.527856,0.4637286,-0.2757585,-0.09362039,0.9566569,0.06754786,1.523981,0.4469734,-0.223503,-0.09049546,0.9704932,0.09969997,1.525918,0.455351,359.9808,345.3946,3.337053,0,4,False
1,Center_Head_Far,319,13.14,0.09995545,1.525912,0.4555531,0.1184138,1.247515,0.4609276,-0.4863974,0.2024136,0.05391961,0.8482565,0.2945473,1.038017,0.6182245,-0.1397288,-0.143232,0.002990414,-0.9797711,MathCanvas,-0.7419056,1.218297,3.697155,0.09969997,1.525918,0.455351,-0.2728537,-0.1018023,0.9566541,0.1321182,1.527771,0.4639076,-0.2982166,-0.1031296,0.9489105,0.06779274,1.524053,0.4471986,-0.2463132,-0.1002688,0.9639896,0.09995545,1.525912,0.4555531,359.978,345.4375,3.202454,0,4,False
1,Center_Head_Far,320,13.16,0.1002164,1.525934,0.4558577,0.1167814,1.247622,0.4617872,-0.4878583,0.1956455,0.05254459,0.8490914,0.2930254,1.038783,0.6215325,-0.1376545,-0.1415389,-0.0001874566,-0.9803152,MathCanvas,-0.8144276,1.184754,3.661477,0.1001541,1.525842,0.4556881,-0.2706738,-0.1012144,0.9573355,0.1323937,1.527645,0.4641878,-0.2976558,-0.1022651,0.9491801,0.06803908,1.524224,0.4475275,-0.2457244,-0.09963827,0.9642052,0.1002164,1.525934,0.4558577,359.9492,345.4832,2.945329,0,4,False
1,Center_Head_Far,321,13.18,0.1004819,1.525882,0.4562572,0.1154443,1.247764,0.4620624,-0.4914457,0.1878453,0.05084962,0.8488873,0.2903294,1.039774,0.6251176,-0.1355277,-0.1361066,-0.00301224,-0.9813757,MathCanvas,-0.8070028,1.186693,3.664567,0.1002164,1.525934,0.4558577,-0.2717942,-0.1009517,0.9570458,0.1326493,1.527544,0.4646354,-0.2993189,-0.1005381,0.9488416,0.06831461,1.524219,0.447879,-0.2474064,-0.09798621,0.9639444,0.1004819,1.525882,0.4562572,359.8538,345.394,2.863164,0,4,False
1,Center_Head_Far,322,13.2,0.1005569,1.525898,0.4565321,0.1145614,1.247805,0.4624915,-0.4926056,0.1831486,0.04925999,0.8493349,0.2886246,1.040351,0.6268916,-0.134537,-0.1323055,-0.003325872,-0.9820306,MathCanvas,-0.8105183,1.187511,3.664085,0.1004819,1.525882,0.4562572,-0.2843507,-0.1030171,0.9531695,0.1327191,1.527514,0.4649387,-0.3111671,-0.1027016,0.9447896,0.06839462,1.524282,0.4481254,-0.2594607,-0.1002922,0.9605319,0.1005569,1.525898,0.4565321,359.769,345.3403,2.783464,0,4,False
1,Center_Head_Far,323,13.22,0.1007216,1.526019,0.456929,0.1129498,1.247809,0.4634197,-0.4931511,0.1755888,0.04610854,0.8507906,0.2860285,1.041346,0.6301528,-0.1327745,-0.1270582,-0.004171089,-0.9829597,MathCanvas,-0.8519716,1.180808,3.649495,0.1006236,1.525966,0.4567299,-0.2872154,-0.1003575,0.9525942,0.1328803,1.527543,0.4653663,-0.3135536,-0.1003959,0.9442483,0.06856292,1.524494,0.4484918,-0.2618762,-0.0981364,0.960099,0.1007216,1.526019,0.456929,359.6415,345.2826,2.626212,0,4,False
1,Center_Head_Far,324,13.24,0.1006089,1.526078,0.4570975,0.1121231,1.247643,0.4636002,-0.4924915,0.1739765,0.04471439,0.8515779,0.2836558,1.042156,0.6320311,-0.131378,-0.1218991,-0.004164156,-0.9838004,MathCanvas,-0.862096,1.189595,3.650262,0.1007216,1.526019,0.456929,-0.2878243,-0.09926623,0.9525247,0.1327552,1.527553,0.465591,-0.3153846,-0.09955898,0.9437269,0.06846268,1.524603,0.448604,-0.2637316,-0.09737953,0.9596681,0.1006089,1.526078,0.4570975,359.5987,345.1821,2.539533,0,4,False
1,Center_Head_Far,325,13.26,0.100254,1.525806,0.4573162,0.1108793,1.247399,0.4637219,-0.4900308,0.1747526,0.04261553,0.8529451,0.2779987,1.043928,0.6353808,-0.1278798,-0.1091986,-0.007448689,-0.9857317,MathCanvas,-0.8647306,1.193147,3.651788,0.100402,1.525898,0.4571801,-0.2909311,-0.09998842,0.9515048,0.1323639,1.527221,0.4659559,-0.3186107,-0.1013142,0.9424556,0.06814399,1.524392,0.4486765,-0.2670056,-0.0992306,0.9585725,0.100254,1.525806,0.4573162,359.7091,344.928,2.435616,0,4,False
1,Center_Head_Far,326,13.27999,0.1001608,1.525759,0.4574759,0.1102746,1.24739,0.4641629,-0.4891821,0.1727723,0.0413779,0.8538961,0.2761896,1.044571,0.6369742,-0.1268319,-0.10539,-0.008253526,-0.9862751,MathCanvas,-0.8754038,1.190488,3.648254,0.100254,1.525806,0.4573162,-0.2929193,-0.1002724,0.9508647,0.132256,1.527146,0.4661745,-0.3204187,-0.1011374,0.9418615,0.06806561,1.524371,0.4487772,-0.2688415,-0.09909633,0.9580731,0.1001608,1.525759,0.4574759,359.7017,344.8232,2.390162,0,4,False
1,Center_Head_Far,327,13.3,0.09964559,1.525725,0.4578836,0.109391,1.247406,0.4649742,-0.4880468,0.1734336,0.04090938,0.8544341,0.2725189,1.046102,0.6398197,-0.12472,-0.09931535,-0.006615266,-0.9871867,MathCanvas,-0.8823588,1.189422,3.646897,0.1001115,1.525726,0.4576354,-0.2906415,-0.1041517,0.9511467,0.1316908,1.527083,0.4667694,-0.3204232,-0.104743,0.9414658,0.06760043,1.524367,0.4489977,-0.2688376,-0.1027269,0.9576917,0.09964559,1.525725,0.4578836,359.6709,344.4883,2.338591,0,4,False
1,Center_Head_Far,328,13.31999,0.09943151,1.525694,0.45811,0.1086758,1.246923,0.464416,-0.4870737,0.1744741,0.0404933,0.8547972,0.2708938,1.046756,0.641107,-0.1229134,-0.09697002,-0.005991947,-0.9876503,MathCanvas,-0.8741945,1.176748,3.64485,0.09964559,1.525725,0.4578836,-0.2947423,-0.103735,0.9499295,0.131454,1.52703,0.4670806,-0.3229425,-0.1051479,0.9405594,0.06740904,1.524358,0.4491395,-0.2713986,-0.1031684,0.9569217,0.09943151,1.525694,0.45811,359.6965,344.3385,2.300625,0,4,False
