UID,Condition,Index,Time,Player_X,Player_Y,Player_Z,Left_X,Left_Y,Left_Z,LeftRot_X,LeftRot_Y,LeftRot_Z,LeftRot_W,Right_X,Right_Y,Right_Z,RightRot_X,RightRot_Y,RightRot_Z,RightRot_W,GazeObject,GP_X,GP_Y,GP_Z,GO_X,GO_Y,GO_Z,GZ_X,GZ_Y,GZ_Z,RE_X,RE_Y,RE_Z,RED_X,RED_Y,RED_Z,LE_X,LE_Y,LE_Z,LED_X,LED_Y,LED_Z,H_X,H_Y,H_Z,HR_X,HR_Y,HR_Z,Blinking,BlinkCount,EventTriggered
1,Right_Dir_Close,0,35.61999,0.09549752,1.521158,-0.2168222,0.1133954,1.21383,-0.1878317,-0.3547587,0.5476061,0.3944542,0.6470547,0.286034,1.096566,-0.2068322,-0.1177108,0.5924413,-0.07121169,0.7937799,MathCanvas,3.621393,1.300561,0.003560647,0.09537593,1.521294,-0.2169957,0.9955801,-0.06709371,0.06571555,0.1064732,1.522053,-0.2482296,0.9933704,-0.06872537,0.09215355,0.08452186,1.520263,-0.1854147,0.9969932,-0.06630298,0.04010952,0.09549752,1.521158,-0.2168222,0.7237144,70.757,1.541705,1,9,False
1,Right_Dir_Close,1,35.63999,0.09574073,1.520937,-0.2164662,0.1133538,1.213787,-0.1877059,-0.3550048,0.5473324,0.3945164,0.6471133,0.285113,1.096689,-0.2053632,-0.1167183,0.5831904,-0.07387701,0.8005048,MathCanvas,3.621393,1.300561,0.003560647,0.09561817,1.521083,-0.2166867,0.9954672,-0.06810459,0.06638366,0.1067409,1.521833,-0.2478651,0.9932466,-0.06951744,0.09288937,0.08474054,1.520042,-0.1850673,0.9969108,-0.06708353,0.04084837,0.09574073,1.520937,-0.2164662,0.7706656,70.71349,1.542025,1,9,False
1,Right_Dir_Close,2,35.65999,0.09589655,1.520915,-0.2163382,0.1133245,1.213732,-0.1876205,-0.3549475,0.5472203,0.3944752,0.6472647,0.2845454,1.096691,-0.2038628,-0.1090202,0.579506,-0.07022797,0.8045841,MathCanvas,3.621393,1.300561,0.003560647,0.09574073,1.520937,-0.2164662,0.9953521,-0.06782043,0.06836963,0.1069099,1.521807,-0.2477325,0.9930682,-0.06953037,0.09476835,0.08488323,1.520022,-0.1849439,0.9968312,-0.06710626,0.04271358,0.09589655,1.520915,-0.2163382,0.798925,70.69026,1.536903,1,9,False
1,Right_Dir_Close,3,35.67999,0.09618553,1.520844,-0.2161247,0.1133504,1.213657,-0.1874825,-0.3547672,0.5468093,0.3941478,0.64791,0.2839601,1.096672,-0.2025269,-0.1033701,0.5784767,-0.06725088,0.8063229,MathCanvas,3.621393,1.300561,0.003560647,0.09604857,1.520895,-0.2162326,0.9960654,-0.06123425,0.06406355,0.1072204,1.521733,-0.2475116,0.9939288,-0.062893,0.09027755,0.0851507,1.519956,-0.1847377,0.9974308,-0.06055199,0.03827989,0.09618553,1.520844,-0.2161247,0.8449377,70.65221,1.529558,0,9,False
1,Right_Dir_Close,4,35.69999,0.09632608,1.520793,-0.2160147,0.1133504,1.213657,-0.1874825,-0.3547672,0.5468093,0.3941478,0.64791,0.2836072,1.096677,-0.2020028,-0.1027462,0.5763761,-0.06702465,0.8079243,MathCanvas,3.621393,1.300561,0.003560647,0.09618553,1.520844,-0.2161247,0.9960198,-0.06172255,0.06430268,0.1073715,1.521683,-0.2473978,0.9938768,-0.06325857,0.09059376,0.08528061,1.519903,-0.1846315,0.9973968,-0.06090977,0.0385974,0.09632608,1.520793,-0.2160147,0.8672604,70.63341,1.532247,0,9,False
1,Right_Dir_Close,5,35.71999,0.09636795,1.520645,-0.2160519,0.1134435,1.213621,-0.1872607,-0.3547328,0.546329,0.3939867,0.6484318,0.2844884,1.096668,-0.2016175,-0.09626678,0.5851066,-0.06153058,0.802868,MathCanvas,3.621393,1.300561,0.003560647,0.09632608,1.520793,-0.2160147,0.9963923,-0.06115924,0.05884081,0.1074054,1.521535,-0.2474379,0.9943719,-0.06397603,0.08444935,0.08533047,1.519754,-0.184666,0.9975712,-0.06159703,0.03251946,0.09636795,1.520645,-0.2160519,0.9647532,70.6506,1.533232,0,9,False
1,Right_Dir_Close,6,35.73999,0.09650602,1.52055,-0.2159989,0.1134841,1.213577,-0.1870224,-0.3546937,0.5463271,0.3940768,0.6484001,0.2844608,1.09691,-0.2013575,-0.09711054,0.5882405,-0.05602939,0.8008766,MathCanvas,3.621393,1.300561,0.003560647,0.09641743,1.520581,-0.2160192,0.9965202,-0.06100566,0.05679667,0.1075284,1.521442,-0.2473901,0.994626,-0.06232197,0.08267581,0.08548361,1.519658,-0.1846077,0.9977268,-0.0599602,0.03075939,0.09650602,1.52055,-0.2159989,1.031909,70.67992,1.536257,0,9,False
1,Right_Dir_Close,7,35.75999,0.0966065,1.520498,-0.2159632,0.1134869,1.213577,-0.1870207,-0.3546993,0.5463629,0.3940899,0.6483589,0.2843961,1.096966,-0.2011035,-0.09684179,0.5887327,-0.05470239,0.8006392,MathCanvas,3.621393,1.300561,0.003560647,0.09650602,1.52055,-0.2159989,0.9965152,-0.06114115,0.05673867,0.107622,1.521385,-0.247357,0.9946172,-0.06276687,0.08244342,0.08559101,1.519611,-0.1845695,0.9977069,-0.06040615,0.0305261,0.0966065,1.520498,-0.2159632,1.056187,70.69314,1.528132,0,9,False
1,Right_Dir_Close,8,35.77999,0.09682512,1.520629,-0.2159285,0.1135355,1.213566,-0.186939,-0.3547577,0.5466325,0.3940211,0.6481414,0.2848457,1.096787,-0.2014928,-0.09644464,0.5899216,-0.05802369,0.7995775,MathCanvas,3.621393,1.300561,0.003560647,0.09670937,1.520429,-0.2159224,0.9964714,-0.0621447,0.05641496,0.1078432,1.521495,-0.2473219,0.9946494,-0.06205117,0.08259821,0.08580708,1.519762,-0.184535,0.9977428,-0.05973474,0.03067905,0.09682512,1.520629,-0.2159285,1.004385,70.68679,1.492144,0,9,False
1,Right_Dir_Close,9,35.79999,0.09692029,1.520681,-0.2159166,0.1135462,1.213576,-0.1868897,-0.3548296,0.5465966,0.3939161,0.6481962,0.285191,1.09656,-0.2016115,-0.09521472,0.5923285,-0.05755629,0.7979777,MathCanvas,3.621393,1.300561,0.003560647,0.09682512,1.520629,-0.2159285,0.9965349,-0.06089302,0.05665958,0.1079461,1.521548,-0.2473073,0.994638,-0.06189583,0.08284992,0.0858945,1.519814,-0.1845259,0.9977441,-0.05958072,0.03093177,0.09692029,1.520681,-0.2159166,0.9954445,70.67242,1.493196,0,9,False
1,Right_Dir_Close,10,35.81999,0.09705957,1.520642,-0.2158487,0.1136113,1.213563,-0.1868331,-0.3549069,0.5464318,0.3938586,0.6483276,0.2856185,1.096305,-0.2018583,-0.09457898,0.5937203,-0.05747774,0.7970241,MathCanvas,3.621393,1.300561,0.003560647,0.09697225,1.52065,-0.2158713,0.9963418,-0.06085719,0.05999404,0.108097,1.521504,-0.2472354,0.9943415,-0.06213446,0.08616298,0.08602212,1.51978,-0.184462,0.9976218,-0.05983376,0.03421164,0.09705957,1.520642,-0.2158487,1.003079,70.65126,1.483907,0,9,False
1,Right_Dir_Close,11,35.83999,0.09707446,1.520543,-0.2157505,0.1136987,1.213552,-0.1867492,-0.354956,0.5462106,0.3938473,0.648494,0.2859519,1.096036,-0.2020371,-0.09404085,0.5939623,-0.05782865,0.7968821,MathCanvas,3.621393,1.300561,0.003560647,0.09705957,1.520642,-0.2158487,0.9963211,-0.06098414,0.06020981,0.1081147,1.521401,-0.2471364,0.9943286,-0.06221489,0.086254,0.08603425,1.519685,-0.1843646,0.9976135,-0.05991945,0.03430277,0.09707446,1.520543,-0.2157505,1.006094,70.64625,1.477072,0,9,False
1,Right_Dir_Close,12,35.85999,0.09714233,1.520532,-0.21571,0.1137143,1.213544,-0.1866362,-0.3548731,0.5461871,0.3938124,0.6485805,0.2861664,1.095826,-0.2022127,-0.0937129,0.5936351,-0.0587101,0.7971001,MathCanvas,3.621393,1.300561,0.003560647,0.09707446,1.520543,-0.2157505,0.9963105,-0.06106722,0.06030059,0.1081848,1.521387,-0.2470952,0.9943293,-0.06209017,0.08633667,0.08609988,1.519678,-0.1843249,0.9976178,-0.05980155,0.03438491,0.09714233,1.520532,-0.21571,0.9973279,70.64188,1.471721,0,9,False
1,Right_Dir_Close,13,35.87999,0.09733601,1.520543,-0.2156892,0.1138033,1.213521,-0.1865389,-0.3549016,0.546101,0.3937011,0.6487049,0.2863809,1.095722,-0.2024038,-0.09342635,0.5941185,-0.05942843,0.7967201,MathCanvas,3.621393,1.300561,0.003560647,0.09724269,1.52054,-0.2156978,0.9964788,-0.05522957,0.06308424,0.108385,1.521389,-0.2470723,0.9944279,-0.05632187,0.08911121,0.08628704,1.519698,-0.1843061,0.9978428,-0.05413947,0.03712988,0.09733601,1.520543,-0.2156892,0.9817107,70.62945,1.455352,0,9,False
1,Right_Dir_Close,14,35.89999,0.09742714,1.520547,-0.2156757,0.1138033,1.213521,-0.1865389,-0.3549016,0.546101,0.3937011,0.6487049,0.2863809,1.095722,-0.2024038,-0.09342635,0.5941185,-0.05942843,0.7967201,MathCanvas,3.621393,1.300561,0.003560647,0.09733601,1.520543,-0.2156892,0.996475,-0.0552307,0.06314325,0.1084793,1.521388,-0.2470578,0.9944196,-0.05630092,0.08921832,0.08637502,1.519706,-0.1842935,0.9978396,-0.05412544,0.03723687,0.09742714,1.520547,-0.2156757,0.9786729,70.62357,1.448277,0,9,False
1,Right_Dir_Close,15,35.91999,0.09754151,1.520499,-0.2157687,0.1139305,1.213521,-0.1864648,-0.3549461,0.5461842,0.3935565,0.6486983,0.2866974,1.095783,-0.2026288,-0.09360651,0.5954198,-0.05932413,0.7957348,MathCanvas,3.621393,1.300561,0.003560647,0.09752391,1.520514,-0.215693,0.9964543,-0.05547019,0.06325924,0.108597,1.521339,-0.2471496,0.9943624,-0.05719376,0.08928794,0.08648597,1.519659,-0.1843877,0.9977888,-0.05500669,0.03730744,0.09754151,1.520499,-0.2157687,1.031183,70.61864,1.446873,0,9,False
1,Right_Dir_Close,16,35.93999,0.09755332,1.52049,-0.2158469,0.1139559,1.213526,-0.1864803,-0.354964,0.5461923,0.3935677,0.6486749,0.2868493,1.095783,-0.2026883,-0.09349028,0.5959167,-0.05956161,0.7953586,MathCanvas,3.621393,1.300561,0.003560647,0.09754151,1.520499,-0.2157687,0.9964153,-0.05610026,0.06332052,0.1086034,1.521332,-0.2472297,0.9943324,-0.0580458,0.08907157,0.08650326,1.519647,-0.1844641,0.9977504,-0.05584284,0.03709114,0.09755332,1.52049,-0.2158469,1.082588,70.62997,1.450634,0,9,False
1,Right_Dir_Close,17,35.95999,0.09771658,1.520369,-0.2159062,0.1140063,1.213519,-0.1864777,-0.35496,0.5461951,0.3935728,0.6486716,0.28705,1.095788,-0.2027626,-0.09329534,0.5965248,-0.06012069,0.7948834,MathCanvas,3.621393,1.300561,0.003560647,0.09763169,1.520421,-0.2158876,0.9964137,-0.05893717,0.06071436,0.1087501,1.5212,-0.2472952,0.9944093,-0.06051596,0.08653301,0.08668306,1.519538,-0.1845172,0.9977009,-0.05828968,0.03457355,0.09771658,1.520369,-0.2159062,1.142565,70.66148,1.431038,0,9,False
1,Right_Dir_Close,18,35.97999,0.09779646,1.520312,-0.2159251,0.1140321,1.213517,-0.1864798,-0.3549447,0.546208,0.3935718,0.6486697,0.28705,1.095788,-0.2027626,-0.09329534,0.5965248,-0.06012069,0.7948834,MathCanvas,3.621393,1.300561,0.003560647,0.09771658,1.520369,-0.2159062,0.9963945,-0.05940286,0.06057554,0.1088186,1.521142,-0.2473181,0.9944077,-0.06108827,0.08614826,0.08677434,1.519483,-0.184532,0.9976808,-0.0588564,0.03418797,0.09779646,1.520312,-0.2159251,1.175721,70.68308,1.428088,0,9,False
1,Right_Dir_Close,19,35.99999,0.09803969,1.520212,-0.2160689,0.1142253,1.21352,-0.1864533,-0.3547356,0.5465041,0.3935527,0.6485462,0.2869962,1.095865,-0.2027308,-0.09335795,0.5961607,-0.0598217,0.7951719,MathCanvas,3.621393,1.300561,0.003560647,0.09794336,1.520259,-0.2160399,0.9966455,-0.05975759,0.05591953,0.109029,1.52105,-0.2474732,0.9947984,-0.06115054,0.08146656,0.08705042,1.519374,-0.1846646,0.997827,-0.05889224,0.02954596,0.09803969,1.520212,-0.2160689,1.189366,70.74355,1.44338,0,9,False
1,Right_Dir_Close,20,36.01999,0.09814151,1.520111,-0.2160357,0.114279,1.213521,-0.1864703,-0.3547584,0.5465471,0.3935528,0.6484975,0.2869965,1.095869,-0.202736,-0.09337902,0.5961316,-0.05979986,0.7951927,MathCanvas,3.621393,1.300561,0.003560647,0.09803969,1.520212,-0.2160689,0.9939334,-0.09291178,-0.0588553,0.1091226,1.520953,-0.2474427,0.9949189,-0.09469925,-0.03418088,0.08716043,1.51927,-0.1846286,0.9922595,-0.09140748,-0.08405817,0.09814151,1.520111,-0.2160357,1.200784,70.75886,1.449562,0,9,False
1,Right_Dir_Close,21,36.03999,0.0982387,1.52007,-0.2160746,0.114279,1.213521,-0.1864703,-0.3547584,0.5465471,0.3935528,0.6484975,0.2869965,1.095869,-0.202736,-0.09337902,0.5961316,-0.05979986,0.7951927,MathCanvas,3.621393,1.300561,0.003560647,0.09814151,1.520111,-0.2160357,0.9939036,-0.09305348,-0.05913424,0.1092104,1.520912,-0.2474849,0.9948834,-0.09495874,-0.03449512,0.08726697,1.519227,-0.1846644,0.9922096,-0.09166007,-0.08437181,0.0982387,1.52007,-0.2160746,1.217452,70.77634,1.451237,0,9,False
1,Right_Dir_Close,22,36.05999,0.09844558,1.519923,-0.2160165,0.1144696,1.213513,-0.1864814,-0.3545801,0.5467708,0.393615,0.6483686,0.2869688,1.095663,-0.2028537,-0.09309733,0.5961814,-0.06001082,0.7951725,MathCanvas,3.621393,1.300561,0.003560647,0.09834183,1.520023,-0.2161019,0.9728507,-0.1306034,-0.1910605,0.1094084,1.520749,-0.2474304,0.9767729,-0.132925,-0.1680645,0.08748275,1.519097,-0.1846027,0.9683965,-0.1280634,-0.2140275,0.09844558,1.519923,-0.2160165,1.207879,70.79198,1.423089,0,9,False
1,Right_Dir_Close,23,36.07999,0.09854412,1.51991,-0.216053,0.1145659,1.213505,-0.1864844,-0.3544672,0.5468786,0.3936413,0.6483235,0.2870308,1.095575,-0.2029536,-0.09294809,0.5964028,-0.06014824,0.7950136,MathCanvas,3.621393,1.300561,0.003560647,0.09844558,1.519923,-0.2160165,0.9718135,-0.1345321,-0.1935968,0.1094927,1.520724,-0.2474722,0.9756712,-0.1371946,-0.1710072,0.08759557,1.519097,-0.1846339,0.9672017,-0.1322267,-0.2168805,0.09854412,1.51991,-0.216053,1.206609,70.81773,1.400511,0,9,False
1,Right_Dir_Close,24,36.09999,0.09873652,1.519881,-0.2161264,0.1146451,1.213501,-0.1864937,-0.3543777,0.5470086,0.3936323,0.6482683,0.2871253,1.095474,-0.2030469,-0.0927789,0.5966826,-0.06033185,0.7948094,MathCanvas,3.621393,1.300561,0.003560647,0.09863909,1.519901,-0.2160892,0.9716337,-0.1347707,-0.194332,0.1096639,1.520687,-0.2475531,0.9755319,-0.1373907,-0.1716428,0.0878091,1.519076,-0.1846997,0.9670322,-0.1324295,-0.2175111,0.09873652,1.519881,-0.2161264,1.212407,70.85622,1.387621,0,9,False
1,Right_Dir_Close,25,36.11999,0.09883749,1.519874,-0.2161623,0.1146907,1.213499,-0.1864993,-0.3543157,0.5470989,0.3936176,0.6482348,0.2871625,1.095437,-0.2030716,-0.09270403,0.5967711,-0.06040224,0.7947464,MathCanvas,3.621393,1.300561,0.003560647,0.09873652,1.519881,-0.2161264,0.9715559,-0.1349105,-0.1946235,0.1097519,1.520679,-0.2475936,0.9754868,-0.1372267,-0.1720297,0.08792314,1.519069,-0.184731,0.9669673,-0.1322717,-0.2178952,0.09883749,1.519874,-0.2161623,1.200453,70.87973,1.385645,0,9,False
1,Right_Dir_Close,26,36.13999,0.09906863,1.520063,-0.216279,0.1149323,1.213435,-0.1865664,-0.3538315,0.5477173,0.393667,0.6479471,0.2876558,1.095129,-0.203384,-0.09188393,0.5976298,-0.06154728,0.7941083,MathCanvas,3.621393,1.300561,0.003560647,0.09895791,1.520054,-0.2162134,0.9676513,-0.134176,-0.2136537,0.1099486,1.520851,-0.2477226,0.9718621,-0.1371344,-0.1915151,0.08818868,1.519275,-0.1848354,0.9625616,-0.1320944,-0.2366985,0.09906863,1.520063,-0.216279,1.210757,70.94229,1.356605,0,9,False
1,Right_Dir_Close,27,36.15999,0.09917923,1.52004,-0.2163425,0.1149606,1.213431,-0.1865686,-0.3538286,0.5477183,0.3936899,0.6479338,0.2876558,1.095129,-0.203384,-0.09188393,0.5976298,-0.06154728,0.7941083,MathCanvas,3.621393,1.300561,0.003560647,0.09906863,1.520063,-0.216279,0.9674789,-0.1346148,-0.2141576,0.1100425,1.520819,-0.2477921,0.9717451,-0.1372842,-0.1920013,0.08831594,1.51926,-0.1848929,0.9624211,-0.1322535,-0.2371808,0.09917923,1.52004,-0.2163425,1.212443,70.97251,1.342272,0,9,False
1,Right_Dir_Close,28,36.17999,0.09944346,1.520031,-0.2166946,0.1151527,1.213378,-0.1865844,-0.3536027,0.5479399,0.3937939,0.6478066,0.2878785,1.09519,-0.2036065,-0.09225581,0.5983036,-0.0611371,0.7935893,MathCanvas,3.621393,1.300561,0.003560647,0.09928707,1.520025,-0.2163973,0.9672275,-0.1349547,-0.2150774,0.1102262,1.520793,-0.2481724,0.9712554,-0.1373594,-0.1944103,0.08866076,1.519269,-0.1852169,0.9618155,-0.132355,-0.2395687,0.09944346,1.520031,-0.2166946,1.199683,71.11858,1.311707,0,9,False
1,Right_Dir_Close,29,36.19999,0.09956384,1.520133,-0.2167796,0.1152173,1.213372,-0.1866048,-0.3534133,0.5481549,0.393826,0.6477087,0.2879434,1.095232,-0.2036887,-0.092302,0.5983778,-0.06088022,0.7935478,MathCanvas,3.621393,1.300561,0.003560647,0.09944346,1.520031,-0.2166946,0.9655156,-0.1437897,-0.2170355,0.110343,1.520888,-0.2482587,0.9700378,-0.1456998,-0.1944181,0.08878464,1.519378,-0.1853005,0.960658,-0.1404808,-0.2395857,0.09956384,1.520133,-0.2167796,1.145378,71.12356,1.300608,0,9,False
1,Right_Dir_Close,30,36.21999,0.0996401,1.520205,-0.2168375,0.1153301,1.213362,-0.1866005,-0.3532034,0.548326,0.3938202,0.6476818,0.2880025,1.095265,-0.2037508,-0.09227619,0.5984151,-0.06080671,0.7935282,MathCanvas,3.621393,1.300561,0.003560647,0.09956384,1.520133,-0.2167796,0.9629967,-0.1427894,-0.2285799,0.1103954,1.520942,-0.2483252,0.9675642,-0.1451273,-0.2067793,0.08888477,1.519468,-0.1853498,0.9576969,-0.1398774,-0.2514979,0.0996401,1.520205,-0.2168375,1.105634,71.16573,1.268668,0,9,False
1,Right_Dir_Close,31,36.23999,0.09973679,1.520266,-0.2169898,0.115448,1.213315,-0.1866168,-0.3531374,0.5483401,0.3939056,0.6476539,0.2881054,1.095324,-0.2038426,-0.09234244,0.5986653,-0.06087599,0.7933265,MathCanvas,3.621393,1.300561,0.003560647,0.09968185,1.520254,-0.2169029,0.9634368,-0.1373614,-0.2300467,0.1104278,1.520961,-0.2485003,0.9679146,-0.1401599,-0.2085587,0.08904576,1.519571,-0.1854792,0.9579164,-0.1351148,-0.2532592,0.09973679,1.520266,-0.2169898,1.074824,71.28117,1.196942,0,9,False
1,Right_Dir_Close,32,36.25999,0.0998443,1.520262,-0.2170944,0.1154584,1.21329,-0.1866409,-0.3531156,0.5484148,0.3939416,0.6475806,0.2881438,1.095336,-0.2038812,-0.09238023,0.5987428,-0.06089503,0.7932621,MathCanvas,3.621393,1.300561,0.003560647,0.09973679,1.520266,-0.2169898,0.9631837,-0.1375536,-0.2309905,0.1104982,1.520959,-0.2486175,0.9676367,-0.1402997,-0.2097502,0.08919037,1.519565,-0.1855714,0.9575855,-0.1352466,-0.2544374,0.0998443,1.520262,-0.2170944,1.091544,71.34902,1.199604,0,9,False
1,Right_Dir_Close,33,36.27999,0.1000882,1.520172,-0.2172977,0.1155751,1.213207,-0.1867044,-0.3528942,0.5489435,0.3940897,0.6471631,0.2882417,1.095345,-0.2040069,-0.09244857,0.5990205,-0.06091713,0.7930428,MathCanvas,3.621393,1.300561,0.003560647,0.09996818,1.520206,-0.2172051,0.9626643,-0.1377926,-0.2330037,0.1106862,1.520887,-0.2488392,0.9672158,-0.1404671,-0.2115719,0.08949031,1.519457,-0.1857562,0.9570864,-0.1353799,-0.2562379,0.1000882,1.520172,-0.2172977,1.121676,71.4518,1.231116,0,9,False
1,Right_Dir_Close,34,36.29999,0.1002483,1.520164,-0.21734,0.115707,1.213159,-0.1867195,-0.3528086,0.5492029,0.3942585,0.6468867,0.2883389,1.0953,-0.2040615,-0.09236858,0.5992666,-0.06100941,0.7928591,MathCanvas,3.621393,1.300561,0.003560647,0.1000882,1.520172,-0.2172977,0.9624135,-0.137924,-0.2339603,0.1108333,1.520886,-0.2488857,0.9671595,-0.1402278,-0.2119872,0.0896632,1.519441,-0.1857943,0.9570112,-0.1351346,-0.2566482,0.1002483,1.520164,-0.21734,1.113684,71.47518,1.244738,0,9,False
1,Right_Dir_Close,35,36.31999,0.1005471,1.52012,-0.2172685,0.1156855,1.213077,-0.186814,-0.3528711,0.5493941,0.3944717,0.6465603,0.2884268,1.095203,-0.2041154,-0.09219522,0.5994107,-0.06091835,0.7927773,MathCanvas,3.621393,1.300561,0.003560647,0.1003973,1.520179,-0.217354,0.959726,-0.1417741,-0.2425416,0.1110863,1.520818,-0.2488301,0.9645021,-0.1445516,-0.2209992,0.09000799,1.519421,-0.1857069,0.9540316,-0.1393287,-0.2653513,0.1005471,1.52012,-0.2172685,1.114599,71.55803,1.202518,0,9,False
1,Right_Dir_Close,36,36.33999,0.1006928,1.520039,-0.2172327,0.1156809,1.213035,-0.1868723,-0.3528652,0.5495052,0.3945186,0.6464404,0.2884961,1.0951,-0.2041798,-0.09193709,0.5994594,-0.06088838,0.7927728,MathCanvas,3.621393,1.300561,0.003560647,0.1005471,1.52012,-0.2172685,0.9595265,-0.1419407,-0.2432324,0.1112053,1.520737,-0.2488032,0.9642425,-0.1449863,-0.2218453,0.09018037,1.519342,-0.1856622,0.9537368,-0.1397521,-0.2661871,0.1006928,1.520039,-0.2172327,1.143429,71.60703,1.201455,0,9,False
1,Right_Dir_Close,37,36.35999,0.1008372,1.520001,-0.2172669,0.1157056,1.213025,-0.186885,-0.3528258,0.5495564,0.3945282,0.6464126,0.2885161,1.095074,-0.2042,-0.09185517,0.5994723,-0.06090273,0.7927714,MathCanvas,3.621393,1.300561,0.003560647,0.1006928,1.520039,-0.2172327,0.948451,-0.1418269,-0.2834179,0.1113259,1.520699,-0.2488453,0.9539216,-0.1448945,-0.2627532,0.09034853,1.519304,-0.1856885,0.9419539,-0.1394031,-0.3054335,0.1008372,1.520001,-0.2172669,1.165928,71.6507,1.201033,0,9,False
1,Right_Dir_Close,38,36.37999,0.1011069,1.519742,-0.2173541,0.1158292,1.21296,-0.1869493,-0.3524039,0.5499001,0.3945698,0.6463251,0.2885953,1.094951,-0.2042975,-0.09139369,0.5995628,-0.06113777,0.7927382,MathCanvas,1.944702,1.244278,-0.7682539,0.1009716,1.519822,-0.2173136,0.9447055,-0.1469401,-0.2931558,0.1115626,1.520474,-0.2489426,0.9503482,-0.1502076,-0.2725363,0.09065118,1.51901,-0.1857655,0.9380917,-0.1444493,-0.3148307,0.1011069,1.519742,-0.2173541,1.293998,71.7141,1.260987,0,9,False
1,Right_Dir_Close,39,36.39999,0.1012013,1.519614,-0.2172857,0.1158357,1.212824,-0.1871085,-0.3517057,0.5505614,0.394496,0.6461874,0.2887614,1.09485,-0.2044519,-0.09091387,0.5997757,-0.06158314,0.7925978,MathCanvas,1.931466,1.235047,-0.785341,0.1011069,1.519742,-0.2173541,0.9444606,-0.1473291,-0.2937485,0.1116859,1.520359,-0.2488644,0.9505843,-0.1501682,-0.2717335,0.09071663,1.518869,-0.1857071,0.9383669,-0.1443904,-0.3140368,0.1012013,1.519614,-0.2172857,1.306371,71.66227,1.283196,0,9,False
1,Right_Dir_Close,40,36.41999,0.1013693,1.519746,-0.2172193,0.1157864,1.212727,-0.1871719,-0.3518086,0.5506733,0.3945406,0.6460088,0.2889069,1.094826,-0.2045833,-0.09090585,0.6002052,-0.06164049,0.7922691,MathCanvas,1.932282,1.233978,-0.786793,0.1012859,1.51968,-0.2172434,0.9446336,-0.1474073,-0.2931527,0.1118393,1.520489,-0.2488028,0.9504408,-0.1502823,-0.272172,0.09089931,1.519003,-0.1856357,0.9382044,-0.1445042,-0.3144693,0.1013693,1.519746,-0.2172193,1.312044,71.68885,1.279772,0,9,False
1,Right_Dir_Close,41,36.43999,0.1013602,1.520055,-0.217182,0.1157726,1.212671,-0.1871871,-0.3520017,0.5506685,0.3946263,0.6458553,0.2890301,1.094843,-0.2047246,-0.09107545,0.6007445,-0.06167391,0.7918381,MathCanvas,1.933748,1.233809,-0.7858701,0.1013693,1.519746,-0.2172193,0.9445635,-0.1473939,-0.2933853,0.1118386,1.520809,-0.2487625,0.9505489,-0.1499952,-0.2719526,0.09088181,1.519302,-0.1856014,0.9383227,-0.1442093,-0.3142519,0.1013602,1.520055,-0.217182,1.304121,71.67375,1.297689,0,9,False
1,Right_Dir_Close,42,36.45999,0.1014741,1.519978,-0.2170862,0.1156896,1.212589,-0.1872193,-0.352046,0.5508472,0.3947888,0.6455795,0.2892917,1.094943,-0.2049193,-0.09154895,0.6014417,-0.06142202,0.7912737,MathCanvas,1.935012,1.233924,-0.7867217,0.101426,1.520047,-0.2171306,0.9467618,-0.1498433,-0.2849369,0.1119843,1.520748,-0.2486558,0.9524336,-0.1533788,-0.2633349,0.0909638,1.519208,-0.1855167,0.9405399,-0.1475185,-0.3059788,0.1014741,1.519978,-0.2170862,1.376022,71.61802,1.326094,0,9,False
1,Right_Dir_Close,43,36.47999,0.101525,1.519921,-0.2170415,0.1156887,1.212568,-0.1872261,-0.351966,0.5509104,0.3947642,0.6455842,0.2893593,1.094951,-0.204926,-0.09153065,0.6014391,-0.06133839,0.7912842,MathCanvas,1.943071,1.22851,-0.771332,0.1014741,1.519978,-0.2170862,0.946702,-0.1504634,-0.2848089,0.1120543,1.520694,-0.2486046,0.9524915,-0.1537644,-0.2629,0.09099574,1.519148,-0.1854783,0.9406223,-0.1478853,-0.305548,0.101525,1.519921,-0.2170415,1.405507,71.58427,1.331516,0,9,False
1,Right_Dir_Close,44,36.49999,0.1015944,1.519881,-0.217,0.1157063,1.212551,-0.1872244,-0.3519273,0.5509259,0.3947584,0.6455956,0.2893769,1.094949,-0.2049248,-0.09151551,0.6014181,-0.06133373,0.7913023,MathCanvas,1.943862,1.22711,-0.771296,0.101525,1.519921,-0.2170415,0.9468122,-0.1508167,-0.2842555,0.1121346,1.520659,-0.2485594,0.9525418,-0.1539914,-0.2625848,0.09105433,1.519104,-0.1854406,0.94069,-0.1480994,-0.3052358,0.1015944,1.519881,-0.217,1.426691,71.56522,1.338522,0,9,False
1,Right_Dir_Close,45,36.51999,0.1016549,1.519829,-0.2167436,0.115698,1.212453,-0.1872156,-0.3518164,0.5509208,0.3946223,0.6457436,0.2894989,1.094864,-0.2048845,-0.09134793,0.6013644,-0.06166199,0.791337,MathCanvas,1.944725,1.226291,-0.7703512,0.1016342,1.519917,-0.2169286,0.9470881,-0.1506194,-0.2834396,0.1122341,1.520623,-0.2482895,0.9530346,-0.1528939,-0.2614354,0.09107566,1.519035,-0.1851977,0.941229,-0.147007,-0.3041002,0.1016549,1.519829,-0.2167436,1.369242,71.49335,1.368073,0,9,False
1,Right_Dir_Close,46,36.53999,0.1016595,1.519634,-0.2165067,0.1156582,1.212422,-0.1872032,-0.351871,0.5508401,0.394572,0.6458135,0.289614,1.094794,-0.2048386,-0.09114656,0.6013694,-0.06195197,0.7913338,MathCanvas,1.946346,1.22646,-0.768813,0.1016549,1.519829,-0.2167436,0.9471461,-0.1479607,-0.2846433,0.1122497,1.520424,-0.248049,0.9529931,-0.1506053,-0.2629108,0.09106934,1.518844,-0.1849643,0.9411209,-0.1447809,-0.3054995,0.1016595,1.519634,-0.2165067,1.345163,71.47274,1.360795,0,9,False
1,Right_Dir_Close,47,36.55999,0.1017461,1.519593,-0.2163429,0.1156789,1.21237,-0.1871569,-0.351942,0.5507333,0.3945868,0.6458568,0.2896899,1.094718,-0.2047771,-0.09086075,0.6013961,-0.06213222,0.7913322,MathCanvas,1.947863,1.231225,-0.7713412,0.1016948,1.519591,-0.2164105,0.9467393,-0.1476135,-0.286173,0.1123715,1.520398,-0.247873,0.9525995,-0.1504025,-0.2644493,0.09112073,1.518789,-0.1848127,0.9406877,-0.1445479,-0.3069411,0.1017461,1.519593,-0.2163429,1.345802,71.40919,1.3851,0,9,False
1,Right_Dir_Close,48,36.57999,0.1017568,1.519539,-0.2163085,0.1156912,1.212321,-0.1871109,-0.351898,0.5507238,0.3946083,0.6458757,0.2897624,1.094605,-0.2046425,-0.09048963,0.6014444,-0.06222448,0.7913308,MathCanvas,1.946896,1.231902,-0.7740806,0.1017461,1.519593,-0.2163429,0.946899,-0.1474734,-0.2857165,0.1123862,1.520347,-0.2478372,0.952594,-0.1506491,-0.2643282,0.09112737,1.518731,-0.1847798,0.9406915,-0.1447783,-0.3068205,0.1017568,1.519539,-0.2163085,1.367588,71.4025,1.391662,0,9,False
1,Right_Dir_Close,49,36.59999,0.1017988,1.519725,-0.2162216,0.1156501,1.212225,-0.1870447,-0.3519061,0.5506842,0.3945636,0.6459323,0.2898024,1.094527,-0.2044444,-0.09054271,0.6012204,-0.06203805,0.7915096,MathCanvas,1.948122,1.231979,-0.7734292,0.1017685,1.519559,-0.2162612,0.9464507,-0.1510192,-0.2853498,0.1124499,1.520549,-0.2477426,0.9524419,-0.152874,-0.2635977,0.09114769,1.518901,-0.1847007,0.9405937,-0.1469128,-0.3061047,0.1017988,1.519725,-0.2162216,1.289627,71.36157,1.418629,0,9,False
1,Right_Dir_Close,50,36.61999,0.1017608,1.520031,-0.216231,0.1156841,1.212193,-0.187013,-0.3519509,0.5506303,0.3945271,0.6459762,0.2898307,1.094489,-0.2043302,-0.09054036,0.6010779,-0.06192267,0.7916271,MathCanvas,1.946321,1.225406,-0.7723354,0.1017988,1.519725,-0.2162216,0.9572349,-0.1546258,-0.2445245,0.1124175,1.520862,-0.2477498,0.9623773,-0.1564755,-0.222138,0.09110402,1.5192,-0.1847121,0.9520243,-0.1506799,-0.2663555,0.1017608,1.520031,-0.216231,1.225615,71.34986,1.431586,0,9,False
1,Right_Dir_Close,51,36.63999,0.1018186,1.520337,-0.2161725,0.115701,1.212178,-0.1869949,-0.3519676,0.5506024,0.3945122,0.6459999,0.2898346,1.094466,-0.204259,-0.09049005,0.6010104,-0.06189071,0.7916866,MathCanvas,1.946321,1.225406,-0.7723354,0.1017823,1.520192,-0.2162065,0.9576739,-0.1525827,-0.2440888,0.1124834,1.521184,-0.2476882,0.9627476,-0.1546379,-0.2218203,0.09115383,1.51949,-0.1846568,0.952397,-0.1488689,-0.2660415,0.1018186,1.520337,-0.2161725,1.11742,71.33286,1.459187,0,9,False
1,Right_Dir_Close,52,36.65999,0.1017692,1.520623,-0.2162673,0.1157195,1.212114,-0.1869136,-0.3518124,0.5504673,0.3945364,0.6461849,0.2898919,1.09439,-0.2040084,-0.09012286,0.6007611,-0.06210007,0.7919012,MathCanvas,1.946321,1.225406,-0.7723354,0.1018186,1.520337,-0.2161725,0.9736714,-0.1540027,-0.168069,0.1123962,1.521446,-0.2477964,0.9769028,-0.1564539,-0.1455438,0.09114221,1.519799,-0.1847382,0.9695623,-0.1512209,-0.1925644,0.1017692,1.520623,-0.2162673,1.084123,71.40026,1.417804,0,9,False
1,Right_Dir_Close,53,36.67999,0.1017516,1.520572,-0.216287,0.1157607,1.212071,-0.1868571,-0.3515917,0.5505222,0.3944435,0.6463149,0.2899538,1.094365,-0.2037627,-0.08997665,0.6003028,-0.06232199,0.792248,MathCanvas,1.946321,1.225406,-0.7723354,0.1017692,1.520623,-0.2162673,0.9735201,-0.153838,-0.169094,0.1123718,1.521399,-0.2478183,0.9767515,-0.1571284,-0.1458326,0.09113131,1.519744,-0.1847557,0.969404,-0.1518719,-0.1928489,0.1017516,1.520572,-0.216287,1.131783,71.4138,1.425065,0,9,False
1,Right_Dir_Close,54,36.69999,0.1017371,1.520502,-0.2162836,0.1157888,1.212049,-0.1868134,-0.3515934,0.550514,0.3943929,0.6463518,0.2899447,1.094374,-0.2035373,-0.08995759,0.5998051,-0.0624357,0.792618,MathCanvas,1.946321,1.225406,-0.7723354,0.101733,1.520507,-0.21629,0.9861131,-0.1554797,-0.05836987,0.1123549,1.52134,-0.2478154,0.9869282,-0.1576644,-0.03338552,0.0911193,1.519664,-0.1847518,0.9846558,-0.1532185,-0.08352822,0.1017371,1.520502,-0.2162836,1.157236,71.41907,1.443242,0,9,False
1,Right_Dir_Close,55,36.71999,0.1017412,1.520502,-0.2162756,0.1157888,1.212045,-0.1868024,-0.3516325,0.5504979,0.3943892,0.6463465,0.2899447,1.094374,-0.2035373,-0.08995759,0.5998051,-0.0624357,0.792618,MathCanvas,1.946321,1.225406,-0.7723354,0.1017371,1.520502,-0.2162836,0.9861133,-0.1554418,-0.05846667,0.1123587,1.521346,-0.2478073,0.9868948,-0.1578608,-0.03344351,0.09112374,1.519657,-0.1847438,0.9846226,-0.1534008,-0.08358479,0.1017412,1.520502,-0.2162756,1.173523,71.42017,1.454242,0,9,False
1,Right_Dir_Close,56,36.73999,0.1014947,1.520036,-0.2158555,0.1157276,1.211999,-0.186716,-0.3522731,0.5501749,0.3945629,0.6461667,0.289931,1.094414,-0.2031282,-0.08998907,0.5992967,-0.06276034,0.7929733,MathCanvas,1.946321,1.225406,-0.7723354,0.1015669,1.520133,-0.2160285,0.9815086,-0.1603228,-0.1045818,0.1121875,1.520915,-0.2473609,0.9834409,-0.1628766,-0.07946801,0.09080197,1.519156,-0.1843502,0.9790711,-0.1578856,-0.1284207,0.1014947,1.520036,-0.2158555,1.322732,71.28803,1.514197,0,9,False
1,Right_Dir_Close,57,36.75999,0.1014738,1.519979,-0.2157884,0.1157387,1.211998,-0.1867053,-0.3522889,0.5501738,0.3945521,0.6461656,0.2899391,1.094421,-0.2031058,-0.08997167,0.5992818,-0.0627517,0.7929872,MathCanvas,1.946321,1.225406,-0.7723354,0.1014947,1.520036,-0.2158555,0.9815582,-0.1604049,-0.103989,0.1121876,1.520869,-0.2472863,0.9834628,-0.1630209,-0.0788992,0.09075997,1.51909,-0.1842905,0.9791249,-0.1580126,-0.1278531,0.1014738,1.519979,-0.2157884,1.338154,71.25039,1.532062,0,9,False
1,Right_Dir_Close,58,36.77999,0.101362,1.520085,-0.2153557,0.1157411,1.211981,-0.1866492,-0.3525147,0.5499763,0.3946232,0.6461672,0.2899423,1.094422,-0.2029614,-0.08993223,0.5991894,-0.06255494,0.7930771,MathCanvas,1.946321,1.225406,-0.7723354,0.1014254,1.520027,-0.2155879,0.9819121,-0.1596403,-0.1018023,0.1121995,1.521038,-0.2468094,0.9840343,-0.1613018,-0.07522154,0.09052441,1.519131,-0.1839021,0.9798831,-0.1562286,-0.1241852,0.101362,1.520085,-0.2153557,1.276749,71.02487,1.641737,0,9,False
1,Right_Dir_Close,59,36.79999,0.1012638,1.520122,-0.2150379,0.1157064,1.211959,-0.1866019,-0.3528141,0.5497018,0.3947789,0.6461422,0.2900258,1.094418,-0.2029066,-0.08984208,0.5992869,-0.06252883,0.7930156,MathCanvas,1.946321,1.225406,-0.7723354,0.101362,1.520085,-0.2153557,0.9822671,-0.1587657,-0.09972394,0.1121753,1.521088,-0.2464656,0.9842547,-0.1610001,-0.07294852,0.09035231,1.519156,-0.1836102,0.9802176,-0.155913,-0.12192,0.1012638,1.520122,-0.2150379,1.267182,70.89013,1.66377,0,9,False
1,Right_Dir_Close,60,36.81999,0.1011123,1.520097,-0.214782,0.1157298,1.211939,-0.1865424,-0.3529881,0.549545,0.3948722,0.6461236,0.2901108,1.094414,-0.2028811,-0.08974934,0.5994118,-0.06258704,0.7929271,MathCanvas,1.946321,1.225406,-0.7723354,0.1012638,1.520122,-0.2150379,0.983918,-0.1534334,-0.09145284,0.1120841,1.521086,-0.2461879,0.9856381,-0.1558224,-0.06508917,0.09014043,1.519107,-0.183376,0.9819351,-0.150853,-0.1142223,0.1011123,1.520097,-0.214782,1.279373,70.78095,1.703991,0,9,False
1,Right_Dir_Close,61,36.83999,0.1009611,1.520076,-0.2143707,0.1157416,1.211936,-0.1865269,-0.3530197,0.5495107,0.3948877,0.6461261,0.2901384,1.094408,-0.2028672,-0.08973923,0.5994495,-0.06261334,0.7928977,MathCanvas,1.946321,1.225406,-0.7723354,0.1010467,1.520089,-0.2145784,0.9842708,-0.1531271,-0.08810902,0.1120431,1.521101,-0.2457368,0.9858905,-0.155569,-0.06179231,0.08987916,1.519051,-0.1830045,0.9823591,-0.1505475,-0.1109326,0.1009611,1.520076,-0.2143707,1.289623,70.58096,1.765757,0,9,False
1,Right_Dir_Close,62,36.85999,0.1006199,1.519925,-0.2141536,0.1158174,1.211915,-0.1864821,-0.3529136,0.5494598,0.3947456,0.6463141,0.2904841,1.094326,-0.202852,-0.08958378,0.5998234,-0.06295945,0.7926051,MathCanvas,1.946321,1.225406,-0.7723354,0.1009611,1.520076,-0.2143707,0.9844346,-0.1530587,-0.08637977,0.1117433,1.520989,-0.2455038,0.9858791,-0.1560574,-0.06073433,0.08949644,1.518861,-0.1828035,0.9824147,-0.1509624,-0.1098721,0.1006199,1.519925,-0.2141536,1.348964,70.50787,1.833042,0,9,False
1,Right_Dir_Close,63,36.87999,0.1002751,1.520021,-0.2131874,0.1158773,1.211888,-0.1864388,-0.3529567,0.5493333,0.3946386,0.6464635,0.29074,1.094228,-0.2028811,-0.08930597,0.6001026,-0.06351719,0.7923806,MathCanvas,1.946321,1.225406,-0.7723354,0.1005247,1.519906,-0.2138945,0.9873887,-0.1356094,-0.08169305,0.1116547,1.521159,-0.2444429,0.9891931,-0.1371379,-0.0518657,0.08889546,1.518882,-0.1819319,0.9860435,-0.1323287,-0.1010321,0.1002751,1.520021,-0.2131874,1.303202,70.03887,1.961091,0,9,False
1,Right_Dir_Close,64,36.89999,0.1001108,1.520055,-0.2127416,0.1158773,1.211888,-0.1864388,-0.3529567,0.5493333,0.3946386,0.6464635,0.29074,1.094228,-0.2028811,-0.08930597,0.6001026,-0.06351719,0.7923806,MathCanvas,1.946321,1.225406,-0.7723354,0.1002751,1.520021,-0.2131874,0.9878867,-0.1347848,-0.07689488,0.1115848,1.521224,-0.2439613,0.9893686,-0.1367799,-0.04940695,0.08863675,1.518886,-0.1815218,0.9863456,-0.1319278,-0.09857681,0.1001108,1.520055,-0.2127416,1.299586,69.86607,2.013381,0,9,False
1,Right_Dir_Close,65,36.91999,0.09968138,1.520097,-0.2114218,0.1159671,1.211867,-0.1863778,-0.3532183,0.5491097,0.3948711,0.6463684,0.2909027,1.09412,-0.2029243,-0.08897567,0.6005056,-0.06352547,0.7921117,MathCanvas,1.946321,1.225406,-0.7723354,0.09992892,1.5201,-0.2122104,0.9884946,-0.1338857,-0.07037926,0.1116005,1.52115,-0.2424785,0.990016,-0.1366117,-0.03472155,0.08776222,1.519044,-0.1803651,0.9876952,-0.1319498,-0.08394802,0.09968138,1.520097,-0.2114218,1.204312,69.04198,1.813579,0,9,False
1,Right_Dir_Close,66,36.93999,0.09946427,1.520062,-0.2109556,0.1160399,1.211861,-0.186347,-0.3531021,0.5490955,0.3949135,0.6464182,0.2909584,1.094133,-0.2029331,-0.08907662,0.6005802,-0.06348134,0.7920473,MathCanvas,1.946321,1.225406,-0.7723354,0.09968138,1.520097,-0.2114218,0.9891647,-0.1342811,-0.05934525,0.1114978,1.52114,-0.2419674,0.9902437,-0.1358282,-0.03111655,0.08743072,1.518983,-0.1799439,0.9881022,-0.1311423,-0.080349,0.09946427,1.520062,-0.2109556,1.173725,68.83018,1.85754,0,9,False
1,Right_Dir_Close,67,36.95999,0.09895619,1.520139,-0.2098047,0.1161425,1.211849,-0.1862943,-0.3529435,0.5491101,0.3948959,0.646503,0.291016,1.09414,-0.2029282,-0.08911008,0.6006199,-0.06345978,0.7920152,MathCanvas,1.946321,1.225406,-0.7723354,0.09918821,1.520115,-0.2103434,0.9874676,-0.144028,-0.06452811,0.1113311,1.52132,-0.240678,0.9886661,-0.1459356,-0.03524297,0.0865813,1.518957,-0.1789314,0.9864618,-0.1407706,-0.08412385,0.09895619,1.520139,-0.2098047,1.132085,68.19791,2.034877,0,9,False
1,Right_Dir_Close,68,36.97999,0.09869803,1.52018,-0.2092006,0.1161754,1.211844,-0.1862785,-0.3528976,0.5491152,0.3948793,0.646534,0.291016,1.09414,-0.2029282,-0.08911008,0.6006199,-0.06345978,0.7920152,MathCanvas,1.946321,1.225406,-0.7723354,0.09895619,1.520139,-0.2098047,0.9878698,-0.1433536,-0.05969274,0.1112466,1.521399,-0.2400023,0.9889635,-0.1451368,-0.02977616,0.0861495,1.518961,-0.1783989,0.9870317,-0.1399294,-0.07866427,0.09869803,1.52018,-0.2092006,1.110036,67.87481,2.099424,0,9,False
1,Right_Dir_Close,69,36.99999,0.09810917,1.520154,-0.2076821,0.1163012,1.211757,-0.1862155,-0.3527871,0.5490822,0.3946874,0.6467395,0.291243,1.094082,-0.2029069,-0.08902788,0.6007848,-0.06372941,0.7918776,MathCanvas,1.946321,1.225406,-0.7723354,0.09869803,1.52018,-0.2092006,0.9880401,-0.1422654,-0.05947757,0.1111501,1.521341,-0.2382799,0.9891597,-0.1455904,-0.01914734,0.08506825,1.518967,-0.1770844,0.9877633,-0.1403875,-0.06793395,0.09810917,1.520154,-0.2076821,1.130241,66.95636,2.044499,0,9,False
1,Right_Dir_Close,70,37.01999,0.09739169,1.520152,-0.2058218,0.116425,1.211726,-0.1861234,-0.3528192,0.5489451,0.3945888,0.6468984,0.2913733,1.093969,-0.202881,-0.08903277,0.6009283,-0.0640121,0.7917454,MathCanvas,1.946321,1.225406,-0.7723354,0.09778515,1.520133,-0.2067797,0.9887555,-0.1423836,-0.04571044,0.1110028,1.521291,-0.2361721,0.9892236,-0.145899,-0.01225519,0.08378062,1.519014,-0.1754716,0.9881867,-0.1406871,-0.06077975,0.09739169,1.520152,-0.2058218,1.179445,65.88576,1.960468,0,9,False
1,Right_Dir_Close,71,37.03999,0.09701524,1.520127,-0.2048891,0.116425,1.211726,-0.1861234,-0.3528192,0.5489451,0.3945888,0.6468984,0.2913733,1.093969,-0.202881,-0.08903277,0.6009283,-0.0640121,0.7917454,MathCanvas,1.946321,1.225406,-0.7723354,0.09739169,1.520152,-0.2058218,0.9890062,-0.1432935,-0.03651965,0.1108846,1.521258,-0.2351225,0.9892601,-0.1461166,-0.003807724,0.08314589,1.518996,-0.1746557,0.9886378,-0.1409114,-0.05233949,0.09701524,1.520127,-0.2048891,1.187454,65.39742,1.947764,0,9,False
1,Right_Dir_Close,72,37.05999,0.09607188,1.519732,-0.2025099,0.1167206,1.211794,-0.1860617,-0.3524954,0.5490251,0.3943838,0.647132,0.2916983,1.093557,-0.2028475,-0.08816069,0.6011721,-0.0647433,0.7915984,MathCanvas,1.946321,1.225406,-0.7723354,0.09652825,1.519965,-0.203562,0.9892957,-0.1452559,-0.0139513,0.1107508,1.520746,-0.2323627,0.9883564,-0.1504154,0.02295274,0.08139294,1.518718,-0.172657,0.9890569,-0.1452984,-0.0255875,0.09607188,1.519732,-0.2025099,1.368912,63.85799,1.746733,0,9,False
1,Right_Dir_Close,73,37.07999,0.09578235,1.519584,-0.201717,0.1167748,1.211819,-0.1860476,-0.3525123,0.548978,0.3943694,0.6471717,0.2917654,1.093455,-0.2028283,-0.08793873,0.601201,-0.0649995,0.7915803,MathCanvas,1.946321,1.225406,-0.7723354,0.09607188,1.519732,-0.2025099,0.9889237,-0.1482067,-0.008057714,0.1107424,1.520538,-0.231432,0.9879513,-0.1526414,0.02555108,0.08082229,1.518629,-0.172002,0.9887955,-0.1475202,-0.02282825,0.09578235,1.519584,-0.201717,1.439158,63.31825,1.644332,0,9,False
1,Right_Dir_Close,74,37.09999,0.09534413,1.519577,-0.2004034,0.1169046,1.211921,-0.185926,-0.3531098,0.5484238,0.394455,0.6472635,0.2918678,1.093419,-0.2028355,-0.08780993,0.6012332,-0.06494512,0.7915745,MathCanvas,1.946321,1.225406,-0.7723354,0.095406,1.519428,-0.2007571,0.9881373,-0.1531932,0.01079965,0.1107367,1.520465,-0.2298988,0.9868317,-0.1569021,0.03930721,0.0799516,1.518689,-0.170908,0.9883723,-0.1517844,-0.009042978,0.09534413,1.519577,-0.2004034,1.542149,62.48279,1.529219,0,9,False
1,Right_Dir_Close,75,37.11999,0.09508604,1.51956,-0.1996208,0.1169203,1.212013,-0.1858609,-0.3536522,0.5482537,0.3945543,0.647051,0.291972,1.093434,-0.202839,-0.08770487,0.6012647,-0.06490599,0.7915655,MathCanvas,1.946321,1.225406,-0.7723354,0.09534413,1.519577,-0.2004034,0.9879012,-0.1543437,0.01514626,0.11069,1.520464,-0.2290043,0.9865023,-0.1570666,0.04629588,0.07948203,1.518657,-0.1702372,0.9883907,-0.1519201,-0.002038449,0.09508604,1.51956,-0.1996208,1.565311,62.07218,1.555971,0,9,False
1,Right_Dir_Close,76,37.13999,0.09471297,1.519324,-0.1988286,0.1169524,1.212078,-0.1858208,-0.3538161,0.5483347,0.3945555,0.646892,0.292098,1.093441,-0.2027862,-0.08756236,0.6012878,-0.06493606,0.7915612,MathCanvas,1.946321,1.225406,-0.7723354,0.09508604,1.51956,-0.1996208,0.9877455,-0.1544939,0.02214521,0.1105387,1.520196,-0.2280943,0.9858904,-0.1585278,0.05374971,0.07888727,1.518452,-0.1695628,0.9881497,-0.1533975,0.005429566,0.09471297,1.519324,-0.1988286,1.63349,61.64012,1.501758,0,9,False
1,Right_Dir_Close,77,37.15999,0.09423092,1.518882,-0.1975027,0.1170296,1.212127,-0.1857327,-0.353861,0.5482291,0.3945715,0.6469471,0.2921993,1.093466,-0.2027543,-0.0874556,0.6013562,-0.06495917,0.7915192,MathCanvas,1.946321,1.225406,-0.7723354,0.09448021,1.519086,-0.198183,0.9902458,-0.1391234,0.007626772,0.1104859,1.519685,-0.2265342,0.9889424,-0.1430566,0.03908527,0.07797599,1.518079,-0.1684713,0.9903682,-0.1381945,-0.00853619,0.09423092,1.518882,-0.1975027,1.817356,60.79911,1.383304,0,9,False
1,Right_Dir_Close,78,37.17999,0.09399964,1.518768,-0.1968375,0.1170546,1.212143,-0.1856948,-0.3538856,0.5481359,0.3945988,0.646996,0.2921993,1.093466,-0.2027543,-0.0874556,0.6013562,-0.06495917,0.7915192,MathCanvas,1.946321,1.225406,-0.7723354,0.09423092,1.518882,-0.1975027,0.9899448,-0.140626,0.01528764,0.1104694,1.519553,-0.2257482,0.9884104,-0.1445587,0.04634261,0.07752988,1.517983,-0.1679269,0.9901948,-0.139688,-0.001265913,0.09399964,1.518768,-0.1968375,1.899192,60.37562,1.35237,0,9,False
1,Right_Dir_Close,79,37.19999,0.09409951,1.519116,-0.1961862,0.117128,1.212276,-0.1853551,-0.3543542,0.5468858,0.3948219,0.647661,0.2924191,1.093675,-0.2025678,-0.08742142,0.6012942,-0.0643752,0.7916178,MathCanvas,1.946321,1.225406,-0.7723354,0.09412788,1.519035,-0.1966211,0.9919837,-0.1256954,0.01301146,0.1107115,1.519851,-0.2250167,0.9909711,-0.1278703,0.04031837,0.07748757,1.518381,-0.1673557,0.9923282,-0.1234317,-0.007030725,0.09409951,1.519116,-0.1961862,1.874164,60.09115,1.265954,0,9,False
1,Right_Dir_Close,80,37.21999,0.09405814,1.519214,-0.1957368,0.1171494,1.212297,-0.1853103,-0.354319,0.5468214,0.394821,0.6477351,0.2924851,1.093711,-0.20246,-0.0873526,0.6011687,-0.06438448,0.7917199,MathCanvas,1.946321,1.225406,-0.7723354,0.09409951,1.519116,-0.1961862,0.9931507,-0.1167156,0.005412221,0.110775,1.519938,-0.2245069,0.992377,-0.1188512,0.03258976,0.07734131,1.51849,-0.1669667,0.9933082,-0.1145854,-0.0144603,0.09405814,1.519214,-0.1957368,1.86356,59.88188,1.246925,0,9,False
1,Right_Dir_Close,81,37.23999,0.09398129,1.51929,-0.1949112,0.1171494,1.212297,-0.1853103,-0.354319,0.5468214,0.394821,0.6477351,0.2924851,1.093711,-0.20246,-0.0873526,0.6011687,-0.06438448,0.7917199,MathCanvas,1.946321,1.225406,-0.7723354,0.09402183,1.519259,-0.1953276,0.9930028,-0.1172711,0.01389027,0.1109651,1.519977,-0.2235254,0.9919224,-0.1197302,0.04188815,0.07699749,1.518603,-0.166297,0.993294,-0.1155006,-0.005154252,0.09398129,1.51929,-0.1949112,1.887061,59.34798,1.183434,0,9,False
1,Right_Dir_Close,82,37.25999,0.09375678,1.5191,-0.1944332,0.1173084,1.212413,-0.1849799,-0.3539204,0.5463112,0.3946008,0.6485173,0.2927054,1.093774,-0.2020274,-0.08699074,0.6007954,-0.06457496,0.7920275,MathCanvas,1.946321,1.225406,-0.7723354,0.09398129,1.51929,-0.1949112,0.9928892,-0.1176157,0.01837808,0.1107564,1.519736,-0.2230391,0.9916459,-0.1218052,0.04245073,0.07675713,1.518463,-0.1658272,0.9930501,-0.1176026,-0.004593164,0.09375678,1.5191,-0.1944332,1.976339,59.31612,1.096482,0,9,False
1,Right_Dir_Close,83,37.27999,0.09387202,1.519154,-0.1940268,0.1173116,1.212501,-0.184825,-0.3543553,0.5458378,0.3945997,0.6486791,0.2927659,1.093833,-0.2017659,-0.08684618,0.6006145,-0.06430802,0.7922024,MathCanvas,1.946321,1.225406,-0.7723354,0.09377968,1.519097,-0.1942047,0.9935641,-0.1131322,0.00562197,0.1109891,1.519772,-0.2225631,0.9928429,-0.1153279,0.03102633,0.07675494,1.518536,-0.1654906,0.9936709,-0.1112406,-0.01561344,0.09387202,1.519154,-0.1940268,2.002572,59.08036,1.064409,0,9,False
1,Right_Dir_Close,84,37.29999,0.09390302,1.51916,-0.1938071,0.1173116,1.212501,-0.184825,-0.3543553,0.5458378,0.3945997,0.6486791,0.2927659,1.093833,-0.2017659,-0.08684618,0.6006145,-0.06430802,0.7922024,MathCanvas,1.946321,1.225406,-0.7723354,0.09387202,1.519154,-0.1940268,0.9935326,-0.1132845,0.007714093,0.1111018,1.519759,-0.2222947,0.992678,-0.1159379,0.03389063,0.07670426,1.518561,-0.1653196,0.9936417,-0.1118646,-0.01274779,0.09390302,1.51916,-0.1938071,2.024703,58.91582,1.031823,0,9,False
1,Right_Dir_Close,85,37.31999,0.09399403,1.519243,-0.1936261,0.1173169,1.212521,-0.1847966,-0.3544255,0.5457783,0.3946073,0.6486862,0.2927659,1.093833,-0.2017659,-0.08684618,0.6006145,-0.06430802,0.7922024,MathCanvas,1.946321,1.225406,-0.7723354,0.09390302,1.51916,-0.1938071,0.9934357,-0.1139014,0.01058006,0.1112499,1.519834,-0.2220792,0.9925701,-0.1162621,0.03588331,0.07673811,1.518651,-0.165173,0.9936284,-0.1121916,-0.01075339,0.09399403,1.519243,-0.1936261,2.03918,58.80075,1.019374,0,9,False
1,Right_Dir_Close,86,37.33998,0.09336808,1.51904,-0.1922678,0.1174467,1.212658,-0.1845973,-0.3545602,0.5457656,0.3945758,0.6486425,0.2928217,1.093794,-0.2013404,-0.08609018,0.600293,-0.06438907,0.7925219,MathCanvas,1.946321,1.225406,-0.7723354,0.0938188,1.519026,-0.1930732,0.9927703,-0.1199662,0.003904462,0.1108692,1.519666,-0.22057,0.9919466,-0.121975,0.03411514,0.07586694,1.518414,-0.1639656,0.9929804,-0.117644,-0.01223671,0.09336808,1.51904,-0.1922678,1.843292,58.30338,1.077967,0,9,False
1,Right_Dir_Close,87,37.35999,0.09317737,1.519113,-0.1917188,0.117501,1.212669,-0.1845347,-0.3544976,0.5457204,0.3945677,0.6487196,0.2928051,1.093794,-0.2012937,-0.08598075,0.6002647,-0.06429184,0.792563,MathCanvas,1.946321,1.225406,-0.7723354,0.09336808,1.51904,-0.1922678,0.9925548,-0.121779,0.002213895,0.1108422,1.519684,-0.2199203,0.991722,-0.1245574,0.03119108,0.07551251,1.518542,-0.1635174,0.992638,-0.1201962,-0.01492271,0.09317737,1.519113,-0.1917188,1.825836,57.96909,0.9835247,0,9,False
1,Right_Dir_Close,88,37.37999,0.09288694,1.519116,-0.1909094,0.1176909,1.212698,-0.1843099,-0.354031,0.5456294,0.3946238,0.6490167,0.2927303,1.093821,-0.2012077,-0.08595145,0.6000423,-0.06412264,0.7927484,MathCanvas,1.946321,1.225406,-0.7723354,0.09295904,1.519176,-0.1911911,0.9923838,-0.1224865,0.01310062,0.1108129,1.519576,-0.2189477,0.9912372,-0.1256426,0.04077631,0.07496099,1.518657,-0.1628712,0.9925855,-0.1214308,-0.005340904,0.09288694,1.519116,-0.1909094,1.786266,57.4323,0.7909784,0,9,False
1,Right_Dir_Close,89,37.39999,0.0928849,1.51895,-0.1906726,0.1178703,1.212745,-0.1841484,-0.3531242,0.5459306,0.3945591,0.6492968,0.2926925,1.093779,-0.2011914,-0.08589125,0.5999619,-0.06419626,0.7928097,MathCanvas,1.946321,1.225406,-0.7723354,0.09288694,1.519116,-0.1909094,0.9926396,-0.1208761,0.007451415,0.1108814,1.519426,-0.2186654,0.9918068,-0.1234804,0.03273982,0.07488839,1.518475,-0.1626799,0.9927788,-0.1192441,-0.0130868,0.0928849,1.51895,-0.1906726,1.837176,57.28934,0.8192276,0,9,False
1,Right_Dir_Close,90,37.41999,0.0926458,1.518736,-0.1899085,0.1179257,1.212764,-0.1841232,-0.3528615,0.5461075,0.3945106,0.6493203,0.292693,1.093736,-0.2012109,-0.08578623,0.600047,-0.06431297,0.7927473,MathCanvas,1.946321,1.225406,-0.7723354,0.09276213,1.518836,-0.1902909,0.9920173,-0.1254817,0.01249218,0.1108678,1.519188,-0.2177554,0.9909863,-0.1280299,0.03942683,0.07442383,1.518284,-0.1620616,0.9922996,-0.1236983,-0.006354392,0.0926458,1.518736,-0.1899085,1.870316,56.82618,0.7782512,0,9,False
1,Right_Dir_Close,91,37.43999,0.09252198,1.51858,-0.1894974,0.1179417,1.212778,-0.1841224,-0.3527799,0.5461833,0.3944907,0.6493129,0.2926986,1.093681,-0.2012405,-0.08568934,0.6001724,-0.06445347,0.7926514,MathCanvas,1.946321,1.225406,-0.7723354,0.0926458,1.518736,-0.1899085,0.9919095,-0.1258644,0.01654726,0.1108598,1.519023,-0.2172683,0.990707,-0.1288643,0.04351458,0.07418413,1.518137,-0.1617265,0.9922141,-0.124524,-0.002260089,0.09252198,1.51858,-0.1894974,1.917036,56.58768,0.7624281,0,9,False
1,Right_Dir_Close,92,37.45999,0.09184492,1.518265,-0.1882939,0.1180567,1.212916,-0.1842778,-0.3529037,0.5465968,0.3945092,0.6488863,0.2927373,1.093335,-0.2015874,-0.08518399,0.601329,-0.06520811,0.791767,MathCanvas,1.946321,1.225406,-0.7723354,0.09252198,1.51858,-0.1894974,0.9917271,-0.1266944,0.0206387,0.1104821,1.51876,-0.2158639,0.9896597,-0.1330607,0.05355772,0.0732077,1.517769,-0.1607239,0.9916764,-0.128517,0.007822335,0.09184492,1.518265,-0.1882939,2.254549,55.97501,0.854065,0,9,False
1,Right_Dir_Close,93,37.47999,0.09092016,1.517795,-0.1863068,0.1181994,1.213051,-0.1843492,-0.3526874,0.5469614,0.3945317,0.6486831,0.2928069,1.093284,-0.2019292,-0.08498455,0.601967,-0.06541208,0.7912867,MathCanvas,1.946321,1.225406,-0.7723354,0.09143946,1.518055,-0.1873325,0.9909778,-0.1317222,0.02474928,0.1101399,1.518356,-0.2134726,0.989076,-0.1359242,0.05703801,0.07170038,1.517234,-0.159141,0.9912993,-0.1310946,0.01182708,0.09092016,1.517795,-0.1863068,2.554141,54.76372,0.9668471,0,9,False
1,Right_Dir_Close,94,37.49999,0.09044757,1.517542,-0.1853292,0.1181994,1.213051,-0.1843492,-0.3526874,0.5469614,0.3945317,0.6486831,0.2928069,1.093284,-0.2019292,-0.08498455,0.601967,-0.06541208,0.7912867,MathCanvas,1.946321,1.225406,-0.7723354,0.09092016,1.517795,-0.1863068,0.9904485,-0.1335098,0.03444898,0.1098953,1.51812,-0.2123319,0.9883648,-0.137466,0.06510133,0.0709998,1.516963,-0.1583265,0.9909742,-0.1325641,0.0199185,0.09044757,1.517542,-0.1853292,2.677874,54.28453,0.9967806,0,9,False
1,Right_Dir_Close,95,37.51999,0.08902202,1.516285,-0.1820972,0.118465,1.213403,-0.1846885,-0.3518392,0.5481806,0.3943185,0.6482439,0.2927875,1.093578,-0.2026687,-0.08587743,0.6027531,-0.06575594,0.7905631,MathCanvas,1.946321,1.225406,-0.7723354,0.08998529,1.517252,-0.1843139,0.989257,-0.1368575,0.05138743,0.1094997,1.516812,-0.2083285,0.9840528,-0.1453261,0.1025685,0.06854433,1.515758,-0.1558658,0.9884385,-0.1402797,0.05753931,0.08902202,1.516285,-0.1820972,3.158885,52.07238,0.9081983,0,9,False
1,Right_Dir_Close,96,37.53999,0.08821847,1.515822,-0.1802423,0.1184944,1.213483,-0.1848115,-0.3518499,0.5485598,0.3943051,0.6479254,0.2927959,1.093685,-0.2028978,-0.086157,0.6029963,-0.06578504,0.7903448,MathCanvas,1.946321,1.225406,-0.7723354,0.08902202,1.516285,-0.1820972,0.9871857,-0.1436389,0.06951451,0.1092391,1.516329,-0.206041,0.9824724,-0.1489087,0.112135,0.06719787,1.515314,-0.1544436,0.9873146,-0.143713,0.06750074,0.08821847,1.515822,-0.1802423,3.323209,50.87783,0.8751335,0,9,False
1,Right_Dir_Close,97,37.55999,0.08647148,1.514976,-0.1768331,0.1185276,1.213578,-0.1849537,-0.3518662,0.5490493,0.3943105,0.6474985,0.2927803,1.093791,-0.2030742,-0.08640537,0.6032037,-0.0657731,0.7901604,MathCanvas,1.946321,1.225406,-0.7723354,0.08736788,1.515402,-0.1785175,0.982362,-0.1524465,0.1082826,0.1084637,1.5154,-0.2018102,0.9762307,-0.1579175,0.1484443,0.0644792,1.514551,-0.151856,0.9827972,-0.1525958,0.1040389,0.08647148,1.514976,-0.1768331,3.626075,48.68246,0.7322177,0,9,False
1,Right_Dir_Close,98,37.57999,0.08559746,1.514529,-0.1753097,0.1186054,1.213832,-0.18545,-0.3518311,0.5509831,0.394208,0.6459355,0.2926865,1.094219,-0.2038032,-0.08789036,0.6041033,-0.06555531,0.789327,MathCanvas,1.946321,1.225406,-0.7723354,0.08647148,1.514976,-0.1768331,0.9797693,-0.1552572,0.1262839,0.1081411,1.51474,-0.1997931,0.9716253,-0.1639204,0.1705119,0.06305377,1.514319,-0.1508264,0.9792112,-0.1587652,0.1262495,0.08559746,1.514529,-0.1753097,3.804037,47.38594,0.3633504,0,9,False
1,Right_Dir_Close,99,37.59999,0.08369615,1.513871,-0.1722882,0.1186885,1.214088,-0.186349,-0.3521969,0.553493,0.3941485,0.6436224,0.2926845,1.094522,-0.2048315,-0.08938552,0.6054693,-0.06558766,0.7881088,MathCanvas,1.946321,1.225406,-0.7723354,0.08472845,1.514143,-0.1739724,0.9636838,-0.1849844,0.1925993,0.1072583,1.513894,-0.1957939,0.9529837,-0.1901751,0.2359141,0.06013401,1.513848,-0.1487824,0.9639301,-0.1847795,0.1915601,0.08369615,1.513871,-0.1722882,4.079735,44.93422,0.04014735,0,9,False
1,Right_Dir_Close,100,37.61999,0.08271416,1.513655,-0.1706098,0.1186774,1.214093,-0.1864366,-0.3522915,0.5536444,0.3941652,0.6434302,0.2926983,1.094512,-0.20495,-0.0893696,0.6056288,-0.06572016,0.787977,MathCanvas,1.946321,1.225406,-0.7723354,0.08369615,1.513871,-0.1722882,0.9163247,-0.2871968,0.279047,0.1067733,1.513594,-0.1936066,0.9005933,-0.2930613,0.321009,0.05865502,1.513716,-0.1476131,0.917509,-0.2860795,0.2762896,0.08271416,1.513655,-0.1706098,4.163491,43.69898,359.8948,0,9,False
1,Right_Dir_Close,101,37.63999,0.08173086,1.513433,-0.1688973,0.1186647,1.21409,-0.1865179,-0.3523859,0.5537703,0.3942077,0.6432441,0.2926983,1.094512,-0.20495,-0.0893696,0.6056288,-0.06572016,0.787977,MathCanvas,1.946321,1.225406,-0.7723354,0.08271416,1.513655,-0.1706098,0.9093323,-0.2895724,0.2987689,0.1062601,1.513286,-0.1913915,0.8928168,-0.2958079,0.3396702,0.05720165,1.513581,-0.146403,0.9106758,-0.2888995,0.2953078,0.08173086,1.513433,-0.1688973,4.272573,42.50303,359.7447,0,9,False
1,Right_Dir_Close,102,37.65999,0.08087499,1.513575,-0.1667064,0.1186143,1.213875,-0.1871241,-0.3513765,0.5558024,0.3942184,0.642036,0.2926919,1.094187,-0.2065642,-0.09001938,0.6083075,-0.06696807,0.7857313,MathCanvas,1.946321,1.225406,-0.7723354,0.08075194,1.51319,-0.167217,0.8943828,-0.2951793,0.3360782,0.1060449,1.513113,-0.1884769,0.8818042,-0.2940218,0.3687444,0.05570507,1.514038,-0.1449359,0.900959,-0.2876625,0.324843,0.08087499,1.513575,-0.1667064,3.881722,40.80387,359.2017,0,9,False
1,Right_Dir_Close,103,37.67999,0.08059239,1.513505,-0.1659687,0.1187283,1.213785,-0.1873201,-0.3501069,0.5569826,0.3937669,0.6419839,0.2926465,1.094062,-0.2069456,-0.09026185,0.6088412,-0.06718589,0.7852715,MathCanvas,1.946321,1.225406,-0.7723354,0.08087499,1.513575,-0.1667064,0.8770085,-0.3050359,0.3712267,0.1059312,1.512905,-0.1875391,0.8622672,-0.3097166,0.4007131,0.05525361,1.514105,-0.1443983,0.8834158,-0.3036383,0.3569039,0.08059239,1.513505,-0.1659687,3.875525,40.33709,358.9647,0,9,False
1,Right_Dir_Close,104,37.69999,0.08015152,1.513245,-0.1645069,0.1187759,1.213756,-0.1873824,-0.3497007,0.5573384,0.3935425,0.6420341,0.2926147,1.093949,-0.2071842,-0.09037188,0.6091371,-0.06743944,0.7850075,MathCanvas,1.946321,1.225406,-0.7723354,0.08034729,1.513358,-0.1652526,0.8686092,-0.3077883,0.3883098,0.1059415,1.512424,-0.1855282,0.8519554,-0.312151,0.4203971,0.05436151,1.514067,-0.1434855,0.8740642,-0.3063738,0.3770236,0.08015152,1.513245,-0.1645069,3.861617,39.08783,358.5823,0,9,False
1,Right_Dir_Close,105,37.71999,0.08093309,1.512865,-0.1648706,0.1189231,1.213537,-0.1874751,-0.3491504,0.5574656,0.3927374,0.6427158,0.2925519,1.093429,-0.2079015,-0.09020088,0.6101511,-0.0684106,0.7841553,MathCanvas,1.946321,1.225406,-0.7723354,0.08015152,1.513245,-0.1645069,0.8632862,-0.309264,0.3988644,0.1064072,1.512096,-0.1862755,0.8574542,-0.3158734,0.4061973,0.05545894,1.513633,-0.1434656,0.87893,-0.3099264,0.3625296,0.08093309,1.512865,-0.1648706,4.150462,39.94301,358.6731,0,9,False
1,Right_Dir_Close,106,37.73999,0.08220736,1.512528,-0.1649388,0.1189607,1.213494,-0.1874143,-0.349292,0.5569391,0.3930307,0.6429159,0.2926795,1.092552,-0.2086172,-0.08925039,0.6120574,-0.06945084,0.7826855,MathCanvas,1.946321,1.225406,-0.7723354,0.08148103,1.512647,-0.1647317,0.8954247,-0.280587,0.3456669,0.1074193,1.5118,-0.1866535,0.8884529,-0.2846239,0.3600566,0.05699545,1.513255,-0.1432242,0.9068395,-0.2787117,0.3161676,0.08220736,1.512528,-0.1649388,4.337154,40.64283,358.7439,0,9,False
1,Right_Dir_Close,107,37.75999,0.08282433,1.512384,-0.1651895,0.1189607,1.213494,-0.1874143,-0.349292,0.5569391,0.3930307,0.6429159,0.2926795,1.092552,-0.2086172,-0.08925039,0.6120574,-0.06945084,0.7826855,MathCanvas,1.946321,1.225406,-0.7723354,0.08220736,1.512528,-0.1649388,0.897504,-0.2816664,0.3393385,0.1079851,1.511648,-0.1869631,0.888501,-0.2860569,0.3588,0.05766356,1.513119,-0.1434159,0.9068455,-0.2801285,0.3148958,0.08282433,1.512384,-0.1651895,4.426794,40.77419,358.73,0,9,False
1,Right_Dir_Close,108,37.77999,0.08349095,1.512256,-0.1654601,0.1189683,1.21348,-0.1874181,-0.3492194,0.5569172,0.3930711,0.6429496,0.2926795,1.092552,-0.2086172,-0.08925039,0.6120574,-0.06945084,0.7826855,MathCanvas,1.946321,1.225406,-0.7723354,0.08282433,1.512384,-0.1651895,0.8979459,-0.2830941,0.3369732,0.1086071,1.51151,-0.1872848,0.8888425,-0.2875873,0.3567247,0.0583748,1.513001,-0.1436354,0.9071067,-0.2816376,0.3127901,0.08349095,1.512256,-0.1654601,4.520444,40.8875,358.7119,0,9,False
1,Right_Dir_Close,109,37.79999,0.0858594,1.512073,-0.1669099,0.1188544,1.213134,-0.1874956,-0.3485651,0.5566992,0.3932132,0.6434065,0.2927256,1.092072,-0.2088272,-0.08824242,0.6131169,-0.06991232,0.7819292,MathCanvas,1.946321,1.225406,-0.7723354,0.08472539,1.512046,-0.1661707,0.9209043,-0.2709624,0.2802048,0.1100724,1.51162,-0.1897401,0.9177475,-0.2731139,0.2883546,0.06164635,1.512527,-0.1440797,0.9323804,-0.266628,0.2440824,0.0858594,1.512073,-0.1669099,4.713294,43.25185,359.2162,0,9,False
1,Right_Dir_Close,110,37.81999,0.08715109,1.512198,-0.1678148,0.1188423,1.213065,-0.1874705,-0.3483612,0.5566157,0.3932264,0.6435811,0.2927113,1.092116,-0.208794,-0.08821598,0.6130813,-0.06977899,0.7819719,MathCanvas,1.946321,1.225406,-0.7723354,0.0858594,1.512073,-0.1669099,0.9269631,-0.2670434,0.2634905,0.110983,1.511881,-0.1910448,0.9248924,-0.2682517,0.2694723,0.06331914,1.512516,-0.1445848,0.9385783,-0.2616286,0.2249918,0.08715109,1.512198,-0.1678148,4.708138,44.22219,359.4517,0,9,False
1,Right_Dir_Close,111,37.83998,0.08963094,1.512274,-0.169523,0.1188423,1.213065,-0.1874705,-0.3483612,0.5566157,0.3932264,0.6435811,0.2927113,1.092116,-0.208794,-0.08821598,0.6130813,-0.06977899,0.7819719,MathCanvas,1.946321,1.225406,-0.7723354,0.0883869,1.512233,-0.1686632,0.9348426,-0.2647271,0.2366196,0.1129118,1.512118,-0.1933068,0.9312375,-0.2676188,0.2473396,0.06635004,1.51243,-0.1457391,0.9439045,-0.2607687,0.2025931,0.08963094,1.512274,-0.169523,4.802311,45.58962,359.73,0,9,False
1,Right_Dir_Close,112,37.85999,0.09078473,1.511726,-0.1712043,0.1188561,1.213113,-0.1874311,-0.3476784,0.556852,0.3933223,0.6436872,0.2924848,1.092461,-0.2086374,-0.08884957,0.6128604,-0.06966463,0.7820836,MathCanvas,1.946321,1.225406,-0.7723354,0.08963094,1.512274,-0.169523,0.9370974,-0.2661161,0.2259002,0.1132595,1.511906,-0.1957512,0.939468,-0.2671874,0.2145015,0.06830998,1.511547,-0.1466575,0.9506789,-0.2598254,0.1694121,0.09078473,1.511726,-0.1712043,4.967775,47.5501,0.3101525,0,9,False
1,Right_Dir_Close,113,37.87999,0.09347754,1.511873,-0.1743517,0.1189028,1.21318,-0.1874079,-0.3474039,0.5569018,0.3937363,0.6435392,0.2922021,1.092716,-0.2085814,-0.08939555,0.6129898,-0.06943478,0.7819403,MathCanvas,1.946321,1.225406,-0.7723354,0.09204853,1.511696,-0.1727013,0.9446699,-0.2660702,0.1918473,0.1148263,1.512417,-0.1998787,0.9443734,-0.2674987,0.1913202,0.07212874,1.51133,-0.1488247,0.9546405,-0.2598202,0.1454477,0.09347754,1.511873,-0.1743517,5.101004,50.17707,0.9393731,0,9,False
1,Right_Dir_Close,114,37.89999,0.09484428,1.511906,-0.1759455,0.1189028,1.21318,-0.1874079,-0.3474039,0.5569018,0.3937363,0.6435392,0.2922021,1.092716,-0.2085814,-0.08939555,0.6129898,-0.06943478,0.7819403,MathCanvas,1.946321,1.225406,-0.7723354,0.09347754,1.511873,-0.1743517,0.9497913,-0.2636616,0.1684607,0.115678,1.512614,-0.2018907,0.9486245,-0.2660617,0.1712389,0.0740106,1.511197,-0.1500004,0.9579561,-0.2581546,0.1252053,0.09484428,1.511906,-0.1759455,5.157602,51.34602,1.224849,0,9,False
1,Right_Dir_Close,115,37.91999,0.09625623,1.512053,-0.1776264,0.1189028,1.21318,-0.1874079,-0.3474039,0.5569018,0.3937363,0.6435392,0.2922021,1.092716,-0.2085814,-0.08939555,0.6129898,-0.06943478,0.7819403,MathCanvas,1.946321,1.225406,-0.7723354,0.09484428,1.511906,-0.1759455,0.9535762,-0.2621104,0.1482932,0.116528,1.512942,-0.2040074,0.9528466,-0.2639584,0.1496977,0.07598448,1.511164,-0.1512453,0.9611682,-0.2558148,0.103512,0.09625623,1.512053,-0.1776264,5.183895,52.5995,1.537029,0,9,False
1,Right_Dir_Close,116,37.93999,0.09931381,1.512975,-0.1821886,0.1191198,1.213413,-0.1876288,-0.3462819,0.5589384,0.3947974,0.6417257,0.2912895,1.092869,-0.2089079,-0.08975226,0.6134181,-0.06907019,0.7815958,MathCanvas,1.946321,1.225406,-0.7723354,0.0980693,1.512977,-0.1801808,0.9616434,-0.2537245,0.1042406,0.1178028,1.514454,-0.2098231,0.9617997,-0.2545111,0.1008242,0.08082478,1.511497,-0.1545541,0.9678033,-0.245862,0.05393097,0.09931381,1.512975,-0.1821886,4.764281,56.42758,2.554584,0,9,False
1,Right_Dir_Close,117,37.95999,0.100463,1.512932,-0.1842598,0.1192391,1.213449,-0.1877326,-0.3454457,0.5598558,0.3951485,0.6411602,0.2910068,1.092795,-0.2091398,-0.08937601,0.6136887,-0.06886042,0.781445,MathCanvas,1.946321,1.225406,-0.7723354,0.09931381,1.512975,-0.1821886,0.9594702,-0.2609524,0.1063992,0.1182057,1.514563,-0.2123708,0.9591981,-0.2630744,0.1035896,0.08272031,1.511301,-0.1561487,0.9654903,-0.2543514,0.05598059,0.100463,1.512932,-0.1842598,4.750682,57.97496,2.818918,0,9,False
1,Right_Dir_Close,118,37.97999,0.1028564,1.513035,-0.1884667,0.1193238,1.213464,-0.1878006,-0.3448319,0.5605128,0.3953851,0.6407707,0.2909147,1.092776,-0.2092565,-0.08919353,0.6138229,-0.06874441,0.7813708,MathCanvas,1.946321,1.225406,-0.7723354,0.1017008,1.513033,-0.1863597,0.9653824,-0.2552152,0.05386943,0.1191074,1.515022,-0.2174435,0.9650512,-0.2569335,0.05158734,0.08660533,1.511048,-0.15949,0.9688088,-0.2477802,0.003792226,0.1028564,1.513035,-0.1884667,4.643536,60.99335,3.434449,0,9,False
1,Right_Dir_Close,119,37.99998,0.1034592,1.512868,-0.1906012,0.1201627,1.213299,-0.188534,-0.339307,0.5657145,0.3987895,0.6370282,0.2899826,1.092489,-0.211718,-0.08783139,0.6173781,-0.06796154,0.7787883,MathCanvas,1.946321,1.225406,-0.7723354,0.1028564,1.513035,-0.1884667,0.9645197,-0.2557878,0.06537801,0.1189751,1.514961,-0.2199707,0.9625052,-0.2636693,0.06373644,0.08794327,1.510774,-0.1612317,0.9669116,-0.2546646,0.01510072,0.1034592,1.512868,-0.1906012,4.952175,62.46541,3.620337,0,9,False
1,Right_Dir_Close,120,38.01999,0.1053992,1.512914,-0.1945549,0.1204059,1.213124,-0.1890149,-0.3375538,0.5676308,0.4013812,0.6346226,0.2896831,1.092397,-0.2129828,-0.08756778,0.6190123,-0.06769358,0.7775431,MathCanvas,1.946321,1.225406,-0.7723354,0.1044523,1.512885,-0.1925125,0.9628879,-0.2636924,0.05756265,0.1194043,1.515218,-0.2246588,0.9621357,-0.2665702,0.05687791,0.09139416,1.51061,-0.164451,0.96619,-0.2577285,0.007276058,0.1053992,1.512914,-0.1945549,4.936698,65.3944,3.984373,0,9,False
1,Right_Dir_Close,121,38.03999,0.1064085,1.513051,-0.1964911,0.1205784,1.212917,-0.1897285,-0.3362429,0.5696532,0.4041204,0.6317617,0.2892824,1.092227,-0.2149248,-0.08703402,0.6212561,-0.0665208,0.775913,MathCanvas,1.946321,1.225406,-0.7723354,0.1053992,1.512914,-0.1945549,0.9644918,-0.2621521,0.03211915,0.1196275,1.515366,-0.2269475,0.9638264,-0.2645811,0.03217852,0.09318945,1.510736,-0.1660347,0.9665815,-0.2557604,-0.01751554,0.1064085,1.513051,-0.1964911,4.816848,66.87427,4.002349,0,9,False
1,Right_Dir_Close,122,38.05999,0.1078638,1.513065,-0.2002415,0.120878,1.212688,-0.1908484,-0.3333552,0.5686445,0.4110987,0.6296949,0.288794,1.091754,-0.2188167,-0.08691654,0.626626,-0.06503562,0.7717226,MathCanvas,1.946321,1.225406,-0.7723354,0.1072255,1.513105,-0.1983994,0.965908,-0.2583893,-0.01602328,0.1196375,1.515512,-0.2312752,0.9651426,-0.2613666,-0.0136835,0.09609011,1.510618,-0.1692079,0.9655434,-0.2523947,-0.0634259,0.1078638,1.513065,-0.2002415,4.700418,69.57135,4.23063,0,9,False
1,Right_Dir_Close,123,38.07999,0.1084819,1.513027,-0.2020603,0.1209817,1.212728,-0.1911979,-0.3336644,0.5667117,0.4138626,0.6294631,0.2887169,1.091583,-0.2206035,-0.08677951,0.6294745,-0.06499763,0.7694196,MathCanvas,1.946321,1.225406,-0.7723354,0.1078638,1.513065,-0.2002415,0.9628906,-0.2369235,-0.1292632,0.1195584,1.515534,-0.2333448,0.9622366,-0.2405565,-0.1274093,0.09740544,1.510519,-0.1707758,0.9571902,-0.2308117,-0.1746796,0.1084819,1.513027,-0.2020603,4.673392,70.85709,4.335267,0,9,False
1,Right_Dir_Close,124,38.09999,0.1091536,1.513032,-0.2039281,0.1211382,1.212677,-0.1915525,-0.3327141,0.5668759,0.4159381,0.6284494,0.2885481,1.091474,-0.2218485,-0.08662066,0.6312065,-0.06465125,0.7680466,MathCanvas,1.946321,1.225406,-0.7723354,0.1084819,1.513027,-0.2020603,0.9600165,-0.2356871,-0.1510631,0.1194797,1.515617,-0.235462,0.9593,-0.2388113,-0.1507069,0.09882761,1.510448,-0.1723942,0.9531169,-0.2289841,-0.1978245,0.1091536,1.513032,-0.2039281,4.624866,72.22958,4.46847,0,9,False
1,Right_Dir_Close,125,38.11999,0.1101116,1.513405,-0.2066638,0.1207935,1.212627,-0.1921808,-0.3339641,0.5541177,0.4322819,0.6281353,0.2890772,1.091807,-0.2274131,-0.0875567,0.6407588,-0.06334329,0.7600985,MathCanvas,1.946321,1.225406,-0.7723354,0.1097776,1.513034,-0.2057063,0.9524446,-0.2326039,-0.1968362,0.1193928,1.515899,-0.2385281,0.9540058,-0.2386393,-0.1814499,0.1008304,1.510911,-0.1747995,0.9462687,-0.2289616,-0.2283685,0.1101116,1.513405,-0.2066638,4.534714,74.10208,4.311197,0,9,False
1,Right_Dir_Close,126,38.13999,0.1106494,1.513755,-0.2081745,0.1206629,1.212708,-0.1925886,-0.3358544,0.5478027,0.4384762,0.628373,0.2892527,1.091984,-0.2297586,-0.08794251,0.6445796,-0.06301734,0.7568434,MathCanvas,1.946321,1.225406,-0.7723354,0.1101116,1.513405,-0.2066638,0.9337016,-0.2264226,-0.2773699,0.1193397,1.516209,-0.240208,0.9343127,-0.2303706,-0.2720092,0.1019591,1.5113,-0.1761409,0.9228518,-0.2201666,-0.316024,0.1106494,1.513755,-0.2081745,4.410514,75.14851,4.241764,0,9,False
1,Right_Dir_Close,127,38.15998,0.1115844,1.514186,-0.2110206,0.1206894,1.212893,-0.1933784,-0.3381797,0.5365193,0.4503162,0.6284878,0.2894798,1.092197,-0.234154,-0.08858324,0.6516088,-0.06256748,0.7507625,MathCanvas,1.946321,1.225406,-0.7723354,0.1111205,1.513962,-0.2096067,0.9225429,-0.2284202,-0.3110292,0.1190536,1.516596,-0.2433641,0.9230479,-0.2323575,-0.3065821,0.1041152,1.511776,-0.1786771,0.9099579,-0.2221771,-0.3501629,0.1115844,1.514186,-0.2110206,4.179553,77.3004,4.163199,0,9,False
1,Right_Dir_Close,128,38.17999,0.1117947,1.514141,-0.2123452,0.1208823,1.213071,-0.1938306,-0.3416209,0.5265043,0.4574446,0.6299466,0.2896761,1.092432,-0.2369188,-0.08928932,0.6558226,-0.06276432,0.7469838,MathCanvas,1.870107,1.078779,-0.8038946,0.1115844,1.514186,-0.2110206,0.9167743,-0.2272704,-0.3284407,0.1188021,1.516562,-0.2447911,0.9191532,-0.2303553,-0.3195212,0.1047872,1.51172,-0.1798994,0.9054278,-0.2202119,-0.3629149,0.1117947,1.514141,-0.2123452,4.052812,78.10886,4.181368,0,9,False
1,Right_Dir_Close,129,38.19999,0.1121131,1.514118,-0.2141023,0.1211656,1.212516,-0.1945427,-0.3493535,0.5185578,0.4608306,0.6298295,0.2899414,1.09282,-0.2425419,-0.09092603,0.6643665,-0.06009017,0.7394179,MathCanvas,1.855867,1.081782,-0.8371711,0.1119384,1.514072,-0.2132382,0.9182808,-0.2312906,-0.321349,0.1184481,1.516565,-0.2466842,0.9215577,-0.2360758,-0.3082197,0.1057782,1.511672,-0.1815204,0.908043,-0.2260784,-0.3526279,0.1121131,1.514118,-0.2141023,4.000125,79.29243,4.225257,0,9,False
1,Right_Dir_Close,130,38.21999,0.1123035,1.514121,-0.2150238,0.1212557,1.212339,-0.1948554,-0.3509799,0.5152124,0.4632909,0.6298658,0.2900816,1.09292,-0.2449631,-0.0912607,0.6681541,-0.05931489,0.7360185,MathCanvas,1.862831,1.073159,-0.8267597,0.1121131,1.514118,-0.2141023,0.9236003,-0.2299933,-0.3067012,0.1182117,1.516551,-0.247687,0.926109,-0.2340827,-0.2958501,0.1063954,1.51169,-0.1823606,0.9128535,-0.2244268,-0.3410735,0.1123035,1.514121,-0.2150238,3.93506,80.03574,4.197311,0,9,False
1,Right_Dir_Close,131,38.23999,0.1124738,1.514167,-0.2159689,0.1213597,1.212271,-0.1952279,-0.3527002,0.510876,0.4669847,0.6297092,0.2902053,1.093057,-0.2473169,-0.09167553,0.6717569,-0.058638,0.7327345,MathCanvas,1.862831,1.073159,-0.8267597,0.1123035,1.514121,-0.2150238,0.9197705,-0.2292576,-0.3185328,0.1179262,1.51659,-0.2487118,0.9221756,-0.2332055,-0.3085569,0.1070214,1.511744,-0.183226,0.9082843,-0.2235833,-0.353596,0.1124738,1.514167,-0.2159689,3.869779,80.82866,4.184086,0,9,False
1,Right_Dir_Close,132,38.25999,0.1130736,1.514455,-0.2177498,0.1220519,1.21153,-0.1949604,-0.3658095,0.5043449,0.4587992,0.6335005,0.2906102,1.092447,-0.2523154,-0.09080735,0.6798623,-0.0591495,0.7252879,MathCanvas,1.873876,1.075129,-0.8259736,0.1126412,1.514213,-0.2169089,0.9110894,-0.2275467,-0.3437134,0.1178854,1.516779,-0.2506001,0.9169843,-0.2307413,-0.3254201,0.1082619,1.51213,-0.1848996,0.9021909,-0.2213376,-0.3702176,0.1130736,1.514455,-0.2177498,3.616363,81.92036,4.012737,0,9,False
1,Right_Dir_Close,133,38.27999,0.1132783,1.514549,-0.2185457,0.1223966,1.211528,-0.1948815,-0.3724038,0.4978682,0.4601528,0.6337997,0.2907163,1.092095,-0.2543737,-0.09016616,0.6828523,-0.05871916,0.7225891,MathCanvas,1.847179,1.081358,-0.8719505,0.1130736,1.514455,-0.2177498,0.9166135,-0.230101,-0.3269148,0.1177786,1.516864,-0.2514408,0.9206355,-0.2339374,-0.3125757,0.1087781,1.512234,-0.1856507,0.9062361,-0.2247002,-0.3581142,0.1132783,1.514549,-0.2185457,3.555998,82.4582,3.996495,0,9,False
1,Right_Dir_Close,134,38.29999,0.1136901,1.514644,-0.2198854,0.1234732,1.211609,-0.1949448,-0.3823713,0.4920548,0.4582861,0.6337572,0.2908922,1.091482,-0.2583685,-0.08922041,0.6889233,-0.05869744,0.7169234,MathCanvas,1.867917,1.074075,-0.8443463,0.113455,1.514629,-0.2193144,0.9167483,-0.2269522,-0.3287332,0.117575,1.516899,-0.2528629,0.9213117,-0.2309516,-0.3128037,0.1098051,1.512389,-0.1869079,0.9066334,-0.2220782,-0.358744,0.1136901,1.514644,-0.2198854,3.408673,83.51299,3.892064,0,9,False
1,Right_Dir_Close,135,38.31999,0.1138102,1.514804,-0.2206011,0.1242297,1.211492,-0.1951168,-0.3876646,0.4908992,0.4548641,0.6339028,0.2909802,1.09115,-0.2602132,-0.08859381,0.6919888,-0.05934334,0.7139896,MathCanvas,1.8688,1.080145,-0.8492434,0.1136901,1.514644,-0.2198854,0.9142705,-0.2265173,-0.3358562,0.1174206,1.517019,-0.2536126,0.9189007,-0.2305672,-0.3200943,0.1101997,1.51259,-0.1875897,0.9038356,-0.2217682,-0.3659237,0.1138102,1.514804,-0.2206011,3.350323,83.98201,3.82123,0,9,False
1,Right_Dir_Close,136,38.33998,0.1139433,1.515162,-0.2219861,0.1257444,1.21078,-0.1955584,-0.4012868,0.4832346,0.449309,0.6352753,0.2911655,1.090368,-0.2631859,-0.08633259,0.6973887,-0.06097755,0.7088565,MathCanvas,1.861583,1.081781,-0.8626435,0.1138538,1.515021,-0.2213674,0.9139478,-0.22966,-0.3345979,0.1170161,1.517351,-0.2550537,0.9186901,-0.2332732,-0.3187354,0.1108706,1.512974,-0.1889186,0.903513,-0.2246421,-0.3649663,0.1139433,1.515162,-0.2219861,3.215997,84.90333,3.776418,0,9,False
1,Right_Dir_Close,137,38.35999,0.1141435,1.51522,-0.2226107,0.1263218,1.210442,-0.1956774,-0.4076776,0.4783833,0.4482763,0.6356074,0.2912862,1.090044,-0.2648679,-0.08541963,0.7002985,-0.06133798,0.7060618,MathCanvas,1.860116,1.076378,-0.8612629,0.1139433,1.515162,-0.2219861,0.9086322,-0.2397568,-0.3419127,0.1169635,1.517397,-0.2557015,0.9136187,-0.2435604,-0.3255445,0.1113235,1.513042,-0.1895199,0.898194,-0.2347341,-0.3716821,0.1141435,1.51522,-0.2226107,3.167095,85.33694,3.757425,0,9,False
1,Right_Dir_Close,138,38.37999,0.1144647,1.515179,-0.2231798,0.1265715,1.210079,-0.1949308,-0.4127965,0.4739049,0.4491414,0.6350474,0.2914143,1.089555,-0.2666159,-0.08416697,0.7041491,-0.06162617,0.7023476,MathCanvas,1.842553,1.059152,-0.8730006,0.114339,1.515284,-0.2232194,0.9035771,-0.2385148,-0.3558921,0.1169799,1.517327,-0.256297,0.9104438,-0.244321,-0.3337656,0.1119494,1.513031,-0.1900625,0.894598,-0.2355254,-0.3797662,0.1144647,1.515179,-0.2231798,3.193543,85.86358,3.706696,0,9,False
1,Right_Dir_Close,139,38.39999,0.1146578,1.515138,-0.2235502,0.1267065,1.21017,-0.1943409,-0.4070496,0.4778997,0.4467582,0.6374398,0.2914814,1.089391,-0.2675777,-0.08403174,0.7059491,-0.06186167,0.7005339,MathCanvas,1.825965,1.063399,-0.8972887,0.1144647,1.515179,-0.2231798,0.8778101,-0.2451468,-0.4115248,0.1170495,1.517256,-0.2566786,0.8848884,-0.2505221,-0.3926976,0.1122661,1.513021,-0.1904218,0.866954,-0.240954,-0.4362706,0.1146578,1.515138,-0.2235502,3.203925,86.0752,3.653245,0,9,False
1,Right_Dir_Close,140,38.41999,0.114879,1.515105,-0.2238566,0.1271196,1.210103,-0.1939384,-0.3989376,0.4821962,0.4420201,0.6426149,0.2915385,1.089323,-0.2683419,-0.08405054,0.7072683,-0.06200922,0.6991867,MathCanvas,1.75435,1.05722,-0.9922519,0.1146578,1.515138,-0.2235502,0.8762026,-0.2457411,-0.4145845,0.1171139,1.517197,-0.2569976,0.8830421,-0.2507623,-0.3966801,0.1126441,1.513013,-0.1907156,0.8649012,-0.2412298,-0.4401754,0.114879,1.515105,-0.2238566,3.196501,86.34357,3.608691,0,9,False
1,Right_Dir_Close,141,38.43999,0.1152687,1.515113,-0.2244329,0.127786,1.209914,-0.1936868,-0.400169,0.4806618,0.4392641,0.6448845,0.2916757,1.08899,-0.2706295,-0.08340914,0.7111894,-0.06227807,0.695251,MathCanvas,1.749367,1.056694,-0.9972319,0.1150923,1.515107,-0.2241834,0.8718789,-0.2456453,-0.4236571,0.1171757,1.517159,-0.2575972,0.8786941,-0.2507763,-0.4062117,0.1133618,1.513066,-0.1912686,0.8600804,-0.2413012,-0.4494837,0.1152687,1.515113,-0.2244329,3.172744,86.90476,3.530365,0,9,False
1,Right_Dir_Close,142,38.45999,0.115484,1.515035,-0.2242382,0.1277184,1.208357,-0.1937241,-0.3936765,0.4817332,0.4375697,0.6492186,0.2914561,1.089765,-0.2691302,-0.08501139,0.7078664,-0.05992573,0.6986467,MathCanvas,1.738278,1.057842,-1.013074,0.1152687,1.515113,-0.2244329,0.8715608,-0.2407123,-0.4271295,0.1174038,1.5171,-0.2574006,0.8803377,-0.2464874,-0.4052771,0.1135641,1.51297,-0.1910758,0.861722,-0.2370929,-0.4485779,0.115484,1.515035,-0.2242382,3.264055,86.88988,3.562947,0,9,False
1,Right_Dir_Close,143,38.47999,0.1157973,1.514775,-0.2244829,0.1280028,1.207224,-0.1937354,-0.3997215,0.4724668,0.4399414,0.6507299,0.2912528,1.089797,-0.2684518,-0.08513952,0.7073369,-0.05941072,0.6992111,MathCanvas,1.737191,1.067143,-1.018995,0.1156162,1.5148,-0.224234,0.8753501,-0.2300126,-0.4252726,0.1176792,1.516784,-0.2576509,0.883896,-0.2361467,-0.4036867,0.1139153,1.512766,-0.1913148,0.8651898,-0.2271131,-0.4470645,0.1157973,1.514775,-0.2244829,3.416738,86.95935,3.466226,0,9,False
1,Right_Dir_Close,144,38.49998,0.1159542,1.514674,-0.2246323,0.1282347,1.206808,-0.1936829,-0.4004619,0.4705433,0.439364,0.6520572,0.2912528,1.089797,-0.2684518,-0.08513952,0.7073369,-0.05941072,0.6992111,MathCanvas,1.746417,1.086303,-1.016689,0.1157973,1.514775,-0.2244829,0.8748211,-0.2316324,-0.4254818,0.1177663,1.516661,-0.2578055,0.882814,-0.2371632,-0.4054542,0.1141422,1.512687,-0.1914591,0.8640222,-0.2281388,-0.4487965,0.1159542,1.514674,-0.2246323,3.465293,87.08089,3.429639,0,9,False
1,Right_Dir_Close,145,38.51999,0.1160733,1.514555,-0.2242611,0.1285264,1.207183,-0.1928149,-0.3972467,0.467849,0.4444525,0.6525139,0.2905717,1.089105,-0.2668531,-0.08356678,0.7050083,-0.06114087,0.7015994,MathCanvas,1.744411,1.083496,-1.016655,0.1161091,1.514551,-0.2247407,0.8764247,-0.2338478,-0.4209456,0.1179562,1.516461,-0.2574351,0.8868068,-0.2392898,-0.395366,0.1141904,1.512648,-0.1910871,0.8683738,-0.230435,-0.4391207,0.1160733,1.514555,-0.2242611,3.533321,86.95447,3.289972,0,9,False
1,Right_Dir_Close,146,38.53999,0.1161368,1.514589,-0.22415,0.1280913,1.207509,-0.1929112,-0.3946624,0.473799,0.4440338,0.6500694,0.2903226,1.088826,-0.2664274,-0.08303201,0.7044097,-0.06116688,0.7022616,MathCanvas,1.747554,1.079243,-1.007859,0.1160733,1.514555,-0.2242611,0.877872,-0.2348649,-0.417348,0.1180355,1.516471,-0.2573245,0.8869188,-0.2398309,-0.3947862,0.1142381,1.512707,-0.1909755,0.8685084,-0.2310023,-0.4385559,0.1161368,1.514589,-0.22415,3.547718,86.92554,3.24789,0,9,False
1,Right_Dir_Close,147,38.55999,0.1163001,1.514599,-0.2239481,0.1278222,1.20733,-0.1928476,-0.3908826,0.4795536,0.4442304,0.6479958,0.2898112,1.088181,-0.2652326,-0.08175669,0.7027776,-0.06097034,0.7040612,MathCanvas,1.749998,1.077467,-1.000902,0.1161368,1.514589,-0.22415,0.8878397,-0.2233116,-0.402334,0.118241,1.516461,-0.2571214,0.897016,-0.227836,-0.3787516,0.1143593,1.512738,-0.1907749,0.8790538,-0.2194883,-0.4231894,0.1163001,1.514599,-0.2239481,3.552539,86.85092,3.212124,0,9,False
1,Right_Dir_Close,148,38.57999,0.1166256,1.51451,-0.2237505,0.1276278,1.207227,-0.1928844,-0.3894953,0.4823337,0.44443,0.6466293,0.2898112,1.088181,-0.2652326,-0.08175669,0.7027776,-0.06097034,0.7040612,MathCanvas,1.773817,1.097697,-0.9750693,0.1164619,1.514554,-0.2238534,0.8883056,-0.2243726,-0.4007125,0.1185875,1.516318,-0.2569254,0.8970782,-0.2290659,-0.3778622,0.1146637,1.512702,-0.1905755,0.8791482,-0.2207746,-0.4223234,0.1166256,1.51451,-0.2237505,3.588447,86.81113,3.12055,0,9,False
1,Right_Dir_Close,149,38.59999,0.1167335,1.51465,-0.2233281,0.1257435,1.206881,-0.1937133,-0.3860376,0.4971763,0.4455349,0.6366234,0.2893251,1.086867,-0.2622428,-0.07920311,0.6986743,-0.06264547,0.7082772,MathCanvas,1.774704,1.095705,-0.9717055,0.1166256,1.51451,-0.2237505,0.8883991,-0.2249223,-0.4001961,0.1188209,1.516466,-0.256495,0.8983947,-0.2293543,-0.3745446,0.114646,1.512834,-0.1901613,0.8806359,-0.2210438,-0.4190705,0.1167335,1.51465,-0.2233281,3.61388,86.59643,3.133969,0,9,False
1,Right_Dir_Close,150,38.61999,0.1170414,1.514664,-0.2228567,0.1249642,1.206624,-0.1940985,-0.3783044,0.5106074,0.4431269,0.6323009,0.2893025,1.086335,-0.2608069,-0.0778794,0.6967545,-0.06363913,0.710224,MathCanvas,1.774929,1.094833,-0.9702933,0.1168881,1.514665,-0.2230423,0.8942307,-0.2162897,-0.3918803,0.1192343,1.516446,-0.2560186,0.9031723,-0.2208248,-0.3681252,0.1148485,1.512882,-0.1896948,0.8855923,-0.2127991,-0.412847,0.1170414,1.514664,-0.2228567,3.641383,86.41222,3.075292,0,9,False
1,Right_Dir_Close,151,38.63999,0.1171931,1.514671,-0.2226417,0.124634,1.206503,-0.1942027,-0.376112,0.5149177,0.4429352,0.6302443,0.2893025,1.086335,-0.2608069,-0.0778794,0.6967545,-0.06363913,0.710224,MathCanvas,1.789702,1.110094,-0.9558694,0.1170414,1.514664,-0.2228567,0.8946694,-0.2168138,-0.3905876,0.1194381,1.516436,-0.255801,0.9036461,-0.2213837,-0.366624,0.1149482,1.512905,-0.1894824,0.8861388,-0.2133712,-0.4113772,0.1171931,1.514671,-0.2226417,3.664284,86.32173,3.047145,0,9,False
1,Right_Dir_Close,152,38.65998,0.1174451,1.5146,-0.2216036,0.1238592,1.205748,-0.1945333,-0.3704502,0.5222846,0.4455965,0.6256431,0.2899026,1.086023,-0.2568477,-0.0752461,0.6916738,-0.06428386,0.7153972,MathCanvas,1.790743,1.109103,-0.9532668,0.1172823,1.514531,-0.221894,0.9018359,-0.2264597,-0.3679785,0.119988,1.516393,-0.2547399,0.9110175,-0.2305809,-0.3418769,0.1149022,1.512807,-0.1884673,0.8946162,-0.2225099,-0.3874937,0.1174451,1.5146,-0.2216036,3.757802,85.81474,3.094922,0,9,False
1,Right_Dir_Close,153,38.67999,0.1176831,1.514744,-0.2212346,0.1239645,1.205845,-0.1942811,-0.3732709,0.5173931,0.4482313,0.6261485,0.2900397,1.086136,-0.2556659,-0.07560358,0.6902032,-0.06448893,0.71676,MathCanvas,1.807195,1.090287,-0.9110765,0.1174451,1.5146,-0.2216036,0.9031124,-0.2265473,-0.3647797,0.1203635,1.516555,-0.254359,0.9126422,-0.2296367,-0.3381584,0.1150027,1.512933,-0.1881101,0.8964257,-0.2215582,-0.3838396,0.1176831,1.514744,-0.2212346,3.710714,85.57625,3.125613,0,9,False
1,Right_Dir_Close,154,38.69999,0.1178785,1.514824,-0.2208969,0.1236936,1.205714,-0.1943017,-0.3719729,0.5196635,0.4490636,0.6244422,0.2900853,1.08597,-0.2546884,-0.07509014,0.6888973,-0.06477526,0.7180433,MathCanvas,1.810741,1.090037,-0.9050843,0.1176831,1.514744,-0.2212346,0.905358,-0.2254926,-0.3598337,0.120665,1.516639,-0.2540124,0.9141873,-0.2296025,-0.3339822,0.1150919,1.51301,-0.1877814,0.8981652,-0.221533,-0.379766,0.1178785,1.514824,-0.2208969,3.719043,85.39351,3.13231,0,9,False
1,Right_Dir_Close,155,38.71999,0.1182425,1.515199,-0.2201054,0.1253453,1.206533,-0.1935012,-0.378612,0.4999997,0.4486694,0.6366703,0.2903041,1.086652,-0.251983,-0.0767369,0.6852635,-0.06433908,0.7213778,MathCanvas,1.816894,1.09166,-0.8961691,0.1180666,1.514984,-0.2205601,0.9077584,-0.2254414,-0.353767,0.1213522,1.516981,-0.2531939,0.9181757,-0.2271377,-0.3245951,0.1151328,1.513416,-0.1870169,0.9025841,-0.2191753,-0.3705462,0.1182425,1.515199,-0.2201054,3.533656,84.82078,3.076065,0,9,False
1,Right_Dir_Close,156,38.73999,0.1184117,1.515376,-0.2197763,0.125442,1.206513,-0.1932469,-0.377815,0.4996897,0.4462825,0.6390603,0.2903281,1.086733,-0.2507401,-0.07694981,0.6831017,-0.06487879,0.7233543,MathCanvas,1.824023,1.091569,-0.8848735,0.1182425,1.515199,-0.2201054,0.9114599,-0.2218727,-0.3464297,0.1216604,1.517151,-0.2528518,0.9205154,-0.2250865,-0.3193548,0.115163,1.513602,-0.1867007,0.9051476,-0.2171961,-0.3654226,0.1184117,1.515376,-0.2197763,3.478964,84.57632,3.061704,0,9,False
1,Right_Dir_Close,157,38.75999,0.1189289,1.515628,-0.2191229,0.1254347,1.206183,-0.1930173,-0.3766957,0.5033713,0.4385352,0.6421873,0.2904147,1.086735,-0.2484813,-0.07694328,0.6796898,-0.06547825,0.7265081,MathCanvas,1.83544,1.097407,-0.8723882,0.1186581,1.51549,-0.2194765,0.9164143,-0.2162437,-0.3367846,0.1224479,1.517389,-0.2521715,0.9251742,-0.2193305,-0.3097526,0.1154098,1.513867,-0.1860742,0.9102058,-0.2116067,-0.3560167,0.1189289,1.515628,-0.2191229,3.340028,84.09914,3.038047,0,9,False
1,Right_Dir_Close,158,38.77999,0.119163,1.515658,-0.2189408,0.1243752,1.205528,-0.193002,-0.3820929,0.5065678,0.4343856,0.639299,0.290673,1.086575,-0.2473774,-0.07686276,0.6781387,-0.0661731,0.7279018,MathCanvas,1.850673,1.106994,-0.8555434,0.1189289,1.515628,-0.2191229,0.9179888,-0.2154703,-0.3329706,0.1228181,1.517442,-0.2519734,0.9264949,-0.2189118,-0.30608,0.1155079,1.513873,-0.1859082,0.9117162,-0.2111594,-0.3523996,0.119163,1.515658,-0.2189408,3.33141,83.86488,3.078627,0,9,False
1,Right_Dir_Close,159,38.79999,0.119763,1.515821,-0.2184268,0.1238732,1.205956,-0.1921527,-0.3882036,0.5000122,0.4398127,0.6370642,0.2911172,1.085944,-0.2453675,-0.07563532,0.6752474,-0.06724419,0.7306152,MathCanvas,1.856897,1.107777,-0.8492473,0.1194862,1.515734,-0.2186846,0.950927,-0.1125295,-0.2882274,0.1237014,1.517595,-0.2514273,0.9587023,-0.1148534,-0.2601891,0.1158246,1.514047,-0.1854262,0.9450826,-0.1096061,-0.3079048,0.119763,1.515821,-0.2184268,3.27067,83.36904,3.060154,0,9,False
1,Right_Dir_Close,160,38.81998,0.1200569,1.515934,-0.2181884,0.1238914,1.206053,-0.1918583,-0.3893396,0.4985851,0.4396469,0.6376035,0.2912959,1.0857,-0.2443355,-0.07520181,0.6738188,-0.06782217,0.7319242,MathCanvas,1.978113,1.29591,-0.7816954,0.119763,1.515821,-0.2184268,0.9545726,-0.09226677,-0.2833338,0.1241292,1.51769,-0.2511737,0.962201,-0.09451182,-0.255415,0.1159847,1.514179,-0.1852031,0.9486954,-0.08971445,-0.303197,0.1200569,1.515934,-0.2181884,3.247665,83.13385,3.028776,0,9,False
1,Right_Dir_Close,161,38.83998,0.1205606,1.516003,-0.2177938,0.1247605,1.206346,-0.1915602,-0.3883508,0.4974688,0.4372486,0.64072,0.2919616,1.084769,-0.2423954,-0.07323269,0.6718755,-0.06986228,0.7337163,MathCanvas,1.999314,1.33429,-0.7759845,0.1203453,1.516025,-0.2179479,0.956912,-0.0917383,-0.2755063,0.1248744,1.517697,-0.2507516,0.9640611,-0.09484805,-0.2481732,0.1162468,1.514309,-0.1848361,0.9509057,-0.09014246,-0.2960619,0.1205606,1.516003,-0.2177938,3.226325,82.70763,2.922789,0,9,False
1,Right_Dir_Close,162,38.85999,0.1207508,1.516072,-0.2178016,0.1255125,1.206075,-0.1917197,-0.3872614,0.49314,0.4357065,0.6457564,0.292583,1.083719,-0.241205,-0.06952843,0.6707665,-0.07180749,0.7349027,MathCanvas,2.008828,1.334976,-0.7614484,0.1205606,1.516003,-0.2177938,0.9577855,-0.09249552,-0.2721975,0.1251692,1.517728,-0.2507474,0.9647222,-0.09618184,-0.2450716,0.1163324,1.514415,-0.1848557,0.9517213,-0.09150957,-0.293006,0.1207508,1.516072,-0.2178016,3.282948,82.52536,2.857394,0,9,False
1,Right_Dir_Close,163,38.87999,0.1210195,1.516141,-0.2177779,0.1257402,1.205832,-0.1918031,-0.3874615,0.4888755,0.4351253,0.6492614,0.2929881,1.082996,-0.2399434,-0.06663013,0.6690504,-0.07365237,0.736551,MathCanvas,2.01223,1.333407,-0.7553498,0.1207508,1.516072,-0.2178016,0.954812,-0.09031644,-0.2831553,0.1255563,1.517783,-0.2507084,0.9622488,-0.09279944,-0.2558621,0.1164827,1.514499,-0.1848474,0.9487947,-0.08815538,-0.3033434,0.1210195,1.516141,-0.2177779,3.281892,82.31812,2.832164,0,9,False
1,Right_Dir_Close,164,38.89999,0.1215368,1.516182,-0.2174453,0.1261221,1.205445,-0.1918272,-0.3884297,0.4807838,0.4342364,0.6552923,0.2936304,1.081914,-0.2376515,-0.06291351,0.665949,-0.07640623,0.7394024,MathCanvas,2.002006,1.338217,-0.7755961,0.1212888,1.516235,-0.2177648,0.9562418,-0.09301081,-0.2773994,0.1263172,1.51778,-0.2503435,0.9635674,-0.09534724,-0.2498932,0.1167563,1.514584,-0.1845472,0.9504226,-0.09071338,-0.2974356,0.1215368,1.516182,-0.2174453,3.257333,81.88894,2.756506,0,9,False
1,Right_Dir_Close,165,38.91999,0.1217749,1.516353,-0.2178262,0.1263765,1.205142,-0.1918667,-0.3909773,0.4680283,0.4347638,0.6626211,0.2939236,1.081158,-0.2362346,-0.05867278,0.6627769,-0.07982749,0.7422345,MathCanvas,2.006336,1.332853,-0.7642131,0.1215368,1.516182,-0.2174453,0.9572928,-0.09303056,-0.2737439,0.1266445,1.517908,-0.2507133,0.9644279,-0.09404464,-0.2470512,0.1169052,1.514797,-0.1849391,0.9514079,-0.08950723,-0.2946376,0.1217749,1.516353,-0.2178262,3.145461,81.72464,2.68296,0,9,False
1,Right_Dir_Close,166,38.93999,0.1220437,1.516459,-0.2181055,0.1275143,1.204726,-0.1923642,-0.4003752,0.4472062,0.4324125,0.6728489,0.293784,1.081022,-0.2340746,-0.05727395,0.6572535,-0.07937154,0.7472869,MathCanvas,2.009183,1.332933,-0.7575424,0.1218638,1.516407,-0.2179864,0.9554256,-0.08926187,-0.2814151,0.1270436,1.51781,-0.2509821,0.9623346,-0.09237488,-0.255693,0.1170439,1.515108,-0.1852289,0.9489402,-0.0881435,-0.3028916,0.1220437,1.516459,-0.2181055,3.097886,81.47873,2.32969,0,9,False
1,Right_Dir_Close,167,38.95999,0.122291,1.516526,-0.2182059,0.1278556,1.204556,-0.1924322,-0.4023668,0.4408284,0.4316737,0.6763352,0.2938564,1.080833,-0.2329769,-0.05633381,0.6551332,-0.0795318,0.7492008,MathCanvas,2.002845,1.340743,-0.7720848,0.1220437,1.516459,-0.2181055,0.9490681,-0.09819844,-0.2993778,0.1273789,1.517803,-0.251072,0.9566307,-0.1009033,-0.2732699,0.1172031,1.515249,-0.1853399,0.9425686,-0.09650363,-0.319768,0.122291,1.516526,-0.2182059,3.067971,81.31796,2.201923,0,9,False
1,Right_Dir_Close,168,38.97998,0.1229423,1.516992,-0.2184541,0.1285158,1.203086,-0.1932829,-0.4119615,0.4321978,0.4310122,0.676551,0.2938501,1.081858,-0.2313099,-0.05969444,0.6522199,-0.07695982,0.7517466,MathCanvas,1.974726,1.324858,-0.8025455,0.1225401,1.516589,-0.2182926,0.9506989,-0.099158,-0.2938356,0.1281781,1.518145,-0.2513015,0.9582685,-0.0984293,-0.26839,0.1177065,1.515839,-0.1856067,0.9444064,-0.09428591,-0.3149708,0.1229423,1.516992,-0.2184541,2.813534,81.04097,1.988302,0,9,False
1,Right_Dir_Close,169,38.99998,0.1232269,1.517001,-0.2185214,0.1286998,1.202619,-0.1933087,-0.4142907,0.4299393,0.4286344,0.6780767,0.2940327,1.082202,-0.2306534,-0.060938,0.6513119,-0.07665084,0.7524653,MathCanvas,1.977995,1.32351,-0.7918015,0.1229423,1.516992,-0.2184541,0.9512421,-0.08941348,-0.2952013,0.128534,1.518105,-0.2513591,0.9586246,-0.09126168,-0.2696483,0.1179198,1.515898,-0.1856838,0.9446868,-0.087348,-0.3161286,0.1232269,1.517001,-0.2185214,2.764312,80.91124,1.902292,0,9,False
1,Right_Dir_Close,170,39.01999,0.1234095,1.516957,-0.2186206,0.1290804,1.202228,-0.1934305,-0.4182806,0.4231063,0.426217,0.6814407,0.2942513,1.082362,-0.2300572,-0.06160879,0.6506637,-0.07633425,0.7530035,MathCanvas,1.978539,1.342608,-0.7942849,0.1232269,1.517001,-0.2185214,0.9519518,-0.08931312,-0.2929354,0.1287897,1.518016,-0.2514479,0.9592254,-0.09169415,-0.2673551,0.1180293,1.515898,-0.1857934,0.9453926,-0.08784446,-0.3138726,0.1234095,1.516957,-0.2186206,2.755843,80.78011,1.825485,0,9,False
1,Right_Dir_Close,171,39.03999,0.1238177,1.516894,-0.2187954,0.1297796,1.201514,-0.1937499,-0.4240595,0.4122981,0.4236188,0.6860984,0.2945122,1.082475,-0.2287321,-0.06191015,0.6485577,-0.07616279,0.7548108,MathCanvas,1.978034,1.342954,-0.789327,0.1236092,1.516942,-0.2187172,0.9524934,-0.09574382,-0.2891186,0.1293552,1.51785,-0.2515996,0.9597316,-0.09796216,-0.2632844,0.1182801,1.515937,-0.1859912,0.9461139,-0.09412499,-0.3098529,0.1238177,1.516894,-0.2187954,2.694675,80.49599,1.649053,0,9,False
1,Right_Dir_Close,172,39.05999,0.1240501,1.516865,-0.2188847,0.1301285,1.201158,-0.1939093,-0.426914,0.4068787,0.4222943,0.6883761,0.2945122,1.082475,-0.2287321,-0.06191015,0.6485577,-0.07616279,0.7548108,MathCanvas,1.974682,1.330846,-0.7806044,0.1238177,1.516894,-0.2187954,0.953209,-0.09604377,-0.2866499,0.1296652,1.517769,-0.2516772,0.9603987,-0.09797338,-0.2608362,0.118435,1.515962,-0.1860921,0.9468902,-0.09422167,-0.3074434,0.1240501,1.516865,-0.2188847,2.652855,80.35555,1.557086,0,9,False
1,Right_Dir_Close,173,39.07999,0.1243218,1.516726,-0.2189382,0.1295294,1.202064,-0.191667,-0.4209394,0.4189519,0.4163736,0.6884202,0.2959399,1.082536,-0.2292159,-0.06207446,0.6510895,-0.07796697,0.7524297,MathCanvas,1.970785,1.330792,-0.7742366,0.1240787,1.516775,-0.2188994,0.9531291,-0.09983404,-0.285619,0.130068,1.51776,-0.2517042,0.9600741,-0.1023665,-0.260344,0.1185756,1.515693,-0.1861723,0.9466586,-0.0982848,-0.3068839,0.1243218,1.516726,-0.2189382,3.045255,80.14777,1.781691,1,10,False
1,Right_Dir_Close,174,39.09999,0.1245435,1.516679,-0.2190056,0.1296733,1.201969,-0.1914345,-0.4215752,0.4176908,0.4144114,0.6899797,0.2959399,1.082536,-0.2292159,-0.06207446,0.6510895,-0.07796697,0.7524297,MathCanvas,1.965877,1.323836,-0.7707871,0.1243218,1.516726,-0.2189382,0.9536695,-0.1003481,-0.2836274,0.1303635,1.517706,-0.2517588,0.9605991,-0.1030593,-0.2581246,0.1187234,1.515652,-0.1862525,0.9472929,-0.09897693,-0.304696,0.1245435,1.516679,-0.2190056,3.082801,80.01924,1.770473,1,10,False
1,Right_Dir_Close,175,39.11999,0.1250327,1.516609,-0.2189569,0.1290679,1.20237,-0.1912907,-0.4182941,0.4215693,0.4211737,0.6855086,0.2967731,1.082378,-0.2290677,-0.06151578,0.6510102,-0.07837848,0.7525014,MathCanvas,1.961339,1.323406,-0.7652802,0.1247734,1.516627,-0.2190694,0.9539763,-0.1073408,-0.2800127,0.1309926,1.517668,-0.2516838,0.9607629,-0.1093297,-0.2549153,0.1190727,1.515551,-0.1862299,0.9476573,-0.1050456,-0.3015147,0.1250327,1.516609,-0.2189569,3.13876,79.77892,1.825815,1,10,False
1,Right_Dir_Close,176,39.13999,0.1253159,1.516742,-0.2189281,0.1288676,1.202448,-0.1911329,-0.4180554,0.4219818,0.4244616,0.6833692,0.2969942,1.082325,-0.2290748,-0.06143281,0.6512109,-0.07864524,0.7523066,MathCanvas,1.957667,1.310403,-0.7568748,0.1250327,1.516609,-0.2189569,0.9544967,-0.1071879,-0.2782929,0.1313401,1.517819,-0.2516427,0.9614469,-0.1077354,-0.253008,0.1192917,1.515664,-0.1862136,0.9484285,-0.1034589,-0.2996325,0.1253159,1.516742,-0.2189281,3.052243,79.66512,1.857786,1,10,False
1,Right_Dir_Close,177,39.15998,0.1258067,1.516837,-0.2189521,0.1288388,1.202511,-0.1909711,-0.4170919,0.423372,0.4254266,0.6824974,0.2973665,1.082261,-0.2290473,-0.06135378,0.6513601,-0.07918309,0.7521276,MathCanvas,1.955495,1.311217,-0.7525347,0.1255577,1.516822,-0.2189325,0.9557618,-0.105342,-0.2746314,0.1319592,1.517934,-0.2516422,0.9624718,-0.10727,-0.2492815,0.1196542,1.51574,-0.1862621,0.9496356,-0.1029734,-0.295954,0.1258067,1.516837,-0.2189521,3.038243,79.44154,1.891189,1,10,False
1,Right_Dir_Close,178,39.17999,0.1260505,1.516859,-0.2189775,0.1288388,1.202511,-0.1909711,-0.4170919,0.423372,0.4254266,0.6824974,0.2973665,1.082261,-0.2290473,-0.06135378,0.6513601,-0.07918309,0.7521276,MathCanvas,1.958838,1.314804,-0.7456607,0.1258067,1.516837,-0.2189521,0.9563408,-0.105122,-0.2726936,0.1322739,1.517961,-0.2516539,0.9630225,-0.107137,-0.2472031,0.1198271,1.515757,-0.186301,0.9502872,-0.1028354,-0.2939031,0.1260505,1.516859,-0.2189775,3.033879,79.31747,1.899956,1,10,False
1,Right_Dir_Close,179,39.19999,0.1260402,1.516716,-0.2189909,0.1294713,1.202418,-0.191214,-0.4154084,0.4273145,0.4231272,0.6824966,0.2983668,1.08215,-0.2289326,-0.06108108,0.650779,-0.08076343,0.7524846,MathCanvas,1.95901,1.315378,-0.7416326,0.1260505,1.516859,-0.2189775,0.956942,-0.1049864,-0.2706287,0.1323317,1.517793,-0.2516552,0.9632583,-0.1095077,-0.245238,0.1197487,1.515639,-0.1863267,0.9506268,-0.1051906,-0.2919653,0.1260402,1.516716,-0.2189909,3.164556,79.20026,1.856769,1,10,False
1,Right_Dir_Close,180,39.21999,0.1262603,1.516696,-0.2190999,0.129787,1.202377,-0.1916255,-0.4157394,0.4283305,0.4225819,0.6819958,0.2988608,1.082211,-0.2288483,-0.06163764,0.6503949,-0.0811379,0.752731,MathCanvas,1.960101,1.315501,-0.7376738,0.1261489,1.516661,-0.21904,0.9596279,-0.1040971,-0.2613015,0.1326616,1.517778,-0.2517427,0.965909,-0.1061051,-0.2361391,0.1198591,1.515614,-0.1864572,0.9536576,-0.1018888,-0.2831178,0.1262603,1.516696,-0.2190999,3.182005,79.00868,1.865698,0,10,False
1,Right_Dir_Close,181,39.23999,0.1264198,1.516676,-0.2191255,0.129787,1.202377,-0.1916255,-0.4157394,0.4283305,0.4225819,0.6819958,0.2988608,1.082211,-0.2288483,-0.06163764,0.6503949,-0.0811379,0.752731,MathCanvas,1.967653,1.316948,-0.7205013,0.1262603,1.516696,-0.2190999,0.9600729,-0.1039972,-0.2597013,0.1328819,1.517759,-0.2517562,0.9663169,-0.1063481,-0.2343537,0.1199576,1.515593,-0.1864948,0.954154,-0.1021244,-0.2813555,0.1264198,1.516676,-0.2191255,3.198314,78.90236,1.86764,0,10,False
1,Right_Dir_Close,182,39.25999,0.1264075,1.516851,-0.2192802,0.1297058,1.202729,-0.1919691,-0.4156832,0.4376049,0.4258516,0.6740622,0.2996585,1.082456,-0.2286965,-0.06241918,0.6499667,-0.08180434,0.7529643,MathCanvas,1.967983,1.317194,-0.7172713,0.1265693,1.516683,-0.2191616,0.9615484,-0.09929018,-0.2560588,0.1329782,1.517965,-0.2518882,0.9675168,-0.1023092,-0.2311806,0.1198369,1.515737,-0.1866722,0.9554926,-0.0981291,-0.2782171,0.1264075,1.516851,-0.2192802,3.29541,78.71778,1.921338,0,10,False
1,Right_Dir_Close,183,39.27999,0.1264333,1.51679,-0.2193373,0.1297077,1.202739,-0.1919873,-0.4149397,0.4397538,0.4252131,0.6735246,0.2998315,1.082528,-0.2286381,-0.06263838,0.6499044,-0.08188782,0.7529908,MathCanvas,1.973643,1.326105,-0.7111961,0.1264075,1.516851,-0.2192802,0.9617736,-0.1001909,-0.2548593,0.1330623,1.517913,-0.2519331,0.9679402,-0.1019721,-0.2295507,0.1198042,1.515666,-0.1867415,0.9559957,-0.09778088,-0.2766065,0.1264333,1.51679,-0.2193373,3.283336,78.61546,1.937844,0,10,False
1,Right_Dir_Close,184,39.29999,0.1264468,1.516812,-0.2194306,0.1297663,1.202727,-0.192065,-0.4143562,0.4414869,0.4255685,0.6725249,0.300064,1.082643,-0.2284981,-0.06283004,0.6496661,-0.08179202,0.7531908,MathCanvas,1.97318,1.324409,-0.7087045,0.1265023,1.516781,-0.2193809,0.9636807,-0.100455,-0.2474438,0.1331611,1.517924,-0.2520094,0.9694939,-0.1020711,-0.2228521,0.1197325,1.5157,-0.1868518,0.9578443,-0.09791966,-0.270085,0.1264468,1.516812,-0.2194306,3.265319,78.464,1.917613,0,10,False
1,Right_Dir_Close,185,39.31998,0.1264276,1.517027,-0.2194496,0.1297008,1.202735,-0.1921389,-0.4135837,0.4436666,0.4271344,0.6705704,0.3003009,1.082758,-0.2282007,-0.06288073,0.6487862,-0.08179725,0.7539441,MathCanvas,1.978439,1.323759,-0.6949657,0.1264468,1.516812,-0.2194306,0.9636871,-0.102433,-0.2466069,0.1331623,1.518143,-0.2520241,0.9695501,-0.1028905,-0.2222299,0.119693,1.515912,-0.1868751,0.9579357,-0.09871518,-0.2694711,0.1264276,1.517027,-0.2194496,3.163577,78.42501,1.923057,0,10,False
1,Right_Dir_Close,186,39.33998,0.1263957,1.517174,-0.2194481,0.1295096,1.202767,-0.1922057,-0.4123628,0.4473621,0.4274848,0.6686411,0.3003486,1.082787,-0.2279815,-0.06286824,0.6479507,-0.08199393,0.7546419,MathCanvas,1.977486,1.320273,-0.6931342,0.1264276,1.517027,-0.2194496,0.9640344,-0.100803,-0.2459199,0.1331602,1.51829,-0.2520164,0.9698765,-0.1018478,-0.2212843,0.1196313,1.516058,-0.1868799,0.9583023,-0.09769563,-0.2685377,0.1263957,1.517174,-0.2194481,3.09804,78.37048,1.924049,0,10,False
1,Right_Dir_Close,187,39.35999,0.1263364,1.517327,-0.2195603,0.1293644,1.202839,-0.1922647,-0.411134,0.4518338,0.4277505,0.6662167,0.3003401,1.082794,-0.2278889,-0.06288827,0.6475904,-0.08209313,0.7549387,MathCanvas,1.979099,1.323449,-0.6920626,0.1263395,1.517252,-0.2195059,0.9647048,-0.1030934,-0.2423148,0.1331744,1.518445,-0.2521132,0.9704432,-0.1046782,-0.2174454,0.1194985,1.516209,-0.1870075,0.95906,-0.100466,-0.264784,0.1263364,1.517327,-0.2195603,3.038418,78.2393,1.927786,0,10,False
1,Right_Dir_Close,188,39.37999,0.1263103,1.517391,-0.2196243,0.1293078,1.202849,-0.1922902,-0.4107954,0.4530186,0.4276851,0.6656627,0.3003401,1.082794,-0.2278889,-0.06288827,0.6475904,-0.08209313,0.7549387,MathCanvas,1.980221,1.319211,-0.6852196,0.1263364,1.517327,-0.2195603,0.9650442,-0.1025724,-0.2411821,0.1331838,1.51851,-0.2521696,0.9707301,-0.1042589,-0.2163633,0.1194368,1.516272,-0.187079,0.9593974,-0.1000549,-0.263715,0.1263103,1.517391,-0.2196243,3.012629,78.17594,1.929401,0,10,False
1,Right_Dir_Close,189,39.39999,0.1256625,1.517282,-0.2199388,0.1296126,1.202655,-0.1927403,-0.4072152,0.4539256,0.4239251,0.6696378,0.3001798,1.082652,-0.2276427,-0.06289957,0.6463518,-0.08189026,0.7560206,MathCanvas,1.981511,1.320207,-0.6832727,0.125833,1.517254,-0.2198486,0.9674606,-0.1001462,-0.2323599,0.1325866,1.518438,-0.2524721,0.9729135,-0.1017643,-0.2075651,0.1187385,1.516127,-0.1874055,0.961955,-0.09759378,-0.2551822,0.1256625,1.517282,-0.2199388,3.096714,78.0928,1.993226,0,10,False
1,Right_Dir_Close,190,39.41999,0.1255215,1.517321,-0.2200458,0.1296188,1.202622,-0.1928199,-0.4064087,0.4546234,0.4233486,0.670019,0.3001688,1.082614,-0.2276269,-0.06280274,0.6462905,-0.08186658,0.7560836,MathCanvas,1.989741,1.324324,-0.6676438,0.1256625,1.517282,-0.2199388,0.9681017,-0.09631938,-0.2313046,0.1324807,1.518486,-0.2525713,0.9735712,-0.09781391,-0.206377,0.1185624,1.516156,-0.1875203,0.9626509,-0.09372184,-0.254007,0.1255215,1.517321,-0.2200458,3.068938,78.03071,2.008764,0,10,False
1,Right_Dir_Close,191,39.43999,0.125196,1.517457,-0.2203264,0.1294056,1.202575,-0.1928716,-0.4074137,0.4523541,0.4244603,0.6702413,0.3001416,1.082477,-0.2275919,-0.06213698,0.6460811,-0.08200537,0.7563024,MathCanvas,1.993594,1.331461,-0.6663769,0.1253499,1.517402,-0.2202242,0.9686445,-0.0947239,-0.2296853,0.1322004,1.51864,-0.2528416,0.9740058,-0.09632908,-0.2050207,0.1181916,1.516275,-0.1878113,0.9631471,-0.09223916,-0.2526652,0.125196,1.517457,-0.2203264,2.986498,77.94938,2.038484,0,10,False
1,Right_Dir_Close,192,39.45999,0.1249524,1.517509,-0.2205665,0.1291136,1.202636,-0.193086,-0.4078005,0.4534416,0.4259979,0.6682928,0.3001167,1.082474,-0.2276826,-0.06200174,0.6459407,-0.0821761,0.756415,MathCanvas,1.996094,1.334502,-0.6639543,0.125196,1.517457,-0.2203264,0.9675259,-0.09399834,-0.2346442,0.1319532,1.518697,-0.2530823,0.9727838,-0.09582512,-0.2109721,0.1179517,1.516321,-0.1880508,0.9616709,-0.09171019,-0.2584153,0.1249524,1.517509,-0.2205665,2.976761,77.95597,2.048864,0,10,False
1,Right_Dir_Close,193,39.47998,0.1244981,1.517568,-0.2210282,0.1289157,1.202707,-0.1936073,-0.4069025,0.4560829,0.4262414,0.6668861,0.3000952,1.082536,-0.227829,-0.06215617,0.6459927,-0.08171738,0.7564076,MathCanvas,1.993347,1.335989,-0.6736892,0.1247235,1.51754,-0.2207975,0.9652551,-0.101423,-0.2408235,0.131525,1.518784,-0.2535372,0.9707391,-0.1034898,-0.2166922,0.1174711,1.516351,-0.1885192,0.9594364,-0.09912445,-0.2639243,0.1244981,1.517568,-0.2210282,2.975862,77.9118,2.096979,0,10,False
1,Right_Dir_Close,194,39.49998,0.1242931,1.517605,-0.2212263,0.1289157,1.202707,-0.1936073,-0.4069025,0.4560829,0.4262414,0.6668861,0.3000952,1.082536,-0.227829,-0.06215617,0.6459927,-0.08171738,0.7564076,MathCanvas,1.9836,1.322225,-0.6848595,0.1244981,1.517568,-0.2210282,0.965379,-0.1013074,-0.240375,0.1313365,1.518835,-0.2537313,0.9708617,-0.1032878,-0.2162392,0.1172497,1.516375,-0.1887213,0.9595827,-0.09890491,-0.2634748,0.1242931,1.517605,-0.2212263,2.974033,77.88385,2.120898,0,10,False
1,Right_Dir_Close,195,39.51999,0.1239799,1.517576,-0.2218528,0.1288435,1.202798,-0.1939908,-0.4070718,0.4566684,0.4267084,0.6660829,0.3001185,1.082622,-0.228087,-0.061928,0.6463129,-0.08076796,0.7562547,MathCanvas,1.984516,1.322392,-0.6844137,0.1242931,1.517605,-0.2212263,0.9655135,-0.1010967,-0.2399238,0.1310169,1.518795,-0.2543595,0.9708509,-0.1030975,-0.2163777,0.1169428,1.516356,-0.189346,0.959562,-0.09873613,-0.2636131,0.1239799,1.517576,-0.2218528,2.953509,77.89346,2.102465,0,10,False
1,Right_Dir_Close,196,39.53999,0.1237281,1.517569,-0.2231152,0.1285945,1.203091,-0.1946668,-0.4053419,0.4609852,0.4280075,0.6633251,0.3002431,1.082906,-0.2288764,-0.06258875,0.6479296,-0.07338211,0.7555693,MathCanvas,1.98504,1.322708,-0.6843141,0.1238759,1.517621,-0.2225558,0.9640264,-0.1012506,-0.2457676,0.1307387,1.518752,-0.255629,0.9692889,-0.1043568,-0.2226852,0.1167176,1.516386,-0.1906014,0.957733,-0.09999675,-0.2697185,0.1237281,1.517569,-0.2231152,3.018397,77.93977,2.039989,0,10,False
1,Right_Dir_Close,197,39.55999,0.1234638,1.517429,-0.2236818,0.1284592,1.203186,-0.1949117,-0.4039988,0.4635614,0.4283768,0.6621096,0.3002427,1.082962,-0.2289988,-0.06295407,0.6481254,-0.07172321,0.7555303,MathCanvas,1.980215,1.322584,-0.6964052,0.1237281,1.517569,-0.2231152,0.9632747,-0.09850921,-0.2497959,0.1304482,1.518574,-0.2562025,0.9685602,-0.1018101,-0.2269931,0.1164795,1.516283,-0.191161,0.9568009,-0.09755196,-0.2738896,0.1234638,1.517429,-0.2236818,3.061562,77.98444,1.975329,0,10,False
1,Right_Dir_Close,198,39.57999,0.1231085,1.517292,-0.2247242,0.1281202,1.20338,-0.1955211,-0.4007236,0.4696146,0.4291092,0.6593543,0.3002529,1.083219,-0.2295091,-0.06414665,0.6489342,-0.06747023,0.7551274,MathCanvas,1.979304,1.327641,-0.7049372,0.1231726,1.517289,-0.2242343,0.962828,-0.1003662,-0.2507768,0.1300642,1.518354,-0.2572539,0.9682493,-0.1033117,-0.2276399,0.1161529,1.516229,-0.1921944,0.9564513,-0.09915169,-0.2745357,0.1231085,1.517292,-0.2247242,3.089697,78.02925,1.8318,0,10,False
1,Right_Dir_Close,199,39.59999,0.1229447,1.517273,-0.2250874,0.127847,1.20338,-0.1962673,-0.3987044,0.4736764,0.4293697,0.6575006,0.3003268,1.083389,-0.2299213,-0.06431676,0.6495464,-0.07192967,0.7541744,MathCanvas,1.977102,1.324029,-0.7076125,0.1231085,1.517292,-0.2247242,0.9623603,-0.1011728,-0.2522438,0.1298716,1.518204,-0.2576274,0.9677106,-0.1048534,-0.2292202,0.1160178,1.516342,-0.1925475,0.9558274,-0.1008623,-0.2760811,0.1229447,1.517273,-0.2250874,3.084862,78.06903,1.605408,0,10,False
1,Right_Dir_Close,200,39.61999,0.1224564,1.51716,-0.2260182,0.1274045,1.203378,-0.1969428,-0.3977062,0.4776236,0.430361,0.6545953,0.3002858,1.083682,-0.2303421,-0.0653582,0.6499336,-0.07286207,0.7536616,MathCanvas,1.976012,1.32246,-0.710794,0.1226844,1.517202,-0.2255295,0.9603218,-0.1072489,-0.2574489,0.129335,1.517944,-0.2585722,0.9658149,-0.110401,-0.2345487,0.1155777,1.516376,-0.1934641,0.9537061,-0.1064925,-0.2812542,0.1224564,1.51716,-0.2260182,3.141354,78.1431,1.351951,0,10,False
1,Right_Dir_Close,201,39.63998,0.1222462,1.517105,-0.2264889,0.127175,1.203375,-0.1972462,-0.3972962,0.4794923,0.4309035,0.6531196,0.3002514,1.083768,-0.230441,-0.06575326,0.6499781,-0.07279184,0.7535957,MathCanvas,1.967664,1.311087,-0.7206925,0.1224564,1.51716,-0.2260182,0.9600465,-0.1084469,-0.2579732,0.1291025,1.517826,-0.2590491,0.9655613,-0.1115861,-0.2350316,0.1153898,1.516383,-0.1939288,0.9534229,-0.1077501,-0.2817352,0.1222462,1.517105,-0.2264889,3.165517,78.17737,1.24375,0,10,False
1,Right_Dir_Close,202,39.65998,0.1218262,1.517262,-0.2267171,0.1270084,1.203111,-0.1976277,-0.3981812,0.4806088,0.4306904,0.6518994,0.29987,1.084275,-0.2311034,-0.06828711,0.6501326,-0.07229576,0.7532848,MathCanvas,1.967109,1.308709,-0.7222202,0.1222462,1.517105,-0.2264889,0.9597781,-0.1096683,-0.2584548,0.1286688,1.518066,-0.2592782,0.965572,-0.1101208,-0.235678,0.1149836,1.516459,-0.1941559,0.9534112,-0.1061871,-0.2823675,0.1218262,1.517262,-0.2267171,3.139733,78.20819,1.386112,0,10,False
1,Right_Dir_Close,203,39.67999,0.1212482,1.517377,-0.2272716,0.12742,1.202965,-0.1984825,-0.3946719,0.4868584,0.4263587,0.6522433,0.299424,1.084374,-0.2319569,-0.0690718,0.6512094,-0.07450667,0.7520666,MathCanvas,1.966362,1.306498,-0.7234246,0.1215817,1.517331,-0.2270284,0.9584237,-0.1102354,-0.2631963,0.1280968,1.518255,-0.2598295,0.9643986,-0.1114214,-0.2398353,0.1143996,1.516499,-0.1947136,0.9520903,-0.1073164,-0.2863692,0.1212482,1.517377,-0.2272716,3.063515,78.2019,1.513758,0,10,False
1,Right_Dir_Close,204,39.69999,0.1209472,1.517436,-0.2275516,0.1274789,1.202945,-0.1988294,-0.3933793,0.489162,0.4253353,0.6519687,0.299424,1.084374,-0.2319569,-0.0690718,0.6512094,-0.07450667,0.7520666,MathCanvas,1.962517,1.305599,-0.7329093,0.1212482,1.517377,-0.2272716,0.9565694,-0.1167578,-0.2671005,0.1277911,1.518325,-0.2601102,0.9625125,-0.1184792,-0.2439928,0.1141034,1.516548,-0.1949929,0.9500765,-0.1141658,-0.2903809,0.1209472,1.517436,-0.2275516,3.04498,78.21066,1.532573,0,10,False
1,Right_Dir_Close,205,39.71999,0.1202961,1.517647,-0.2280856,0.1275315,1.203103,-0.1992929,-0.3963628,0.4832499,0.4276292,0.6530692,0.2986784,1.084235,-0.2326535,-0.06920862,0.6511326,-0.07478032,0.7520933,MathCanvas,1.956076,1.293443,-0.73997,0.1206344,1.517464,-0.2278585,0.9566254,-0.1159397,-0.2672569,0.1271469,1.518583,-0.2606415,0.9625586,-0.1181693,-0.243961,0.1134454,1.516711,-0.1955297,0.9501325,-0.1137879,-0.2903454,0.1202961,1.517647,-0.2280856,3.064597,78.20284,1.613649,0,10,False
1,Right_Dir_Close,206,39.73999,0.1199958,1.517858,-0.2283032,0.1275021,1.203183,-0.1995869,-0.3974804,0.4822065,0.4284229,0.6526408,0.2984369,1.084127,-0.2330531,-0.0692123,0.6511728,-0.07488193,0.7520481,MathCanvas,1.956987,1.295046,-0.7412104,0.1202961,1.517647,-0.2280856,0.9565274,-0.1167843,-0.2672396,0.1268464,1.518819,-0.2608584,0.9625419,-0.1181565,-0.2440328,0.1131451,1.516896,-0.195748,0.9501177,-0.1137349,-0.2904147,0.1199958,1.517858,-0.2283032,3.032744,78.20417,1.657372,0,10,False
1,Right_Dir_Close,207,39.75999,0.1193388,1.518164,-0.2285631,0.1274478,1.203239,-0.2000774,-0.397778,0.482338,0.4288487,0.6520825,0.2982526,1.083985,-0.2335185,-0.06906533,0.6515326,-0.07519403,0.7517187,MathCanvas,1.957839,1.293472,-0.7417692,0.1196843,1.518017,-0.2284391,0.9490573,-0.1967178,-0.2461554,0.1261784,1.519162,-0.2611195,0.9543644,-0.1990432,-0.222644,0.1124992,1.517165,-0.1960067,0.9433846,-0.1928532,-0.2698763,0.1193388,1.518164,-0.2285631,2.937617,78.22381,1.721453,0,10,False
1,Right_Dir_Close,208,39.77999,0.1190226,1.518314,-0.2287332,0.1274376,1.203254,-0.2002129,-0.3977513,0.4824689,0.4288916,0.6519737,0.2982526,1.083985,-0.2335185,-0.06906533,0.6515326,-0.07519403,0.7517187,MathCanvas,1.920643,1.144795,-0.6957641,0.1193388,1.518164,-0.2285631,0.9491731,-0.1959492,-0.2463218,0.125859,1.519333,-0.2612897,0.9544742,-0.1983227,-0.2228161,0.1121862,1.517295,-0.1961768,0.9434868,-0.1921166,-0.2700441,0.1190226,1.518314,-0.2287332,2.907414,78.23008,1.756464,0,10,False
1,Right_Dir_Close,209,39.79999,0.1183632,1.518374,-0.2287401,0.1274683,1.20341,-0.2015334,-0.3973619,0.4834468,0.4290358,0.6513916,0.2980358,1.082916,-0.2357353,-0.06726871,0.65456,-0.07747032,0.7490156,MathCanvas,1.922621,1.145976,-0.6967885,0.1187331,1.518314,-0.2287504,0.9445328,-0.2165468,-0.246912,0.1252278,1.519385,-0.2612908,0.9498503,-0.2191628,-0.2230521,0.1114986,1.517363,-0.1961894,0.9390414,-0.2124954,-0.2702725,0.1183632,1.518374,-0.2287401,2.738473,78.17474,1.742801,0,10,False
1,Right_Dir_Close,210,39.81998,0.1180057,1.518451,-0.228778,0.1274683,1.20341,-0.2015334,-0.3973619,0.4834468,0.4290358,0.6513916,0.2980358,1.082916,-0.2357353,-0.06726871,0.65456,-0.07747032,0.7490156,MathCanvas,1.908279,1.108011,-0.6966453,0.1183632,1.518374,-0.2287401,0.9426545,-0.2199506,-0.2510461,0.124875,1.519473,-0.2613274,0.9480672,-0.2224756,-0.2273169,0.1111363,1.51743,-0.1962287,0.9371215,-0.2156717,-0.2743881,0.1180057,1.518451,-0.228778,2.690094,78.16563,1.761122,0,10,False
1,Right_Dir_Close,211,39.83998,0.1176559,1.518553,-0.2287994,0.1274683,1.20341,-0.2015334,-0.3973619,0.4834468,0.4290358,0.6513916,0.2980476,1.082816,-0.2358887,-0.0671165,0.6547999,-0.07772839,0.7487928,MathCanvas,1.903635,1.101808,-0.7043238,0.1180057,1.518451,-0.228778,0.9428939,-0.219075,-0.2509124,0.1245325,1.519585,-0.261347,0.9483081,-0.2216585,-0.2271109,0.1107793,1.517521,-0.1962519,0.9373685,-0.2148576,-0.2741837,0.1176559,1.518553,-0.2287994,2.645061,78.15224,1.778223,0,10,False
1,Right_Dir_Close,212,39.85999,0.1172431,1.51877,-0.2284164,0.127232,1.203454,-0.2022844,-0.3963247,0.4844083,0.4297176,0.6508596,0.2980486,1.08194,-0.2369343,-0.06561045,0.6569528,-0.08012601,0.7467852,MathCanvas,1.904866,1.103307,-0.704392,0.1175538,1.518723,-0.2285624,0.9416823,-0.2265126,-0.2488503,0.1242122,1.519783,-0.2609449,0.9472343,-0.2292438,-0.2240414,0.1102741,1.517757,-0.1958879,0.9365091,-0.2223065,-0.2711655,0.1172431,1.51877,-0.2284164,2.52502,77.98443,1.746067,0,10,False
1,Right_Dir_Close,213,39.87999,0.1169431,1.518735,-0.2283121,0.1270605,1.203409,-0.2024174,-0.3960407,0.4846407,0.4299499,0.650706,0.297991,1.081726,-0.2370318,-0.06528748,0.65729,-0.08058252,0.7464676,MathCanvas,1.902007,1.089463,-0.7000607,0.1172431,1.51877,-0.2284164,0.941961,-0.2275389,-0.2468517,0.1239406,1.519715,-0.2608355,0.9472865,-0.2308919,-0.2221202,0.1099455,1.517755,-0.1957887,0.9366506,-0.2239806,-0.2692919,0.1169431,1.518735,-0.2283121,2.489604,77.93108,1.688827,0,10,False
1,Right_Dir_Close,214,39.89999,0.116354,1.518751,-0.2280386,0.1270605,1.203409,-0.2024174,-0.3960407,0.4846407,0.4299499,0.650706,0.2979611,1.081644,-0.2370495,-0.06513354,0.6573578,-0.08069716,0.746409,MathCanvas,1.903842,1.087094,-0.6965894,0.1166497,1.518739,-0.2281732,0.9426404,-0.226922,-0.2448171,0.123404,1.519702,-0.2605515,0.9479923,-0.2297588,-0.2202759,0.109304,1.517799,-0.1955257,0.9374246,-0.2229193,-0.2674737,0.116354,1.518751,-0.2280386,2.392735,77.83405,1.639818,0,10,False
1,Right_Dir_Close,215,39.91999,0.1161621,1.519082,-0.2277923,0.126365,1.203199,-0.2024598,-0.3964285,0.4834497,0.4302239,0.6511745,0.2975852,1.081206,-0.2367687,-0.06411398,0.6565139,-0.08001219,0.7473132,MathCanvas,1.906435,1.087824,-0.6929479,0.116354,1.518751,-0.2280386,0.9430096,-0.2263404,-0.2439325,0.1232601,1.520051,-0.2602943,0.9486224,-0.2284731,-0.2188964,0.1090641,1.518113,-0.1952904,0.9381173,-0.2216353,-0.2661087,0.1161621,1.519082,-0.2277923,2.323189,77.74842,1.669789,0,10,False
1,Right_Dir_Close,216,39.93999,0.1156761,1.519363,-0.2273548,0.1257343,1.202894,-0.2022303,-0.3953979,0.4824444,0.4291759,0.653235,0.2967768,1.080649,-0.2363851,-0.06240059,0.6553534,-0.07888139,0.7485959,MathCanvas,1.908503,1.088885,-0.6914252,0.1159308,1.51927,-0.2276015,0.9422665,-0.2275945,-0.2456313,0.1228476,1.520398,-0.2598385,0.9478264,-0.2296972,-0.2210526,0.1085046,1.518329,-0.194871,0.9372895,-0.2226849,-0.2681414,0.1156761,1.519363,-0.2273548,2.121586,77.61641,1.782834,0,10,False
1,Right_Dir_Close,217,39.95999,0.1154387,1.519506,-0.227119,0.1257343,1.202894,-0.2022303,-0.3953979,0.4824444,0.4291759,0.653235,0.2967768,1.080649,-0.2363851,-0.06240059,0.6553534,-0.07888139,0.7485959,MathCanvas,1.906631,1.086777,-0.6942233,0.1156761,1.519363,-0.2273548,0.9428582,-0.2261926,-0.2446538,0.1226442,1.520554,-0.2595949,0.9483843,-0.2283643,-0.2200387,0.1082332,1.518459,-0.1946432,0.9378889,-0.2213622,-0.2671389,0.1154387,1.519506,-0.227119,2.045287,77.5547,1.805123,0,10,False
1,Right_Dir_Close,218,39.97998,0.1151236,1.519452,-0.2268268,0.1253869,1.202666,-0.2018558,-0.3939754,0.4818678,0.4282551,0.6551217,0.2962397,1.080439,-0.2360489,-0.06180653,0.6544836,-0.07888745,0.749405,MathCanvas,1.909099,1.089206,-0.6925398,0.1154387,1.519506,-0.227119,0.9434366,-0.2248648,-0.2436457,0.122361,1.520497,-0.2592956,0.9486717,-0.2281055,-0.2190659,0.1078862,1.518407,-0.194358,0.938221,-0.2211133,-0.2661772,0.1151236,1.519452,-0.2268268,2.026435,77.49772,1.800984,0,10,False
1,Right_Dir_Close,219,39.99998,0.1146026,1.519428,-0.2263661,0.1248459,1.202354,-0.2012705,-0.3922979,0.4819849,0.4263068,0.6573092,0.29504,1.080388,-0.2349877,-0.06099156,0.6516705,-0.07860307,0.751949,MathCanvas,1.911159,1.091373,-0.690659,0.1148366,1.519391,-0.2266027,0.9406836,-0.2295093,-0.2498791,0.1219148,1.520515,-0.2588167,0.9460225,-0.2327774,-0.2255134,0.1072904,1.51834,-0.1939154,0.9353957,-0.2255211,-0.2723512,0.1146026,1.519428,-0.2263661,2.075067,77.36932,1.874057,0,10,False
1,Right_Dir_Close,220,40.01999,0.1143436,1.519374,-0.2260426,0.1246095,1.202328,-0.2011858,-0.3926214,0.4819837,0.425808,0.6574404,0.2948234,1.080465,-0.2347467,-0.06095655,0.6510943,-0.07833195,0.7524791,MathCanvas,1.902585,1.083193,-0.7013179,0.1146026,1.519428,-0.2263661,0.942748,-0.2304421,-0.2410868,0.1216853,1.520479,-0.258486,0.9478163,-0.2338279,-0.2167231,0.1070018,1.518269,-0.1935993,0.9375663,-0.2266096,-0.2638515,0.1143436,1.519374,-0.2260426,2.075594,77.31799,1.90391,0,10,False
1,Right_Dir_Close,221,40.03999,0.1139405,1.519388,-0.2253642,0.1242616,1.202361,-0.2011264,-0.3931361,0.4816287,0.4250215,0.6579016,0.2944081,1.080721,-0.2342961,-0.0611448,0.6501279,-0.07767879,0.7533665,MathCanvas,1.909838,1.08049,-0.6852005,0.114085,1.519391,-0.225783,0.9433774,-0.2297323,-0.2392957,0.1213551,1.520525,-0.2577899,0.9484966,-0.2328844,-0.2147533,0.1065259,1.518251,-0.1929385,0.9383479,-0.2256369,-0.2618992,0.1139405,1.519388,-0.2253642,2.040198,77.18974,1.95878,0,10,False
1,Right_Dir_Close,222,40.05999,0.1137092,1.519476,-0.2250596,0.1239356,1.202508,-0.2009345,-0.3920817,0.4815669,0.4234571,0.6595827,0.2941847,1.081059,-0.2339723,-0.06151286,0.6497059,-0.07698786,0.7537713,MathCanvas,1.912146,1.081487,-0.6814945,0.1139405,1.519388,-0.2253642,0.9437429,-0.2292763,-0.2382898,0.1211772,1.520625,-0.2574726,0.9491179,-0.2318798,-0.2130892,0.1062412,1.518328,-0.1926466,0.9390448,-0.2246381,-0.2602549,0.1137092,1.519476,-0.2250596,1.983209,77.0939,1.978662,0,10,False
1,Right_Dir_Close,223,40.07999,0.1131869,1.519425,-0.2245198,0.1237268,1.202579,-0.2007987,-0.3912111,0.4821475,0.4229408,0.6600067,0.2941262,1.081338,-0.2338392,-0.06180451,0.6498373,-0.07653943,0.75368,MathCanvas,1.913367,1.082261,-0.6794631,0.1134954,1.519466,-0.2247834,0.9862283,-0.1300336,-0.1022007,0.120752,1.520604,-0.2569092,0.9883838,-0.1319898,-0.07534152,0.1056219,1.518246,-0.1921303,0.9837203,-0.1278358,-0.1263027,0.1131869,1.519425,-0.2245198,1.965093,76.9231,2.031121,0,10,False
1,Right_Dir_Close,224,40.09999,0.1129337,1.519433,-0.2242119,0.1237268,1.202579,-0.2007987,-0.3912111,0.4821475,0.4229408,0.6600067,0.2941262,1.081338,-0.2338392,-0.06180451,0.6498373,-0.07653943,0.75368,MathCanvas,1.913367,1.082261,-0.6794631,0.1131869,1.519425,-0.2245198,0.9863834,-0.129913,-0.1008489,0.1205424,1.520625,-0.2565906,0.9885075,-0.1317926,-0.07405138,0.1053251,1.51824,-0.1918331,0.9839125,-0.1276204,-0.1250173,0.1129337,1.519433,-0.2242119,1.960365,76.84626,2.054106,0,10,False
1,Right_Dir_Close,225,40.11999,0.1126258,1.51912,-0.2239445,0.1234919,1.202543,-0.2007821,-0.3913009,0.482408,0.4234171,0.6594574,0.2940474,1.081615,-0.233653,-0.0622181,0.6499146,-0.0761175,0.753622,MathCanvas,1.913367,1.082261,-0.6794631,0.1129337,1.519433,-0.2242119,0.9865415,-0.1297068,-0.09956086,0.1202837,1.520288,-0.2563125,0.9884373,-0.1331517,-0.07254165,0.1049678,1.517951,-0.1915765,0.9839228,-0.1289945,-0.123516,0.1126258,1.51912,-0.2239445,2.029902,76.76051,2.013311,0,10,False
1,Right_Dir_Close,226,40.13998,0.1120583,1.519105,-0.2237638,0.1227787,1.202328,-0.2006075,-0.3909894,0.4819929,0.4238952,0.6596386,0.2935961,1.08219,-0.2331817,-0.06243873,0.6491029,-0.07485162,0.7544296,MathCanvas,1.913367,1.082261,-0.6794631,0.1123172,1.519105,-0.2239175,0.990659,-0.01454893,0.1355851,0.1197674,1.520266,-0.2561199,0.9864894,-0.01568843,0.1630718,0.1043493,1.517944,-0.1914077,0.9938678,-0.01372323,0.1097202,0.1120583,1.519105,-0.2237638,2.103991,76.67223,2.000097,0,10,False
1,Right_Dir_Close,227,40.15998,0.1118179,1.519154,-0.2235478,0.1225796,1.202301,-0.2005564,-0.3910781,0.4815144,0.4242122,0.6597316,0.2934355,1.082301,-0.2330923,-0.06247545,0.648906,-0.07449689,0.7546311,MathCanvas,1.913367,1.082261,-0.6794631,0.1120583,1.519105,-0.2237638,0.9905466,-0.01464992,0.1363925,0.1195613,1.520318,-0.2558956,0.9863259,-0.01561493,0.1640649,0.1040746,1.517991,-0.1911999,0.9937578,-0.01364781,0.1107202,0.1118179,1.519154,-0.2235478,2.103352,76.61157,2.004553,0,10,False
1,Right_Dir_Close,228,40.17999,0.1112887,1.519183,-0.2231427,0.1225796,1.202301,-0.2005564,-0.3910781,0.4815144,0.4242122,0.6597316,0.2934355,1.082301,-0.2330923,-0.06247545,0.648906,-0.07449689,0.7546311,MathCanvas,1.913367,1.082261,-0.6794631,0.1115643,1.519167,-0.2233319,0.9902413,-0.01489066,0.1385653,0.1190964,1.520352,-0.2554749,0.9859849,-0.01602202,0.1660632,0.1034811,1.518015,-0.1908105,0.9935259,-0.01404231,0.1127345,0.1112887,1.519183,-0.2231427,2.124086,76.49868,2.01367,0,10,False
1,Right_Dir_Close,229,40.19999,0.1110451,1.519074,-0.2231663,0.1204615,1.201857,-0.2005225,-0.3935275,0.4844054,0.4263155,0.6547844,0.2926036,1.082404,-0.232933,-0.06206435,0.6480104,-0.07451401,0.7554325,MathCanvas,1.913367,1.082261,-0.6794631,0.1112887,1.519183,-0.2231427,0.9901151,-0.01503217,0.1394497,0.1188066,1.520267,-0.2555087,0.9862307,-0.01509413,0.1646851,0.1032836,1.517881,-0.1908239,0.9936954,-0.0130803,0.1113471,0.1110451,1.519074,-0.2231663,2.073634,76.57981,2.054987,0,10,False
