UID,Condition,Index,Time,Player_X,Player_Y,Player_Z,Left_X,Left_Y,Left_Z,LeftRot_X,LeftRot_Y,LeftRot_Z,LeftRot_W,Right_X,Right_Y,Right_Z,RightRot_X,RightRot_Y,RightRot_Z,RightRot_W,GazeObject,GP_X,GP_Y,GP_Z,GO_X,GO_Y,GO_Z,GZ_X,GZ_Y,GZ_Z,RE_X,RE_Y,RE_Z,RED_X,RED_Y,RED_Z,LE_X,LE_Y,LE_Z,LED_X,LED_Y,LED_Z,H_X,H_Y,H_Z,HR_X,HR_Y,HR_Z,Blinking,BlinkCount,EventTriggered
1,Center_Dir_Far,0,12.9,0.0700677,1.542685,0.09946627,0.08542314,1.255874,0.112133,-0.5252215,0.2766339,0.1941778,0.780968,0.2386363,1.119547,0.1583748,-0.08402056,0.3936488,-0.1369781,0.9051067,MathCanvas,1.041388,1.188789,1.285214,0.07000902,1.542662,0.09962016,0.7678954,-0.1722798,0.6169735,0.09642427,1.544022,0.07918723,0.7508885,-0.1741717,0.6370484,0.04371113,1.541348,0.1197453,0.7844024,-0.1698959,0.5965301,0.0700677,1.542685,0.09946627,356.5019,37.43431,2.306147,0,0,False
1,Center_Dir_Far,1,12.92,0.07022112,1.542787,0.09911942,0.08545527,1.255881,0.1119125,-0.5254655,0.2766531,0.1942326,0.7807835,0.2388043,1.119773,0.1577966,-0.08640344,0.3932371,-0.143998,0.9039711,MathCanvas,1.041388,1.188789,1.285214,0.0701673,1.542758,0.09927552,0.7681784,-0.1715785,0.6168166,0.09656818,1.544109,0.07882708,0.7512311,-0.1734622,0.6368381,0.04387406,1.541464,0.1194118,0.784724,-0.1692211,0.5962989,0.07022112,1.542787,0.09911942,356.455,37.46207,2.281616,0,0,False
1,Center_Dir_Far,2,12.94,0.07033192,1.542795,0.09893015,0.0854808,1.255903,0.1116522,-0.5258794,0.2771043,0.1943973,0.7803037,0.2382405,1.119997,0.1582468,-0.08486346,0.3876844,-0.1428639,0.9066913,MathCanvas,1.041388,1.188789,1.285214,0.07022112,1.542787,0.09911942,0.7682407,-0.1713344,0.6168069,0.09667086,1.54412,0.07862741,0.7515093,-0.173163,0.6365912,0.04399297,1.541471,0.1192329,0.7849863,-0.1689209,0.5960389,0.07033192,1.542795,0.09893015,356.4384,37.48394,2.285163,0,0,False
1,Center_Dir_Far,3,12.96,0.07045609,1.542823,0.09859923,0.08548252,1.255898,0.1116177,-0.5258868,0.2771423,0.1943971,0.7802852,0.2379734,1.120119,0.1583273,-0.08540595,0.3870648,-0.1405575,0.9072652,MathCanvas,1.041388,1.188789,1.285214,0.07039887,1.542808,0.09876093,0.7677332,-0.1686084,0.6181885,0.09678953,1.544128,0.07828808,0.7507872,-0.1704964,0.6381611,0.04412264,1.541519,0.1189104,0.7843295,-0.1663332,0.5976291,0.07045609,1.542823,0.09859923,356.4181,37.50253,2.250917,0,0,False
1,Center_Dir_Far,4,12.98,0.07051534,1.542832,0.09843682,0.08548953,1.255888,0.1115585,-0.5258942,0.277184,0.1943933,0.7802664,0.2378394,1.120196,0.1583455,-0.08577201,0.3869218,-0.139475,0.9074588,MathCanvas,1.041388,1.188789,1.285214,0.07045609,1.542823,0.09859923,0.7678277,-0.1684152,0.6181238,0.09684583,1.544126,0.07812116,0.7508656,-0.170343,0.6381098,0.04418486,1.541538,0.1187525,0.7844023,-0.1661986,0.5975709,0.07051534,1.542832,0.09843682,356.4051,37.51243,2.232767,0,0,False
1,Center_Dir_Far,5,13,0.07074299,1.542824,0.09811272,0.08572183,1.255967,0.1113132,-0.5257598,0.2771609,0.1943099,0.780386,0.2377069,1.120181,0.158498,-0.08413929,0.3896429,-0.1371543,0.9068008,MathCanvas,1.041388,1.188789,1.285214,0.07061107,1.542793,0.09827641,0.7683496,-0.1702691,0.6169662,0.09705957,1.544108,0.07777841,0.7513766,-0.1718937,0.6370915,0.0444264,1.54154,0.118447,0.7848705,-0.1677386,0.5965249,0.07074299,1.542824,0.09811272,356.4043,37.55355,2.215389,0,0,False
1,Center_Dir_Far,6,13.02,0.07079735,1.542833,0.09795807,0.08576422,1.255965,0.1112359,-0.5255489,0.2772062,0.1942657,0.7805229,0.2376857,1.120131,0.158512,-0.08378021,0.39041,-0.1367166,0.9065703,MathCanvas,1.041388,1.188789,1.285214,0.07074299,1.542824,0.09811272,0.7684644,-0.1698993,0.6169254,0.09710568,1.544112,0.07761274,0.751694,-0.1719899,0.6366912,0.04448903,1.541555,0.1183034,0.7851664,-0.1678437,0.5961059,0.07079735,1.542833,0.09795807,356.4031,37.57779,2.206294,0,0,False
1,Center_Dir_Far,7,13.04,0.07085327,1.542846,0.09779645,0.08578139,1.255957,0.1112102,-0.5254717,0.2772357,0.194245,0.7805696,0.2376857,1.120131,0.158512,-0.08378021,0.39041,-0.1367166,0.9065703,MathCanvas,1.041388,1.188789,1.285214,0.07079735,1.542833,0.09795807,0.7695733,-0.1701396,0.6154749,0.09715916,1.544126,0.07744808,0.7526937,-0.1720879,0.6354825,0.04454738,1.541565,0.1181448,0.7860917,-0.1679209,0.5948633,0.07085327,1.542846,0.09779645,356.3957,37.58403,2.209117,0,0,False
1,Center_Dir_Far,8,13.06,0.07087931,1.542806,0.09752493,0.0858444,1.255992,0.1109477,-0.525595,0.2774277,0.1941849,0.7804332,0.2374945,1.11997,0.1581946,-0.08457065,0.3952301,-0.1323302,0.9050579,MathCanvas,1.041388,1.188789,1.285214,0.07087173,1.54283,0.09765477,0.7705151,-0.1734729,0.6133627,0.09717852,1.544049,0.07716557,0.7535654,-0.1756611,0.6334685,0.0445801,1.541564,0.1178843,0.7868755,-0.171504,0.5928012,0.07087931,1.542806,0.09752493,356.3949,37.61016,2.143563,0,0,False
1,Center_Dir_Far,9,13.08,0.07088555,1.5428,0.09740591,0.08583567,1.255975,0.1107851,-0.5259345,0.2773465,0.1942371,0.7802204,0.2376474,1.119899,0.1582107,-0.08373666,0.3955746,-0.1321838,0.9050062,MathCanvas,1.041388,1.188789,1.285214,0.07087931,1.542806,0.09752493,0.7704568,-0.1735259,0.6134208,0.09718555,1.544046,0.07704784,0.7535459,-0.1752762,0.6335983,0.04458556,1.541553,0.117764,0.7868599,-0.1711147,0.5929344,0.07088555,1.5428,0.09740591,356.377,37.60644,2.150976,0,0,False
1,Center_Dir_Far,10,13.1,0.0709428,1.542798,0.09718217,0.08582975,1.255957,0.1106386,-0.5262424,0.2771919,0.1942907,0.7800543,0.237894,1.119887,0.1582668,-0.08346257,0.3955286,-0.1332655,0.904893,MathCanvas,1.041388,1.188789,1.285214,0.07091626,1.542795,0.09731013,0.7710938,-0.178074,0.6113133,0.09724507,1.544041,0.07682679,0.7541925,-0.180079,0.6314786,0.04464054,1.541556,0.1175376,0.7874306,-0.1758493,0.5907878,0.0709428,1.542798,0.09718217,356.3565,37.60004,2.144243,0,0,False
1,Center_Dir_Far,11,13.12,0.07098825,1.542792,0.09712908,0.08586786,1.255949,0.1106062,-0.5263082,0.2770587,0.1942923,0.7800568,0.2385703,1.119775,0.1583107,-0.08213846,0.3973303,-0.1340235,0.9041126,MathCanvas,1.041388,1.188789,1.285214,0.0709428,1.542798,0.09718217,0.7711194,-0.1779474,0.6113179,0.0973012,1.544038,0.0767877,0.7539508,-0.1795984,0.631904,0.04467531,1.541546,0.1174705,0.7872068,-0.1753708,0.5912279,0.07098825,1.542792,0.09712908,356.3302,37.56834,2.149999,0,0,False
1,Center_Dir_Far,12,13.14,0.07099468,1.542771,0.09698337,0.08595309,1.255941,0.1106493,-0.5262316,0.2769561,0.1941725,0.7801749,0.2393093,1.119603,0.1582726,-0.08163682,0.3982034,-0.1354728,0.9035578,MathCanvas,1.041388,1.188789,1.285214,0.07099167,1.542794,0.09704634,0.7706042,-0.1801282,0.6113288,0.09732393,1.544015,0.07666297,0.7535521,-0.1823473,0.6315922,0.04466542,1.541527,0.1173038,0.7868177,-0.1780841,0.5909348,0.07099468,1.542771,0.09698337,356.3244,37.52261,2.146019,0,0,False
1,Center_Dir_Far,13,13.16,0.07100644,1.542764,0.09689616,0.08596463,1.255939,0.1106529,-0.526233,0.276898,0.1941445,0.7802015,0.239305,1.119619,0.1582627,-0.08181576,0.3980097,-0.1353553,0.9036445,MathCanvas,1.041388,1.188789,1.285214,0.07099468,1.542771,0.09698337,0.7699622,-0.1801965,0.6121172,0.09734069,1.544001,0.07658179,0.7528568,-0.1824092,0.632403,0.04467219,1.541527,0.1172105,0.7861701,-0.1781669,0.5917711,0.07100644,1.542764,0.09689616,356.3268,37.51002,2.133585,0,0,False
1,Center_Dir_Far,14,13.18,0.07101512,1.542755,0.09680435,0.0859641,1.255931,0.1106385,-0.5262344,0.2768403,0.1941192,0.7802272,0.2392971,1.119644,0.1582437,-0.0820067,0.3978687,-0.1351866,0.9037146,MathCanvas,1.041388,1.188789,1.285214,0.07100644,1.542764,0.09689616,0.7697693,-0.1802673,0.6123388,0.0973528,1.543991,0.07649443,0.7527452,-0.1822739,0.6325748,0.04467744,1.541519,0.1171143,0.7860666,-0.1780313,0.5919495,0.07101512,1.542755,0.09680435,356.3199,37.50011,2.133243,0,0,False
1,Center_Dir_Far,15,13.2,0.07105555,1.542742,0.09681028,0.0860385,1.255921,0.1104544,-0.5265267,0.2763553,0.1937032,0.7803054,0.239439,1.119764,0.1579935,-0.08346913,0.3981125,-0.1342968,0.9036059,MathCanvas,1.041388,1.188789,1.285214,0.07103802,1.542737,0.09676812,0.7693732,-0.1804049,0.6127961,0.09740821,1.543968,0.07651915,0.752167,-0.1822212,0.6332773,0.04470289,1.541516,0.1171014,0.7855243,-0.1779952,0.5926797,0.07105555,1.542742,0.09681028,356.3159,37.45973,2.11517,0,0,False
1,Center_Dir_Far,16,13.22,0.07106691,1.542734,0.09679282,0.08604654,1.255907,0.110403,-0.5266737,0.2762179,0.193675,0.7802619,0.2394533,1.119793,0.1579555,-0.08374221,0.3981028,-0.1345308,0.9035501,MathCanvas,1.041388,1.188789,1.285214,0.07105555,1.542742,0.09681028,0.7700746,-0.1758148,0.6132489,0.0974267,1.543954,0.0765106,0.7529057,-0.1779711,0.6336082,0.04470712,1.541514,0.117075,0.7862294,-0.1737977,0.5929905,0.07106691,1.542734,0.09679282,356.3176,37.44079,2.105052,0,0,False
1,Center_Dir_Far,17,13.24,0.0711583,1.542645,0.09670182,0.08612484,1.25591,0.110329,-0.5269613,0.2758223,0.1936247,0.7802201,0.2394108,1.1199,0.1579136,-0.08444774,0.3980311,-0.1345333,0.9035157,MathCanvas,1.041388,1.188789,1.285214,0.07110341,1.542719,0.09675398,0.7710168,-0.1759073,0.6120373,0.09752552,1.543864,0.0764292,0.7540014,-0.1788286,0.6320619,0.04479109,1.541426,0.1169744,0.7872362,-0.1746289,0.5914086,0.0711583,1.542645,0.09670182,356.3744,37.42204,2.103608,0,0,False
1,Center_Dir_Far,18,13.26,0.07120522,1.542606,0.09665471,0.08615315,1.255917,0.1103275,-0.5269916,0.275783,0.1936092,0.7802173,0.2393747,1.119928,0.1579315,-0.08454896,0.3978902,-0.1343571,0.9035946,MathCanvas,1.041388,1.188789,1.285214,0.0711583,1.542645,0.09670182,0.7708884,-0.1767293,0.6119623,0.09757529,1.543822,0.07638562,0.7538802,-0.1790879,0.6321331,0.04483515,1.54139,0.1169238,0.7871209,-0.1748902,0.5914845,0.07120522,1.542606,0.09665471,356.3886,37.41511,2.098047,0,0,False
1,Center_Dir_Far,19,13.27999,0.07138065,1.542497,0.09653852,0.08631383,1.25594,0.1103105,-0.5270374,0.2756891,0.1934453,0.7802603,0.2392299,1.120044,0.1579861,-0.08523142,0.3973405,-0.1337376,0.9038642,MathCanvas,1.967523,1.107868,1.602027,0.0712957,1.542541,0.09659137,0.7708475,-0.1779122,0.611671,0.0977424,1.543706,0.07625818,0.7539919,-0.1802544,0.6316682,0.0450189,1.541289,0.1168189,0.7872191,-0.1760541,0.5910084,0.07138065,1.542497,0.09653852,356.4217,37.4412,2.08544,0,0,False
1,Center_Dir_Far,20,13.3,0.07147107,1.542457,0.09648731,0.08632866,1.255934,0.1103047,-0.5270497,0.2756748,0.1934357,0.7802594,0.2392247,1.120067,0.1579786,-0.0853045,0.3973192,-0.1337554,0.903864,MathCanvas,2.014729,1.093971,1.638594,0.07138065,1.542497,0.09653852,0.769866,-0.1780378,0.6128693,0.09782872,1.543662,0.07620142,0.7530376,-0.180384,0.6327686,0.04511341,1.541252,0.1167732,0.7863367,-0.1762029,0.5921377,0.07147107,1.542457,0.09648731,356.4355,37.45398,2.079155,0,0,False
1,Center_Dir_Far,21,13.31999,0.07169715,1.542403,0.09638952,0.08642867,1.255889,0.1101948,-0.5272161,0.2756403,0.193452,0.7801551,0.2392268,1.120133,0.1579882,-0.08507645,0.3970898,-0.1338396,0.9039738,MathCanvas,2.09375,1.074789,1.706368,0.07153161,1.542422,0.0964359,0.7700699,-0.1785391,0.6124673,0.09804568,1.543603,0.07609151,0.7534057,-0.1807384,0.632229,0.04534861,1.541202,0.1166875,0.7866788,-0.1765637,0.5915757,0.07169715,1.542403,0.09638952,356.456,37.48135,2.070919,0,0,False
1,Center_Dir_Far,22,13.34,0.07179945,1.5424,0.09636112,0.08653674,1.255972,0.1101658,-0.5274962,0.2755596,0.1935703,0.7799649,0.2392605,1.120085,0.1580707,-0.08485526,0.3968518,-0.1338588,0.9040962,MathCanvas,2.132779,1.064546,1.73565,0.07169715,1.542403,0.09638952,0.7687514,-0.1786097,0.6141009,0.09814247,1.543592,0.07605549,0.7519231,-0.1808167,0.6339692,0.04545642,1.541208,0.1166667,0.7853044,-0.1766728,0.5933664,0.07179945,1.5424,0.09636112,356.4607,37.49856,2.057066,0,0,False
1,Center_Dir_Far,23,13.35999,0.0718938,1.54241,0.09632912,0.08658201,1.25601,0.110158,-0.5275684,0.2755201,0.1936047,0.7799215,0.239274,1.120069,0.158082,-0.0849067,0.3967983,-0.1338491,0.9041164,MathCanvas,2.197748,1.048463,1.79463,0.07179945,1.5424,0.09636112,0.7688835,-0.1787451,0.6138961,0.09823033,1.543592,0.07601444,0.7520911,-0.180854,0.6337594,0.04555726,1.541229,0.1166438,0.7854598,-0.1767274,0.5931445,0.0718938,1.54241,0.09632912,356.4587,37.51886,2.038114,0,0,False
1,Center_Dir_Far,24,13.38,0.07207829,1.542484,0.09627204,0.08670188,1.256013,0.1101358,-0.5275461,0.2753969,0.1937248,0.7799503,0.2393225,1.120106,0.158078,-0.08509708,0.3967846,-0.1335723,0.9041454,MathCanvas,2.229648,1.040789,1.819134,0.0719781,1.542396,0.09628788,0.7501821,-0.1842488,0.6350427,0.09840672,1.543656,0.07594635,0.7327009,-0.185864,0.6546783,0.04574985,1.541311,0.1165977,0.7674375,-0.1819703,0.6147574,0.07207829,1.542484,0.09627204,356.4448,37.5428,2.023339,0,0,False
1,Center_Dir_Far,25,13.39999,0.0721963,1.542584,0.09633072,0.08685269,1.255999,0.1101637,-0.5273116,0.2752942,0.1938649,0.7801103,0.2393908,1.120109,0.1580575,-0.08532665,0.3968792,-0.1332643,0.9041277,MathCanvas,2.187722,1.02287,1.887203,0.07207829,1.542484,0.09627204,0.6477725,-0.2272985,0.7271357,0.09852248,1.543771,0.0760029,0.6274021,-0.2278371,0.7446186,0.04587013,1.541398,0.1166585,0.6681147,-0.2251666,0.7091705,0.0721963,1.542584,0.09633072,356.3994,37.54502,2.046633,0,0,False
1,Center_Dir_Far,26,13.42,0.0723763,1.542637,0.09640272,0.08699581,1.255951,0.1101785,-0.5270377,0.2753929,0.1937374,0.7802922,0.2394828,1.120106,0.1580314,-0.08547653,0.3969207,-0.1332814,0.9040928,MathCanvas,1.890764,0.904463,2.137703,0.07229598,1.542621,0.09637668,0.648003,-0.2259845,0.7273398,0.09870192,1.543826,0.07607433,0.6274446,-0.2272124,0.7447737,0.04605067,1.541448,0.1167311,0.6681588,-0.2245405,0.7093275,0.0723763,1.542637,0.09640272,356.3861,37.54561,2.051282,0,0,False
1,Center_Dir_Far,27,13.43999,0.0724563,1.54266,0.09640343,0.08699581,1.255951,0.1101785,-0.5270377,0.2753929,0.1937374,0.7802922,0.2394828,1.120106,0.1580314,-0.08547653,0.3969207,-0.1332814,0.9040928,MathCanvas,1.911851,0.9011387,2.161089,0.0723763,1.542637,0.09640272,0.6480447,-0.2258767,0.7273362,0.09877992,1.543849,0.07607245,0.627534,-0.2270718,0.7447413,0.04613268,1.541471,0.1167344,0.6682448,-0.2244004,0.7092907,0.0724563,1.54266,0.09640343,356.3778,37.55095,2.051301,0,0,False
1,Center_Dir_Far,28,13.46,0.07254096,1.542611,0.09656888,0.08717373,1.255967,0.1102169,-0.5270119,0.2751572,0.1938488,0.780365,0.2398145,1.120045,0.1578962,-0.0854086,0.3974024,-0.1332061,0.9038987,MathCanvas,1.950595,0.8880327,2.204341,0.07250237,1.542637,0.09649134,0.6504052,-0.2039994,0.7316812,0.09887618,1.543805,0.07625323,0.6296478,-0.2057848,0.7491304,0.04620574,1.541417,0.1168845,0.6703606,-0.2031712,0.7136793,0.07254096,1.542611,0.09656888,356.4094,37.51841,2.060254,0,0,False
1,Center_Dir_Far,29,13.47999,0.07260478,1.542576,0.09662187,0.08724912,1.255943,0.1102353,-0.5269117,0.2750828,0.1939074,0.7804443,0.2399361,1.119984,0.157872,-0.08546644,0.3976333,-0.1332926,0.903779,MathCanvas,1.979894,0.9443703,2.242269,0.07254096,1.542611,0.09656888,0.650225,-0.2044279,0.7317217,0.09894544,1.543775,0.0763136,0.629412,-0.2060597,0.7492529,0.04626411,1.541376,0.1169301,0.6701353,-0.2034379,0.713815,0.07260478,1.542576,0.09662187,356.4289,37.50275,2.069444,0,0,False
1,Center_Dir_Far,30,13.5,0.07268489,1.542549,0.0966805,0.08730115,1.255926,0.1102408,-0.5268675,0.2750355,0.1939212,0.7804874,0.2400132,1.119948,0.1578383,-0.0854542,0.3977562,-0.1334151,0.903708,MathCanvas,2.010942,0.933171,2.277902,0.07260478,1.542576,0.09662187,0.651492,-0.197991,0.7323645,0.09902923,1.543751,0.07637715,0.6307664,-0.1994728,0.7498962,0.04634055,1.541347,0.1169839,0.6714534,-0.1968581,0.7144209,0.07268489,1.542549,0.0966805,356.4394,37.49227,2.074004,0,0,False
1,Center_Dir_Far,31,13.51999,0.07284325,1.542478,0.0968304,0.08739494,1.255911,0.1102433,-0.5268783,0.2749275,0.1938939,0.7805251,0.2401867,1.11987,0.1577769,-0.08528626,0.3979748,-0.1335731,0.9036042,MathCanvas,2.030304,0.9476209,2.297308,0.07274375,1.542537,0.09672649,0.6512343,-0.1982745,0.732517,0.09920486,1.54369,0.07655008,0.6300595,-0.2002893,0.7502728,0.04648163,1.541266,0.1171107,0.6707781,-0.1976537,0.7148354,0.07284325,1.542478,0.0968304,356.4886,37.44341,2.091062,0,0,False
1,Center_Dir_Far,32,13.54,0.07286066,1.542423,0.09695504,0.08750541,1.2559,0.1102501,-0.526972,0.2748884,0.193858,0.7804845,0.2403287,1.119782,0.1578048,-0.08525453,0.3981679,-0.1332582,0.9035686,MathCanvas,2.043012,0.942641,2.312902,0.07284325,1.542478,0.0968304,0.6518598,-0.1859863,0.7351789,0.09923412,1.543639,0.07669041,0.6307786,-0.1879336,0.7528607,0.0464872,1.541206,0.1172197,0.6715144,-0.1853316,0.7174402,0.07286066,1.542423,0.09695504,356.527,37.41045,2.099101,0,0,False
1,Center_Dir_Far,33,13.56,0.0729299,1.542354,0.0971275,0.08757089,1.255884,0.1102609,-0.5269459,0.2748924,0.1938533,0.7805018,0.2403898,1.119754,0.1578325,-0.08518908,0.3981546,-0.1331708,0.9035936,MathCanvas,2.073061,0.9717326,2.352816,0.07289253,1.542389,0.09704411,0.6489888,-0.1819883,0.738711,0.09931636,1.543582,0.07688047,0.6280223,-0.1835521,0.7562386,0.04654343,1.541126,0.1173745,0.6689102,-0.1809848,0.7209741,0.0729299,1.542354,0.0971275,356.5635,37.37296,2.118151,0,0,False
1,Center_Dir_Far,34,13.58,0.07296473,1.542319,0.09721627,0.08757089,1.255884,0.1102609,-0.5269459,0.2748924,0.1938533,0.7805018,0.2404081,1.11976,0.1578308,-0.08515338,0.3981307,-0.1331815,0.9036059,MathCanvas,2.075583,0.9807733,2.376646,0.0729299,1.542354,0.0971275,0.6487188,-0.1823209,0.738866,0.09935969,1.543546,0.07698027,0.6276941,-0.1838465,0.7564394,0.04656977,1.541092,0.1174523,0.6685964,-0.1812757,0.721192,0.07296473,1.542319,0.09721627,356.5775,37.34958,2.116653,0,0,False
1,Center_Dir_Far,35,13.6,0.07306898,1.542343,0.09748182,0.08772223,1.255866,0.1103424,-0.5270092,0.2741226,0.194082,0.780673,0.24059,1.11981,0.1579602,-0.08500633,0.3978023,-0.1331966,0.9037622,MathCanvas,2.093752,0.9743811,2.398816,0.0730082,1.54235,0.09735655,0.6487933,-0.1758053,0.7403781,0.09947294,1.543591,0.0772588,0.6279421,-0.1771173,0.7578378,0.04666501,1.541096,0.1177048,0.6688599,-0.1745353,0.7226091,0.07306898,1.542343,0.09748182,356.5722,37.32012,2.151458,0,0,False
1,Center_Dir_Far,36,13.62,0.07311986,1.542335,0.09760493,0.08774511,1.255843,0.1103534,-0.5271502,0.2740751,0.1941234,0.7805843,0.2406198,1.11983,0.158036,-0.08505885,0.397704,-0.1330432,0.9038231,MathCanvas,2.10494,0.9917616,2.416176,0.07306898,1.542343,0.09748182,0.6486623,-0.1757908,0.7404963,0.09953141,1.543595,0.07739262,0.6277349,-0.1768681,0.7580677,0.0467083,1.541075,0.1178172,0.6686649,-0.174266,0.7228545,0.07311986,1.542335,0.09760493,356.5607,37.29575,2.173492,0,0,False
1,Center_Dir_Far,37,13.64,0.07322549,1.542397,0.09784268,0.0877809,1.255827,0.1104291,-0.5275596,0.273351,0.1943688,0.7805004,0.2406708,1.119842,0.1581436,-0.08501584,0.3975056,-0.1328492,0.9039429,MathCanvas,2.119597,0.9877288,2.43381,0.0731596,1.542336,0.09771357,0.6499152,-0.167593,0.7412981,0.09965113,1.543676,0.07765,0.6289415,-0.1682937,0.759019,0.04679985,1.541118,0.1180354,0.6698445,-0.1656753,0.7237818,0.07322549,1.542397,0.09784268,356.5282,37.25092,2.206809,0,0,False
1,Center_Dir_Far,38,13.66,0.07327015,1.542424,0.09795725,0.08778979,1.255831,0.1104477,-0.5276178,0.2731443,0.1944306,0.7805181,0.2406841,1.119843,0.1581678,-0.0849973,0.3974417,-0.1328465,0.9039731,MathCanvas,2.133442,1.011131,2.447741,0.07322549,1.542397,0.09784268,0.6501982,-0.1593709,0.7428616,0.09970098,1.543699,0.07777111,0.6293054,-0.1606268,0.7603773,0.04683932,1.541149,0.1181434,0.6702136,-0.1580553,0.725143,0.07327015,1.542424,0.09795725,356.526,37.23686,2.19986,0,0,False
1,Center_Dir_Far,39,13.68,0.0733138,1.542498,0.09809663,0.08784856,1.255802,0.1105496,-0.5277684,0.2723062,0.1945618,0.7806764,0.240748,1.119749,0.1583299,-0.08489749,0.3972725,-0.1329499,0.9040416,MathCanvas,2.150202,1.033344,2.470884,0.07327015,1.542424,0.09795725,0.6499814,-0.1592558,0.743076,0.09975093,1.543761,0.07791795,0.6290342,-0.1603023,0.7606702,0.04687668,1.541236,0.1182753,0.6699555,-0.1577364,0.7254509,0.0733138,1.542498,0.09809663,356.5108,37.22079,2.178367,0,0,False
1,Center_Dir_Far,40,13.7,0.07340091,1.542549,0.09832481,0.08788022,1.255773,0.1105955,-0.5277297,0.2721435,0.1945408,0.7807645,0.2407722,1.119658,0.158443,-0.08455092,0.397036,-0.133022,0.9041674,MathCanvas,2.155063,1.032437,2.478007,0.07335483,1.542524,0.09820759,0.649795,-0.1553268,0.7440699,0.09985184,1.543842,0.0781661,0.6288521,-0.1565069,0.7616106,0.04694999,1.541256,0.1184835,0.6697961,-0.1539046,0.7264203,0.07340091,1.542549,0.09832481,356.5095,37.17581,2.229846,0,0,False
1,Center_Dir_Far,41,13.72,0.07348436,1.542519,0.09845106,0.08795805,1.255705,0.1107113,-0.5275729,0.271702,0.1944995,0.7810345,0.2407752,1.119526,0.158593,-0.08389113,0.3966288,-0.1330609,0.9044019,MathCanvas,2.161275,1.043464,2.489116,0.07340091,1.542549,0.09832481,0.6496093,-0.155266,0.7442448,0.0999416,1.543841,0.07830251,0.6287314,-0.1565822,0.7616948,0.04702712,1.541198,0.1185996,0.6696857,-0.1539062,0.7265218,0.07348436,1.542519,0.09845106,356.5116,37.15239,2.279342,0,0,False
1,Center_Dir_Far,42,13.74,0.07359174,1.542362,0.09876749,0.08800596,1.255566,0.1109601,-0.5277075,0.2697417,0.1951275,0.7814662,0.240711,1.119302,0.1588392,-0.08354897,0.3962932,-0.1329492,0.904597,MathCanvas,2.170105,1.041397,2.500509,0.07356068,1.542413,0.09861558,0.6505542,-0.1517166,0.7441514,0.1000628,1.54367,0.07863614,0.6296231,-0.1534471,0.7615963,0.04712071,1.541055,0.1188988,0.6705385,-0.150817,0.726383,0.07359174,1.542362,0.09876749,356.5648,37.11797,2.25511,0,0,False
1,Center_Dir_Far,43,13.76,0.07362966,1.542317,0.09891078,0.08802779,1.255528,0.1109974,-0.5276322,0.2696401,0.1950791,0.7815642,0.2406849,1.119184,0.158985,-0.08319134,0.3959214,-0.1329547,0.904792,MathCanvas,2.17902,1.051353,2.50711,0.07359174,1.542362,0.09876749,0.6502921,-0.152076,0.7443072,0.1001104,1.543625,0.07879218,0.6292167,-0.1535791,0.7619054,0.04714896,1.54101,0.1190294,0.6701506,-0.1509497,0.7267134,0.07362966,1.542317,0.09891078,356.5758,37.09081,2.255455,0,0,False
1,Center_Dir_Far,44,13.77999,0.07372139,1.54226,0.09918763,0.08810704,1.255498,0.1110329,-0.5272771,0.2701806,0.1948054,0.7816855,0.2406445,1.119071,0.1591707,-0.08278558,0.395417,-0.1329189,0.905055,MathCanvas,2.185295,1.048487,2.515867,0.07367294,1.542286,0.09904969,0.6496223,-0.1524095,0.7448237,0.1002223,1.543576,0.07909627,0.6284927,-0.153718,0.7624747,0.04722044,1.540944,0.119279,0.6694605,-0.1510729,0.7273236,0.07372139,1.54226,0.09918763,356.5811,37.03168,2.270064,0,0,False
1,Center_Dir_Far,45,13.8,0.07382236,1.542192,0.09935497,0.08827306,1.255408,0.1111597,-0.5264935,0.271167,0.1943238,0.781992,0.2406052,1.118976,0.1593935,-0.08263729,0.3949008,-0.1325161,0.905353,MathCanvas,2.186163,1.046654,2.521205,0.07372139,1.54226,0.09918763,0.6519302,-0.1426171,0.7447466,0.1003446,1.543521,0.07929255,0.6304341,-0.1447515,0.762627,0.04730012,1.540864,0.1194174,0.6713309,-0.1420935,0.7274093,0.07382236,1.542192,0.09935497,356.6295,36.97041,2.291944,0,0,False
1,Center_Dir_Far,46,13.81999,0.07391058,1.542135,0.09951604,0.08833864,1.255347,0.1112155,-0.5261518,0.2718047,0.1941955,0.7820324,0.2406115,1.118955,0.1594589,-0.08262632,0.3947926,-0.1324906,0.9054048,MathCanvas,2.204196,1.076149,2.533034,0.07382236,1.542192,0.09935497,0.6511213,-0.1434227,0.7452992,0.1004519,1.543473,0.07947955,0.6297013,-0.1451954,0.7631478,0.04736921,1.540797,0.1195525,0.6706318,-0.1425209,0.7279704,0.07391058,1.542135,0.09951604,356.656,36.91503,2.307936,0,0,False
1,Center_Dir_Far,47,13.84,0.07396986,1.542063,0.09977946,0.0883578,1.255331,0.1112362,-0.5261437,0.2719482,0.1942742,0.7819684,0.2406199,1.118962,0.1595525,-0.08253872,0.3946179,-0.132626,0.9054692,MathCanvas,2.203789,1.072986,2.537459,0.07393498,1.542099,0.09964629,0.6458746,-0.1480207,0.7489565,0.1005402,1.543403,0.07978153,0.6245129,-0.1497269,0.7665283,0.04739955,1.540722,0.1197774,0.6656799,-0.1470723,0.731601,0.07396986,1.542063,0.09977946,356.7034,36.83364,2.311926,0,0,False
1,Center_Dir_Far,48,13.85999,0.07400092,1.542019,0.09991181,0.08836332,1.255328,0.1112414,-0.526164,0.2719522,0.1943218,0.7819415,0.2406199,1.118962,0.1595525,-0.08253872,0.3946179,-0.132626,0.9054692,MathCanvas,2.186583,1.057897,2.549566,0.07396986,1.542063,0.09977946,0.6453332,-0.1483998,0.7493481,0.1005837,1.543362,0.07993068,0.6240228,-0.1499912,0.7668756,0.0474181,1.540677,0.1198929,0.6652117,-0.1473317,0.7319745,0.07400092,1.542019,0.09991181,356.7189,36.79794,2.316117,0,0,False
1,Center_Dir_Far,49,13.88,0.07412255,1.542102,0.1001054,0.08862282,1.255226,0.1114875,-0.5254655,0.2718042,0.1941766,0.7824985,0.2406969,1.118971,0.1598844,-0.08255878,0.3939944,-0.1323093,0.9057851,MathCanvas,2.189009,1.055656,2.555817,0.0740663,1.542088,0.09999283,0.643738,-0.1448641,0.7514092,0.1007266,1.543459,0.0801534,0.6224363,-0.1462457,0.7688857,0.04751854,1.540746,0.1200574,0.6637104,-0.1435861,0.7340787,0.07412255,1.542102,0.1001054,356.7018,36.73378,2.33997,0,0,False
1,Center_Dir_Far,50,13.89999,0.07416862,1.542097,0.1002217,0.08862282,1.255226,0.1114875,-0.5254655,0.2718042,0.1941766,0.7824985,0.2406969,1.118971,0.1598844,-0.08255878,0.3939944,-0.1323093,0.9057851,MathCanvas,2.187217,1.06658,2.566635,0.07412255,1.542102,0.1001054,0.632152,-0.1297641,0.7639012,0.1007847,1.543456,0.08028605,0.6105271,-0.1310942,0.7810704,0.04755251,1.540737,0.1201573,0.6523896,-0.1285878,0.7468956,0.07416862,1.542097,0.1002217,356.7065,36.69867,2.344815,0,0,False
1,Center_Dir_Far,51,13.92,0.07431974,1.542026,0.1004211,0.0888212,1.255272,0.1115925,-0.5249736,0.2730206,0.1944688,0.7823327,0.2408507,1.118969,0.1600542,-0.08239646,0.3939081,-0.1327076,0.9057792,MathCanvas,2.159009,1.114134,2.619572,0.07426147,1.542036,0.1003228,0.5568461,-0.07434994,0.8272814,0.1009588,1.543386,0.08051617,0.5337707,-0.07537943,0.8422629,0.04768071,1.540666,0.1203261,0.5786948,-0.07337897,0.8122362,0.07431974,1.542026,0.1004211,356.6989,36.63235,2.345601,0,0,False
1,Center_Dir_Far,52,13.93999,0.0743608,1.542006,0.1004729,0.08941981,1.255275,0.1116833,-0.5221953,0.2794092,0.1942251,0.781997,0.2410422,1.118828,0.1602132,-0.0820646,0.3940616,-0.1331065,0.905684,MathCanvas,1.946174,1.292096,2.881352,0.07431974,1.542026,0.1004211,0.5564358,-0.07437927,0.8275548,0.1010078,1.54336,0.08057818,0.5334253,-0.07590048,0.8424349,0.0477138,1.540652,0.1203676,0.5783615,-0.07391091,0.8124256,0.0743608,1.542006,0.1004729,356.7297,36.61181,2.33553,0,0,False
1,Center_Dir_Far,53,13.96,0.0744652,1.541964,0.1006429,0.09014781,1.255186,0.1116171,-0.5175698,0.2900733,0.1933447,0.781407,0.241161,1.118739,0.1603044,-0.08189431,0.3940867,-0.1331382,0.9056839,MathCanvas,1.947471,1.291625,2.886242,0.07441305,1.541978,0.1005519,0.5539659,-0.07496963,0.829157,0.1011346,1.543293,0.08077657,0.5308355,-0.0758304,0.8440756,0.04779578,1.540635,0.1205093,0.5758584,-0.07388955,0.8142035,0.0744652,1.541964,0.1006429,356.7252,36.55183,2.292044,0,0,False
1,Center_Dir_Far,54,13.97999,0.07451407,1.541952,0.1007328,0.09034272,1.255164,0.1116206,-0.5164712,0.2925501,0.193181,0.781251,0.241161,1.118739,0.1603044,-0.08189431,0.3940867,-0.1331382,0.9056839,MathCanvas,1.940528,1.289425,2.893702,0.0744652,1.541964,0.1006429,0.5535487,-0.07486001,0.8294455,0.1011943,1.543275,0.08088055,0.5303729,-0.07588959,0.844361,0.04783386,1.540629,0.120585,0.575412,-0.07395849,0.8145128,0.07451407,1.541952,0.1007328,356.7294,36.52198,2.281872,0,0,False
1,Center_Dir_Far,55,14,0.07456513,1.541944,0.1008246,0.09066905,1.255126,0.1115855,-0.5141835,0.297661,0.1928893,0.7809014,0.2411791,1.118722,0.160322,-0.0818441,0.3940687,-0.1331493,0.9056947,MathCanvas,1.94132,1.289491,2.897982,0.07451407,1.541952,0.1007328,0.5530941,-0.07492407,0.8297429,0.101253,1.543261,0.08098231,0.5300441,-0.07588583,0.8445678,0.04787726,1.540627,0.1206669,0.5750948,-0.07396388,0.8147363,0.07456513,1.541944,0.1008246,356.7299,36.50095,2.272177,0,0,False
1,Center_Dir_Far,56,14.01999,0.07472437,1.541909,0.1010793,0.09252262,1.254922,0.1114438,-0.4946938,0.3306471,0.1935782,0.78005,0.2413113,1.11832,0.1607378,-0.08097264,0.3937821,-0.1333687,0.9058653,MathCanvas,1.940749,1.289144,2.900444,0.0746795,1.541933,0.1009897,0.5521105,-0.07399215,0.8304813,0.101444,1.543192,0.08127758,0.5286741,-0.07521766,0.8454858,0.04800469,1.540626,0.120881,0.5737725,-0.07334935,0.8157236,0.07472437,1.541909,0.1010793,356.7774,36.41733,2.213136,0,0,False
1,Center_Dir_Far,57,14.04,0.07475778,1.541878,0.1011596,0.09298648,1.254895,0.111489,-0.4896559,0.3384692,0.194263,0.7797035,0.2413113,1.11832,0.1607378,-0.08097264,0.3937821,-0.1333687,0.9058653,MathCanvas,1.939016,1.292062,2.905336,0.07472437,1.541909,0.1010793,0.5575941,-0.07407955,0.8268017,0.1014915,1.543155,0.08137642,0.5343424,-0.07519965,0.8419164,0.04802409,1.540602,0.1209429,0.5792569,-0.07331236,0.8118416,0.07475778,1.541878,0.1011596,356.788,36.37843,2.201593,0,0,False
1,Center_Dir_Far,58,14.05999,0.0746387,1.54174,0.1013063,0.09483535,1.254997,0.1125297,-0.4643282,0.368559,0.2022447,0.779526,0.2410068,1.117868,0.1614937,-0.07968792,0.3928123,-0.1336475,0.906359,MathCanvas,1.95781,1.291704,2.893353,0.07479564,1.541855,0.1012439,0.5562502,-0.07474213,0.8276469,0.1014123,1.542935,0.08157204,0.5323936,-0.07621232,0.8430592,0.04786511,1.540544,0.1210405,0.5773745,-0.0745194,0.8130717,0.0746387,1.54174,0.1013063,356.842,36.2795,2.061774,0,0,False
1,Center_Dir_Far,59,14.08,0.07462078,1.541712,0.1013537,0.09581595,1.254926,0.1127057,-0.4544544,0.3818435,0.2047753,0.778289,0.2407892,1.117685,0.1617941,-0.07909909,0.3921926,-0.133772,0.9066606,MathCanvas,1.953747,1.289248,2.897239,0.0746387,1.54174,0.1013063,0.5555067,-0.07556754,0.8280711,0.1014137,1.542891,0.08164474,0.53198,-0.07662685,0.8432826,0.04782785,1.540532,0.1210627,0.5769766,-0.0748971,0.8133194,0.07462078,1.541712,0.1013537,356.8544,36.22669,2.033401,0,0,False
1,Center_Dir_Far,60,14.09999,0.07464711,1.541667,0.1014721,0.0971747,1.254858,0.1127227,-0.4422845,0.3993278,0.207629,0.7757654,0.2405938,1.117579,0.1620169,-0.07871062,0.3916894,-0.1338429,0.9069014,MathCanvas,1.952019,1.286322,2.899915,0.07465433,1.541697,0.1014032,0.5540197,-0.07607573,0.8290203,0.1014741,1.542814,0.0818076,0.5305529,-0.07717824,0.8441311,0.04782011,1.54052,0.1211365,0.5755987,-0.07550552,0.814239,0.07464711,1.541667,0.1014721,356.8861,36.13433,1.977885,0,0,False
1,Center_Dir_Far,61,14.12,0.07465287,1.541636,0.1015323,0.09781332,1.254827,0.1128312,-0.4351877,0.4086361,0.2089437,0.7745779,0.2405012,1.117549,0.1621078,-0.0785754,0.3914571,-0.1338721,0.9070091,MathCanvas,1.947445,1.284503,2.903876,0.07464711,1.541667,0.1014721,0.5532778,-0.07634192,0.8294911,0.1014954,1.542772,0.08188829,0.5298768,-0.07731736,0.8445429,0.04781038,1.540501,0.1211762,0.5749463,-0.07566305,0.8146852,0.07465287,1.541636,0.1015323,356.8954,36.09141,1.958754,0,0,False
1,Center_Dir_Far,62,14.13999,0.07486667,1.541727,0.1014292,0.09739582,1.255108,0.1118677,-0.4470379,0.3947866,0.2122939,0.7741008,0.2392316,1.117531,0.1629683,-0.07867634,0.3883391,-0.1332911,0.9084252,MathCanvas,1.945362,1.283514,2.906157,0.07465287,1.541636,0.1015323,0.5526134,-0.07649023,0.8299203,0.1016902,1.542904,0.08176185,0.5307299,-0.07670328,0.844063,0.04804312,1.540549,0.1210966,0.5757706,-0.07497897,0.814166,0.07486667,1.541727,0.1014292,356.855,36.13784,2.031291,0,0,False
1,Center_Dir_Far,63,14.16,0.07503161,1.541791,0.1014111,0.09778394,1.255196,0.1117898,-0.445587,0.3960174,0.2161795,0.7732327,0.2387898,1.117661,0.1631654,-0.07873438,0.3871943,-0.1331675,0.9089268,MathCanvas,1.9434,1.283093,2.907612,0.0749535,1.541762,0.1014186,0.5608052,-0.07536509,0.8245106,0.1018542,1.542982,0.0817432,0.5381003,-0.07625338,0.8394246,0.04820897,1.540601,0.1210789,0.5828947,-0.07447282,0.8091276,0.07503161,1.541791,0.1014111,356.8436,36.13786,2.052821,0,0,False
1,Center_Dir_Far,64,14.17999,0.07508098,1.541804,0.101427,0.09816622,1.255215,0.1117481,-0.4425009,0.4001579,0.2179529,0.772375,0.2387898,1.117661,0.1631654,-0.07873438,0.3871943,-0.1331675,0.9089268,MathCanvas,1.969799,1.287158,2.887148,0.07503161,1.541791,0.1014111,0.5606326,-0.07530956,0.8246329,0.1019079,1.542995,0.08176504,0.5378459,-0.07617953,0.8395942,0.04825402,1.540613,0.1210889,0.5826497,-0.07439743,0.8093112,0.07508098,1.541804,0.101427,356.8423,36.12512,2.05406,0,0,False
1,Center_Dir_Far,65,14.2,0.07560255,1.542036,0.1013485,0.09791508,1.255047,0.1113983,-0.4521982,0.3893803,0.2159546,0.7728282,0.2386097,1.117955,0.1630693,-0.07913592,0.3864941,-0.1335241,0.9091376,MathCanvas,1.968885,1.28741,2.887018,0.07514397,1.541826,0.1014336,0.5603857,-0.0752299,0.8248081,0.1023797,1.543281,0.08162215,0.5400144,-0.07501543,0.8383061,0.04882535,1.540791,0.1210748,0.5847417,-0.07314305,0.8079154,0.07560255,1.542036,0.1013485,356.7697,36.25738,2.147311,0,0,False
1,Center_Dir_Far,66,14.21999,0.07584808,1.54212,0.1013673,0.09794389,1.25493,0.1116308,-0.4510529,0.3895937,0.2164274,0.7732576,0.2386758,1.117993,0.1629656,-0.07942465,0.3865456,-0.1334362,0.9091034,MathCanvas,1.968396,1.287935,2.887273,0.07560255,1.542036,0.1013485,0.5775657,-0.07394535,0.8129883,0.1026148,1.543362,0.08162658,0.555705,-0.07440228,0.8280437,0.04908135,1.540878,0.121108,0.599876,-0.07246132,0.796805,0.07584808,1.54212,0.1013673,356.7402,36.28727,2.141684,0,0,False
1,Center_Dir_Far,67,14.24,0.07613703,1.542244,0.1013421,0.09794506,1.25493,0.1116307,-0.4510483,0.3896002,0.2164325,0.7732555,0.2386758,1.117993,0.1629656,-0.07942465,0.3865456,-0.1334362,0.9091034,MathCanvas,2.022982,1.29283,2.842176,0.07598139,1.542182,0.1013576,0.5783559,-0.07307196,0.8125054,0.102888,1.543497,0.08158065,0.5563815,-0.07368417,0.8276535,0.04938608,1.540992,0.1211035,0.6005276,-0.07172544,0.7963806,0.07613703,1.542244,0.1013421,356.6982,36.32954,2.159834,0,0,False
1,Center_Dir_Far,68,14.25999,0.07635617,1.542212,0.1013458,0.09821364,1.254781,0.112237,-0.4479227,0.3910781,0.2153802,0.774619,0.2393054,1.118023,0.1624172,-0.07991084,0.3877625,-0.1334529,0.9085399,MathCanvas,2.026141,1.295873,2.840813,0.07613703,1.542244,0.1013421,0.5803367,-0.07705945,0.8107226,0.1030995,1.543397,0.0815699,0.5583442,-0.07866266,0.8258715,0.04961281,1.541028,0.1211216,0.6024133,-0.07681054,0.7944799,0.07635617,1.542212,0.1013458,356.7386,36.36548,2.042956,0,0,False
1,Center_Dir_Far,69,14.27999,0.07677941,1.542256,0.101304,0.09766386,1.25484,0.1119238,-0.4556534,0.3822621,0.2135654,0.7750132,0.2408834,1.117683,0.1613887,-0.0805341,0.3919841,-0.1338379,0.9066147,MathCanvas,2.03075,1.2827,2.831609,0.07657731,1.542236,0.1013281,0.5856165,-0.0736728,0.8072333,0.1035133,1.543408,0.08151333,0.5637501,-0.07469355,0.822561,0.05004556,1.541104,0.1210946,0.6076182,-0.07286631,0.7908796,0.07677941,1.542256,0.101304,356.7536,36.39937,1.987048,0,0,False
1,Center_Dir_Far,70,14.29999,0.07696622,1.542285,0.1012921,0.09750666,1.254867,0.1118622,-0.4590295,0.3781428,0.2133944,0.775089,0.2411921,1.117606,0.1612315,-0.08048514,0.3928088,-0.1339921,0.9062392,MathCanvas,2.049997,1.294018,2.821252,0.07677941,1.542256,0.101304,0.5859002,-0.0737658,0.807019,0.1036931,1.543423,0.08149128,0.5640312,-0.0746536,0.8223719,0.05023932,1.541147,0.121093,0.6078882,-0.0728505,0.7906736,0.07696622,1.542285,0.1012921,356.753,36.42201,1.96244,0,0,False
1,Center_Dir_Far,71,14.31999,0.07726733,1.542266,0.1012924,0.09644039,1.254993,0.1118385,-0.4693978,0.3648125,0.2149441,0.7748397,0.242607,1.117206,0.1606178,-0.07968507,0.396529,-0.1350016,0.9045383,MathCanvas,2.052585,1.293551,2.82251,0.07696622,1.542285,0.1012921,0.5861729,-0.0737662,0.8068209,0.1039834,1.543381,0.08147555,0.5644706,-0.07434545,0.8220983,0.05055131,1.541151,0.1211092,0.6083103,-0.07257868,0.7903739,0.07726733,1.542266,0.1012924,356.7358,36.45695,1.922748,0,0,False
1,Center_Dir_Far,72,14.34,0.07778995,1.542425,0.1013424,0.09581139,1.255071,0.1125209,-0.4746064,0.3533634,0.2155479,0.7768026,0.2437326,1.11694,0.1600129,-0.07961465,0.3994636,-0.1357517,0.90314,MathCanvas,2.05477,1.293409,2.82317,0.07746195,1.542301,0.1012802,0.5874929,-0.08334426,0.8049259,0.1044732,1.543484,0.08147848,0.5664015,-0.08278829,0.8199607,0.05110669,1.541366,0.1212064,0.6101584,-0.08111351,0.7881163,0.07778995,1.542425,0.1013424,356.6522,36.55859,1.826571,0,0,False
1,Center_Dir_Far,73,14.35999,0.07801995,1.542444,0.1013524,0.09554616,1.255105,0.1127516,-0.4778459,0.3451255,0.2145008,0.7788075,0.2438067,1.116943,0.1599196,-0.07983468,0.3996935,-0.1357096,0.9030252,MathCanvas,2.05477,1.293409,2.82317,0.07778995,1.542425,0.1013424,0.6405087,-0.08265671,0.7634897,0.1046811,1.543488,0.08145788,0.6203733,-0.08393146,0.7798028,0.05135883,1.5414,0.1212469,0.6618313,-0.08198522,0.7451561,0.07801995,1.542444,0.1013524,356.668,36.6256,1.800248,0,0,False
1,Center_Dir_Far,74,14.38,0.07846519,1.542499,0.1013649,0.09486873,1.255167,0.1130323,-0.485258,0.3296271,0.2141284,0.7810376,0.243833,1.116944,0.1598574,-0.07996055,0.3999161,-0.1356434,0.9029254,MathCanvas,2.223833,1.26553,2.659173,0.07824443,1.542467,0.1013587,0.6419073,-0.08286995,0.762291,0.1050954,1.543514,0.08142761,0.6215553,-0.08377527,0.7788779,0.05183495,1.541484,0.1213022,0.6629598,-0.0818766,0.7441643,0.07846519,1.542499,0.1013649,356.6573,36.71904,1.750239,0,0,False
1,Center_Dir_Far,75,14.39999,0.07865704,1.542481,0.1013859,0.09363754,1.255219,0.1131641,-0.4947377,0.3089271,0.2163108,0.7829486,0.2438347,1.11692,0.1597647,-0.07973117,0.4003934,-0.1358276,0.9027065,MathCanvas,2.229653,1.264781,2.655988,0.07846519,1.542499,0.1013649,0.6424926,-0.08282599,0.7618026,0.10527,1.543525,0.08142716,0.6222474,-0.08422334,0.7782767,0.05204403,1.541436,0.1213447,0.6636217,-0.08227472,0.7435302,0.07865704,1.542481,0.1013859,356.6848,36.76428,1.801853,0,0,False
1,Center_Dir_Far,76,14.42,0.07912262,1.542512,0.1015756,0.09153882,1.254978,0.1141839,-0.5038033,0.2814634,0.2207202,0.7862845,0.2436203,1.116997,0.1597092,-0.07974479,0.399918,-0.1361733,0.9028639,MathCanvas,2.234608,1.264549,2.657695,0.07891438,1.542489,0.1015401,0.6885022,-0.08788397,0.7198898,0.1056995,1.543595,0.08157081,0.6693304,-0.08870988,0.7376499,0.05254575,1.54143,0.1215805,0.708279,-0.08640311,0.7006251,0.07912262,1.542512,0.1015756,356.6434,36.85997,1.867438,0,0,False
1,Center_Dir_Far,77,14.43999,0.0793296,1.542539,0.1015967,0.09097215,1.254961,0.1144304,-0.5076475,0.2716613,0.2214064,0.7870663,0.2436203,1.116997,0.1597092,-0.07974479,0.399918,-0.1361733,0.9028639,MathCanvas,2.380776,1.248717,2.508157,0.07912262,1.542512,0.1015756,0.6890538,-0.08755655,0.7194017,0.1058894,1.543624,0.08156934,0.669968,-0.08853941,0.7370913,0.05276982,1.541453,0.1216241,0.7088848,-0.08622928,0.7000334,0.0793296,1.542539,0.1015967,356.634,36.90811,1.872189,0,0,False
1,Center_Dir_Far,78,14.46,0.07945729,1.542554,0.1017224,0.0908575,1.254761,0.1151873,-0.5048745,0.2696488,0.2190208,0.7902033,0.2434828,1.117125,0.1597125,-0.08017316,0.3995667,-0.1357551,0.9030445,MathCanvas,2.385183,1.249539,2.509007,0.0793296,1.542539,0.1015967,0.6896757,-0.08738442,0.7188264,0.1059813,1.543626,0.08164703,0.6712728,-0.08833558,0.7359277,0.05293326,1.541482,0.1217978,0.7101235,-0.08604782,0.6987993,0.07945729,1.542554,0.1017224,356.6201,37.0121,1.849688,0,0,False
1,Center_Dir_Far,79,14.47999,0.07959898,1.542673,0.1021257,0.08954957,1.254174,0.1155945,-0.5072968,0.2559964,0.2171756,0.7936943,0.2434864,1.117183,0.1595761,-0.08052681,0.3996121,-0.1355148,0.903029,MathCanvas,2.388459,1.249995,2.50832,0.07949454,1.542633,0.1019755,0.7015015,-0.08628303,0.7074255,0.1061127,1.543777,0.08203837,0.6823114,-0.08792904,0.7257544,0.05308529,1.541569,0.122213,0.7205353,-0.08552577,0.6881237,0.07959898,1.542673,0.1021257,356.6455,37.03688,1.903988,0,0,False
1,Center_Dir_Far,80,14.5,0.07972824,1.542711,0.1022443,0.08900437,1.254058,0.1158672,-0.5096068,0.2478034,0.2170472,0.794849,0.2434974,1.117175,0.1595833,-0.08048541,0.3996331,-0.1355326,0.9030207,MathCanvas,2.428834,1.253722,2.4712,0.07959898,1.542673,0.1021257,0.7016761,-0.08672749,0.7071979,0.1062308,1.543827,0.08214293,0.6827182,-0.08820256,0.7253388,0.05322569,1.541596,0.1223457,0.7209213,-0.08577846,0.6876879,0.07972824,1.542711,0.1022443,356.6635,37.0672,1.924066,0,0,False
1,Center_Dir_Far,81,14.51999,0.07973101,1.542681,0.1027733,0.08863987,1.254497,0.1166363,-0.5096706,0.2479771,0.2133241,0.7957614,0.2435695,1.11687,0.1596896,-0.07933825,0.400123,-0.13574,0.9028741,MathCanvas,2.430828,1.252114,2.471847,0.07978768,1.542677,0.1024808,0.7017056,-0.0880058,0.7070107,0.1062414,1.543767,0.0826807,0.6823276,-0.0906374,0.725406,0.05322059,1.541596,0.122866,0.7205462,-0.0882446,0.6877689,0.07973101,1.542681,0.1027733,356.7988,37.05442,1.872447,0,0,False
1,Center_Dir_Far,82,14.54,0.07965157,1.542772,0.1030907,0.08865821,1.254612,0.1170949,-0.5085518,0.2491565,0.2111377,0.7966914,0.2435474,1.116677,0.1597597,-0.07861486,0.4003882,-0.1357956,0.9028115,MathCanvas,2.430542,1.24785,2.471357,0.07973101,1.542681,0.1027733,0.7087156,-0.08930257,0.6998194,0.1061454,1.543825,0.08297446,0.6900846,-0.09169717,0.7178962,0.05315779,1.541718,0.123207,0.7278451,-0.08930713,0.6799014,0.07965157,1.542772,0.1030907,356.8605,37.10921,1.817227,0,0,False
1,Center_Dir_Far,83,14.55999,0.07926983,1.543255,0.1042278,0.08809572,1.254706,0.1178825,-0.509123,0.2438871,0.2089875,0.7985218,0.243489,1.116482,0.1598305,-0.07784877,0.4007091,-0.1357041,0.9027492,MathCanvas,2.453489,1.243653,2.447131,0.07936512,1.543094,0.1038142,0.7128785,-0.08662751,0.6959167,0.1057333,1.544276,0.08407003,0.6942604,-0.08826147,0.7142915,0.05280636,1.542234,0.1243857,0.7317816,-0.08591906,0.6761018,0.07926983,1.543255,0.1042278,356.9004,37.20214,1.760149,0,0,False
1,Center_Dir_Far,84,14.58,0.07900791,1.543406,0.1050748,0.0875607,1.255027,0.1184012,-0.5083126,0.244766,0.2108228,0.7982867,0.2431163,1.116174,0.1599578,-0.07613186,0.4012639,-0.1353549,0.9027017,MathCanvas,2.468585,1.25291,2.436693,0.07926983,1.543255,0.1042278,0.7132478,-0.08726557,0.6954584,0.1054551,1.544479,0.08489832,0.6949171,-0.08666897,0.7138479,0.05256068,1.542334,0.1252512,0.7324077,-0.08426115,0.6756322,0.07900791,1.543406,0.1050748,356.809,37.23685,1.849402,0,0,False
1,Center_Dir_Far,85,14.59999,0.07874245,1.54358,0.1057192,0.08717589,1.255139,0.1187778,-0.5088243,0.2427737,0.2107106,0.7985987,0.243043,1.116151,0.1599676,-0.07580949,0.4012808,-0.1354484,0.9027073,MathCanvas,2.469116,1.250978,2.43557,0.07900791,1.543406,0.1050748,0.7139187,-0.08546513,0.6949934,0.1051743,1.544663,0.08552321,0.6954752,-0.08649374,0.7133254,0.05231057,1.542498,0.1259153,0.7329367,-0.08407125,0.6750821,0.07874245,1.54358,0.1057192,356.8009,37.27848,1.866475,0,0,False
1,Center_Dir_Far,86,14.62,0.07758071,1.543426,0.1078605,0.08765385,1.254994,0.1181548,-0.506873,0.2536886,0.2120138,0.7960981,0.2421771,1.116108,0.15984,-0.07378901,0.4020284,-0.1359534,0.9024661,MathCanvas,2.472091,1.257066,2.435623,0.0781333,1.543454,0.1068454,0.7168191,-0.08584257,0.6919547,0.103973,1.544597,0.08761765,0.6986302,-0.08817774,0.7100285,0.05118843,1.542255,0.1281033,0.735912,-0.0855863,0.6716462,0.07758071,1.543426,0.1078605,356.8771,37.37806,2.019571,0,0,False
1,Center_Dir_Far,87,14.63999,0.07704432,1.54338,0.1088638,0.08761667,1.254931,0.1181488,-0.5064352,0.2547175,0.2120963,0.7960261,0.2418818,1.116099,0.1597642,-0.07360688,0.4024067,-0.1355203,0.9023775,MathCanvas,2.47977,1.255753,2.426725,0.07758071,1.543426,0.1078605,0.7175118,-0.08683071,0.6911131,0.1034155,1.544574,0.08859481,0.6993535,-0.08891032,0.7092246,0.05067316,1.542186,0.1291327,0.7365962,-0.08627611,0.6708074,0.07704432,1.54338,0.1088638,356.9276,37.43557,2.059387,0,0,False
1,Center_Dir_Far,88,14.66,0.07590497,1.543336,0.1108722,0.08761667,1.254931,0.1181488,-0.5064352,0.2547175,0.2120963,0.7960261,0.2418818,1.116099,0.1597642,-0.07360688,0.4024067,-0.1355203,0.9023775,MathCanvas,2.48052,1.25252,2.423911,0.0765191,1.543359,0.1098465,0.7188058,-0.08793954,0.6896266,0.1022328,1.544577,0.09054986,0.7008246,-0.09003721,0.7076287,0.0495771,1.542095,0.1311946,0.737988,-0.08731906,0.6691407,0.07590497,1.543336,0.1108722,357.0069,37.5526,2.14012,0,0,False
1,Center_Dir_Far,89,14.67999,0.07468092,1.542836,0.1128693,0.08500297,1.254013,0.1203093,-0.4985634,0.2624708,0.215556,0.7975458,0.2387497,1.115047,0.1593714,-0.06854907,0.4049392,-0.1316704,0.9022129,MathCanvas,2.482545,1.248905,2.419817,0.07590497,1.543336,0.1108722,0.7196643,-0.08867825,0.6886359,0.1009371,1.544272,0.09246712,0.7033905,-0.09397528,0.7045642,0.04842477,1.541401,0.1332715,0.7404175,-0.09091119,0.6659708,0.07468092,1.542836,0.1128693,357.2775,37.73115,2.47491,0,0,False
1,Center_Dir_Far,90,14.7,0.07296645,1.542421,0.1157331,0.08407172,1.25371,0.1210417,-0.4958893,0.2639968,0.2169236,0.7983381,0.238083,1.114714,0.1592468,-0.06725935,0.405452,-0.1311406,0.9021569,MathCanvas,2.483341,1.246037,2.41768,0.07382625,1.542608,0.114305,0.7131982,-0.09759568,0.694135,0.09912869,1.544004,0.09522148,0.6956908,-0.1005901,0.7112638,0.0468042,1.540838,0.1362447,0.7332085,-0.09731555,0.6730044,0.07296645,1.542421,0.1157331,357.4764,37.97675,2.729161,0,0,False
1,Center_Dir_Far,91,14.71999,0.07191384,1.542124,0.1174921,0.08296334,1.253259,0.1219666,-0.4929042,0.2653576,0.2185351,0.7992954,0.2362246,1.113631,0.1585685,-0.06281782,0.407908,-0.1287316,0.9017168,MathCanvas,2.453898,1.216609,2.433024,0.07296645,1.542421,0.1157331,0.7147066,-0.09895296,0.6923892,0.09799544,1.543784,0.09688406,0.6984859,-0.1028403,0.7081959,0.04583224,1.540464,0.1381001,0.7358531,-0.09942564,0.6698021,0.07191384,1.542124,0.1174921,357.6216,38.19471,2.861099,0,0,False
1,Center_Dir_Far,92,14.74,0.07014838,1.541874,0.1205989,0.08111904,1.252518,0.1235202,-0.4891903,0.2702042,0.2213032,0.7991918,0.2356659,1.112703,0.1566287,-0.06046662,0.4174624,-0.1289039,0.8974702,MathCanvas,2.457081,1.211892,2.42818,0.07099266,1.541954,0.1190451,0.7107552,-0.105556,0.6954746,0.09604999,1.543625,0.09977259,0.6952122,-0.1098136,0.7103667,0.04424677,1.540123,0.1414252,0.7328092,-0.1062854,0.6720818,0.07014838,1.541874,0.1205989,357.9433,38.69275,3.018222,0,0,False
1,Center_Dir_Far,93,14.75999,0.06937975,1.54167,0.1221638,0.08028879,1.252269,0.124214,-0.4873698,0.2722059,0.2225531,0.7992777,0.2353224,1.112301,0.1557682,-0.05925078,0.4212838,-0.1290528,0.8957426,MathCanvas,2.437787,1.190251,2.437335,0.07014838,1.541874,0.1205989,0.7142106,-0.107922,0.6915606,0.09516812,1.543459,0.1012006,0.698976,-0.1114778,0.706403,0.04359139,1.539881,0.1431269,0.7363684,-0.1078797,0.6679249,0.06937975,1.54167,0.1221638,358.0537,39.00257,3.083462,0,0,False
1,Center_Dir_Far,94,14.77999,0.06852128,1.541501,0.1237582,0.07957274,1.252037,0.1247969,-0.485698,0.2737838,0.2235561,0.7994764,0.2348335,1.111929,0.1552572,-0.05797732,0.4236752,-0.1287118,0.8947465,MathCanvas,2.447615,1.182303,2.424977,0.06937975,1.54167,0.1221638,0.7177176,-0.1096835,0.6876417,0.09422605,1.543344,0.1026972,0.7015561,-0.1134595,0.7035239,0.04281651,1.539657,0.1448191,0.7388074,-0.1097529,0.6649196,0.06852128,1.541501,0.1237582,358.1773,39.22799,3.176208,0,0,False
1,Center_Dir_Far,95,14.79999,0.06730062,1.54095,0.1270812,0.07771957,1.251469,0.126582,-0.4817952,0.2781172,0.2291552,0.7987566,0.2339034,1.110966,0.151953,-0.05439592,0.4335053,-0.1249264,0.8907905,MathCanvas,2.457723,1.176377,2.41284,0.0676652,1.541226,0.1253828,0.7246568,-0.1131156,0.6797628,0.09259045,1.542725,0.1055181,0.7150724,-0.11262,0.6899189,0.04201078,1.539175,0.1486443,0.7515653,-0.1090292,0.6505861,0.06730062,1.54095,0.1270812,358.1169,40.35163,3.058864,0,0,False
1,Center_Dir_Far,96,14.81999,0.06688105,1.540782,0.1285825,0.07678859,1.25103,0.1271986,-0.4810755,0.2784041,0.2331389,0.7979372,0.233188,1.110622,0.1501351,-0.05317328,0.437542,-0.1230472,0.8891507,MathCanvas,2.477638,1.164707,2.388093,0.06730062,1.54095,0.1270812,0.7183225,-0.101794,0.6882229,0.09197951,1.542502,0.1067925,0.7055272,-0.102277,0.7012637,0.0417826,1.539063,0.1503725,0.7426544,-0.09899756,0.6623172,0.06688105,1.540782,0.1285825,358.0402,40.86247,2.963676,0,0,False
1,Center_Dir_Far,97,14.83999,0.06583001,1.540447,0.1318146,0.07515466,1.250364,0.1284556,-0.4782831,0.2811519,0.2377058,0.7973048,0.2320564,1.10985,0.1476728,-0.05053726,0.4445412,-0.1207586,0.8861413,MathCanvas,2.463016,1.201225,2.424313,0.0663137,1.540574,0.130192,0.7287996,-0.1015853,0.6771497,0.09059852,1.542131,0.1096475,0.7155346,-0.1031176,0.6909248,0.04106151,1.538763,0.1539817,0.7520956,-0.0998615,0.6514444,0.06583001,1.540447,0.1318146,358.0455,41.72859,2.901793,0,0,False
1,Center_Dir_Far,98,14.85999,0.06568021,1.539907,0.1330572,0.07445514,1.249649,0.1287766,-0.4774706,0.2830498,0.2413871,0.7960131,0.2310875,1.109529,0.1447374,-0.05062753,0.4497752,-0.1188328,0.8837522,MathCanvas,2.497777,1.201465,2.391409,0.06583001,1.540447,0.1318146,0.7340816,-0.1014897,0.6714344,0.09020153,1.541546,0.1106136,0.7231528,-0.1015963,0.683175,0.0411589,1.538269,0.1555008,0.7592741,-0.0984216,0.6432853,0.06568021,1.539907,0.1330572,357.9518,42.36592,2.823663,0,0,False
1,Center_Dir_Far,99,14.87999,0.0655182,1.537262,0.135002,0.07429396,1.246953,0.1279739,-0.4718282,0.2954258,0.2501564,0.7921638,0.2287122,1.107861,0.138146,-0.05066237,0.4606052,-0.115264,0.8786298,MathCanvas,2.517111,1.200987,2.375281,0.06561828,1.538158,0.1340231,0.7260007,-0.09577268,0.6809924,0.08960282,1.538925,0.1120921,0.713137,-0.0976855,0.6941853,0.04143358,1.535599,0.1579118,0.7499296,-0.09466605,0.654709,0.0655182,1.537262,0.135002,358.0373,43.4698,2.865313,0,0,False
1,Center_Dir_Far,100,14.89999,0.06535208,1.536354,0.1361432,0.07369488,1.246305,0.1282817,-0.4699407,0.2983052,0.2530754,0.7912791,0.2279163,1.10732,0.1361429,-0.04987073,0.4647724,-0.1138918,0.8766574,MathCanvas,2.491324,1.217254,2.41042,0.0655182,1.537262,0.135002,0.7318004,-0.09617589,0.6746988,0.08923674,1.538015,0.1130248,0.7191299,-0.0979608,0.6879359,0.04146742,1.534694,0.1592616,0.7555782,-0.09494415,0.6481413,0.06535208,1.536354,0.1361432,358.053,43.96875,2.861355,0,0,False
1,Center_Dir_Far,101,14.91999,0.06520429,1.535418,0.1371685,0.07329471,1.245429,0.1282992,-0.4678693,0.3019067,0.2563697,0.7900793,0.2271224,1.106782,0.1341447,-0.04907981,0.4689185,-0.1125203,0.874669,MathCanvas,2.511935,1.214815,2.391822,0.06535208,1.536354,0.1361432,0.7376233,-0.09645257,0.668288,0.08889019,1.53708,0.1138466,0.7249894,-0.09807087,0.6817421,0.04151839,1.533756,0.1604904,0.7610959,-0.09505164,0.6416371,0.06520429,1.535418,0.1371685,358.0594,44.4593,2.863709,0,0,False
1,Center_Dir_Far,102,14.93999,0.06591126,1.533707,0.1371446,0.07524926,1.241732,0.1250508,-0.4636005,0.3131936,0.2623285,0.7862367,0.2239484,1.102444,0.1263054,-0.05026004,0.4760096,-0.1118082,0.8708546,MathCanvas,2.532244,1.212825,2.372311,0.06567094,1.53455,0.1368363,0.7365307,-0.0944531,0.6697769,0.08925126,1.535486,0.113485,0.7231647,-0.09764101,0.6837391,0.04257125,1.531929,0.1608043,0.7594142,-0.09452162,0.6437048,0.06591126,1.533707,0.1371446,358.1664,45.29149,3.064312,0,0,False
1,Center_Dir_Far,103,14.95999,0.06628519,1.532826,0.1372426,0.07569122,1.240461,0.1239479,-0.4611409,0.317639,0.2654431,0.7848532,0.2228847,1.100579,0.1232463,-0.05013785,0.4798389,-0.1108275,0.8688833,MathCanvas,2.530115,1.217697,2.378011,0.06591126,1.533707,0.1371446,0.7261843,-0.09436594,0.680993,0.0894651,1.534686,0.1134324,0.7120713,-0.09708735,0.6953622,0.04310529,1.530966,0.1610529,0.7489871,-0.09394708,0.6558903,0.06628519,1.532826,0.1372426,358.2365,45.66984,3.204792,0,0,False
1,Center_Dir_Far,104,14.97999,0.06691699,1.530985,0.1375885,0.07567579,1.238295,0.1230238,-0.4568834,0.325348,0.2713578,0.782158,0.220851,1.097791,0.1176986,-0.04952434,0.4875565,-0.1088347,0.8648648,MathCanvas,2.49439,1.2173,2.414243,0.06658246,1.531909,0.1374652,0.7361069,-0.09610514,0.6700078,0.08973478,1.532933,0.1134379,0.7226536,-0.09858613,0.6841437,0.0440992,1.529037,0.161739,0.7589613,-0.09531026,0.6441224,0.06691699,1.530985,0.1375885,358.3359,46.52776,3.356945,0,0,False
1,Center_Dir_Far,105,14.99999,0.06802706,1.530729,0.1359799,0.07809784,1.237235,0.1197551,-0.4536498,0.3340907,0.2725589,0.779934,0.221128,1.094018,0.1142653,-0.04633639,0.491364,-0.1097366,0.8627701,MathCanvas,2.528307,1.209629,2.377956,0.06691699,1.530985,0.1375885,0.7410788,-0.09694833,0.6643819,0.09079197,1.532854,0.1117944,0.7243075,-0.0982842,0.682436,0.04526216,1.528603,0.1601654,0.7605274,-0.09472045,0.6423599,0.06802706,1.530729,0.1359799,358.3188,46.62547,3.662772,0,0,False
1,Center_Dir_Far,106,15.01999,0.06982354,1.530292,0.1338723,0.07974537,1.235951,0.1166327,-0.4506163,0.3443919,0.2768383,0.7756931,0.221337,1.090096,0.1087206,-0.04308895,0.5006095,-0.106882,0.8579684,MathCanvas,2.547027,1.206424,2.358419,0.06894496,1.530438,0.1349784,0.7211239,-0.09576432,0.6861557,0.09238009,1.532587,0.1095077,0.7052705,-0.09878001,0.7020229,0.04726699,1.527997,0.1582368,0.7425831,-0.09513174,0.6629633,0.06982354,1.530292,0.1338723,358.4038,47.09634,3.954953,0,0,False
1,Center_Dir_Far,107,15.03999,0.07067429,1.529987,0.1328471,0.08026429,1.235031,0.1154954,-0.4485303,0.3491871,0.2792933,0.7738761,0.2208486,1.088323,0.1059084,-0.04201258,0.5047054,-0.1059053,0.8557404,MathCanvas,2.479118,1.210341,2.426338,0.06982354,1.530292,0.1338723,0.7243389,-0.09680319,0.6826143,0.09310116,1.532361,0.1083707,0.7091765,-0.09932646,0.6979993,0.04824743,1.527613,0.1573235,0.7462729,-0.09554596,0.6587471,0.07067429,1.529987,0.1328471,358.4394,47.39046,4.091816,0,0,False
1,Center_Dir_Far,108,15.05999,0.07153092,1.529693,0.131807,0.08078197,1.234114,0.1143607,-0.4464329,0.3539583,0.2817325,0.772035,0.2203615,1.086554,0.1031027,-0.04093769,0.5087795,-0.1049284,0.8534972,MathCanvas,2.489952,1.206666,2.412766,0.07067429,1.529987,0.1328471,0.7279906,-0.09743639,0.678628,0.09382774,1.532146,0.1072198,0.7129026,-0.1000095,0.6940952,0.04923411,1.527239,0.1563941,0.7497904,-0.09610058,0.6546595,0.07153092,1.529693,0.131807,358.4741,47.68396,4.228535,0,0,False
1,Center_Dir_Far,109,15.07999,0.07433034,1.530487,0.1269163,0.08413459,1.236869,0.1088186,-0.4436846,0.3656495,0.2815445,0.7682299,0.2253866,1.087306,0.09841791,-0.04326257,0.5177674,-0.1160844,0.8465044,MathCanvas,2.502643,1.204306,2.398074,0.07305633,1.530209,0.1288842,0.7208104,-0.09476725,0.6866232,0.09648105,1.5327,0.1021748,0.7044079,-0.09709427,0.7031232,0.05217963,1.528274,0.1516579,0.7417495,-0.093666,0.6641042,0.07433034,1.530487,0.1269163,358.6819,48.07457,3.813557,0,0,False
1,Center_Dir_Far,110,15.09999,0.07557727,1.53067,0.1249225,0.08496144,1.236632,0.1072542,-0.4417831,0.3706168,0.2831969,0.7663358,0.2262042,1.086709,0.09591651,-0.04306797,0.5218286,-0.1187046,0.8436524,MathCanvas,2.482868,1.213829,2.42122,0.07433034,1.530487,0.1269163,0.7232623,-0.09538765,0.6839538,0.09762418,1.532881,0.1000882,0.7072435,-0.09779867,0.7001728,0.05353035,1.528459,0.1497568,0.7444258,-0.09437571,0.6610019,0.07557727,1.53067,0.1249225,358.7223,48.31747,3.809848,0,0,False
1,Center_Dir_Far,111,15.12,0.07868212,1.531459,0.1200519,0.08718136,1.239419,0.1033372,-0.4494042,0.3715969,0.2834297,0.7613273,0.2306754,1.090454,0.09236209,-0.04939994,0.5271056,-0.1242964,0.8392078,MathCanvas,2.491067,1.212102,2.409133,0.07694756,1.531056,0.1227566,0.7288278,-0.09691343,0.6778038,0.1006146,1.533591,0.09510963,0.7104572,-0.09555639,0.6972227,0.05674965,1.529327,0.1449942,0.747459,-0.09225781,0.6578705,0.07868212,1.531459,0.1200519,358.6003,48.58403,3.673869,0,0,False
1,Center_Dir_Far,112,15.13999,0.0802657,1.531705,0.1176345,0.08813957,1.240189,0.1014503,-0.4521938,0.3728288,0.2837141,0.7589636,0.2323352,1.092171,0.0906431,-0.05372516,0.5282269,-0.1237998,0.8383099,MathCanvas,2.512521,1.207828,2.383502,0.07868212,1.531459,0.1200519,0.7292246,-0.09390723,0.6778,0.1021498,1.53378,0.09264492,0.7117906,-0.0945652,0.6959968,0.05838162,1.52963,0.1426241,0.7487159,-0.09135811,0.6565654,0.0802657,1.531705,0.1176345,358.5484,48.69974,3.575104,0,0,False
1,Center_Dir_Far,113,15.16,0.0834641,1.532233,0.1125857,0.09013279,1.241249,0.09785938,-0.4554753,0.3763308,0.283893,0.7551968,0.2354867,1.095327,0.08716211,-0.06206235,0.5299295,-0.122692,0.8368211,MathCanvas,2.515664,1.218082,2.38129,0.0818477,1.531938,0.1151424,0.7230569,-0.09547839,0.6841583,0.1052515,1.534185,0.087502,0.7057719,-0.0964275,0.7018459,0.0616767,1.530281,0.1376695,0.7430072,-0.09348612,0.662722,0.0834641,1.532233,0.1125857,358.4815,48.93359,3.363746,0,0,False
1,Center_Dir_Far,114,15.17999,0.085342,1.532329,0.109772,0.09180059,1.241621,0.09613635,-0.4590627,0.3733959,0.2798277,0.7559983,0.2377398,1.098171,0.0861392,-0.06873552,0.5275181,-0.1204415,0.8381491,MathCanvas,2.496801,1.213556,2.396091,0.0834641,1.532233,0.1125857,0.7246546,-0.09495693,0.6825386,0.1071315,1.534197,0.08468368,0.7056804,-0.09510057,0.7021191,0.06355249,1.530461,0.1348603,0.7429189,-0.0922929,0.6629885,0.085342,1.532329,0.109772,358.4145,48.93614,3.218748,0,0,False
1,Center_Dir_Far,115,15.2,0.0893621,1.532805,0.1044707,0.09535686,1.241771,0.09305776,-0.4651704,0.3689766,0.2760222,0.7558337,0.2425315,1.100994,0.08386046,-0.07568324,0.5246937,-0.1212976,0.8391993,MathCanvas,2.502973,1.215529,2.386894,0.08707375,1.53256,0.107109,0.7257655,-0.09302601,0.6816236,0.1111603,1.534622,0.07938626,0.7055226,-0.09096935,0.7028246,0.0675639,1.530987,0.1295551,0.7427746,-0.08823323,0.6637022,0.0893621,1.532805,0.1044707,358.182,48.91011,3.13255,0,0,False
1,Center_Dir_Far,116,15.21999,0.09146827,1.532961,0.1017326,0.0971512,1.241885,0.09140002,-0.4673131,0.3675828,0.2748176,0.75563,0.2447858,1.101905,0.08255523,-0.07838593,0.5240402,-0.1219243,0.8392687,MathCanvas,2.511822,1.222302,2.379594,0.0893621,1.532805,0.1044707,0.7259868,-0.0884487,0.6819971,0.1132795,1.534767,0.07665855,0.7068282,-0.08759789,0.7019405,0.06965707,1.531155,0.1268066,0.7440168,-0.08486246,0.6627499,0.09146827,1.532961,0.1017326,358.055,48.87514,3.112172,0,0,False
1,Center_Dir_Far,117,15.24,0.09351267,1.53319,0.09898834,0.09857729,1.242146,0.08973245,-0.4692448,0.367611,0.27401,0.7547119,0.2466798,1.103022,0.08099785,-0.08150233,0.5243136,-0.1222881,0.838748,MathCanvas,2.516783,1.237479,2.38009,0.09146827,1.532961,0.1017326,0.7256877,-0.08623024,0.6825993,0.1153138,1.534965,0.07390335,0.7071305,-0.08593944,0.701841,0.07171151,1.531416,0.1240733,0.7443035,-0.08325136,0.6626322,0.09351267,1.53319,0.09898834,357.9629,48.89755,3.05801,0,0,False
1,Center_Dir_Far,118,15.25999,0.09843927,1.533153,0.0934162,0.1041141,1.241586,0.08560932,-0.4709547,0.3629486,0.2705679,0.7571414,0.2531401,1.102404,0.07951351,-0.0825393,0.519499,-0.1234543,0.8414673,MathCanvas,2.519353,1.244938,2.380793,0.09587608,1.533062,0.09624669,0.7241547,-0.08156154,0.6847976,0.1203932,1.534955,0.0684668,0.702962,-0.08144647,0.7065486,0.07648529,1.531351,0.1183656,0.7403741,-0.07870352,0.6675718,0.09843927,1.533153,0.0934162,357.701,48.52945,3.105512,0,0,False
1,Center_Dir_Far,119,15.27999,0.101056,1.533277,0.09069548,0.1071389,1.241179,0.08318158,-0.4720747,0.3612204,0.2686889,0.757939,0.2563432,1.101888,0.07866539,-0.0820756,0.5170628,-0.1245816,0.8428459,MathCanvas,2.522412,1.260141,2.385649,0.09843927,1.533153,0.0934162,0.7284601,-0.08474323,0.6798267,0.123087,1.535097,0.0658155,0.707577,-0.08379155,0.7016507,0.0790249,1.531456,0.1155755,0.7447447,-0.08098011,0.6624181,0.101056,1.533277,0.09069548,357.5645,48.3418,3.138426,0,0,False
1,Center_Dir_Far,120,15.29999,0.1063921,1.533266,0.08531253,0.1124344,1.2408,0.0788909,-0.4745032,0.358537,0.2656258,0.7587759,0.2618389,1.102031,0.07644756,-0.08381459,0.5139031,-0.1263532,0.8443421,MathCanvas,2.537518,1.249838,2.364495,0.1037587,1.53322,0.0880381,0.7278242,-0.08398934,0.6806011,0.1285736,1.535101,0.06056757,0.7074471,-0.08309942,0.701864,0.08421068,1.531432,0.1100575,0.7446308,-0.08023818,0.6626364,0.1063921,1.533266,0.08531253,357.2496,47.97493,3.163382,0,0,False
1,Center_Dir_Far,121,15.31999,0.1091772,1.533171,0.08265194,0.1151163,1.240606,0.07672291,-0.4757212,0.3570827,0.2640556,0.7592469,0.2649737,1.10155,0.0754719,-0.08324138,0.5114343,-0.1275584,0.8457156,MathCanvas,2.541534,1.252256,2.362457,0.1063921,1.533266,0.08531253,0.7263044,-0.08166888,0.6825043,0.1314491,1.535026,0.05798984,0.7049441,-0.08044459,0.704686,0.08690541,1.531316,0.107314,0.7422713,-0.07754584,0.6655974,0.1091772,1.533171,0.08265194,357.0951,47.75314,3.199348,0,0,False
1,Center_Dir_Far,122,15.33999,0.1159943,1.532624,0.07692528,0.1236025,1.239241,0.0703439,-0.4774531,0.3488959,0.2610922,0.7629817,0.2727745,1.098222,0.07351439,-0.07619647,0.5017499,-0.12945,0.8518708,MathCanvas,2.54228,1.259582,2.369026,0.1127242,1.53289,0.0798333,0.7298162,-0.0814504,0.678774,0.1386983,1.534598,0.0526698,0.7061406,-0.08207153,0.703299,0.09329032,1.53065,0.1011807,0.7434177,-0.07888117,0.6641595,0.1159943,1.532624,0.07692528,356.9024,46.70808,3.405358,0,0,False
1,Center_Dir_Far,123,15.35999,0.1193237,1.53226,0.07410497,0.127141,1.238854,0.0676691,-0.4784047,0.3452831,0.2598385,0.7644557,0.2760985,1.097232,0.07227594,-0.07433126,0.4973008,-0.1293919,0.8546488,MathCanvas,2.560363,1.259823,2.350338,0.1159943,1.532624,0.07692528,0.7333618,-0.08547512,0.6744438,0.1421902,1.534269,0.05000554,0.7100582,-0.08604374,0.6988661,0.09645709,1.530252,0.0982044,0.7471145,-0.08275959,0.6595231,0.1193237,1.53226,0.07410497,356.8414,46.31255,3.464656,0,0,False
1,Center_Dir_Far,124,15.37999,0.1227224,1.53195,0.07121003,0.130565,1.238498,0.06506674,-0.4793723,0.3420218,0.2584179,0.765796,0.2793191,1.096584,0.07109177,-0.07312515,0.4937401,-0.1295425,0.8567918,MathCanvas,2.573814,1.246184,2.331403,0.1193237,1.53226,0.07410497,0.7284661,-0.08466791,0.6798298,0.1457517,1.534003,0.04726993,0.70495,-0.08520039,0.7041209,0.09969296,1.529897,0.09515012,0.742294,-0.08184242,0.6650574,0.1227224,1.53195,0.07121003,356.7764,45.91134,3.541991,0,0,False
1,Center_Dir_Far,125,15.39999,0.129462,1.531297,0.06551553,0.1372884,1.237815,0.0599374,-0.4812999,0.3359475,0.2554688,0.7682613,0.2855643,1.095541,0.06881341,-0.07170118,0.4877388,-0.1305713,0.8601865,MathCanvas,2.562766,1.24835,2.348343,0.1260961,1.53161,0.06836919,0.7332259,-0.08781446,0.674291,0.1527849,1.533428,0.04186813,0.710403,-0.08813804,0.6982544,0.1061392,1.529167,0.08916294,0.747434,-0.08456333,0.6589321,0.129462,1.531297,0.06551553,356.6267,45.17924,3.677049,0,0,False
1,Center_Dir_Far,126,15.41999,0.1341688,1.532924,0.06299473,0.1442056,1.236962,0.05549333,-0.4792833,0.3257544,0.2509216,0.7753773,0.2899243,1.093828,0.066332,-0.06511462,0.4743053,-0.1279144,0.8685808,MathCanvas,2.582399,1.237523,2.321292,0.129462,1.531297,0.06551553,0.7291848,-0.08635083,0.6788468,0.157906,1.535231,0.03978015,0.6979118,-0.09586988,0.709738,0.1104317,1.530616,0.08620932,0.7356322,-0.09199752,0.6711048,0.1341688,1.532924,0.06299473,357.0734,44.15873,3.981433,0,0,False
1,Center_Dir_Far,127,15.43999,0.1420649,1.535196,0.05754518,0.1520545,1.236187,0.04967252,-0.4799035,0.3175334,0.2470612,0.7796319,0.2966879,1.092427,0.06347659,-0.06165514,0.4642651,-0.1276787,0.8742738,MathCanvas,2.576821,1.243662,2.337023,0.1381353,1.534311,0.06028732,0.7265312,-0.1001224,0.6797999,0.1662309,1.537667,0.03479443,0.7014685,-0.1030212,0.7052152,0.1178989,1.532725,0.08029593,0.7389644,-0.09874643,0.6664687,0.1420649,1.535196,0.05754518,357.2098,43.06436,4.262608,0,0,False
1,Center_Dir_Far,128,15.45999,0.1460431,1.536587,0.05491908,0.1558912,1.23579,0.04683933,-0.4803548,0.3135761,0.2451443,0.7815584,0.3000285,1.091723,0.06209368,-0.06001428,0.4594466,-0.1276572,0.8769326,MathCanvas,2.567346,1.200971,2.32683,0.1420649,1.535196,0.05754518,0.739935,-0.09888775,0.6653701,0.1704208,1.53914,0.03240444,0.7151106,-0.1014915,0.6916041,0.1216654,1.534034,0.07743373,0.7517873,-0.09693499,0.6522419,0.1460431,1.536587,0.05491908,357.241,42.51245,4.403787,0,0,False
1,Center_Dir_Far,129,15.47999,0.1540296,1.5363,0.05058409,0.1672039,1.240563,0.03814188,-0.468332,0.3086205,0.2413784,0.7919312,0.3100942,1.092414,0.0572546,-0.04089019,0.4563028,-0.1252108,0.8800216,MathCanvas,2.615612,1.206544,2.275624,0.1500782,1.536003,0.05288339,0.7416603,-0.09375718,0.6641909,0.1788983,1.538927,0.02862183,0.7163152,-0.09604506,0.6911353,0.1291608,1.533674,0.07254633,0.7528575,-0.09128207,0.6518229,0.1540296,1.5363,0.05058409,356.9838,41.20956,4.533134,0,0,False
1,Center_Dir_Far,130,15.49999,0.1580375,1.536745,0.04824677,0.1716548,1.241068,0.03483063,-0.4673541,0.3050607,0.2395385,0.7944428,0.314048,1.092506,0.05542707,-0.03651059,0.4525528,-0.1271143,0.8818759,MathCanvas,2.630731,1.223208,2.268584,0.1540296,1.5363,0.05058409,0.734872,-0.09369235,0.6717029,0.1831316,1.539431,0.02654946,0.7091811,-0.09601529,0.6984578,0.1329435,1.53406,0.06994408,0.7461258,-0.09114727,0.6595365,0.1580375,1.536745,0.04824677,356.9887,40.60403,4.634384,0,0,False
1,Center_Dir_Far,131,15.51999,0.1656532,1.537738,0.04406097,0.180434,1.243357,0.02745154,-0.474787,0.2946599,0.2389435,0.7941403,0.321597,1.094376,0.05149525,-0.0298464,0.4424772,-0.1368924,0.8857673,MathCanvas,2.614404,1.223572,2.293466,0.1617477,1.53728,0.04624536,0.7468272,-0.09151747,0.6586909,0.1911835,1.54059,0.02290058,0.7219019,-0.09414157,0.6855618,0.1401229,1.534885,0.06522136,0.757969,-0.08882459,0.6462144,0.1656532,1.537738,0.04406097,357.0681,39.40067,4.923295,0,0,False
1,Center_Dir_Far,132,15.53999,0.1690703,1.537362,0.04249693,0.1834689,1.244247,0.02443563,-0.4811265,0.2860308,0.2392876,0.7933757,0.3233829,1.097216,0.0498807,-0.03583166,0.4305462,-0.13678,0.8914243,MathCanvas,2.659502,1.232137,2.2436,0.1656532,1.537738,0.04406097,0.7398399,-0.0931831,0.6662986,0.1948455,1.540337,0.02165272,0.7134888,-0.09888455,0.6936539,0.143295,1.534387,0.06334114,0.7500331,-0.09327337,0.6547904,0.1690703,1.537362,0.04249693,357.2686,38.71683,5.134212,0,0,False
1,Center_Dir_Far,133,15.55999,0.1726532,1.537127,0.04077731,0.1870474,1.244433,0.02177281,-0.4826236,0.280958,0.237624,0.794778,0.3259942,1.097685,0.04855193,-0.0369747,0.4229644,-0.1314056,0.8958049,MathCanvas,2.640124,1.226132,2.267924,0.1690703,1.537362,0.04249693,0.7460048,-0.09828037,0.6586485,0.1986518,1.540193,0.02022572,0.7205781,-0.1015708,0.6858941,0.1466546,1.534061,0.06132889,0.7566144,-0.09574208,0.6468139,0.1726532,1.537127,0.04077731,357.318,38.07764,5.291746,0,0,False
1,Center_Dir_Far,134,15.57999,0.1797557,1.536747,0.03732925,0.1951467,1.245613,0.0153823,-0.485408,0.2711037,0.2351406,0.7972395,0.3322964,1.098709,0.04550574,-0.03516987,0.4103618,-0.1286403,0.9021186,MathCanvas,2.658936,1.209579,2.235919,0.1762364,1.536974,0.03900943,0.7320817,-0.09919202,0.6739566,0.2061768,1.539973,0.0173489,0.7063378,-0.1028106,0.7003691,0.1533346,1.533521,0.05730959,0.7431685,-0.09671564,0.6620776,0.1797557,1.536747,0.03732925,357.4313,36.84721,5.567196,0,0,False
1,Center_Dir_Far,135,15.59999,0.1824756,1.535243,0.03625672,0.197347,1.242519,0.01466819,-0.4877831,0.2661336,0.2303894,0.7988499,0.3347366,1.096527,0.0459631,-0.03661111,0.4059102,-0.1185442,0.9054523,MathCanvas,2.62021,1.206082,2.284019,0.1797557,1.536747,0.03732925,0.7250092,-0.09976352,0.6814755,0.2091142,1.538574,0.01658485,0.6985919,-0.1038678,0.7079413,0.1558369,1.531912,0.05592858,0.7358402,-0.09759304,0.6700857,0.1824756,1.535243,0.03625672,357.5198,36.19516,5.749499,0,0,False
1,Center_Dir_Far,136,15.61999,0.1881559,1.534564,0.03385849,0.2032679,1.239273,0.01064033,-0.4899002,0.2582943,0.224574,0.8017783,0.3410167,1.093307,0.04555349,-0.03172553,0.3992069,-0.1178607,0.9087003,MathCanvas,2.600348,1.202537,2.308945,0.1853853,1.534758,0.03497184,0.7407622,-0.09933647,0.6643822,0.2152154,1.538083,0.01480345,0.7152784,-0.1054085,0.6908442,0.1610963,1.531046,0.05291353,0.7513218,-0.09857347,0.6525326,0.1881559,1.534564,0.03385849,357.9202,34.93158,6.073217,0,0,False
1,Center_Dir_Far,137,15.63999,0.1910412,1.534177,0.03266427,0.2067652,1.238645,0.008148404,-0.4911841,0.2537452,0.2223014,0.8030776,0.3441081,1.092375,0.04496611,-0.02996946,0.3949027,-0.117157,0.9107293,MathCanvas,2.652913,1.20404,2.244474,0.1881559,1.534564,0.03385849,0.7335547,-0.1019916,0.6719339,0.2183058,1.53779,0.01392166,0.7077217,-0.107432,0.6982754,0.1637767,1.530564,0.05140689,0.7441785,-0.1004233,0.6603889,0.1910412,1.534177,0.03266427,358.0707,34.29522,6.235133,0,0,False
1,Center_Dir_Far,138,15.65999,0.1957884,1.533771,0.03114588,0.2113865,1.236115,0.005426798,-0.4833114,0.2533126,0.2135312,0.8103377,0.348672,1.088152,0.04600194,-0.02384091,0.3907436,-0.1201807,0.912309,MathCanvas,2.631023,1.194928,2.267681,0.1938018,1.533952,0.03156108,0.7187639,-0.106573,0.6870376,0.2234568,1.537556,0.01303979,0.6922085,-0.1115564,0.7130236,0.1681199,1.529987,0.04925197,0.7294869,-0.1042254,0.6760073,0.1957884,1.533771,0.03114588,358.3712,33.01405,6.531468,0,0,False
1,Center_Dir_Far,139,15.67999,0.1978187,1.53357,0.03047169,0.2134771,1.235673,0.004608267,-0.4779926,0.2522225,0.2086552,0.8150889,0.3499874,1.086257,0.04690117,-0.01975664,0.3879896,-0.1221736,0.9133167,MathCanvas,2.585567,1.179433,2.315439,0.1957884,1.533771,0.03114588,0.7218311,-0.106391,0.6838427,0.2256763,1.53737,0.01266121,0.6959025,-0.1125023,0.7092694,0.1699612,1.52977,0.04828217,0.7328703,-0.105059,0.6722082,0.1978187,1.53357,0.03047169,358.5193,32.42227,6.558314,0,0,False
1,Center_Dir_Far,140,15.69999,0.2019001,1.533128,0.02919154,0.2184575,1.234673,0.001888648,-0.472457,0.2473828,0.2010349,0.8216879,0.3539246,1.083566,0.04746756,-0.01334479,0.3807705,-0.1239303,0.9162298,MathCanvas,2.59602,1.180098,2.302462,0.1998187,1.533373,0.02984357,0.728591,-0.1150151,0.6752234,0.2301278,1.53701,0.01199211,0.702998,-0.1208113,0.7008556,0.1736723,1.529246,0.04639097,0.7393334,-0.1129414,0.6637999,0.2019001,1.533128,0.02919154,358.8116,31.21476,6.699569,0,0,False
1,Center_Dir_Far,141,15.71999,0.2032985,1.533309,0.02885132,0.219037,1.235457,0.001924574,-0.4691025,0.244781,0.1976182,0.8252104,0.3530351,1.082555,0.04921281,-0.007883906,0.3767876,-0.1283222,0.9173344,MathCanvas,2.613774,1.15239,2.264401,0.2019001,1.533128,0.02919154,0.7318227,-0.1147185,0.6717702,0.2316951,1.537117,0.01191518,0.7070338,-0.1221847,0.6965445,0.1749019,1.529502,0.04578746,0.7430168,-0.1143244,0.659436,0.2032985,1.533309,0.02885132,358.9863,30.6957,6.569401,0,0,False
1,Center_Dir_Far,142,15.73999,0.2043278,1.533763,0.02868104,0.218128,1.237162,0.002554804,-0.4728222,0.2385693,0.1947421,0.8255904,0.350295,1.083192,0.05087644,-0.00671941,0.3711041,-0.133401,0.9189346,MathCanvas,2.624628,1.153749,2.251489,0.2032985,1.533309,0.02885132,0.7252684,-0.1182554,0.6782342,0.2328738,1.537506,0.01198344,0.7008963,-0.1238036,0.7024364,0.1757817,1.53002,0.04537863,0.7372065,-0.1160244,0.6656312,0.2043278,1.533763,0.02868104,359.0536,30.21776,6.458015,0,0,False
1,Center_Dir_Far,143,15.75999,0.2066773,1.534227,0.02790017,0.2194207,1.238285,0.002186927,-0.4778756,0.2271639,0.1862635,0.8278511,0.3487348,1.083393,0.05257045,-0.005198836,0.3597388,-0.1381408,0.9227557,MathCanvas,2.602596,1.142724,2.271419,0.2056198,1.533997,0.02834868,0.7263516,-0.1191442,0.676918,0.2355319,1.53798,0.01174408,0.7018384,-0.1248679,0.7013066,0.1778228,1.530473,0.04405626,0.7379037,-0.1169335,0.664699,0.2066773,1.534227,0.02790017,359.2556,29.1606,6.476508,0,0,False
1,Center_Dir_Far,144,15.77999,0.2078024,1.534421,0.02754276,0.2204508,1.238612,0.001792383,-0.4794699,0.2219067,0.1822391,0.8292497,0.3484429,1.083231,0.05333262,-0.003830314,0.3540967,-0.1400532,0.9246545,MathCanvas,2.606847,1.140525,2.26472,0.2066773,1.534227,0.02790017,0.7201095,-0.1209017,0.6832461,0.2368126,1.538175,0.01166806,0.6950243,-0.126589,0.7077546,0.1787921,1.530666,0.04341746,0.7314431,-0.1186277,0.6715046,0.2078024,1.534421,0.02754276,359.3593,28.6152,6.477628,0,0,False
1,Center_Dir_Far,145,15.79999,0.2085785,1.535141,0.02708391,0.2196609,1.240355,0.003927285,-0.4928613,0.204207,0.1749809,0.8275077,0.3434897,1.085713,0.05608263,-0.005393893,0.3334327,-0.1406301,0.9322107,MathCanvas,2.58659,1.135038,2.284557,0.2089502,1.534651,0.02718725,0.7067674,-0.1244702,0.6964101,0.2378189,1.538919,0.01164309,0.6845564,-0.1281659,0.7176045,0.179338,1.531363,0.04252473,0.721504,-0.1201431,0.6819073,0.2085785,1.535141,0.02708391,359.4654,27.77583,6.518014,0,0,False
1,Center_Dir_Far,146,15.81999,0.209005,1.535686,0.02706258,0.2198173,1.240975,0.004619188,-0.4964639,0.1980677,0.1719059,0.8274909,0.3424007,1.086679,0.05753593,-0.006437749,0.3258876,-0.1390977,0.9350977,MathCanvas,2.543456,1.123941,2.327745,0.2085785,1.535141,0.02708391,0.725592,-0.1127436,0.6788263,0.2383661,1.539462,0.01185195,0.7021275,-0.1159021,0.7025551,0.179644,1.531909,0.04227321,0.7378179,-0.1078915,0.6663215,0.209005,1.535686,0.02706258,359.413,27.31959,6.515639,0,0,False
1,Center_Dir_Far,147,15.83999,0.2099321,1.536765,0.02682361,0.2210439,1.241876,0.004923608,-0.5013799,0.1866774,0.1648859,0.8286027,0.3411038,1.087089,0.05952855,-0.004989535,0.3123029,-0.1407227,0.9394888,MathCanvas,2.608768,1.162807,2.272157,0.2094819,1.536193,0.02691253,0.714512,-0.1122955,0.6905522,0.239541,1.540572,0.01210901,0.6904922,-0.1164289,0.7139082,0.1803233,1.532958,0.04153822,0.7267705,-0.1083216,0.6782854,0.2099321,1.536765,0.02682361,359.4745,26.36533,6.568085,0,0,False
1,Center_Dir_Far,148,15.85999,0.2095524,1.537257,0.0273019,0.2203766,1.24293,0.006946829,-0.4997036,0.189618,0.1640936,0.8291047,0.3428052,1.088849,0.06258637,-0.008019031,0.3147109,-0.1354745,0.9394357,MathCanvas,2.574079,1.165206,2.311694,0.2099321,1.536765,0.02682361,0.7101765,-0.1104417,0.6953071,0.2392037,1.540874,0.01262488,0.6899434,-0.1103037,0.7154096,0.1799012,1.533639,0.04197892,0.7262563,-0.1027279,0.679705,0.2095524,1.537257,0.0273019,359.1207,26.23873,6.240551,0,0,False
1,Center_Dir_Far,149,15.87999,0.2095187,1.537635,0.02759679,0.2201986,1.243678,0.007887644,-0.4990484,0.1918507,0.1635795,0.8290873,0.3441481,1.089598,0.06497569,-0.008839518,0.3158195,-0.1358892,0.9389963,MathCanvas,2.559482,1.171812,2.328029,0.2095524,1.537257,0.0273019,0.7122604,-0.1000267,0.6947517,0.239237,1.541154,0.013032,0.6908633,-0.1025462,0.715676,0.1798004,1.534116,0.04216158,0.7270393,-0.09515925,0.6799695,0.2095187,1.537635,0.02759679,358.9889,26.0017,6.070463,0,0,False
1,Center_Dir_Far,150,15.89999,0.2094802,1.538494,0.02810292,0.2207371,1.244764,0.008973784,-0.5010881,0.1873146,0.1591125,0.8297634,0.3447305,1.090692,0.06840751,-0.009185285,0.3097364,-0.1360618,0.9409922,MathCanvas,2.571266,1.205962,2.331288,0.2095026,1.538043,0.02785718,0.7104895,-0.09549107,0.6971988,0.2393645,1.5419,0.01385433,0.6879654,-0.09840806,0.7190406,0.1795959,1.535087,0.04235151,0.7241884,-0.09120124,0.6835448,0.2094802,1.538494,0.02810292,358.8364,25.37171,5.875721,0,0,False
1,Center_Dir_Far,151,15.91999,0.2093186,1.538901,0.02847325,0.2208475,1.245334,0.009595882,-0.5017222,0.1862328,0.1574487,0.829941,0.3453193,1.091311,0.07039057,-0.009516835,0.3080092,-0.1362594,0.941527,MathCanvas,2.567324,1.221595,2.34184,0.2094802,1.538494,0.02810292,0.7063046,-0.09480527,0.7015311,0.2392791,1.542254,0.01437259,0.6841527,-0.09750937,0.7227911,0.1793582,1.535549,0.04257392,0.7205649,-0.09040552,0.6874686,0.2093186,1.538901,0.02847325,358.7509,25.0772,5.782204,0,0,False
1,Center_Dir_Far,152,15.93999,0.2077993,1.539039,0.03087373,0.2187806,1.245684,0.0127976,-0.5033362,0.1915146,0.1617885,0.8269216,0.3467519,1.094389,0.07790184,-0.01771963,0.3145291,-0.1328309,0.9397411,MathCanvas,2.552106,1.224436,2.355428,0.2083269,1.53888,0.02998238,0.7074789,-0.09139886,0.7007995,0.2377808,1.542261,0.01678735,0.6875273,-0.09340414,0.7201263,0.1778178,1.535817,0.04496012,0.7237077,-0.08656069,0.6846565,0.2077993,1.539039,0.03087373,358.4691,25.01689,5.556909,0,0,False
1,Center_Dir_Far,153,15.95999,0.2072175,1.539178,0.03171127,0.2184656,1.245914,0.01406688,-0.5046056,0.190129,0.1612782,0.8265674,0.3465155,1.09542,0.08029608,-0.01986173,0.3127258,-0.1321396,0.9403974,MathCanvas,2.555392,1.235755,2.356302,0.2077993,1.539039,0.03087373,0.7057338,-0.09001359,0.7027357,0.2372352,1.542345,0.01768969,0.685619,-0.09262395,0.7220439,0.1771998,1.536012,0.04573286,0.7218952,-0.08588377,0.6866523,0.2072175,1.539178,0.03171127,358.3877,24.88361,5.461588,0,0,False
1,Center_Dir_Far,154,15.97999,0.2060213,1.53947,0.03350071,0.2181036,1.246447,0.01583905,-0.5064707,0.1879523,0.1599776,0.8261771,0.346481,1.097283,0.08490579,-0.02329803,0.3091765,-0.131026,0.9416471,MathCanvas,2.548746,1.240526,2.363293,0.2066837,1.539356,0.03255701,0.701451,-0.08820872,0.7072381,0.2361243,1.542531,0.01963937,0.681142,-0.09053624,0.726532,0.1759183,1.536409,0.04736205,0.7176393,-0.08399913,0.6913306,0.2060213,1.53947,0.03350071,358.2011,24.55816,5.279497,0,0,False
1,Center_Dir_Far,155,15.99999,0.2048996,1.539308,0.03507932,0.2167436,1.246116,0.01944279,-0.5067071,0.1865281,0.1612369,0.8261101,0.3434766,1.098619,0.0871015,-0.02686027,0.3057055,-0.1317772,0.9425802,MathCanvas,2.534004,1.246722,2.38069,0.2060213,1.53947,0.03350071,0.6996158,-0.08726814,0.7091699,0.2349694,1.542408,0.02115473,0.6828038,-0.09029341,0.7250009,0.1748298,1.536209,0.04900391,0.7192184,-0.08369818,0.6897242,0.2048996,1.539308,0.03507932,358.2088,24.6801,5.346394,0,0,False
1,Center_Dir_Far,156,16.01999,0.2039892,1.539276,0.03642818,0.2159126,1.24607,0.02186678,-0.5069114,0.1855904,0.1614119,0.8261618,0.3417997,1.099117,0.08920844,-0.02826449,0.3032988,-0.1319413,0.9432935,MathCanvas,2.527217,1.249629,2.389111,0.2048996,1.539308,0.03507932,0.696332,-0.08824492,0.7122743,0.234059,1.542382,0.02250493,0.6776571,-0.08951925,0.7299089,0.1739194,1.53617,0.05035143,0.7144102,-0.08293817,0.6947944,0.2039892,1.539276,0.03642818,358.0897,24.6665,5.357737,0,0,False
1,Center_Dir_Far,157,16.04,0.2019936,1.539183,0.03915332,0.2150725,1.246284,0.02459558,-0.5080038,0.1837982,0.160912,0.825989,0.340232,1.100581,0.09365268,-0.03161508,0.2990506,-0.1313912,0.9446193,MathCanvas,2.514816,1.246429,2.40016,0.203011,1.539246,0.03778714,0.6945736,-0.0865487,0.7141966,0.2320956,1.542253,0.02529177,0.6750945,-0.08842615,0.7324127,0.1718916,1.536114,0.05301487,0.7119818,-0.08194741,0.6973999,0.2019936,1.539183,0.03915332,357.9005,24.53086,5.295319,0,0,False
1,Center_Dir_Far,158,16.05999,0.200507,1.539082,0.04097416,0.2135626,1.246126,0.02851771,-0.5092568,0.1827746,0.1609017,0.8254463,0.3381422,1.100052,0.09593115,-0.03165457,0.2972708,-0.1299654,0.9453767,MathCanvas,2.508069,1.25183,2.41038,0.2019936,1.539183,0.03915332,0.6863838,-0.09240361,0.7213451,0.2305775,1.542138,0.02704156,0.6690681,-0.09262395,0.7374067,0.1704364,1.536026,0.05490676,0.706375,-0.08614166,0.7025767,0.200507,1.539082,0.04097416,357.709,24.64834,5.273085,0,0,False
1,Center_Dir_Far,159,16.07999,0.1973824,1.538273,0.04472885,0.2106311,1.245761,0.03461812,-0.5131524,0.1834035,0.1627978,0.8225173,0.335243,1.099075,0.1014406,-0.03215644,0.2957076,-0.1268927,0.946267,MathCanvas,2.476672,1.232656,2.433077,0.1989304,1.538705,0.04284121,0.6899121,-0.08636601,0.7187226,0.2273917,1.541255,0.03064916,0.6723012,-0.08739213,0.7351013,0.167373,1.535291,0.05880854,0.7094532,-0.0811194,0.7000685,0.1973824,1.538273,0.04472885,357.3568,24.89688,5.146709,0,0,False
1,Center_Dir_Far,160,16.09999,0.1957709,1.53785,0.04658909,0.2093528,1.24565,0.03739078,-0.5143925,0.1833173,0.163356,0.8216508,0.3340986,1.098914,0.104274,-0.0327603,0.2951097,-0.1261489,0.9465324,MathCanvas,2.489699,1.251312,2.432771,0.1973824,1.538273,0.04472885,0.6828384,-0.08540213,0.7255607,0.2257623,1.540791,0.03246244,0.6647239,-0.08661114,0.7420516,0.1657796,1.534908,0.06071574,0.7023721,-0.08047254,0.7072465,0.1957709,1.53785,0.04658909,357.2207,24.97478,5.076138,0,0,False
1,Center_Dir_Far,161,16.12,0.1926308,1.537047,0.05028704,0.2077853,1.245648,0.0411549,-0.5162846,0.182477,0.1636609,0.8205897,0.3318895,1.099231,0.1092608,-0.03471148,0.2922709,-0.1245644,0.947553,MathCanvas,2.466603,1.253839,2.459497,0.1942148,1.537449,0.04843814,0.6843205,-0.08148585,0.724614,0.2225929,1.539922,0.03608499,0.6661277,-0.08245608,0.7412657,0.1626686,1.534172,0.06448908,0.7037091,-0.0764828,0.7063596,0.1926308,1.537047,0.05028704,356.9402,25.09534,4.96285,0,0,False
1,Center_Dir_Far,162,16.13999,0.1898599,1.536059,0.05303391,0.204121,1.244601,0.04745667,-0.51996,0.1843505,0.1654735,0.8174809,0.3305528,1.097454,0.1150312,-0.03461599,0.2984301,-0.1255919,0.9454987,MathCanvas,2.471756,1.265659,2.463609,0.1926308,1.537047,0.05028704,0.6768566,-0.08521793,0.7311655,0.2197543,1.538876,0.03867806,0.6611483,-0.08617762,0.7452893,0.1599656,1.533242,0.06738976,0.6991023,-0.08028743,0.7104998,0.1898599,1.536059,0.05303391,356.7885,25.37817,4.862652,0,0,False
1,Center_Dir_Far,163,16.15999,0.1856783,1.535151,0.05782834,0.2002428,1.243798,0.05418424,-0.5240082,0.1858287,0.1674742,0.8141471,0.3279331,1.097155,0.1221612,-0.03803954,0.2994582,-0.1250397,0.9451153,MathCanvas,2.443482,1.252322,2.48748,0.1877973,1.535658,0.05545308,0.6760893,-0.08255515,0.7321802,0.2155171,1.537858,0.04333651,0.6581502,-0.08347348,0.7482449,0.1558395,1.532444,0.07232017,0.6963342,-0.07783496,0.7134847,0.1856783,1.535151,0.05782834,356.5311,25.62105,4.67421,0,0,False
1,Center_Dir_Far,164,16.17999,0.1835444,1.534709,0.06024885,0.1984047,1.243428,0.05745531,-0.5257011,0.1865814,0.1683617,0.8126993,0.3267255,1.097006,0.1253716,-0.03919962,0.2994974,-0.12462,0.9451109,MathCanvas,2.439013,1.260003,2.498108,0.1856783,1.535151,0.05782834,0.6774679,-0.08065458,0.731117,0.2133542,1.537367,0.04568827,0.6596616,-0.0815488,0.7471254,0.1537347,1.532051,0.07480943,0.6977757,-0.07601883,0.7122712,0.1835444,1.534709,0.06024885,356.3925,25.74381,4.589905,0,0,False
1,Center_Dir_Far,165,16.2,0.1814242,1.534196,0.06263345,0.1968349,1.243156,0.06048962,-0.527369,0.186852,0.1690239,0.8114181,0.3256672,1.096875,0.1281854,-0.04021621,0.2995314,-0.1242519,0.9451059,MathCanvas,2.446171,1.265337,2.502054,0.1835444,1.534709,0.06024885,0.6789449,-0.07878414,0.7299498,0.2112065,1.536806,0.04800809,0.661082,-0.07963011,0.7460762,0.151642,1.531586,0.07725882,0.6991302,-0.07420623,0.7111332,0.1814242,1.534196,0.06263345,356.255,25.85953,4.50812,0,0,False
1,Center_Dir_Far,166,16.21999,0.1771057,1.537053,0.06910738,0.1902342,1.242633,0.06977577,-0.52163,0.1975915,0.170742,0.8122234,0.3212444,1.097031,0.1402224,-0.04712081,0.3059533,-0.1260788,0.9424841,MathCanvas,2.452032,1.270717,2.503817,0.1793193,1.536936,0.06624617,0.6531376,-0.09065145,0.7517935,0.206842,1.53966,0.05438833,0.634136,-0.09170742,0.7677639,0.1473693,1.534446,0.08382642,0.6738232,-0.08628338,0.7338375,0.1771057,1.537053,0.06910738,356.1538,26.03209,4.502535,0,0,False
1,Center_Dir_Far,167,16.23999,0.1748558,1.53739,0.07203574,0.1881514,1.242416,0.07330303,-0.5218905,0.1993295,0.1713983,0.8114929,0.3197713,1.096962,0.1442069,-0.04882461,0.3069957,-0.1261006,0.9420555,MathCanvas,2.350686,1.235373,2.571005,0.1771057,1.537053,0.06910738,0.6542021,-0.08899575,0.7510656,0.2045668,1.539968,0.05726056,0.6354519,-0.08997913,0.7668798,0.1451449,1.534811,0.08681091,0.6750804,-0.08462352,0.7328747,0.1748558,1.53739,0.07203574,356.0399,26.1328,4.454278,0,0,False
1,Center_Dir_Far,168,16.25999,0.1704551,1.537015,0.07819193,0.1830549,1.245714,0.08164661,-0.5256041,0.1999287,0.168759,0.8094994,0.3157237,1.099571,0.1541209,-0.04763302,0.3169897,-0.1368957,0.9372877,MathCanvas,2.355958,1.240679,2.57608,0.1726112,1.537672,0.07499273,0.6567118,-0.08549398,0.74928,0.2001532,1.539504,0.06337569,0.6361423,-0.08666563,0.766689,0.140757,1.534526,0.09300817,0.675741,-0.08149849,0.73262,0.1704551,1.537015,0.07819193,355.8071,26.19935,4.300568,0,0,False
1,Center_Dir_Far,169,16.27999,0.1682924,1.537078,0.08128384,0.180789,1.246725,0.08530936,-0.5304577,0.1990683,0.1682273,0.8066512,0.3132631,1.101609,0.1578835,-0.05127406,0.3164743,-0.1417525,0.9365475,MathCanvas,2.362769,1.251609,2.579528,0.1704551,1.537015,0.07819193,0.6467424,-0.08874503,0.7575279,0.1979823,1.53953,0.06644501,0.6268768,-0.08956013,0.7739539,0.1386024,1.534627,0.09612267,0.6670076,-0.08447019,0.740247,0.1682924,1.537078,0.08128384,355.6883,26.23645,4.236903,0,0,False
1,Center_Dir_Far,170,16.29999,0.164018,1.537166,0.08752512,0.1763351,1.247864,0.09272233,-0.5352671,0.2000922,0.167816,0.8032995,0.3092821,1.103637,0.1660073,-0.05601406,0.3182068,-0.1465171,0.9349543,MathCanvas,2.326289,1.240961,2.60894,0.1661704,1.537085,0.08440447,0.6331855,-0.08638383,0.7691644,0.1936832,1.539545,0.07262502,0.6132126,-0.08715168,0.7850954,0.1343529,1.534787,0.1024252,0.6541047,-0.08229546,0.7519138,0.164018,1.537166,0.08752512,355.4642,26.34354,4.11206,0,0,False
1,Center_Dir_Far,171,16.31999,0.1618616,1.537216,0.09066363,0.1740957,1.248513,0.09644216,-0.5383776,0.2002651,0.1675021,0.8012407,0.3074176,1.104471,0.1701279,-0.05783385,0.3195784,-0.1488824,0.9340016,MathCanvas,2.275956,1.24904,2.653009,0.164018,1.537166,0.08752512,0.6338429,-0.08470403,0.7688097,0.1915141,1.539561,0.07573319,0.6138401,-0.08541287,0.7847962,0.132209,1.53487,0.1055941,0.6547054,-0.08062808,0.7515717,0.1618616,1.537216,0.09066363,355.3513,26.39667,4.054456,0,0,False
1,Center_Dir_Far,172,16.33999,0.1603799,1.536376,0.0938707,0.1714219,1.248088,0.1006998,-0.5398726,0.2019859,0.1669648,0.7999138,0.3036356,1.107245,0.172699,-0.07268379,0.3104417,-0.136937,0.9378653,MathCanvas,2.279317,1.254248,2.658998,0.1618616,1.537216,0.09066363,0.6334456,-0.08300042,0.7693228,0.1900533,1.538614,0.0789649,0.6117229,-0.08231309,0.786778,0.1307066,1.534139,0.1087765,0.6526798,-0.07777898,0.7536309,0.1603799,1.536376,0.0938707,355.134,26.34308,3.868778,0,0,False
1,Center_Dir_Far,173,16.35999,0.1567789,1.535881,0.1002664,0.16691,1.247095,0.1083276,-0.5416381,0.2057945,0.1672122,0.7976947,0.3005267,1.107244,0.1801692,-0.07805885,0.3157283,-0.1348462,0.9359695,MathCanvas,2.277657,1.258949,2.665314,0.1585717,1.536129,0.09705658,0.6149436,-0.08121984,0.7843773,0.1864357,1.537923,0.0852998,0.5942074,-0.08161867,0.80016,0.127122,1.533839,0.115233,0.6360991,-0.07747454,0.767708,0.1567789,1.535881,0.1002664,354.8647,26.46175,3.531566,0,0,False
1,Center_Dir_Far,174,16.37999,0.1549662,1.535641,0.1034677,0.1646383,1.247134,0.1121242,-0.5431668,0.2070232,0.1671363,0.7963522,0.298609,1.107932,0.1840058,-0.08139813,0.3165797,-0.1345154,0.935445,MathCanvas,2.209857,1.264717,2.719023,0.1567789,1.535881,0.1002664,0.6153687,-0.07954676,0.7842154,0.1846157,1.537608,0.08847643,0.5946259,-0.07967229,0.8000452,0.1253168,1.533674,0.1184589,0.6365013,-0.07566972,0.7675548,0.1549662,1.535641,0.1034677,354.7281,26.50891,3.402265,0,0,False
1,Center_Dir_Far,175,16.39999,0.1521386,1.534023,0.1096338,0.1609278,1.244048,0.1194578,-0.5418581,0.2146838,0.1675777,0.7951216,0.2961794,1.103357,0.190443,-0.07617778,0.3282112,-0.140264,0.9310212,MathCanvas,2.211908,1.269747,2.724799,0.1531575,1.535398,0.106669,0.6161913,-0.07579684,0.7839408,0.1817073,1.535697,0.094449,0.5990208,-0.08151927,0.796573,0.1225698,1.532348,0.1248187,0.6407205,-0.07797068,0.7638048,0.1521386,1.534023,0.1096338,354.7464,26.91704,2.896196,0,0,False
1,Center_Dir_Far,176,16.41999,0.1507884,1.533434,0.1127457,0.1591806,1.243157,0.122996,-0.5410982,0.217511,0.1679705,0.7947878,0.2942613,1.102066,0.1934544,-0.07578865,0.331202,-0.1417782,0.9297636,MathCanvas,2.212934,1.280527,2.731452,0.1521386,1.534023,0.1096338,0.6116045,-0.09230997,0.78576,0.180318,1.53501,0.09747427,0.5923634,-0.09402179,0.8001659,0.1212589,1.531858,0.1280171,0.6344179,-0.09055606,0.7676676,0.1507884,1.533434,0.1127457,354.7125,27.09466,2.726504,0,0,False
1,Center_Dir_Far,177,16.43999,0.1479404,1.532286,0.1192258,0.1552494,1.24195,0.1303648,-0.5414866,0.2220694,0.1683236,0.7931864,0.2907721,1.101133,0.2004912,-0.0778803,0.3362386,-0.143534,0.9275108,MathCanvas,2.18771,1.226,2.729684,0.1493133,1.532845,0.1159488,0.6150336,-0.09189902,0.7831272,0.1774063,1.533658,0.1038125,0.5955967,-0.09312975,0.7978668,0.1184744,1.530915,0.1346392,0.6375169,-0.09000485,0.7651611,0.1479404,1.532286,0.1192258,354.6021,27.39037,2.371909,0,0,False
1,Center_Dir_Far,178,16.45999,0.1470668,1.532058,0.1225796,0.1544449,1.241132,0.1329542,-0.5395454,0.2225977,0.1698832,0.7940282,0.2880654,1.09854,0.2014327,-0.07511041,0.3362981,-0.1463479,0.9272779,MathCanvas,2.195767,1.226298,2.72674,0.1479404,1.532286,0.1192258,0.6167742,-0.09156739,0.781796,0.1764404,1.533352,0.1069842,0.6002937,-0.09320372,0.7943302,0.1176933,1.530765,0.138175,0.6420184,-0.09020362,0.7613643,0.1470668,1.532058,0.1225796,354.5844,27.75394,2.237799,0,0,False
1,Center_Dir_Far,179,16.47999,0.1452774,1.531259,0.1289564,0.1523882,1.239837,0.1389476,-0.5375897,0.2232645,0.1713448,0.794853,0.2844171,1.096045,0.2045903,-0.07400922,0.3371193,-0.1486177,0.9267071,MathCanvas,2.202169,1.226954,2.727537,0.1461329,1.531638,0.1257942,0.6157121,-0.09931213,0.7816877,0.1745276,1.532523,0.1131284,0.5973792,-0.1017467,0.7954783,0.1160272,1.529995,0.1447843,0.6393014,-0.0987476,0.7625895,0.1452774,1.531259,0.1289564,354.6887,28.21638,2.186144,0,0,False
1,Center_Dir_Far,180,16.49999,0.1443378,1.530847,0.1321846,0.1508282,1.239239,0.1422908,-0.5372553,0.224647,0.1718218,0.7945865,0.2825571,1.095109,0.2071669,-0.07410038,0.3386336,-0.1497656,0.9259626,MathCanvas,2.191099,1.201276,2.726264,0.1452774,1.531259,0.1289564,0.6184369,-0.1000993,0.7794331,0.1735339,1.532056,0.1162529,0.5999016,-0.1019177,0.7935559,0.1151417,1.529637,0.1481164,0.641717,-0.09902997,0.7605212,0.1443378,1.530847,0.1321846,354.6937,28.42694,2.091639,0,0,False
1,Center_Dir_Far,181,16.51999,0.1438264,1.530934,0.1352279,0.1505201,1.238388,0.1449002,-0.5355463,0.2250119,0.1719877,0.7956004,0.2815,1.094047,0.2081846,-0.07297301,0.3395116,-0.1493722,0.9257941,MathCanvas,2.200382,1.198059,2.723474,0.1443378,1.530847,0.1321846,0.6210296,-0.1004739,0.7773206,0.1729703,1.532229,0.1192076,0.6025516,-0.1029968,0.791406,0.1146825,1.529639,0.1512483,0.6442583,-0.09996095,0.7582474,0.1438264,1.530934,0.1352279,354.7789,28.59361,2.239022,0,0,False
1,Center_Dir_Far,182,16.53999,0.1432617,1.531605,0.1413483,0.1501585,1.237226,0.1492154,-0.5326653,0.2268052,0.1732259,0.7967559,0.2812432,1.092395,0.2094517,-0.06927776,0.3429418,-0.1462087,0.9253186,MathCanvas,2.208719,1.196863,2.719781,0.1432339,1.530877,0.1383398,0.6257205,-0.1055205,0.7728773,0.1722855,1.533031,0.1251223,0.6080777,-0.1062453,0.786736,0.114238,1.530178,0.1575742,0.6495567,-0.1029694,0.7533083,0.1432617,1.531605,0.1413483,354.7938,28.98372,2.466863,0,0,False
1,Center_Dir_Far,183,16.55999,0.1430727,1.531954,0.1444063,0.1499865,1.236947,0.1514662,-0.5307432,0.2281528,0.1742898,0.7974215,0.281321,1.091691,0.2102567,-0.06735486,0.3450205,-0.1449514,0.9248855,MathCanvas,2.220737,1.181263,2.707403,0.1432617,1.531605,0.1413483,0.6245548,-0.1012307,0.7743925,0.1720342,1.533422,0.1280731,0.6065214,-0.1032283,0.7883373,0.1141112,1.530487,0.1607395,0.6481086,-0.09994495,0.7549611,0.1430727,1.531954,0.1444063,354.8269,29.19242,2.537627,0,0,False
1,Center_Dir_Far,184,16.57999,0.1427462,1.532646,0.150519,0.148483,1.235896,0.1569989,-0.5285361,0.2304615,0.1755349,0.7979503,0.2800078,1.090052,0.2129976,-0.06482462,0.3485959,-0.1441304,0.9238535,MathCanvas,2.219656,1.195372,2.719185,0.1428459,1.532289,0.1474778,0.6303779,-0.1018694,0.7695755,0.1715899,1.534179,0.1339846,0.6121983,-0.1038347,0.7838569,0.1139025,1.531112,0.1670534,0.6535448,-0.1004392,0.7501941,0.1427462,1.532646,0.150519,354.879,29.5863,2.651591,0,0,False
1,Center_Dir_Far,185,16.59999,0.1433813,1.533386,0.1530387,0.1509412,1.237511,0.1577691,-0.5213455,0.2337525,0.1784878,0.8010623,0.2836863,1.090219,0.2118147,-0.05811298,0.3530714,-0.1427479,0.9228145,MathCanvas,2.238212,1.194017,2.708697,0.1427462,1.532646,0.150519,0.6330965,-0.1021371,0.767305,0.1721803,1.534995,0.1364339,0.6142983,-0.1078363,0.7816706,0.1145822,1.531778,0.1696436,0.6555542,-0.1042836,0.7479129,0.1433813,1.533386,0.1530387,355.1311,29.73049,2.78089,0,0,False
1,Center_Dir_Far,186,16.61999,0.1441326,1.534018,0.158316,0.15194,1.238559,0.1615268,-0.5158308,0.2373924,0.1820617,0.8027559,0.2859886,1.090066,0.2128432,-0.05143568,0.3586155,-0.140648,0.9213943,MathCanvas,2.24962,1.193588,2.705773,0.1437766,1.533609,0.1556547,0.6207085,-0.09860602,0.7778161,0.1728222,1.535699,0.1415298,0.6020579,-0.1016007,0.7919618,0.1154429,1.532338,0.1751021,0.6439753,-0.09810393,0.7587302,0.1441326,1.534018,0.158316,355.3069,30.09384,2.904088,0,0,False
1,Center_Dir_Far,187,16.63999,0.1445433,1.534455,0.1610361,0.1522795,1.238973,0.1635221,-0.5136331,0.2389896,0.1837444,0.8033077,0.2863017,1.089587,0.2137451,-0.0490036,0.360952,-0.1399994,0.920713,MathCanvas,2.206313,1.206419,2.742455,0.1441326,1.534018,0.158316,0.6232393,-0.09985249,0.7756302,0.1731762,1.53617,0.1441567,0.6047332,-0.1027466,0.7897726,0.1159105,1.53274,0.1779155,0.646538,-0.09918519,0.7564065,0.1445433,1.534455,0.1610361,355.3808,30.28102,2.963383,0,0,False
1,Center_Dir_Far,188,16.65999,0.1453298,1.534837,0.1634807,0.1535669,1.240335,0.1647482,-0.5129079,0.23964,0.1864532,0.8029529,0.2887302,1.090861,0.2138371,-0.04669804,0.3636851,-0.1382544,0.9200207,MathCanvas,2.21598,1.202579,2.738968,0.1445433,1.534455,0.1610361,0.6230999,-0.09839098,0.775929,0.1739153,1.536586,0.1465247,0.6041365,-0.09996498,0.7905858,0.1167443,1.533088,0.1804367,0.6459885,-0.09638859,0.7572371,0.1453298,1.534837,0.1634807,355.3771,30.43127,3.022049,0,0,False
1,Center_Dir_Far,189,16.67999,0.1472319,1.535164,0.1680848,0.1562267,1.24164,0.1676208,-0.513606,0.2403043,0.1893782,0.8016226,0.2923967,1.093497,0.2149879,-0.04948045,0.3668554,-0.1361292,0.9189329,MathCanvas,2.21678,1.207743,2.743,0.1463556,1.534981,0.1658018,0.6270037,-0.09764515,0.7728724,0.1757329,1.536985,0.1509946,0.608079,-0.1005442,0.7874838,0.1187309,1.533344,0.1851751,0.6497647,-0.09684772,0.7539406,0.1472319,1.535164,0.1680848,355.4257,30.69734,3.145401,0,0,False
1,Center_Dir_Far,190,16.69999,0.1481785,1.535335,0.1703682,0.157051,1.24196,0.1694705,-0.5127766,0.2412401,0.1906264,0.8015765,0.2935126,1.093931,0.2157963,-0.04906508,0.368581,-0.1350011,0.9184309,MathCanvas,2.231239,1.210616,2.736924,0.1472319,1.535164,0.1680848,0.626054,-0.09575751,0.7738777,0.1766351,1.537197,0.1532086,0.6069647,-0.09853432,0.7885967,0.119722,1.533473,0.1875279,0.6487208,-0.09480798,0.7550979,0.1481785,1.535335,0.1703682,355.4893,30.83727,3.217159,0,0,False
1,Center_Dir_Far,191,16.71999,0.150467,1.535383,0.174402,0.1590331,1.242237,0.1731568,-0.5123345,0.242461,0.1926566,0.8010053,0.2958348,1.094923,0.2178256,-0.05010593,0.3708732,-0.1324965,0.9178165,MathCanvas,2.230515,1.216833,2.744385,0.1490901,1.535539,0.1726798,0.6246051,-0.096691,0.7749318,0.1788401,1.537318,0.1571127,0.6050229,-0.09974742,0.7899354,0.1220939,1.533448,0.1916914,0.6469004,-0.09593007,0.7565165,0.150467,1.535383,0.174402,355.617,31.10056,3.342607,0,0,False
1,Center_Dir_Far,192,16.73999,0.1522426,1.535241,0.1761095,0.1610783,1.240972,0.1748342,-0.5152635,0.2403848,0.1920281,0.7999024,0.297129,1.094747,0.219978,-0.05302841,0.3706944,-0.1329452,0.9176596,MathCanvas,2.225383,1.214179,2.748697,0.150467,1.535383,0.174402,0.6261856,-0.09783894,0.7735109,0.1805914,1.537204,0.1587836,0.6061488,-0.09729155,0.7893783,0.1238938,1.533279,0.1934355,0.6479793,-0.09344582,0.755904,0.1522426,1.535241,0.1761095,355.4802,31.16446,3.391398,0,0,False
1,Center_Dir_Far,193,16.75999,0.1554451,1.534923,0.1797978,0.1641015,1.239923,0.1780082,-0.5148419,0.2400041,0.1926796,0.8001315,0.2993707,1.094396,0.2228625,-0.0531247,0.3710659,-0.1336703,0.9173986,MathCanvas,2.232754,1.21017,2.746112,0.1538256,1.535056,0.177983,0.6269633,-0.09499551,0.7732353,0.1837341,1.536963,0.1623833,0.607192,-0.09638688,0.7886872,0.127156,1.532884,0.1972123,0.6489896,-0.09243347,0.7551612,0.1554451,1.534923,0.1797978,355.3738,31.33142,3.524787,0,0,False
1,Center_Dir_Far,194,16.77999,0.1573237,1.534664,0.1813947,0.1662557,1.239056,0.17932,-0.5129895,0.240756,0.192251,0.8011978,0.2996145,1.093763,0.2235192,-0.05281017,0.3691562,-0.1343403,0.9180891,MathCanvas,2.238209,1.219349,2.748476,0.1554451,1.534923,0.1797978,0.6283157,-0.09441037,0.7722086,0.1856015,1.536753,0.1639678,0.6077065,-0.09640951,0.7882881,0.1290459,1.532575,0.1988216,0.6494823,-0.0923754,0.7547447,0.1573237,1.534664,0.1813947,355.3846,31.35362,3.610701,0,0,False
1,Center_Dir_Far,195,16.79999,0.1590508,1.534453,0.1831174,0.1667388,1.238971,0.1799246,-0.5127937,0.2408699,0.1924508,0.8012409,0.2996145,1.093763,0.2235192,-0.05281017,0.3691562,-0.1343403,0.9180891,MathCanvas,2.245689,1.220868,2.748024,0.1573237,1.534664,0.1813947,0.623133,-0.0943561,0.7764034,0.1872992,1.536582,0.1656476,0.6032159,-0.09602065,0.7917768,0.1308024,1.532324,0.2005871,0.6452183,-0.0919617,0.7584435,0.1590508,1.534453,0.1831174,355.3723,31.43681,3.679305,0,0,False
1,Center_Dir_Far,196,16.81999,0.1634074,1.533567,0.1856204,0.172829,1.237471,0.1831093,-0.5082042,0.2433042,0.1917765,0.8035879,0.3038172,1.092073,0.2276343,-0.05170181,0.3666555,-0.1341289,0.9191845,MathCanvas,2.228493,1.221094,2.761576,0.1611952,1.533785,0.1842885,0.6201077,-0.09687576,0.7785124,0.1916628,1.535762,0.1681702,0.598805,-0.09974739,0.794659,0.135152,1.531372,0.2030706,0.6410156,-0.09558565,0.7615526,0.1634074,1.533567,0.1856204,355.576,31.40594,3.792971,0,0,False
1,Center_Dir_Far,197,16.83999,0.1655039,1.533342,0.1870313,0.1745977,1.237111,0.1846196,-0.5071688,0.2438699,0.1919911,0.8040191,0.3038172,1.092073,0.2276343,-0.05170181,0.3666555,-0.1341289,0.9191845,MathCanvas,2.218911,1.212448,2.766196,0.1634074,1.533567,0.1856204,0.6202502,-0.0973806,0.7783359,0.1937446,1.535575,0.169562,0.5995939,-0.09996386,0.7940367,0.1372632,1.53111,0.2045006,0.6417716,-0.09573825,0.7608965,0.1655039,1.533342,0.1870313,355.6113,31.44474,3.857028,0,0,False
1,Center_Dir_Far,198,16.85999,0.1705004,1.532954,0.1892913,0.1802123,1.236534,0.1861382,-0.5066361,0.2443516,0.1910624,0.8044299,0.311571,1.090439,0.2330645,-0.04900703,0.3636812,-0.1343716,0.9204773,MathCanvas,2.221818,1.210497,2.767447,0.168073,1.533269,0.1882346,0.6200913,-0.09663818,0.778555,0.1987719,1.535258,0.1718812,0.5981847,-0.09880986,0.7952431,0.142229,1.530649,0.2067013,0.6404207,-0.09447359,0.7621917,0.1705004,1.532954,0.1892913,355.5569,31.31651,3.982825,0,0,False
1,Center_Dir_Far,199,16.87999,0.1730616,1.532814,0.1901588,0.1830008,1.236546,0.1868218,-0.5079483,0.2437021,0.1916402,0.8036616,0.3146401,1.090307,0.2344635,-0.04883048,0.3624705,-0.1331107,0.9211473,MathCanvas,2.224775,1.212805,2.768533,0.1705004,1.532954,0.1892913,0.6170311,-0.09686504,0.7809544,0.2013635,1.535128,0.1727996,0.5942391,-0.1011791,0.7978989,0.1447597,1.530499,0.207518,0.6366533,-0.0968295,0.7650468,0.1730616,1.532814,0.1901588,355.683,31.22169,3.999151,0,0,False
1,Center_Dir_Far,200,16.89999,0.1782608,1.532449,0.1918464,0.1861954,1.236794,0.1877037,-0.5087774,0.2429753,0.1920728,0.8032538,0.3198772,1.090366,0.2367907,-0.04831207,0.3602225,-0.1314432,0.9222952,MathCanvas,2.217324,1.211894,2.777509,0.1756172,1.532616,0.1910319,0.6137401,-0.1010868,0.7830099,0.2066051,1.534808,0.1745625,0.5913337,-0.1046955,0.799602,0.1499165,1.530091,0.2091303,0.6338726,-0.1002607,0.7669115,0.1782608,1.532449,0.1918464,355.8932,31.08195,4.073789,0,0,False
1,Center_Dir_Far,201,16.91999,0.1809831,1.532545,0.1924584,0.1898518,1.237095,0.1888267,-0.5092103,0.241988,0.1922456,0.8032361,0.3230222,1.090948,0.2378611,-0.04834187,0.3587594,-0.1309266,0.9229372,MathCanvas,2.207279,1.198258,2.780468,0.1782608,1.532449,0.1918464,0.6128227,-0.1024784,0.7835474,0.2093643,1.534912,0.1752364,0.5896251,-0.1070311,0.800554,0.1526019,1.530178,0.2096804,0.6322337,-0.1025686,0.7679584,0.1809831,1.532545,0.1924584,356.0297,30.96628,4.088076,0,0,False
1,Center_Dir_Far,202,16.93999,0.1868034,1.535441,0.1942833,0.1991771,1.238688,0.191111,-0.5108104,0.2401375,0.1924011,0.8027382,0.3297421,1.092931,0.2402896,-0.05043766,0.3539174,-0.129797,0.924852,MathCanvas,2.207127,1.193726,2.783061,0.1836296,1.532528,0.1932493,0.6102266,-0.1062797,0.7850658,0.2152681,1.53784,0.1772041,0.5857302,-0.1113416,0.8028221,0.1583387,1.533041,0.2113626,0.6284966,-0.106802,0.7704448,0.1868034,1.535441,0.1942833,356.2841,30.69547,4.142375,0,0,False
1,Center_Dir_Far,203,16.95999,0.1897134,1.536965,0.1951783,0.2023344,1.23923,0.192114,-0.5108318,0.2396921,0.192475,0.8028399,0.332459,1.093253,0.2415285,-0.050625,0.352456,-0.1292869,0.9254711,MathCanvas,2.201037,1.184633,2.785625,0.1868034,1.535441,0.1942833,0.6133689,-0.1076113,0.7824311,0.218214,1.539385,0.1781621,0.5902284,-0.1109581,0.7995741,0.1612129,1.534544,0.2121946,0.6327769,-0.106341,0.7669974,0.1897134,1.536965,0.1951783,356.3493,30.57267,4.179703,0,0,False
1,Center_Dir_Far,204,16.97999,0.1926377,1.538527,0.1961111,0.2025135,1.239249,0.1921736,-0.5108438,0.2396681,0.1924816,0.8028379,0.3354956,1.093865,0.2428824,-0.05119744,0.3508353,-0.1285164,0.9261625,MathCanvas,2.215341,1.181582,2.779127,0.1897134,1.536965,0.1951783,0.6117213,-0.1086498,0.7835766,0.2211709,1.540974,0.1791533,0.5886899,-0.112095,0.8005492,0.1641045,1.536081,0.2130688,0.6313008,-0.1074294,0.7680614,0.1926377,1.538527,0.1961111,356.4197,30.45945,4.22353,0,0,False
1,Center_Dir_Far,205,16.99999,0.1990832,1.539762,0.1989842,0.2128189,1.244937,0.1948016,-0.5113215,0.2370427,0.1929738,0.8031949,0.3455289,1.097732,0.2474964,-0.04832646,0.3570941,-0.1284956,0.9239249,MathCanvas,2.21212,1.17984,2.782941,0.1959297,1.53921,0.1976584,0.6093095,-0.09587687,0.7871147,0.2276717,1.542269,0.1821286,0.5863426,-0.0929497,0.8047128,0.1704947,1.537255,0.2158397,0.6290398,-0.08830218,0.7723417,0.1990832,1.539762,0.1989842,355.4299,30.17729,4.333853,0,0,False
1,Center_Dir_Far,206,17.01999,0.2021341,1.540229,0.2002503,0.2161303,1.246308,0.1954603,-0.5141079,0.2353613,0.1931682,0.801863,0.3496366,1.099378,0.2494085,-0.04646263,0.3598966,-0.1320096,0.9224365,MathCanvas,2.214618,1.222611,2.80268,0.1990832,1.539762,0.1989842,0.6079083,-0.0906262,0.7888184,0.2307583,1.542744,0.1834566,0.5845695,-0.08910426,0.806436,0.1735099,1.537715,0.2170439,0.6273355,-0.08446834,0.7741545,0.2021341,1.540229,0.2002503,355.209,30.03603,4.3485,0,0,False
1,Center_Dir_Far,207,17.03999,0.2082095,1.54129,0.2027871,0.2226377,1.248645,0.1968846,-0.5186543,0.2322266,0.1932424,0.7998288,0.3570157,1.101819,0.2528478,-0.0448083,0.361752,-0.1348415,0.9213824,MathCanvas,2.216493,1.239931,2.814071,0.2051882,1.540764,0.2015244,0.6139461,-0.06855359,0.7863654,0.2369003,1.543819,0.1861096,0.5909113,-0.06795681,0.8038692,0.1795188,1.53876,0.2194645,0.6333416,-0.06338525,0.7712722,0.2082095,1.54129,0.2027871,354.8774,29.77714,4.376958,0,0,False
1,Center_Dir_Far,208,17.05999,0.2101925,1.539269,0.2033573,0.2250722,1.248651,0.1975567,-0.5204424,0.230267,0.1908087,0.799818,0.358963,1.104627,0.2544315,-0.05019727,0.3585311,-0.1404396,0.9215272,MathCanvas,2.253788,1.312879,2.822842,0.2082095,1.54129,0.2027871,0.6199624,-0.06486496,0.7819458,0.2389314,1.54166,0.1867425,0.5968133,-0.07833328,0.7985474,0.1814536,1.536877,0.2199721,0.6389612,-0.07387474,0.7656835,0.2101925,1.539269,0.2033573,355.4939,29.70823,4.133572,0,0,False
1,Center_Dir_Far,209,17.07999,0.2150722,1.538645,0.2054531,0.2299316,1.247896,0.1995731,-0.5170605,0.2295653,0.1866429,0.8031891,0.3617665,1.10637,0.2573389,-0.0581328,0.3494126,-0.1354138,0.9253078,MathCanvas,2.279928,1.322718,2.813872,0.2125879,1.538859,0.2043614,0.6174646,-0.1031508,0.779806,0.2438897,1.541153,0.1889925,0.5939435,-0.107219,0.7973301,0.1862546,1.536136,0.2219137,0.6362146,-0.1023516,0.7646928,0.2150722,1.538645,0.2054531,355.9665,29.42956,4.333713,0,0,False
1,Center_Dir_Far,210,17.09999,0.2174521,1.5384,0.2064928,0.2325073,1.247816,0.20052,-0.5164319,0.2287853,0.1852735,0.8041326,0.3638496,1.107148,0.2589318,-0.06023044,0.3465048,-0.1343155,0.9264265,MathCanvas,2.253412,1.198129,2.779706,0.2150722,1.538645,0.2054531,0.6152975,-0.1047856,0.7812996,0.2463095,1.54096,0.1901102,0.5919958,-0.1085797,0.7985934,0.1885946,1.535839,0.2228753,0.6343461,-0.1036184,0.7660733,0.2174521,1.5384,0.2064928,356.0568,29.27905,4.422638,0,0,False
1,Center_Dir_Far,211,17.11999,0.2198577,1.538161,0.2075895,0.2350162,1.247612,0.2014773,-0.5157694,0.2279844,0.1838701,0.8051068,0.3664178,1.108249,0.2605395,-0.06193838,0.344657,-0.1342012,0.9270196,MathCanvas,2.248801,1.19246,2.785882,0.2174521,1.5384,0.2064928,0.6133885,-0.1060994,0.7826222,0.2487565,1.540771,0.1912878,0.5899666,-0.1100046,0.799899,0.1909589,1.535552,0.2238913,0.632399,-0.1049533,0.7675001,0.2198577,1.538161,0.2075895,356.1504,29.12406,4.506892,0,0,False
1,Center_Dir_Far,212,17.13999,0.2226739,1.537668,0.2088952,0.2362336,1.242654,0.2034059,-0.5128809,0.2251624,0.1819009,0.8081877,0.3665847,1.103149,0.2648848,-0.05897129,0.3345474,-0.1237689,0.9323528,MathCanvas,2.243903,1.188057,2.790068,0.2222449,1.53782,0.2086584,0.6095425,-0.1092056,0.7851956,0.2516544,1.540268,0.1927377,0.5859279,-0.109171,0.8029759,0.1936934,1.535067,0.2250527,0.6285229,-0.1041407,0.7707878,0.2226739,1.537668,0.2088952,356.0999,28.83486,4.491474,0,0,False
1,Center_Dir_Far,213,17.15999,0.2239531,1.537707,0.209551,0.2372195,1.241391,0.2043494,-0.5112966,0.2237956,0.1807202,0.8098342,0.3679216,1.101504,0.266866,-0.05598659,0.3342808,-0.1220791,0.9328551,MathCanvas,2.231699,1.177731,2.796865,0.2226739,1.537668,0.2088952,0.6148394,-0.1061921,0.7814703,0.2529544,1.540271,0.193425,0.5925133,-0.1106117,0.7979305,0.1949519,1.535143,0.225677,0.6347871,-0.1055884,0.7654387,0.2239531,1.537707,0.209551,356.2012,28.782,4.428863,0,0,False
1,Center_Dir_Far,214,17.17999,0.226914,1.537212,0.211029,0.2410518,1.24008,0.2062314,-0.5099716,0.2215704,0.1785745,0.8117553,0.3714057,1.100789,0.2705205,-0.05578805,0.3298071,-0.1187565,0.934886,MathCanvas,2.254414,1.187016,2.790298,0.2254436,1.537458,0.2102945,0.6121916,-0.1092227,0.7831295,0.2559822,1.539774,0.1950238,0.589151,-0.1130931,0.8000695,0.1978457,1.534649,0.2270343,0.6315616,-0.1080403,0.7677612,0.226914,1.537212,0.211029,356.3579,28.55601,4.424267,0,0,False
1,Center_Dir_Far,215,17.19999,0.2264804,1.539095,0.2110448,0.239744,1.240403,0.2073175,-0.5051563,0.2161166,0.1769288,0.8165825,0.3713763,1.097912,0.2707651,-0.04735854,0.3383748,-0.1265213,0.9312637,MathCanvas,2.246391,1.176912,2.79439,0.226914,1.537212,0.211029,0.610572,-0.1105671,0.7842045,0.2555243,1.541638,0.1949924,0.5903397,-0.1091223,0.7997445,0.1974365,1.536552,0.2270972,0.6327013,-0.1041327,0.7673626,0.2264804,1.539095,0.2110448,356.1224,28.63157,4.391833,0,0,False
1,Center_Dir_Far,216,17.21999,0.2272377,1.540046,0.2116136,0.2403704,1.242003,0.208529,-0.5041497,0.20852,0.1778249,0.8189816,0.3726325,1.097088,0.2718838,-0.04129887,0.3399476,-0.1338432,0.9299548,MathCanvas,2.243031,1.173923,2.801056,0.2268904,1.539593,0.2113353,0.6241736,-0.1052009,0.7741706,0.2563111,1.542635,0.1956221,0.6023016,-0.1077055,0.7909693,0.1981642,1.537457,0.227605,0.644062,-0.1025584,0.7580671,0.2272377,1.540046,0.2116136,356.1113,28.5084,4.472283,0,0,False
1,Center_Dir_Far,217,17.23999,0.2276396,1.540583,0.2119085,0.2414488,1.241919,0.2093864,-0.5031101,0.206098,0.1771827,0.820372,0.3738259,1.096466,0.273127,-0.03936136,0.3398284,-0.1349382,0.9299242,MathCanvas,2.293967,1.191711,2.775004,0.2272377,1.540046,0.2116136,0.6234009,-0.1051323,0.7748023,0.2567311,1.543179,0.195951,0.6014045,-0.1077547,0.7916448,0.1985481,1.537988,0.2278661,0.6432022,-0.1025973,0.7587916,0.2276396,1.540583,0.2119085,356.1158,28.44177,4.48286,0,0,False
1,Center_Dir_Far,218,17.25999,0.226909,1.541492,0.2118907,0.240598,1.245862,0.2087871,-0.5094986,0.2036548,0.1790794,0.816619,0.3714703,1.099206,0.2714183,-0.03708819,0.3331233,-0.1389602,0.9318495,MathCanvas,2.294257,1.192062,2.780432,0.2280285,1.541126,0.2121977,0.6216449,-0.1052206,0.7761998,0.2559946,1.544091,0.195923,0.6016659,-0.1053335,0.7917721,0.1978233,1.538894,0.2278583,0.6434517,-0.1001927,0.7589014,0.226909,1.541492,0.2118907,355.9755,28.4506,4.488676,0,0,False
1,Center_Dir_Far,219,17.27999,0.2264353,1.541683,0.2116725,0.2403041,1.247129,0.2086086,-0.5128767,0.2023221,0.1786195,0.8149346,0.3705626,1.101,0.2709738,-0.04009682,0.330532,-0.1334601,0.9334502,MathCanvas,2.289171,1.192431,2.786877,0.226909,1.541492,0.2118907,0.624352,-0.1027697,0.7743533,0.2555207,1.544281,0.1957041,0.6032817,-0.1043232,0.7906755,0.1973499,1.539086,0.2276409,0.6449873,-0.09919821,0.7577276,0.2264353,1.541683,0.2116725,355.9161,28.4473,4.48711,0,0,False
1,Center_Dir_Far,220,17.29999,0.2258821,1.54178,0.2114367,0.2402615,1.248013,0.2087004,-0.5151045,0.2006682,0.1785331,0.8139567,0.3700767,1.102486,0.2708247,-0.04241696,0.328435,-0.1297317,0.9346128,MathCanvas,2.302061,1.200031,2.78597,0.2264353,1.541683,0.2116725,0.6248681,-0.09782848,0.774577,0.2549688,1.544375,0.1954704,0.6037385,-0.09984043,0.7909056,0.1967953,1.539185,0.2274031,0.6454179,-0.09473956,0.7579315,0.2258821,1.54178,0.2114367,355.8839,28.4409,4.483106,0,0,False
1,Center_Dir_Far,221,17.31999,0.2243088,1.541986,0.2106947,0.239409,1.249509,0.208669,-0.5210555,0.1984506,0.1797848,0.8104296,0.3696221,1.105102,0.2708438,-0.04550261,0.3249562,-0.1266792,0.9361011,MathCanvas,2.307358,1.215907,2.791602,0.2253558,1.542031,0.2112522,0.6244836,-0.09670323,0.7750282,0.2533851,1.544623,0.1947164,0.6041101,-0.09984031,0.7906219,0.1952325,1.539349,0.2266731,0.6457729,-0.09467215,0.7576374,0.2243088,1.541986,0.2106947,355.8927,28.46321,4.556012,0,0,False
1,Center_Dir_Far,222,17.33999,0.223184,1.542379,0.2103057,0.2382396,1.249674,0.2084276,-0.523955,0.1998395,0.1812745,0.807883,0.3694372,1.10645,0.2708299,-0.04800687,0.3244434,-0.1257178,0.9362835,MathCanvas,2.307162,1.21945,2.795663,0.2243088,1.541986,0.2106947,0.6281214,-0.09851283,0.7718542,0.2522424,1.545072,0.1943041,0.6079798,-0.1006335,0.787549,0.1941256,1.539687,0.2263073,0.6494531,-0.09534807,0.7544,0.223184,1.542379,0.2103057,355.8803,28.50526,4.652959,0,0,False
1,Center_Dir_Far,223,17.35999,0.2208625,1.542692,0.2095818,0.2373917,1.250264,0.208495,-0.5268718,0.2003701,0.1819893,0.8056909,0.3690559,1.10836,0.2710679,-0.05216363,0.3235689,-0.1224172,0.936801,MathCanvas,2.320563,1.213432,2.787627,0.2219851,1.542517,0.2099757,0.6306314,-0.09611461,0.7701078,0.2499033,1.545463,0.1935616,0.610013,-0.09800048,0.7863079,0.1918216,1.53992,0.2256019,0.6513854,-0.09260391,0.7530747,0.2208625,1.542692,0.2095818,355.7493,28.52712,4.789757,0,0,False
1,Center_Dir_Far,224,17.37999,0.219365,1.542673,0.2093332,0.2362958,1.249784,0.208419,-0.5263855,0.2026371,0.1824297,0.8053421,0.3682908,1.108685,0.2713637,-0.05528343,0.3248544,-0.1194566,0.9365594,MathCanvas,2.330565,1.221152,2.785886,0.2208625,1.542692,0.2095818,0.6309205,-0.09530251,0.769972,0.248395,1.545454,0.1932952,0.610484,-0.09550983,0.7862488,0.1903349,1.539892,0.2253713,0.6518345,-0.09012149,0.7529874,0.219365,1.542673,0.2093332,355.6068,28.54998,4.806515,0,0,False
1,Center_Dir_Far,225,17.39999,0.2164362,1.542933,0.208695,0.2347865,1.249795,0.2085517,-0.5260789,0.203415,0.1838115,0.8050321,0.3673895,1.109069,0.2720428,-0.05679536,0.3275896,-0.1187551,0.9356049,MathCanvas,2.333018,1.223399,2.788824,0.2179839,1.542757,0.2089499,0.6351532,-0.09335983,0.7667232,0.2454478,1.545728,0.1926259,0.6148844,-0.09391683,0.7830051,0.1874246,1.540139,0.2247641,0.6560152,-0.08852469,0.7495381,0.2164362,1.542933,0.208695,355.4043,28.59339,4.831845,0,0,False
1,Center_Dir_Far,226,17.41999,0.2148728,1.543049,0.2084544,0.2335156,1.249924,0.2088526,-0.5247711,0.2053677,0.1851936,0.8050731,0.3669304,1.108825,0.2722954,-0.05621552,0.3303043,-0.1208612,0.9344151,MathCanvas,2.348405,1.22956,2.782294,0.2164362,1.542933,0.208695,0.635658,-0.09156391,0.7665213,0.2438613,1.545832,0.1923418,0.6159534,-0.09187313,0.782407,0.1858843,1.540266,0.2245671,0.657037,-0.08650199,0.7488791,0.2148728,1.543049,0.2084544,355.2613,28.66803,4.813126,0,0,False
1,Center_Dir_Far,227,17.43999,0.2132931,1.543126,0.2081546,0.2335156,1.249924,0.2088526,-0.5247711,0.2053677,0.1851936,0.8050731,0.3667316,1.108807,0.2723772,-0.05620036,0.3311782,-0.1214978,0.934024,MathCanvas,2.35193,1.235215,2.785468,0.2148728,1.543049,0.2084544,0.6333172,-0.0940043,0.7681618,0.2422663,1.545911,0.1920146,0.613167,-0.09466951,0.7842601,0.18432,1.540342,0.2242946,0.6544038,-0.08928344,0.7508556,0.2132931,1.543126,0.2081546,355.143,28.71209,4.816129,0,0,False
1,Center_Dir_Far,228,17.45999,0.2097994,1.542942,0.2078711,0.2291062,1.250194,0.2096779,-0.5231575,0.212939,0.1882316,0.8034502,0.3636273,1.109469,0.2729173,-0.05951837,0.3376589,-0.1251153,0.9310157,MathCanvas,2.342125,1.22714,2.790253,0.2116071,1.543089,0.208006,0.6355925,-0.08995395,0.7667663,0.2386947,1.54564,0.1915776,0.6166762,-0.09070013,0.7819744,0.1809041,1.540244,0.2241646,0.6577652,-0.08549227,0.7483556,0.2097994,1.542942,0.2078711,354.8076,28.99437,4.668744,0,0,False
1,Center_Dir_Far,229,17.47999,0.2078102,1.542602,0.207734,0.2271678,1.250142,0.2098589,-0.5248446,0.2134192,0.1894451,0.8019358,0.3620339,1.109699,0.2729632,-0.06107828,0.3390311,-0.1257069,0.9303361,MathCanvas,2.350991,1.239904,2.790962,0.2097994,1.542942,0.2078711,0.6374446,-0.08809649,0.7654433,0.2366602,1.545236,0.1913499,0.6188844,-0.08991345,0.780319,0.1789602,1.539969,0.224118,0.6598795,-0.0848171,0.7465689,0.2078102,1.542602,0.207734,354.7437,29.17404,4.557575,0,0,False
1,Center_Dir_Far,230,17.49999,0.2037587,1.541796,0.2074432,0.2230389,1.25,0.210346,-0.5281013,0.2139354,0.1921968,0.7990001,0.3585666,1.109989,0.2729726,-0.06375093,0.3416812,-0.1261732,0.9291233,MathCanvas,2.358588,1.245359,2.790388,0.205817,1.54223,0.2075608,0.6368434,-0.08688052,0.7660823,0.2325282,1.544312,0.1908998,0.6181369,-0.08959283,0.780948,0.1749893,1.53928,0.2239866,0.6592096,-0.08472814,0.7471706,0.2037587,1.541796,0.2074432,354.7146,29.49849,4.353909,0,0,False
1,Center_Dir_Far,231,17.51999,0.2016625,1.541438,0.2073194,0.2215782,1.250052,0.2105731,-0.5288349,0.2148337,0.1932256,0.7980251,0.3574696,1.110231,0.2730966,-0.06490708,0.3429698,-0.1265004,0.9285238,MathCanvas,2.355,1.248316,2.79525,0.2037587,1.541796,0.2074432,0.6387417,-0.0866101,0.764531,0.2303914,1.543906,0.1906984,0.6199157,-0.08880284,0.7796271,0.1729336,1.538971,0.2239405,0.660912,-0.08401386,0.745746,0.2016625,1.541438,0.2073194,354.6875,29.65539,4.269718,0,0,False
1,Center_Dir_Far,232,17.53999,0.1966397,1.540421,0.207718,0.2148218,1.248887,0.2115981,-0.5268853,0.2207825,0.1943902,0.797408,0.3518627,1.109746,0.2722544,-0.06706161,0.3482541,-0.1260236,0.9264664,MathCanvas,2.361501,1.248575,2.792501,0.1992288,1.540927,0.2074759,0.6427879,-0.09006361,0.7607315,0.2252369,1.542742,0.1908507,0.6252983,-0.09344574,0.7747709,0.1680424,1.5381,0.2245852,0.6660699,-0.08885717,0.7405776,0.1966397,1.540421,0.207718,354.9154,30.17653,4.014987,0,0,False
1,Center_Dir_Far,233,17.55999,0.1941662,1.539931,0.2078181,0.2127685,1.248757,0.2118953,-0.5270711,0.2222769,0.1952383,0.7966624,0.3500333,1.109776,0.2721384,-0.06818834,0.3500115,-0.126197,0.9256979,MathCanvas,2.370885,1.235779,2.78091,0.1966397,1.540421,0.207718,0.6405208,-0.09159322,0.762459,0.2227087,1.542186,0.1908495,0.6223027,-0.09427743,0.7770785,0.1656238,1.537676,0.2247868,0.6632533,-0.08982237,0.7429852,0.1941662,1.539931,0.2078181,354.9224,30.38582,3.901193,0,0,False
1,Center_Dir_Far,234,17.57999,0.1888286,1.538526,0.2082916,0.2062477,1.248018,0.212494,-0.5282007,0.2218061,0.195959,0.7958682,0.3452694,1.109444,0.271704,-0.06961919,0.3530586,-0.125623,0.9245116,MathCanvas,2.360582,1.230138,2.786662,0.1916729,1.539467,0.2079709,0.6454892,-0.09247596,0.7581503,0.2172468,1.540684,0.1911031,0.6279548,-0.09397903,0.7725546,0.1604104,1.536368,0.22548,0.6686559,-0.08968437,0.7381437,0.1888286,1.538526,0.2082916,354.8806,30.83373,3.732671,0,0,False
1,Center_Dir_Far,235,17.59999,0.1858239,1.537389,0.2085692,0.2020356,1.247041,0.2127231,-0.528893,0.2238297,0.1960332,0.794823,0.3420643,1.108885,0.2714517,-0.06991419,0.3545135,-0.1247225,0.9240544,MathCanvas,2.374338,1.225419,2.775251,0.1888286,1.538526,0.2082916,0.6485352,-0.09183189,0.7556249,0.2141791,1.539561,0.1912788,0.6307719,-0.0936297,0.7702988,0.1574687,1.535217,0.2258597,0.671347,-0.0893156,0.7357417,0.1858239,1.537389,0.2085692,354.8637,31.03728,3.756656,0,0,False
1,Center_Dir_Far,236,17.61999,0.1830198,1.536553,0.2089485,0.1984647,1.245963,0.213381,-0.5286028,0.2259904,0.1958834,0.7944414,0.3394869,1.108559,0.2712869,-0.07098568,0.3564098,-0.1248396,0.9232271,MathCanvas,2.38367,1.226177,2.769336,0.1858239,1.537389,0.2085692,0.6407799,-0.09259793,0.76212,0.2113275,1.538737,0.191582,0.6221168,-0.09626779,0.7769834,0.1547121,1.534368,0.226315,0.6631602,-0.0919795,0.7428043,0.1830198,1.536553,0.2089485,354.9561,31.19606,3.778372,0,0,False
1,Center_Dir_Far,237,17.63999,0.17742,1.536112,0.210014,0.1923818,1.244706,0.2142952,-0.5289486,0.2287537,0.196602,0.793242,0.334554,1.108006,0.2709974,-0.07309777,0.3600367,-0.125031,0.9216277,MathCanvas,2.352715,1.223014,2.789504,0.1802251,1.536267,0.2094436,0.6381685,-0.0985675,0.763561,0.2056336,1.538264,0.1924911,0.6193905,-0.1028725,0.7783139,0.1492063,1.533959,0.227537,0.6606027,-0.09863279,0.7442282,0.17742,1.536112,0.210014,355.2091,31.53247,3.720719,0,0,False
1,Center_Dir_Far,238,17.65999,0.1747183,1.541578,0.2110786,0.1881045,1.243226,0.2152159,-0.5267459,0.230869,0.1963317,0.7941613,0.3315485,1.10729,0.2710406,-0.0746972,0.361757,-0.125733,0.9207298,MathCanvas,2.335618,1.20277,2.792272,0.17742,1.536112,0.210014,0.6402248,-0.1007529,0.7615518,0.202939,1.543739,0.1935683,0.6190603,-0.1059434,0.7781647,0.1464975,1.539416,0.2285889,0.6602867,-0.1016664,0.7441005,0.1747183,1.541578,0.2110786,355.3892,31.51787,3.735729,0,0,False
1,Center_Dir_Far,239,17.67999,0.1685021,1.540741,0.2130094,0.180158,1.2443,0.2169645,-0.5089743,0.2410699,0.1919399,0.8037348,0.3247629,1.104207,0.2728804,-0.06780478,0.3697777,-0.1251057,0.9181588,MathCanvas,2.340478,1.20075,2.787266,0.1718005,1.540368,0.2121496,0.6398256,-0.1028849,0.7616022,0.1966365,1.542707,0.1953379,0.6202471,-0.1060286,0.7772075,0.1403677,1.538775,0.230681,0.6614364,-0.1020856,0.7430212,0.1685021,1.540741,0.2130094,355.3404,31.85709,3.39809,0,0,False
1,Center_Dir_Far,240,17.69999,0.1655379,1.540998,0.213864,0.1767479,1.2452,0.2176569,-0.5052872,0.2423572,0.1900776,0.8061131,0.3219927,1.103463,0.2731966,-0.06553058,0.3734723,-0.1259373,0.9167137,MathCanvas,2.332454,1.192774,2.788822,0.1685021,1.540741,0.2130094,0.6345822,-0.1056139,0.7656052,0.193647,1.542915,0.1961469,0.614683,-0.1077537,0.7813796,0.1374288,1.539081,0.2315811,0.656157,-0.103925,0.747434,0.1655379,1.540998,0.213864,355.342,31.9537,3.313845,0,0,False
1,Center_Dir_Far,241,17.71999,0.1595827,1.541245,0.2154858,0.1699525,1.24586,0.2188938,-0.5000989,0.2451352,0.1879766,0.808996,0.3164316,1.102045,0.2736867,-0.05946961,0.3817765,-0.1291649,0.9132505,MathCanvas,2.309109,1.184242,2.800021,0.1626033,1.540964,0.2146386,0.6367555,-0.1057791,0.7637756,0.1876324,1.543056,0.1976636,0.6172215,-0.1082206,0.7793111,0.131533,1.539434,0.233308,0.6585824,-0.1045613,0.7452089,0.1595827,1.541245,0.2154858,355.3491,32.17706,3.129746,0,0,False
1,Center_Dir_Far,242,17.73999,0.1571158,1.540202,0.2154865,0.1648899,1.248999,0.2169457,-0.518742,0.2297537,0.191508,0.8009024,0.3113812,1.104391,0.2708174,-0.0502987,0.3873798,-0.1520908,0.9078962,MathCanvas,2.311807,1.183713,2.797036,0.1595827,1.541245,0.2154858,0.6381307,-0.1063911,0.7625419,0.1851446,1.542203,0.1976518,0.6182035,-0.1113812,0.7780865,0.1290869,1.538202,0.2333211,0.6595238,-0.1073939,0.7439723,0.1571158,1.540202,0.2154865,355.5679,32.20108,3.456111,0,0,False
1,Center_Dir_Far,243,17.75999,0.1543142,1.539837,0.215949,0.1609566,1.249205,0.2166804,-0.5214024,0.2288551,0.1917186,0.7993803,0.30605,1.105447,0.2692744,-0.05350557,0.3813688,-0.1554699,0.9096835,MathCanvas,2.313651,1.180658,2.792464,0.1571158,1.540202,0.2154865,0.6292874,-0.1059512,0.7699168,0.1823297,1.541834,0.198093,0.6087186,-0.1099668,0.7857283,0.1262987,1.537839,0.2338051,0.6505105,-0.1060551,0.7520561,0.1543142,1.539837,0.215949,355.6869,32.25217,3.450718,0,0,False
1,Center_Dir_Far,244,17.77999,0.1486029,1.539116,0.2168959,0.1535481,1.249848,0.2169209,-0.5228932,0.2283829,0.1912102,0.798663,0.29822,1.105778,0.2679842,-0.052526,0.3813176,-0.16113,0.9087766,MathCanvas,2.279489,1.182027,2.816045,0.1514555,1.539535,0.2164659,0.631006,-0.1093613,0.7680309,0.1765735,1.541099,0.1989681,0.610736,-0.1127133,0.7837711,0.1206322,1.537133,0.2348237,0.6524395,-0.1088203,0.7499872,0.1486029,1.539116,0.2168959,355.8513,32.40977,3.424823,0,0,False
1,Center_Dir_Far,245,17.79999,0.1460096,1.53769,0.2170492,0.1502473,1.247971,0.2169789,-0.5191802,0.2338153,0.187824,0.8003152,0.2919733,1.10577,0.2667694,-0.06051096,0.3711718,-0.1487065,0.9145799,MathCanvas,2.278986,1.169894,2.809898,0.1486029,1.539116,0.2168959,0.5831123,-0.1037213,0.8057431,0.1740017,1.539634,0.1991505,0.559925,-0.1069065,0.8216172,0.1180176,1.535746,0.2349478,0.6038942,-0.1034594,0.7903215,0.1460096,1.53769,0.2170492,355.9316,32.35706,3.35746,0,0,False
1,Center_Dir_Far,246,17.81999,0.1410577,1.536417,0.2174286,0.1436797,1.24381,0.2172372,-0.5192226,0.2359099,0.1844569,0.8004562,0.2848711,1.100906,0.2663362,-0.06262443,0.3751017,-0.1375351,0.9145825,MathCanvas,2.112243,1.187946,2.933985,0.1435783,1.537044,0.2172131,0.5782543,-0.1067126,0.8088475,0.1690813,1.538208,0.1995633,0.5557926,-0.1098,0.824038,0.1130341,1.534627,0.2352939,0.59992,-0.1066173,0.7929242,0.1410577,1.536417,0.2174286,356.0991,32.30734,3.09078,0,0,False
1,Center_Dir_Far,247,17.83999,0.1385954,1.535565,0.2175034,0.1405195,1.241055,0.2169775,-0.5208521,0.238033,0.1836555,0.7989519,0.2820853,1.097964,0.2665935,-0.05838848,0.3794364,-0.1406792,0.9125943,MathCanvas,2.09013,1.17673,2.943742,0.1410577,1.536417,0.2174286,0.5780981,-0.108237,0.8087567,0.166609,1.537244,0.1996116,0.5561922,-0.1104566,0.8236805,0.1105818,1.533886,0.2353951,0.6003015,-0.1074488,0.792523,0.1385954,1.535565,0.2175034,356.1296,32.36984,2.898182,0,0,False
1,Center_Dir_Far,248,17.85999,0.1337652,1.534062,0.2174397,0.1345862,1.238013,0.2165767,-0.5196875,0.2425493,0.1823301,0.7986555,0.2755908,1.092668,0.2668249,-0.05058631,0.3842607,-0.1473174,0.9099903,MathCanvas,2.086182,1.170919,2.942169,0.1360766,1.534765,0.2176559,0.5785663,-0.1102496,0.8081498,0.1617528,1.535575,0.1994926,0.5571822,-0.1125706,0.8227247,0.1057776,1.532549,0.2353867,0.6012467,-0.1098267,0.79148,0.1337652,1.534062,0.2174397,356.2434,32.49875,2.611616,0,0,False
1,Center_Dir_Far,249,17.87999,0.1314851,1.533413,0.2172459,0.1318432,1.237119,0.2164422,-0.5180886,0.243353,0.1820062,0.7995231,0.2718515,1.090504,0.2665797,-0.04825575,0.3851151,-0.1493768,0.9094198,MathCanvas,2.082832,1.162655,2.939924,0.1337652,1.534062,0.2174397,0.5795448,-0.1087574,0.8076507,0.1594557,1.534887,0.1992691,0.5580183,-0.1111644,0.8223491,0.1035145,1.531939,0.2352228,0.6020509,-0.1084854,0.7910535,0.1314851,1.533413,0.2172459,356.3013,32.56484,2.544016,0,0,False
1,Center_Dir_Far,250,17.89999,0.126885,1.531936,0.2168528,0.1260127,1.235311,0.216213,-0.516009,0.2445317,0.1813244,0.8006625,0.2642576,1.086778,0.2657014,-0.04461634,0.3865477,-0.1528221,0.9084249,MathCanvas,2.084367,1.166935,2.938772,0.1291878,1.532671,0.2170375,0.5827211,-0.09730481,0.8068258,0.15482,1.53334,0.1988152,0.5611363,-0.09967388,0.8217002,0.09894991,1.530532,0.2348905,0.605053,-0.09713104,0.7902383,0.126885,1.531936,0.2168528,356.4126,32.69859,2.422782,0,0,False
1,Center_Dir_Far,251,17.91999,0.1249003,1.531303,0.2161767,0.1242704,1.235654,0.2152676,-0.51246,0.2421111,0.1837616,0.8031181,0.2599754,1.085278,0.2641777,-0.0426527,0.3848815,-0.1559913,0.9086879,MathCanvas,2.097075,1.202947,2.944744,0.126885,1.531936,0.2168528,0.5833071,-0.09840254,0.806269,0.152804,1.532732,0.1980926,0.5625321,-0.1022726,0.8204255,0.09699655,1.529873,0.2342609,0.6063942,-0.09968202,0.7888914,0.1249003,1.531303,0.2161767,356.5635,32.79894,2.465889,0,0,False
1,Center_Dir_Far,252,17.93999,0.1228748,1.530788,0.215349,0.12252,1.235673,0.2141365,-0.5100588,0.2427854,0.1851945,0.8041134,0.2561672,1.08423,0.2626997,-0.04056275,0.3824019,-0.1587987,0.909344,MathCanvas,2.096388,1.198717,2.94124,0.1249003,1.531303,0.2161767,0.5846763,-0.1009774,0.8049579,0.1507512,1.532257,0.197226,0.563756,-0.1046568,0.8192839,0.09499837,1.529318,0.2334719,0.6075705,-0.1019947,0.7876897,0.1228748,1.530788,0.215349,356.7029,32.88268,2.534822,0,0,False
1,Center_Dir_Far,253,17.95999,0.1189124,1.529698,0.2136917,0.1186603,1.234956,0.2124448,-0.5065147,0.2466542,0.1851532,0.805185,0.249137,1.082233,0.2603362,-0.03722334,0.3782077,-0.1619275,0.9106881,MathCanvas,2.09812,1.18965,2.934785,0.1209282,1.530276,0.2144569,0.5969622,-0.1024691,0.7956985,0.1467442,1.531187,0.1955018,0.5760077,-0.1054201,0.8106182,0.09108056,1.52821,0.2318815,0.619315,-0.1026549,0.7784029,0.1189124,1.529698,0.2136917,356.8722,33.02695,2.567265,0,0,False
1,Center_Dir_Far,254,17.97999,0.1168957,1.529153,0.2128626,0.1162207,1.234375,0.2119534,-0.5050928,0.2476013,0.1852541,0.8057641,0.245706,1.081218,0.259259,-0.03594849,0.3766375,-0.1629382,0.9112096,MathCanvas,2.136491,1.183379,2.902947,0.1189124,1.529698,0.2136917,0.5978789,-0.1040376,0.7948062,0.1447043,1.530643,0.1946375,0.5770098,-0.1069,0.8097111,0.08908711,1.527662,0.2310877,0.6202761,-0.1041264,0.7774414,0.1168957,1.529153,0.2128626,356.9577,33.10334,2.57081,0,0,False
1,Center_Dir_Far,255,17.99999,0.1136707,1.529326,0.2103368,0.1141321,1.234648,0.2092208,-0.5146369,0.2509708,0.1859832,0.7984816,0.2438733,1.083176,0.2558827,-0.04279301,0.3752095,-0.1534295,0.9131517,MathCanvas,2.13663,1.177696,2.897851,0.1152377,1.529492,0.2116146,0.5996663,-0.1004605,0.7939194,0.1414375,1.530714,0.19204,0.5786997,-0.1007361,0.8092954,0.08590385,1.527938,0.2286336,0.6219,-0.09814078,0.7769226,0.1136707,1.529326,0.2103368,356.7626,33.24734,2.393819,0,0,False
1,Center_Dir_Far,256,18.01999,0.1120848,1.529199,0.2090808,0.1121752,1.234531,0.2082689,-0.5169576,0.251568,0.1871762,0.7965134,0.2432297,1.083469,0.2548726,-0.04393149,0.3769179,-0.1525076,0.9125482,MathCanvas,2.143058,1.189348,2.897115,0.1136707,1.529326,0.2103368,0.6006523,-0.09996165,0.7932367,0.1398406,1.530583,0.190767,0.5793324,-0.1007497,0.8088408,0.08432898,1.527815,0.2273946,0.6225072,-0.09816612,0.7764331,0.1120848,1.529199,0.2090808,356.7331,33.28141,2.387896,0,0,False
1,Center_Dir_Far,257,18.03999,0.1088734,1.529124,0.2064172,0.1086628,1.234592,0.2062048,-0.5197895,0.2529289,0.1898116,0.7936103,0.2426804,1.084122,0.253384,-0.04545602,0.3811083,-0.1522756,0.9107702,MathCanvas,2.144935,1.190888,2.893715,0.1104217,1.529022,0.2078592,0.6010067,-0.09895296,0.7930948,0.1365816,1.530423,0.1880255,0.5803998,-0.1004438,0.8081134,0.08116508,1.527824,0.224809,0.6235316,-0.09800816,0.7756306,0.1088734,1.529124,0.2064172,356.7363,33.44707,2.241915,0,0,False
1,Center_Dir_Far,258,18.05999,0.1074968,1.529264,0.2049155,0.1075898,1.234926,0.2050293,-0.5188955,0.2539199,0.1903485,0.7937503,0.2421082,1.084649,0.2524081,-0.04661953,0.383606,-0.1521498,0.9096832,MathCanvas,2.145184,1.193854,2.893554,0.1088734,1.529124,0.2064172,0.6006008,-0.09643739,0.7937119,0.1351877,1.530533,0.1864954,0.5795159,-0.09753691,0.8091031,0.07980596,1.527996,0.2233357,0.6226895,-0.09517252,0.7766595,0.1074968,1.529264,0.2049155,356.7281,33.50719,2.187616,0,0,False
1,Center_Dir_Far,259,18.07999,0.106176,1.529317,0.2034237,0.1068662,1.235362,0.2039061,-0.5170998,0.2547108,0.1898075,0.7947977,0.2419549,1.085419,0.2517025,-0.04814694,0.3855688,-0.1522078,0.9087636,MathCanvas,2.14359,1.202332,2.895673,0.1074968,1.529264,0.2049155,0.6013221,-0.09635475,0.7931756,0.1338479,1.53057,0.1849739,0.5803345,-0.09741491,0.8085309,0.07850413,1.528065,0.2218735,0.6234748,-0.09507744,0.7760409,0.106176,1.529317,0.2034237,356.72,33.56908,2.159402,0,0,False
1,Center_Dir_Far,260,18.09999,0.1035354,1.529493,0.200445,0.1057684,1.235648,0.2028584,-0.516719,0.2551035,0.1897142,0.7949417,0.2405895,1.086394,0.2501118,-0.05059898,0.3880375,-0.152313,0.9075612,MathCanvas,2.145229,1.202583,2.893043,0.1048669,1.529402,0.20195,0.6047359,-0.09587246,0.7906345,0.1311589,1.530706,0.1819203,0.5839333,-0.0969012,0.8059976,0.07591176,1.528281,0.2189696,0.6269228,-0.09462015,0.7733141,0.1035354,1.529493,0.200445,356.6922,33.72547,2.091033,0,0,False
1,Center_Dir_Far,261,18.11999,0.102274,1.529631,0.1989599,0.1057896,1.235803,0.2026761,-0.516679,0.2548817,0.1895505,0.7950779,0.2404747,1.086722,0.2498388,-0.05127088,0.3884414,-0.1524264,0.9073317,MathCanvas,2.156144,1.204081,2.884035,0.1035354,1.529493,0.200445,0.6056489,-0.09576074,0.7899489,0.1298749,1.530821,0.1804,0.5849,-0.09663942,0.8053278,0.07467306,1.52844,0.2175197,0.6278496,-0.09439547,0.7725894,0.102274,1.529631,0.1989599,356.6756,33.79917,2.052557,0,0,False
1,Center_Dir_Far,262,18.13999,0.1008299,1.53018,0.1959554,0.1027179,1.237691,0.1983672,-0.521369,0.2537764,0.1907356,0.7920807,0.2403526,1.090893,0.2477127,-0.05933095,0.3881808,-0.153125,0.9068342,MathCanvas,2.157718,1.204639,2.879879,0.1017531,1.530057,0.1974569,0.605931,-0.09158702,0.7902274,0.1284046,1.531464,0.1773628,0.5846868,-0.0912402,0.8061121,0.07325526,1.528896,0.214548,0.6276574,-0.08887079,0.7734005,0.1008299,1.53018,0.1959554,356.37,33.84999,2.215364,0,0,False
1,Center_Dir_Far,263,18.15999,0.09999958,1.530269,0.1943945,0.1021248,1.238068,0.197247,-0.5231053,0.2536372,0.1907008,0.7909881,0.240083,1.091996,0.2468973,-0.06188113,0.3884994,-0.1527062,0.9065979,MathCanvas,2.160727,1.218825,2.882378,0.1008299,1.53018,0.1959554,0.603882,-0.08806906,0.7921934,0.1275664,1.531564,0.175791,0.5824963,-0.08779282,0.8080783,0.07243276,1.528975,0.212998,0.6255656,-0.08543184,0.7754799,0.09999958,1.530269,0.1943945,356.2871,33.86879,2.233525,0,0,False
1,Center_Dir_Far,264,18.17999,0.09825657,1.530575,0.1913152,0.1016825,1.238276,0.1965751,-0.5239714,0.253597,0.1906557,0.7904385,0.2392239,1.093864,0.2452458,-0.06616981,0.3894826,-0.1523095,0.9059396,MathCanvas,2.154175,1.230692,2.889134,0.0991174,1.530416,0.1928457,0.6048994,-0.08534031,0.7917157,0.1257962,1.531887,0.1726728,0.5837311,-0.08520385,0.8074641,0.07071692,1.529263,0.2099577,0.6267529,-0.08282186,0.7748041,0.09825657,1.530575,0.1913152,356.1392,33.94277,2.264349,0,0,False
1,Center_Dir_Far,265,18.19999,0.09811828,1.530408,0.1896941,0.1011803,1.238981,0.1936746,-0.5299051,0.2510707,0.1907974,0.7872487,0.2405112,1.095063,0.2445727,-0.06837782,0.3879067,-0.151732,0.9065486,MathCanvas,2.158709,1.239882,2.888115,0.09825657,1.530575,0.1913152,0.6046149,-0.0839212,0.7920848,0.1256874,1.531723,0.1710955,0.5816008,-0.08435448,0.8090889,0.07054916,1.529092,0.2082927,0.624709,-0.08197799,0.7765425,0.09811828,1.530408,0.1896941,356.096,33.84966,2.270411,0,0,False
1,Center_Dir_Far,266,18.21999,0.09740917,1.530754,0.1866992,0.1007455,1.239457,0.1912939,-0.5332808,0.2492023,0.1920126,0.785265,0.2407877,1.096404,0.243039,-0.07129607,0.3863433,-0.1506936,0.9071643,MathCanvas,2.157392,1.244579,2.887477,0.09774566,1.530537,0.1882121,0.6023185,-0.08155645,0.7940787,0.1249942,1.532088,0.1681254,0.5802755,-0.08145862,0.8103362,0.06982417,1.529421,0.205273,0.6234431,-0.07906158,0.7778611,0.09740917,1.530754,0.1866992,355.9716,33.79178,2.301343,0,0,False
1,Center_Dir_Far,267,18.23999,0.09699564,1.530858,0.185194,0.1002298,1.23975,0.1901576,-0.5348862,0.2486447,0.1923318,0.7842711,0.2406747,1.097251,0.2422464,-0.07313517,0.3862407,-0.1504255,0.9071062,MathCanvas,2.150925,1.2527,2.893993,0.09740917,1.530754,0.1866992,0.6020786,-0.08026014,0.7943926,0.1245826,1.5322,0.1666238,0.580208,-0.08034382,0.8104959,0.06940866,1.529516,0.2037642,0.623379,-0.07793562,0.7780262,0.09699564,1.530858,0.185194,355.908,33.78112,2.31675,0,0,False
1,Center_Dir_Far,268,18.25999,0.09695173,1.531277,0.1837723,0.1008089,1.239732,0.1888458,-0.5348791,0.2474106,0.1929315,0.7845188,0.2412602,1.09742,0.2414909,-0.07388846,0.3844317,-0.1487148,0.9080951,MathCanvas,2.149507,1.257247,2.893312,0.09699564,1.530858,0.185194,0.6020131,-0.0791398,0.7945547,0.1245633,1.532642,0.1652403,0.579165,-0.07857594,0.8114146,0.06934017,1.529913,0.2023042,0.6223789,-0.07613575,0.7790045,0.09695173,1.531277,0.1837723,355.8076,33.69587,2.356439,0,0,False
1,Center_Dir_Far,269,18.27999,0.09712454,1.531399,0.1809041,0.1026279,1.239512,0.1871307,-0.5323985,0.2471695,0.1927945,0.7863138,0.2430731,1.09704,0.2398435,-0.07269562,0.3841939,-0.1471113,0.9085531,MathCanvas,2.149731,1.261422,2.893091,0.09700698,1.531209,0.1823181,0.5965756,-0.07691391,0.7988629,0.1247841,1.532809,0.1624472,0.5737534,-0.07706266,0.8153946,0.06946497,1.529988,0.1993609,0.6171918,-0.07456932,0.7832712,0.09712454,1.531399,0.1809041,355.6704,33.5306,2.435716,0,0,False
1,Center_Dir_Far,270,18.29999,0.09726181,1.53164,0.1795238,0.103032,1.239591,0.1863143,-0.5323192,0.2465315,0.1928824,0.7865461,0.2434053,1.09691,0.2395518,-0.07214215,0.384554,-0.1476794,0.9083527,MathCanvas,2.132974,1.268925,2.907072,0.09712454,1.531399,0.1809041,0.5955827,-0.08320806,0.7989729,0.12494,1.533064,0.1610959,0.5728449,-0.08335621,0.8154143,0.06958366,1.530215,0.1979517,0.616317,-0.08082386,0.7833396,0.09726181,1.53164,0.1795238,355.6074,33.46684,2.459803,0,0,False
1,Center_Dir_Far,271,18.31999,0.09802797,1.532221,0.1767559,0.1036352,1.23971,0.1850856,-0.5323125,0.2456869,0.1932035,0.7867362,0.2439725,1.096814,0.2388101,-0.07146376,0.3844739,-0.1485568,0.9082971,MathCanvas,2.125028,1.248343,2.899768,0.0974135,1.531873,0.1780931,0.5942007,-0.08072641,0.8002555,0.1257359,1.53372,0.1583787,0.5716095,-0.08021504,0.8165956,0.07032007,1.530723,0.1951332,0.6151322,-0.07757071,0.7845987,0.09802797,1.532221,0.1767559,355.4319,33.34801,2.588377,0,0,False
1,Center_Dir_Far,272,18.33999,0.09857845,1.532237,0.1753129,0.105638,1.239985,0.1818847,-0.5327488,0.2436794,0.1937187,0.7869385,0.2456586,1.097219,0.2353682,-0.07127231,0.38161,-0.1473143,0.9097212,MathCanvas,2.122732,1.257151,2.903579,0.09802797,1.532221,0.1767559,0.593587,-0.07889295,0.8008935,0.1262938,1.533772,0.15695,0.5712997,-0.07827906,0.8170002,0.07086305,1.530703,0.1936759,0.6148354,-0.07558119,0.7850255,0.09857845,1.532237,0.1753129,355.3224,33.31031,2.65115,0,0,False
1,Center_Dir_Far,273,18.35999,0.0995927,1.532385,0.1725015,0.1065375,1.240103,0.1807586,-0.5330491,0.2425765,0.1936405,0.7870951,0.2463436,1.097322,0.2339397,-0.07113204,0.3803242,-0.1463697,0.9104227,MathCanvas,2.120897,1.263453,2.903913,0.099094,1.532287,0.1739082,0.5929627,-0.08102152,0.8011433,0.127331,1.533981,0.1541784,0.5704497,-0.08099917,0.8173288,0.07185443,1.53079,0.1908247,0.6140184,-0.07819416,0.7854089,0.0995927,1.532385,0.1725015,355.1765,33.21568,2.757232,0,0,False
1,Center_Dir_Far,274,18.37999,0.1003473,1.532335,0.1712033,0.1092638,1.240483,0.177802,-0.5345681,0.2384412,0.1934385,0.7873782,0.2480096,1.097316,0.2309503,-0.07053409,0.3780823,-0.1447111,0.9116674,MathCanvas,2.118713,1.256496,2.900506,0.0995927,1.532385,0.1725015,0.5924496,-0.07959675,0.8016657,0.1280905,1.53397,0.152891,0.5702364,-0.08201544,0.8173763,0.07260416,1.5307,0.1895155,0.6138133,-0.07914305,0.7854741,0.1003473,1.532335,0.1712033,355.237,33.19257,2.825905,0,0,False
1,Center_Dir_Far,275,18.39999,0.1016352,1.536543,0.1703288,0.1108895,1.240702,0.1763176,-0.5350307,0.2360132,0.1937146,0.7877275,0.2494859,1.097169,0.2289511,-0.06997613,0.3767683,-0.1442485,0.9123275,MathCanvas,2.11711,1.261379,2.90016,0.1003473,1.532335,0.1712033,0.5933875,-0.08344349,0.8005801,0.1294193,1.538186,0.1520794,0.5695314,-0.0910118,0.8169154,0.07385115,1.534901,0.1885782,0.6131306,-0.08809667,0.785054,0.1016352,1.536543,0.1703288,355.5899,33.07974,2.837361,0,0,False
1,Center_Dir_Far,276,18.41999,0.1038515,1.538095,0.1678909,0.1135444,1.242687,0.1734612,-0.5254065,0.2391866,0.1949964,0.792915,0.2525225,1.09671,0.2264172,-0.06555486,0.375813,-0.140383,0.9136519,MathCanvas,2.119391,1.252802,2.892623,0.1024169,1.537669,0.1688854,0.5917393,-0.08831902,0.8012767,0.1316545,1.539977,0.1496935,0.5687571,-0.09131824,0.8174206,0.07604848,1.536212,0.1860883,0.6123889,-0.0880052,0.785643,0.1038515,1.538095,0.1678909,355.5855,32.95465,3.251797,0,0,False
1,Center_Dir_Far,277,18.43999,0.1049676,1.539242,0.1667673,0.1146384,1.243138,0.1721676,-0.5240968,0.2387753,0.1952548,0.7938416,0.2535308,1.096686,0.2251312,-0.06470737,0.37506,-0.1393801,0.9141752,MathCanvas,2.113214,1.238191,2.888778,0.1038515,1.538095,0.1678909,0.5990018,-0.09545264,0.7950382,0.1327846,1.541192,0.1485985,0.576535,-0.09776246,0.8112028,0.07715052,1.537293,0.1849361,0.619837,-0.09427733,0.7790468,0.1049676,1.539242,0.1667673,355.6264,32.89365,3.367697,0,0,False
1,Center_Dir_Far,278,18.45999,0.1066947,1.540235,0.1646844,0.1178047,1.248499,0.1677166,-0.5234198,0.2397188,0.199484,0.7929519,0.2585334,1.099353,0.2215137,-0.04946923,0.38761,-0.1427776,0.9093547,MathCanvas,2.133781,1.215945,2.859555,0.105557,1.54019,0.1657374,0.5983608,-0.09733007,0.7952932,0.1345062,1.542074,0.1464956,0.5767385,-0.09681748,0.8111714,0.07888324,1.538395,0.1828731,0.6200317,-0.09351348,0.7789839,0.1066947,1.540235,0.1646844,355.4284,32.93108,3.179118,0,0,False
1,Center_Dir_Far,279,18.47999,0.107636,1.54061,0.163725,0.1190647,1.250374,0.1653504,-0.5289575,0.2376274,0.2015604,0.7893736,0.2599052,1.101354,0.2191111,-0.04790256,0.3877164,-0.1494083,0.9083273,MathCanvas,2.13211,1.210778,2.856704,0.1066947,1.540235,0.1646844,0.5986023,-0.09516561,0.7953733,0.1354529,1.542412,0.1455407,0.5764824,-0.0969752,0.8113346,0.07981908,1.538808,0.1819093,0.6197848,-0.09373216,0.779154,0.107636,1.54061,0.163725,355.4347,32.92516,3.113561,0,0,False
1,Center_Dir_Far,280,18.49999,0.1095285,1.541291,0.1616868,0.1213621,1.253154,0.1613141,-0.5344285,0.2347416,0.2037603,0.7859799,0.2619867,1.104524,0.2147904,-0.0470531,0.3848158,-0.1564394,0.9084215,MathCanvas,2.133567,1.218528,2.855614,0.1085508,1.540932,0.162701,0.6000668,-0.09762964,0.7939699,0.1373561,1.543041,0.1435138,0.5779692,-0.09953659,0.8099655,0.08170085,1.539542,0.1798598,0.6212046,-0.09635764,0.7777017,0.1095285,1.541291,0.1616868,355.5487,32.912,3.022055,0,0,False
1,Center_Dir_Far,281,18.51999,0.1105135,1.54158,0.1606531,0.1225816,1.254479,0.1594658,-0.535601,0.2338823,0.2048661,0.7851501,0.2633188,1.105567,0.2129556,-0.04511806,0.3851871,-0.1585595,0.9079946,MathCanvas,2.138787,1.211135,2.846672,0.1095285,1.541291,0.1616868,0.5998048,-0.09794722,0.7941288,0.1383495,1.543313,0.1424913,0.5775787,-0.1003851,0.8101394,0.08267755,1.539848,0.178815,0.6208288,-0.09723032,0.7778932,0.1105135,1.54158,0.1606531,355.5963,32.89278,2.993074,0,0,False
1,Center_Dir_Far,282,18.53999,0.1113256,1.541263,0.1596841,0.1223492,1.253453,0.1584652,-0.5338911,0.2344716,0.2017083,0.7869543,0.2613129,1.107197,0.2105789,-0.0587323,0.3714703,-0.1415615,0.9157078,MathCanvas,2.137472,1.210581,2.844304,0.1105135,1.54158,0.1606531,0.5964962,-0.1017188,0.7961442,0.1391968,1.543071,0.1415839,0.5729883,-0.1082258,0.8123864,0.08345431,1.539454,0.1777843,0.6164271,-0.1049419,0.7803876,0.1113256,1.541263,0.1596841,355.8864,32.77632,3.123126,0,0,False
1,Center_Dir_Far,283,18.55999,0.1131536,1.541302,0.1577612,0.1229117,1.251469,0.1571711,-0.5321481,0.2336826,0.2002608,0.7887372,0.2633503,1.106244,0.2083508,-0.06078616,0.3691111,-0.1282139,0.9184897,MathCanvas,2.124537,1.197956,2.84672,0.1122241,1.541293,0.1587093,0.5943722,-0.1090857,0.7967572,0.1410688,1.543276,0.1397463,0.5714707,-0.1105925,0.8131362,0.08523834,1.539328,0.1757761,0.6149704,-0.1070243,0.7812535,0.1131536,1.541302,0.1577612,355.8939,32.59147,3.409424,0,0,False
1,Center_Dir_Far,284,18.57999,0.1140669,1.541294,0.1567904,0.1229117,1.251469,0.1571711,-0.5321481,0.2336826,0.2002608,0.7887372,0.2642441,1.106797,0.2067213,-0.0614861,0.3674889,-0.1251388,0.9195171,MathCanvas,2.115116,1.17388,2.841395,0.1131536,1.541302,0.1577612,0.5934592,-0.1088737,0.7974665,0.1419997,1.543315,0.1388078,0.5707207,-0.1112849,0.8135685,0.08613419,1.539273,0.1747729,0.6142502,-0.1076428,0.7817351,0.1140669,1.541294,0.1567904,355.9338,32.5248,3.490475,0,0,False
1,Center_Dir_Far,285,18.59999,0.1160014,1.540881,0.154915,0.1253922,1.248396,0.1535165,-0.530888,0.22996,0.1972268,0.7914405,0.269092,1.103116,0.2064235,-0.05417306,0.3736282,-0.1285006,0.9170359,MathCanvas,2.111925,1.174775,2.841432,0.1149858,1.541311,0.1558132,0.5915284,-0.1095389,0.7988088,0.1439641,1.543116,0.1370045,0.5689541,-0.1132826,0.8145295,0.08803874,1.538645,0.1728255,0.612557,-0.1091622,0.7828522,0.1160014,1.540881,0.154915,356.0893,32.37641,3.861085,0,0,False
1,Center_Dir_Far,286,18.61999,0.1169434,1.540845,0.1539668,0.1270117,1.247009,0.1517732,-0.5281295,0.2289645,0.1951134,0.794094,0.2708371,1.102292,0.2055735,-0.0521383,0.3759498,-0.1310767,0.9158397,MathCanvas,2.106559,1.17227,2.842994,0.1160014,1.540881,0.154915,0.5909283,-0.1119609,0.7989171,0.1449306,1.543139,0.1361023,0.5677984,-0.1155583,0.8150162,0.08895608,1.53855,0.1718314,0.6114454,-0.1114659,0.7833964,0.1169434,1.540845,0.1539668,356.1863,32.28658,3.961845,0,0,False
1,Center_Dir_Far,287,18.63999,0.1186888,1.540676,0.1520637,0.1279157,1.246528,0.1504568,-0.5275905,0.2280917,0.1944111,0.7948754,0.2720654,1.102015,0.2046521,-0.05131683,0.3762738,-0.1305261,0.9158317,MathCanvas,2.103254,1.164506,2.839399,0.1178102,1.540741,0.1530155,0.589549,-0.1090604,0.8003361,0.1467158,1.543103,0.1342789,0.5665325,-0.1123961,0.8163382,0.09066182,1.53825,0.1698484,0.6102283,-0.1080926,0.7848167,0.1186888,1.540676,0.1520637,356.3363,32.12933,4.188962,0,0,False
1,Center_Dir_Far,288,18.65999,0.1194464,1.541094,0.1515984,0.1306953,1.246558,0.147871,-0.5200575,0.2243837,0.1940145,0.8009685,0.2733782,1.100708,0.2018099,-0.04632259,0.3789095,-0.1374107,0.9140023,MathCanvas,2.101503,1.173877,2.843813,0.1186888,1.540676,0.1520637,0.588593,-0.1102446,0.8008773,0.1475394,1.543525,0.1339189,0.5634878,-0.1099766,0.8187714,0.09135343,1.538663,0.169278,0.6073008,-0.1056726,0.7874129,0.1194464,1.541094,0.1515984,356.1971,31.9042,4.198517,0,0,False
1,Center_Dir_Far,289,18.67999,0.1209421,1.540708,0.1501216,0.1330198,1.247097,0.1450862,-0.5176244,0.2238577,0.1943248,0.8026149,0.2731789,1.100276,0.1984734,-0.04375568,0.3743924,-0.1416579,0.9153408,MathCanvas,2.097539,1.170593,2.843118,0.1201589,1.540932,0.1508693,0.585623,-0.1046786,0.8037961,0.1491135,1.543168,0.1325713,0.5616267,-0.1062501,0.8205403,0.09277073,1.538248,0.167672,0.6055042,-0.101908,0.7892904,0.1209421,1.540708,0.1501216,356.0965,31.63258,4.248636,0,0,False
1,Center_Dir_Far,290,18.69999,0.1217054,1.540599,0.1493857,0.1341145,1.247001,0.1437667,-0.5162043,0.2229762,0.1940418,0.8038424,0.2739054,1.099933,0.1971244,-0.0423753,0.3740136,-0.1428167,0.9153806,MathCanvas,2.091468,1.188481,2.854765,0.1209421,1.540708,0.1501216,0.5840364,-0.09788048,0.8058045,0.149911,1.543093,0.131895,0.5602735,-0.09977882,0.822276,0.09349982,1.538106,0.1668764,0.6041996,-0.09539387,0.7911023,0.1217054,1.540599,0.1493857,356.0838,31.50896,4.306146,0,0,False
1,Center_Dir_Far,291,18.71999,0.1223758,1.539415,0.1487442,0.135215,1.246986,0.1424114,-0.5170525,0.2228903,0.193777,0.8033848,0.272256,1.09959,0.1950485,-0.04254747,0.3672538,-0.1405218,0.9184596,MathCanvas,2.089522,1.210807,2.864413,0.1217054,1.540599,0.1493857,0.5824324,-0.09734245,0.8070297,0.1506135,1.54192,0.1313069,0.5587215,-0.09743762,0.8236117,0.09413814,1.536911,0.1661815,0.6027055,-0.09304429,0.7925206,0.1223758,1.539415,0.1487442,355.964,31.39104,4.325892,0,0,False
1,Center_Dir_Far,292,18.73999,0.1235069,1.53756,0.1473196,0.1367524,1.245196,0.1399971,-0.5228809,0.2168261,0.1939439,0.801229,0.2708289,1.097302,0.1915493,-0.04120449,0.3589806,-0.1323249,0.922998,MathCanvas,2.08452,1.21148,2.867528,0.1229538,1.538304,0.1480521,0.5829445,-0.09477058,0.8069661,0.151781,1.5402,0.1299615,0.5596433,-0.09743451,0.822986,0.09523294,1.53492,0.1646778,0.6035804,-0.09280198,0.7918829,0.1235069,1.53756,0.1473196,355.9767,31.22616,4.561113,0,0,False
1,Center_Dir_Far,293,18.75999,0.1239113,1.536722,0.1466368,0.1374891,1.244236,0.1387562,-0.5246094,0.2142049,0.1944376,0.8006842,0.2708466,1.096456,0.189981,-0.04009632,0.3567286,-0.1309669,0.924113,MathCanvas,2.088139,1.218165,2.866946,0.1235069,1.53756,0.1473196,0.5852953,-0.09216712,0.8055648,0.1522073,1.539445,0.1293272,0.5620933,-0.09512452,0.8215853,0.09561527,1.534,0.1639463,0.6059208,-0.09033164,0.7903798,0.1239113,1.536722,0.1466368,356.021,31.12827,4.703455,0,0,False
1,Center_Dir_Far,294,18.77999,0.1248516,1.535013,0.14525,0.1391187,1.242941,0.1363372,-0.5262559,0.2105957,0.1948458,0.800462,0.2709202,1.094804,0.1868591,-0.03798855,0.3524081,-0.1284013,0.9262173,MathCanvas,2.096992,1.226019,2.862265,0.1243748,1.535874,0.1459421,0.5830538,-0.09283097,0.8071126,0.1531955,1.537864,0.12804,0.5596972,-0.0953212,0.8231967,0.09650769,1.532161,0.1624601,0.6036116,-0.0903311,0.7921447,0.1248516,1.535013,0.14525,356.0527,30.9256,4.926755,0,0,False
1,Center_Dir_Far,295,18.79999,0.1245403,1.534086,0.1444574,0.1392035,1.239511,0.1353959,-0.5233768,0.2146418,0.1966599,0.8008311,0.2723488,1.091044,0.1860941,-0.03595153,0.3545141,-0.1254687,0.9258968,MathCanvas,2.089731,1.222174,2.865203,0.1248516,1.535013,0.14525,0.5832775,-0.09980163,0.8061185,0.1529348,1.537028,0.1273464,0.5587804,-0.1105748,0.821911,0.09614568,1.531143,0.1615684,0.6027278,-0.1052787,0.7909713,0.1245403,1.534086,0.1444574,356.5361,30.76604,5.081105,0,0,False
1,Center_Dir_Far,296,18.81999,0.1246446,1.533385,0.1431371,0.1406419,1.237189,0.133468,-0.5152746,0.2204267,0.1974738,0.8043061,0.2737436,1.087634,0.1843224,-0.03067338,0.3552477,-0.1249166,0.9258801,MathCanvas,2.086218,1.198433,2.855593,0.1246156,1.533763,0.1437822,0.5812414,-0.109093,0.8063852,0.1530984,1.536382,0.1261343,0.5576568,-0.114466,0.8221413,0.09619074,1.530389,0.1601399,0.6016441,-0.1091463,0.7912721,0.1246446,1.533385,0.1431371,356.9053,30.58064,5.173182,0,0,False
1,Center_Dir_Far,297,18.83999,0.1246626,1.532906,0.1424608,0.1414106,1.236175,0.1323535,-0.5139512,0.2208472,0.1978024,0.8049565,0.2741525,1.086259,0.1830785,-0.02895764,0.354349,-0.1239244,0.926413,MathCanvas,2.07509,1.167307,2.849087,0.1246446,1.533385,0.1431371,0.5798579,-0.1118065,0.8070093,0.1531463,1.535948,0.1255161,0.5562182,-0.1170113,0.8227574,0.09617899,1.529864,0.1594055,0.6002596,-0.1116076,0.7919799,0.1246626,1.532906,0.1424608,357.0573,30.47772,5.251278,0,0,False
1,Center_Dir_Far,298,18.85999,0.1244288,1.533621,0.1419763,0.1417354,1.23625,0.1320276,-0.5066333,0.2261276,0.197645,0.8081618,0.2752756,1.084613,0.1831122,-0.02530888,0.3582428,-0.1263619,0.9246915,MathCanvas,2.068887,1.158026,2.848308,0.1246626,1.532906,0.1424608,0.5784458,-0.1143099,0.8076718,0.1529289,1.536635,0.1250542,0.5554855,-0.1199438,0.82283,0.09592881,1.530606,0.1588983,0.5995563,-0.1145731,0.7920892,0.1244288,1.533621,0.1419763,357.2238,30.44725,5.202971,0,0,False
1,Center_Dir_Far,299,18.87999,0.1236669,1.534735,0.1408557,0.1411372,1.239901,0.1315379,-0.5032272,0.2277264,0.198984,0.8095112,0.2766397,1.084699,0.1830064,-0.01961601,0.3671658,-0.1307166,0.9207159,MathCanvas,2.062981,1.150533,2.848735,0.1240382,1.534221,0.1413953,0.5869548,-0.1179416,0.8009831,0.1521523,1.53768,0.1238967,0.5651542,-0.1217437,0.815953,0.09518156,1.531791,0.1578147,0.608825,-0.1164229,0.7847152,0.1236669,1.534735,0.1408557,357.3826,30.53519,5.081044,0,0,False
1,Center_Dir_Far,300,18.89999,0.1233331,1.53533,0.1403546,0.1410522,1.241074,0.1309886,-0.5046671,0.2266669,0.1999981,0.8086619,0.2770816,1.085051,0.1825172,-0.01781348,0.3692151,-0.1322675,0.9197109,MathCanvas,2.089518,1.139721,2.823538,0.1236669,1.534735,0.1408557,0.5934457,-0.1166974,0.7963692,0.1518202,1.538257,0.1233953,0.5714789,-0.1206104,0.8117051,0.09484607,1.532403,0.1573138,0.6148751,-0.1152619,0.7801559,0.1233331,1.53533,0.1403546,357.4513,30.54151,5.050436,0,0,False
1,Center_Dir_Far,301,18.91999,0.1224236,1.536613,0.1394888,0.140336,1.242542,0.1315889,-0.5111741,0.222861,0.2001385,0.8055921,0.2774362,1.088371,0.1817075,-0.01880858,0.3700772,-0.1371568,0.9186279,MathCanvas,2.111506,1.144368,2.808365,0.1229785,1.535885,0.1398165,0.5930355,-0.1197259,0.7962252,0.150898,1.539507,0.1225027,0.5720854,-0.119245,0.8114795,0.09394915,1.533719,0.156475,0.6154581,-0.1139574,0.7798879,0.1224236,1.536613,0.1394888,357.3676,30.58791,4.993061,0,0,False
1,Center_Dir_Far,302,18.93999,0.1219027,1.536864,0.1392471,0.1396469,1.24626,0.1304311,-0.5208429,0.2178435,0.2011208,0.8005108,0.27689,1.093973,0.1816068,-0.02991378,0.3666161,-0.1367894,0.9197752,MathCanvas,2.108565,1.135638,2.806135,0.1224236,1.536613,0.1394888,0.6000499,-0.1067222,0.7928118,0.1503657,1.539808,0.1222503,0.578698,-0.1036047,0.8089344,0.0934398,1.533921,0.1562438,0.6217707,-0.09827197,0.7770095,0.1219027,1.536864,0.1392471,357.0421,30.58086,5.080812,0,0,False
1,Center_Dir_Far,303,18.95999,0.120792,1.537431,0.1387458,0.1387177,1.248092,0.1302875,-0.5282329,0.2161253,0.2009409,0.7961675,0.2769683,1.0993,0.1815481,-0.04136145,0.3652002,-0.1314211,0.9206772,MathCanvas,2.137864,1.178314,2.802822,0.1213636,1.537145,0.1389813,0.6000783,-0.08570916,0.7953364,0.1492544,1.540436,0.121759,0.5782226,-0.08625029,0.8113073,0.09232952,1.534426,0.1557327,0.6212973,-0.08091082,0.7793863,0.120792,1.537431,0.1387458,356.757,30.5351,5.188875,0,0,False
1,Center_Dir_Far,304,18.97999,0.1202226,1.537794,0.1384841,0.1384923,1.248986,0.1299405,-0.5305871,0.2151717,0.201192,0.7947958,0.2771522,1.100888,0.1812039,-0.0438531,0.3651841,-0.1311075,0.9206131,MathCanvas,2.148361,1.247833,2.826061,0.120792,1.537431,0.1387458,0.5999746,-0.08358085,0.7956411,0.1486839,1.540817,0.1214984,0.5781986,-0.08447151,0.8115116,0.09176131,1.534772,0.1554697,0.6212715,-0.07911301,0.7795915,0.1202226,1.537794,0.1384841,356.657,30.52346,5.219936,0,0,False
1,Center_Dir_Far,305,18.99999,0.1186673,1.536736,0.1382782,0.1363848,1.247659,0.1306375,-0.532516,0.2168345,0.199632,0.7934461,0.2780797,1.102832,0.1835916,-0.05017948,0.3668555,-0.1261425,0.920319,MathCanvas,2.148548,1.255234,2.828296,0.1194735,1.537426,0.1384365,0.593714,-0.007398479,0.8046421,0.1471719,1.539676,0.1213506,0.5708292,-0.01079494,0.8209979,0.09016272,1.533797,0.1552058,0.6140836,-0.00596799,0.7892184,0.1186673,1.536736,0.1382782,356.5771,30.40026,5.076611,0,0,False
1,Center_Dir_Far,306,19.01999,0.11791,1.536424,0.1381645,0.1359192,1.248064,0.1305075,-0.5343785,0.2164403,0.1995706,0.7923161,0.2783513,1.104192,0.1837349,-0.05283043,0.3671235,-0.1252035,0.9201921,MathCanvas,2.148548,1.255234,2.828296,0.1186673,1.536736,0.1382782,0.5926712,-0.008381492,0.805401,0.1464254,1.539348,0.1212525,0.5702971,-0.009961382,0.821378,0.08939457,1.5335,0.1550765,0.6135721,-0.005164616,0.7896218,0.11791,1.536424,0.1381645,356.5272,30.36477,5.04935,0,0,False
1,Center_Dir_Far,307,19.03999,0.1171071,1.53592,0.1380695,0.1357809,1.246457,0.1313866,-0.5293079,0.219318,0.1988072,0.7951154,0.2783305,1.103069,0.1854572,-0.05326509,0.3681598,-0.1250862,0.9197688,MathCanvas,2.148548,1.255234,2.828296,0.11791,1.536424,0.1381645,0.5852531,0.01984782,0.8106077,0.1456568,1.538779,0.1212044,0.5620731,0.01492555,0.8269529,0.08855735,1.53306,0.1549346,0.6056345,0.01949326,0.7955042,0.1171071,1.53592,0.1380695,356.6685,30.28378,4.937812,0,0,False
1,Center_Dir_Far,308,19.05999,0.1154914,1.535125,0.137922,0.1357809,1.246457,0.1313866,-0.5293079,0.219318,0.1988072,0.7951154,0.2787802,1.104962,0.1862725,-0.05785322,0.368961,-0.1234748,0.9193882,MathCanvas,2.148548,1.255234,2.828296,0.116296,1.535537,0.1379975,0.5833275,0.01690052,0.8120613,0.144075,1.537933,0.1211058,0.5606249,0.01468362,0.8279397,0.08690784,1.532316,0.1547382,0.6042482,0.01916952,0.7965655,0.1154914,1.535125,0.137922,356.6763,30.18721,4.849252,0,0,False
1,Center_Dir_Far,309,19.07999,0.1147471,1.535441,0.1383777,0.133664,1.244834,0.1342815,-0.5235351,0.2217727,0.1974455,0.7985883,0.2751541,1.099839,0.1901545,-0.05115727,0.3639288,-0.1237144,0.9217557,MathCanvas,2.148548,1.255234,2.828296,0.1154914,1.535125,0.137922,0.5782536,0.01565709,0.8157068,0.1433667,1.538265,0.1216256,0.554276,0.01359052,0.832222,0.08612747,1.532616,0.1551299,0.5981525,0.01815256,0.8011767,0.1147471,1.535441,0.1383777,356.6664,30.05781,4.876744,0,0,False
1,Center_Dir_Far,310,19.09999,0.1131094,1.535525,0.1388792,0.1329519,1.244661,0.1351245,-0.5226904,0.2216857,0.1970536,0.7992623,0.2732665,1.098814,0.1922491,-0.04983583,0.3604918,-0.123481,0.9232088,MathCanvas,2.148548,1.255234,2.828296,0.113947,1.535488,0.1386449,0.5843613,-0.06017645,0.8092594,0.1417734,1.538262,0.1221884,0.5612596,-0.06195533,0.8253177,0.08444542,1.532788,0.1555699,0.6050102,-0.05720757,0.7941599,0.1131094,1.535525,0.1388792,356.5767,29.92891,4.725905,0,0,False
1,Center_Dir_Far,311,19.11999,0.1122805,1.535483,0.139092,0.1329519,1.244661,0.1351245,-0.5226904,0.2216857,0.1970536,0.7992623,0.2732665,1.098814,0.1922491,-0.04983583,0.3604918,-0.123481,0.9232088,MathCanvas,2.101617,1.330752,2.892686,0.1131094,1.535525,0.1388792,0.5833445,-0.05958163,0.8100365,0.1409653,1.538191,0.1224324,0.5602661,-0.06155866,0.826022,0.08359569,1.532775,0.1557516,0.6040553,-0.05686019,0.7949113,0.1122805,1.535483,0.139092,356.5501,29.86525,4.675576,0,0,False
1,Center_Dir_Far,312,19.13999,0.1112685,1.539136,0.140527,0.1275612,1.245953,0.1406625,-0.5245547,0.2168742,0.1930963,0.800326,0.2664125,1.097475,0.1999484,-0.04599759,0.3515078,-0.1306473,0.9258822,MathCanvas,2.097369,1.332731,2.895601,0.1119797,1.537644,0.13999,0.5808424,-0.06075744,0.8117454,0.1400097,1.54169,0.1239403,0.5572882,-0.06257792,0.8279576,0.0825274,1.536582,0.1571137,0.6012014,-0.05813196,0.7969803,0.1112685,1.539136,0.140527,356.2902,29.70364,4.410372,0,0,False
1,Center_Dir_Far,313,19.15999,0.1105434,1.540266,0.1409957,0.1267595,1.246364,0.1414372,-0.5248722,0.2161031,0.1923837,0.8004981,0.265088,1.097815,0.2020054,-0.04516026,0.3502406,-0.1319941,0.9262125,MathCanvas,2.087406,1.332428,2.902241,0.1112685,1.539136,0.140527,0.5802637,-0.06064513,0.8121676,0.1393085,1.542778,0.124444,0.5569553,-0.06186142,0.8282354,0.08177838,1.537754,0.1575473,0.6008786,-0.05747845,0.797271,0.1105434,1.540266,0.1409957,356.2265,29.63044,4.337852,0,0,False
1,Center_Dir_Far,314,19.17999,0.1098336,1.541358,0.14151,0.1267595,1.246364,0.1414372,-0.5248722,0.2161031,0.1923837,0.8004981,0.26383,1.097708,0.2037085,-0.04474107,0.3486374,-0.1329195,0.9267053,MathCanvas,2.084578,1.333954,2.903958,0.1105434,1.540266,0.1409957,0.5791254,-0.05967004,0.8130518,0.1386222,1.543823,0.1249921,0.5558196,-0.06084325,0.8290733,0.08104506,1.538893,0.1580278,0.5997866,-0.0565421,0.7981598,0.1098336,1.541358,0.14151,356.1618,29.56021,4.256309,0,0,False
1,Center_Dir_Far,315,19.19999,0.108234,1.540952,0.1422734,0.1223177,1.251378,0.1452601,-0.5299333,0.2078064,0.1871502,0.8006011,0.2619263,1.103509,0.207974,-0.04647214,0.3518991,-0.13746,0.9247227,MathCanvas,2.080592,1.338302,2.908318,0.1090239,1.541065,0.1419443,0.5773665,-0.05756828,0.8144531,0.1370667,1.543272,0.1258116,0.5537732,-0.05926687,0.8305557,0.07940134,1.538632,0.1587352,0.5978218,-0.05520852,0.7997256,0.108234,1.540952,0.1422734,356.0525,29.44767,4.006369,0,0,False
1,Center_Dir_Far,316,19.21999,0.1076185,1.541374,0.1426538,0.1210942,1.252727,0.1460432,-0.5332026,0.204386,0.1855805,0.7996757,0.2606806,1.106792,0.2092303,-0.05076647,0.349952,-0.1389846,0.9250079,MathCanvas,2.074169,1.344932,2.915489,0.108234,1.540952,0.1422734,0.5779354,-0.05929888,0.8139253,0.1364778,1.543688,0.1262378,0.5543671,-0.05985931,0.8301169,0.07875922,1.539061,0.1590698,0.5983844,-0.0557978,0.7992638,0.1076185,1.541374,0.1426538,355.9666,29.35088,3.996119,0,0,False
1,Center_Dir_Far,317,19.23999,0.106375,1.54216,0.1435392,0.1187218,1.254701,0.1479298,-0.5367079,0.199918,0.1828622,0.7990863,0.2582183,1.110153,0.2124001,-0.05430148,0.3470304,-0.1412674,0.9255619,MathCanvas,2.074053,1.339609,2.912048,0.107038,1.541769,0.1430923,0.5786157,-0.05990422,0.8133975,0.1352897,1.54444,0.1272162,0.5551512,-0.06075162,0.8295279,0.07746036,1.53988,0.1598623,0.5991246,-0.05673015,0.7986435,0.106375,1.54216,0.1435392,355.8003,29.1569,3.938521,0,0,False
1,Center_Dir_Far,318,19.25999,0.1058557,1.542115,0.1439557,0.1173457,1.254698,0.147932,-0.5403304,0.1983233,0.1807256,0.797527,0.2565095,1.113868,0.2127384,-0.06380069,0.3398006,-0.1370219,0.9282726,MathCanvas,2.074664,1.338383,2.91049,0.106375,1.54216,0.1435392,0.5773456,-0.058741,0.8143842,0.1347925,1.544456,0.1276808,0.5538638,-0.05835287,0.8305598,0.07691894,1.539773,0.1602307,0.5978799,-0.05424403,0.7997482,0.1058557,1.542115,0.1439557,355.6708,29.04881,4.04595,0,0,False
1,Center_Dir_Far,319,19.27999,0.1045813,1.541905,0.1446277,0.1153349,1.253035,0.1486686,-0.5428658,0.1997936,0.1777258,0.7961111,0.2550844,1.115656,0.2129431,-0.07797877,0.3380692,-0.1254416,0.9294584,MathCanvas,2.069978,1.342279,2.91448,0.1051824,1.541937,0.1442273,0.5778584,-0.06004327,0.8139253,0.1335758,1.544172,0.1284451,0.5543436,-0.06209449,0.8299683,0.07558692,1.539637,0.1608103,0.5983319,-0.05808269,0.7991404,0.1045813,1.541905,0.1446277,355.6736,28.8711,3.917658,0,0,False
1,Center_Dir_Far,320,19.29999,0.1039711,1.541893,0.1450071,0.1142002,1.253338,0.1493666,-0.5444664,0.1986624,0.1762773,0.795623,0.2540141,1.117121,0.21397,-0.08187819,0.3365443,-0.1238944,0.929884,MathCanvas,2.069436,1.337743,2.912165,0.1045813,1.541905,0.1446277,0.5771334,-0.06560358,0.8140106,0.1329923,1.544135,0.128869,0.5535852,-0.06691735,0.8300998,0.07495002,1.53965,0.1611453,0.5976035,-0.06290822,0.7993201,0.1039711,1.541893,0.1450071,355.6288,28.78187,3.875089,0,0,False
1,Center_Dir_Far,321,19.31999,0.1032913,1.541834,0.1457952,0.1145307,1.249851,0.1505836,-0.5417578,0.2045989,0.1741497,0.7964357,0.2546793,1.113597,0.2139056,-0.08244083,0.346812,-0.1232291,0.9261423,MathCanvas,2.062568,1.319256,2.907485,0.1033632,1.541875,0.1453849,0.5751927,-0.06517526,0.8154174,0.1323235,1.543953,0.1296602,0.5538647,-0.06660876,0.829938,0.0742591,1.539715,0.1619302,0.5978731,-0.06279924,0.799127,0.1032913,1.541834,0.1457952,355.5375,28.77839,3.661239,0,0,False
1,Center_Dir_Far,322,19.33999,0.1028554,1.541899,0.1460867,0.1145376,1.249454,0.1510036,-0.5413085,0.2056789,0.1747502,0.7963315,0.2547053,1.111309,0.2140843,-0.07667307,0.3492557,-0.1253045,0.9254407,MathCanvas,2.055149,1.320668,2.912831,0.1032913,1.541834,0.1457952,0.576076,-0.06470411,0.8148311,0.1318724,1.543979,0.1299194,0.5546994,-0.06741025,0.8293157,0.07383836,1.53982,0.1622541,0.5986786,-0.06366019,0.7984556,0.1028554,1.541899,0.1460867,355.5778,28.84772,3.592876,0,0,False
1,Center_Dir_Far,323,19.35999,0.1024886,1.54197,0.1463147,0.114904,1.249657,0.1509154,-0.5403705,0.2061113,0.1767275,0.7964203,0.2545626,1.1091,0.213962,-0.07048605,0.3515021,-0.1279157,0.9247246,MathCanvas,2.057289,1.32238,2.910537,0.1028554,1.541899,0.1460867,0.5768965,-0.06553534,0.814184,0.1314989,1.544007,0.1301297,0.5550997,-0.06808602,0.8289925,0.07347836,1.539934,0.1624996,0.5990655,-0.06440205,0.7981058,0.1024886,1.54197,0.1463147,355.6103,28.88773,3.518185,0,0,False
1,Center_Dir_Far,324,19.37999,0.1016545,1.541987,0.1468345,0.1149986,1.249782,0.1508324,-0.5400832,0.2061287,0.1772983,0.7964838,0.2545364,1.109071,0.2139896,-0.07046899,0.3515716,-0.1279196,0.9246989,MathCanvas,2.058893,1.319723,2.907423,0.1020566,1.541972,0.1465686,0.5832637,-0.06682091,0.8095298,0.1306635,1.543939,0.1306369,0.5611762,-0.06872156,0.8248385,0.07264541,1.540036,0.1630321,0.6048833,-0.06514621,0.7936448,0.1016545,1.541987,0.1468345,355.611,28.91907,3.371384,0,0,False
1,Center_Dir_Far,325,19.39999,0.1012527,1.542116,0.1467924,0.1148312,1.250169,0.1511868,-0.5388339,0.2067066,0.1795152,0.7966836,0.2534953,1.10542,0.2136681,-0.06211677,0.3559899,-0.1323221,0.9229863,MathCanvas,2.078494,1.315513,2.890551,0.1016545,1.541987,0.1468345,0.5893001,-0.07464271,0.8044588,0.1301938,1.544019,0.1304678,0.5708276,-0.07752678,0.8174016,0.07231167,1.540213,0.1631169,0.6141333,-0.07394812,0.7857302,0.1012527,1.542116,0.1467924,355.6636,29.17684,3.286844,0,0,False
1,Center_Dir_Far,326,19.41999,0.10067,1.542466,0.1467723,0.1145979,1.251895,0.1518354,-0.5367599,0.2104977,0.1865374,0.7954768,0.2530114,1.103351,0.2114738,-0.05370906,0.3558263,-0.1364165,0.9229808,MathCanvas,2.09373,1.289742,2.866741,0.1010115,1.542377,0.1466863,0.5969594,-0.07381288,0.7988687,0.1294797,1.544379,0.1302181,0.5773089,-0.07440445,0.8131288,0.07186037,1.540554,0.1633265,0.6203603,-0.07082985,0.7811122,0.10067,1.542466,0.1467723,355.4812,29.62125,3.304405,0,0,False
1,Center_Dir_Far,327,19.43999,0.1003183,1.542602,0.1468212,0.1146635,1.252089,0.15176,-0.5368089,0.2110696,0.1871858,0.7951398,0.2527852,1.10268,0.2110418,-0.05145663,0.3564183,-0.1374571,0.9227263,MathCanvas,2.119804,1.292804,2.848836,0.10067,1.542466,0.1467723,0.5990496,-0.07261731,0.7974123,0.1290884,1.544503,0.1301972,0.5792428,-0.07362845,0.811823,0.07154816,1.540701,0.1634453,0.622218,-0.07007707,0.7797012,0.1003183,1.542602,0.1468212,355.4345,29.75856,3.285165,0,0,False
1,Center_Dir_Far,328,19.45999,0.099782,1.542674,0.1467937,0.1150787,1.252515,0.151108,-0.5400335,0.2190506,0.1922773,0.7895633,0.2545114,1.105342,0.209371,-0.05790732,0.3580044,-0.1335125,0.9223091,MathCanvas,2.127148,1.296908,2.844793,0.1000541,1.54264,0.1468588,0.6039644,-0.06842077,0.7940691,0.1284026,1.544699,0.1299278,0.5858223,-0.06853109,0.8075368,0.07116142,1.540649,0.1636595,0.6285334,-0.0648136,0.7750775,0.099782,1.542674,0.1467937,355.1638,30.21496,3.500758,0,0,False
1,Center_Dir_Far,329,19.47999,0.09948833,1.542699,0.1467578,0.1149492,1.252323,0.1511093,-0.5408693,0.2214737,0.1934396,0.7880298,0.2554366,1.10622,0.209026,-0.06087658,0.3606,-0.1306952,0.9215099,MathCanvas,2.146136,1.310851,2.837261,0.099782,1.542674,0.1467937,0.6013653,-0.06404196,0.7964034,0.1280489,1.544749,0.1297935,0.5825006,-0.0652454,0.8102075,0.07092775,1.54065,0.1637221,0.6253787,-0.06153195,0.7778916,0.09948833,1.542699,0.1467578,355.1311,30.40822,3.543152,0,0,False
1,Center_Dir_Far,330,19.49999,0.09916703,1.542621,0.1466996,0.1148245,1.252194,0.1511731,-0.5413275,0.2232869,0.1945729,0.7869237,0.2557889,1.10649,0.2089124,-0.06181705,0.3617175,-0.1298697,0.9211259,MathCanvas,2.139486,1.325451,2.848379,0.09948833,1.542699,0.1467578,0.6042243,-0.06351288,0.794279,0.1276667,1.544682,0.1296345,0.5854504,-0.06503113,0.8080958,0.07066734,1.54056,0.1637646,0.62821,-0.06130386,0.7756249,0.09916703,1.542621,0.1466996,355.1135,30.60839,3.56334,0,0,False
1,Center_Dir_Far,331,19.51999,0.09854805,1.54259,0.146611,0.1147487,1.252299,0.1512038,-0.5419407,0.2258204,0.1964262,0.7853166,0.2557889,1.10649,0.2089124,-0.06181705,0.3617175,-0.1298697,0.9211259,MathCanvas,2.149523,1.327098,2.841982,0.09885791,1.542607,0.1466561,0.6096091,-0.06212296,0.7902642,0.1269317,1.544681,0.1293573,0.5907605,-0.06308396,0.8043771,0.07016438,1.540499,0.1638647,0.6333034,-0.05931839,0.7716269,0.09854805,1.54259,0.146611,355.0134,30.97958,3.616035,0,0,False
1,Center_Dir_Far,332,19.53999,0.09836941,1.542509,0.1465871,0.1141856,1.251656,0.1516939,-0.5398698,0.2251262,0.1956445,0.7871353,0.2584537,1.108759,0.2103323,-0.06738872,0.3700374,-0.1276516,0.9177343,MathCanvas,2.168814,1.331617,2.830392,0.09854805,1.54259,0.146611,0.6033586,-0.06189026,0.7950647,0.1267327,1.54461,0.1293012,0.5826471,-0.06595378,0.8100447,0.07000609,1.540408,0.1638731,0.6255685,-0.06219412,0.7776863,0.09836941,1.542509,0.1465871,355.1413,31.05208,3.631981,0,0,False
1,Center_Dir_Far,333,19.55999,0.09792094,1.542711,0.1465758,0.1139531,1.251612,0.1518163,-0.5388117,0.2259471,0.1953819,0.7876902,0.2590823,1.109668,0.2110295,-0.069459,0.3731203,-0.1274006,0.9163655,MathCanvas,2.147038,1.332364,2.846183,0.09814893,1.542661,0.1465707,0.5939906,-0.07564679,0.8009075,0.126197,1.544826,0.1291492,0.5742471,-0.07731335,0.8150233,0.06964491,1.540595,0.1640024,0.6175665,-0.07353555,0.7830736,0.09792094,1.542711,0.1465758,355.1278,31.33451,3.657862,0,0,False
1,Center_Dir_Far,334,19.57999,0.0976477,1.542656,0.1465861,0.1135441,1.25163,0.1520018,-0.5377598,0.2274403,0.1954099,0.7879723,0.2582885,1.110344,0.2116791,-0.07108501,0.3721961,-0.1278392,0.9165556,MathCanvas,2.106307,1.286935,2.854584,0.09792094,1.542711,0.1465758,0.5961684,-0.07544751,0.7993066,0.1258933,1.544749,0.1291076,0.5757101,-0.07604102,0.8141104,0.06940206,1.540562,0.1640645,0.6189718,-0.07230064,0.7820784,0.0976477,1.542656,0.1465861,355.0505,31.43655,3.620154,0,0,False
1,Center_Dir_Far,335,19.59999,0.0973959,1.542669,0.1467017,0.1131386,1.251931,0.1522003,-0.5383572,0.225135,0.1957025,0.7881538,0.2563627,1.110996,0.2120197,-0.0727717,0.3687225,-0.1285041,0.9177334,MathCanvas,2.1137,1.287516,2.849588,0.09751223,1.542688,0.1466573,0.5983488,-0.07351866,0.7978557,0.1256115,1.544716,0.1291694,0.5771193,-0.07523377,0.8131871,0.06918027,1.540622,0.1642341,0.6203259,-0.07157265,0.7810718,0.0973959,1.542669,0.1467017,354.9987,31.54659,3.539762,0,0,False
1,Center_Dir_Far,336,19.61999,0.09724765,1.542662,0.1467576,0.1129125,1.251991,0.1523118,-0.5386359,0.2243419,0.1959252,0.7881342,0.2556868,1.111087,0.212072,-0.07283504,0.3676999,-0.1287805,0.9180999,MathCanvas,2.122098,1.293896,2.846498,0.0973959,1.542669,0.1467017,0.5949275,-0.07299905,0.8004576,0.1254436,1.544686,0.1291909,0.5739475,-0.07494009,0.8154559,0.0690517,1.540638,0.1643242,0.6172966,-0.07133703,0.7834896,0.09724765,1.542662,0.1467576,355.0033,31.61847,3.500185,0,0,False
1,Center_Dir_Far,337,19.63999,0.09705111,1.542684,0.1468163,0.1129125,1.251991,0.1523118,-0.5386359,0.2243419,0.1959252,0.7881342,0.2556868,1.111087,0.212072,-0.07283504,0.3676999,-0.1287805,0.9180999,MathCanvas,2.110329,1.295652,2.855299,0.09724765,1.542662,0.1467576,0.5958373,-0.0731387,0.7997679,0.125223,1.544695,0.1292096,0.5750687,-0.07480845,0.8146777,0.06887926,1.540672,0.164423,0.618374,-0.07122677,0.7826496,0.09705111,1.542684,0.1468163,354.9943,31.70052,3.478013,0,0,False
1,Center_Dir_Far,338,19.65999,0.09676433,1.542637,0.1471433,0.11173,1.251867,0.1529351,-0.5396378,0.2239373,0.1962743,0.7874767,0.2540152,1.111069,0.212121,-0.07242215,0.3659177,-0.129071,0.9188035,MathCanvas,2.113186,1.295204,2.852991,0.09686543,1.542708,0.146892,0.5856009,-0.07406975,0.8072083,0.1249276,1.544593,0.1295166,0.5631266,-0.07677452,0.8227965,0.0686011,1.540681,0.16477,0.6069422,-0.07333487,0.7913553,0.09676433,1.542637,0.1471433,355.0556,31.74964,3.382194,0,0,False
1,Center_Dir_Far,339,19.67999,0.09666785,1.542566,0.1473254,0.1113433,1.251806,0.1533223,-0.538909,0.2231879,0.1949563,0.7885152,0.2531332,1.110935,0.2121482,-0.07202843,0.3650958,-0.1284332,0.9192507,MathCanvas,2.076956,1.292173,2.876693,0.09676433,1.542637,0.1471433,0.5852043,-0.07510535,0.8074002,0.1248148,1.544504,0.1296706,0.5638533,-0.07709827,0.8222683,0.06852094,1.540628,0.1649802,0.6076413,-0.07368378,0.7907863,0.09666785,1.542566,0.1473254,355.0698,31.80928,3.349962,0,0,False
1,Center_Dir_Far,340,19.69999,0.09641854,1.542434,0.1476567,0.1106412,1.251818,0.1540035,-0.5372176,0.2209369,0.1927081,0.7908526,0.2523909,1.110782,0.212115,-0.07175228,0.3644657,-0.1277073,0.9196234,MathCanvas,2.074701,1.288705,2.876396,0.09655176,1.542494,0.1475077,0.5831249,-0.07590947,0.8088282,0.1245253,1.544334,0.1299339,0.5619016,-0.07782214,0.8235353,0.06831182,1.540534,0.1653794,0.605777,-0.07449473,0.7921394,0.09641854,1.542434,0.1476567,355.0836,31.95171,3.285149,0,0,False
1,Center_Dir_Far,341,19.71999,0.09628294,1.542391,0.1477975,0.1104332,1.25184,0.1541942,-0.5366738,0.2199323,0.1921663,0.7916332,0.2523909,1.110782,0.212115,-0.07175228,0.3644657,-0.1277073,0.9196234,MathCanvas,2.066711,1.285947,2.880567,0.09641854,1.542434,0.1476567,0.584039,-0.07613877,0.8081469,0.1243716,1.544274,0.1300442,0.5627343,-0.07795181,0.8229542,0.06819431,1.540507,0.1655507,0.6065782,-0.07464625,0.7915118,0.09628294,1.542391,0.1477975,355.0908,32.0158,3.255486,0,0,False
1,Center_Dir_Far,342,19.73999,0.09598031,1.541849,0.148063,0.1096319,1.251549,0.1543478,-0.5358056,0.2181859,0.1946138,0.7921066,0.251196,1.109919,0.2117007,-0.06917653,0.3643133,-0.127269,0.9199418,MathCanvas,2.069403,1.285163,2.878045,0.09616473,1.542139,0.1479866,0.5862101,-0.07798336,0.8063971,0.1240128,1.543797,0.1302283,0.5651972,-0.08198174,0.8208721,0.06794784,1.5399,0.1658978,0.6089475,-0.07855768,0.7893109,0.09598031,1.541849,0.148063,355.3266,32.19056,3.367816,0,0,False
1,Center_Dir_Far,343,19.75999,0.0958034,1.541655,0.1481746,0.1096214,1.251407,0.1543426,-0.5350507,0.2191434,0.1946527,0.7923429,0.2511032,1.109764,0.2116089,-0.06875295,0.3644838,-0.1273542,0.9198943,MathCanvas,2.075316,1.278538,2.870859,0.09598031,1.541849,0.148063,0.5849202,-0.08019794,0.8071163,0.123816,1.543606,0.130309,0.5637014,-0.08313674,0.821784,0.06779078,1.539703,0.1660402,0.6075161,-0.07971653,0.7902971,0.0958034,1.541655,0.1481746,355.3978,32.25757,3.372547,0,0,False
1,Center_Dir_Far,344,19.77999,0.09549259,1.541366,0.1484212,0.1096214,1.251407,0.1543426,-0.5350507,0.2191434,0.1946527,0.7923429,0.2511032,1.109764,0.2116089,-0.06875295,0.3644838,-0.1273542,0.9198943,MathCanvas,2.069357,1.271062,2.87143,0.09564725,1.54151,0.1482985,0.5868472,-0.08244163,0.8054898,0.1234619,1.543326,0.1304887,0.5657379,-0.08521521,0.8201702,0.06752329,1.539406,0.1663537,0.6094745,-0.08177564,0.788577,0.09549259,1.541366,0.1484212,355.5208,32.40111,3.386227,0,0,False
1,Center_Dir_Far,345,19.79999,0.09526603,1.54122,0.1485237,0.1091153,1.250994,0.1542529,-0.5330249,0.2217111,0.1946722,0.7929889,0.2509077,1.109333,0.211228,-0.0681339,0.3656792,-0.126644,0.9195639,MathCanvas,2.074293,1.26338,2.864466,0.09549259,1.541366,0.1484212,0.5876784,-0.08352035,0.8047723,0.1232239,1.543211,0.1305769,0.5661122,-0.08527963,0.8199051,0.06730815,1.539229,0.1664704,0.6098343,-0.08178297,0.788298,0.09526603,1.54122,0.1485237,355.5249,32.42854,3.440589,0,0,False
1,Center_Dir_Far,346,19.81999,0.09509747,1.541149,0.1486547,0.1088485,1.250902,0.1540962,-0.5343038,0.2209768,0.1955509,0.7921166,0.2509267,1.109288,0.2111149,-0.06813381,0.3664016,-0.1265636,0.9192874,MathCanvas,2.076238,1.259686,2.861286,0.09526603,1.54122,0.1485237,0.6187742,-0.1025405,0.7788479,0.1230392,1.54317,0.1306861,0.5981045,-0.1043677,0.7945932,0.06715576,1.539128,0.1666234,0.640421,-0.1005599,0.7614123,0.09509747,1.541149,0.1486547,355.5259,32.47134,3.4918,0,0,False
1,Center_Dir_Far,347,19.83999,0.09474352,1.540991,0.1488919,0.1085391,1.250786,0.1539893,-0.5349565,0.2209647,0.1963504,0.7914814,0.2509333,1.109284,0.2110803,-0.06810553,0.366649,-0.1265909,0.9191871,MathCanvas,2.173825,1.196671,2.765138,0.09491947,1.541086,0.1487701,0.6201293,-0.1028251,0.7777318,0.122654,1.543068,0.1308811,0.5995265,-0.105239,0.7934058,0.06683306,1.538914,0.1669026,0.6417838,-0.1013354,0.7601609,0.09474352,1.540991,0.1488919,355.581,32.55745,3.58883,0,0,False
1,Center_Dir_Far,348,19.85999,0.09456757,1.540895,0.1490137,0.1085391,1.250786,0.1539893,-0.5349565,0.2209647,0.1963504,0.7914814,0.2509333,1.109284,0.2110803,-0.06810553,0.366649,-0.1265909,0.9191871,MathCanvas,2.177998,1.195562,2.761594,0.09474352,1.540991,0.1488919,0.6208789,-0.1032874,0.7770721,0.1224607,1.542994,0.1309786,0.6002913,-0.1057191,0.7927634,0.06667441,1.538797,0.1670487,0.6425169,-0.1017783,0.7594823,0.09456757,1.540895,0.1490137,355.6117,32.60794,3.625741,0,0,False
