UID,Condition,Index,Time,Player_X,Player_Y,Player_Z,Left_X,Left_Y,Left_Z,LeftRot_X,LeftRot_Y,LeftRot_Z,LeftRot_W,Right_X,Right_Y,Right_Z,RightRot_X,RightRot_Y,RightRot_Z,RightRot_W,GazeObject,GP_X,GP_Y,GP_Z,GO_X,GO_Y,GO_Z,GZ_X,GZ_Y,GZ_Z,RE_X,RE_Y,RE_Z,RED_X,RED_Y,RED_Z,LE_X,LE_Y,LE_Z,LED_X,LED_Y,LED_Z,H_X,H_Y,H_Z,HR_X,HR_Y,HR_Z,Blinking,BlinkCount,EventTriggered
1,Right_Head_Close,0,35.41999,0.2232633,1.531196,0.3837854,0.2375079,1.2401,0.3906472,-0.5110996,0.3392313,0.3143051,0.7245079,0.4174784,1.11193,0.388194,0.07173631,-0.5278693,0.03158051,-0.8457012,MathCanvas,3.028189,1.187696,2.19162,0.2233447,1.531161,0.3839148,0.9204474,-0.1544467,0.3590581,0.2430224,1.533149,0.3570748,0.9103198,-0.1566607,0.3831126,0.2035042,1.529242,0.410496,0.9300431,-0.1514025,0.3348092,0.2232633,1.531196,0.3837854,356.5068,53.30226,3.371477,0,10,False
1,Right_Head_Close,1,35.43999,0.2231481,1.531217,0.3835249,0.237587,1.240261,0.3905831,-0.5117183,0.3392945,0.3134837,0.7243975,0.4164873,1.111689,0.3887653,0.06827981,-0.5238678,0.02728228,-0.8486201,MathCanvas,3.028189,1.187696,2.19162,0.2232018,1.531212,0.3836583,0.9213503,-0.1533058,0.3572268,0.2429126,1.533162,0.3568177,0.9111377,-0.1561086,0.3813899,0.2033835,1.529272,0.4102321,0.9307546,-0.1508544,0.333075,0.2231481,1.531217,0.3835249,356.4926,53.29124,3.356677,0,10,False
1,Right_Head_Close,2,35.45999,0.2230752,1.531216,0.3833937,0.2375936,1.240331,0.3905739,-0.5117471,0.3392785,0.3135502,0.7243558,0.41624,1.111639,0.3889362,0.06750345,-0.5236195,0.02490713,-0.8489084,MathCanvas,3.028189,1.187696,2.19162,0.2231481,1.531217,0.3835249,0.9212661,-0.153482,0.3573682,0.2428307,1.533151,0.3566791,0.9112575,-0.1560514,0.3811271,0.2033197,1.529281,0.4101083,0.9308581,-0.1508144,0.3328037,0.2230752,1.531216,0.3833937,356.4849,53.31203,3.339251,0,10,False
1,Right_Head_Close,3,35.47999,0.2229145,1.531199,0.3831265,0.2375749,1.240341,0.3905195,-0.5116554,0.339407,0.3134854,0.7243884,0.4162915,1.111711,0.3887898,0.06770959,-0.5248507,0.02487341,-0.8481323,MathCanvas,3.028189,1.187696,2.19162,0.2229864,1.531196,0.3832614,0.9215734,-0.1528754,0.3568357,0.2426592,1.533123,0.356403,0.9115155,-0.1553541,0.3807948,0.2031699,1.529275,0.4098499,0.9310896,-0.150143,0.3324596,0.2229145,1.531199,0.3831265,356.4738,53.33667,3.32064,0,10,False
1,Right_Head_Close,4,35.49999,0.2228242,1.531197,0.382999,0.2375325,1.240322,0.3903953,-0.5116343,0.3396248,0.3132592,0.7243991,0.4163099,1.111833,0.388553,0.0678533,-0.5263124,0.0254243,-0.8471983,MathCanvas,3.028189,1.187696,2.19162,0.2229145,1.531199,0.3831265,0.9216228,-0.152749,0.3567623,0.2425562,1.533131,0.3562668,0.9117351,-0.1551295,0.3803604,0.2030923,1.529263,0.4097311,0.9312857,-0.1499057,0.3320169,0.2228242,1.531197,0.382999,356.4645,53.36162,3.337348,0,10,False
1,Right_Head_Close,5,35.51999,0.222679,1.531259,0.3827744,0.2374384,1.240279,0.3902786,-0.5117355,0.3395533,0.3131444,0.7244108,0.4157636,1.111993,0.3883661,0.06819689,-0.5291648,0.02015768,-0.8455338,MathCanvas,3.028189,1.187696,2.19162,0.2227489,1.531224,0.3828763,0.9218483,-0.1527492,0.3561791,0.2423975,1.533197,0.3560327,0.9118342,-0.1549922,0.3801787,0.2029604,1.52932,0.409516,0.9313757,-0.1497655,0.3318277,0.222679,1.531259,0.3827744,356.422,53.38694,3.345118,0,10,False
1,Right_Head_Close,6,35.53999,0.2226016,1.53127,0.3826595,0.2374142,1.240275,0.3902557,-0.5117261,0.3395782,0.3131739,0.724393,0.4156156,1.112055,0.3883309,0.06846357,-0.5292071,0.01905222,-0.8455115,MathCanvas,3.028189,1.187696,2.19162,0.222679,1.531259,0.3827744,0.9216761,-0.1549525,0.3556725,0.2423145,1.533208,0.3559137,0.9116858,-0.1573947,0.379547,0.2028887,1.529331,0.4094054,0.9312164,-0.1521352,0.3311963,0.2226016,1.53127,0.3826595,356.4107,53.39842,3.344943,0,10,False
1,Right_Head_Close,7,35.55999,0.2224611,1.531253,0.3824411,0.2373644,1.240272,0.3901867,-0.5116115,0.3397113,0.3132358,0.7243847,0.4156426,1.112084,0.3883582,0.06803575,-0.5275306,0.0202938,-0.8465641,MathCanvas,3.028189,1.187696,2.19162,0.2225283,1.531282,0.3825367,0.9218767,-0.1545238,0.3553392,0.2421663,1.533188,0.3556894,0.9117856,-0.1574391,0.3792888,0.2027558,1.529317,0.4091928,0.9313025,-0.1521834,0.330932,0.2224611,1.531253,0.3824411,356.4122,53.41547,3.340188,0,10,False
1,Right_Head_Close,8,35.57999,0.2223127,1.53113,0.3823489,0.2373908,1.240308,0.3898709,-0.5114351,0.339852,0.3131982,0.7244596,0.4156451,1.112075,0.3881717,0.06808549,-0.5276359,0.02197058,-0.8464527,MathCanvas,3.028189,1.187696,2.19162,0.2224611,1.531253,0.3824411,0.9218646,-0.1548118,0.355245,0.2420079,1.533059,0.3555894,0.9117826,-0.158656,0.3787887,0.2026174,1.529202,0.4091084,0.9312834,-0.1533951,0.3304259,0.2223127,1.53113,0.3823489,356.4819,53.44214,3.327868,0,10,False
1,Right_Head_Close,9,35.59999,0.2221958,1.531077,0.3822626,0.2373831,1.240335,0.3897638,-0.5114459,0.3398066,0.313267,0.7244435,0.4155101,1.112103,0.387985,0.06804443,-0.5276407,0.02219367,-0.8464472,MathCanvas,3.028189,1.187696,2.19162,0.2223127,1.53113,0.3823489,0.9214467,-0.1566031,0.3555439,0.2418833,1.533007,0.3554974,0.91144,-0.159437,0.3792849,0.2025083,1.529147,0.4090278,0.9309782,-0.1541711,0.3309243,0.2221958,1.531077,0.3822626,356.4947,53.45929,3.330191,0,10,False
1,Right_Head_Close,10,35.61999,0.2220113,1.530998,0.3820724,0.2373771,1.240341,0.3897364,-0.5114477,0.3398058,0.3133145,0.724422,0.4154775,1.112114,0.3879537,0.06803442,-0.5275908,0.02215666,-0.8464801,MathCanvas,3.028189,1.187696,2.19162,0.2221025,1.531037,0.3821687,0.9212198,-0.1543404,0.357118,0.2416884,1.532928,0.3552997,0.9111502,-0.1571921,0.3809146,0.2023341,1.529067,0.4088451,0.93076,-0.1519694,0.3325524,0.2220113,1.530998,0.3820724,356.5297,53.4834,3.331202,0,10,False
1,Right_Head_Close,11,35.63999,0.2219168,1.530947,0.3819928,0.2373735,1.240345,0.3897132,-0.5114535,0.3398117,0.3133572,0.7243968,0.4154472,1.112127,0.3879277,0.0680253,-0.5275342,0.02208959,-0.8465177,MathCanvas,3.028189,1.187696,2.19162,0.2220113,1.530998,0.3820724,0.9212756,-0.1545813,0.3568696,0.241592,1.532875,0.3552185,0.9111485,-0.1574271,0.3808217,0.2022415,1.529019,0.4087671,0.9307553,-0.1522049,0.332458,0.2219168,1.530947,0.3819928,356.5428,53.48869,3.327281,0,10,False
1,Right_Head_Close,12,35.65999,0.2218157,1.530915,0.3818949,0.2371707,1.240324,0.3892236,-0.5112967,0.3401214,0.3139918,0.7240872,0.4152311,1.112062,0.3871503,0.06790749,-0.5281089,0.0220844,-0.8461689,MathCanvas,3.028189,1.187696,2.19162,0.2218837,1.530959,0.3819699,0.9194922,-0.1598938,0.3591216,0.2414675,1.532854,0.3551041,0.9094533,-0.1626035,0.382694,0.2021639,1.528976,0.4086856,0.9292251,-0.1573263,0.3343489,0.2218157,1.530915,0.3818949,356.5259,53.5359,3.345737,0,10,False
1,Right_Head_Close,13,35.67999,0.2217355,1.530883,0.3818178,0.2371707,1.240324,0.3892236,-0.5112967,0.3401214,0.3139918,0.7240872,0.4152311,1.112062,0.3871503,0.06790749,-0.5281089,0.0220844,-0.8461689,MathCanvas,3.028189,1.187696,2.19162,0.2218157,1.530915,0.3818949,0.9196604,-0.1599655,0.3586586,0.2413736,1.532824,0.3550171,0.9096215,-0.1628653,0.3821827,0.2020974,1.528943,0.4086185,0.9293689,-0.1575821,0.3338283,0.2217355,1.530883,0.3818178,356.5422,53.56585,3.34831,0,10,False
1,Right_Head_Close,14,35.69999,0.2216233,1.530697,0.381664,0.237097,1.240272,0.3888278,-0.5109784,0.3403793,0.3146557,0.7239025,0.4151468,1.111988,0.3863732,0.06770208,-0.5293627,0.02127112,-0.8454224,MathCanvas,3.028189,1.187696,2.19162,0.2216664,1.530839,0.3817327,0.9201052,-0.1588307,0.3580216,0.2412126,1.532634,0.3548274,0.9104182,-0.1619339,0.3806785,0.202034,1.528761,0.4085007,0.9300758,-0.1566695,0.3322856,0.2216233,1.530697,0.381664,356.5734,53.67262,3.34128,0,10,False
1,Right_Head_Close,15,35.71999,0.221608,1.530644,0.3815376,0.237072,1.240223,0.3886678,-0.5107113,0.3405066,0.3148188,0.7239603,0.4151133,1.112014,0.3859868,0.0677937,-0.5297627,0.02146347,-0.8451596,MathCanvas,3.028189,1.187696,2.19162,0.2216233,1.530697,0.381664,0.9205684,-0.1593023,0.3566185,0.2411699,1.532583,0.3546813,0.9107633,-0.1623485,0.3796752,0.202046,1.528704,0.408394,0.9303719,-0.1570737,0.3312641,0.221608,1.530644,0.3815376,356.5994,53.73195,3.346437,0,10,False
1,Right_Head_Close,16,35.73999,0.2215849,1.530593,0.3814127,0.2370789,1.24021,0.3885876,-0.5105668,0.3406138,0.3148717,0.7239887,0.4150906,1.112045,0.3858007,0.0678739,-0.5298962,0.02158828,-0.8450664,MathCanvas,3.028189,1.187696,2.19162,0.221608,1.530644,0.3815376,0.9206159,-0.1612248,0.3556303,0.241112,1.532525,0.3545305,0.9109091,-0.1643265,0.3784725,0.2020577,1.528661,0.4082949,0.9304729,-0.1590397,0.3300403,0.2215849,1.530593,0.3814127,356.6236,53.80898,3.333845,0,10,False
1,Right_Head_Close,17,35.75999,0.2215157,1.530492,0.3811807,0.23707,1.240191,0.3885032,-0.5104656,0.340691,0.3149729,0.7239798,0.4150565,1.112084,0.3856047,0.06801689,-0.5300523,0.02156913,-0.8449575,MathCanvas,3.028189,1.187696,2.19162,0.2215521,1.530546,0.3812944,0.9212939,-0.1621065,0.3534673,0.2409895,1.532415,0.3542591,0.9115593,-0.1650486,0.3765881,0.202042,1.528569,0.4081022,0.9310284,-0.159767,0.328117,0.2215157,1.530492,0.3811807,356.6629,53.92653,3.317969,0,10,False
1,Right_Head_Close,18,35.77999,0.2215563,1.53042,0.3810063,0.2370415,1.240142,0.3883036,-0.5102202,0.3411606,0.3151904,0.723837,0.4149576,1.112183,0.3850769,0.0684098,-0.5306,0.02100438,-0.8445961,MathCanvas,3.028189,1.187696,2.19162,0.2215157,1.530492,0.3811807,0.9218019,-0.1622069,0.3520939,0.240992,1.532329,0.3540563,0.9122471,-0.1650046,0.3749382,0.2021206,1.52851,0.4079563,0.9316238,-0.1597418,0.3264347,0.2215563,1.53042,0.3810063,356.6665,54.00998,3.294361,0,10,False
1,Right_Head_Close,19,35.79999,0.221689,1.530411,0.3806927,0.2368822,1.240054,0.3877975,-0.5098558,0.3422084,0.3158782,0.723299,0.4148553,1.112339,0.3839476,0.06864611,-0.5321,0.02075902,-0.8436388,MathCanvas,3.028189,1.187696,2.19162,0.2216636,1.530434,0.3808304,0.9225712,-0.162405,0.3499812,0.2410557,1.532275,0.3536899,0.9131315,-0.1655104,0.3725551,0.2023222,1.528548,0.4076955,0.9323772,-0.1603134,0.3239945,0.221689,1.530411,0.3806927,356.6786,54.16492,3.215329,0,10,False
1,Right_Head_Close,20,35.81999,0.2217029,1.530375,0.3805541,0.2368822,1.240054,0.3877975,-0.5098558,0.3422084,0.3158782,0.723299,0.4148436,1.112354,0.3838328,0.06869409,-0.5322626,0.02073915,-0.8435328,MathCanvas,3.028189,1.187696,2.19162,0.221689,1.530411,0.3806927,0.9230769,-0.1629125,0.348409,0.2410351,1.532225,0.3535257,0.9135443,-0.165857,0.3713869,0.2023706,1.528524,0.4075825,0.9327287,-0.1606766,0.3228004,0.2217029,1.530375,0.3805541,356.6938,54.24123,3.192685,0,10,False
1,Right_Head_Close,21,35.83999,0.2218062,1.530267,0.3801337,0.2369234,1.240044,0.3874389,-0.5096188,0.3430266,0.316498,0.7228073,0.4147653,1.112419,0.3830751,0.06887174,-0.5333452,0.02037846,-0.842843,MathCanvas,3.028189,1.187696,2.19162,0.221719,1.530336,0.3804131,0.9257751,-0.1620013,0.3416081,0.2410196,1.532117,0.3530206,0.9171467,-0.1647554,0.3629017,0.2025928,1.528418,0.4072469,0.9358528,-0.1595496,0.3142031,0.2218062,1.530267,0.3801337,356.7246,54.49464,3.190468,0,10,False
1,Right_Head_Close,22,35.85999,0.221853,1.530275,0.3799312,0.2369923,1.240033,0.3872925,-0.509416,0.343409,0.3167461,0.72266,0.4146882,1.112492,0.3825754,0.06900615,-0.534052,0.02024448,-0.8423876,MathCanvas,3.028189,1.187696,2.19162,0.2218062,1.530267,0.3801337,0.9268228,-0.1621531,0.3386825,0.2410112,1.532134,0.3527797,0.9179211,-0.1645787,0.361019,0.2026948,1.528415,0.4070826,0.9365275,-0.1593584,0.312284,0.221853,1.530275,0.3799312,356.7185,54.60913,3.208686,0,10,False
1,Right_Head_Close,23,35.87999,0.2219495,1.530263,0.379568,0.2370598,1.240041,0.3872028,-0.5093417,0.343636,0.316974,0.7225046,0.4146197,1.112556,0.3822416,0.06918985,-0.5343763,0.02017038,-0.8421686,MathCanvas,3.028189,1.187696,2.19162,0.221905,1.530272,0.3797446,0.9314252,-0.1610703,0.3263489,0.2410236,1.532125,0.3523575,0.9226987,-0.1635621,0.3491054,0.2028755,1.528401,0.4067784,0.9406319,-0.1582698,0.3002705,0.2219495,1.530263,0.379568,356.6913,54.78451,3.213069,0,10,False
1,Right_Head_Close,24,35.89999,0.2220075,1.530342,0.3794298,0.2372055,1.240054,0.3868966,-0.5090103,0.3444346,0.3179484,0.7219295,0.4145366,1.112615,0.3817919,0.06945899,-0.5347369,0.0198094,-0.841926,MathCanvas,3.028189,1.187696,2.19162,0.2219495,1.530263,0.379568,0.9319885,-0.1609165,0.3248129,0.2410385,1.532174,0.3521872,0.9232723,-0.1629845,0.3478569,0.2029764,1.528509,0.4066724,0.941128,-0.1577488,0.2989875,0.2220075,1.530342,0.3794298,356.6433,54.8774,3.1613,0,10,False
1,Right_Head_Close,25,35.91999,0.2221597,1.530401,0.3791473,0.2373139,1.240024,0.3864607,-0.5082497,0.3458594,0.3190395,0.7213026,0.4144898,1.112657,0.3811766,0.06959624,-0.5354678,0.01937211,-0.8414603,MathCanvas,3.028189,1.187696,2.19162,0.2220075,1.530342,0.3794298,0.9325235,-0.1603673,0.3235464,0.2411004,1.532217,0.3518408,0.9244629,-0.1624152,0.3449489,0.203219,1.528585,0.4064538,0.9421561,-0.1572137,0.2960167,0.2221597,1.530401,0.3791473,356.6019,55.06759,3.133361,0,10,False
1,Right_Head_Close,26,35.93999,0.2226233,1.530469,0.3782308,0.2375067,1.239982,0.386113,-0.5075741,0.3471654,0.3194285,0.7209787,0.4144931,1.112695,0.3803931,0.06964407,-0.5365028,0.01942297,-0.8407956,MathCanvas,3.028189,1.187696,2.19162,0.2223407,1.530418,0.3787756,0.9789211,-0.1457836,0.1430416,0.2413632,1.532264,0.3507847,0.9752323,-0.1488983,0.1635582,0.2038834,1.528673,0.4056768,0.983,-0.1425946,0.115663,0.2226233,1.530469,0.3782308,356.5882,55.4906,3.098031,0,10,False
1,Right_Head_Close,27,35.95999,0.2227943,1.530502,0.3778698,0.2375067,1.239982,0.386113,-0.5075741,0.3471654,0.3194285,0.7209787,0.4144931,1.112695,0.3803931,0.06964407,-0.5365028,0.01942297,-0.8407956,MathCanvas,2.08461,1.253177,0.6503073,0.2226233,1.530469,0.3782308,0.979167,-0.1458227,0.1413065,0.241455,1.532287,0.3503692,0.9754176,-0.1488861,0.1624601,0.2041336,1.528716,0.4053704,0.9831322,-0.1426103,0.1145136,0.2227943,1.530502,0.3778698,356.575,55.65666,3.080854,0,10,False
1,Right_Head_Close,28,35.97999,0.2231709,1.530474,0.3773054,0.2378664,1.239984,0.3855084,-0.5060376,0.3497067,0.3209829,0.7201397,0.4148596,1.11262,0.3785674,0.0693628,-0.53913,0.01902028,-0.839146,MathCanvas,2.083393,1.253412,0.6463782,0.2229411,1.530527,0.3775221,0.9800276,-0.1456586,0.1353872,0.2416468,1.532175,0.3496749,0.9762921,-0.1499081,0.1561447,0.204695,1.528772,0.4049358,0.9836893,-0.143744,0.1081339,0.2231709,1.530474,0.3773054,356.5732,56.05462,2.935847,0,10,False
1,Right_Head_Close,29,35.99999,0.2234026,1.530408,0.3769451,0.2379268,1.239997,0.3853336,-0.505578,0.3503841,0.3218759,0.7197345,0.4150249,1.112613,0.3779463,0.06920245,-0.5401328,0.01891886,-0.8385164,MathCanvas,2.083267,1.254013,0.6342708,0.2231709,1.530474,0.3773054,0.978507,-0.1490169,0.1425422,0.2417991,1.532088,0.3492604,0.9745646,-0.1530142,0.1637393,0.2050062,1.528728,0.4046298,0.9823814,-0.1468917,0.11554,0.2234026,1.530408,0.3769451,356.6154,56.22474,2.898345,0,10,False
1,Right_Head_Close,30,36.01999,0.2238217,1.530214,0.376429,0.2380914,1.240061,0.3851474,-0.5051603,0.3511406,0.3232357,0.7190493,0.415395,1.112617,0.3768878,0.06910066,-0.5420493,0.0190161,-0.8372849,MathCanvas,2.080178,1.247639,0.6474275,0.2235883,1.530265,0.3766556,0.9790311,-0.1507313,0.1370338,0.2420784,1.531819,0.3486475,0.9749817,-0.155533,0.1588083,0.205565,1.528608,0.4042105,0.9825645,-0.1494747,0.1105632,0.2238217,1.530214,0.376429,356.7174,56.53022,2.768851,0,10,False
1,Right_Head_Close,31,36.03999,0.2240896,1.530332,0.3762285,0.2381964,1.240043,0.3849402,-0.5051449,0.3521952,0.3237446,0.7183152,0.4155653,1.112713,0.3763261,0.06925518,-0.5429242,0.0189793,-0.8367059,MathCanvas,2.079109,1.244574,0.6361113,0.2238217,1.530214,0.376429,0.9790463,-0.1523205,0.1351541,0.2422956,1.531938,0.3484138,0.9752332,-0.1553433,0.1574438,0.2058836,1.528726,0.4040431,0.9827473,-0.1492908,0.1091785,0.2240896,1.530332,0.3762285,356.718,56.63465,2.770406,0,10,False
1,Right_Head_Close,32,36.05999,0.2242471,1.530407,0.3760716,0.2382946,1.24002,0.3847295,-0.5051666,0.3529514,0.3240864,0.7177745,0.4156433,1.112937,0.3757065,0.06973842,-0.5436656,0.01871908,-0.83619,MathCanvas,2.078228,1.241864,0.6321862,0.2240896,1.530332,0.3762285,0.9792925,-0.1523177,0.1333633,0.2424083,1.532016,0.3482277,0.9755765,-0.1546905,0.1559532,0.206086,1.528798,0.4039155,0.9830106,-0.1486481,0.1076746,0.2242471,1.530407,0.3760716,356.6787,56.72468,2.775286,0,10,False
1,Right_Head_Close,33,36.07999,0.2246548,1.530425,0.3757005,0.2384721,1.240023,0.3844749,-0.5050974,0.3535267,0.32463,0.7172941,0.4156757,1.113082,0.3752942,0.07016909,-0.5441472,0.01855625,-0.8358443,MathCanvas,2.078503,1.241999,0.6285904,0.2244624,1.53042,0.3758757,0.9803706,-0.1472847,0.1310747,0.242725,1.532024,0.3477969,0.9766945,-0.1501293,0.1533922,0.2065846,1.528827,0.403604,0.9839535,-0.1442048,0.1050742,0.2246548,1.530425,0.3757005,356.64,56.91136,2.757548,0,10,False
1,Right_Head_Close,34,36.09999,0.2248703,1.530324,0.3755775,0.2386942,1.240003,0.3842145,-0.5046559,0.3544818,0.3246666,0.717117,0.4158241,1.113242,0.3744577,0.0708642,-0.5452536,0.01843518,-0.835067,MathCanvas,2.082238,1.251354,0.6240579,0.2246548,1.530425,0.3757005,0.980626,-0.1471677,0.1292839,0.2429336,1.531941,0.3476706,0.9767703,-0.1499441,0.1530899,0.2068071,1.528706,0.4034845,0.9840165,-0.1439936,0.1047728,0.2248703,1.530324,0.3755775,356.6428,56.92282,2.789886,0,10,False
1,Right_Head_Close,35,36.11999,0.2252152,1.530251,0.3752963,0.2392536,1.239909,0.3837193,-0.5035804,0.3562604,0.3244011,0.7171118,0.4161906,1.113125,0.3732765,0.07072485,-0.5473468,0.01878853,-0.8337005,MathCanvas,2.083008,1.251463,0.620551,0.2250889,1.530361,0.3752926,0.9814305,-0.142188,0.1287513,0.2432443,1.531893,0.3473687,0.9774169,-0.1462233,0.1525612,0.207186,1.528609,0.4032239,0.9846057,-0.1403175,0.1042247,0.2252152,1.530251,0.3752963,356.7305,56.9933,2.832653,0,10,False
1,Right_Head_Close,36,36.13999,0.2253891,1.530208,0.3752035,0.2393458,1.239902,0.3836666,-0.503437,0.3564218,0.3244608,0.7171053,0.4163108,1.113036,0.3729289,0.07058992,-0.548019,0.01900159,-0.8332653,MathCanvas,2.086774,1.260551,0.6195095,0.2252152,1.530251,0.3752963,0.9812598,-0.1429406,0.1292175,0.2433963,1.531857,0.3472621,0.9774167,-0.1463002,0.1524889,0.2073819,1.52856,0.4031448,0.984605,-0.1403879,0.1041363,0.2253891,1.530208,0.3752035,356.7614,57.03888,2.843086,0,10,False
1,Right_Head_Close,37,36.15999,0.2257504,1.530161,0.374947,0.2393458,1.239902,0.3836666,-0.503437,0.3564218,0.3244608,0.7171053,0.4163108,1.113036,0.3729289,0.07058992,-0.548019,0.01900159,-0.8332653,MathCanvas,2.087159,1.259003,0.6203712,0.22557,1.530185,0.3750751,0.9814062,-0.1436276,0.127331,0.2437027,1.531821,0.3469711,0.9776482,-0.146881,0.1504328,0.2077982,1.528501,0.402923,0.9847428,-0.1409367,0.1020702,0.2257504,1.530161,0.374947,356.8073,57.15197,2.863383,0,10,False
1,Right_Head_Close,38,36.17999,0.2259641,1.530016,0.3751127,0.2399505,1.239835,0.3829563,-0.502488,0.3580672,0.3256111,0.7164295,0.4166412,1.112541,0.3715443,0.06992164,-0.5496914,0.0195843,-0.832206,MathCanvas,2.087266,1.25773,0.6164664,0.2257504,1.530161,0.374947,0.9814979,-0.1439095,0.1263013,0.2439256,1.531656,0.3471414,0.9774399,-0.1480038,0.1506862,0.2080026,1.528376,0.403084,0.9845541,-0.1420669,0.1023253,0.2259641,1.530016,0.3751127,356.863,57.13892,2.828498,0,10,False
1,Right_Head_Close,39,36.19999,0.2264476,1.529909,0.3748828,0.240146,1.239824,0.3825561,-0.502868,0.3584092,0.3264151,0.7156255,0.4168387,1.112361,0.3707878,0.06969995,-0.5505556,0.01986885,-0.8316464,MathCanvas,2.088117,1.256983,0.6147386,0.2262128,1.529976,0.374985,0.9880209,-0.1411379,0.06240952,0.2443434,1.531531,0.3468685,0.985782,-0.1451245,0.08469239,0.2085518,1.528287,0.4028972,0.9896017,-0.1388482,0.03754628,0.2264476,1.529909,0.3748828,356.9525,57.28035,2.797875,0,10,False
1,Right_Head_Close,40,36.21999,0.2266635,1.529851,0.3747965,0.240146,1.239824,0.3825561,-0.502868,0.3584092,0.3264151,0.7156255,0.4168387,1.112361,0.3707878,0.06969995,-0.5505556,0.01986885,-0.8316464,MathCanvas,2.091601,1.263474,0.4926975,0.2264476,1.529909,0.3748828,0.987978,-0.1419871,0.06114751,0.2445321,1.531468,0.3467645,0.9857718,-0.1457883,0.08366522,0.2087949,1.528234,0.4028285,0.989548,-0.1395041,0.03651685,0.2266635,1.529851,0.3747965,356.991,57.33867,2.788289,0,10,False
1,Right_Head_Close,41,36.23999,0.2269028,1.529783,0.3746905,0.2401943,1.239823,0.3824962,-0.5029541,0.3584059,0.3265176,0.7155198,0.4168678,1.112332,0.3706611,0.06966255,-0.5507252,0.01986921,-0.8315372,MathCanvas,2.091746,1.261811,0.4902294,0.2266635,1.529851,0.3747965,0.9879461,-0.1426469,0.06011933,0.2447401,1.531393,0.3466381,0.9857584,-0.1465493,0.0824855,0.2090656,1.528173,0.4027429,0.9894845,-0.1402567,0.0353345,0.2269028,1.529783,0.3746905,357.0346,57.40582,2.776547,0,10,False
1,Right_Head_Close,42,36.25999,0.2275495,1.529631,0.3743253,0.2408588,1.239825,0.3821098,-0.5018606,0.3591518,0.3274235,0.7154998,0.4173541,1.112189,0.3690085,0.06959283,-0.5531778,0.01942724,-0.8299239,MathCanvas,2.091661,1.260536,0.4881664,0.2272212,1.529656,0.3744819,0.9878449,-0.1455748,0.05450213,0.2452817,1.531206,0.3462044,0.9858396,-0.1491978,0.07655215,0.2098174,1.528055,0.4024462,0.989302,-0.1428804,0.02943581,0.2275495,1.529631,0.3743253,357.1325,57.62977,2.71622,0,10,False
1,Right_Head_Close,43,36.27999,0.2278211,1.529584,0.3741918,0.240943,1.239811,0.3820774,-0.5016475,0.3593156,0.3273981,0.7155786,0.4174112,1.112194,0.3688544,0.0695797,-0.5533873,0.0194671,-0.8297845,MathCanvas,2.090083,1.255157,0.4770864,0.2275495,1.529631,0.3743253,0.9883819,-0.1426577,0.0524419,0.2455122,1.531152,0.3460446,0.9864274,-0.1463306,0.07448888,0.2101301,1.528017,0.402339,0.9897604,-0.1400889,0.0273788,0.2278211,1.529584,0.3741918,357.1615,57.71585,2.702468,0,10,False
1,Right_Head_Close,44,36.29999,0.22825,1.529551,0.3738171,0.2414414,1.239788,0.3819447,-0.5015837,0.3579369,0.3278159,0.7161227,0.4179686,1.112403,0.3672754,0.07033995,-0.5559949,0.01950049,-0.8279744,MathCanvas,2.092732,1.260413,0.4731409,0.2281154,1.529583,0.3740509,0.9881314,-0.1465062,0.04617637,0.2458225,1.531102,0.3455949,0.9865345,-0.1491894,0.06702304,0.2106774,1.528,0.4020394,0.9895378,-0.142884,0.01997739,0.22825,1.529551,0.3738171,357.1579,57.95891,2.674187,0,10,False
1,Right_Head_Close,45,36.31999,0.2285341,1.529521,0.3736773,0.241844,1.239793,0.3819607,-0.5015967,0.3562426,0.3277794,0.7169746,0.4181492,1.112485,0.3668253,0.07074472,-0.5567749,0.01955986,-0.8274143,MathCanvas,2.090502,1.253443,0.4608421,0.22825,1.529551,0.3738171,0.9883211,-0.1460374,0.04352415,0.2460504,1.531071,0.34542,0.9866372,-0.1493915,0.06503201,0.2110178,1.527971,0.4019345,0.9895475,-0.1430821,0.01798111,0.2285341,1.529521,0.3736773,357.1704,58.07376,2.672864,0,10,False
1,Right_Head_Close,46,36.33999,0.228976,1.529437,0.3733833,0.2426053,1.239837,0.3821002,-0.5016699,0.3525481,0.3268953,0.7191499,0.4183168,1.112542,0.3664549,0.07096601,-0.5573134,0.01964784,-0.8270305,MathCanvas,2.091521,1.254241,0.4557204,0.2287404,1.529472,0.3735348,0.9885792,-0.1467399,0.03433496,0.2463811,1.53098,0.345057,0.987062,-0.1502846,0.05588484,0.211571,1.527894,0.4017096,0.9895476,-0.143929,0.008948952,0.228976,1.529437,0.3733833,357.2185,58.30229,2.660182,0,10,False
1,Right_Head_Close,47,36.35999,0.22921,1.529401,0.3732323,0.2426053,1.239837,0.3821002,-0.5016699,0.3525481,0.3268953,0.7191499,0.4183168,1.112542,0.3664549,0.07096601,-0.5573134,0.01964784,-0.8270305,MathCanvas,2.091298,1.253003,0.4380648,0.228976,1.529437,0.3733833,0.9885886,-0.1471075,0.03243721,0.2465617,1.53094,0.3448731,0.987111,-0.1506515,0.0539988,0.2118582,1.527863,0.4015916,0.9895098,-0.1442936,0.007058829,0.22921,1.529401,0.3732323,357.2386,58.41151,2.652558,0,10,False
1,Right_Head_Close,48,36.37999,0.2294755,1.529388,0.3729955,0.2447959,1.240222,0.3830858,-0.5040067,0.3345904,0.3241724,0.7272817,0.4187801,1.112652,0.3652009,0.0709858,-0.5593945,0.01924141,-0.8256322,MathCanvas,2.091712,1.252251,0.4343441,0.22921,1.529401,0.3732323,0.9886526,-0.1474446,0.0287438,0.2467561,1.530952,0.3445942,0.9873363,-0.1507017,0.04955843,0.2121949,1.527825,0.4013968,0.9895319,-0.1442893,0.002663195,0.2294755,1.529388,0.3729955,357.2672,58.55313,2.696344,0,10,False
1,Right_Head_Close,49,36.39999,0.2299844,1.529617,0.3728989,0.2451993,1.240129,0.3843623,-0.5050685,0.323513,0.3249161,0.7312145,0.4190864,1.112713,0.3642401,0.07114887,-0.560702,0.01923938,-0.8247309,MathCanvas,2.091764,1.251653,0.4271392,0.2297685,1.529533,0.372932,0.9885685,-0.1487971,0.02432472,0.2471553,1.531205,0.3444325,0.9874129,-0.1513874,0.04579943,0.2128134,1.52803,0.4013653,0.9894426,-0.1449211,-0.001102656,0.2299844,1.529617,0.3728989,357.1909,58.76732,2.737244,0,10,False
1,Right_Head_Close,50,36.41999,0.2302439,1.529525,0.3726832,0.2452807,1.239985,0.3848397,-0.5051778,0.3201784,0.3247865,0.732663,0.4191643,1.11273,0.36396,0.07124153,-0.5609967,0.01926398,-0.8245218,MathCanvas,2.091209,1.24947,0.4186962,0.2299844,1.529617,0.3728989,0.988714,-0.1481174,0.02248949,0.2473661,1.531113,0.3441875,0.9875917,-0.1506563,0.04433206,0.2131217,1.527938,0.4011789,0.9895437,-0.1442104,-0.002575874,0.2302439,1.529525,0.3726832,357.1454,58.86315,2.737518,0,10,False
1,Right_Head_Close,51,36.43999,0.2307011,1.529618,0.372597,0.2458255,1.239612,0.3857153,-0.50427,0.3155933,0.3216671,0.736643,0.4194158,1.112746,0.3631212,0.07151011,-0.562127,0.01932809,-0.8237268,MathCanvas,2.092263,1.25058,0.415037,0.2304891,1.529551,0.3725813,0.9898531,-0.1402562,0.02278525,0.2477317,1.531214,0.3440469,0.9886793,-0.1431465,0.04497078,0.2136706,1.528022,0.4011471,0.990583,-0.1368987,-0.00204128,0.2307011,1.529618,0.372597,357.1032,59.0442,2.751947,0,10,False
1,Right_Head_Close,52,36.45999,0.230791,1.529394,0.3726243,0.2469872,1.239231,0.3867791,-0.5044439,0.3045668,0.3080509,0.7469137,0.4201719,1.112539,0.3616228,0.0709692,-0.5650074,0.01991843,-0.8217866,MathCanvas,2.097886,1.265049,0.4155774,0.2307011,1.529618,0.372597,0.9899153,-0.1400233,0.02148151,0.2477785,1.530966,0.3440472,0.988403,-0.1455597,0.04326507,0.2138034,1.527822,0.4012013,0.9902449,-0.1392882,-0.003746331,0.230791,1.529394,0.3726243,357.2396,59.14011,2.710361,0,10,False
1,Right_Head_Close,53,36.47999,0.2311484,1.529249,0.3725322,0.248126,1.239048,0.3880038,-0.5046975,0.2907738,0.2992553,0.7557627,0.4204326,1.112431,0.3612244,0.07066701,-0.5658862,0.02003098,-0.8212051,MathCanvas,2.098649,1.265186,0.4131574,0.2309543,1.529302,0.3725856,0.9894583,-0.1431148,0.02214855,0.248048,1.530818,0.3439028,0.9882115,-0.1466318,0.04401171,0.2142489,1.52768,0.4011615,0.9900951,-0.1403632,-0.003099173,0.2311484,1.529249,0.3725322,357.294,59.31933,2.705149,0,10,False
1,Right_Head_Close,54,36.49999,0.2312303,1.529142,0.3725875,0.249508,1.239084,0.3897614,-0.5033131,0.2537038,0.277146,0.7781391,0.4208943,1.112207,0.3605736,0.07015631,-0.5674837,0.01963352,-0.8201554,MathCanvas,2.096933,1.259383,0.4142968,0.2311484,1.529249,0.3725322,0.9894389,-0.1434983,0.02047348,0.2481029,1.530724,0.3439429,0.9881834,-0.147137,0.04294696,0.2143578,1.52756,0.401232,0.9900244,-0.1408348,-0.004160911,0.2312303,1.529142,0.3725875,357.339,59.37382,2.72725,0,10,False
1,Right_Head_Close,55,36.51999,0.2312731,1.52906,0.3727802,0.2503183,1.238862,0.390567,-0.4980065,0.2426829,0.2626406,0.7900091,0.4213201,1.11205,0.3601449,0.06985506,-0.5688182,0.01924218,-0.8192654,MathCanvas,2.09732,1.258504,0.4112006,0.2312303,1.529142,0.3725875,0.989417,-0.1436695,0.02033234,0.248131,1.530642,0.344127,0.9881741,-0.1470845,0.04333773,0.2144152,1.527478,0.4014333,0.9900323,-0.1407895,-0.003793299,0.2312731,1.52906,0.3727802,357.3568,59.40396,2.727337,0,10,False
1,Right_Head_Close,56,36.53999,0.2314472,1.528905,0.3729767,0.2509728,1.238211,0.3908551,-0.4977346,0.2455145,0.2553315,0.7916999,0.4214799,1.11206,0.360124,0.06967261,-0.5691836,0.01938306,-0.8190238,MathCanvas,2.097548,1.258065,0.4111318,0.2313613,1.528978,0.3728864,0.9888168,-0.1464913,0.02796209,0.2482643,1.530533,0.3443021,0.9874097,-0.1498263,0.05073753,0.2146302,1.527277,0.4016513,0.9896516,-0.143451,0.003394902,0.2314472,1.528905,0.3729767,357.4304,59.48341,2.806748,0,10,False
1,Right_Head_Close,57,36.55999,0.2315474,1.528827,0.3730495,0.2515667,1.238055,0.39141,-0.4966592,0.23875,0.2487512,0.7965242,0.4214718,1.11208,0.3601462,0.06967557,-0.569156,0.01932369,-0.8190442,MathCanvas,2.0964,1.252616,0.4257145,0.2314472,1.528905,0.3729767,0.9888192,-0.1466394,0.02708536,0.2483381,1.530475,0.3443606,0.9874241,-0.150079,0.04969877,0.2147567,1.52718,0.4017384,0.9896235,-0.143666,0.00235945,0.2315474,1.528827,0.3730495,357.4644,59.53517,2.840337,0,10,False
1,Right_Head_Close,58,36.57999,0.2314476,1.528636,0.3736004,0.250203,1.237577,0.3900535,-0.4977375,0.2514256,0.2592867,0.7885512,0.4212491,1.112314,0.3605202,0.07000933,-0.5681809,0.01844749,-0.8197127,MathCanvas,2.097006,1.252185,0.4241474,0.2316591,1.528752,0.3731149,0.9887981,-0.1471506,0.02500099,0.2482807,1.530291,0.3449368,0.9871729,-0.1513092,0.05094293,0.2146145,1.52698,0.402264,0.9894466,-0.1448529,0.003612965,0.2314476,1.528636,0.3736004,357.5518,59.4539,2.853531,0,10,False
1,Right_Head_Close,59,36.59999,0.2314417,1.528584,0.3738152,0.2497827,1.237624,0.3896456,-0.4959922,0.2564752,0.2641429,0.78641,0.4212051,1.112369,0.3606508,0.07012334,-0.5678949,0.01839881,-0.8199022,MathCanvas,2.09686,1.251029,0.4207659,0.2314476,1.528636,0.3736004,0.9881697,-0.1495716,0.03389877,0.24829,1.530242,0.3451607,0.9864814,-0.1532409,0.05806631,0.2145934,1.526926,0.4024697,0.9891127,-0.1467794,0.01058319,0.2314417,1.528584,0.3738152,357.5836,59.42461,2.858596,0,10,False
1,Right_Head_Close,60,36.61999,0.2314655,1.528427,0.3742129,0.2497452,1.237503,0.3895663,-0.4944884,0.2577422,0.2650631,0.7866332,0.4212051,1.112369,0.3606508,0.07012334,-0.5678949,0.01839881,-0.8199022,MathCanvas,2.096564,1.246275,0.4377975,0.2314612,1.528502,0.3740018,0.9880235,-0.1504433,0.0342986,0.2483027,1.530102,0.3455528,0.9863556,-0.1542793,0.05745083,0.2146282,1.526752,0.4028729,0.9889721,-0.1477658,0.009974539,0.2314655,1.528427,0.3742129,357.6656,59.44894,2.886522,0,10,False
1,Right_Head_Close,61,36.63999,0.2313843,1.528319,0.3743943,0.2489616,1.237695,0.3883486,-0.492252,0.2784633,0.2816033,0.7751424,0.4209934,1.11238,0.3612705,0.06993613,-0.5672886,0.01829951,-0.82034,MathCanvas,2.096316,1.244472,0.43895,0.2314655,1.528427,0.3742129,0.9883083,-0.1484739,0.03467339,0.2482304,1.530041,0.3457423,0.9865738,-0.1525363,0.05834919,0.2145382,1.526597,0.4030464,0.9892257,-0.1459942,0.01086393,0.2313843,1.528319,0.3743943,357.762,59.4304,2.967731,0,10,False
1,Right_Head_Close,62,36.65999,0.2313279,1.528141,0.3747841,0.249051,1.237516,0.3877394,-0.4914965,0.2872122,0.2846898,0.7712924,0.4207704,1.112316,0.3621992,0.06942005,-0.5659545,0.0178597,-0.8213145,MathCanvas,2.098271,1.247856,0.4398913,0.2313509,1.528234,0.3745906,0.9882541,-0.1479478,0.03828251,0.2481863,1.529889,0.3461409,0.9865381,-0.1512281,0.06223068,0.2144695,1.526392,0.4034273,0.9893675,-0.1446951,0.01467505,0.2313279,1.528141,0.3747841,357.8127,59.40529,3.013558,0,10,False
1,Right_Head_Close,63,36.67999,0.2313113,1.528062,0.3749815,0.2490227,1.237447,0.3875738,-0.4906321,0.2904378,0.2863955,0.7700024,0.4207229,1.11232,0.3623459,0.06938265,-0.5657258,0.01773136,-0.8214779,MathCanvas,2.099139,1.248518,0.4471384,0.2313279,1.528141,0.3747841,0.9882481,-0.1479897,0.03827643,0.2481687,1.529819,0.3463382,0.9864945,-0.1516497,0.06189525,0.2144539,1.526304,0.4036247,0.9893138,-0.1450946,0.01434225,0.2313113,1.528062,0.3749815,357.8463,59.40799,3.028883,0,10,False
1,Right_Head_Close,64,36.69999,0.2313175,1.528016,0.3751984,0.2493715,1.237459,0.3874565,-0.4918886,0.2892683,0.2850134,0.7701538,0.4204667,1.112445,0.3629518,0.06938741,-0.5646761,0.01709491,-0.8222129,MathCanvas,2.099571,1.248291,0.4473422,0.2313113,1.528062,0.3749815,0.9881958,-0.148373,0.03814173,0.2481758,1.529776,0.3465558,0.9865797,-0.1510501,0.06200364,0.2144593,1.526257,0.403841,0.9893983,-0.1445067,0.01444879,0.2313175,1.528016,0.3751984,357.8089,59.40407,3.032084,0,10,False
1,Right_Head_Close,65,36.71999,0.2314103,1.528077,0.3755526,0.2499268,1.237491,0.3877932,-0.4929596,0.2848096,0.2779502,0.7737041,0.4202864,1.112771,0.3635379,0.06995303,-0.5637122,0.01713033,-0.8228254,MathCanvas,2.099493,1.247519,0.4473051,0.2313136,1.527973,0.3754002,0.9894763,-0.1446259,-0.004476786,0.248267,1.529889,0.3469123,0.9889757,-0.1468966,0.01866987,0.2145536,1.526266,0.4041929,0.9897491,-0.140084,-0.02780625,0.2314103,1.528077,0.3755526,357.7813,59.39941,3.121952,0,10,False
1,Right_Head_Close,66,36.73999,0.2314819,1.528096,0.3757061,0.2496508,1.237515,0.3882372,-0.4928383,0.2806761,0.2805814,0.7743419,0.4202826,1.112901,0.3637422,0.07008782,-0.5634106,0.01719511,-0.8230192,MathCanvas,2.098535,1.255171,0.367105,0.2314103,1.528077,0.3755526,0.989641,-0.1434911,-0.004558086,0.2483365,1.529938,0.3470665,0.9890642,-0.1463165,0.01853263,0.2146273,1.526255,0.4043457,0.9898319,-0.1394708,-0.02793914,0.2314819,1.528096,0.3757061,357.7722,59.39937,3.174122,0,10,False
1,Right_Head_Close,67,36.75999,0.2315855,1.528134,0.376082,0.2496469,1.237608,0.3893079,-0.4903061,0.2772512,0.2843281,0.7758152,0.4202958,1.113009,0.3638691,0.07018066,-0.5632243,0.01673639,-0.8231483,MathCanvas,2.099477,1.25725,0.3671025,0.231514,1.52809,0.3758828,0.9897775,-0.1425413,-0.00474894,0.2484344,1.52996,0.3474382,0.9890397,-0.1465014,0.01838657,0.2147365,1.526308,0.4047259,0.9897989,-0.1396752,-0.02808726,0.2315855,1.528134,0.376082,357.7696,59.41237,3.147898,0,10,False
1,Right_Head_Close,68,36.77999,0.2316849,1.528164,0.3762034,0.2499765,1.237708,0.3899938,-0.4874402,0.2785638,0.2826995,0.7777438,0.4204466,1.113015,0.3638842,0.07023099,-0.5636656,0.01671365,-0.8228422,MathCanvas,2.100196,1.259029,0.3671165,0.2315855,1.528134,0.376082,0.9885874,-0.1504458,-0.007804036,0.2485267,1.52997,0.3475541,0.9878984,-0.1543569,0.01518375,0.214843,1.526358,0.4048528,0.988593,-0.1473415,-0.03121382,0.2316849,1.528164,0.3762034,357.776,59.42945,3.112995,0,10,False
1,Right_Head_Close,69,36.79999,0.2318726,1.528129,0.3764185,0.2506312,1.237787,0.3907469,-0.4843642,0.2818434,0.2799912,0.7794617,0.4206288,1.112966,0.3639328,0.07020134,-0.5641758,0.01714356,-0.8224862,MathCanvas,2.09479,1.244632,0.3614958,0.2317859,1.52816,0.3762972,0.987924,-0.1543472,-0.0135237,0.248699,1.529933,0.34776,0.9873723,-0.1581419,0.009330511,0.2150462,1.526325,0.405077,0.9878447,-0.1509957,-0.03692281,0.2318726,1.528129,0.3764185,357.8098,59.46237,3.109522,0,10,False
1,Right_Head_Close,70,36.81999,0.2319818,1.528036,0.3764859,0.2509457,1.237892,0.3913035,-0.4819178,0.286009,0.279696,0.7795668,0.4208377,1.112852,0.3639821,0.0698602,-0.5646315,0.01745588,-0.8221959,MathCanvas,2.091717,1.237558,0.3509591,0.2318726,1.528129,0.3764185,0.9878858,-0.1545698,-0.01378667,0.2488186,1.529834,0.3478331,0.987232,-0.1590008,0.009588569,0.2151449,1.526238,0.4051387,0.9877247,-0.1518415,-0.03666225,0.2319818,1.528036,0.3764859,357.8611,59.44512,3.09868,0,10,False
1,Right_Head_Close,71,36.83999,0.2320889,1.527984,0.3765768,0.2511116,1.237964,0.3916561,-0.4798081,0.2886406,0.2799602,0.7798032,0.4209618,1.11272,0.3640729,0.06947523,-0.5648423,0.01722656,-0.8220887,MathCanvas,2.091621,1.237067,0.3505332,0.2319818,1.528036,0.3764859,0.9877556,-0.1554222,-0.01352787,0.2489368,1.529766,0.3479295,0.9871781,-0.1593081,0.01001137,0.215241,1.526202,0.4052241,0.9876902,-0.1521665,-0.03624201,0.2320889,1.527984,0.3765768,357.8656,59.42512,3.070751,0,10,False
1,Right_Head_Close,72,36.85999,0.2323257,1.528024,0.3767723,0.2522453,1.238169,0.391971,-0.4750651,0.2964699,0.2753381,0.781414,0.4210968,1.112559,0.3643123,0.06943286,-0.5649543,0.01726712,-0.8220143,MathCanvas,2.091128,1.235466,0.3511162,0.2322064,1.527987,0.3766797,0.9873602,-0.1578567,-0.01419425,0.2491483,1.529709,0.3481042,0.9867934,-0.1617616,0.00848335,0.2155031,1.526339,0.4054403,0.987239,-0.1547032,-0.03776163,0.2323257,1.528024,0.3767723,357.8362,59.48552,2.904342,0,10,False
1,Right_Head_Close,73,36.87999,0.2324535,1.528033,0.376845,0.2526879,1.238274,0.3920835,-0.4729362,0.3021324,0.2745482,0.7808142,0.4211062,1.112543,0.3643521,0.06944293,-0.5649488,0.01730871,-0.8220164,MathCanvas,2.089547,1.231096,0.3500729,0.2323257,1.528024,0.3767723,0.9872934,-0.1582334,-0.01463008,0.2492669,1.529696,0.3481703,0.9867669,-0.1619344,0.008268625,0.2156401,1.526371,0.4055198,0.9871985,-0.1549082,-0.03798157,0.2324535,1.528033,0.376845,357.8249,59.50601,2.864763,0,10,False
1,Right_Head_Close,74,36.89999,0.2327889,1.528108,0.3767422,0.2533147,1.238935,0.3906275,-0.4661057,0.3358006,0.2812226,0.7686985,0.4209437,1.11244,0.3648023,0.0693512,-0.5646353,0.01732415,-0.8222392,MathCanvas,2.089411,1.230419,0.349328,0.2326376,1.528111,0.3767948,0.9871078,-0.1585344,-0.02202702,0.249537,1.52978,0.3480298,0.9867038,-0.1625289,0.000118494,0.2160409,1.526436,0.4054546,0.9867769,-0.1554297,-0.04596743,0.2327889,1.528108,0.3767422,357.8604,59.63716,2.881637,0,10,False
1,Right_Head_Close,75,36.91999,0.2329085,1.528052,0.3767001,0.2528898,1.239281,0.3899922,-0.4655846,0.3408825,0.286674,0.7647536,0.420839,1.112391,0.3651429,0.06925911,-0.5643582,0.01744674,-0.8224345,MathCanvas,2.088609,1.230054,0.3353301,0.2327889,1.528108,0.3767422,0.9870158,-0.1589804,-0.02291739,0.24964,1.529714,0.3479774,0.9865872,-0.1632342,-0.0005050302,0.2161771,1.52639,0.4054228,0.9866368,-0.1561321,-0.04659009,0.2329085,1.528052,0.3767001,357.8976,59.6734,2.864134,0,10,False
1,Right_Head_Close,76,36.93999,0.2331379,1.527919,0.3766351,0.2523051,1.239582,0.3895866,-0.4645992,0.347998,0.2911366,0.7604502,0.4206987,1.11239,0.36548,0.06919048,-0.5639821,0.01779323,-0.8226909,MathCanvas,2.088387,1.229187,0.333618,0.2330135,1.527982,0.3766741,0.9871119,-0.1581434,-0.02451408,0.2498211,1.529546,0.3478824,0.9867143,-0.1624494,-0.00223583,0.2164547,1.526291,0.4053878,0.9866654,-0.1554232,-0.04832259,0.2331379,1.527919,0.3766351,357.9914,59.778,2.804205,0,10,False
1,Right_Head_Close,77,36.95999,0.2332625,1.527881,0.3766264,0.2523506,1.239763,0.3894183,-0.4629494,0.3538445,0.2928099,0.7581124,0.4206987,1.11239,0.36548,0.06919048,-0.5639821,0.01779323,-0.8226909,MathCanvas,2.088845,1.230619,0.3305502,0.2331379,1.527919,0.3766351,0.9876348,-0.1554935,-0.01998854,0.2499249,1.529494,0.3478608,0.9871762,-0.1596171,0.002385676,0.2166001,1.526268,0.4053919,0.9872957,-0.1527226,-0.04385081,0.2332625,1.527881,0.3766264,358.0226,59.82243,2.780007,0,10,False
1,Right_Head_Close,78,36.97999,0.2333869,1.527754,0.3764537,0.2507885,1.239363,0.3897558,-0.4613512,0.3506343,0.3013995,0.7572114,0.4204774,1.112473,0.3657231,0.06928665,-0.5634957,0.01787444,-0.8230143,MathCanvas,2.091269,1.235356,0.3390225,0.2332625,1.527881,0.3766264,0.9875125,-0.1561708,-0.02072549,0.2500061,1.529378,0.3476637,0.9869752,-0.1608718,0.0006591678,0.2167677,1.526131,0.4052437,0.9870309,-0.1539272,-0.04557064,0.2333869,1.527754,0.3764537,358.1168,59.912,2.797254,0,10,False
1,Right_Head_Close,79,36.99999,0.2336225,1.527603,0.3760787,0.2497446,1.239078,0.3894382,-0.4681899,0.3325672,0.3026116,0.760673,0.4201837,1.112884,0.3655469,0.07003906,-0.5634307,0.01724999,-0.8230084,MathCanvas,2.090824,1.234009,0.3374706,0.2335235,1.527673,0.3762127,0.9870098,-0.1590546,-0.02265298,0.2501375,1.529143,0.3472242,0.9865725,-0.1633175,-0.001368731,0.2171076,1.526064,0.4049332,0.9865341,-0.1564604,-0.04765177,0.2336225,1.527603,0.3760787,358.1809,60.13094,2.652478,0,10,False
1,Right_Head_Close,80,37.01999,0.2337361,1.52755,0.3759573,0.2495523,1.239088,0.3893538,-0.4691032,0.3324007,0.3036606,0.7597646,0.4201837,1.112884,0.3655469,0.07003906,-0.5634307,0.01724999,-0.8230084,MathCanvas,2.088786,1.228648,0.3335006,0.2336225,1.527603,0.3760787,0.9868802,-0.1599027,-0.02232659,0.2502129,1.529069,0.3470799,0.9864484,-0.1640715,-0.000454396,0.2172592,1.526032,0.4048347,0.9864517,-0.1572355,-0.04679772,0.2337361,1.52755,0.3759573,358.2099,60.20996,2.6161,0,10,False
1,Right_Head_Close,81,37.03999,0.2340235,1.527693,0.3753125,0.2489994,1.238751,0.3887948,-0.475299,0.3269373,0.3024126,0.7587816,0.4201067,1.11328,0.3639476,0.07156765,-0.5662526,0.01717897,-0.8209391,MathCanvas,2.088513,1.227024,0.333996,0.2338534,1.527499,0.3758333,0.9865755,-0.1613968,-0.02489769,0.2503279,1.529214,0.3463376,0.9865566,-0.1633006,-0.006239444,0.2177191,1.526172,0.4042875,0.9862802,-0.1564808,-0.05258426,0.2340235,1.527693,0.3753125,358.1611,60.5491,2.620973,0,10,False
1,Right_Head_Close,82,37.05999,0.234113,1.527731,0.3750122,0.2486691,1.238736,0.388472,-0.4776978,0.3250059,0.3046656,0.757202,0.4202077,1.113234,0.3631,0.07169191,-0.5678571,0.01657568,-0.8198316,MathCanvas,2.087437,1.224488,0.3285389,0.2340235,1.527693,0.3753125,0.9866965,-0.1598917,-0.02940798,0.250352,1.529245,0.3460003,0.9865223,-0.1634089,-0.008439332,0.2178739,1.526217,0.4040242,0.9861419,-0.1565973,-0.05478489,0.234113,1.527731,0.3750122,358.1614,60.67893,2.608929,0,10,False
1,Right_Head_Close,83,37.07999,0.2342793,1.527704,0.3744659,0.2483665,1.238827,0.3879489,-0.4811467,0.3224357,0.307985,0.7547704,0.4204811,1.113017,0.3615955,0.07148645,-0.5706499,0.01646482,-0.8179104,MathCanvas,2.088272,1.227269,0.31975,0.23419,1.527715,0.3747159,0.9867207,-0.1581614,-0.03697622,0.2503635,1.529167,0.3453652,0.9866387,-0.1621016,-0.0163441,0.2181951,1.52624,0.4035667,0.9858676,-0.1553848,-0.06261438,0.2342793,1.527704,0.3744659,358.1934,60.99074,2.520757,0,10,False
1,Right_Head_Close,84,37.09999,0.2342965,1.527586,0.3741352,0.249103,1.239089,0.3876508,-0.4811139,0.3228749,0.306757,0.7551035,0.4208896,1.112687,0.3596466,0.07107857,-0.5742177,0.01762301,-0.815421,MathCanvas,2.088739,1.230452,0.3049722,0.2342793,1.527704,0.3744659,0.9869151,-0.1586197,-0.02895498,0.2502715,1.529003,0.3449721,0.986485,-0.1635849,-0.009347409,0.2183216,1.526169,0.4032984,0.9860173,-0.1569792,-0.05592185,0.2342965,1.527586,0.3741352,358.2585,61.21281,2.441347,0,10,False
1,Right_Head_Close,85,37.11999,0.2345921,1.527319,0.3731909,0.2493641,1.239209,0.3871153,-0.4788642,0.3264538,0.3075456,0.754674,0.4212389,1.112458,0.3573396,0.07078839,-0.5780787,0.01761565,-0.8127138,MathCanvas,2.089538,1.229407,0.3197045,0.2343464,1.527383,0.373753,0.9862974,-0.1611134,-0.03549933,0.2502748,1.52868,0.3438669,0.986101,-0.1650469,-0.01908553,0.2189093,1.525958,0.4025148,0.9851745,-0.1584924,-0.06566021,0.2345921,1.527319,0.3731909,358.3017,61.79211,2.344661,0,10,False
1,Right_Head_Close,86,37.13999,0.2348199,1.527273,0.3726389,0.2493319,1.239204,0.3869063,-0.4787428,0.3275317,0.3081666,0.7540302,0.4213344,1.112389,0.3563791,0.07079363,-0.5796306,0.01758084,-0.811608,MathCanvas,2.087188,1.224695,0.3065113,0.2345921,1.527319,0.3731909,0.9864423,-0.1581468,-0.04383433,0.2503326,1.528606,0.3432234,0.9864244,-0.1621082,-0.02622327,0.2193073,1.52594,0.4020545,0.9851277,-0.1556619,-0.07275167,0.2348199,1.527273,0.3726389,358.323,62.12727,2.296584,1,11,False
1,Right_Head_Close,87,37.15999,0.2349908,1.527234,0.3717487,0.2493403,1.238997,0.3857437,-0.4771197,0.335736,0.3098653,0.7507474,0.4212902,1.112392,0.3550789,0.07095984,-0.5813122,0.01755922,-0.8103904,MathCanvas,2.088444,1.2301,0.2902699,0.2348199,1.527273,0.3726389,0.9860559,-0.1588859,-0.0494895,0.2501653,1.528621,0.3421598,0.9860996,-0.1617998,-0.03779203,0.2198164,1.525847,0.4013377,0.9842685,-0.1552752,-0.08429149,0.2349908,1.527234,0.3717487,358.3548,62.7807,2.389491,1,11,False
1,Right_Head_Close,88,37.17999,0.2352054,1.526958,0.3705583,0.2499731,1.238203,0.3842037,-0.4724522,0.3486277,0.3072897,0.7488796,0.4213418,1.112442,0.352736,0.07077959,-0.5850224,0.01704657,-0.8077428,MathCanvas,2.087355,1.228757,0.2787798,0.235224,1.527168,0.3710276,0.9861317,-0.1523618,-0.06580544,0.2499481,1.528433,0.3407561,0.9864582,-0.1561867,-0.05005947,0.2204627,1.525484,0.4003606,0.9840056,-0.1496829,-0.096582,0.2352054,1.526958,0.3705583,358.4643,63.61095,2.540595,1,11,False
1,Right_Head_Close,89,37.19999,0.2351956,1.526698,0.3700111,0.2500126,1.237909,0.3834809,-0.472357,0.3517058,0.3078923,0.7472512,0.4213968,1.112572,0.3515914,0.07096088,-0.586906,0.01645716,-0.8063715,MathCanvas,2.089645,1.240439,0.2468099,0.2352054,1.526958,0.3705583,0.9860504,-0.1529802,-0.06558669,0.2497386,1.528138,0.3401092,0.9861332,-0.1585827,-0.04891655,0.2206525,1.525259,0.3999129,0.9837211,-0.1521276,-0.09565473,0.2351956,1.526698,0.3700111,358.5884,64.00242,2.479764,1,11,False
1,Right_Head_Close,90,37.21999,0.2353795,1.526243,0.368637,0.249653,1.237744,0.3822212,-0.4746912,0.3536877,0.314072,0.742248,0.4212919,1.113167,0.3493097,0.07249209,-0.5902119,0.01511978,-0.8038447,MathCanvas,2.089248,1.239052,0.2466896,0.2353132,1.526421,0.3693827,0.9840171,-0.163467,-0.07063293,0.2494528,1.52767,0.3385106,0.9840018,-0.1690358,-0.05628109,0.2213061,1.524815,0.3987634,0.9813114,-0.1623985,-0.1032211,0.2353795,1.526243,0.368637,358.8249,64.91021,2.458186,1,11,False
1,Right_Head_Close,91,37.23999,0.2354706,1.526012,0.3680016,0.2496538,1.237619,0.3816438,-0.4746144,0.3561344,0.3152426,0.7406293,0.4212959,1.113276,0.3482223,0.07276825,-0.5918843,0.01478353,-0.8025953,MathCanvas,2.081427,1.219573,0.2361274,0.2353795,1.526243,0.368637,0.9829425,-0.1657181,-0.07976115,0.2493162,1.527438,0.3377698,0.9832882,-0.1704812,-0.06388056,0.2216249,1.524587,0.3982334,0.9802504,-0.1638097,-0.1107948,0.2354706,1.526012,0.3680016,358.9186,65.34666,2.454904,1,11,False
1,Right_Head_Close,92,37.25999,0.2353777,1.526136,0.3673409,0.2493261,1.238144,0.3807481,-0.4750305,0.3549732,0.324848,0.736759,0.4209561,1.114027,0.3460739,0.07400778,-0.5942572,0.01434779,-0.8007343,MathCanvas,2.078522,1.215285,0.2184467,0.2354463,1.526211,0.3676755,0.9824834,-0.1670429,-0.08260381,0.2488677,1.527603,0.3369508,0.9831984,-0.1707898,-0.06443435,0.2218876,1.524669,0.3977311,0.9801016,-0.1641302,-0.1116344,0.2353777,1.526136,0.3673409,358.9701,66.01833,2.526807,0,11,False
1,Right_Head_Close,93,37.27999,0.2352788,1.526065,0.3670439,0.2493555,1.238205,0.3802387,-0.4744807,0.3566734,0.3268135,0.7354217,0.4208343,1.114241,0.344979,0.07437253,-0.5958043,0.01423076,-0.799552,MathCanvas,2.077176,1.212991,0.2124889,0.2353777,1.526136,0.3673409,0.9834926,-0.1620928,-0.08042598,0.2485913,1.527522,0.336575,0.9841485,-0.1659812,-0.0624662,0.2219662,1.524609,0.3975127,0.9810627,-0.1595135,-0.1098699,0.2352788,1.526065,0.3670439,359.0031,66.35467,2.507867,0,11,False
1,Right_Head_Close,94,37.29999,0.235012,1.525866,0.3664491,0.2494533,1.238162,0.3791923,-0.4731722,0.3613664,0.3288383,0.7330675,0.4206127,1.114547,0.3427825,0.07497281,-0.5989243,0.01418693,-0.7971622,MathCanvas,2.080724,1.221911,0.216131,0.235136,1.525918,0.3667141,0.9826285,-0.1627361,-0.08920968,0.2480745,1.527341,0.3358731,0.9834967,-0.1665372,-0.07070839,0.2219496,1.524391,0.3970251,0.9800252,-0.1600248,-0.1180793,0.235012,1.525866,0.3664491,359.0565,66.82539,2.54095,0,11,False
1,Right_Head_Close,95,37.31999,0.23473,1.525795,0.3665023,0.2494834,1.238076,0.3787993,-0.4726466,0.3623731,0.3278978,0.7333307,0.4205956,1.114409,0.341808,0.07445554,-0.6007804,0.01399769,-0.7958162,MathCanvas,2.07868,1.220531,0.1990684,0.235012,1.525866,0.3664491,0.9821332,-0.1632318,-0.09364724,0.2478149,1.527296,0.3359371,0.9835978,-0.1665002,-0.06937629,0.2216452,1.524293,0.3970674,0.9801986,-0.1599409,-0.1167462,0.23473,1.525795,0.3665023,359.0807,66.78275,2.586481,0,11,False
1,Right_Head_Close,96,37.33998,0.2347401,1.525718,0.366046,0.2494575,1.238098,0.3783789,-0.4724079,0.363118,0.3286126,0.732796,0.4205272,1.114476,0.3407579,0.074509,-0.6023721,0.01379106,-0.7946107,MathCanvas,2.077572,1.219512,0.1907857,0.23473,1.525795,0.3665023,0.9821087,-0.1632709,-0.09383702,0.2477695,1.527232,0.3354578,0.9833822,-0.1666577,-0.07200465,0.2217106,1.524204,0.3966342,0.9798607,-0.1600803,-0.1193627,0.2347401,1.525718,0.366046,359.0987,66.88667,2.60747,0,11,False
1,Right_Head_Close,97,37.35999,0.2342528,1.525778,0.3661762,0.2493157,1.238064,0.377826,-0.4715977,0.3651806,0.3293087,0.7319799,0.420361,1.114244,0.339056,0.07346836,-0.6046751,0.01349899,-0.7929617,MathCanvas,2.077554,1.219359,0.1899716,0.234622,1.525653,0.3658069,0.9838607,-0.1518772,-0.09461236,0.2472366,1.527275,0.3355678,0.9857845,-0.1532556,-0.06885871,0.221269,1.52428,0.3967846,0.9822621,-0.1470578,-0.1163402,0.2342528,1.525778,0.3661762,358.9909,66.96835,2.579597,0,11,False
1,Right_Head_Close,98,37.37999,0.2340373,1.526071,0.3662847,0.2490465,1.237892,0.3779616,-0.471396,0.365982,0.3300111,0.7313929,0.4200912,1.114065,0.338669,0.07314465,-0.6045691,0.01271942,-0.7930853,MathCanvas,2.085136,1.240059,0.1881872,0.2342528,1.525778,0.3661762,0.9854033,-0.1505549,-0.079458,0.2470225,1.527619,0.3356794,0.9869764,-0.151016,-0.0554232,0.2210521,1.524523,0.39689,0.9840432,-0.1448857,-0.1032818,0.2340373,1.526071,0.3662847,358.8658,66.95673,2.665838,0,11,False
1,Right_Head_Close,99,37.39999,0.2336498,1.52627,0.3662479,0.2484501,1.237733,0.3777826,-0.4719204,0.3674851,0.3326984,0.72908,0.4197758,1.11382,0.3382228,0.07274923,-0.604485,0.01175419,-0.7932006,MathCanvas,2.090214,1.242475,0.2166118,0.2338528,1.526198,0.3662558,0.9860984,-0.1455332,-0.08018887,0.2465898,1.527857,0.3356255,0.9873403,-0.1480741,-0.05686352,0.2207097,1.524683,0.3968703,0.9843196,-0.1419502,-0.1047141,0.2336498,1.52627,0.3662479,358.7968,67.03515,2.734115,0,11,False
1,Right_Head_Close,100,37.41999,0.2334473,1.526339,0.3662302,0.2484205,1.237724,0.3777325,-0.4718934,0.3677038,0.3329155,0.728888,0.4197758,1.11382,0.3382228,0.07274923,-0.604485,0.01175419,-0.7932006,MathCanvas,2.093976,1.251714,0.2149673,0.2336498,1.52627,0.3662479,0.9861249,-0.1450128,-0.0808022,0.2463555,1.527944,0.3355954,0.9873967,-0.1472958,-0.05789369,0.2205391,1.524733,0.3968651,0.9843235,-0.141161,-0.1057394,0.2334473,1.526339,0.3662302,358.7623,67.09184,2.766145,0,11,False
1,Right_Head_Close,101,37.43999,0.2331267,1.526231,0.3664062,0.2483964,1.237853,0.378197,-0.4718052,0.3651353,0.3308367,0.7311793,0.4195488,1.113075,0.33823,0.0705959,-0.6044539,0.01224431,-0.7934116,MathCanvas,2.095314,1.252545,0.2136706,0.2332413,1.526324,0.3663071,0.9854084,-0.1455086,-0.08830488,0.2460465,1.527822,0.3357754,0.9867078,-0.1493331,-0.0640887,0.220207,1.524639,0.397037,0.9833747,-0.1431285,-0.1117515,0.2331267,1.526231,0.3664062,358.8043,67.07321,2.741224,0,11,False
1,Right_Head_Close,102,37.45999,0.2330435,1.526209,0.3664616,0.248392,1.237867,0.3782379,-0.4715768,0.3649549,0.3305205,0.7315596,0.419508,1.112923,0.3383203,0.07027704,-0.6044407,0.01238164,-0.7934477,MathCanvas,2.093501,1.251522,0.1996935,0.2331267,1.526231,0.3664062,0.9849525,-0.1446783,-0.09453642,0.245963,1.527792,0.3358303,0.986456,-0.1479712,-0.07077432,0.220124,1.524626,0.3970929,0.9828125,-0.1417664,-0.1182452,0.2330435,1.526209,0.3664616,358.8093,67.07456,2.727152,0,11,False
1,Right_Head_Close,103,37.47999,0.2329733,1.526213,0.3664978,0.2483267,1.237868,0.378244,-0.4713762,0.3648925,0.330397,0.7317758,0.4194786,1.112883,0.3384341,0.07022289,-0.6042712,0.01248029,-0.7935801,MathCanvas,2.093209,1.252972,0.1879216,0.2330435,1.526209,0.3664616,0.9849252,-0.1448695,-0.09452665,0.2458874,1.52779,0.335864,0.9864062,-0.148221,-0.07094571,0.2200592,1.524636,0.3971317,0.9827554,-0.1420197,-0.1184162,0.2329733,1.526213,0.3664978,358.8203,67.0855,2.716835,0,11,False
1,Right_Head_Close,104,37.49999,0.232726,1.52624,0.3665518,0.2482766,1.237869,0.3782442,-0.4712645,0.3648742,0.3303642,0.7318716,0.4194786,1.112883,0.3384341,0.07022289,-0.6042712,0.01248029,-0.7935801,MathCanvas,2.093461,1.25256,0.1879405,0.2328579,1.526225,0.3665251,0.9848524,-0.1450972,-0.0949347,0.2456239,1.527818,0.3359112,0.9863727,-0.148192,-0.07147041,0.2198282,1.524661,0.3971925,0.9826965,-0.1419896,-0.1189392,0.232726,1.52624,0.3665518,358.8193,67.11577,2.718673,0,11,False
1,Right_Head_Close,105,37.51999,0.23322,1.526322,0.366171,0.2477026,1.23793,0.3783597,-0.4707505,0.3643278,0.3300152,0.7326317,0.4188692,1.112878,0.3393083,0.06924272,-0.6017284,0.01234594,-0.7955979,MathCanvas,2.093532,1.252089,0.1871797,0.232726,1.52624,0.3665518,0.9843379,-0.1464339,-0.09816372,0.2461522,1.527889,0.3355443,0.9856213,-0.1521004,-0.07359633,0.2202877,1.524754,0.3967977,0.9818896,-0.145799,-0.1209773,0.23322,1.526322,0.366171,358.9752,67.05958,2.700026,0,11,False
1,Right_Head_Close,106,37.53999,0.233606,1.52658,0.3658631,0.2473973,1.238084,0.3784764,-0.4712044,0.3637822,0.3298546,0.7326833,0.4185443,1.113117,0.3399484,0.06871829,-0.5997224,0.01188111,-0.7971636,MathCanvas,2.092275,1.249762,0.1807755,0.2334087,1.52643,0.3660064,0.9817592,-0.1586572,-0.1047703,0.2465654,1.528051,0.3352431,0.9833098,-0.1630261,-0.08077291,0.2206466,1.525109,0.3964831,0.9793491,-0.1565544,-0.1279296,0.233606,1.52658,0.3658631,359.0504,67.01833,2.533624,0,11,False
1,Right_Head_Close,107,37.55999,0.2336935,1.526661,0.3657576,0.2473973,1.238084,0.3784764,-0.4712044,0.3637822,0.3298546,0.7326833,0.4185443,1.113117,0.3399484,0.06871829,-0.5997224,0.01188111,-0.7971636,MathCanvas,2.082369,1.22781,0.1685689,0.233606,1.52658,0.3658631,0.9816181,-0.1597911,-0.1043694,0.2466596,1.528104,0.3351391,0.9831768,-0.163954,-0.08051413,0.2207274,1.525218,0.3963761,0.9792303,-0.1575034,-0.1276749,0.2336935,1.526661,0.3657576,359.0862,67.009,2.485902,0,11,False
1,Right_Head_Close,108,37.57999,0.2357687,1.527543,0.3645037,0.2468866,1.238538,0.3783426,-0.4721209,0.3637759,0.3288048,0.7325683,0.4184032,1.113975,0.3402282,0.06750312,-0.5968083,0.01147255,-0.7994571,MathCanvas,2.082181,1.225758,0.1692194,0.2338325,1.526782,0.3656315,0.9813557,-0.1617512,-0.1038151,0.2486991,1.528935,0.3338677,0.9836831,-0.1606556,-0.08097765,0.2228382,1.52615,0.3951396,0.9796665,-0.1543694,-0.1281549,0.2357687,1.527543,0.3645037,358.8243,67.06769,2.39882,0,11,False
1,Right_Head_Close,109,37.59999,0.2365796,1.527532,0.3639485,0.2468149,1.238604,0.3780823,-0.472795,0.3634181,0.3287363,0.7323418,0.4183815,1.114141,0.3399432,0.06730861,-0.5966751,0.01117615,-0.7995771,MathCanvas,2.081528,1.223317,0.1692456,0.2357687,1.527543,0.3645037,0.9808159,-0.1568954,-0.1156902,0.2494839,1.528952,0.3333027,0.9829501,-0.1585824,-0.09306329,0.2236754,1.526113,0.3945942,0.978396,-0.1522208,-0.1398936,0.2365796,1.527532,0.3639485,358.7509,67.11179,2.445009,0,11,False
1,Right_Head_Close,110,37.61999,0.2383327,1.527681,0.3628367,0.2468325,1.238573,0.3778106,-0.4731187,0.3631624,0.3286975,0.7322771,0.4183013,1.114242,0.3395061,0.06708492,-0.596579,0.01066691,-0.7996746,MathCanvas,2.081294,1.232444,0.1463587,0.2374732,1.527593,0.3633847,0.9810221,-0.1540378,-0.1177634,0.251196,1.529141,0.3321756,0.9831259,-0.1563388,-0.09498218,0.2254694,1.526222,0.3934977,0.978472,-0.1499687,-0.1417814,0.2383327,1.527681,0.3628367,358.66,67.18158,2.514624,0,11,False
1,Right_Head_Close,111,37.63999,0.2391772,1.527774,0.3622884,0.2468325,1.238573,0.3778106,-0.4731187,0.3631624,0.3286975,0.7322771,0.4183013,1.114242,0.3395061,0.06708492,-0.596579,0.01066691,-0.7996746,MathCanvas,2.082741,1.238077,0.141431,0.2383327,1.527681,0.3628367,0.9810831,-0.1531546,-0.1184044,0.2520247,1.529239,0.331621,0.9832121,-0.1555299,-0.09541696,0.2263296,1.526309,0.3929558,0.9785307,-0.1491726,-0.1422152,0.2391772,1.527774,0.3622884,358.6114,67.20843,2.523276,0,11,False
1,Right_Head_Close,112,37.65999,0.2406243,1.526556,0.3611762,0.2476512,1.23768,0.3754701,-0.471753,0.3656666,0.3278122,0.7323088,0.4176835,1.11382,0.3369175,0.06594014,-0.5952876,0.01037446,-0.8007353,MathCanvas,2.083844,1.239808,0.1396604,0.2391772,1.527774,0.3622884,0.9810859,-0.1521089,-0.119722,0.2534147,1.528147,0.3304912,0.9829341,-0.1551703,-0.09880728,0.2278339,1.524965,0.3918612,0.9781382,-0.1485254,-0.1455536,0.2406243,1.526556,0.3611762,358.7182,67.31089,2.740461,0,11,False
1,Right_Head_Close,113,37.67999,0.2429346,1.525511,0.3594235,0.2487964,1.23654,0.3729993,-0.4693941,0.3699668,0.3271136,0.731977,0.4174325,1.113236,0.335536,0.06530593,-0.5951644,0.0106709,-0.8008749,MathCanvas,2.084094,1.240742,0.1362174,0.2417925,1.52598,0.3602645,0.9812655,-0.1486731,-0.1225332,0.2556589,1.527208,0.3287167,0.9833652,-0.1514983,-0.1002055,0.2302103,1.523814,0.3901303,0.9784784,-0.1448718,-0.1469429,0.2429346,1.525511,0.3594235,358.7877,67.42998,2.923045,0,11,False
1,Right_Head_Close,114,37.69999,0.2440758,1.525038,0.3585824,0.2487964,1.23654,0.3729993,-0.4693941,0.3699668,0.3271136,0.731977,0.4174325,1.113236,0.335536,0.06530593,-0.5951644,0.0106709,-0.8008749,MathCanvas,2.085493,1.246342,0.1293384,0.2429346,1.525511,0.3594235,0.9812056,-0.1481859,-0.123598,0.2567717,1.526775,0.3278661,0.9833269,-0.1510385,-0.1012701,0.2313799,1.5233,0.3892987,0.9783954,-0.1443591,-0.147996,0.2440758,1.525038,0.3585824,358.7949,67.48029,2.992435,0,11,False
1,Right_Head_Close,115,37.71999,0.2478878,1.524546,0.3557196,0.2547074,1.231818,0.3628624,-0.4605344,0.3835713,0.3273308,0.7305038,0.4170167,1.105711,0.3242743,0.06113502,-0.5973981,0.01442192,-0.7994811,MathCanvas,2.086642,1.246765,0.1264828,0.2462142,1.524969,0.356977,0.9801913,-0.148606,-0.1309243,0.2606201,1.526759,0.325049,0.9824212,-0.1523554,-0.107873,0.2351554,1.522333,0.3863902,0.9773455,-0.1448434,-0.154325,0.2478878,1.524546,0.3557196,359.107,67.39565,3.812945,0,11,False
1,Right_Head_Close,116,37.73999,0.2495975,1.524192,0.3544467,0.2561602,1.230994,0.360411,-0.4581827,0.3873798,0.3274119,0.7299362,0.4173524,1.10386,0.3220485,0.05929932,-0.5978681,0.01603039,-0.7992373,MathCanvas,2.084379,1.246117,0.1104191,0.2478878,1.524546,0.3557196,0.9799379,-0.1515841,-0.1293985,0.2623544,1.526532,0.3237958,0.9821122,-0.1555783,-0.1060721,0.2368405,1.521852,0.3850976,0.9771821,-0.1477933,-0.1525523,0.2495975,1.524192,0.3544467,359.2415,67.3494,4.03267,0,11,False
1,Right_Head_Close,117,37.75999,0.2529483,1.523396,0.3519422,0.25827,1.229441,0.3567124,-0.4549145,0.3925687,0.327325,0.7292469,0.4173689,1.102267,0.3197417,0.05811766,-0.598204,0.0170032,-0.7990528,MathCanvas,2.08474,1.240319,0.1121205,0.2512718,1.523793,0.3531953,0.9799299,-0.151245,-0.129856,0.2657111,1.52598,0.3213134,0.9821063,-0.1548799,-0.1071421,0.2401855,1.520811,0.3825711,0.977186,-0.1467214,-0.1535589,0.2529483,1.523396,0.3519422,359.4271,67.33425,4.453447,0,11,False
1,Right_Head_Close,118,37.77999,0.2554394,1.523509,0.3503261,0.2615021,1.229852,0.3515104,-0.4518362,0.4003935,0.3255952,0.7276791,0.4204523,1.097579,0.314112,0.05147019,-0.6035669,0.02644912,-0.7952096,MathCanvas,2.085542,1.240548,0.1090949,0.2529483,1.523396,0.3519422,0.9799293,-0.150802,-0.1303734,0.2684252,1.526034,0.3197862,0.9820793,-0.159515,-0.1003752,0.2424535,1.520984,0.3808661,0.9775178,-0.1513321,-0.1468245,0.2554394,1.523509,0.3503261,359.6775,66.93989,4.350536,0,11,False
1,Right_Head_Close,119,37.79999,0.2576365,1.52322,0.3488347,0.2630654,1.229973,0.3485095,-0.4525726,0.4023007,0.3261331,0.7259266,0.4220498,1.096051,0.3113137,0.04962063,-0.607395,0.03008009,-0.7922779,MathCanvas,2.088352,1.241441,0.1064688,0.2554394,1.523509,0.3503261,0.9800823,-0.1554249,-0.1236204,0.2707195,1.525776,0.3183389,0.9822953,-0.1599661,-0.09750283,0.2445536,1.520663,0.3793305,0.9778843,-0.1517207,-0.1439555,0.2576365,1.52322,0.3488347,359.7375,66.76003,4.405194,0,11,False
1,Right_Head_Close,120,37.81999,0.2619674,1.522237,0.3460242,0.2658259,1.229861,0.3430863,-0.4544403,0.4056657,0.3279029,0.7220797,0.4244905,1.093722,0.3063662,0.04700002,-0.6122562,0.0359889,-0.7884404,MathCanvas,2.088976,1.2328,0.117843,0.2598181,1.522641,0.347455,0.9812322,-0.1561281,-0.1131707,0.2752213,1.524876,0.3156093,0.9830859,-0.1607625,-0.0877367,0.2487135,1.519598,0.3764391,0.9791468,-0.1523982,-0.1343373,0.2619674,1.522237,0.3460242,359.8527,66.44221,4.548236,0,11,False
1,Right_Head_Close,121,37.83998,0.264287,1.520797,0.3448507,0.2667129,1.230152,0.3402544,-0.4604475,0.4044412,0.330567,0.7177331,0.4256523,1.093407,0.304287,0.04756758,-0.6132231,0.03874668,-0.7875236,MathCanvas,2.093167,1.230867,0.1348222,0.2619674,1.522237,0.3460242,0.9814017,-0.1565818,-0.1110536,0.2776708,1.523452,0.3144943,0.9837193,-0.1592056,-0.08336601,0.2509031,1.518141,0.3752072,0.9799727,-0.1508552,-0.1299847,0.264287,1.520797,0.3448507,359.7649,66.18903,4.576148,0,11,False
1,Right_Head_Close,122,37.85999,0.2686646,1.517887,0.3427661,0.2689708,1.228579,0.3356048,-0.4649694,0.4050798,0.3294695,0.7149572,0.4272759,1.092521,0.3010108,0.05190694,-0.612198,0.04185556,-0.7878879,MathCanvas,2.09655,1.228461,0.1375152,0.2664698,1.51901,0.3437878,0.9836932,-0.1489935,-0.1007396,0.2823466,1.520484,0.3125378,0.9852089,-0.1550632,-0.07293102,0.2549825,1.515289,0.3729944,0.9818914,-0.1469103,-0.1196097,0.2686646,1.517887,0.3427661,359.7521,65.62791,4.47616,0,11,False
1,Right_Head_Close,123,37.87999,0.270898,1.516629,0.3416433,0.2702409,1.228153,0.3331024,-0.4659951,0.4065272,0.3296425,0.7133863,0.4281535,1.091517,0.2989041,0.05180082,-0.6131307,0.04406694,-0.7870486,MathCanvas,2.105934,1.239607,0.1546121,0.2686646,1.517887,0.3427661,0.9837325,-0.1505818,-0.09795725,0.2846975,1.519233,0.311469,0.9853739,-0.1549637,-0.07088533,0.2570985,1.514024,0.3718176,0.9821614,-0.1467907,-0.1175223,0.270898,1.516629,0.3416433,359.7785,65.40675,4.487525,0,11,False
1,Right_Head_Close,124,37.89999,0.2746406,1.516669,0.3404821,0.272494,1.222681,0.331394,-0.4671072,0.4085097,0.3193114,0.71622,0.4294594,1.08765,0.3007318,0.05433092,-0.60684,0.03647535,-0.7921255,MathCanvas,2.10935,1.235213,0.1585755,0.273085,1.515393,0.3405279,0.9842917,-0.1516617,-0.09038162,0.2887692,1.519285,0.3104616,0.9848948,-0.161926,-0.06133828,0.2605119,1.514053,0.3705027,0.9822233,-0.1535547,-0.1079743,0.2746406,1.516669,0.3404821,0.2504715,64.81657,4.507964,0,11,False
1,Right_Head_Close,125,37.91999,0.2762494,1.51574,0.3399696,0.2730338,1.220305,0.33189,-0.4643959,0.4104909,0.3146489,0.7189087,0.4311506,1.084051,0.3012761,0.05003548,-0.6052586,0.03677265,-0.7936033,MathCanvas,2.113325,1.233361,0.1716468,0.2746406,1.516669,0.3404821,0.9838442,-0.1577418,-0.0846647,0.2905051,1.518339,0.3100077,0.9845505,-0.1653368,-0.05765408,0.2619938,1.513141,0.3699315,0.9820919,-0.1569044,-0.1042911,0.2762494,1.51574,0.3399696,0.4607384,64.59142,4.479362,0,11,False
1,Right_Head_Close,126,37.93999,0.2775664,1.515005,0.3397212,0.2737564,1.218828,0.3316964,-0.4620209,0.4114707,0.3113305,0.7213196,0.4323578,1.081698,0.301581,0.0468432,-0.6045674,0.03721242,-0.7943043,MathCanvas,2.11506,1.22092,0.1817308,0.2762494,1.51574,0.3399696,0.9834378,-0.1617224,-0.08182812,0.291934,1.517528,0.3098063,0.9835981,-0.1716663,-0.05536801,0.2631989,1.512481,0.3696361,0.9813073,-0.1631991,-0.1019902,0.2775664,1.515005,0.3397212,0.7687382,64.40439,4.348819,0,11,False
1,Right_Head_Close,127,37.95999,0.2796825,1.51387,0.3395438,0.275003,1.217438,0.3330458,-0.4538903,0.4090511,0.3027221,0.7314507,0.434477,1.07804,0.3032886,0.03996962,-0.6048346,0.03722359,-0.7944759,MathCanvas,2.115248,1.212805,0.1868148,0.2791524,1.514276,0.3392915,0.9817612,-0.1686063,-0.08784688,0.2942446,1.516106,0.3097003,0.9807894,-0.1846506,-0.06289843,0.2651204,1.511634,0.3693874,0.978286,-0.1761868,-0.109155,0.2796825,1.51387,0.3395438,1.484597,64.08998,3.854163,0,11,False
1,Right_Head_Close,128,37.97999,0.2807375,1.513356,0.3394896,0.2759008,1.21628,0.3323652,-0.4524059,0.4095758,0.2998264,0.7332671,0.4353796,1.07654,0.3036117,0.03768072,-0.6048657,0.0373756,-0.794557,MathCanvas,2.110366,1.199471,0.1757364,0.2796825,1.51387,0.3395438,0.9798198,-0.1804205,-0.08603299,0.2953973,1.515479,0.3096856,0.9798448,-0.1905522,-0.05995047,0.2660776,1.511233,0.3692935,0.9775232,-0.1821142,-0.1062212,0.2807375,1.513356,0.3394896,1.769975,63.9217,3.659489,0,11,False
1,Right_Head_Close,129,37.99998,0.2812226,1.515632,0.3402261,0.2756229,1.220999,0.3375238,-0.4470762,0.3823877,0.2874959,0.75581,0.4338917,1.080805,0.307519,0.03669518,-0.6009902,0.04196918,-0.7973098,MathCanvas,2.106719,1.177126,0.1791594,0.2808028,1.514792,0.3400015,0.9766535,-0.1939056,-0.09246004,0.2959553,1.517567,0.3104452,0.9773149,-0.2009255,-0.06696644,0.2664899,1.513697,0.3700069,0.974784,-0.1924371,-0.1129785,0.2812226,1.515632,0.3402261,2.367741,63.81613,3.335661,0,11,False
1,Right_Head_Close,130,38.01999,0.2816887,1.516241,0.3404951,0.2762195,1.220903,0.3378041,-0.4452152,0.3785523,0.2836011,0.7602973,0.4343292,1.080254,0.3080823,0.03525362,-0.6001043,0.04287376,-0.7979937,MathCanvas,2.098405,1.154847,0.1681929,0.2812226,1.515632,0.3402261,0.9770636,-0.1928356,-0.09034026,0.2965019,1.518102,0.3107495,0.9771961,-0.2021328,-0.06503943,0.2668756,1.51438,0.3702408,0.974752,-0.1937217,-0.1110426,0.2816887,1.516241,0.3404951,2.638977,63.67483,3.20851,0,11,False
1,Right_Head_Close,131,38.03999,0.2810455,1.518296,0.3420406,0.2744133,1.226358,0.3415716,-0.4507716,0.3532161,0.2800508,0.7704642,0.4305764,1.087853,0.3130749,0.04287159,-0.5824161,0.04146837,-0.8106996,MathCanvas,2.102974,1.156788,0.1720973,0.2815184,1.51738,0.3412447,0.9770333,-0.195293,-0.08524418,0.2960912,1.520353,0.3124249,0.9791048,-0.1950507,-0.05752444,0.2659997,1.51624,0.3716563,0.9769828,-0.1865156,-0.1035207,0.2810455,1.518296,0.3420406,2.355636,63.21388,3.545384,0,11,False
1,Right_Head_Close,132,38.05999,0.2805898,1.519174,0.3427013,0.2740898,1.22809,0.3429238,-0.4542949,0.3450761,0.2785012,0.7726421,0.4302116,1.089702,0.31489,0.04364336,-0.5776559,0.04086784,-0.8140877,MathCanvas,2.104957,1.153726,0.1829081,0.2810455,1.518296,0.3420406,0.9797681,-0.1786843,-0.09014666,0.2957669,1.521248,0.3131539,0.981582,-0.1804751,-0.06265455,0.2654127,1.5171,0.3722487,0.9790826,-0.1722088,-0.1083579,0.2805898,1.519174,0.3427013,2.213788,62.95094,3.57571,0,11,False
1,Right_Head_Close,133,38.07999,0.2794729,1.520763,0.3440891,0.2738108,1.231019,0.3453898,-0.4595908,0.330406,0.2743161,0.7774052,0.4300554,1.092853,0.3182842,0.0442417,-0.5701152,0.04043338,-0.8193757,MathCanvas,2.116692,1.184317,0.1737649,0.2800056,1.519869,0.3433692,0.9845694,-0.1537832,-0.08350945,0.2948966,1.522884,0.314673,0.985976,-0.1569204,-0.05680946,0.2640493,1.518642,0.3735052,0.9834889,-0.1491825,-0.1024414,0.2794729,1.520763,0.3440891,2.054441,62.46195,3.656099,0,11,False
1,Right_Head_Close,134,38.09999,0.2787803,1.521474,0.3447773,0.2737085,1.232389,0.346631,-0.4619802,0.3227037,0.2721359,0.7799864,0.4300843,1.094289,0.31991,0.0444375,-0.5667866,0.04030387,-0.8216775,MathCanvas,2.136475,1.230712,0.1865815,0.2794729,1.520763,0.3440891,0.9850044,-0.1530526,-0.07963395,0.2943286,1.523612,0.3154281,0.9864782,-0.1552696,-0.05245954,0.263232,1.519335,0.3741264,0.9841771,-0.1475495,-0.09810352,0.2787803,1.521474,0.3447773,1.960628,62.21298,3.685776,0,11,False
1,Right_Head_Close,135,38.11999,0.2775122,1.520679,0.3455335,0.2729384,1.233924,0.3486205,-0.4701616,0.3179182,0.2731948,0.7766858,0.4326471,1.096273,0.322643,0.04647851,-0.5692753,0.03793763,-0.8199549,MathCanvas,2.138729,1.23247,0.1944074,0.2787803,1.521474,0.3447773,0.9855996,-0.1514107,-0.07528818,0.2932524,1.522819,0.3162869,0.987865,-0.1486694,-0.04494813,0.261772,1.51854,0.3747802,0.9858335,-0.1411297,-0.09063542,0.2775122,1.520679,0.3455335,1.51585,61.80906,3.686979,0,11,False
1,Right_Head_Close,136,38.13999,0.2755269,1.520912,0.3472775,0.2720446,1.235325,0.351064,-0.4776082,0.3118882,0.271978,0.7750124,0.4340027,1.098706,0.3266055,0.05118797,-0.566115,0.0348862,-0.8219956,MathCanvas,2.140628,1.234462,0.2032135,0.2765146,1.520799,0.3464047,0.9880912,-0.1405211,-0.06268811,0.2915526,1.522972,0.3181806,0.9892292,-0.1422235,-0.03461197,0.2595012,1.518852,0.3763744,0.9875849,-0.1349849,-0.08034301,0.2755269,1.520912,0.3472775,1.18643,61.229,3.549221,0,11,False
1,Right_Head_Close,137,38.15998,0.2742928,1.52058,0.3483314,0.2714731,1.234931,0.3524697,-0.4806482,0.3128368,0.2723883,0.7726029,0.4349438,1.099356,0.3292305,0.05522037,-0.5648297,0.03160313,-0.8227511,MathCanvas,2.151219,1.254161,0.2282767,0.2755269,1.520912,0.3472775,0.9886782,-0.1386051,-0.05748129,0.290455,1.522522,0.3193019,0.9895526,-0.1411811,-0.02921417,0.2581307,1.518638,0.3773608,0.9881185,-0.1341605,-0.07498601,0.2742928,1.52058,0.3483314,0.9950904,60.9513,3.345636,0,11,False
1,Right_Head_Close,138,38.17999,0.2720662,1.519923,0.3503646,0.2705232,1.232555,0.3557236,-0.4830725,0.3208447,0.2716142,0.768066,0.4363537,1.09941,0.334611,0.06080693,-0.5628396,0.02587515,-0.8239203,MathCanvas,2.152457,1.257275,0.2391358,0.273268,1.520357,0.3493024,0.9889239,-0.1378771,-0.05495262,0.2884759,1.521668,0.3214617,0.9896351,-0.1408268,-0.02811143,0.2556566,1.518179,0.3792674,0.9882265,-0.1340809,-0.07369155,0.2720662,1.519923,0.3503646,0.6322656,60.4474,3.00538,0,11,False
1,Right_Head_Close,139,38.19999,0.2703477,1.519395,0.3517022,0.2700175,1.231491,0.3574693,-0.4831928,0.3246156,0.2716142,0.766404,0.4369845,1.09896,0.3372078,0.06233501,-0.5628405,0.02482779,-0.8238378,MathCanvas,2.152516,1.257749,0.2458715,0.2720662,1.519923,0.3503646,0.9878051,-0.1469933,-0.0513221,0.2869141,1.521111,0.3228871,0.9886204,-0.1487029,-0.02274618,0.2537814,1.51768,0.3805172,0.9875352,-0.1417898,-0.06833783,0.2703477,1.519395,0.3517022,0.4800205,60.12943,2.954742,0,11,False
1,Right_Head_Close,140,38.21999,0.2670722,1.518363,0.3547315,0.2692199,1.230868,0.3605793,-0.4859118,0.3254431,0.2705931,0.7646933,0.4381238,1.099455,0.3418409,0.06558368,-0.5611387,0.02251454,-0.8248123,MathCanvas,2.144853,1.240454,0.254311,0.2687083,1.518885,0.353219,0.9879679,-0.148569,-0.04297495,0.2840264,1.520028,0.3261399,0.9886367,-0.1497565,-0.01305646,0.250118,1.516697,0.383323,0.9880078,-0.1428701,-0.05855489,0.2670722,1.518363,0.3547315,0.1162883,59.33876,2.867943,0,11,False
1,Right_Head_Close,141,38.23999,0.2632021,1.518348,0.3588305,0.268829,1.229566,0.3627365,-0.4847484,0.32969,0.2720061,0.7631096,0.438517,1.098058,0.3443368,0.06517706,-0.5639953,0.02473833,-0.8228301,MathCanvas,2.144274,1.236072,0.2730763,0.2670722,1.518363,0.3547315,0.98859,-0.1463142,-0.03580368,0.2808701,1.520146,0.3306825,0.9893705,-0.1449314,0.01187301,0.2455341,1.51655,0.3869784,0.989866,-0.1379686,-0.03361505,0.2632021,1.518348,0.3588305,359.9281,57.88027,3.09601,0,11,False
1,Right_Head_Close,142,38.25999,0.2602908,1.522429,0.3638724,0.2687351,1.227794,0.3660741,-0.4830614,0.3344852,0.2780089,0.7599226,0.4377705,1.096873,0.3462011,0.06486199,-0.5682286,0.0288516,-0.8198029,MathCanvas,2.14467,1.239885,0.2906895,0.2632021,1.518348,0.3588305,0.9898858,-0.1414509,-0.01086247,0.2792596,1.523914,0.3365653,0.9866905,-0.1516061,0.05880064,0.2413221,1.520944,0.3911795,0.989348,-0.1449571,0.01334038,0.2602908,1.522429,0.3638724,0.05206515,55.2168,2.556935,0,11,False
1,Right_Head_Close,143,38.27999,0.2552571,1.526915,0.3700628,0.2681236,1.226746,0.3701751,-0.4836394,0.3367571,0.2794446,0.7580227,0.4377918,1.096719,0.3504704,0.06777594,-0.5692062,0.03017667,-0.8188407,MathCanvas,2.153517,1.251894,0.3430972,0.2578373,1.524867,0.3668089,0.9872361,-0.1497835,0.05412811,0.2751957,1.528116,0.3434413,0.9836072,-0.1528129,0.09573388,0.2353185,1.525714,0.3966843,0.9879164,-0.1465863,0.05033448,0.2552571,1.526915,0.3700628,359.7115,53.15753,2.068254,0,11,False
1,Right_Head_Close,144,38.29999,0.2547823,1.527957,0.3706049,0.2687696,1.228584,0.3730797,-0.4723617,0.3464043,0.274075,0.7627329,0.437273,1.096581,0.3525808,0.06705467,-0.569418,0.03351447,-0.818623,MathCanvas,2.161133,1.237755,0.4745581,0.2552571,1.526915,0.3700628,0.9860281,-0.1497004,0.0730648,0.2746969,1.529338,0.3439742,0.9842837,-0.1491984,0.09447575,0.2348676,1.526575,0.3972355,0.9885354,-0.1427844,0.04909673,0.2547823,1.527957,0.3706049,359.655,53.19613,2.378741,0,11,False
1,Right_Head_Close,145,38.31999,0.252682,1.52725,0.371754,0.2695995,1.23748,0.376271,-0.4604702,0.3475633,0.2614709,0.7738216,0.4364013,1.098289,0.3559042,0.04893366,-0.5679015,0.05304073,-0.8199269,MathCanvas,2.157573,1.239072,0.5116019,0.2537901,1.526254,0.3708622,0.9907155,-0.1347597,0.01796156,0.2717738,1.529293,0.344569,0.9905328,-0.1342168,0.02882108,0.2335902,1.525207,0.398939,0.9917843,-0.1269649,-0.01561019,0.252682,1.52725,0.371754,359.3072,54.87735,3.519354,0,11,False
1,Right_Head_Close,146,38.33998,0.2518913,1.528314,0.3722853,0.2683203,1.23971,0.3761476,-0.4725169,0.3379717,0.2693098,0.7680984,0.4362256,1.09971,0.3573108,0.04596007,-0.5676098,0.05810163,-0.8199579,MathCanvas,2.152438,1.268841,0.4061964,0.252682,1.52725,0.371754,0.9914608,-0.1303119,0.0049299,0.2706528,1.5305,0.3448824,0.9914682,-0.1294578,0.01521319,0.2331298,1.526127,0.3996882,0.992088,-0.1220984,-0.02921391,0.2518913,1.528314,0.3722853,359.1609,55.54718,3.767746,0,11,False
1,Right_Head_Close,147,38.35999,0.2503054,1.529921,0.3733798,0.26703,1.243425,0.3792389,-0.4792843,0.3323554,0.2731624,0.7649894,0.4357629,1.102544,0.3602522,0.04282079,-0.5663247,0.06558415,-0.820452,MathCanvas,2.144365,1.279578,0.3816953,0.2509148,1.529116,0.3730786,0.9910564,-0.1323601,-0.01697505,0.26864,1.532358,0.3457104,0.9912018,-0.132206,-0.006364077,0.2319708,1.527484,0.4010493,0.9909517,-0.1243473,-0.05052185,0.2503054,1.529921,0.3733798,358.8763,56.38783,4.199728,0,11,False
1,Right_Head_Close,148,38.37999,0.2508562,1.528811,0.3713852,0.2642078,1.244157,0.3776876,-0.5004238,0.3156495,0.284374,0.7543691,0.4339443,1.10887,0.3606911,0.05726278,-0.5559691,0.0453423,-0.8279876,MathCanvas,2.13683,1.277967,0.341067,0.2503054,1.529921,0.3733798,0.9913304,-0.1282776,-0.02843916,0.2677584,1.531335,0.3428258,0.9896873,-0.1313687,-0.05710673,0.2339539,1.526287,0.3999446,0.9871867,-0.1233951,-0.1011729,0.2508562,1.528811,0.3713852,358.9195,59.29961,4.350466,0,11,False
1,Right_Head_Close,149,38.39999,0.2511064,1.528465,0.36915,0.262712,1.243708,0.3802377,-0.5032841,0.3163516,0.2819831,0.7530686,0.4339352,1.111717,0.364983,0.06317952,-0.5455984,0.02259184,-0.8353564,MathCanvas,2.13321,1.285236,0.3173845,0.2509501,1.528633,0.3704994,0.9856141,-0.1270226,-0.111492,0.2664333,1.530881,0.339706,0.9841583,-0.132583,-0.1177037,0.2357795,1.526049,0.3985939,0.9789894,-0.1247066,-0.1613326,0.2511064,1.528465,0.36915,358.8678,62.41862,4.163155,0,11,False
1,Right_Head_Close,150,38.41999,0.2512643,1.528269,0.367865,0.2619608,1.244564,0.381398,-0.5065337,0.3141214,0.2829371,0.751464,0.4340444,1.112817,0.3669323,0.06430138,-0.5427518,0.01790045,-0.8372368,MathCanvas,2.124042,1.287087,0.1572846,0.2511064,1.528465,0.36915,0.9824007,-0.1317151,-0.1324389,0.2658427,1.530632,0.338039,0.9815223,-0.1355977,-0.1350087,0.236686,1.525907,0.3976909,0.9755591,-0.1277596,-0.1787788,0.2512643,1.528269,0.367865,358.8002,63.86609,4.07113,0,11,False
1,Right_Head_Close,151,38.43999,0.2519184,1.527926,0.365411,0.2614277,1.242551,0.3835594,-0.5049468,0.3176689,0.2812662,0.7516679,0.4354185,1.112264,0.3694736,0.06369925,-0.5422887,0.01428682,-0.8376522,MathCanvas,2.119084,1.277842,0.1160615,0.2512643,1.528269,0.367865,0.9787931,-0.1316796,-0.1569223,0.2652184,1.529951,0.3349692,0.9745539,-0.1396808,-0.1753107,0.2386184,1.525901,0.3958528,0.9667501,-0.1322607,-0.2188636,0.2519184,1.527926,0.365411,358.694,66.31991,3.489834,0,11,False
1,Right_Head_Close,152,38.45999,0.2521568,1.527449,0.3615639,0.2604056,1.23963,0.38774,-0.5051631,0.3175153,0.2806774,0.7518075,0.4385254,1.109781,0.3754908,0.0588882,-0.5457762,0.01035965,-0.835795,MathCanvas,2.116941,1.27702,0.06640625,0.2521047,1.527555,0.3631684,0.9633265,-0.1346446,-0.2321059,0.2634277,1.529557,0.3303193,0.9611684,-0.1376947,-0.2391557,0.2408859,1.525342,0.3928084,0.9505124,-0.130203,-0.2820876,0.2521568,1.527449,0.3615639,358.6503,70.07837,3.630806,0,11,False
1,Right_Head_Close,153,38.47999,0.2524175,1.527301,0.3596708,0.2597941,1.239147,0.3895188,-0.5061692,0.3164046,0.2807586,0.7515687,0.4391405,1.109866,0.3779388,0.05857956,-0.5453191,0.007419124,-0.8361462,MathCanvas,2.107986,1.268059,-0.08558342,0.2521568,1.527449,0.3615639,0.9604044,-0.1547545,-0.2316774,0.2627686,1.529386,0.3281082,0.9583189,-0.1586727,-0.2375876,0.2420665,1.525215,0.3912334,0.9476506,-0.1508119,-0.2814504,0.2524175,1.527301,0.3596708,358.6253,71.75658,3.594193,0,11,False
1,Right_Head_Close,154,38.49998,0.2523501,1.527458,0.3573011,0.258631,1.238158,0.393934,-0.5039644,0.3116802,0.2807904,0.7550048,0.4399265,1.110028,0.3830297,0.05928144,-0.5474036,0.005589873,-0.8347477,MathCanvas,2.090353,1.231145,-0.08369258,0.2526107,1.527127,0.35782,0.9594142,-0.1566488,-0.2344904,0.2610382,1.529267,0.325224,0.9586419,-0.1639732,-0.2326341,0.243662,1.525649,0.3893782,0.9476677,-0.156805,-0.2780977,0.2523501,1.527458,0.3573011,358.5899,74.76826,3.116203,0,11,False
1,Right_Head_Close,155,38.51999,0.2515823,1.527075,0.3575064,0.2582166,1.238923,0.396544,-0.4977941,0.3050218,0.2802314,0.7619929,0.4384827,1.111567,0.38494,0.0647243,-0.5519214,0.01883115,-0.8311672,MathCanvas,2.08481,1.228262,-0.09057033,0.2523501,1.527458,0.3573011,0.9544155,-0.1652234,-0.2485806,0.2599511,1.528495,0.3253251,0.956413,-0.1752613,-0.2335756,0.2432135,1.525654,0.3896878,0.9453019,-0.1688179,-0.2791142,0.2515823,1.527075,0.3575064,358.6638,75.36593,2.446975,0,11,False
1,Right_Head_Close,156,38.53999,0.2508319,1.52709,0.3572438,0.2571955,1.239587,0.4003752,-0.4949624,0.296088,0.2800702,0.7674014,0.437346,1.11348,0.3892199,0.0697298,-0.5517777,0.02585101,-0.8306689,MathCanvas,2.065695,1.213025,-0.114985,0.2511935,1.527112,0.3574103,0.973023,-0.1675205,-0.1586297,0.2583005,1.528284,0.3248326,0.9740782,-0.1710673,-0.1480122,0.2433633,1.525896,0.3896551,0.9662668,-0.1656603,-0.1971933,0.2508319,1.52709,0.3572438,358.595,76.97319,2.056522,0,11,False
1,Right_Head_Close,157,38.55999,0.2502683,1.527821,0.3582793,0.2567232,1.240484,0.40164,-0.4939649,0.2897939,0.2784666,0.7710218,0.4351521,1.115102,0.3911989,0.07409,-0.5482911,0.02957284,-0.8324741,MathCanvas,2.070431,1.213819,0.06059884,0.2508319,1.52709,0.3572438,0.9704879,-0.1683645,-0.1726466,0.2579111,1.528746,0.3258999,0.9754636,-0.1689953,-0.141108,0.2426254,1.526897,0.3906587,0.9679044,-0.1640642,-0.1903784,0.2502683,1.527821,0.3582793,358.2817,76.67121,1.592792,0,11,False
1,Right_Head_Close,158,38.57999,0.2501594,1.528563,0.3581249,0.2561246,1.240657,0.4030343,-0.4938456,0.2875748,0.2764611,0.772649,0.4330218,1.116164,0.3931433,0.07707801,-0.5436509,0.0289775,-0.8352622,MathCanvas,2.058779,1.214073,0.03655105,0.2502683,1.527821,0.3582793,0.9719993,-0.1665303,-0.1657863,0.2575974,1.529176,0.3256904,0.9752892,-0.1663423,-0.1454007,0.2427215,1.527949,0.3905594,0.9674036,-0.1619663,-0.1946724,0.2501594,1.528563,0.3581249,357.9051,77.04554,1.057085,0,11,False
1,Right_Head_Close,159,38.59999,0.2497138,1.5297,0.3580017,0.2546348,1.240585,0.4056443,-0.4966571,0.2875629,0.2718616,0.7724833,0.4304118,1.116384,0.3965416,0.07747022,-0.5361401,0.02626144,-0.8401563,MathCanvas,2.058053,1.218821,0.04976672,0.2501818,1.529204,0.3578035,0.979488,-0.1610032,-0.1211658,0.2568405,1.530581,0.3255035,0.9826754,-0.1571282,-0.09828418,0.2425871,1.528819,0.3904998,0.9769406,-0.1529531,-0.1489711,0.2497138,1.5297,0.3580017,357.3933,77.56203,1.517917,0,11,False
1,Right_Head_Close,160,38.61999,0.2493544,1.530299,0.3581645,0.2540397,1.240695,0.4072847,-0.4966271,0.2852584,0.2707549,0.7737448,0.429483,1.116966,0.39854,0.07890716,-0.5341033,0.02666068,-0.8413064,MathCanvas,2.070484,1.230411,0.1327667,0.2497138,1.5297,0.3580017,0.9841276,-0.1564563,-0.08375096,0.2562375,1.531157,0.3256133,0.985743,-0.1551856,-0.06502306,0.2424713,1.52944,0.3907158,0.9815766,-0.1513944,-0.116564,0.2493544,1.530299,0.3581645,357.1891,77.98788,1.479944,0,11,False
1,Right_Head_Close,161,38.63999,0.247658,1.529756,0.3634984,0.2525389,1.240618,0.4092639,-0.501251,0.2813042,0.2726097,0.7715564,0.4293515,1.113952,0.4006049,0.06589366,-0.5320187,0.01808839,-0.8439709,MathCanvas,2.086528,1.238226,0.201818,0.2490205,1.530605,0.3587993,0.9844764,-0.148377,-0.09375691,0.2556607,1.530607,0.331204,0.9881153,-0.1506339,-0.03062111,0.2396553,1.528906,0.3957928,0.9857194,-0.1469258,-0.08228135,0.247658,1.529756,0.3634984,356.9112,76.00323,1.466823,0,11,False
1,Right_Head_Close,162,38.65998,0.2469097,1.52946,0.3656649,0.2519199,1.240646,0.4103024,-0.5017183,0.2797008,0.2726731,0.7718132,0.4290506,1.113328,0.4019761,0.06313134,-0.5308249,0.01644637,-0.8449668,MathCanvas,2.092882,1.25165,0.1877679,0.247658,1.529756,0.3634984,0.9872571,-0.1487801,-0.05646324,0.2554464,1.530162,0.333504,0.9883117,-0.1518365,-0.01361829,0.238373,1.528758,0.3978259,0.9867749,-0.1483501,-0.06532586,0.2469097,1.52946,0.3656649,356.9114,75.06924,1.210127,0,11,False
1,Right_Head_Close,163,38.67999,0.2450604,1.528307,0.3707166,0.2508486,1.24062,0.4119741,-0.5012804,0.2792942,0.2719415,0.7725028,0.4282878,1.112129,0.4046415,0.0586215,-0.5272694,0.01381314,-0.8475611,MathCanvas,2.115912,1.247801,0.2587729,0.2459615,1.528862,0.3682248,0.9867169,-0.1620601,-0.01124144,0.2547386,1.528776,0.3388762,0.9858789,-0.1647326,0.03009862,0.2353821,1.527838,0.4025569,0.9866343,-0.1614903,-0.02176756,0.2450604,1.528307,0.3707166,357.0591,73.05129,0.8084531,0,11,False
1,Right_Head_Close,164,38.69999,0.2440571,1.527348,0.3734757,0.2511667,1.240381,0.4110846,-0.4998468,0.2831824,0.2710864,0.7723167,0.4275533,1.111519,0.4057294,0.05764225,-0.5233521,0.01202396,-0.8500796,MathCanvas,2.115912,1.247801,0.2587729,0.2450604,1.528307,0.3707166,0.9865988,-0.1631116,0.004173696,0.2547827,1.527748,0.3419718,0.9831022,-0.1720515,0.06251597,0.2333316,1.526948,0.4049797,0.9855905,-0.16881,0.01070428,0.2440571,1.527348,0.3734757,357.4677,71.16835,0.689501,0,11,False
1,Right_Head_Close,165,38.71999,0.2424358,1.526562,0.378291,0.2508449,1.239921,0.4111484,-0.5009181,0.2834843,0.2710733,0.7715161,0.4258254,1.111019,0.4078888,0.05790156,-0.518117,0.009471328,-0.8532951,MathCanvas,2.115912,1.247801,0.2587729,0.2431522,1.526714,0.3760605,0.9829722,-0.1740443,0.05894256,0.2546983,1.526874,0.3473519,0.9773582,-0.1803701,0.1106239,0.2301734,1.526251,0.4092302,0.9824147,-0.1771459,0.05899763,0.2424358,1.526562,0.378291,357.928,68.36019,0.5368699,0,11,False
1,Right_Head_Close,166,38.73999,0.2415553,1.526013,0.3808943,0.2508449,1.239921,0.4111484,-0.5009181,0.2834843,0.2710733,0.7715161,0.4251741,1.110695,0.4092187,0.05688373,-0.5158899,0.008172066,-0.8547252,MathCanvas,2.115912,1.247801,0.2587729,0.2424358,1.526562,0.378291,0.9798524,-0.1841699,0.07727003,0.2544603,1.526255,0.350217,0.9742258,-0.1887551,0.1235136,0.2286503,1.525771,0.4115716,0.9800069,-0.1854478,0.07208008,0.2415553,1.526013,0.3808943,358.0701,67.17101,0.4171205,0,11,False
1,Right_Head_Close,167,38.75999,0.2408602,1.525746,0.3832412,0.2507851,1.239863,0.4112391,-0.5011219,0.2833639,0.271055,0.7714344,0.4245178,1.110516,0.4102629,0.05710649,-0.5146045,0.008317113,-0.8554835,MathCanvas,2.115912,1.247801,0.2587729,0.2415553,1.526013,0.3808943,0.9774563,-0.1871018,0.09783894,0.254403,1.525983,0.35284,0.971042,-0.190883,0.1436704,0.2273175,1.525509,0.4136424,0.9779019,-0.1875511,0.09237128,0.2408602,1.525746,0.3832412,358.1965,65.97569,0.4083075,0,11,False
1,Right_Head_Close,168,38.77999,0.2392242,1.52551,0.3865598,0.250475,1.239724,0.4126662,-0.5015873,0.2819657,0.2715541,0.7714687,0.4239802,1.111369,0.4107637,0.06303904,-0.5175278,0.01494028,-0.8532103,MathCanvas,2.115912,1.247801,0.2587729,0.2401434,1.525786,0.384725,0.9741889,-0.1876899,0.1254135,0.2538927,1.52593,0.3566875,0.9670961,-0.1917637,0.1671886,0.2245557,1.525091,0.4164321,0.9752575,-0.1880114,0.1162956,0.2392242,1.52551,0.3865598,358.3126,63.82585,0.7219976,0,11,False
1,Right_Head_Close,169,38.79999,0.2388409,1.525527,0.3876839,0.2504961,1.239868,0.4132534,-0.5021397,0.2811432,0.2716112,0.7713894,0.4237714,1.111589,0.4110663,0.06420026,-0.5177369,0.01500942,-0.8529957,MathCanvas,2.115912,1.247801,0.2587729,0.2392242,1.52551,0.3865598,0.9773042,-0.1893153,0.09505832,0.2538594,1.525755,0.3579839,0.9720832,-0.1936011,0.1325625,0.2238224,1.5253,0.4173838,0.9783973,-0.1896696,0.08224559,0.2388409,1.525527,0.3876839,358.3336,63.16402,0.3925391,0,11,False
1,Right_Head_Close,170,38.81998,0.2375947,1.525311,0.3904048,0.2505198,1.239947,0.4134835,-0.5024338,0.2807384,0.271643,0.7713341,0.4237338,1.111797,0.4110711,0.06522834,-0.5181997,0.01512495,-0.8526345,MathCanvas,2.115912,1.247801,0.2587729,0.2383127,1.52539,0.3890352,0.9736052,-0.1929498,0.1219155,0.25348,1.525352,0.3611584,0.9670712,-0.1963369,0.1619414,0.2217093,1.525271,0.4196511,0.9748748,-0.1926564,0.111815,0.2375947,1.525311,0.3904048,358.3916,61.48918,0.07037853,0,11,False
1,Right_Head_Close,171,38.83998,0.2382591,1.52573,0.3888146,0.2509103,1.241171,0.4153071,-0.5048372,0.2757603,0.2735129,0.7708997,0.4238579,1.112493,0.4111935,0.06837144,-0.5203376,0.01839523,-0.8510205,MathCanvas,2.115912,1.247801,0.2587729,0.2375947,1.525311,0.3904048,0.9712982,-0.1944969,0.1369336,0.2536028,1.52585,0.3592807,0.9702436,-0.1948352,0.1437593,0.2229154,1.525611,0.4183485,0.9771156,-0.1910551,0.09350401,0.2382591,1.52573,0.3888146,358.3457,62.54085,0.2064705,0,11,False
1,Right_Head_Close,172,38.85999,0.2382052,1.525594,0.3895914,0.2510541,1.24129,0.4155774,-0.5035247,0.2779949,0.2747431,0.770518,0.4246196,1.112688,0.4108034,0.06862495,-0.5236746,0.01999036,-0.8489146,MathCanvas,2.115912,1.247801,0.2587729,0.2382552,1.525494,0.3892071,0.9868652,-0.1615342,0.001926124,0.2535022,1.525621,0.3600331,0.9859197,-0.1653921,0.02465728,0.2229081,1.525567,0.4191498,0.98662,-0.1613413,-0.02344981,0.2382052,1.525594,0.3895914,358.4113,62.63623,0.0467964,0,11,False
1,Right_Head_Close,173,38.87999,0.23828,1.525623,0.3897329,0.2510541,1.24129,0.4155774,-0.5035247,0.2779949,0.2747431,0.770518,0.4250432,1.112703,0.4105223,0.06824372,-0.5251654,0.01976773,-0.8480291,MathCanvas,2.152319,1.212284,0.3933274,0.2382052,1.525594,0.3895914,0.9816657,-0.1570077,-0.1080788,0.2536156,1.525584,0.3601946,0.983443,-0.16054,-0.0840635,0.2229444,1.525661,0.4192713,0.9793151,-0.1559136,-0.1289686,0.23828,1.525623,0.3897329,358.4214,62.56458,359.9342,0,11,False
1,Right_Head_Close,174,38.89999,0.2384558,1.525703,0.3897633,0.2510562,1.241242,0.4155929,-0.5033209,0.2786934,0.2747585,0.7703934,0.4250432,1.112703,0.4105223,0.06824372,-0.5251654,0.01976773,-0.8480291,MathCanvas,2.094377,1.228758,0.1853814,0.23828,1.525623,0.3897329,0.9816387,-0.1582273,-0.1065357,0.2537966,1.525596,0.3602278,0.9832925,-0.1617016,-0.08359641,0.223115,1.52581,0.4192987,0.9791774,-0.1571522,-0.1285106,0.2384558,1.525703,0.3897633,358.4259,62.5576,359.8151,0,11,False
1,Right_Head_Close,175,38.91999,0.2397175,1.525801,0.3881361,0.2515791,1.241149,0.4168216,-0.5005395,0.2868708,0.2763267,0.768641,0.4274875,1.113016,0.4087877,0.06724,-0.5324652,0.01712424,-0.8436033,MathCanvas,2.091494,1.227018,0.188656,0.2383794,1.525703,0.3901496,0.9797859,-0.1570941,-0.1238598,0.2539481,1.525975,0.3580503,0.9803282,-0.1557554,-0.1212302,0.225487,1.525628,0.4182219,0.9745195,-0.1509293,-0.1659278,0.2397175,1.525801,0.3881361,358.3235,64.67716,0.2986895,0,11,False
1,Right_Head_Close,176,38.93999,0.2400594,1.525832,0.387811,0.2518838,1.240963,0.4169878,-0.4989901,0.2898572,0.2762446,0.7685575,0.4278361,1.113199,0.4083117,0.06737146,-0.5332212,0.01527111,-0.8431507,MathCanvas,2.082846,1.230283,0.1551367,0.2397175,1.525801,0.3881361,0.9766524,-0.150043,-0.1537452,0.2540047,1.526052,0.3575922,0.9782258,-0.1522494,-0.1410477,0.226114,1.525612,0.4180298,0.9715664,-0.1473812,-0.1853038,0.2400594,1.525832,0.387811,358.3622,65.21687,0.3788188,0,11,False
1,Right_Head_Close,177,38.95999,0.2408534,1.525785,0.3872508,0.2525651,1.240416,0.41702,-0.4954561,0.2958993,0.2746564,0.7691104,0.4281274,1.11345,0.4077498,0.0679321,-0.5343868,0.01316065,-0.842403,MathCanvas,2.074237,1.244047,0.09907365,0.2404532,1.525848,0.3874662,0.974498,-0.1446078,-0.1715878,0.2542904,1.526062,0.356803,0.9762758,-0.1480947,-0.1579663,0.2274164,1.525509,0.4176986,0.9688344,-0.1432555,-0.2020829,0.2408534,1.525785,0.3872508,358.4773,66.17487,0.4759957,0,11,False
1,Right_Head_Close,178,38.97998,0.2412855,1.525805,0.3868917,0.2527316,1.240334,0.4171636,-0.4946119,0.2975745,0.2745945,0.7690296,0.4281274,1.11345,0.4077498,0.0679321,-0.5343868,0.01316065,-0.842403,MathCanvas,2.071468,1.254137,0.06491958,0.2408534,1.525785,0.3872508,0.9728082,-0.1456756,-0.1800634,0.2544854,1.526107,0.3563406,0.9749561,-0.1483293,-0.1657076,0.2280857,1.525503,0.4174428,0.9671737,-0.143442,-0.2097602,0.2412855,1.525805,0.3868917,358.5223,66.61946,0.5202721,0,11,False
1,Right_Head_Close,179,38.99998,0.2419823,1.52618,0.3863805,0.2537888,1.240005,0.4169195,-0.4901772,0.3047765,0.2758023,0.7686161,0.4280047,1.113589,0.4067318,0.06843281,-0.5365409,0.01241273,-0.8410034,MathCanvas,2.069532,1.25203,0.04848979,0.2416162,1.526008,0.3866023,0.9722751,-0.1451389,-0.1833459,0.2547906,1.526546,0.3556639,0.9748294,-0.1470455,-0.1675868,0.229174,1.525813,0.4170971,0.9668874,-0.1421629,-0.2119398,0.2419823,1.52618,0.3863805,358.5269,67.34844,0.630423,0,11,False
1,Right_Head_Close,180,39.01999,0.2424065,1.526276,0.3861153,0.2540785,1.239893,0.4170034,-0.488846,0.3071505,0.2759282,0.7684737,0.4280047,1.113589,0.4067318,0.06843281,-0.5365409,0.01241273,-0.8410034,MathCanvas,2.069879,1.253316,0.04168651,0.2419823,1.52618,0.3863805,0.9711146,-0.1446047,-0.1898053,0.2549932,1.526675,0.3553077,0.9736081,-0.1467862,-0.1747596,0.2298198,1.525877,0.416923,0.9653466,-0.1418578,-0.2190489,0.2424065,1.526276,0.3861153,358.5456,67.75974,0.6877773,0,11,False
1,Right_Head_Close,181,39.03999,0.2428397,1.526383,0.3858436,0.2544014,1.239869,0.4169685,-0.4876111,0.3092643,0.2768572,0.7680763,0.4279581,1.113589,0.4065814,0.06851048,-0.5369241,0.01258247,-0.84075,MathCanvas,2.069819,1.254164,0.02894565,0.2424065,1.526276,0.3861153,0.9738702,-0.1490048,-0.1713897,0.2552119,1.526815,0.3549496,0.9761912,-0.1510673,-0.1556579,0.2304675,1.525951,0.4167376,0.9686597,-0.1461371,-0.200854,0.2428397,1.526383,0.3858436,358.5535,68.15645,0.7440939,0,11,False
1,Right_Head_Close,182,39.05999,0.2437909,1.526642,0.3859583,0.2552412,1.240545,0.4152435,-0.4910043,0.308743,0.2830043,0.7638724,0.4272153,1.113403,0.4034216,0.07024229,-0.5424333,0.01460171,-0.8370299,MathCanvas,2.073382,1.246305,0.06368965,0.2432751,1.526552,0.386158,0.975666,-0.1561905,-0.1538846,0.2561028,1.527025,0.3550396,0.9782764,-0.1578061,-0.1344345,0.231479,1.52626,0.416877,0.9716254,-0.1529319,-0.1804324,0.2437909,1.526642,0.3859583,358.3799,68.26878,0.6582395,0,11,False
1,Right_Head_Close,183,39.07999,0.2443057,1.526731,0.3857713,0.2556111,1.240528,0.415,-0.4902946,0.3107836,0.284081,0.7631008,0.4272153,1.113403,0.4034216,0.07024229,-0.5424333,0.01460171,-0.8370299,MathCanvas,2.074683,1.233542,0.09718516,0.2437909,1.526642,0.3859583,0.9752252,-0.1553694,-0.1574683,0.2564823,1.527125,0.3547992,0.9777644,-0.1572582,-0.1387331,0.2321291,1.526337,0.4167434,0.9709101,-0.1523794,-0.1847004,0.2443057,1.526731,0.3857713,358.3552,68.51836,0.6790851,0,11,False
1,Right_Head_Close,184,39.09999,0.2449743,1.526552,0.3854991,0.2564979,1.240335,0.4142011,-0.4877043,0.3168195,0.2853148,0.7618172,0.4273901,1.112398,0.40069,0.06907266,-0.5472277,0.01658495,-0.8339639,MathCanvas,2.074833,1.235098,0.09019843,0.2447814,1.526799,0.3856142,0.9739325,-0.1541829,-0.166383,0.2569687,1.527047,0.3544575,0.9767755,-0.1576942,-0.1450594,0.2329798,1.526057,0.4165408,0.9696554,-0.1526421,-0.1909679,0.2449743,1.526552,0.3854991,358.4826,68.85103,0.8523625,0,11,False
1,Right_Head_Close,185,39.11999,0.2453402,1.526475,0.3855008,0.257033,1.240232,0.4135993,-0.4867439,0.3184948,0.2854182,0.7616941,0.4278041,1.111702,0.3993772,0.06749652,-0.5492107,0.0167789,-0.8327847,MathCanvas,2.073108,1.237141,0.07318746,0.2449743,1.526552,0.3854991,0.9759926,-0.1552972,-0.1527134,0.2572905,1.526962,0.3544419,0.9784897,-0.1594097,-0.1309447,0.23339,1.525988,0.4165596,0.971951,-0.1544363,-0.1773717,0.2453402,1.526475,0.3855008,358.5838,68.93445,0.8388892,0,11,False
1,Right_Head_Close,186,39.13999,0.246173,1.526343,0.3852653,0.2579562,1.240208,0.4128439,-0.4850842,0.3221718,0.2863574,0.7608536,0.4282058,1.111003,0.397279,0.06645767,-0.5526235,0.01703201,-0.8306026,MathCanvas,2.077422,1.234959,0.09883517,0.2457703,1.52641,0.3854207,0.9765005,-0.1615872,-0.1426065,0.2579556,1.526806,0.3541421,0.9787259,-0.1648975,-0.1220844,0.2343903,1.525881,0.4163884,0.9725639,-0.1599282,-0.1689449,0.246173,1.526343,0.3852653,358.6911,69.24608,0.7960341,0,11,False
1,Right_Head_Close,187,39.15998,0.246739,1.526404,0.3846822,0.2586709,1.240147,0.412172,-0.4823211,0.3269707,0.2829266,0.7618458,0.4287402,1.110625,0.39568,0.06604636,-0.5552192,0.01707754,-0.8289016,MathCanvas,2.076939,1.223396,0.1179032,0.246173,1.526343,0.3852653,0.9759292,-0.1624134,-0.1455479,0.2583235,1.526865,0.3534847,0.9779261,-0.1649224,-0.1283006,0.2351545,1.525943,0.4158797,0.9714663,-0.1599548,-0.1751212,0.246739,1.526404,0.3846822,358.6915,69.61053,0.7935569,0,11,False
1,Right_Head_Close,188,39.17999,0.2474741,1.526319,0.384115,0.2595789,1.239794,0.4106521,-0.4796788,0.3379219,0.2798057,0.7598854,0.4296705,1.110039,0.392968,0.06530568,-0.5592837,0.01817542,-0.8262001,MathCanvas,2.076465,1.221902,0.1118011,0.2472011,1.526377,0.3843947,0.9767154,-0.1703106,-0.1304663,0.2588243,1.526939,0.3528342,0.9789807,-0.1710723,-0.1110451,0.236124,1.525699,0.4153957,0.9733049,-0.1658972,-0.1586051,0.2474741,1.526319,0.384115,358.7498,70.03355,1.066859,0,11,False
1,Right_Head_Close,189,39.19999,0.2477984,1.526271,0.3840023,0.2596209,1.2398,0.4098398,-0.4820828,0.3373355,0.2829488,0.7574569,0.4302459,1.109761,0.3916242,0.06499192,-0.5611414,0.01975083,-0.8249281,MathCanvas,2.076823,1.207334,0.1397567,0.2474741,1.526319,0.384115,0.9764358,-0.1684853,-0.1348548,0.2590776,1.526896,0.352696,0.9786354,-0.1715432,-0.1133382,0.2365191,1.525645,0.4153085,0.9728543,-0.1663466,-0.1608833,0.2477984,1.526271,0.3840023,358.7857,70.16368,1.077492,0,11,False
1,Right_Head_Close,190,39.21999,0.2481631,1.526261,0.3838289,0.2599052,1.239786,0.4092387,-0.4823773,0.3386882,0.2840627,0.7562479,0.4307918,1.109485,0.3903286,0.06459051,-0.5631707,0.02162071,-0.8235286,MathCanvas,2.07795,1.210475,0.1312414,0.2477984,1.526271,0.3840023,0.9760379,-0.1689455,-0.137141,0.2593712,1.526886,0.3524971,0.978282,-0.1720505,-0.1155998,0.236955,1.525637,0.4151607,0.972395,-0.1668434,-0.1631307,0.2481631,1.526261,0.3838289,358.8176,70.29458,1.075474,0,11,False
1,Right_Head_Close,191,39.23999,0.2488786,1.526128,0.3832932,0.2601937,1.24001,0.4081636,-0.484602,0.3371684,0.2879567,0.7540287,0.4320694,1.108938,0.3876771,0.06383548,-0.5676429,0.02683872,-0.8203574,MathCanvas,2.077557,1.209606,0.1267847,0.2485247,1.526167,0.3835238,0.9751961,-0.1705159,-0.1411277,0.2599382,1.526698,0.3519075,0.9774892,-0.1735124,-0.120035,0.2378191,1.525559,0.4146788,0.9713829,-0.1683579,-0.167544,0.2488786,1.526128,0.3832932,358.8655,70.5693,0.9808105,0,11,False
1,Right_Head_Close,192,39.25999,0.2492528,1.526429,0.382776,0.2604195,1.240059,0.4081227,-0.4840434,0.3373768,0.2887965,0.7539731,0.4329976,1.108774,0.3865056,0.06364516,-0.570237,0.0294278,-0.8184822,MathCanvas,2.075733,1.206697,0.1189158,0.2488786,1.526128,0.3832932,0.9752572,-0.1710349,-0.1400737,0.2602409,1.527084,0.3513669,0.9779131,-0.1719553,-0.118816,0.2382648,1.525773,0.4141851,0.9718568,-0.1667318,-0.166418,0.2492528,1.526429,0.382776,358.8316,70.69534,1.128159,0,11,False
1,Right_Head_Close,193,39.27999,0.2499813,1.526671,0.3822381,0.2608171,1.239969,0.4076157,-0.4836167,0.3392513,0.2897374,0.7530443,0.4340111,1.108296,0.38414,0.06297848,-0.5742353,0.03170666,-0.8156484,MathCanvas,2.077331,1.205831,0.1202139,0.2496201,1.526541,0.3825011,0.9748712,-0.1699692,-0.1440032,0.2608514,1.527395,0.3507895,0.9774522,-0.1721196,-0.1223201,0.2391112,1.525947,0.4136867,0.971244,-0.1667868,-0.1699046,0.2499813,1.526671,0.3822381,358.7949,70.90619,1.246047,0,11,False
1,Right_Head_Close,194,39.29999,0.250325,1.526784,0.3819528,0.2608171,1.239969,0.4076157,-0.4836167,0.3392513,0.2897374,0.7530443,0.4345214,1.108044,0.3829268,0.06263424,-0.5762589,0.0331079,-0.8141907,MathCanvas,2.077371,1.208065,0.1123051,0.2499813,1.526671,0.3822381,0.9751636,-0.1695795,-0.1424743,0.2611233,1.527536,0.3504802,0.9776709,-0.1718426,-0.1209541,0.2395268,1.526032,0.4134255,0.9715139,-0.1665014,-0.1686362,0.250325,1.526784,0.3819528,358.7932,71.03564,1.294274,0,11,False
1,Right_Head_Close,195,39.31998,0.2508774,1.526655,0.3818604,0.2631597,1.23989,0.4060477,-0.4791353,0.342481,0.2880819,0.7550794,0.4340532,1.10823,0.3824175,0.06158736,-0.5745507,0.02630442,-0.8157246,MathCanvas,2.079825,1.208637,0.1146574,0.2505513,1.526697,0.3820884,0.9768797,-0.1621864,-0.1392899,0.2618338,1.527401,0.3504423,0.9796287,-0.1643504,-0.1153974,0.239921,1.525909,0.4132785,0.9736767,-0.1591981,-0.163125,0.2508774,1.526655,0.3818604,358.6729,70.74511,1.284508,0,11,False
1,Right_Head_Close,196,39.33998,0.2512018,1.526672,0.381677,0.2633365,1.239876,0.4059182,-0.478616,0.3427778,0.2881028,0.7552661,0.4340626,1.10818,0.3820571,0.06142902,-0.5743871,0.0268489,-0.815834,MathCanvas,2.086804,1.221846,0.1200821,0.2508774,1.526655,0.3818604,0.9769474,-0.1617748,-0.1392931,0.2621566,1.527449,0.3502591,0.9797077,-0.1637547,-0.1155727,0.240247,1.525894,0.4130948,0.9737511,-0.1585658,-0.1632957,0.2512018,1.526672,0.381677,358.6611,70.74609,1.339203,0,11,False
1,Right_Head_Close,197,39.35999,0.2515201,1.526649,0.3814655,0.2633365,1.239876,0.4059182,-0.478616,0.3427778,0.2881028,0.7552661,0.4340626,1.10818,0.3820571,0.06142902,-0.5743871,0.0268489,-0.815834,MathCanvas,2.088762,1.222386,0.1196779,0.2512018,1.526672,0.381677,0.9770244,-0.1611608,-0.139466,0.2624637,1.527454,0.3500444,0.9797574,-0.1631387,-0.1160216,0.2405766,1.525843,0.4128866,0.9737818,-0.1579199,-0.1637386,0.2515201,1.526649,0.3814655,358.6446,70.7646,1.386989,0,11,False
1,Right_Head_Close,198,39.37999,0.2521483,1.526352,0.3813165,0.2644235,1.23937,0.4045675,-0.4767111,0.3453053,0.2905473,0.7543826,0.4340813,1.108106,0.3804848,0.0628301,-0.5748335,0.02589593,-0.8154436,MathCanvas,2.089905,1.223406,0.1190439,0.2518318,1.526645,0.381274,0.9770722,-0.159936,-0.1405371,0.2631434,1.527231,0.3499154,0.9799063,-0.1629733,-0.1149936,0.2411532,1.525473,0.4127176,0.974001,-0.1576394,-0.1627021,0.2521483,1.526352,0.3813165,358.6967,70.66784,1.512963,0,11,False
1,Right_Head_Close,199,39.39999,0.2525294,1.526289,0.381077,0.2645687,1.239342,0.4044985,-0.4769213,0.3447333,0.2903623,0.7545826,0.434233,1.108043,0.3799373,0.0629755,-0.575496,0.02593634,-0.8149638,MathCanvas,2.09107,1.225341,0.1168153,0.2521483,1.526352,0.3813165,0.9763994,-0.1610069,-0.143948,0.2635361,1.527164,0.3496798,0.9790887,-0.1644007,-0.1198239,0.2415228,1.525415,0.4124742,0.9729878,-0.1589987,-0.1673742,0.2525294,1.526289,0.381077,358.7387,70.64813,1.506459,0,11,False
1,Right_Head_Close,200,39.41999,0.2532222,1.526057,0.3808127,0.2648113,1.239293,0.4043153,-0.4766912,0.3447095,0.2901696,0.7548129,0.4345135,1.107936,0.3790908,0.06314055,-0.5764793,0.02635099,-0.8142424,MathCanvas,2.090428,1.223222,0.1101204,0.2528812,1.526177,0.3809537,0.9762653,-0.1620298,-0.1437106,0.2642367,1.526954,0.3494188,0.9790138,-0.1648524,-0.1198153,0.2422078,1.525161,0.4122066,0.9729234,-0.1594057,-0.1673615,0.2532222,1.526057,0.3808127,358.7868,70.634,1.543155,0,11,False
1,Right_Head_Close,201,39.43999,0.2536258,1.52605,0.3805007,0.2654707,1.239013,0.4037245,-0.4754689,0.3462395,0.2892816,0.7552242,0.4351389,1.107668,0.3776203,0.06323025,-0.5780319,0.0270634,-0.8131105,MathCanvas,2.090492,1.221128,0.1103585,0.2532222,1.526057,0.3808127,0.9754372,-0.1636822,-0.1474123,0.2646255,1.526933,0.3491013,0.9779583,-0.1678573,-0.124184,0.2426262,1.525168,0.4119001,0.9716996,-0.1623301,-0.1716073,0.2536258,1.52605,0.3805007,358.8675,70.66396,1.520129,0,11,False
1,Right_Head_Close,202,39.45999,0.2542706,1.525809,0.3800311,0.266209,1.238648,0.4029263,-0.4736407,0.348381,0.2900481,0.7550943,0.4360898,1.10702,0.375886,0.06191096,-0.5799143,0.02640051,-0.8118925,MathCanvas,2.089079,1.218054,0.1031191,0.2539206,1.525951,0.3802541,0.9739293,-0.1685033,-0.1518829,0.2652442,1.526707,0.348623,0.9766195,-0.1723138,-0.1285389,0.243297,1.524911,0.4114392,0.9702127,-0.1666285,-0.1758475,0.2542706,1.525809,0.3800311,358.9904,70.71394,1.54677,0,11,False
1,Right_Head_Close,203,39.47998,0.2546157,1.525652,0.3797878,0.2663952,1.238708,0.4028431,-0.4735699,0.3479404,0.2897976,0.7554379,0.4363706,1.106837,0.3753555,0.06142262,-0.5805858,0.02643532,-0.8114485,MathCanvas,2.084382,1.209174,0.09462786,0.2542706,1.525809,0.3800311,0.9737102,-0.1695022,-0.152176,0.265577,1.52654,0.3483751,0.9764032,-0.1732724,-0.1288934,0.2436543,1.524765,0.4112005,0.9699838,-0.1675851,-0.1762003,0.2546157,1.525652,0.3797878,359.0416,70.73817,1.528278,0,11,False
1,Right_Head_Close,204,39.49998,0.2553232,1.525596,0.3791299,0.266911,1.238821,0.4024411,-0.4731128,0.3476898,0.289331,0.7560183,0.4369392,1.106646,0.374044,0.06089259,-0.5821804,0.02707571,-0.810324,MathCanvas,2.084647,1.207083,0.0937818,0.254945,1.525506,0.3795697,0.9716014,-0.1681406,-0.166492,0.2662376,1.526456,0.3477001,0.9743216,-0.1728863,-0.1442492,0.2444088,1.524737,0.4105597,0.9672372,-0.1671372,-0.1910957,0.2553232,1.525596,0.3791299,359.1862,70.8287,1.479855,0,11,False
1,Right_Head_Close,205,39.51999,0.2555951,1.525456,0.3788265,0.2673614,1.238848,0.4017461,-0.4726568,0.3491638,0.2899032,0.7554047,0.4373545,1.106911,0.372869,0.06148938,-0.5830485,0.02709283,-0.8096539,MathCanvas,2.079563,1.209902,0.06653115,0.2553232,1.525596,0.3791299,0.9710661,-0.1700125,-0.1677095,0.2664634,1.526371,0.3473823,0.9739373,-0.1735218,-0.1460698,0.2447267,1.524541,0.4102706,0.9667884,-0.1676668,-0.1928936,0.2555951,1.525456,0.3788265,359.2783,70.91296,1.576225,0,11,False
1,Right_Head_Close,206,39.53999,0.2558528,1.525244,0.3785652,0.2675385,1.238821,0.4013535,-0.4724945,0.3502071,0.2903981,0.754833,0.4374836,1.107108,0.3724975,0.06195307,-0.5832161,0.02682792,-0.8095067,MathCanvas,2.078674,1.206275,0.06396885,0.2555951,1.525456,0.3788265,0.9682014,-0.156394,-0.1952611,0.2667116,1.526189,0.3471186,0.9718783,-0.1599901,-0.1727884,0.2449939,1.524299,0.4100118,0.9635288,-0.1542286,-0.2186911,0.2558528,1.525244,0.3785652,359.3565,70.93141,1.627132,0,11,False
1,Right_Head_Close,207,39.55999,0.2563733,1.524921,0.3781016,0.2676191,1.238805,0.4011588,-0.4724379,0.350728,0.2906199,0.7545412,0.4374836,1.107108,0.3724975,0.06195307,-0.5832161,0.02682792,-0.8095067,MathCanvas,2.07548,1.231319,0.0115937,0.2561349,1.525087,0.3782871,0.9676951,-0.1579171,-0.1965401,0.2672007,1.52591,0.3466455,0.971405,-0.1613942,-0.1741388,0.2455459,1.523932,0.4095577,0.9630176,-0.1555246,-0.2200209,0.2563733,1.524921,0.3781016,359.4922,70.99107,1.703011,0,11,False
1,Right_Head_Close,208,39.57999,0.2565576,1.524918,0.377928,0.2684885,1.238774,0.3995618,-0.4730954,0.3533223,0.291319,0.7526469,0.4385781,1.108284,0.3703119,0.06416991,-0.5845893,0.02495869,-0.8084025,MathCanvas,2.074167,1.228277,0.008905232,0.2563733,1.524921,0.3781016,0.9674876,-0.1584602,-0.1971247,0.2674325,1.525934,0.3464892,0.9715707,-0.161769,-0.1728626,0.2456828,1.523902,0.4093669,0.9632552,-0.1558463,-0.2187504,0.2565576,1.524918,0.377928,359.543,70.90535,1.749368,0,11,False
1,Right_Head_Close,209,39.59999,0.2569315,1.524596,0.377403,0.2689164,1.238842,0.3986481,-0.4735272,0.3538167,0.2926365,0.7516313,0.4392433,1.108726,0.3695225,0.06498993,-0.5851822,0.02440073,-0.8079249,MathCanvas,2.074383,1.227185,0.007547714,0.256767,1.524783,0.3776176,0.9673959,-0.1542315,-0.2008922,0.2678273,1.52567,0.3459734,0.9712586,-0.1579717,-0.1780498,0.2460356,1.523521,0.4088326,0.9627233,-0.152014,-0.2237309,0.2569315,1.524596,0.377403,359.6982,70.87004,1.849816,0,11,False
1,Right_Head_Close,210,39.61999,0.2571324,1.524457,0.3771842,0.2689164,1.238842,0.3986481,-0.4735272,0.3538167,0.2926365,0.7516313,0.4392433,1.108726,0.3695225,0.06498993,-0.5851822,0.02440073,-0.8079249,MathCanvas,2.075676,1.234634,-0.0002827793,0.2569315,1.524596,0.377403,0.9672651,-0.1549936,-0.2009362,0.2680311,1.525557,0.3457564,0.9711195,-0.1586848,-0.178174,0.2462337,1.523357,0.4086119,0.9625925,-0.1526672,-0.223849,0.2571324,1.524457,0.3771842,359.7706,70.86657,1.893622,0,11,False
1,Right_Head_Close,211,39.63998,0.2573963,1.524314,0.3766631,0.2694972,1.238998,0.3971274,-0.4740058,0.354553,0.2945408,0.7502376,0.4400951,1.109257,0.3684635,0.06590743,-0.5858419,0.02460358,-0.8073662,MathCanvas,2.075881,1.233022,-0.0006362274,0.2571743,1.52417,0.3769441,0.9680333,-0.152538,-0.1991078,0.2683658,1.52546,0.3452616,0.9721642,-0.1554186,-0.1753337,0.2464267,1.523169,0.4080645,0.9637488,-0.1494189,-0.221048,0.2573963,1.524314,0.3766631,359.8981,70.74058,1.972712,0,11,False
1,Right_Head_Close,212,39.65998,0.2575954,1.524671,0.3764301,0.2696489,1.239003,0.3966749,-0.4743815,0.3546045,0.2945439,0.7499744,0.4401191,1.109339,0.368309,0.06629574,-0.5855141,0.02433692,-0.8075802,MathCanvas,2.078625,1.237334,0.002067588,0.2573963,1.524314,0.3766631,0.9682308,-0.1524195,-0.198236,0.2685901,1.525823,0.3450376,0.9724438,-0.1546004,-0.1745045,0.2466007,1.52352,0.4078225,0.9640613,-0.1486132,-0.2202267,0.2575954,1.524671,0.3764301,359.8493,70.69275,1.982857,0,11,False
1,Right_Head_Close,213,39.67999,0.2578102,1.524873,0.3761809,0.2697724,1.239003,0.3963525,-0.4746498,0.354739,0.2943138,0.7498315,0.4401126,1.109388,0.3681923,0.06652648,-0.5852075,0.02401832,-0.807793,MathCanvas,2.07994,1.237797,0.003322452,0.2575954,1.524671,0.3764301,0.9698549,-0.1455465,-0.1954427,0.2688186,1.52604,0.3447939,0.9739376,-0.1477497,-0.1720923,0.2468018,1.523706,0.407568,0.9655997,-0.1419307,-0.2178828,0.2578102,1.524873,0.3761809,359.8174,70.66631,2.009154,0,11,False
1,Right_Head_Close,214,39.69999,0.2581402,1.524949,0.3754894,0.2703043,1.238929,0.3952892,-0.4746794,0.355875,0.2931955,0.7497126,0.4399864,1.109359,0.3674838,0.06663702,-0.5839879,0.02336253,-0.8086853,MathCanvas,2.086219,1.250483,0.007724673,0.2580062,1.525058,0.3759422,0.9701619,-0.1430592,-0.1957551,0.2692113,1.526175,0.3441266,0.975041,-0.1413519,-0.1712146,0.2470691,1.523723,0.4068521,0.9667127,-0.1355996,-0.2169773,0.2581402,1.524949,0.3754894,359.5662,70.54084,2.111628,0,11,False
1,Right_Head_Close,215,39.71999,0.2583319,1.525074,0.3752087,0.2704827,1.238912,0.3949696,-0.4743649,0.3562006,0.2934207,0.7496688,0.4399428,1.109184,0.3672829,0.06634927,-0.5838556,0.02397193,-0.8087866,MathCanvas,2.087949,1.255127,0.006278217,0.2581402,1.524949,0.3754894,0.9711508,-0.1384764,-0.1941409,0.2694347,1.526325,0.3438582,0.97532,-0.1405603,-0.1702759,0.247229,1.523823,0.4065593,0.9670351,-0.1347893,-0.2160441,0.2583319,1.525074,0.3752087,359.5377,70.48092,2.154336,0,11,False
1,Right_Head_Close,216,39.73999,0.2587468,1.525647,0.3746122,0.2707325,1.238872,0.3944565,-0.473973,0.3565694,0.2938637,0.7495679,0.4399451,1.108861,0.3667871,0.0658617,-0.5837289,0.02500512,-0.8088866,MathCanvas,2.09234,1.263563,0.008575596,0.2584957,1.525344,0.3749216,0.9712503,-0.1346564,-0.1963178,0.269897,1.526925,0.3432795,0.9754754,-0.1364881,-0.1726809,0.2475967,1.524368,0.4059449,0.9670779,-0.1307573,-0.218319,0.2587468,1.525647,0.3746122,359.4394,70.38965,2.200998,0,11,False
1,Right_Head_Close,217,39.75999,0.2589921,1.525784,0.3741915,0.2709732,1.238842,0.3939864,-0.4738285,0.3566355,0.2937444,0.7496746,0.4399492,1.108327,0.3661818,0.06479976,-0.5835335,0.02559812,-0.8090948,MathCanvas,2.094204,1.271175,0.003613323,0.2587468,1.525647,0.3746122,0.9715487,-0.1336233,-0.1955453,0.2701307,1.52706,0.3428546,0.97575,-0.1343265,-0.172825,0.2478536,1.524508,0.4055284,0.9673262,-0.128657,-0.2184661,0.2589921,1.525784,0.3741915,359.2938,70.40534,2.197826,0,11,False
1,Right_Head_Close,218,39.77999,0.2592148,1.525562,0.3732636,0.2712734,1.238785,0.3931343,-0.4740534,0.3564832,0.2938887,0.7495483,0.4399366,1.107563,0.3655086,0.0630144,-0.5823502,0.02565712,-0.810086,MathCanvas,2.095682,1.273173,0.004517749,0.2592234,1.525951,0.3738115,0.9724476,-0.1270809,-0.1954384,0.2703058,1.526921,0.3419134,0.9760389,-0.1299126,-0.1745589,0.2481238,1.524202,0.4046139,0.9675184,-0.1242274,-0.2201718,0.2592148,1.525562,0.3732636,359.2809,70.48796,2.340609,0,11,False
1,Right_Head_Close,219,39.79999,0.2592857,1.525361,0.3728928,0.2713311,1.238766,0.3928452,-0.4741232,0.3565838,0.2939187,0.7494444,0.439972,1.10742,0.3652944,0.06279842,-0.5819628,0.0258952,-0.8103735,MathCanvas,2.100039,1.285,0.003302529,0.2592148,1.525562,0.3732636,0.972811,-0.1273221,-0.1934633,0.2703661,1.526709,0.3415384,0.9765483,-0.1309501,-0.1708961,0.2482053,1.524012,0.4042473,0.9681776,-0.1252782,-0.2166506,0.2592857,1.525361,0.3728928,359.323,70.50964,2.321792,0,11,False
1,Right_Head_Close,220,39.81998,0.2594165,1.525202,0.3722209,0.2713683,1.238749,0.3926983,-0.4741578,0.3566673,0.2939091,0.7493866,0.4400253,1.107402,0.3651337,0.0628891,-0.5819548,0.02612421,-0.8103648,MathCanvas,2.101051,1.284309,0.006620169,0.2593482,1.525261,0.3725682,0.9725345,-0.1283987,-0.194141,0.270483,1.526554,0.3408617,0.976388,-0.1314918,-0.1713957,0.24835,1.523851,0.4035801,0.9679993,-0.1257998,-0.2171447,0.2594165,1.525202,0.3722209,359.3623,70.53638,2.327743,0,11,False
1,Right_Head_Close,221,39.83998,0.2597056,1.525778,0.3718523,0.2716512,1.238612,0.3916882,-0.4743743,0.3569913,0.2933763,0.7493041,0.4402863,1.107512,0.3645238,0.06336848,-0.5824191,0.0263664,-0.809986,MathCanvas,2.099998,1.2822,0.004797153,0.2594165,1.525202,0.3722209,0.971361,-0.1367111,-0.19434,0.2707924,1.527064,0.3404975,0.9751874,-0.1410889,-0.1705975,0.2486188,1.524492,0.4032071,0.9668983,-0.1352503,-0.2163678,0.2597056,1.525778,0.3718523,359.3931,70.50334,2.21443,0,11,False
1,Right_Head_Close,222,39.85999,0.2599298,1.525872,0.3714599,0.2717818,1.23857,0.3913228,-0.4743267,0.3569447,0.2929851,0.7495094,0.4404002,1.107525,0.3642769,0.06344238,-0.5824645,0.02597557,-0.8099601,MathCanvas,2.094861,1.267495,0.004693076,0.2597056,1.525778,0.3718523,0.9713168,-0.1381703,-0.1935273,0.2710059,1.527156,0.3401012,0.9752679,-0.1402364,-0.1708397,0.2488536,1.524587,0.4028185,0.9669596,-0.1344226,-0.2166096,0.2599298,1.525872,0.3714599,359.3353,70.52066,2.212437,0,11,False
1,Right_Head_Close,223,39.87999,0.2601244,1.526177,0.3706319,0.271874,1.238546,0.391086,-0.474252,0.3568963,0.2927809,0.7496595,0.4404854,1.107523,0.3640269,0.06350413,-0.5824586,0.02569541,-0.8099685,MathCanvas,2.094421,1.264914,0.005951799,0.2600217,1.526043,0.3710284,0.9696279,-0.1440325,-0.1976774,0.2711749,1.527487,0.3392653,0.9735723,-0.1466412,-0.1750812,0.2490739,1.524868,0.4019986,0.9651487,-0.1405988,-0.2207262,0.2601244,1.526177,0.3706319,359.2496,70.56298,2.254971,0,11,False
1,Right_Head_Close,224,39.89999,0.260248,1.526361,0.3702686,0.2720196,1.238526,0.3906302,-0.4740186,0.3568068,0.2927538,0.7498603,0.4406243,1.107561,0.3635428,0.06358496,-0.5823301,0.0253283,-0.8100661,MathCanvas,2.088671,1.254558,-0.002152495,0.2601244,1.526177,0.3706319,0.9696337,-0.1436207,-0.1979488,0.2712893,1.527692,0.3388996,0.9736148,-0.1459648,-0.1754093,0.2492067,1.525031,0.4016376,0.9651754,-0.1399065,-0.2210488,0.260248,1.526361,0.3702686,359.2253,70.57784,2.29148,0,11,False
1,Right_Head_Close,225,39.91999,0.2603513,1.526334,0.3694629,0.272226,1.238454,0.3896547,-0.4734061,0.3572244,0.2931508,0.7498934,0.4407224,1.107675,0.3626418,0.06372584,-0.5818936,0.02561802,-0.8103595,MathCanvas,2.089179,1.255463,-0.003104068,0.260259,1.526403,0.3698787,0.9663889,-0.1439698,-0.2129912,0.2713581,1.527629,0.3380803,0.9704402,-0.1472364,-0.1912259,0.2493445,1.525039,0.4008455,0.9613761,-0.1411035,-0.2363176,0.2603513,1.526334,0.3694629,359.1948,70.64133,2.230128,0,11,False
1,Right_Head_Close,226,39.93999,0.2603934,1.526226,0.369026,0.2722549,1.23844,0.3894063,-0.4733095,0.3573435,0.2931997,0.7498785,0.4407108,1.107707,0.3623831,0.0638077,-0.5817868,0.02550079,-0.8104335,MathCanvas,2.081873,1.254969,-0.03199893,0.2603513,1.526334,0.3694629,0.9661759,-0.1441707,-0.2138201,0.271371,1.527519,0.3376331,0.9702946,-0.1470558,-0.1921017,0.2494158,1.524932,0.4004189,0.9611875,-0.1409305,-0.2371858,0.2603934,1.526226,0.369026,359.1809,70.69421,2.227245,0,11,False
1,Right_Head_Close,227,39.95999,0.2605359,1.526129,0.3682197,0.2722549,1.23844,0.3894063,-0.4733095,0.3573435,0.2931997,0.7498785,0.4407108,1.107707,0.3623831,0.0638077,-0.5817868,0.02550079,-0.8104335,MathCanvas,2.081566,1.254474,-0.03400953,0.2604651,1.526179,0.3686233,0.9659188,-0.1438031,-0.215225,0.2714764,1.527416,0.3368136,0.9701421,-0.1466635,-0.1931691,0.2495953,1.524843,0.3996258,0.9609797,-0.1405602,-0.2382454,0.2605359,1.526129,0.3682197,359.1475,70.76081,2.215284,0,11,False
1,Right_Head_Close,228,39.97998,0.2604943,1.526629,0.3678502,0.2723024,1.238428,0.3884456,-0.4732809,0.357192,0.29351,0.7498474,0.4407677,1.107734,0.3609739,0.0636659,-0.5816917,0.02519858,-0.8105224,MathCanvas,2.081112,1.255087,-0.03743919,0.2605359,1.526129,0.3682197,0.9658285,-0.1436125,-0.2157565,0.2713245,1.527938,0.3364068,0.9692572,-0.1476825,-0.1968004,0.249664,1.525319,0.3992935,0.9599423,-0.1415136,-0.2418364,0.2604943,1.526629,0.3678502,359.2397,70.96444,2.255501,0,11,False
1,Right_Head_Close,229,39.99998,0.2605474,1.526556,0.3674187,0.2723094,1.238424,0.3882258,-0.4732076,0.357172,0.2936109,0.7498636,0.4408193,1.107708,0.3606627,0.06357306,-0.5818208,0.02522501,-0.8104361,MathCanvas,2.081409,1.25587,-0.03892417,0.2604943,1.526629,0.3678502,0.946552,-0.1652905,-0.2769812,0.2713348,1.527879,0.3359612,0.9516159,-0.1685824,-0.2569185,0.24976,1.525232,0.3988762,0.9403099,-0.1613953,-0.2996144,0.2605474,1.526556,0.3674187,359.2354,71.04173,2.279707,0,11,False
1,Right_Head_Close,230,40.01999,0.2605103,1.526343,0.3666078,0.2723005,1.238411,0.387877,-0.4730562,0.357334,0.2937499,0.7498274,0.4409192,1.10768,0.3600865,0.06341127,-0.5821342,0.02510143,-0.8102276,MathCanvas,2.037923,1.216184,-0.1526793,0.2604969,1.526395,0.3670053,0.9420999,-0.1652655,-0.2917799,0.2711931,1.527663,0.3351145,0.9473362,-0.1689976,-0.2720184,0.2498274,1.525023,0.3981011,0.9354942,-0.1617164,-0.3141631,0.2605103,1.526343,0.3666078,359.2857,71.23413,2.273471,0,11,False
1,Right_Head_Close,231,40.03999,0.2604817,1.526293,0.3662611,0.2723005,1.238411,0.387877,-0.4730562,0.357334,0.2937499,0.7498274,0.4409512,1.107689,0.3598894,0.06339035,-0.5822673,0.0250174,-0.8101362,MathCanvas,2.030631,1.215824,-0.1816204,0.2605103,1.526343,0.3666078,0.9416574,-0.1653581,-0.293152,0.271114,1.527604,0.3347503,0.9467852,-0.1696175,-0.2735464,0.2498493,1.524983,0.3977719,0.9348792,-0.1623327,-0.3156725,0.2604817,1.526293,0.3662611,359.3181,71.32771,2.256974,0,11,False
1,Right_Head_Close,232,40.05999,0.260198,1.525963,0.365539,0.2721747,1.238284,0.3864021,-0.4728094,0.3584374,0.2945099,0.7491581,0.441491,1.10886,0.3568564,0.06647111,-0.5832426,0.02599396,-0.8091564,MathCanvas,2.030028,1.215555,-0.184625,0.2602923,1.525912,0.3658733,0.9372063,-0.1706546,-0.3041735,0.2706689,1.527231,0.3339724,0.942405,-0.1753374,-0.2848325,0.2497271,1.524696,0.3971055,0.9301226,-0.1679008,-0.3266211,0.260198,1.525963,0.365539,359.5543,71.63193,2.182543,0,11,False
1,Right_Head_Close,233,40.07999,0.2601219,1.525952,0.3651759,0.2721587,1.238284,0.3863343,-0.4727843,0.358427,0.2945626,0.7491581,0.441491,1.10886,0.3568564,0.06647111,-0.5832426,0.02599396,-0.8091564,MathCanvas,2.020903,1.205359,-0.2059038,0.260198,1.525963,0.365539,0.9365038,-0.1716203,-0.3057899,0.270532,1.527208,0.3335888,0.9416965,-0.1761542,-0.2866659,0.2497117,1.524695,0.396763,0.9293387,-0.1687097,-0.3284304,0.2601219,1.525952,0.3651759,359.5994,71.7442,2.163991,0,11,False
1,Right_Head_Close,234,40.09999,0.2600309,1.525969,0.3642437,0.2719224,1.238283,0.3855512,-0.4722983,0.3587206,0.2946774,0.749279,0.4429144,1.113784,0.3534661,0.08385906,-0.580812,0.02956967,-0.8091667,MathCanvas,2.019478,1.203538,-0.2092941,0.2601459,1.525978,0.3647465,0.9350392,-0.1726632,-0.3096595,0.2702712,1.527199,0.3326001,0.9402509,-0.1759184,-0.2915152,0.2497906,1.52474,0.3958873,0.9276656,-0.1685247,-0.333221,0.2600309,1.525969,0.3642437,359.5496,72.05105,2.117114,0,11,False
1,Right_Head_Close,235,40.11999,0.2599685,1.525773,0.3638356,0.2717519,1.238256,0.3852027,-0.4719968,0.3590659,0.2949138,0.7492107,0.4442555,1.117134,0.351925,0.0945878,-0.5821823,0.03345945,-0.8068441,MathCanvas,2.016667,1.201591,-0.2175062,0.2600309,1.525969,0.3642437,0.936828,-0.1682278,-0.3066802,0.2701443,1.527023,0.332172,0.9421468,-0.1720009,-0.287707,0.2497927,1.524522,0.3954992,0.9296247,-0.164735,-0.3296366,0.2599685,1.525773,0.3638356,359.5861,72.16841,2.153265,0,11,False
1,Right_Head_Close,236,40.13998,0.2597819,1.525573,0.36316,0.2715525,1.238163,0.3848864,-0.4716596,0.3596473,0.2950827,0.7490776,0.4468515,1.123813,0.3493485,0.1133308,-0.5829648,0.04255879,-0.8034282,MathCanvas,2.020864,1.209566,-0.2126115,0.2598639,1.525676,0.3635223,0.9352125,-0.169013,-0.3111472,0.2698415,1.526826,0.3314594,0.9405773,-0.1731436,-0.2921226,0.2497223,1.52432,0.3948607,0.9278831,-0.1658328,-0.3339649,0.2597819,1.525573,0.36316,359.6874,72.38241,2.157156,0,11,False
1,Right_Head_Close,237,40.15998,0.2596509,1.525311,0.3627741,0.2712119,1.237958,0.3844562,-0.4714115,0.3607095,0.2951093,0.7487125,0.4497589,1.135204,0.3483271,0.1364982,-0.5715117,0.05873718,-0.807027,MathCanvas,2.01781,1.20786,-0.2217396,0.2597819,1.525573,0.36316,0.9344708,-0.1694894,-0.3131099,0.2696703,1.526467,0.3310571,0.9398531,-0.1756539,-0.2929536,0.2496314,1.524155,0.3944911,0.9271169,-0.1684212,-0.3347964,0.2596509,1.525311,0.3627741,359.7494,72.45985,1.990518,0,11,False
1,Right_Head_Close,238,40.17999,0.2596035,1.525203,0.3620614,0.2706808,1.237744,0.383944,-0.47128,0.3622308,0.2952116,0.7480201,0.4513251,1.149628,0.3483253,0.1600408,-0.5502436,0.0701773,-0.8165134,MathCanvas,2.016149,1.206727,-0.2257698,0.2596509,1.525311,0.3627741,0.9337258,-0.1720387,-0.313941,0.2695501,1.526282,0.3303187,0.9388608,-0.1778035,-0.2948328,0.2496568,1.524124,0.393804,0.9260383,-0.170628,-0.3366591,0.2596035,1.525203,0.3620614,359.8097,72.59531,1.858241,0,11,False
1,Right_Head_Close,239,40.19999,0.2595025,1.52511,0.3606485,0.2695913,1.237483,0.3830951,-0.4713358,0.3651335,0.2959208,0.7462915,0.4527779,1.178601,0.3490065,0.1970172,-0.520335,0.08122536,-0.8269452,MathCanvas,2.013739,1.202004,-0.227721,0.259587,1.525123,0.3613747,0.9353997,-0.1673837,-0.3114648,0.2693175,1.52616,0.328864,0.9408387,-0.1716735,-0.2921486,0.2496875,1.52406,0.3924331,0.9279851,-0.164775,-0.3342048,0.2595025,1.52511,0.3606485,359.895,72.83605,1.808746,0,11,False
1,Right_Head_Close,240,40.21999,0.2594287,1.525033,0.3599889,0.2695913,1.237483,0.3830951,-0.4713358,0.3651335,0.2959208,0.7462915,0.4534579,1.190517,0.3490924,0.2138296,-0.508659,0.08747965,-0.8293915,MathCanvas,2.017595,1.210511,-0.2247525,0.2595025,1.52511,0.3606485,0.9346542,-0.1682253,-0.3132445,0.2691888,1.526064,0.3281868,0.9401861,-0.1725427,-0.293733,0.2496685,1.524002,0.391791,0.9272645,-0.1656495,-0.3357691,0.2594287,1.525033,0.3599889,359.933,72.93652,1.77477,0,11,False
1,Right_Head_Close,241,40.23999,0.259233,1.524665,0.3584501,0.2692212,1.237344,0.3827065,-0.4711559,0.3661674,0.2961076,0.7458242,0.4538195,1.219429,0.3505526,0.2508258,-0.4784911,0.1084827,-0.8344844,MathCanvas,2.015729,1.208923,-0.228626,0.2593584,1.524953,0.3593218,0.9521251,-0.1688731,-0.2548333,0.2689061,1.525671,0.3266206,0.9566715,-0.1740826,-0.2333988,0.2495598,1.523659,0.3902795,0.9458228,-0.1676699,-0.2780399,0.259233,1.524665,0.3584501,0.1139487,73.09912,1.732032,0,11,False
1,Right_Head_Close,242,40.25999,0.2588543,1.524131,0.357424,0.2684569,1.236872,0.3807653,-0.4673853,0.3715014,0.294688,0.7461212,0.4484847,1.249517,0.3559352,0.2664334,-0.4191505,0.1742755,-0.8502672,MathCanvas,2.044612,1.208003,-0.119401,0.259233,1.524665,0.3584501,0.9515139,-0.1708772,-0.255778,0.2683778,1.524991,0.3255452,0.9541867,-0.1817518,-0.237685,0.2493308,1.52327,0.3893028,0.9431662,-0.1753608,-0.2822874,0.2588543,1.524131,0.357424,0.484821,73.37955,1.481932,0,11,False
1,Right_Head_Close,243,40.27999,0.2585055,1.523759,0.3556853,0.268154,1.236891,0.3794806,-0.4651166,0.3742969,0.2943451,0.746277,0.4447176,1.283988,0.3590138,0.2942444,-0.3548854,0.247717,-0.8521226,MathCanvas,2.042501,1.203815,-0.1220408,0.2587067,1.523938,0.3565699,0.9882223,-0.1529803,-0.003733754,0.2678146,1.524539,0.3237411,0.9873456,-0.1574126,0.0192343,0.2491965,1.522979,0.3876294,0.9875643,-0.1537909,-0.03263611,0.2585055,1.523759,0.3556853,0.7748276,73.7712,1.34365,0,11,False
1,Right_Head_Close,244,40.29998,0.2583104,1.523521,0.3548081,0.268154,1.236891,0.3794806,-0.4651166,0.3742969,0.2943451,0.746277,0.4436526,1.299863,0.3602728,0.3079556,-0.3269923,0.2729424,-0.8507302,MathCanvas,2.179984,1.226308,0.3484254,0.2585055,1.523759,0.3556853,0.9877971,-0.1556021,-0.006695986,0.2675266,1.524257,0.322836,0.9869602,-0.1601273,0.01639056,0.2490943,1.522784,0.3867802,0.9870347,-0.1565356,-0.03548223,0.2583104,1.523521,0.3548081,0.9176205,73.9404,1.26816,0,11,False
1,Right_Head_Close,245,40.31998,0.2583125,1.52433,0.354053,0.2675877,1.237591,0.3772959,-0.4656249,0.3765385,0.2973468,0.7436377,0.4329999,1.319067,0.3650398,0.3015417,-0.3185678,0.2662708,-0.8583048,MathCanvas,2.178142,1.221101,0.3417942,0.2583104,1.523521,0.3548081,0.9873399,-0.1583317,-0.009541392,0.2675071,1.525194,0.3220778,0.9875151,-0.1567765,0.01533395,0.249118,1.523466,0.3860281,0.9875463,-0.153029,-0.03652829,0.2583125,1.52433,0.354053,0.7755779,73.97739,1.48791,0,11,False
1,Right_Head_Close,246,40.33998,0.2580204,1.524428,0.3525372,0.2672865,1.237953,0.3758827,-0.4669213,0.3775578,0.2993206,0.7415132,0.4215109,1.351163,0.371337,0.3028864,-0.2749587,0.2795768,-0.8686163,MathCanvas,2.175835,1.216833,0.3355225,0.2581575,1.524325,0.3532794,0.9879704,-0.1541353,-0.01252508,0.2670786,1.525293,0.3205232,0.9875864,-0.1566814,0.01112938,0.2489622,1.523563,0.3845512,0.9873965,-0.1529343,-0.04073197,0.2580204,1.524428,0.3525372,0.770166,74.22138,1.48903,0,11,False
1,Right_Head_Close,247,40.35999,0.2578771,1.52452,0.351755,0.2672865,1.237953,0.3758827,-0.4669213,0.3775578,0.2993206,0.7415132,0.4174058,1.367572,0.3737706,0.3084767,-0.2512365,0.2928405,-0.8694636,MathCanvas,2.177901,1.224904,0.3281978,0.2580204,1.524428,0.3525372,0.9878338,-0.1548081,-0.01479852,0.2668633,1.525385,0.3197207,0.987512,-0.1572946,0.00886637,0.248891,1.523656,0.3837893,0.9872068,-0.1535393,-0.04299438,0.2578771,1.52452,0.351755,0.8067392,74.35126,1.487995,0,11,False
1,Right_Head_Close,248,40.37999,0.258048,1.524578,0.3506481,0.2672963,1.238848,0.3738693,-0.4683644,0.3769731,0.3015269,0.7400052,0.4004299,1.386632,0.3798169,0.2725932,-0.185844,0.3700668,-0.8684501,MathCanvas,2.178113,1.223591,0.3229883,0.2579686,1.524592,0.3512595,0.9851251,-0.1621834,-0.0567894,0.2669902,1.525439,0.3186014,0.9860207,-0.1636226,-0.0314768,0.2491058,1.523717,0.3826948,0.983739,-0.1594616,-0.08264071,0.258048,1.524578,0.3506481,0.7372939,74.42807,1.482128,0,11,False
1,Right_Head_Close,249,40.39999,0.2581241,1.524402,0.3500867,0.2673645,1.239026,0.3735944,-0.4683049,0.3764606,0.3018844,0.7401579,0.3946941,1.397839,0.3818475,0.2681899,-0.1615656,0.3962903,-0.8630902,MathCanvas,2.151717,1.212819,0.2414841,0.258048,1.524578,0.3506481,0.9850193,-0.1627188,-0.05709255,0.2670582,1.525276,0.3180381,0.9857794,-0.1650014,-0.03183734,0.2491901,1.523527,0.3821353,0.9834919,-0.160795,-0.08299804,0.2581241,1.524402,0.3500867,0.7565926,74.44321,1.506278,0,11,False
1,Right_Head_Close,250,40.41999,0.2580189,1.523424,0.3490006,0.2674441,1.239218,0.3732758,-0.4680136,0.3757572,0.3019408,0.7406765,0.3843916,1.416248,0.3852794,0.2507554,-0.1267502,0.4470468,-0.8492381,MathCanvas,2.152912,1.211395,0.2402633,0.258149,1.524364,0.3495103,0.984902,-0.1629316,-0.05849302,0.2668992,1.52422,0.316935,0.9846509,-0.1712835,-0.03353363,0.2491386,1.522629,0.3810662,0.9822959,-0.1670986,-0.08469313,0.2580189,1.523424,0.3490006,1.096488,74.54659,1.369846,0,11,False
1,Right_Head_Close,251,40.43999,0.2578834,1.522616,0.3483913,0.2673718,1.239366,0.372913,-0.4680685,0.3751983,0.3020794,0.7408686,0.3788925,1.422559,0.3863671,0.2468458,-0.1227941,0.460077,-0.8439893,MathCanvas,2.15237,1.210043,0.2364958,0.2580189,1.523424,0.3490006,0.9840164,-0.1692505,-0.05537295,0.2667173,1.523365,0.3163117,0.9835122,-0.1780935,-0.03141063,0.2490495,1.521868,0.3804708,0.9812893,-0.1739023,-0.08264005,0.2578834,1.522616,0.3483913,1.483759,74.6372,1.289354,0,11,False
1,Right_Head_Close,252,40.45998,0.2579112,1.52202,0.3478502,0.2672868,1.23945,0.3726197,-0.4681748,0.3749081,0.3021866,0.7409046,0.3727841,1.429764,0.3878132,0.2446059,-0.1153986,0.4624691,-0.8443776,MathCanvas,2.151151,1.196975,0.2418526,0.2578834,1.522616,0.3483913,0.9827368,-0.1759983,-0.05703533,0.2667108,1.522773,0.3157614,0.982305,-0.1843662,-0.03295368,0.2491116,1.521267,0.3799391,0.980047,-0.1800635,-0.08417201,0.2579112,1.52202,0.3478502,1.868572,74.70731,1.2966,0,11,False
1,Right_Head_Close,253,40.47998,0.258073,1.520953,0.3467245,0.2670487,1.239519,0.3720923,-0.4685342,0.3744712,0.3023973,0.7408124,0.3607667,1.445778,0.3908304,0.2365576,-0.09494249,0.4687066,-0.845778,MathCanvas,2.146213,1.183844,0.2382585,0.258033,1.521562,0.3472733,0.9814595,-0.1824563,-0.05871248,0.2668419,1.52173,0.3146278,0.9814034,-0.188885,-0.03420472,0.2493041,1.520176,0.3788213,0.9791197,-0.1844691,-0.08541489,0.258073,1.520953,0.3467245,2.42655,74.77624,1.33892,0,11,False
1,Right_Head_Close,254,40.49998,0.2582608,1.520298,0.3462718,0.2668065,1.239533,0.3716817,-0.4688561,0.3741602,0.3025373,0.7407087,0.3549495,1.450208,0.3917076,0.2257871,-0.07611028,0.4607343,-0.8549569,MathCanvas,2.141143,1.170884,0.2340763,0.258073,1.520953,0.3467245,0.9805983,-0.1866775,-0.05981958,0.2669973,1.521021,0.314165,0.9805511,-0.1930821,-0.03519565,0.2495243,1.519574,0.3783785,0.9782295,-0.1886827,-0.08640558,0.2582608,1.520298,0.3462718,2.654419,74.83572,1.246506,0,11,False
1,Right_Head_Close,255,40.51999,0.2582528,1.519245,0.3447454,0.2658673,1.239454,0.3708449,-0.4699831,0.3743478,0.3020469,0.7400995,0.3460132,1.458514,0.3916571,0.2103764,-0.03285991,0.46215,-0.8608597,Cube,0.3596053,1.501004,0.3400894,0.2583049,1.519739,0.3454702,0.9787788,-0.195038,-0.06286645,0.2668037,1.519823,0.3125857,0.9782485,-0.2034092,-0.04067725,0.2497018,1.518668,0.3769051,0.9756681,-0.1990722,-0.09188122,0.2582528,1.519245,0.3447454,3.310331,75.1676,0.9960139,0,11,False
1,Right_Head_Close,256,40.53999,0.2582416,1.518584,0.344008,0.2655224,1.239395,0.3706517,-0.470478,0.374508,0.3017429,0.739828,0.3415461,1.463686,0.3918063,0.2087822,-0.01846399,0.4623516,-0.8615684,Cube,0.3481168,1.501338,0.3389735,0.2582528,1.519245,0.3447454,0.9803445,-0.1897541,-0.05402005,0.2666878,1.519117,0.3118199,0.9800103,-0.1964303,-0.03154182,0.2497954,1.51805,0.3761961,0.977803,-0.1923949,-0.08297747,0.2582416,1.518584,0.344008,3.571879,75.35435,0.9203256,0,11,False
1,Right_Head_Close,257,40.55999,0.2582656,1.517357,0.3425722,0.2655224,1.239395,0.3706517,-0.470478,0.374508,0.3017429,0.739828,0.3313841,1.476335,0.3932897,0.1979855,0.01472066,0.4690307,-0.8605784,Cube,0.3350531,1.503716,0.3397755,0.2582542,1.517969,0.3432906,0.9780986,-0.1994142,-0.05964088,0.2665606,1.517803,0.3103435,0.9777896,-0.2064247,-0.03628123,0.2499705,1.51691,0.3748008,0.9753743,-0.2023674,-0.08770573,0.2582656,1.517357,0.3425722,4.137609,75.62216,0.7714678,0,11,False
1,Right_Head_Close,258,40.57999,0.2587878,1.517743,0.3408376,0.2639021,1.239196,0.3704045,-0.473527,0.3735867,0.2993453,0.7393224,0.3317525,1.471449,0.3900353,0.2336756,0.03161659,0.4645231,-0.8535891,Cube,0.3253916,1.503671,0.338479,0.2582656,1.517357,0.3425722,0.9769226,-0.2043964,-0.06200397,0.2665997,1.518051,0.3084868,0.9770259,-0.207161,-0.05004692,0.2509759,1.517436,0.3731884,0.9738434,-0.2033169,-0.1014459,0.2587878,1.517743,0.3408376,4.111525,76.46239,0.5307552,0,11,False
1,Right_Head_Close,259,40.59999,0.2589459,1.51815,0.3381307,0.2629048,1.239146,0.3706963,-0.4752359,0.3716392,0.2983172,0.7396229,0.3259966,1.47602,0.3889211,0.249816,0.06923593,0.4689418,-0.8443294,Cube,0.3076495,1.50752,0.3377364,0.2587878,1.517922,0.3393754,0.9804167,-0.1437152,-0.1346455,0.2660852,1.518434,0.3056246,0.9824127,-0.1429934,-0.1200765,0.2518066,1.517865,0.3706368,0.975435,-0.1398445,-0.1702064,0.2589459,1.51815,0.3381307,4.122435,77.64811,0.4910628,0,11,False
1,Right_Head_Close,260,40.61999,0.2590717,1.518242,0.3368262,0.2629048,1.239146,0.3706963,-0.4752359,0.3716392,0.2983172,0.7396229,0.3222839,1.479756,0.3887798,0.2534187,0.08677762,0.4706427,-0.8406807,Cube,0.3236994,1.508658,0.3292378,0.2589459,1.51815,0.3381307,0.9589277,-0.1377717,-0.2479452,0.2659489,1.518489,0.3042634,0.9623364,-0.1415533,-0.2321019,0.2521945,1.517994,0.369389,0.9503861,-0.1377714,-0.2789004,0.2590717,1.518242,0.3368262,4.212899,78.10594,0.4273002,0,11,False
1,Right_Head_Close,261,40.63998,0.2591977,1.518341,0.3355184,0.2629048,1.239146,0.3706963,-0.4752359,0.3716392,0.2983172,0.7396229,0.3185786,1.483485,0.3886389,0.256929,0.1042553,0.4721821,-0.8367571,Cube,0.3243557,1.508862,0.319946,0.2590717,1.518242,0.3368262,0.9566492,-0.1396626,-0.2555715,0.2658128,1.518552,0.3029011,0.9601833,-0.1434354,-0.2397382,0.2525827,1.51813,0.3681358,0.947863,-0.139667,-0.2864417,0.2591977,1.518341,0.3355184,4.303688,78.56281,0.3643819,0,11,False
1,Right_Head_Close,262,40.65998,0.2596023,1.520069,0.3363228,0.2610793,1.239215,0.3718769,-0.4754393,0.3680721,0.2948636,0.7426546,0.3286507,1.471781,0.3950864,0.2237064,0.136619,0.549339,-0.7934214,Cube,0.3202932,1.509422,0.3191966,0.2553241,1.522953,0.3325669,0.9350982,-0.2163983,-0.2806479,0.2652458,1.520236,0.3035232,0.9381368,-0.1919361,-0.2882013,0.2539589,1.519902,0.3691225,0.9239426,-0.1869083,-0.3337598,0.2596023,1.520069,0.3363228,3.779074,80.25631,0.2883198,0,11,False
1,Right_Head_Close,263,40.67999,0.2593858,1.521966,0.3329575,0.2607342,1.239206,0.3720517,-0.4756923,0.3667701,0.294631,0.7432288,0.3284214,1.472451,0.3968048,0.2213796,0.1328145,0.5479102,-0.7957046,Cube,0.3118269,1.507984,0.3206488,0.2596023,1.520069,0.3363228,0.9313215,-0.1894229,-0.311062,0.2654729,1.522233,0.3002379,0.9403914,-0.1981581,-0.2764006,0.2532986,1.5217,0.3656771,0.9268544,-0.1928162,-0.3221227,0.2593858,1.521966,0.3329575,4.273274,79.49546,0.4601842,0,11,False
1,Right_Head_Close,264,40.69999,0.2599818,1.525116,0.3308147,0.2607342,1.239206,0.3720517,-0.4756923,0.3667701,0.294631,0.7432288,0.3265599,1.474342,0.3991054,0.2150509,0.156911,0.5651949,-0.7808244,MathCanvas,1.997465,1.168455,-0.2475622,0.2596802,1.523525,0.3318853,0.9307998,-0.2025211,-0.3042973,0.2657154,1.525353,0.2980312,0.9353356,-0.207583,-0.2864553,0.2542481,1.524878,0.3635983,0.921371,-0.202058,-0.3320361,0.2599818,1.525116,0.3308147,4.552701,80.11219,0.4096294,0,11,False
1,Right_Head_Close,265,40.71999,0.2579218,1.519579,0.3326726,0.2599337,1.238925,0.3732162,-0.4729789,0.3621535,0.2924295,0.748078,0.3253345,1.471279,0.3999597,0.2220155,0.1185467,0.5227517,-0.8144854,MathCanvas,1.993511,1.147939,-0.2359111,0.2599818,1.525116,0.3308147,0.9286368,-0.2048213,-0.3093252,0.2636556,1.519795,0.2998889,0.9401032,-0.1865093,-0.2853425,0.252188,1.519363,0.3654563,0.9260208,-0.1815407,-0.3309509,0.2579218,1.519579,0.3326726,3.153379,80.09994,0.3721901,0,11,False
1,Right_Head_Close,266,40.73999,0.2575625,1.519955,0.3324157,0.2598393,1.238791,0.3733493,-0.4722271,0.3617562,0.291835,0.7489769,0.3229729,1.470935,0.4018666,0.2145399,0.13008,0.5260458,-0.8126055,MathCanvas,1.987394,1.138124,-0.2434075,0.2577527,1.519902,0.332587,0.9380071,-0.1854135,-0.2928568,0.2632444,1.520171,0.299623,0.9445649,-0.1865411,-0.2701844,0.2518805,1.519738,0.3652084,0.9310508,-0.1817207,-0.316421,0.2575625,1.519955,0.3324157,2.975899,80.18945,0.3727765,0,11,False
1,Right_Head_Close,267,40.75999,0.2575264,1.519745,0.3326903,0.2596841,1.23846,0.373326,-0.4713236,0.3615304,0.2915989,0.7497465,0.3217845,1.470309,0.4025647,0.2045554,0.1362289,0.5339361,-0.8090186,MathCanvas,2.011302,1.173297,-0.2151223,0.2575625,1.519955,0.3324157,0.9380956,-0.1841316,-0.2933807,0.2633392,1.519914,0.2999202,0.9456947,-0.1866441,-0.2661307,0.2517137,1.519576,0.3654604,0.9323637,-0.1818973,-0.3124281,0.2575264,1.519745,0.3326903,2.943254,79.95645,0.291232,0,11,False
1,Right_Head_Close,268,40.77999,0.2573432,1.520028,0.3323121,0.2596018,1.238314,0.3732873,-0.4708959,0.3612629,0.2914204,0.7502135,0.3211941,1.470172,0.4031217,0.2013015,0.1381644,0.5413287,-0.8045816,MathCanvas,2.012867,1.175203,-0.2162765,0.2575264,1.519745,0.3326903,0.942348,-0.1846124,-0.2791032,0.2632257,1.520212,0.2995545,0.9491329,-0.1864514,-0.2537375,0.2514607,1.519843,0.3650696,0.9363142,-0.1817779,-0.300454,0.2573432,1.520028,0.3323121,2.924485,79.83575,0.3185703,0,11,False
1,Right_Head_Close,269,40.79998,0.2569392,1.519987,0.332837,0.2595001,1.23815,0.3730268,-0.4698259,0.3616018,0.2911164,0.7508389,0.320458,1.470357,0.4039849,0.1984149,0.1433521,0.5521902,-0.7969741,MathCanvas,2.022732,1.174176,-0.190558,0.2571498,1.520021,0.3326264,0.9443484,-0.188159,-0.2698191,0.2629845,1.52023,0.3001095,0.9507459,-0.1908767,-0.2442302,0.250894,1.519744,0.3655646,0.9383984,-0.1860546,-0.2911911,0.2569392,1.519987,0.332837,2.96681,79.55627,0.4195071,0,11,False
1,Right_Head_Close,270,40.81998,0.2567398,1.519943,0.3330096,0.2594493,1.238147,0.3729815,-0.4697538,0.3617559,0.2911961,0.7507789,0.3197728,1.470485,0.4046136,0.1957766,0.1483744,0.5568442,-0.7934615,MathCanvas,2.027573,1.167193,-0.1730683,0.2569392,1.519987,0.332837,0.9448761,-0.1888111,-0.267506,0.2628462,1.520204,0.3002936,0.9511348,-0.1914072,-0.2422931,0.2506335,1.519683,0.3657257,0.9388945,-0.1865369,-0.2892772,0.2567398,1.519943,0.3330096,2.992002,79.45102,0.449313,0,11,False
1,Right_Head_Close,271,40.83998,0.2563854,1.51994,0.3331914,0.2594493,1.238147,0.3729815,-0.4697538,0.3617559,0.2911961,0.7507789,0.3183416,1.470734,0.4058782,0.1904329,0.1580837,0.5660166,-0.786365,MathCanvas,2.030547,1.16549,-0.1691768,0.2565603,1.519929,0.3331146,0.9462891,-0.1922672,-0.2599432,0.2625955,1.520226,0.3004951,0.952366,-0.1944526,-0.2349198,0.2501753,1.519654,0.3658877,0.9404756,-0.1895255,-0.2821095,0.2563854,1.51994,0.3331914,2.982862,79.27145,0.4931445,0,11,False
1,Right_Head_Close,272,40.85999,0.2559825,1.518703,0.3343273,0.2582925,1.238046,0.3723978,-0.4711059,0.3627406,0.2929155,0.748785,0.3189799,1.471609,0.4052621,0.1926863,0.168475,0.574537,-0.7774287,MathCanvas,2.034401,1.158682,-0.1552251,0.2563854,1.51994,0.3331914,0.9467178,-0.1919897,-0.2585834,0.2623227,1.518962,0.3016557,0.9519247,-0.2008723,-0.2312783,0.2496423,1.518445,0.3669988,0.9402537,-0.1958417,-0.2785119,0.2559825,1.518703,0.3343273,3.374094,79.044,0.4462292,0,11,False
1,Right_Head_Close,273,40.87999,0.2555179,1.518246,0.3345869,0.2578635,1.237996,0.3722301,-0.4716721,0.3629474,0.2934501,0.7481188,0.318426,1.472113,0.4059297,0.1890567,0.1747687,0.5831937,-0.7704536,MathCanvas,2.037056,1.157511,-0.1521494,0.2557467,1.51843,0.334515,0.9445893,-0.2038032,-0.2573231,0.2620169,1.518514,0.3019467,0.9502918,-0.2081769,-0.2315337,0.2490189,1.517978,0.3672272,0.9387092,-0.2029184,-0.2786557,0.2555179,1.518246,0.3345869,3.623031,78.76841,0.4629199,0,11,False
1,Right_Head_Close,274,40.89999,0.2557536,1.519987,0.3346786,0.2570621,1.23794,0.3719819,-0.4728915,0.3633529,0.2945914,0.7467023,0.3197281,1.473052,0.4049635,0.1922645,0.1655908,0.588542,-0.7676148,MathCanvas,2.030391,1.135302,-0.1489207,0.2555179,1.518246,0.3345869,0.9447979,-0.2055484,-0.2551606,0.2621867,1.520048,0.3020243,0.9499799,-0.2089744,-0.2320947,0.2493205,1.519925,0.367333,0.9382986,-0.2040302,-0.2792267,0.2557536,1.519987,0.3346786,3.50923,78.86163,0.1060406,0,11,False
1,Right_Head_Close,275,40.91999,0.2553468,1.519198,0.3346552,0.2557048,1.23804,0.37214,-0.4743603,0.3644706,0.2949468,0.7450839,0.3218971,1.473231,0.4037495,0.2260196,0.1301832,0.5756412,-0.7749869,MathCanvas,2.032362,1.133471,-0.1451281,0.2555397,1.519449,0.3347664,0.9435082,-0.1952361,-0.2677224,0.2616757,1.519322,0.3019807,0.9487004,-0.2000196,-0.2448665,0.249018,1.519075,0.3673297,0.9364322,-0.1950893,-0.2916071,0.2553468,1.519198,0.3346552,3.322438,79.0502,0.2127834,0,11,False
1,Right_Head_Close,276,40.93999,0.2551393,1.519039,0.3347373,0.2556265,1.238071,0.3722037,-0.4743828,0.3644141,0.2948129,0.74515,0.3220449,1.47308,0.4037533,0.2343036,0.1247742,0.5720734,-0.7760575,MathCanvas,2.030167,1.151942,-0.1689536,0.2553468,1.519198,0.3346552,0.9428591,-0.1975551,-0.2683073,0.2614469,1.5191,0.3020585,0.9484068,-0.2010888,-0.2451281,0.2488316,1.518978,0.3674161,0.9361116,-0.1962333,-0.2918693,0.2551393,1.519039,0.3347373,3.340747,79.08127,0.1054319,0,11,False
1,Right_Head_Close,277,40.95998,0.25499,1.518978,0.3348225,0.2556265,1.238071,0.3722037,-0.4743828,0.3644141,0.2948129,0.74515,0.322261,1.473252,0.4037172,0.2394391,0.1206164,0.5722185,-0.7750397,MathCanvas,2.028318,1.147509,-0.1698522,0.2551393,1.519039,0.3347373,0.942552,-0.1986617,-0.2685695,0.2612914,1.519014,0.3021424,0.9482841,-0.2016103,-0.2451745,0.2486886,1.518941,0.3675025,0.9359818,-0.1967818,-0.2919165,0.25499,1.518978,0.3348225,3.354495,79.08983,0.06321125,0,11,False
1,Right_Head_Close,278,40.97998,0.2545615,1.519741,0.3343196,0.2543802,1.238142,0.3730755,-0.4744632,0.3628683,0.2951813,0.7457073,0.3221914,1.473699,0.4029903,0.2243325,0.115998,0.5729316,-0.7797236,MathCanvas,2.02736,1.145415,-0.1701943,0.2548189,1.518884,0.3349099,0.9422333,-0.1999409,-0.2687383,0.2605848,1.519408,0.3015888,0.9469489,-0.2009344,-0.2508252,0.2485383,1.520074,0.3670504,0.9342309,-0.196717,-0.2975149,0.2545615,1.519741,0.3343196,3.008926,79.54265,359.4251,0,11,False
1,Right_Head_Close,279,40.99998,0.254285,1.520014,0.3340257,0.2539224,1.238147,0.373432,-0.4740951,0.3622889,0.2952168,0.7462089,0.3225473,1.474421,0.4023313,0.2258767,0.1116542,0.5753679,-0.7781162,MathCanvas,2.026334,1.143773,-0.1710149,0.2545615,1.519741,0.3343196,0.9345456,-0.2057752,-0.2903123,0.2601831,1.519577,0.3012733,0.9402461,-0.2073311,-0.2700941,0.248387,1.52045,0.3667781,0.9267496,-0.2029666,-0.3161324,0.254285,1.520014,0.3340257,2.874326,79.75385,359.2473,0,11,False
1,Right_Head_Close,280,41.01999,0.2539591,1.520386,0.3338105,0.2537912,1.238148,0.3735498,-0.473935,0.3621227,0.2952311,0.7463856,0.3230655,1.475391,0.4015351,0.2309123,0.1058711,0.5775834,-0.7758017,MathCanvas,2.00606,1.134295,-0.2101552,0.2541227,1.520213,0.3339079,0.9292071,-0.2093327,-0.3045553,0.2596423,1.519794,0.3010226,0.9350488,-0.2123525,-0.2838843,0.248276,1.520979,0.3665984,0.9209474,-0.2080281,-0.329515,0.2539591,1.520386,0.3338105,2.829742,80.11613,358.9789,0,11,False
1,Right_Head_Close,281,41.03999,0.2537831,1.520329,0.3337142,0.2531682,1.238158,0.374216,-0.4726497,0.3613851,0.2950404,0.7476324,0.3234563,1.476427,0.4010865,0.232611,0.1101888,0.5748385,-0.7767312,MathCanvas,1.992829,1.128652,-0.2361183,0.2539591,1.520386,0.3338105,0.9282808,-0.2101909,-0.3067814,0.2593862,1.5198,0.3009114,0.9346224,-0.210641,-0.2865507,0.24818,1.520857,0.3665169,0.9204029,-0.2062569,-0.3321391,0.2537831,1.520329,0.3337142,2.772615,80.26271,359.0885,0,11,False
1,Right_Head_Close,282,41.05999,0.2534219,1.52038,0.3329822,0.2524458,1.238319,0.3753024,-0.470098,0.3601938,0.2943453,0.7500861,0.3254163,1.478251,0.3996472,0.2314705,0.1121849,0.5583007,-0.7887561,MathCanvas,1.990234,1.127144,-0.2401539,0.2536627,1.520385,0.3332121,0.9254989,-0.2074323,-0.316897,0.2585764,1.519872,0.3001057,0.9306913,-0.2101475,-0.2994189,0.2482674,1.520888,0.3658588,0.9158489,-0.2057418,-0.344806,0.2534219,1.52038,0.3329822,2.758573,81.04739,359.1249,0,11,False
1,Right_Head_Close,283,41.07999,0.2532704,1.520467,0.3327783,0.2524458,1.238319,0.3753024,-0.470098,0.3601938,0.2943453,0.7500861,0.3259215,1.478833,0.3991827,0.2324587,0.1107957,0.5559949,-0.7902892,MathCanvas,1.984038,1.132497,-0.2595924,0.2534219,1.52038,0.3329822,0.9235513,-0.2079452,-0.3221986,0.2582704,1.519928,0.2998784,0.9293503,-0.2101104,-0.3035813,0.2482703,1.521006,0.3656783,0.9142928,-0.2057559,-0.3489026,0.2532704,1.520467,0.3327783,2.728968,81.3143,359.071,0,11,False
1,Right_Head_Close,284,41.09999,0.2530685,1.520506,0.3326092,0.2524458,1.238319,0.3753024,-0.470098,0.3601938,0.2943453,0.7500861,0.3265965,1.479435,0.3985431,0.2358226,0.108874,0.5525007,-0.7920083,MathCanvas,1.979377,1.131819,-0.2694072,0.2532704,1.520467,0.3327783,0.9221024,-0.2079338,-0.3263295,0.2579105,1.51993,0.2996863,0.9279627,-0.2101172,-0.3077922,0.2482265,1.521083,0.3655321,0.912686,-0.2058231,-0.3530454,0.2530685,1.520506,0.3326092,2.696713,81.58659,359.0061,0,11,False
1,Right_Head_Close,285,41.11998,0.2512116,1.518538,0.3341606,0.2514134,1.23838,0.3756035,-0.4724348,0.3580138,0.2951973,0.7493263,0.3277859,1.480343,0.3973841,0.2486385,0.1044973,0.5462896,-0.7929862,MathCanvas,1.976064,1.131971,-0.2771541,0.2514354,1.518363,0.3340422,0.9306877,-0.1635689,-0.3272089,0.2563301,1.517917,0.3012803,0.9377173,-0.1686513,-0.3037155,0.2460931,1.51916,0.3670408,0.9224341,-0.1654222,-0.3489283,0.2512116,1.518538,0.3341606,3.495182,81.08638,358.9278,0,11,False
1,Right_Head_Close,286,41.13998,0.2507618,1.518691,0.3345798,0.2511769,1.238389,0.3756823,-0.4727767,0.3575279,0.295353,0.7492813,0.3253637,1.478782,0.4005096,0.2409258,0.109308,0.547914,-0.7935973,MathCanvas,2.004768,1.21035,-0.2823505,0.2512116,1.518538,0.3341606,0.9303516,-0.167037,-0.326412,0.255906,1.518048,0.301704,0.9380032,-0.1685781,-0.3028719,0.2456176,1.519333,0.3674557,0.922754,-0.1653847,-0.3480989,0.2507618,1.518691,0.3345798,3.472054,81.03972,358.8915,0,11,False
1,Right_Head_Close,287,41.15998,0.2499177,1.518534,0.3352355,0.2511769,1.238389,0.3756823,-0.4727767,0.3575279,0.295353,0.7492813,0.3260378,1.479536,0.4000548,0.2441062,0.107261,0.5432121,-0.796133,MathCanvas,2.003148,1.204064,-0.2802413,0.2503403,1.518609,0.3349057,0.9302354,-0.1687832,-0.3258446,0.2550373,1.517855,0.3023565,0.9371703,-0.172197,-0.3034142,0.2447982,1.519213,0.3681144,0.9219023,-0.1689711,-0.3486329,0.2499177,1.518534,0.3352355,3.676193,81.07442,358.8287,0,11,False
1,Right_Head_Close,288,41.17999,0.2496913,1.518736,0.3353156,0.2504137,1.238242,0.3760175,-0.4736975,0.3557426,0.2958651,0.7493475,0.3211882,1.476125,0.4045043,0.2250965,0.1190957,0.5524784,-0.7936721,MathCanvas,2.002449,1.200552,-0.2786444,0.2499177,1.518534,0.3352355,0.9298126,-0.1705843,-0.326113,0.2553798,1.518307,0.3025261,0.9436696,-0.1624029,-0.2882936,0.2440028,1.519165,0.3681051,0.9291527,-0.1590211,-0.3337474,0.2496913,1.518736,0.3353156,3.256304,80.11594,359.2602,0,11,False
1,Right_Head_Close,289,41.19999,0.2488132,1.519069,0.3353651,0.2504129,1.237981,0.3763305,-0.4738925,0.3554118,0.2944694,0.7499308,0.3190149,1.475003,0.4055803,0.2229625,0.1254978,0.5587826,-0.78886,MathCanvas,2.001066,1.197427,-0.2789439,0.2491662,1.518808,0.335388,0.9387298,-0.1509726,-0.3098294,0.2545785,1.518576,0.30259,0.9461946,-0.152181,-0.2855811,0.243048,1.519562,0.3681403,0.931739,-0.1491585,-0.3310803,0.2488132,1.519069,0.3353651,3.141127,79.97699,359.1499,0,11,False
1,Right_Head_Close,290,41.21999,0.2485192,1.519215,0.335408,0.250414,1.237952,0.3763817,-0.4739075,0.3553269,0.2942844,0.7500342,0.3181532,1.474628,0.4061269,0.2213311,0.1284462,0.5606626,-0.7875098,MathCanvas,2.027165,1.233063,-0.2515829,0.2488132,1.519069,0.3353651,0.9392436,-0.1506699,-0.3084158,0.254344,1.518723,0.3026433,0.9468409,-0.1513886,-0.2838553,0.2426943,1.519706,0.3681726,0.9324646,-0.1483835,-0.3293812,0.2485192,1.519215,0.335408,3.090998,79.87366,359.1525,0,11,False
1,Right_Head_Close,291,41.23999,0.2481748,1.519366,0.3354836,0.250414,1.237952,0.3763817,-0.4739075,0.3553269,0.2942844,0.7500342,0.3174978,1.474291,0.406642,0.2200128,0.1302833,0.5614657,-0.7870051,MathCanvas,2.028448,1.233685,-0.2490603,0.2485192,1.519215,0.335408,0.9399295,-0.1498863,-0.3067027,0.254071,1.518873,0.3027316,0.9475513,-0.1508159,-0.281782,0.2422787,1.519858,0.3682355,0.9332719,-0.1478266,-0.327339,0.2481748,1.519366,0.3354836,3.053059,79.74947,359.1511,0,11,False
1,Right_Head_Close,292,41.25999,0.2483447,1.519783,0.3348902,0.2501606,1.237922,0.3771594,-0.474364,0.3543912,0.2929083,0.7507266,0.3177142,1.475034,0.4055286,0.2312494,0.1316951,0.558739,-0.7854877,MathCanvas,2.030247,1.235187,-0.246014,0.2484721,1.519607,0.3350469,0.9352071,-0.1259995,-0.3309257,0.2538241,1.519497,0.3020636,0.9424951,-0.1249406,-0.3099883,0.2428653,1.52007,0.3677168,0.9269612,-0.122175,-0.3547058,0.2483447,1.519783,0.3348902,2.499327,80.50201,359.5061,0,11,False
1,Right_Head_Close,293,41.27998,0.2482896,1.519966,0.3347512,0.2500747,1.237994,0.3773112,-0.4747487,0.3539822,0.2929232,0.7506706,0.3182917,1.475024,0.4046259,0.2392609,0.1290294,0.5543514,-0.7866386,MathCanvas,2.026478,1.280217,-0.2943073,0.2483447,1.519783,0.3348902,0.9349997,-0.1234764,-0.3324594,0.2537188,1.519745,0.3019157,0.9423561,-0.1217874,-0.3116616,0.2428605,1.520188,0.3675867,0.9267446,-0.1189919,-0.3563501,0.2482896,1.519966,0.3347512,2.357867,80.59573,359.6186,0,11,False
1,Right_Head_Close,294,41.29998,0.2481243,1.520413,0.3346716,0.2498651,1.23822,0.3776621,-0.4760314,0.3527406,0.2929674,0.7504253,0.3185085,1.474526,0.4038669,0.2468787,0.1290816,0.5473872,-0.789149,MathCanvas,2.026335,1.285157,-0.2974714,0.248118,1.520134,0.334669,0.9298244,-0.1429516,-0.3391042,0.2534802,1.520276,0.3018236,0.9374827,-0.1418457,-0.3178145,0.2427685,1.520551,0.3675196,0.9217284,-0.138381,-0.3623085,0.2481243,1.520413,0.3346716,2.078155,80.73084,359.7635,0,11,False
1,Right_Head_Close,295,41.31998,0.2480867,1.521267,0.3355886,0.2495534,1.238606,0.3781801,-0.4779599,0.3508925,0.2932482,0.7499563,0.3189032,1.473378,0.4032588,0.2502241,0.1232112,0.5329483,-0.7988573,MathCanvas,2.007689,1.249897,-0.3070365,0.2481243,1.520413,0.3346716,0.9298731,-0.1401136,-0.3401535,0.2534997,1.521019,0.3027506,0.9387314,-0.1384452,-0.3156205,0.2426737,1.521515,0.3684266,0.9230363,-0.1352471,-0.3601557,0.2480867,1.521267,0.3355886,1.75388,80.62645,359.5724,0,11,False
1,Right_Head_Close,296,41.33998,0.2477939,1.522432,0.3361079,0.2494529,1.238832,0.3785132,-0.4785495,0.3503823,0.2930277,0.7499049,0.3196167,1.470704,0.4021234,0.2598558,0.1057934,0.4992411,-0.8197811,MathCanvas,2.008852,1.255955,-0.3085106,0.2478623,1.521917,0.3358197,0.9010755,-0.1323429,-0.4129751,0.2533306,1.522235,0.3032902,0.9111208,-0.130084,-0.3910716,0.2422571,1.522628,0.3689256,0.8929257,-0.1265338,-0.4320563,0.2477939,1.522432,0.3361079,1.269964,80.41617,359.6619,0,11,False
1,Right_Head_Close,297,41.35999,0.2476639,1.522976,0.3364238,0.2494529,1.238832,0.3785132,-0.4785495,0.3503823,0.2930277,0.7499049,0.3197609,1.470058,0.401804,0.2632974,0.1023537,0.4907665,-0.8242248,MathCanvas,1.953754,1.271874,-0.4457568,0.2477939,1.522432,0.3361079,0.8934631,-0.1232252,-0.4319015,0.2532254,1.522795,0.3036101,0.9034206,-0.1216197,-0.4111449,0.2421024,1.523157,0.3692374,0.8846132,-0.118178,-0.4511026,0.2476639,1.522976,0.3364238,1.053399,80.37478,359.6886,0,11,False
1,Right_Head_Close,298,41.37999,0.2467557,1.522711,0.3379569,0.2494514,1.239538,0.3796923,-0.4783792,0.3482191,0.2925929,0.7511899,0.3241023,1.453334,0.401399,0.2693553,0.07092143,0.4357506,-0.8558851,MathCanvas,1.943329,1.289112,-0.4832635,0.2475341,1.523523,0.3367425,0.8950062,-0.1165706,-0.4305526,0.2524041,1.522426,0.3051589,0.9044305,-0.1234493,-0.4083696,0.2411074,1.522997,0.3707549,0.8857312,-0.120119,-0.4483879,0.2467557,1.522711,0.3379569,1.059116,80.21947,359.5086,0,11,False
1,Right_Head_Close,299,41.39999,0.2464752,1.523126,0.3386117,0.2494093,1.23972,0.3799092,-0.4785453,0.3475347,0.292716,0.7513531,0.3254051,1.448238,0.4014957,0.2697431,0.0558337,0.4148254,-0.8672031,MathCanvas,1.948847,1.301022,-0.480853,0.2467557,1.522711,0.3379569,0.8936592,-0.1218813,-0.4318777,0.2521653,1.522816,0.3058211,0.9034603,-0.1231436,-0.4106033,0.2407851,1.523435,0.3714023,0.8847116,-0.1198418,-0.4504701,0.2464752,1.523126,0.3386117,1.00163,80.14629,359.4667,0,11,False
1,Right_Head_Close,300,41.41999,0.2460994,1.523349,0.3392728,0.2494093,1.23972,0.3799092,-0.4785453,0.3475347,0.292716,0.7513531,0.3264135,1.444548,0.4013292,0.2717504,0.04624814,0.3980692,-0.8749593,MathCanvas,1.943984,1.291612,-0.4817415,0.2464752,1.523126,0.3386117,0.8943094,-0.1214929,-0.4306395,0.2518241,1.523017,0.3064885,0.9040676,-0.1222159,-0.4095427,0.2403746,1.523682,0.3720571,0.8853555,-0.1189795,-0.4494323,0.2460994,1.523349,0.3392728,0.9097892,80.08583,359.4271,0,11,False
1,Right_Head_Close,301,41.43999,0.2457671,1.524285,0.3413875,0.2492383,1.24016,0.3809446,-0.4809505,0.3443168,0.2925622,0.7513587,0.335796,1.416763,0.4028442,0.2579474,-0.05629493,0.3039856,-0.9153616,MathCanvas,1.945216,1.292523,-0.478908,0.2457551,1.52358,0.3399642,0.8938376,-0.1334881,-0.4280603,0.2516782,1.523958,0.3086362,0.9054521,-0.1306412,-0.4038435,0.2398561,1.524613,0.3741388,0.8870257,-0.1271408,-0.4438701,0.2457671,1.524285,0.3413875,0.5262183,79.76402,359.4363,0,11,False
1,Right_Head_Close,302,41.45998,0.2455107,1.524507,0.3426815,0.2491244,1.240214,0.3813686,-0.4817253,0.3430699,0.2931247,0.7512136,0.3418669,1.403118,0.4012643,0.2697176,-0.09104932,0.2824804,-0.9160607,MathCanvas,1.940232,1.27123,-0.4700946,0.2457671,1.524285,0.3413875,0.8954652,-0.1358327,-0.4239005,0.2515571,1.52418,0.3099549,0.9063864,-0.1358733,-0.4000031,0.2394642,1.524835,0.3754081,0.8881559,-0.1322133,-0.4401124,0.2455107,1.524507,0.3426815,0.3986762,79.52828,359.4359,0,11,False
1,Right_Head_Close,303,41.47998,0.2451296,1.52507,0.3452361,0.2489997,1.240258,0.3818851,-0.4824277,0.3416198,0.294012,0.7510769,0.3497866,1.383976,0.3999545,0.2772277,-0.1364116,0.237636,-0.9209049,MathCanvas,1.941953,1.267175,-0.4603901,0.2453517,1.524785,0.3439853,0.899888,-0.1317892,-0.4157319,0.2514465,1.52477,0.3125604,0.9102654,-0.1316783,-0.3925273,0.2388127,1.52537,0.3779118,0.8923485,-0.1281039,-0.4327856,0.2451296,1.52507,0.3452361,0.1372001,79.05732,359.4829,0,11,False
1,Right_Head_Close,304,41.49998,0.245344,1.525367,0.3469668,0.248908,1.240262,0.383228,-0.4825732,0.3381309,0.2963825,0.7516303,0.3594515,1.367134,0.3938397,0.2898399,-0.1300833,0.2605681,-0.9116883,MathCanvas,1.952148,1.275076,-0.4433753,0.2451296,1.52507,0.3452361,0.9015333,-0.1298913,-0.4127543,0.2519414,1.525046,0.3143468,0.9135785,-0.1320953,-0.3846106,0.2387467,1.525688,0.3795869,0.8960088,-0.1285415,-0.4250236,0.245344,1.525367,0.3469668,0.1417719,78.56483,359.4468,0,11,False
1,Right_Head_Close,305,41.51999,0.2457624,1.525185,0.349574,0.2496622,1.239545,0.3848072,-0.4761492,0.3382724,0.297141,0.7553548,0.3786188,1.334614,0.3910149,0.2172883,-0.1385422,0.3331343,-0.9069804,MathCanvas,1.955684,1.278944,-0.4360884,0.2457216,1.525157,0.3480501,0.9061024,-0.1363393,-0.4004878,0.2527937,1.525209,0.3170432,0.9173721,-0.1347343,-0.3745334,0.238731,1.525161,0.3821048,0.9003594,-0.1305426,-0.4151042,0.2457624,1.525185,0.349574,0.1582911,77.80357,0.04150121,1,12,False
1,Right_Head_Close,306,41.53999,0.2458522,1.525228,0.3513216,0.2498373,1.239387,0.3849642,-0.475155,0.3386359,0.2968759,0.7559221,0.3873,1.319194,0.3901996,0.1829818,-0.1595811,0.3571238,-0.9019502,MathCanvas,1.962214,1.266914,-0.40908,0.2457624,1.525185,0.349574,0.9090943,-0.1326388,-0.3949115,0.2532102,1.525513,0.3188643,0.9212881,-0.1305685,-0.3663058,0.2384941,1.524943,0.3837788,0.9046781,-0.1260877,-0.4070128,0.2458522,1.525228,0.3513216,0.1738771,77.22842,0.4901559,1,12,False
1,Right_Head_Close,307,41.55999,0.2459601,1.525232,0.3529351,0.2498373,1.239387,0.3849642,-0.475155,0.3386359,0.2968759,0.7559221,0.3945803,1.30567,0.3889427,0.164375,-0.1744373,0.3663678,-0.8990701,MathCanvas,1.968723,1.273858,-0.3970953,0.2458522,1.525228,0.3513216,0.9132125,-0.1283285,-0.3867489,0.2535437,1.525661,0.3205314,0.9239954,-0.127813,-0.3604112,0.2383765,1.524802,0.3853388,0.9076633,-0.1231856,-0.4012138,0.2459601,1.525232,0.3529351,0.1516552,76.82982,0.739109,1,12,False
1,Right_Head_Close,308,41.57999,0.2457096,1.524795,0.3586279,0.2521447,1.238122,0.3853082,-0.4705679,0.3402543,0.2930313,0.7595561,0.4069867,1.275966,0.3778055,0.1332043,-0.2768328,0.3299348,-0.892616,MathCanvas,1.978319,1.281793,-0.3807252,0.2456069,1.525239,0.3558215,0.9248607,-0.1350493,-0.3555197,0.2547001,1.525429,0.3265894,0.9388778,-0.1425305,-0.3133584,0.2367192,1.52416,0.3906663,0.9246899,-0.1371726,-0.3551512,0.2457096,1.524795,0.3586279,0.7191974,74.33889,1.092987,1,12,False
1,Right_Head_Close,309,41.59999,0.2461018,1.524512,0.3607721,0.2531861,1.237935,0.3854247,-0.4696057,0.3399737,0.2904015,0.7612854,0.4120805,1.263074,0.3699468,0.1569667,-0.2966642,0.3158652,-0.8874576,MathCanvas,2.000729,1.268524,-0.3160075,0.2457096,1.524795,0.3586279,0.9320217,-0.139852,-0.3343309,0.2556647,1.525238,0.3289017,0.9441081,-0.1430193,-0.296994,0.2365389,1.523787,0.3926425,0.930678,-0.1375012,-0.3390161,0.2461018,1.524512,0.3607721,0.85928,73.31655,1.249221,1,12,False
1,Right_Head_Close,310,41.61998,0.2463121,1.524207,0.3649455,0.2550008,1.237551,0.3858888,-0.4663954,0.3409768,0.2855938,0.7646217,0.4220999,1.237308,0.3572121,0.1838764,-0.3489116,0.277903,-0.8759111,MathCanvas,2.013527,1.259306,-0.2732314,0.246202,1.524413,0.3627035,0.9793805,-0.1734284,-0.1036181,0.2568937,1.525236,0.3334072,0.9820932,-0.177017,-0.06448328,0.2357306,1.523178,0.3964838,0.9785504,-0.1716515,-0.1139075,0.2463121,1.524207,0.3649455,1.182371,71.48923,1.771835,1,12,False
1,Right_Head_Close,311,41.63998,0.2465911,1.524111,0.3668206,0.2561008,1.237358,0.3861104,-0.463935,0.3423546,0.2824886,0.7666537,0.4268562,1.224706,0.3511553,0.1932478,-0.3771163,0.2537193,-0.8695201,MathCanvas,2.170151,1.183534,0.1614039,0.2463121,1.524207,0.3649455,0.9806369,-0.1743349,-0.0892123,0.2576802,1.525293,0.3354626,0.9828441,-0.1776484,-0.04958135,0.2355019,1.522929,0.3981787,0.9801028,-0.1720225,-0.09902781,0.2465911,1.524111,0.3668206,1.330533,70.57214,2.036403,1,12,False
1,Right_Head_Close,312,41.65998,0.2480201,1.524057,0.367921,0.261315,1.236945,0.3873917,-0.4534748,0.3213959,0.2574083,0.7904468,0.4279218,1.208642,0.3362676,0.1662218,-0.4304445,0.2026039,-0.8637358,MathCanvas,2.174016,1.181459,0.1914755,0.2473896,1.524233,0.3668991,0.982168,-0.1748542,-0.0690819,0.2595603,1.525419,0.3367334,0.9833353,-0.1780987,-0.036502,0.2364799,1.522694,0.3991086,0.98131,-0.1721736,-0.08594787,0.2480201,1.524057,0.367921,1.486365,69.75514,2.346673,1,12,False
1,Right_Head_Close,313,41.67999,0.2485335,1.52396,0.3691337,0.2625558,1.236708,0.3877961,-0.4509463,0.3181877,0.2527916,0.79467,0.4318978,1.197273,0.3302532,0.1619707,-0.4533595,0.1886565,-0.8559436,MathCanvas,2.184968,1.179224,0.2316837,0.2480201,1.524057,0.367921,0.9812321,-0.1827538,-0.06152093,0.2604407,1.525426,0.3380891,0.9820983,-0.1865755,-0.02593267,0.2366262,1.522494,0.4001782,0.9807175,-0.1803116,-0.07537043,0.2485335,1.52396,0.3691337,1.609205,69.08638,2.525003,0,12,False
1,Right_Head_Close,314,41.69999,0.250159,1.523827,0.3688324,0.263249,1.237151,0.3914849,-0.4326751,0.2890501,0.2549888,0.8149987,0.4374363,1.183756,0.3196435,0.1321118,-0.4687278,0.2366803,-0.8407277,MathCanvas,2.17407,1.16533,0.2484071,0.2492377,1.523724,0.3699986,0.9815338,-0.1822886,-0.05798507,0.2620079,1.525328,0.3377672,0.9816078,-0.1855151,-0.0450561,0.2383101,1.522326,0.3998976,0.9793296,-0.1790653,-0.09406963,0.250159,1.523827,0.3688324,1.631882,69.19579,2.585709,0,12,False
1,Right_Head_Close,315,41.71999,0.250959,1.523921,0.3687421,0.2637327,1.236948,0.3930132,-0.4239851,0.2809119,0.2519687,0.8233086,0.4398761,1.178047,0.314068,0.1311389,-0.4901382,0.2523375,-0.8239496,MathCanvas,2.170908,1.167109,0.2553624,0.250159,1.523827,0.3688324,0.9807804,-0.1822912,-0.06957018,0.2627859,1.525534,0.3376741,0.9816468,-0.1849838,-0.04637504,0.2391322,1.522309,0.3998101,0.9793321,-0.1783658,-0.09536439,0.250959,1.523921,0.3687421,1.681648,69.24101,2.778371,0,12,False
1,Right_Head_Close,316,41.73999,0.2516629,1.52395,0.368765,0.2647425,1.236551,0.3940268,-0.4182035,0.2749969,0.2452663,0.8302572,0.4415604,1.172711,0.3089935,0.1335844,-0.509227,0.257531,-0.8102598,MathCanvas,2.151584,1.170665,0.2339242,0.250959,1.523921,0.3687421,0.9773826,-0.1718762,-0.1232147,0.2635047,1.52563,0.3377062,0.979581,-0.1748174,-0.09929782,0.2398212,1.52227,0.3998238,0.9748137,-0.1678718,-0.1468245,0.2516629,1.52395,0.368765,1.708241,69.21606,2.894382,0,12,False
1,Right_Head_Close,317,41.75999,0.2531868,1.524057,0.3686175,0.2665763,1.236185,0.395955,-0.4069188,0.2612428,0.2376812,0.8424233,0.4474234,1.156811,0.2978454,0.1246113,-0.5451981,0.2641551,-0.7857819,MathCanvas,2.11906,1.195562,0.1333497,0.2524246,1.524002,0.3686987,0.977871,-0.1714303,-0.119917,0.2652075,1.525889,0.3376362,0.9801203,-0.1748554,-0.09375271,0.2411661,1.522225,0.3995988,0.9756681,-0.1676701,-0.1412744,0.2531868,1.524057,0.3686175,1.824885,68.8944,3.156587,0,12,False
1,Right_Head_Close,318,41.77998,0.2538732,1.523548,0.3685252,0.2687194,1.232795,0.3957433,-0.3990945,0.2548375,0.2054738,0.8564823,0.4430735,1.161601,0.2976801,0.1487473,-0.5363032,0.2795586,-0.7823683,MathCanvas,2.117957,1.197145,0.1399394,0.2531868,1.524057,0.3686175,0.9789741,-0.166858,-0.1173378,0.2657457,1.525099,0.3374714,0.9800324,-0.1735873,-0.09697363,0.2420007,1.521998,0.399579,0.9753261,-0.1668824,-0.1445315,0.2538732,1.523548,0.3685252,1.789878,69.16061,2.670673,0,12,False
1,Right_Head_Close,319,41.79998,0.2550762,1.523489,0.3681356,0.2679488,1.231973,0.3949369,-0.3948418,0.2554097,0.2232738,0.8538235,0.4435542,1.155362,0.2937064,0.1534096,-0.5362928,0.310326,-0.7697749,MathCanvas,2.116837,1.206022,0.1452342,0.2545244,1.523459,0.3683327,0.9774992,-0.1745133,-0.1184925,0.2669439,1.525018,0.3370789,0.9795072,-0.1778307,-0.09456131,0.2432085,1.521961,0.3991923,0.9749413,-0.1710815,-0.1421992,0.2550762,1.523489,0.3681356,1.808077,69.16979,2.63375,0,12,False
1,Right_Head_Close,320,41.81998,0.2556895,1.52345,0.3678957,0.2685224,1.231393,0.3953046,-0.3900312,0.2510152,0.2212109,0.8578653,0.4446516,1.150648,0.290154,0.1544126,-0.5438087,0.3196568,-0.7604265,MathCanvas,2.108767,1.192549,0.1434311,0.2550762,1.523489,0.3681356,0.9775204,-0.1744571,-0.1184014,0.2675736,1.524971,0.3368449,0.9794762,-0.1782706,-0.09405327,0.2438054,1.521929,0.3989464,0.9749374,-0.1715226,-0.1416936,0.2556895,1.52345,0.3678957,1.830364,69.14039,2.621029,0,12,False
1,Right_Head_Close,321,41.83998,0.2565491,1.523576,0.3673413,0.267962,1.232631,0.393222,-0.398152,0.272579,0.2337048,0.8441314,0.4438955,1.150012,0.2937557,0.1506622,-0.5372713,0.3164415,-0.7671409,MathCanvas,2.105688,1.193283,0.1438161,0.2561659,1.523618,0.3676505,0.9785798,-0.1719581,-0.113192,0.2685096,1.52511,0.3363205,0.9806311,-0.1750954,-0.08777469,0.2445886,1.522043,0.3983621,0.9763505,-0.1684325,-0.1355371,0.2565491,1.523576,0.3673413,1.714735,68.99431,2.642596,0,12,False
1,Right_Head_Close,322,41.85999,0.2568744,1.523471,0.3670143,0.2678704,1.232912,0.3922879,-0.4014543,0.2781247,0.2372014,0.8397718,0.4441389,1.149013,0.294924,0.1457054,-0.539903,0.3078955,-0.7697241,MathCanvas,2.109035,1.198053,0.153065,0.2565491,1.523576,0.3673413,0.9806533,-0.1728952,-0.09179699,0.2688575,1.524972,0.3360006,0.9819398,-0.1770063,-0.06680787,0.2448912,1.52197,0.3980279,0.9786036,-0.1705163,-0.1151486,0.2568744,1.523471,0.3670143,1.74331,68.95303,2.586586,0,12,False
1,Right_Head_Close,323,41.87999,0.2572416,1.523402,0.3666806,0.2680982,1.232804,0.3920493,-0.4004655,0.2794855,0.2382815,0.8394863,0.4446835,1.146211,0.2937559,0.1447018,-0.5437257,0.3104399,-0.7661925,MathCanvas,2.117382,1.195452,0.1928559,0.2568744,1.523471,0.3670143,0.9805749,-0.1737623,-0.09099209,0.2692465,1.524886,0.3356746,0.9819291,-0.1773463,-0.06605905,0.2452368,1.521918,0.3976867,0.978628,-0.1708759,-0.1144053,0.2572416,1.523402,0.3666806,1.751455,68.91288,2.557153,0,12,False
1,Right_Head_Close,324,41.89999,0.2579584,1.523245,0.3659935,0.2680757,1.232899,0.3909486,-0.4019719,0.2854812,0.2429147,0.835411,0.4456779,1.141607,0.2927593,0.1399322,-0.5504458,0.3092874,-0.7627384,MathCanvas,2.116308,1.193967,0.1941692,0.2575936,1.523312,0.3663319,0.9805256,-0.1747735,-0.08957648,0.2700053,1.524688,0.3350018,0.9818533,-0.1783026,-0.06459296,0.2459115,1.521803,0.3969852,0.978622,-0.1718774,-0.112949,0.2579584,1.523245,0.3659935,1.779455,68.83543,2.485257,0,12,False
1,Right_Head_Close,325,41.91999,0.2577914,1.523128,0.3654724,0.2665671,1.232968,0.3888519,-0.4062814,0.2955957,0.2455377,0.8290174,0.4457251,1.149228,0.3037754,0.1166248,-0.5362533,0.266876,-0.7922174,MathCanvas,2.115466,1.192154,0.1962998,0.2579584,1.523245,0.3659935,0.9798326,-0.1777961,-0.09119654,0.2698002,1.524603,0.3344675,0.9804649,-0.1842637,-0.06881583,0.2457826,1.521653,0.3964774,0.977097,-0.1776516,-0.117138,0.2577914,1.523128,0.3654724,2.013722,68.9171,2.54226,0,12,False
1,Right_Head_Close,326,41.93998,0.2581128,1.523088,0.3648794,0.2665808,1.23271,0.3873519,-0.4074354,0.3018077,0.2428833,0.8269923,0.4465915,1.149772,0.307331,0.108604,-0.5325075,0.2570744,-0.7990956,MathCanvas,2.111395,1.186781,0.1929509,0.2579462,1.523107,0.3652169,0.9830227,-0.1730918,-0.06087267,0.2701716,1.524592,0.3338953,0.9835911,-0.1768181,-0.03583187,0.2460541,1.521584,0.3958636,0.9816803,-0.1705652,-0.08492038,0.2581128,1.523088,0.3648794,2.082484,68.82868,2.591909,0,12,False
1,Right_Head_Close,327,41.95998,0.2582181,1.523102,0.3646806,0.2672133,1.232567,0.3869449,-0.4087839,0.2968547,0.233865,0.8307106,0.4470105,1.15151,0.3096041,0.1070883,-0.5282723,0.2552702,-0.8026816,MathCanvas,2.127996,1.193836,0.2490888,0.2581128,1.523088,0.3648794,0.9829471,-0.1736926,-0.06038189,0.270346,1.52462,0.3337241,0.9837734,-0.1762323,-0.03364933,0.2460903,1.521584,0.3956372,0.9819696,-0.1699697,-0.08274055,0.2582181,1.523102,0.3646806,2.055655,68.70013,2.615865,0,12,False
1,Right_Head_Close,328,41.97998,0.2585317,1.523072,0.3641777,0.2670778,1.233067,0.3872204,-0.4124826,0.2803937,0.2360578,0.833975,0.4481958,1.153944,0.3126757,0.108029,-0.523791,0.2541149,-0.8058525,MathCanvas,2.12682,1.192909,0.2498937,0.2583809,1.523158,0.3644145,0.9847415,-0.1687244,-0.04261744,0.2708099,1.524623,0.3332822,0.9852345,-0.1705994,-0.01445717,0.2462534,1.521521,0.3950733,0.9843026,-0.1645183,-0.0638923,0.2585317,1.523072,0.3641777,2.015848,68.42053,2.672693,0,12,False
1,Right_Head_Close,329,41.99998,0.2586989,1.522969,0.363941,0.266843,1.233249,0.3868263,-0.4171557,0.2727078,0.2393451,0.833262,0.4489013,1.154725,0.3138126,0.1099092,-0.5217564,0.2563774,-0.8062016,MathCanvas,2.137554,1.201123,0.2828578,0.2585317,1.523072,0.3641777,0.9875606,-0.1553777,-0.02412879,0.271053,1.524558,0.3330776,0.9875101,-0.1575258,0.003065705,0.2463447,1.521379,0.3948043,0.9873133,-0.1517617,-0.04670042,0.2586989,1.522969,0.363941,1.997419,68.28001,2.738238,0,12,False
1,Right_Head_Close,330,42.01999,0.258971,1.522992,0.3634835,0.2666635,1.233361,0.3859734,-0.422432,0.2653807,0.2407703,0.8325587,0.450132,1.155826,0.3162545,0.1105935,-0.517863,0.2578692,-0.8081401,MathCanvas,2.153871,1.224792,0.3176368,0.2588256,1.522951,0.3637198,0.9868568,-0.139093,0.08226073,0.2714632,1.524637,0.3326786,0.9838266,-0.1413212,0.1100613,0.2464789,1.521348,0.3942883,0.9889033,-0.1364983,0.05863917,0.258971,1.522992,0.3634835,1.981286,68.02425,2.833888,0,12,False
1,Right_Head_Close,331,42.03999,0.2590984,1.52304,0.3633999,0.2664647,1.233171,0.3843439,-0.4385042,0.2610142,0.2353365,0.8271653,0.4508885,1.156528,0.316923,0.1171822,-0.5139549,0.2691477,-0.8060262,MathCanvas,2.153871,1.224792,0.3176368,0.258971,1.522992,0.3634835,0.986703,-0.1389102,0.08438802,0.2716944,1.524703,0.3326384,0.9835999,-0.1402391,0.1134215,0.2465023,1.521377,0.3941614,0.9888477,-0.1354034,0.06201768,0.2590984,1.52304,0.3633999,1.924989,67.82848,2.865161,0,12,False
1,Right_Head_Close,332,42.05999,0.2592781,1.523037,0.3631883,0.2665262,1.232918,0.3824794,-0.4535838,0.2731582,0.2267351,0.817458,0.4513921,1.156675,0.3176919,0.1217234,-0.5121496,0.2768006,-0.8039078,MathCanvas,2.153871,1.224792,0.3176368,0.2590984,1.52304,0.3633999,0.9865615,-0.1378217,0.0877583,0.2720071,1.524687,0.3324809,0.9832428,-0.1390861,0.1178508,0.2465491,1.521387,0.3938957,0.9887108,-0.1342883,0.06646627,0.2592781,1.523037,0.3631883,1.849676,67.57661,2.843471,0,12,False
1,Right_Head_Close,333,42.07999,0.2595346,1.523006,0.362924,0.2664208,1.232953,0.3796696,-0.4755027,0.2841142,0.2227898,0.8022101,0.4523703,1.157295,0.3199126,0.1250143,-0.5088706,0.281821,-0.8037407,MathCanvas,2.153871,1.224792,0.3176368,0.2593943,1.523005,0.3630916,0.973011,-0.1325966,0.1888595,0.2724754,1.524657,0.3323053,0.9667517,-0.1339665,0.2178166,0.2465938,1.521355,0.3935427,0.9775385,-0.129887,0.1659755,0.2595346,1.523006,0.362924,1.766221,67.17672,2.844898,0,12,False
1,Right_Head_Close,334,42.09998,0.2594422,1.52282,0.362922,0.2665197,1.233163,0.3771683,-0.4950802,0.2941873,0.2236165,0.7863492,0.4522541,1.156392,0.3212628,0.1264244,-0.5076997,0.2826497,-0.8039696,MathCanvas,2.153871,1.224792,0.3176368,0.2595346,1.523006,0.362924,0.9724928,-0.131927,0.1919715,0.2725185,1.524383,0.3323562,0.965605,-0.1348161,0.2223322,0.2463659,1.521257,0.3934877,0.9766231,-0.1308702,0.1705294,0.2594422,1.52282,0.362922,1.789032,66.92242,2.693028,0,12,False
1,Right_Head_Close,335,42.11998,0.259295,1.522329,0.3625124,0.2670792,1.233985,0.3720504,-0.5255802,0.3087041,0.2378641,0.7562327,0.4523957,1.153534,0.3248104,0.12063,-0.5007362,0.2876156,-0.8074584,MathCanvas,2.153871,1.224792,0.3176368,0.2593012,1.522537,0.3627769,0.9825255,-0.1476617,0.1133127,0.2725154,1.523758,0.3320021,0.9782903,-0.1515655,0.1413363,0.2460747,1.5209,0.3930226,0.9850379,-0.1469961,0.08995885,0.259295,1.522329,0.3625124,1.987015,66.65789,2.462015,0,12,False
1,Right_Head_Close,336,42.13998,0.2593059,1.522154,0.3622756,0.2666953,1.234413,0.370695,-0.5334984,0.3062989,0.2442602,0.7495981,0.4527077,1.152879,0.3263069,0.1193448,-0.4984532,0.2896865,-0.8083211,MathCanvas,2.153871,1.224792,0.3176368,0.259295,1.522329,0.3625124,0.9820029,-0.1492813,0.1156964,0.2726134,1.523559,0.3318021,0.9776851,-0.1528663,0.1440964,0.2459985,1.520749,0.3927491,0.9845822,-0.148316,0.09273714,0.2593059,1.522154,0.3622756,2.054048,66.49644,2.421003,0,12,False
1,Right_Head_Close,337,42.15998,0.2593663,1.521849,0.3618766,0.2666087,1.234803,0.3675343,-0.5534544,0.3113339,0.2482585,0.7315239,0.4533294,1.151688,0.3292821,0.1170988,-0.49408,0.2933446,-0.8100135,MathCanvas,2.153871,1.224792,0.3176368,0.2593308,1.521992,0.3620688,0.9809605,-0.1516653,0.1213024,0.2728482,1.523187,0.3314769,0.9765062,-0.1549261,0.1497781,0.2458844,1.520511,0.3922763,0.9837027,-0.1504528,0.0984531,0.2593663,1.521849,0.3618766,2.146727,66.16978,2.305998,0,12,False
1,Right_Head_Close,338,42.17999,0.2591871,1.52164,0.3614933,0.2656657,1.237197,0.3681323,-0.5631285,0.2617763,0.2706675,0.7355941,0.4532447,1.14973,0.332197,0.105981,-0.4982127,0.2780749,-0.8143872,MathCanvas,2.153871,1.224792,0.3176368,0.2593663,1.521849,0.3618766,0.9804428,-0.1526898,0.1241677,0.272756,1.522863,0.3311275,0.9759153,-0.1554542,0.1530471,0.2456182,1.520418,0.3918592,0.983261,-0.1511597,0.1017276,0.2591871,1.52164,0.3614933,2.124737,66.00085,2.106736,0,12,False
1,Right_Head_Close,339,42.19999,0.259203,1.521627,0.3612592,0.2654114,1.237964,0.3678301,-0.5649909,0.2477045,0.2835405,0.7341884,0.4534316,1.149254,0.3338985,0.1028658,-0.4972953,0.2760496,-0.8160347,MathCanvas,2.153871,1.224792,0.3176368,0.2591871,1.52164,0.3614933,0.9840343,-0.1779091,0.004994273,0.2728651,1.522811,0.3309336,0.9830664,-0.1802448,0.03304809,0.2455408,1.520443,0.3915847,0.984507,-0.1745701,-0.01646692,0.259203,1.521627,0.3612592,2.06343,65.82117,2.039613,0,12,False
1,Right_Head_Close,340,42.21999,0.2592812,1.521572,0.3607368,0.2647806,1.239172,0.3666095,-0.5708103,0.2272835,0.3015049,0.7291177,0.4539174,1.148332,0.3371277,0.09812225,-0.494726,0.2742319,-0.8187888,MathCanvas,2.141104,1.181388,0.3708105,0.2592544,1.521641,0.3609856,0.984139,-0.1770269,0.01149046,0.2731255,1.52269,0.3304914,0.9828639,-0.1800808,0.03936303,0.245437,1.520455,0.3909822,0.9846018,-0.1745166,-0.0101546,0.2592812,1.521572,0.3607368,2.006221,65.47245,1.924899,0,12,False
1,Right_Head_Close,341,42.23999,0.259308,1.521503,0.3604887,0.2645533,1.239755,0.3656583,-0.5772682,0.2191279,0.3085953,0.7235422,0.4541765,1.147767,0.3387695,0.09570518,-0.4934914,0.2732455,-0.8201485,MathCanvas,2.143185,1.182696,0.3827327,0.2592812,1.521572,0.3607368,0.9840484,-0.1772994,0.01462162,0.2732415,1.522578,0.3302828,0.9826906,-0.1803167,0.0424853,0.2453745,1.520429,0.3906946,0.984576,-0.1748161,-0.007033825,0.259308,1.521503,0.3604887,1.991162,65.30122,1.851668,0,12,False
1,Right_Head_Close,342,42.25999,0.2596145,1.522119,0.3599369,0.262117,1.238503,0.3705965,-0.5480402,0.2410711,0.3098852,0.7385851,0.4543567,1.151039,0.339277,0.1030993,-0.4915331,0.2702559,-0.821418,MathCanvas,2.142272,1.182243,0.388467,0.259517,1.522056,0.3602137,0.9851211,-0.1709123,0.01803911,0.2737282,1.523257,0.3298171,0.9839349,-0.1726387,0.04547602,0.2455008,1.52098,0.3900567,0.9859205,-0.1671676,-0.003970802,0.2596145,1.522119,0.3599369,1.684631,64.95063,1.961223,0,12,False
1,Right_Head_Close,343,42.27998,0.2598122,1.522125,0.3596129,0.2618862,1.237966,0.3708393,-0.5504942,0.2466507,0.3077105,0.7358219,0.4544813,1.151646,0.3400711,0.1042954,-0.4907733,0.2670493,-0.8227689,MathCanvas,2.147091,1.194654,0.3944995,0.2596145,1.522119,0.3599369,0.9852417,-0.1699038,0.02077079,0.2740036,1.523253,0.3295293,0.9839584,-0.1717705,0.04817504,0.2456208,1.520996,0.3896966,0.9860687,-0.1663341,-0.001270533,0.2598122,1.522125,0.3596129,1.622733,64.80035,1.943564,0,12,False
1,Right_Head_Close,344,42.29998,0.2601215,1.522314,0.3590413,0.2626249,1.236472,0.3711582,-0.5534016,0.2573241,0.2984385,0.7338021,0.4547788,1.152936,0.3413032,0.1073344,-0.4896168,0.260132,-0.8252794,MathCanvas,2.146792,1.196717,0.3993941,0.2599539,1.522152,0.3593287,0.9862837,-0.1630431,0.02572292,0.2744361,1.523417,0.3290151,0.9848374,-0.1655772,0.0517664,0.245807,1.521211,0.3890675,0.9870653,-0.160302,0.002336025,0.2601215,1.522314,0.3590413,1.541169,64.56233,1.89987,0,12,False
1,Right_Head_Close,345,42.31998,0.2603711,1.522508,0.3589072,0.26272,1.236176,0.3716093,-0.5544477,0.2553782,0.2999148,0.73309,0.45531,1.153502,0.34054,0.1101949,-0.4905388,0.260581,-0.8242126,MathCanvas,2.152241,1.209527,0.4083891,0.2601215,1.522314,0.3590413,0.9862646,-0.1629401,0.02707046,0.2747096,1.523577,0.3288912,0.9850104,-0.1641876,0.05288619,0.2460327,1.521439,0.3889232,0.9872733,-0.1589958,0.003448188,0.2603711,1.522508,0.3589072,1.429929,64.51245,1.841887,0,12,False
1,Right_Head_Close,346,42.33998,0.2608714,1.522877,0.3584941,0.2621227,1.236128,0.3720035,-0.5584444,0.2488348,0.3060118,0.7297794,0.4561042,1.153746,0.3407876,0.1114715,-0.4905912,0.2614355,-0.823739,MathCanvas,2.150838,1.210185,0.4107957,0.2606046,1.522695,0.3586774,0.9867997,-0.1596816,0.0269869,0.2753347,1.523963,0.3285387,0.9855435,-0.160621,0.05389827,0.246408,1.521792,0.3884495,0.987833,-0.1554524,0.004531622,0.2608714,1.522877,0.3584941,1.231743,64.26767,1.869618,0,12,False
1,Right_Head_Close,347,42.35999,0.2611247,1.523051,0.3582915,0.2618834,1.235981,0.3721401,-0.5600492,0.2483192,0.3077279,0.7280014,0.4561042,1.153746,0.3407876,0.1114715,-0.4905912,0.2614355,-0.823739,MathCanvas,2.152155,1.216834,0.4102167,0.2608714,1.522877,0.3584941,0.987288,-0.1567137,0.02651942,0.2756498,1.524132,0.3283658,0.9859971,-0.1579959,0.05335706,0.2465996,1.521969,0.3882172,0.9882383,-0.1528681,0.004046023,0.2611247,1.523051,0.3582915,1.147002,64.14663,1.862392,0,12,False
1,Right_Head_Close,348,42.37999,0.261379,1.523225,0.3580897,0.2616442,1.235835,0.3722767,-0.5616489,0.2478015,0.3094409,0.7262172,0.4561042,1.153746,0.3407876,0.1114715,-0.4905912,0.2614355,-0.823739,MathCanvas,2.152309,1.22286,0.4090902,0.2611247,1.523051,0.3582915,0.9874291,-0.1554326,0.0287205,0.2759659,1.524303,0.3281939,0.9860831,-0.156696,0.05555648,0.2467922,1.522148,0.3879856,0.9884218,-0.1516026,0.00624603,0.261379,1.523225,0.3580897,1.062263,64.02563,1.855348,0,12,False
1,Right_Head_Close,349,42.39999,0.2621599,1.523117,0.3578922,0.263432,1.238092,0.373472,-0.5779815,0.2005646,0.3103299,0.7276033,0.4587324,1.152393,0.3407025,0.1139835,-0.5016102,0.2560418,-0.8184361,MathCanvas,2.153083,1.22545,0.4131121,0.2618347,1.523072,0.3580648,0.9875777,-0.1541987,0.03021675,0.2767594,1.524094,0.3279992,0.9861556,-0.1560344,0.05612761,0.2475603,1.522141,0.3877853,0.9884928,-0.1511143,0.006809235,0.2621599,1.523117,0.3578922,0.9414798,63.997,1.681737,0,12,False
1,Right_Head_Close,350,42.41999,0.2624864,1.523159,0.3577208,0.2634729,1.238277,0.3737251,-0.5812117,0.1941753,0.3115317,0.7262486,0.4589478,1.152375,0.3407888,0.1142621,-0.5021961,0.2555076,-0.8182048,MathCanvas,2.153557,1.227798,0.415763,0.2621599,1.523117,0.3578922,0.9876353,-0.1535748,0.031488,0.2771265,1.524117,0.327847,0.9862084,-0.1551431,0.0576511,0.2478464,1.522201,0.3875947,0.9886097,-0.150272,0.00833106,0.2624864,1.523159,0.3577208,0.8719822,63.91735,1.649665,0,12,False
1,Right_Head_Close,351,42.43998,0.263179,1.52296,0.3575906,0.2640039,1.23801,0.3740798,-0.5828604,0.1869542,0.3094485,0.7277113,0.4597285,1.149812,0.3410878,0.1116712,-0.5062133,0.2565147,-0.8157683,MathCanvas,2.1529,1.229204,0.4179914,0.2628138,1.523198,0.3575496,0.9878691,-0.1520135,0.03172833,0.2777933,1.5239,0.3277036,0.9861724,-0.1567083,0.05391163,0.2485646,1.522019,0.3874775,0.9883987,-0.1518107,0.004646122,0.263179,1.52296,0.3575906,0.9462658,63.9687,1.61956,0,12,False
1,Right_Head_Close,352,42.45998,0.2635124,1.522882,0.3574785,0.2641626,1.238023,0.3746251,-0.5835336,0.1833018,0.3088747,0.7283443,0.4597927,1.14916,0.341254,0.111517,-0.5074521,0.2559434,-0.815199,MathCanvas,2.153343,1.232101,0.4182988,0.263179,1.52296,0.3575906,0.985892,-0.1650831,0.02765149,0.278125,1.523804,0.3275901,0.9843704,-0.1681878,0.05222958,0.2488998,1.52196,0.3873669,0.9866102,-0.1630685,0.002997696,0.2635124,1.522882,0.3574785,0.9665413,63.97257,1.587525,0,12,False
1,Right_Head_Close,353,42.47998,0.2642288,1.522708,0.3572261,0.2643818,1.238149,0.3753092,-0.5869393,0.1737709,0.309187,0.7278114,0.4599097,1.148529,0.3414311,0.1113166,-0.5085352,0.2555866,-0.8146632,MathCanvas,2.142112,1.208319,0.410168,0.2638735,1.522789,0.3573539,0.9857644,-0.1657848,0.02800024,0.2788567,1.523609,0.3273445,0.9842906,-0.1684712,0.05281544,0.249601,1.521807,0.3871077,0.9865568,-0.1633796,0.003582239,0.2642288,1.522708,0.3572261,0.9690996,63.94321,1.551368,0,12,False
1,Right_Head_Close,354,42.49998,0.2643217,1.522665,0.3571756,0.2647849,1.23803,0.3762163,-0.5854788,0.1703728,0.3084704,0.7300916,0.4595882,1.148064,0.3416049,0.1107665,-0.5081102,0.2561104,-0.8148388,MathCanvas,2.141245,1.207033,0.4105419,0.2642288,1.522708,0.3572261,0.9857357,-0.1660653,0.02734077,0.2789328,1.523594,0.3272866,0.9842935,-0.1689538,0.05119383,0.2497106,1.521735,0.3870645,0.9864994,-0.163753,0.00196892,0.2643217,1.522665,0.3571756,1.009741,63.97667,1.600156,0,12,False
1,Right_Head_Close,355,42.51999,0.2645622,1.522866,0.3572882,0.2651199,1.23798,0.3773514,-0.5751694,0.1692055,0.3120163,0.737018,0.4592424,1.147796,0.3418163,0.1099532,-0.5071115,0.2562305,-0.8155331,MathCanvas,2.140204,1.206638,0.4092058,0.2643217,1.522665,0.3571756,0.9856667,-0.1662435,0.02871156,0.2791831,1.523825,0.327405,0.9843444,-0.1679134,0.05358422,0.2499412,1.521907,0.3871713,0.9866577,-0.1627507,0.004332781,0.2645622,1.522866,0.3572882,0.9746729,63.95694,1.651054,0,12,False
1,Right_Head_Close,356,42.53999,0.2651744,1.522887,0.3573382,0.2655445,1.238008,0.3783247,-0.5682544,0.1624048,0.3146093,0.7427871,0.4592424,1.147796,0.3418163,0.1099532,-0.5071115,0.2562305,-0.8155331,MathCanvas,2.140307,1.206501,0.411927,0.2648801,1.522909,0.3573025,0.9855408,-0.1659378,0.03426129,0.2798054,1.52386,0.3274604,0.9840748,-0.1676307,0.05913407,0.2505435,1.521913,0.387216,0.9866613,-0.1624926,0.009780824,0.2651744,1.522887,0.3573382,0.8471504,63.93412,1.676281,0,12,False
1,Right_Head_Close,357,42.55999,0.2654644,1.522919,0.3573511,0.265761,1.237993,0.3787234,-0.565843,0.1589423,0.3154897,0.7450002,0.4592424,1.147796,0.3418163,0.1099532,-0.5071115,0.2562305,-0.8155331,MathCanvas,2.141841,1.206908,0.4225786,0.2651744,1.522887,0.3573382,0.9849966,-0.168782,0.03597546,0.2800985,1.523904,0.3274752,0.983449,-0.1706912,0.06076664,0.2508302,1.521935,0.387227,0.9861465,-0.1654858,0.01138532,0.2654644,1.522919,0.3573511,0.8115451,63.92699,1.695365,0,12,False
1,Right_Head_Close,358,42.57999,0.2659371,1.522719,0.3575912,0.2662784,1.23758,0.3779686,-0.5563028,0.1685141,0.3193457,0.7484307,0.4582651,1.145715,0.3427851,0.1067133,-0.5074496,0.2526096,-0.8168817,MathCanvas,2.140108,1.201694,0.4258195,0.265755,1.522946,0.3573797,0.9852057,-0.1674918,0.03628027,0.2805606,1.523723,0.3277107,0.983459,-0.1708006,0.06029469,0.2513137,1.521714,0.3874716,0.9861391,-0.1655614,0.01091599,0.2659371,1.522719,0.3575912,0.8324257,63.94812,1.729077,0,12,False
1,Right_Head_Close,359,42.59998,0.2661518,1.522658,0.3577478,0.2664471,1.237436,0.3775752,-0.5535794,0.1771041,0.3196177,0.7483505,0.4577502,1.145084,0.3429819,0.1061665,-0.506229,0.2537886,-0.8173445,MathCanvas,2.140964,1.203951,0.4266393,0.2659371,1.522719,0.3575912,0.9850186,-0.1685539,0.03644556,0.2807818,1.523665,0.3278706,0.9833456,-0.1710826,0.06133717,0.2515217,1.521652,0.3876249,0.9860801,-0.1658406,0.01194316,0.2661518,1.522658,0.3577478,0.8284051,63.9352,1.733173,0,12,False
1,Right_Head_Close,360,42.61998,0.2665704,1.522567,0.3579709,0.2668125,1.2373,0.3775106,-0.5483765,0.1824974,0.3209648,0.7503063,0.4576809,1.144961,0.3430042,0.1061075,-0.5060158,0.254114,-0.8173833,MathCanvas,2.140217,1.201973,0.427088,0.2663444,1.522608,0.3578807,0.9845026,-0.1715047,0.03661954,0.2812054,1.523557,0.3280957,0.9828128,-0.1741037,0.0613758,0.2519353,1.521577,0.3878461,0.9855731,-0.1688258,0.01198459,0.2665704,1.522567,0.3579709,0.8353477,63.92583,1.704429,0,12,False
1,Right_Head_Close,361,42.63998,0.2667963,1.522527,0.3580611,0.2669896,1.237245,0.3775581,-0.5456885,0.1837872,0.3218997,0.7515498,0.4576809,1.144961,0.3430042,0.1061075,-0.5060158,0.254114,-0.8173833,MathCanvas,2.138286,1.196506,0.4275913,0.2665704,1.522567,0.3579709,0.9845062,-0.1714654,0.03670365,0.2814337,1.523516,0.3281869,0.9828147,-0.1740633,0.06146002,0.2521589,1.521537,0.3879352,0.9855786,-0.1687875,0.01206827,0.2667963,1.522527,0.3580611,0.8322778,63.92137,1.703158,0,12,False
1,Right_Head_Close,362,42.65998,0.2667984,1.522087,0.358623,0.2674783,1.237162,0.3761233,-0.5410472,0.2261716,0.3140034,0.7466701,0.4581697,1.142458,0.3432509,0.1027211,-0.5081709,0.2573291,-0.8154707,MathCanvas,2.138426,1.196556,0.4278378,0.2667234,1.522249,0.358445,0.9839141,-0.174305,0.03912455,0.2814119,1.522994,0.3287346,0.9819375,-0.1782059,0.06357169,0.2521848,1.521179,0.3885114,0.984821,-0.1729985,0.01411855,0.2667984,1.522087,0.358623,1.114808,63.97469,1.562993,0,12,False
1,Right_Head_Close,363,42.67999,0.2668905,1.521961,0.3588111,0.2676931,1.237083,0.3759021,-0.5388731,0.2346458,0.31272,0.7461658,0.4582764,1.142369,0.3432474,0.102507,-0.5085254,0.2571288,-0.8153398,MathCanvas,2.13708,1.190757,0.4329932,0.2667984,1.522087,0.358623,0.9835501,-0.1757264,0.04182923,0.2814951,1.522845,0.3289176,0.9815769,-0.1791943,0.06630373,0.2522859,1.521078,0.3887046,0.9845955,-0.17404,0.01678747,0.2668905,1.521961,0.3588111,1.153348,63.99258,1.52155,0,12,False
1,Right_Head_Close,364,42.69999,0.2670116,1.52184,0.3589801,0.267852,1.23703,0.3757281,-0.536236,0.2414516,0.3121359,0.7461389,0.4583727,1.142318,0.3432522,0.102403,-0.5087869,0.2568706,-0.8152711,MathCanvas,2.136925,1.187851,0.4383415,0.2668905,1.521961,0.3588111,0.9834043,-0.1765834,0.04164493,0.2816098,1.5227,0.3290828,0.9814057,-0.1801716,0.06618959,0.2524133,1.52098,0.3888773,0.9844226,-0.1750261,0.01667309,0.2670116,1.52184,0.3589801,1.200178,64.00562,1.480914,0,12,False
1,Right_Head_Close,365,42.71999,0.267015,1.522142,0.3596212,0.2689342,1.236241,0.3748291,-0.534644,0.290929,0.299066,0.7348984,0.4593314,1.142452,0.3432806,0.1024329,-0.5096715,0.2560253,-0.8149807,MathCanvas,2.136374,1.186171,0.4381434,0.2670029,1.521851,0.3592938,0.9832581,-0.1773567,0.04181021,0.281637,1.522959,0.3297343,0.9817851,-0.1775966,0.06750882,0.252393,1.521325,0.3895081,0.9848323,-0.1725743,0.01798099,0.267015,1.522142,0.3596212,1.008044,63.95477,1.406472,0,12,False
1,Right_Head_Close,366,42.73999,0.2670924,1.522167,0.3598663,0.2691011,1.236017,0.3745147,-0.5329726,0.3023372,0.2973847,0.7321849,0.4594121,1.142485,0.3432799,0.1025051,-0.5096476,0.256191,-0.8149345,MathCanvas,2.136167,1.184991,0.4391015,0.267015,1.522142,0.3596212,0.9834644,-0.1752561,0.04564077,0.2817072,1.522977,0.3299757,0.9816527,-0.1772596,0.07026374,0.2524776,1.521357,0.3897568,0.9848309,-0.1722801,0.02067912,0.2670924,1.522167,0.3598663,0.9722123,63.96759,1.394844,0,12,False
1,Right_Head_Close,367,42.75998,0.267246,1.52219,0.3603365,0.2693911,1.235618,0.3738988,-0.5298109,0.3233165,0.2947475,0.726561,0.4595047,1.142518,0.3432792,0.1025803,-0.5096483,0.256333,-0.81488,MathCanvas,2.138744,1.188634,0.4467261,0.2671652,1.522185,0.3601055,0.9836015,-0.174474,0.04568261,0.281866,1.522983,0.3304479,0.9817238,-0.1767367,0.07058674,0.2526261,1.521397,0.390225,0.9849089,-0.1717955,0.02099842,0.267246,1.52219,0.3603365,0.9275494,63.95655,1.365424,0,12,False
1,Right_Head_Close,368,42.77998,0.2671081,1.522143,0.3606832,0.2669828,1.237238,0.3742318,-0.5511155,0.2634908,0.3379009,0.7160079,0.461206,1.143155,0.3433681,0.1035514,-0.5119336,0.25496,-0.8137547,MathCanvas,2.139445,1.190094,0.4472893,0.267246,1.52219,0.3603365,0.9835163,-0.1747476,0.04646468,0.2817695,1.522979,0.3308161,0.9813292,-0.1782583,0.07222927,0.2524467,1.521307,0.3905502,0.984642,-0.1731075,0.02267081,0.2671081,1.522143,0.3606832,1.019093,63.87976,1.440032,0,12,False
1,Right_Head_Close,369,42.79998,0.2671163,1.522156,0.3612605,0.266157,1.238094,0.3745056,-0.5550674,0.255777,0.3531183,0.7083684,0.4621772,1.143652,0.3434849,0.1045844,-0.5140617,0.2535381,-0.8127245,MathCanvas,2.13959,1.189447,0.4491457,0.267109,1.522147,0.3609992,0.9828674,-0.1770304,0.05130208,0.2818036,1.522983,0.3314059,0.9808071,-0.1793389,0.07651973,0.2524291,1.521329,0.3911151,0.9843218,-0.1743231,0.02687639,0.2671163,1.522156,0.3612605,0.9999481,63.82955,1.423834,0,12,False
1,Right_Head_Close,370,42.81998,0.2671242,1.522225,0.3615028,0.2660417,1.238068,0.3745973,-0.559,0.2573448,0.3543642,0.704073,0.4628956,1.144177,0.3436672,0.1060269,-0.5152498,0.2534201,-0.8118215,MathCanvas,2.139323,1.184941,0.4589828,0.2671163,1.522156,0.3612605,0.9828696,-0.1769226,0.05163133,0.2818328,1.523098,0.33166,0.9809613,-0.1782885,0.07699317,0.2524156,1.521352,0.3913456,0.9845029,-0.1732218,0.02735662,0.2671242,1.522225,0.3615028,0.9600282,63.78794,1.503264,0,12,False
1,Right_Head_Close,371,42.83998,0.2671384,1.52224,0.3617585,0.2657574,1.238253,0.3745539,-0.560977,0.2565549,0.3595002,0.7001742,0.4628956,1.144177,0.3436672,0.1060269,-0.5152498,0.2534201,-0.8118215,MathCanvas,2.139578,1.185172,0.4598651,0.2671242,1.522225,0.3615028,0.9830487,-0.1757558,0.05220354,0.2818612,1.523122,0.3319231,0.9809836,-0.1779699,0.07744521,0.2524156,1.521358,0.391594,0.9845476,-0.1728945,0.02781129,0.2671384,1.52224,0.3617585,0.9464437,63.7603,1.519313,0,12,False
1,Right_Head_Close,372,42.85999,0.2672184,1.522464,0.3623062,0.2666775,1.237655,0.3751846,-0.5658683,0.2561273,0.350682,0.7008666,0.4634154,1.145106,0.3440998,0.1080022,-0.5150759,0.2527554,-0.8118788,MathCanvas,2.140542,1.187301,0.4612433,0.2672073,1.522424,0.3620299,0.954496,-0.2162566,0.2053546,0.2819625,1.523354,0.3324814,0.9482092,-0.2180515,0.2309826,0.2524744,1.521574,0.3921309,0.9601578,-0.2138816,0.1798661,0.2672184,1.522464,0.3623062,0.8492627,63.71692,1.531821,0,12,False
1,Right_Head_Close,373,42.87999,0.2672183,1.522478,0.3625631,0.2666166,1.237699,0.3754308,-0.5669626,0.2550401,0.3527145,0.6993572,0.463457,1.145236,0.344185,0.1081817,-0.5151068,0.2524562,-0.8119283,MathCanvas,2.140542,1.187301,0.4612433,0.2672184,1.522464,0.3623062,0.9544987,-0.215992,0.2056203,0.2819746,1.523371,0.3327445,0.9481515,-0.2177535,0.2314999,0.252462,1.521585,0.3923817,0.9601265,-0.2135808,0.1803896,0.2672183,1.522478,0.3625631,0.8311065,63.69294,1.537676,0,12,False
1,Right_Head_Close,374,42.89999,0.2672624,1.522564,0.3630829,0.2664715,1.237764,0.3758464,-0.5696174,0.252698,0.3569351,0.6959002,0.463457,1.145236,0.344185,0.1081817,-0.5151068,0.2524562,-0.8119283,MathCanvas,2.140542,1.187301,0.4612433,0.2672453,1.522526,0.3628238,0.9544936,-0.2152262,0.2064458,0.2820359,1.523462,0.333273,0.9481692,-0.2170233,0.2321118,0.2524889,1.521666,0.3928928,0.9601718,-0.2128521,0.1810081,0.2672624,1.522564,0.3630829,0.7890195,63.65868,1.545864,0,12,False
1,Right_Head_Close,375,42.91998,0.2672651,1.522386,0.3630535,0.266771,1.23815,0.37716,-0.5677009,0.2472391,0.3586781,0.6985261,0.4639221,1.145703,0.3443584,0.1093535,-0.5166506,0.2507738,-0.8113116,MathCanvas,2.140542,1.187301,0.4612433,0.2672624,1.522564,0.3630829,0.9522431,-0.2180253,0.2137714,0.2819921,1.523277,0.3332204,0.9459235,-0.2207136,0.2377276,0.252538,1.521496,0.3928866,0.9582621,-0.2165961,0.1866012,0.2672651,1.522386,0.3630535,0.8240142,63.74884,1.533169,0,12,False
1,Right_Head_Close,376,42.93998,0.2673472,1.522542,0.36336,0.2668639,1.23855,0.3781902,-0.5664698,0.2350781,0.3646792,0.7006135,0.464218,1.145554,0.3444887,0.1091513,-0.5166793,0.2516789,-0.8110402,MathCanvas,2.140542,1.187301,0.4612433,0.2673046,1.522444,0.3631958,0.9541903,-0.218503,0.2043956,0.2820536,1.523429,0.3335167,0.9480655,-0.2198436,0.2298708,0.2526407,1.521655,0.3932034,0.9599704,-0.2156564,0.1787429,0.2673472,1.522542,0.36336,0.7371683,63.78614,1.527523,0,12,False
1,Right_Head_Close,377,42.95998,0.2673837,1.522586,0.3635381,0.2668491,1.238661,0.3785207,-0.5670675,0.2320622,0.3670302,0.6999074,0.464218,1.145554,0.3444887,0.1091513,-0.5166793,0.2516789,-0.8110402,MathCanvas,2.140542,1.187301,0.4612433,0.2673472,1.522542,0.36336,0.9545389,-0.2177673,0.2035508,0.2820846,1.523473,0.333692,0.9483997,-0.2194027,0.2289119,0.2526828,1.521699,0.3933842,0.9602486,-0.2152115,0.1777827,0.2673837,1.522586,0.3635381,0.709256,63.79603,1.527251,0,12,False
1,Right_Head_Close,378,42.97998,0.2674216,1.52266,0.3637149,0.2668343,1.238773,0.3788512,-0.5676566,0.2290423,0.3693759,0.6991903,0.464218,1.145554,0.3444887,0.1091513,-0.5166793,0.2516789,-0.8110402,MathCanvas,2.140542,1.187301,0.4612433,0.2673837,1.522586,0.3635381,0.9546686,-0.2173076,0.2034336,0.2821175,1.523543,0.3338662,0.9485239,-0.2189422,0.2288377,0.2527258,1.521777,0.3935636,0.9603632,-0.2147636,0.1777052,0.2674216,1.52266,0.3637149,0.6799096,63.80492,1.519966,0,12,False
1,Right_Head_Close,379,42.99998,0.2673841,1.522934,0.3638579,0.2676102,1.239923,0.3790978,-0.5641798,0.2127963,0.3666572,0.7085065,0.4654636,1.145249,0.344743,0.1087893,-0.5188696,0.2515112,-0.8097416,MathCanvas,2.140542,1.187301,0.4612433,0.2674004,1.522886,0.3637654,0.956728,-0.2166263,0.1942798,0.2820319,1.523747,0.3339836,0.9508259,-0.2189002,0.2191181,0.2527363,1.52212,0.3937322,0.962119,-0.2147342,0.1679769,0.2673841,1.522934,0.3638579,0.6543428,63.89669,1.401078,0,12,False
1,Right_Head_Close,380,43.01999,0.2673854,1.522991,0.3639776,0.2677136,1.240155,0.3793525,-0.5641162,0.2082696,0.3678181,0.7093,0.4655861,1.145234,0.3447859,0.1087657,-0.51925,0.2509496,-0.8096751,MathCanvas,2.140542,1.187301,0.4612433,0.2673841,1.522934,0.3638579,0.9568164,-0.2168177,0.19363,0.2820157,1.523788,0.3340942,0.9509259,-0.2189175,0.2186663,0.2527552,1.522194,0.393861,0.9621894,-0.2147786,0.1675164,0.2673854,1.522991,0.3639776,0.6486139,63.93019,1.372023,0,12,False
1,Right_Head_Close,381,43.03999,0.2672125,1.523134,0.3640001,0.2681924,1.240918,0.3804443,-0.5578188,0.2003108,0.36467,0.7181432,0.4663374,1.145218,0.3450847,0.1082798,-0.5206906,0.2496188,-0.8092263,MathCanvas,2.140542,1.187301,0.4612433,0.2672982,1.523006,0.3640108,0.9860048,-0.1666925,0.002851188,0.2817643,1.523929,0.3340783,0.9854047,-0.1682281,0.02601629,0.2526606,1.522339,0.3939218,0.9863459,-0.163114,-0.02270496,0.2672125,1.523134,0.3640001,0.6101563,64.07956,1.368911,0,12,False
1,Right_Head_Close,382,43.05999,0.2671492,1.52324,0.364023,0.2684976,1.241034,0.3807797,-0.5563239,0.1997488,0.363101,0.7202512,0.4665026,1.145241,0.345192,0.1082371,-0.5207474,0.2504958,-0.8089245,MathCanvas,2.134539,1.207447,0.3693997,0.2672125,1.523134,0.3640001,0.9867564,-0.14033,-0.08135962,0.2816624,1.524015,0.334082,0.9880348,-0.1424017,-0.05923578,0.2526359,1.522464,0.3939639,0.9848665,-0.1373425,-0.1057116,0.2671492,1.52324,0.364023,0.5593386,64.15223,1.335055,0,12,False
1,Right_Head_Close,383,43.07999,0.2669327,1.523368,0.3639868,0.2689247,1.240674,0.380592,-0.5530241,0.222665,0.3596244,0.7178127,0.4665487,1.14543,0.3453589,0.1085161,-0.5205005,0.2503541,-0.8090898,MathCanvas,2.131937,1.258042,0.2102683,0.267082,1.523314,0.3640512,0.986689,-0.1395412,-0.08350563,0.2813682,1.524111,0.3340074,0.9879576,-0.1419379,-0.06159216,0.2524971,1.522625,0.3939661,0.9846666,-0.1369432,-0.108067,0.2669327,1.523368,0.3639868,0.497211,64.29951,1.279131,0,12,False
1,Right_Head_Close,384,43.09998,0.2668737,1.52345,0.3640248,0.2691077,1.240776,0.3807753,-0.5517473,0.2241551,0.3589484,0.7186693,0.4665487,1.14543,0.3453589,0.1085161,-0.5205005,0.2503541,-0.8090898,MathCanvas,2.131931,1.259614,0.2061479,0.2669327,1.523368,0.3639868,0.9865888,-0.139441,-0.08484483,0.2812744,1.52418,0.3340284,0.9879273,-0.1416844,-0.0626514,0.2524731,1.522721,0.3940212,0.984581,-0.1367179,-0.1091253,0.2668737,1.52345,0.3640248,0.4675913,64.36555,1.256279,0,12,False
1,Right_Head_Close,385,43.11998,0.2666309,1.52355,0.3640243,0.2693518,1.239919,0.3811236,-0.5474827,0.2385675,0.3382529,0.7272781,0.4662845,1.146631,0.3458256,0.1117429,-0.519697,0.2469642,-0.8102083,MathCanvas,2.131618,1.259894,0.2036602,0.2667377,1.523477,0.3639971,0.9860141,-0.1396457,-0.09096944,0.2809474,1.524151,0.3339848,0.9874144,-0.1423177,-0.0689823,0.2523144,1.522948,0.3940637,0.9837616,-0.1375134,-0.115339,0.2666309,1.52355,0.3640243,0.3570102,64.5245,1.035821,0,12,False
1,Right_Head_Close,386,43.13998,0.2665396,1.523634,0.3640102,0.2695703,1.239949,0.3813803,-0.5478786,0.2368383,0.3325926,0.73015,0.4662111,1.146754,0.345908,0.1120102,-0.5195658,0.2466361,-0.8103553,MathCanvas,2.129943,1.259655,0.1921155,0.2666309,1.52355,0.3640243,0.9858634,-0.139916,-0.09217811,0.2807952,1.524141,0.3339401,0.9872333,-0.1428016,-0.07055506,0.252284,1.523128,0.3940804,0.9834878,-0.138137,-0.1169181,0.2665396,1.523634,0.3640102,0.296629,64.63993,0.8719658,0,12,False
1,Right_Head_Close,387,43.15998,0.2664508,1.523722,0.3640177,0.2697302,1.239899,0.3815699,-0.5465831,0.2391598,0.3284859,0.7322203,0.4661968,1.146791,0.3459355,0.1120569,-0.5195414,0.24658,-0.8103816,MathCanvas,2.129378,1.259256,0.1898351,0.2665396,1.523634,0.3640102,0.9856361,-0.1404697,-0.09375513,0.2806529,1.524159,0.3339211,0.9870874,-0.1430915,-0.07199454,0.2522486,1.523284,0.3941143,0.98326,-0.1385296,-0.1183614,0.2664508,1.523722,0.3640177,0.2490065,64.74139,0.7534369,0,12,False
1,Right_Head_Close,388,43.17999,0.2661859,1.52412,0.3640891,0.2694374,1.241009,0.3807784,-0.5702528,0.2244299,0.3431588,0.7118181,0.4663275,1.146623,0.3461404,0.1110086,-0.520492,0.2475125,-0.8096313,MathCanvas,2.128583,1.258337,0.186889,0.2663839,1.523912,0.3639271,0.9857323,-0.1402622,-0.09305036,0.2805065,1.524337,0.3340463,0.9874458,-0.1436063,-0.06578779,0.2518653,1.523904,0.3941318,0.9838555,-0.1393937,-0.1122405,0.2661859,1.52412,0.3640891,0.04982303,64.5144,0.3727199,0,12,False
1,Right_Head_Close,389,43.19999,0.2659857,1.524136,0.3642853,0.2695608,1.241233,0.3805903,-0.5718518,0.2268111,0.3408882,0.710871,0.4664136,1.146594,0.3463947,0.1103577,-0.5209913,0.2477367,-0.8093305,MathCanvas,2.128965,1.259061,0.1882479,0.2661859,1.52412,0.3640891,0.9862723,-0.1413957,-0.08528805,0.2803773,1.524208,0.3342758,0.9876207,-0.145312,-0.05907491,0.2515941,1.524064,0.3942948,0.9843097,-0.1413099,-0.1056691,0.2659857,1.524136,0.3642853,0.0325358,64.37919,0.1241681,0,12,False
1,Right_Head_Close,390,43.21999,0.2656329,1.524184,0.3645395,0.2698237,1.241537,0.3805934,-0.5721443,0.2302244,0.3362988,0.7117238,0.4664252,1.146572,0.3465174,0.110044,-0.5212109,0.2476607,-0.809255,MathCanvas,2.130058,1.256896,0.2030894,0.2657921,1.524114,0.3644414,0.9860356,-0.1456866,-0.08068049,0.2800885,1.524034,0.3345611,0.9873235,-0.1485139,-0.05599862,0.2511773,1.524334,0.394518,0.9841269,-0.1447839,-0.1026251,0.2656329,1.524184,0.3645395,359.9701,64.25678,359.7411,0,12,False
1,Right_Head_Close,391,43.23999,0.2653919,1.524008,0.3647067,0.2698624,1.241617,0.3811512,-0.5621225,0.2329498,0.3327584,0.7204336,0.4663621,1.146552,0.3467193,0.1094481,-0.5213838,0.2470683,-0.8094056,MathCanvas,2.128329,1.248971,0.212128,0.2656329,1.524184,0.3645395,0.9860026,-0.1466492,-0.07932758,0.2799084,1.52394,0.3347574,0.9875974,-0.1473106,-0.05432329,0.2508754,1.524076,0.394656,0.9844911,-0.1434806,-0.1009487,0.2653919,1.524008,0.3647067,359.9689,64.1405,359.8828,0,12,False
1,Right_Head_Close,392,43.25998,0.2649979,1.524033,0.364896,0.2692599,1.241317,0.3823172,-0.5578124,0.2288445,0.3369216,0.7231593,0.465928,1.146412,0.347405,0.1076388,-0.5207812,0.2459673,-0.8103709,MathCanvas,2.12786,1.247001,0.2148641,0.2652049,1.524035,0.3647718,0.9867327,-0.1421365,-0.07845998,0.2795361,1.524248,0.3349579,0.9880616,-0.1438508,-0.0551489,0.2504597,1.523818,0.3948341,0.9849602,-0.1396571,-0.1017328,0.2649979,1.524033,0.364896,359.9734,64.0983,0.3693551,0,12,False
1,Right_Head_Close,393,43.27998,0.2648146,1.524049,0.3650066,0.2692599,1.241317,0.3823172,-0.5578124,0.2288445,0.3369216,0.7231593,0.465928,1.146412,0.347405,0.1076388,-0.5207812,0.2459673,-0.8103709,MathCanvas,2.131031,1.255235,0.2165186,0.2649979,1.524033,0.364896,0.9867879,-0.1417542,-0.07845569,0.2793747,1.524284,0.3350793,0.988179,-0.143296,-0.05448255,0.2502545,1.523813,0.3949339,0.9851098,-0.1390837,-0.101067,0.2648146,1.524049,0.3650066,359.9567,64.05602,0.4053087,0,12,False
1,Right_Head_Close,394,43.29998,0.2645891,1.524008,0.3651289,0.2692274,1.241257,0.3823662,-0.5581475,0.2282906,0.3371363,0.7229758,0.4658824,1.14639,0.3474677,0.1074857,-0.5207259,0.2459791,-0.8104231,MathCanvas,2.131086,1.255955,0.2166265,0.2648146,1.524049,0.3650066,0.9869216,-0.1411901,-0.07778966,0.2791349,1.524245,0.3351946,0.9881437,-0.143354,-0.05496866,0.2500433,1.523771,0.3950632,0.9850523,-0.1391378,-0.1015508,0.2645891,1.524008,0.3651289,359.9619,64.08353,0.4078137,0,12,False
1,Right_Head_Close,395,43.31998,0.2640799,1.523553,0.3651715,0.2697615,1.240472,0.3830769,-0.5518475,0.2380285,0.3225247,0.7312897,0.4653147,1.146137,0.3480554,0.1070164,-0.519806,0.2457722,-0.8111382,MathCanvas,2.131487,1.256927,0.217979,0.2642378,1.523608,0.3651195,0.9854516,-0.145834,-0.0872786,0.278375,1.52391,0.3351178,0.9869696,-0.1467093,-0.06608737,0.2497849,1.523196,0.3952251,0.983418,-0.1421977,-0.1125554,0.2640799,1.523553,0.3651715,0.1232686,64.56314,0.614244,0,12,False
1,Right_Head_Close,396,43.33998,0.2639475,1.523538,0.3652011,0.2699559,1.240073,0.3830789,-0.5513721,0.2424985,0.318506,0.7319407,0.4652133,1.146079,0.3481461,0.1071288,-0.5198528,0.2455545,-0.8111594,MathCanvas,2.125596,1.248073,0.2003024,0.2640799,1.523553,0.3651715,0.985495,-0.1442393,-0.0894134,0.278187,1.523981,0.3351223,0.9870415,-0.1452013,-0.0683057,0.249708,1.523096,0.3952799,0.9833959,-0.1405831,-0.1147562,0.2639475,1.523538,0.3652011,0.1199537,64.6684,0.7617292,0,12,False
1,Right_Head_Close,397,43.35999,0.2636014,1.523421,0.3653488,0.270116,1.23972,0.3832627,-0.5492452,0.2466646,0.3131227,0.7344661,0.4652133,1.146079,0.3481461,0.1071288,-0.5198528,0.2455545,-0.8111594,MathCanvas,2.125751,1.25104,0.1962807,0.263774,1.523479,0.3652751,0.9854112,-0.1424077,-0.09319341,0.2777497,1.523977,0.3352288,0.9869658,-0.1440884,-0.07167163,0.2494531,1.522866,0.3954687,0.983179,-0.1393282,-0.1180965,0.2636014,1.523421,0.3653488,0.1411663,64.84141,0.9563876,0,12,False
1,Right_Head_Close,398,43.37999,0.2635305,1.523515,0.3653669,0.2686148,1.239435,0.3834929,-0.5534652,0.2429102,0.325415,0.7271698,0.4648277,1.145724,0.3485329,0.1060674,-0.5201116,0.2450188,-0.811295,MathCanvas,2.125773,1.254308,0.1892373,0.2636014,1.523421,0.3653488,0.9852626,-0.1385629,-0.1002897,0.2776431,1.524089,0.3352306,0.9870508,-0.1399906,-0.07831573,0.2494178,1.522942,0.3955033,0.982947,-0.1352761,-0.1245622,0.2635305,1.523515,0.3653669,0.09668813,64.90828,0.9867681,0,12,False
1,Right_Head_Close,399,43.39999,0.2632338,1.52359,0.3656219,0.2691161,1.239262,0.383521,-0.5476688,0.2535002,0.3149159,0.7325467,0.4647196,1.145549,0.34867,0.1056228,-0.5203785,0.2456188,-0.8110003,MathCanvas,2.126181,1.261561,0.1757681,0.2633801,1.523561,0.3654958,0.9851027,-0.1375914,-0.1031573,0.2773144,1.524173,0.3354707,0.9869791,-0.1391356,-0.08070636,0.2491533,1.523007,0.3957731,0.9827645,-0.1344206,-0.1269051,0.2632338,1.52359,0.3656219,0.04401225,64.96835,1.003138,0,12,False
1,Right_Head_Close,400,43.41998,0.2630835,1.523595,0.3657162,0.2690547,1.239105,0.3835801,-0.5466416,0.2559213,0.3130903,0.7332542,0.4647196,1.145549,0.34867,0.1056228,-0.5203785,0.2456188,-0.8110003,MathCanvas,2.125959,1.263419,0.1705624,0.2632338,1.52359,0.3656219,0.9851456,-0.1367785,-0.1038265,0.2771457,1.524209,0.3355571,0.9870403,-0.1383025,-0.08138588,0.2490213,1.52298,0.3958753,0.9827948,-0.133559,-0.1275788,0.2630835,1.523595,0.3657162,0.01978194,65.0023,1.057932,0,12,False
1,Right_Head_Close,401,43.43998,0.2627211,1.523615,0.3659874,0.2684398,1.237977,0.3827969,-0.5521832,0.2703257,0.3079474,0.7260759,0.4643619,1.145442,0.3488986,0.1044653,-0.5209506,0.2449249,-0.8109928,MathCanvas,2.126044,1.26494,0.169375,0.2629288,1.523592,0.3658156,0.9851843,-0.1352634,-0.1054322,0.2767742,1.524181,0.3358231,0.9869186,-0.1390913,-0.08151931,0.2486679,1.523049,0.3961517,0.9826616,-0.1344036,-0.1277172,0.2627211,1.523615,0.3659874,0.02502627,65.02025,0.9750313,0,12,False
