UID,Condition,Index,Time,Player_X,Player_Y,Player_Z,Left_X,Left_Y,Left_Z,LeftRot_X,LeftRot_Y,LeftRot_Z,LeftRot_W,Right_X,Right_Y,Right_Z,RightRot_X,RightRot_Y,RightRot_Z,RightRot_W,GazeObject,GP_X,GP_Y,GP_Z,GO_X,GO_Y,GO_Z,GZ_X,GZ_Y,GZ_Z,RE_X,RE_Y,RE_Z,RED_X,RED_Y,RED_Z,LE_X,LE_Y,LE_Z,LED_X,LED_Y,LED_Z,H_X,H_Y,H_Z,HR_X,HR_Y,HR_Z,Blinking,BlinkCount,EventTriggered
1,Center_Dir_Far,0,17.17999,0.1033893,1.096392,-0.6673067,0.08527365,0.7980233,-0.6069043,0.6571507,-0.131448,0.0355971,-0.741355,0.314685,0.6952299,-0.3506842,0.1893616,0.06841172,-0.2408899,0.9494389,MathCanvas,-0.07127884,1.283908,0.990001,0.1034536,1.09639,-0.6672826,-0.09099764,0.1097375,0.9897864,0.1351709,1.096985,-0.6644554,-0.09084539,0.1094599,0.9898311,0.07160778,1.095799,-0.6701579,-0.09084539,0.1094599,0.9898311,0.1033893,1.096392,-0.6673067,353.7158,354.7562,1.071357,0,0,False
1,Center_Dir_Far,1,17.19999,0.1033449,1.096391,-0.6673266,0.08528271,0.7980456,-0.6069248,0.6571619,-0.1315052,0.03560413,-0.7413346,0.3141811,0.6957102,-0.350862,0.188765,0.06460544,-0.2425677,0.9493971,MathCanvas,-0.07127884,1.283908,0.990001,0.1033893,1.096392,-0.6673067,-0.09084517,0.1094598,0.9898311,0.1351266,1.096981,-0.6644766,-0.09079685,0.1093549,0.9898472,0.0715632,1.095801,-0.6701767,-0.09079685,0.1093549,0.9898472,0.1033449,1.096391,-0.6673266,353.7219,354.759,1.066288,0,0,False
1,Center_Dir_Far,2,17.21999,0.1033103,1.096377,-0.6673321,0.08528584,0.7980837,-0.6069552,0.6571578,-0.1315278,0.03560614,-0.741334,0.3136342,0.6959841,-0.3509484,0.1887527,0.06263143,-0.2413794,0.9498346,MathCanvas,-0.07127884,1.283908,0.990001,0.1033449,1.096391,-0.6673266,-0.09079666,0.109355,0.9898472,0.1350922,1.09697,-0.664485,-0.09071476,0.1092481,0.9898665,0.07152843,1.095783,-0.6701792,-0.09071476,0.1092481,0.9898665,0.1033103,1.096377,-0.6673321,353.728,354.7639,1.072,0,0,False
1,Center_Dir_Far,3,17.23999,0.1032333,1.096368,-0.6673182,0.08529682,0.7980289,-0.6069455,0.6570509,-0.1315127,0.03559829,-0.7414319,0.3127026,0.6956847,-0.3510088,0.1893191,0.06269781,-0.2370328,0.9508116,MathCanvas,-0.07127884,1.283908,0.990001,0.1032773,1.096374,-0.6673228,-0.09087276,0.1092493,0.9898519,0.135014,1.096981,-0.6644615,-0.09108122,0.1093343,0.9898233,0.0714526,1.095756,-0.670175,-0.09108122,0.1093343,0.9898233,0.1032333,1.096368,-0.6673182,353.7231,354.7426,1.106352,0,0,False
1,Center_Dir_Far,4,17.25999,0.1031262,1.096358,-0.6672635,0.08530825,0.7980075,-0.606952,0.6569962,-0.1314633,0.03560425,-0.7414889,0.3124344,0.6948653,-0.3507751,0.1913921,0.06305788,-0.2345198,0.9509959,MathCanvas,-0.07127884,1.283908,0.990001,0.1031798,1.096346,-0.6673207,-0.09120271,0.109482,0.9897958,0.1349054,1.096973,-0.6643916,-0.09156638,0.1093495,0.9897769,0.07134694,1.095742,-0.6701354,-0.09156638,0.1093495,0.9897769,0.1031262,1.096358,-0.6672635,353.7222,354.7145,1.112411,0,0,False
1,Center_Dir_Far,5,17.27999,0.1030663,1.09637,-0.6672024,0.08531472,0.7980374,-0.6069869,0.657012,-0.1314658,0.0355946,-0.7414749,0.3124556,0.694342,-0.3504384,0.1928678,0.06355467,-0.2328542,0.951074,MathCanvas,-0.07127884,1.283908,0.990001,0.1031262,1.096358,-0.6672635,-0.0915665,0.1093498,0.9897768,0.1348456,1.096983,-0.6643301,-0.09156547,0.109222,0.989791,0.07128699,1.095758,-0.6700747,-0.09156547,0.109222,0.989791,0.1030663,1.09637,-0.6672024,353.7295,354.7146,1.106241,0,0,False
1,Center_Dir_Far,6,17.29999,0.1030387,1.096371,-0.6671721,0.08531652,0.7980158,-0.6070018,0.6570686,-0.1315165,0.03559721,-0.7414157,0.3127219,0.6938116,-0.3501676,0.1943994,0.06803147,-0.2294738,0.9512741,MathCanvas,-0.07127884,1.283908,0.990001,0.1030663,1.09637,-0.6672024,-0.09156544,0.1092223,0.989791,0.1348177,1.096979,-0.6642955,-0.0916827,0.108979,0.989807,0.07125976,1.095763,-0.6700488,-0.0916827,0.108979,0.989807,0.1030387,1.096371,-0.6671721,353.7435,354.708,1.098482,0,0,False
1,Center_Dir_Far,7,17.31999,0.1030101,1.096356,-0.6672072,0.08530991,0.7979478,-0.6069918,0.6571109,-0.1317284,0.03560181,-0.7413403,0.3140571,0.6932387,-0.3499748,0.1963107,0.07829441,-0.2273959,0.950591,MathCanvas,-0.07127884,1.283908,0.990001,0.1030249,1.096364,-0.6671889,-0.09176453,0.1087175,0.9898282,0.1347894,1.096961,-0.6643338,-0.09157191,0.108706,0.9898472,0.07123081,1.09575,-0.6700806,-0.09157191,0.108706,0.9898472,0.1030101,1.096356,-0.6672072,353.7593,354.7145,1.093673,0,0,False
1,Center_Dir_Far,8,17.33999,0.1030216,1.096357,-0.6672157,0.08530772,0.7979723,-0.6070275,0.6571441,-0.131784,0.0356062,-0.7413007,0.314909,0.6928771,-0.3497393,0.1974417,0.0838272,-0.2278346,0.9497796,MathCanvas,-0.07127884,1.283908,0.990001,0.1030101,1.096356,-0.6672072,-0.09157207,0.1087061,0.9898472,0.1348012,1.096963,-0.6643464,-0.09144462,0.1086592,0.9898642,0.07124189,1.095751,-0.670085,-0.09144462,0.1086592,0.9898642,0.1030216,1.096357,-0.6672157,353.762,354.722,1.095067,0,0,False
1,Center_Dir_Far,9,17.35999,0.1029421,1.096394,-0.667222,0.08529384,0.7979538,-0.6070489,0.6571833,-0.1318541,0.0356468,-0.7412516,0.3161713,0.6923403,-0.3495948,0.1986114,0.09096491,-0.2292707,0.9485325,MathCanvas,-0.07127884,1.283908,0.990001,0.1030171,1.096359,-0.6672265,-0.09116408,0.1088166,0.9898728,0.1347229,1.097006,-0.6643662,-0.09104148,0.1088072,0.9898851,0.0711613,1.095783,-0.6700777,-0.09104148,0.1088072,0.9898851,0.1029421,1.096394,-0.667222,353.7534,354.7452,1.104606,0,0,False
1,Center_Dir_Far,10,17.37999,0.1028601,1.09643,-0.6672059,0.08527461,0.7979338,-0.6070156,0.6571345,-0.1318977,0.03566354,-0.7412863,0.3164566,0.6922087,-0.3496086,0.1992873,0.09273399,-0.2295569,0.9481501,MathCanvas,-0.07127884,1.283908,0.990001,0.1029421,1.096394,-0.667222,-0.09104193,0.1088071,0.989885,0.1346411,1.097042,-0.6643516,-0.09099837,0.1089643,0.9898717,0.07107922,1.095818,-0.6700601,-0.09099837,0.1089643,0.9898717,0.1028601,1.09643,-0.6672059,353.7444,354.7476,1.105927,0,0,False
1,Center_Dir_Far,11,17.39999,0.1028088,1.096489,-0.6671846,0.08523356,0.7980186,-0.6070293,0.6572647,-0.1316531,0.03566755,-0.7412142,0.3165376,0.6920684,-0.3495901,0.2000945,0.09299753,-0.230568,0.9477088,MathCanvas,-0.07127884,1.283908,0.990001,0.1028146,1.096465,-0.6671889,-0.0910622,0.1092806,0.989831,0.1345891,1.097103,-0.6643247,-0.09118551,0.1094868,0.9897969,0.07102838,1.095875,-0.6700445,-0.09118551,0.1094868,0.9897969,0.1028088,1.096489,-0.6671846,353.7143,354.7365,1.108832,0,0,False
1,Center_Dir_Far,12,17.41999,0.102798,1.096512,-0.6671826,0.08522602,0.7980539,-0.6070509,0.657311,-0.1316348,0.03568416,-0.7411756,0.3159597,0.6923957,-0.3496679,0.1990294,0.08812175,-0.2313507,0.9482082,MathCanvas,-0.07127884,1.283908,0.990001,0.1028088,1.096489,-0.6671846,-0.09118566,0.1094868,0.9897969,0.1345786,1.097123,-0.6643242,-0.09112664,0.109502,0.9898006,0.07101743,1.095901,-0.6700409,-0.09112664,0.109502,0.9898006,0.102798,1.096512,-0.6671826,353.7134,354.7399,1.103277,0,0,False
1,Center_Dir_Far,13,17.43999,0.1027994,1.096477,-0.6671911,0.08517165,0.7979344,-0.6070336,0.6572215,-0.1319879,0.03564864,-0.7411938,0.3155523,0.6925901,-0.349731,0.1985564,0.08696848,-0.2304854,0.9486244,MathCanvas,-0.07127884,1.283908,0.990001,0.1027965,1.096508,-0.6671823,-0.09116599,0.1093778,0.9898107,0.13458,1.097078,-0.6643314,-0.0911327,0.1092036,0.989833,0.07101876,1.095877,-0.6700508,-0.0911327,0.1092036,0.989833,0.1027994,1.096477,-0.6671911,353.7306,354.7397,1.084969,0,0,False
1,Center_Dir_Far,14,17.45999,0.1028722,1.096453,-0.667129,0.08517545,0.7979109,-0.6070524,0.6572028,-0.1321587,0.03566073,-0.7411793,0.3152426,0.6926252,-0.3497796,0.1984659,0.08591788,-0.2297085,0.9489275,MathCanvas,-0.07127884,1.283908,0.990001,0.1027994,1.096477,-0.6671911,-0.09113282,0.1092038,0.989833,0.1346533,1.09705,-0.664273,-0.09100171,0.108471,0.9899256,0.0710912,1.095856,-0.6699851,-0.09100171,0.108471,0.9899256,0.1028722,1.096453,-0.667129,353.7728,354.7477,1.078892,0,0,False
1,Center_Dir_Far,15,17.47999,0.1029472,1.096424,-0.6670746,0.08519272,0.7979331,-0.6070963,0.6572704,-0.1322375,0.0356975,-0.7411036,0.3150967,0.6925991,-0.3498166,0.1985756,0.08555793,-0.2293536,0.9490229,MathCanvas,-0.07127884,1.283908,0.990001,0.1028722,1.096453,-0.667129,-0.09100186,0.108471,0.9899256,0.1347284,1.097021,-0.6642209,-0.09092442,0.1081401,0.9899689,0.07116596,1.095827,-0.6699283,-0.09092442,0.1081401,0.9899689,0.1029472,1.096424,-0.6670746,353.7919,354.7523,1.078882,0,0,False
1,Center_Dir_Far,16,17.49999,0.103011,1.096415,-0.6670389,0.08518511,0.797892,-0.607118,0.6574267,-0.1322521,0.03576437,-0.7409592,0.3150147,0.6924368,-0.3497821,0.1992304,0.08543989,-0.2291304,0.9489502,MathCanvas,-0.07127884,1.283908,0.990001,0.1029926,1.096418,-0.6670401,-0.09076113,0.1078533,0.9900152,0.1347932,1.097013,-0.664196,-0.09058699,0.1079479,0.9900208,0.0712288,1.095817,-0.6698818,-0.09058699,0.1079479,0.9900208,0.103011,1.096415,-0.6670389,353.803,354.772,1.079557,0,0,False
1,Center_Dir_Far,17,17.51999,0.1030402,1.096425,-0.6670494,0.08517256,0.7978474,-0.6070999,0.6573961,-0.1323087,0.03578603,-0.7409751,0.3150693,0.692265,-0.3497009,0.199758,0.08564287,-0.2292594,0.9487899,MathCanvas,-0.07127884,1.283908,0.990001,0.103011,1.096415,-0.6670389,-0.09058694,0.1079477,0.9900209,0.1348229,1.097018,-0.6642105,-0.09044664,0.10802,0.9900258,0.07125756,1.095832,-0.6698883,-0.09044664,0.10802,0.9900258,0.1030402,1.096425,-0.6670494,353.7988,354.7801,1.070793,0,0,False
1,Center_Dir_Far,18,17.53999,0.1030829,1.09641,-0.6670961,0.08518907,0.7978727,-0.607163,0.6572581,-0.1324728,0.03575617,-0.7410697,0.3153541,0.6920142,-0.3496437,0.2004441,0.08677629,-0.2296108,0.9484571,MathCanvas,-0.07127884,1.283908,0.990001,0.1030674,1.096428,-0.6670686,-0.09027288,0.1078642,0.9900587,0.1348661,1.097003,-0.6642633,-0.09025455,0.1078219,0.9900649,0.0712997,1.095818,-0.6699288,-0.09025455,0.1078219,0.9900649,0.1030829,1.09641,-0.6670961,353.8102,354.7913,1.070683,0,0,False
1,Center_Dir_Far,19,17.55999,0.1030949,1.096385,-0.6671137,0.0851946,0.7978585,-0.6071867,0.6572283,-0.1325851,0.03577405,-0.7410752,0.3154725,0.6920176,-0.3496443,0.2005162,0.08732042,-0.2298011,0.9483459,MathCanvas,-0.07127884,1.283908,0.990001,0.1030829,1.09641,-0.6670961,-0.0902549,0.1078216,0.9900649,0.1348775,1.096978,-0.664274,-0.09046776,0.107721,0.9900565,0.07131235,1.095793,-0.6699533,-0.09046776,0.107721,0.9900565,0.1030949,1.096385,-0.6671137,353.816,354.779,1.070219,0,0,False
1,Center_Dir_Far,20,17.57999,0.1030618,1.09633,-0.6671432,0.08519725,0.7978006,-0.6071699,0.6571734,-0.1327799,0.03582896,-0.7410863,0.3154856,0.6922987,-0.3497522,0.2004082,0.08811804,-0.2300433,0.9482362,MathCanvas,-0.07127884,1.283908,0.990001,0.1030767,1.096351,-0.6671287,-0.090481,0.1077296,0.9900543,0.1348444,1.096923,-0.6643033,-0.09047473,0.1076963,0.9900585,0.07127929,1.095737,-0.669983,-0.09047473,0.1076963,0.9900585,0.1030618,1.09633,-0.6671432,353.8175,354.7786,1.07104,0,0,False
1,Center_Dir_Far,21,17.59999,0.1030736,1.096327,-0.6671582,0.0852085,0.7978398,-0.6071757,0.6571088,-0.1328501,0.03582632,-0.7411312,0.315527,0.6922809,-0.3497455,0.2003782,0.08827488,-0.2301692,0.9481974,MathCanvas,-0.07127884,1.283908,0.990001,0.1030618,1.09633,-0.6671432,-0.09047472,0.1076964,0.9900585,0.1348557,1.096914,-0.6643121,-0.09064751,0.1076307,0.9900498,0.07129148,1.095739,-0.6700042,-0.09064751,0.1076307,0.9900498,0.1030736,1.096327,-0.6671582,353.8213,354.7687,1.061194,0,0,False
1,Center_Dir_Far,22,17.61999,0.1030767,1.096335,-0.667184,0.08522093,0.797882,-0.6071731,0.6570261,-0.1329353,0.03583881,-0.7411886,0.3155324,0.6922653,-0.3497459,0.2004027,0.08833098,-0.2301847,0.9481832,MathCanvas,-0.07127884,1.283908,0.990001,0.1030736,1.096327,-0.6671582,-0.09064721,0.1076305,0.9900499,0.1348585,1.096926,-0.6643353,-0.09073973,0.1075871,0.9900461,0.07129489,1.095745,-0.6700327,-0.09073973,0.1075871,0.9900461,0.1030767,1.096335,-0.667184,353.8238,354.7634,1.066575,0,0,False
1,Center_Dir_Far,23,17.63999,0.1030879,1.096338,-0.6672437,0.08524664,0.7978085,-0.6071208,0.6567705,-0.1332317,0.0358839,-0.7413597,0.3153842,0.6923351,-0.3498446,0.200541,0.08830436,-0.2298225,0.9482443,MathCanvas,-0.07127884,1.283908,0.990001,0.1030809,1.096333,-0.6672118,-0.09082229,0.1076836,0.9900281,0.1348693,1.096927,-0.6643894,-0.09090699,0.1075456,0.9900353,0.07130656,1.095749,-0.670098,-0.09090699,0.1075456,0.9900353,0.1030879,1.096338,-0.6672437,353.8261,354.7537,1.063172,0,0,False
1,Center_Dir_Far,24,17.65999,0.1030956,1.096346,-0.6672772,0.08525815,0.797798,-0.6071098,0.6566967,-0.1332642,0.03590553,-0.7414182,0.315285,0.6923553,-0.3498968,0.2006618,0.08825891,-0.2296084,0.9482749,MathCanvas,-0.07127884,1.283908,0.990001,0.1030879,1.096338,-0.6672437,-0.09090722,0.1075457,0.9900352,0.134877,1.096935,-0.6644243,-0.09086006,0.1073779,0.9900578,0.07131407,1.095758,-0.67013,-0.09086006,0.1073779,0.9900578,0.1030956,1.096346,-0.6672772,353.8358,354.7565,1.062819,0,0,False
1,Center_Dir_Far,25,17.67999,0.1032787,1.096441,-0.6672097,0.08528498,0.7978854,-0.6071232,0.6566963,-0.1331825,0.03590329,-0.7414333,0.3151743,0.6922379,-0.3499364,0.2011029,0.08833501,-0.2292527,0.9482604,MathCanvas,-0.07127884,1.283908,0.990001,0.1031663,1.096373,-0.6672567,-0.09072301,0.1073641,0.9900718,0.1350612,1.097032,-0.6643686,-0.09050491,0.1073969,0.9900883,0.0714962,1.09585,-0.6700509,-0.09050491,0.1073969,0.9900883,0.1032787,1.096441,-0.6672097,353.8347,354.777,1.06712,0,0,False
1,Center_Dir_Far,26,17.69999,0.1033687,1.096522,-0.6671681,0.08529679,0.7978344,-0.607142,0.6567591,-0.1331668,0.03590759,-0.7413803,0.3151639,0.6922202,-0.3499472,0.2013732,0.0883846,-0.2292436,0.9482006,MathCanvas,-0.07127884,1.283908,0.990001,0.1032787,1.096441,-0.6672097,-0.09050505,0.1073968,0.9900883,0.1351516,1.097114,-0.664332,-0.09035147,0.1076664,0.990073,0.07158576,1.09593,-0.6700041,-0.09035147,0.1076664,0.990073,0.1033687,1.096522,-0.6671681,353.8192,354.7858,1.069057,0,0,False
1,Center_Dir_Far,27,17.71999,0.1034303,1.096628,-0.6671819,0.08531679,0.7977389,-0.6071827,0.6568732,-0.1332437,0.03592892,-0.7412644,0.3152142,0.6922089,-0.34994,0.2016737,0.08862513,-0.229267,0.9481087,MathCanvas,-0.07127884,1.283908,0.990001,0.1034032,1.096576,-0.6671714,-0.09015446,0.1081927,0.9900336,0.1352147,1.097215,-0.6643616,-0.08984976,0.1084203,0.9900364,0.07164586,1.096041,-0.6700022,-0.08984976,0.1084203,0.9900364,0.1034303,1.096628,-0.6671819,353.7757,354.8144,1.060003,0,0,False
1,Center_Dir_Far,28,17.73999,0.103469,1.096659,-0.6671838,0.08531923,0.7977709,-0.6071987,0.656874,-0.1332501,0.03593234,-0.7412623,0.3152615,0.6921559,-0.3499235,0.201831,0.0887889,-0.2292966,0.9480527,MathCanvas,-0.07127884,1.283908,0.990001,0.1034303,1.096628,-0.6671819,-0.08984961,0.1084208,0.9900364,0.1352538,1.097249,-0.664369,-0.08968743,0.1084384,0.9900491,0.07168412,1.096069,-0.6699985,-0.08968743,0.1084384,0.9900491,0.103469,1.096659,-0.6671838,353.7747,354.8238,1.065616,0,0,False
1,Center_Dir_Far,29,17.75999,0.1035635,1.096641,-0.6671574,0.08533017,0.7977662,-0.6071821,0.6567792,-0.1333104,0.03594695,-0.7413349,0.3153096,0.6921478,-0.3499149,0.2020991,0.08904113,-0.2294004,0.9479468,MathCanvas,-0.07127884,1.283908,0.990001,0.1034991,1.096657,-0.6671875,-0.08950952,0.1085819,0.9900495,0.135349,1.097232,-0.6643509,-0.08943613,0.1083968,0.9900764,0.0717779,1.096049,-0.669964,-0.08943613,0.1083968,0.9900764,0.1035635,1.096641,-0.6671574,353.7771,354.8383,1.068054,0,0,False
1,Center_Dir_Far,30,17.77999,0.1036735,1.096595,-0.6670898,0.0853384,0.7977436,-0.6071405,0.656642,-0.1333709,0.03593337,-0.7414461,0.3152911,0.6921965,-0.3499253,0.2022161,0.08911194,-0.2293751,0.9479213,MathCanvas,-0.07127884,1.283908,0.990001,0.1035635,1.096641,-0.6671574,-0.08943582,0.1083966,0.9900765,0.1354601,1.097179,-0.6642935,-0.08909094,0.108335,0.9901143,0.07188688,1.096011,-0.6698861,-0.08909094,0.108335,0.9901143,0.1036735,1.096595,-0.6670898,353.7807,354.8583,1.054594,0,0,False
1,Center_Dir_Far,31,17.79999,0.103802,1.09654,-0.6670191,0.08533493,0.7977989,-0.6071164,0.6565175,-0.1334983,0.03590478,-0.7415348,0.3152113,0.6921688,-0.3499284,0.202384,0.08897702,-0.2292176,0.9479362,MathCanvas,-0.07127884,1.283908,0.990001,0.1037757,1.096568,-0.6670342,-0.08897021,0.1081155,0.9901491,0.1355899,1.09712,-0.6642366,-0.08864169,0.1079873,0.9901926,0.07201409,1.095961,-0.6698015,-0.08864169,0.1079873,0.9901926,0.103802,1.09654,-0.6670191,353.8007,354.8846,1.045831,0,0,False
1,Center_Dir_Far,32,17.81999,0.1038334,1.096496,-0.6670115,0.08533354,0.7978275,-0.6071323,0.656621,-0.1334876,0.03592111,-0.7414443,0.3151683,0.692149,-0.3499268,0.2024588,0.08884327,-0.2291161,0.9479573,MathCanvas,-0.07127884,1.283908,0.990001,0.103802,1.09654,-0.6670191,-0.08864143,0.1079875,0.9901926,0.1356222,1.09707,-0.6642386,-0.0883248,0.1076861,0.9902537,0.07204457,1.095922,-0.6697844,-0.0883248,0.1076861,0.9902537,0.1038334,1.096496,-0.6670115,353.8181,354.903,1.036956,0,0,False
1,Center_Dir_Far,33,17.83999,0.1038678,1.096449,-0.6670004,0.0853736,0.7977735,-0.6071361,0.6567062,-0.133538,0.03597249,-0.7413572,0.3151932,0.6921333,-0.349894,0.2025113,0.0887186,-0.229035,0.9479774,MathCanvas,-0.07127884,1.283908,0.990001,0.1038334,1.096496,-0.6670115,-0.08832466,0.107686,0.9902537,0.1356588,1.097009,-0.6642494,-0.08758496,0.1068806,0.9904067,0.07207678,1.09589,-0.6697513,-0.08758496,0.1068806,0.9904067,0.1038678,1.096449,-0.6670004,353.8645,354.9463,1.010011,0,0,False
1,Center_Dir_Far,34,17.85999,0.1040401,1.096421,-0.6669226,0.08541586,0.7977662,-0.6071045,0.6563502,-0.1339345,0.03590507,-0.7416042,0.3152382,0.6920947,-0.3498397,0.2026254,0.08861646,-0.228976,0.9479768,MathCanvas,-0.07127884,1.283908,0.990001,0.103933,1.096416,-0.6669777,-0.08669984,0.1070227,0.9904692,0.1358371,1.096978,-0.664242,-0.08538073,0.1068318,0.9906044,0.07224303,1.095865,-0.6696032,-0.08538073,0.1068318,0.9906044,0.1040401,1.096421,-0.6669226,353.8673,355.0738,1.00493,0,0,False
1,Center_Dir_Far,35,17.87999,0.1041834,1.096439,-0.6668558,0.0854046,0.7977956,-0.6071004,0.6562078,-0.134087,0.03580332,-0.7417076,0.3152464,0.6920704,-0.349828,0.2026724,0.08868887,-0.2289896,0.9479567,MathCanvas,-0.07127884,1.283908,0.990001,0.1040401,1.096421,-0.6669226,-0.08538053,0.1068322,0.9906044,0.1359844,1.096999,-0.6642234,-0.08389085,0.1066266,0.9907538,0.07238238,1.095879,-0.6694883,-0.08389085,0.1066266,0.9907538,0.1041834,1.096439,-0.6668558,353.8791,355.1601,1.011349,0,0,False
1,Center_Dir_Far,36,17.89999,0.1044135,1.096401,-0.666781,0.085423,0.7977626,-0.6071059,0.6561009,-0.1345228,0.03558329,-0.7417338,0.3153038,0.6921402,-0.3498225,0.2027494,0.08900969,-0.2288923,0.9479337,MathCanvas,-0.07127884,1.283908,0.990001,0.1043008,1.096429,-0.6668087,-0.08247356,0.106642,0.9908711,0.1362221,1.096965,-0.6642424,-0.08097524,0.1062125,0.9910408,0.07260493,1.095838,-0.6693196,-0.08097524,0.1062125,0.9910408,0.1044135,1.096401,-0.666781,353.903,355.3289,1.017849,0,0,False
1,Center_Dir_Far,37,17.91999,0.1045255,1.096367,-0.6667542,0.08543403,0.7977458,-0.6070893,0.6559014,-0.1347874,0.03545243,-0.7418686,0.3153262,0.6921754,-0.349824,0.202764,0.08910055,-0.2288885,0.9479229,MathCanvas,-0.07127884,1.283908,0.990001,0.1044135,1.096401,-0.666781,-0.0809752,0.1062125,0.9910408,0.1363383,1.096923,-0.6642671,-0.07934441,0.1061441,0.9911801,0.07271276,1.09581,-0.6692412,-0.07934441,0.1061441,0.9911801,0.1045255,1.096367,-0.6667542,353.9069,355.4232,1.004544,0,0,False
1,Center_Dir_Far,38,17.93999,0.1047638,1.096341,-0.6667145,0.08538226,0.7979265,-0.6067978,0.6526015,-0.1387244,0.03338094,-0.7441456,0.3153396,0.6921369,-0.3498057,0.2028134,0.0892498,-0.2288442,0.9479091,MathCanvas,-0.07127884,1.283908,0.990001,0.1046459,1.096352,-0.6667351,-0.07784687,0.1055335,0.991364,0.136583,1.096893,-0.6643102,-0.07675014,0.1056899,0.9914328,0.07294462,1.095789,-0.6691189,-0.07675014,0.1056899,0.9914328,0.1047638,1.096341,-0.6667145,353.9331,355.5734,0.9966642,0,0,False
1,Center_Dir_Far,39,17.95999,0.1049,1.09635,-0.6666673,0.08540278,0.7979493,-0.6065956,0.6502684,-0.1430435,0.03185251,-0.7454361,0.3153346,0.6921431,-0.3497908,0.2028058,0.08926678,-0.2287901,0.9479221,MathCanvas,-0.07127884,1.283908,0.990001,0.1047638,1.096341,-0.6667145,-0.07675024,0.10569,0.9914328,0.136722,1.096901,-0.6642998,-0.07559805,0.1055628,0.9915349,0.07307803,1.095799,-0.6690349,-0.07559805,0.1055628,0.9915349,0.1049,1.09635,-0.6666673,353.9404,355.64,0.9948407,0,0,False
1,Center_Dir_Far,40,17.97999,0.1050315,1.096341,-0.6666175,0.08543661,0.7979555,-0.6063837,0.6476895,-0.1471013,0.03064973,-0.7469405,0.3153279,0.6921561,-0.3497708,0.2028414,0.08930844,-0.228734,0.9479241,MathCanvas,-0.07127884,1.283908,0.990001,0.1049,1.09635,-0.6666673,-0.07559817,0.1055629,0.9915349,0.136855,1.096889,-0.6642699,-0.0749724,0.1062974,0.9915039,0.07320798,1.095793,-0.668965,-0.0749724,0.1062974,0.9915039,0.1050315,1.096341,-0.6666175,353.8981,355.6758,0.9899034,0,0,False
1,Center_Dir_Far,41,17.99999,0.1051612,1.096385,-0.6665837,0.08567287,0.7979609,-0.6058068,0.639623,-0.1617743,0.02730999,-0.7509764,0.3153042,0.6921366,-0.3497495,0.2029104,0.08925503,-0.2286717,0.9479294,MathCanvas,-0.07127884,1.283908,0.990001,0.1051128,1.096369,-0.6665869,-0.07453104,0.106212,0.9915463,0.1369865,1.096908,-0.6642551,-0.07429741,0.1063056,0.9915538,0.07333589,1.095862,-0.6689122,-0.07429741,0.1063056,0.9915538,0.1051612,1.096385,-0.6665837,353.8976,355.7148,0.9448377,0,0,False
1,Center_Dir_Far,42,18.01999,0.1051829,1.096392,-0.6665911,0.08583032,0.797994,-0.605647,0.6359558,-0.1696031,0.02585435,-0.7524139,0.3152993,0.6921176,-0.3497392,0.2029589,0.08925723,-0.2286679,0.9479197,MathCanvas,-0.07127884,1.283908,0.990001,0.1051612,1.096385,-0.6665837,-0.07429767,0.1063054,0.9915538,0.1370088,1.096903,-0.6642687,-0.07406382,0.1063164,0.9915702,0.07335688,1.095881,-0.6689135,-0.07406382,0.1063164,0.9915702,0.1051829,1.096392,-0.6665911,353.897,355.7283,0.9221225,0,0,False
1,Center_Dir_Far,43,18.03999,0.1051914,1.096381,-0.6666204,0.08596858,0.7985352,-0.6053374,0.6279738,-0.1866846,0.02103278,-0.7552188,0.3153292,0.692146,-0.3497241,0.2030044,0.08926865,-0.2285827,0.9479294,MathCanvas,-0.07127884,1.283908,0.990001,0.1052021,1.096382,-0.6665984,-0.07403428,0.1063087,0.9915732,0.1370175,1.096851,-0.6642909,-0.07414394,0.1061875,0.991578,0.07336529,1.095912,-0.66895,-0.07414394,0.1061875,0.991578,0.1051914,1.096381,-0.6666204,353.9044,355.7238,0.8470383,0,0,False
1,Center_Dir_Far,44,18.05999,0.1051809,1.096359,-0.6666377,0.08625847,0.7987846,-0.6050001,0.6231076,-0.1955182,0.01932182,-0.7570577,0.315333,0.6921448,-0.349705,0.2029955,0.08925714,-0.2284578,0.9479626,MathCanvas,-0.07127884,1.283908,0.990001,0.1051914,1.096381,-0.6666204,-0.07414354,0.1061874,0.991578,0.1370066,1.096819,-0.6643013,-0.07433245,0.1064671,0.9915339,0.07335518,1.095899,-0.6689742,-0.07433245,0.1064671,0.9915339,0.1051809,1.096359,-0.6666377,353.8883,355.7127,0.8308881,0,0,False
1,Center_Dir_Far,45,18.07999,0.1051014,1.096296,-0.666704,0.08696447,0.798952,-0.6046596,0.6197222,-0.2012331,0.01982974,-0.7583247,0.315311,0.6920826,-0.3496471,0.2030529,0.08929949,-0.2282262,0.948002,MathCanvas,-0.07127884,1.283908,0.990001,0.1051401,1.096329,-0.6666681,-0.07465769,0.1062182,0.9915361,0.1369259,1.096751,-0.6643498,-0.07486284,0.1059967,0.9915444,0.07327688,1.095842,-0.6690582,-0.07486284,0.1059967,0.9915444,0.1051014,1.096296,-0.666704,353.9154,355.6823,0.8210112,0,0,False
1,Center_Dir_Far,46,18.09999,0.1050585,1.096275,-0.666738,0.08723372,0.7989873,-0.6048861,0.6208636,-0.2023537,0.02072067,-0.7570681,0.3153073,0.6920972,-0.349646,0.2030992,0.08935505,-0.2281585,0.9480032,MathCanvas,-0.07127884,1.283908,0.990001,0.1051014,1.096296,-0.666704,-0.07486278,0.1059967,0.9915444,0.1368826,1.09673,-0.6643789,-0.07501923,0.1058575,0.9915474,0.07323441,1.09582,-0.6690972,-0.07501923,0.1058575,0.9915474,0.1050585,1.096275,-0.666738,353.9234,355.6733,0.8222303,0,0,False
1,Center_Dir_Far,47,18.11999,0.1050514,1.096281,-0.6667568,0.08725333,0.7990373,-0.6051839,0.6231254,-0.2008524,0.02115182,-0.7555963,0.3153037,0.6921251,-0.3496535,0.2031157,0.08939835,-0.2281342,0.9480014,MathCanvas,-0.07127884,1.283908,0.990001,0.1050585,1.096275,-0.666738,-0.07501945,0.1058573,0.9915474,0.1368749,1.096747,-0.6643916,-0.07524334,0.1058183,0.9915347,0.0732279,1.095815,-0.669122,-0.07524334,0.1058183,0.9915347,0.1050514,1.096281,-0.6667568,353.9257,355.6604,0.8408628,0,0,False
1,Center_Dir_Far,48,18.13999,0.1050421,1.096304,-0.6667708,0.08700172,0.7992173,-0.6051475,0.6232945,-0.2023705,0.02010927,-0.75508,0.3152875,0.6921411,-0.3496437,0.2029826,0.08931416,-0.2279566,0.9480806,MathCanvas,-0.07127884,1.283908,0.990001,0.105048,1.096294,-0.6667644,-0.07527843,0.1058137,0.9915324,0.1368654,1.09679,-0.664407,-0.07526632,0.1058875,0.9915255,0.07321875,1.095818,-0.6691346,-0.07526632,0.1058875,0.9915255,0.1050421,1.096304,-0.6667708,353.9217,355.659,0.8775591,0,0,False
1,Center_Dir_Far,49,18.15999,0.10505,1.096303,-0.6667736,0.08689058,0.7991716,-0.605222,0.6246549,-0.199204,0.02034628,-0.7547914,0.3153002,0.6921463,-0.3496551,0.2029283,0.08922984,-0.2279205,0.9481089,MathCanvas,-0.07127884,1.283908,0.990001,0.1050421,1.096304,-0.6667708,-0.07526649,0.1058877,0.9915255,0.1368732,1.0968,-0.6644099,-0.07529706,0.1060426,0.9915066,0.07322679,1.095807,-0.6691372,-0.07529706,0.1060426,0.9915066,0.10505,1.096303,-0.6667736,353.9128,355.6572,0.8962578,0,0,False
1,Center_Dir_Far,50,18.17999,0.1050392,1.096336,-0.6667351,0.08687534,0.7990375,-0.6053319,0.625285,-0.1979515,0.02001722,-0.754608,0.3153853,0.6921427,-0.3496987,0.2028613,0.08912954,-0.2281927,0.9480671,MathCanvas,-0.07127884,1.283908,0.990001,0.1050553,1.096321,-0.6667542,-0.07532439,0.1060347,0.9915054,0.1368621,1.096849,-0.6643716,-0.07534859,0.1059493,0.9915127,0.07321626,1.095824,-0.6690987,-0.07534859,0.1059493,0.9915127,0.1050392,1.096336,-0.6667351,353.9181,355.6542,0.9254798,0,0,False
1,Center_Dir_Far,51,18.19999,0.1050198,1.096328,-0.6667331,0.08665638,0.7993084,-0.6052262,0.6239988,-0.2015719,0.01729511,-0.7547816,0.3154491,0.692134,-0.3497105,0.202866,0.08915322,-0.228382,0.9480183,MathCanvas,-0.07127884,1.283908,0.990001,0.1050392,1.096336,-0.6667351,-0.07534873,0.1059498,0.9915126,0.1368424,1.09684,-0.6643644,-0.07550435,0.1057754,0.9915194,0.07319725,1.095816,-0.6691018,-0.07550435,0.1057754,0.9915194,0.1050198,1.096328,-0.6667331,353.9282,355.6453,0.9245998,0,0,False
1,Center_Dir_Far,52,18.21999,0.1049914,1.096243,-0.6667747,0.0866179,0.799309,-0.605351,0.623237,-0.20779,0.01442414,-0.7537844,0.3155279,0.6921002,-0.349712,0.2029335,0.08929621,-0.2284889,0.9479647,MathCanvas,-0.07127884,1.283908,0.990001,0.1050089,1.09629,-0.6667536,-0.07575057,0.1057184,0.9915067,0.1368126,1.096745,-0.6643859,-0.07609641,0.1053521,0.9915192,0.07317019,1.095741,-0.6691636,-0.07609641,0.1053521,0.9915192,0.1049914,1.096243,-0.6667747,353.9525,355.6113,0.9058636,0,0,False
1,Center_Dir_Far,53,18.23999,0.1049734,1.09619,-0.6668048,0.08630954,0.799058,-0.605697,0.6243953,-0.2136554,0.01096515,-0.7512401,0.3155413,0.6920819,-0.3497179,0.2030029,0.08938535,-0.2284544,0.9479498,MathCanvas,-0.07127884,1.283908,0.990001,0.1049914,1.096243,-0.6667747,-0.07609677,0.1053523,0.9915191,0.1367939,1.096684,-0.6644048,-0.07641172,0.1047357,0.9915602,0.07315288,1.095696,-0.6692048,-0.07641172,0.1047357,0.9915602,0.1049734,1.09619,-0.6668048,353.9881,355.5934,0.8921215,0,0,False
1,Center_Dir_Far,54,18.25999,0.1049,1.096116,-0.666826,0.08568012,0.7993105,-0.6052741,0.6201774,-0.2316174,-0.003911681,-0.7494785,0.3155193,0.6920039,-0.3496879,0.2031388,0.08956995,-0.2282274,0.9479579,MathCanvas,-0.07127884,1.283908,0.990001,0.1049605,1.096138,-0.6668293,-0.07644021,0.1046908,0.9915628,0.1367201,1.096613,-0.6644213,-0.07656924,0.1045465,0.991568,0.07307993,1.095619,-0.6692308,-0.07656924,0.1045465,0.991568,0.1049,1.096116,-0.666826,353.999,355.5844,0.8977733,0,0,False
1,Center_Dir_Far,55,18.27999,0.1048255,1.096116,-0.666826,0.08580685,0.79956,-0.6054365,0.6183665,-0.2312524,-0.001152843,-0.7510952,0.3154768,0.6919705,-0.3496686,0.2031764,0.08950368,-0.2280585,0.9479967,MathCanvas,-0.07127884,1.283908,0.990001,0.1049,1.096116,-0.666826,-0.0765695,0.1045467,0.991568,0.1366455,1.096606,-0.6644186,-0.07662863,0.1045296,0.9915652,0.07300551,1.095626,-0.6692334,-0.07662863,0.1045296,0.9915652,0.1048255,1.096116,-0.666826,353.9999,355.5809,0.8845733,0,0,False
1,Center_Dir_Far,56,18.29999,0.1047553,1.096117,-0.6668263,0.08664788,0.7992222,-0.6052944,0.6143605,-0.2505183,-0.003330812,-0.7481917,0.3154022,0.6919591,-0.3496799,0.2031628,0.08932517,-0.2278662,0.9480627,MathCanvas,-0.07127884,1.283908,0.990001,0.1048255,1.096116,-0.666826,-0.07662874,0.1045296,0.9915652,0.1365757,1.0966,-0.6644231,-0.07647327,0.1046056,0.9915692,0.07293482,1.095635,-0.6692295,-0.07647327,0.1046056,0.9915692,0.1047553,1.096117,-0.6668263,353.9955,355.5899,0.870831,0,0,False
1,Center_Dir_Far,57,18.31999,0.1046853,1.096085,-0.6668443,0.08854865,0.7988025,-0.6035872,0.606931,-0.2693974,-0.002072215,-0.7477002,0.3152898,0.6919565,-0.3497209,0.2031462,0.0888925,-0.2276796,0.9481518,MathCanvas,-0.07127884,1.283908,0.990001,0.1047252,1.096099,-0.6668312,-0.07633846,0.1047013,0.9915695,0.1365064,1.096566,-0.6644498,-0.07620092,0.1045606,0.9915949,0.07286418,1.095603,-0.6692389,-0.07620092,0.1045606,0.9915949,0.1046853,1.096085,-0.6668443,353.9981,355.6057,0.8692081,0,0,False
1,Center_Dir_Far,58,18.33999,0.1046366,1.096079,-0.6668594,0.08904783,0.7988499,-0.6036167,0.605847,-0.2726689,0.001396269,-0.7473949,0.3152323,0.6919232,-0.3497242,0.203365,0.08854681,-0.2276247,0.9481504,MathCanvas,-0.07127884,1.283908,0.990001,0.1046853,1.096085,-0.6668443,-0.07620058,0.1045609,0.9915949,0.1364568,1.096566,-0.6644537,-0.07656368,0.1044971,0.9915737,0.07281645,1.095593,-0.6692652,-0.07656368,0.1044971,0.9915737,0.1046366,1.096079,-0.6668594,354.0018,355.5847,0.8776031,0,0,False
1,Center_Dir_Far,59,18.35999,0.1044393,1.09604,-0.6669008,0.08944458,0.7989343,-0.6048629,0.6063508,-0.2763422,0.00340686,-0.7456287,0.3152276,0.6918701,-0.3497033,0.2037013,0.08837972,-0.2276865,0.948079,MathCanvas,-0.07127884,1.283908,0.990001,0.10457,1.096066,-0.6668779,-0.0768816,0.1045405,0.9915445,0.1362581,1.096512,-0.6644744,-0.07715484,0.1040625,0.9915736,0.07262045,1.095568,-0.6693271,-0.07715484,0.1040625,0.9915736,0.1044393,1.09604,-0.6669008,354.0269,355.5508,0.8521237,0,0,False
1,Center_Dir_Far,60,18.37999,0.1042989,1.095973,-0.6669443,0.08987031,0.7987342,-0.6054209,0.6061389,-0.2823643,0.004578785,-0.7435356,0.3152609,0.6918282,-0.3496722,0.2039312,0.08846837,-0.2277498,0.948006,MathCanvas,-0.07127884,1.283908,0.990001,0.1044393,1.09604,-0.6669008,-0.07715499,0.1040625,0.9915736,0.1361173,1.09645,-0.6645135,-0.07731231,0.1038535,0.9915832,0.07248047,1.095495,-0.6693751,-0.07731231,0.1038535,0.9915832,0.1042989,1.095973,-0.6669443,354.0389,355.5417,0.8621351,0,0,False
1,Center_Dir_Far,61,18.39999,0.1041656,1.095942,-0.6670175,0.09077621,0.7992426,-0.60473,0.6003486,-0.2962402,0.003469482,-0.7428401,0.3152907,0.6917731,-0.3496273,0.204062,0.08862496,-0.2277185,0.9479708,MathCanvas,-0.07127884,1.283908,0.990001,0.1042158,1.095946,-0.6669843,-0.07737186,0.1035583,0.9916095,0.1359838,1.096421,-0.6645845,-0.07738394,0.1035463,0.9916098,0.07234742,1.095463,-0.6694506,-0.07738394,0.1035463,0.9916098,0.1041656,1.095942,-0.6670175,354.0566,355.5378,0.864558,0,0,False
1,Center_Dir_Far,62,18.41999,0.1041253,1.095955,-0.6670346,0.09103296,0.7995717,-0.6041396,0.5958667,-0.2998686,0.003650591,-0.7449889,0.3153038,0.6917475,-0.3496077,0.2040986,0.0887275,-0.2277538,0.9479448,MathCanvas,-0.07127884,1.283908,0.990001,0.1041656,1.095942,-0.6670175,-0.07738425,0.1035465,0.9916097,0.1359434,1.096439,-0.664601,-0.07741496,0.1036927,0.991592,0.07230721,1.095472,-0.6694681,-0.07741496,0.1036927,0.991592,0.1041253,1.095955,-0.6670346,354.0482,355.5359,0.8724038,0,0,False
1,Center_Dir_Far,63,18.43999,0.1040646,1.095968,-0.6670775,0.0913875,0.7999036,-0.6023211,0.5878302,-0.3185756,-0.004322708,-0.7436038,0.3150435,0.6919363,-0.3497732,0.204087,0.08880263,-0.2277326,0.9479454,MathCanvas,-0.07127884,1.283908,0.990001,0.1040962,1.095969,-0.6670531,-0.07725211,0.103979,0.9915748,0.1358834,1.09647,-0.6646567,-0.07708206,0.103801,0.9916067,0.07224581,1.095465,-0.6694983,-0.07708206,0.103801,0.9916067,0.1040646,1.095968,-0.6670775,354.0419,355.5551,0.9075231,0,0,False
1,Center_Dir_Far,64,18.45999,0.1041205,1.095981,-0.6670438,0.09127335,0.7996328,-0.6017705,0.5888057,-0.3263629,-0.01196308,-0.7393591,0.3149669,0.6919797,-0.3498111,0.2039791,0.08864924,-0.2276531,0.948002,MathCanvas,-0.07127884,1.283908,0.990001,0.1040646,1.095968,-0.6670775,-0.07708193,0.1038012,0.9916067,0.1359392,1.096494,-0.6646243,-0.07707833,0.1038947,0.9915971,0.07230179,1.095467,-0.6694633,-0.07707833,0.1038947,0.9915971,0.1041205,1.095981,-0.6670438,354.0365,355.5552,0.9267569,0,0,False
1,Center_Dir_Far,65,18.47999,0.1042808,1.096036,-0.6669137,0.09080696,0.7990742,-0.6015235,0.5954286,-0.3282481,-0.0215987,-0.7329744,0.3149272,0.6919955,-0.3498315,0.2039019,0.08845188,-0.2276007,0.9480497,MathCanvas,-0.07127884,1.283908,0.990001,0.1041205,1.095981,-0.6670438,-0.07707881,0.1038951,0.9915971,0.1360994,1.096572,-0.6644972,-0.0770587,0.1042662,0.9915596,0.07246222,1.095501,-0.6693302,-0.0770587,0.1042662,0.9915596,0.1042808,1.096036,-0.6669137,354.0151,355.5562,0.9661352,0,0,False
1,Center_Dir_Far,66,18.49999,0.1044247,1.096112,-0.6667987,0.09080659,0.7997351,-0.6009393,0.5969464,-0.3314089,-0.03030561,-0.7300033,0.3149238,0.6919644,-0.3498384,0.2038595,0.08821112,-0.2277997,0.9480335,MathCanvas,-0.07127884,1.283908,0.990001,0.1044217,1.096099,-0.666798,-0.07702586,0.104477,0.99154,0.1362438,1.096661,-0.6643922,-0.0768002,0.1051247,0.9914891,0.07260559,1.095563,-0.6692051,-0.0768002,0.1051247,0.9914891,0.1044247,1.096112,-0.6667987,353.9656,355.5707,0.9908008,0,0,False
1,Center_Dir_Far,67,18.51999,0.1044461,1.09612,-0.6667922,0.0906879,0.8002641,-0.6009011,0.5975695,-0.329878,-0.03245842,-0.7300943,0.3149552,0.6919307,-0.3498274,0.2038549,0.08822949,-0.227937,0.9479997,MathCanvas,-0.07127884,1.283908,0.990001,0.1044247,1.096112,-0.6667987,-0.07680026,0.1051247,0.9914891,0.1362655,1.096668,-0.6643899,-0.07666727,0.1050112,0.9915113,0.0726267,1.095572,-0.6691945,-0.07666727,0.1050112,0.9915113,0.1044461,1.09612,-0.6667922,353.9722,355.5785,0.9900103,0,0,False
1,Center_Dir_Far,68,18.53999,0.1043982,1.096055,-0.6668122,0.09013885,0.8007359,-0.6017015,0.601351,-0.3204471,-0.03027137,-0.7312827,0.3150178,0.6919023,-0.3498248,0.2038056,0.08839835,-0.2280107,0.9479769,MathCanvas,-0.07127884,1.283908,0.990001,0.1044288,1.096098,-0.6667943,-0.07638433,0.1047601,0.9915597,0.1362189,1.096627,-0.6644329,-0.07602483,0.1046298,0.9916012,0.07257744,1.095483,-0.6691915,-0.07602483,0.1046298,0.9916012,0.1043982,1.096055,-0.6668122,353.9942,355.6158,1.032342,0,0,False
1,Center_Dir_Far,69,18.55999,0.1043921,1.096035,-0.6668236,0.09002901,0.8011187,-0.6020436,0.6010561,-0.3131474,-0.02535914,-0.7348654,0.3150389,0.6918895,-0.3498194,0.2037963,0.08847243,-0.2280313,0.947967,MathCanvas,-0.07127884,1.283908,0.990001,0.1043982,1.096055,-0.6668122,-0.07602461,0.1046297,0.9916012,0.1362136,1.096609,-0.6644546,-0.07570885,0.1043913,0.9916505,0.07257062,1.095461,-0.6691926,-0.07570885,0.1043913,0.9916505,0.1043921,1.096035,-0.6668236,354.0079,355.6342,1.036818,0,0,False
1,Center_Dir_Far,70,18.57999,0.104488,1.096005,-0.6668502,0.08943197,0.8011982,-0.6021612,0.6052491,-0.3054301,-0.02790244,-0.7345798,0.3150445,0.6918623,-0.3497976,0.2039118,0.08862317,-0.2280841,0.9479154,MathCanvas,-0.07127884,1.283908,0.990001,0.104427,1.096018,-0.6668308,-0.0754967,0.1045974,0.9916449,0.1363105,1.096572,-0.6644925,-0.07533244,0.1043067,0.991688,0.0726656,1.095437,-0.6692079,-0.07533244,0.1043067,0.991688,0.104488,1.096005,-0.6668502,354.0128,355.6559,1.024534,0,0,False
1,Center_Dir_Far,71,18.59999,0.1045904,1.096064,-0.6668676,0.08912871,0.8014133,-0.602124,0.6063945,-0.3009865,-0.02949367,-0.7354066,0.3150341,0.6918452,-0.3498061,0.2039691,0.08864251,-0.2281377,0.9478883,MathCanvas,-0.07127884,1.283908,0.990001,0.104488,1.096005,-0.6668502,-0.0753321,0.1043067,0.9916881,0.1364134,1.096632,-0.6645175,-0.07509361,0.1040404,0.9917341,0.07276738,1.095496,-0.6692176,-0.07509361,0.1040404,0.9917341,0.1045904,1.096064,-0.6668676,354.0281,355.6699,1.025745,0,0,False
1,Center_Dir_Far,72,18.61999,0.1047633,1.096194,-0.6668966,0.08925492,0.801834,-0.6021985,0.6057081,-0.3004146,-0.02855605,-0.7362428,0.3150052,0.6918305,-0.3498287,0.2039703,0.08857936,-0.228194,0.9478804,MathCanvas,-0.07127884,1.283908,0.990001,0.1046841,1.096134,-0.6668851,-0.07489465,0.1037708,0.9917774,0.1365876,1.09675,-0.664562,-0.07457265,0.1039988,0.9917778,0.07293893,1.095638,-0.6692312,-0.07457265,0.1039988,0.9917778,0.1047633,1.096194,-0.6668966,354.0305,355.7,1.003783,0,0,False
1,Center_Dir_Far,73,18.63999,0.1048337,1.096223,-0.6668968,0.08900855,0.8015956,-0.6022149,0.6056511,-0.2967514,-0.0289165,-0.7377596,0.3150002,0.6918277,-0.3498173,0.2039089,0.08844141,-0.2282401,0.9478955,MathCanvas,-0.07127884,1.283908,0.990001,0.1047633,1.096194,-0.6668966,-0.0745727,0.1039989,0.9917778,0.1366588,1.096751,-0.6645657,-0.07437503,0.1045726,0.9917323,0.0730086,1.095695,-0.6692278,-0.07437503,0.1045726,0.9917323,0.1048337,1.096223,-0.6668968,353.9975,355.7111,0.9525649,0,0,False
1,Center_Dir_Far,74,18.65999,0.1049087,1.096251,-0.6668952,0.08880879,0.8015458,-0.6023595,0.6061602,-0.2941381,-0.02903754,-0.738383,0.315004,0.6918245,-0.3498039,0.2038762,0.08835465,-0.2282794,0.9479011,MathCanvas,-0.07127884,1.283908,0.990001,0.1048337,1.096223,-0.6668968,-0.07437525,0.1045723,0.9917323,0.1367351,1.09679,-0.6645837,-0.07380293,0.1048934,0.9917411,0.07308242,1.095712,-0.6692067,-0.07380293,0.1048934,0.9917411,0.1049087,1.096251,-0.6668952,353.979,355.744,0.9728637,0,0,False
1,Center_Dir_Far,75,18.67999,0.1052297,1.096334,-0.6668642,0.08827554,0.8019059,-0.6027235,0.6090807,-0.2868744,-0.02857115,-0.7388555,0.3150227,0.6918154,-0.3498022,0.2038797,0.08829263,-0.2285359,0.9478443,MathCanvas,-0.07127884,1.283908,0.990001,0.1050594,1.096296,-0.6668782,-0.07348455,0.1049009,0.991764,0.1370583,1.096857,-0.6645804,-0.07289108,0.1050154,0.9917957,0.07340115,1.09581,-0.6691479,-0.07289108,0.1050154,0.9917957,0.1052297,1.096334,-0.6668642,353.972,355.7967,0.9453055,0,0,False
1,Center_Dir_Far,76,18.69999,0.105378,1.096375,-0.6668592,0.08797193,0.8018591,-0.6027242,0.6112486,-0.2834903,-0.02816793,-0.7383868,0.3150477,0.6918319,-0.3497738,0.2038841,0.0883201,-0.2285741,0.9478316,MathCanvas,-0.07127884,1.283908,0.990001,0.1052297,1.096334,-0.6668642,-0.07289111,0.1050152,0.9917957,0.1372071,1.096903,-0.6645835,-0.07265618,0.1051544,0.9917982,0.07354896,1.095847,-0.6691349,-0.07265618,0.1051544,0.9917982,0.105378,1.096375,-0.6668592,353.9639,355.8102,0.9533767,0,0,False
1,Center_Dir_Far,77,18.71999,0.1056091,1.096491,-0.6668518,0.08771712,0.8020672,-0.6019444,0.6073409,-0.2807337,-0.02825445,-0.7426488,0.3150916,0.6918425,-0.3497023,0.2039003,0.08840962,-0.2285428,0.9478273,MathCanvas,-0.07127884,1.283908,0.990001,0.1054868,1.096432,-0.6668608,-0.07179561,0.1055321,0.9918208,0.1374414,1.096984,-0.6646144,-0.07135316,0.1060181,0.9918008,0.07377669,1.095998,-0.6690893,-0.07135316,0.1060181,0.9918008,0.1056091,1.096491,-0.6668518,353.9142,355.8851,0.8899027,0,0,False
1,Center_Dir_Far,78,18.73999,0.1057234,1.096552,-0.6668575,0.08774342,0.8024526,-0.6013865,0.6016682,-0.2802416,-0.02864771,-0.7474218,0.3150903,0.691822,-0.3496829,0.203924,0.08841688,-0.22856,0.9478174,MathCanvas,-0.07127884,1.283908,0.990001,0.1056091,1.096491,-0.6668518,-0.071353,0.1060181,0.9918008,0.137558,1.097027,-0.6646476,-0.07043755,0.1064395,0.9918212,0.07388889,1.096077,-0.6690673,-0.07043755,0.1064395,0.9918212,0.1057234,1.096552,-0.6668575,353.8899,355.9378,0.8578902,0,0,False
1,Center_Dir_Far,79,18.75999,0.1059973,1.09663,-0.6668664,0.08792623,0.8026286,-0.6008965,0.5980921,-0.2795714,-0.02712339,-0.7505931,0.3150981,0.6918041,-0.3496473,0.2039482,0.08839297,-0.228593,0.9478065,MathCanvas,-0.07127884,1.283908,0.990001,0.1058642,1.096597,-0.6668607,-0.07011855,0.106651,0.9918211,0.1378341,1.097081,-0.6646838,-0.06950825,0.1065939,0.9918701,0.07416052,1.096179,-0.669049,-0.06950825,0.1065939,0.9918701,0.1059973,1.09663,-0.6668664,353.881,355.9914,0.814176,0,0,False
1,Center_Dir_Far,80,18.77999,0.1061417,1.096644,-0.6668665,0.08742773,0.8023556,-0.6018231,0.6055816,-0.2716531,-0.02627864,-0.7475192,0.3151121,0.6918133,-0.3496333,0.2039185,0.08836988,-0.2285534,0.9478245,MathCanvas,-0.07127884,1.283908,0.990001,0.1059973,1.09663,-0.6668664,-0.06950793,0.1065937,0.9918702,0.1379801,1.097081,-0.6647043,-0.06882504,0.1065275,0.9919249,0.07430331,1.096208,-0.6690288,-0.06882504,0.1065275,0.9919249,0.1061417,1.096644,-0.6668665,353.8848,356.0309,0.7881083,0,0,False
1,Center_Dir_Far,81,18.79999,0.1062888,1.096664,-0.6668825,0.08655149,0.8022534,-0.602175,0.6099998,-0.2636878,-0.02894765,-0.74668,0.3151139,0.6918159,-0.349627,0.2038584,0.0883198,-0.2285682,0.9478385,MathCanvas,-0.07127884,1.283908,0.990001,0.1061417,1.096644,-0.6668665,-0.06882498,0.1065273,0.9919249,0.1381283,1.097109,-0.6647381,-0.06829809,0.1067351,0.991939,0.07444934,1.096219,-0.6690269,-0.06829809,0.1067351,0.991939,0.1062888,1.096664,-0.6668825,353.8729,356.0612,0.8033805,0,0,False
1,Center_Dir_Far,82,18.81999,0.1065095,1.096716,-0.6669113,0.08686253,0.8024823,-0.6022148,0.6097335,-0.2651381,-0.02647416,-0.7464758,0.3151262,0.6918157,-0.3496186,0.2037847,0.08826921,-0.2287864,0.9478065,MathCanvas,-0.07127884,1.283908,0.990001,0.1064168,1.096694,-0.6668981,-0.06774035,0.106597,0.9919921,0.138352,1.097134,-0.6648065,-0.06697178,0.1069352,0.9920079,0.074667,1.096299,-0.6690161,-0.06697178,0.1069352,0.9920079,0.1065095,1.096716,-0.6669113,353.8613,356.1378,0.7537374,0,0,False
1,Center_Dir_Far,83,18.83999,0.1065944,1.096705,-0.6669181,0.08720607,0.8020008,-0.602208,0.6102144,-0.2672268,-0.02505255,-0.7453863,0.3151655,0.6918488,-0.349606,0.203716,0.08825333,-0.2288319,0.9478117,MathCanvas,-0.07127884,1.283908,0.990001,0.1065095,1.096716,-0.6669113,-0.06697161,0.106935,0.9920079,0.1384375,1.097112,-0.6648213,-0.06668958,0.10694,0.9920264,0.07475127,1.096298,-0.6690149,-0.06668958,0.10694,0.9920264,0.1065944,1.096705,-0.6669181,353.8611,356.1541,0.7347717,0,0,False
1,Center_Dir_Far,84,18.85999,0.106693,1.096654,-0.6669574,0.08731169,0.8016637,-0.6024756,0.6140015,-0.2611712,-0.02176976,-0.7445253,0.3152093,0.6918599,-0.3495777,0.2036348,0.08827225,-0.2287789,0.9478402,MathCanvas,-0.07127884,1.283908,0.990001,0.1066624,1.096679,-0.6669311,-0.06638079,0.1065377,0.9920903,0.1385379,1.097052,-0.6648856,-0.06587404,0.1065697,0.9921207,0.0748481,1.096257,-0.6690291,-0.06587404,0.1065697,0.9921207,0.106693,1.096654,-0.6669574,353.8824,356.2013,0.7176546,0,0,False
1,Center_Dir_Far,85,18.87999,0.1067165,1.096644,-0.6669829,0.0871668,0.8017731,-0.6026928,0.6157281,-0.2613784,-0.02236032,-0.7430075,0.3152128,0.6918295,-0.3495619,0.2036515,0.0882875,-0.2287868,0.9478333,MathCanvas,-0.07127884,1.283908,0.990001,0.106693,1.096654,-0.6669574,-0.0658739,0.10657,0.9921207,0.1385616,1.097041,-0.6649147,-0.06576288,0.1064292,0.9921432,0.07487133,1.096247,-0.6690512,-0.06576288,0.1064292,0.9921432,0.1067165,1.096644,-0.6669829,353.8905,356.2078,0.716442,0,0,False
1,Center_Dir_Far,86,18.89999,0.1067323,1.096629,-0.6670055,0.08685382,0.8010336,-0.6027368,0.6178958,-0.2587721,-0.02306834,-0.7420982,0.3152137,0.6918436,-0.3495655,0.2037454,0.08826537,-0.2288191,0.9478074,MathCanvas,-0.07127884,1.283908,0.990001,0.1067291,1.096644,-0.666993,-0.06564979,0.1062831,0.9921663,0.1385777,1.097034,-0.6649423,-0.06563146,0.1063335,0.9921621,0.07488692,1.096224,-0.6690688,-0.06563146,0.1063335,0.9921621,0.1067323,1.096629,-0.6670055,353.896,356.2154,0.730799,0,0,False
1,Center_Dir_Far,87,18.91999,0.1067319,1.096611,-0.667029,0.08680098,0.8006674,-0.6027123,0.6178579,-0.2587261,-0.02325051,-0.7421401,0.315213,0.6918645,-0.3495731,0.2037584,0.08823393,-0.2288121,0.9478093,MathCanvas,-0.07127884,1.283908,0.990001,0.1067323,1.096629,-0.6670055,-0.06563146,0.1063334,0.9921622,0.1385767,1.097015,-0.6649566,-0.0659143,0.1062732,0.9921498,0.07488715,1.096208,-0.6691014,-0.0659143,0.1062732,0.9921498,0.1067319,1.096611,-0.667029,353.8995,356.1991,0.7288892,0,0,False
1,Center_Dir_Far,88,18.93999,0.106681,1.096559,-0.6671011,0.0869042,0.8006217,-0.6024985,0.6157403,-0.2612099,-0.02354916,-0.74302,0.3152107,0.6918592,-0.3495693,0.203688,0.08801367,-0.2289059,0.9478222,MathCanvas,-0.07127884,1.283908,0.990001,0.1067095,1.096583,-0.6670615,-0.06616078,0.1060773,0.9921544,0.1385255,1.096959,-0.6650231,-0.06607779,0.1060963,0.9921579,0.07483658,1.096159,-0.6691792,-0.06607779,0.1060963,0.9921579,0.106681,1.096559,-0.6671011,353.9097,356.1897,0.722449,0,0,False
1,Center_Dir_Far,89,18.95999,0.1066615,1.09657,-0.6671227,0.08689114,0.8004853,-0.6024451,0.6156226,-0.2612904,-0.02355502,-0.743089,0.3152204,0.6918667,-0.349563,0.2036566,0.08795523,-0.2289233,0.9478302,MathCanvas,-0.07127884,1.283908,0.990001,0.106681,1.096559,-0.6671011,-0.06607784,0.1060963,0.9921579,0.1385054,1.096973,-0.6650366,-0.0663387,0.1060176,0.9921489,0.07481757,1.096167,-0.6692089,-0.0663387,0.1060176,0.9921489,0.1066615,1.09657,-0.6671227,353.9142,356.1747,0.7267621,0,0,False
1,Center_Dir_Far,90,18.97999,0.1066425,1.096592,-0.6671337,0.08686188,0.8002764,-0.6023643,0.615398,-0.2613524,-0.02362695,-0.743251,0.3152361,0.6918709,-0.3495517,0.2036278,0.08790751,-0.2289353,0.9478379,MathCanvas,-0.07127884,1.283908,0.990001,0.1066615,1.09657,-0.6671227,-0.06633908,0.1060181,0.9921488,0.1384863,1.09699,-0.6650452,-0.06639774,0.1062256,0.9921227,0.07479873,1.096194,-0.6692223,-0.06639774,0.1062256,0.9921227,0.1066425,1.096592,-0.6671337,353.9022,356.1712,0.718672,0,0,False
1,Center_Dir_Far,91,18.99999,0.106675,1.096675,-0.6671426,0.08688059,0.8002496,-0.6020885,0.613726,-0.2626323,-0.02416044,-0.7441646,0.3152672,0.6918372,-0.3495251,0.2036262,0.08790206,-0.2289051,0.947846,MathCanvas,-0.07127884,1.283908,0.990001,0.1066323,1.09662,-0.6671432,-0.06622846,0.1066027,0.9920936,0.1385215,1.097059,-0.6650922,-0.06516833,0.1072094,0.9920984,0.07482859,1.096291,-0.669193,-0.06516833,0.1072094,0.9920984,0.106675,1.096675,-0.6671426,353.8455,356.2418,0.6935846,0,0,False
1,Center_Dir_Far,92,19.01999,0.1067768,1.096726,-0.6671447,0.08691329,0.8003432,-0.6019329,0.6125444,-0.2637856,-0.0244586,-0.7447203,0.3152785,0.6918063,-0.3495134,0.2036446,0.08793023,-0.2288927,0.9478425,MathCanvas,-0.07127884,1.283908,0.990001,0.106675,1.096675,-0.6671426,-0.06516826,0.1072095,0.9920984,0.1386259,1.097112,-0.6651357,-0.06388299,0.1074846,0.9921522,0.07492776,1.09634,-0.6691536,-0.06388299,0.1074846,0.9921522,0.1067768,1.096726,-0.6671447,353.8297,356.3159,0.696808,0,0,False
1,Center_Dir_Far,93,19.03999,0.1070675,1.096742,-0.6671712,0.08689226,0.799966,-0.6019244,0.6125336,-0.2639814,-0.02452286,-0.7446577,0.3152497,0.6918449,-0.3495533,0.2036828,0.08793002,-0.2288285,0.9478498,MathCanvas,-0.07127884,1.283908,0.990001,0.1068967,1.096754,-0.6671561,-0.06207964,0.1073669,0.9922794,0.1389254,1.097118,-0.6653067,-0.05935,0.1072044,0.992464,0.07520948,1.096366,-0.6690356,-0.05935,0.1072044,0.992464,0.1070675,1.096742,-0.6671712,353.8458,356.5778,0.6798933,0,0,False
1,Center_Dir_Far,94,19.05999,0.1073325,1.09673,-0.667172,0.08687628,0.7998443,-0.6019322,0.612587,-0.2641444,-0.02452645,-0.7445559,0.3152426,0.6918465,-0.3495592,0.2037059,0.08794174,-0.2288571,0.9478368,MathCanvas,-0.07127884,1.283908,0.990001,0.1070675,1.096742,-0.6671712,-0.05934988,0.1072043,0.992464,0.1391972,1.097078,-0.6654209,-0.05571793,0.1072322,0.9926715,0.07546777,1.096383,-0.668923,-0.05571793,0.1072322,0.9926715,0.1073325,1.09673,-0.667172,353.8442,356.7874,0.6275178,0,0,False
1,Center_Dir_Far,95,19.07999,0.108865,1.096765,-0.6670849,0.08684558,0.7998736,-0.6018054,0.6117678,-0.2650448,-0.02474313,-0.7449021,0.315231,0.6917987,-0.3495387,0.2037877,0.08791896,-0.2288458,0.9478241,MathCanvas,-0.07127884,1.283908,0.990001,0.1078094,1.09678,-0.6671419,-0.04948459,0.1074034,0.9929833,0.1407507,1.097082,-0.6657634,-0.04223524,0.1074605,0.9933118,0.07697924,1.096448,-0.6684064,-0.04223524,0.1074605,0.9933118,0.108865,1.096765,-0.6670849,353.8311,357.5653,0.5724652,0,0,False
1,Center_Dir_Far,96,19.09999,0.1096066,1.096789,-0.6670345,0.08685366,0.7997855,-0.6018139,0.6116163,-0.265218,-0.02472007,-0.7449657,0.3152071,0.6918008,-0.349539,0.2038041,0.08794685,-0.2287397,0.9478436,MathCanvas,-0.07127884,1.283908,0.990001,0.108865,1.096765,-0.6670849,-0.04223534,0.1074603,0.9933119,0.1415032,1.09706,-0.665993,-0.0333536,0.106801,0.9937208,0.07771005,1.096518,-0.668076,-0.0333536,0.106801,0.9937208,0.1096066,1.096789,-0.6670345,353.869,358.0776,0.4891962,0,0,False
1,Center_Dir_Far,97,19.11999,0.1124127,1.097038,-0.6670741,0.08681695,0.7996315,-0.6018864,0.6119582,-0.2651658,-0.02459847,-0.7447075,0.3151732,0.6917831,-0.349527,0.2038776,0.08808407,-0.22858,0.9478536,MathCanvas,-0.07127884,1.283908,0.990001,0.1108036,1.096789,-0.6669853,-0.02093072,0.1067923,0.994061,0.1443271,1.097151,-0.6669944,-0.002859162,0.1060306,0.9943588,0.08049828,1.096924,-0.6671538,-0.002859162,0.1060306,0.9943588,0.1124127,1.097038,-0.6670741,353.9135,359.8353,0.2041827,0,0,False
1,Center_Dir_Far,98,19.13999,0.1143209,1.097116,-0.6671283,0.0867806,0.7996459,-0.6018906,0.6120247,-0.2652394,-0.02447752,-0.7446306,0.3151504,0.6917605,-0.3495036,0.2038652,0.08804963,-0.2284844,0.9478825,MathCanvas,-0.07127884,1.283908,0.990001,0.1124127,1.097038,-0.6670741,-0.002858942,0.1060309,0.9943587,0.1462293,1.097196,-0.6677543,0.01922984,0.1072247,0.9940488,0.08241243,1.097035,-0.6665024,0.01922984,0.1072247,0.9940488,0.1143209,1.097116,-0.6671283,353.8446,1.108247,0.1454362,0,0,False
1,Center_Dir_Far,99,19.15999,0.1163469,1.097226,-0.6671191,0.08675015,0.7996446,-0.6018957,0.6120986,-0.2653142,-0.02433689,-0.7445478,0.315125,0.6917506,-0.349489,0.2038319,0.08798793,-0.2284072,0.9479139,MathCanvas,-0.07127884,1.283908,0.990001,0.1143209,1.097116,-0.6671283,0.01922984,0.1072247,0.9940488,0.1482342,1.097327,-0.6684372,0.04071528,0.1082084,0.9932941,0.08445959,1.097125,-0.665801,0.04071528,0.1082084,0.9932941,0.1163469,1.097226,-0.6671191,353.788,2.347249,0.1826173,0,0,False
1,Center_Dir_Far,100,19.17999,0.1202704,1.097037,-0.6675214,0.08667919,0.7994317,-0.6019489,0.612111,-0.2656823,-0.02401816,-0.7444167,0.3150266,0.6916859,-0.3494544,0.2039016,0.0881419,-0.2282092,0.9479324,MathCanvas,-0.07127884,1.283908,0.990001,0.1181841,1.097105,-0.6673211,0.06483988,0.1081221,0.9920208,0.1520576,1.097086,-0.6703712,0.08861355,0.1071444,0.9902867,0.08848326,1.096987,-0.6646717,0.08861355,0.1071444,0.9902867,0.1202704,1.097037,-0.6675214,353.8493,5.113364,0.08970063,0,0,False
1,Center_Dir_Far,101,19.19999,0.122618,1.096966,-0.6676487,0.08662086,0.799428,-0.601945,0.6121041,-0.2656874,-0.02403225,-0.7444201,0.3149852,0.6916032,-0.3494126,0.2040756,0.08836085,-0.2281021,0.9479003,MathCanvas,-0.07127884,1.283908,0.990001,0.1202704,1.097037,-0.6675214,0.08861355,0.1071446,0.9902866,0.1543308,1.097061,-0.6712323,0.1113217,0.1070916,0.9879974,0.09090531,1.09687,-0.6640652,0.1113217,0.1070916,0.9879974,0.122618,1.096966,-0.6676487,353.8523,6.428633,0.1723371,0,0,False
1,Center_Dir_Far,102,19.21999,0.1269142,1.097047,-0.6680294,0.08622481,0.7993671,-0.6019852,0.6124849,-0.2647985,-0.02446897,-0.7444094,0.3148447,0.6914702,-0.3493404,0.2043251,0.08867705,-0.2275248,0.9479557,MathCanvas,-0.07127884,1.283908,0.990001,0.1248603,1.096924,-0.6678401,0.1349444,0.107173,0.9850401,0.1584226,1.097183,-0.6731039,0.1576606,0.1060627,0.9817809,0.0954058,1.096912,-0.6629549,0.1576606,0.1060627,0.9817809,0.1269142,1.097047,-0.6680294,353.9116,9.123029,0.2450734,0,0,False
1,Center_Dir_Far,103,19.23999,0.128886,1.096931,-0.668267,0.08615422,0.799332,-0.6020412,0.6124843,-0.2648374,-0.02450044,-0.7443949,0.3147615,0.6914946,-0.3493492,0.2043609,0.08873635,-0.2272211,0.9480153,MathCanvas,-0.07127884,1.283908,0.990001,0.1269142,1.097047,-0.6680294,0.1576606,0.1060631,0.9817809,0.160273,1.097035,-0.6740456,0.1796971,0.1064407,0.9779465,0.09749898,1.096828,-0.6624884,0.1796971,0.1064407,0.9779465,0.128886,1.096931,-0.668267,353.8898,10.41192,0.1871207,0,0,False
1,Center_Dir_Far,104,19.25999,0.1329121,1.096993,-0.6688612,0.08596728,0.7992311,-0.6021858,0.6127306,-0.2647068,-0.02453949,-0.7442375,0.3146938,0.691564,-0.3493757,0.2043174,0.08878161,-0.2269675,0.9480813,MathCanvas,-0.07127884,1.283908,0.990001,0.1310087,1.096906,-0.6685116,0.1993734,0.105973,0.9741765,0.1640402,1.097057,-0.6759028,0.2192077,0.1053553,0.9699733,0.101784,1.09693,-0.6618195,0.2192077,0.1053553,0.9699733,0.1329121,1.096993,-0.6688612,353.9524,12.73456,0.1151418,0,0,False
1,Center_Dir_Far,105,19.27999,0.1347906,1.097012,-0.6691813,0.08589723,0.7991853,-0.602266,0.6128893,-0.2646075,-0.02439031,-0.744147,0.314699,0.6916035,-0.3493962,0.2042266,0.08877166,-0.2269854,0.9480975,MathCanvas,-0.07127884,1.283908,0.990001,0.1329121,1.096993,-0.6688612,0.2192077,0.1053552,0.9699733,0.1657783,1.097038,-0.6768172,0.2378401,0.1053883,0.96557,0.1038028,1.096985,-0.6615455,0.2378401,0.1053883,0.96557,0.1347906,1.097012,-0.6691813,353.9505,13.83768,0.04812474,0,0,False
1,Center_Dir_Far,106,19.29999,0.1367354,1.097034,-0.6694931,0.08585798,0.7992027,-0.6023597,0.6130574,-0.2645948,-0.0242715,-0.7440169,0.3147217,0.6916643,-0.349457,0.2040477,0.08868381,-0.2271197,0.948112,MathCanvas,-0.07127884,1.283908,0.990001,0.1347906,1.097012,-0.6691813,0.2378401,0.1053884,0.96557,0.1675831,1.09702,-0.6776765,0.2550175,0.1058761,0.9611224,0.1058877,1.097047,-0.6613097,0.2550175,0.1058761,0.9611224,0.1367354,1.097034,-0.6694931,353.9224,14.86006,359.9756,0,0,False
1,Center_Dir_Far,107,19.31999,0.1404875,1.097226,-0.6700948,0.08581178,0.799287,-0.6025102,0.6130785,-0.2648696,-0.02413642,-0.7439061,0.3147728,0.691764,-0.3495933,0.2036933,0.08838798,-0.2272995,0.9481727,MathCanvas,-0.07127884,1.283908,0.990001,0.1384949,1.096974,-0.6697793,0.2722538,0.1076291,0.9561871,0.1710412,1.097173,-0.6793154,0.2874084,0.1075793,0.9517474,0.1099339,1.097279,-0.6608742,0.2874084,0.1075793,0.9517474,0.1404875,1.097226,-0.6700948,353.8242,16.80325,359.9042,0,0,False
1,Center_Dir_Far,108,19.33999,0.1420873,1.097356,-0.6704058,0.0858028,0.7992917,-0.6025102,0.612937,-0.2651556,-0.0240868,-0.7439225,0.3148014,0.6918126,-0.3496483,0.2035638,0.0882114,-0.2273463,0.9482058,MathCanvas,-0.07127884,1.283908,0.990001,0.1404875,1.097226,-0.6700948,0.2874084,0.1075793,0.9517474,0.1724967,1.097335,-0.6800916,0.3017403,0.1093262,0.9471012,0.1116778,1.097377,-0.66072,0.3017403,0.1093262,0.9471012,0.1420873,1.097356,-0.6704058,353.7235,17.67154,359.962,0,0,False
1,Center_Dir_Far,109,19.35999,0.1447642,1.097563,-0.6710566,0.08583827,0.799338,-0.6025742,0.6126916,-0.2654736,-0.02408739,-0.7440112,0.3148377,0.6918163,-0.3497038,0.2034112,0.08796488,-0.227319,0.948268,MathCanvas,-0.07127884,1.283908,0.990001,0.1435319,1.097507,-0.6707779,0.3139115,0.1109242,0.9429504,0.1749289,1.097591,-0.6814796,0.3244453,0.1119087,0.9392613,0.1145995,1.097535,-0.6606336,0.3244453,0.1119087,0.9392613,0.1447642,1.097563,-0.6710566,353.5746,19.05625,0.05030767,0,0,False
1,Center_Dir_Far,110,19.37999,0.145938,1.097577,-0.6714088,0.08591269,0.7993904,-0.6026012,0.6123909,-0.2657383,-0.02407628,-0.7441646,0.3148455,0.6917931,-0.3497127,0.2033441,0.08784594,-0.2272373,0.948313,MathCanvas,-0.07127884,1.283908,0.990001,0.1447642,1.097563,-0.6710566,0.3244453,0.1119089,0.9392613,0.1759862,1.0976,-0.6821628,0.334767,0.1119353,0.935629,0.1158897,1.097553,-0.6606547,0.334767,0.1119353,0.935629,0.145938,1.097577,-0.6714088,353.5731,19.68715,0.04251683,0,0,False
1,Center_Dir_Far,111,19.39999,0.1484178,1.097447,-0.6721773,0.08610572,0.799426,-0.6025405,0.6119015,-0.266071,-0.02412129,-0.7444468,0.3148528,0.6917795,-0.3497379,0.2032747,0.08709655,-0.2270938,0.9484314,MathCanvas,-0.07127884,1.283908,0.990001,0.1473221,1.097444,-0.6718036,0.344585,0.1119141,0.9320603,0.1782471,1.097385,-0.6835245,0.3535571,0.1109728,0.928807,0.1185886,1.09751,-0.6608301,0.3535571,0.1109728,0.928807,0.1484178,1.097447,-0.6721773,353.6286,20.83969,359.8869,0,0,False
1,Center_Dir_Far,112,19.41999,0.1493277,1.097438,-0.6725065,0.08622627,0.7994385,-0.6025292,0.6118645,-0.2662203,-0.02399676,-0.7444278,0.3148576,0.6918059,-0.3497706,0.2032868,0.08690479,-0.2271506,0.9484327,MathCanvas,-0.07127884,1.283908,0.990001,0.1484178,1.097447,-0.6721773,0.3535571,0.110973,0.928807,0.1790517,1.09736,-0.6841265,0.3620947,0.1111399,0.9254919,0.1196037,1.097516,-0.6608864,0.3620947,0.1111399,0.9254919,0.1493277,1.097438,-0.6725065,353.619,21.36771,359.8591,0,0,False
1,Center_Dir_Far,113,19.43999,0.150783,1.097446,-0.6731058,0.08673783,0.7995875,-0.6024698,0.6114876,-0.2672309,-0.02366422,-0.744386,0.31482,0.6922099,-0.3501003,0.2033283,0.08655875,-0.2272874,0.9484227,MathCanvas,-0.07127884,1.283908,0.990001,0.1500856,1.097498,-0.6727858,0.3682034,0.1108503,0.9231135,0.1803695,1.097351,-0.6850716,0.3729462,0.1104735,0.9212528,0.1211966,1.097542,-0.6611399,0.3729462,0.1104735,0.9212528,0.150783,1.097446,-0.6731058,353.6574,22.03933,359.8275,0,0,False
1,Center_Dir_Far,114,19.45999,0.1513581,1.097212,-0.6734048,0.08708905,0.7996619,-0.602375,0.6107951,-0.268198,-0.02343548,-0.744614,0.3148541,0.6922571,-0.3501727,0.2033346,0.0864244,-0.2274115,0.9484039,MathCanvas,-0.07127884,1.283908,0.990001,0.150783,1.097446,-0.6731058,0.3729461,0.1104735,0.9212528,0.1809035,1.097077,-0.6854712,0.3762149,0.1101963,0.919956,0.1218127,1.097346,-0.6613383,0.3762149,0.1101963,0.919956,0.1513581,1.097212,-0.6734048,353.6734,22.24204,359.7568,0,0,False
1,Center_Dir_Far,115,19.47999,0.1517115,1.097217,-0.6737021,0.08736792,0.7997026,-0.602299,0.6101969,-0.2689209,-0.02328633,-0.7448483,0.3149298,0.6922235,-0.3501953,0.2034247,0.08633227,-0.2275973,0.9483484,MathCanvas,-0.07127884,1.283908,0.990001,0.1513581,1.097212,-0.6734048,0.3762149,0.1101963,0.9199561,0.1812117,1.097059,-0.6858785,0.3797773,0.1085059,0.9186924,0.1222114,1.097374,-0.6615256,0.3797773,0.1085059,0.9186924,0.1517115,1.097217,-0.6737021,353.7708,22.45967,359.7159,0,0,False
1,Center_Dir_Far,116,19.49999,0.1525561,1.097093,-0.6740985,0.08783632,0.7997875,-0.6022802,0.6094088,-0.2697749,-0.02292471,-0.7451959,0.3150055,0.6923956,-0.3504107,0.2036235,0.08665256,-0.2280157,0.948176,MathCanvas,-0.07127884,1.283908,0.990001,0.1522146,1.097087,-0.6739288,0.3810192,0.107311,0.9183184,0.1820282,1.096872,-0.6863418,0.3821549,0.1058955,0.9180107,0.1230841,1.097314,-0.6618552,0.3821549,0.1058955,0.9180107,0.1525561,1.097093,-0.6740985,353.9212,22.60128,359.6009,0,0,False
1,Center_Dir_Far,117,19.51999,0.1527998,1.097118,-0.6741545,0.08813161,0.79987,-0.6022843,0.6088444,-0.2705097,-0.02266839,-0.7453988,0.3149854,0.6925733,-0.350565,0.2036215,0.08680079,-0.2280757,0.9481484,MathCanvas,-0.07127884,1.283908,0.990001,0.1525561,1.097093,-0.6740985,0.382155,0.1058958,0.9180107,0.1822722,1.096878,-0.6863967,0.3821819,0.1058656,0.918003,0.1233275,1.097359,-0.6619124,0.3821819,0.1058656,0.918003,0.1527998,1.097118,-0.6741545,353.923,22.60287,359.5659,0,0,False
1,Center_Dir_Far,118,19.53999,0.1530821,1.097132,-0.6741894,0.0885424,0.7999602,-0.6023883,0.6086261,-0.2705798,-0.02153251,-0.7455851,0.3150989,0.692634,-0.350644,0.2034558,0.08681467,-0.2282886,0.9481314,MathCanvas,-0.07127884,1.283908,0.990001,0.1529455,1.09713,-0.6741775,0.3804007,0.106697,0.9186463,0.1826099,1.096818,-0.6862954,0.3781381,0.1070011,0.9195446,0.1235542,1.097445,-0.6620834,0.3781381,0.1070011,0.9195446,0.1530821,1.097132,-0.6741894,353.8575,22.35361,359.4334,0,0,False
1,Center_Dir_Far,119,19.55999,0.1534742,1.097051,-0.6743801,0.0888917,0.7999833,-0.6025683,0.6087564,-0.270074,-0.02014725,-0.7457009,0.3151337,0.6927117,-0.3507434,0.2033623,0.08675117,-0.2284604,0.9481159,MathCanvas,-0.07127884,1.283908,0.990001,0.1530821,1.097132,-0.6741894,0.3781381,0.1070014,0.9195446,0.1830397,1.09668,-0.6863924,0.3753939,0.1072492,0.9206395,0.1239088,1.097421,-0.6623679,0.3753939,0.1072492,0.9206395,0.1534742,1.097051,-0.6743801,353.8432,22.18334,359.3306,0,0,False
1,Center_Dir_Far,120,19.57999,0.1531324,1.097084,-0.6739332,0.08905603,0.800043,-0.6028571,0.6087508,-0.2698274,-0.02000981,-0.7457984,0.3150346,0.6929886,-0.3511024,0.203252,0.08657834,-0.228559,0.9481317,MathCanvas,-0.07127884,1.283908,0.990001,0.153327,1.097066,-0.6741735,0.3724049,0.1073271,0.9218435,0.1827766,1.096661,-0.685748,0.3694214,0.1070822,0.9230716,0.1234882,1.097506,-0.6621184,0.3694214,0.1070822,0.9230716,0.1531324,1.097084,-0.6739332,353.8528,21.81172,359.2369,0,0,False
1,Center_Dir_Far,121,19.59999,0.1529217,1.097087,-0.673749,0.08914839,0.8001041,-0.6030594,0.6088386,-0.2713695,-0.01983858,-0.7451716,0.314982,0.693047,-0.3511977,0.203107,0.08618415,-0.2284522,0.9482244,MathCanvas,-0.07127884,1.283908,0.990001,0.1531324,1.097084,-0.6739332,0.3694214,0.1070825,0.9230716,0.1826093,1.096642,-0.6854535,0.3660719,0.1066311,0.9244573,0.1232341,1.097532,-0.6620445,0.3660719,0.1066311,0.9244573,0.1529217,1.097087,-0.673749,353.8788,21.60286,359.1957,0,0,False
1,Center_Dir_Far,122,19.61999,0.1524563,1.096898,-0.6735901,0.08905338,0.8001218,-0.6033246,0.6097945,-0.2708668,-0.01946199,-0.7445825,0.314888,0.6931584,-0.3513026,0.2029683,0.08576623,-0.2284493,0.9482927,MathCanvas,-0.07127884,1.283908,0.990001,0.152719,1.097018,-0.6736775,0.3621269,0.106488,0.9260262,0.1822449,1.096406,-0.6850333,0.358105,0.1058717,0.9276594,0.1226677,1.09739,-0.662147,0.358105,0.1058717,0.9276594,0.1524563,1.096898,-0.6735901,353.9226,21.10812,359.1115,0,0,False
1,Center_Dir_Far,123,19.63999,0.152122,1.096765,-0.673488,0.08902246,0.8000775,-0.6034206,0.6100988,-0.2708756,-0.019248,-0.7443355,0.3148517,0.6932176,-0.3513116,0.202954,0.08580057,-0.2284904,0.9482827,MathCanvas,-0.07127884,1.283908,0.990001,0.1524563,1.096898,-0.6735901,0.358105,0.1058716,0.9276595,0.181965,1.096266,-0.6847881,0.3537078,0.1042915,0.9295236,0.122279,1.097263,-0.6621878,0.3537078,0.1042915,0.9295236,0.152122,1.096765,-0.673488,354.0136,20.83311,359.1005,0,0,False
1,Center_Dir_Far,124,19.65999,0.151791,1.096621,-0.6733893,0.08899336,0.8000453,-0.6034617,0.6101897,-0.2709311,-0.01920076,-0.7442421,0.3148136,0.6932811,-0.3513259,0.2029376,0.08581635,-0.2285591,0.9482682,MathCanvas,-0.07127884,1.283908,0.990001,0.152122,1.096765,-0.673488,0.3537078,0.1042915,0.9295236,0.1816874,1.096095,-0.684546,0.3493399,0.1038639,0.9312217,0.1218945,1.097147,-0.6622325,0.3493399,0.1038639,0.9312217,0.151791,1.096621,-0.6733893,354.0383,20.56315,359.0505,0,0,False
1,Center_Dir_Far,125,19.67999,0.1504749,1.096588,-0.6728749,0.08875505,0.8001225,-0.6038146,0.6112316,-0.2702972,-0.01877877,-0.7436281,0.3147962,0.6933073,-0.3513637,0.2028491,0.08591934,-0.2285207,0.9482871,MathCanvas,-0.07127884,1.283908,0.990001,0.1510551,1.09659,-0.6731067,0.343645,0.1032225,0.9334095,0.1805096,1.096028,-0.6836523,0.337646,0.1032394,0.9355943,0.1204402,1.097148,-0.6620975,0.337646,0.1032394,0.9355943,0.1504749,1.096588,-0.6728749,354.0742,19.84397,358.9895,0,0,False
1,Center_Dir_Far,126,19.69999,0.149861,1.096537,-0.6726026,0.08859339,0.8001065,-0.604074,0.6123285,-0.2695001,-0.01864123,-0.7430182,0.3147352,0.6933872,-0.3514076,0.2028657,0.08610828,-0.2284317,0.9482879,MathCanvas,-0.07127884,1.283908,0.990001,0.1504749,1.096588,-0.6728749,0.337646,0.1032396,0.9355943,0.1799746,1.095962,-0.6831567,0.330731,0.1036521,0.9380156,0.1197474,1.097112,-0.6620485,0.330731,0.1036521,0.9380156,0.149861,1.096537,-0.6726026,354.0505,19.42193,358.9619,0,0,False
1,Center_Dir_Far,127,19.71999,0.1485448,1.096376,-0.6721937,0.08848338,0.8000796,-0.6042077,0.612964,-0.2688034,-0.01855202,-0.7427488,0.3145662,0.6935672,-0.3515109,0.2029777,0.08647612,-0.2282641,0.9482708,MathCanvas,-0.07127884,1.283908,0.990001,0.1492713,1.09637,-0.672433,0.3239455,0.1033558,0.9404132,0.1788067,1.095755,-0.6823121,0.3173337,0.1020374,0.9428084,0.118283,1.096998,-0.6620753,0.3173337,0.1020374,0.9428084,0.1485448,1.096376,-0.6721937,354.1435,18.60238,358.8784,0,0,False
1,Center_Dir_Far,128,19.73999,0.1479775,1.096283,-0.6719628,0.08832155,0.8001238,-0.6043335,0.6135683,-0.268016,-0.01835099,-0.7425393,0.3144514,0.6935779,-0.3515319,0.2029323,0.0864804,-0.2280847,0.9483233,MathCanvas,-0.07127884,1.283908,0.990001,0.1485448,1.096376,-0.6721937,0.3173338,0.1020377,0.9428084,0.1783293,1.095633,-0.6818063,0.3088723,0.1010036,0.9457252,0.1176257,1.096933,-0.6621193,0.3088723,0.1010036,0.9457252,0.1479775,1.096283,-0.6719628,354.203,18.08695,358.8272,0,0,False
1,Center_Dir_Far,129,19.75999,0.1461992,1.09632,-0.6712595,0.08783674,0.8000103,-0.6049607,0.6183339,-0.262677,-0.01698893,-0.7405238,0.3142226,0.6936584,-0.3515656,0.2028306,0.08630227,-0.2277634,0.9484385,MathCanvas,-0.07127884,1.283908,0.990001,0.1471022,1.09638,-0.6716657,0.3020516,0.09993942,0.9480385,0.1766997,1.095649,-0.6806304,0.294222,0.1007015,0.950417,0.1156986,1.096992,-0.6618886,0.294222,0.1007015,0.950417,0.1461992,1.09632,-0.6712595,354.2204,17.20103,358.7879,0,0,False
1,Center_Dir_Far,130,19.77999,0.1453068,1.096541,-0.6707098,0.08768842,0.7998651,-0.6052588,0.6213914,-0.2595334,-0.01597602,-0.7390941,0.3141147,0.6937082,-0.3515763,0.2028191,0.08624028,-0.227632,0.9484781,MathCanvas,-0.07127884,1.283908,0.990001,0.1461992,1.09632,-0.6712595,0.294222,0.1007018,0.950417,0.1758957,1.095902,-0.6797906,0.2850756,0.1006109,0.9532101,0.1147179,1.09718,-0.661629,0.2850756,0.1006109,0.9532101,0.1453068,1.096541,-0.6707098,354.2256,16.65029,358.8472,0,0,False
1,Center_Dir_Far,131,19.79999,0.1443688,1.096631,-0.6702715,0.08758898,0.7997792,-0.6055354,0.62405,-0.256157,-0.01492528,-0.7380531,0.3140194,0.6937287,-0.3515723,0.2028789,0.08622089,-0.2275438,0.9484882,MathCanvas,-0.07127884,1.283908,0.990001,0.1453068,1.096541,-0.6707098,0.2850756,0.1006112,0.95321,0.1750482,1.09597,-0.6790401,0.2754123,0.1015137,0.9559514,0.1136895,1.097291,-0.6615028,0.2754123,0.1015137,0.9559514,0.1443688,1.096631,-0.6702715,354.1736,16.07184,358.8082,0,0,False
1,Center_Dir_Far,132,19.81999,0.1422978,1.096831,-0.6695966,0.0874197,0.7997097,-0.6058612,0.6281914,-0.2501431,-0.01304719,-0.7366368,0.3138588,0.6936775,-0.3514875,0.2030501,0.08623851,-0.2273711,0.9484915,MathCanvas,-0.07127884,1.283908,0.990001,0.1433074,1.096659,-0.6699557,0.2656562,0.1024608,0.9586076,0.1731469,1.096175,-0.6777483,0.2561714,0.1020026,0.9612345,0.1114488,1.097487,-0.6614448,0.2561714,0.1020026,0.9612345,0.1422978,1.096831,-0.6695966,354.1455,14.92264,358.8157,0,0,False
1,Center_Dir_Far,133,19.83999,0.141267,1.0969,-0.6692627,0.08728205,0.7996027,-0.6059608,0.6299196,-0.2480154,-0.01286011,-0.7358834,0.3137555,0.6936792,-0.3513529,0.2031712,0.08635341,-0.2272394,0.9484866,MathCanvas,-0.07127884,1.283908,0.990001,0.1422978,1.096831,-0.6695966,0.2561714,0.1020026,0.9612345,0.1721999,1.096273,-0.6770926,0.2460451,0.1022812,0.9638467,0.110334,1.097526,-0.6614328,0.2460451,0.1022812,0.9638467,0.141267,1.0969,-0.6692627,354.1295,14.3203,358.8691,0,0,False
1,Center_Dir_Far,134,19.85999,0.1391356,1.096903,-0.668542,0.08754404,0.7993099,-0.6063075,0.6345966,-0.2397469,-0.009105988,-0.7346602,0.3136182,0.693645,-0.3511776,0.2034125,0.08645577,-0.2271708,0.948442,MathCanvas,-0.07127884,1.283908,0.990001,0.1401532,1.096876,-0.6689101,0.2360141,0.1032083,0.9662533,0.1702259,1.09632,-0.6757257,0.2257619,0.1032466,0.9686959,0.1080454,1.097486,-0.6613584,0.2257619,0.1032466,0.9686959,0.1391356,1.096903,-0.668542,354.0739,13.11904,358.9476,0,0,False
1,Center_Dir_Far,135,19.87999,0.1381561,1.096844,-0.6681435,0.08789904,0.7990547,-0.6067304,0.6402575,-0.2297621,-0.006196223,-0.7329675,0.3135776,0.6936154,-0.3511405,0.2035616,0.08640794,-0.2271942,0.9484088,MathCanvas,-0.07127884,1.283908,0.990001,0.1391356,1.096903,-0.668542,0.2257619,0.1032467,0.9686959,0.1693199,1.096279,-0.6750024,0.2155851,0.1031636,0.9710203,0.1069922,1.097409,-0.6612845,0.2155851,0.1031636,0.9710203,0.1381561,1.096844,-0.6681435,354.0786,12.51772,358.9804,0,0,False
1,Center_Dir_Far,136,19.89999,0.136054,1.096663,-0.6674939,0.0883258,0.7985446,-0.607976,0.6571983,-0.2068783,-0.002962738,-0.7247641,0.3134948,0.6936466,-0.3509818,0.2037885,0.08648624,-0.2273109,0.948325,MathCanvas,-0.07127884,1.283908,0.990001,0.1370288,1.096761,-0.6678143,0.2061922,0.102401,0.9731386,0.1673473,1.096155,-0.6737403,0.1963234,0.100739,0.9753506,0.1047607,1.097171,-0.6612476,0.1963234,0.100739,0.9753506,0.136054,1.096663,-0.6674939,354.2183,11.3807,359.0829,0,0,False
1,Center_Dir_Far,137,19.91999,0.1349441,1.096548,-0.667233,0.08856726,0.7985159,-0.6085024,0.664356,-0.1973705,-0.003556371,-0.7208768,0.3134521,0.6936785,-0.350884,0.2039164,0.08656774,-0.227337,0.9482837,MathCanvas,-0.07127884,1.283908,0.990001,0.136054,1.096663,-0.6674939,0.1963234,0.1007393,0.9753506,0.1662943,1.096102,-0.6731921,0.1871761,0.09926486,0.9772981,0.1035938,1.096994,-0.661274,0.1871761,0.09926486,0.9772981,0.1349441,1.096548,-0.667233,354.3032,10.84223,359.1954,0,0,False
1,Center_Dir_Far,138,19.93999,0.132868,1.096404,-0.6666144,0.08960196,0.7987531,-0.6087139,0.6654333,-0.194522,-0.002429329,-0.7206621,0.3133978,0.6936063,-0.3507913,0.204013,0.08667459,-0.2276074,0.9481883,MathCanvas,-0.07127884,1.283908,0.990001,0.1338291,1.096398,-0.6669485,0.1790385,0.0981359,0.9789354,0.164319,1.096004,-0.6720203,0.1697982,0.09752405,0.9806414,0.1014171,1.096804,-0.6612085,0.1697982,0.09752405,0.9806414,0.132868,1.096404,-0.6666144,354.4034,9.823377,359.2776,0,0,False
1,Center_Dir_Far,139,19.95999,0.1319095,1.096279,-0.6663212,0.09002841,0.7987561,-0.6086349,0.6635663,-0.1961206,0.0002035424,-0.7219532,0.3133923,0.6935418,-0.3507137,0.2041688,0.0867316,-0.2278283,0.9480965,MathCanvas,-0.07127884,1.283908,0.990001,0.132868,1.096404,-0.6666144,0.1697983,0.09752418,0.9806414,0.1634061,1.095938,-0.6714591,0.1612552,0.09775861,0.9820591,0.1004129,1.096619,-0.6611834,0.1612552,0.09775861,0.9820591,0.1319095,1.096279,-0.6663212,354.3899,9.32482,359.3859,0,0,False
1,Center_Dir_Far,140,19.97999,0.1311298,1.096214,-0.6660744,0.09005125,0.7988077,-0.608469,0.6590701,-0.20534,0.002152823,-0.7235036,0.3133918,0.693435,-0.350615,0.2045366,0.08688328,-0.2281283,0.9479312,MathCanvas,-0.07127884,1.283908,0.990001,0.1319095,1.096279,-0.6663212,0.1612552,0.09775862,0.9820591,0.1626664,1.095908,-0.6709628,0.1533752,0.09707664,0.9833881,0.09959316,1.09652,-0.661186,0.1533752,0.09707664,0.9833881,0.1311298,1.096214,-0.6660744,354.4291,8.86478,359.4481,0,0,False
1,Center_Dir_Far,141,19.99999,0.1295006,1.096007,-0.6657235,0.08952416,0.7989332,-0.6083414,0.65812,-0.2074915,-0.001411475,-0.7237565,0.3133405,0.6932839,-0.3505329,0.204989,0.08695856,-0.2279332,0.9478735,MathCanvas,-0.07127884,1.283908,0.990001,0.1304675,1.096084,-0.6658764,0.1457761,0.09668276,0.9845821,0.1610994,1.09577,-0.6701962,0.1402072,0.09597202,0.9854599,0.09790172,1.096244,-0.6612508,0.1402072,0.09597202,0.9854599,0.1295006,1.096007,-0.6657235,354.4927,8.097466,359.5722,0,0,False
1,Center_Dir_Far,142,20.01999,0.1286036,1.095888,-0.6656109,0.08950657,0.7989762,-0.6084887,0.6584933,-0.2072401,-0.001742706,-0.7234882,0.3132558,0.6932281,-0.3505242,0.2050052,0.08679775,-0.2274142,0.9480094,MathCanvas,-0.07127884,1.283908,0.990001,0.1295006,1.096007,-0.6657235,0.1402073,0.09597178,0.98546,0.1602305,1.095698,-0.6698828,0.1338063,0.09564517,0.9863812,0.0969767,1.096078,-0.661339,0.1338063,0.09564517,0.9863812,0.1286036,1.095888,-0.6656109,354.5115,7.72523,359.6577,0,0,False
1,Center_Dir_Far,143,20.03999,0.1270448,1.095799,-0.6653904,0.08963963,0.7990777,-0.6085733,0.6579159,-0.206658,-0.002944552,-0.7241758,0.313135,0.6933757,-0.3506303,0.205066,0.08624659,-0.2266531,0.9482288,MathCanvas,-0.07127884,1.283908,0.990001,0.1279306,1.095894,-0.6654667,0.126722,0.09432703,0.9874431,0.1587239,1.095696,-0.6692597,0.1210041,0.09405508,0.9881861,0.09536566,1.095902,-0.6615211,0.1210041,0.09405508,0.9881861,0.1270448,1.095799,-0.6653904,354.6031,6.981155,359.8136,0,0,False
1,Center_Dir_Far,144,20.05999,0.1263332,1.095743,-0.6652866,0.08975381,0.799085,-0.6088424,0.6590829,-0.2038393,-0.003382765,-0.7239115,0.3131095,0.6933945,-0.3506473,0.2051551,0.08613154,-0.2266677,0.9482164,MathCanvas,-0.07127884,1.283908,0.990001,0.1270448,1.095799,-0.6653904,0.1210041,0.094055,0.9881861,0.1580357,1.095664,-0.6689595,0.114813,0.09335276,0.988991,0.09463064,1.095822,-0.6616137,0.114813,0.09335276,0.988991,0.1263332,1.095743,-0.6652866,354.6435,6.621882,359.8575,0,0,False
1,Center_Dir_Far,145,20.07999,0.1249947,1.095827,-0.6651553,0.08974331,0.7992377,-0.6090925,0.6610816,-0.2025787,-0.002018698,-0.7224465,0.3130096,0.6933482,-0.3506504,0.2053883,0.08583713,-0.2265364,0.9482241,MathCanvas,-0.07127884,1.283908,0.990001,0.1256349,1.095757,-0.6652293,0.1095144,0.09335192,0.9895918,0.1567329,1.095812,-0.6685069,0.1045997,0.09379441,0.9900815,0.0932565,1.095842,-0.6618037,0.1045997,0.09379441,0.9900815,0.1249947,1.095827,-0.6651553,354.6181,6.03079,359.9723,0,0,False
1,Center_Dir_Far,146,20.09999,0.1243916,1.095871,-0.6650757,0.08971526,0.7992997,-0.6092858,0.663062,-0.2003131,-0.002009951,-0.7212623,0.3130055,0.6933582,-0.3506657,0.2054951,0.08581728,-0.2264199,0.9482306,MathCanvas,-0.07127884,1.283908,0.990001,0.1249947,1.095827,-0.6651553,0.1045997,0.09379438,0.9900815,0.1561461,1.095882,-0.6682697,0.09960254,0.09445253,0.9905342,0.09263714,1.095861,-0.6618816,0.09960254,0.09445253,0.9905342,0.1243916,1.095871,-0.6650757,354.5802,5.742039,0.01914998,0,0,False
1,Center_Dir_Far,147,20.11999,0.1238565,1.095973,-0.665032,0.08974338,0.7993248,-0.6096087,0.6653851,-0.1973814,-0.002824783,-0.7199273,0.3130082,0.6933694,-0.3506903,0.2056222,0.0858384,-0.2261942,0.948255,MathCanvas,-0.07127884,1.283908,0.990001,0.1243916,1.095871,-0.6650757,0.09960254,0.09445236,0.9905342,0.1556271,1.096015,-0.6680611,0.09436477,0.09456652,0.9910361,0.09208591,1.095932,-0.6620029,0.09436477,0.09456652,0.9910361,0.1238565,1.095973,-0.665032,354.5736,5.439208,0.07479993,0,0,False
1,Center_Dir_Far,148,20.13999,0.1226385,1.095914,-0.6650401,0.08975796,0.7991722,-0.6092249,0.6619964,-0.2010997,-0.002192564,-0.7220214,0.3129906,0.6933452,-0.3507008,0.2057856,0.08583175,-0.2258241,0.9483083,MathCanvas,-0.07127884,1.283908,0.990001,0.1231982,1.095929,-0.6650109,0.0900066,0.09474334,0.9914245,0.1544356,1.095988,-0.6677759,0.08512455,0.09417924,0.9919093,0.09084132,1.095841,-0.6623044,0.08512455,0.09417924,0.9919093,0.1226385,1.095914,-0.6650401,354.5959,4.905041,0.1321107,0,0,False
1,Center_Dir_Far,149,20.15999,0.1220801,1.09575,-0.6651139,0.08969394,0.7992262,-0.6093228,0.6619421,-0.1988953,-0.001755178,-0.7226827,0.3129873,0.6933503,-0.3507114,0.2058047,0.08580845,-0.225707,0.9483342,MathCanvas,-0.07127884,1.283908,0.990001,0.1226385,1.095914,-0.6650401,0.08512454,0.0941794,0.9919093,0.1538905,1.095839,-0.6676911,0.08013539,0.0938186,0.992359,0.09026979,1.095661,-0.6625367,0.08013539,0.0938186,0.992359,0.1220801,1.09575,-0.6651139,354.6167,4.616755,0.1606165,0,0,False
1,Center_Dir_Far,150,20.17999,0.1210194,1.095826,-0.6650996,0.0897555,0.799276,-0.6093692,0.6634477,-0.1988589,-0.00045982,-0.7213128,0.3130155,0.6934311,-0.3507994,0.2057964,0.08589978,-0.2255763,0.9483588,MathCanvas,-0.07127884,1.283908,0.990001,0.1215287,1.095753,-0.6651215,0.07572035,0.09301343,0.9927814,0.152851,1.095923,-0.6673995,0.07147358,0.09241711,0.9931518,0.08918785,1.095728,-0.6627997,0.07147358,0.09241711,0.9931518,0.1210194,1.095826,-0.6650996,354.6973,4.116275,0.1759965,0,0,False
1,Center_Dir_Far,151,20.19999,0.120597,1.09586,-0.6651009,0.08977528,0.7994494,-0.6093361,0.6642672,-0.1979108,0.0001536682,-0.7208192,0.3130145,0.6934409,-0.3508145,0.205797,0.08596662,-0.2255526,0.9483582,MathCanvas,-0.07127884,1.283908,0.990001,0.1210194,1.095826,-0.6650996,0.07147358,0.09241709,0.9931518,0.1524384,1.095953,-0.6672594,0.06707186,0.09281795,0.9934214,0.08875547,1.095768,-0.6629425,0.06707186,0.09281795,0.9934214,0.120597,1.09586,-0.6651009,354.6743,3.86252,0.1664624,0,0,False
1,Center_Dir_Far,152,20.21999,0.1196677,1.095887,-0.6652155,0.09071724,0.7998363,-0.6087586,0.6670367,-0.1768633,0.00377509,-0.7237177,0.3130088,0.6934605,-0.3508649,0.2057541,0.0860304,-0.2254519,0.9483858,MathCanvas,-0.07127884,1.283908,0.990001,0.1201181,1.095855,-0.665165,0.06336989,0.09328736,0.9936205,0.1515248,1.09599,-0.6671301,0.05943345,0.09293568,0.9938967,0.08781067,1.095785,-0.6633009,0.05943345,0.09293568,0.9938967,0.1196677,1.095887,-0.6652155,354.6675,3.422121,0.1855653,0,0,False
1,Center_Dir_Far,153,20.23999,0.119218,1.095851,-0.6652728,0.09138073,0.8000045,-0.608997,0.6673063,-0.1792106,0.006150208,-0.7228748,0.3130339,0.6934779,-0.3509322,0.2057522,0.08602571,-0.2254056,0.9483976,MathCanvas,-0.07127884,1.283908,0.990001,0.1196677,1.095887,-0.6652155,0.05943345,0.09293557,0.9938967,0.1510819,1.095956,-0.6670704,0.05577834,0.09306623,0.9940963,0.08735415,1.095746,-0.6634751,0.05577834,0.09306623,0.9940963,0.119218,1.095851,-0.6652728,354.66,3.211476,0.1894615,0,0,False
1,Center_Dir_Far,154,20.25999,0.1183467,1.095778,-0.6653627,0.09211658,0.7998356,-0.6094055,0.6759633,-0.1645397,0.01045218,-0.7182556,0.3130602,0.6934948,-0.351022,0.2058027,0.08603868,-0.225357,0.948397,MathCanvas,-0.07127884,1.283908,0.990001,0.1187789,1.095813,-0.6653226,0.05209963,0.09312452,0.9942904,0.1502226,1.095925,-0.6669293,0.0484448,0.0932008,0.994468,0.08647086,1.095631,-0.6637961,0.0484448,0.0932008,0.994468,0.1183467,1.095778,-0.6653627,354.6522,2.788918,0.264919,0,0,False
1,Center_Dir_Far,155,20.27999,0.1179017,1.095811,-0.6653774,0.09223105,0.7998865,-0.6096471,0.6804703,-0.1603099,0.01117227,-0.7149379,0.3130615,0.6934922,-0.3510372,0.2058517,0.08610325,-0.2253421,0.948384,MathCanvas,-0.07127884,1.283908,0.990001,0.1183467,1.095778,-0.6653627,0.0484448,0.09320095,0.994468,0.1497827,1.095974,-0.6668348,0.04498844,0.09331733,0.9946195,0.0860207,1.095648,-0.6639201,0.04498844,0.09331733,0.9946195,0.1179017,1.095811,-0.6653774,354.6455,2.589827,0.2937605,0,0,False
1,Center_Dir_Far,156,20.29999,0.1175155,1.095917,-0.6654139,0.09258338,0.7999762,-0.6097658,0.6821844,-0.1570076,0.01328899,-0.7140003,0.3130819,0.6934966,-0.351075,0.2058769,0.08615145,-0.2253363,0.9483756,MathCanvas,-0.07127884,1.283908,0.990001,0.1179017,1.095811,-0.6653774,0.04498844,0.09331775,0.9946194,0.1494018,1.096096,-0.6667483,0.04110459,0.09365345,0.994756,0.08562924,1.095737,-0.6640794,0.04110459,0.09365345,0.994756,0.1175155,1.095917,-0.6654139,354.6262,2.366189,0.3236865,0,0,False
1,Center_Dir_Far,157,20.31999,0.1167841,1.096014,-0.6654879,0.09435802,0.8002833,-0.6090273,0.6810059,-0.1558207,0.0222615,-0.7151611,0.3131529,0.6935028,-0.3511938,0.2059431,0.08620215,-0.225328,0.9483585,MathCanvas,-0.07127884,1.283908,0.990001,0.1171008,1.096011,-0.6654477,0.03836957,0.09401087,0.9948315,0.1486773,1.096208,-0.666642,0.03542916,0.09450446,0.9948938,0.08489087,1.095821,-0.6643338,0.03542916,0.09450446,0.9948938,0.1167841,1.096014,-0.6654879,354.5772,2.039498,0.3490546,0,0,False
1,Center_Dir_Far,158,20.33999,0.1164218,1.096043,-0.6655467,0.09497713,0.8003453,-0.608745,0.681672,-0.1539521,0.02566494,-0.714817,0.3131557,0.6934959,-0.3512012,0.2059599,0.08618521,-0.2252759,0.9483688,MathCanvas,-0.07127884,1.283908,0.990001,0.1167841,1.096014,-0.6654879,0.03542916,0.09450457,0.9948938,0.1483182,1.096266,-0.6666039,0.03231595,0.09481324,0.9949704,0.08452539,1.095821,-0.6644896,0.03231595,0.09481324,0.9949704,0.1164218,1.096043,-0.6655467,354.5594,1.860273,0.4009025,0,0,False
1,Center_Dir_Far,159,20.35999,0.1157842,1.095986,-0.6656774,0.0958132,0.800013,-0.608682,0.6849102,-0.1456699,0.0322636,-0.7131882,0.3131613,0.6934927,-0.3512506,0.2059901,0.08617739,-0.2251129,0.9484016,MathCanvas,-0.07127884,1.283908,0.990001,0.1160849,1.095986,-0.6656321,0.02996107,0.09462277,0.9950622,0.147685,1.096259,-0.6665784,0.02729738,0.09443478,0.9951567,0.08388339,1.095712,-0.6647764,0.02729738,0.09443478,0.9951567,0.1157842,1.095986,-0.6656774,354.5812,1.571242,0.4929969,0,0,False
1,Center_Dir_Far,160,20.37999,0.1154663,1.096,-0.6657143,0.09632626,0.8000011,-0.6085014,0.686038,-0.1432467,0.03503519,-0.712464,0.3131666,0.693504,-0.3512892,0.2060196,0.08619502,-0.2251245,0.9483909,MathCanvas,-0.07127884,1.283908,0.990001,0.1157842,1.095986,-0.6656774,0.02729738,0.09443479,0.9951567,0.1473689,1.096302,-0.6665416,0.02491652,0.09434766,0.9952275,0.0835638,1.095697,-0.6648869,0.02491652,0.09434766,0.9952275,0.1154663,1.096,-0.6657143,354.5862,1.434158,0.5456812,0,0,False
1,Center_Dir_Far,161,20.39999,0.1149465,1.096059,-0.6657891,0.09710581,0.7999505,-0.6084142,0.6911499,-0.1345538,0.03447355,-0.7092382,0.3131763,0.6935168,-0.3513368,0.2060479,0.08618545,-0.2251487,0.9483799,MathCanvas,-0.07127884,1.283908,0.990001,0.1152164,1.095994,-0.6657551,0.0225275,0.09417892,0.9953004,0.1468521,1.096404,-0.6664673,0.02014452,0.09367736,0.9953988,0.08304089,1.095714,-0.6651109,0.02014452,0.09367736,0.9953988,0.1149465,1.096059,-0.6657891,354.6248,1.159373,0.6222789,0,0,False
1,Center_Dir_Far,162,20.41999,0.1147286,1.096035,-0.6658289,0.09728468,0.7998333,-0.6081082,0.6907344,-0.1269737,0.03578731,-0.7109733,0.3131749,0.6935231,-0.3513449,0.2060277,0.08613998,-0.2250809,0.9484045,MathCanvas,-0.07127884,1.283908,0.990001,0.1149465,1.096059,-0.6657891,0.02014452,0.09367713,0.9953988,0.1466352,1.096408,-0.6664433,0.01806816,0.09414256,0.9953948,0.082822,1.095663,-0.6652146,0.01806816,0.09414256,0.9953948,0.1147286,1.096035,-0.6658289,354.598,1.039904,0.6712566,0,0,False
1,Center_Dir_Far,163,20.43999,0.1144433,1.096026,-0.6659249,0.09769646,0.7995937,-0.6078163,0.689118,-0.1277149,0.03869849,-0.7122554,0.3131847,0.6935466,-0.3513582,0.2060308,0.08607609,-0.2250428,0.9484187,MathCanvas,-0.07127884,1.283908,0.990001,0.1147286,1.096035,-0.6658289,0.01806816,0.09414284,0.9953947,0.1463508,1.096415,-0.6664839,0.01628984,0.0942739,0.995413,0.08253593,1.095637,-0.6653659,0.01628984,0.0942739,0.995413,0.1144433,1.096026,-0.6659249,354.5905,0.9375564,0.7020699,0,0,False
1,Center_Dir_Far,164,20.45999,0.1138889,1.096085,-0.6660668,0.09761572,0.7994171,-0.6077078,0.687832,-0.1314238,0.04037599,-0.7127305,0.3132111,0.6935733,-0.3513685,0.2060708,0.08600911,-0.2250765,0.9484081,MathCanvas,-0.07127884,1.283908,0.990001,0.1141125,1.096054,-0.6660208,0.01434163,0.09451263,0.9954203,0.1457975,1.096526,-0.6665069,0.01241873,0.09490524,0.9954088,0.08198032,1.095644,-0.6656267,0.01241873,0.09490524,0.9954088,0.1138889,1.096085,-0.6660668,354.5541,0.7147858,0.7955267,0,0,False
1,Center_Dir_Far,165,20.47999,0.1137221,1.09612,-0.6660768,0.09696824,0.7997324,-0.6080917,0.6874198,-0.1351598,0.03632271,-0.7126476,0.3132259,0.6935676,-0.351362,0.2061306,0.08601113,-0.225145,0.9483786,MathCanvas,-0.07127884,1.283908,0.990001,0.1138889,1.096085,-0.6660668,0.01241874,0.09490522,0.9954088,0.1456314,1.09656,-0.6664652,0.01079668,0.09537427,0.9953829,0.08181278,1.095679,-0.6656885,0.01079668,0.09537427,0.9953829,0.1137221,1.09612,-0.6660768,354.5271,0.6214491,0.7940679,0,0,False
1,Center_Dir_Far,166,20.49999,0.1134686,1.096204,-0.6660659,0.09692927,0.7990827,-0.607585,0.6842022,-0.1393551,0.03544408,-0.7149764,0.3132602,0.6935304,-0.3513559,0.2061681,0.08596279,-0.2252137,0.9483585,MathCanvas,-0.07127884,1.283908,0.990001,0.11357,1.096149,-0.6660881,0.009372313,0.09573586,0.9953626,0.1453787,1.096657,-0.6663622,0.007885736,0.09571654,0.9953774,0.08155853,1.095751,-0.6657695,0.007885736,0.09571654,0.9953774,0.1134686,1.096204,-0.6660659,354.5074,0.4539081,0.816915,0,0,False
1,Center_Dir_Far,167,20.51999,0.1133957,1.09627,-0.6660336,0.09704096,0.79873,-0.6066656,0.6748652,-0.1461522,0.03376765,-0.7225346,0.3132782,0.6935138,-0.351357,0.2061415,0.08591156,-0.2252338,0.9483643,MathCanvas,-0.07127884,1.283908,0.990001,0.1134686,1.096204,-0.6660659,0.007885736,0.09571642,0.9953774,0.1453062,1.096718,-0.6662858,0.006524905,0.09578583,0.9953806,0.08148512,1.095822,-0.6657813,0.006524905,0.09578583,0.9953806,0.1133957,1.09627,-0.6660336,354.5034,0.3755791,0.8077433,0,0,False
1,Center_Dir_Far,168,20.53999,0.1132784,1.096451,-0.6659513,0.09764839,0.7995043,-0.6026953,0.6307554,-0.1691284,0.0263639,-0.7568675,0.3133035,0.6935576,-0.3513744,0.206023,0.08576948,-0.2253431,0.9483768,MathCanvas,-0.07127884,1.283908,0.990001,0.1133407,1.096349,-0.6659927,0.005756279,0.09675016,0.9952921,0.1451901,1.096851,-0.6661349,0.004502127,0.09782135,0.9951938,0.08136677,1.096051,-0.6657676,0.004502127,0.09782135,0.9951938,0.1132784,1.096451,-0.6659513,354.3863,0.2591968,0.7211841,0,0,False
1,Center_Dir_Far,169,20.55999,0.1132023,1.096541,-0.6659123,0.09726112,0.7994809,-0.6005256,0.6115845,-0.1816955,0.01550888,-0.769877,0.3133067,0.6935605,-0.3513672,0.2059703,0.0857041,-0.2253438,0.9483941,MathCanvas,-0.07127884,1.283908,0.990001,0.1132784,1.096451,-0.6659513,0.004502127,0.09782173,0.9951938,0.1451143,1.096923,-0.6660612,0.003462687,0.09884477,0.9950969,0.0812902,1.096159,-0.6657633,0.003462687,0.09884477,0.9950969,0.1132023,1.096541,-0.6659123,354.3274,0.1993741,0.6888563,0,0,False
1,Center_Dir_Far,170,20.57999,0.1129687,1.096732,-0.6659591,0.09834972,0.7980712,-0.5991979,0.5985318,-0.1938486,0.01522461,-0.7771426,0.3133024,0.6934515,-0.3512491,0.2058537,0.08547602,-0.2252898,0.9484528,MathCanvas,-0.07127884,1.283908,0.990001,0.1131179,1.096651,-0.6659026,0.002393592,0.09968749,0.9950159,0.144882,1.097022,-0.6660178,0.000917655,0.1005429,0.9949323,0.08105535,1.096442,-0.6659004,0.000917655,0.1005429,0.9949323,0.1129687,1.096732,-0.6659591,354.2296,0.05284555,0.5229021,0,0,False
1,Center_Dir_Far,171,20.59999,0.1128533,1.09677,-0.6660243,0.09803243,0.7977288,-0.6003519,0.6084866,-0.1864707,0.01900506,-0.7711106,0.3132914,0.693464,-0.3512441,0.2058305,0.08543397,-0.2252964,0.94846,MathCanvas,-0.07127884,1.283908,0.990001,0.1129687,1.096732,-0.6659591,0.000917655,0.1005434,0.9949322,0.1447666,1.097065,-0.6660233,-0.0009663428,0.1006949,0.9949169,0.08093998,1.096475,-0.6660254,-0.0009663428,0.1006949,0.9949169,0.1128533,1.09677,-0.6660243,354.2208,359.9443,0.5330231,0,0,False
1,Center_Dir_Far,172,20.61999,0.1128226,1.096743,-0.6660753,0.09549978,0.7976658,-0.6028814,0.6361187,-0.1574415,0.01298591,-0.755246,0.3132824,0.693473,-0.3512388,0.2058014,0.08541995,-0.2253049,0.9484656,MathCanvas,-0.07127884,1.283908,0.990001,0.1128533,1.09677,-0.6660243,-0.0009666808,0.1006947,0.9949169,0.1447362,1.097013,-0.6660501,-0.001628722,0.09962851,0.9950234,0.0809091,1.096472,-0.6661004,-0.001628722,0.09962851,0.9950234,0.1128226,1.096743,-0.6660753,354.2822,359.9062,0.4877839,0,0,False
1,Center_Dir_Far,173,20.63999,0.1129402,1.096717,-0.666099,0.0932038,0.7963425,-0.6060448,0.6642818,-0.1377672,0.008203373,-0.734631,0.3132534,0.6934243,-0.3511679,0.2057108,0.08540624,-0.2252505,0.9484994,MathCanvas,-0.07127884,1.283908,0.990001,0.1128723,1.096741,-0.666091,-0.002822541,0.09917837,0.9950657,0.1448534,1.097009,-0.6660026,-0.003912317,0.09876619,0.995103,0.08102702,1.096425,-0.6661955,-0.003912317,0.09876619,0.995103,0.1129402,1.096717,-0.666099,354.3319,359.7747,0.5272639,0,0,False
1,Center_Dir_Far,174,20.65999,0.1129245,1.096733,-0.6660265,0.09382346,0.794754,-0.6087723,0.6855197,-0.1153222,0.02248082,-0.7185112,0.3132274,0.6933985,-0.3511409,0.2056431,0.08529378,-0.2251552,0.9485468,MathCanvas,-0.07127884,1.283908,0.990001,0.1129402,1.096717,-0.666099,-0.003912115,0.09876604,0.995103,0.1448377,1.097026,-0.665929,-0.003949757,0.09899366,0.9950802,0.08101127,1.09644,-0.666124,-0.003949757,0.09899366,0.9950802,0.1129245,1.096733,-0.6660265,354.3188,359.7726,0.5284079,0,0,False
1,Center_Dir_Far,175,20.67999,0.1129227,1.096714,-0.665835,0.09338278,0.7930498,-0.6131865,0.7156274,-0.08338736,0.03110282,-0.6927891,0.3132044,0.6934115,-0.3511741,0.2055719,0.08510622,-0.2251302,0.948585,MathCanvas,-0.07127884,1.283908,0.990001,0.1129232,1.096749,-0.6659446,-0.004447086,0.09936914,0.9950407,0.1448354,1.097041,-0.6657088,-0.004951199,0.09934486,0.9950408,0.08100989,1.096387,-0.6659612,-0.004951199,0.09934486,0.9950408,0.1129227,1.096714,-0.665835,354.2986,359.7149,0.5898402,0,0,False
1,Center_Dir_Far,176,20.69999,0.1129165,1.096652,-0.6657713,0.09278961,0.7927366,-0.6139097,0.7257642,-0.06921297,0.03265862,-0.6836734,0.3132216,0.6933598,-0.3511325,0.2055454,0.08505221,-0.2251466,0.9485917,MathCanvas,-0.07127884,1.283908,0.990001,0.1129227,1.096714,-0.665835,-0.004951461,0.09934493,0.9950407,0.1448292,1.09698,-0.6656417,-0.005058582,0.09863956,0.9951104,0.08100373,1.096323,-0.6659009,-0.005058582,0.09863956,0.9951104,0.1129165,1.096652,-0.6657713,354.3392,359.7087,0.5930728,0,0,False
1,Center_Dir_Far,177,20.71999,0.1129012,1.096434,-0.6656432,0.09232435,0.7933354,-0.6135023,0.7300591,-0.05736191,0.03592866,-0.6800238,0.3132982,0.6932511,-0.3510605,0.2055024,0.08498103,-0.2252202,0.94859,MathCanvas,-0.07127884,1.283908,0.990001,0.1129189,1.09655,-0.6657168,-0.005042247,0.09712508,0.9952594,0.1448138,1.096775,-0.6655109,-0.005150919,0.09607294,0.995361,0.08098857,1.096093,-0.6657754,-0.005150919,0.09607294,0.995361,0.1129012,1.096434,-0.6656432,354.4869,359.7035,0.6148937,0,0,False
1,Center_Dir_Far,178,20.73999,0.1128337,1.096264,-0.6655328,0.09248258,0.7933944,-0.61321,0.7286415,-0.05724026,0.03744372,-0.6814712,0.3133506,0.6932439,-0.3510664,0.2054679,0.08496637,-0.2252896,0.9485823,MathCanvas,-0.07127884,1.283908,0.990001,0.1129012,1.096434,-0.6656432,-0.005150978,0.09607335,0.9953609,0.144746,1.096627,-0.6653906,-0.005508707,0.09452488,0.9955072,0.08092138,1.095902,-0.665675,-0.005508707,0.09452488,0.9955072,0.1128337,1.096264,-0.6655328,354.576,359.683,0.6533083,0,0,False
1,Center_Dir_Far,179,20.75999,0.1126424,1.095915,-0.6653514,0.09282041,0.7929769,-0.6138096,0.7335628,-0.04418363,0.04022456,-0.6769899,0.313437,0.6932029,-0.3510077,0.2053874,0.08499498,-0.2253588,0.9485807,MathCanvas,-0.07127884,1.283908,0.990001,0.1127406,1.096106,-0.6654328,-0.005741507,0.09330159,0.9956213,0.1445539,1.096329,-0.6651751,-0.006694234,0.092005,0.9957361,0.08073086,1.095501,-0.6655277,-0.006694234,0.092005,0.9957361,0.1126424,1.095915,-0.6653514,354.721,359.6148,0.7459249,0,0,False
1,Center_Dir_Far,180,20.77999,0.112546,1.095742,-0.66527,0.092796,0.7929809,-0.61425,0.7396415,-0.03467152,0.04097024,-0.6708575,0.3134648,0.6931619,-0.35096,0.2053774,0.08502597,-0.2253509,0.9485819,MathCanvas,-0.07127884,1.283908,0.990001,0.1126424,1.095915,-0.6653514,-0.006694188,0.09200495,0.9957361,0.1444571,1.096177,-0.6650635,-0.007681256,0.09079822,0.9958397,0.08063498,1.095307,-0.6654764,-0.007681256,0.09079822,0.9958397,0.112546,1.095742,-0.66527,354.7905,359.5581,0.7839426,0,0,False
1,Center_Dir_Far,181,20.79999,0.1122324,1.095522,-0.6650592,0.09282719,0.7930513,-0.6146316,0.7475016,-0.02167507,0.04328604,-0.6624936,0.3134604,0.6930751,-0.3509321,0.2054105,0.08498939,-0.2251968,0.9486147,MathCanvas,-0.07127884,1.283908,0.990001,0.1124223,1.095592,-0.6651835,-0.00873981,0.09000486,0.995903,0.1441425,1.095992,-0.6647922,-0.0096575,0.08982231,0.995911,0.08032225,1.095052,-0.6653262,-0.0096575,0.08982231,0.995911,0.1122324,1.095522,-0.6650592,354.8466,359.4444,0.8475876,0,0,False
1,Center_Dir_Far,182,20.81999,0.1120539,1.095492,-0.6649138,0.09307443,0.7924628,-0.614732,0.7498619,-0.01958967,0.04499317,-0.659772,0.3134417,0.6930371,-0.3509336,0.2054096,0.08488458,-0.225093,0.9486489,MathCanvas,-0.07127884,1.283908,0.990001,0.1122324,1.095522,-0.6650592,-0.009657913,0.08982249,0.9959109,0.1439635,1.09598,-0.6646131,-0.0107583,0.08959249,0.9959204,0.08014438,1.095003,-0.6652146,-0.0107583,0.08959249,0.9959204,0.1120539,1.095492,-0.6649138,354.8598,359.3811,0.8803036,0,0,False
1,Center_Dir_Far,183,20.83999,0.1118168,1.095435,-0.6648074,0.0930825,0.7917331,-0.6147313,0.7514629,-0.01695108,0.04574626,-0.6579692,0.3134392,0.6929951,-0.3509136,0.2054065,0.08477803,-0.2250776,0.9486627,MathCanvas,-0.07127884,1.283908,0.990001,0.1120539,1.095492,-0.6649138,-0.01075797,0.08959264,0.9959204,0.1437255,1.095953,-0.664478,-0.01173657,0.08962733,0.9959062,0.07990797,1.094916,-0.6651368,-0.01173657,0.08962733,0.9959062,0.1118168,1.095435,-0.6648074,354.8578,359.3248,0.9342248,0,0,False
1,Center_Dir_Far,184,20.85999,0.1112828,1.095333,-0.6646443,0.09323151,0.7908133,-0.6146323,0.7505466,-0.02432778,0.04342324,-0.6589404,0.3134618,0.6929716,-0.3509212,0.2052851,0.08453425,-0.2251465,0.9486944,MathCanvas,-0.07127884,1.283908,0.990001,0.1115452,1.095391,-0.6647286,-0.01323964,0.08925781,0.9959205,0.1431897,1.095895,-0.6642238,-0.01468532,0.08862843,0.9959565,0.07937579,1.094771,-0.6650648,-0.01468532,0.08862843,0.9959565,0.1112828,1.095333,-0.6646443,354.9153,359.1552,1.012517,0,0,False
1,Center_Dir_Far,185,20.87999,0.1110254,1.09525,-0.6645466,0.09304716,0.7908321,-0.6146993,0.751075,-0.01871834,0.04261201,-0.6585745,0.3134882,0.6929846,-0.3509453,0.2051837,0.08443233,-0.2251507,0.9487244,MathCanvas,-0.07127884,1.283908,0.990001,0.1112828,1.095333,-0.6646443,-0.01468508,0.0886285,0.9959565,0.1429312,1.095844,-0.6640836,-0.01609509,0.08807816,0.9959835,0.07911956,1.094655,-0.6650096,-0.01609509,0.08807816,0.9959835,0.1110254,1.09525,-0.6645466,354.947,359.0742,1.071265,0,0,False
1,Center_Dir_Far,186,20.89999,0.1105421,1.095062,-0.6644472,0.09249824,0.7913023,-0.6147377,0.7526058,-0.008731439,0.04179956,-0.6570854,0.3136063,0.6928518,-0.3508401,0.205133,0.08458628,-0.2252592,0.9486959,MathCanvas,-0.07127884,1.283908,0.990001,0.1107685,1.095147,-0.664472,-0.01778588,0.08699308,0.9960501,0.1424454,1.095699,-0.6638775,-0.01950586,0.08595449,0.9961081,0.07863888,1.094426,-0.665017,-0.01950586,0.08595449,0.9961081,0.1105421,1.095062,-0.6644472,355.0691,358.8782,1.147384,0,0,False
1,Center_Dir_Far,187,20.91999,0.1103338,1.095014,-0.6644091,0.09247196,0.7912353,-0.6144386,0.7514681,-0.006449409,0.03717931,-0.6586894,0.3136789,0.6927376,-0.3507452,0.2052197,0.0848407,-0.2253137,0.9486415,MathCanvas,-0.07127884,1.283908,0.990001,0.1105421,1.095062,-0.6644472,-0.01950601,0.08595463,0.9961081,0.1422356,1.095663,-0.6637729,-0.02160128,0.08540574,0.996112,0.07843205,1.094365,-0.6650453,-0.02160128,0.08540574,0.996112,0.1103338,1.095014,-0.6644091,355.1006,358.7577,1.169231,0,0,False
1,Center_Dir_Far,188,20.93999,0.109718,1.095161,-0.6642345,0.09252511,0.7914336,-0.6140348,0.7483748,-0.01356884,0.03682927,-0.6621138,0.3137539,0.6926095,-0.3506569,0.2054211,0.08536305,-0.2251878,0.9485809,MathCanvas,-0.07127884,1.283908,0.990001,0.1100804,1.095005,-0.6643429,-0.02371428,0.08519354,0.9960822,0.1416161,1.095852,-0.6634726,-0.02564282,0.08553355,0.9960052,0.07781985,1.09447,-0.6649964,-0.02564282,0.08553355,0.9960052,0.109718,1.095161,-0.6642345,355.0933,358.5252,1.244724,0,0,False
1,Center_Dir_Far,189,20.95999,0.1094273,1.095178,-0.664128,0.09267121,0.7908677,-0.613624,0.745156,-0.01787235,0.03636813,-0.665658,0.3137194,0.6926195,-0.3506389,0.2054433,0.08537728,-0.2250852,0.9485992,MathCanvas,-0.07127884,1.283908,0.990001,0.109718,1.095161,-0.6642345,-0.02564281,0.08553371,0.9960052,0.1413233,1.095885,-0.6632928,-0.02798573,0.0861007,0.9958933,0.07753139,1.094471,-0.6649632,-0.02798573,0.0861007,0.9958933,0.1094273,1.095178,-0.664128,355.0607,358.3904,1.27405,0,0,False
1,Center_Dir_Far,190,20.97999,0.1091341,1.095162,-0.6640756,0.09271301,0.7907265,-0.6134,0.7428325,-0.02061352,0.03565149,-0.6682096,0.3136424,0.6926429,-0.3506165,0.2054225,0.08523881,-0.2248722,0.9486667,MathCanvas,-0.07127884,1.283908,0.990001,0.1094273,1.095178,-0.664128,-0.02798563,0.08610096,0.9958933,0.1410277,1.095884,-0.6631672,-0.03031864,0.08657952,0.9957835,0.07724047,1.09444,-0.6649839,-0.03031864,0.08657952,0.9957835,0.1091341,1.095162,-0.6640756,355.0331,358.256,1.301037,0,0,False
1,Center_Dir_Far,191,20.99999,0.1085131,1.095023,-0.6640235,0.09300777,0.7906171,-0.6132078,0.7396503,-0.02312154,0.03613869,-0.6716226,0.3135285,0.6926532,-0.3505836,0.2054224,0.08498952,-0.2245172,0.9487731,MathCanvas,-0.07127884,1.283908,0.990001,0.1088328,1.095098,-0.6640273,-0.03253465,0.08644205,0.9957255,0.1404026,1.095754,-0.6629877,-0.03430751,0.08572438,0.995728,0.07662358,1.094292,-0.6650593,-0.03430751,0.08572438,0.995728,0.1085131,1.095023,-0.6640235,355.0823,358.0267,1.317892,0,0,False
1,Center_Dir_Far,192,21.01999,0.1082368,1.094956,-0.6639807,0.09303077,0.7905726,-0.6132134,0.7399172,-0.02235488,0.0362525,-0.6713483,0.3135152,0.6926048,-0.35055,0.205509,0.08523444,-0.2242326,0.9487997,MathCanvas,-0.07127884,1.283908,0.990001,0.1085131,1.095023,-0.6640235,-0.03430773,0.0857247,0.995728,0.1401237,1.095707,-0.6628819,-0.03631596,0.08497898,0.9957207,0.07634991,1.094204,-0.6650795,-0.03631596,0.08497898,0.9957207,0.1082368,1.094956,-0.6639807,355.1252,357.9112,1.354631,0,0,False
1,Center_Dir_Far,193,21.03999,0.1076515,1.09486,-0.6638721,0.09252666,0.7910522,-0.6132885,0.7411481,-0.02178739,0.03564595,-0.6700405,0.313593,0.6924433,-0.3504506,0.205849,0.08643004,-0.2234153,0.9488107,MathCanvas,-0.07127884,1.283908,0.990001,0.1079482,1.09491,-0.6639254,-0.03817239,0.0844001,0.9957005,0.1395331,1.095648,-0.6626487,-0.04028778,0.08417115,0.9956365,0.07577004,1.094072,-0.6650956,-0.04028778,0.08417115,0.9956365,0.1076515,1.09486,-0.6638721,355.1716,357.6828,1.419358,0,0,False
1,Center_Dir_Far,194,21.05999,0.1073548,1.094776,-0.6638302,0.09255929,0.7911331,-0.6132461,0.7399368,-0.02346818,0.03496403,-0.6713572,0.3136414,0.6923822,-0.3504182,0.2059926,0.08677623,-0.2233121,0.9487722,MathCanvas,-0.07127884,1.283908,0.990001,0.1076515,1.09486,-0.6638721,-0.04028779,0.08417107,0.9956365,0.1392334,1.095578,-0.6625422,-0.04233192,0.0836494,0.9955957,0.07547624,1.093974,-0.6651183,-0.04233192,0.0836494,0.9955957,0.1073548,1.094776,-0.6638302,355.2016,357.5653,1.445454,0,0,False
1,Center_Dir_Far,195,21.07999,0.1068902,1.094588,-0.6640095,0.09257954,0.7918565,-0.6128699,0.7343699,-0.03270354,0.03521325,-0.6770461,0.3136997,0.6923219,-0.3503937,0.2061755,0.08706682,-0.2233085,0.9487067,MathCanvas,-0.07127884,1.283908,0.990001,0.1071017,1.094677,-0.6639084,-0.04412932,0.08286627,0.9955831,0.1387639,1.095395,-0.6626089,-0.04582614,0.08210897,0.9955692,0.07501645,1.09378,-0.66541,-0.04582614,0.08210897,0.9955692,0.1068902,1.094588,-0.6640095,355.2902,357.3645,1.455053,0,0,False
1,Center_Dir_Far,196,21.09999,0.1066747,1.094604,-0.6640695,0.09275726,0.7918664,-0.6127272,0.7318637,-0.03672596,0.03559838,-0.6795288,0.3136886,0.6923397,-0.3503855,0.2061672,0.08713914,-0.2231828,0.9487315,MathCanvas,-0.07127884,1.283908,0.990001,0.1068902,1.094588,-0.6640095,-0.04582597,0.08210924,0.9955692,0.1385458,1.09543,-0.6626211,-0.04735755,0.0815824,0.9955409,0.07480358,1.093779,-0.665518,-0.04735755,0.0815824,0.9955409,0.1066747,1.094604,-0.6640695,355.3205,357.2765,1.487566,0,0,False
1,Center_Dir_Far,197,21.11999,0.1064802,1.094603,-0.6640455,0.09259645,0.7919675,-0.6127967,0.7314118,-0.03768482,0.0347092,-0.6800088,0.3136615,0.6923667,-0.350383,0.2061478,0.08721098,-0.223103,0.9487479,MathCanvas,-0.05291336,1.380548,2.80298,0.1066747,1.094604,-0.6640695,-0.04735753,0.08158267,0.9955408,0.1383485,1.095449,-0.6625476,-0.04896004,0.08185485,0.995441,0.07461192,1.093757,-0.6655433,-0.04896004,0.08185485,0.995441,0.1064802,1.094603,-0.6640455,355.3048,357.1842,1.524024,0,0,False
1,Center_Dir_Far,198,21.13999,0.1059555,1.094513,-0.6640652,0.09232523,0.7921896,-0.6127532,0.7307945,-0.03914611,0.03264758,-0.6806917,0.313666,0.6922641,-0.3503722,0.2064684,0.08864996,-0.2219664,0.9488114,MathCanvas,-0.05841821,1.378673,2.802418,0.1061628,1.094508,-0.6640408,-0.05029128,0.0824381,0.9953265,0.1378183,1.095409,-0.6624814,-0.05178722,0.08229101,0.9952619,0.07409273,1.093616,-0.665649,-0.05178722,0.08229101,0.9952619,0.1059555,1.094513,-0.6640652,355.2797,357.0214,1.615135,0,0,False
1,Center_Dir_Far,199,21.15999,0.1057344,1.094479,-0.6641126,0.09215041,0.7928764,-0.6123564,0.7274645,-0.04418605,0.03174435,-0.6839849,0.3137498,0.6921747,-0.350369,0.2064236,0.08991461,-0.2205797,0.9490255,MathCanvas,-0.06925986,1.381728,2.80366,0.1059555,1.094513,-0.6640652,-0.05178735,0.08229125,0.9952619,0.1375951,1.095391,-0.6624963,-0.052839,0.0821195,0.9952208,0.07387369,1.093566,-0.6657289,-0.052839,0.0821195,0.9952208,0.1057344,1.094479,-0.6641126,355.2896,356.9609,1.643871,0,0,False
1,Center_Dir_Far,200,21.17999,0.1053797,1.094411,-0.6643296,0.09237972,0.7933598,-0.6121674,0.7238038,-0.04695621,0.02985967,-0.6877584,0.3139209,0.692084,-0.3503361,0.2068987,0.09140718,-0.2196221,0.9490015,MathCanvas,-0.07470509,1.381201,2.803617,0.1055489,1.094439,-0.6642106,-0.05448252,0.08202702,0.9951398,0.1372346,1.095357,-0.6626217,-0.05576371,0.08124018,0.9951334,0.07352474,1.093465,-0.6660374,-0.05576371,0.08124018,0.9951334,0.1053797,1.094411,-0.6643296,355.3401,356.7927,1.703668,0,0,False
1,Center_Dir_Far,201,21.19999,0.1052441,1.094371,-0.6644589,0.0920729,0.7934237,-0.6123577,0.7243047,-0.04538514,0.02887386,-0.6873785,0.314067,0.6920142,-0.3503065,0.2072181,0.09228058,-0.2197624,0.9488147,MathCanvas,-0.08447223,1.380246,2.803373,0.1053797,1.094411,-0.6643296,-0.05576396,0.08124004,0.9951334,0.1370973,1.095323,-0.6627236,-0.05664137,0.08139259,0.9950714,0.0733908,1.09342,-0.6661943,-0.05664137,0.08139259,0.9950714,0.1052441,1.094371,-0.6644589,355.3314,356.7421,1.714401,0,0,False
1,Center_Dir_Far,202,21.21999,0.104949,1.094416,-0.664634,0.09172828,0.7941557,-0.6119622,0.719605,-0.053727,0.02676054,-0.6917846,0.3141892,0.6919864,-0.3503002,0.2074347,0.09262502,-0.2204825,0.9485668,MathCanvas,-0.08903193,1.377403,2.802485,0.1050922,1.094372,-0.6645511,-0.05753067,0.08160596,0.9950029,0.1367976,1.0954,-0.6628336,-0.05879154,0.08257262,0.9948494,0.07310032,1.093431,-0.6664345,-0.05879154,0.08257262,0.9948494,0.104949,1.094416,-0.664634,355.2635,356.618,1.774281,0,0,False
1,Center_Dir_Far,203,21.23999,0.1048076,1.094493,-0.6647062,0.09214164,0.7943678,-0.6116061,0.7150322,-0.06241312,0.02674397,-0.6957861,0.3141966,0.6920318,-0.3503527,0.2074749,0.09274505,-0.220715,0.9484922,MathCanvas,-0.09555613,1.378828,2.803136,0.104949,1.094416,-0.664634,-0.05879178,0.08257259,0.9948494,0.1366535,1.095481,-0.6628577,-0.0603212,0.0833138,0.994696,0.07296184,1.093505,-0.6665547,-0.0603212,0.0833138,0.994696,0.1048076,1.094493,-0.6647062,355.2209,356.5297,1.779668,0,0,False
1,Center_Dir_Far,204,21.25999,0.1045754,1.094569,-0.6649362,0.09204353,0.794681,-0.6119105,0.7162324,-0.06054657,0.02627716,-0.6947337,0.3141803,0.6920781,-0.3504045,0.2072696,0.0931183,-0.2201997,0.9486203,MathCanvas,-0.09555613,1.378828,2.803136,0.1046605,1.094546,-0.6647916,-0.06136485,0.08345121,0.9946207,0.1364164,1.095581,-0.6630207,-0.06248964,0.08368152,0.9945313,0.0727343,1.093556,-0.6668518,-0.06248964,0.08368152,0.9945313,0.1045754,1.094569,-0.6649362,355.1998,356.4046,1.82412,0,0,False
1,Center_Dir_Far,205,21.27999,0.1045382,1.094589,-0.6651073,0.09178533,0.7949383,-0.6119745,0.718788,-0.05715428,0.02699895,-0.6923498,0.3141506,0.6920994,-0.3503858,0.2069516,0.0925556,-0.2202827,0.9487255,MathCanvas,-0.09555613,1.378828,2.803136,0.1045754,1.094569,-0.6649362,-0.06249,0.0836812,0.9945313,0.1363771,1.095608,-0.6631604,-0.0634914,0.08368497,0.9944676,0.07269928,1.093569,-0.6670542,-0.0634914,0.08368497,0.9944676,0.1045382,1.094589,-0.6651073,355.1996,356.3469,1.837103,0,0,False
1,Center_Dir_Far,206,21.29999,0.1044523,1.094697,-0.6652888,0.09137825,0.795425,-0.6123229,0.7216495,-0.05523731,0.02722453,-0.6895142,0.3142667,0.6919864,-0.3503648,0.2069083,0.09320033,-0.2197198,0.9488024,MathCanvas,-0.09555613,1.378828,2.803136,0.1045036,1.094637,-0.6652343,-0.06413569,0.08399385,0.9944001,0.136289,1.09572,-0.6633074,-0.06460129,0.08461639,0.9943172,0.07261565,1.093673,-0.6672702,-0.06460129,0.08461639,0.9943172,0.1044523,1.094697,-0.6652888,355.146,356.2827,1.843843,0,0,False
1,Center_Dir_Far,207,21.31999,0.1044011,1.09475,-0.6653374,0.09123179,0.79553,-0.6123986,0.7231818,-0.05418624,0.02702865,-0.6879981,0.3143245,0.6919209,-0.3503487,0.2069976,0.09332549,-0.2198267,0.9487458,MathCanvas,-0.09555613,1.378828,2.803136,0.1044523,1.094697,-0.6652888,-0.06460121,0.08461674,0.9943172,0.1362366,1.095788,-0.6633446,-0.06501181,0.08506221,0.9942524,0.07256563,1.093712,-0.6673303,-0.06501181,0.08506221,0.9942524,0.1044011,1.09475,-0.6653374,355.1204,356.2589,1.870517,0,0,False
1,Center_Dir_Far,208,21.33999,0.1043504,1.094799,-0.6653875,0.0911315,0.795602,-0.6123807,0.7235187,-0.05379842,0.02685701,-0.687681,0.314347,0.6918868,-0.3503421,0.2070928,0.09339079,-0.2199532,0.9486893,MathCanvas,-0.09555613,1.378828,2.803136,0.1044011,1.09475,-0.6653374,-0.06501217,0.08506241,0.9942524,0.1361851,1.095841,-0.6633849,-0.06532882,0.08520199,0.9942197,0.07251559,1.093758,-0.66739,-0.06532882,0.08520199,0.9942197,0.1043504,1.094799,-0.6653875,355.1124,356.2406,1.877177,0,0,False
1,Center_Dir_Far,209,21.35999,0.1043429,1.094813,-0.6654995,0.09070523,0.795985,-0.6122532,0.7230053,-0.05354291,0.02727722,-0.6882241,0.3144588,0.6917925,-0.3503526,0.2074471,0.09342556,-0.2205633,0.9484668,MathCanvas,-0.09555613,1.378828,2.803136,0.1043454,1.094788,-0.665429,-0.0654726,0.08496454,0.9942306,0.1361769,1.095865,-0.6634904,-0.0655539,0.08484471,0.9942354,0.07250891,1.093761,-0.6675087,-0.0655539,0.08484471,0.9942354,0.1043429,1.094813,-0.6654995,355.1329,356.2277,1.896269,0,0,False
1,Center_Dir_Far,210,21.37999,0.1043405,1.09483,-0.6655669,0.09074993,0.7959622,-0.612472,0.7231377,-0.05347257,0.02728938,-0.6880901,0.3144959,0.6917884,-0.3503717,0.2074748,0.09340753,-0.2207607,0.9484165,MathCanvas,-0.09555613,1.378828,2.803136,0.1043429,1.094813,-0.6654995,-0.06555387,0.08484482,0.9942354,0.136174,1.095887,-0.6635524,-0.06572353,0.08450239,0.9942534,0.07250693,1.093774,-0.6675814,-0.06572353,0.08450239,0.9942534,0.1043405,1.09483,-0.6655669,355.1526,356.218,1.90381,0,0,False
1,Center_Dir_Far,211,21.39999,0.1043919,1.094833,-0.6656165,0.09036986,0.796329,-0.6125622,0.7244105,-0.05203069,0.02707164,-0.6868693,0.3144995,0.6918045,-0.3504061,0.2074386,0.09288397,-0.2214381,0.9483179,MathCanvas,-0.09555613,1.378828,2.803136,0.1043492,1.094856,-0.6656109,-0.06554613,0.08418912,0.9942917,0.1362259,1.09589,-0.6636106,-0.06544635,0.08417577,0.9942994,0.07255781,1.093776,-0.6676223,-0.06544635,0.08417577,0.9942994,0.1043919,1.094833,-0.6656165,355.1714,356.2341,1.905493,0,0,False
1,Center_Dir_Far,212,21.41999,0.1044264,1.094816,-0.665609,0.08996073,0.7968792,-0.6124056,0.7244582,-0.05183505,0.027161,-0.6868303,0.3144743,0.6918093,-0.3504074,0.2074208,0.09257575,-0.221617,0.9483103,MathCanvas,-0.09555613,1.378828,2.803136,0.1043919,1.094833,-0.6656165,-0.06544664,0.08417583,0.9942994,0.1362612,1.095868,-0.6636125,-0.06514974,0.08452096,0.9942896,0.07259156,1.093765,-0.6676055,-0.06514974,0.08452096,0.9942896,0.1044264,1.094816,-0.665609,355.1515,356.2511,1.895467,0,0,False
1,Center_Dir_Far,213,21.43999,0.1045062,1.094732,-0.6655824,0.09009787,0.7970353,-0.6127087,0.7247439,-0.05150121,0.02721761,-0.6865516,0.3144587,0.6917683,-0.3503971,0.2073849,0.09201571,-0.2215779,0.9483817,MathCanvas,-0.09555613,1.378828,2.803136,0.1044692,1.094788,-0.6655982,-0.06514392,0.08464716,0.9942792,0.1363415,1.09578,-0.6635911,-0.06497142,0.08438288,0.9943129,0.07267091,1.093684,-0.6675738,-0.06497142,0.08438288,0.9943129,0.1045062,1.094732,-0.6655824,355.1595,356.2614,1.887805,0,0,False
1,Center_Dir_Far,214,21.45999,0.10451,1.094657,-0.6655419,0.09000776,0.7971619,-0.6126779,0.7248193,-0.05144145,0.02718915,-0.6864776,0.3144521,0.6917467,-0.3503976,0.2073849,0.09198722,-0.2214714,0.9484094,MathCanvas,-0.09555613,1.378828,2.803136,0.1045062,1.094732,-0.6655824,-0.06497137,0.08438298,0.9943129,0.1363456,1.095699,-0.6635523,-0.06488906,0.08385406,0.9943631,0.07267444,1.093616,-0.6675316,-0.06488906,0.08385406,0.9943631,0.10451,1.094657,-0.6655419,355.1899,356.2664,1.876812,0,0,False
1,Center_Dir_Far,215,21.47999,0.1044779,1.094554,-0.6654566,0.08983421,0.7974183,-0.6126238,0.7249184,-0.05140008,0.02720019,-0.6863757,0.3144232,0.6917064,-0.3504196,0.2074283,0.09191068,-0.2213262,0.9484411,MathCanvas,-0.09555613,1.378828,2.803136,0.10451,1.094657,-0.6655419,-0.06488894,0.08385367,0.9943631,0.1363146,1.095581,-0.6634765,-0.06452829,0.08305393,0.9944537,0.07264128,1.093527,-0.6674367,-0.06452829,0.08305393,0.9944537,0.1044779,1.094554,-0.6654566,355.2359,356.2874,1.850097,0,0,False
1,Center_Dir_Far,216,21.49999,0.1045109,1.094473,-0.6653268,0.08959644,0.7979522,-0.612726,0.7249324,-0.05134895,0.02719115,-0.6863651,0.3144252,0.6916212,-0.3504169,0.2075313,0.09179339,-0.2213554,0.9484232,MathCanvas,-0.09555613,1.378828,2.803136,0.1044674,1.094487,-0.6653675,-0.06438302,0.08315613,0.9944546,0.1363487,1.095484,-0.6633586,-0.06411539,0.08288891,0.9944941,0.07267298,1.093461,-0.6672951,-0.06411539,0.08288891,0.9944941,0.1045109,1.094473,-0.6653268,355.2454,356.3112,1.822958,0,0,False
1,Center_Dir_Far,217,21.51999,0.1045488,1.094472,-0.6652799,0.08957838,0.7982321,-0.6128568,0.7248212,-0.05128947,0.02714052,-0.6864889,0.3144488,0.6915768,-0.3504001,0.2075367,0.09163121,-0.2215867,0.9483836,MathCanvas,-0.09555613,1.378828,2.803136,0.1045109,1.094473,-0.6653268,-0.06411557,0.08288907,0.9944941,0.1363871,1.095478,-0.6633146,-0.06401405,0.08328332,0.9944677,0.07271052,1.093467,-0.6672451,-0.06401405,0.08328332,0.9944677,0.1045488,1.094472,-0.6652799,355.2227,356.317,1.811532,0,0,False
1,Center_Dir_Far,218,21.53999,0.1046235,1.094466,-0.6652159,0.08922131,0.7987437,-0.6127644,0.724628,-0.05105187,0.02705291,-0.6867139,0.3144578,0.6915658,-0.3504309,0.2074578,0.09113842,-0.2220318,0.9483443,MathCanvas,-0.09555613,1.378828,2.803136,0.1045906,1.094471,-0.665238,-0.06396316,0.0832773,0.9944715,0.1364622,1.095464,-0.6632544,-0.06387174,0.08315663,0.9944875,0.07278471,1.093469,-0.6671774,-0.06387174,0.08315663,0.9944875,0.1046235,1.094466,-0.6652159,355.23,356.3252,1.797106,0,0,False
1,Center_Dir_Far,219,21.55999,0.1046512,1.094442,-0.6652104,0.08882762,0.7992704,-0.6128482,0.7246614,-0.05089411,0.02704396,-0.6866909,0.3144357,0.6915557,-0.3504285,0.207412,0.09080557,-0.2221516,0.9483582,MathCanvas,-0.09555613,1.378828,2.803136,0.1046235,1.094466,-0.6652159,-0.06387133,0.08315661,0.9944875,0.1364906,1.09543,-0.6632535,-0.06370155,0.08306053,0.9945064,0.07281191,1.093454,-0.6671673,-0.06370155,0.08306053,0.9945064,0.1046512,1.094442,-0.6652104,355.2355,356.335,1.780188,0,0,False
1,Center_Dir_Far,220,21.57999,0.1048558,1.094506,-0.6652525,0.08890438,0.799536,-0.6130522,0.7249314,-0.0505372,0.02694076,-0.6864362,0.3142667,0.6916149,-0.3504752,0.2065688,0.08834842,-0.2231128,0.9485487,MathCanvas,-0.09555613,1.378828,2.803136,0.1047573,1.094464,-0.6652322,-0.0638007,0.08297555,0.9945072,0.1366964,1.095469,-0.6633034,-0.06338491,0.08282761,0.9945461,0.07301526,1.093544,-0.6672016,-0.06338491,0.08282761,0.9945461,0.1048558,1.094506,-0.6652525,355.2489,356.3533,1.73402,0,0,False
1,Center_Dir_Far,221,21.59999,0.1049427,1.094534,-0.6652603,0.08878236,0.799694,-0.6130718,0.7250622,-0.050306,0.02696517,-0.6863141,0.3139305,0.6920781,-0.3506583,0.2037952,0.0831213,-0.2245713,0.9492766,MathCanvas,-0.09555613,1.378828,2.803136,0.1048558,1.094506,-0.6652525,-0.06338511,0.08282776,0.9945461,0.1367832,1.095487,-0.663305,-0.06355012,0.08282917,0.9945354,0.07310225,1.093581,-0.6672155,-0.06355012,0.08282917,0.9945354,0.1049427,1.094534,-0.6652603,355.2488,356.3438,1.716826,0,0,False
1,Center_Dir_Far,222,21.61999,0.1050276,1.094527,-0.6652389,0.08853304,0.8001826,-0.6130887,0.7250006,-0.05028195,0.02707535,-0.6863766,0.3137648,0.6944075,-0.3519745,0.1921053,0.08095904,-0.220105,0.9529402,MathCanvas,-0.09555613,1.378828,2.803136,0.1049824,1.094539,-0.6652511,-0.06316891,0.08272655,0.9945682,0.1368689,1.095461,-0.6632877,-0.06337513,0.08294574,0.9945369,0.07318632,1.093593,-0.66719,-0.06337513,0.08294574,0.9945369,0.1050276,1.094527,-0.6652389,355.2421,356.3539,1.682835,0,0,False
1,Center_Dir_Far,223,21.63999,0.1050564,1.094526,-0.6652382,0.08867791,0.8003819,-0.6131454,0.7247999,-0.05031541,0.02707689,-0.686586,0.3126914,0.6950777,-0.352524,0.1957919,0.06596712,-0.226004,0.9519644,MathCanvas,-0.09555613,1.378828,2.803136,0.1050276,1.094527,-0.6652389,-0.06337548,0.08294561,0.9945369,0.1368995,1.095443,-0.6633088,-0.06264875,0.0829059,0.9945862,0.07321325,1.09361,-0.6671676,-0.06264875,0.0829059,0.9945862,0.1050564,1.094526,-0.6652382,355.2444,356.3957,1.651213,0,0,False
1,Center_Dir_Far,224,21.65999,0.105093,1.094555,-0.6652291,0.08858584,0.8005506,-0.6131006,0.7246695,-0.05036449,0.02704952,-0.6867211,0.3116292,0.6957076,-0.3526279,0.1954603,0.05875026,-0.2261908,0.9524607,MathCanvas,-0.09555613,1.378828,2.803136,0.1050564,1.094526,-0.6652382,-0.06264866,0.0829057,0.9945862,0.1369363,1.095464,-0.6633003,-0.06260902,0.08287181,0.9945915,0.07324958,1.093645,-0.6671578,-0.06260902,0.08287181,0.9945915,0.105093,1.094555,-0.6652291,355.2463,356.398,1.638606,0,0,False
1,Center_Dir_Far,225,21.67999,0.1053299,1.094674,-0.6652473,0.08838349,0.8008791,-0.6130769,0.7244976,-0.05037232,0.02706254,-0.6869014,0.3101823,0.695591,-0.3527059,0.1972414,0.05709894,-0.2274449,0.9518951,MathCanvas,-0.09555613,1.378828,2.803136,0.1052034,1.094607,-0.6652392,-0.06205535,0.08327444,0.9945926,0.1371747,1.095573,-0.663338,-0.06198854,0.0834839,0.9945793,0.07348505,1.093775,-0.6671566,-0.06198854,0.0834839,0.9945793,0.1053299,1.094674,-0.6652473,355.2112,356.4336,1.619886,0,0,False
1,Center_Dir_Far,226,21.69999,0.1054225,1.094718,-0.6652466,0.08831773,0.8010892,-0.6131388,0.7245342,-0.05032317,0.02709293,-0.6868652,0.3097492,0.6953257,-0.3524535,0.1964897,0.05761907,-0.2232083,0.9530215,MathCanvas,-0.09555613,1.378828,2.803136,0.1053299,1.094674,-0.6652473,-0.06198882,0.08348399,0.9945792,0.1372682,1.095611,-0.6633485,-0.0616252,0.08363509,0.9945891,0.07357685,1.093826,-0.6671447,-0.0616252,0.08363509,0.9945891,0.1054225,1.094718,-0.6652466,355.2025,356.4545,1.608841,0,0,False
1,Center_Dir_Far,227,21.71999,0.1054787,1.094686,-0.665228,0.08834282,0.8013904,-0.6132755,0.7248448,-0.04998634,0.02718805,-0.6865583,0.3103808,0.6942832,-0.3516631,0.1975243,0.06730582,-0.2143403,0.9542077,MathCanvas,-0.09555613,1.378828,2.803136,0.1054534,1.094718,-0.6652359,-0.06159282,0.08375579,0.994581,0.1373242,1.095585,-0.6633289,-0.06167614,0.08380461,0.9945717,0.07363326,1.093786,-0.6671271,-0.06167614,0.08380461,0.9945717,0.1054787,1.094686,-0.665228,355.1927,356.4515,1.620233,0,0,False
1,Center_Dir_Far,228,21.73999,0.1054897,1.094631,-0.6652289,0.08822751,0.8015677,-0.6132894,0.7249038,-0.0498912,0.02721781,-0.6865017,0.3111274,0.693782,-0.3512817,0.1990517,0.07274096,-0.2128782,0.9538187,MathCanvas,-0.09555613,1.378828,2.803136,0.1054787,1.094686,-0.665228,-0.06167603,0.08380474,0.9945717,0.1373353,1.095528,-0.6633304,-0.06164861,0.08359337,0.9945912,0.0736442,1.093734,-0.6671274,-0.06164861,0.08359337,0.9945912,0.1054897,1.094631,-0.6652289,355.2049,356.4531,1.615633,0,0,False
1,Center_Dir_Far,229,21.75999,0.1054424,1.094483,-0.6652676,0.08816019,0.8019,-0.6133612,0.7249205,-0.04974794,0.02722987,-0.686494,0.3134868,0.6932037,-0.3506008,0.2000123,0.08690903,-0.207944,0.9535204,MathCanvas,-0.09555613,1.378828,2.803136,0.1054961,1.094563,-0.6652437,-0.06163729,0.08294988,0.9946458,0.137288,1.095368,-0.6633644,-0.06173133,0.08216906,0.9947047,0.07359676,1.093598,-0.6671708,-0.06173133,0.08216906,0.9947047,0.1054424,1.094483,-0.6652676,355.2867,356.4488,1.594096,0,0,False
1,Center_Dir_Far,230,21.77999,0.105377,1.094415,-0.6652845,0.08829652,0.8020183,-0.6134149,0.7249517,-0.04969365,0.02721557,-0.6864656,0.3146709,0.6931384,-0.350589,0.200394,0.09384426,-0.2090375,0.9525434,MathCanvas,-0.09555613,1.378828,2.803136,0.1054424,1.094483,-0.6652676,-0.06173142,0.08216912,0.9947047,0.137223,1.095294,-0.6633868,-0.06154134,0.08214001,0.9947189,0.07353085,1.093536,-0.6671821,-0.06154134,0.08214001,0.9947189,0.105377,1.094415,-0.6652845,355.2884,356.4597,1.583417,0,0,False
1,Center_Dir_Far,231,21.79999,0.1053089,1.094367,-0.665295,0.08823574,0.8021254,-0.6134887,0.7249551,-0.04964859,0.02718291,-0.6864665,0.3156565,0.6927696,-0.350349,0.2036832,0.09862643,-0.2168987,0.9496004,MathCanvas,-0.1105193,1.381789,2.813542,0.105377,1.094415,-0.6652845,-0.06154136,0.08214013,0.9947189,0.1371555,1.095234,-0.6634007,-0.06140747,0.08213619,0.9947275,0.07346226,1.093499,-0.6671894,-0.06140747,0.08213619,0.9947275,0.1053089,1.094367,-0.665295,355.2886,356.4674,1.562772,0,0,False
1,Center_Dir_Far,232,21.81999,0.1052434,1.094316,-0.6652896,0.08804244,0.8025008,-0.6135691,0.7247697,-0.04961362,0.02722731,-0.686663,0.316673,0.6926695,-0.3503578,0.2047102,0.1072197,-0.2145762,0.9489757,MathCanvas,-0.1099157,1.38163,2.813467,0.1052806,1.094336,-0.665298,-0.06153115,0.08190916,0.9947386,0.1370892,1.095192,-0.6633856,-0.06172777,0.0819907,0.9947197,0.07339758,1.09344,-0.6671937,-0.06172777,0.0819907,0.9947197,0.1052434,1.094316,-0.6652896,355.297,356.449,1.578096,0,0,False
1,Center_Dir_Far,233,21.83999,0.1052083,1.094298,-0.6652725,0.08812966,0.8025323,-0.6136153,0.7247769,-0.04923697,0.02731895,-0.6866789,0.3165739,0.6924663,-0.3504539,0.2060806,0.1056895,-0.219899,0.9476313,MathCanvas,-0.1099208,1.380739,2.813144,0.1052434,1.094316,-0.6652896,-0.06172806,0.08199091,0.9947196,0.1370531,1.095181,-0.6633566,-0.06212312,0.08221047,0.9946769,0.07336336,1.093414,-0.6671883,-0.06212312,0.08221047,0.9946769,0.1052083,1.094298,-0.6652725,355.2844,356.4262,1.591483,0,0,False
1,Center_Dir_Far,234,21.85999,0.1051058,1.094315,-0.6652805,0.08815928,0.8028046,-0.6136576,0.7242249,-0.04776751,0.0276031,-0.6873534,0.3153487,0.6928353,-0.3506667,0.2042505,0.09751416,-0.2172608,0.9495107,MathCanvas,-0.1106553,1.38102,2.81327,0.1051626,1.094299,-0.6652607,-0.06248255,0.08229268,0.9946476,0.1369493,1.095204,-0.663345,-0.06275253,0.08217773,0.9946401,0.07326227,1.093425,-0.6672161,-0.06275253,0.08217773,0.9946401,0.1051058,1.094315,-0.6652805,355.2863,356.39,1.602798,0,0,False
1,Center_Dir_Far,235,21.87999,0.1050497,1.094311,-0.6653209,0.08816127,0.8029435,-0.6136578,0.7234347,-0.04782686,0.0276455,-0.6881792,0.3149521,0.6929387,-0.3507658,0.2044702,0.095474,-0.2177169,0.9495662,MathCanvas,-0.1106553,1.38102,2.81327,0.1051058,1.094315,-0.6652805,-0.06275254,0.08217768,0.9946401,0.1368932,1.095189,-0.6633805,-0.0628705,0.08191676,0.9946542,0.07320618,1.093432,-0.6672614,-0.0628705,0.08191676,0.9946542,0.1050497,1.094311,-0.6653209,355.3012,356.3832,1.583205,0,0,False
1,Center_Dir_Far,236,21.89999,0.1050031,1.094243,-0.6653858,0.08840619,0.8032587,-0.6136168,0.7208351,-0.04970058,0.02805948,-0.6907527,0.3137883,0.6932459,-0.3509741,0.2035479,0.09021464,-0.2155227,0.9507784,MathCanvas,-0.1144404,1.381744,2.81364,0.1050191,1.094285,-0.6653595,-0.06289636,0.08133032,0.9947007,0.1368465,1.095117,-0.6634424,-0.0629251,0.08078838,0.994743,0.07315956,1.09337,-0.6673293,-0.0629251,0.08078838,0.994743,0.1050031,1.094243,-0.6653858,355.3661,356.3804,1.573981,0,0,False
1,Center_Dir_Far,237,21.91999,0.1049869,1.094201,-0.6654186,0.08867841,0.803227,-0.6137215,0.7190033,-0.05609506,0.02734711,-0.6921992,0.313727,0.6931664,-0.3509599,0.2038089,0.08931859,-0.21681,0.9505144,MathCanvas,-0.1149074,1.378606,2.812478,0.1050031,1.094243,-0.6653858,-0.06292523,0.08078852,0.994743,0.1368305,1.095074,-0.6634769,-0.0628759,0.08098465,0.9947302,0.07314327,1.093327,-0.6673602,-0.0628759,0.08098465,0.9947302,0.1049869,1.094201,-0.6654186,355.3548,356.3832,1.573538,0,0,False
1,Center_Dir_Far,238,21.93999,0.1049766,1.094206,-0.6654673,0.08819205,0.8036596,-0.613663,0.7210744,-0.0515491,0.02739669,-0.690394,0.3137449,0.6931155,-0.3509815,0.2047921,0.08884526,-0.2177295,0.9501372,MathCanvas,-0.1149645,1.376592,2.811644,0.1049784,1.094196,-0.6654384,-0.06291815,0.08096723,0.9947289,0.1368208,1.095072,-0.6635323,-0.06265752,0.0813763,0.994712,0.07313244,1.09334,-0.6674023,-0.06265752,0.0813763,0.994712,0.1049766,1.094206,-0.6654673,355.3323,356.3957,1.560888,0,0,False
1,Center_Dir_Far,239,21.95999,0.1049515,1.094218,-0.6655028,0.08797732,0.804008,-0.6136751,0.7202338,-0.05245193,0.02741191,-0.6912023,0.3140065,0.6929287,-0.3509025,0.2046106,0.09016157,-0.2177041,0.950058,MathCanvas,-0.1149677,1.377245,2.811828,0.1049766,1.094206,-0.6654673,-0.06265754,0.08137641,0.994712,0.1367956,1.095092,-0.6635701,-0.06260685,0.0816082,0.9946962,0.07310732,1.093345,-0.6674355,-0.06260685,0.0816082,0.9946962,0.1049515,1.094218,-0.6655028,355.319,356.3985,1.572865,0,0,False
1,Center_Dir_Far,240,21.97999,0.1049135,1.094212,-0.6655586,0.08806707,0.8038819,-0.6137697,0.7195974,-0.05358183,0.0272321,-0.6917854,0.3141292,0.6927953,-0.3508785,0.2047515,0.09072942,-0.2176284,0.949991,MathCanvas,-0.1141189,1.378736,2.812321,0.1049515,1.094218,-0.6655028,-0.06260655,0.08160788,0.9946962,0.1367582,1.095089,-0.6636363,-0.0622928,0.08161017,0.9947158,0.07306878,1.093336,-0.6674809,-0.0622928,0.08161017,0.9947158,0.1049135,1.094212,-0.6655586,355.3189,356.4166,1.578685,0,0,False
1,Center_Dir_Far,241,21.99999,0.1049138,1.094185,-0.6656615,0.08897133,0.8044032,-0.6137101,0.7144193,-0.06193903,0.03168153,-0.6962506,0.3144964,0.6927299,-0.3508356,0.2048233,0.09183884,-0.2186383,0.949637,MathCanvas,-0.114005,1.379573,2.812629,0.1048977,1.094206,-0.6656142,-0.0620354,0.0814344,0.9947462,0.1367589,1.095065,-0.6637467,-0.06207041,0.08173518,0.9947194,0.07306878,1.093304,-0.6675763,-0.06207041,0.08173518,0.9947194,0.1049138,1.094185,-0.6656615,355.3117,356.4294,1.585724,0,0,False
1,Center_Dir_Far,242,22.01999,0.1049242,1.094163,-0.665705,0.08818696,0.8044367,-0.6137797,0.7160124,-0.0558578,0.02849524,-0.6952655,0.3145525,0.6927833,-0.3508352,0.204767,0.091835,-0.2190844,0.9495467,MathCanvas,-0.1119842,1.378908,2.812328,0.1049138,1.094185,-0.6656615,-0.06207039,0.08173523,0.9947194,0.136769,1.095047,-0.6637884,-0.06214175,0.08190063,0.9947013,0.07307941,1.093278,-0.6676216,-0.06214175,0.08190063,0.9947013,0.1049242,1.094163,-0.665705,355.3022,356.4252,1.593317,0,0,False
1,Center_Dir_Far,243,22.03999,0.1049351,1.094185,-0.6657543,0.0880927,0.8046706,-0.6140463,0.7151564,-0.05808006,0.02914179,-0.6959374,0.3144536,0.6927778,-0.3508697,0.2045557,0.09156963,-0.2192075,0.9495894,MathCanvas,-0.1121326,1.379987,2.812773,0.1049229,1.094162,-0.6657336,-0.06207153,0.0821639,0.994684,0.1367803,1.095073,-0.663846,-0.06190191,0.082337,0.9946802,0.07308986,1.093297,-0.6676626,-0.06190191,0.082337,0.9946802,0.1049351,1.094185,-0.6657543,355.2771,356.4389,1.600104,0,0,False
1,Center_Dir_Far,244,22.05999,0.1049508,1.094182,-0.665779,0.08842483,0.8048673,-0.6141007,0.7124729,-0.06078407,0.03000418,-0.6984178,0.3143678,0.6927862,-0.3509108,0.2044976,0.09139048,-0.2191556,0.9496312,MathCanvas,-0.1121752,1.381574,2.813394,0.1049351,1.094185,-0.6657543,-0.06190179,0.08233688,0.9946802,0.136796,1.095071,-0.6638712,-0.06189729,0.08260423,0.9946584,0.07310562,1.093292,-0.6676868,-0.06189729,0.08260423,0.9946584,0.1049508,1.094182,-0.665779,355.2617,356.4391,1.602569,0,0,False
1,Center_Dir_Far,245,22.07999,0.1049976,1.094292,-0.6657144,0.08834631,0.8053223,-0.6139821,0.7071491,-0.06385496,0.02953224,-0.7035556,0.3141833,0.6927859,-0.3510076,0.2047287,0.09118889,-0.2188694,0.9496667,MathCanvas,-0.1121752,1.381574,2.813394,0.1049763,1.094247,-0.6657417,-0.06192488,0.08264101,0.9946536,0.1368426,1.095178,-0.663803,-0.06199885,0.08258688,0.9946535,0.07315248,1.093405,-0.6676258,-0.06199885,0.08258688,0.9946535,0.1049976,1.094292,-0.6657144,355.2627,356.4333,1.596372,0,0,False
1,Center_Dir_Far,246,22.09999,0.1050085,1.094305,-0.6657155,0.08806212,0.805637,-0.6139518,0.7066905,-0.06475769,0.02946987,-0.7039365,0.3141608,0.6926417,-0.3509724,0.2048415,0.09119187,-0.2187516,0.9496693,MathCanvas,-0.1121752,1.381574,2.813394,0.1049976,1.094292,-0.6657144,-0.06199868,0.08258685,0.9946535,0.1368536,1.095189,-0.6638034,-0.06200791,0.08233394,0.9946739,0.07316341,1.093421,-0.6676275,-0.06200791,0.08233394,0.9946739,0.1050085,1.094305,-0.6657155,355.2773,356.4328,1.592446,0,0,False
1,Center_Dir_Far,247,22.11999,0.105044,1.094252,-0.6657494,0.08747142,0.8056529,-0.6140168,0.7108149,-0.06063211,0.02913621,-0.700155,0.314171,0.6924465,-0.3509189,0.2049091,0.09141914,-0.2184342,0.949706,MathCanvas,-0.1121752,1.381574,2.813394,0.1050123,1.094271,-0.6657361,-0.06185212,0.08231027,0.9946855,0.1368894,1.095136,-0.663842,-0.0618568,0.08206356,0.9947056,0.0731986,1.093367,-0.6676568,-0.0618568,0.08206356,0.9947056,0.105044,1.094252,-0.6657494,355.2928,356.4416,1.592994,0,0,False
1,Center_Dir_Far,248,22.13999,0.1050578,1.094231,-0.6657631,0.08735827,0.8057219,-0.6141003,0.7110642,-0.06046692,0.02901235,-0.6999213,0.3141928,0.6924596,-0.3509351,0.2048893,0.09158521,-0.2184362,0.9496937,MathCanvas,-0.1121752,1.381574,2.813394,0.105044,1.094252,-0.6657494,-0.06185669,0.08206362,0.9947056,0.1369034,1.095119,-0.6638612,-0.06169787,0.08202077,0.994719,0.07321221,1.093342,-0.6676651,-0.06169787,0.08202077,0.994719,0.1050578,1.094231,-0.6657631,355.2953,356.4507,1.600559,0,0,False
1,Center_Dir_Far,249,22.15999,0.1050752,1.094215,-0.6657656,0.08718024,0.8059905,-0.6141255,0.7117494,-0.05981541,0.02907214,-0.6992781,0.3142524,0.6924732,-0.3509398,0.2048493,0.09180225,-0.2186714,0.9496273,MathCanvas,-0.1113368,1.381315,2.814034,0.1050578,1.094231,-0.6657631,-0.06169802,0.08202086,0.994719,0.1369206,1.095102,-0.6638607,-0.06179013,0.0821565,0.9947021,0.07322969,1.093329,-0.6676706,-0.06179013,0.0821565,0.9947021,0.1050752,1.094215,-0.6657656,355.2875,356.4454,1.597284,0,0,False
1,Center_Dir_Far,250,22.17999,0.1049882,1.094267,-0.665759,0.08708568,0.8061575,-0.6140133,0.711696,-0.05955498,0.02923727,-0.6993477,0.3143094,0.6924294,-0.3509088,0.2048052,0.0919312,-0.2189257,0.9495657,MathCanvas,-0.1107659,1.381153,2.814107,0.1050317,1.094238,-0.6657666,-0.06160499,0.0823136,0.9947006,0.1368343,1.09515,-0.6638626,-0.06152109,0.08258252,0.9946835,0.07314216,1.093385,-0.6676554,-0.06152109,0.08258252,0.9946835,0.1049882,1.094267,-0.665759,355.263,356.4608,1.589972,0,0,False
1,Center_Dir_Far,251,22.19999,0.1049694,1.094281,-0.6657495,0.08698735,0.8062828,-0.6140018,0.7115143,-0.05954137,0.02932311,-0.6995302,0.3143173,0.6924223,-0.3509271,0.2048557,0.09195177,-0.2190373,0.9495271,MathCanvas,-0.1107659,1.381153,2.814107,0.1049882,1.094267,-0.665759,-0.06152156,0.08258256,0.9946835,0.1368154,1.095165,-0.663853,-0.06152801,0.08265115,0.9946774,0.07312331,1.093397,-0.667646,-0.06152801,0.08265115,0.9946774,0.1049694,1.094281,-0.6657495,355.259,356.4604,1.592013,0,0,False
1,Center_Dir_Far,252,22.21999,0.1049706,1.094218,-0.6657398,0.08660213,0.8067256,-0.613772,0.7106933,-0.05988758,0.0296409,-0.7003214,0.3142621,0.6923745,-0.350976,0.2050527,0.0921591,-0.218808,0.9495173,MathCanvas,-0.1107659,1.381153,2.814107,0.1049671,1.094263,-0.6657408,-0.06150149,0.08251937,0.9946899,0.1368165,1.0951,-0.6638421,-0.06156201,0.0825684,0.9946821,0.07312456,1.093335,-0.6676375,-0.06156201,0.0825684,0.9946821,0.1049706,1.094218,-0.6657398,355.2638,356.4584,1.590214,0,0,False
1,Center_Dir_Far,253,22.23999,0.1049705,1.09418,-0.6657457,0.08653149,0.8067513,-0.6137826,0.7107345,-0.05982566,0.0296152,-0.7002859,0.3142248,0.6923211,-0.3509569,0.2050585,0.0922125,-0.2185781,0.9495639,MathCanvas,-0.1107659,1.381153,2.814107,0.1049706,1.094218,-0.6657398,-0.06156242,0.0825683,0.9946821,0.1368165,1.095062,-0.663848,-0.0615482,0.0821178,0.9947203,0.07312452,1.093298,-0.6676433,-0.0615482,0.0821178,0.9947203,0.1049705,1.09418,-0.6657457,355.2897,356.4594,1.589672,0,0,False
1,Center_Dir_Far,254,22.25999,0.1050174,1.094187,-0.6656488,0.086423,0.8068048,-0.6138793,0.7108606,-0.06020731,0.02972909,-0.7001203,0.3141668,0.6922617,-0.3509338,0.2051177,0.09225865,-0.2184591,0.949574,MathCanvas,-0.1107659,1.381153,2.814107,0.1049741,1.094128,-0.6657536,-0.06155653,0.08186164,0.9947409,0.1368637,1.095065,-0.6637529,-0.06147274,0.08171469,0.9947582,0.07317121,1.09331,-0.6675447,-0.06147274,0.08171469,0.9947582,0.1050174,1.094187,-0.6656488,355.3129,356.4638,1.58116,0,0,False
1,Center_Dir_Far,255,22.27999,0.105076,1.094273,-0.665513,0.08640638,0.8068398,-0.6139168,0.7108432,-0.06047999,0.02984963,-0.7001094,0.3141406,0.6922463,-0.3509392,0.2051938,0.09228972,-0.2185565,0.9495321,MathCanvas,-0.1103574,1.380606,2.814764,0.1050174,1.094187,-0.6656488,-0.06147285,0.08171481,0.9947581,0.1369225,1.095145,-0.6636189,-0.06140243,0.08167129,0.9947661,0.07322954,1.093401,-0.6674071,-0.06140243,0.08167129,0.9947661,0.105076,1.094273,-0.665513,355.3154,356.4679,1.571626,0,0,False
1,Center_Dir_Far,256,22.29999,0.1051421,1.094332,-0.6654134,0.08627128,0.80708,-0.6138499,0.7106047,-0.0610747,0.03027752,-0.7002815,0.31418,0.692162,-0.3508613,0.2053027,0.09231813,-0.2188166,0.9494459,MathCanvas,-0.1099927,1.38016,2.814745,0.1051265,1.094332,-0.6654236,-0.06130287,0.08155749,0.9947816,0.1369893,1.095197,-0.6635274,-0.06113396,0.0816955,0.9947806,0.07329497,1.093466,-0.6672995,-0.06113396,0.0816955,0.9947806,0.1051421,1.094332,-0.6654134,355.314,356.4833,1.559846,0,0,False
1,Center_Dir_Far,257,22.31999,0.1051607,1.094327,-0.6653987,0.0862444,0.8071287,-0.6138749,0.7104815,-0.0610876,0.03034587,-0.7004024,0.314201,0.6921322,-0.35083,0.2053231,0.09233133,-0.2188667,0.9494287,MathCanvas,-0.1093125,1.379642,2.81461,0.1051421,1.094332,-0.6654134,-0.06113379,0.08169579,0.9947806,0.1370082,1.09519,-0.6635166,-0.06100045,0.08165869,0.9947919,0.07331321,1.093465,-0.6672808,-0.06100045,0.08165869,0.9947919,0.1051607,1.094327,-0.6653987,355.3161,356.491,1.55373,0,0,False
1,Center_Dir_Far,258,22.33999,0.1051903,1.094314,-0.6653886,0.08624746,0.8071643,-0.6139168,0.7102627,-0.06126857,0.03039279,-0.7006065,0.3141987,0.6921378,-0.3508403,0.2053259,0.09233739,-0.218874,0.9494258,MathCanvas,-0.1087222,1.380148,2.814943,0.1051607,1.094327,-0.6653987,-0.06100067,0.08165871,0.9947918,0.1370381,1.095168,-0.6635084,-0.06091948,0.08167075,0.9947958,0.07334246,1.09346,-0.6672689,-0.06091948,0.08167075,0.9947958,0.1051903,1.094314,-0.6653886,355.3154,356.4957,1.538006,0,0,False
1,Center_Dir_Far,259,22.35999,0.1052238,1.094255,-0.6653615,0.08607043,0.8072937,-0.6139232,0.7097328,-0.06192201,0.03062151,-0.7010759,0.3141759,0.6921598,-0.3508598,0.2052474,0.09223089,-0.2188292,0.9494634,MathCanvas,-0.1082244,1.380002,2.814952,0.1052249,1.094302,-0.6653787,-0.06071089,0.08164969,0.9948103,0.1370725,1.095109,-0.6634973,-0.06041502,0.08151564,0.9948393,0.07337499,1.093402,-0.6672257,-0.06041502,0.08151564,0.9948393,0.1052238,1.094255,-0.6653615,355.3243,356.5248,1.537728,0,0,False
1,Center_Dir_Far,260,22.37999,0.1052182,1.094198,-0.6653541,0.08600231,0.8073262,-0.6138539,0.7096883,-0.06198422,0.03067524,-0.701113,0.314165,0.6921642,-0.350841,0.2052521,0.09212121,-0.2188706,0.9494635,MathCanvas,-0.1071713,1.379904,2.814949,0.1052238,1.094255,-0.6653615,-0.06041508,0.08151568,0.9948393,0.1370676,1.09505,-0.6634992,-0.06011384,0.08128731,0.9948762,0.07336887,1.093347,-0.6672089,-0.06011384,0.08128731,0.9948762,0.1052182,1.094198,-0.6653541,355.3374,356.5422,1.53457,0,0,False
1,Center_Dir_Far,261,22.39999,0.10522,1.094061,-0.6653653,0.08580346,0.8075389,-0.6137789,0.7096656,-0.06206894,0.03069376,-0.7011278,0.3140882,0.6921629,-0.3508217,0.205321,0.09182734,-0.2190081,0.9494454,MathCanvas,-0.1061294,1.379362,2.81485,0.1052194,1.094127,-0.6653539,-0.05993668,0.081077,0.9949041,0.1370702,1.094905,-0.663522,-0.05972825,0.08100295,0.9949226,0.07336974,1.093217,-0.6672087,-0.05972825,0.08100295,0.9949226,0.10522,1.094061,-0.6653653,355.3538,356.5645,1.520641,0,0,False
1,Center_Dir_Far,262,22.41999,0.1052222,1.094028,-0.6653587,0.08563516,0.8076211,-0.613744,0.7095516,-0.06235601,0.03065995,-0.7012191,0.314058,0.6921594,-0.3508157,0.2053269,0.09173831,-0.2190491,0.9494433,MathCanvas,-0.1044026,1.37762,2.814212,0.10522,1.094061,-0.6653653,-0.05972829,0.08100288,0.9949226,0.1370731,1.094863,-0.6635227,-0.05946452,0.08052538,0.9949772,0.07337128,1.093193,-0.6671947,-0.05946452,0.08052538,0.9949772,0.1052222,1.094028,-0.6653587,355.3812,356.5798,1.503754,0,0,False
1,Center_Dir_Far,263,22.43999,0.1052491,1.09399,-0.6653631,0.08558447,0.8076736,-0.6137244,0.7093958,-0.06258912,0.03069056,-0.7013546,0.3140487,0.6921256,-0.3507092,0.2052637,0.09150824,-0.2191921,0.9494461,MathCanvas,-0.1036674,1.377321,2.814211,0.1052334,1.093995,-0.6653616,-0.05954783,0.08065163,0.994962,0.1371,1.094821,-0.6635249,-0.05952721,0.0805511,0.9949714,0.07339827,1.093159,-0.6672014,-0.05952721,0.0805511,0.9949714,0.1052491,1.09399,-0.6653631,355.3798,356.5762,1.497155,0,0,False
1,Center_Dir_Far,264,22.45999,0.1052943,1.094033,-0.6652823,0.08551193,0.8077689,-0.6137103,0.7093599,-0.06248417,0.03080515,-0.7013953,0.31404,0.6921243,-0.3506982,0.2052945,0.0914408,-0.219302,0.9494206,MathCanvas,-0.1029749,1.376009,2.813773,0.1052491,1.09399,-0.6653631,-0.05952743,0.08055088,0.9949714,0.1371452,1.094868,-0.6634464,-0.05946169,0.08061261,0.9949703,0.0734434,1.093198,-0.6671182,-0.05946169,0.08061261,0.9949703,0.1052943,1.094033,-0.6652823,355.3762,356.58,1.503293,0,0,False
1,Center_Dir_Far,265,22.47999,0.1053388,1.094082,-0.6651887,0.08541618,0.8079125,-0.6136862,0.7092074,-0.06236231,0.0309387,-0.7015544,0.3140367,0.692126,-0.3506974,0.2052861,0.09146006,-0.2194058,0.9493966,MathCanvas,-0.1028521,1.375691,2.81378,0.1052943,1.094033,-0.6652823,-0.05946167,0.08061266,0.9949703,0.1371897,1.094915,-0.6633525,-0.05946627,0.0805409,0.9949759,0.07348782,1.09325,-0.667025,-0.05946627,0.0805409,0.9949759,0.1053388,1.094082,-0.6651887,355.3803,356.5797,1.499949,0,0,False
1,Center_Dir_Far,266,22.49999,0.1053582,1.094053,-0.6651461,0.08534098,0.807889,-0.6137036,0.708952,-0.0620206,0.03107957,-0.7018366,0.3140784,0.6921281,-0.3506654,0.2052766,0.09148233,-0.2195053,0.9493735,MathCanvas,-0.1025812,1.375961,2.81393,0.1053536,1.094092,-0.6651499,-0.0594102,0.08036457,0.9949934,0.1372092,1.094886,-0.6633106,-0.05943979,0.08040464,0.9949884,0.0735072,1.09322,-0.6669815,-0.05943979,0.08040464,0.9949884,0.1053582,1.094053,-0.6651461,355.3882,356.5813,1.500136,0,0,False
1,Center_Dir_Far,267,22.51999,0.1053482,1.094037,-0.6651368,0.0852172,0.8079312,-0.613677,0.7088387,-0.06190183,0.03109992,-0.7019606,0.3141088,0.6921299,-0.3506381,0.2052365,0.0915012,-0.2194918,0.9493834,MathCanvas,-0.1023579,1.375032,2.81365,0.1053582,1.094053,-0.6651461,-0.05943989,0.08040449,0.9949884,0.1371992,1.094869,-0.6633008,-0.05944975,0.08009332,0.9950129,0.07349724,1.093205,-0.6669729,-0.05944975,0.08009332,0.9950129,0.1053482,1.094037,-0.6651368,355.4061,356.5808,1.498784,0,0,False
1,Center_Dir_Far,268,22.53999,0.1053167,1.094005,-0.6651474,0.08514551,0.8080578,-0.6137748,0.7095287,-0.06714508,0.03109651,-0.7007806,0.3141114,0.6921224,-0.3506202,0.2052417,0.09147185,-0.2196108,0.9493576,MathCanvas,-0.1024832,1.375171,2.813837,0.105334,1.094023,-0.6651396,-0.05952326,0.08003898,0.9950129,0.1371679,1.094827,-0.6633106,-0.05944844,0.08011278,0.9950114,0.07346551,1.093182,-0.6669841,-0.05944844,0.08011278,0.9950114,0.1053167,1.094005,-0.6651474,355.4049,356.5808,1.482247,0,0,False
1,Center_Dir_Far,269,22.55999,0.105292,1.094,-0.6651601,0.08479412,0.8082115,-0.6134163,0.7080176,-0.06868736,0.03124503,-0.7021515,0.3141071,0.6921279,-0.3506193,0.2052662,0.09138589,-0.2197422,0.9493302,MathCanvas,-0.1027766,1.373821,2.813416,0.1053167,1.094005,-0.6651474,-0.05944841,0.08011313,0.9950114,0.1371431,1.094826,-0.663324,-0.0594356,0.08011387,0.9950122,0.07344083,1.093173,-0.6669961,-0.0594356,0.08011387,0.9950122,0.105292,1.094,-0.6651601,355.4049,356.5816,1.488572,0,0,False
1,Center_Dir_Far,270,22.57999,0.1052641,1.093911,-0.6651275,0.08441322,0.8069817,-0.6149181,0.7140328,-0.06961226,0.0305492,-0.6959728,0.3141051,0.692157,-0.3506257,0.2052758,0.09125996,-0.2198081,0.949325,MathCanvas,-0.1025519,1.374092,2.813604,0.1052764,1.093959,-0.6651497,-0.0594736,0.08020344,0.9950027,0.1371153,1.094739,-0.663292,-0.059425,0.08028018,0.9949994,0.07341304,1.093082,-0.6669629,-0.059425,0.08028018,0.9949994,0.1052641,1.093911,-0.6651275,355.3953,356.5822,1.491779,0,0,False
1,Center_Dir_Far,271,22.59999,0.1052582,1.093858,-0.6651353,0.08401084,0.8068526,-0.6155481,0.7190726,-0.06887179,0.02881414,-0.6909131,0.314086,0.6921436,-0.3506087,0.2053175,0.09122865,-0.2198076,0.9493191,MathCanvas,-0.1026837,1.37434,2.813873,0.1052641,1.093911,-0.6651275,-0.05942484,0.08028042,0.9949993,0.1371089,1.094697,-0.6632975,-0.05952428,0.08021779,0.9949985,0.0734075,1.093019,-0.6669731,-0.05952428,0.08021779,0.9949985,0.1052582,1.093858,-0.6651353,355.3989,356.5764,1.510903,0,0,False
1,Center_Dir_Far,272,22.61999,0.1052371,1.093808,-0.6651569,0.08426805,0.8069857,-0.615092,0.716369,-0.06893218,0.03089244,-0.6936205,0.3140705,0.6921264,-0.3505894,0.2053621,0.09119975,-0.2198403,0.9493046,MathCanvas,-0.1025445,1.374591,2.814277,0.1052582,1.093858,-0.6651353,-0.05952429,0.0802177,0.9949985,0.1370874,1.094656,-0.6633165,-0.05961693,0.07972421,0.9950326,0.07338679,1.092959,-0.6669973,-0.05961693,0.07972421,0.9950326,0.1052371,1.093808,-0.6651569,355.4273,356.5713,1.52788,0,0,False
1,Center_Dir_Far,273,22.63999,0.1051488,1.093641,-0.6652331,0.08382932,0.8064197,-0.6156886,0.7172296,-0.06130751,0.03037434,-0.6934699,0.3140875,0.6920876,-0.3505516,0.2054792,0.09106746,-0.2199637,0.9492634,MathCanvas,-0.1029218,1.374332,2.814393,0.1051957,1.093721,-0.6652009,-0.05967085,0.07913919,0.9950761,0.1369992,1.094476,-0.6633884,-0.05970091,0.07879708,0.9951014,0.07329841,1.092806,-0.6670778,-0.05970091,0.07879708,0.9951014,0.1051488,1.093641,-0.6652331,355.4806,356.5667,1.504386,0,0,False
1,Center_Dir_Far,274,22.65999,0.1051079,1.093602,-0.6652591,0.08379868,0.8062494,-0.616052,0.7187185,-0.06505294,0.02954538,-0.6916205,0.3141049,0.6920737,-0.3505284,0.2054671,0.09105293,-0.219943,0.9492722,MathCanvas,-0.1034366,1.37028,2.813152,0.1051488,1.093641,-0.6652331,-0.05970094,0.07879742,0.9951014,0.1369579,1.094442,-0.6634101,-0.05984434,0.07855939,0.9951116,0.07325789,1.092762,-0.6671082,-0.05984434,0.07855939,0.9951116,0.1051079,1.093602,-0.6652591,355.4942,356.5585,1.513392,0,0,False
