UID,Condition,Index,Time,Player_X,Player_Y,Player_Z,Left_X,Left_Y,Left_Z,LeftRot_X,LeftRot_Y,LeftRot_Z,LeftRot_W,Right_X,Right_Y,Right_Z,RightRot_X,RightRot_Y,RightRot_Z,RightRot_W,GazeObject,GP_X,GP_Y,GP_Z,GO_X,GO_Y,GO_Z,GZ_X,GZ_Y,GZ_Z,RE_X,RE_Y,RE_Z,RED_X,RED_Y,RED_Z,LE_X,LE_Y,LE_Z,LED_X,LED_Y,LED_Z,H_X,H_Y,H_Z,HR_X,HR_Y,HR_Z,Blinking,BlinkCount,EventTriggered
1,Center_Dir_Close,0,14.21999,0.1089414,1.525918,0.4633559,0.1106746,1.249822,0.4743475,-0.5117257,0.1359146,0.05667408,0.846435,0.2491684,1.059508,0.6485893,-0.05138043,-0.0431614,0.04166177,-0.9968758,MathCanvas,-0.8885253,1.177981,3.642211,0.1089787,1.525909,0.4633343,-0.2166438,-0.1109269,0.9699282,0.1409548,1.526663,0.472427,-0.243615,-0.111656,0.9634234,0.07692805,1.525173,0.4542848,-0.1909111,-0.1101277,0.9754101,0.1089414,1.525918,0.4633559,359.418,344.1667,1.281964,0,4,False
1,Center_Dir_Close,1,14.24,0.1088893,1.526085,0.4633802,0.1106727,1.249922,0.4745189,-0.5113453,0.13525,0.05601754,0.8468149,0.2497414,1.060167,0.6480999,-0.04430414,-0.05085161,0.0431488,-0.9967896,MathCanvas,-0.8885253,1.177981,3.642211,0.1089414,1.525918,0.4633559,-0.2173462,-0.1108919,0.969775,0.1408957,1.526822,0.4724767,-0.2444502,-0.1107027,0.9633219,0.076883,1.525347,0.4542838,-0.1917554,-0.109189,0.97535,0.1088893,1.526085,0.4633802,359.3626,344.1203,1.269373,0,4,False
1,Center_Dir_Close,2,14.25999,0.1088601,1.526327,0.4634326,0.1105579,1.24998,0.4746067,-0.5116936,0.1351044,0.0553029,0.8466747,0.2498185,1.060048,0.6482494,-0.04842565,-0.05041435,0.04015154,-0.9967453,MathCanvas,-0.8885253,1.177981,3.642211,0.1088739,1.526237,0.463411,-0.2161957,-0.1032772,0.9708724,0.1408531,1.527095,0.4725734,-0.2430769,-0.103598,0.964459,0.07686707,1.52556,0.4542919,-0.1903717,-0.1020383,0.9763948,0.1088601,1.526327,0.4634326,359.2698,344.0379,1.321532,0,4,False
1,Center_Dir_Close,3,14.27999,0.1088388,1.526403,0.4634573,0.1105267,1.25,0.4746003,-0.5120282,0.1349345,0.05510203,0.8465126,0.2498035,1.060039,0.6483027,-0.04869834,-0.05024717,0.03989341,-0.9967508,MathCanvas,-0.8885253,1.177981,3.642211,0.1088601,1.526327,0.4634326,-0.2180799,-0.1028558,0.9704957,0.1408251,1.52717,0.4726214,-0.2450725,-0.103165,0.9640002,0.07685241,1.525636,0.4542932,-0.1923876,-0.1016146,0.9760438,0.1088388,1.526403,0.4634573,359.2429,343.9955,1.320666,0,4,False
1,Center_Dir_Close,4,14.29999,0.1088056,1.526426,0.4634653,0.110396,1.250077,0.4745128,-0.5135373,0.1342143,0.0542918,0.845765,0.2496977,1.060082,0.6484982,-0.04879335,-0.04929566,0.03907468,-0.9968261,MathCanvas,-0.8885253,1.177981,3.642211,0.1088388,1.526403,0.4634573,-0.2188132,-0.1023898,0.9703799,0.1407935,1.527152,0.4726272,-0.2451265,-0.103126,0.9639906,0.07681762,1.525701,0.4543034,-0.1924388,-0.1016435,0.9760307,0.1088056,1.526426,0.4634653,359.2385,344.0008,1.248824,0,4,False
1,Center_Dir_Close,5,14.31999,0.1088379,1.526417,0.4634895,0.110259,1.250042,0.4743505,-0.5143894,0.1333481,0.05362785,0.8454264,0.2491958,1.060276,0.6491739,-0.04744459,-0.04796077,0.03374482,-0.997151,MathCanvas,-0.8885253,1.177981,3.642211,0.1087946,1.526418,0.4634739,-0.2187258,-0.1037504,0.9702551,0.1408288,1.527139,0.472641,-0.2448844,-0.104316,0.9639242,0.07684685,1.525695,0.454338,-0.1921938,-0.1028362,0.975954,0.1088379,1.526417,0.4634895,359.2286,344.0193,1.243079,0,4,False
1,Center_Dir_Close,6,14.34,0.108858,1.526443,0.4635003,0.1102175,1.250005,0.4743313,-0.5141732,0.1331998,0.05368774,0.8455776,0.2491879,1.060484,0.6491144,-0.04574073,-0.04958696,0.03249348,-0.9971926,MathCanvas,-0.8885253,1.177981,3.642211,0.1088379,1.526417,0.4634895,-0.2186215,-0.1035761,0.9702972,0.1408518,1.527165,0.4726418,-0.2445895,-0.1041799,0.9640138,0.07686414,1.52572,0.4543588,-0.1918951,-0.1026999,0.9760273,0.108858,1.526443,0.4635003,359.2208,344.037,1.243644,0,4,False
1,Center_Dir_Close,7,14.35999,0.1088657,1.5265,0.46352,0.1101993,1.249989,0.4743217,-0.5140884,0.1331584,0.05372582,0.8456333,0.2491999,1.060547,0.6490757,-0.04518977,-0.05038796,0.0323169,-0.9971833,MathCanvas,-0.8885253,1.177981,3.642211,0.1088568,1.526468,0.4635079,-0.2180872,-0.1031632,0.9704614,0.1408585,1.527213,0.4726657,-0.2446751,-0.1036925,0.9640447,0.07687281,1.525787,0.4543743,-0.191981,-0.1022289,0.9760597,0.1088657,1.5265,0.46352,359.1905,344.0292,1.227329,0,4,False
1,Center_Dir_Close,8,14.38,0.1089153,1.526408,0.4635105,0.110122,1.249915,0.4742565,-0.5138224,0.1332659,0.05386094,0.8457693,0.2491479,1.060765,0.6488187,-0.04491857,-0.05243479,0.03346725,-0.9970521,MathCanvas,-0.8885253,1.177981,3.642211,0.1088657,1.5265,0.46352,-0.2184102,-0.1029608,0.9704103,0.1409172,1.527114,0.4726251,-0.2437548,-0.1037801,0.9642683,0.0769134,1.525702,0.4543958,-0.1910487,-0.1023274,0.9762323,0.1089153,1.526408,0.4635105,359.1952,344.0851,1.21547,0,4,False
1,Center_Dir_Close,9,14.39999,0.1091427,1.526069,0.4635224,0.1100199,1.249675,0.4738418,-0.5136602,0.1342771,0.05399554,0.8456994,0.2482397,1.060584,0.6485444,-0.04797876,-0.04723915,0.03236062,-0.9972057,MathCanvas,-0.8885253,1.177981,3.642211,0.1091218,1.526179,0.4635597,-0.2102145,-0.1047864,0.9720235,0.1411679,1.526736,0.4725576,-0.2356166,-0.1063978,0.9660043,0.07711743,1.525402,0.4544872,-0.1828301,-0.1049677,0.9775249,0.1091427,1.526069,0.4635224,359.3514,344.2318,1.148447,0,4,False
1,Center_Dir_Close,10,14.42,0.1091625,1.526009,0.4635089,0.1100199,1.249675,0.4738418,-0.5136602,0.1342771,0.05399554,0.8456994,0.2482397,1.060584,0.6485444,-0.04797876,-0.04723915,0.03236062,-0.9972057,MathCanvas,-0.8885253,1.177981,3.642211,0.1091427,1.526069,0.4635224,-0.2085257,-0.1072575,0.9721177,0.1411937,1.526665,0.472524,-0.2342416,-0.1085022,0.9661046,0.07713139,1.525353,0.4544939,-0.181442,-0.1070781,0.9775546,0.1091625,1.526009,0.4635089,359.381,344.2688,1.129542,0,4,False
1,Center_Dir_Close,11,14.43999,0.109184,1.525883,0.4634133,0.1099669,1.249396,0.4734716,-0.5122873,0.1357575,0.05433685,0.8462737,0.2476316,1.060159,0.6479611,-0.04827163,-0.0461706,0.02826317,-0.9973662,MathCanvas,-0.8885253,1.177981,3.642211,0.1091757,1.525932,0.463484,-0.2070855,-0.1084347,0.972295,0.1412324,1.526567,0.4723648,-0.2322181,-0.1089372,0.966544,0.07713566,1.525199,0.4544619,-0.1793972,-0.1074665,0.9778894,0.109184,1.525883,0.4634133,359.4078,344.3822,1.177349,0,4,False
1,Center_Dir_Close,12,14.46,0.1092047,1.525871,0.4633635,0.1098994,1.249336,0.4733279,-0.5123051,0.1361085,0.05456504,0.8461919,0.247749,1.060076,0.6478788,-0.04874647,-0.04685502,0.02878032,-0.9972964,MathCanvas,-0.8885253,1.177981,3.642211,0.109184,1.525883,0.4634133,-0.2058861,-0.1082019,0.9725756,0.1412607,1.526556,0.4722877,-0.2313853,-0.1091149,0.9667237,0.07714875,1.525186,0.4544393,-0.1785547,-0.1076421,0.9780242,0.1092047,1.525871,0.4633635,359.4181,344.4311,1.179042,0,4,False
1,Center_Dir_Close,13,14.47999,0.1092241,1.525848,0.4633216,0.1098788,1.249321,0.4732773,-0.5123739,0.13624,0.05463413,0.8461246,0.2478092,1.06006,0.6478649,-0.04892683,-0.04710966,0.02910416,-0.9972662,MathCanvas,-0.8885253,1.177981,3.642211,0.1092047,1.525871,0.4633635,-0.2050726,-0.1084686,0.9727178,0.1412861,1.526536,0.4722239,-0.2307242,-0.1095492,0.9668326,0.07716207,1.525161,0.4544193,-0.1778865,-0.1080693,0.9780989,0.1092241,1.525848,0.4633216,359.4381,344.4706,1.183688,0,4,False
1,Center_Dir_Close,14,14.5,0.1092429,1.525742,0.4631646,0.1097899,1.249231,0.4729631,-0.5123445,0.1371555,0.05503034,0.8459688,0.2484684,1.059658,0.6474475,-0.05245855,-0.04984786,0.03305715,-0.9968302,MathCanvas,-0.8885253,1.177981,3.642211,0.1092447,1.525812,0.4632518,-0.203753,-0.1092891,0.9729032,0.1413145,1.526398,0.4720345,-0.2297688,-0.1104807,0.9669541,0.07717124,1.525086,0.4542948,-0.1769181,-0.1090503,0.9781656,0.1092429,1.525742,0.4631646,359.4951,344.5305,1.129331,0,4,False
1,Center_Dir_Close,15,14.51999,0.1092449,1.525711,0.4630767,0.1097112,1.24918,0.4727341,-0.5126559,0.1371817,0.05503083,0.8457758,0.2488474,1.059502,0.6473036,-0.0537282,-0.05066177,0.0340145,-0.9966894,MathCanvas,-0.8885253,1.177981,3.642211,0.1092429,1.525742,0.4631646,-0.2034285,-0.1096052,0.9729355,0.1413184,1.526363,0.4719401,-0.2295822,-0.1105589,0.9669895,0.07717141,1.525059,0.4542134,-0.1767291,-0.1091346,0.9781904,0.1092449,1.525711,0.4630767,359.5086,344.5424,1.122547,0,4,False
1,Center_Dir_Close,16,14.54,0.1092234,1.525708,0.4629417,0.109625,1.249122,0.4724877,-0.5131289,0.1372578,0.055096,0.8454723,0.2489643,1.059502,0.6472397,-0.05296925,-0.05070635,0.03233103,-0.9967837,MathCanvas,-0.8885253,1.177981,3.642211,0.1092332,1.525725,0.4630119,-0.2050614,-0.1123584,0.9722785,0.141306,1.526345,0.4717734,-0.230862,-0.1131639,0.9663833,0.0771409,1.525071,0.45411,-0.1780162,-0.1117699,0.9776593,0.1092234,1.525708,0.4629417,359.4979,344.5992,1.096475,0,4,False
1,Center_Dir_Close,17,14.55999,0.1092097,1.525745,0.4628783,0.109525,1.24901,0.4721876,-0.5132012,0.1378212,0.05535169,0.8453201,0.2492254,1.059457,0.6470981,-0.0520533,-0.05155708,0.03031843,-0.9968516,MathCanvas,-0.8885253,1.177981,3.642211,0.1092234,1.525708,0.4629417,-0.2045173,-0.1124669,0.9723805,0.1412934,1.52637,0.4717065,-0.2308177,-0.1126567,0.9664531,0.07712594,1.525119,0.45405,-0.1779702,-0.1112828,0.9777232,0.1092097,1.525745,0.4628783,359.4679,344.6051,1.076974,0,4,False
1,Center_Dir_Close,18,14.58,0.1095018,1.525659,0.4627455,0.1097394,1.248572,0.4716424,-0.5063508,0.1466377,0.05942016,0.8476884,0.2502705,1.059427,0.6466272,-0.05187118,-0.05535413,0.03106486,-0.9966345,MathCanvas,-0.8885253,1.177981,3.642211,0.1093121,1.525728,0.4628181,-0.2008543,-0.1164711,0.9726726,0.1416348,1.526234,0.4713963,-0.2239643,-0.1178534,0.9674454,0.07736886,1.525084,0.4540946,-0.1710429,-0.116536,0.9783474,0.1095018,1.525659,0.4627455,359.5276,344.9239,0.9897574,0,4,False
1,Center_Dir_Close,19,14.59999,0.1097268,1.52559,0.4626526,0.1099494,1.248463,0.4716778,-0.5025013,0.1506768,0.0609629,0.8491598,0.2509029,1.05941,0.6464558,-0.05279831,-0.05720919,0.0333968,-0.9964056,MathCanvas,-0.8885253,1.177981,3.642211,0.1095018,1.525659,0.4627455,-0.1975789,-0.1171948,0.9732563,0.1418878,1.526174,0.471198,-0.2207231,-0.1185825,0.968101,0.07756582,1.525005,0.4541071,-0.1677667,-0.1172474,0.9788296,0.1097268,1.52559,0.4626526,359.5703,345.1123,1.006066,0,4,False
1,Center_Dir_Close,20,14.62,0.109849,1.525551,0.4625658,0.1101209,1.248366,0.4716791,-0.4994361,0.1540278,0.06220127,0.8502764,0.251153,1.059401,0.6463937,-0.05319265,-0.05790224,0.03433901,-0.9963126,MathCanvas,-0.8885253,1.177981,3.642211,0.1097268,1.52559,0.4626526,-0.08179033,-0.1406921,0.9866692,0.142031,1.526134,0.4710316,-0.1058423,-0.1422811,0.9841512,0.07766691,1.524968,0.4541,-0.05274649,-0.1400184,0.988743,0.109849,1.525551,0.4625658,359.5969,345.2546,1.004125,0,4,False
1,Center_Dir_Close,21,14.63999,0.1103873,1.525511,0.4623086,0.1115247,1.247956,0.4721224,-0.4795683,0.1832261,0.06780792,0.8554791,0.2521114,1.059306,0.6461502,-0.05422939,-0.0603148,0.03619116,-0.996048,MathCanvas,-0.8885253,1.177981,3.642211,0.1101905,1.525495,0.4624277,-0.07575555,-0.1417548,0.9869988,0.1426253,1.526039,0.4705625,-0.09958754,-0.1425317,0.9847675,0.07814927,1.524983,0.4540547,-0.04645902,-0.1403563,0.9890105,0.1103873,1.525511,0.4623086,359.5971,345.6327,0.9088555,0,4,False
1,Center_Dir_Close,22,14.66,0.1105349,1.525496,0.4621785,0.1124972,1.247729,0.4723023,-0.4689812,0.1993972,0.07034958,0.8575246,0.2520607,1.059315,0.6460992,-0.05347076,-0.06022705,0.03455935,-0.9961522,MathCanvas,-0.8885253,1.177981,3.642211,0.1103873,1.525511,0.4623086,0.1560934,-0.1798869,0.9712237,0.1427966,1.525971,0.4703425,0.1339108,-0.1826974,0.974007,0.07827316,1.525021,0.4540146,0.1830592,-0.1781204,0.9668311,0.1105349,1.525496,0.4621785,359.591,345.7933,0.8184632,0,4,False
1,Center_Dir_Close,23,14.67999,0.1108705,1.525406,0.4619259,0.1137659,1.247467,0.472416,-0.455661,0.2191105,0.07427079,0.8595624,0.2521192,1.05931,0.6459982,-0.05291111,-0.06053248,0.03303514,-0.9962153,MathCanvas,0.3580269,1.240279,2.002091,0.1107044,1.525436,0.4620496,0.1632425,-0.1810907,0.9698237,0.1431742,1.525838,0.4699246,0.1411376,-0.1839268,0.9727544,0.07856679,1.524974,0.4539271,0.1901833,-0.1793724,0.9652233,0.1108705,1.525406,0.4619259,359.6462,346.088,0.7438836,0,4,False
1,Center_Dir_Close,24,14.7,0.1110548,1.525352,0.4617915,0.1143941,1.247363,0.4724316,-0.4496008,0.2282902,0.0761224,0.8602024,0.2521773,1.059309,0.6459649,-0.05280063,-0.06068401,0.03263991,-0.996225,MathCanvas,0.3697656,1.238205,2.000021,0.1108705,1.525406,0.4619259,0.1657032,-0.1816502,0.9693016,0.1433783,1.52576,0.4697114,0.1434245,-0.1848416,0.9722464,0.0787314,1.524944,0.4538717,0.192454,-0.180307,0.9645988,0.1110548,1.525352,0.4617915,359.6868,346.2289,0.7022249,0,4,False
1,Center_Dir_Close,25,14.71999,0.1112811,1.525013,0.4612652,0.1145749,1.247583,0.4726412,-0.4393142,0.2473352,0.08961495,0.8589514,0.2527326,1.059009,0.6456477,-0.05588967,-0.06393913,0.03529735,-0.9957622,MathCanvas,0.3740895,1.237004,2.000446,0.1111918,1.525067,0.461479,0.168621,-0.1848642,0.9681901,0.1436217,1.525366,0.4691176,0.1452764,-0.1874971,0.9714626,0.07894059,1.524661,0.4534128,0.1942944,-0.1829962,0.963723,0.1112811,1.525013,0.4612652,359.815,346.3505,0.606462,0,4,False
1,Center_Dir_Close,26,14.74,0.1113637,1.525009,0.4610656,0.1152422,1.247299,0.4734292,-0.425342,0.2609592,0.09707267,0.8611397,0.2527845,1.058926,0.6455787,-0.05666685,-0.06427879,0.03632997,-0.9956592,MathCanvas,0.3788951,1.23162,1.997855,0.1112811,1.525013,0.4612652,0.1683046,-0.1846976,0.968277,0.143713,1.525349,0.4688827,0.1447051,-0.1868013,0.9716819,0.07901451,1.52467,0.4532484,0.1937618,-0.1823493,0.9639528,0.1113637,1.525009,0.4610656,359.7977,346.4129,0.5845569,0,4,False
1,Center_Dir_Close,27,14.75999,0.1115931,1.524953,0.460679,0.1163893,1.246929,0.4743628,-0.4046588,0.2834456,0.1078331,0.8627177,0.252777,1.058824,0.6454998,-0.05718914,-0.06436621,0.0371851,-0.9955921,MathCanvas,0.3787634,1.231564,1.999449,0.1114842,1.524974,0.4608721,0.1700552,-0.1827135,0.9683475,0.1439635,1.525264,0.4684095,0.1466667,-0.1849613,0.9717398,0.07922281,1.524642,0.4529485,0.1957193,-0.1805975,0.9638872,0.1115931,1.524953,0.460679,359.8069,346.5667,0.5348234,0,4,False
1,Center_Dir_Close,28,14.77999,0.1116917,1.525064,0.4605038,0.1174744,1.245881,0.4758483,-0.3914697,0.2950323,0.1212799,0.8631331,0.2525245,1.058741,0.6451598,-0.0569706,-0.06398622,0.03731464,-0.9956243,MathCanvas,0.381998,1.23442,2.000449,0.1115931,1.524953,0.460679,0.1712379,-0.1827799,0.9681266,0.1440617,1.525508,0.468229,0.1474933,-0.1828313,0.9720178,0.07932168,1.52462,0.4527785,0.1965282,-0.1782973,0.9641508,0.1116917,1.525064,0.4605038,359.7658,346.5741,0.764338,0,4,False
1,Center_Dir_Close,29,14.79999,0.1118104,1.525006,0.4603053,0.1180304,1.245498,0.4760559,-0.3920803,0.2979495,0.129415,0.8606689,0.2523987,1.058864,0.6448687,-0.05628074,-0.06395732,0.0366986,-0.9956883,MathCanvas,0.3841893,1.234199,2.001122,0.1116917,1.525064,0.4605038,0.172109,-0.1780446,0.9688543,0.1441864,1.525507,0.4680022,0.1487315,-0.1802689,0.9723076,0.07943448,1.524505,0.4526084,0.1977483,-0.1756949,0.9643791,0.1118104,1.525006,0.4603053,359.8045,346.6241,0.8623837,0,4,False
1,Center_Dir_Close,30,14.81999,0.112029,1.52494,0.4599192,0.1192816,1.244949,0.4768745,-0.3795305,0.3126657,0.1419981,0.8590887,0.2523789,1.058887,0.6448058,-0.05620354,-0.06393856,0.03670371,-0.9956937,MathCanvas,0.386053,1.241305,2.004101,0.1119177,1.524976,0.4601119,0.1745052,-0.177859,0.9684597,0.1444199,1.525506,0.4675481,0.1511431,-0.1800984,0.9719672,0.07963799,1.524374,0.4522903,0.2001337,-0.1754231,0.9639364,0.112029,1.52494,0.4599192,359.8393,346.7442,0.9744673,0,4,False
1,Center_Dir_Close,31,14.83999,0.1121329,1.525068,0.4598262,0.1196991,1.245257,0.475814,-0.3959821,0.2925685,0.1402245,0.8590338,0.2523415,1.059085,0.644021,-0.05627891,-0.06375311,0.03833727,-0.9956397,MathCanvas,0.3902018,1.241421,2.003708,0.112029,1.52494,0.4599192,0.1756843,-0.1777613,0.9682644,0.1445352,1.525675,0.4674036,0.1528755,-0.1793182,0.9718406,0.07973056,1.524461,0.4522487,0.2018481,-0.1745934,0.9637295,0.1121329,1.525068,0.4598262,359.8188,346.8343,1.044908,0,4,False
1,Center_Dir_Close,32,14.85999,0.1123846,1.525383,0.4597349,0.1200683,1.245621,0.4748788,-0.4100315,0.2784306,0.136017,0.8578169,0.2526659,1.059449,0.6432728,-0.05675617,-0.06407151,0.04050097,-0.9955065,MathCanvas,0.3902018,1.241421,2.003708,0.112261,1.525251,0.4597913,0.19093,-0.1682104,0.9670838,0.1448056,1.526074,0.4672245,0.168065,-0.1696444,0.971069,0.0799636,1.524691,0.4522452,0.2166303,-0.1648813,0.9622294,0.1123846,1.525383,0.4597349,359.7134,346.9861,1.190427,0,4,False
1,Center_Dir_Close,33,14.87999,0.1125028,1.52547,0.4596432,0.1202625,1.2457,0.4745652,-0.414447,0.2742211,0.1354035,0.8571478,0.2526659,1.059449,0.6432728,-0.05675617,-0.06407151,0.04050097,-0.9955065,MathCanvas,0.3902018,1.241421,2.003708,0.1123846,1.525383,0.4597349,0.2049383,-0.1670546,0.9644133,0.144933,1.526198,0.4670896,0.1822429,-0.1685928,0.9686919,0.08007265,1.524742,0.4521969,0.2303895,-0.16369,0.9592322,0.1125028,1.52547,0.4596432,359.6842,347.0615,1.253225,0,4,False
1,Center_Dir_Close,34,14.89999,0.1128564,1.525329,0.4596089,0.1169609,1.246915,0.4713817,-0.459223,0.2279624,0.1071667,0.8518584,0.2536616,1.060044,0.6424506,-0.05559888,-0.0649706,0.03992187,-0.995537,MathCanvas,0.3902018,1.241421,2.003708,0.1126343,1.525553,0.459568,0.2075629,-0.1653126,0.9641522,0.1452911,1.526132,0.4670283,0.1835357,-0.1695928,0.9682732,0.08042182,1.524526,0.4521896,0.2316608,-0.164547,0.9587792,0.1128564,1.525329,0.4596089,359.8041,347.1107,1.382468,0,4,False
1,Center_Dir_Close,35,14.91999,0.1130231,1.525325,0.4595813,0.1154741,1.247339,0.4700941,-0.4810179,0.2045704,0.09640855,0.8470408,0.2542941,1.060296,0.642105,-0.05517635,-0.065594,0.04028096,-0.9955052,MathCanvas,0.3902018,1.241421,2.003708,0.1128564,1.525329,0.4596089,0.2076527,-0.1670705,0.9638298,0.1454591,1.52617,0.4669899,0.1840889,-0.1695436,0.9681768,0.08058715,1.524479,0.4521726,0.2322037,-0.1644306,0.9586679,0.1130231,1.525325,0.4595813,359.833,347.1296,1.455524,0,4,False
1,Center_Dir_Close,36,14.93999,0.1131831,1.525349,0.4595848,0.1138814,1.247746,0.4687899,-0.503529,0.1773754,0.08545122,0.8412459,0.2550306,1.060495,0.6418303,-0.05491198,-0.06643911,0.0409138,-0.9954379,MathCanvas,0.3902018,1.241421,2.003708,0.1130231,1.525325,0.4595813,0.2122366,-0.1669101,0.9628586,0.1456215,1.526214,0.466981,0.1886582,-0.1692956,0.9673402,0.08074482,1.524485,0.4521887,0.2366332,-0.1641242,0.9576367,0.1131831,1.525349,0.4595848,359.8356,347.1515,1.488289,0,4,False
1,Center_Dir_Close,37,14.95999,0.1134731,1.525379,0.4595123,0.1122935,1.248239,0.4670867,-0.5307895,0.1433912,0.07154363,0.8322158,0.2550306,1.060495,0.6418303,-0.05491198,-0.06643911,0.0409138,-0.9954379,MathCanvas,0.3902018,1.241421,2.003708,0.1133304,1.525365,0.4595393,0.2176803,-0.1728947,0.9605846,0.1459186,1.526301,0.46687,0.1944134,-0.1753818,0.9651138,0.08102762,1.524457,0.4521545,0.2422305,-0.1699495,0.9552181,0.1134731,1.525379,0.4595123,359.8552,347.219,1.587361,0,4,False
1,Center_Dir_Close,38,14.97999,0.1137242,1.525512,0.4598185,0.1098046,1.247602,0.4656235,-0.550536,0.1049125,0.05492513,0.8263696,0.2577682,1.060648,0.6413612,-0.05417362,-0.07077949,0.04127244,-0.9951644,MathCanvas,0.3902018,1.241421,2.003708,0.1134731,1.525379,0.4595123,0.2183783,-0.1726664,0.9604672,0.1461682,1.526425,0.4671839,0.1940475,-0.1741742,0.9654061,0.08128022,1.524599,0.4524532,0.2418704,-0.1687834,0.955516,0.1137242,1.525512,0.4598185,359.7713,347.2034,1.572057,0,4,False
1,Center_Dir_Close,39,14.99999,0.1141478,1.525492,0.4600691,0.1068442,1.246449,0.4644186,-0.5650212,0.0485628,0.02836745,0.8231574,0.2601856,1.060201,0.641288,-0.05331332,-0.07597335,0.03929028,-0.994908,MathCanvas,0.3902018,1.241421,2.003708,0.1139582,1.525528,0.4599839,0.2230775,-0.1714849,0.9595985,0.1465976,1.526431,0.4674053,0.1995427,-0.1742536,0.9642709,0.0816979,1.524552,0.452733,0.2472029,-0.168781,0.9541507,0.1141478,1.525492,0.4600691,359.7783,347.2547,1.617785,0,4,False
1,Center_Dir_Close,40,15.01999,0.1143245,1.525497,0.4601287,0.1057734,1.246293,0.4636359,-0.5750058,0.02650935,0.01863395,0.8175074,0.2601947,1.060201,0.6412868,-0.05331022,-0.07599012,0.03928708,-0.9949071,MathCanvas,0.3902018,1.241421,2.003708,0.1141478,1.525492,0.4600691,0.2239628,-0.1709853,0.9594815,0.1467767,1.526455,0.4674518,0.2005603,-0.173464,0.9642022,0.08187219,1.524539,0.4528057,0.248195,-0.167975,0.9540355,0.1143245,1.525497,0.4601287,359.7765,347.2774,1.649393,0,4,False
1,Center_Dir_Close,41,15.03999,0.1146103,1.52526,0.4603037,0.1013402,1.246146,0.4649998,-0.5815393,-0.04697263,0.009697453,0.8121032,0.2619204,1.058858,0.6415355,-0.05669376,-0.08016489,0.04119958,-0.9943148,MathCanvas,0.4800566,1.246277,2.026966,0.1144971,1.525483,0.4601935,0.2250235,-0.1707196,0.9592806,0.1470765,1.526129,0.4675758,0.2017704,-0.1765159,0.9633955,0.08214402,1.524392,0.4530315,0.2493999,-0.1711011,0.9531653,0.1146103,1.52526,0.4603037,359.9016,347.3721,1.495431,0,4,False
1,Center_Dir_Close,42,15.05999,0.1147832,1.525155,0.4604127,0.09988309,1.245584,0.4658106,-0.5740827,-0.06551203,0.005974181,0.8161504,0.2621278,1.058412,0.6415094,-0.05763093,-0.08046358,0.04146519,-0.9942258,MathCanvas,0.4792241,1.248637,2.014662,0.1146103,1.52526,0.4603037,0.2257338,-0.1743858,0.9584539,0.1472601,1.525986,0.4676419,0.2029758,-0.1779614,0.9628762,0.08230641,1.524324,0.4531835,0.2505943,-0.1725737,0.9525864,0.1147832,1.525155,0.4604127,359.9273,347.449,1.430789,0,4,False
1,Center_Dir_Close,43,15.07999,0.1151657,1.524978,0.4606057,0.09733091,1.24459,0.466201,-0.5700045,-0.1049558,-0.006710202,0.8148829,0.2620957,1.058151,0.6414883,-0.05801362,-0.08031251,0.04138235,-0.9942192,MathCanvas,0.4734142,1.248102,1.983141,0.1149889,1.525053,0.4605293,0.2281562,-0.1760598,0.9575738,0.1476607,1.525772,0.4677567,0.2051742,-0.1794435,0.9621349,0.08267064,1.524184,0.4534547,0.2527721,-0.1740818,0.9517362,0.1151657,1.524978,0.4606057,359.9931,347.5889,1.366908,0,4,False
1,Center_Dir_Close,44,15.09999,0.1153609,1.524887,0.4606907,0.09595865,1.24429,0.4662021,-0.5712394,-0.1283579,-0.01366962,0.8105696,0.2620214,1.058071,0.6414804,-0.05809069,-0.08009804,0.04125413,-0.9942374,MathCanvas,0.4737605,1.248264,1.965631,0.1151657,1.524978,0.4606057,0.2290325,-0.1767633,0.957235,0.1478644,1.525668,0.4678046,0.2062345,-0.1800807,0.9617891,0.08285743,1.524107,0.4535767,0.2538218,-0.174726,0.9513387,0.1153609,1.524887,0.4606907,0.02336046,347.655,1.343869,0,4,False
1,Center_Dir_Close,45,15.12,0.1157369,1.524567,0.4607135,0.0960172,1.242647,0.4655991,-0.5585663,-0.1125477,-0.008586913,0.8217438,0.2613767,1.057288,0.6414049,-0.05858279,-0.07857537,0.03867719,-0.9944336,MathCanvas,0.4686673,1.252212,1.937324,0.1153609,1.524887,0.4606907,0.22937,-0.1760627,0.9572833,0.14827,1.525374,0.4676881,0.2099068,-0.1804714,0.960921,0.08320385,1.523759,0.453739,0.2574654,-0.1750703,0.9502957,0.1157369,1.524567,0.4607135,0.1561967,347.9037,1.389915,0,4,False
1,Center_Dir_Close,46,15.13999,0.1159635,1.5242,0.4606224,0.09382604,1.242836,0.4660234,-0.5451272,-0.1426941,-0.007965387,0.8260819,0.260989,1.056782,0.6414409,-0.05985123,-0.07765935,0.03774925,-0.9944656,MathCanvas,0.4669643,1.254967,1.926573,0.1158519,1.524394,0.4606777,0.2255221,-0.1782582,0.9577911,0.1485213,1.52488,0.467494,0.2024198,-0.1829722,0.9620537,0.08340566,1.523519,0.4537508,0.2502981,-0.1778053,0.9517017,0.1159635,1.5242,0.4606224,0.3126057,348.0886,1.172167,0,4,False
1,Center_Dir_Close,47,15.16,0.1161316,1.524044,0.460628,0.09267401,1.242513,0.4660004,-0.5420809,-0.1592431,-0.01123325,0.8250235,0.260989,1.056782,0.6414409,-0.05985123,-0.07765935,0.03774925,-0.9944656,MathCanvas,0.4593433,1.252784,1.918954,0.1159635,1.5242,0.4606224,0.2264183,-0.1803894,0.9571804,0.1487015,1.524687,0.4674458,0.2038742,-0.1844698,0.9614604,0.08356167,1.523401,0.4538102,0.2517396,-0.1793308,0.951035,0.1161316,1.524044,0.460628,0.3791688,348.1844,1.106742,0,4,False
1,Center_Dir_Close,48,15.17999,0.1166447,1.523184,0.4601225,0.09317564,1.241997,0.466431,-0.5338499,-0.1561873,-0.006580502,0.8310034,0.259515,1.056257,0.6419648,-0.06232658,-0.07398822,0.03823707,-0.9945748,MathCanvas,0.4594564,1.250515,1.912028,0.1162859,1.523865,0.4606114,0.2226573,-0.1809288,0.9579606,0.1492456,1.523769,0.4667963,0.2016089,-0.1892627,0.9610065,0.08404392,1.522599,0.4534487,0.2496459,-0.1841698,0.9506621,0.1166447,1.523184,0.4601225,0.8037636,348.4448,1.006603,0,4,False
1,Center_Dir_Close,49,15.2,0.1167472,1.523012,0.4599871,0.09351809,1.242042,0.4659167,-0.5380986,-0.1543797,-0.00828448,0.8285821,0.2591242,1.056246,0.6421495,-0.06223366,-0.07298856,0.03777101,-0.9946723,MathCanvas,0.4548368,1.248373,1.915159,0.1166447,1.523184,0.4601225,0.1986161,-0.1834288,0.9627593,0.1493648,1.52353,0.4665841,0.176171,-0.1890334,0.9660383,0.08412962,1.522494,0.4533901,0.2250626,-0.184304,0.9567543,0.1167472,1.523012,0.4599871,0.9602079,348.581,0.8918825,0,4,False
1,Center_Dir_Close,50,15.21999,0.116974,1.522593,0.4597771,0.09334452,1.242038,0.4652366,-0.5404479,-0.1590589,-0.009992794,0.8261456,0.2583826,1.056291,0.6424713,-0.06210241,-0.07117548,0.03653449,-0.9948581,MathCanvas,0.4203586,1.242616,1.931694,0.1168538,1.522789,0.4599049,0.1711469,-0.1867979,0.9673755,0.1496197,1.522998,0.4662416,0.1481136,-0.1916606,0.9702209,0.08432835,1.522188,0.4533126,0.1978992,-0.1873553,0.9621507,0.116974,1.522593,0.4597771,1.224392,348.8141,0.6978589,0,4,False
1,Center_Dir_Close,51,15.24,0.1172225,1.522428,0.4596913,0.09445241,1.242901,0.463964,-0.5495356,-0.1396312,-0.003809259,0.8237107,0.2573731,1.056583,0.6430283,-0.06232879,-0.06869967,0.03489032,-0.995077,MathCanvas,0.3793678,1.236204,1.942908,0.116974,1.522593,0.4597771,0.1730534,-0.1895085,0.9665087,0.1498713,1.522829,0.4661406,0.148619,-0.1932017,0.9698379,0.08457381,1.522027,0.4532419,0.1983998,-0.1888739,0.9617506,0.1172225,1.522428,0.4596913,1.317441,348.8416,0.6905949,0,4,False
1,Center_Dir_Close,52,15.25999,0.117432,1.522151,0.4595608,0.09567913,1.243443,0.4621472,-0.5579859,-0.1215821,0.002575681,0.8208915,0.2569874,1.057205,0.6433666,-0.06315968,-0.06749758,0.03641232,-0.9950523,MathCanvas,0.3858056,1.228307,1.959736,0.1172225,1.522428,0.4596913,0.1735564,-0.1910383,0.9661173,0.150085,1.522566,0.4659874,0.1495041,-0.1954544,0.9692503,0.0847789,1.521736,0.4531343,0.199275,-0.1910612,0.9611374,0.117432,1.522151,0.4595608,1.466049,348.8841,0.7146394,0,4,False
1,Center_Dir_Close,53,15.27999,0.1176264,1.521846,0.4593615,0.0967114,1.243825,0.4603648,-0.5655433,-0.1137286,0.0044134,0.8168275,0.2568734,1.057716,0.6435235,-0.06357315,-0.06718608,0.03855403,-0.9949664,MathCanvas,0.3858056,1.228307,1.959736,0.1175142,1.522018,0.4594705,0.1410094,-0.1930629,0.9710011,0.1502957,1.522215,0.4657083,0.1168783,-0.197731,0.9732636,0.08495721,1.521478,0.4530148,0.1675459,-0.1937121,0.9666457,0.1176264,1.521846,0.4593615,1.796071,349.0258,0.635151,0,4,False
1,Center_Dir_Close,54,15.29999,0.1177975,1.521696,0.4592918,0.09772065,1.244298,0.459705,-0.5704536,-0.1079446,0.003958721,0.8141959,0.2567384,1.058638,0.6437408,-0.06361205,-0.06677087,0.04145628,-0.9948751,MathCanvas,0.3385269,1.219401,1.980499,0.1176264,1.521846,0.4593615,0.1102699,-0.1962078,0.9743423,0.1504618,1.522058,0.4656641,0.08382867,-0.1999883,0.9762056,0.08513312,1.521335,0.4529196,0.1352405,-0.196268,0.9711791,0.1177975,1.521696,0.4592918,1.909784,348.982,0.6224494,0,4,False
1,Center_Dir_Close,55,15.31999,0.1177969,1.522136,0.4594879,0.1009231,1.245042,0.4610023,-0.5583457,-0.07875381,0.005403008,0.8258442,0.2568337,1.060359,0.6435655,-0.06014994,-0.06524632,0.03992985,-0.995254,MathCanvas,0.2918961,1.211915,1.997624,0.1177569,1.521927,0.4593779,0.03353069,-0.2127988,0.9765205,0.1504155,1.522576,0.4660856,0.004440635,-0.2146081,0.9766902,0.08517832,1.521697,0.4528902,0.05714048,-0.2113443,0.97574,0.1177969,1.522136,0.4594879,1.947683,348.5909,0.7567055,0,4,False
1,Center_Dir_Close,56,15.33999,0.1178724,1.522306,0.4596034,0.1020521,1.24487,0.4610405,-0.5530982,-0.06795684,0.004816666,0.8303258,0.2569501,1.061069,0.6434674,-0.0586547,-0.06399865,0.03889417,-0.9954653,MathCanvas,0.1704173,1.188187,1.99196,0.1177969,1.522136,0.4594879,0.03079219,-0.2129766,0.976572,0.1504734,1.522778,0.4662857,0.00215067,-0.2150758,0.976595,0.08527153,1.521834,0.4529212,0.05484916,-0.2117535,0.9757828,0.1178724,1.522306,0.4596034,1.987343,348.4446,0.8131015,0,4,False
1,Center_Dir_Close,57,15.35999,0.1180603,1.522801,0.4600845,0.1039713,1.24427,0.4606881,-0.5459129,-0.05126984,0.002617518,0.8362677,0.2574118,1.061573,0.643319,-0.05815867,-0.06317315,0.03892882,-0.9955457,MathCanvas,0.16649,1.186039,2.001502,0.1179455,1.522398,0.4596632,0.02687166,-0.2143134,0.9763952,0.1506143,1.523374,0.4669842,-0.00367099,-0.215533,0.9764896,0.08550631,1.522228,0.4531848,0.04902081,-0.2120423,0.9760302,0.1180603,1.522801,0.4600845,2.050688,348.0688,0.9868034,0,4,False
1,Center_Dir_Close,58,15.37999,0.1184097,1.523203,0.4611433,0.1042472,1.244245,0.4603226,-0.5479333,-0.05644609,0.003345624,0.8346087,0.2584316,1.061642,0.6431909,-0.05909911,-0.06432825,0.04094717,-0.9953354,MathCanvas,0.1605602,1.183847,2.004333,0.1180603,1.522801,0.4600845,-0.1150294,-0.2549067,0.9600993,0.1509268,1.523842,0.468209,-0.1460695,-0.2562825,0.9555015,0.08589262,1.522564,0.4540775,-0.09263598,-0.2541076,0.9627294,0.1184097,1.523203,0.4611433,2.078042,347.7805,1.100734,0,4,False
1,Center_Dir_Close,59,15.39999,0.118682,1.523134,0.461689,0.1048188,1.244556,0.4600197,-0.5530253,-0.06071148,0.005185346,0.8309334,0.2589763,1.061659,0.6430814,-0.05926096,-0.0650033,0.04148211,-0.9952598,MathCanvas,-0.06185097,1.123742,1.965699,0.1184097,1.523203,0.4611433,-0.1370344,-0.255015,0.9571776,0.151169,1.523829,0.4688872,-0.1670805,-0.256554,0.9519791,0.08619513,1.52244,0.4544909,-0.1137376,-0.2545322,0.9603526,0.118682,1.523134,0.461689,2.116297,347.551,1.196916,0,4,False
1,Center_Dir_Close,60,15.41999,0.1192184,1.52316,0.4629099,0.1063099,1.244741,0.4594795,-0.5569471,-0.05928954,0.006240661,0.8284056,0.2593623,1.061616,0.6429819,-0.05933988,-0.06540412,0.04158267,-0.9952246,MathCanvas,-0.09620211,1.123245,1.962642,0.1189868,1.523131,0.4623232,-0.1437505,-0.2560922,0.9559041,0.1516457,1.523974,0.4703601,-0.1733639,-0.2577859,0.9505216,0.08679119,1.522346,0.4554596,-0.1200947,-0.2555643,0.959304,0.1192184,1.52316,0.4629099,2.195198,347.1144,1.402452,0,4,False
1,Center_Dir_Close,61,15.43999,0.1197156,1.52333,0.4640851,0.1077287,1.244654,0.4589805,-0.5633063,-0.06594855,0.007974438,0.8235734,0.2600865,1.061261,0.6426826,-0.05968881,-0.06578145,0.04140922,-0.9951861,MathCanvas,-0.1061302,1.1217,1.961421,0.1192184,1.52316,0.4629099,-0.1467947,-0.2566752,0.9552848,0.1521057,1.524258,0.471682,-0.1768346,-0.2575194,0.9499544,0.08732544,1.522402,0.4564882,-0.1236136,-0.255114,0.9589768,0.1197156,1.52333,0.4640851,2.188174,346.8613,1.598412,0,4,False
1,Center_Dir_Close,62,15.45999,0.120681,1.52342,0.4665029,0.1100202,1.243106,0.4596861,-0.5588897,-0.1033752,0.004654434,0.8227601,0.2617486,1.058949,0.6415873,-0.06301103,-0.0623347,0.0415387,-0.9951978,MathCanvas,-0.1103884,1.120986,1.961516,0.1203622,1.52356,0.4655079,-0.1628937,-0.23977,0.9570664,0.1530068,1.524619,0.4743321,-0.19171,-0.2426696,0.9509778,0.0883551,1.522221,0.4586737,-0.1386198,-0.2399903,0.9608274,0.120681,1.52342,0.4665029,2.291638,346.4679,2.065835,0,4,False
1,Center_Dir_Close,63,15.47999,0.1210261,1.523352,0.4675397,0.1109216,1.24274,0.4598074,-0.5564927,-0.1134379,0.003484588,0.8230647,0.262163,1.05759,0.6411428,-0.06539983,-0.06004158,0.04147766,-0.9951872,MathCanvas,-0.1350512,1.146998,1.969033,0.120681,1.52342,0.4665029,-0.1652384,-0.2413302,0.9562719,0.1533212,1.524642,0.4754808,-0.1942262,-0.2441652,0.950084,0.08873107,1.522063,0.4595986,-0.1411784,-0.2413341,0.9601179,0.1210261,1.523352,0.4675397,2.385928,346.278,2.222372,0,4,False
1,Center_Dir_Close,64,15.49999,0.1216447,1.522781,0.4697255,0.1128739,1.241423,0.4618979,-0.53197,-0.153286,-0.00550729,0.8327551,0.2626044,1.053939,0.6403478,-0.07291102,-0.05557811,0.04177875,-0.9949118,MathCanvas,-0.1384527,1.144384,1.969202,0.1213982,1.523283,0.4686406,-0.1705214,-0.2439145,0.9546875,0.1538719,1.524321,0.4778942,-0.198839,-0.2474075,0.9482893,0.08941743,1.521242,0.4615568,-0.1458874,-0.2441599,0.9586985,0.1216447,1.522781,0.4697255,2.594414,345.8969,2.654525,0,4,False
1,Center_Dir_Close,65,15.51999,0.1218315,1.521991,0.4707628,0.1140528,1.240375,0.4641125,-0.5130213,-0.1808941,-0.01418494,0.8389787,0.2625277,1.050699,0.6400435,-0.08001184,-0.05388111,0.04272442,-0.9944192,MathCanvas,-0.1459339,1.140036,1.967801,0.1216447,1.522781,0.4697255,-0.1725168,-0.2450601,0.9540354,0.1540096,1.523788,0.4790716,-0.2013091,-0.2461421,0.9480974,0.08965337,1.520195,0.4624541,-0.1484299,-0.2424808,0.9587344,0.1218315,1.521991,0.4707628,2.580269,345.6615,3.097933,0,4,False
1,Center_Dir_Close,66,15.53999,0.1222782,1.520377,0.4726746,0.1162209,1.238893,0.4657468,-0.4993242,-0.2046772,-0.01993844,0.8416561,0.262836,1.04737,0.6394933,-0.08692155,-0.05047343,0.04302801,-0.9940048,MathCanvas,-0.1489536,1.137341,1.968232,0.1220411,1.521085,0.4716639,-0.166468,-0.2463549,0.9547762,0.1543691,1.522507,0.4812383,-0.1953145,-0.2490583,0.9485896,0.09018737,1.518247,0.4641109,-0.1424944,-0.2447003,0.9590709,0.1222782,1.520377,0.4726746,2.678411,345.2302,3.672838,0,4,False
1,Center_Dir_Close,67,15.55999,0.1225138,1.519652,0.4736884,0.1172206,1.238304,0.4663972,-0.4920411,-0.2175625,-0.02283536,0.8426391,0.2630434,1.045914,0.639213,-0.089894,-0.0490022,0.04322537,-0.9938055,MathCanvas,-0.1385511,1.134377,1.96866,0.1222782,1.520377,0.4726746,-0.168985,-0.2468799,0.9541983,0.1545604,1.521939,0.4823764,-0.1978059,-0.2497269,0.9478973,0.09046722,1.517366,0.4650005,-0.1450488,-0.2451112,0.958583,0.1225138,1.519652,0.4736884,2.733029,345.0198,3.944447,0,4,False
1,Center_Dir_Close,68,15.57999,0.1217491,1.519739,0.4738458,0.118582,1.23543,0.4656264,-0.5079508,-0.1760444,-0.01727176,0.8430279,0.262385,1.042487,0.6389393,-0.09429011,-0.03981425,0.03784976,-0.994028,MathCanvas,-0.1419706,1.133252,1.967138,0.1225138,1.519652,0.4736884,-0.1715103,-0.2474199,0.9536077,0.1537641,1.522064,0.4826394,-0.2006302,-0.2499342,0.9472489,0.08973408,1.517413,0.4650523,-0.1479141,-0.2452547,0.9581083,0.1217491,1.519739,0.4738458,2.749069,344.8341,4.011715,0,4,False
1,Center_Dir_Close,69,15.59999,0.1210806,1.521024,0.475199,0.1192124,1.23261,0.4656052,-0.502704,-0.169308,-0.0174034,0.8475381,0.2629309,1.03957,0.638848,-0.09231409,-0.0354688,0.0322757,-0.9945745,MathCanvas,-0.1464956,1.13277,1.965302,0.1214641,1.520539,0.4746189,-0.1636221,-0.2444506,0.9557571,0.1530311,1.523524,0.4841776,-0.1922217,-0.2459826,0.9500228,0.08913018,1.518525,0.4662204,-0.1395204,-0.2408583,0.9604798,0.1210806,1.521024,0.475199,2.559822,344.4966,4.311451,0,4,False
1,Center_Dir_Close,70,15.61999,0.1207325,1.521412,0.4758627,0.1200195,1.231489,0.4658352,-0.4995051,-0.1709824,-0.01847894,0.849069,0.2630787,1.037958,0.6386635,-0.09399539,-0.03293869,0.03081189,-0.9945505,MathCanvas,-0.1344153,1.139315,1.967614,0.1210806,1.521024,0.475199,-0.1468691,-0.2536038,0.9560934,0.1526449,1.524017,0.484946,-0.175635,-0.2556056,0.9506935,0.08882008,1.518807,0.4667794,-0.1229246,-0.2500269,0.960404,0.1207325,1.521412,0.4758627,2.534542,344.311,4.493412,0,4,False
1,Center_Dir_Close,71,15.63999,0.1190106,1.52216,0.4758558,0.1179264,1.231396,0.4670397,-0.4876702,-0.1757262,-0.0239386,0.8548245,0.2648167,1.036282,0.6401796,-0.09099934,-0.04011996,0.02186647,-0.9948022,MathCanvas,-0.1081038,1.126273,1.965549,0.1199595,1.521727,0.475848,-0.1504368,-0.2548952,0.9551948,0.1509338,1.524517,0.4849693,-0.1774187,-0.2618653,0.9486565,0.08708751,1.519804,0.4667424,-0.1246815,-0.2566566,0.9584267,0.1190106,1.52216,0.4758558,2.868597,344.2707,4.065251,0,4,False
1,Center_Dir_Close,72,15.65999,0.118089,1.52263,0.4761067,0.1167464,1.232574,0.467033,-0.4883156,-0.1803869,-0.02216863,0.8535321,0.2657304,1.03572,0.6407573,-0.09706194,-0.04430849,0.01735958,-0.99414,MathCanvas,-0.1155176,1.124783,1.964987,0.1190106,1.52216,0.4758558,-0.1507817,-0.2593453,0.9539418,0.1500179,1.524874,0.4852283,-0.1779277,-0.2635148,0.9481043,0.08616003,1.520387,0.4669851,-0.1251681,-0.2585159,0.9578635,0.118089,1.52263,0.4761067,2.945566,344.2555,3.870791,0,4,False
1,Center_Dir_Close,73,15.67999,0.1161825,1.52347,0.4762459,0.1157092,1.233593,0.4668884,-0.4877685,-0.1869628,-0.02047354,0.8524715,0.2673637,1.034615,0.641283,-0.1051474,-0.05123119,0.01179709,-0.9930661,MathCanvas,-0.1172509,1.117845,1.965017,0.1171363,1.522992,0.4761537,-0.1376778,-0.2585634,0.9561327,0.1481201,1.525555,0.4853751,-0.1650822,-0.2621946,0.9507902,0.08424498,1.521386,0.4671166,-0.1122757,-0.2572175,0.9598091,0.1161825,1.52347,0.4762459,3.020699,344.2373,3.595763,0,4,False
1,Center_Dir_Close,74,15.69999,0.1151798,1.523033,0.4757856,0.1145086,1.237595,0.4647876,-0.5006879,-0.1857644,-0.01411024,0.8453426,0.2693273,1.037191,0.6409982,-0.1093038,-0.06582944,0.01593245,-0.9916982,MathCanvas,-0.09892698,1.119487,1.970121,0.1161825,1.52347,0.4762459,-0.1387515,-0.2597069,0.9556675,0.1471369,1.525048,0.4848621,-0.1638116,-0.2638296,0.9505576,0.08322275,1.521018,0.4667091,-0.1109811,-0.2589552,0.9594923,0.1151798,1.523033,0.4757856,3.105959,344.3329,3.476053,0,4,False
1,Center_Dir_Close,75,15.71999,0.1141105,1.522163,0.4750729,0.1142453,1.239846,0.4628048,-0.5117983,-0.1780614,-0.01179945,0.8403674,0.2706102,1.041775,0.6396666,-0.1057318,-0.07598139,0.03086524,-0.991007,MathCanvas,-0.1019874,1.116553,1.97155,0.1151798,1.523033,0.4757856,-0.1374676,-0.2613932,0.9553933,0.1460766,1.52419,0.4841143,-0.1623066,-0.2665474,0.9500574,0.08214429,1.520135,0.4660314,-0.1094705,-0.2616361,0.9589383,0.1141105,1.522163,0.4750729,3.270627,344.4065,3.498414,0,4,False
1,Center_Dir_Close,76,15.73999,0.1117292,1.520945,0.4741094,0.1134293,1.241519,0.4612668,-0.5205566,-0.1764718,-0.01166057,0.8353099,0.2713145,1.045414,0.6382272,-0.1036393,-0.07890075,0.04281873,-0.9905555,MathCanvas,-0.1012346,1.112686,1.971711,0.1129391,1.521533,0.4745854,-0.1296686,-0.2644484,0.9556428,0.1437017,1.522927,0.4831383,-0.155939,-0.2681832,0.9506633,0.07975659,1.518962,0.4650806,-0.1030885,-0.2632472,0.9592047,0.1117292,1.520945,0.4741094,3.435981,344.4359,3.42102,0,4,False
1,Center_Dir_Close,77,15.75999,0.1105837,1.520349,0.4736498,0.1129561,1.242213,0.4606021,-0.5245658,-0.1768312,-0.01199836,0.832717,0.2720315,1.046397,0.6379014,-0.104333,-0.08251777,0.04580107,-0.9900544,MathCanvas,-0.09158552,1.106301,1.972515,0.1117292,1.520945,0.4741094,-0.129583,-0.265716,0.9553027,0.1425571,1.522308,0.482681,-0.1560266,-0.2694019,0.9503044,0.07861035,1.51839,0.4646185,-0.1031743,-0.2644963,0.9588518,0.1105837,1.520349,0.4736498,3.504493,344.434,3.380582,0,4,False
1,Center_Dir_Close,78,15.77999,0.1081243,1.51778,0.473632,0.10952,1.238717,0.4612103,-0.5314049,-0.1751247,-0.01949689,0.8285893,0.2684597,1.048807,0.6354724,-0.08481035,-0.06055366,0.03810516,-0.9938252,MathCanvas,-0.09288198,1.103133,1.973625,0.1092108,1.519301,0.4739152,-0.1313619,-0.2553238,0.9578903,0.1401073,1.519725,0.4826321,-0.1574434,-0.2521858,0.9547848,0.07614127,1.515836,0.4646319,-0.1045659,-0.2474134,0.9632511,0.1081243,1.51778,0.473632,2.557354,344.433,3.352888,0,4,False
1,Center_Dir_Close,79,15.79999,0.1070749,1.51547,0.473186,0.1080862,1.237373,0.461172,-0.5336104,-0.1712246,-0.019004,0.8279982,0.2684296,1.048757,0.6351514,-0.08005854,-0.06064193,0.0343769,-0.9943498,MathCanvas,-0.09826301,1.116632,1.978607,0.1081243,1.51778,0.473632,-0.1339057,-0.24043,0.9613858,0.1390731,1.517415,0.4821318,-0.1592716,-0.2378321,0.9581589,0.07507675,1.513524,0.4642401,-0.1063697,-0.2331715,0.9666005,0.1070749,1.51547,0.473186,2.264043,344.513,3.353441,0,4,False
1,Center_Dir_Close,80,15.81999,0.1048572,1.511394,0.4724768,0.1058497,1.236013,0.460773,-0.5388623,-0.166979,-0.01917332,0.8254561,0.2686177,1.049085,0.6344899,-0.07271755,-0.06181239,0.03012462,-0.9949794,MathCanvas,-0.1037329,1.136961,1.986696,0.1059625,1.513461,0.4728082,-0.1321357,-0.2325913,0.9635566,0.1368791,1.513317,0.4813425,-0.1576975,-0.2323432,0.9597646,0.07283542,1.509471,0.4636111,-0.1047672,-0.2277539,0.9680661,0.1048572,1.511394,0.4724768,1.934485,344.6364,3.313821,0,4,False
1,Center_Dir_Close,81,15.83999,0.1032105,1.519279,0.474704,0.1024456,1.229604,0.4605526,-0.5387387,-0.144628,-0.01209263,0.8298779,0.270829,1.044236,0.6363021,-0.07084025,-0.07695077,0.02426829,-0.9942189,MathCanvas,-0.1033099,1.144969,1.990468,0.1048572,1.511394,0.4724768,-0.1322539,-0.2281012,0.9646133,0.1352654,1.521102,0.4834706,-0.1546435,-0.2446016,0.9572124,0.07115555,1.517455,0.4659374,-0.1016839,-0.2401051,0.9654067,0.1032105,1.519279,0.474704,2.759912,344.8559,3.144297,0,4,False
1,Center_Dir_Close,82,15.85999,0.1017965,1.514903,0.4742919,0.09904263,1.227463,0.4607935,-0.5209162,-0.1155218,-0.0008198248,0.8457543,0.273023,1.039937,0.6376256,-0.06965626,-0.09615538,0.01486268,-0.9928148,MathCanvas,-0.1054672,1.159368,1.996726,0.1024923,1.517849,0.4746508,-0.1254592,-0.2384133,0.963026,0.1338894,1.516942,0.48287,-0.1484175,-0.237847,0.9598963,0.06970365,1.512863,0.4657138,-0.09543598,-0.2330438,0.967772,0.1017965,1.514903,0.4742919,2.436443,345.1848,3.516308,0,4,False
1,Center_Dir_Close,83,15.87999,0.1009228,1.513762,0.4742997,0.0975239,1.2262,0.4606766,-0.5191662,-0.1072921,0.001740504,0.8479103,0.2736623,1.039006,0.6377959,-0.06751177,-0.1010473,0.01212125,-0.9925143,MathCanvas,-0.09592918,1.13916,1.992036,0.1017965,1.514903,0.4742919,-0.1219894,-0.2354461,0.9642011,0.1330326,1.515844,0.4828038,-0.1460764,-0.2365111,0.9605854,0.06881303,1.511679,0.4657956,-0.09308213,-0.2316464,0.9683365,0.1009228,1.513762,0.4742997,2.365048,345.3145,3.590472,0,4,False
1,Center_Dir_Close,84,15.89999,0.0995816,1.510804,0.4732707,0.09595585,1.227559,0.4624712,-0.5078329,-0.1068219,0.00535753,0.8547902,0.2749433,1.038101,0.6376443,-0.07256825,-0.1167854,0.003694285,-0.9904956,MathCanvas,-0.09150608,1.142364,1.995252,0.1009228,1.513762,0.4742997,-0.1196408,-0.2340795,0.9648279,0.1318002,1.512379,0.4814671,-0.1393327,-0.2459102,0.959226,0.06736304,1.50923,0.4650744,-0.08620445,-0.2418103,0.9664866,0.0995816,1.510804,0.4732707,2.831707,345.861,2.714831,0,4,False
1,Center_Dir_Close,85,15.91999,0.09917102,1.515962,0.4740599,0.09625046,1.229326,0.461803,-0.5266478,-0.1231433,0.006233346,0.8410939,0.2763885,1.041955,0.6354027,-0.07583377,-0.1309742,0.02584641,-0.9881432,MathCanvas,-0.0891801,1.141488,1.995516,0.09910859,1.513292,0.4735072,-0.1174865,-0.2530874,0.9602832,0.1313696,1.517568,0.4823286,-0.1447006,-0.2575871,0.9553589,0.06697248,1.514357,0.4657913,-0.09160137,-0.2534284,0.9630075,0.09917102,1.515962,0.4740599,3.51212,345.7674,2.770716,0,4,False
1,Center_Dir_Close,86,15.93999,0.09950691,1.517083,0.4740934,0.09737891,1.229765,0.4606439,-0.5266923,-0.1205263,0.00738449,0.8414357,0.2763959,1.044226,0.63394,-0.0734911,-0.1294478,0.0430891,-0.9879199,MathCanvas,-0.08591525,1.117253,1.986874,0.09917102,1.515962,0.4740599,-0.1198112,-0.2563573,0.9591278,0.1316623,1.519182,0.4824191,-0.1444199,-0.2575134,0.9554213,0.06735152,1.514983,0.4657676,-0.0914032,-0.2525775,0.9632498,0.09950691,1.517083,0.4740934,3.541335,345.7078,3.623899,0,4,False
1,Center_Dir_Close,87,15.95999,0.09946526,1.517631,0.4732077,0.1001777,1.231174,0.4600799,-0.5155007,-0.1125577,0.006547898,0.8494391,0.2756185,1.04736,0.6313022,-0.06890087,-0.1231483,0.06158446,-0.9880762,MathCanvas,-0.08904883,1.113634,1.983543,0.09962745,1.518304,0.4741648,-0.1188767,-0.2564859,0.9592097,0.131607,1.520068,0.4814943,-0.1426536,-0.2601733,0.9549659,0.06732354,1.515195,0.4649211,-0.0896838,-0.2547062,0.9628507,0.09946526,1.517631,0.4732077,3.746411,345.8186,4.207678,0,4,False
1,Center_Dir_Close,88,15.97999,0.0997112,1.518196,0.4727137,0.1019154,1.232491,0.4607802,-0.5103908,-0.1105978,0.004164778,0.8527907,0.2735021,1.048495,0.6297386,-0.06599546,-0.1105797,0.05650963,-0.9900624,MathCanvas,-0.08768702,1.113836,1.983329,0.09946526,1.517631,0.4732077,-0.1162341,-0.2574408,0.9592778,0.1318587,1.520493,0.4810178,-0.1440412,-0.2614983,0.9543955,0.06756368,1.5159,0.4644096,-0.09105393,-0.2562511,0.9623121,0.0997112,1.518196,0.4727137,3.801474,345.7798,3.965424,0,4,False
1,Center_Dir_Close,89,15.99999,0.1006096,1.520648,0.4724998,0.1027901,1.235155,0.4621069,-0.5170702,-0.1196685,0.002241254,0.8475334,0.270646,1.048544,0.6285639,-0.07108888,-0.09665099,0.03159959,-0.9922733,MathCanvas,-0.0832704,1.11292,1.982857,0.1000334,1.519642,0.4726375,-0.1246016,-0.2523427,0.959582,0.1327649,1.522762,0.4808221,-0.1513894,-0.2525103,0.9556776,0.06845434,1.518533,0.4641774,-0.09837541,-0.2476686,0.9638374,0.1006096,1.520648,0.4724998,3.521224,345.7137,3.649251,0,4,False
1,Center_Dir_Close,90,16.01999,0.1011149,1.521708,0.472278,0.1027901,1.235155,0.4621069,-0.5170702,-0.1196685,0.002241254,0.8475334,0.2701756,1.049058,0.6279219,-0.07260978,-0.09451815,0.02910563,-0.992445,MathCanvas,-0.09562344,1.123237,1.98373,0.1006096,1.520648,0.4724998,-0.1291771,-0.2489671,0.9598587,0.1332758,1.523756,0.4805952,-0.1563244,-0.248329,0.9559788,0.06895393,1.519661,0.4639607,-0.1033024,-0.2436731,0.9643402,0.1011149,1.521708,0.472278,3.331218,345.7058,3.533259,0,4,False
1,Center_Dir_Close,91,16.04,0.1018943,1.522032,0.4719107,0.1038984,1.239753,0.4619515,-0.5301704,-0.1279053,0.005381521,0.8381711,0.2707655,1.049697,0.6277823,-0.07798341,-0.09639122,0.0307347,-0.9918078,MathCanvas,-0.1023311,1.129601,1.983996,0.1011149,1.521708,0.472278,-0.12988,-0.2460019,0.9605281,0.13407,1.524009,0.4801881,-0.1561865,-0.2439067,0.9571391,0.06971869,1.520055,0.4636334,-0.1031413,-0.2393898,0.9654296,0.1018943,1.522032,0.4719107,3.058024,345.7552,3.409728,0,4,False
1,Center_Dir_Close,92,16.05999,0.1036045,1.521687,0.4708408,0.1047274,1.242058,0.460056,-0.5431203,-0.1300063,0.006949615,0.8295001,0.2723783,1.052165,0.6272884,-0.08018193,-0.09893318,0.04288171,-0.990931,MathCanvas,-0.1027538,1.134414,1.985387,0.102711,1.521749,0.4713567,-0.1308242,-0.2370004,0.9626608,0.1358058,1.523578,0.4790385,-0.1568487,-0.2386291,0.9583604,0.07140332,1.519797,0.4626431,-0.1037712,-0.2343035,0.9666092,0.1036045,1.521687,0.4708408,2.847581,345.8793,3.260234,0,4,False
1,Center_Dir_Close,93,16.07999,0.1044829,1.521719,0.4703599,0.1051339,1.243189,0.4598095,-0.5465611,-0.13116,0.007530529,0.8270497,0.272536,1.05313,0.626865,-0.08026326,-0.09764651,0.04469837,-0.9909717,MathCanvas,-0.1028436,1.147687,1.989975,0.1036045,1.521687,0.4708408,-0.1303744,-0.236467,0.962853,0.1366918,1.523573,0.4785355,-0.1565831,-0.2373889,0.9587118,0.07227394,1.519865,0.4621843,-0.1034945,-0.2331284,0.9669229,0.1044829,1.521719,0.4703599,2.768884,345.912,3.197647,0,4,False
1,Center_Dir_Close,94,16.09999,0.1067321,1.521727,0.4698012,0.1077387,1.241302,0.4597784,-0.5446644,-0.1252651,0.004604626,0.8292335,0.2728161,1.054549,0.6271141,-0.07241321,-0.08742864,0.04101183,-0.9926886,MathCanvas,-0.1012693,1.148535,1.9899,0.1053683,1.521736,0.469886,-0.1298535,-0.2340729,0.9635081,0.1389331,1.523651,0.4779922,-0.1567,-0.2362688,0.9589693,0.07453117,1.519804,0.4616103,-0.1036237,-0.2319018,0.967204,0.1067321,1.521727,0.4698012,2.712669,345.8855,3.317108,0,4,False
1,Center_Dir_Close,95,16.12,0.1079267,1.521554,0.4696529,0.1089487,1.240299,0.4599548,-0.5424331,-0.1227543,0.003750421,0.8310739,0.2731369,1.054243,0.6278356,-0.06903724,-0.0833539,0.03693912,-0.9934393,MathCanvas,-0.098327,1.152089,1.991332,0.1067321,1.521727,0.4698012,-0.1294705,-0.2340237,0.9635717,0.140125,1.52353,0.477842,-0.1559385,-0.2328584,0.9599272,0.07572842,1.519579,0.4614637,-0.1028653,-0.2284158,0.9681141,0.1079267,1.521554,0.4696529,2.521929,345.8802,3.406051,0,4,False
1,Center_Dir_Close,96,16.13999,0.1104292,1.521151,0.4694377,0.1098052,1.239523,0.460064,-0.5407436,-0.1211973,0.00311609,0.8324049,0.2737696,1.054612,0.6283018,-0.06644338,-0.07855827,0.03468205,-0.9940881,MathCanvas,-0.09645587,1.152124,1.99075,0.1091956,1.521357,0.4695811,-0.1297545,-0.2277318,0.9650399,0.1426173,1.523233,0.4776406,-0.1562493,-0.2277856,0.9610931,0.0782412,1.519068,0.4612347,-0.103191,-0.2231962,0.9692962,0.1104292,1.521151,0.4694377,2.237927,345.8432,3.59006,0,4,False
1,Center_Dir_Close,97,16.15999,0.1116798,1.520901,0.4693456,0.1101873,1.239117,0.4600976,-0.5400161,-0.1206189,0.002804149,0.8329621,0.2741892,1.054614,0.6287198,-0.06544718,-0.07651169,0.03363193,-0.9943498,MathCanvas,-0.09455502,1.161384,1.993994,0.1104292,1.521151,0.4694377,-0.1297843,-0.2254914,0.9655618,0.1438629,1.523033,0.4775549,-0.1564046,-0.2254352,0.9616219,0.07949658,1.518769,0.4611363,-0.1033534,-0.2207782,0.9698324,0.1116798,1.520901,0.4693456,2.106484,345.8253,3.675084,0,4,False
1,Center_Dir_Close,98,16.17999,0.1149413,1.51927,0.4690946,0.1152434,1.235125,0.4601764,-0.5368514,-0.1207701,-0.002819568,0.8349833,0.2769495,1.050529,0.6327375,-0.07116536,-0.08456979,0.03870603,-0.993119,MathCanvas,-0.09331597,1.164735,1.994461,0.113371,1.519867,0.4691525,-0.1261263,-0.2419565,0.9620547,0.1470711,1.52158,0.4774632,-0.1539537,-0.2454225,0.9571134,0.08281145,1.51696,0.4607259,-0.1009781,-0.240325,0.9654259,0.1149413,1.51927,0.4690946,2.369123,345.5659,3.982946,1,5,False
1,Center_Dir_Close,99,16.2,0.1165169,1.518659,0.4690742,0.1166512,1.234458,0.4603624,-0.5354669,-0.1226375,-0.004554935,0.8355923,0.2774512,1.049793,0.6334525,-0.07117856,-0.08490303,0.03819238,-0.9931095,MathCanvas,-0.08386924,1.137879,1.985563,0.1149413,1.51927,0.4690946,-0.1276149,-0.2429991,0.9615955,0.1486326,1.520976,0.4774948,-0.1555082,-0.2457723,0.9567723,0.08440109,1.516343,0.4606536,-0.1025477,-0.2406664,0.9651754,0.1165169,1.518659,0.4690742,2.383649,345.4744,3.994329,1,5,False
1,Center_Dir_Close,100,16.21999,0.1180709,1.518007,0.4690421,0.1166869,1.234439,0.4603636,-0.5354523,-0.1226407,-0.004589305,0.8356011,0.2774512,1.049793,0.6334525,-0.07117856,-0.08490303,0.03819238,-0.9931095,MathCanvas,-0.08452016,1.135853,1.983915,0.1165169,1.518659,0.4690742,-0.1216685,-0.2464959,0.9614762,0.1501731,1.520363,0.4775034,-0.1490288,-0.2489828,0.9569733,0.08596876,1.51565,0.4605808,-0.09607968,-0.2436984,0.9650801,0.1180709,1.518007,0.4690421,2.383342,345.4034,4.063673,1,5,False
1,Center_Dir_Close,101,16.23999,0.1213308,1.521806,0.471095,0.1222285,1.232904,0.4611735,-0.5345536,-0.1414531,-0.00890872,0.8331651,0.2799524,1.045609,0.6369758,-0.07258111,-0.07715331,0.03637659,-0.9937083,MathCanvas,-0.07351264,1.129866,1.983017,0.1198667,1.517023,0.4693026,-0.1247809,-0.2440163,0.9617098,0.1533826,1.52418,0.4797404,-0.1537268,-0.2537747,0.9549693,0.08927913,1.519431,0.4624495,-0.100832,-0.248433,0.9633867,0.1213308,1.521806,0.471095,2.671672,345.0958,4.095743,1,5,False
1,Center_Dir_Close,102,16.25999,0.1229067,1.523559,0.4721911,0.1243739,1.232722,0.4614042,-0.5308478,-0.1457298,-0.00917966,0.834793,0.280119,1.044369,0.6373534,-0.07392449,-0.0722445,0.03651642,-0.9939731,MathCanvas,-0.07513799,1.137599,1.985318,0.1213308,1.521806,0.471095,-0.126894,-0.2541841,0.9587952,0.1549017,1.526218,0.4809631,-0.1555217,-0.2531224,0.9548518,0.09091173,1.5209,0.463419,-0.1027082,-0.2473232,0.963474,0.1229067,1.523559,0.4721911,2.49889,344.8684,4.586246,1,5,False
1,Center_Dir_Close,103,16.27999,0.1264121,1.525452,0.4742306,0.1281357,1.232433,0.4619401,-0.5236654,-0.1505,-0.009850086,0.8384673,0.2807756,1.042159,0.6382273,-0.07749668,-0.06580862,0.03414736,-0.9942321,MathCanvas,-0.07659458,1.123933,1.979599,0.1247292,1.52406,0.4731664,-0.131884,-0.2442569,0.9607004,0.158318,1.528474,0.4832068,-0.1601188,-0.2464133,0.9558465,0.09450614,1.522429,0.4652545,-0.1074229,-0.240064,0.9647952,0.1264121,1.525452,0.4742306,2.348759,344.5013,5.214569,1,5,False
1,Center_Dir_Close,104,16.29999,0.1280974,1.526858,0.4753066,0.1298423,1.232047,0.4621516,-0.5218436,-0.1534482,-0.01071341,0.8390579,0.2812332,1.041214,0.6388586,-0.07836917,-0.06337816,0.0336651,-0.994338,MathCanvas,-0.0810042,1.141305,1.985141,0.1264121,1.525452,0.4742306,-0.1338439,-0.24324,0.9606873,0.1599635,1.530022,0.4843751,-0.1620548,-0.2455164,0.955751,0.09623129,1.523694,0.4662381,-0.1094121,-0.2389426,0.9648499,0.1280974,1.526858,0.4753066,2.321218,344.3365,5.459414,1,5,False
1,Center_Dir_Close,105,16.31999,0.1296648,1.520321,0.4747373,0.1373706,1.236936,0.463259,-0.5260959,-0.1539222,-0.008390814,0.8363377,0.2818514,1.042771,0.6361707,-0.09607071,-0.06211952,0.02497026,-0.9931204,MathCanvas,-0.08234486,1.144413,1.985791,0.1285954,1.520902,0.4743297,-0.1345455,-0.2441897,0.9603483,0.1615613,1.523096,0.4838261,-0.1623487,-0.2501237,0.9545057,0.09776821,1.517547,0.4656485,-0.109638,-0.2441237,0.9635264,0.1296648,1.520321,0.4747373,2.389776,344.2953,4.786315,0,5,False
1,Center_Dir_Close,106,16.33999,0.130822,1.51982,0.475222,0.1397393,1.237186,0.4632864,-0.5286412,-0.1566141,-0.009217925,0.8342215,0.2822844,1.042913,0.6359362,-0.09885869,-0.0593903,0.02645249,-0.9929754,MathCanvas,-0.08165084,1.1368,1.983049,0.1296648,1.520321,0.4747373,-0.1360666,-0.2471249,0.9593827,0.1627043,1.522573,0.4843673,-0.1639093,-0.2519819,0.9537499,0.09893964,1.517068,0.4660767,-0.1112123,-0.2460068,0.9628668,0.130822,1.51982,0.475222,2.496387,344.202,4.748511,0,5,False
1,Center_Dir_Close,107,16.35999,0.1318786,1.519154,0.4756736,0.1420715,1.237358,0.463248,-0.5314185,-0.159103,-0.01008073,0.831973,0.2827011,1.043226,0.6356058,-0.1011791,-0.05610821,0.02933341,-0.9928516,MathCanvas,-0.0827717,1.13189,1.981236,0.130822,1.51982,0.475222,-0.1368875,-0.2427801,0.9603747,0.1637491,1.521894,0.4848636,-0.1644288,-0.2468415,0.9550039,0.100008,1.516414,0.4664835,-0.1117353,-0.2408951,0.9640979,0.1318786,1.519154,0.4756736,2.558452,344.1263,4.72706,0,5,False
1,Center_Dir_Close,108,16.37999,0.1335695,1.520041,0.4765796,0.1448109,1.234176,0.4611063,-0.5382509,-0.1543583,-0.008721777,0.8284827,0.2822104,1.04395,0.6334835,-0.09063727,-0.03596007,0.0427529,-0.9943158,MathCanvas,-0.08306754,1.137931,1.983691,0.1328844,1.51938,0.4762148,-0.1385272,-0.2429713,0.9600912,0.1653686,1.52319,0.4858851,-0.1656508,-0.2432492,0.9557142,0.1017703,1.516892,0.4672741,-0.1130656,-0.2366609,0.9649911,0.1335695,1.520041,0.4765796,2.421404,343.9191,5.434525,0,5,False
1,Center_Dir_Close,109,16.39999,0.1343866,1.519919,0.4767362,0.1452459,1.232186,0.4608837,-0.5342573,-0.1485791,-0.006734431,0.8321347,0.2817416,1.041743,0.6333793,-0.08714128,-0.0293304,0.03245349,-0.9952351,MathCanvas,-0.08394808,1.138524,1.98413,0.1335695,1.520041,0.4765796,-0.1306341,-0.2449881,0.960685,0.1661659,1.523129,0.4860888,-0.1578607,-0.2482989,0.9557341,0.1026074,1.516709,0.4673835,-0.1052988,-0.2414769,0.9646767,0.1343866,1.519919,0.4767362,2.430852,343.8365,5.53917,0,5,False
1,Center_Dir_Close,110,16.41999,0.1359885,1.519699,0.4771692,0.1454898,1.231595,0.4609382,-0.5325631,-0.1471498,-0.006308299,0.8334768,0.2817265,1.040037,0.6329424,-0.08584896,-0.01903294,0.02674007,-0.9957674,MathCanvas,-0.0708402,1.135041,1.985977,0.1351891,1.519792,0.4769529,-0.1324426,-0.2455383,0.9602968,0.1677367,1.522994,0.4865972,-0.1593761,-0.2492095,0.9552455,0.1042402,1.516404,0.4677412,-0.1068548,-0.2422433,0.9643133,0.1359885,1.519699,0.4771692,2.502742,343.7097,5.687222,0,5,False
1,Center_Dir_Close,111,16.43999,0.1367602,1.519627,0.4774123,0.1454898,1.231595,0.4609382,-0.5325631,-0.1471498,-0.006308299,0.8334768,0.281776,1.039442,0.6326627,-0.08531711,-0.01389524,0.02534821,-0.9959345,MathCanvas,-0.07209298,1.133933,1.985898,0.1359885,1.519699,0.4771692,-0.1328164,-0.2470976,0.9598451,0.1684882,1.522983,0.4868868,-0.1599623,-0.2506474,0.9547712,0.1050322,1.516271,0.4679378,-0.1074689,-0.2435714,0.9639105,0.1367602,1.519627,0.4774123,2.519136,343.6289,5.792623,0,5,False
1,Center_Dir_Close,112,16.45999,0.1383583,1.521281,0.4775284,0.1454277,1.229006,0.4638134,-0.5019642,-0.1360559,-0.002236165,0.854117,0.2855427,1.033378,0.6360042,-0.09852064,-0.03923281,-0.004826799,-0.9943496,MathCanvas,-0.0719909,1.131257,1.986026,0.1376002,1.520724,0.4772841,-0.1227943,-0.2540288,0.9593701,0.1702737,1.52416,0.4865181,-0.1463687,-0.25714,0.9552252,0.1064429,1.518402,0.4685387,-0.09365109,-0.2507765,0.9635044,0.1383583,1.521281,0.4775284,2.683904,344.5021,4.967463,0,5,False
1,Center_Dir_Close,113,16.47999,0.1390979,1.521849,0.4776693,0.1454204,1.229813,0.4639158,-0.4988303,-0.1357721,-0.0004518293,0.8559989,0.286828,1.032975,0.6361908,-0.09997431,-0.04417473,-0.007667428,-0.9939794,MathCanvas,-0.0547452,1.121801,1.986213,0.1383583,1.521281,0.4775284,-0.1200796,-0.2539596,0.9597319,0.1710427,1.524673,0.4865719,-0.1441175,-0.2574805,0.9554757,0.1071532,1.519026,0.4687667,-0.0913672,-0.2512049,0.963612,0.1390979,1.521849,0.4776693,2.692834,344.6569,4.871359,0,5,False
1,Center_Dir_Close,114,16.49999,0.1408343,1.522671,0.4776716,0.1457353,1.234076,0.4617682,-0.5108653,-0.1386055,0.003416378,0.8484065,0.2917627,1.039098,0.6344304,-0.09967495,-0.06798793,0.01406142,-0.992595,MathCanvas,-0.0498873,1.122159,1.988127,0.139839,1.522433,0.4778073,-0.112284,-0.2547864,0.9604563,0.1728606,1.525442,0.4862931,-0.1327506,-0.2571431,0.957212,0.108808,1.5199,0.4690501,-0.07992353,-0.2509076,0.9647061,0.1408343,1.522671,0.4776716,2.664301,345.1559,4.781565,0,5,False
1,Center_Dir_Close,115,16.51999,0.1417793,1.522648,0.4774262,0.1461975,1.23529,0.460961,-0.5162117,-0.137892,0.003150579,0.8452818,0.2929604,1.042469,0.6324995,-0.09783521,-0.06932867,0.02767253,-0.9923992,MathCanvas,-0.0360452,1.121309,1.990667,0.1408343,1.522671,0.4776716,-0.1064009,-0.2540268,0.9613268,0.1738513,1.525401,0.4858823,-0.1280393,-0.2565436,0.9580142,0.1097073,1.519896,0.4689701,-0.07517006,-0.2503426,0.9652347,0.1417793,1.522648,0.4774262,2.624517,345.4474,4.748863,0,5,False
1,Center_Dir_Close,116,16.53999,0.1426492,1.522688,0.4771804,0.1469051,1.23656,0.460528,-0.5182798,-0.1346122,0.003757566,0.8445422,0.2937424,1.044996,0.6306125,-0.09545068,-0.06866144,0.03510556,-0.9924427,MathCanvas,-0.02596482,1.122168,1.992985,0.1417793,1.522648,0.4774262,-0.09944666,-0.253157,0.9623003,0.1747689,1.525391,0.4854701,-0.1213491,-0.2554061,0.9591882,0.1105296,1.519986,0.4688907,-0.06843381,-0.2492718,0.9660126,0.1426492,1.522688,0.4771804,2.562374,345.7373,4.661891,0,5,False
1,Center_Dir_Close,117,16.55999,0.1444082,1.522962,0.4767829,0.1471618,1.236993,0.4603608,-0.5187125,-0.1340349,0.00425709,0.844366,0.2961422,1.04753,0.629117,-0.09515423,-0.07500221,0.04331752,-0.9916875,MathCanvas,-0.0142547,1.123265,1.995469,0.1435298,1.522829,0.4769841,-0.09135067,-0.2521366,0.9633703,0.1766043,1.525588,0.484796,-0.1139712,-0.2549144,0.9602235,0.112212,1.520337,0.4687697,-0.06098659,-0.2489028,0.9666064,0.1444082,1.522962,0.4767829,2.514836,346.223,4.529368,0,5,False
1,Center_Dir_Close,118,16.57999,0.146353,1.52202,0.4755282,0.1489977,1.237569,0.461314,-0.5143394,-0.1172194,0.009351959,0.8494865,0.2956359,1.050635,0.6240616,-0.08079016,-0.06369163,0.0398239,-0.9938965,MathCanvas,0.0001164079,1.124703,1.998462,0.1444082,1.522962,0.4767829,-0.08753382,-0.25191,0.9637838,0.1786608,1.524603,0.4830931,-0.1010097,-0.2543326,0.9618274,0.1140452,1.519437,0.4679633,-0.04793334,-0.2483937,0.9674724,0.146353,1.52202,0.4755282,2.471079,347.0141,4.455854,0,5,False
1,Center_Dir_Close,119,16.59999,0.1489355,1.521471,0.4739724,0.1512233,1.236471,0.4614454,-0.5170315,-0.1018481,0.01251017,0.8497935,0.2983238,1.052562,0.6202756,-0.0715085,-0.06483854,0.04117707,-0.9944782,MathCanvas,0.007999174,1.123857,1.998862,0.1476876,1.521725,0.4747817,-0.07935645,-0.2510664,0.9647115,0.1814076,1.523961,0.4808318,-0.09519639,-0.2543714,0.9624099,0.1164633,1.51898,0.467113,-0.0419464,-0.2487769,0.967652,0.1489355,1.521471,0.4739724,2.516778,348.2612,4.295691,0,5,False
1,Center_Dir_Close,120,16.61999,0.1502357,1.521141,0.4731894,0.1519737,1.236672,0.4614726,-0.5172775,-0.09711896,0.01393905,0.8501751,0.2993966,1.053889,0.6186702,-0.06824848,-0.06559706,0.04319876,-0.9945718,MathCanvas,0.02330288,1.123996,2.001249,0.1489355,1.521471,0.4739724,-0.07182628,-0.2466309,0.9664441,0.1827707,1.523589,0.4797603,-0.09014522,-0.2495796,0.9641493,0.1177006,1.518693,0.4666185,-0.03683294,-0.244118,0.9690458,0.1502357,1.521141,0.4731894,2.520095,348.7679,4.22143,0,5,False
1,Center_Dir_Close,121,16.63999,0.1519189,1.521389,0.4711785,0.1552297,1.234932,0.4619552,-0.5256495,-0.07224905,0.02337019,0.8473055,0.3061204,1.052049,0.6146961,-0.06073952,-0.0825948,0.031579,-0.9942291,MathCanvas,0.03643008,1.130365,2.004477,0.1516535,1.520799,0.4723599,-0.0545569,-0.2466341,0.9675718,0.1846434,1.523768,0.4767592,-0.06154902,-0.2479026,0.9668278,0.1191944,1.51901,0.4655979,-0.008100331,-0.2425624,0.970102,0.1519189,1.521389,0.4711785,2.408143,350.4949,4.102533,0,5,False
1,Center_Dir_Close,122,16.65999,0.1524154,1.521629,0.4702812,0.1564177,1.235318,0.4622537,-0.5278027,-0.06125297,0.03024323,0.8466154,0.3096857,1.051635,0.6130474,-0.05985979,-0.09630538,0.02855266,-0.9931399,MathCanvas,0.06525765,1.129622,2.008124,0.1519189,1.521389,0.4711785,-0.04773659,-0.2441822,0.9685537,0.1852182,1.523944,0.4754107,-0.06176612,-0.2452714,0.9674848,0.1196126,1.519314,0.4651518,-0.008213021,-0.2402162,0.9706846,0.1524154,1.521629,0.4702812,2.309665,351.2736,3.99177,0,5,False
1,Center_Dir_Close,123,16.67999,0.1529065,1.521919,0.4693727,0.1574695,1.235518,0.4623658,-0.5293924,-0.05246956,0.03459827,0.8460459,0.3126872,1.051718,0.6113374,-0.05838233,-0.1071389,0.02751601,-0.992147,MathCanvas,0.07660183,1.133828,2.008506,0.1524154,1.521629,0.4702812,-0.03502072,-0.2427446,0.9694579,0.1857822,1.524168,0.4740444,-0.04886027,-0.24426,0.968478,0.1200309,1.519669,0.4647009,0.004742727,-0.239317,0.9709299,0.1529065,1.521919,0.4693727,2.239596,352.064,3.877955,0,5,False
1,Center_Dir_Close,124,16.69999,0.1539834,1.522259,0.4675923,0.1595463,1.23587,0.4625667,-0.5322829,-0.03531893,0.04287247,0.8447422,0.3178569,1.052253,0.6079115,-0.05406845,-0.1235859,0.02582589,-0.9905232,MathCanvas,0.09722635,1.135973,2.010736,0.153495,1.522101,0.468437,0.01686968,-0.2349339,-0.9718651,0.1869794,1.52438,0.4713956,-0.03114395,-0.2357176,0.9713225,0.1209875,1.520139,0.4637891,0.02255896,-0.2311045,0.9726674,0.1539834,1.522259,0.4675923,2.082483,353.5579,3.655738,0,5,False
1,Center_Dir_Close,125,16.71999,0.1535106,1.523933,0.4676408,0.1590333,1.23873,0.4615232,-0.53733,-0.01895324,0.05303598,0.8414894,0.3223385,1.053332,0.6051228,-0.05606794,-0.1491587,0.03541771,-0.9865869,MathCanvas,0.09722635,1.135973,2.010736,0.1539834,1.522259,0.4675923,0.004309444,-0.2334116,-0.9723685,0.1865965,1.525995,0.4706022,-0.007332586,-0.2294082,0.9733027,0.1204248,1.52187,0.4646793,0.04639785,-0.2249213,0.9732715,0.1535106,1.523933,0.4676408,1.701436,354.9909,3.554035,0,5,False
1,Center_Dir_Close,126,16.73999,0.1531224,1.525964,0.4666425,0.1591873,1.240599,0.4607663,-0.5430923,0.0009531286,0.06305488,0.8373016,0.326965,1.055166,0.6005633,-0.05203792,-0.1677825,0.04013433,-0.9836312,MathCanvas,0.09722635,1.135973,2.010736,0.1532236,1.525001,0.46714,0.0331834,-0.2247376,0.9738541,0.1862915,1.528009,0.4684657,0.02185446,-0.2247615,0.9741687,0.1199533,1.523919,0.4648193,0.07558482,-0.2203711,0.9724832,0.1531224,1.525964,0.4666425,1.411098,356.9406,3.523568,0,5,False
1,Center_Dir_Close,127,16.75999,0.1529936,1.526969,0.4661634,0.159771,1.241226,0.4606218,-0.5451347,0.01061655,0.06782603,0.8355328,0.3295565,1.055799,0.5985131,-0.05016345,-0.1775306,0.04149085,-0.9819598,MathCanvas,0.206208,1.166437,2.024578,0.1531224,1.525964,0.4666425,0.04872447,-0.2225669,0.9736991,0.1861899,1.528988,0.4674388,0.03760586,-0.2226549,0.9741718,0.1197973,1.524951,0.4648879,0.09130525,-0.2183171,0.9715971,0.1529936,1.526969,0.4661634,1.283456,357.8777,3.478142,0,5,False
1,Center_Dir_Close,128,16.77999,0.1513171,1.525543,0.4647119,0.155705,1.243822,0.4589294,-0.5486583,0.02645271,0.0747138,0.8322813,0.3296938,1.060739,0.5917786,-0.0458051,-0.1922018,0.04455698,-0.9792727,MathCanvas,0.2307426,1.171822,2.019882,0.1521835,1.526891,0.4655481,0.06531784,-0.2200325,0.9733033,0.1845353,1.527604,0.4647731,0.05568263,-0.2238079,0.9730414,0.118099,1.523482,0.4646508,0.1094105,-0.2196089,0.9694335,0.1513171,1.525543,0.4647119,1.292563,359.9747,3.550814,0,5,False
1,Center_Dir_Close,129,16.79999,0.1506435,1.525466,0.464142,0.1544389,1.244242,0.4584184,-0.5500323,0.0335422,0.07711452,0.8308988,0.3301859,1.062712,0.5887645,-0.04370734,-0.1990304,0.04655043,-0.9779109,MathCanvas,0.2555528,1.17441,2.01793,0.1513171,1.525543,0.4647119,0.06626949,-0.2206582,0.9730973,0.1838591,1.527503,0.4636195,0.05629513,-0.2229401,0.9732053,0.1174279,1.52343,0.4646646,0.1100893,-0.2189772,0.9694995,0.1506435,1.525466,0.464142,1.307437,0.9814768,3.509139,0,5,False
1,Center_Dir_Close,130,16.81999,0.1499479,1.525374,0.4635702,0.15406,1.244981,0.4580265,-0.5517176,0.04226886,0.0810874,0.829003,0.3317164,1.064068,0.5861871,-0.04172465,-0.2075664,0.04805585,-0.9761485,MathCanvas,0.2557331,1.175548,2.007271,0.1506435,1.525466,0.464142,0.0832118,-0.2209592,0.9717267,0.1831506,1.527392,0.4624716,0.07300682,-0.2223148,0.9722377,0.1167453,1.523356,0.4646688,0.1267309,-0.218384,0.9675989,0.1499479,1.525374,0.4635702,1.269345,1.972244,3.476872,0,5,False
1,Center_Dir_Close,131,16.83999,0.1484281,1.525279,0.4627144,0.1499914,1.243825,0.4569685,-0.5488982,0.05248674,0.08452469,0.8299467,0.3295403,1.068114,0.5794608,-0.03351879,-0.2072883,0.04960889,-0.9764462,MathCanvas,0.2818452,1.175136,2.003834,0.1491623,1.525279,0.4629966,0.09876712,-0.2185798,0.9708079,0.1815711,1.52731,0.4604534,0.08888531,-0.2204848,0.971332,0.1152851,1.523248,0.4649753,0.1425794,-0.2167524,0.9657585,0.1484281,1.525279,0.4627144,1.244003,3.97865,3.499837,0,5,False
1,Center_Dir_Close,132,16.85999,0.1474763,1.525016,0.4623797,0.1477094,1.242888,0.4565902,-0.5462533,0.05690216,0.08812196,0.8310259,0.3292439,1.069311,0.5765262,-0.0297024,-0.2097899,0.04700474,-0.9761642,MathCanvas,0.3049698,1.178839,2.001404,0.1484281,1.525279,0.4627144,0.1124738,-0.221178,0.9687259,0.1805798,1.526973,0.4595469,0.1018037,-0.2225577,0.9695897,0.1143728,1.523059,0.4652125,0.1554322,-0.2189831,0.9632691,0.1474763,1.525016,0.4623797,1.214152,4.962607,3.371535,0,5,False
1,Center_Dir_Close,133,16.87999,0.1455564,1.524474,0.4616911,0.1449805,1.242683,0.4557919,-0.5452759,0.06994067,0.09504679,0.8299088,0.3296151,1.071803,0.5707799,-0.0231227,-0.2186573,0.04412342,-0.9745294,MathCanvas,0.3250858,1.17575,1.992113,0.1464901,1.524741,0.4620513,0.1451265,-0.2199863,0.9646472,0.1785462,1.526336,0.4577038,0.1349172,-0.2211933,0.9658524,0.1125665,1.522611,0.4656783,0.1883024,-0.217775,0.9576619,0.1455564,1.524474,0.4616911,1.13107,6.95491,3.208049,0,5,False
1,Center_Dir_Close,134,16.89999,0.1446126,1.524189,0.461386,0.1433305,1.242322,0.4554829,-0.5441294,0.07586811,0.09869578,0.8297147,0.3299903,1.073203,0.5679187,-0.02007145,-0.2234095,0.04390836,-0.9735283,MathCanvas,0.3752475,1.176302,1.988434,0.1455564,1.524474,0.4616911,0.1616615,-0.2194845,0.9621289,0.1775317,1.525984,0.4568242,0.1512657,-0.2207387,0.9635316,0.1116936,1.522394,0.4659477,0.2045068,-0.2174304,0.9544113,0.1446126,1.524189,0.461386,1.102361,7.949083,3.092101,0,5,False
1,Center_Dir_Close,135,16.91999,0.1428695,1.52248,0.4616131,0.1380479,1.238836,0.4568795,-0.534529,0.0841997,0.1065658,0.834166,0.3308537,1.071653,0.5612779,-0.01675782,-0.2462656,0.03240164,-0.9685156,MathCanvas,0.3999831,1.177478,1.981224,0.1437208,1.523232,0.4615932,0.1871239,-0.2179315,0.9578573,0.1755846,1.524069,0.455706,0.1791132,-0.218199,0.9593267,0.1101544,1.52089,0.4675201,0.2320876,-0.2153496,0.9485567,0.1428695,1.52248,0.4616131,0.9185348,10.27903,2.737635,0,5,False
1,Center_Dir_Close,136,16.93999,0.1421817,1.521945,0.4616159,0.1363509,1.237891,0.4568323,-0.5330963,0.09019472,0.1101913,0.8339851,0.3319286,1.07155,0.5574353,-0.01587725,-0.2572882,0.03498886,-0.9655706,MathCanvas,0.4387435,1.177894,1.976145,0.1428695,1.52248,0.4616131,0.2056708,-0.2167745,0.9543104,0.1747759,1.523481,0.455062,0.1977219,-0.2171732,0.9558985,0.1095876,1.520408,0.4681697,0.2504772,-0.2144111,0.9440811,0.1421817,1.521945,0.4616159,0.8578638,11.40874,2.64642,0,5,False
1,Center_Dir_Close,137,16.95999,0.1406623,1.520707,0.4617031,0.1329935,1.236418,0.4566398,-0.5301775,0.1021994,0.117611,0.8334476,0.333013,1.072694,0.551025,-0.01144907,-0.2726402,0.03355882,-0.9614624,MathCanvas,0.4669527,1.17964,1.96855,0.1413837,1.521307,0.4616101,0.2408875,-0.2141641,0.9466292,0.1729864,1.522116,0.4539016,0.2323551,-0.2145478,0.9486729,0.1083382,1.519299,0.4695046,0.2846455,-0.2120106,0.9348949,0.1406623,1.520707,0.4617031,0.7505898,13.60073,2.42556,0,5,False
1,Center_Dir_Close,138,16.97999,0.1403272,1.519728,0.4619367,0.1317649,1.234331,0.4562466,-0.5311584,0.1085842,0.1281299,0.8304595,0.3345847,1.070954,0.544844,-0.01376274,-0.2878178,0.03979556,-0.956759,MathCanvas,0.5221819,1.181513,1.960982,0.1406623,1.520707,0.4617031,0.2585922,-0.2132794,0.9421475,0.1724631,1.521129,0.4533916,0.2541187,-0.2150271,0.9429671,0.1081913,1.518327,0.4704817,0.306078,-0.2125019,0.9279867,0.1403272,1.519728,0.4619367,0.7786695,14.92337,2.412331,0,5,False
1,Center_Dir_Close,139,16.99999,0.1398462,1.518453,0.4618714,0.1308563,1.233155,0.4562556,-0.5279016,0.1154503,0.1337891,0.8307175,0.3352724,1.070451,0.5402662,-0.01360869,-0.2970737,0.03985667,-0.9539253,MathCanvas,0.5492079,1.182495,1.951641,0.1403272,1.519728,0.4619367,0.2801987,-0.2137647,0.9358383,0.1717964,1.519822,0.4526514,0.2737051,-0.2153183,0.9374026,0.107896,1.517084,0.4710913,0.3253399,-0.2128449,0.9213311,0.1398462,1.518453,0.4618714,0.7955975,16.12942,2.356955,0,5,False
1,Center_Dir_Close,140,17.01999,0.1387858,1.515929,0.4617529,0.127975,1.23127,0.4559991,-0.5243762,0.1278486,0.1434989,0.8295134,0.3366498,1.070213,0.5320921,-0.01187095,-0.3149249,0.04024953,-0.9481885,MathCanvas,0.5832877,1.18015,1.942926,0.1392742,1.517405,0.4618674,0.3181953,-0.2139867,0.9235591,0.1703251,1.517234,0.4512048,0.3122514,-0.2153285,0.9252744,0.1072464,1.514625,0.472301,0.3631738,-0.2129594,0.9070575,0.1387858,1.515929,0.4617529,0.7959383,18.52331,2.246505,0,5,False
1,Center_Dir_Close,141,17.03999,0.1389929,1.515261,0.4615014,0.129152,1.228926,0.4558103,-0.5214189,0.1330833,0.1505341,0.8293073,0.3370108,1.068464,0.5261024,-0.01605681,-0.3223628,0.04138328,-0.9455748,MathCanvas,0.644062,1.17613,1.928313,0.1387858,1.515929,0.4617529,0.3486639,-0.2245424,0.9099529,0.1702765,1.516737,0.4502384,0.3452326,-0.2245595,0.911256,0.1077094,1.513785,0.4727645,0.3954617,-0.2217568,0.8913103,0.1389929,1.515261,0.4615014,0.7272336,19.83274,2.541998,0,5,False
1,Center_Dir_Close,142,17.05999,0.1388231,1.513796,0.4608898,0.1284425,1.225587,0.4546589,-0.5178317,0.1472988,0.1617584,0.8270355,0.3375387,1.066758,0.5163794,-0.01790932,-0.3337527,0.04289983,-0.9415137,MathCanvas,0.6921015,1.159055,1.90502,0.1388968,1.514808,0.4612844,0.3893321,-0.2253308,0.8931106,0.1696218,1.515487,0.4483888,0.3826412,-0.226875,0.8956079,0.1080245,1.512105,0.4733909,0.4320149,-0.2237185,0.873678,0.1388231,1.513796,0.4608898,0.6443228,22.1249,2.912574,0,5,False
1,Center_Dir_Close,143,17.07999,0.1387255,1.512943,0.4605432,0.127974,1.224076,0.4542019,-0.5152678,0.1547533,0.1668725,0.8262591,0.3379178,1.066114,0.5118134,-0.01809657,-0.3403144,0.04282784,-0.9391615,MathCanvas,0.759644,1.154489,1.885025,0.1388231,1.513796,0.4608898,0.4074761,-0.2252971,0.8849884,0.1692576,1.5147,0.4474131,0.4013816,-0.2268535,0.8873727,0.1081934,1.511186,0.4736733,0.4502882,-0.2235892,0.8644353,0.1387255,1.512943,0.4605432,0.645093,23.30381,3.026913,0,5,False
1,Center_Dir_Close,144,17.09999,0.1389144,1.510979,0.4592942,0.1283779,1.221043,0.4529668,-0.5067142,0.1732059,0.1752502,0.8261524,0.3383977,1.064354,0.5030548,-0.01839229,-0.3510599,0.03864483,-0.9353744,MathCanvas,0.7870713,1.154467,1.868671,0.1387343,1.512001,0.4601099,0.4438809,-0.2251232,0.867346,0.1689263,1.512885,0.4450341,0.4348586,-0.2340563,0.8695492,0.1089025,1.509074,0.4735543,0.4828596,-0.2305385,0.8448068,0.1389144,1.510979,0.4592942,1.074021,25.47627,3.282478,0,5,False
1,Center_Dir_Close,145,17.11999,0.1392289,1.511427,0.4585909,0.1296104,1.220782,0.4523174,-0.5007824,0.1823911,0.1779802,0.8272083,0.3389005,1.063008,0.499817,-0.02008477,-0.3561937,0.03405375,-0.9335754,MathCanvas,0.8487367,1.150979,1.846291,0.1389144,1.510979,0.4592942,0.4590265,-0.2322977,0.8575153,0.1690294,1.513418,0.4439055,0.4474057,-0.2409565,0.8612596,0.1094285,1.509436,0.4732763,0.4950403,-0.2372865,0.835841,0.1392289,1.511427,0.4585909,1.483987,26.32268,3.431351,0,5,False
1,Center_Dir_Close,146,17.13999,0.1396439,1.511597,0.4579324,0.1305766,1.221364,0.4515836,-0.4968858,0.1896289,0.1810493,0.8272645,0.339661,1.062029,0.4966846,-0.02224034,-0.3618355,0.0340837,-0.9313532,MathCanvas,0.8705449,1.141333,1.824775,0.1392289,1.511427,0.4585909,0.4632617,-0.233122,0.8550104,0.1692432,1.513668,0.4428563,0.4509107,-0.2379336,0.8602716,0.1100446,1.509526,0.4730085,0.4984594,-0.2342625,0.8346612,0.1396439,1.511597,0.4579324,1.664768,27.09535,3.569209,0,5,False
1,Center_Dir_Close,147,17.15999,0.1403364,1.511625,0.4565481,0.1306948,1.219494,0.4505453,-0.4897394,0.2046968,0.1895927,0.8260202,0.3407986,1.06043,0.4890205,-0.02433479,-0.3740558,0.03341391,-0.9264846,MathCanvas,0.8760723,1.141012,1.817108,0.1399881,1.511616,0.4572403,0.4884849,-0.2383994,0.8393737,0.1694275,1.513863,0.4405357,0.4790102,-0.2428984,0.843534,0.1112453,1.509387,0.4725605,0.5256969,-0.2389497,0.8164226,0.1403364,1.511625,0.4565481,1.960847,28.9616,3.857763,0,5,False
1,Center_Dir_Close,148,17.17999,0.1413796,1.512445,0.455629,0.1327375,1.2247,0.4481823,-0.4984284,0.2045964,0.1920556,0.8202585,0.3424869,1.060428,0.487957,-0.0281131,-0.3785067,0.04109228,-0.9242585,MathCanvas,0.9186684,1.13177,1.793972,0.1403364,1.511625,0.4565481,0.5025374,-0.2409245,0.8303081,0.1704039,1.51466,0.4394926,0.4825271,-0.2414606,0.8419409,0.1123553,1.510231,0.4717654,0.5291005,-0.2375515,0.81463,0.1413796,1.512445,0.455629,1.875495,29.19753,3.817516,0,5,False
1,Center_Dir_Close,149,17.19999,0.1433069,1.513638,0.4537295,0.1343685,1.22791,0.4459888,-0.5063083,0.2089685,0.1975509,0.8129931,0.3446983,1.06109,0.4831887,-0.02915237,-0.3901809,0.0437934,-0.919234,MathCanvas,0.9392101,1.129953,1.773829,0.1423637,1.513007,0.4546926,0.4997845,-0.2278203,0.8356515,0.1720308,1.515804,0.4370579,0.4838056,-0.2285274,0.844812,0.114583,1.511473,0.4704012,0.5303562,-0.2249238,0.8173931,0.1433069,1.513638,0.4537295,1.805787,30.24907,3.73199,0,5,False
1,Center_Dir_Close,150,17.21999,0.1442601,1.514317,0.4527722,0.1348877,1.22847,0.4450608,-0.5066206,0.213768,0.2011403,0.8106673,0.3456776,1.061105,0.4803672,-0.02961877,-0.3959588,0.04463761,-0.9167044,MathCanvas,0.9354101,1.152569,1.778145,0.1433069,1.513638,0.4537295,0.5075402,-0.2271048,0.8311597,0.1728083,1.51648,0.4358012,0.4928689,-0.2289259,0.8394482,0.1157118,1.512154,0.4697432,0.5391208,-0.2253216,0.8115288,0.1442601,1.514317,0.4527722,1.806849,30.84779,3.728212,0,5,False
1,Center_Dir_Close,151,17.23999,0.1466128,1.515855,0.4507799,0.1367098,1.230953,0.4438619,-0.5131479,0.2188812,0.2035069,0.804584,0.3479118,1.062325,0.4756356,-0.02817726,-0.4063991,0.04672892,-0.9120649,MathCanvas,0.9459618,1.155586,1.765658,0.1452749,1.515065,0.4518013,0.5117571,-0.2250479,0.8291309,0.1748838,1.51786,0.4333323,0.49302,-0.2239249,0.8407074,0.1183417,1.51385,0.4682276,0.5392401,-0.2208966,0.8126653,0.1466128,1.515855,0.4507799,1.66556,31.78164,3.455547,0,5,False
1,Center_Dir_Close,152,17.25999,0.1483807,1.516157,0.4497896,0.1381161,1.232076,0.4444495,-0.5126228,0.2225734,0.2046801,0.8036076,0.3494158,1.064505,0.474715,-0.02537751,-0.406662,0.04979277,-0.9118677,MathCanvas,0.9546435,1.160519,1.759923,0.1466128,1.515855,0.4507799,0.5197711,-0.2247582,0.8242098,0.1765927,1.517995,0.4322281,0.4990097,-0.2230952,0.8373876,0.1201688,1.51432,0.467351,0.5450239,-0.2201554,0.8089997,0.1483807,1.516157,0.4497896,1.479199,31.98331,3.165592,0,5,False
1,Center_Dir_Close,153,17.27999,0.1514406,1.517138,0.447881,0.1400407,1.233637,0.4437976,-0.5110738,0.2316637,0.2090753,0.800889,0.3517164,1.065737,0.4702632,-0.02457532,-0.4140272,0.05301565,-0.908387,MathCanvas,0.9673504,1.16202,1.748443,0.1499135,1.516574,0.4488455,0.5292249,-0.2035737,0.8236982,0.1793814,1.518834,0.4298774,0.5126482,-0.2039462,0.8340251,0.1234998,1.515442,0.4658846,0.5582243,-0.2012315,0.8049171,0.1514406,1.517138,0.447881,1.3312,32.86361,2.922342,0,5,False
1,Center_Dir_Close,154,17.29999,0.1534248,1.517221,0.4469593,0.1419932,1.234074,0.4440885,-0.5054759,0.2381952,0.209219,0.8024865,0.3533594,1.067085,0.4690417,-0.02248064,-0.414551,0.05405587,-0.908141,MathCanvas,0.9877295,1.195448,1.749501,0.1514406,1.517138,0.447881,0.5342995,-0.2025807,0.8206614,0.181261,1.518862,0.4287893,0.5160089,-0.2028145,0.8322266,0.1255886,1.515581,0.4651293,0.5614646,-0.2001735,0.8029246,0.1534248,1.517221,0.4469593,1.267291,33.19691,2.826561,0,5,False
1,Center_Dir_Close,155,17.31999,0.1556042,1.517276,0.4462535,0.1447581,1.233864,0.4439979,-0.5039311,0.242173,0.2087676,0.8023851,0.3552186,1.06816,0.4680863,-0.01945424,-0.4149559,0.04990812,-0.9082634,MathCanvas,0.9966226,1.197521,1.742076,0.1534248,1.517221,0.4469593,0.540266,-0.2015052,0.8170118,0.1833234,1.518855,0.4279001,0.5225707,-0.2015488,0.828431,0.127885,1.515697,0.464607,0.5677885,-0.1990241,0.7987526,0.1556042,1.517276,0.4462535,1.195495,33.5662,2.720301,0,5,False
1,Center_Dir_Close,156,17.33999,0.1597935,1.517768,0.4446735,0.1487167,1.234214,0.443289,-0.504566,0.2482127,0.21232,0.799202,0.3588114,1.069387,0.4651262,-0.01642049,-0.4188523,0.04613439,-0.906733,MathCanvas,1.007916,1.199386,1.735153,0.1576709,1.517535,0.4454201,0.5613267,-0.1985562,0.8034226,0.1872587,1.519265,0.4259353,0.5444162,-0.1985713,0.8149726,0.1323284,1.51627,0.4634116,0.5888364,-0.1960437,0.7841164,0.1597935,1.517768,0.4446735,1.046793,34.35102,2.579071,0,5,False
1,Center_Dir_Close,157,17.35999,0.1619642,1.517925,0.4438818,0.1502058,1.234612,0.4429297,-0.5041379,0.2521582,0.2139912,0.7977901,0.3605353,1.069956,0.4635155,-0.01520068,-0.4213609,0.0454066,-0.9056281,MathCanvas,1.046386,1.204156,1.713647,0.1597935,1.517768,0.4446735,0.576335,-0.212899,0.7889944,0.1893022,1.519369,0.4249544,0.5594561,-0.2129056,0.8010494,0.1346262,1.516482,0.4628092,0.6032453,-0.210307,0.7693284,0.1619642,1.517925,0.4438818,0.9680535,34.73878,2.486204,0,5,False
1,Center_Dir_Close,158,17.37999,0.1668386,1.517831,0.4431075,0.1567591,1.234096,0.4428196,-0.5045508,0.2562346,0.2151689,0.7959113,0.3664788,1.069876,0.4618132,-0.01349378,-0.4291145,0.04771166,-0.9018883,MathCanvas,1.07014,1.182444,1.687161,0.1640971,1.518129,0.4430835,0.58692,-0.2104602,0.7818129,0.1939754,1.519327,0.4238968,0.5682082,-0.2113822,0.7952717,0.1397019,1.516334,0.4623182,0.6116599,-0.2086994,0.7630968,0.1668386,1.517831,0.4431075,0.8790575,35.33509,2.577423,0,5,False
1,Center_Dir_Close,159,17.39999,0.1692831,1.517956,0.4427562,0.1592817,1.234089,0.4425659,-0.5051557,0.2581417,0.2167724,0.7944748,0.3690556,1.069792,0.4610308,-0.01284656,-0.4323368,0.04847583,-0.9003166,MathCanvas,1.09119,1.186373,1.674399,0.1668386,1.517831,0.4431075,0.5974288,-0.2122206,0.7733313,0.1963266,1.519516,0.4234195,0.5797475,-0.2128664,0.7864991,0.1422395,1.516395,0.4620929,0.6227285,-0.2099706,0.7537384,0.1692831,1.517956,0.4427562,0.8365229,35.60478,2.687315,0,5,False
1,Center_Dir_Close,160,17.41999,0.1740999,1.517987,0.4422721,0.1641345,1.2341,0.4419586,-0.5060908,0.2623585,0.2198646,0.7916437,0.3734371,1.070205,0.4586744,-0.01109973,-0.4382991,0.04888472,-0.8974302,MathCanvas,1.10921,1.184072,1.659429,0.1716675,1.517995,0.4425328,0.6056522,-0.2104335,0.7674003,0.200946,1.51962,0.4226681,0.5881442,-0.2106888,0.7808307,0.1472538,1.516355,0.4618761,0.6307902,-0.2076794,0.7476449,0.1740999,1.517987,0.4422721,0.7105983,36.17321,2.811706,0,5,False
1,Center_Dir_Close,161,17.43999,0.1764819,1.517435,0.4426982,0.1684345,1.233588,0.4416039,-0.5066202,0.2591968,0.2194689,0.7924559,0.3753873,1.069007,0.4599817,-0.01277116,-0.4346007,0.04679385,-0.8993161,MathCanvas,1.126155,1.187196,1.648588,0.1740999,1.517987,0.4422721,0.6219131,-0.2114533,0.7539971,0.2033646,1.519273,0.4231627,0.6000229,-0.211638,0.7714803,0.1495992,1.515596,0.4622337,0.642172,-0.2081107,0.7377703,0.1764819,1.517435,0.4426982,0.6388533,36.04098,3.166935,0,5,False
1,Center_Dir_Close,162,17.45999,0.178825,1.517491,0.4427955,0.1715692,1.233153,0.4412522,-0.5068072,0.2568961,0.2202647,0.7928647,0.3770796,1.068248,0.4605255,-0.01385811,-0.431064,0.04593606,-0.9010448,MathCanvas,1.153773,1.185151,1.62755,0.1764819,1.517435,0.4426982,0.6213272,-0.2098747,0.7549207,0.2057282,1.519456,0.4233006,0.5994928,-0.2132145,0.7714582,0.1519217,1.515527,0.4622903,0.6416767,-0.2094781,0.7378142,0.178825,1.517491,0.4427955,0.7383949,35.97184,3.384713,0,5,False
1,Center_Dir_Close,163,17.47999,0.1836424,1.518453,0.4433906,0.1774682,1.232304,0.4404965,-0.5058866,0.2542731,0.2214073,0.793979,0.3780461,1.067457,0.4615389,-0.01537976,-0.4266812,0.04580821,-0.9031103,MathCanvas,1.154413,1.187953,1.628147,0.1812364,1.518019,0.4431113,0.620523,-0.217691,0.7533669,0.2105734,1.520652,0.4239593,0.5992873,-0.221516,0.769276,0.1567113,1.516253,0.4628219,0.6414822,-0.2173646,0.7356991,0.1836424,1.518453,0.4433906,1.066369,35.88184,3.79011,0,5,False
1,Center_Dir_Close,164,17.49999,0.1860217,1.518886,0.4436967,0.178941,1.232191,0.440318,-0.5058541,0.2544194,0.2218466,0.7938303,0.3794679,1.067058,0.4617077,-0.01595196,-0.4253542,0.04570535,-0.9037314,MathCanvas,1.155287,1.177582,1.623049,0.1836424,1.518453,0.4433906,0.6206132,-0.2194407,0.7527849,0.2129536,1.521196,0.4242793,0.5994723,-0.2231866,0.7686487,0.1590899,1.516576,0.4631141,0.6416683,-0.2188516,0.7350957,0.1860217,1.518886,0.4436967,1.171453,35.87253,3.980663,0,5,False
1,Center_Dir_Close,165,17.51999,0.190016,1.518726,0.4450482,0.1863111,1.233002,0.4398256,-0.4922227,0.2483339,0.2167439,0.8056483,0.3857612,1.063668,0.4680772,-0.02948678,-0.4096434,0.04192333,-0.9108047,MathCanvas,1.157465,1.175397,1.622028,0.1883031,1.519219,0.4444393,0.6169022,-0.2237807,0.7545554,0.217307,1.521333,0.4261777,0.5876055,-0.2271845,0.7765996,0.162725,1.516118,0.4639187,0.6303321,-0.2223248,0.7438099,0.190016,1.518726,0.4450482,1.43828,34.77517,4.494825,0,5,False
1,Center_Dir_Close,166,17.53999,0.1918812,1.518903,0.4456741,0.1890724,1.23332,0.4395923,-0.4906037,0.2462974,0.2155984,0.8075661,0.3873301,1.063188,0.4702491,-0.03362063,-0.404914,0.03989745,-0.912865,MathCanvas,1.153505,1.169221,1.623527,0.190016,1.518726,0.4450482,0.6113663,-0.2245154,0.7588307,0.2192875,1.521555,0.4269775,0.5850723,-0.2286852,0.7780704,0.164475,1.516252,0.4643707,0.6279027,-0.2237161,0.7454457,0.1918812,1.518903,0.4456741,1.543182,34.42526,4.571195,0,5,False
1,Center_Dir_Close,167,17.55999,0.1954702,1.519613,0.4468074,0.1931966,1.234913,0.4392459,-0.4950337,0.2346654,0.2116751,0.8093625,0.3900259,1.063331,0.4758256,-0.0402498,-0.3935875,0.03607662,-0.9176968,MathCanvas,1.147114,1.168108,1.631314,0.1938227,1.519114,0.4462736,0.6027371,-0.2277972,0.764733,0.2232288,1.522337,0.4286488,0.5700757,-0.2321045,0.788125,0.1677116,1.516889,0.464966,0.6135221,-0.2270078,0.7563452,0.1954702,1.519613,0.4468074,1.750271,33.33494,4.697043,0,5,False
1,Center_Dir_Close,168,17.57999,0.196837,1.519461,0.4472899,0.1927229,1.236258,0.4397612,-0.5058596,0.2200459,0.2095459,0.8073267,0.3899481,1.065999,0.480767,-0.03595051,-0.3822909,0.0375098,-0.9225802,MathCanvas,1.136083,1.164119,1.640226,0.1954702,1.519613,0.4468074,0.5920141,-0.2295569,0.7725433,0.2248663,1.522192,0.4295533,0.5580261,-0.2340266,0.7961397,0.1688076,1.516729,0.4650266,0.601947,-0.2289118,0.7650223,0.196837,1.519461,0.4472899,1.864218,32.47871,4.710415,0,5,False
1,Center_Dir_Close,169,17.59999,0.1996134,1.519702,0.4483352,0.1949178,1.237473,0.4407473,-0.5128719,0.204514,0.2040384,0.8083965,0.3910367,1.068223,0.4876898,-0.03329188,-0.3638581,0.03781534,-0.9300908,MathCanvas,1.122054,1.160702,1.654643,0.1982757,1.519576,0.4477796,0.5857792,-0.2348379,0.7757022,0.2280968,1.522442,0.4313384,0.5529687,-0.2391839,0.7981333,0.1711301,1.516963,0.4653319,0.5970377,-0.2337929,0.7673896,0.1996134,1.519702,0.4483352,2.098088,30.99896,4.724737,0,5,False
1,Center_Dir_Close,170,17.61999,0.2009865,1.519793,0.4488854,0.1967359,1.238063,0.4408424,-0.5148861,0.1987335,0.2023076,0.8089925,0.3920597,1.068737,0.4904729,-0.03379187,-0.357025,0.03734685,-0.932736,MathCanvas,1.114373,1.152977,1.65968,0.1996134,1.519702,0.4483352,0.5907785,-0.2348523,0.7718971,0.2296571,1.522557,0.4322105,0.5600383,-0.2395049,0.7930917,0.1723159,1.51703,0.4655603,0.6037806,-0.2338285,0.7620848,0.2009865,1.519793,0.4488854,2.210556,30.36672,4.766568,0,5,False
1,Center_Dir_Close,171,17.63999,0.2019069,1.520142,0.4495808,0.1963833,1.238069,0.4428397,-0.5187945,0.1882538,0.1935585,0.8111399,0.391767,1.069962,0.4956559,-0.03243765,-0.3446387,0.03536917,-0.9375079,MathCanvas,1.124579,1.152637,1.65563,0.2009865,1.519793,0.4488854,0.582118,-0.2366677,0.7778991,0.2308937,1.522839,0.4334503,0.544496,-0.2390566,0.8039752,0.1729202,1.517445,0.4657112,0.5888286,-0.2334907,0.7737978,0.2019069,1.520142,0.4495808,2.174202,29.27177,4.650981,0,5,False
1,Center_Dir_Close,172,17.65999,0.2037686,1.521106,0.451379,0.1961672,1.237651,0.4453995,-0.526103,0.1709629,0.1792471,0.8135465,0.3917888,1.070673,0.5059691,-0.03040552,-0.330196,0.02949532,-0.9429614,MathCanvas,1.11241,1.149965,1.666309,0.2028107,1.520667,0.4505152,0.5504789,-0.2322076,0.8019056,0.2333573,1.523658,0.436356,0.5122874,-0.2324177,0.826767,0.1741798,1.518554,0.466402,0.5577761,-0.2271329,0.7983086,0.2037686,1.521106,0.451379,1.809334,27.05732,4.399405,0,5,False
1,Center_Dir_Close,173,17.67999,0.2047525,1.521363,0.4521556,0.1964649,1.23759,0.4460427,-0.5284556,0.1639019,0.1742876,0.8145519,0.392178,1.071124,0.5101126,-0.0299035,-0.3229161,0.02829772,-0.9455317,MathCanvas,1.06685,1.157034,1.708666,0.2037686,1.521106,0.451379,0.5439489,-0.2305781,0.8068168,0.234596,1.523906,0.4376437,0.5069839,-0.2317245,0.8302234,0.174909,1.518821,0.4666674,0.5526173,-0.2263255,0.8021165,0.2047525,1.521363,0.4521556,1.715339,26.06348,4.383686,0,5,False
1,Center_Dir_Close,174,17.69999,0.2062546,1.521163,0.4537694,0.1967937,1.237217,0.4469513,-0.5295384,0.1521042,0.1638165,0.8183017,0.3918777,1.071517,0.5194752,-0.02847657,-0.3076726,0.02887786,-0.9506276,MathCanvas,1.058322,1.159538,1.71822,0.2057033,1.521713,0.4529676,0.5384639,-0.2256979,0.8118603,0.236602,1.523699,0.4403419,0.4993259,-0.2291692,0.8355567,0.1759073,1.518626,0.4671969,0.5450947,-0.2234801,0.8080398,0.2062546,1.521163,0.4537694,1.697503,23.99727,4.373396,0,5,False
1,Center_Dir_Close,175,17.71999,0.2066256,1.520634,0.4545574,0.1969147,1.236794,0.4470033,-0.527091,0.1476123,0.1571647,0.8220006,0.3908426,1.071414,0.5240549,-0.02898881,-0.3006572,0.03084336,-0.9527925,MathCanvas,1.051007,1.167084,1.727431,0.2062546,1.521163,0.4537694,0.5223936,-0.2263256,0.8221202,0.2372033,1.523126,0.4416543,0.4844866,-0.2315901,0.8435869,0.1760479,1.518141,0.4674604,0.5307308,-0.2259566,0.816865,0.2066256,1.520634,0.4545574,1.831854,23.01622,4.296718,0,5,False
1,Center_Dir_Close,176,17.73999,0.2077528,1.520163,0.4560111,0.1979359,1.236617,0.4478444,-0.5284778,0.1349719,0.14668,0.8252144,0.3903529,1.071924,0.5323723,-0.02887038,-0.2862968,0.03108545,-0.9572013,MathCanvas,1.026198,1.165556,1.744365,0.2071945,1.520409,0.4552538,0.5072736,-0.2250592,0.8318785,0.2387613,1.522603,0.4441699,0.4692806,-0.2286405,0.8529356,0.1767443,1.517723,0.4678523,0.5158983,-0.2229148,0.8271384,0.2077528,1.520163,0.4560111,1.96033,21.0445,4.206936,0,5,False
1,Center_Dir_Close,177,17.75999,0.2081992,1.51982,0.4567461,0.1984112,1.236326,0.4479765,-0.5281195,0.1286702,0.1407723,0.8274763,0.3899803,1.072145,0.536496,-0.02884889,-0.2791969,0.03137639,-0.9592875,MathCanvas,1.003555,1.167094,1.761047,0.2077528,1.520163,0.4560111,0.4927602,-0.2257787,0.8403639,0.2394054,1.52224,0.4454318,0.4545996,-0.2301197,0.8604558,0.176993,1.5174,0.4680603,0.5016513,-0.224415,0.8354543,0.2081992,1.51982,0.4567461,2.043534,20.07787,4.172634,0,5,False
1,Center_Dir_Close,178,17.77999,0.2081933,1.519212,0.457136,0.1987787,1.23534,0.4474104,-0.5251641,0.1209803,0.135252,0.8314286,0.3866265,1.071777,0.5387115,-0.02958906,-0.2699372,0.03380816,-0.9618292,MathCanvas,0.9806224,1.165902,1.774053,0.2081992,1.51982,0.4567461,0.5046524,-0.2250417,0.8334759,0.239557,1.521708,0.4462831,0.4694358,-0.2314626,0.8520887,0.1768297,1.516716,0.4679888,0.515833,-0.2252553,0.8265449,0.2081933,1.519212,0.457136,2.268611,19.25802,4.30505,0,5,False
1,Center_Dir_Close,179,17.79999,0.2081541,1.518112,0.458265,0.1993789,1.234376,0.4477638,-0.5253486,0.1049588,0.1261101,0.8349184,0.3834841,1.071637,0.5444623,-0.03006113,-0.2509251,0.033566,-0.9669572,MathCanvas,0.9974268,1.167266,1.760622,0.2081868,1.518541,0.4576896,0.4964667,-0.2300733,0.8370108,0.2398332,1.520578,0.448363,0.4600626,-0.2354421,0.8561013,0.1764749,1.515647,0.4681669,0.5065784,-0.2290171,0.8312218,0.2081541,1.518112,0.458265,2.522068,17.54515,4.25222,0,5,False
1,Center_Dir_Close,180,17.81999,0.2081757,1.517682,0.4587855,0.1998071,1.234054,0.4479972,-0.525321,0.09784646,0.1210041,0.8365536,0.3822344,1.071628,0.5475548,-0.0300816,-0.2422927,0.03349519,-0.9691581,MathCanvas,0.9834585,1.15882,1.765378,0.2081541,1.518112,0.458265,0.4836842,-0.2322955,0.8438533,0.2400061,1.520127,0.449376,0.4467849,-0.2373884,0.8625717,0.1763453,1.515236,0.468195,0.4936792,-0.2309856,0.8384072,0.2081757,1.517682,0.4587855,2.628892,16.6622,4.218402,0,5,False
1,Center_Dir_Close,181,17.83999,0.2070465,1.518368,0.4595625,0.1992862,1.232881,0.4481812,-0.5279858,0.08237983,0.1175353,0.8370365,0.3795598,1.070466,0.5495167,-0.02836633,-0.2320177,0.03181699,-0.9717771,MathCanvas,0.9627892,1.155269,1.775312,0.2078366,1.517553,0.4591359,0.4667337,-0.2349545,0.8526172,0.2390892,1.520879,0.4509222,0.4347285,-0.2353772,0.8692576,0.1750037,1.515857,0.4682028,0.481866,-0.2287633,0.8458561,0.2070465,1.518368,0.4595625,2.579074,15.28609,4.331149,0,5,False
1,Center_Dir_Close,182,17.85999,0.206222,1.518218,0.4597526,0.1989434,1.23269,0.4483663,-0.5270529,0.07810231,0.1163002,0.8382062,0.37905,1.069245,0.5500241,-0.02893388,-0.230681,0.03108546,-0.9721023,MathCanvas,0.9355044,1.151661,1.790291,0.2070465,1.518368,0.4595625,0.4584487,-0.2320715,0.8578855,0.2383534,1.520738,0.451451,0.425595,-0.2354405,0.8737486,0.1740905,1.515699,0.4680543,0.472975,-0.2288122,0.8508464,0.206222,1.518218,0.4597526,2.585801,14.68293,4.345804,0,5,False
1,Center_Dir_Close,183,17.87999,0.2046874,1.518305,0.4602884,0.1988028,1.232201,0.4487169,-0.5265679,0.06653144,0.1106832,0.8402672,0.3773211,1.067932,0.5536957,-0.03010404,-0.2207586,0.02994338,-0.9744039,MathCanvas,0.9215957,1.156089,1.798416,0.2054714,1.518205,0.4600265,0.4486416,-0.2260154,0.8646605,0.2370056,1.520845,0.4527533,0.4143224,-0.2303031,0.8805097,0.1723692,1.515765,0.4678235,0.4618868,-0.2235729,0.8582982,0.2046874,1.518305,0.4602884,2.692119,13.33047,4.381644,0,5,False
1,Center_Dir_Close,184,17.89999,0.2034025,1.519049,0.4606443,0.197897,1.232855,0.4488699,-0.5266534,0.06432451,0.1106837,0.8403854,0.3771727,1.06586,0.5538171,-0.03582976,-0.2227126,0.02784535,-0.9738275,MathCanvas,0.9055009,1.165251,1.810956,0.2046874,1.518305,0.4602884,0.4382474,-0.2269394,0.8697343,0.2357787,1.52155,0.4533492,0.4075236,-0.2321565,0.8831918,0.1710263,1.516548,0.4679395,0.4552593,-0.2254682,0.861338,0.2034025,1.519049,0.4606443,2.789609,12.90841,4.314707,0,5,False
1,Center_Dir_Close,185,17.91999,0.2023562,1.519458,0.4609059,0.1973599,1.233234,0.4489912,-0.5271174,0.06017742,0.1092134,0.8405941,0.3764574,1.064913,0.5553172,-0.03775647,-0.2198141,0.02719274,-0.9744315,MathCanvas,0.8881248,1.164476,1.819526,0.2034025,1.519049,0.4606443,0.4314938,-0.2256604,0.873436,0.2348038,1.521969,0.4539385,0.3986089,-0.2294558,0.8879532,0.1699087,1.516947,0.4678734,0.4465611,-0.222782,0.8665745,0.2023562,1.519458,0.4609059,2.821539,12.33267,4.332043,0,5,False
1,Center_Dir_Close,186,17.93999,0.1995826,1.520675,0.4615238,0.1950831,1.235355,0.4489547,-0.5301904,0.05519491,0.1083997,0.8391073,0.3755188,1.062832,0.5569022,-0.04526648,-0.2241536,0.02891555,-0.9730725,MathCanvas,0.8769429,1.166666,1.826414,0.2008762,1.520083,0.4612423,0.4154437,-0.22574,0.8811628,0.2321335,1.523186,0.4550565,0.3830379,-0.2294164,0.8947905,0.1670317,1.518163,0.4679912,0.4313774,-0.2227665,0.874236,0.1995826,1.520675,0.4615238,2.80478,11.44979,4.332281,0,5,False
1,Center_Dir_Close,187,17.95999,0.1979713,1.521039,0.4616958,0.1938033,1.236327,0.4489,-0.5319785,0.05300512,0.107051,0.8382896,0.3743969,1.062506,0.5576555,-0.04891423,-0.2253206,0.03043372,-0.97258,MathCanvas,0.8498504,1.167338,1.840752,0.1995826,1.520675,0.4615238,0.4073392,-0.2260927,0.8848485,0.2305619,1.523565,0.4554374,0.3773837,-0.2287485,0.8973604,0.1653807,1.518512,0.4679542,0.425851,-0.2220815,0.877115,0.1979713,1.521039,0.4616958,2.770075,11.08123,4.358521,0,5,False
1,Center_Dir_Close,188,17.97999,0.1947627,1.521703,0.4621284,0.1905075,1.238358,0.4492759,-0.5358394,0.04982752,0.104023,0.8364046,0.3708864,1.063301,0.559234,-0.05238986,-0.222273,0.03089307,-0.9730856,MathCanvas,0.8361692,1.166808,1.84803,0.1965108,1.521549,0.4619257,0.3890553,-0.2223381,0.8939809,0.2274297,1.524211,0.4562739,0.3610675,-0.225138,0.9049548,0.1620957,1.519195,0.4679829,0.4099491,-0.2186031,0.8855249,0.1947627,1.521703,0.4621284,2.742186,10.36796,4.326376,0,5,False
1,Center_Dir_Close,189,17.99999,0.1931309,1.522269,0.4623697,0.1891542,1.239048,0.4496247,-0.5367947,0.04740611,0.1021935,0.8361582,0.3690096,1.064064,0.5599356,-0.05184043,-0.2200592,0.03134086,-0.9736037,MathCanvas,0.8053697,1.172752,1.865196,0.1947627,1.521703,0.4621284,0.3687443,-0.2194128,0.9032639,0.2258316,1.524793,0.4567143,0.3384598,-0.2221811,0.9143744,0.1604302,1.519744,0.4680252,0.3879919,-0.2158608,0.8960281,0.1931309,1.522269,0.4623697,2.724836,10.01948,4.355523,0,5,False
1,Center_Dir_Close,190,18.01999,0.189577,1.523067,0.4627393,0.1868315,1.240277,0.4501041,-0.5386773,0.04180728,0.09864285,0.8356726,0.3661215,1.064275,0.5618817,-0.05361212,-0.2162281,0.03201884,-0.9743439,MathCanvas,0.7727394,1.177386,1.882159,0.1913702,1.522651,0.4625482,0.348702,-0.2189923,0.9112899,0.2223464,1.525601,0.4575011,0.3178335,-0.2217138,0.9218594,0.1568076,1.520532,0.4679776,0.3678553,-0.2154918,0.9045694,0.189577,1.523067,0.4627393,2.667945,9.285908,4.371901,0,5,False
1,Center_Dir_Close,191,18.03999,0.1878031,1.523489,0.4629092,0.1857521,1.240884,0.4502861,-0.5396854,0.03876949,0.09688783,0.8353738,0.3647857,1.064215,0.5629137,-0.05494022,-0.2144338,0.03227348,-0.974658,MathCanvas,0.7383869,1.178402,1.896987,0.189577,1.523067,0.4627393,0.3429545,-0.2186039,0.9135615,0.2206066,1.526027,0.4578908,0.3116656,-0.2214006,0.9240381,0.1549997,1.52095,0.4679277,0.3618014,-0.2151745,0.907083,0.1878031,1.523489,0.4629092,2.650571,8.900912,4.379457,0,5,False
1,Center_Dir_Close,192,18.05999,0.1838184,1.521752,0.4633755,0.1801472,1.239963,0.452721,-0.5425408,0.04248196,0.09545735,0.8335063,0.3585686,1.067532,0.5641158,-0.04358122,-0.206442,0.03346729,-0.9769147,MathCanvas,0.7279148,1.179214,1.901657,0.1857476,1.522073,0.4631422,0.3205373,-0.2153044,0.9224423,0.2166426,1.524195,0.4584457,0.291804,-0.2169485,0.9315491,0.1509942,1.519309,0.4683053,0.3424524,-0.2111158,0.9155088,0.1838184,1.521752,0.4633755,2.190699,8.702623,4.211961,0,5,False
1,Center_Dir_Close,193,18.07999,0.1818542,1.521252,0.4636447,0.1781496,1.239788,0.4532717,-0.5438514,0.04279021,0.09507184,0.83268,0.3567048,1.06772,0.5651587,-0.04208794,-0.2047614,0.03248306,-0.977367,MathCanvas,0.6890752,1.182372,1.917404,0.1838184,1.521752,0.4633755,0.3172303,-0.214033,0.9238803,0.2146968,1.523619,0.4588022,0.2887549,-0.2156218,0.9328065,0.1490115,1.518885,0.4684873,0.3394596,-0.2099231,0.9168966,0.1818542,1.521252,0.4636447,2.09198,8.536899,4.081059,0,5,False
1,Center_Dir_Close,194,18.09999,0.1798888,1.520857,0.463874,0.1764828,1.239982,0.4537516,-0.5450814,0.04150911,0.09386002,0.8320779,0.3548622,1.068045,0.5661241,-0.04131765,-0.2025263,0.0324697,-0.9778659,MathCanvas,0.6819725,1.183826,1.920156,0.1818542,1.521252,0.4636447,0.3057607,-0.2137319,0.9278088,0.2127533,1.523186,0.4591629,0.2761398,-0.2150988,0.9367387,0.1470243,1.518528,0.4685851,0.327132,-0.209567,0.921448,0.1798888,1.520857,0.463874,1.997493,8.297864,4.014991,0,5,False
1,Center_Dir_Close,195,18.11999,0.1759331,1.518226,0.464561,0.1715389,1.237592,0.4561028,-0.544763,0.04956715,0.09462307,0.831759,0.3525854,1.066786,0.5688004,-0.03728211,-0.2097198,0.02830919,-0.9766403,MathCanvas,0.6620355,1.183828,1.926913,0.1779746,1.519535,0.4642114,0.301997,-0.2118054,0.9294817,0.2087964,1.520191,0.459678,0.2785239,-0.2137547,0.9363405,0.1430699,1.516262,0.4694439,0.3294944,-0.2088243,0.9207746,0.1759331,1.518226,0.464561,1.828699,8.559509,3.385572,0,5,False
1,Center_Dir_Close,196,18.13999,0.1739177,1.517046,0.4650802,0.1692114,1.236759,0.4572745,-0.5456522,0.05018634,0.09449203,0.8311536,0.3514048,1.066488,0.5699224,-0.03570187,-0.2124584,0.02775549,-0.9761232,MathCanvas,0.6521648,1.184222,1.930299,0.1759331,1.518226,0.464561,0.2943002,-0.2185319,0.930393,0.206781,1.518869,0.4601433,0.2691476,-0.2204005,0.937541,0.1410543,1.515224,0.4700171,0.3203593,-0.2157668,0.9223961,0.1739177,1.517046,0.4650802,1.763537,8.640138,3.141225,0,5,False
1,Center_Dir_Close,197,18.15999,0.1698277,1.514897,0.4659068,0.1678113,1.236515,0.457817,-0.5462208,0.0504514,0.09406231,0.8308128,0.3497796,1.066251,0.5712363,-0.03398243,-0.2143971,0.02707701,-0.9757797,MathCanvas,0.6375276,1.172794,1.930725,0.1718926,1.51592,0.4654751,0.2937667,-0.2171847,0.930877,0.2027022,1.516481,0.4609613,0.2677436,-0.2190147,0.9382675,0.1369533,1.513313,0.4708523,0.3189838,-0.2147787,0.9231031,0.1698277,1.514897,0.4659068,1.628444,8.632814,2.729104,0,5,False
1,Center_Dir_Close,198,18.17999,0.1680256,1.520524,0.4693779,0.1602539,1.233243,0.4609382,-0.5461616,0.05747392,0.1024827,0.8293983,0.348918,1.064759,0.5723826,-0.02848196,-0.2275786,0.02729263,-0.9729604,MathCanvas,0.632634,1.17274,1.932429,0.1698277,1.514897,0.4659068,0.293462,-0.2168972,0.9310401,0.2008523,1.522103,0.4641239,0.2765464,-0.2224194,0.9349073,0.1351988,1.518945,0.474632,0.3276423,-0.2181651,0.9192684,0.1680256,1.520524,0.4693779,1.829085,9.180233,2.72128,0,5,False
1,Center_Dir_Close,199,18.19999,0.1641327,1.518996,0.4720135,0.1550593,1.232886,0.4628839,-0.5339821,0.07286073,0.1078575,0.8354169,0.3476802,1.062998,0.573241,-0.03073037,-0.2423881,0.03042269,-0.9692152,MathCanvas,0.6303568,1.178816,1.936174,0.1662294,1.519532,0.4707626,0.2886942,-0.1928086,0.9378062,0.1969074,1.520574,0.4664439,0.2668675,-0.1943759,0.9439278,0.1313579,1.517417,0.4775831,0.3182507,-0.1905324,0.9286624,0.1641327,1.518996,0.4720135,1.636516,9.722222,2.719656,0,5,False
1,Center_Dir_Close,200,18.21999,0.1621023,1.518864,0.4733975,0.1525513,1.232357,0.4638461,-0.5322554,0.07629213,0.1093222,0.8360218,0.3466495,1.062482,0.5740347,-0.0299606,-0.2464482,0.03068123,-0.9682068,MathCanvas,0.620061,1.214497,1.95307,0.1641327,1.518996,0.4720135,0.292659,-0.1924546,0.9366493,0.1948607,1.520397,0.4677202,0.2696847,-0.1935,0.9433069,0.1293439,1.517331,0.4790748,0.3210229,-0.1897363,0.9278709,0.1621023,1.518864,0.4733975,1.576735,9.904893,2.64105,0,5,False
1,Center_Dir_Close,201,18.23999,0.1597244,1.517814,0.4749065,0.1508067,1.233552,0.4653652,-0.5279208,0.08015275,0.1085934,0.8385003,0.3462472,1.061526,0.5736097,-0.0374217,-0.2584126,0.03518805,-0.964668,MathCanvas,0.6244198,1.214841,1.953035,0.1621023,1.518864,0.4733975,0.2954549,-0.1916184,0.9359427,0.1924437,1.519228,0.4689787,0.2762,-0.1966749,0.9407617,0.127005,1.5164,0.4808343,0.3274318,-0.1930833,0.9249364,0.1597244,1.517814,0.4749065,1.741568,10.34302,2.435943,0,5,False
1,Center_Dir_Close,202,18.25999,0.1559989,1.517521,0.4783694,0.1468303,1.23577,0.4676311,-0.5379276,0.0684974,0.1092182,0.8330747,0.3434226,1.062389,0.5713425,-0.0442014,-0.2661311,0.04822213,-0.9617147,MathCanvas,0.626389,1.215157,1.953208,0.1578413,1.517946,0.4766067,0.2823751,-0.2016959,0.9378609,0.1886566,1.519024,0.4721316,0.2608088,-0.2037716,0.9436397,0.1233412,1.516017,0.4846071,0.3124386,-0.2002677,0.9285876,0.1559989,1.517521,0.4783694,2.080652,10.9076,2.590479,0,5,False
1,Center_Dir_Close,203,18.27999,0.1541466,1.516969,0.4801715,0.1445835,1.235845,0.4685706,-0.5388659,0.06743253,0.1099287,0.8324615,0.3417085,1.062664,0.5708166,-0.04407454,-0.2661635,0.0519314,-0.9615184,MathCanvas,0.6006057,1.199945,1.955055,0.1559989,1.517521,0.4783694,0.2867227,-0.2020199,0.936471,0.1867779,1.518492,0.4738017,0.2647484,-0.2034934,0.9426021,0.1215153,1.515446,0.4865414,0.3163148,-0.1999587,0.9273411,0.1541466,1.516969,0.4801715,2.067033,11.14037,2.624654,0,5,False
1,Center_Dir_Close,204,18.29999,0.1503931,1.515944,0.4836578,0.142427,1.235986,0.4695259,-0.5391803,0.06758522,0.110747,0.832137,0.3388502,1.062627,0.5703945,-0.04519844,-0.2703778,0.05789368,-0.9599486,MathCanvas,0.6055368,1.198927,1.954466,0.1522816,1.516425,0.4819029,0.2947607,-0.2092118,0.9323876,0.1829671,1.517488,0.4770063,0.2730072,-0.2115715,0.9384586,0.117819,1.5144,0.4903092,0.3244379,-0.2079612,0.9227634,0.1503931,1.515944,0.4836578,2.119556,11.63935,2.660615,0,5,False
1,Center_Dir_Close,205,18.31999,0.1492452,1.513181,0.4854946,0.1384909,1.232795,0.4722695,-0.5404093,0.06860323,0.1081578,0.8315969,0.3351436,1.061962,0.5697952,-0.0368734,-0.2482,0.043858,-0.9670128,MathCanvas,0.613507,1.187241,1.94858,0.1503931,1.515944,0.4836578,0.2988259,-0.2097668,0.9309677,0.1818111,1.514838,0.4788305,0.2740533,-0.2017401,0.9403168,0.1166792,1.511525,0.4921588,0.3254654,-0.1979982,0.9245913,0.1492452,1.513181,0.4854946,1.557505,11.64275,2.854109,0,5,False
1,Center_Dir_Close,206,18.33999,0.1469071,1.510689,0.4881488,0.135312,1.22854,0.4752505,-0.5424864,0.0705247,0.10623,0.8303313,0.3330276,1.059253,0.5698677,-0.03474284,-0.2476297,0.03679142,-0.9675324,MathCanvas,0.6185397,1.183751,1.947544,0.1480957,1.511782,0.4867856,0.2892209,-0.2048869,0.935079,0.1794449,1.512518,0.4813931,0.2653937,-0.2077602,0.9414892,0.1143693,1.50886,0.4949046,0.3170072,-0.2038494,0.9262569,0.1469071,1.510689,0.4881488,1.633436,11.8195,3.151981,0,5,False
1,Center_Dir_Close,207,18.35999,0.1457733,1.509498,0.4895649,0.1336793,1.22683,0.4766776,-0.5431737,0.07126092,0.1055022,0.8299118,0.3317423,1.058712,0.5697793,-0.03411815,-0.2471084,0.03581144,-0.9677246,MathCanvas,0.6007447,1.189186,1.95545,0.1469071,1.510689,0.4881488,0.2864892,-0.2088494,0.9350433,0.1782941,1.511384,0.482743,0.2628253,-0.2108778,0.9415166,0.1132526,1.507612,0.4963869,0.3145014,-0.2069173,0.9264308,0.1457733,1.509498,0.4895649,1.645295,11.94069,3.250373,0,5,False
1,Center_Dir_Close,208,18.37999,0.1452893,1.509974,0.4931061,0.1336261,1.21986,0.4805979,-0.5401537,0.07487094,0.1030569,0.83187,0.3332248,1.051439,0.5703292,-0.03938079,-0.2568756,0.03469822,-0.9650182,MathCanvas,0.5952377,1.18184,1.956526,0.1445801,1.508209,0.490996,0.2912762,-0.2084151,0.9336602,0.1777838,1.511943,0.4861833,0.266302,-0.2118654,0.9403172,0.1127948,1.508005,0.500029,0.3179207,-0.2077665,0.9250727,0.1452893,1.509974,0.4931061,1.712453,12.12838,3.393064,0,5,False
1,Center_Dir_Close,209,18.39999,0.145022,1.509951,0.4945381,0.1329992,1.21803,0.482024,-0.5374238,0.07685785,0.1039542,0.8333439,0.3333583,1.04881,0.570553,-0.04123208,-0.2598764,0.03381183,-0.9641685,MathCanvas,0.6018429,1.183299,1.956549,0.1452893,1.509974,0.4931061,0.2761695,-0.2214898,0.9352394,0.1775022,1.512021,0.487578,0.2518924,-0.2235812,0.9415741,0.1125417,1.507881,0.5014983,0.3038012,-0.2194576,0.9271155,0.145022,1.509951,0.4945381,1.727457,12.20258,3.567446,0,5,False
1,Center_Dir_Close,210,18.41999,0.1446111,1.509824,0.4960481,0.131829,1.216169,0.4834669,-0.5368056,0.0780374,0.1036779,0.8336672,0.3327979,1.047044,0.5706159,-0.04190007,-0.2613667,0.03291154,-0.9637679,MathCanvas,0.5773694,1.163205,1.958669,0.145022,1.509951,0.4945381,0.2780251,-0.2216219,0.9346581,0.1770751,1.511962,0.4890329,0.2540495,-0.2235279,0.941007,0.1121471,1.507685,0.5030633,0.3059238,-0.2193043,0.9264536,0.1446111,1.509824,0.4960481,1.724384,12.30475,3.68553,0,5,False
1,Center_Dir_Close,211,18.43999,0.145047,1.512521,0.4982862,0.1344802,1.219444,0.4852598,-0.5089697,0.08468632,0.1143759,0.8489383,0.3348382,1.040896,0.5715809,-0.05547178,-0.2715326,0.03346879,-0.9602463,MathCanvas,0.5798598,1.162874,1.959257,0.144253,1.509888,0.4975035,0.2816665,-0.2216512,0.9335603,0.1775054,1.514848,0.4913054,0.254082,-0.2364962,0.937823,0.1125887,1.510193,0.505267,0.3059554,-0.2319287,0.9233636,0.145047,1.512521,0.4982862,2.502589,12.31324,4.014092,0,5,False
1,Center_Dir_Close,212,18.45999,0.1454141,1.513887,0.4993876,0.1357206,1.221848,0.4857592,-0.5019503,0.08557534,0.1174173,0.8526054,0.3359698,1.039419,0.5716644,-0.06673516,-0.2776867,0.03705964,-0.9576341,MathCanvas,0.5860553,1.165479,1.959971,0.145047,1.512521,0.4982862,0.2804881,-0.2250221,0.9331085,0.1778808,1.516215,0.4924461,0.2534151,-0.2321223,0.9390953,0.1129473,1.511559,0.5063291,0.3052958,-0.2275618,0.9246675,0.1454141,1.513887,0.4993876,2.787302,12.26389,4.01569,0,5,False
1,Center_Dir_Close,213,18.47999,0.1463588,1.51655,0.5014368,0.1368883,1.224247,0.4870785,-0.4939568,0.08743582,0.1212866,0.8565344,0.3368577,1.036361,0.571731,-0.07937137,-0.2859021,0.04015708,-0.9541214,MathCanvas,0.5849574,1.161263,1.96163,0.1458707,1.515153,0.5004463,0.2788581,-0.2343699,0.9312942,0.1788305,1.518922,0.4945336,0.2527899,-0.2406462,0.9371161,0.1138871,1.514177,0.50834,0.3046809,-0.2359848,0.9227571,0.1463588,1.51655,0.5014368,3.294476,12.2376,4.094628,0,5,False
1,Center_Dir_Close,214,18.49999,0.1474027,1.517832,0.5020763,0.1392645,1.229402,0.4861894,-0.502266,0.08393868,0.1211803,0.8520555,0.3377045,1.037987,0.5712106,-0.08656964,-0.2890335,0.0447794,-0.9523445,MathCanvas,0.582863,1.149684,1.959217,0.1463588,1.51655,0.5014368,0.2788281,-0.2383162,0.9303012,0.1798901,1.52013,0.4952218,0.2508895,-0.2451307,0.9364643,0.1149153,1.515534,0.5089309,0.3028122,-0.2405759,0.9221866,0.1474027,1.517832,0.5020763,3.553294,12.16038,3.966129,0,5,False
1,Center_Dir_Close,215,18.51999,0.1494478,1.520022,0.5033275,0.142311,1.237119,0.4870951,-0.5198579,0.07221196,0.1167913,0.8431447,0.3371612,1.046779,0.5708788,-0.08091143,-0.2688112,0.04619674,-0.958676,MathCanvas,0.5841333,1.144556,1.959214,0.1484109,1.518931,0.5026529,0.2716663,-0.2341577,0.9334707,0.1819597,1.522065,0.4965088,0.2441202,-0.2338237,0.9411333,0.1169359,1.517978,0.5101463,0.2961609,-0.2297671,0.9270899,0.1494478,1.520022,0.5033275,3.334416,12.0503,3.525933,0,5,False
1,Center_Dir_Close,216,18.53999,0.1505862,1.521073,0.5039415,0.1431704,1.239247,0.4878802,-0.5218374,0.06983337,0.1165422,0.8421562,0.3373215,1.049239,0.5710954,-0.07959285,-0.2620483,0.04620109,-0.9606566,MathCanvas,0.5751397,1.153105,1.966044,0.1494478,1.520022,0.5033275,0.2702319,-0.2317958,0.934476,0.183109,1.523064,0.4971596,0.2426672,-0.2325312,0.941829,0.1180633,1.519082,0.5107235,0.2947303,-0.2285631,0.9278432,0.1505862,1.521073,0.5039415,3.2543,11.97436,3.43592,0,5,False
1,Center_Dir_Close,217,18.55999,0.1517244,1.522081,0.5045201,0.1440195,1.241334,0.4887104,-0.5239538,0.06734359,0.116269,0.8410819,0.3375894,1.050989,0.5712778,-0.07962648,-0.2575176,0.04660885,-0.9618586,MathCanvas,0.5744735,1.157477,1.969766,0.1505862,1.521073,0.5039415,0.2687899,-0.2305477,0.9352004,0.184257,1.524027,0.497772,0.2413524,-0.2316829,0.9423758,0.1191917,1.520135,0.5112682,0.2934355,-0.2277911,0.9284433,0.1517244,1.522081,0.5045201,3.20091,11.90613,3.357481,0,5,False
1,Center_Dir_Close,218,18.57999,0.1553724,1.520905,0.5047497,0.1460784,1.24214,0.4910737,-0.5310627,0.06342541,0.116167,0.8369318,0.3432578,1.056904,0.5740988,-0.06811237,-0.2512141,0.04653717,-0.9644099,MathCanvas,0.5735223,1.160294,1.972081,0.1528428,1.52321,0.5051165,0.2650128,-0.2275788,0.9370038,0.1879444,1.522867,0.4981993,0.2342633,-0.2203237,0.9468781,0.1228003,1.518943,0.5113,0.2864522,-0.2164578,0.9333227,0.1553724,1.520905,0.5047497,2.668998,11.5285,3.383767,0,5,False
1,Center_Dir_Close,219,18.59999,0.1572233,1.520246,0.5049671,0.1476427,1.241594,0.4918432,-0.5329857,0.06378426,0.1155515,0.8357666,0.346188,1.057829,0.5755915,-0.06606881,-0.253096,0.04650832,-0.9640614,MathCanvas,0.5712198,1.163797,1.975058,0.1553724,1.520905,0.5047497,0.2603725,-0.2078727,0.9428654,0.1898084,1.522166,0.4984694,0.2323735,-0.2091388,0.9498755,0.1246383,1.518325,0.5114648,0.2845886,-0.2053804,0.9363911,0.1572233,1.520246,0.5049671,2.628091,11.42937,3.311534,0,5,False
1,Center_Dir_Close,220,18.61999,0.1610501,1.518744,0.505428,0.1508528,1.241094,0.4931874,-0.5368733,0.06428313,0.1142174,0.8334202,0.351507,1.058869,0.5786709,-0.06338623,-0.2552367,0.04474918,-0.9637603,MathCanvas,0.5671098,1.193006,1.989255,0.1591453,1.519508,0.505226,0.260673,-0.2063147,0.9431245,0.193661,1.520643,0.4990551,0.2326795,-0.2072533,0.9502138,0.1284391,1.516844,0.5118008,0.2848767,-0.2034823,0.9367178,0.1610501,1.518744,0.505428,2.542005,11.20273,3.274797,0,5,False
1,Center_Dir_Close,221,18.63999,0.1632432,1.517482,0.5057141,0.153534,1.238825,0.4935078,-0.5385306,0.06719893,0.1125475,0.8323474,0.3548742,1.057843,0.5812639,-0.06118298,-0.256585,0.03998855,-0.963754,MathCanvas,0.5711684,1.194147,1.989252,0.1610501,1.518744,0.505428,0.2588663,-0.2053683,0.9438285,0.1958657,1.519474,0.499429,0.230722,-0.2071744,0.9507082,0.1306208,1.51549,0.5119992,0.2829442,-0.2032535,0.937353,0.1632432,1.517482,0.5057141,2.544533,11.0578,3.434426,0,5,False
1,Center_Dir_Close,222,18.65999,0.1679154,1.514759,0.5063615,0.1608016,1.232535,0.4936221,-0.539087,0.07321743,0.1096687,0.8318638,0.3604679,1.05535,0.5867376,-0.05355499,-0.2544457,0.03112016,-0.9651015,MathCanvas,0.5706455,1.194275,1.991106,0.1655603,1.516062,0.5061244,0.2565839,-0.2109247,0.9432261,0.2005618,1.517058,0.5003098,0.2276588,-0.212194,0.9503395,0.1352689,1.51246,0.5124131,0.2799076,-0.2077395,0.9372812,0.1679154,1.514759,0.5063615,2.432632,10.67019,3.963896,0,5,False
1,Center_Dir_Close,223,18.67999,0.1703933,1.513935,0.5068027,0.1638253,1.230603,0.4939481,-0.5394819,0.07383496,0.1085837,0.8316954,0.3628903,1.05455,0.5890633,-0.05034491,-0.2533118,0.02989841,-0.965611,MathCanvas,0.5709005,1.183485,1.987772,0.1679154,1.514759,0.5063615,0.2536646,-0.2102084,0.9441751,0.203055,1.516368,0.5008875,0.2244062,-0.2130493,0.9509217,0.1377317,1.511502,0.5127178,0.2766924,-0.2083546,0.938099,0.1703933,1.513935,0.5068027,2.479532,10.44717,4.196656,0,5,False
1,Center_Dir_Close,224,18.69999,0.1728781,1.512986,0.5071668,0.1666394,1.229004,0.4943347,-0.5400692,0.0742176,0.1075414,0.8314155,0.3652514,1.054447,0.5909465,-0.04799191,-0.2526043,0.0280359,-0.965972,MathCanvas,0.568931,1.183672,1.990216,0.1703933,1.513935,0.5068027,0.251748,-0.2197424,0.9425159,0.2055528,1.515521,0.5013676,0.2228788,-0.2222121,0.9491822,0.1402033,1.510451,0.512966,0.2751812,-0.2173319,0.9365053,0.1728781,1.512986,0.5071668,2.495228,10.25492,4.372609,0,5,False
1,Center_Dir_Close,225,18.71999,0.1784875,1.516009,0.5090216,0.1758875,1.226149,0.4952708,-0.5264381,0.07308554,0.1047433,0.8405655,0.3696937,1.050599,0.5960808,-0.04371861,-0.2523839,0.03100938,-0.9661415,MathCanvas,0.5677994,1.168272,1.985708,0.1753217,1.511883,0.5075089,0.2466565,-0.2193241,0.9439584,0.2111996,1.518851,0.5035867,0.2147499,-0.2284461,0.9495762,0.1457755,1.513166,0.5144566,0.2671408,-0.2230453,0.9374895,0.1784875,1.516009,0.5090216,2.890354,9.681153,4.90564,0,5,False
1,Center_Dir_Close,226,18.73999,0.1811139,1.515352,0.5093753,0.1795958,1.22625,0.4960048,-0.5194094,0.0722561,0.1048587,0.8449838,0.3716945,1.049566,0.5980935,-0.04483271,-0.2523315,0.02908071,-0.9661641,MathCanvas,0.5652133,1.172137,1.989028,0.1784875,1.516009,0.5090216,0.2500082,-0.2248099,0.9417837,0.2138374,1.518286,0.5040594,0.2210337,-0.2275418,0.9483505,0.1483905,1.512417,0.5146913,0.273298,-0.221882,0.9359897,0.1811139,1.515352,0.5093753,2.899119,9.483962,5.065142,0,5,False
1,Center_Dir_Close,227,18.75999,0.1865606,1.515088,0.5104838,0.1860418,1.224326,0.4970551,-0.5140527,0.07236727,0.1032802,0.8484374,0.3762173,1.048049,0.6022495,-0.04174951,-0.2515368,0.02698365,-0.9665703,MathCanvas,0.5729655,1.162995,1.985485,0.1838404,1.515221,0.5099307,0.2442471,-0.2251418,0.943215,0.2193053,1.518248,0.5054338,0.215026,-0.2285928,0.9494784,0.153816,1.511929,0.5155338,0.2673483,-0.2225642,0.9375448,0.1865606,1.515088,0.5104838,2.986053,9.052342,5.454445,0,5,False
1,Center_Dir_Close,228,18.77999,0.1884763,1.513018,0.5106953,0.1907559,1.230393,0.4950834,-0.5304711,0.05704816,0.1113422,0.8384204,0.3751574,1.050596,0.6013651,-0.05875439,-0.2496129,0.03314007,-0.9659933,MathCanvas,0.5690652,1.162504,1.987611,0.1865606,1.515088,0.5104838,0.2418343,-0.2241226,0.944079,0.2212683,1.515774,0.5057166,0.2104443,-0.2238289,0.9516374,0.1556843,1.510263,0.5156739,0.262854,-0.2184877,0.9397717,0.1884763,1.513018,0.5106953,2.74684,8.861346,4.754506,0,5,False
1,Center_Dir_Close,229,18.79999,0.193276,1.511182,0.5108045,0.1974088,1.231204,0.4938895,-0.5421731,0.05111818,0.1110191,0.8313303,0.3766606,1.053193,0.6023368,-0.05487883,-0.2417464,0.04960367,-0.9675156,MathCanvas,0.5674771,1.161775,1.990249,0.1909225,1.51215,0.5107487,0.2436112,-0.2201348,0.9445603,0.2261049,1.51396,0.5060889,0.2137336,-0.2249148,0.9506478,0.1604471,1.508404,0.5155202,0.2660484,-0.2193809,0.9386641,0.193276,1.511182,0.5108045,3.006544,8.426404,4.794925,0,5,False
1,Center_Dir_Close,230,18.81999,0.1956223,1.510206,0.510842,0.2006564,1.231413,0.4936292,-0.5456023,0.04874839,0.1107368,0.8292642,0.3780316,1.053551,0.6035339,-0.05496559,-0.2398962,0.05281811,-0.967801,MathCanvas,0.5750188,1.166227,1.990946,0.193276,1.511182,0.5108045,0.239966,-0.2221487,0.9450218,0.2284686,1.512991,0.5062528,0.2101943,-0.2263261,0.951102,0.1627761,1.50742,0.5154313,0.2625534,-0.2207739,0.9393214,0.1956223,1.510206,0.510842,3.090753,8.213652,4.808077,0,5,False
1,Center_Dir_Close,231,18.83999,0.1993898,1.508416,0.5108214,0.2045307,1.229375,0.4950357,-0.5490864,0.04570147,0.1077861,0.827525,0.3746557,1.054572,0.6030477,-0.04304174,-0.2058529,0.05219193,-0.9762418,MathCanvas,0.5719063,1.16186,1.992704,0.1974518,1.508533,0.5104994,0.2394528,-0.2274782,0.9438835,0.2322747,1.511092,0.5064487,0.2095557,-0.2297999,0.9504096,0.1665049,1.505741,0.5151941,0.2618997,-0.2243327,0.9386604,0.1993898,1.508416,0.5108214,3.3133,7.841717,4.618763,0,5,False
1,Center_Dir_Close,232,18.85999,0.201449,1.508406,0.5112528,0.2060677,1.227777,0.4959117,-0.5498961,0.04480704,0.1079396,0.8270161,0.3740748,1.05299,0.6040358,-0.03970107,-0.1929516,0.04035318,-0.979574,MathCanvas,0.5745052,1.15206,1.989465,0.1993898,1.508416,0.5108214,0.2370225,-0.2274927,0.9444932,0.2343463,1.511107,0.5069907,0.207642,-0.2274551,0.9513931,0.1685517,1.505704,0.5155148,0.2600001,-0.2219424,0.9397562,0.201449,1.508406,0.5112528,3.152803,7.6389,4.662995,0,5,False
1,Center_Dir_Close,233,18.87999,0.2035088,1.508097,0.5115392,0.2078248,1.226263,0.496626,-0.5504557,0.04495561,0.1076512,0.8266733,0.374369,1.051853,0.605243,-0.03775555,-0.1851372,0.03369246,-0.981409,MathCanvas,0.5730655,1.15173,1.99208,0.201449,1.508406,0.5112528,0.2338935,-0.2246996,0.9459408,0.2364176,1.510831,0.5073882,0.2045459,-0.2251994,0.9525998,0.1706,1.505364,0.5156901,0.2569381,-0.2196453,0.941137,0.2035088,1.508097,0.5115392,3.024195,7.438515,4.718327,0,5,False
1,Center_Dir_Close,234,18.89999,0.2073646,1.507222,0.5120198,0.210838,1.222576,0.4984809,-0.5474939,0.04909999,0.1045655,0.8287978,0.3766494,1.048349,0.6085618,-0.03817534,-0.1786298,0.02145144,-0.9829414,MathCanvas,0.5704083,1.15562,1.995399,0.2055229,1.507777,0.5117848,0.2274991,-0.2217926,0.9481837,0.2402795,1.510134,0.5080422,0.2005788,-0.2213508,0.9543437,0.1744496,1.504311,0.5159975,0.2530006,-0.2155273,0.9431536,0.2073646,1.507222,0.5120198,2.822413,7.138632,5.024966,0,5,False
1,Center_Dir_Close,235,18.91999,0.2085567,1.507466,0.5124005,0.2119472,1.221223,0.5004557,-0.5412665,0.05141904,0.1001802,0.833277,0.3806264,1.045528,0.611385,-0.04482079,-0.1911846,0.02240074,-0.9802743,MathCanvas,0.5642706,1.159269,1.999553,0.2073646,1.507222,0.5120198,0.2268588,-0.21844,0.9491149,0.2414775,1.510336,0.5084402,0.1999971,-0.2251547,0.9535756,0.1756359,1.504597,0.5163608,0.2524312,-0.2193806,0.9424174,0.2085567,1.507466,0.5124005,3.040839,7.123016,4.953167,0,5,False
1,Center_Dir_Close,236,18.93999,0.2115518,1.508645,0.5137697,0.2149845,1.220738,0.5034112,-0.5350446,0.04927954,0.0957674,0.8379306,0.3857142,1.043131,0.6150468,-0.05040819,-0.2022181,0.02625384,-0.9776899,MathCanvas,0.5649146,1.164333,2.003304,0.2100229,1.508005,0.5130512,0.236538,-0.2221999,0.9458737,0.2444926,1.511495,0.5099643,0.2079624,-0.2257238,0.9517355,0.1786111,1.505795,0.517575,0.260229,-0.2198264,0.94019,0.2115518,1.508645,0.5137697,3.148569,6.860475,4.919531,0,5,False
1,Center_Dir_Close,237,18.95999,0.2130152,1.509286,0.5144463,0.2168069,1.219944,0.5044324,-0.5336674,0.04895735,0.09417009,0.8390079,0.3873722,1.041988,0.6166275,-0.05149228,-0.2022976,0.02530597,-0.977642,MathCanvas,0.5826589,1.160033,1.997761,0.2115518,1.508645,0.5137697,0.2357597,-0.2269475,0.9449403,0.2459642,1.51214,0.510716,0.2074609,-0.2303891,0.9507265,0.1800663,1.506432,0.5181765,0.2597263,-0.2244412,0.9392382,0.2130152,1.509286,0.5144463,3.177341,6.732864,4.927232,0,5,False
1,Center_Dir_Close,238,18.97999,0.2156468,1.511446,0.5171177,0.217899,1.225952,0.50606,-0.5356085,0.03786553,0.09550021,0.8381942,0.39181,1.042603,0.6192691,-0.06054983,-0.218534,0.03608212,-0.9732804,MathCanvas,0.5829218,1.153206,1.997056,0.2144794,1.509825,0.5150822,0.2315085,-0.2279379,0.9457527,0.248614,1.514345,0.5135884,0.2017575,-0.226551,0.9528739,0.1826796,1.508547,0.520647,0.2540851,-0.2205524,0.9416992,0.2156468,1.511446,0.5171177,2.957856,6.369393,5.0038,0,5,False
1,Center_Dir_Close,239,18.99999,0.2167717,1.511985,0.5183775,0.2190563,1.227598,0.5066311,-0.5384153,0.03563817,0.09370037,0.8366954,0.3920458,1.043742,0.6202947,-0.06178355,-0.215345,0.03900909,-0.9738006,MathCanvas,0.5785266,1.154163,1.999545,0.2156468,1.511446,0.5171177,0.2384225,-0.2158581,0.9468685,0.2497523,1.514844,0.514942,0.2092715,-0.218447,0.9531455,0.1837912,1.509125,0.5218131,0.2614369,-0.2124301,0.9415541,0.2167717,1.511985,0.5183775,2.923684,6.199319,4.934885,0,5,False
1,Center_Dir_Close,240,19.01999,0.2179291,1.51283,0.5195563,0.2204574,1.228198,0.5075161,-0.5384848,0.03371144,0.0926154,0.8368513,0.3935456,1.043396,0.6217179,-0.06372321,-0.2166742,0.04032838,-0.9733269,MathCanvas,0.5911292,1.173056,2.005097,0.2167717,1.511985,0.5183775,0.2354258,-0.2154396,0.9477133,0.2509192,1.515685,0.5162101,0.2066263,-0.2179632,0.9538332,0.184939,1.509975,0.5229024,0.258824,-0.2119567,0.9423823,0.2179291,1.51283,0.5195563,2.894271,6.041029,4.927052,0,5,False
1,Center_Dir_Close,241,19.03999,0.2199367,1.513366,0.5224665,0.222151,1.231387,0.5103683,-0.5471733,0.02666649,0.08649433,0.8321112,0.3908453,1.047783,0.6235526,-0.05896497,-0.1958835,0.03883181,-0.9780822,MathCanvas,0.5875505,1.174587,2.007477,0.2190543,1.513583,0.5207784,0.2353037,-0.2085474,0.949284,0.2529507,1.516192,0.5193399,0.2053089,-0.2100328,0.9558946,0.1869226,1.510539,0.5255932,0.2574818,-0.2040577,0.9444911,0.2199367,1.513366,0.5224665,2.774966,5.646945,4.87776,0,5,False
1,Center_Dir_Close,242,19.05999,0.2208976,1.51371,0.5240688,0.2231742,1.232005,0.5119757,-0.5492409,0.02383528,0.08499867,0.8309883,0.3901257,1.049231,0.6248307,-0.0575969,-0.1885601,0.03688772,-0.979677,MathCanvas,0.5892262,1.186068,2.012289,0.2199367,1.513366,0.5224665,0.231466,-0.2070463,0.9505553,0.2539192,1.516589,0.5210716,0.2018458,-0.2090262,0.9568523,0.1878761,1.510831,0.5270661,0.2540537,-0.2029732,0.9456525,0.2208976,1.51371,0.5240688,2.72582,5.423129,4.967823,0,5,False
1,Center_Dir_Close,243,19.07999,0.2226871,1.514074,0.5272551,0.2253233,1.232961,0.5148751,-0.5516556,0.01950117,0.08254435,0.8297483,0.3901841,1.050806,0.6276008,-0.05736548,-0.1794733,0.03598249,-0.9814295,MathCanvas,0.5842908,1.188655,2.016406,0.2217721,1.513809,0.5256679,0.2291386,-0.2049496,0.951573,0.2557238,1.517014,0.5244932,0.1997991,-0.2073025,0.9576566,0.1896504,1.511135,0.530017,0.2519904,-0.2011124,0.9466016,0.2226871,1.514074,0.5272551,2.66547,5.015353,5.073004,0,5,False
1,Center_Dir_Close,244,19.09999,0.223496,1.514135,0.5289552,0.2264545,1.233696,0.5161299,-0.5530508,0.01710082,0.08102059,0.8290224,0.3902895,1.051485,0.629016,-0.0573459,-0.1752125,0.03564337,-0.9822126,MathCanvas,0.5820097,1.192684,2.01946,0.2226871,1.514074,0.5272551,0.2259626,-0.2042084,0.9524913,0.25654,1.5171,0.52631,0.1965513,-0.2068019,0.9584365,0.190452,1.51117,0.5316004,0.2487766,-0.2005739,0.9475654,0.223496,1.514135,0.5289552,2.641182,4.813221,5.117113,0,5,False
1,Center_Dir_Close,245,19.11999,0.2247029,1.512863,0.5333034,0.2286358,1.230419,0.5211802,-0.5465435,0.02274936,0.08305071,0.8329918,0.3910159,1.050219,0.6338853,-0.0542636,-0.1726801,0.02797735,-0.9830841,MathCanvas,0.5779299,1.193824,2.022987,0.2240587,1.513081,0.531186,0.2239836,-0.2121472,0.9512228,0.2577589,1.515821,0.5308029,0.1965454,-0.2159226,0.9564242,0.191647,1.509905,0.5358039,0.2487468,-0.2096025,0.9456171,0.2247029,1.512863,0.5333034,2.847096,4.58004,5.105316,0,5,False
1,Center_Dir_Close,246,19.13999,0.2253827,1.512692,0.5354096,0.2294873,1.230206,0.5225944,-0.5459301,0.02303544,0.08309675,0.8333815,0.3915188,1.049925,0.6358889,-0.0539597,-0.1717733,0.02589184,-0.9833168,MathCanvas,0.57482,1.181248,2.020195,0.2247029,1.512863,0.5333034,0.2262725,-0.2180376,0.9493473,0.2584419,1.515673,0.5329812,0.1982355,-0.2214245,0.9548162,0.1923235,1.50971,0.5378379,0.2503914,-0.2149897,0.9439722,0.2253827,1.512692,0.5354096,2.863527,4.458846,5.145835,0,5,False
1,Center_Dir_Close,247,19.15999,0.2264112,1.512515,0.5402876,0.2310097,1.229167,0.5256955,-0.5429804,0.02650468,0.08546273,0.8349646,0.3929409,1.048657,0.640256,-0.05427683,-0.1720026,0.02354519,-0.9833183,MathCanvas,0.5788675,1.172072,2.018488,0.2260599,1.512445,0.537485,0.2220187,-0.2184712,0.9502516,0.2594699,1.515581,0.5379604,0.1957871,-0.2196684,0.9557266,0.1933525,1.509448,0.5426149,0.2479599,-0.213109,0.9450399,0.2264112,1.512515,0.5402876,2.778208,4.284052,5.292136,0,5,False
1,Center_Dir_Close,248,19.17999,0.2267476,1.512172,0.5431498,0.2328306,1.228204,0.5298705,-0.5399702,0.03007339,0.08696508,0.836639,0.394042,1.047443,0.6427459,-0.05532268,-0.1743886,0.02572825,-0.9827849,MathCanvas,0.5725001,1.171956,2.021566,0.2264112,1.512515,0.5402876,0.2272376,-0.2157466,0.9496402,0.2598063,1.515246,0.5408335,0.2008095,-0.2181306,0.9550364,0.1936889,1.509097,0.5454661,0.25288,-0.2115062,0.9440958,0.2267476,1.512172,0.5431498,2.725381,4.260933,5.306291,0,5,False
1,Center_Dir_Close,249,19.19999,0.2270963,1.51168,0.5458986,0.2335951,1.227798,0.5326894,-0.5392331,0.03145276,0.08783922,0.8369723,0.3949857,1.046529,0.6445363,-0.05640605,-0.177204,0.02857717,-0.9821408,MathCanvas,0.5812955,1.175552,2.024828,0.2267476,1.512172,0.5431498,0.2304525,-0.221768,0.9474759,0.2601543,1.51477,0.5435926,0.2042096,-0.2252925,0.9526499,0.1940383,1.50859,0.5482045,0.2562172,-0.2185526,0.9415877,0.2270963,1.51168,0.5458986,2.739136,4.245744,5.333262,0,5,False
1,Center_Dir_Close,250,19.21999,0.2276423,1.511096,0.5513471,0.2352019,1.227167,0.5373976,-0.5381203,0.03294281,0.08887766,0.8375214,0.3956407,1.046107,0.6460825,-0.05680943,-0.178243,0.02938239,-0.9819057,MathCanvas,0.5862263,1.166084,2.022416,0.2274051,1.511375,0.5486128,0.2291358,-0.2217756,0.9477934,0.2607006,1.514232,0.5491096,0.2023637,-0.2254172,0.9530142,0.194584,1.507959,0.5535847,0.254387,-0.2186032,0.9420722,0.2276423,1.511096,0.5513471,2.76132,4.13381,5.414205,0,5,False
1,Center_Dir_Close,251,19.23999,0.2275092,1.511604,0.5545095,0.2353855,1.226992,0.5404803,-0.5386683,0.03397647,0.08960794,0.8370498,0.3977079,1.044832,0.6509899,-0.05769122,-0.1813537,0.03058958,-0.9812476,MathCanvas,0.5839709,1.166213,2.025259,0.2276423,1.511096,0.5513471,0.228441,-0.2220115,0.9479059,0.2605635,1.514786,0.5522771,0.2026517,-0.2267216,0.9526435,0.194455,1.508421,0.5567418,0.2546663,-0.2198234,0.9417127,0.2275092,1.511604,0.5545095,2.849777,4.137702,5.49396,0,5,False
1,Center_Dir_Close,252,19.25999,0.2271881,1.511724,0.5611092,0.2354066,1.226973,0.5472223,-0.5382766,0.03713413,0.08933827,0.8371966,0.4008292,1.044099,0.6570701,-0.05884919,-0.1888836,0.03083033,-0.9797496,MathCanvas,0.5831608,1.165962,2.030271,0.2272873,1.511798,0.5578187,0.2356727,-0.2214372,0.9462684,0.2602374,1.514952,0.5588674,0.2097427,-0.2239427,0.9517655,0.1941388,1.508497,0.5633511,0.2616096,-0.2169138,0.9404833,0.2271881,1.511724,0.5611092,2.71822,4.145591,5.570507,0,5,False
1,Center_Dir_Close,253,19.27999,0.2270282,1.511717,0.5644406,0.2354706,1.226934,0.5504006,-0.5384448,0.03811406,0.08948289,0.8370289,0.401903,1.043811,0.6594587,-0.05907721,-0.190811,0.03091316,-0.9793597,MathCanvas,0.5933722,1.167659,2.031405,0.2271881,1.511724,0.5611092,0.2357439,-0.2204297,0.9464859,0.2600745,1.514973,0.5621974,0.2099493,-0.223408,0.9518456,0.1939818,1.508461,0.5666838,0.2618097,-0.2163367,0.9405605,0.2270282,1.511717,0.5644406,2.693671,4.148336,5.62012,0,5,False
1,Center_Dir_Close,254,19.29999,0.2263212,1.511538,0.5714613,0.2349715,1.227034,0.5569798,-0.5397313,0.04047253,0.09071873,0.8359559,0.4044378,1.044315,0.6646557,-0.05736652,-0.1963963,0.02933529,-0.9784054,MathCanvas,0.593798,1.168773,2.036981,0.2268291,1.511728,0.567722,0.2307011,-0.2118125,0.9496907,0.2593652,1.514783,0.5691674,0.2060856,-0.2153972,0.9545327,0.1932773,1.508292,0.5737551,0.2580305,-0.2084602,0.9433794,0.2263212,1.511538,0.5714613,2.66471,4.232333,5.601571,0,5,False
1,Center_Dir_Close,255,19.31999,0.2258265,1.5114,0.575201,0.2343219,1.227123,0.5606402,-0.5396192,0.04314229,0.09222845,0.8357295,0.4059466,1.045394,0.667631,-0.05523625,-0.1999873,0.02758145,-0.9778514,MathCanvas,0.5846539,1.182543,2.046552,0.2263212,1.511538,0.5714613,0.2321253,-0.21193,0.9493174,0.2588672,1.514632,0.5728426,0.2079555,-0.2166599,0.9538411,0.1927857,1.508169,0.5775595,0.2598807,-0.2097351,0.9425886,0.2258265,1.5114,0.575201,2.736294,4.349976,5.578355,0,5,False
1,Center_Dir_Close,256,19.33999,0.2253525,1.511263,0.5788942,0.2339832,1.227059,0.5643917,-0.5384406,0.04580398,0.0930457,0.8362573,0.407131,1.045876,0.6704201,-0.05436078,-0.2026715,0.02664744,-0.9773736,MathCanvas,0.5868146,1.181819,2.051525,0.2258265,1.5114,0.575201,0.2333019,-0.2112429,0.9491821,0.258389,1.514504,0.5764905,0.2086859,-0.2152563,0.9539995,0.192316,1.508022,0.5812979,0.2606054,-0.2083331,0.9426994,0.2253525,1.511263,0.5788942,2.77196,4.432943,5.595074,0,5,False
1,Center_Dir_Close,257,19.35999,0.2241656,1.510722,0.5864267,0.2333762,1.2269,0.5720302,-0.5369408,0.05038544,0.09442919,0.8368028,0.4094911,1.04659,0.676035,-0.05278885,-0.2082184,0.02477679,-0.9763424,MathCanvas,0.5880479,1.182861,2.05451,0.2248826,1.511145,0.582591,0.2356381,-0.2120245,0.9484304,0.2571941,1.513931,0.5838738,0.21284,-0.2161681,0.9528748,0.1911372,1.507513,0.5889797,0.2647142,-0.2092895,0.9413418,0.2241656,1.510722,0.5864267,2.818331,4.693137,5.539978,0,5,False
1,Center_Dir_Close,258,19.37999,0.2234359,1.510634,0.5905743,0.2325413,1.226887,0.5766634,-0.5378976,0.05273936,0.09595524,0.8358692,0.4105276,1.04712,0.6792437,-0.05127415,-0.2118817,0.02249646,-0.97569,MathCanvas,0.589483,1.182014,2.056809,0.2241656,1.510722,0.5864267,0.2366491,-0.2114916,0.9482977,0.25646,1.513764,0.5878695,0.2145371,-0.2161741,0.9524928,0.1904119,1.507505,0.593279,0.2664185,-0.2094494,0.9408252,0.2234359,1.510634,0.5905743,2.874254,4.95389,5.401827,0,5,False
1,Center_Dir_Close,259,19.39999,0.2220515,1.510339,0.5989734,0.2310883,1.226874,0.5850007,-0.5394143,0.05802432,0.09999389,0.8340663,0.4125371,1.047854,0.6853502,-0.04838742,-0.219188,0.01913636,-0.9742942,MathCanvas,0.5908668,1.182264,2.062939,0.2227619,1.510483,0.5947662,0.2432247,-0.2143088,0.9459987,0.2550555,1.513372,0.5959356,0.2219238,-0.2177673,0.9504353,0.1890474,1.507306,0.6020111,0.2737384,-0.2112056,0.9383281,0.2220515,1.510339,0.5989734,2.877552,5.522285,5.235245,0,5,False
1,Center_Dir_Close,260,19.41999,0.2213274,1.510157,0.6032063,0.2304962,1.226846,0.5890529,-0.5396898,0.06067803,0.1017754,0.8334836,0.4135906,1.048168,0.6883029,-0.04723436,-0.2226107,0.01794704,-0.9735971,MathCanvas,0.59848,1.178663,2.063056,0.2220515,1.510339,0.5989734,0.2479054,-0.2144877,0.9447423,0.2543214,1.513145,0.6000178,0.2259622,-0.2179916,0.9494318,0.1883335,1.507168,0.6063948,0.27773,-0.211501,0.9370877,0.2213274,1.510157,0.6032063,2.880456,5.779754,5.157489,0,5,False
1,Center_Dir_Close,261,19.43999,0.2197173,1.509508,0.6117362,0.2286423,1.226895,0.5981855,-0.5402033,0.06867792,0.107193,0.8318494,0.4155451,1.048874,0.6945229,-0.04475901,-0.2311117,0.01602211,-0.971765,MathCanvas,0.6055976,1.177686,2.067621,0.2204804,1.509803,0.6074777,0.2561731,-0.2141814,0.9426037,0.2526718,1.512357,0.6080513,0.2356199,-0.2175992,0.9471715,0.1867629,1.506659,0.6154212,0.2873021,-0.2113784,0.9342252,0.2197173,1.509508,0.6117362,2.873615,6.627389,4.917679,0,5,False
1,Center_Dir_Close,262,19.45999,0.218808,1.508697,0.6160724,0.2273454,1.22704,0.6037341,-0.5414729,0.07492472,0.1108365,0.8300052,0.4163523,1.049437,0.697597,-0.04328465,-0.2369819,0.01471561,-0.9704378,MathCanvas,0.6157958,1.178355,2.06913,0.2197173,1.509508,0.6117362,0.2615415,-0.2144899,0.941058,0.2517223,1.51144,0.6119713,0.2468103,-0.2173767,0.9443686,0.1858936,1.505954,0.6201736,0.298345,-0.2113305,0.9307684,0.218808,1.508697,0.6160724,2.836708,7.337213,4.732821,0,5,False
1,Center_Dir_Close,263,19.47999,0.2170896,1.507635,0.6247402,0.2257666,1.227035,0.6128278,-0.5426421,0.08232407,0.1153291,0.827926,0.4182604,1.050283,0.7034816,-0.04060546,-0.2458616,0.01215264,-0.9683778,MathCanvas,0.6238315,1.176538,2.073396,0.2179638,1.508191,0.6203746,0.2791183,-0.2146619,0.9359558,0.2499449,1.510217,0.6200968,0.2605689,-0.2177252,0.9405847,0.1842344,1.505053,0.6293836,0.3119171,-0.2119449,0.9261679,0.2170896,1.507635,0.6247402,2.820922,8.263906,4.454809,0,5,False
1,Center_Dir_Close,264,19.49999,0.2160954,1.508655,0.629528,0.224327,1.227023,0.6187457,-0.5446583,0.08856487,0.1189777,0.825438,0.4189876,1.050907,0.7060405,-0.03824547,-0.252318,0.01110933,-0.9668245,MathCanvas,0.6484037,1.175924,2.071048,0.2170896,1.507635,0.6247402,0.2863343,-0.214836,0.9337335,0.2488902,1.511135,0.624424,0.2731099,-0.2198344,0.9365275,0.1833007,1.506176,0.6346321,0.3242683,-0.2142047,0.9213938,0.2160954,1.508655,0.629528,2.923469,9.064871,4.278276,0,5,False
1,Center_Dir_Close,265,19.51999,0.2152442,1.511494,0.6348484,0.2221646,1.227412,0.624521,-0.5440078,0.09765901,0.1238865,0.824118,0.4196585,1.0515,0.7083464,-0.0354023,-0.2588553,0.01169259,-0.9651964,MathCanvas,0.6594623,1.175998,2.075343,0.2160954,1.508655,0.629528,0.2987857,-0.2170204,0.9293166,0.2479696,1.513912,0.6292896,0.2857207,-0.2220467,0.9322333,0.1825188,1.509076,0.6404071,0.3366742,-0.2165007,0.916394,0.2152442,1.511494,0.6348484,3.041093,9.861934,4.172063,0,5,False
1,Center_Dir_Close,266,19.53999,0.2137966,1.513189,0.6446394,0.219223,1.228671,0.6346471,-0.5412551,0.113217,0.1306828,0.8228894,0.421279,1.052397,0.7133717,-0.0321919,-0.2711669,0.009641506,-0.9619455,MathCanvas,0.6780128,1.175366,2.074203,0.2144828,1.512426,0.6396918,0.3143187,-0.2157447,0.9244772,0.246374,1.515593,0.6382657,0.2996299,-0.2178769,0.9288443,0.1812191,1.510785,0.6510132,0.3504063,-0.2124926,0.9121745,0.2137966,1.513189,0.6446394,2.884975,11.27917,4.147806,0,5,False
1,Center_Dir_Close,267,19.55999,0.2131272,1.514045,0.6495632,0.2180126,1.228939,0.6395886,-0.5409366,0.1191292,0.1336913,0.8217801,0.422136,1.052831,0.7160597,-0.03055528,-0.276443,0.008703537,-0.960505,MathCanvas,0.6997026,1.179669,2.073791,0.2137966,1.513189,0.6446394,0.3251257,-0.2151856,0.9208629,0.2456315,1.516407,0.6428115,0.3101004,-0.217439,0.9255043,0.1806229,1.511682,0.6563149,0.3606865,-0.2121255,0.9082445,0.2131272,1.514045,0.6495632,2.850757,11.93756,4.07551,0,5,False
1,Center_Dir_Close,268,19.57999,0.2117937,1.514767,0.6588972,0.2154257,1.233256,0.6481676,-0.546818,0.13292,0.1392312,0.8148233,0.4236389,1.054248,0.7188914,-0.03543306,-0.3011872,0.006662667,-0.9528832,MathCanvas,0.7167368,1.180729,2.075951,0.2123626,1.51397,0.6540952,0.350064,-0.211498,0.912537,0.2440756,1.516973,0.6511056,0.3385242,-0.2128096,0.916577,0.1795118,1.512561,0.6666888,0.388556,-0.2077811,0.8976922,0.2117937,1.514767,0.6588972,2.546209,13.73871,3.804338,0,5,False
1,Center_Dir_Close,269,19.59999,0.2112856,1.515355,0.663646,0.214423,1.234383,0.6525596,-0.5487479,0.1375327,0.1415661,0.8123543,0.4243773,1.055342,0.7202274,-0.03699363,-0.3116452,0.01061858,-0.9494188,MathCanvas,0.7537376,1.187341,2.071621,0.2117937,1.514767,0.6588972,0.3465386,-0.2063056,0.9150678,0.2434538,1.517518,0.6553867,0.3342603,-0.2074282,0.9193714,0.1791173,1.513191,0.6719053,0.3844883,-0.2027058,0.9005992,0.2112856,1.515355,0.663646,2.464172,14.56047,3.731055,0,5,False
1,Center_Dir_Close,270,19.61999,0.2104941,1.516462,0.6730651,0.2121941,1.236145,0.6617067,-0.5503035,0.1485866,0.1469582,0.8083882,0.4256799,1.057368,0.7232193,-0.0377034,-0.3292212,0.01768643,-0.943334,MathCanvas,0.7482214,1.1957,2.081475,0.210935,1.515856,0.6683477,0.3586217,-0.203085,0.9111241,0.2424254,1.518543,0.663913,0.3456761,-0.2043261,0.9158378,0.1785629,1.514381,0.6822171,0.3957399,-0.1999126,0.8963397,0.2104941,1.516462,0.6730651,2.340299,16.13991,3.587646,0,5,False
1,Center_Dir_Close,271,19.63999,0.210105,1.516996,0.6777391,0.2110981,1.236918,0.6661964,-0.5507154,0.1541326,0.1497922,0.806547,0.4264503,1.058113,0.7251198,-0.0378511,-0.33745,0.01884416,-0.9403933,MathCanvas,0.7649943,1.202453,2.081843,0.2104941,1.516462,0.6730651,0.370837,-0.2021199,0.9064367,0.2419064,1.51903,0.6681356,0.3583221,-0.2035283,0.9111429,0.1783037,1.514961,0.6873426,0.4081112,-0.1991941,0.890936,0.210105,1.516996,0.6777391,2.28711,16.94361,3.507457,0,5,False
1,Center_Dir_Close,272,19.65999,0.2103441,1.515773,0.6815583,0.210441,1.23529,0.6694397,-0.544432,0.1630074,0.1540585,0.8082626,0.4239045,1.059806,0.7235093,-0.0336622,-0.3353038,0.02934671,-0.941051,MathCanvas,0.7845779,1.203887,2.081923,0.210105,1.516996,0.6777391,0.3833506,-0.2013617,0.9013855,0.2419695,1.51775,0.6713787,0.374431,-0.2056201,0.9041691,0.1787188,1.513796,0.6917378,0.4238526,-0.2013683,0.8830628,0.2103441,1.515773,0.6815583,2.402143,17.98538,3.408798,0,5,False
1,Center_Dir_Close,273,19.67999,0.2101258,1.515675,0.6901981,0.2085207,1.235333,0.6779618,-0.5411562,0.1766946,0.1603561,0.8063591,0.423036,1.060939,0.7255448,-0.03196344,-0.3433504,0.02864547,-0.9382262,MathCanvas,0.8044052,1.203732,2.078394,0.2102427,1.515736,0.6858485,0.4048024,-0.204968,0.8911359,0.2414316,1.517546,0.6790562,0.3932086,-0.2071493,0.8958104,0.17882,1.513804,0.7013401,0.4422119,-0.2031584,0.8735991,0.2101258,1.515675,0.6901981,2.443229,19.72865,3.225406,0,5,False
1,Center_Dir_Close,274,19.69999,0.2100772,1.515494,0.6944605,0.2076152,1.23516,0.6821833,-0.5389622,0.1838099,0.1636861,0.8055685,0.4226156,1.06145,0.7265553,-0.03117621,-0.3476463,0.02751102,-0.9367034,MathCanvas,0.8363543,1.19859,2.068784,0.2101258,1.515675,0.6901981,0.4178585,-0.2051543,0.8850458,0.2412087,1.517326,0.6828343,0.4068016,-0.2074746,0.8896441,0.1789456,1.513662,0.7060867,0.4554594,-0.2035454,0.8666753,0.2100772,1.515494,0.6944605,2.457678,20.61395,3.158271,0,5,False
1,Center_Dir_Close,275,19.71999,0.2105246,1.51428,0.7009876,0.2067684,1.231513,0.6882198,-0.5272246,0.203299,0.1723245,0.8068507,0.4197741,1.060538,0.7255237,-0.03288842,-0.351033,0.008531169,-0.9357465,MathCanvas,0.8576215,1.197572,2.065993,0.2103674,1.514813,0.6975642,0.4263076,-0.2180498,0.8779044,0.2412001,1.51595,0.6881843,0.4173509,-0.2247797,0.8805069,0.1798492,1.512609,0.7137908,0.4657822,-0.2213173,0.8567763,0.2105246,1.51428,0.7009876,3.198248,22.81542,2.881194,0,5,False
1,Center_Dir_Close,276,19.73999,0.2107618,1.513974,0.7044439,0.2060369,1.231053,0.6916547,-0.5244987,0.2109098,0.1765795,0.8057531,0.4194281,1.061023,0.7251728,-0.03497455,-0.3542569,0.01060034,-0.9344338,MathCanvas,0.8688217,1.177571,2.056633,0.2105246,1.51428,0.7009876,0.4320735,-0.2265786,0.8729116,0.2412061,1.515573,0.6910917,0.422697,-0.2320052,0.8760713,0.1803175,1.512376,0.7177962,0.470991,-0.2287674,0.8519583,0.2107618,1.513974,0.7044439,3.415302,23.8457,2.75762,0,5,False
1,Center_Dir_Close,277,19.75999,0.2115373,1.514026,0.7108271,0.2047217,1.230638,0.6976398,-0.5197017,0.22415,0.185668,0.8032399,0.4191872,1.062669,0.7236027,-0.03905133,-0.3594946,0.02020844,-0.9321107,MathCanvas,0.8780666,1.164041,2.05259,0.2109644,1.513548,0.7079533,0.4611929,-0.2335789,0.8560035,0.2414773,1.515494,0.6963657,0.4532188,-0.2393466,0.8586652,0.1815973,1.512557,0.7252885,0.5006092,-0.2362991,0.8327984,0.2115373,1.514026,0.7108271,3.841018,25.95101,2.535044,0,5,False
1,Center_Dir_Close,278,19.77999,0.2120218,1.514014,0.7139644,0.2040428,1.230458,0.7007639,-0.5173802,0.2307082,0.1897014,0.8019382,0.4189723,1.063439,0.7232525,-0.04021976,-0.3623652,0.02183728,-0.930912,MathCanvas,0.9234877,1.153446,2.032253,0.2115373,1.514026,0.7108271,0.4752967,-0.239289,0.8466604,0.2417079,1.515425,0.6989831,0.4656469,-0.2443322,0.8505731,0.1823357,1.512603,0.7289457,0.5126417,-0.2413902,0.8239716,0.2120218,1.514014,0.7139644,4.046586,26.95018,2.435995,0,5,False
1,Center_Dir_Close,279,19.79999,0.2134215,1.513761,0.7188044,0.2031402,1.231197,0.7034156,-0.5186083,0.2384392,0.1968946,0.7971354,0.4189373,1.069079,0.718107,-0.03849277,-0.3621681,-0.005873025,-0.9312991,MathCanvas,0.9463357,1.144323,2.02202,0.212721,1.51391,0.7163938,0.5002102,-0.2440203,0.8308091,0.2425435,1.515156,0.7027527,0.4913491,-0.2472422,0.8351331,0.1842995,1.512366,0.7348561,0.5375068,-0.2443892,0.8070691,0.2134215,1.513761,0.7188044,4.204188,29.03976,2.408668,0,5,False
1,Center_Dir_Close,280,19.81999,0.2141298,1.51365,0.7212554,0.2025449,1.231184,0.7058309,-0.5177459,0.2437748,0.2006963,0.7951315,0.4188567,1.070798,0.7168698,-0.03810847,-0.3645526,-0.01332133,-0.9303074,MathCanvas,0.986271,1.136737,2.002445,0.2134215,1.513761,0.7188044,0.5146198,-0.245816,0.8214262,0.2429588,1.515014,0.7046807,0.5058974,-0.249703,0.825661,0.1853007,1.512286,0.73783,0.5515445,-0.2468943,0.7967696,0.2141298,1.51365,0.7212554,4.348479,30.07462,2.355774,0,5,False
1,Center_Dir_Close,281,19.83999,0.2150903,1.513432,0.7228588,0.2021035,1.231232,0.706914,-0.5178983,0.2471957,0.2051001,0.7928491,0.4197271,1.074091,0.7138653,-0.03617201,-0.36851,-0.02758432,-0.9285101,MathCanvas,1.010051,1.133466,1.991689,0.2141298,1.51365,0.7212554,0.524426,-0.2365213,0.8179456,0.2436106,1.514831,0.7057612,0.5164637,-0.2396492,0.8220909,0.1865699,1.512033,0.7399564,0.5617763,-0.2368933,0.7926468,0.2150903,1.513432,0.7228588,4.454564,31.12993,2.415735,0,5,False
1,Center_Dir_Close,282,19.85999,0.2167881,1.512582,0.725342,0.2016952,1.230759,0.7083059,-0.5110068,0.2611945,0.2129753,0.7907534,0.4217675,1.079614,0.7085452,-0.03672326,-0.3762285,-0.03658909,-0.9250755,MathCanvas,1.027311,1.147112,1.989678,0.215961,1.513216,0.724771,0.5535247,-0.2405236,0.7973449,0.2446659,1.51402,0.7072186,0.5455356,-0.2469688,0.8008729,0.1889103,1.511144,0.7434653,0.5897455,-0.2441342,0.7698044,0.2167881,1.512582,0.725342,4.888243,33.23969,2.485344,0,5,False
1,Center_Dir_Close,283,19.87999,0.2176697,1.512223,0.7267038,0.2012392,1.230635,0.7102079,-0.5089632,0.2671258,0.2168398,0.7890379,0.42215,1.081691,0.7067662,-0.03665057,-0.3792602,-0.04239957,-0.9235912,MathCanvas,1.075668,1.139372,1.962546,0.2167881,1.512582,0.725342,0.5615295,-0.2255452,0.7961244,0.2452146,1.513668,0.708079,0.5533954,-0.2298982,0.8005626,0.1901247,1.510779,0.7453285,0.5973642,-0.2272131,0.76911,0.2176697,1.512223,0.7267038,5.065938,34.28559,2.496911,0,5,False
1,Center_Dir_Close,284,19.89999,0.2195051,1.510851,0.7266371,0.2022213,1.229672,0.7094852,-0.4982581,0.2840695,0.2235548,0.7880778,0.4253663,1.089275,0.6981101,-0.03146613,-0.3904872,-0.05983232,-0.9181229,MathCanvas,1.090838,1.161505,1.964663,0.2186124,1.511678,0.7276323,0.5890949,-0.2321749,0.773991,0.2463972,1.512312,0.7070826,0.5796009,-0.2384831,0.7792231,0.192613,1.50939,0.7461915,0.6224698,-0.2357576,0.7462906,0.2195051,1.510851,0.7266371,5.572101,36.26823,2.528574,1,6,False
1,Center_Dir_Close,285,19.91999,0.2204081,1.510428,0.7263367,0.2027853,1.229325,0.7082477,-0.4944117,0.2913312,0.2284628,0.7864401,0.4260636,1.092449,0.6942585,-0.02815077,-0.394059,-0.07093901,-0.9159109,MathCanvas,1.137809,1.148928,1.933164,0.2195051,1.510851,0.7266371,0.597939,-0.2142203,0.772385,0.2469649,1.511897,0.7063298,0.5892113,-0.2181482,0.7779726,0.1938513,1.50896,0.7463436,0.6317577,-0.215525,0.7446014,0.2204081,1.510428,0.7263367,5.726066,37.24672,2.541543,1,6,False
1,Center_Dir_Close,286,19.93999,0.2222914,1.509587,0.7252247,0.2033351,1.228783,0.7075587,-0.487306,0.3051339,0.2374665,0.7829661,0.4273522,1.098249,0.6873821,-0.02466208,-0.4004773,-0.08665285,-0.9118668,MathCanvas,1.155149,1.175544,1.933784,0.221357,1.510049,0.7257028,0.6090521,-0.2180863,0.7625574,0.2481698,1.511103,0.7043512,0.600513,-0.2222512,0.7681072,0.196413,1.508071,0.7460982,0.6425426,-0.2197594,0.7340605,0.2222914,1.509587,0.7252247,6.033735,39.1657,2.625004,1,6,False
1,Center_Dir_Close,287,19.95999,0.2232491,1.509182,0.7245752,0.2034051,1.228514,0.7079927,-0.4838442,0.3118834,0.2415069,0.7812158,0.4280799,1.101048,0.6842878,-0.02305818,-0.4039462,-0.09448951,-0.9095975,MathCanvas,1.174941,1.168467,1.91798,0.2222914,1.509587,0.7252247,0.6183279,-0.2155629,0.7557799,0.2487766,1.510727,0.703276,0.6095328,-0.2200035,0.7616222,0.1977216,1.507636,0.7458743,0.6511673,-0.2175254,0.7270928,0.2232491,1.509182,0.7245752,6.221851,40.1307,2.677028,1,6,False
1,Center_Dir_Close,288,19.97999,0.224189,1.508738,0.7240024,0.2034753,1.228244,0.7084269,-0.4803449,0.3186096,0.245529,0.7794051,0.4288078,1.103846,0.6811932,-0.02145228,-0.4073827,-0.1023192,-0.9072541,MathCanvas,1.190793,1.171874,1.9072,0.2232491,1.509182,0.7245752,0.6305867,-0.2187646,0.7446492,0.2493521,1.510307,0.7022756,0.6221041,-0.2229684,0.7505141,0.1990259,1.507169,0.7457292,0.6631476,-0.2204522,0.7152873,0.224189,1.508738,0.7240024,6.395045,41.11171,2.719048,1,6,False
1,Center_Dir_Close,289,19.99999,0.2252453,1.50826,0.7175115,0.206584,1.228287,0.6976113,-0.478087,0.3265997,0.256413,0.7739625,0.4292493,1.109432,0.6684377,-0.01700145,-0.4146525,-0.09273843,-0.9050823,MathCanvas,1.211097,1.166358,1.889425,0.2245316,1.508447,0.7197964,0.6397825,-0.2122832,0.738657,0.2499959,1.509998,0.6953286,0.6282449,-0.2144949,0.7478638,0.2004947,1.506522,0.7396945,0.6690534,-0.2118399,0.7123842,0.2252453,1.50826,0.7175115,6.461833,42.2079,3.012611,0,6,False
1,Center_Dir_Close,290,20.01999,0.2259601,1.508031,0.7152017,0.207224,1.228151,0.695896,-0.4759229,0.3322307,0.2605852,0.7715022,0.429857,1.112224,0.6643099,-0.0150795,-0.4183647,-0.09684973,-0.9029749,MathCanvas,1.230313,1.174773,1.877906,0.2252453,1.50826,0.7175115,0.6402714,-0.2100403,0.7388746,0.2504152,1.50982,0.6926974,0.6294127,-0.2125991,0.7474229,0.2015051,1.506241,0.7377061,0.6701605,-0.209993,0.7118902,0.2259601,1.508031,0.7152017,6.533496,42.97453,3.101746,0,6,False
1,Center_Dir_Close,291,20.03999,0.2272682,1.508233,0.7091372,0.2093423,1.22828,0.6894391,-0.475093,0.3406112,0.2669984,0.7661479,0.4304225,1.116969,0.6542093,-0.0091438,-0.4265259,-0.09854601,-0.8990444,MathCanvas,1.231231,1.178253,1.875286,0.2266139,1.507834,0.7128277,0.6601209,-0.2132155,0.7202635,0.2512609,1.51014,0.6861501,0.6450444,-0.2130534,0.7338433,0.2032755,1.506325,0.7321243,0.6850513,-0.21026,0.6974924,0.2272682,1.508233,0.7091372,6.53254,44.15039,3.306715,0,6,False
1,Center_Dir_Close,292,20.05999,0.2277123,1.508691,0.7052858,0.2104641,1.228734,0.6849856,-0.4767617,0.341643,0.2693127,0.7638383,0.4303221,1.118605,0.6487317,-0.005704135,-0.4275842,-0.09452338,-0.899002,MathCanvas,1.266574,1.172542,1.843133,0.2272682,1.508233,0.7091372,0.659653,-0.2119032,0.7210791,0.2515981,1.510685,0.6821949,0.6431054,-0.2121736,0.7357973,0.2038265,1.506697,0.7283767,0.6832093,-0.2093249,0.6995771,0.2277123,1.508691,0.7052858,6.460459,44.42006,3.456805,0,6,False
1,Center_Dir_Close,293,20.07999,0.2287879,1.509337,0.6981479,0.2122295,1.229044,0.6793555,-0.4754819,0.3486716,0.275821,0.7591231,0.4309533,1.122988,0.6390146,-0.0001963675,-0.4334582,-0.09490132,-0.8961627,MathCanvas,1.266067,1.175136,1.840331,0.2282531,1.509028,0.7017723,0.669752,-0.2106939,0.7120677,0.2522665,1.511425,0.6746513,0.6561844,-0.2121274,0.7241712,0.2053093,1.507249,0.7216445,0.6956499,-0.2091249,0.6872685,0.2287879,1.509337,0.6981479,6.448483,45.42905,3.620559,0,6,False
1,Center_Dir_Close,294,20.09999,0.2293347,1.509636,0.6945912,0.2130634,1.229085,0.6768867,-0.474308,0.3528417,0.2793131,0.7566497,0.43132,1.12534,0.6342956,0.002385617,-0.4365833,-0.09604085,-0.8945197,MathCanvas,1.285972,1.176763,1.822126,0.2287879,1.509337,0.6981479,0.6761697,-0.2106264,0.7059965,0.2525896,1.511779,0.6708779,0.6631743,-0.2123207,0.7177184,0.2060799,1.507494,0.7183044,0.7022888,-0.2092305,0.6804506,0.2293347,1.509636,0.6945912,6.454548,45.97722,3.714463,0,6,False
1,Center_Dir_Close,295,20.11999,0.2312136,1.510717,0.685216,0.2160116,1.230993,0.666851,-0.481489,0.3471115,0.2783523,0.7551172,0.4322286,1.124912,0.6217886,0.006608457,-0.4458319,-0.08539004,-0.89101,MathCanvas,1.296704,1.177151,1.809043,0.2304247,1.510252,0.6896421,0.6785462,-0.1828134,0.7114452,0.2544604,1.512885,0.6614972,0.6614549,-0.1792555,0.7282477,0.2079668,1.508548,0.7089347,0.700812,-0.1761282,0.6912608,0.2312136,1.510717,0.685216,5.346057,45.92585,3.752354,0,6,False
1,Center_Dir_Close,296,20.13999,0.2319619,1.511106,0.6807263,0.2170739,1.23123,0.6633096,-0.4821574,0.3488239,0.2801909,0.7532192,0.4327178,1.126104,0.6164359,0.008599133,-0.449542,-0.08409861,-0.8892499,MathCanvas,1.310107,1.220042,1.816419,0.2312136,1.510717,0.685216,0.681641,-0.1745371,0.7105649,0.2551073,1.513327,0.6569134,0.6652581,-0.1719426,0.7265448,0.2088164,1.508886,0.7045392,0.7044585,-0.1687151,0.6894008,0.2319619,1.511106,0.6807263,5.097821,46.15596,3.839809,0,6,False
1,Center_Dir_Close,297,20.15999,0.2327195,1.511552,0.6762717,0.2181194,1.231499,0.660015,-0.4824696,0.3508648,0.2824126,0.7512391,0.4331691,1.127577,0.6111821,0.01085946,-0.4531915,-0.08321194,-0.8874544,MathCanvas,1.318166,1.232979,1.813021,0.2319619,1.511106,0.6807263,0.6851109,-0.1703291,0.7082452,0.2557399,1.51382,0.6523424,0.6694506,-0.1681067,0.7235855,0.2096991,1.509284,0.700201,0.7084568,-0.1647923,0.6862451,0.2327195,1.511552,0.6762717,4.869099,46.44239,3.921656,0,6,False
1,Center_Dir_Close,298,20.17999,0.233979,1.511263,0.6657103,0.2202983,1.230884,0.649294,-0.4836804,0.3526985,0.2817481,0.7498501,0.4347009,1.126538,0.599413,0.01240551,-0.4572799,-0.07748623,-0.8858539,MathCanvas,1.326746,1.239561,1.80724,0.2333235,1.511935,0.6716642,0.7326767,-0.1351238,0.6670282,0.2569757,1.513601,0.641765,0.7117599,-0.1366122,0.6890101,0.2109822,1.508925,0.6896557,0.7486371,-0.1327094,0.6495619,0.233979,1.511263,0.6657103,4.619691,46.48368,4.041626,0,6,False
1,Center_Dir_Close,299,20.19999,0.2347567,1.51118,0.6603789,0.2215879,1.230654,0.6445458,-0.4837302,0.3540521,0.2819695,0.7490965,0.435354,1.126252,0.5936989,0.01329431,-0.4585373,-0.07726396,-0.8852102,MathCanvas,1.415442,1.293372,1.741313,0.233979,1.511263,0.6657103,0.7717704,-0.1179691,0.624863,0.2577167,1.513553,0.6364017,0.7554668,-0.1181329,0.6444491,0.2117968,1.508808,0.6843562,0.7896646,-0.1137999,0.6028925,0.2347567,1.51118,0.6603789,4.508361,46.56448,4.099932,0,6,False
1,Center_Dir_Close,300,20.21999,0.23642,1.510965,0.6494711,0.2243811,1.230141,0.6347316,-0.4838752,0.3565738,0.2820215,0.7477859,0.4365461,1.12683,0.5825017,0.01592875,-0.4629934,-0.0758481,-0.8829669,MathCanvas,1.485824,1.319948,1.673304,0.23551,1.511178,0.655058,0.7744832,-0.1130951,0.6224029,0.2593048,1.513438,0.6254322,0.7577679,-0.1131042,0.6426469,0.2135353,1.508492,0.67351,0.7918344,-0.1086283,0.6009977,0.23642,1.510965,0.6494711,4.226844,46.72451,4.272603,0,6,False
1,Center_Dir_Close,301,20.23999,0.2371981,1.510896,0.6440848,0.2256017,1.230081,0.6303985,-0.4841051,0.3580593,0.2828425,0.7466163,0.4371129,1.127322,0.5769808,0.01742652,-0.4655161,-0.07480928,-0.8816998,MathCanvas,1.496334,1.326984,1.661984,0.23642,1.510965,0.6494711,0.775083,-0.1108665,0.6220571,0.2600292,1.513412,0.6199994,0.7593256,-0.1104158,0.6412745,0.214367,1.50838,0.6681702,0.7932986,-0.1058808,0.5995553,0.2371981,1.510896,0.6440848,4.075459,46.84089,4.346457,0,6,False
1,Center_Dir_Close,302,20.25999,0.2396983,1.511647,0.6317843,0.2294636,1.228159,0.6140221,-0.4824159,0.3531493,0.2827555,0.7500733,0.4391637,1.1245,0.5646591,0.01727489,-0.4634418,-0.06606561,-0.8834922,MathCanvas,1.497585,1.330613,1.655631,0.2385149,1.511303,0.6376716,0.7799531,-0.1099825,0.6160982,0.2626173,1.514443,0.6078136,0.7629555,-0.1110177,0.6368468,0.2167793,1.508851,0.655755,0.7966818,-0.1059579,0.5950388,0.2396983,1.511647,0.6317843,4.166961,46.63683,4.832038,0,6,False
1,Center_Dir_Close,303,20.27999,0.2407838,1.511805,0.6258464,0.2311023,1.227907,0.6076397,-0.4805973,0.3532137,0.2830829,0.7510861,0.4398112,1.124069,0.5588471,0.01769975,-0.463321,-0.06352343,-0.8837337,MathCanvas,1.511496,1.332308,1.636399,0.2396983,1.511647,0.6317843,0.782351,-0.1561643,0.6029425,0.2636884,1.514697,0.6018733,0.7660071,-0.1568667,0.6233987,0.2178791,1.508913,0.6498194,0.7993968,-0.1513983,0.5814151,0.2407838,1.511805,0.6258464,4.065186,46.66084,4.998052,0,6,False
1,Center_Dir_Close,304,20.29999,0.2418956,1.512004,0.6198733,0.2326366,1.227616,0.601928,-0.4800423,0.3534902,0.2836584,0.7510939,0.4405333,1.123936,0.5530728,0.01861107,-0.4643891,-0.06117028,-0.8833203,MathCanvas,1.502476,1.25996,1.598207,0.2407838,1.511805,0.6258464,0.7814711,-0.1769859,0.5983134,0.2647833,1.514983,0.5958946,0.7652235,-0.1781076,0.6186362,0.2190079,1.509026,0.6438521,0.7985858,-0.1723939,0.5766639,0.2418956,1.512004,0.6198733,3.978983,46.69169,5.146552,0,6,False
1,Center_Dir_Close,305,20.31999,0.2444207,1.512757,0.607794,0.2369045,1.228107,0.5861859,-0.4729466,0.3495252,0.2848279,0.7569853,0.4422892,1.122206,0.5414495,0.01428798,-0.4597528,-0.06309897,-0.8856872,MathCanvas,1.497776,1.227575,1.581406,0.2431067,1.512199,0.6138392,0.7828211,-0.1735789,0.5975462,0.2672556,1.515935,0.5837907,0.7669418,-0.1783308,0.6164401,0.2215858,1.509578,0.6317973,0.8002099,-0.1722911,0.5744388,0.2444207,1.512757,0.607794,4.018508,46.81517,5.493714,0,6,False
1,Center_Dir_Close,306,20.33999,0.2456255,1.512703,0.6017777,0.2386242,1.228458,0.5790808,-0.471056,0.3469253,0.2870084,0.7585349,0.4435645,1.121699,0.5355481,0.01287353,-0.4605862,-0.0632937,-0.8852619,MathCanvas,1.505685,1.23309,1.570548,0.2444207,1.512757,0.607794,0.7838608,-0.1753118,0.5956744,0.2684225,1.515959,0.5777487,0.7681023,-0.1776492,0.6151907,0.2228285,1.509447,0.6258067,0.801303,-0.1714876,0.5731538,0.2456255,1.512703,0.6017777,3.98897,46.89989,5.627397,0,6,False
1,Center_Dir_Close,307,20.35999,0.2480456,1.512813,0.5896142,0.2420223,1.228719,0.5655998,-0.4678564,0.3438611,0.2897513,0.7608641,0.4458248,1.120903,0.5238312,0.01148272,-0.4624389,-0.06155388,-0.8844374,MathCanvas,1.506424,1.230723,1.559889,0.2468526,1.512877,0.5957521,0.7896329,-0.1749775,0.5881011,0.2707805,1.516261,0.5655531,0.7740381,-0.1773708,0.6077867,0.2253107,1.509366,0.6136752,0.8068374,-0.1708391,0.5655328,0.2480456,1.512813,0.5896142,3.922056,47.03244,5.959942,0,6,False
1,Center_Dir_Close,308,20.37999,0.248953,1.51198,0.5836425,0.2434156,1.229099,0.5584227,-0.466042,0.3409019,0.2919069,0.7624835,0.4479529,1.120796,0.5176597,0.01117432,-0.4682871,-0.05786251,-0.881609,MathCanvas,1.520516,1.230842,1.537322,0.2480456,1.512813,0.5896142,0.7999905,-0.1724363,0.5747008,0.2716351,1.515541,0.5595482,0.7852031,-0.1749274,0.5940173,0.226271,1.508418,0.6077368,0.8171947,-0.1680821,0.5513086,0.248953,1.51198,0.5836425,3.892627,47.14885,6.157162,0,6,False
1,Center_Dir_Close,309,20.39999,0.2505275,1.510352,0.5726252,0.2449879,1.228168,0.5457487,-0.4673405,0.3355321,0.2942314,0.7631769,0.4510773,1.120752,0.5058334,0.01315114,-0.4760077,-0.04653186,-0.8781108,MathCanvas,1.536943,1.234356,1.508915,0.2496485,1.51094,0.5781799,0.8053309,-0.183432,0.5637331,0.2730893,1.513921,0.5484192,0.7904853,-0.1871012,0.5832034,0.2279656,1.506784,0.5968311,0.8220214,-0.1801184,0.5402206,0.2505275,1.510352,0.5726252,3.932919,47.43811,6.169453,0,6,False
1,Center_Dir_Close,310,20.41999,0.2513634,1.509795,0.5668749,0.2463886,1.228026,0.5391812,-0.4665602,0.333699,0.2954421,0.7639899,0.4523555,1.120529,0.4999266,0.01325417,-0.4780347,-0.0437475,-0.8771507,MathCanvas,1.546499,1.215166,1.479808,0.2505275,1.510352,0.5726252,0.8065445,-0.1836109,0.5619367,0.2738794,1.513418,0.5426345,0.7917122,-0.1867733,0.581642,0.2288474,1.506171,0.5911152,0.8231663,-0.1797029,0.5386133,0.2513634,1.509795,0.5668749,3.923988,47.54254,6.265321,0,6,False
1,Center_Dir_Close,311,20.43999,0.2521355,1.509591,0.5617761,0.2466238,1.226516,0.5339168,-0.4674459,0.3329429,0.2964886,0.7633727,0.4527603,1.120245,0.4946587,0.01523149,-0.4762869,-0.04305166,-0.8781033,MathCanvas,1.547105,1.214817,1.469646,0.2513634,1.509795,0.5668749,0.8074739,-0.1892065,0.5587367,0.2746323,1.513352,0.5375389,0.7921382,-0.193299,0.5789236,0.2296388,1.50583,0.5860133,0.8235429,-0.1859602,0.5359066,0.2521355,1.509591,0.5617761,3.981667,47.58641,6.504699,0,6,False
1,Center_Dir_Close,312,20.45999,0.2534269,1.509327,0.551761,0.247853,1.22399,0.5231162,-0.4651211,0.3346713,0.295333,0.764484,0.4534885,1.118827,0.4848174,0.01599678,-0.4719427,-0.04340988,-0.8804145,MathCanvas,1.547987,1.205948,1.458449,0.2528133,1.50938,0.5566559,0.8081988,-0.1955032,0.5555117,0.2759153,1.513356,0.5275592,0.7923386,-0.1993969,0.5765766,0.2309386,1.505297,0.5759629,0.8237301,-0.1915842,0.5336331,0.2534269,1.509327,0.551761,4.029339,47.59411,6.971449,0,6,False
1,Center_Dir_Close,313,20.47999,0.2540718,1.509169,0.5467984,0.2487508,1.223076,0.5174396,-0.4639015,0.3349176,0.2947649,0.7653361,0.4542583,1.118235,0.4795795,0.01607594,-0.4717113,-0.04210366,-0.8806005,MathCanvas,1.550883,1.195472,1.443561,0.2534269,1.509327,0.551761,0.8083258,-0.1954921,0.5553307,0.2765484,1.513307,0.5226038,0.7928151,-0.1994421,0.5759053,0.2315953,1.505031,0.570993,0.8241845,-0.1914535,0.5329778,0.2540718,1.509169,0.5467984,4.052999,47.61697,7.159875,0,6,False
1,Center_Dir_Close,314,20.49999,0.2549541,1.509522,0.5374988,0.2504989,1.221165,0.5072919,-0.4597661,0.336501,0.2908708,0.7686198,0.4558502,1.116333,0.4699796,0.01425946,-0.4717397,-0.03893384,-0.8807625,MathCanvas,1.549629,1.195841,1.436863,0.254406,1.509505,0.5422491,0.8082172,-0.1957226,0.5554077,0.2774587,1.513898,0.5133724,0.7925315,-0.1998796,0.576144,0.2324494,1.505146,0.5616253,0.8239483,-0.1915021,0.5333256,0.2549541,1.509522,0.5374988,4.125303,47.54005,7.574954,0,6,False
1,Center_Dir_Close,315,20.51999,0.2547366,1.510005,0.5335709,0.2503732,1.221828,0.5046539,-0.45493,0.3367136,0.2861419,0.7731659,0.4565893,1.114068,0.4670665,0.008249731,-0.4730199,-0.03791945,-0.8801968,MathCanvas,1.552148,1.195386,1.428932,0.2549541,1.509522,0.5374988,0.8042976,-0.1969715,0.5606315,0.2772996,1.514302,0.5094847,0.7864946,-0.2023453,0.583509,0.2321736,1.505708,0.5576571,0.8183433,-0.1942289,0.5409154,0.2547366,1.510005,0.5335709,4.184781,47.41595,7.437546,0,6,False
1,Center_Dir_Close,316,20.53999,0.2550199,1.510759,0.5252205,0.2511254,1.222183,0.4957675,-0.45155,0.3356421,0.2839257,0.7764233,0.4578032,1.111661,0.4588639,0.00278756,-0.4725999,-0.03798259,-0.8804538,MathCanvas,1.543338,1.194428,1.431784,0.2548695,1.510391,0.5294223,0.8027402,-0.1973641,0.5627216,0.2776179,1.515044,0.501165,0.7861078,-0.2020343,0.5841377,0.2324219,1.506474,0.5492759,0.8179933,-0.1938587,0.5415772,0.2550199,1.510759,0.5252205,4.277488,47.34572,7.418046,0,6,False
1,Center_Dir_Close,317,20.55999,0.2548491,1.5118,0.5213901,0.250096,1.224257,0.4928854,-0.4533699,0.3322804,0.2838517,0.7768357,0.4579244,1.110637,0.4558819,-0.001320392,-0.4712444,-0.04018672,-0.8810857,MathCanvas,1.542904,1.194116,1.428029,0.2550199,1.510759,0.5252205,0.8023396,-0.1979481,0.5630878,0.2774878,1.515978,0.4973541,0.7848386,-0.2031465,0.585457,0.2322103,1.507622,0.545426,0.8167979,-0.195138,0.5429202,0.2548491,1.5118,0.5213901,4.323334,47.2627,7.231958,0,6,False
1,Center_Dir_Close,318,20.57999,0.2541497,1.513385,0.5140189,0.2481021,1.227091,0.4865931,-0.4582172,0.3274783,0.2817405,0.7767994,0.4580217,1.109823,0.4495905,-0.00702554,-0.4705337,-0.04194242,-0.8813567,MathCanvas,1.540413,1.194633,1.423609,0.2545712,1.51273,0.5176064,0.7999275,-0.1995749,0.5659379,0.2768867,1.517438,0.4900543,0.7821316,-0.2040357,0.588761,0.2314127,1.509333,0.5379835,0.8142668,-0.1962249,0.5463198,0.2541497,1.513385,0.5140189,4.352846,47.04073,7.014385,0,6,False
1,Center_Dir_Close,319,20.59999,0.2535905,1.513808,0.5104302,0.2471573,1.228276,0.4837345,-0.4606705,0.3260532,0.280485,0.7764021,0.4581752,1.109879,0.4465923,-0.009335935,-0.4713669,-0.04237019,-0.8808694,MathCanvas,1.537828,1.193119,1.422204,0.2541497,1.513385,0.5140189,0.7990639,-0.2001775,0.5669444,0.2763809,1.517781,0.4865031,0.781244,-0.2043329,0.5898353,0.2308001,1.509835,0.5343574,0.8134288,-0.1966389,0.5474182,0.2535905,1.513808,0.5104302,4.35273,46.91819,6.875889,0,6,False
1,Center_Dir_Close,320,20.61999,0.2529937,1.514402,0.5068033,0.2465935,1.229109,0.4803203,-0.4621006,0.3245787,0.2793814,0.7765679,0.4583955,1.109927,0.4434378,-0.01127708,-0.4723521,-0.04256297,-0.8803095,MathCanvas,1.534126,1.193015,1.418983,0.2535905,1.513808,0.5104302,0.7971169,-0.1991878,0.5700253,0.2758317,1.518309,0.4829108,0.7793922,-0.2032186,0.5926635,0.2301557,1.510494,0.5306959,0.8117089,-0.1956565,0.5503155,0.2529937,1.514402,0.5068033,4.352548,46.80831,6.761685,0,6,False
1,Center_Dir_Close,321,20.63999,0.2512478,1.515112,0.5000932,0.244427,1.231286,0.4754179,-0.4701887,0.3212689,0.2769252,0.7739647,0.4586532,1.112287,0.4380767,-0.008958579,-0.4786836,-0.04045533,-0.8770093,MathCanvas,1.530859,1.195082,1.420616,0.2523808,1.515019,0.5032179,0.7945654,-0.1997911,0.5733666,0.2742087,1.518859,0.4762928,0.7762436,-0.2007532,0.5976152,0.2282869,1.511366,0.5238936,0.8087768,-0.1934593,0.5553859,0.2512478,1.515112,0.5000932,4.176798,46.50251,6.47997,0,6,False
1,Center_Dir_Close,322,20.65999,0.2503315,1.515703,0.4969993,0.2432646,1.231851,0.4733629,-0.4748381,0.3201317,0.2751898,0.7722144,0.4589601,1.113558,0.4353601,-0.00590983,-0.4826617,-0.03742589,-0.8749869,MathCanvas,1.527235,1.194269,1.420859,0.2512478,1.515112,0.5000932,0.7927968,-0.1971077,0.5767337,0.2733487,1.519407,0.4732468,0.7749236,-0.1984192,0.6001027,0.2273142,1.511999,0.5207518,0.807556,-0.1912077,0.5579363,0.2503315,1.515703,0.4969993,4.031933,46.35293,6.405645,0,6,False
1,Center_Dir_Close,323,20.67999,0.2482108,1.516522,0.4908705,0.2415385,1.232789,0.4682147,-0.4804425,0.3186121,0.2725587,0.7703072,0.4595146,1.115182,0.4296565,-0.00161323,-0.4886448,-0.03339033,-0.8718421,MathCanvas,1.522301,1.199462,1.422315,0.2492809,1.516116,0.4939284,0.7904959,-0.1936468,0.5810484,0.2713254,1.520125,0.4671971,0.7726306,-0.1956684,0.6039501,0.2250961,1.51292,0.5145439,0.8054236,-0.1886353,0.5618804,0.2482108,1.516522,0.4908705,3.791671,46.09769,6.227855,0,6,False
1,Center_Dir_Close,324,20.69999,0.2471284,1.516936,0.4878646,0.2406811,1.233209,0.4656574,-0.4828461,0.3180541,0.2713249,0.76947,0.4597289,1.115815,0.4267741,0.0001434386,-0.4912336,-0.03202358,-0.8704391,MathCanvas,1.519486,1.2051,1.425312,0.2482108,1.516522,0.4908705,0.7893124,-0.1921531,0.5831494,0.2702932,1.520484,0.4642321,0.7713609,-0.1940739,0.6060839,0.2239635,1.513388,0.5114971,0.8042431,-0.1871389,0.5640674,0.2471284,1.516936,0.4878646,3.688231,45.96852,6.132504,0,6,False
1,Center_Dir_Close,325,20.71999,0.244086,1.516802,0.482839,0.238001,1.232233,0.4630608,-0.478854,0.3258029,0.271598,0.768626,0.4590589,1.117299,0.4232598,0.01038429,-0.4987057,-0.03516633,-0.8659955,MathCanvas,1.514929,1.208298,1.424524,0.2454686,1.516826,0.4854242,0.787639,-0.19037,0.5859897,0.2672883,1.520239,0.4592269,0.7702434,-0.1932485,0.6077665,0.2208836,1.513365,0.5064512,0.8031932,-0.186499,0.5657728,0.244086,1.516802,0.482839,3.619964,45.8779,5.939085,0,6,False
1,Center_Dir_Close,326,20.73999,0.2426954,1.516843,0.4803104,0.2370332,1.232386,0.4609188,-0.4790511,0.3270226,0.2709339,0.7682194,0.4588602,1.117768,0.4211269,0.01313952,-0.5022554,-0.03529273,-0.8638989,MathCanvas,1.511509,1.21047,1.42578,0.244086,1.516802,0.482839,0.7901551,-0.1923638,0.5819373,0.265924,1.520236,0.4567177,0.7727913,-0.1954117,0.6038277,0.2194668,1.51345,0.503903,0.8055326,-0.1886626,0.561715,0.2426954,1.516843,0.4803104,3.590454,45.81396,5.863015,0,6,False
1,Center_Dir_Close,327,20.75999,0.2413097,1.516863,0.4777912,0.2360313,1.232522,0.4588038,-0.4791412,0.3284506,0.2702762,0.7677856,0.4587397,1.118253,0.4188274,0.01562873,-0.5056762,-0.03503728,-0.8618699,MathCanvas,1.511545,1.207941,1.414799,0.2426954,1.516843,0.4803104,0.7894474,-0.1920383,0.5830044,0.2645668,1.52021,0.4542201,0.7720016,-0.1949844,0.6049749,0.2180526,1.513516,0.5013624,0.8047939,-0.1883127,0.5628901,0.2413097,1.516863,0.4777912,3.556693,45.74429,5.782953,0,6,False
1,Center_Dir_Close,328,20.77999,0.23789,1.5172,0.4740757,0.2327558,1.2326,0.4565533,-0.4794666,0.3310543,0.2706403,0.7663347,0.4562136,1.118151,0.4164226,0.02199891,-0.5180035,-0.023973,-0.8547595,MathCanvas,1.508997,1.20849,1.413974,0.2395818,1.517081,0.4759019,0.7882747,-0.1993327,0.5821422,0.261112,1.520443,0.4504554,0.7720345,-0.2028744,0.6023328,0.2146681,1.513957,0.497696,0.8047681,-0.196321,0.5601842,0.23789,1.5172,0.4740757,3.653289,45.84536,5.603042,0,6,False
1,Center_Dir_Close,329,20.79999,0.2361132,1.517253,0.4722072,0.2309623,1.233078,0.4553542,-0.4807367,0.3302456,0.272058,0.7653853,0.4549892,1.118341,0.41462,0.02483475,-0.5229501,-0.0191429,-0.8517864,MathCanvas,1.504057,1.197022,1.409142,0.23789,1.5172,0.4740757,0.7886872,-0.1995988,0.5814919,0.2593175,1.520438,0.4485617,0.7723341,-0.2030986,0.6018728,0.2129089,1.514068,0.4958527,0.8050374,-0.1966374,0.5596862,0.2361132,1.517253,0.4722072,3.655658,45.89154,5.502955,0,6,False
1,Center_Dir_Close,330,20.81999,0.2321579,1.517557,0.4686505,0.2274559,1.234177,0.4530436,-0.482503,0.3292001,0.2745737,0.7638242,0.4517182,1.11881,0.4105598,0.03197906,-0.5349646,-0.004605398,-0.8442565,MathCanvas,1.500824,1.197183,1.404667,0.2342346,1.517392,0.4703197,0.7890861,-0.2001222,0.5807704,0.2553086,1.520611,0.4449354,0.7733589,-0.2034519,0.600436,0.2090071,1.514502,0.4923656,0.8059689,-0.1971999,0.5581455,0.2321579,1.517557,0.4686505,3.652084,46.02697,5.276872,0,6,False
1,Center_Dir_Close,331,20.83999,0.2301401,1.517658,0.4669272,0.2258555,1.234661,0.4517161,-0.4832506,0.32924,0.2750387,0.7631668,0.4503837,1.119076,0.408475,0.03556416,-0.5403935,0.001177505,-0.8406597,MathCanvas,1.499487,1.196146,1.40141,0.2321579,1.517557,0.4686505,0.790287,-0.2002625,0.5790868,0.2532672,1.520651,0.4431813,0.774161,-0.2033986,0.5994194,0.207013,1.514664,0.4906732,0.8067039,-0.1972399,0.5570683,0.2301401,1.517658,0.4669272,3.641172,46.08572,5.171197,0,6,False
1,Center_Dir_Close,332,20.85999,0.2255978,1.518098,0.4644248,0.2215865,1.235769,0.4507422,-0.4872558,0.3291352,0.2740411,0.7610213,0.4435813,1.118755,0.4045201,0.0480598,-0.5523357,0.01920624,-0.8320137,MathCanvas,1.497534,1.196494,1.395617,0.2278483,1.517802,0.465686,0.7919633,-0.1988582,0.5772777,0.2486163,1.52099,0.4405611,0.7764072,-0.2009211,0.5973462,0.2025793,1.515206,0.4882886,0.8087923,-0.1949516,0.5548413,0.2255978,1.518098,0.4644248,3.474909,46.33634,4.994035,0,6,False
1,Center_Dir_Close,333,20.87999,0.2232947,1.51831,0.4632218,0.2195581,1.236204,0.4501468,-0.4895445,0.3288108,0.2741903,0.7596377,0.4412165,1.118652,0.402646,0.05242039,-0.5566376,0.02522621,-0.8287161,MathCanvas,1.498001,1.198604,1.391905,0.2255978,1.518098,0.4644248,0.789713,-0.1939448,0.5820128,0.2462724,1.52115,0.4393125,0.7741024,-0.1958406,0.6020066,0.2003171,1.51547,0.4871312,0.806689,-0.1900495,0.5595838,0.2232947,1.51831,0.4632218,3.404564,46.43033,4.903568,0,6,False
1,Center_Dir_Close,334,20.89999,0.2187714,1.518771,0.4607814,0.2168884,1.236893,0.4484932,-0.4917045,0.3287952,0.2743661,0.7581844,0.43667,1.118468,0.3989036,0.06082473,-0.5650676,0.03710953,-0.8219622,MathCanvas,1.491025,1.206969,1.39753,0.2210428,1.51854,0.4619577,0.7914873,-0.1923204,0.5801384,0.2416778,1.521501,0.4367909,0.7757827,-0.1942286,0.6003635,0.195865,1.516042,0.4847719,0.8082436,-0.1886269,0.5578191,0.2187714,1.518771,0.4607814,3.290836,46.59532,4.711365,0,6,False
1,Center_Dir_Close,335,20.91999,0.2165731,1.518228,0.4608768,0.2117532,1.236849,0.4504352,-0.49505,0.3284606,0.2785974,0.754601,0.4291166,1.114379,0.4009321,0.05426649,-0.5569881,0.03274811,-0.8280985,MathCanvas,1.491568,1.2095,1.393706,0.2187714,1.518771,0.4607814,0.792302,-0.1914285,0.5793208,0.2393711,1.52086,0.4367724,0.7788166,-0.1881906,0.5983552,0.1937751,1.515597,0.4849812,0.8110833,-0.182784,0.5556382,0.2165731,1.518228,0.4608768,2.919795,46.82721,4.540729,0,6,False
1,Center_Dir_Close,336,20.93999,0.2143898,1.517967,0.4602156,0.2092417,1.236665,0.4505051,-0.4944546,0.33083,0.2791741,0.7537426,0.4254349,1.112966,0.4010002,0.05222893,-0.5569053,0.03199232,-0.8283147,MathCanvas,1.488129,1.211007,1.390622,0.2165731,1.518228,0.4608768,0.7947648,-0.1894926,0.5765773,0.2371027,1.52052,0.4360225,0.7804218,-0.1904694,0.5955362,0.1916769,1.515413,0.4844086,0.8125481,-0.1851775,0.5526979,0.2143898,1.517967,0.4602156,2.804525,47.02337,4.405128,0,6,False
1,Center_Dir_Close,337,20.95999,0.2100581,1.51683,0.4592511,0.2043144,1.235871,0.4505002,-0.4928094,0.3374318,0.2794201,0.7517999,0.4177836,1.109906,0.4014548,0.04538426,-0.5530219,0.02770351,-0.8314683,MathCanvas,1.489897,1.213852,1.385557,0.2121991,1.517737,0.4595829,0.7975734,-0.1863214,0.5737256,0.2325572,1.519248,0.4348454,0.7845305,-0.1885854,0.5907178,0.187559,1.514412,0.4836568,0.8163539,-0.1835404,0.5476124,0.2100581,1.51683,0.4592511,2.66784,47.5222,4.170682,0,6,False
1,Center_Dir_Close,338,20.97999,0.2079279,1.516152,0.4588691,0.2018984,1.235591,0.4503411,-0.4926851,0.3399072,0.2800318,0.7505376,0.4142673,1.108717,0.401187,0.04372684,-0.5522447,0.02746149,-0.8320815,MathCanvas,1.491665,1.217434,1.381161,0.2100581,1.51683,0.4592511,0.8007348,-0.1860636,0.5693892,0.2303276,1.518497,0.4343651,0.7868739,-0.1873646,0.5879829,0.1855281,1.513806,0.4833731,0.8185222,-0.1824442,0.5447344,0.2079279,1.516152,0.4588691,2.584267,47.7515,4.045407,0,6,False
1,Center_Dir_Close,339,20.99999,0.2044657,1.516053,0.4590924,0.1957694,1.233053,0.4502001,-0.4882551,0.3525938,0.2851284,0.745645,0.4062844,1.106632,0.4016734,0.03604421,-0.5442796,0.01772286,-0.8379418,MathCanvas,1.49232,1.217703,1.372179,0.2061637,1.515559,0.4590402,0.8010965,-0.1917925,0.5669745,0.2265749,1.518276,0.4343146,0.7873918,-0.1970022,0.5841268,0.1823565,1.51383,0.4838702,0.81893,-0.1923116,0.5407122,0.2044657,1.516053,0.4590924,2.853554,48.44873,3.834428,0,6,False
1,Center_Dir_Close,340,21.01999,0.2025747,1.51586,0.459029,0.1932404,1.232657,0.4500138,-0.48777,0.3556471,0.2862722,0.7440726,0.4027324,1.105577,0.4013615,0.03445971,-0.5432475,0.01678045,-0.8386973,MathCanvas,1.48842,1.208658,1.367809,0.2044657,1.516053,0.4590924,0.8034565,-0.1946575,0.5626422,0.224568,1.51802,0.4341427,0.7898848,-0.1975136,0.5805776,0.1805814,1.513701,0.4839152,0.8212215,-0.1929231,0.5370065,0.2025747,1.51586,0.459029,2.874034,48.71825,3.724933,0,6,False
1,Center_Dir_Close,341,21.03999,0.1990908,1.516837,0.4595136,0.1876669,1.230527,0.4494836,-0.4682884,0.3813251,0.2877935,0.7432846,0.3960418,1.106339,0.3970318,0.03533328,-0.5540926,0.007451326,-0.8316715,MathCanvas,1.487555,1.204541,1.358871,0.2008043,1.516042,0.4590907,0.8043748,-0.2079812,0.5565296,0.2206741,1.518997,0.434271,0.7945645,-0.2155266,0.5676403,0.1775075,1.514677,0.4847562,0.8253962,-0.210885,0.5236876,0.1990908,1.516837,0.4595136,3.23033,49.67877,3.72724,0,6,False
1,Center_Dir_Close,342,21.05999,0.1972046,1.516342,0.4595825,0.1855524,1.230802,0.4490944,-0.4634416,0.3870603,0.2881897,0.7432045,0.3928208,1.106781,0.3938455,0.03309712,-0.5642549,0.008253352,-0.8248957,MathCanvas,1.483701,1.184685,1.348307,0.1990908,1.516837,0.4595136,0.8054175,-0.2139262,0.5527553,0.2185421,1.518441,0.4341266,0.7945539,-0.2184677,0.5665296,0.1758672,1.514244,0.4850385,0.8253546,-0.2140086,0.5224845,0.1972046,1.516342,0.4595825,3.355944,50.24218,3.621456,0,6,False
1,Center_Dir_Close,343,21.07999,0.195281,1.516068,0.4596333,0.1831998,1.230715,0.4487706,-0.4598029,0.3921555,0.2893512,0.7423418,0.3893694,1.106708,0.3918022,0.03150252,-0.5693622,0.007879317,-0.8214452,MathCanvas,1.480241,1.175556,1.340126,0.1972046,1.516342,0.4595825,0.8102556,-0.2162388,0.5447263,0.2163787,1.518118,0.4339744,0.7993385,-0.2209858,0.5587695,0.1741833,1.514018,0.4852922,0.8297271,-0.2165933,0.5144321,0.195281,1.516068,0.4596333,3.498052,50.78789,3.538202,0,6,False
1,Center_Dir_Close,344,21.09999,0.1916204,1.515896,0.4596011,0.1789761,1.231676,0.4474504,-0.4555403,0.3973404,0.2949691,0.7399979,0.3812479,1.108553,0.3841658,0.03049836,-0.5833083,0.01364996,-0.8115634,MathCanvas,1.485474,1.171745,1.327016,0.1934526,1.515761,0.4597374,0.818786,-0.2209543,0.5298761,0.212176,1.518008,0.4335108,0.8103307,-0.2259374,0.5406629,0.1710648,1.513785,0.4856914,0.8397865,-0.2214215,0.4957128,0.1916204,1.515896,0.4596011,3.797905,52.00849,3.645351,0,6,False
1,Center_Dir_Close,345,21.11999,0.1898932,1.515416,0.4593409,0.1776936,1.232643,0.4455268,-0.4551903,0.3961272,0.3015549,0.7382071,0.3754605,1.110262,0.3785995,0.0357154,-0.5824252,0.01904914,-0.8118759,MathCanvas,1.496084,1.163879,1.303783,0.1916204,1.515896,0.4596011,0.82192,-0.2162056,0.526975,0.2101339,1.517722,0.4330219,0.8135454,-0.2201437,0.5382198,0.1696525,1.51311,0.48566,0.8428497,-0.2154388,0.4931435,0.1898932,1.515416,0.4593409,3.922953,52.71071,3.982245,0,6,False
1,Center_Dir_Close,346,21.13999,0.1862287,1.514516,0.4589086,0.1742185,1.232474,0.4431383,-0.4506286,0.4028279,0.3101988,0.7337849,0.3661671,1.110857,0.3707267,0.03906843,-0.5833408,0.0199317,-0.8110424,MathCanvas,1.49741,1.171474,1.297657,0.1880636,1.514973,0.459145,0.8348655,-0.2115545,0.5081774,0.2058813,1.51702,0.4321653,0.8260365,-0.2153701,0.5208449,0.1665761,1.512011,0.4856518,0.8543699,-0.2103739,0.4751789,0.1862287,1.514516,0.4589086,4.122742,54.00087,4.326385,0,6,False
1,Center_Dir_Close,347,21.15999,0.1844237,1.514071,0.4587021,0.1722071,1.232512,0.4423289,-0.4479747,0.4064397,0.3131623,0.7321576,0.3619098,1.111198,0.3674338,0.03979829,-0.5857088,0.02075468,-0.8092778,MathCanvas,1.517128,1.177266,1.269019,0.1862287,1.514516,0.4589086,0.8405159,-0.2128727,0.498215,0.2037946,1.51665,0.4317611,0.8314171,-0.2170792,0.5114902,0.1650529,1.511491,0.485643,0.8592702,-0.2119537,0.4655433,0.1844237,1.514071,0.4587021,4.231853,54.61296,4.456982,0,6,False
1,Center_Dir_Close,348,21.17999,0.1812642,1.513276,0.457816,0.169391,1.230656,0.4383171,-0.4448836,0.4187511,0.3273867,0.7207941,0.3555577,1.107112,0.358789,0.03444612,-0.5969355,0.005108864,-0.8015332,MathCanvas,1.521972,1.175317,1.251532,0.1827553,1.513467,0.4581679,0.8516745,-0.2151487,0.477872,0.1999689,1.516098,0.4304324,0.8440013,-0.219357,0.4894325,0.1625594,1.510454,0.4851997,0.8707185,-0.2138275,0.4428625,0.1812642,1.513276,0.457816,4.393942,56.03913,4.878514,0,6,False
1,Center_Dir_Close,349,21.19999,0.1796444,1.51301,0.4575085,0.1681887,1.229773,0.4368082,-0.4422804,0.4257171,0.3319206,0.7162275,0.3529488,1.105339,0.3552518,0.02979636,-0.6045687,0.002978206,-0.7959899,MathCanvas,1.538363,1.170448,1.21928,0.1812642,1.513276,0.457816,0.8450438,-0.2078567,0.4926422,0.1980196,1.515904,0.4299101,0.8367632,-0.2121732,0.5047871,0.1612692,1.510117,0.485107,0.8642651,-0.2068656,0.458533,0.1796444,1.51301,0.4575085,4.499732,56.73765,5.003095,0,6,False
1,Center_Dir_Close,350,21.21999,0.1764468,1.512329,0.4567801,0.1650086,1.228821,0.4343242,-0.4370399,0.4364018,0.340095,0.7091439,0.3462468,1.103325,0.3481064,0.02544021,-0.6148116,-0.0003900825,-0.7882636,MathCanvas,1.522887,1.182611,1.24059,0.1779705,1.512619,0.4571254,0.8563563,-0.210821,0.4713899,0.194166,1.515385,0.4287733,0.8484858,-0.2145149,0.4837925,0.1587275,1.509272,0.484787,0.8748891,-0.2089471,0.4369328,0.1764468,1.512329,0.4567801,4.656849,58.10984,5.286165,0,6,False
1,Center_Dir_Close,351,21.23999,0.1753875,1.512315,0.4562069,0.1643935,1.228106,0.433615,-0.4312732,0.4446376,0.3423893,0.7064492,0.3466901,1.09985,0.3471333,0.01782397,-0.6245291,0.006839782,-0.7807683,MathCanvas,1.53896,1.1769,1.206789,0.1764468,1.512329,0.4567801,0.8620093,-0.2117319,0.4605536,0.1927693,1.515412,0.4279939,0.8547726,-0.211343,0.474023,0.1580056,1.509218,0.48442,0.8806101,-0.2057179,0.4268558,0.1753875,1.512315,0.4562069,4.47337,58.78192,5.355474,0,6,False
1,Center_Dir_Close,352,21.25999,0.174113,1.512241,0.4557113,0.1629145,1.227976,0.432851,-0.4274337,0.4485562,0.3457611,0.7046609,0.3444082,1.098625,0.3453557,0.01499376,-0.6282395,0.006649822,-0.7778471,MathCanvas,1.543548,1.17626,1.187186,0.1753875,1.512315,0.4562069,0.8624802,-0.1913819,0.4685093,0.19119,1.515411,0.4273208,0.8543863,-0.1929566,0.4824849,0.157036,1.509071,0.4841019,0.8805019,-0.1874317,0.4354144,0.174113,1.512241,0.4557113,4.409963,59.39575,5.482051,0,6,False
1,Center_Dir_Close,353,21.27999,0.1715204,1.512309,0.454845,0.1599185,1.227469,0.4310588,-0.4205879,0.45692,0.3521383,0.7002346,0.3393567,1.096314,0.340921,0.009851605,-0.6362566,0.006256163,-0.7713892,MathCanvas,1.54538,1.20796,1.2006,0.1728178,1.51233,0.4552918,0.8728026,-0.1868281,0.4509001,0.1879697,1.515634,0.4261037,0.8651196,-0.1893281,0.4644599,0.1550712,1.508983,0.4835862,0.8902354,-0.1835679,0.4168739,0.1715204,1.512309,0.454845,4.367801,60.65596,5.751603,0,6,False
1,Center_Dir_Close,354,21.29999,0.1702473,1.512318,0.4544124,0.1584456,1.22726,0.4302554,-0.4172571,0.4606286,0.3548141,0.6984446,0.3369016,1.095259,0.3389756,0.00748989,-0.6396457,0.006425887,-0.7686065,MathCanvas,1.561092,1.214863,1.172714,0.1715204,1.512309,0.454845,0.8780036,-0.1864488,0.4408475,0.1863813,1.515716,0.4255013,0.87032,-0.1890282,0.4547653,0.1541133,1.508921,0.4833234,0.8949134,-0.183152,0.4069218,0.1702473,1.512318,0.4544124,4.35272,61.28351,5.875807,0,6,False
1,Center_Dir_Close,355,21.31999,0.1681062,1.512748,0.4535686,0.1563602,1.228226,0.431811,-0.4184935,0.4515652,0.3470745,0.7074541,0.334771,1.098046,0.3429657,0.01908797,-0.6319752,0.01918817,-0.7745159,MathCanvas,1.565063,1.216122,1.154752,0.1692653,1.512587,0.4539683,0.8822638,-0.1869106,0.4320592,0.1841134,1.51617,0.4245901,0.8718747,-0.1900214,0.4513605,0.152099,1.509326,0.4825472,0.8962958,-0.1841111,0.4034313,0.1681062,1.512748,0.4535686,4.406875,61.54097,5.919133,0,6,False
1,Center_Dir_Close,356,21.33999,0.1670094,1.512952,0.4531955,0.1551209,1.228453,0.4322423,-0.4197596,0.4492111,0.3457268,0.7088612,0.3331454,1.098138,0.3430761,0.01948786,-0.6314593,0.02013347,-0.7749026,MathCanvas,1.569901,1.215773,1.140051,0.1681062,1.512748,0.4535686,0.8844141,-0.1870671,0.4275717,0.1828909,1.516387,0.4241494,0.8738872,-0.189702,0.4475872,0.1511279,1.509516,0.4822415,0.8981002,-0.1837703,0.3995553,0.1670094,1.512952,0.4531955,4.388676,61.78786,5.942435,0,6,False
1,Center_Dir_Close,357,21.35999,0.1648682,1.513433,0.4524701,0.1544031,1.228673,0.4328829,-0.4225105,0.4461885,0.3438867,0.71003,0.330585,1.098317,0.344316,0.0189426,-0.628684,0.02077013,-0.7771527,MathCanvas,1.56991,1.216217,1.13143,0.1658949,1.513141,0.4528145,0.885156,-0.1876823,0.4257631,0.1805563,1.51683,0.4233147,0.8726092,-0.1908012,0.4496087,0.1491802,1.510036,0.4816256,0.8969317,-0.1850191,0.4015986,0.1648682,1.513433,0.4524701,4.393596,62.1678,5.876106,0,6,False
1,Center_Dir_Close,358,21.37999,0.1639564,1.513934,0.4521876,0.150835,1.229472,0.4348344,-0.4291086,0.4385293,0.3406494,0.7124015,0.3315808,1.098859,0.3470298,0.01802492,-0.6242565,0.01889694,-0.7807828,MathCanvas,1.570053,1.215487,1.128369,0.1648682,1.513433,0.4524701,0.8850999,-0.1879109,0.4257788,0.1796724,1.517185,0.4230305,0.8718968,-0.1907717,0.4510011,0.1482403,1.510684,0.4813447,0.896266,-0.1852282,0.4029863,0.1639564,1.513934,0.4521876,4.389408,62.10637,5.621509,0,6,False
1,Center_Dir_Close,359,21.39999,0.1629256,1.514319,0.4518214,0.1494324,1.22998,0.4357987,-0.431492,0.4348329,0.3393311,0.7138553,0.3312262,1.099216,0.3492463,0.01726082,-0.6206644,0.01736403,-0.783694,MathCanvas,1.569767,1.215474,1.128455,0.1639564,1.513934,0.4521876,0.8832678,-0.196779,0.4255773,0.1786088,1.517479,0.4226367,0.8710262,-0.1998721,0.4487365,0.1472424,1.511159,0.4810061,0.8953433,-0.1944641,0.4006796,0.1629256,1.514319,0.4518214,4.406292,62.1685,5.463899,0,6,False
1,Center_Dir_Close,360,21.41999,0.1609312,1.515108,0.451089,0.1467634,1.231096,0.437728,-0.435346,0.4276434,0.3365011,0.7171904,0.3302109,1.099584,0.3514679,0.01654434,-0.6169896,0.01613107,-0.7866321,MathCanvas,1.565223,1.201908,1.127478,0.1619224,1.514699,0.4514586,0.8835329,-0.1975314,0.4246776,0.1765562,1.518114,0.4218569,0.8715367,-0.2002961,0.4475546,0.1453062,1.512102,0.4803211,0.8957586,-0.195137,0.3994223,0.1609312,1.515108,0.451089,4.428507,62.27725,5.197987,0,6,False
1,Center_Dir_Close,361,21.43999,0.1600752,1.515613,0.4508305,0.1456144,1.232008,0.4392176,-0.4375714,0.4224893,0.3340071,0.7200509,0.331604,1.100413,0.3547297,0.01595512,-0.6121666,0.01405829,-0.7904429,MathCanvas,1.565942,1.20099,1.126419,0.1609312,1.515108,0.451089,0.8839785,-0.1977172,0.4236627,0.1757954,1.518519,0.4216392,0.8700158,-0.1991578,0.4510086,0.1443551,1.512708,0.4800217,0.8943945,-0.1941642,0.4029378,0.1600752,1.515613,0.4508305,4.360326,62.07932,5.022712,0,6,False
1,Center_Dir_Close,362,21.45999,0.1588021,1.516345,0.4504811,0.1441347,1.233507,0.4420542,-0.4422134,0.4122588,0.3296095,0.7251536,0.3346801,1.10215,0.3599273,0.01647023,-0.6052107,0.01481295,-0.7957571,MathCanvas,1.567459,1.200827,1.125345,0.1594246,1.515949,0.4507401,0.8821114,-0.193171,0.4296098,0.1748385,1.519056,0.4214435,0.8678972,-0.1934946,0.4575086,0.1427657,1.513633,0.4795186,0.8925416,-0.1887696,0.4095551,0.1588021,1.516345,0.4504811,3.950322,61.41307,4.684006,0,6,False
1,Center_Dir_Close,363,21.47999,0.1581317,1.516851,0.4502835,0.1431345,1.234008,0.4430149,-0.4440421,0.4084249,0.3284014,0.7267519,0.3354348,1.102892,0.3618155,0.01695585,-0.6025759,0.01422131,-0.7977548,MathCanvas,1.566306,1.20812,1.13597,0.1588021,1.516345,0.4504811,0.8805487,-0.1911327,0.4337078,0.1742524,1.519493,0.4212862,0.8666451,-0.1917878,0.4605905,0.1420111,1.51421,0.4792808,0.8914286,-0.1871793,0.4126973,0.1581317,1.516851,0.4502835,3.848994,61.23563,4.562416,0,6,False
1,Center_Dir_Close,364,21.49999,0.1572085,1.517815,0.449788,0.1420193,1.234689,0.4446331,-0.447647,0.4004547,0.3264917,0.7298298,0.3373891,1.104838,0.365483,0.01933873,-0.5981488,0.01070771,-0.8010802,MathCanvas,1.564519,1.21158,1.142989,0.1574501,1.517302,0.4500666,0.8782012,-0.1876213,0.4399557,0.1735921,1.520331,0.4209273,0.862595,-0.1885715,0.4694365,0.1408248,1.515298,0.4786487,0.8878107,-0.1841709,0.4217502,0.1572085,1.517815,0.449788,3.658558,60.6951,4.34538,0,6,False
1,Center_Dir_Close,365,21.51999,0.1566939,1.517071,0.4494424,0.1427197,1.234638,0.4444441,-0.448991,0.3987085,0.3238387,0.731141,0.338967,1.106471,0.3668112,0.02205441,-0.5983309,0.009010882,-0.8008949,MathCanvas,1.56209,1.217672,1.153597,0.1572085,1.517815,0.449788,0.8755299,-0.1863717,0.4457725,0.1732125,1.519551,0.4206555,0.8605794,-0.1864813,0.4739492,0.1401754,1.514592,0.4782293,0.8860177,-0.1821447,0.4263754,0.1566939,1.517071,0.4494424,3.535774,60.41636,4.280191,0,6,False
1,Center_Dir_Close,366,21.53999,0.1562591,1.516984,0.4491636,0.1426235,1.234863,0.4446563,-0.4508669,0.3957466,0.3221115,0.7323578,0.3398779,1.107538,0.3681485,0.02355859,-0.5973675,0.008883507,-0.8015723,MathCanvas,1.556948,1.219003,1.162376,0.1566939,1.517071,0.4494424,0.8796245,-0.1861286,0.4377407,0.1728902,1.519421,0.420438,0.8651865,-0.1869945,0.4652799,0.139628,1.514546,0.4778892,0.8901476,-0.1825875,0.4174916,0.1562591,1.516984,0.4491636,3.45372,60.18458,4.207707,0,6,False
1,Center_Dir_Close,367,21.55999,0.1560178,1.517737,0.4486681,0.14291,1.23508,0.4443539,-0.4553333,0.3891352,0.3209442,0.7336485,0.3414231,1.109905,0.3699199,0.02834401,-0.5949569,0.009961963,-0.8031959,MathCanvas,1.561171,1.219704,1.148311,0.1558214,1.5169,0.4488894,0.8764117,-0.1832079,0.4453508,0.172925,1.520234,0.4201092,0.8610173,-0.1851942,0.4736586,0.1391107,1.51524,0.477227,0.8864367,-0.180695,0.4261211,0.1560178,1.517737,0.4486681,3.351465,59.62647,4.309927,0,6,False
1,Center_Dir_Close,368,21.57999,0.1560118,1.517666,0.448279,0.143422,1.234752,0.44312,-0.455161,0.3884355,0.3234072,0.7330445,0.3414819,1.111199,0.3699241,0.0314667,-0.5920165,0.008813218,-0.8052631,MathCanvas,1.556854,1.224901,1.160507,0.1560178,1.517737,0.4486681,0.8740524,-0.1829451,0.4500705,0.1730585,1.520293,0.4198149,0.8591083,-0.1840057,0.4775719,0.1389652,1.515038,0.4767431,0.8847589,-0.1792969,0.4301793,0.1560118,1.517666,0.448279,3.288336,59.34404,4.535738,0,6,False
1,Center_Dir_Close,369,21.59999,0.1559742,1.517879,0.4473957,0.1442475,1.234543,0.4413413,-0.4522008,0.389583,0.3245553,0.7337599,0.3416416,1.113424,0.369846,0.03557038,-0.5887769,0.004909843,-0.8074976,MathCanvas,1.551209,1.225642,1.1667,0.1560141,1.517727,0.4478443,0.9065981,-0.1954425,0.3740084,0.1732484,1.520634,0.4190812,0.8940454,-0.1990761,0.4013122,0.1387,1.515124,0.4757101,0.915641,-0.1931833,0.352536,0.1559742,1.517879,0.4473957,3.394051,58.89555,4.756588,0,6,False
1,Center_Dir_Close,370,21.61999,0.1559419,1.517944,0.4469362,0.1442575,1.234568,0.4412689,-0.4523565,0.3890597,0.3244927,0.7339691,0.3420712,1.114471,0.3705415,0.03742338,-0.5870141,0.0039244,-0.8087018,MathCanvas,1.593493,1.207982,1.04043,0.1559742,1.517879,0.4473957,0.9069049,-0.2005827,0.3705269,0.1733343,1.520744,0.4186985,0.8944022,-0.2033025,0.3983879,0.1385495,1.515145,0.4751738,0.9158887,-0.1972414,0.349634,0.1559419,1.517944,0.4469362,3.387699,58.65618,4.83341,0,6,False
1,Center_Dir_Close,371,21.63999,0.1562396,1.518353,0.4461023,0.1471393,1.234813,0.4360692,-0.4456649,0.4028181,0.3269753,0.7295256,0.3410144,1.116505,0.3657933,0.04315391,-0.5909621,-0.003152549,-0.8055381,MathCanvas,1.591774,1.200377,1.033562,0.1560042,1.518094,0.4464926,0.9048797,-0.2027893,0.3742583,0.1736673,1.52113,0.4178843,0.8943531,-0.2079265,0.3961049,0.1388119,1.515575,0.4743203,0.9157428,-0.2019985,0.3472918,0.1562396,1.518353,0.4461023,3.534957,58.59658,4.796973,0,6,False
1,Center_Dir_Close,372,21.65999,0.1563869,1.518417,0.445614,0.14776,1.235254,0.434229,-0.4453638,0.4075434,0.3293914,0.7259895,0.3409376,1.117303,0.3639761,0.04510307,-0.5928295,-0.00436604,-0.8040521,MathCanvas,1.588188,1.197444,1.038356,0.1562396,1.518353,0.4461023,0.9045939,-0.2028552,0.3749131,0.1738663,1.521224,0.4174309,0.8928701,-0.2054627,0.4007096,0.1389074,1.515611,0.4737972,0.9145094,-0.1993746,0.3520263,0.1563869,1.518417,0.445614,3.516753,58.49031,4.845633,0,6,False
1,Center_Dir_Close,373,21.67999,0.156736,1.518368,0.4447279,0.148754,1.235887,0.4314578,-0.444742,0.4131191,0.332671,0.7217113,0.3412406,1.118776,0.3610058,0.04828647,-0.5966995,-0.004174858,-0.8009998,MathCanvas,1.587647,1.197457,1.038807,0.1565526,1.518398,0.4451765,0.9020821,-0.2044982,0.3800373,0.174303,1.521174,0.4165993,0.8901632,-0.2073377,0.4057348,0.139169,1.515562,0.4728566,0.9121011,-0.2012667,0.3571599,0.156736,1.518368,0.4447279,3.490149,58.30986,4.845324,0,6,False
1,Center_Dir_Close,374,21.69999,0.15691,1.518396,0.4442714,0.1492538,1.2361,0.4302652,-0.4441974,0.4152507,0.3336395,0.720375,0.3413516,1.119672,0.3601332,0.0502548,-0.5972365,-0.005314976,-0.8004716,MathCanvas,1.58357,1.19491,1.045837,0.156736,1.518368,0.4447279,0.9014637,-0.2043032,0.3816062,0.1745331,1.521216,0.4161792,0.8893909,-0.2072803,0.4074539,0.139287,1.515576,0.4723637,0.9114252,-0.2011872,0.3589258,0.15691,1.518396,0.4442714,3.489783,58.1959,4.869359,0,6,False
1,Center_Dir_Close,375,21.71999,0.1571461,1.518162,0.4436859,0.1495074,1.236569,0.4281692,-0.4462335,0.4203449,0.3384543,0.7138869,0.3422883,1.118719,0.355883,0.04817137,-0.6076597,0.004752636,-0.7927211,MathCanvas,1.582917,1.195213,1.047927,0.15691,1.518396,0.4442714,0.9007393,-0.2042347,0.3833498,0.174578,1.520881,0.4154648,0.8919278,-0.2072686,0.4018761,0.1397142,1.515443,0.471907,0.9136338,-0.201339,0.3531798,0.1571461,1.518162,0.4436859,3.467159,58.58143,4.694799,0,6,False
1,Center_Dir_Close,376,21.73999,0.1573241,1.518078,0.4428524,0.1502885,1.236215,0.4263355,-0.4454502,0.4256862,0.3386072,0.7111333,0.3422822,1.119185,0.3534909,0.05007086,-0.607357,0.001709223,-0.7928477,MathCanvas,1.581938,1.195103,1.05007,0.1571713,1.518171,0.4433217,0.9034511,-0.206257,0.3758114,0.1746351,1.520834,0.4145606,0.8928462,-0.2102529,0.3982703,0.140013,1.515322,0.4711442,0.9143991,-0.2042529,0.3495069,0.1573241,1.518078,0.4428524,3.64504,58.84185,4.759641,0,6,False
1,Center_Dir_Close,377,21.75999,0.1574561,1.518024,0.4423985,0.1507361,1.236328,0.4251543,-0.4452018,0.4282809,0.3396623,0.7092251,0.3424273,1.119664,0.3521505,0.05128837,-0.608647,0.001550943,-0.7917803,MathCanvas,1.586401,1.191822,1.03731,0.1573241,1.518078,0.4428524,0.9005401,-0.2129824,0.3790332,0.1747378,1.520786,0.4140894,0.8895794,-0.2166807,0.4021168,0.1401743,1.515262,0.4707076,0.911424,-0.2106983,0.3534297,0.1574561,1.518024,0.4423985,3.688673,58.90498,4.770904,0,6,False
1,Center_Dir_Close,378,21.77999,0.1584549,1.518793,0.4418534,0.15109,1.235076,0.4262818,-0.4477329,0.4207194,0.336073,0.7138526,0.3430325,1.1181,0.3526803,0.0487285,-0.6024599,0.004172355,-0.7966493,MathCanvas,1.58021,1.181535,1.041229,0.1576134,1.517907,0.4419705,0.9013594,-0.2143715,0.3762923,0.1756907,1.521933,0.4135556,0.8918057,-0.2116578,0.3998547,0.1412191,1.515653,0.4701511,0.9135603,-0.2050978,0.3512016,0.1584549,1.518793,0.4418534,3.469857,58.98417,5.423797,0,6,False
1,Center_Dir_Close,379,21.79999,0.1588457,1.519013,0.4416578,0.1510316,1.235004,0.4267154,-0.4483126,0.4178183,0.3351703,0.7156149,0.3433854,1.117821,0.3524488,0.04814598,-0.6017025,0.004728795,-0.7972539,MathCanvas,1.581814,1.180274,1.036066,0.1584549,1.518793,0.4418534,0.9030157,-0.208379,0.3756871,0.1760616,1.522222,0.4133557,0.8926112,-0.2090319,0.3994382,0.1416298,1.515804,0.4699599,0.9143281,-0.2023781,0.350781,0.1588457,1.519013,0.4416578,3.329152,59.01107,5.542686,0,6,False
1,Center_Dir_Close,380,21.81999,0.1596563,1.519543,0.4411733,0.1512407,1.234937,0.4265284,-0.4486066,0.4169561,0.3348023,0.7161056,0.3436018,1.117655,0.3523028,0.04778973,-0.6012933,0.00496924,-0.7975825,MathCanvas,1.585403,1.189822,1.035157,0.1592346,1.519299,0.4413991,0.9029411,-0.2046036,0.377935,0.1768327,1.522913,0.4128659,0.8922762,-0.2063933,0.4015532,0.14248,1.516173,0.4694808,0.9141174,-0.1995389,0.3529498,0.1596563,1.519543,0.4411733,3.184036,59.07597,5.820669,0,6,False
1,Center_Dir_Close,381,21.83999,0.1601848,1.519587,0.4404658,0.153265,1.234904,0.4258209,-0.4503969,0.4054106,0.3300059,0.7237963,0.3469,1.114686,0.3516367,0.04109928,-0.5971041,0.007597834,-0.8010742,MathCanvas,1.58632,1.196265,1.038318,0.1596563,1.519543,0.4411733,0.9034888,-0.2024418,0.3777902,0.1774583,1.52306,0.4122299,0.8910652,-0.2057132,0.4045797,0.1429113,1.516115,0.4687017,0.9130861,-0.1987007,0.3560782,0.1601848,1.519587,0.4404658,3.195894,58.87915,5.998094,0,6,False
1,Center_Dir_Close,382,21.85999,0.1607298,1.519705,0.4398259,0.1536578,1.235218,0.4261384,-0.4499162,0.4010672,0.3290186,0.7269576,0.3482463,1.112912,0.3523801,0.03656462,-0.5959045,0.01002088,-0.8021599,MathCanvas,1.587951,1.199672,1.037481,0.1601848,1.519587,0.4404658,0.9024073,-0.2022082,0.3804904,0.1780611,1.523206,0.4116291,0.8903178,-0.2055197,0.4063199,0.1433986,1.516203,0.4680227,0.9124375,-0.1984615,0.3578698,0.1607298,1.519705,0.4398259,3.190379,58.76078,6.048271,0,6,False
1,Center_Dir_Close,383,21.87999,0.1619494,1.519851,0.4385792,0.1545822,1.235647,0.4264075,-0.4488948,0.3940473,0.3274344,0.732125,0.350044,1.110685,0.3526791,0.03082442,-0.5934995,0.01313961,-0.8041365,MathCanvas,1.586649,1.20019,1.041049,0.161339,1.519758,0.439163,0.8973266,-0.201878,0.3924923,0.1793692,1.523426,0.4104461,0.885323,-0.2045638,0.4175605,0.1445295,1.516277,0.4667123,0.9080681,-0.1974946,0.369335,0.1619494,1.519851,0.4385792,3.090419,58.56862,6.173824,0,6,False
1,Center_Dir_Close,384,21.89999,0.1625293,1.519984,0.4379352,0.1550238,1.235727,0.426327,-0.4489037,0.3912829,0.3265975,0.7339736,0.3508705,1.109617,0.3528065,0.02806524,-0.5921742,0.01458821,-0.805189,MathCanvas,1.579378,1.200962,1.058565,0.1619494,1.519851,0.4385792,0.8970256,-0.2010305,0.3936138,0.1799935,1.523592,0.4098339,0.8848492,-0.203666,0.4190013,0.1450652,1.516376,0.4660365,0.9076689,-0.1965472,0.3708185,0.1625293,1.519984,0.4379352,3.043913,58.47256,6.232522,0,6,False
1,Center_Dir_Close,385,21.91999,0.1642226,1.519727,0.4363281,0.1566827,1.235918,0.4264896,-0.441397,0.3874975,0.3289081,0.7394822,0.3511316,1.108383,0.3531699,0.02660355,-0.5899712,0.01026033,-0.8069207,MathCanvas,1.579714,1.202382,1.059794,0.163491,1.520041,0.437222,0.8956052,-0.1981819,0.3982655,0.18179,1.523022,0.4082528,0.8830175,-0.20108,0.4240835,0.1466551,1.516431,0.4644033,0.9060167,-0.1944844,0.3759115,0.1642226,1.519727,0.4363281,2.804846,58.24398,5.689475,0,6,False
1,Center_Dir_Close,386,21.93999,0.1650091,1.519611,0.4355047,0.1573303,1.235891,0.4263092,-0.4397785,0.3864815,0.3286475,0.7410923,0.3514311,1.108209,0.3528318,0.02742842,-0.5902346,0.008233339,-0.8067236,MathCanvas,1.579055,1.206649,1.065488,0.1642226,1.519727,0.4363281,0.8956705,-0.2003249,0.3970447,0.1826134,1.522857,0.4074467,0.8832636,-0.2035969,0.422367,0.1474048,1.516366,0.4635628,0.9061843,-0.19704,0.374173,0.1650091,1.519611,0.4355047,2.792538,58.16866,5.602312,0,6,False
1,Center_Dir_Close,387,21.95999,0.1658279,1.519073,0.4342293,0.1581251,1.23521,0.4249617,-0.4401675,0.3945144,0.3293564,0.7362984,0.3513314,1.109713,0.3508783,0.03405342,-0.5952979,0.005315513,-0.8027656,MathCanvas,1.579303,1.203292,1.062452,0.1657404,1.519521,0.4346436,0.8947086,-0.2055864,0.3965232,0.1834056,1.52202,0.4061217,0.8824869,-0.2149597,0.418341,0.1482501,1.516126,0.4623368,0.9052514,-0.2087831,0.37004,0.1658279,1.519073,0.4342293,3.076014,58.25287,5.086834,0,6,False
1,Center_Dir_Close,388,21.97999,0.1661906,1.51898,0.4336841,0.1582609,1.234992,0.4241026,-0.4412581,0.3988796,0.3302812,0.7328716,0.3520532,1.110333,0.3486013,0.03830746,-0.6009887,0.006282747,-0.7983143,MathCanvas,1.577276,1.19475,1.059765,0.1658279,1.519073,0.4342293,0.8941996,-0.2118725,0.3943565,0.1837416,1.521787,0.4055456,0.8822021,-0.2173925,0.417684,0.1486396,1.516173,0.4618227,0.9049249,-0.2114259,0.3693371,0.1661906,1.51898,0.4336841,3.192871,58.31739,4.846314,0,6,False
1,Center_Dir_Close,389,21.99999,0.1668567,1.518751,0.4323977,0.1590293,1.234594,0.421662,-0.4423805,0.4085963,0.3314423,0.7262883,0.3529013,1.110995,0.3459239,0.04324219,-0.608944,0.01234564,-0.7919375,MathCanvas,1.575947,1.184951,1.055409,0.1665165,1.518887,0.4330474,0.8926806,-0.2248593,0.390589,0.1843553,1.521415,0.4042127,0.8809368,-0.2293394,0.413949,0.1493582,1.516086,0.4605828,0.9035609,-0.2235122,0.3655406,0.1668567,1.518751,0.4323977,3.359235,58.43625,4.599303,0,6,False
1,Center_Dir_Close,390,22.01999,0.1671378,1.518586,0.4317699,0.1592651,1.234492,0.4207961,-0.4428483,0.411989,0.3315603,0.7240292,0.3533094,1.111193,0.3447658,0.0452503,-0.6122262,0.01517797,-0.7892408,MathCanvas,1.571993,1.164808,1.04721,0.1668567,1.518751,0.4323977,0.8924805,-0.2264536,0.3901247,0.1846157,1.521168,0.4035644,0.8806722,-0.2308893,0.4136504,0.1496598,1.516005,0.4599754,0.9032738,-0.2251976,0.3652156,0.1671378,1.518586,0.4317699,3.43395,58.48251,4.456979,0,6,False
1,Center_Dir_Close,391,22.03999,0.1667953,1.518497,0.4312097,0.1587771,1.23471,0.4192145,-0.446685,0.4169669,0.330317,0.719376,0.3532224,1.111338,0.3436133,0.04642963,-0.6157397,0.02493872,-0.7861851,MathCanvas,1.572294,1.162049,1.045998,0.1671378,1.518586,0.4317699,0.8923053,-0.2280444,0.3895984,0.1841596,1.521102,0.4029362,0.8818723,-0.2338878,0.4093871,0.1494309,1.515891,0.4594831,0.904282,-0.2281381,0.3608699,0.1667953,1.518497,0.4312097,3.61635,58.7278,4.498875,0,6,False
1,Center_Dir_Close,392,22.05999,0.1669688,1.519135,0.4301819,0.158563,1.235576,0.418484,-0.4527967,0.4141378,0.3306525,0.7170314,0.3524558,1.111088,0.3436793,0.04441056,-0.6099904,0.02370086,-0.7908083,MathCanvas,1.572143,1.159335,1.044813,0.1668882,1.518806,0.4306693,0.898142,-0.2239454,0.3784038,0.1842907,1.521827,0.4018907,0.8871729,-0.2264029,0.4020772,0.1496468,1.516442,0.4584732,0.9091121,-0.2204693,0.3534241,0.1669688,1.519135,0.4301819,3.657628,58.81929,4.650009,0,6,False
1,Center_Dir_Close,393,22.07999,0.167008,1.51944,0.4297072,0.1586546,1.235827,0.4180391,-0.4545045,0.4139659,0.3308773,0.7159456,0.3523675,1.111017,0.3437394,0.0438335,-0.6086705,0.02311728,-0.791874,MathCanvas,1.583315,1.165979,1.026915,0.1669688,1.519135,0.4301819,0.8985347,-0.2228599,0.3781124,0.1843058,1.522144,0.4014023,0.8876574,-0.2254857,0.4015227,0.1497103,1.516735,0.4580122,0.909561,-0.219523,0.3528575,0.167008,1.51944,0.4297072,3.639582,58.86715,4.670592,0,6,False
1,Center_Dir_Close,394,22.09999,0.1670493,1.51984,0.4288397,0.1586557,1.23664,0.4185369,-0.4524546,0.4102077,0.3317092,0.7190157,0.3527975,1.110219,0.3448145,0.03587425,-0.5977082,0.01613535,-0.8007482,MathCanvas,1.584723,1.16781,1.026296,0.1670475,1.519745,0.4292479,0.9009593,-0.2123785,0.3783752,0.1844114,1.522692,0.4005888,0.8900413,-0.2065929,0.4063813,0.1496871,1.516987,0.4570906,0.9120252,-0.2005371,0.3577637,0.1670493,1.51984,0.4288397,3.181363,58.70035,4.924437,0,6,False
1,Center_Dir_Close,395,22.11999,0.167088,1.520008,0.4281968,0.1587649,1.236567,0.4186084,-0.4507585,0.4103667,0.3314325,0.720117,0.3532094,1.110138,0.3448471,0.0340021,-0.5959454,0.01415047,-0.8021799,MathCanvas,1.591072,1.184162,1.026886,0.1670493,1.51984,0.4288397,0.8986296,-0.1997969,0.3905715,0.1844888,1.52293,0.3999767,0.8869445,-0.2007997,0.4159434,0.1496872,1.517087,0.4564168,0.9094092,-0.1947596,0.3674827,0.167088,1.520008,0.4281968,3.078606,58.61309,5.043145,0,6,False
1,Center_Dir_Close,396,22.13999,0.1672269,1.520336,0.4270105,0.158882,1.236549,0.4185576,-0.4501898,0.4101829,0.3313176,0.7206302,0.3542534,1.110401,0.3446881,0.03192574,-0.5938162,0.009498626,-0.803911,MathCanvas,1.589847,1.203679,1.046571,0.1671716,1.520165,0.4276067,0.8986207,-0.1962915,0.3923653,0.1846514,1.52333,0.3988126,0.8872361,-0.1976628,0.4168231,0.1498024,1.517342,0.4552083,0.9097291,-0.1915311,0.3683867,0.1672269,1.520336,0.4270105,2.906196,58.54927,5.167725,0,6,False
1,Center_Dir_Close,397,22.15999,0.167334,1.520479,0.4263762,0.1589732,1.23658,0.4184596,-0.4499871,0.4100622,0.3313181,0.7208252,0.3545415,1.110357,0.3445944,0.03075064,-0.5923463,0.008231462,-0.8050544,MathCanvas,1.591059,1.209319,1.048699,0.1672269,1.520336,0.4270105,0.898752,-0.1945686,0.3929222,0.1847717,1.523505,0.3981899,0.8872771,-0.1958509,0.4175904,0.1498964,1.517452,0.4545625,0.9097994,-0.1896731,0.3691735,0.167334,1.520479,0.4263762,2.807335,58.51329,5.223178,0,6,False
1,Center_Dir_Close,398,22.17999,0.167677,1.520283,0.4252748,0.1606962,1.237045,0.4162018,-0.4470268,0.40982,0.3337168,0.7216978,0.3552886,1.112333,0.3432256,0.03706601,-0.5942438,0.005616337,-0.8034108,MathCanvas,1.591747,1.212111,1.04911,0.167334,1.520479,0.4263762,0.8988687,-0.1927629,0.3935447,0.1849722,1.523281,0.396998,0.8894659,-0.1947221,0.4134414,0.1503817,1.517285,0.4535517,0.9117432,-0.1885976,0.3649045,0.167677,1.520283,0.4252748,2.735564,58.79598,5.173782,0,6,False
1,Center_Dir_Close,399,22.19999,0.1680528,1.520161,0.423801,0.1625987,1.237162,0.4136313,-0.4426219,0.4132324,0.3378785,0.7205297,0.3558965,1.114377,0.3407452,0.04224733,-0.5969808,0.003370196,-0.8011353,MathCanvas,1.592613,1.214705,1.049143,0.1678521,1.520204,0.4245291,0.9016382,-0.1929104,0.3870841,0.1852234,1.523207,0.3954534,0.8911056,-0.1957916,0.4093854,0.1508822,1.517115,0.4521486,0.913184,-0.1895878,0.3607652,0.1680528,1.520161,0.423801,2.703969,59.04469,5.257329,0,6,False
1,Center_Dir_Close,400,22.21999,0.1682689,1.520108,0.4229887,0.1625987,1.237162,0.4136313,-0.4426219,0.4132324,0.3378785,0.7205297,0.3560513,1.114596,0.3404804,0.04263258,-0.59691,0.002782851,-0.8011699,MathCanvas,1.597552,1.214312,1.037502,0.1680528,1.520161,0.423801,0.9000091,-0.1993412,0.3876168,0.1853964,1.52317,0.3946167,0.8892988,-0.2016886,0.4104502,0.1511415,1.517045,0.4513606,0.9115089,-0.1954588,0.3618663,0.1682689,1.520108,0.4229887,2.662535,59.12791,5.285615,0,6,False
1,Center_Dir_Close,401,22.23999,0.1684232,1.519703,0.4216153,0.1646535,1.23649,0.4093822,-0.4431132,0.4210565,0.3398505,0.7147473,0.3570282,1.11691,0.3346735,0.05283311,-0.6119287,0.009823591,-0.7890851,MathCanvas,1.593512,1.204433,1.036814,0.1684967,1.520047,0.4221854,0.9014885,-0.197659,0.3850317,0.1854062,1.522777,0.393158,0.8908047,-0.2058851,0.4050659,0.1514402,1.516628,0.4500726,0.9127713,-0.1996093,0.3563771,0.1684232,1.519703,0.4216153,2.911901,59.44208,5.307798,0,6,False
1,Center_Dir_Close,402,22.25999,0.1685852,1.51964,0.4209396,0.1651109,1.236339,0.4080434,-0.4441967,0.4223608,0.3404923,0.7129977,0.3572164,1.117276,0.3331267,0.0552249,-0.6140326,0.01329416,-0.7872341,MathCanvas,1.596514,1.206582,1.031562,0.1684232,1.519703,0.4216153,0.9003149,-0.2102099,0.3811101,0.1855364,1.52278,0.3924705,0.8894718,-0.2138133,0.4038856,0.1516339,1.5165,0.4494087,0.9114831,-0.2074022,0.3552224,0.1685852,1.51964,0.4209396,2.950703,59.5092,5.4215,0,6,False
1,Center_Dir_Close,403,22.27999,0.1687962,1.51956,0.4196033,0.1660938,1.236167,0.4058654,-0.4446659,0.4247911,0.3417384,0.7106614,0.3575592,1.117884,0.3305162,0.05885372,-0.6170262,0.01716456,-0.7845511,MathCanvas,1.591968,1.187302,1.023468,0.1686892,1.5196,0.4202711,0.9006311,-0.2204235,0.3745359,0.1856605,1.522793,0.3910929,0.8900309,-0.2239215,0.3971199,0.151932,1.516328,0.4481136,0.9118164,-0.2172783,0.3483977,0.1687962,1.51956,0.4196033,2.976822,59.68586,5.581586,0,6,False
1,Center_Dir_Close,404,22.29999,0.1687506,1.519655,0.4191405,0.1664966,1.236105,0.4051291,-0.4458496,0.423917,0.3407817,0.710901,0.3573895,1.117266,0.329848,0.05828014,-0.6163471,0.01733324,-0.7851237,MathCanvas,1.59098,1.17149,1.011032,0.1687962,1.51956,0.4196033,0.9012583,-0.2206011,0.3729193,0.1855913,1.522879,0.3906152,0.8905467,-0.222609,0.3967012,0.1519098,1.516431,0.4476658,0.9122907,-0.2159888,0.3479577,0.1687506,1.519655,0.4191405,2.897449,59.72549,5.565479,0,6,False
1,Center_Dir_Close,405,22.31999,0.1686839,1.519585,0.4186747,0.1664073,1.236256,0.4056558,-0.4470279,0.4206223,0.339825,0.7125742,0.3570153,1.115535,0.3306336,0.0530917,-0.6130978,0.01259768,-0.7881203,MathCanvas,1.591705,1.171358,1.007925,0.1687506,1.519655,0.4191405,0.9017533,-0.2193002,0.3724896,0.185506,1.52275,0.3901318,0.8907747,-0.2219921,0.396535,0.1518618,1.51642,0.4472176,0.912487,-0.2154709,0.347764,0.1686839,1.519585,0.4186747,2.849836,59.75898,5.463683,0,6,False
1,Center_Dir_Close,406,22.33999,0.1687608,1.51959,0.4176014,0.166547,1.236385,0.4054291,-0.4479073,0.417632,0.3405741,0.7134227,0.3569412,1.114207,0.3313342,0.04852802,-0.6097341,0.01010013,-0.7910547,MathCanvas,1.592631,1.173291,1.006868,0.1687168,1.519526,0.4181641,0.9000351,-0.2191379,0.3767166,0.185577,1.522799,0.3890601,0.8887427,-0.222432,0.4008246,0.1519445,1.51638,0.4461427,0.9107092,-0.2158931,0.3521349,0.1687608,1.51959,0.4176014,2.848491,59.77008,5.541282,0,6,False
1,Center_Dir_Close,407,22.35999,0.1687842,1.519589,0.417076,0.166547,1.236385,0.4054291,-0.4479073,0.417632,0.3405741,0.7134227,0.3569412,1.114207,0.3313342,0.04852802,-0.6097341,0.01010013,-0.7910547,MathCanvas,1.589975,1.173556,1.012462,0.1687608,1.51959,0.4176014,0.9023548,-0.215046,0.373512,0.1855821,1.522813,0.3885255,0.8914575,-0.2181702,0.3971211,0.1519863,1.516365,0.4456265,0.9131711,-0.2115875,0.3483522,0.1687842,1.519589,0.417076,2.842029,59.80609,5.566057,0,6,False
1,Center_Dir_Close,408,22.37999,0.1688527,1.520025,0.4160838,0.1670021,1.236633,0.4048451,-0.4495899,0.4084914,0.3403316,0.7177591,0.3580315,1.110366,0.3326594,0.03845176,-0.5996446,0.01031992,-0.7992755,MathCanvas,1.594341,1.179856,1.007157,0.1688232,1.519624,0.4165428,0.9028616,-0.2146327,0.3725237,0.1857052,1.523232,0.3875636,0.8909062,-0.2165444,0.3992426,0.1520001,1.516818,0.444604,0.9127117,-0.2100003,0.3505099,0.1688527,1.520025,0.4160838,2.742712,59.68686,5.535257,0,6,False
1,Center_Dir_Close,409,22.39999,0.1689207,1.520206,0.415632,0.1670327,1.236836,0.4049797,-0.4501171,0.4060073,0.3396254,0.7191712,0.3585396,1.109501,0.3333362,0.03594968,-0.5975917,0.009796889,-0.8009343,MathCanvas,1.595573,1.180858,1.004753,0.1688527,1.520025,0.4160838,0.9020954,-0.2133124,0.375129,0.1858061,1.523421,0.387132,0.8904992,-0.2160122,0.4004372,0.1520354,1.516992,0.4441319,0.9123656,-0.2094586,0.3517331,0.1689207,1.520206,0.415632,2.710397,59.61774,5.548335,0,6,False
1,Center_Dir_Close,410,22.41999,0.1692009,1.520642,0.4146592,0.1672039,1.237087,0.4049486,-0.4510169,0.4024121,0.3391944,0.7208297,0.3594553,1.108085,0.3341877,0.03131318,-0.5944859,0.009221315,-0.8034432,MathCanvas,1.594524,1.183104,1.008457,0.1690764,1.520403,0.4151343,0.9014617,-0.2115644,0.3776338,0.1861608,1.523888,0.3862073,0.8898665,-0.2139678,0.4029334,0.1522409,1.517395,0.4431112,0.9118528,-0.2073749,0.3542881,0.1692009,1.520642,0.4146592,2.598049,59.45603,5.603681,0,6,False
1,Center_Dir_Close,411,22.43999,0.1694617,1.520967,0.4143107,0.1673384,1.237517,0.4053606,-0.4525682,0.3974614,0.3381247,0.7231032,0.3603099,1.108194,0.3348819,0.03048209,-0.5942017,0.009891138,-0.8036774,MathCanvas,1.594231,1.186201,1.011623,0.1692009,1.520642,0.4146592,0.9018922,-0.2095835,0.3777103,0.1865236,1.524218,0.3859203,0.8894306,-0.2110691,0.405417,0.1523998,1.517715,0.4427011,0.9115182,-0.2044705,0.3568282,0.1694617,1.520967,0.4143107,2.49198,59.24006,5.612103,0,6,False
1,Center_Dir_Close,412,22.45999,0.169519,1.520902,0.4135994,0.1677888,1.237925,0.4056537,-0.4538271,0.3943641,0.3348008,0.7255525,0.3613494,1.109591,0.3353441,0.03501633,-0.5938789,0.01192315,-0.8037037,MathCanvas,1.595303,1.189627,1.01145,0.1694667,1.520872,0.4140001,0.9007095,-0.2074319,0.3816993,0.1867158,1.523983,0.3852715,0.8883392,-0.2106104,0.4080401,0.1523222,1.517821,0.4419274,0.9105224,-0.2042613,0.3594806,0.169519,1.520902,0.4135994,2.450598,58.96768,5.316602,0,6,False
1,Center_Dir_Close,413,22.47999,0.1696064,1.520969,0.4132238,0.1679379,1.238083,0.4056566,-0.4544338,0.392343,0.3341015,0.7265901,0.3613494,1.109591,0.3353441,0.03501633,-0.5938789,0.01192315,-0.8037037,MathCanvas,1.593934,1.192862,1.017233,0.169519,1.520902,0.4135994,0.8997631,-0.2074369,0.3839221,0.1868568,1.524016,0.3849247,0.8875748,-0.2100494,0.4099883,0.1523561,1.517923,0.4415228,0.9098496,-0.2037596,0.3614632,0.1696064,1.520969,0.4132238,2.410893,58.85635,5.257099,0,6,False
1,Center_Dir_Close,414,22.49999,0.1696037,1.520961,0.4128918,0.1681745,1.238286,0.4058012,-0.4546356,0.3922466,0.3326862,0.727165,0.3613376,1.109937,0.3352558,0.03609932,-0.5942432,0.01226655,-0.8033813,MathCanvas,1.59228,1.192977,1.020268,0.1696064,1.520969,0.4132238,0.8990443,-0.2069055,0.385888,0.1869159,1.523966,0.384626,0.8865818,-0.2100804,0.412115,0.1522915,1.517957,0.4411576,0.9089634,-0.2038589,0.3636302,0.1696037,1.520961,0.4128918,2.404611,58.73147,5.184035,0,6,False
1,Center_Dir_Close,415,22.51999,0.1704269,1.521111,0.4122674,0.1684018,1.238545,0.4050516,-0.4584838,0.3950495,0.3345416,0.7223645,0.3632339,1.113226,0.3337483,0.04556111,-0.5953524,0.01606093,-0.8020111,MathCanvas,1.591184,1.193799,1.023063,0.1700836,1.521257,0.4126661,0.8943254,-0.2105344,0.3947877,0.1879555,1.524194,0.3841438,0.8819812,-0.2122287,0.4207947,0.1528983,1.518028,0.440391,0.9048839,-0.2058985,0.3725467,0.1704269,1.521111,0.4122674,2.295811,58.27962,5.319819,0,6,False
1,Center_Dir_Close,416,22.53999,0.1707023,1.520967,0.4118825,0.1683702,1.238425,0.4046134,-0.4592102,0.3963376,0.3352361,0.7208739,0.3634123,1.113466,0.3335224,0.04612592,-0.5956665,0.0156167,-0.8017544,MathCanvas,1.583336,1.188496,1.035977,0.1704269,1.521111,0.4122674,0.8937628,-0.2090646,0.3968377,0.1882949,1.524051,0.383799,0.8811086,-0.2116374,0.422915,0.1531097,1.517883,0.439966,0.9041203,-0.2053095,0.3747192,0.1707023,1.520967,0.4118825,2.261107,58.14595,5.321307,0,6,False
1,Center_Dir_Close,417,22.55999,0.1709393,1.520697,0.4114458,0.1682541,1.237892,0.4027215,-0.4610961,0.401948,0.336904,0.715768,0.3643757,1.114498,0.3319796,0.04800818,-0.5988668,0.01217517,-0.7993158,MathCanvas,1.582557,1.190713,1.038757,0.1709952,1.520894,0.4115224,0.8920578,-0.2077064,0.4013615,0.1885846,1.523698,0.3833863,0.8797379,-0.2143229,0.4244139,0.153294,1.517697,0.4395053,0.9028437,-0.2081136,0.3762473,0.1709393,1.520697,0.4114458,2.403871,58.05385,5.177286,0,6,False
1,Center_Dir_Close,418,22.57999,0.1709124,1.520492,0.4112515,0.1678997,1.237,0.4006251,-0.46127,0.4084121,0.3377472,0.7115873,0.3650774,1.114957,0.3303668,0.04939158,-0.6026267,0.01203656,-0.7964023,MathCanvas,1.580206,1.192564,1.045514,0.1709393,1.520697,0.4114458,0.8916205,-0.2112193,0.4004987,0.1885555,1.52342,0.3831829,0.8791426,-0.2174385,0.4240624,0.1532694,1.517564,0.4393201,0.9022485,-0.2113278,0.3758831,0.1709124,1.520492,0.4112515,2.574192,58.07529,5.051894,0,6,False
1,Center_Dir_Close,419,22.59999,0.1710258,1.52017,0.4108371,0.1682083,1.236485,0.3991397,-0.4609217,0.4104032,0.3356445,0.7116622,0.3655647,1.114636,0.3290552,0.05097246,-0.6043547,0.01718326,-0.7948975,MathCanvas,1.578703,1.186995,1.043604,0.1709907,1.520341,0.4110321,0.8919172,-0.223018,0.3933787,0.1886885,1.523055,0.3827764,0.8797895,-0.2273859,0.417452,0.1533631,1.517285,0.4388978,0.9026384,-0.2212107,0.3692015,0.1710258,1.52017,0.4108371,2.727198,58.04922,4.978332,0,6,False
1,Center_Dir_Close,420,22.61999,0.1710823,1.520029,0.4105772,0.1682205,1.236316,0.3985596,-0.4612795,0.4116069,0.3355388,0.7107846,0.3658409,1.114768,0.3286443,0.05163187,-0.6050258,0.01768117,-0.7943332,MathCanvas,1.577014,1.168612,1.030946,0.1710258,1.52017,0.4108371,0.8941198,-0.2235953,0.3880141,0.1887677,1.522887,0.3825282,0.8818994,-0.2280869,0.412589,0.1533969,1.517171,0.4386263,0.9044797,-0.2218768,0.3642626,0.1710823,1.520029,0.4105772,2.802913,58.00969,4.932651,0,6,False
1,Center_Dir_Close,421,22.63999,0.1713503,1.520116,0.4101414,0.1693647,1.23724,0.4006487,-0.458052,0.4021713,0.334336,0.7187949,0.3652636,1.112272,0.3291942,0.04651082,-0.6007692,0.02074142,-0.7977988,MathCanvas,1.580634,1.167538,1.022269,0.1711887,1.520161,0.4104047,0.8931281,-0.225743,0.3890532,0.1890433,1.523021,0.3821019,0.881924,-0.2279285,0.4126241,0.1536572,1.517211,0.4381809,0.9045164,-0.2216443,0.3643129,0.1713503,1.520116,0.4101414,2.803272,57.99368,5.012993,0,6,False
1,Center_Dir_Close,422,22.65999,0.1715498,1.520517,0.4096278,0.1698037,1.237553,0.4010368,-0.4576718,0.398623,0.3337059,0.7213021,0.3653134,1.110479,0.3294108,0.04199609,-0.5978349,0.02109231,-0.8002405,MathCanvas,1.578979,1.16433,1.023315,0.1713503,1.520116,0.4101414,0.8956975,-0.2164823,0.3884088,0.1892386,1.523497,0.3815936,0.8845531,-0.2183543,0.4121737,0.153861,1.517536,0.437662,0.907021,-0.2119897,0.3638313,0.1715498,1.520517,0.4096278,2.745221,57.99625,5.143569,0,6,False
1,Center_Dir_Close,423,22.67999,0.1717213,1.520633,0.409171,0.1698966,1.237667,0.4011822,-0.4578207,0.397489,0.333571,0.7218955,0.3653887,1.109917,0.3293861,0.04073593,-0.5970502,0.02134702,-0.8008845,MathCanvas,1.585215,1.178846,1.022647,0.1715498,1.520517,0.4096278,0.8961178,-0.2151732,0.3881667,0.1894057,1.52366,0.3811391,0.8848797,-0.2173217,0.4120184,0.1540368,1.517605,0.4372029,0.9073383,-0.2108876,0.3636807,0.1717213,1.520633,0.409171,2.694207,57.99979,5.225332,0,6,False
1,Center_Dir_Close,424,22.69999,0.1719257,1.520712,0.4081881,0.1700691,1.238207,0.4015663,-0.4595399,0.3937585,0.3341301,0.7225887,0.3654425,1.108837,0.3294184,0.03779247,-0.5956844,0.01994906,-0.802081,MathCanvas,1.586412,1.180941,1.021965,0.1718843,1.520764,0.4087698,0.8965508,-0.2137953,0.3879285,0.1895628,1.523762,0.3801288,0.8860832,-0.2146948,0.4108074,0.1542886,1.517662,0.4362474,0.9084491,-0.2082411,0.3624304,0.1719257,1.520712,0.4081881,2.544636,58.08228,5.263302,0,6,False
1,Center_Dir_Close,425,22.71999,0.1720854,1.52062,0.4074705,0.1702795,1.238403,0.4010463,-0.459235,0.3970061,0.3355509,0.7203437,0.3650476,1.109596,0.3288133,0.0391587,-0.5969995,0.01657879,-0.8011138,MathCanvas,1.587817,1.183072,1.02083,0.1719257,1.520712,0.4081881,0.897597,-0.2114691,0.3867823,0.1896456,1.523584,0.3793537,0.8870838,-0.2142469,0.4088774,0.1545252,1.517657,0.4355872,0.909318,-0.2079368,0.3604207,0.1720854,1.52062,0.4074705,2.499695,58.23694,5.113354,0,6,False
1,Center_Dir_Close,426,22.73999,0.1725238,1.520528,0.4060287,0.1708457,1.238604,0.400108,-0.4580317,0.4012335,0.3363515,0.7183915,0.36437,1.110438,0.3271712,0.04205621,-0.5991701,0.01178393,-0.7994296,MathCanvas,1.59025,1.186508,1.01857,0.172308,1.520588,0.4067542,0.898856,-0.2135738,0.3826804,0.1899711,1.52343,0.3778353,0.8883027,-0.216472,0.4050409,0.1550764,1.517627,0.434222,0.910338,-0.2102509,0.3564818,0.1725238,1.520528,0.4060287,2.464954,58.46479,5.005986,0,6,False
1,Center_Dir_Close,427,22.75999,0.1727936,1.520439,0.4052991,0.1708457,1.238604,0.400108,-0.4580317,0.4012335,0.3363515,0.7183915,0.36437,1.110438,0.3271712,0.04205621,-0.5991701,0.01178393,-0.7994296,MathCanvas,1.592523,1.183128,1.010581,0.1725238,1.520528,0.4060287,0.8990577,-0.2161474,0.3807564,0.1901848,1.523309,0.3770679,0.8884693,-0.2190069,0.4033091,0.1554023,1.517569,0.4335303,0.910433,-0.2128176,0.3547117,0.1727936,1.520439,0.4052991,2.44291,58.57731,4.951946,0,6,False
1,Center_Dir_Close,428,22.77999,0.173002,1.520032,0.4038219,0.1718949,1.237941,0.3942682,-0.4535749,0.4241566,0.3420802,0.7052249,0.3621175,1.113207,0.3213409,0.04914758,-0.6087823,0.006216109,-0.7917892,MathCanvas,1.592332,1.17916,1.006482,0.1729516,1.52018,0.4045192,0.9014381,-0.2165812,0.3748361,0.190105,1.522817,0.3754067,0.8920541,-0.2207917,0.3943228,0.155899,1.517247,0.4322371,0.9135253,-0.2147279,0.3454901,0.173002,1.520032,0.4038219,2.530517,59.16914,4.805052,0,6,False
1,Center_Dir_Close,429,22.79999,0.1731471,1.519853,0.4030629,0.1720564,1.237771,0.3930289,-0.4524798,0.4287569,0.3435403,0.7024312,0.3615438,1.113787,0.3196805,0.05094051,-0.6113787,0.006157964,-0.7896729,MathCanvas,1.596751,1.17796,0.9958452,0.173002,1.520032,0.4038219,0.9020591,-0.2247435,0.3684831,0.1901498,1.52263,0.3745867,0.8922608,-0.2283345,0.3895306,0.1561445,1.517076,0.4315391,0.9135573,-0.2222284,0.3406283,0.1731471,1.519853,0.4030629,2.560449,59.37385,4.790903,0,6,False
1,Center_Dir_Close,430,22.81999,0.1733199,1.51968,0.4022757,0.1722611,1.237688,0.3920098,-0.4516297,0.4326043,0.3446219,0.7000856,0.3611077,1.114212,0.3184631,0.05217973,-0.6131546,0.00507617,-0.7882214,MathCanvas,1.596809,1.165155,0.984616,0.1731471,1.519853,0.4030629,0.9032445,-0.2252826,0.3652358,0.1902291,1.522436,0.3737418,0.8934305,-0.2286523,0.3866525,0.1564107,1.516925,0.4308095,0.9145671,-0.2225783,0.3376772,0.1733199,1.51968,0.4022757,2.57478,59.56309,4.754314,0,6,False
1,Center_Dir_Close,431,22.83999,0.1733551,1.519665,0.4011945,0.1728998,1.237013,0.3887523,-0.4454909,0.4413203,0.3480264,0.6968873,0.3606789,1.114436,0.3130064,0.05640197,-0.6249421,0.005890966,-0.7786087,MathCanvas,1.598972,1.164101,0.9787523,0.1734513,1.519483,0.4015398,0.9056143,-0.226102,0.3588042,0.1899844,1.522425,0.372497,0.8974435,-0.2271121,0.3781735,0.1567259,1.516905,0.4298919,0.9180982,-0.2210424,0.3289924,0.1733551,1.519665,0.4011945,2.484312,60.11599,4.761154,0,6,False
1,Center_Dir_Close,432,22.85999,0.1734384,1.519818,0.4007943,0.1731239,1.237089,0.3881711,-0.4450971,0.4410733,0.3497859,0.6964142,0.3613243,1.113815,0.3108424,0.05636794,-0.6300629,0.006337524,-0.7744697,MathCanvas,1.603204,1.162679,0.9677004,0.1733551,1.519665,0.4011945,0.9087107,-0.2122832,0.3594171,0.1899657,1.522585,0.3720386,0.8995917,-0.2136128,0.3809256,0.156911,1.517051,0.42955,0.920244,-0.2076676,0.3317005,0.1734384,1.519818,0.4007943,2.388698,60.31123,4.772808,0,6,False
1,Center_Dir_Close,433,22.87999,0.1735118,1.520005,0.3999331,0.1734331,1.237172,0.3866735,-0.4439121,0.4433609,0.3533213,0.6939288,0.3622026,1.113,0.3070593,0.05660373,-0.6384039,0.006625026,-0.7675889,MathCanvas,1.610253,1.184165,0.9690894,0.1734754,1.519902,0.4003351,0.9116983,-0.2094509,0.3534638,0.1898295,1.522763,0.3710571,0.9026609,-0.2114683,0.3748128,0.1571941,1.517247,0.428809,0.9229523,-0.2055522,0.3254343,0.1735118,1.520005,0.3999331,2.260232,60.71741,4.757102,0,6,False
1,Center_Dir_Close,434,22.89999,0.1735604,1.520102,0.399496,0.1736484,1.23711,0.3857117,-0.4427958,0.4458831,0.3547555,0.6922924,0.3622534,1.112927,0.3052488,0.05741883,-0.6420645,0.006381393,-0.7644708,MathCanvas,1.615882,1.188639,0.9591376,0.1735118,1.520005,0.3999331,0.9131446,-0.2085112,0.3502713,0.1897703,1.522856,0.3705589,0.9041824,-0.2105928,0.3716245,0.1573505,1.517348,0.4284331,0.9242885,-0.2046897,0.3221689,0.1735604,1.520102,0.399496,2.20765,60.92685,4.74944,0,6,False
1,Center_Dir_Close,435,22.91999,0.1726822,1.520068,0.3986571,0.1718283,1.238616,0.3882838,-0.4524841,0.4300145,0.3542644,0.6963063,0.3668466,1.109776,0.3028529,0.05101991,-0.6543033,0.00194332,-0.7545067,MathCanvas,1.617601,1.190364,0.9534125,0.1729606,1.519991,0.3990457,0.9092829,-0.210101,0.3592522,0.1888795,1.522846,0.3697153,0.8990288,-0.2130414,0.3825709,0.1564849,1.51729,0.4275989,0.9197732,-0.2072265,0.3332784,0.1726822,1.520068,0.3986571,2.295791,60.95878,4.791481,1,7,False
1,Center_Dir_Close,436,22.93999,0.1723986,1.520183,0.398276,0.1717021,1.238683,0.3884424,-0.4534936,0.4289384,0.3541256,0.6963838,0.3676344,1.109359,0.301716,0.05123958,-0.6573158,0.002218276,-0.7518681,MathCanvas,1.610142,1.187925,0.966589,0.1726822,1.520068,0.3986571,0.909739,-0.2101349,0.3580759,0.1885561,1.522954,0.3693113,0.899588,-0.2127349,0.3814253,0.1562411,1.517413,0.4272407,0.9202644,-0.2069332,0.3321024,0.1723986,1.520183,0.398276,2.27645,61.03603,4.779343,1,7,False
1,Center_Dir_Close,437,22.95999,0.1721236,1.52028,0.3978955,0.1717021,1.238683,0.3884424,-0.4534936,0.4289384,0.3541256,0.6963838,0.3683553,1.108865,0.3001949,0.05105302,-0.6613156,0.001619131,-0.7483667,MathCanvas,1.610181,1.188079,0.9641913,0.1723986,1.520183,0.398276,0.9067159,-0.2096094,0.3659649,0.1882231,1.523046,0.3688982,0.8965976,-0.212245,0.3886704,0.1560241,1.517513,0.4268929,0.9176677,-0.2065614,0.3394384,0.1721236,1.52028,0.3978955,2.263444,61.14966,4.772101,1,7,False
1,Center_Dir_Close,438,22.97999,0.1713468,1.520383,0.3969942,0.1705436,1.239218,0.3911213,-0.4585276,0.4182743,0.350205,0.701538,0.3680739,1.109161,0.30174,0.04945195,-0.6545985,0.01133737,-0.7542723,MathCanvas,1.605185,1.188993,0.9763019,0.1718066,1.520414,0.3974551,0.9080852,-0.2091033,0.362846,0.1875393,1.523028,0.3680373,0.8953022,-0.2108749,0.3923846,0.1551543,1.517738,0.4259512,0.9165304,-0.2053964,0.3431972,0.1713468,1.520383,0.3969942,2.162899,60.95898,4.561505,1,7,False
1,Center_Dir_Close,439,22.99999,0.1708705,1.520375,0.3966046,0.1703468,1.239181,0.3917306,-0.4585372,0.4167559,0.3480563,0.7035019,0.3677703,1.10938,0.3019228,0.04927636,-0.6538334,0.01275697,-0.7549245,MathCanvas,1.607592,1.189661,0.9708787,0.1713468,1.520383,0.3969942,0.9052458,-0.2112,0.3686796,0.1870844,1.522944,0.3676527,0.89382,-0.2138225,0.3941646,0.1546567,1.517806,0.4255564,0.9151583,-0.2084666,0.3450029,0.1708705,1.520375,0.3966046,2.143824,60.91597,4.429874,1,7,False
1,Center_Dir_Close,440,23.01999,0.1699061,1.52022,0.3958898,0.1699534,1.239188,0.3925073,-0.4597196,0.4136237,0.3455251,0.7058228,0.3676247,1.109517,0.3017891,0.04943705,-0.6540644,0.01405203,-0.7546909,MathCanvas,1.60258,1.186348,0.979697,0.1703852,1.520281,0.3962534,0.9044396,-0.2111091,0.3707048,0.1861469,1.522685,0.366944,0.8932766,-0.2134928,0.3955725,0.1536653,1.517755,0.4248355,0.9146617,-0.2083074,0.3464128,0.1699061,1.52022,0.3958898,2.107831,60.86074,4.250099,1,7,False
1,Center_Dir_Close,441,23.03999,0.1694207,1.520167,0.3955669,0.1699097,1.239202,0.3925807,-0.459875,0.4132717,0.3453536,0.7060116,0.3674033,1.10969,0.302048,0.04980943,-0.6536504,0.01390943,-0.7550276,MathCanvas,1.601275,1.186118,0.9825683,0.1699061,1.52022,0.3958898,0.9043066,-0.2109009,0.3711475,0.1856799,1.522581,0.3666272,0.8929191,-0.2134547,0.3963996,0.1531614,1.517753,0.4245065,0.914336,-0.2083518,0.3472451,0.1694207,1.520167,0.3955669,2.097558,60.82393,4.162582,1,7,False
1,Center_Dir_Close,442,23.05999,0.1685251,1.520528,0.3951818,0.1687605,1.238506,0.3918274,-0.4627882,0.4116288,0.3450746,0.7052038,0.3660056,1.110803,0.3039228,0.05238667,-0.6505445,0.01430508,-0.7575242,MathCanvas,1.600828,1.186336,0.9830483,0.1689624,1.520483,0.3954131,0.9038439,-0.2097202,0.3729393,0.1849206,1.522933,0.3663184,0.8924809,-0.210806,0.3987964,0.1521295,1.518123,0.4240453,0.9140013,-0.2056905,0.3497043,0.1685251,1.520528,0.3951818,1.962882,60.54407,4.146842,0,7,False
1,Center_Dir_Close,443,23.07999,0.1680662,1.520532,0.3949455,0.1686799,1.238515,0.3916858,-0.4629031,0.4116924,0.3454151,0.7049244,0.3658645,1.110877,0.3041719,0.05243073,-0.6498559,0.0141471,-0.7581149,MathCanvas,1.600176,1.18834,0.9859021,0.1685251,1.520528,0.3951818,0.9035509,-0.2084168,0.3743772,0.1844968,1.522935,0.3661019,0.8921036,-0.2100873,0.400018,0.1516356,1.518129,0.4237891,0.913681,-0.2049928,0.3509485,0.1680662,1.520532,0.3949455,1.910703,60.47057,4.143023,0,7,False
1,Center_Dir_Close,444,23.09999,0.1671273,1.520613,0.394612,0.1685013,1.238611,0.3910044,-0.4627601,0.4127253,0.347362,0.7034562,0.365434,1.111019,0.304972,0.05236319,-0.64757,0.01291466,-0.760095,MathCanvas,1.599293,1.190399,0.9879598,0.1676001,1.520591,0.3947244,0.905407,-0.2049362,0.3718058,0.1836434,1.523067,0.3658215,0.8940006,-0.2066061,0.3975886,0.1506111,1.518159,0.4234025,0.9154187,-0.2013844,0.3485008,0.1671273,1.520613,0.394612,1.820115,60.29316,4.230488,0,7,False
1,Center_Dir_Close,445,23.11999,0.1667339,1.520491,0.3944492,0.1681338,1.238719,0.3902737,-0.4631796,0.4134224,0.3491446,0.7018865,0.3648934,1.110998,0.3061364,0.05151185,-0.6444145,0.009731114,-0.7628773,MathCanvas,1.602409,1.195742,0.984011,0.1671273,1.520613,0.394612,0.9050457,-0.203996,0.3731995,0.1832878,1.522941,0.3656801,0.8934549,-0.206716,0.3987565,0.15018,1.51804,0.4232182,0.9149376,-0.2014987,0.3496965,0.1667339,1.520491,0.3944492,1.826028,60.21853,4.225001,0,7,False
1,Center_Dir_Close,446,23.13999,0.166343,1.52048,0.3942815,0.1679814,1.238766,0.389974,-0.4634645,0.4133281,0.3500874,0.7012841,0.3647319,1.110862,0.3065546,0.05079562,-0.6433992,0.008667083,-0.7637946,MathCanvas,1.601117,1.197183,0.9859233,0.1667339,1.520491,0.3944492,0.9077166,-0.1964553,0.3707505,0.1829256,1.522939,0.3655297,0.8963776,-0.1992274,0.3959995,0.1497604,1.518021,0.4230333,0.9176303,-0.193985,0.3468782,0.166343,1.52048,0.3942815,1.836959,60.16192,4.239964,0,7,False
1,Center_Dir_Close,447,23.15999,0.1656533,1.520502,0.3939549,0.1677604,1.238888,0.3894574,-0.4638726,0.4124789,0.3524822,0.7003139,0.3646063,1.110652,0.3068892,0.05003268,-0.6425997,0.008365274,-0.7645211,MathCanvas,1.606464,1.208797,0.982489,0.1659303,1.520458,0.3941123,0.906952,-0.1962644,0.3727175,0.1822827,1.522977,0.3652315,0.8956753,-0.1998264,0.3972847,0.149024,1.518027,0.4226783,0.9170083,-0.194555,0.3482013,0.1656533,1.520502,0.3939549,1.874996,60.0712,4.266827,0,7,False
1,Center_Dir_Close,448,23.17999,0.1655077,1.520547,0.3937318,0.1676543,1.2391,0.3888278,-0.4635331,0.4089312,0.3550647,0.7013141,0.3644031,1.110385,0.3072921,0.0494915,-0.6414431,0.008030684,-0.7655305,MathCanvas,1.604881,1.209053,0.9854143,0.1656533,1.520502,0.3939549,0.908402,-0.2037541,0.365089,0.1821557,1.523031,0.36502,0.8972243,-0.2072527,0.3899165,0.1488597,1.518062,0.4224436,0.9182291,-0.2018402,0.3407579,0.1655077,1.520547,0.3937318,1.924306,60.03766,4.283921,0,7,False
1,Center_Dir_Close,449,23.19999,0.1652137,1.520599,0.3932974,0.1679258,1.239372,0.3881976,-0.4633083,0.4009237,0.3542548,0.7064766,0.3642159,1.110329,0.3077154,0.04938484,-0.6404155,0.007415206,-0.7664034,MathCanvas,1.60474,1.197728,0.9721626,0.1653596,1.520627,0.3935084,0.9079397,-0.2049071,0.3655936,0.1819111,1.523058,0.3646121,0.8967493,-0.2080919,0.3905618,0.1485164,1.518139,0.4219826,0.9177911,-0.2027072,0.3414224,0.1652137,1.520599,0.3932974,1.986095,59.9441,4.240386,0,7,False
1,Center_Dir_Close,450,23.21999,0.1650521,1.520601,0.3930855,0.168024,1.239453,0.3879935,-0.4631715,0.3978791,0.3541151,0.7083551,0.3642068,1.110333,0.3077509,0.04943094,-0.6403547,0.00746584,-0.7664508,MathCanvas,1.603485,1.196004,0.9724359,0.1652137,1.520599,0.3932974,0.907577,-0.2054046,0.3662144,0.1817732,1.523052,0.3644132,0.8963115,-0.208504,0.3913463,0.1483311,1.518151,0.4217577,0.9173988,-0.2031294,0.3422251,0.1650521,1.520601,0.3930855,2.008275,59.89843,4.224581,0,7,False
1,Center_Dir_Close,451,23.23999,0.1650351,1.520447,0.3922097,0.1689521,1.239249,0.3879831,-0.466535,0.3893045,0.3469834,0.7144156,0.3643372,1.11042,0.308065,0.04920829,-0.6399452,0.009376855,-0.766786,MathCanvas,1.602138,1.195357,0.9729609,0.1650791,1.52049,0.3926122,0.9070588,-0.2061867,0.3670577,0.1817394,1.522793,0.363519,0.8961993,-0.2092651,0.3911968,0.1483308,1.5181,0.4209003,0.9172602,-0.2040535,0.3420467,0.1650351,1.520447,0.3922097,2.032796,59.93487,4.04573,0,7,False
1,Center_Dir_Close,452,23.25999,0.165057,1.520436,0.3918028,0.1694192,1.239318,0.3879179,-0.4675211,0.3861977,0.3443228,0.7167407,0.3643942,1.110575,0.3082562,0.0491786,-0.6397188,0.01013818,-0.7669671,MathCanvas,1.601044,1.194023,0.9733167,0.1650351,1.520447,0.3922097,0.9074196,-0.1739503,0.3825326,0.1817692,1.522748,0.3631139,0.8960868,-0.176561,0.4072527,0.1483447,1.518124,0.4204918,0.9177045,-0.1717319,0.358227,0.165057,1.520436,0.3918028,2.036681,59.91961,3.985101,0,7,False
1,Center_Dir_Close,453,23.27999,0.1651221,1.520472,0.3909261,0.1703985,1.239526,0.3878266,-0.4688546,0.3776274,0.3398527,0.7225462,0.3644111,1.110628,0.3083068,0.04921475,-0.6396357,0.01027197,-0.7670323,MathCanvas,1.60872,1.243689,1.000395,0.1650651,1.520435,0.3913526,0.8951099,-0.1769464,0.4092291,0.1818552,1.522726,0.3622448,0.8829753,-0.1795476,0.4337249,0.1483891,1.518217,0.4196074,0.9060844,-0.1750645,0.3851798,0.1651221,1.520472,0.3909261,2.066621,59.88047,3.886426,0,7,False
1,Center_Dir_Close,454,23.29999,0.1651537,1.520477,0.3905023,0.1706627,1.239575,0.387727,-0.4695148,0.3744434,0.33826,0.7245193,0.3644111,1.110628,0.3083068,0.04921475,-0.6396357,0.01027197,-0.7670323,MathCanvas,1.589333,1.238932,1.042051,0.1651221,1.520472,0.3909261,0.8948613,-0.1773065,0.4096164,0.1818961,1.522703,0.3618243,0.8827398,-0.1798534,0.4340773,0.1484113,1.518251,0.4191804,0.9058651,-0.1754149,0.3855358,0.1651537,1.520477,0.3905023,2.081098,59.86295,3.837528,0,7,False
1,Center_Dir_Close,455,23.31999,0.1656745,1.520758,0.3897102,0.1734101,1.239884,0.3884092,-0.4644889,0.3472338,0.3402034,0.74023,0.3652025,1.112022,0.3096917,0.04963449,-0.6337154,0.007696271,-0.7719339,MathCanvas,1.588136,1.23853,1.041862,0.1651537,1.520477,0.3905023,0.8946341,-0.1776346,0.4099706,0.1823555,1.522993,0.3609972,0.8839858,-0.1774992,0.4325079,0.1489935,1.518522,0.4184233,0.9070057,-0.173056,0.383917,0.1656745,1.520758,0.3897102,1.944798,59.9763,3.853719,0,7,False
1,Center_Dir_Close,456,23.33999,0.166335,1.521058,0.3885203,0.1748057,1.23983,0.3882253,-0.4601243,0.3398015,0.3367521,0.747943,0.3662214,1.112924,0.3101861,0.04968527,-0.6300268,0.005358696,-0.7749639,MathCanvas,1.58766,1.238414,1.041342,0.1659825,1.520925,0.389125,0.885499,-0.1377443,0.4437546,0.1830065,1.523315,0.3598033,0.8730334,-0.1387514,0.4675047,0.1496636,1.518801,0.4172373,0.8976844,-0.1346974,0.4195467,0.166335,1.521058,0.3885203,1.839625,59.98807,3.890741,0,7,False
1,Center_Dir_Close,457,23.35999,0.1666913,1.521226,0.3878912,0.1754634,1.239875,0.3881994,-0.459151,0.3339511,0.3355027,0.7517281,0.3662833,1.112996,0.310246,0.04969171,-0.6297091,0.005199492,-0.7752227,MathCanvas,1.586549,1.300136,1.100239,0.166335,1.521058,0.3885203,0.8833289,-0.1603972,0.4404576,0.1833576,1.523482,0.3591711,0.870843,-0.1616519,0.464221,0.150025,1.51897,0.4166112,0.8954912,-0.1575359,0.4162665,0.1666913,1.521226,0.3878912,1.792789,59.99519,3.888668,0,7,False
1,Center_Dir_Close,458,23.37999,0.1680419,1.521429,0.3866089,0.1778697,1.239655,0.386251,-0.4588082,0.3396164,0.3298997,0.751879,0.3700789,1.115046,0.3095809,0.05280441,-0.6287799,0.004230321,-0.7757768,MathCanvas,1.575106,1.265483,1.090174,0.1672778,1.521313,0.3872327,0.8835049,-0.1574424,0.4411702,0.1847842,1.523759,0.357939,0.8700844,-0.1584316,0.4667466,0.1512996,1.519099,0.4152788,0.8948584,-0.154205,0.4188667,0.1680419,1.521429,0.3866089,1.610072,59.82942,4.015318,0,7,False
1,Center_Dir_Close,459,23.39999,0.1687325,1.52151,0.3860095,0.1787055,1.239511,0.3854783,-0.4612226,0.344088,0.3309382,0.7479017,0.3715649,1.115792,0.3093318,0.05438805,-0.628817,0.004679233,-0.7756348,MathCanvas,1.576221,1.270489,1.08977,0.1680419,1.521429,0.3866089,0.8829716,-0.1563193,0.4426348,0.1855344,1.523868,0.3573768,0.8694057,-0.1578451,0.4682078,0.1519306,1.519152,0.4146422,0.8942603,-0.153565,0.4203764,0.1687325,1.52151,0.3860095,1.577436,59.70724,4.064561,0,7,False
1,Center_Dir_Close,460,23.41999,0.1701926,1.521704,0.3847463,0.1803195,1.239422,0.3845755,-0.4617106,0.3423049,0.3293953,0.7490991,0.3727185,1.116324,0.3091894,0.0556266,-0.6288651,0.005127073,-0.7755051,MathCanvas,1.574664,1.272607,1.090805,0.1694686,1.521603,0.3853659,0.8806826,-0.163641,0.4445446,0.1870774,1.5241,0.3561656,0.8674003,-0.1649202,0.4694872,0.1533079,1.519307,0.413327,0.8923906,-0.1605626,0.421733,0.1701926,1.521704,0.3847463,1.483383,59.53361,4.130656,0,7,False
1,Center_Dir_Close,461,23.43999,0.1715735,1.521672,0.3841304,0.1802694,1.239533,0.384068,-0.4636217,0.3453489,0.3350851,0.7439805,0.3765537,1.117832,0.3089707,0.05960149,-0.6292572,0.00546676,-0.7748892,MathCanvas,1.569493,1.261698,1.091075,0.1701926,1.521704,0.3847463,0.8802216,-0.1627418,0.4457859,0.1885899,1.524085,0.3556292,0.865335,-0.1642031,0.4735321,0.1545572,1.519259,0.4126315,0.8905447,-0.1598204,0.4258961,0.1715735,1.521672,0.3841304,1.442726,59.26605,4.159357,0,7,False
1,Center_Dir_Close,462,23.45999,0.1729041,1.521706,0.383604,0.1813237,1.239616,0.3832206,-0.4651801,0.3444366,0.3376518,0.7422683,0.3784604,1.118341,0.3090733,0.06144765,-0.6295289,0.004300446,-0.7745314,MathCanvas,1.569223,1.263265,1.091966,0.1715735,1.521672,0.3841304,0.8782648,-0.1620121,0.4498921,0.1900277,1.524145,0.3551694,0.8636998,-0.1631847,0.4768579,0.1557805,1.519266,0.4120387,0.8890885,-0.1587626,0.4293204,0.1729041,1.521706,0.383604,1.385145,59.04507,4.204172,0,7,False
1,Center_Dir_Close,463,23.47999,0.1756055,1.521532,0.3824489,0.1827681,1.239681,0.3821843,-0.4680157,0.3428137,0.3390256,0.740609,0.3816869,1.119098,0.3094333,0.06459668,-0.629392,0.003169507,-0.7743921,MathCanvas,1.567046,1.264531,1.097754,0.174278,1.521593,0.3830175,0.8725703,-0.1653195,0.4596635,0.1929478,1.524029,0.3541521,0.8579613,-0.1666725,0.4859245,0.1582632,1.519036,0.4107457,0.8838902,-0.1621797,0.438675,0.1756055,1.521532,0.3824489,1.2876,58.59391,4.30267,0,7,False
1,Center_Dir_Close,464,23.49999,0.1770002,1.521474,0.3818583,0.1832462,1.239667,0.3818526,-0.4691037,0.3421208,0.3391678,0.7401759,0.3821186,1.11925,0.309445,0.06501449,-0.629348,0.003063441,-0.7743932,MathCanvas,1.558728,1.259482,1.111067,0.1756055,1.521532,0.3824489,0.8712484,-0.1644265,0.4624826,0.1944422,1.523997,0.3536253,0.8563706,-0.1659262,0.4889763,0.1595582,1.51895,0.4100914,0.8824657,-0.1613915,0.4418224,0.1770002,1.521474,0.3818583,1.245742,58.3875,4.349142,0,7,False
1,Center_Dir_Close,465,23.51999,0.1810685,1.520134,0.3812525,0.1855206,1.238001,0.3788526,-0.4791823,0.3293194,0.347174,0.7358012,0.3854548,1.117681,0.311212,0.06718347,-0.6270847,0.007870824,-0.7760086,MathCanvas,1.55824,1.260799,1.115058,0.1790934,1.52073,0.3815435,0.8620964,-0.1667708,0.4785159,0.1988889,1.522713,0.3532618,0.8454739,-0.1700117,0.5062311,0.1632481,1.517555,0.4092432,0.8725668,-0.1654455,0.4596249,0.1810685,1.520134,0.3812525,1.450716,57.62975,4.445195,0,7,False
1,Center_Dir_Close,466,23.53999,0.1831281,1.519454,0.3809987,0.1861312,1.237448,0.3779845,-0.4806413,0.3253152,0.349472,0.7355428,0.3864068,1.116819,0.3118163,0.0673273,-0.6265267,0.009695501,-0.776426,MathCanvas,1.545081,1.256269,1.138362,0.1810685,1.520134,0.3812525,0.858943,-0.1714246,0.4825251,0.2011097,1.522079,0.3531157,0.8421639,-0.1744058,0.5102377,0.1651465,1.516828,0.4088817,0.869526,-0.1697534,0.4637979,0.1831281,1.519454,0.3809987,1.493247,57.30045,4.526573,0,7,False
1,Center_Dir_Close,467,23.55999,0.1874279,1.517439,0.3807537,0.1881723,1.235632,0.3759995,-0.4825453,0.3148981,0.3494048,0.7388542,0.3882616,1.115065,0.3127806,0.06764302,-0.6260803,0.01304153,-0.7767096,MathCanvas,1.540543,1.248546,1.143548,0.185149,1.518815,0.3807168,0.8536358,-0.1725708,0.4914522,0.205743,1.520149,0.3530968,0.8359109,-0.176622,0.5196706,0.1691128,1.514728,0.4084106,0.8638288,-0.1718267,0.4735772,0.1874279,1.517439,0.3807537,1.626123,56.61938,4.673643,0,7,False
1,Center_Dir_Close,468,23.57999,0.1896048,1.515824,0.3808873,0.1898962,1.233785,0.3745404,-0.4837508,0.3118224,0.3453025,0.7412949,0.3889308,1.112425,0.3130315,0.06705488,-0.6276811,0.01602903,-0.7754117,MathCanvas,1.533579,1.245301,1.155755,0.1874279,1.517439,0.3807537,0.8491085,-0.1862561,0.494291,0.2080988,1.518548,0.353351,0.8311732,-0.1914954,0.521997,0.1711108,1.5131,0.4084236,0.859368,-0.1866401,0.4760801,0.1896048,1.515824,0.3808873,1.791781,56.26094,4.697108,0,7,False
1,Center_Dir_Close,469,23.59999,0.1917662,1.514489,0.3810536,0.1914166,1.231907,0.3731409,-0.4851755,0.3127583,0.341065,0.7419311,0.3899128,1.110495,0.3130968,0.06719843,-0.6290296,0.01890287,-0.7742409,MathCanvas,1.525004,1.222898,1.158262,0.1896048,1.515824,0.3808873,0.845673,-0.1890601,0.4990928,0.2104185,1.517202,0.3536232,0.8278775,-0.194368,0.5261558,0.173114,1.511777,0.4084841,0.856329,-0.1895237,0.480397,0.1917662,1.514489,0.3810536,1.959455,55.9452,4.677136,0,7,False
1,Center_Dir_Close,470,23.61999,0.1960952,1.511773,0.3814307,0.1938094,1.229441,0.3709221,-0.4881496,0.3098412,0.3375444,0.7428138,0.3920215,1.107952,0.3135518,0.06776599,-0.6301204,0.02314827,-0.7731884,MathCanvas,1.520302,1.21748,1.165118,0.193898,1.513131,0.381237,0.839331,-0.1942983,0.5077121,0.2150574,1.514499,0.3542149,0.8213159,-0.1991549,0.5345815,0.177133,1.509047,0.4086464,0.850286,-0.1942768,0.4891526,0.1960952,1.511773,0.3814307,2.240021,55.31791,4.702473,0,7,False
1,Center_Dir_Close,471,23.63999,0.198472,1.511728,0.3819846,0.1961637,1.22557,0.370269,-0.4861188,0.3133247,0.323695,0.7488243,0.393647,1.103309,0.3129942,0.06640361,-0.6327207,0.02922332,-0.7709742,MathCanvas,1.511031,1.207376,1.176837,0.1960952,1.511773,0.3814307,0.8373953,-0.1964995,0.5100559,0.2175698,1.514567,0.3548754,0.8194862,-0.2052362,0.5350891,0.1793742,1.508889,0.4090938,0.8485724,-0.2001353,0.4897661,0.198472,1.511728,0.3819846,2.614009,55.06012,4.898285,0,7,False
1,Center_Dir_Close,472,23.65999,0.2028239,1.510854,0.3834308,0.199166,1.222447,0.369908,-0.4844001,0.3022656,0.3199887,0.7560419,0.3959657,1.098569,0.3137617,0.06401197,-0.6326947,0.02980629,-0.7711755,MathCanvas,1.510302,1.203899,1.181018,0.2006744,1.511178,0.3826027,0.832815,-0.2046601,0.5143282,0.2221611,1.513735,0.3564963,0.8154204,-0.2090975,0.5397849,0.1834866,1.507973,0.4103653,0.8448181,-0.2038988,0.4946793,0.2028239,1.510854,0.3834308,2.904737,54.57661,4.972157,0,7,False
1,Center_Dir_Close,473,23.67999,0.2050573,1.510494,0.3841667,0.2006133,1.221063,0.3695636,-0.4841892,0.298793,0.3182235,0.758299,0.3971094,1.09649,0.3141391,0.06313267,-0.6329089,0.03020942,-0.7710564,MathCanvas,1.503536,1.191211,1.186722,0.2028239,1.510854,0.3834308,0.8302654,-0.2066121,0.5176591,0.224529,1.513387,0.3573306,0.8122675,-0.2116297,0.5435387,0.1855856,1.5076,0.4110027,0.841904,-0.2064062,0.4985922,0.2050573,1.510494,0.3841667,3.047373,54.30229,4.994497,0,7,False
1,Center_Dir_Close,474,23.69999,0.2092351,1.510599,0.3865076,0.2040815,1.220035,0.3702969,-0.483097,0.2935023,0.3136191,0.7629658,0.3991733,1.093302,0.3161093,0.05761778,-0.6345607,0.01886663,-0.7704914,MathCanvas,1.502181,1.187704,1.192906,0.207279,1.510143,0.3849343,0.824545,-0.2114436,0.5248022,0.2288727,1.513403,0.3597832,0.8086973,-0.2112896,0.5489675,0.1895975,1.507794,0.4132321,0.8386122,-0.2062116,0.5041888,0.2092351,1.510599,0.3865076,3.022326,53.94674,4.840328,0,7,False
1,Center_Dir_Close,475,23.71999,0.2112856,1.511019,0.3877819,0.206117,1.219712,0.3703542,-0.4841684,0.2858823,0.3055841,0.7684209,0.4001444,1.092832,0.3171995,0.05560297,-0.6354893,0.01525033,-0.769954,MathCanvas,1.494518,1.181005,1.204558,0.2092351,1.510599,0.3865076,0.8271397,-0.2012402,0.5247308,0.2309764,1.513762,0.3610903,0.8104193,-0.2063079,0.5483226,0.1915947,1.508276,0.4144736,0.8402303,-0.2012961,0.5034807,0.2112856,1.511019,0.3877819,3.165878,53.84526,4.734748,0,7,False
1,Center_Dir_Close,476,23.73999,0.2153136,1.511877,0.3903813,0.2095851,1.218033,0.3701384,-0.4852028,0.2743781,0.2962455,0.7755859,0.4022996,1.090197,0.3186816,0.05261395,-0.6366524,0.01253378,-0.7692519,MathCanvas,1.503328,1.196669,1.207443,0.2132671,1.511503,0.3890922,0.8267428,-0.2060112,0.5235033,0.2351603,1.514556,0.3637989,0.8095126,-0.2105004,0.5480683,0.1954669,1.509198,0.4169638,0.839343,-0.2055215,0.5032536,0.2153136,1.511877,0.3903813,3.434482,53.53236,4.625495,0,7,False
1,Center_Dir_Close,477,23.75999,0.2172415,1.512414,0.3917843,0.2112403,1.217052,0.3699469,-0.4853573,0.2699806,0.2923431,0.7785078,0.4033618,1.089332,0.3195903,0.05094552,-0.6370043,0.01189017,-0.7690831,MathCanvas,1.503701,1.190831,1.206203,0.2153136,1.511877,0.3903813,0.8247348,-0.2080116,0.5258743,0.2371561,1.515057,0.365249,0.8076864,-0.2130492,0.5497752,0.1973269,1.509771,0.4183195,0.8376325,-0.2081211,0.5050322,0.2172415,1.512414,0.3917843,3.581502,53.39764,4.56403,0,7,False
1,Center_Dir_Close,478,23.77999,0.2189161,1.513587,0.3940389,0.2112058,1.220628,0.3724009,-0.4855256,0.2775789,0.2978625,0.7736232,0.4045174,1.094155,0.3232125,0.04989162,-0.6324378,0.03046528,-0.7724022,MathCanvas,1.503292,1.188051,1.211806,0.2172415,1.512414,0.3917843,0.8229662,-0.2105859,0.5276176,0.2387761,1.516199,0.3674597,0.8083627,-0.2158255,0.5476943,0.199056,1.510976,0.420618,0.8382183,-0.21094,0.5028861,0.2189161,1.513587,0.3940389,3.742306,53.52773,4.510661,0,7,False
1,Center_Dir_Close,479,23.79999,0.2225314,1.514579,0.397677,0.2127268,1.224278,0.3760291,-0.4785458,0.2897869,0.2939188,0.7750027,0.4063254,1.096388,0.3277746,0.0479393,-0.62779,0.03359463,-0.7761784,MathCanvas,1.501461,1.185402,1.2163,0.2207806,1.51415,0.3958719,0.8319392,-0.1970283,0.518707,0.2424212,1.51725,0.3711259,0.8167379,-0.1985335,0.5417781,0.2026416,1.511909,0.424228,0.8460828,-0.1934776,0.4966994,0.2225314,1.514579,0.397677,3.625327,53.45477,4.612275,0,7,False
1,Center_Dir_Close,480,23.81999,0.2243164,1.515211,0.3995129,0.2139108,1.224674,0.3767803,-0.4774929,0.2901871,0.2916528,0.7763572,0.4073697,1.096524,0.3293613,0.04670284,-0.6267608,0.03537181,-0.7770061,MathCanvas,1.519366,1.20745,1.206242,0.2225314,1.514579,0.397677,0.8317185,-0.1960062,0.5194478,0.2442388,1.517883,0.3729864,0.81601,-0.1990661,0.542679,0.2043939,1.51254,0.4260394,0.8454105,-0.1940074,0.4976368,0.2243164,1.515211,0.3995129,3.656564,53.38688,4.613387,0,7,False
1,Center_Dir_Close,481,23.83999,0.2269422,1.516007,0.4032693,0.2164105,1.227056,0.3838471,-0.4802762,0.2929481,0.2923027,0.7733533,0.4090828,1.100388,0.3356998,0.04737052,-0.6159387,0.03297734,-0.7856768,MathCanvas,1.522811,1.209203,1.210484,0.225971,1.515633,0.4014349,0.8309809,-0.1954109,0.5208505,0.2468491,1.519025,0.3767683,0.8184505,-0.1868895,0.5433334,0.2070354,1.512988,0.4297703,0.8478166,-0.1813112,0.4983304,0.2269422,1.516007,0.4032693,2.976043,53.35841,5.210658,0,7,False
1,Center_Dir_Close,482,23.85999,0.2280957,1.516383,0.405193,0.2170959,1.227068,0.3862964,-0.4835078,0.2948585,0.2978502,0.7684816,0.4104173,1.101593,0.3381967,0.04931021,-0.6130044,0.03248355,-0.7878699,MathCanvas,1.523403,1.211135,1.215878,0.2269422,1.516007,0.4032693,0.8388052,-0.1824507,0.5129501,0.2480179,1.519498,0.3787147,0.8243781,-0.1807022,0.5364209,0.2081735,1.513268,0.4316713,0.8533035,-0.1748955,0.4912075,0.2280957,1.516383,0.405193,2.718971,53.29804,5.376305,0,7,False
1,Center_Dir_Close,483,23.87999,0.2302961,1.516592,0.409055,0.218985,1.227539,0.390601,-0.4855511,0.2968345,0.3017297,0.7649108,0.4128466,1.103315,0.3426036,0.05066064,-0.6084969,0.03183214,-0.7912975,MathCanvas,1.54358,1.230248,1.209644,0.2291329,1.516364,0.4070892,0.8392878,-0.1743109,0.5149872,0.2502469,1.519834,0.3826135,0.8246498,-0.1740079,0.5382137,0.2103454,1.513349,0.4354964,0.8536204,-0.1680221,0.4930527,0.2302961,1.516592,0.409055,2.342446,53.19386,5.595329,0,7,False
1,Center_Dir_Close,484,23.89999,0.2309586,1.515411,0.4108453,0.2201666,1.226815,0.3943447,-0.4842348,0.2949639,0.3039494,0.7655898,0.415192,1.103968,0.3448138,0.05446365,-0.6098043,0.02380678,-0.79032,MathCanvas,1.547613,1.242999,1.217361,0.2302961,1.516592,0.409055,0.8394426,-0.1710158,0.5158389,0.2509258,1.518619,0.384412,0.8244668,-0.1715529,0.5392812,0.2109914,1.512204,0.4372786,0.8534646,-0.1656342,0.4941291,0.2309586,1.515411,0.4108453,2.195414,53.14601,5.534017,0,7,False
1,Center_Dir_Close,485,23.91999,0.2314544,1.514328,0.4126654,0.2216281,1.226377,0.397287,-0.4832148,0.2922566,0.303555,0.7674269,0.4172584,1.104426,0.3469529,0.05598688,-0.6099938,0.01916979,-0.7901933,MathCanvas,1.552593,1.246161,1.222992,0.2309586,1.515411,0.4108453,0.8392732,-0.1685944,0.5169106,0.2513995,1.51741,0.3862005,0.8245957,-0.1726598,0.5387306,0.2115093,1.511246,0.4391303,0.8535572,-0.16694,0.4935293,0.2314544,1.514328,0.4126654,2.246103,53.20572,5.317285,0,7,False
1,Center_Dir_Close,486,23.93999,0.2323335,1.512643,0.4162726,0.2245844,1.225478,0.4026692,-0.4832952,0.2898335,0.3052745,0.7676131,0.4218692,1.105054,0.3509767,0.0586071,-0.6111007,0.01224735,-0.7892852,MathCanvas,1.554199,1.248613,1.227347,0.2318227,1.513488,0.4144271,0.8332022,-0.1903031,0.5191905,0.2521777,1.515452,0.3897016,0.818609,-0.1934916,0.5407776,0.2124894,1.509835,0.4428435,0.8478695,-0.1882296,0.4956681,0.2323335,1.512643,0.4162726,2.548988,53.46228,4.845598,0,7,False
1,Center_Dir_Close,487,23.95999,0.2327497,1.511719,0.4181119,0.2256649,1.225219,0.4046946,-0.4837017,0.2899317,0.306601,0.7667908,0.423862,1.105479,0.3529625,0.05977155,-0.6109626,0.009841652,-0.7893385,MathCanvas,1.539613,1.214061,1.230873,0.2323335,1.512643,0.4162726,0.8335474,-0.1908613,0.5184311,0.2525473,1.51443,0.3914962,0.8191693,-0.1949202,0.5394143,0.2129521,1.509007,0.4447277,0.8483523,-0.1898109,0.494237,0.2327497,1.511719,0.4181119,2.623538,53.57157,4.677715,0,7,False
1,Center_Dir_Close,488,23.97999,0.2330878,1.509437,0.4224486,0.2286461,1.224385,0.4106063,-0.488491,0.3000786,0.3208066,0.7539315,0.4299682,1.105467,0.3549219,0.06468714,-0.6221438,0.006638081,-0.7801978,MathCanvas,1.54318,1.211663,1.233144,0.2327527,1.510327,0.4203098,0.8283641,-0.1988425,0.5237125,0.2525985,1.511627,0.3955743,0.8147547,-0.2036903,0.5428492,0.2135772,1.507246,0.449323,0.8441201,-0.1995488,0.497636,0.2330878,1.509437,0.4224486,2.906271,54.2124,3.778548,0,7,False
1,Center_Dir_Close,489,23.99999,0.2338925,1.510819,0.4249654,0.2300404,1.224345,0.4141357,-0.4900291,0.3005302,0.3270917,0.7500427,0.4326026,1.105745,0.3560625,0.06697565,-0.6270936,0.006762564,-0.7760298,MathCanvas,1.532047,1.197632,1.243683,0.2330878,1.509437,0.4224486,0.8289204,-0.2029971,0.5212324,0.2532696,1.512748,0.3979746,0.8149294,-0.211762,0.5394877,0.2145154,1.50889,0.4519562,0.8441287,-0.2080557,0.4941252,0.2338925,1.510819,0.4249654,3.283765,54.51571,3.328646,0,7,False
1,Center_Dir_Close,490,24.01999,0.2357103,1.513829,0.4301508,0.2326784,1.224118,0.4200141,-0.4915973,0.3026291,0.3347497,0.7447754,0.4372744,1.106438,0.3592086,0.07044805,-0.6319181,0.004146576,-0.7718157,MathCanvas,1.535278,1.192118,1.243288,0.2343933,1.510902,0.4272757,0.8307138,-0.2126172,0.5144984,0.2549103,1.515318,0.403006,0.8160456,-0.2182578,0.5351943,0.2165103,1.512339,0.4572956,0.8449647,-0.2152305,0.4896023,0.2357103,1.513829,0.4301508,3.669985,54.89216,2.569535,0,7,False
1,Center_Dir_Close,491,24.03999,0.2364614,1.514836,0.4326468,0.2339893,1.223981,0.4228319,-0.4924412,0.3037488,0.3383138,0.742147,0.4395699,1.106791,0.3608188,0.07212219,-0.6340495,0.002641559,-0.7699172,MathCanvas,1.537607,1.180614,1.236474,0.2357103,1.513829,0.4301508,0.826539,-0.2171825,0.5192927,0.255564,1.516123,0.4054231,0.812349,-0.221887,0.5393101,0.2173587,1.513548,0.4598704,0.8414754,-0.2192718,0.4938008,0.2364614,1.514836,0.4326468,3.851979,55.09232,2.222029,0,7,False
1,Center_Dir_Close,492,24.05999,0.2389915,1.511649,0.4386621,0.2350558,1.230865,0.4304205,-0.4852507,0.3131602,0.3512673,0.7369354,0.4451597,1.108893,0.3636493,0.06030164,-0.6505865,0.005701572,-0.7570128,MathCanvas,1.531865,1.174454,1.246515,0.2381938,1.51254,0.4355533,0.8345935,-0.2029234,0.5121288,0.2575888,1.513012,0.4110944,0.8240748,-0.2028279,0.5289249,0.2203943,1.510285,0.4662298,0.8524648,-0.2001614,0.4829485,0.2389915,1.511649,0.4386621,3.128701,56.12468,2.35103,0,7,False
1,Center_Dir_Close,493,24.07999,0.2399988,1.510969,0.4415095,0.2361263,1.232076,0.4331165,-0.4872127,0.3126692,0.3567729,0.733195,0.4472995,1.110402,0.3649145,0.05838272,-0.6552324,0.009339572,-0.7531101,MathCanvas,1.546599,1.193717,1.241045,0.2389915,1.511649,0.4386621,0.8385856,-0.2014949,0.5061364,0.2584199,1.512121,0.4138141,0.8269058,-0.2022804,0.5246993,0.2215778,1.509817,0.4692048,0.8550031,-0.199959,0.4785248,0.2399988,1.510969,0.4415095,3.08932,56.47796,1.985873,0,7,False
1,Center_Dir_Close,494,24.09999,0.2412096,1.510503,0.4442812,0.2371828,1.233302,0.4356283,-0.4900536,0.3112179,0.3628296,0.7289345,0.4494616,1.111703,0.3662562,0.05738166,-0.659165,0.01199901,-0.7497099,MathCanvas,1.554897,1.195026,1.235129,0.2399988,1.510969,0.4415095,0.8380948,-0.1848553,0.5132501,0.2594727,1.511492,0.4164752,0.8260537,-0.1861623,0.5319577,0.2229465,1.509514,0.4720873,0.8543832,-0.1842485,0.4858825,0.2412096,1.510503,0.4442812,3.099876,56.79521,1.705363,0,7,False
1,Center_Dir_Close,495,24.11999,0.2448499,1.507794,0.4490861,0.2388651,1.232794,0.4385467,-0.4975901,0.3000795,0.3734323,0.7231215,0.4498475,1.1182,0.3686846,0.07340136,-0.6493662,0.01940072,-0.7566766,MathCanvas,1.556972,1.22029,1.250055,0.2430478,1.509894,0.4466384,0.8436244,-0.1845274,0.5042297,0.2627833,1.509007,0.4210751,0.832994,-0.1852927,0.5213326,0.2269166,1.506581,0.4770972,0.8607762,-0.1830162,0.4749414,0.2448499,1.507794,0.4490861,3.052199,57.48309,2.0916,0,7,False
1,Center_Dir_Close,496,24.13999,0.2464431,1.506257,0.4516907,0.2398836,1.232668,0.4411221,-0.4974261,0.2999107,0.376935,0.7214851,0.4511223,1.119768,0.3702041,0.07633869,-0.6485122,0.01755101,-0.7571633,MathCanvas,1.566059,1.218803,1.238765,0.2448499,1.507794,0.4490861,0.8472144,-0.1840755,0.4983411,0.2642078,1.507449,0.4235715,0.8361371,-0.1847252,0.5164797,0.2286784,1.505065,0.4798099,0.8636401,-0.1824838,0.4699208,0.2464431,1.506257,0.4516907,3.023423,57.82521,2.055304,0,7,False
1,Center_Dir_Close,497,24.15999,0.2502535,1.503233,0.4563399,0.2426779,1.227907,0.4467216,-0.4900772,0.305475,0.3752529,0.7250481,0.4527255,1.121054,0.3738044,0.08270589,-0.6411855,-0.007047445,-0.7628835,MathCanvas,1.573598,1.217904,1.232338,0.2480423,1.504776,0.4543247,0.8531716,-0.1832991,0.4883643,0.2677748,1.504601,0.4280764,0.8415006,-0.1811123,0.5089941,0.2327322,1.501866,0.4846035,0.868599,-0.1785917,0.4622129,0.2502535,1.503233,0.4563399,2.815448,58.32003,2.357562,0,7,False
1,Center_Dir_Close,498,24.17999,0.2523087,1.502305,0.457952,0.2452366,1.222708,0.4486907,-0.4858509,0.3117713,0.3687955,0.7285173,0.4543499,1.11792,0.3753431,0.08157635,-0.6383486,-0.02808765,-0.764897,MathCanvas,1.583865,1.216714,1.219713,0.2502535,1.503233,0.4563399,0.8553597,-0.1799319,0.4857824,0.2697658,1.503916,0.4296615,0.8434761,-0.1792751,0.5063679,0.2348515,1.500694,0.4862424,0.8704671,-0.1763617,0.459547,0.2523087,1.502305,0.457952,2.707734,58.45385,2.777475,0,7,False
1,Center_Dir_Close,499,24.19999,0.2563071,1.49987,0.4612953,0.2492866,1.216967,0.4526118,-0.4840593,0.318113,0.3647143,0.7290228,0.4587164,1.114575,0.3771928,0.08042863,-0.6398076,-0.03794712,-0.7633724,MathCanvas,1.591274,1.220643,1.218387,0.2543234,1.501091,0.4595798,0.8547066,-0.1871311,0.4842092,0.273525,1.501754,0.4328755,0.8433545,-0.1891043,0.5029839,0.2390891,1.497986,0.4897152,0.8702917,-0.1858039,0.4561462,0.2563071,1.49987,0.4612953,2.753819,58.94703,3.249039,0,7,False
1,Center_Dir_Close,500,24.21999,0.2584177,1.498646,0.4629464,0.2512909,1.214248,0.4545492,-0.4833906,0.3209646,0.3630119,0.7290663,0.4603786,1.114288,0.3785188,0.08141554,-0.6392264,-0.04396582,-0.7634318,MathCanvas,1.589543,1.207969,1.216601,0.2563071,1.49987,0.4612953,0.8571443,-0.1874544,0.4797547,0.2755141,1.500637,0.4344605,0.8456877,-0.1895543,0.4988802,0.2413213,1.496655,0.4914323,0.8724245,-0.1860801,0.4519399,0.2584177,1.498646,0.4629464,2.780895,59.19586,3.433105,0,7,False
1,Center_Dir_Close,501,24.23999,0.2604851,1.497401,0.4646429,0.2529778,1.212226,0.4567949,-0.4823716,0.3231122,0.3627012,0.7289472,0.4620366,1.114002,0.3798414,0.08239689,-0.6386226,-0.0499678,-0.7634625,MathCanvas,1.597212,1.205857,1.212287,0.2584177,1.498646,0.4629464,0.8593782,-0.1878175,0.4755984,0.2774571,1.4995,0.4360905,0.8481455,-0.1892749,0.4947971,0.2435131,1.495302,0.4931953,0.8746769,-0.185625,0.4477539,0.2604851,1.497401,0.4646429,2.765507,59.44697,3.620038,0,7,False
1,Center_Dir_Close,502,24.25999,0.2664939,1.501703,0.4663749,0.2613598,1.20812,0.4563654,-0.474361,0.3355268,0.3498347,0.7348599,0.4697642,1.105632,0.3754624,0.0781237,-0.6636468,-0.0325279,-0.7432439,MathCanvas,1.602674,1.204065,1.207439,0.2636672,1.500402,0.465234,0.8627532,-0.1972123,0.4655796,0.2832493,1.503961,0.4377069,0.8512912,-0.1981212,0.4858512,0.2497385,1.499445,0.4950429,0.877441,-0.1941959,0.4386175,0.2664939,1.501703,0.4663749,3.285815,59.91894,3.896555,0,7,False
1,Center_Dir_Close,503,24.27999,0.2692847,1.503032,0.4673968,0.2640564,1.208549,0.4574434,-0.4672559,0.3381512,0.3475046,0.7393013,0.4719648,1.104222,0.3752398,0.07621894,-0.6698108,-0.03315062,-0.7378653,MathCanvas,1.611402,1.194278,1.192147,0.2664939,1.501703,0.4663749,0.8646905,-0.1961589,0.4624199,0.2859356,1.505393,0.4386762,0.8534122,-0.1972999,0.4824523,0.2526338,1.500671,0.4961173,0.8793893,-0.1932083,0.4351376,0.2692847,1.503032,0.4673968,3.238982,60.12731,4.074153,0,7,False
1,Center_Dir_Close,504,24.29999,0.2748884,1.505492,0.4695938,0.268961,1.20573,0.4604619,-0.4608368,0.344343,0.3433909,0.7423881,0.4764803,1.101505,0.3756777,0.07559609,-0.6773868,-0.03648835,-0.7308221,MathCanvas,1.619992,1.196618,1.189729,0.2720861,1.504251,0.4684998,0.8714713,-0.1898891,0.4521945,0.2913153,1.508055,0.4407617,0.8603719,-0.1923836,0.4719628,0.2584615,1.50293,0.4984258,0.8857708,-0.1879252,0.4243751,0.2748884,1.505492,0.4695938,3.284398,60.58191,4.423762,0,7,False
1,Center_Dir_Close,505,24.31999,0.2774207,1.507052,0.468708,0.2693804,1.218343,0.4559489,-0.4596185,0.3384068,0.3588544,0.7385495,0.4756359,1.103573,0.3740151,0.06528438,-0.6859565,0.00154984,-0.7247063,MathCanvas,1.636649,1.208772,1.176193,0.2748884,1.505492,0.4695938,0.8733978,-0.1901549,0.4483498,0.2939205,1.509505,0.4399081,0.8588101,-0.1933023,0.4744255,0.260921,1.504598,0.4975079,0.8843298,-0.1890206,0.4268863,0.2774207,1.507052,0.468708,3.335876,60.43804,4.234518,0,7,False
1,Center_Dir_Close,506,24.33999,0.2829214,1.510031,0.469408,0.2734601,1.222466,0.4551199,-0.4611544,0.3404394,0.3635238,0.7343624,0.4780532,1.103374,0.3740644,0.06313444,-0.690971,0.01876593,-0.7198757,MathCanvas,1.64572,1.209148,1.171111,0.2801422,1.508476,0.4690581,0.873535,-0.1867936,0.4494939,0.2992835,1.512426,0.4405248,0.8615528,-0.1899724,0.4707836,0.2665594,1.507635,0.4982912,0.8868284,-0.185786,0.4231061,0.2829214,1.510031,0.469408,3.514717,60.72288,4.135574,0,7,False
1,Center_Dir_Close,507,24.35999,0.2857675,1.511473,0.4696889,0.2757162,1.224404,0.4549006,-0.4614607,0.3416591,0.3647491,0.7329947,0.4789555,1.103653,0.3742353,0.06259505,-0.6921037,0.0277043,-0.718545,MathCanvas,1.650872,1.217513,1.173313,0.2829214,1.510031,0.469408,0.8745178,-0.1878796,0.4471241,0.3020616,1.513829,0.4407641,0.8624139,-0.1911295,0.4687345,0.2694734,1.509117,0.4986137,0.8875778,-0.1870057,0.4209926,0.2857675,1.511473,0.4696889,3.581521,60.86078,4.067357,0,7,False
1,Center_Dir_Close,508,24.37999,0.292104,1.51096,0.4695645,0.2810903,1.229385,0.4546132,-0.4707763,0.3438006,0.3639273,0.7264488,0.4745591,1.112416,0.3791032,0.06808066,-0.6574413,0.005281657,-0.7504053,MathCanvas,1.657189,1.21684,1.17087,0.289003,1.510776,0.4695348,0.8755795,-0.1865019,0.4456205,0.3083383,1.513025,0.4405838,0.8633416,-0.1867299,0.4687998,0.2758698,1.508895,0.4985452,0.8884066,-0.1830857,0.4209673,0.292104,1.51096,0.4695645,3.31971,60.9502,3.563663,0,7,False
1,Center_Dir_Close,509,24.39999,0.2952007,1.51108,0.4694882,0.2831881,1.230346,0.4549522,-0.4716982,0.3460365,0.3658371,0.7238251,0.4750968,1.113979,0.3799436,0.068589,-0.6517326,-0.0005875826,-0.7553408,MathCanvas,1.662699,1.219018,1.16712,0.292104,1.51096,0.4695645,0.8770271,-0.1874106,0.442381,0.3113963,1.513106,0.4404831,0.864857,-0.1885472,0.4652658,0.2790051,1.509055,0.4984933,0.8897343,-0.1849388,0.4173373,0.2952007,1.51108,0.4694882,3.277995,61.02242,3.494416,0,7,False
1,Center_Dir_Close,510,24.41999,0.2982919,1.511409,0.4694512,0.2853837,1.231395,0.4552047,-0.4723617,0.3481666,0.3671282,0.7217142,0.4755409,1.115074,0.3807201,0.06847272,-0.6482089,-0.001289398,-0.7583766,MathCanvas,1.669215,1.21747,1.162554,0.2952007,1.51108,0.4694882,0.8775605,-0.1868927,0.4415413,0.3144429,1.513384,0.4404177,0.8654397,-0.1883452,0.464263,0.2821409,1.509435,0.4984846,0.8902484,-0.1848198,0.4162925,0.2982919,1.511409,0.4694512,3.256447,61.10693,3.406868,0,7,False
1,Center_Dir_Close,511,24.43999,0.304459,1.510343,0.4683699,0.2902799,1.228776,0.4550908,-0.4732359,0.3570541,0.3664684,0.7171201,0.4816977,1.117172,0.3791849,0.07363106,-0.6445754,-0.01446167,-0.7608495,MathCanvas,1.672881,1.218665,1.16107,0.3014318,1.510848,0.4688663,0.8790863,-0.18972,0.4372801,0.3205991,1.5123,0.4393292,0.8662499,-0.1949771,0.4599949,0.288319,1.508386,0.4974107,0.8908759,-0.1914343,0.4119381,0.304459,1.510343,0.4683699,3.584465,61.14722,3.377611,0,7,False
1,Center_Dir_Close,512,24.45999,0.3075637,1.509637,0.4678435,0.2933079,1.226766,0.4544648,-0.473203,0.3614628,0.3639423,0.716219,0.4857266,1.117088,0.3777926,0.07475135,-0.6481189,-0.01499292,-0.7577132,MathCanvas,1.678538,1.213796,1.151872,0.304459,1.510343,0.4683699,0.8788929,-0.193206,0.4361408,0.3236644,1.511552,0.4387781,0.8663828,-0.1976061,0.4586204,0.2914629,1.507723,0.4969089,0.890945,-0.1941278,0.4105259,0.3075637,1.509637,0.4678435,3.736978,61.23133,3.304311,0,7,False
1,Center_Dir_Close,513,24.47999,0.3137962,1.508152,0.4666854,0.298949,1.225208,0.4537345,-0.4730495,0.3677955,0.362182,0.7139853,0.4925422,1.1173,0.3760732,0.07545188,-0.6524559,-0.01709798,-0.7538674,MathCanvas,1.681895,1.20752,1.14984,0.3106726,1.508913,0.4672682,0.880305,-0.204065,0.4282764,0.3298099,1.509993,0.4375672,0.8680999,-0.207839,0.4507833,0.2977825,1.506312,0.4958036,0.8923001,-0.2044109,0.4025128,0.3137962,1.508152,0.4666854,3.975516,61.41177,3.177726,0,7,False
1,Center_Dir_Close,514,24.49999,0.3169086,1.507616,0.46585,0.3025462,1.223415,0.4527927,-0.4714934,0.3697326,0.3602642,0.7149836,0.4974168,1.116542,0.3746495,0.07535034,-0.65756,-0.01662061,-0.7494404,MathCanvas,1.685808,1.190104,1.134182,0.3137962,1.508152,0.4666854,0.8805323,-0.2061253,0.42682,0.3328861,1.509454,0.4367117,0.8683124,-0.2099456,0.4493954,0.3009312,1.505778,0.4949883,0.8924536,-0.2065171,0.4010951,0.3169086,1.507616,0.46585,4.098883,61.48971,3.173882,0,7,False
1,Center_Dir_Close,515,24.51999,0.3233938,1.506866,0.4638304,0.3096352,1.22104,0.4511413,-0.4696011,0.3678427,0.3580039,0.7183312,0.5066198,1.115132,0.3726861,0.07787503,-0.6606247,-0.01366246,-0.7465413,MathCanvas,1.690456,1.18608,1.131649,0.3201741,1.50722,0.4648948,0.8830221,-0.2110904,0.4191812,0.3393515,1.508794,0.4346871,0.8710374,-0.2126252,0.4428141,0.307436,1.504938,0.4929737,0.8948659,-0.2089794,0.394389,0.3233938,1.506866,0.4638304,4.146749,61.53759,3.32934,0,7,False
1,Center_Dir_Close,516,24.53999,0.3266017,1.506456,0.4628645,0.3128324,1.220309,0.4505385,-0.4691673,0.3678799,0.3574599,0.7188664,0.5102619,1.114935,0.3720323,0.07873085,-0.6610671,-0.01376927,-0.7460578,MathCanvas,1.698101,1.178236,1.116421,0.3233938,1.506866,0.4638304,0.8846331,-0.2105949,0.4160219,0.3425381,1.508398,0.4337105,0.8726831,-0.2132408,0.4392638,0.3106653,1.504514,0.4920185,0.896326,-0.2095362,0.3907613,0.3266017,1.506456,0.4628645,4.194748,61.58332,3.353315,0,7,False
1,Center_Dir_Close,517,24.55999,0.3298532,1.506091,0.4618273,0.3160871,1.219625,0.4498921,-0.4687909,0.367329,0.3570231,0.7196104,0.5137292,1.114874,0.3713712,0.07952115,-0.6618741,-0.01407671,-0.7452523,MathCanvas,1.705897,1.178102,1.111514,0.3266017,1.506456,0.4628645,0.8848385,-0.2113889,0.4151815,0.3457741,1.508052,0.4326662,0.8728936,-0.2136738,0.4386347,0.3139323,1.50413,0.4909885,0.8965108,-0.2099361,0.3901221,0.3298532,1.506091,0.4618273,4.221166,61.61672,3.387421,0,7,False
1,Center_Dir_Close,518,24.57999,0.3363812,1.505995,0.4589095,0.3245742,1.220464,0.4470299,-0.470023,0.3527145,0.3569584,0.7261209,0.5223997,1.113561,0.3707835,0.08005927,-0.6559787,-0.0127686,-0.7504129,MathCanvas,1.709143,1.176577,1.109014,0.3331611,1.506128,0.4602872,0.8842552,-0.2087049,0.4177741,0.3524635,1.508024,0.4298418,0.8713363,-0.2092341,0.4438399,0.3202989,1.503966,0.4879773,0.8952199,-0.2053976,0.3954657,0.3363812,1.505995,0.4589095,3.964258,61.28812,3.503774,0,7,False
1,Center_Dir_Close,519,24.59999,0.3396145,1.505823,0.457427,0.3284644,1.220653,0.4458951,-0.4714241,0.3489527,0.3563918,0.7273076,0.5264236,1.113399,0.370597,0.07985459,-0.6533416,-0.01235774,-0.7527386,MathCanvas,1.713508,1.180961,1.109545,0.3363812,1.505995,0.4589095,0.8862498,-0.200602,0.4175166,0.3557733,1.507903,0.4284053,0.8732277,-0.2011787,0.4438474,0.3234558,1.503742,0.4864488,0.8970535,-0.1972396,0.3954638,0.3396145,1.505823,0.457427,3.88803,61.13569,3.59216,0,7,False
1,Center_Dir_Close,520,24.61999,0.3461002,1.505594,0.4543324,0.3361597,1.220805,0.443763,-0.4738561,0.3419796,0.3552613,0.7295887,0.5342841,1.113065,0.3700223,0.07983793,-0.6494873,-0.01219875,-0.756071,MathCanvas,1.72386,1.1925,1.109552,0.34288,1.505693,0.4558896,0.8848695,-0.1980353,0.421649,0.3623783,1.507761,0.4253837,0.8719278,-0.1989206,0.4474064,0.3298222,1.503428,0.483281,0.8959509,-0.1948481,0.3991319,0.3461002,1.505594,0.4543324,3.760892,60.89634,3.740342,0,7,False
1,Center_Dir_Close,521,24.63999,0.3499581,1.507973,0.4526483,0.341813,1.222263,0.4417422,-0.4800045,0.3313031,0.3551388,0.7305548,0.5392489,1.113714,0.3709108,0.07895819,-0.6414266,-0.0140065,-0.7629819,MathCanvas,1.72697,1.196553,1.11233,0.3461002,1.505594,0.4543324,0.8842708,-0.1968848,0.4234403,0.3664773,1.510215,0.4238424,0.8679256,-0.2017253,0.4538856,0.3334389,1.505731,0.4814543,0.8923517,-0.1975217,0.4058247,0.3499581,1.507973,0.4526483,3.929492,60.43302,3.87232,0,7,False
1,Center_Dir_Close,522,24.65999,0.3580286,1.512918,0.4497097,0.3506444,1.224572,0.4381946,-0.4812698,0.326792,0.352649,0.7329564,0.5488846,1.114693,0.3715147,0.07961798,-0.6351895,-0.01707807,-0.7680519,MathCanvas,1.732752,1.200091,1.11481,0.3538835,1.511462,0.4514498,0.8796429,-0.1962602,0.4332555,0.3749194,1.515378,0.4211378,0.8645649,-0.1947861,0.4632342,0.3411378,1.510459,0.4782815,0.8894928,-0.1902251,0.4154722,0.3580286,1.512918,0.4497097,3.743528,59.68755,4.246478,0,7,False
1,Center_Dir_Close,523,24.67999,0.3619887,1.514786,0.4481266,0.3548191,1.225116,0.4368029,-0.48237,0.3235522,0.3518378,0.7340595,0.5534812,1.114984,0.3716868,0.07928199,-0.6327196,-0.0185535,-0.7700884,MathCanvas,1.732179,1.206327,1.126528,0.3580286,1.512918,0.4497097,0.8773562,-0.1925062,0.439531,0.3790238,1.517323,0.4196474,0.8625398,-0.1936108,0.4674825,0.3449536,1.512248,0.4766057,0.8877081,-0.1889262,0.4198586,0.3619887,1.514786,0.4481266,3.679863,59.39558,4.381475,0,7,False
1,Center_Dir_Close,524,24.69999,0.3657851,1.515858,0.4466372,0.3590668,1.226326,0.4351467,-0.4822703,0.3221085,0.3502111,0.7355363,0.5581309,1.115332,0.3719155,0.0785769,-0.6303641,-0.02021739,-0.772048,MathCanvas,1.735407,1.213435,1.136171,0.3619887,1.514786,0.4481266,0.8801647,-0.1932582,0.4335451,0.3829374,1.518423,0.418231,0.8660226,-0.1931929,0.4611739,0.3486328,1.513292,0.4750433,0.8908449,-0.1883491,0.4134247,0.3657851,1.515858,0.4466372,3.537903,59.14926,4.42979,0,7,False
1,Center_Dir_Close,525,24.71999,0.3731936,1.515137,0.4449802,0.3669208,1.233038,0.4301177,-0.4875548,0.3137506,0.3512891,0.735151,0.5678978,1.119819,0.3722235,0.07044938,-0.6320354,-0.01177526,-0.7716407,MathCanvas,1.743553,1.21334,1.125288,0.3693577,1.514398,0.4455647,0.8776664,-0.1859134,0.441744,0.3905846,1.517466,0.4166991,0.8624213,-0.1868377,0.470448,0.3558025,1.512808,0.4732613,0.8876438,-0.1824002,0.4228695,0.3731936,1.515137,0.4449802,3.146638,58.63206,4.01924,0,7,False
1,Center_Dir_Close,526,24.73999,0.3771338,1.515898,0.4440119,0.3706422,1.234295,0.4279992,-0.4910833,0.3091069,0.3507729,0.735016,0.5717931,1.121513,0.3720229,0.07272062,-0.6302418,-0.006796509,-0.7729558,MathCanvas,1.745336,1.224481,1.135602,0.3731936,1.515137,0.4449802,0.8774553,-0.1842598,0.4428551,0.3947033,1.518269,0.4158448,0.8617946,-0.1861669,0.4718601,0.3595644,1.513527,0.4721791,0.8870962,-0.181619,0.4243523,0.3771338,1.515898,0.4440119,3.130999,58.26968,4.091487,0,7,False
1,Center_Dir_Close,527,24.75999,0.3849696,1.517322,0.4420288,0.3786868,1.237134,0.4242412,-0.4950464,0.3015493,0.34986,0.7359315,0.5801301,1.124093,0.3719411,0.07418308,-0.6266389,-0.0009333193,-0.7757704,MathCanvas,1.75086,1.227424,1.137337,0.3810852,1.516659,0.4429922,0.8725887,-0.1824266,0.4531112,0.402835,1.519716,0.4140503,0.8571149,-0.1837761,0.4812283,0.3671041,1.514929,0.4700072,0.8829144,-0.179201,0.4339921,0.3849696,1.517322,0.4420288,2.993424,57.65596,4.129486,0,7,False
1,Center_Dir_Close,528,24.77999,0.388233,1.515092,0.4416901,0.380296,1.234775,0.4227571,-0.4929727,0.3073601,0.3443513,0.737516,0.5801826,1.125049,0.372962,0.082088,-0.6144583,-0.001712918,-0.7846654,MathCanvas,1.748683,1.23222,1.150167,0.3849696,1.517322,0.4420288,0.87755,-0.1809327,0.4440376,0.4063531,1.517764,0.4139013,0.8603275,-0.1886697,0.4735402,0.370113,1.512421,0.469479,0.885798,-0.1834683,0.4262644,0.388233,1.515092,0.4416901,3.341128,57.16258,4.612522,0,7,False
1,Center_Dir_Close,529,24.79999,0.3944241,1.513976,0.4411745,0.3859426,1.232395,0.420806,-0.4920676,0.3087244,0.3386153,0.7402016,0.5851931,1.123508,0.3750522,0.08065441,-0.6017068,-0.01339203,-0.7945215,MathCanvas,1.761505,1.231952,1.136561,0.3914509,1.5144,0.4414949,0.8723604,-0.1971353,0.4473534,0.4129033,1.516633,0.4136217,0.8560028,-0.2024126,0.4756978,0.375945,1.51132,0.4687273,0.8817282,-0.1970926,0.428614,0.3944241,1.513976,0.4411745,3.598376,56.43959,4.587964,0,7,False
1,Center_Dir_Close,530,24.81999,0.397395,1.513436,0.4408163,0.3892953,1.232458,0.4193051,-0.4927307,0.3075691,0.3367446,0.7410943,0.5882947,1.123327,0.375682,0.08054373,-0.5972326,-0.01570049,-0.7978593,MathCanvas,1.753374,1.206882,1.138055,0.3944241,1.513976,0.4411745,0.8690333,-0.2001843,0.452446,0.4160564,1.516111,0.4133883,0.8524139,-0.2050692,0.4809752,0.3787335,1.510762,0.4682443,0.878461,-0.1997188,0.434072,0.397395,1.513436,0.4408163,3.731718,56.07073,4.618789,0,7,False
1,Center_Dir_Close,531,24.83999,0.4017965,1.512608,0.4404001,0.3924709,1.226828,0.4190629,-0.4921315,0.3082076,0.3271058,0.745531,0.5942169,1.118684,0.3770479,0.07590771,-0.5949117,-0.01990068,-0.7999513,MathCanvas,1.752568,1.201268,1.146362,0.3996238,1.513046,0.4404959,0.8680342,-0.2078856,0.4508883,0.4208055,1.515492,0.4132333,0.8516879,-0.2128526,0.4788752,0.3827874,1.509724,0.4675668,0.8777462,-0.2069786,0.4321129,0.4017965,1.512608,0.4404001,4.082682,55.37466,4.984067,0,7,False
1,Center_Dir_Close,532,24.85999,0.4033344,1.512201,0.4402792,0.3936455,1.225092,0.418727,-0.491455,0.3078355,0.3236314,0.7476443,0.5969228,1.116439,0.3774338,0.07301888,-0.5953498,-0.02046505,-0.79988,MathCanvas,1.753128,1.188978,1.142331,0.4017965,1.512608,0.4404001,0.8650369,-0.2099165,0.4556821,0.4225232,1.515156,0.4132468,0.8482748,-0.2157202,0.4836267,0.3841455,1.509246,0.4673116,0.8746438,-0.2097152,0.4370559,0.4033344,1.512201,0.4402792,4.263051,55.01184,5.107969,0,7,False
1,Center_Dir_Close,533,24.87999,0.4049255,1.511811,0.4402095,0.3949736,1.223854,0.4182602,-0.4904184,0.3072869,0.3207568,0.7497864,0.5997911,1.115224,0.3779295,0.0711917,-0.5936283,-0.02170181,-0.8012904,MathCanvas,1.75324,1.184622,1.15138,0.4033344,1.512201,0.4402792,0.8670968,-0.2131413,0.4502378,0.4242917,1.514791,0.4133066,0.8504116,-0.2190631,0.4783423,0.3855594,1.508831,0.4671125,0.8765226,-0.2128818,0.4317284,0.4049255,1.511811,0.4402095,4.436637,54.65128,5.152771,0,7,False
1,Center_Dir_Close,534,24.89999,0.4065829,1.51183,0.4401447,0.396988,1.22221,0.4175572,-0.4859863,0.3060681,0.3153271,0.7554525,0.6043103,1.112084,0.3787557,0.06282166,-0.5940527,-0.02512994,-0.8015755,MathCanvas,1.759039,1.178956,1.143329,0.4066846,1.511346,0.4401257,0.8606827,-0.2181659,0.4600314,0.4262848,1.514776,0.413483,0.843202,-0.2270169,0.4873127,0.3868809,1.508883,0.4668064,0.8698999,-0.2208236,0.441034,0.4065829,1.51183,0.4401447,4.911914,53.97462,5.097385,0,7,False
1,Center_Dir_Close,535,24.91999,0.4060998,1.51261,0.4401256,0.395459,1.223789,0.4179032,-0.4791769,0.3046131,0.312865,0.7613907,0.6038714,1.111752,0.3781353,0.05701802,-0.6015223,-0.02444342,-0.7964436,MathCanvas,1.750224,1.171243,1.158316,0.4065829,1.51183,0.4401447,0.8568679,-0.2239214,0.4643669,0.4259026,1.515365,0.4135181,0.8403653,-0.2302397,0.4906892,0.3862971,1.509856,0.4667332,0.8672444,-0.2243373,0.4444773,0.4060998,1.51261,0.4401256,5.068055,53.76337,4.766009,0,7,False
1,Center_Dir_Close,536,24.93999,0.4055835,1.512701,0.4398495,0.3952494,1.225351,0.4169972,-0.4762547,0.3010571,0.308513,0.766398,0.6053519,1.111774,0.3775683,0.05475334,-0.6069275,-0.02026978,-0.7926098,MathCanvas,1.747449,1.162081,1.16705,0.4059556,1.51263,0.4399706,0.8570488,-0.2236265,0.4641752,0.4256133,1.5153,0.4133969,0.8406852,-0.2293386,0.4905632,0.3855536,1.510101,0.4663021,0.8674973,-0.2235779,0.4443662,0.4055835,1.512701,0.4398495,5.356366,53.28799,4.499647,0,7,False
1,Center_Dir_Close,537,24.95999,0.405389,1.512848,0.4397643,0.3961194,1.225212,0.4165019,-0.4745452,0.2999609,0.3058875,0.7689363,0.6070803,1.111108,0.3776748,0.05253765,-0.6077812,-0.02028525,-0.792105,MathCanvas,1.749858,1.161944,1.167905,0.4055835,1.512701,0.4398495,0.8250575,-0.2193149,0.5207505,0.4255504,1.515393,0.4134064,0.806657,-0.2246366,0.5466655,0.3852276,1.510303,0.4661222,0.8365417,-0.2197074,0.501923,0.405389,1.512848,0.4397643,5.517573,53.01172,4.406085,0,7,False
1,Center_Dir_Close,538,24.97999,0.3999439,1.512726,0.4383534,0.38859,1.230836,0.4156516,-0.4897173,0.2911773,0.3139817,0.7594789,0.5980333,1.117709,0.3758926,0.06653631,-0.6061628,-0.00376451,-0.7925436,MathCanvas,1.701349,1.16836,1.257733,0.4061774,1.512666,0.4395506,0.8201393,-0.226254,0.5255288,0.4202016,1.515111,0.4120546,0.8033363,-0.2304622,0.5491247,0.3796861,1.510341,0.4646523,0.8333894,-0.2257721,0.5044692,0.3999439,1.512726,0.4383534,5.847178,52.81498,4.131227,0,7,False
1,Center_Dir_Close,539,24.99999,0.3976368,1.513411,0.4378289,0.3867329,1.231854,0.4156187,-0.49313,0.2888629,0.3147988,0.7578144,0.5952173,1.119272,0.3756825,0.06990377,-0.6035426,-0.004766584,-0.7942463,MathCanvas,1.69221,1.156225,1.266411,0.3999439,1.512726,0.4383534,0.8191815,-0.2247216,0.527676,0.4179647,1.515793,0.411584,0.8022867,-0.2276446,0.5518278,0.3773089,1.511028,0.4640738,0.8324562,-0.222968,0.5072494,0.3976368,1.513411,0.4378289,5.881413,52.66421,4.127325,0,7,False
1,Center_Dir_Close,540,25.01999,0.3953695,1.513937,0.4373213,0.3855748,1.232659,0.4153816,-0.4952914,0.2866335,0.3147427,0.7572746,0.5936751,1.120258,0.3755023,0.07178531,-0.60228,-0.004503608,-0.795038,MathCanvas,1.692015,1.158331,1.271603,0.3976368,1.513411,0.4378289,0.8176777,-0.2253069,0.5297548,0.4157883,1.516304,0.4111457,0.8003055,-0.2277441,0.5546564,0.3749507,1.511569,0.463497,0.8306296,-0.2230926,0.5101807,0.3953695,1.513937,0.4373213,5.885949,52.46449,4.100129,0,7,False
1,Center_Dir_Close,541,25.03999,0.389766,1.51522,0.4360716,0.3821352,1.233752,0.4154375,-0.5011246,0.2819759,0.3153325,0.7549366,0.5875988,1.122153,0.3752007,0.07664377,-0.5966748,-0.009983541,-0.7987524,MathCanvas,1.689501,1.157345,1.27576,0.3930515,1.514364,0.4367797,0.8146318,-0.2246807,0.5346903,0.4102843,1.517661,0.4099807,0.8010014,-0.2138199,0.559176,0.3692477,1.512779,0.4621625,0.8314315,-0.2090837,0.5147868,0.389766,1.51522,0.4360716,5.198876,52.20129,4.22381,0,7,False
1,Center_Dir_Close,542,25.05999,0.3860538,1.515151,0.435287,0.3787795,1.232977,0.4157284,-0.5033467,0.2822236,0.3167109,0.7527856,0.584112,1.121759,0.3749454,0.07679972,-0.5948125,-0.01202661,-0.8000971,MathCanvas,1.683697,1.158345,1.285354,0.389766,1.51522,0.4360716,0.8165206,-0.2114525,0.5371983,0.4065311,1.517655,0.4091698,0.8031543,-0.2050508,0.5593722,0.3655765,1.512648,0.4614042,0.83351,-0.2002451,0.5149397,0.3860538,1.515151,0.435287,4.689641,52.25622,4.32837,0,7,False
1,Center_Dir_Close,543,25.07999,0.3791657,1.515494,0.4337919,0.375412,1.233566,0.4154269,-0.5068771,0.279892,0.3171619,0.7510955,0.5798553,1.122309,0.3745034,0.07827104,-0.5929751,-0.01306051,-0.8013012,MathCanvas,1.687135,1.178213,1.291283,0.3825793,1.515254,0.434535,0.8221255,-0.1870322,0.5377069,0.3996888,1.518044,0.4077153,0.8064553,-0.1856287,0.5614016,0.3586426,1.512943,0.4598686,0.8367217,-0.1807829,0.5169278,0.3791657,1.515494,0.4337919,4.223677,52.12143,4.407026,0,7,False
1,Center_Dir_Close,544,25.09999,0.3757552,1.515728,0.4330499,0.3738555,1.233969,0.4152711,-0.5088165,0.2783333,0.317322,0.7502953,0.5778787,1.122804,0.3743151,0.07945166,-0.591754,-0.01339564,-0.8020819,MathCanvas,1.698527,1.215341,1.296713,0.3791657,1.515494,0.4337919,0.8218917,-0.1832063,0.5393788,0.396311,1.518297,0.4070008,0.8061807,-0.1818274,0.5630377,0.3551993,1.513159,0.459099,0.8365012,-0.1769663,0.5186026,0.3757552,1.515728,0.4330499,4.003407,52.03275,4.437496,0,7,False
1,Center_Dir_Close,545,25.11999,0.3662322,1.514149,0.4321041,0.364614,1.231015,0.4143201,-0.5012656,0.2941527,0.3224817,0.7471362,0.5716058,1.120057,0.3727218,0.07565374,-0.6012154,-0.01869944,-0.7952779,MathCanvas,1.695928,1.221451,1.299433,0.3705601,1.514518,0.4326078,0.825883,-0.1768925,0.5353749,0.3865317,1.516646,0.4058478,0.8123967,-0.1763114,0.555811,0.3459328,1.511652,0.4583604,0.8422499,-0.171603,0.5110455,0.3662322,1.514149,0.4321041,3.668895,52.56786,4.311265,0,7,False
1,Center_Dir_Close,546,25.13999,0.3617724,1.513712,0.4316002,0.3606002,1.230533,0.4140714,-0.5011734,0.2969411,0.3246412,0.7451573,0.5686518,1.119938,0.3720874,0.07724288,-0.6037832,-0.0196864,-0.793153,MathCanvas,1.699101,1.228668,1.29613,0.3662322,1.514149,0.4321041,0.827453,-0.173824,0.5339539,0.381998,1.516155,0.405282,0.8139247,-0.1735174,0.5544531,0.3415469,1.511268,0.4579185,0.8436691,-0.1688897,0.5096067,0.3617724,1.513712,0.4316002,3.508447,52.71634,4.217677,0,7,False
1,Center_Dir_Close,547,25.15999,0.3523532,1.512668,0.4307033,0.3527699,1.229753,0.413766,-0.501267,0.3009821,0.3286063,0.7417271,0.5623264,1.119815,0.3709835,0.0802792,-0.6091736,-0.02073839,-0.7886905,MathCanvas,1.697694,1.233073,1.293668,0.357385,1.513321,0.4310608,0.8302544,-0.1680564,0.5314459,0.3724166,1.515057,0.4042563,0.8176332,-0.1691705,0.5503247,0.3322897,1.510279,0.4571503,0.8471001,-0.1646466,0.5052851,0.3523532,1.512668,0.4307033,3.250352,53.04918,4.123618,0,7,False
1,Center_Dir_Close,548,25.17999,0.3470138,1.511874,0.4304051,0.3468696,1.229126,0.414112,-0.500901,0.3022533,0.3313246,0.7402467,0.557415,1.120068,0.3704101,0.08250893,-0.6135991,-0.01913277,-0.7850621,MathCanvas,1.698747,1.240137,1.29253,0.3523532,1.512668,0.4307033,0.8326735,-0.166909,0.5280117,0.3669558,1.514223,0.4038628,0.8200756,-0.1690769,0.5467076,0.3270718,1.509525,0.4569473,0.8493359,-0.1646186,0.501527,0.3470138,1.511874,0.4304051,3.241253,53.31095,4.054017,0,7,False
1,Center_Dir_Close,549,25.19999,0.3417094,1.511093,0.4300887,0.3411843,1.228464,0.414507,-0.5013864,0.3027462,0.3325682,0.7391582,0.5525423,1.120482,0.3699681,0.08496765,-0.6158105,-0.01833284,-0.7830849,MathCanvas,1.696966,1.241277,1.286432,0.3470138,1.511874,0.4304051,0.8344201,-0.1727587,0.5233523,0.361557,1.513389,0.4034711,0.8213214,-0.1747979,0.5430256,0.3218618,1.508798,0.4567064,0.8504237,-0.1704055,0.4977363,0.3417094,1.511093,0.4300887,3.224638,53.51297,3.960698,0,7,False
1,Center_Dir_Close,550,25.21999,0.3308332,1.509459,0.4295979,0.3318055,1.227456,0.4147761,-0.5024258,0.3046391,0.3353676,0.7364048,0.5443975,1.120883,0.3691238,0.08884374,-0.6195392,-0.01841271,-0.7797045,MathCanvas,1.694319,1.231048,1.278452,0.3362215,1.510274,0.4298513,0.8312058,-0.1859277,0.523954,0.3504902,1.511649,0.4028304,0.8180224,-0.1870784,0.5439128,0.3111762,1.507269,0.4563654,0.8472794,-0.1829101,0.4986597,0.3308332,1.509459,0.4295979,3.163906,53.91674,3.778957,0,7,False
1,Center_Dir_Close,551,25.23999,0.324745,1.508708,0.4296112,0.3248935,1.226612,0.4154177,-0.5043597,0.3044874,0.3356937,0.7349955,0.5381518,1.121463,0.3688846,0.0926795,-0.6203383,-0.01930103,-0.7786003,MathCanvas,1.679231,1.207843,1.279566,0.3308332,1.509459,0.4295979,0.8329601,-0.1849946,0.5214926,0.3442958,1.510805,0.4027586,0.8196312,-0.1897176,0.5405664,0.3051942,1.506611,0.4564638,0.8487105,-0.1856916,0.495186,0.324745,1.508708,0.4296112,3.311176,54.15173,3.618925,0,7,False
1,Center_Dir_Close,552,25.25999,0.3127335,1.507656,0.4300168,0.3106146,1.225138,0.4172372,-0.5053082,0.3049207,0.3353316,0.7343295,0.5247003,1.122026,0.3687378,0.09738699,-0.6211511,-0.02114201,-0.7773288,MathCanvas,1.674669,1.208899,1.27476,0.3186873,1.508201,0.429787,0.8323541,-0.1917689,0.5200109,0.332146,1.509662,0.4030569,0.8187129,-0.193008,0.540793,0.2933211,1.505651,0.4569766,0.8478194,-0.1891781,0.4953925,0.3127335,1.507656,0.4300168,3.298212,54.44347,3.459737,0,7,False
1,Center_Dir_Close,553,25.27999,0.3067637,1.507038,0.4301422,0.3051019,1.224559,0.4176472,-0.5057987,0.3056355,0.336078,0.7333528,0.5196947,1.122222,0.3684365,0.09946303,-0.6224484,-0.02154046,-0.7760162,MathCanvas,1.664429,1.196235,1.274485,0.3127335,1.507656,0.4300168,0.833577,-0.1910934,0.5182979,0.3260953,1.508992,0.4031206,0.8202206,-0.1928671,0.5385542,0.2874322,1.505083,0.4571638,0.8491911,-0.1891193,0.4930601,0.3067637,1.507038,0.4301422,3.286787,54.61321,3.372765,0,7,False
1,Center_Dir_Close,554,25.29999,0.2949198,1.506566,0.4316009,0.2898037,1.222682,0.4201024,-0.5051088,0.3077021,0.330114,0.7356693,0.5058723,1.120709,0.3682419,0.1020572,-0.6241603,-0.01823378,-0.7743873,MathCanvas,1.658106,1.197249,1.270374,0.3007982,1.506584,0.4308116,0.8254722,-0.1915432,0.5309491,0.314261,1.508445,0.4045808,0.8099019,-0.1923672,0.5541242,0.2755786,1.504686,0.4586209,0.8397161,-0.1889276,0.5091004,0.2949198,1.506566,0.4316009,3.113642,54.58083,3.241972,0,7,False
1,Center_Dir_Close,555,25.31999,0.2889554,1.505972,0.4323556,0.2816043,1.221594,0.4214162,-0.5052896,0.3102514,0.3269626,0.7358817,0.4995244,1.119432,0.3682393,0.1016613,-0.626307,-0.01776829,-0.7727152,MathCanvas,1.635662,1.195459,1.293975,0.2949198,1.506566,0.4316009,0.8251175,-0.1906477,0.531822,0.3083326,1.507805,0.4053582,0.8090724,-0.1921028,0.5554264,0.2695781,1.50414,0.459353,0.8389468,-0.1887401,0.5104364,0.2889554,1.505972,0.4323556,3.096744,54.50226,3.160888,0,7,False
1,Center_Dir_Close,556,25.33999,0.2828615,1.50534,0.4332186,0.2737002,1.220627,0.4226781,-0.5056085,0.3122225,0.3242051,0.7360491,0.4933554,1.118085,0.3682198,0.1006386,-0.6288458,-0.01676402,-0.7708073,MathCanvas,1.625986,1.197044,1.294127,0.2889554,1.505972,0.4323556,0.8228109,-0.1892073,0.5358943,0.3022598,1.507116,0.4062326,0.8068328,-0.1914754,0.55889,0.2634632,1.503565,0.4602047,0.8368813,-0.1882381,0.5140001,0.2828615,1.50534,0.4332186,3.130556,54.45776,3.062284,0,7,False
1,Center_Dir_Close,557,25.35999,0.270743,1.504292,0.4348709,0.2595137,1.218956,0.4246579,-0.5061198,0.3152076,0.3207791,0.7359264,0.4814315,1.116372,0.3679937,0.1010309,-0.6326977,-0.01544052,-0.7676249,MathCanvas,1.616269,1.19872,1.301663,0.2767887,1.504836,0.4340223,0.8162954,-0.190041,0.545478,0.2901492,1.505962,0.4078837,0.8002335,-0.1918995,0.5681557,0.2513368,1.502623,0.4618581,0.8307741,-0.1889429,0.5235599,0.270743,1.504292,0.4348709,3.136045,54.4382,2.879205,0,7,False
1,Center_Dir_Close,558,25.37999,0.2651066,1.504287,0.436343,0.2504319,1.218341,0.4262974,-0.503928,0.3182002,0.3139351,0.7390873,0.4742779,1.112613,0.3686406,0.0943616,-0.6368176,-0.01045847,-0.7651469,MathCanvas,1.596515,1.195641,1.3208,0.270743,1.504292,0.4348709,0.8158094,-0.1904214,0.5460721,0.2846386,1.505834,0.4094395,0.7963278,-0.1986305,0.5713212,0.2455745,1.502741,0.4632466,0.8270781,-0.1958652,0.5268571,0.2651066,1.504287,0.436343,3.528638,54.1846,2.66806,0,7,False
1,Center_Dir_Close,559,25.39999,0.2536125,1.503096,0.4387614,0.2350811,1.217371,0.4283745,-0.5018106,0.3184504,0.3071693,0.7432513,0.4606469,1.108551,0.3695508,0.08885265,-0.639355,-0.004733772,-0.7637461,MathCanvas,1.586367,1.195887,1.320745,0.2593923,1.503727,0.4375742,0.8100416,-0.198694,0.5516824,0.2732918,1.504537,0.4119595,0.792246,-0.2031412,0.5753955,0.2339331,1.501654,0.4655632,0.8232409,-0.2005402,0.5310916,0.2536125,1.503096,0.4387614,3.947916,53.88333,2.488727,0,7,False
1,Center_Dir_Close,560,25.41999,0.2477712,1.502583,0.4399813,0.227601,1.216699,0.4294239,-0.5012948,0.3194807,0.3043754,0.7443059,0.4542102,1.107022,0.3697099,0.0874329,-0.6411065,-0.002856463,-0.7624499,MathCanvas,1.566367,1.181092,1.332819,0.2536125,1.503096,0.4387614,0.8080479,-0.2018408,0.5534608,0.2675004,1.503965,0.413213,0.7906355,-0.2056204,0.5767285,0.2280419,1.5012,0.4667495,0.8217133,-0.2031126,0.5324775,0.2477712,1.502583,0.4399813,4.092822,53.77877,2.386952,0,7,False
1,Center_Dir_Close,561,25.43999,0.2362981,1.500781,0.4421624,0.2129546,1.21576,0.4311986,-0.4999666,0.3153802,0.2979793,0.7495179,0.4395663,1.103023,0.3708344,0.08143888,-0.6408661,0.003061861,-0.7633145,MathCanvas,1.553395,1.176453,1.33425,0.2420459,1.501498,0.4409951,0.8079005,-0.2069637,0.5517814,0.2562154,1.502116,0.4155313,0.7901616,-0.2108482,0.575489,0.2163808,1.499446,0.4687935,0.8212132,-0.2083244,0.5312343,0.2362981,1.500781,0.4421624,4.416872,53.38503,2.305858,0,7,False
1,Center_Dir_Close,562,25.45999,0.2309516,1.500647,0.4430249,0.2068966,1.214866,0.4319105,-0.4978636,0.3112111,0.2941551,0.7541566,0.4316775,1.101201,0.3714455,0.07968739,-0.6380519,0.00451994,-0.7658455,MathCanvas,1.543315,1.165956,1.334831,0.2362981,1.500781,0.4421624,0.8059919,-0.2095864,0.5535798,0.2509898,1.501918,0.4164815,0.7869632,-0.2132746,0.5789671,0.2109135,1.499376,0.4695683,0.8182166,-0.210851,0.534849,0.2309516,1.500647,0.4430249,4.558102,53.12466,2.195526,0,7,False
1,Center_Dir_Close,563,25.47999,0.2197975,1.499573,0.4450167,0.1929809,1.213395,0.4337769,-0.4959241,0.3097223,0.2874557,0.7586176,0.417706,1.097816,0.3721757,0.07600668,-0.6381617,0.008123189,-0.7660984,MathCanvas,1.530858,1.162625,1.33584,0.2253793,1.500112,0.4439951,0.8010148,-0.2138514,0.5591448,0.2400012,1.500737,0.4185942,0.7826784,-0.2175776,0.5831591,0.1995937,1.498409,0.4714392,0.8141812,-0.215313,0.5392118,0.2197975,1.499573,0.4450167,4.858369,52.76738,2.011837,0,7,False
1,Center_Dir_Close,564,25.49999,0.2143188,1.499033,0.4459549,0.1863585,1.212575,0.4346989,-0.4947444,0.3089342,0.2837546,0.7610985,0.4106614,1.096127,0.372584,0.07415655,-0.6370565,0.008865744,-0.7671905,MathCanvas,1.513743,1.154121,1.348249,0.2197975,1.499573,0.4450167,0.7987328,-0.2164455,0.5614066,0.2346009,1.500146,0.4195903,0.7803262,-0.2203657,0.5852606,0.1940368,1.497921,0.4723196,0.8119604,-0.2181804,0.5414034,0.2143188,1.499033,0.4459549,5.021265,52.59772,1.922938,0,7,False
1,Center_Dir_Close,565,25.51999,0.2098817,1.499498,0.4461247,0.1834458,1.211412,0.4357085,-0.4938267,0.3067826,0.283091,0.76281,0.4055898,1.094827,0.3721954,0.07130128,-0.6356216,0.005413234,-0.768682,MathCanvas,1.500594,1.150471,1.350041,0.2143188,1.499033,0.4459549,0.8045908,-0.214305,0.5538113,0.2301951,1.500647,0.4197858,0.7878922,-0.2174065,0.57616,0.1895683,1.498349,0.4724637,0.819006,-0.2150168,0.5319747,0.2098817,1.499498,0.4461247,5.136477,52.53738,1.986178,0,7,False
1,Center_Dir_Close,566,25.53999,0.2002441,1.500168,0.447308,0.1724218,1.210357,0.4369831,-0.4915737,0.305385,0.2800975,0.7659248,0.3941873,1.092102,0.3719822,0.06635825,-0.6374156,0.00623405,-0.7676321,MathCanvas,1.505259,1.154471,1.337752,0.2050389,1.499944,0.4467824,0.813355,-0.2088036,0.5430053,0.220664,1.50139,0.4210548,0.7966545,-0.2103626,0.5666473,0.1798242,1.498946,0.4735613,0.8271896,-0.2076839,0.5221347,0.2002441,1.500168,0.447308,5.156418,52.31398,2.111884,0,7,False
1,Center_Dir_Close,567,25.55999,0.195409,1.500449,0.4478958,0.1663806,1.209679,0.4378074,-0.4905512,0.3045363,0.2777893,0.7677566,0.3879415,1.090587,0.3720703,0.06415698,-0.6376938,0.006943017,-0.7675821,MathCanvas,1.513297,1.163082,1.323918,0.2002441,1.500168,0.447308,0.8122277,-0.2090235,0.5446056,0.2158899,1.501675,0.4216903,0.7951599,-0.2116138,0.5682784,0.1749281,1.499224,0.4741012,0.8257991,-0.2089246,0.5238381,0.195409,1.500449,0.4478958,5.230089,52.18379,2.118836,0,7,False
1,Center_Dir_Close,568,25.57999,0.1861352,1.501003,0.4479538,0.1596093,1.21168,0.4357807,-0.4851513,0.3088662,0.2809207,0.7683185,0.3800264,1.090601,0.3709172,0.05920315,-0.6398952,0.01003051,-0.7661126,MathCanvas,1.503101,1.16392,1.324715,0.1906661,1.500258,0.447874,0.8182402,-0.2020193,0.5382111,0.2065189,1.502232,0.4216729,0.8034326,-0.2074949,0.5580698,0.1657515,1.499774,0.4742348,0.8334611,-0.2047066,0.5132619,0.1861352,1.501003,0.4479538,5.49694,52.40627,2.125532,0,7,False
1,Center_Dir_Close,569,25.59999,0.1817085,1.501585,0.4480499,0.1556274,1.212792,0.4351112,-0.4846716,0.3092071,0.2832359,0.767634,0.3755081,1.090742,0.3704426,0.05738673,-0.6404198,0.01133779,-0.7657942,MathCanvas,1.507926,1.17466,1.317384,0.1861352,1.501003,0.4479538,0.8187542,-0.2061009,0.5358768,0.2020708,1.50282,0.4217526,0.8035361,-0.2099852,0.5569884,0.1613461,1.500351,0.4743471,0.8335295,-0.207178,0.5121582,0.1817085,1.501585,0.4480499,5.643531,52.45903,2.136098,0,7,False
1,Center_Dir_Close,570,25.61999,0.1730474,1.50249,0.4479572,0.1477045,1.215457,0.4336445,-0.4855414,0.3088013,0.2889112,0.7651286,0.3665396,1.092034,0.3692212,0.05509329,-0.6416206,0.01295349,-0.7649314,MathCanvas,1.500565,1.169596,1.311245,0.1771791,1.5021,0.4481563,0.8231587,-0.2083917,0.5281883,0.1933189,1.503712,0.4215893,0.8096492,-0.2117057,0.5474018,0.1527759,1.501268,0.4743252,0.8391184,-0.208822,0.5022686,0.1730474,1.50249,0.4479572,5.873095,52.66371,2.115417,0,7,False
1,Center_Dir_Close,571,25.63999,0.1689866,1.503004,0.4476675,0.1443971,1.217434,0.4323748,-0.4874313,0.3081537,0.2936367,0.7623841,0.3629722,1.094723,0.3681775,0.05649504,-0.6415219,0.01304886,-0.7649103,MathCanvas,1.50191,1.166074,1.300636,0.1730474,1.50249,0.4479572,0.8258367,-0.2101741,0.5232788,0.1891849,1.504221,0.4212433,0.8123369,-0.2116138,0.5434413,0.1487882,1.501787,0.4740917,0.8415822,-0.2087145,0.4981744,0.1689866,1.503004,0.4476675,5.871809,52.82176,2.10714,0,7,False
1,Center_Dir_Close,572,25.65999,0.1648908,1.503564,0.4472961,0.1408956,1.218867,0.4313841,-0.4884401,0.3081445,0.2970144,0.7604313,0.3590199,1.09656,0.3675002,0.05713261,-0.6405842,0.01306561,-0.7656482,MathCanvas,1.499695,1.164341,1.29085,0.1689866,1.503004,0.4476675,0.82727,-0.2101644,0.5210136,0.1850339,1.504808,0.4208309,0.8136171,-0.2111966,0.5416855,0.1447478,1.502321,0.4737613,0.8427668,-0.2082564,0.4963599,0.1648908,1.503564,0.4472961,5.849987,52.94419,2.152534,0,7,False
1,Center_Dir_Close,573,25.67999,0.1568021,1.504602,0.4464693,0.1332227,1.220925,0.4300281,-0.4891417,0.3083684,0.3017342,0.7580276,0.350861,1.099426,0.3663915,0.05736271,-0.6385258,0.01257518,-0.7673567,MathCanvas,1.49843,1.164784,1.287157,0.1608634,1.504054,0.4468526,0.8287943,-0.2086593,0.5191931,0.176845,1.505898,0.4199307,0.8148094,-0.210639,0.540108,0.1367593,1.503306,0.473008,0.84388,-0.2076384,0.4947249,0.1568021,1.504602,0.4464693,5.857024,53.16784,2.243489,0,7,False
1,Center_Dir_Close,574,25.69999,0.1528147,1.505164,0.4460158,0.1295391,1.221923,0.4293242,-0.4895122,0.3086105,0.3040527,0.7567625,0.3464467,1.100303,0.3658576,0.05685186,-0.6382569,0.01290235,-0.7676129,MathCanvas,1.496509,1.167314,1.28572,0.1568021,1.504602,0.4464693,0.8296562,-0.2091389,0.5176212,0.1728117,1.506482,0.4194436,0.815783,-0.210796,0.5385751,0.1328178,1.503847,0.472588,0.8447748,-0.2077598,0.4931444,0.1528147,1.505164,0.4460158,5.868381,53.26994,2.280784,0,7,False
1,Center_Dir_Close,575,25.71999,0.1460741,1.505414,0.4442726,0.1267955,1.221822,0.4276938,-0.491913,0.3076572,0.3082522,0.7538894,0.3430265,1.106728,0.364624,0.06352643,-0.6307485,-0.003680349,-0.773374,MathCanvas,1.491582,1.167689,1.28127,0.149484,1.505277,0.4449876,0.832413,-0.1960884,0.518303,0.1659425,1.507042,0.4176213,0.8191843,-0.1943232,0.5396069,0.1262057,1.503787,0.470924,0.8481498,-0.1908999,0.494165,0.1460741,1.505414,0.4442726,5.361566,53.55897,2.814755,0,7,False
1,Center_Dir_Close,576,25.73999,0.1426607,1.505605,0.4435141,0.1246051,1.221807,0.4267728,-0.4922923,0.3066699,0.3100586,0.7533031,0.3412179,1.108459,0.3637296,0.06573681,-0.6303688,-0.006557137,-0.7734797,MathCanvas,1.494425,1.187789,1.283825,0.1460741,1.505414,0.4442726,0.8339778,-0.192612,0.5170896,0.1624866,1.507336,0.4168378,0.8206282,-0.1919476,0.5382615,0.1228348,1.503873,0.4701905,0.8495188,-0.188364,0.4927847,0.1426607,1.505605,0.4435141,5.232289,53.65364,2.995167,0,7,False
1,Center_Dir_Close,577,25.75999,0.1363288,1.506148,0.4418663,0.1201962,1.221882,0.4247873,-0.4924962,0.3056449,0.3130169,0.7523624,0.3365712,1.111236,0.3621541,0.06854672,-0.6297399,-0.009550304,-0.7737169,MathCanvas,1.491445,1.194095,1.279798,0.1392643,1.505845,0.4427418,0.8353654,-0.1882724,0.5164477,0.1560916,1.508109,0.415159,0.821511,-0.1882618,0.5382165,0.116566,1.504187,0.4685736,0.8504128,-0.184347,0.4927617,0.1363288,1.506148,0.4418663,5.032393,53.79721,3.390995,0,7,False
1,Center_Dir_Close,578,25.77999,0.1337537,1.506482,0.4408499,0.1191274,1.221502,0.4234351,-0.492298,0.3052213,0.3133302,0.7525337,0.3364915,1.11144,0.3613502,0.06944281,-0.6310072,-0.007986069,-0.7726214,MathCanvas,1.490458,1.200958,1.279029,0.1363288,1.506148,0.4418663,0.8362725,-0.1863047,0.5156927,0.1535443,1.508623,0.414177,0.8216178,-0.1863306,0.5387254,0.1139632,1.50434,0.4675228,0.8505641,-0.1821302,0.4933247,0.1337537,1.506482,0.4408499,4.935822,53.74467,3.703043,0,7,False
1,Center_Dir_Close,579,25.79999,0.1312144,1.506856,0.4398893,0.1173304,1.221548,0.4223079,-0.4926044,0.304585,0.3146723,0.7520307,0.3348439,1.112214,0.3607565,0.07013878,-0.6306772,-0.008733183,-0.7728199,MathCanvas,1.486507,1.205115,1.275034,0.1337537,1.506482,0.4408499,0.8287158,-0.1878102,0.5272167,0.1510324,1.509151,0.4132496,0.8136983,-0.1874469,0.5502352,0.1113964,1.504561,0.466529,0.8433295,-0.1831294,0.5052316,0.1312144,1.506856,0.4398893,4.805934,53.68641,3.967874,0,7,False
1,Center_Dir_Close,580,25.81999,0.1265271,1.507509,0.4378225,0.1146615,1.2219,0.4193944,-0.4930789,0.3029033,0.3171298,0.7513664,0.3325274,1.112814,0.3601461,0.07178081,-0.6286663,-0.009541632,-0.7742966,MathCanvas,1.469491,1.203565,1.291281,0.128626,1.5072,0.4389025,0.8291557,-0.1830524,0.5281976,0.1464383,1.510052,0.4112749,0.8128511,-0.1827155,0.5530714,0.1066159,1.504966,0.4643701,0.8426364,-0.1780105,0.5082088,0.1265271,1.507509,0.4378225,4.546729,53.47844,4.395235,0,7,False
1,Center_Dir_Close,581,25.83999,0.1244552,1.507731,0.4366116,0.1135906,1.222271,0.4177254,-0.493248,0.3021588,0.3173325,0.7514697,0.3313458,1.113091,0.35987,0.07290342,-0.6276567,-0.00941968,-0.7750119,MathCanvas,1.467888,1.211377,1.292311,0.1265271,1.507509,0.4378225,0.8222835,-0.1824633,0.5390335,0.1444414,1.510372,0.41013,0.8056627,-0.1830325,0.5633887,0.104469,1.50509,0.4630932,0.8360422,-0.1782661,0.5188975,0.1244552,1.507731,0.4366116,4.45055,53.31239,4.564703,0,7,False
1,Center_Dir_Close,582,25.85999,0.1209982,1.508542,0.4339281,0.1117217,1.223116,0.4145063,-0.495216,0.2993504,0.3164171,0.7516853,0.3291748,1.113393,0.3594185,0.07430572,-0.6252168,-0.006967038,-0.7768745,MathCanvas,1.450593,1.213464,1.305938,0.1226833,1.508166,0.4352826,0.8135899,-0.1829422,0.5519092,0.1412079,1.51136,0.4076351,0.7955903,-0.1846341,0.577015,0.1007886,1.505724,0.4602211,0.8267705,-0.1796679,0.5330759,0.1209982,1.508542,0.4339281,4.374694,52.82545,4.871333,0,7,False
1,Center_Dir_Close,583,25.87999,0.1194365,1.508897,0.4325269,0.1104479,1.223473,0.4130799,-0.4962392,0.298024,0.3165803,0.7514688,0.3280078,1.113626,0.3591693,0.07504306,-0.6238032,-0.00570786,-0.7779496,MathCanvas,1.433267,1.213468,1.324122,0.1209982,1.508542,0.4339281,0.8113959,-0.1829812,0.5551168,0.1397481,1.511801,0.406322,0.7935522,-0.1843693,0.579899,0.09912486,1.505993,0.4587319,0.8249026,-0.1792638,0.5360972,0.1194365,1.508897,0.4325269,4.314018,52.59906,5.020039,0,7,False
1,Center_Dir_Close,584,25.89999,0.1170605,1.509732,0.4294667,0.1084608,1.224295,0.4101592,-0.5001783,0.2944014,0.3158456,0.7505938,0.3259986,1.113969,0.3587803,0.07713807,-0.6203879,-0.003038794,-0.7804866,MathCanvas,1.424942,1.214487,1.325689,0.1183896,1.509309,0.4309322,0.8060177,-0.1811409,0.5634921,0.1376425,1.512699,0.4034807,0.7878014,-0.1826067,0.5882379,0.09647852,1.506765,0.4554527,0.819603,-0.1774021,0.5447746,0.1170605,1.509732,0.4294667,4.21363,51.9972,5.129044,0,7,False
1,Center_Dir_Close,585,25.91999,0.1167644,1.51023,0.4277425,0.10809,1.224521,0.4083595,-0.50222,0.2943972,0.3121755,0.7507676,0.3256138,1.113809,0.3585974,0.07828405,-0.6183338,-0.002041012,-0.7820044,MathCanvas,1.414901,1.218061,1.336795,0.1170605,1.509732,0.4294667,0.802881,-0.1789311,0.5686526,0.1375681,1.513107,0.4019235,0.781643,-0.1784817,0.5976442,0.09596077,1.507352,0.4535616,0.8138967,-0.1735548,0.5544826,0.1167644,1.51023,0.4277425,4.036467,51.49079,4.971686,0,7,False
1,Center_Dir_Close,586,25.93999,0.1154391,1.510471,0.4241232,0.1064464,1.22477,0.4049708,-0.5031603,0.2947545,0.3077827,0.7518107,0.323983,1.113766,0.3579105,0.07876852,-0.6151773,0.001378953,-0.7844428,MathCanvas,1.406805,1.22273,1.341433,0.116079,1.510346,0.4259505,0.8040918,-0.1821277,0.5659204,0.1365733,1.513306,0.3985692,0.7843098,-0.183649,0.5925633,0.09430501,1.507636,0.4496772,0.8163331,-0.1785027,0.5493059,0.1154391,1.510471,0.4241232,3.91359,50.74308,4.897953,0,7,False
1,Center_Dir_Close,587,25.95999,0.1148305,1.510658,0.4223179,0.1055602,1.224985,0.4036319,-0.5039588,0.2942277,0.306904,0.7518415,0.3229507,1.11395,0.3576044,0.07947815,-0.6137444,0.002345264,-0.7854906,MathCanvas,1.407259,1.217872,1.333307,0.1154391,1.510471,0.4241232,0.8006163,-0.1810765,0.571161,0.1361203,1.513496,0.3968937,0.780767,-0.1827145,0.5975102,0.09354074,1.507821,0.447742,0.8130536,-0.1775668,0.5544491,0.1148305,1.510658,0.4223179,3.859239,50.3885,4.902018,0,7,False
1,Center_Dir_Close,588,25.97999,0.1144929,1.510304,0.4198937,0.1048963,1.22467,0.4013164,-0.5041337,0.2959351,0.3028166,0.7527109,0.3224178,1.113427,0.3570373,0.07870695,-0.6120402,0.005484432,-0.7868812,MathCanvas,1.398703,1.220283,1.338235,0.1148305,1.510658,0.4223179,0.7972038,-0.1801412,0.5762076,0.1359373,1.512992,0.3945836,0.7763531,-0.1873244,0.6018186,0.09304845,1.507615,0.4452038,0.8089041,-0.1824048,0.55893,0.1144929,1.510304,0.4198937,4.11852,50.06088,4.64592,0,7,False
1,Center_Dir_Close,589,25.99999,0.1147709,1.510867,0.4149566,0.103541,1.223832,0.3964776,-0.5043598,0.300456,0.2976327,0.7528361,0.3205671,1.112876,0.3552579,0.07907645,-0.6084068,0.006017,-0.789653,MathCanvas,1.392514,1.221514,1.343629,0.1146879,1.51065,0.4173139,0.7913201,-0.2007334,0.5775108,0.1363259,1.513437,0.3897282,0.7729825,-0.2024996,0.6012421,0.09321589,1.508296,0.4401849,0.8056461,-0.1977081,0.5584316,0.1147709,1.510867,0.4149566,4.249826,49.81939,4.441773,0,7,False
1,Center_Dir_Close,590,26.01999,0.1148411,1.510991,0.4125578,0.1027949,1.223736,0.3943874,-0.5045205,0.3012769,0.2955579,0.7532176,0.3195556,1.112794,0.3545874,0.07942642,-0.6064863,0.006880105,-0.791087,MathCanvas,1.379698,1.189994,1.338109,0.1147709,1.510867,0.4149566,0.8017465,-0.1999847,0.5632129,0.13648,1.513539,0.3873992,0.7836148,-0.2021444,0.5874399,0.09320221,1.508442,0.4377165,0.8154895,-0.1971668,0.5441526,0.1148411,1.510991,0.4125578,4.227141,49.62646,4.403501,0,7,False
1,Center_Dir_Close,591,26.03999,0.1151973,1.51061,0.4076606,0.1023225,1.222913,0.388808,-0.502929,0.302195,0.2895878,0.7562271,0.3172687,1.112087,0.3515713,0.08030099,-0.6011988,0.009863853,-0.7949934,MathCanvas,1.394609,1.19177,1.311572,0.1148835,1.511103,0.4101937,0.7977807,-0.1993191,0.56905,0.1369438,1.513199,0.3825991,0.7815002,-0.199332,0.5912057,0.09345082,1.50802,0.4327221,0.8135584,-0.1942995,0.5480607,0.1151973,1.51061,0.4076606,4.066645,49.36893,4.473601,0,7,False
1,Center_Dir_Close,592,26.05999,0.1154313,1.510508,0.405198,0.1022631,1.222364,0.3858545,-0.5029419,0.3010989,0.2879685,0.7572735,0.3162974,1.111392,0.3495873,0.08004428,-0.5994379,0.01164967,-0.7963237,MathCanvas,1.389093,1.192337,1.316319,0.1151973,1.51061,0.4076606,0.7978235,-0.1968164,0.5698605,0.1372477,1.513093,0.3801969,0.7796767,-0.2008264,0.5931045,0.09361499,1.507923,0.4301992,0.811856,-0.1957945,0.5500494,0.1154313,1.510508,0.405198,4.153782,49.21582,4.466832,0,7,False
1,Center_Dir_Close,593,26.07999,0.1160876,1.510902,0.4003793,0.1018186,1.221638,0.3805625,-0.5028217,0.3002858,0.2850178,0.7587909,0.3144747,1.110229,0.3464239,0.07971383,-0.5965344,0.01489297,-0.7984803,MathCanvas,1.388171,1.196534,1.314277,0.1157372,1.510733,0.4028076,0.7963545,-0.2047147,0.5691321,0.1380533,1.513471,0.3755076,0.7780492,-0.208653,0.5925397,0.09412196,1.508332,0.425251,0.8102793,-0.2035614,0.5495547,0.1160876,1.510902,0.4003793,4.38461,48.89059,4.440958,0,7,False
1,Center_Dir_Close,594,26.09999,0.1165351,1.511413,0.3980286,0.1016411,1.221311,0.3779315,-0.502546,0.2998877,0.2834691,0.7597106,0.3136104,1.109603,0.3448401,0.07950643,-0.5952698,0.0166225,-0.79941,MathCanvas,1.385666,1.184538,1.307711,0.1160876,1.510902,0.4003793,0.7945065,-0.205689,0.5713594,0.1385789,1.513988,0.3732267,0.7760174,-0.2102697,0.5946291,0.09449136,1.508837,0.4228305,0.8083829,-0.2051624,0.5517476,0.1165351,1.511413,0.3980286,4.504972,48.71995,4.452092,0,7,False
1,Center_Dir_Close,595,26.11999,0.1179662,1.514335,0.3967367,0.1032554,1.22147,0.3743744,-0.4971718,0.3008707,0.2807907,0.7638413,0.3143366,1.106246,0.3415682,0.07231868,-0.5973685,0.02165534,-0.7984059,MathCanvas,1.381556,1.183913,1.307752,0.1165351,1.511413,0.3980286,0.792493,-0.2077168,0.5734183,0.140199,1.517208,0.372137,0.7722648,-0.2100564,0.5995693,0.0957335,1.511462,0.4213365,0.8049536,-0.2044673,0.5569944,0.1179662,1.514335,0.3967367,4.527058,48.28642,4.967558,0,7,False
1,Center_Dir_Close,596,26.13999,0.1188868,1.514456,0.392582,0.1038116,1.222134,0.3686496,-0.4932388,0.302107,0.2757648,0.7677243,0.313749,1.103478,0.3385338,0.0632504,-0.5940591,0.02532041,-0.8015311,MathCanvas,1.378813,1.183861,1.309038,0.1184672,1.514421,0.3946255,0.792116,-0.2046513,0.5750392,0.1413376,1.517473,0.3681984,0.7733083,-0.2070369,0.5992745,0.09643611,1.51144,0.4169657,0.8059539,-0.201127,0.5567642,0.1188868,1.514456,0.392582,4.426719,47.76699,5.215237,0,7,False
1,Center_Dir_Close,597,26.15999,0.1186938,1.512354,0.3904105,0.1041166,1.223866,0.3654512,-0.4933797,0.3005096,0.2753997,0.7683914,0.3138049,1.102193,0.3371856,0.05510187,-0.5911554,0.02613805,-0.8042487,MathCanvas,1.380012,1.188632,1.3081,0.1188868,1.514456,0.392582,0.7899206,-0.2040829,0.5782523,0.1412103,1.515302,0.3660793,0.7717559,-0.204669,0.6020825,0.09617726,1.509405,0.4147416,0.804516,-0.1988801,0.5596435,0.1186938,1.512354,0.3904105,4.27852,47.59953,5.097417,0,7,False
1,Center_Dir_Close,598,26.17999,0.1181722,1.510274,0.386675,0.1035362,1.225785,0.3599533,-0.5016875,0.2910446,0.2793171,0.7652351,0.3136474,1.102106,0.3335694,0.05093825,-0.5874265,0.02685534,-0.8072263,MathCanvas,1.374996,1.187777,1.310072,0.1182676,1.510707,0.3884948,0.8018596,-0.1124946,0.5868273,0.14074,1.512715,0.3623351,0.7843804,-0.1151785,0.6094927,0.09560435,1.507833,0.4110149,0.8165651,-0.110569,0.566565,0.1181722,1.510274,0.386675,4.225932,47.47485,4.216767,0,7,False
1,Center_Dir_Close,599,26.19999,0.118323,1.51059,0.3849003,0.1028934,1.225399,0.357754,-0.5048798,0.2877091,0.2805841,0.7639322,0.3134393,1.102972,0.3316245,0.05703789,-0.5854295,0.02373061,-0.8083661,MathCanvas,1.417069,1.328049,1.33725,0.1181722,1.510274,0.386675,0.8007628,-0.1128741,0.5882503,0.1409663,1.512968,0.3606244,0.7823976,-0.1157049,0.6119365,0.09567967,1.508212,0.4091762,0.8147162,-0.1111937,0.5690988,0.118323,1.51059,0.3849003,4.247593,47.29764,4.108826,0,7,False
1,Center_Dir_Close,600,26.21999,0.1182649,1.509977,0.3812509,0.1023303,1.225432,0.3527485,-0.5076137,0.2840236,0.2806375,0.7634799,0.312802,1.102122,0.328217,0.05469087,-0.5818831,0.0245316,-0.8110605,MathCanvas,1.41452,1.327881,1.337103,0.1183136,1.510357,0.383079,0.7971425,-0.1135971,0.5930089,0.1410395,1.512202,0.3570835,0.7789035,-0.1157526,0.616369,0.09549028,1.507752,0.4054182,0.8114547,-0.1114897,0.5736823,0.1182649,1.509977,0.3812509,4.228756,46.98336,3.843538,0,7,False
1,Center_Dir_Close,601,26.23999,0.1174453,1.510693,0.3792878,0.09896934,1.220446,0.3529538,-0.503169,0.2963724,0.2821797,0.7611563,0.3130875,1.102851,0.3280098,0.06521666,-0.5779267,0.004414067,-0.8134667,MathCanvas,1.409023,1.326037,1.34147,0.1182649,1.509977,0.3812509,0.7954671,-0.1136214,0.5952497,0.1402427,1.513266,0.3551766,0.7785184,-0.1199064,0.6160613,0.09464785,1.508119,0.403399,0.8111087,-0.1150544,0.5734677,0.1174453,1.510693,0.3792878,4.51858,46.95547,4.448846,0,7,False
1,Center_Dir_Close,602,26.25999,0.1158228,1.510317,0.3757114,0.09734369,1.217442,0.3509646,-0.4952236,0.3069442,0.2792398,0.7632589,0.3143248,1.101736,0.3268199,0.0627693,-0.5797003,-0.003913016,-0.8123991,MathCanvas,1.405547,1.326705,1.343177,0.1166542,1.510356,0.3774388,0.791581,-0.1673811,0.587693,0.1385963,1.512754,0.3515634,0.7752658,-0.1720095,0.6077629,0.09304933,1.507881,0.3998594,0.8078681,-0.1670927,0.5651807,0.1158228,1.510317,0.3757114,4.777014,47.02942,4.212945,0,7,False
1,Center_Dir_Close,603,26.27999,0.115059,1.510254,0.3738545,0.09663728,1.216518,0.3491975,-0.4939896,0.3090814,0.2787457,0.7633767,0.3143891,1.101371,0.3256485,0.06276346,-0.5786051,-0.007244304,-0.8131571,MathCanvas,1.384998,1.241948,1.317984,0.1158228,1.510317,0.3757114,0.7918558,-0.1695517,0.5866998,0.1378437,1.512647,0.3497128,0.7747572,-0.1736412,0.6079472,0.09227432,1.50786,0.3979963,0.8073807,-0.1687855,0.5653741,0.115059,1.510254,0.3738545,4.865952,47.00811,4.138522,0,7,False
1,Center_Dir_Close,604,26.29999,0.114264,1.511164,0.3721231,0.09721237,1.2161,0.3490414,-0.4905631,0.3092939,0.2731573,0.7675091,0.3151977,1.101499,0.3249768,0.05993354,-0.5824888,-0.0041565,-0.8106155,MathCanvas,1.384135,1.23852,1.314136,0.115059,1.510254,0.3738545,0.7913576,-0.1712138,0.5868893,0.1369498,1.513523,0.3478851,0.7770101,-0.1754082,0.6045554,0.09157814,1.508806,0.3963612,0.8094604,-0.1705984,0.5618452,0.114264,1.511164,0.3721231,4.964129,47.24821,4.07943,0,7,False
1,Center_Dir_Close,605,26.31999,0.1121272,1.513902,0.3690116,0.09720869,1.220383,0.3480307,-0.4910496,0.297689,0.2689665,0.7732455,0.3144638,1.106069,0.3219323,0.06263599,-0.5904233,0.01067686,-0.8045889,MathCanvas,1.382883,1.236693,1.312961,0.1132883,1.512734,0.3705719,0.7943152,-0.194136,0.5756515,0.1346324,1.516309,0.3446105,0.7795594,-0.1968951,0.594575,0.08962195,1.511495,0.3934128,0.8117002,-0.1918862,0.5516542,0.1121272,1.513902,0.3690116,5.027255,47.68011,4.16342,0,7,False
1,Center_Dir_Close,606,26.33999,0.1109796,1.515011,0.3674053,0.09645879,1.222414,0.3469156,-0.4918446,0.2937514,0.2706597,0.7736552,0.313729,1.108061,0.320489,0.0655655,-0.5914627,0.0141854,-0.8035371,MathCanvas,1.383807,1.203094,1.290616,0.1121272,1.513902,0.3690116,0.7973421,-0.2066078,0.5670615,0.1334361,1.517409,0.3429585,0.782207,-0.2093892,0.5867782,0.0885231,1.512612,0.3918521,0.8140522,-0.2042718,0.543684,0.1109796,1.515011,0.3674053,5.038649,47.79488,4.148564,0,7,False
1,Center_Dir_Close,607,26.35999,0.1085153,1.51727,0.3641684,0.09485377,1.226995,0.344338,-0.4965059,0.2862824,0.2761868,0.7715214,0.3111818,1.112952,0.3179244,0.07293106,-0.5906292,0.0200492,-0.8033906,MathCanvas,1.385554,1.184742,1.27387,0.1098447,1.516172,0.3658175,0.7994443,-0.2076747,0.5637022,0.1308903,1.519685,0.3396485,0.7846127,-0.2057793,0.5848401,0.08614038,1.514856,0.3886883,0.8163114,-0.2006566,0.5416387,0.1085153,1.51727,0.3641684,4.82882,47.97094,4.175678,0,7,False
1,Center_Dir_Close,608,26.37999,0.1073877,1.518341,0.3628257,0.09461871,1.23044,0.3431516,-0.5032324,0.2821996,0.2805533,0.7670792,0.3089797,1.115619,0.3178457,0.07511274,-0.5864686,0.01984906,-0.8062374,MathCanvas,1.389088,1.184611,1.267123,0.1085153,1.51727,0.3641684,0.8007562,-0.2032187,0.5634642,0.1297146,1.520762,0.3382627,0.7867463,-0.1968695,0.5850407,0.08506078,1.515919,0.3873887,0.8183547,-0.191788,0.5417683,0.1073877,1.518341,0.3628257,4.30619,48.04496,4.184267,0,7,False
1,Center_Dir_Close,609,26.39999,0.1049634,1.520187,0.3602176,0.09448406,1.233936,0.3417221,-0.5101411,0.2779102,0.2827332,0.7632719,0.3070758,1.118544,0.3173655,0.07646082,-0.5819454,0.02004986,-0.8093772,MathCanvas,1.390094,1.192811,1.265422,0.1061762,1.519277,0.3615188,0.8044052,-0.1789323,0.5664942,0.1272098,1.522556,0.3355766,0.7896538,-0.1770011,0.587467,0.08271693,1.517818,0.3848585,0.8211752,-0.1721341,0.5440966,0.1049634,1.520187,0.3602176,3.697311,48.18776,4.090597,0,7,False
1,Center_Dir_Close,610,26.41999,0.1036999,1.521117,0.3589001,0.0942363,1.235426,0.3409612,-0.5129322,0.2760955,0.2837855,0.7616677,0.3062522,1.119983,0.3169209,0.07741333,-0.5801743,0.020367,-0.8105493,MathCanvas,1.400415,1.232026,1.272526,0.1049634,1.520187,0.3602176,0.8057086,-0.1745681,0.5660031,0.1259035,1.523462,0.3342183,0.7909797,-0.1730019,0.5868742,0.08149619,1.518772,0.383582,0.8224242,-0.1681977,0.5434408,0.1036999,1.521117,0.3589001,3.459733,48.27023,4.047282,0,7,False
1,Center_Dir_Close,611,26.43999,0.1025756,1.521034,0.3578618,0.09389888,1.235594,0.3416133,-0.519191,0.2774645,0.2865057,0.7558894,0.3063702,1.120829,0.3180708,0.07788906,-0.575506,0.0138152,-0.8139627,MathCanvas,1.401222,1.239991,1.270398,0.1036999,1.521117,0.3589001,0.8016185,-0.1714081,0.5727365,0.1247721,1.52335,0.3331708,0.7857853,-0.1705611,0.594517,0.08037914,1.518718,0.3825528,0.8176421,-0.1659,0.5513063,0.1025756,1.521034,0.3578618,3.268456,48.2737,3.997176,0,7,False
1,Center_Dir_Close,612,26.45999,0.1000959,1.521577,0.3559148,0.09297665,1.235843,0.3414135,-0.524402,0.2802211,0.2910258,0.7495216,0.3065718,1.123308,0.318148,0.0818486,-0.5734056,0.003792867,-0.815164,MathCanvas,1.393233,1.245056,1.280004,0.1013496,1.521259,0.3568584,0.7993889,-0.1758114,0.5745152,0.1222413,1.523826,0.3311717,0.783779,-0.1767379,0.5953605,0.07795046,1.519329,0.3806578,0.8157428,-0.1721925,0.5521896,0.1000959,1.521577,0.3559148,3.119442,48.3824,3.880099,0,7,False
1,Center_Dir_Close,613,26.47999,0.09894562,1.521897,0.3550887,0.09279574,1.235999,0.3412683,-0.5255437,0.2813233,0.2922738,0.7478215,0.3071184,1.124489,0.3181225,0.08399665,-0.5738651,-0.0006353259,-0.8146306,MathCanvas,1.386985,1.238549,1.280793,0.1000959,1.521577,0.3559148,0.8000542,-0.1744657,0.5739992,0.1210641,1.524119,0.3303191,0.7845194,-0.1751058,0.5948673,0.07682717,1.519675,0.3798582,0.8164358,-0.1706121,0.5516558,0.09894562,1.521897,0.3550887,3.020602,48.43847,3.833614,0,7,False
1,Center_Dir_Close,614,26.49999,0.09692923,1.52283,0.3541846,0.09296815,1.235441,0.3418416,-0.5236391,0.2842425,0.2925026,0.7479643,0.3092894,1.126512,0.3182418,0.08821965,-0.5774939,-0.004088477,-0.8116042,MathCanvas,1.385562,1.241328,1.278172,0.09775335,1.522186,0.3542461,0.8015499,-0.170594,0.5730755,0.1190283,1.525052,0.3293977,0.7855119,-0.1692653,0.5952482,0.07483017,1.520608,0.3789715,0.8173916,-0.1648015,0.5520067,0.09692923,1.52283,0.3541846,2.679777,48.46043,3.832089,0,7,False
1,Center_Dir_Close,615,26.51999,0.09590922,1.523248,0.3539782,0.0927956,1.235496,0.3423421,-0.5227236,0.2851205,0.2928514,0.748134,0.3105716,1.127369,0.3184364,0.08989797,-0.5797321,-0.003012926,-0.8098272,MathCanvas,1.387493,1.248159,1.276885,0.09692923,1.52283,0.3541846,0.7961647,-0.1845013,0.5762648,0.1179889,1.525438,0.3291712,0.7804661,-0.1837252,0.5975933,0.07382952,1.521059,0.3787852,0.8126273,-0.1793058,0.5545146,0.09590922,1.523248,0.3539782,2.499338,48.49392,3.775922,0,7,False
1,Center_Dir_Close,616,26.53999,0.09390089,1.523918,0.3536728,0.09245019,1.235978,0.3428176,-0.5224497,0.2859444,0.2935804,0.7477251,0.3121055,1.129419,0.3185743,0.09329457,-0.582206,-0.003313273,-0.8076642,MathCanvas,1.372288,1.227463,1.277822,0.09490962,1.523581,0.3538172,0.7949868,-0.18409,0.5780199,0.1159482,1.526046,0.3288317,0.7791647,-0.1840675,0.5991842,0.07185354,1.521789,0.3785138,0.8114125,-0.1797747,0.5561395,0.09390089,1.523918,0.3536728,2.240961,48.55347,3.669997,0,7,False
1,Center_Dir_Close,617,26.55999,0.09290242,1.524293,0.3535546,0.09237728,1.236082,0.3429976,-0.5222143,0.2860368,0.293599,0.7478468,0.3128234,1.130468,0.3186441,0.09508151,-0.583441,-0.003547072,-0.8065628,MathCanvas,1.368491,1.228769,1.280403,0.09390089,1.523918,0.3536728,0.7955679,-0.1818294,0.5779357,0.1149323,1.526392,0.3286955,0.7797193,-0.181789,0.5991581,0.07087255,1.522194,0.3784136,0.8119376,-0.1775563,0.5560855,0.09290242,1.524293,0.3535546,2.109807,48.58633,3.618382,0,7,False
1,Center_Dir_Close,618,26.57999,0.09048185,1.523588,0.3541882,0.09053949,1.238267,0.3459727,-0.5253477,0.283824,0.2946713,0.7460715,0.3140045,1.13275,0.3196861,0.1010725,-0.5917403,-0.001611799,-0.7997658,MathCanvas,1.367233,1.233041,1.279285,0.09169046,1.523759,0.3540077,0.7957093,-0.1821082,0.5776533,0.1124916,1.525464,0.3292935,0.7792678,-0.185463,0.5986193,0.06847212,1.521712,0.3790829,0.8114555,-0.181575,0.5554913,0.09048185,1.523588,0.3541882,2.29865,48.64956,3.23455,0,7,False
1,Center_Dir_Close,619,26.59999,0.08913773,1.522939,0.3545029,0.08970557,1.238984,0.3472667,-0.5281763,0.2818222,0.2947896,0.7447853,0.3139925,1.133802,0.3202318,0.1031247,-0.5936655,-0.001904309,-0.7980745,MathCanvas,1.364746,1.231956,1.279253,0.09048185,1.523588,0.3541882,0.794569,-0.1924354,0.5758722,0.1111308,1.524694,0.3295846,0.7779166,-0.1971076,0.5966527,0.06714463,1.521185,0.3794212,0.8100904,-0.1933663,0.5535007,0.08913773,1.522939,0.3545029,2.443234,48.69714,3.024455,0,7,False
1,Center_Dir_Close,620,26.61999,0.08788355,1.522515,0.3547852,0.08946313,1.239276,0.3475959,-0.5288039,0.2815492,0.2950329,0.7443468,0.3144459,1.134896,0.3204572,0.1052366,-0.5954372,-0.002291441,-0.7964764,MathCanvas,1.357715,1.215705,1.273917,0.08913773,1.522939,0.3545029,0.7918417,-0.2017406,0.5764437,0.1098609,1.524187,0.3298474,0.775457,-0.2041412,0.5974886,0.06590615,1.520843,0.379723,0.8077374,-0.200533,0.5543887,0.08788355,1.522515,0.3547852,2.465269,48.73472,2.882059,0,7,False
1,Center_Dir_Close,621,26.63999,0.08508779,1.521283,0.3560645,0.08716264,1.240073,0.3519181,-0.5352082,0.2746183,0.2964993,0.7417716,0.3119023,1.136356,0.3230459,0.1095149,-0.5931242,-0.005161047,-0.7976112,MathCanvas,1.349573,1.201069,1.273268,0.0865946,1.521856,0.3550921,0.7918277,-0.2036961,0.5757749,0.1069935,1.52264,0.3310446,0.7751142,-0.2121554,0.595137,0.06318207,1.519925,0.3810843,0.8072796,-0.2090222,0.5519143,0.08508779,1.521283,0.3560645,2.901566,48.9153,2.340837,0,7,False
1,Center_Dir_Close,622,26.65999,0.0839832,1.521404,0.3568917,0.08610828,1.240073,0.3537417,-0.5368153,0.2724751,0.2982921,0.7406811,0.3108888,1.136925,0.3242275,0.111854,-0.5919677,-0.007476747,-0.7981272,MathCanvas,1.346147,1.196877,1.27304,0.08508779,1.521283,0.3560645,0.7914931,-0.2105892,0.5737516,0.1058514,1.522673,0.3318345,0.7756893,-0.2123077,0.5943328,0.06211495,1.520135,0.3819489,0.8077914,-0.2093175,0.5510529,0.0839832,1.521404,0.3568917,2.901046,48.99855,2.188253,0,7,False
1,Center_Dir_Close,623,26.67999,0.08193825,1.521972,0.3587362,0.08436439,1.240429,0.3565687,-0.5396734,0.2694516,0.3004363,0.7388414,0.3094827,1.138029,0.3262416,0.115639,-0.591201,-0.01104489,-0.7981147,MathCanvas,1.341946,1.186703,1.268786,0.08304028,1.521838,0.3578576,0.79039,-0.2138513,0.5740656,0.1037486,1.523094,0.3336216,0.7742857,-0.2159613,0.5948465,0.06012787,1.520851,0.3838509,0.8064218,-0.2132274,0.5515595,0.08193825,1.521972,0.3587362,2.855242,49.12422,1.933913,0,7,False
1,Center_Dir_Close,624,26.69999,0.08090264,1.522282,0.3597385,0.08344134,1.24051,0.358037,-0.5409114,0.2683186,0.3015216,0.7379057,0.3088569,1.138532,0.3272302,0.1172271,-0.5910438,-0.01262504,-0.797976,MathCanvas,1.337219,1.182338,1.270455,0.08193825,1.521972,0.3587362,0.7906508,-0.2145946,0.5734286,0.1026765,1.523328,0.3345889,0.7749673,-0.2154061,0.5941598,0.05912878,1.521236,0.384888,0.8070414,-0.2127974,0.5508189,0.08090264,1.522282,0.3597385,2.815017,49.20337,1.803292,0,7,False
1,Center_Dir_Close,625,26.71999,0.07920656,1.521029,0.3624351,0.08061347,1.23948,0.3613545,-0.5373763,0.2778705,0.3027515,0.7364484,0.3073911,1.135623,0.3303019,0.1084644,-0.5938945,-0.007890701,-0.7971591,MathCanvas,1.335449,1.181779,1.269613,0.08008551,1.521549,0.3611692,0.7956866,-0.1969838,0.5727829,0.1008098,1.522119,0.3371407,0.7813408,-0.1974625,0.5920432,0.05760334,1.519939,0.3877295,0.8131329,-0.1948637,0.5484917,0.07920656,1.521029,0.3624351,2.304819,49.57592,1.878408,0,7,False
1,Center_Dir_Close,626,26.73999,0.07841589,1.520656,0.3637862,0.07961084,1.239396,0.3626557,-0.5373613,0.2787957,0.3037871,0.7356829,0.3063043,1.135223,0.3320329,0.10664,-0.5949992,-0.00620535,-0.7965961,MathCanvas,1.34409,1.207889,1.272974,0.07920656,1.521029,0.3624351,0.7976615,-0.1961453,0.5703185,0.09993351,1.521708,0.3384173,0.7834432,-0.1967322,0.5895026,0.05689826,1.519605,0.3891551,0.8150778,-0.1942032,0.5458326,0.07841589,1.520656,0.3637862,2.259439,49.76723,1.811927,0,7,False
1,Center_Dir_Close,627,26.75999,0.07756639,1.520282,0.3651117,0.07885083,1.239429,0.3637325,-0.5377209,0.2791786,0.3044623,0.7349955,0.3063043,1.135223,0.3320329,0.10664,-0.5949992,-0.00620535,-0.7965961,MathCanvas,1.345709,1.209028,1.269886,0.07841589,1.520656,0.3637862,0.7963576,-0.1956684,0.5723011,0.09901743,1.521286,0.3396845,0.781675,-0.1957823,0.59216,0.05611535,1.519278,0.3905388,0.8134439,-0.193385,0.5485538,0.07756639,1.520282,0.3651117,2.1894,49.91421,1.730158,0,7,False
1,Center_Dir_Close,628,26.77999,0.07652742,1.519462,0.3682261,0.07686869,1.237895,0.3663228,-0.5344458,0.2779039,0.3069889,0.7368141,0.3019281,1.133997,0.3355691,0.1047475,-0.5960034,-0.001765847,-0.7961187,MathCanvas,1.342086,1.209584,1.273857,0.07679184,1.519959,0.3664612,0.7994853,-0.1934091,0.568697,0.09776978,1.520607,0.3426302,0.786935,-0.1956987,0.5851798,0.05528505,1.518318,0.3938219,0.8183442,-0.1930739,0.5413272,0.07652742,1.519462,0.3682261,2.197005,50.38586,1.972092,0,7,False
1,Center_Dir_Close,629,26.79999,0.07591258,1.518858,0.3698924,0.07609545,1.237301,0.3676257,-0.5326392,0.2782829,0.3074892,0.73777,0.3002593,1.133406,0.3367077,0.1045761,-0.5946546,-0.0008614361,-0.7971506,MathCanvas,1.345526,1.21247,1.270902,0.07652742,1.519462,0.3682261,0.8051828,-0.1941972,0.5603286,0.09707208,1.520034,0.3442294,0.7910428,-0.1970034,0.5791726,0.05475308,1.517681,0.3955553,0.8221334,-0.1942807,0.5351183,0.07591258,1.518858,0.3698924,2.28637,50.57481,2.027353,0,7,False
1,Center_Dir_Close,630,26.81999,0.07490728,1.517586,0.3734213,0.07496262,1.235711,0.370494,-0.5269183,0.2806018,0.3076363,0.7409316,0.2969808,1.13185,0.3391017,0.1030125,-0.5904408,-4.816056E-05,-0.8004799,MathCanvas,1.353914,1.210624,1.259256,0.07536229,1.518252,0.371515,0.8086483,-0.1963428,0.5545607,0.09590997,1.518794,0.3476313,0.7940292,-0.2015768,0.5734845,0.05390459,1.516378,0.3992112,0.8248528,-0.1987835,0.5292475,0.07490728,1.517586,0.3734213,2.557313,50.93447,2.0828,0,7,False
1,Center_Dir_Close,631,26.83999,0.07468487,1.517071,0.3754126,0.07463501,1.234651,0.372259,-0.5233292,0.2824288,0.307252,0.742938,0.2954398,1.130365,0.3401636,0.1011938,-0.5879881,-0.002170622,-0.8025118,MathCanvas,1.357169,1.206248,1.25278,0.07490728,1.517586,0.3734213,0.8082213,-0.1953425,0.5555353,0.09561824,1.518272,0.349566,0.7935653,-0.1994975,0.5748522,0.05375151,1.515871,0.4012592,0.8244466,-0.1967664,0.5306326,0.07468487,1.517071,0.3754126,2.719887,51.09399,2.06995,0,7,False
1,Center_Dir_Close,632,26.85999,0.07447066,1.51539,0.3793198,0.07325254,1.23306,0.3755821,-0.5200621,0.2839555,0.3077614,0.7444378,0.2937334,1.127608,0.3415204,0.09670165,-0.5909497,-0.005825311,-0.8008704,MathCanvas,1.355442,1.20752,1.255748,0.07460141,1.516294,0.3773747,0.8083355,-0.1997221,0.5538094,0.09523343,1.516592,0.353336,0.7944359,-0.2025793,0.5725671,0.05370789,1.514189,0.4053037,0.8252214,-0.1998807,0.5282588,0.07447066,1.51539,0.3793198,2.889325,51.47732,2.071378,0,7,False
1,Center_Dir_Close,633,26.87999,0.07436173,1.514519,0.3813071,0.07246211,1.232396,0.3770978,-0.518712,0.2845465,0.3084606,0.7448646,0.2927518,1.126531,0.3422586,0.09491786,-0.5919126,-0.006465822,-0.8003676,MathCanvas,1.352576,1.199598,1.25498,0.07447066,1.51539,0.3793198,0.8055232,-0.210489,0.5539194,0.09503833,1.515727,0.3552549,0.7913843,-0.213377,0.5728711,0.05368514,1.513311,0.4073592,0.8222929,-0.2106945,0.5286229,0.07436173,1.514519,0.3813071,2.981042,51.67067,2.082505,0,7,False
1,Center_Dir_Close,634,26.89999,0.07436245,1.510919,0.3851303,0.07086977,1.230561,0.3795316,-0.5159714,0.2853178,0.313333,0.7444392,0.2921112,1.123502,0.3415283,0.08953968,-0.6000882,-0.003940076,-0.7948971,MathCanvas,1.34516,1.18245,1.255174,0.07433117,1.513132,0.383202,0.8092914,-0.2134271,0.5472624,0.0948043,1.512133,0.3588938,0.7965574,-0.2131062,0.5657579,0.0539206,1.509705,0.4113668,0.8270673,-0.2104145,0.5212344,0.07436245,1.510919,0.3851303,2.965613,52.1848,2.093351,0,7,False
1,Center_Dir_Close,635,26.91999,0.07438364,1.508612,0.3870444,0.07049447,1.229165,0.3804623,-0.5131519,0.2857273,0.3148927,0.745572,0.2913047,1.122075,0.340989,0.08829316,-0.6022687,-0.003180534,-0.7933893,MathCanvas,1.348925,1.17479,1.247021,0.07436245,1.510919,0.3851303,0.8121185,-0.2117606,0.5437105,0.0946996,1.509836,0.3607108,0.7995927,-0.2111061,0.562215,0.05406768,1.507388,0.413378,0.829888,-0.2084045,0.5175457,0.07438364,1.508612,0.3870444,2.848974,52.45532,2.110748,0,7,False
1,Center_Dir_Close,636,26.93999,0.07454694,1.505902,0.3889025,0.07036712,1.227145,0.3813615,-0.5103129,0.2857976,0.3163487,0.7468761,0.2901924,1.12057,0.3405403,0.08796442,-0.6035221,-0.004466504,-0.7924666,MathCanvas,1.353591,1.175057,1.243469,0.07438364,1.508612,0.3870444,0.8133687,-0.2099038,0.5425603,0.09472554,1.507172,0.3624656,0.8013583,-0.208289,0.5607499,0.05436834,1.504632,0.4153393,0.831556,-0.2055564,0.5160048,0.07454694,1.505902,0.3889025,2.679126,52.74875,2.188828,0,7,False
1,Center_Dir_Close,637,26.95999,0.07477096,1.500841,0.3926403,0.06924394,1.224994,0.3838533,-0.5062428,0.2867499,0.318808,0.7482341,0.2883656,1.118061,0.3407715,0.08509821,-0.606508,-0.004619122,-0.7904966,MathCanvas,1.355084,1.175437,1.243089,0.07465685,1.503466,0.3908134,0.8206966,-0.1905481,0.5386544,0.09471076,1.50216,0.3660253,0.8081778,-0.1903505,0.5573286,0.05483115,1.499522,0.4192553,0.8380336,-0.1876111,0.5123491,0.07477096,1.500841,0.3926403,2.530061,53.26011,2.273587,0,7,False
1,Center_Dir_Close,638,26.97999,0.07559285,1.498835,0.3936585,0.07077934,1.217268,0.3839442,-0.5034884,0.2876976,0.3214477,0.7485993,0.2862094,1.113792,0.3386491,0.08998141,-0.6025507,-0.01680449,-0.7928138,MathCanvas,1.368823,1.20039,1.241976,0.07477096,1.500841,0.3926403,0.8234138,-0.188981,0.5350477,0.09540738,1.500541,0.3669721,0.8120651,-0.1884994,0.5522845,0.05577831,1.497128,0.420345,0.8417053,-0.1851366,0.5072047,0.07559285,1.498835,0.3936585,2.447598,53.53208,2.941705,0,7,False
1,Center_Dir_Close,639,26.99999,0.07668173,1.495289,0.3966635,0.07152463,1.208545,0.3849194,-0.4970157,0.2941047,0.3256657,0.7486119,0.2843977,1.107088,0.3373172,0.09103666,-0.6017275,-0.02581263,-0.7930764,MathCanvas,1.374846,1.200644,1.237903,0.0761262,1.49714,0.3951789,0.8254256,-0.1866023,0.5327777,0.09622672,1.497297,0.3697998,0.8134981,-0.1877835,0.5504164,0.05713673,1.493281,0.4235272,0.8430907,-0.1840217,0.505306,0.07668173,1.495289,0.3966635,2.392865,54.10646,3.46196,0,7,False
1,Center_Dir_Close,640,27.01999,0.07723781,1.493307,0.3981744,0.07150663,1.205603,0.3857634,-0.4944503,0.2956242,0.3273492,0.7489778,0.2833581,1.104721,0.336902,0.09097335,-0.6019286,-0.02881554,-0.7928275,MathCanvas,1.377751,1.201159,1.236449,0.07668173,1.495289,0.3966635,0.826675,-0.1887223,0.5300871,0.09665272,1.495446,0.3712266,0.8146032,-0.1896556,0.5481353,0.05782291,1.491169,0.4251222,0.8441129,-0.1857062,0.5029777,0.07723781,1.493307,0.3981744,2.344765,54.37968,3.68739,0,7,False
1,Center_Dir_Close,641,27.03999,0.07948419,1.492748,0.4000869,0.07618664,1.197281,0.3847736,-0.4835177,0.3129561,0.3255467,0.749859,0.2846921,1.095907,0.3347325,0.08809808,-0.6115665,-0.03488168,-0.7854988,MathCanvas,1.380515,1.195781,1.233872,0.07785895,1.491423,0.3996503,0.8327811,-0.1867542,0.5211512,0.09859367,1.495428,0.3729698,0.8208932,-0.1991116,0.5352465,0.0603747,1.490068,0.427204,0.8498909,-0.1942584,0.489846,0.07948419,1.492748,0.4000869,2.926105,55.06421,4.625408,0,7,False
1,Center_Dir_Close,642,27.05999,0.0808094,1.49348,0.401207,0.07844439,1.195996,0.3846844,-0.480246,0.3154431,0.3237338,0.7517021,0.2851985,1.093365,0.3337199,0.08682141,-0.6168228,-0.03381849,-0.7815677,MathCanvas,1.39273,1.198248,1.221911,0.07948419,1.492748,0.4000869,0.8275884,-0.1989087,0.5249122,0.09975956,1.496365,0.3739991,0.8156506,-0.2051902,0.5409352,0.06185924,1.490596,0.4284149,0.8450649,-0.200152,0.4957866,0.0808094,1.49348,0.401207,3.162415,55.41832,4.979277,0,7,False
1,Center_Dir_Close,643,27.07999,0.08223936,1.49471,0.4024217,0.08032245,1.195411,0.3847914,-0.4758615,0.3174229,0.3230515,0.7539471,0.2855772,1.091048,0.3328529,0.08453728,-0.6212126,-0.03221465,-0.7784026,MathCanvas,1.383325,1.180424,1.22735,0.0808094,1.49348,0.401207,0.8306673,-0.2026718,0.5185711,0.1010223,1.497741,0.375114,0.8189159,-0.2083596,0.5347551,0.06345642,1.491679,0.4297293,0.8480528,-0.2030775,0.4894549,0.08223936,1.49471,0.4024217,3.352711,55.78573,5.234232,0,7,False
1,Center_Dir_Close,644,27.09999,0.08509284,1.496872,0.4047013,0.08312494,1.192091,0.3852399,-0.4677205,0.3227615,0.3230034,0.7567902,0.2857183,1.085925,0.3312919,0.0809902,-0.6279418,-0.03214696,-0.7733669,MathCanvas,1.389496,1.175757,1.218519,0.08357643,1.4955,0.4035695,0.8331955,-0.2088109,0.5120384,0.1035664,1.500234,0.3772219,0.8213445,-0.2139233,0.5288005,0.06661924,1.49351,0.4321807,0.850279,-0.2081707,0.4834154,0.08509284,1.496872,0.4047013,3.655398,56.45988,5.809563,0,7,False
1,Center_Dir_Close,645,27.11999,0.08739348,1.501325,0.4050854,0.08420526,1.208591,0.3848154,-0.465712,0.3153082,0.3344159,0.7562137,0.2883644,1.092143,0.331212,0.05986655,-0.6292505,-0.00120905,-0.7748925,MathCanvas,1.394515,1.168712,1.209404,0.08509284,1.496872,0.4047013,0.8361232,-0.2110478,0.5063168,0.10583,1.504531,0.3775625,0.8214458,-0.2156574,0.527938,0.06895694,1.498119,0.4326084,0.8503199,-0.2101565,0.4824833,0.08739348,1.501325,0.4050854,3.753638,56.5472,5.539421,0,7,False
1,Center_Dir_Close,646,27.13999,0.0910053,1.506366,0.4063991,0.08671737,1.21368,0.3846034,-0.4649343,0.3149109,0.3393696,0.7546493,0.2891473,1.09243,0.3300433,0.05115947,-0.6326674,0.01059246,-0.7726594,MathCanvas,1.402896,1.169276,1.201692,0.08919248,1.50381,0.4056907,0.8380641,-0.209162,0.5038849,0.1092555,1.509739,0.3787722,0.8253813,-0.2142329,0.5223503,0.07275507,1.502993,0.434026,0.853965,-0.2084666,0.4767446,0.0910053,1.506366,0.4063991,4.009083,56.96049,5.830946,0,7,False
1,Center_Dir_Close,647,27.15999,0.09302526,1.508703,0.4067658,0.08898029,1.220849,0.3840854,-0.4747422,0.3121457,0.338378,0.7501235,0.2891437,1.09948,0.3297306,0.05415547,-0.629807,0.01162454,-0.7747743,MathCanvas,1.409466,1.177308,1.199122,0.0910053,1.506366,0.4063991,0.8399865,-0.2113507,0.4997536,0.1112607,1.511982,0.3791177,0.8255661,-0.2131838,0.5224876,0.07478983,1.505425,0.4344139,0.8541254,-0.2075726,0.4768474,0.09302526,1.508703,0.4067658,3.945543,56.98413,5.666461,0,7,False
1,Center_Dir_Close,648,27.17999,0.09729838,1.512573,0.4074128,0.09252935,1.228623,0.3854164,-0.4838772,0.3151527,0.3369318,0.7436522,0.2898362,1.111447,0.3296408,0.06376401,-0.6220223,-0.006998807,-0.7803675,MathCanvas,1.414936,1.176095,1.193242,0.09516895,1.510707,0.4071621,0.8306391,-0.2009415,0.5192891,0.1155097,1.51558,0.379718,0.8161138,-0.1999916,0.5421823,0.07908704,1.509566,0.4351076,0.8455437,-0.1950523,0.4970014,0.09729838,1.512573,0.4074128,3.495961,56.98969,5.193491,0,7,False
1,Center_Dir_Close,649,27.19999,0.09949353,1.514175,0.407559,0.09401172,1.23127,0.386171,-0.4868079,0.317088,0.3374973,0.7406545,0.2909304,1.115254,0.329447,0.0659686,-0.6202468,-0.01133516,-0.7815456,MathCanvas,1.402959,1.196718,1.22367,0.09729838,1.512573,0.4074128,0.8310559,-0.1971945,0.5200582,0.1177013,1.517104,0.3798535,0.8163292,-0.1961894,0.5432461,0.08128579,1.511245,0.4352644,0.845762,-0.1913912,0.4980521,0.09949353,1.514175,0.407559,3.294733,56.97893,5.057967,0,7,False
1,Center_Dir_Close,650,27.21999,0.1016623,1.516086,0.4077834,0.09554203,1.234093,0.3864691,-0.4884689,0.3179824,0.3382556,0.7388291,0.2914089,1.117986,0.3290936,0.06605772,-0.6195404,-0.01258206,-0.7820792,MathCanvas,1.406868,1.203958,1.225688,0.09949353,1.514175,0.407559,0.8266889,-0.1954834,0.5276093,0.119835,1.518962,0.3800493,0.8122751,-0.1959143,0.5493878,0.08348962,1.513211,0.4355175,0.8420261,-0.1912793,0.5043851,0.1016623,1.516086,0.4077834,3.183757,57.04171,4.964426,0,7,False
1,Center_Dir_Close,651,27.23999,0.1064204,1.515933,0.4072823,0.09894445,1.234857,0.3887,-0.4940629,0.3257298,0.3398818,0.7309462,0.2968423,1.123131,0.3285566,0.07195685,-0.6193213,-0.01615215,-0.7816665,MathCanvas,1.401837,1.20864,1.237581,0.1040945,1.516247,0.4076037,0.8269947,-0.1893255,0.5293729,0.1246497,1.518692,0.3795736,0.8116212,-0.1895389,0.5525813,0.088191,1.513174,0.434991,0.8414642,-0.1850921,0.5076208,0.1064204,1.515933,0.4072823,2.815421,56.89377,4.76109,0,7,False
1,Center_Dir_Close,652,27.25999,0.1088737,1.515897,0.4067628,0.1011263,1.233993,0.388798,-0.4939848,0.3288254,0.3405702,0.7292907,0.2993335,1.124382,0.3282975,0.07291305,-0.6196071,-0.01629877,-0.7813482,MathCanvas,1.406327,1.218343,1.239374,0.1064204,1.515933,0.4072823,0.8268505,-0.187316,0.5303123,0.1271184,1.518648,0.3790634,0.8112105,-0.1902922,0.5529253,0.09062905,1.513147,0.4344623,0.8410783,-0.185859,0.50798,0.1088737,1.515897,0.4067628,2.859674,56.86587,4.747089,1,8,False
1,Center_Dir_Close,653,27.27999,0.1137901,1.515733,0.405829,0.1049776,1.235013,0.3891176,-0.4958046,0.3333668,0.341729,0.7254418,0.3038056,1.127036,0.3277489,0.0754825,-0.6204984,-0.01832053,-0.7803516,MathCanvas,1.409464,1.22126,1.240915,0.1113355,1.515822,0.406282,0.8202228,-0.1959666,0.5374307,0.1320369,1.518449,0.3781276,0.8047598,-0.1974782,0.5597893,0.09554317,1.513016,0.4335304,0.8350575,-0.1932043,0.5151224,0.1137901,1.515733,0.405829,2.893777,56.86432,4.687847,1,8,False
1,Center_Dir_Close,654,27.29999,0.1162677,1.515578,0.4052942,0.1067443,1.236181,0.3894702,-0.4971492,0.3354717,0.3424084,0.7232275,0.3055264,1.129045,0.3274375,0.07658509,-0.62043,-0.01941526,-0.7802721,MathCanvas,1.400105,1.208408,1.248655,0.1137901,1.515733,0.405829,0.8202149,-0.1953417,0.5376703,0.1345149,1.518275,0.3775911,0.8046866,-0.1976419,0.5598367,0.09802055,1.51288,0.4329972,0.8349845,-0.1933994,0.5151674,0.1162677,1.515578,0.4052942,2.904327,56.86464,4.654717,1,8,False
1,Center_Dir_Close,655,27.31999,0.1220392,1.515049,0.403543,0.1141622,1.227738,0.3848739,-0.4903832,0.3447764,0.3357968,0.7265632,0.3139204,1.12257,0.3273086,0.08163404,-0.6255074,-0.02348459,-0.7755804,MathCanvas,1.403401,1.209035,1.24904,0.1191946,1.515358,0.4042424,0.8244458,-0.2125676,0.5245037,0.1402767,1.517889,0.3758478,0.8091878,-0.215249,0.5467022,0.1038017,1.512208,0.4312382,0.8389843,-0.2106609,0.5017245,0.1220392,1.515049,0.403543,3.265083,56.9147,4.903211,1,8,False
1,Center_Dir_Close,656,27.33999,0.1249094,1.514581,0.40268,0.117413,1.226506,0.3837149,-0.4876573,0.3467126,0.3342194,0.728202,0.3171127,1.121008,0.3273698,0.08194676,-0.6257405,-0.02225959,-0.7753954,MathCanvas,1.410688,1.182795,1.223368,0.1220392,1.515049,0.403543,0.8243949,-0.2129555,0.5244262,0.1431614,1.517462,0.3749987,0.8089725,-0.2155289,0.5469101,0.1066574,1.5117,0.4303614,0.8387927,-0.2108743,0.501955,0.1249094,1.514581,0.40268,3.280328,56.88602,4.974018,1,8,False
1,Center_Dir_Close,657,27.35999,0.1306737,1.513695,0.4010134,0.1228327,1.225166,0.3823073,-0.4853107,0.3511951,0.3324113,0.7284493,0.3226125,1.120263,0.3271605,0.08391786,-0.6267545,-0.02244267,-0.7743596,MathCanvas,1.414104,1.181559,1.222781,0.1277608,1.514165,0.4018676,0.8248316,-0.213724,0.5234262,0.1489413,1.516621,0.3733471,0.8094264,-0.2164206,0.5458856,0.1124061,1.510769,0.4286798,0.8392112,-0.2116771,0.5009166,0.1306737,1.513695,0.4010134,3.337878,56.85886,5.052468,0,8,False
1,Center_Dir_Close,658,27.37999,0.1337955,1.51346,0.3993824,0.1276256,1.224557,0.3805379,-0.4803765,0.3430489,0.3307783,0.7363027,0.3270835,1.11523,0.3278167,0.07788698,-0.6261104,-0.009494991,-0.7757766,MathCanvas,1.418292,1.180057,1.218117,0.1306737,1.513695,0.4010134,0.824628,-0.2140495,0.5236139,0.1521293,1.516366,0.3717577,0.8080548,-0.2164729,0.547893,0.1154617,1.510555,0.4270071,0.8379473,-0.211763,0.5029917,0.1337955,1.51346,0.3993824,3.341478,56.72201,5.016706,0,8,False
1,Center_Dir_Close,659,27.39999,0.1367134,1.513192,0.3981158,0.1308887,1.224623,0.3795996,-0.4795364,0.3396892,0.3309657,0.7383209,0.3301159,1.113666,0.3280239,0.0752695,-0.6256538,-0.006515146,-0.7764338,MathCanvas,1.422224,1.179021,1.217496,0.1337955,1.51346,0.3993824,0.8266502,-0.2110776,0.5216281,0.1550867,1.516051,0.3705125,0.8104206,-0.2148955,0.5450123,0.1183401,1.510334,0.4257192,0.840134,-0.210199,0.4999912,0.1367134,1.513192,0.3981158,3.426289,56.64724,4.935955,0,8,False
1,Center_Dir_Close,660,27.41999,0.1426453,1.512447,0.3955734,0.1368825,1.22372,0.3779377,-0.4768779,0.339487,0.3295971,0.7407441,0.336035,1.111385,0.3281716,0.07310263,-0.625537,-0.002332896,-0.7767587,MathCanvas,1.428761,1.18328,1.213416,0.1396651,1.512821,0.3968414,0.824819,-0.2136542,0.5234745,0.1610747,1.515269,0.3680037,0.8089444,-0.2168735,0.5464201,0.124216,1.509625,0.4231432,0.8387493,-0.2122365,0.5014533,0.1426453,1.512447,0.3955734,3.542992,56.54066,4.872893,0,8,False
1,Center_Dir_Close,661,27.43999,0.145601,1.512293,0.3935159,0.1412573,1.22597,0.3767385,-0.4811727,0.328138,0.3327067,0.7416904,0.3383095,1.111513,0.3289864,0.07041016,-0.6170834,0.000487715,-0.7837412,MathCanvas,1.429696,1.17906,1.212405,0.1426453,1.512447,0.3955734,0.8241559,-0.2145556,0.5241498,0.1641241,1.515021,0.3659995,0.8070792,-0.214999,0.5499079,0.127078,1.509566,0.4210323,0.8370369,-0.2105154,0.5050273,0.145601,1.512293,0.3935159,3.434671,56.33572,4.709462,0,8,False
1,Center_Dir_Close,662,27.45999,0.1515912,1.512429,0.3900597,0.1490812,1.226708,0.3747427,-0.486365,0.319746,0.3325827,0.7420246,0.3440513,1.11255,0.3301884,0.07296435,-0.603185,-0.001152873,-0.7942562,MathCanvas,1.433391,1.177038,1.212529,0.148571,1.512312,0.3918234,0.8254036,-0.193744,0.5302567,0.1702434,1.515129,0.3626279,0.8091652,-0.192273,0.555232,0.1329389,1.50973,0.4174916,0.8391837,-0.1878062,0.5103917,0.1515912,1.512429,0.3900597,3.059137,56.03543,4.658453,0,8,False
1,Center_Dir_Close,663,27.47999,0.1546139,1.512472,0.3883104,0.152865,1.226914,0.3737504,-0.4885171,0.3160511,0.332616,0.7421788,0.3469065,1.112202,0.3305165,0.07279534,-0.59966,-0.0001838207,-0.7969371,MathCanvas,1.444472,1.208956,1.220634,0.1515912,1.512429,0.3900597,0.8244815,-0.19004,0.5330244,0.173327,1.515159,0.360919,0.8081495,-0.1901213,0.5574481,0.1359007,1.509784,0.4157018,0.8382673,-0.185674,0.5126727,0.1546139,1.512472,0.3883104,2.933712,55.89792,4.638127,0,8,False
1,Center_Dir_Close,664,27.49999,0.1615325,1.51501,0.3850898,0.161791,1.227195,0.3711334,-0.5007161,0.3064515,0.3335485,0.7376423,0.3551846,1.114769,0.3310991,0.07976219,-0.59137,-0.01028648,-0.80238,MathCanvas,1.448671,1.214196,1.224913,0.1579393,1.512928,0.3864954,0.824475,-0.1831654,0.5354358,0.1804954,1.517844,0.3578855,0.806908,-0.182763,0.5616912,0.1425696,1.512177,0.4122941,0.8372183,-0.178034,0.5170777,0.1615325,1.51501,0.3850898,2.363117,55.32347,4.888656,0,8,False
1,Center_Dir_Close,665,27.51999,0.1651183,1.517489,0.383754,0.166209,1.227378,0.3693719,-0.5040431,0.3071505,0.3337209,0.7350032,0.3605167,1.115596,0.331394,0.08175308,-0.5912203,-0.01195168,-0.8022669,MathCanvas,1.456074,1.227415,1.225799,0.1615325,1.51501,0.3850898,0.822368,-0.180399,0.5395989,0.1842225,1.520462,0.3566637,0.8047359,-0.1780159,0.566313,0.1460141,1.514515,0.4108443,0.8352775,-0.1730632,0.5218818,0.1651183,1.517489,0.383754,2.085966,54.99553,5.128801,0,8,False
1,Center_Dir_Close,666,27.53999,0.16869,1.518209,0.3822109,0.1704826,1.228029,0.3676127,-0.5037634,0.3099068,0.3323645,0.7346524,0.3659468,1.116164,0.3321723,0.08106066,-0.5912071,-0.01314637,-0.8023282,MathCanvas,1.458935,1.23367,1.232695,0.1651183,1.517489,0.383754,0.8211454,-0.1754043,0.5430964,0.1879032,1.521294,0.3552104,0.8040316,-0.1725283,0.5690055,0.1494768,1.515124,0.4092115,0.8346851,-0.167384,0.5246747,0.16869,1.518209,0.3822109,1.773996,54.73014,5.320916,0,8,False
1,Center_Dir_Close,667,27.55999,0.1756279,1.520276,0.3792799,0.1786357,1.228853,0.3647293,-0.5063801,0.3086902,0.3313026,0.7338448,0.3744226,1.11695,0.333204,0.08171771,-0.5871418,-0.01569215,-0.805196,MathCanvas,1.461608,1.24203,1.237332,0.1721537,1.519288,0.3807402,0.8225592,-0.1672599,0.543526,0.1950199,1.523504,0.3524243,0.8056087,-0.1652975,0.568921,0.1562359,1.517048,0.4061356,0.8362079,-0.1598579,0.5245966,0.1756279,1.520276,0.3792799,1.223609,54.28686,5.566968,0,8,False
1,Center_Dir_Close,668,27.57999,0.1783745,1.518806,0.378567,0.1834773,1.231763,0.3622335,-0.5043502,0.3088935,0.32986,0.7358045,0.3791626,1.118852,0.3353922,0.07605541,-0.5876629,-0.01822428,-0.8053172,MathCanvas,1.471167,1.25684,1.235339,0.1756279,1.520276,0.3792799,0.8212106,-0.1625783,0.5469749,0.1978254,1.521904,0.3517387,0.8042203,-0.1642456,0.5711857,0.1589235,1.515708,0.4053954,0.8349167,-0.1590188,0.5269033,0.1783745,1.518806,0.378567,1.16067,54.1659,5.341737,0,8,False
1,Center_Dir_Close,669,27.59999,0.1845991,1.520049,0.3767136,0.1909945,1.233927,0.3592075,-0.5069605,0.3014442,0.3312639,0.7364691,0.3850394,1.122417,0.3374175,0.07820857,-0.5785768,-0.01383615,-0.8117518,MathCanvas,1.473737,1.262358,1.241356,0.1815856,1.519532,0.377499,0.8207646,-0.1648826,0.5469545,0.2042499,1.523069,0.3500224,0.8032452,-0.1696374,0.5709817,0.1649482,1.51703,0.4034047,0.8339729,-0.1644707,0.5267245,0.1845991,1.520049,0.3767136,1.381466,53.7642,5.20741,0,8,False
1,Center_Dir_Close,670,27.61999,0.1877041,1.520503,0.3758072,0.1950049,1.234783,0.3576568,-0.5082197,0.2993558,0.3312296,0.7364686,0.3887688,1.123474,0.3382604,0.07840645,-0.5756668,-0.01385723,-0.8137986,MathCanvas,1.476993,1.260422,1.23796,0.1845991,1.520049,0.3767136,0.8180754,-0.1849798,0.5445504,0.207445,1.523506,0.3491807,0.8005452,-0.1870209,0.5693423,0.1679632,1.517499,0.4024338,0.8313567,-0.1818397,0.525148,0.1877041,1.520503,0.3758072,1.348136,53.56891,5.178822,0,8,False
1,Center_Dir_Close,671,27.63999,0.1938846,1.522156,0.3755198,0.199944,1.235346,0.3567809,-0.5047703,0.3009282,0.3290495,0.7391722,0.3908654,1.125784,0.3406154,0.08287118,-0.5597681,-0.01807343,-0.824297,MathCanvas,1.472423,1.230007,1.230978,0.1907864,1.520936,0.3749589,0.8143052,-0.184565,0.5503115,0.2138095,1.525232,0.349039,0.7966242,-0.188157,0.5744448,0.1739597,1.519081,0.4020007,0.8277411,-0.1828569,0.5304791,0.1938846,1.522156,0.3755198,1.416641,53.17273,5.303547,0,8,False
1,Center_Dir_Close,672,27.65999,0.1968081,1.522965,0.3754551,0.2026625,1.235554,0.3562821,-0.5044072,0.3018571,0.3279267,0.7395403,0.393265,1.126235,0.3417969,0.0822469,-0.5549324,-0.02160041,-0.8275379,MathCanvas,1.470853,1.232728,1.238501,0.1938846,1.522156,0.3755198,0.8175447,-0.1990785,0.5403596,0.216827,1.526069,0.3490486,0.8000402,-0.201506,0.5650936,0.1767893,1.519861,0.4018617,0.8307932,-0.1960136,0.5209234,0.1968081,1.522965,0.3754551,1.400917,52.96539,5.352861,0,8,False
1,Center_Dir_Close,673,27.67999,0.2025097,1.524305,0.3756376,0.2079077,1.235991,0.355543,-0.5036283,0.3035863,0.3257219,0.7403373,0.3982964,1.12682,0.3441209,0.08019656,-0.5465481,-0.02845496,-0.833093,MathCanvas,1.476942,1.211243,1.221565,0.1996062,1.523553,0.3755778,0.823093,-0.1981437,0.5322191,0.2226954,1.527417,0.3493594,0.8058724,-0.2011125,0.5568873,0.1823239,1.521192,0.4019157,0.836166,-0.1954334,0.5124766,0.2025097,1.524305,0.3756376,1.466072,52.60788,5.368249,0,8,False
1,Center_Dir_Close,674,27.69999,0.2049123,1.52472,0.3760724,0.20944,1.235999,0.3566415,-0.5023653,0.3053039,0.3236091,0.7414148,0.40095,1.125736,0.3451122,0.07558811,-0.5485931,-0.03211904,-0.8320459,MathCanvas,1.489608,1.21446,1.207886,0.2025097,1.524305,0.3756376,0.8213229,-0.1982739,0.5348984,0.2251521,1.527763,0.3498276,0.8039626,-0.2064261,0.5577026,0.1846726,1.521677,0.4023171,0.83435,-0.200844,0.5133437,0.2049123,1.52472,0.3760724,1.771663,52.52356,5.248234,0,8,False
1,Center_Dir_Close,675,27.71999,0.2072712,1.525217,0.3768451,0.2107941,1.236728,0.3584827,-0.5013215,0.3027868,0.3207216,0.7444022,0.4036757,1.125223,0.3453787,0.07269782,-0.5546454,-0.02997339,-0.828363,MathCanvas,1.490676,1.214326,1.213445,0.2049123,1.52472,0.3760724,0.8194598,-0.2036359,0.5357407,0.2275465,1.528191,0.3506199,0.8023238,-0.2124557,0.5577983,0.1869959,1.522243,0.4030704,0.832774,-0.2069669,0.5134708,0.2072712,1.525217,0.3768451,2.119759,52.4819,5.130053,0,8,False
1,Center_Dir_Close,676,27.73999,0.211964,1.525366,0.3783479,0.2140271,1.238686,0.3601238,-0.5015695,0.295122,0.3168443,0.7489598,0.408162,1.125443,0.3457952,0.07053278,-0.5606923,-0.02280039,-0.8246996,MathCanvas,1.489011,1.206705,1.214812,0.2097137,1.525451,0.3775471,0.8211037,-0.2089507,0.5311576,0.2323712,1.528285,0.352219,0.8040613,-0.2133127,0.5549622,0.1915568,1.522448,0.4044769,0.8343505,-0.2078177,0.5105594,0.211964,1.525366,0.3783479,2.330516,52.21477,5.034631,0,8,False
1,Center_Dir_Close,677,27.75999,0.2143233,1.525568,0.3791103,0.2162728,1.23932,0.3603363,-0.5013479,0.2936138,0.3153282,0.7503396,0.4106762,1.12562,0.3464555,0.06936255,-0.5606621,-0.02254681,-0.8248264,MathCanvas,1.493365,1.199281,1.207264,0.211964,1.525366,0.3783479,0.8211288,-0.2105033,0.5305054,0.2347968,1.528458,0.3530302,0.8039954,-0.2154967,0.5542135,0.1938498,1.522677,0.4051905,0.8342626,-0.2100038,0.509808,0.2143233,1.525568,0.3791103,2.458768,52.08182,4.987329,0,8,False
1,Center_Dir_Close,678,27.77999,0.2178019,1.521938,0.3810879,0.2166128,1.239969,0.3621947,-0.4997749,0.2873746,0.312377,0.7550242,0.4100519,1.124199,0.3462106,0.07120842,-0.5617703,-0.006648019,-0.8241962,MathCanvas,1.496978,1.196749,1.207793,0.2161056,1.524085,0.3801977,0.8172892,-0.2131264,0.5353647,0.2384522,1.524653,0.3551285,0.7995986,-0.2165981,0.5601138,0.1971516,1.519223,0.4070472,0.8301692,-0.2113861,0.515883,0.2178019,1.521938,0.3810879,2.505966,51.70345,4.68397,0,8,False
1,Center_Dir_Close,679,27.79999,0.2195617,1.520192,0.3820434,0.2176079,1.239548,0.3627802,-0.4983612,0.2868758,0.3108769,0.7567655,0.4105443,1.123313,0.3467011,0.07164217,-0.560143,-0.004589677,-0.8252794,MathCanvas,1.491377,1.189825,1.215342,0.2178019,1.521938,0.3810879,0.8193163,-0.2098753,0.5335479,0.2402893,1.522832,0.3561379,0.8018312,-0.2140054,0.5579143,0.1988341,1.517553,0.4079488,0.8322303,-0.2088508,0.5135895,0.2195617,1.520192,0.3820434,2.585583,51.54165,4.553938,0,8,False
1,Center_Dir_Close,680,27.81999,0.2230764,1.516621,0.3840499,0.2201677,1.239496,0.3637796,-0.4966796,0.2845734,0.3078729,0.7599617,0.4125794,1.122177,0.3476669,0.07151759,-0.5584096,-0.0004625469,-0.8264767,MathCanvas,1.498323,1.192626,1.214787,0.2213575,1.518672,0.3830209,0.815421,-0.2129532,0.5382747,0.2439552,1.519129,0.3582531,0.7978395,-0.2167663,0.5625519,0.2021976,1.514112,0.4098467,0.8285002,-0.2118135,0.5183846,0.2230764,1.516621,0.3840499,2.733629,51.22161,4.327572,0,8,False
1,Center_Dir_Close,681,27.83999,0.2241604,1.511856,0.3849938,0.2181399,1.232313,0.3646169,-0.4983411,0.2912596,0.309273,0.7557607,0.4098143,1.115487,0.3489619,0.07286999,-0.5531028,-0.01097985,-0.8298474,MathCanvas,1.492656,1.185061,1.222123,0.2230764,1.516621,0.3840499,0.8134721,-0.2142906,0.5406873,0.2451313,1.514345,0.3592698,0.795844,-0.2161831,0.5655944,0.2031896,1.509367,0.4107178,0.8266622,-0.2112644,0.5215333,0.2241604,1.511856,0.3849938,2.697211,51.01462,4.293666,0,8,False
1,Center_Dir_Close,682,27.85999,0.2254035,1.507974,0.3858109,0.2179524,1.229789,0.3650177,-0.4991385,0.2930898,0.3096323,0.7543786,0.4099028,1.111731,0.3496345,0.07226831,-0.552665,-0.01274635,-0.8301664,MathCanvas,1.491535,1.177995,1.227375,0.2241604,1.511856,0.3849938,0.8168857,-0.2100772,0.5371827,0.2464527,1.510401,0.3601451,0.7993883,-0.2134259,0.5616297,0.2043542,1.505547,0.4114767,0.8299349,-0.20852,0.517424,0.2254035,1.507974,0.3858109,2.739402,50.84428,4.186123,0,8,False
1,Center_Dir_Close,683,27.87999,0.2275727,1.49915,0.3872419,0.2184521,1.22134,0.3667914,-0.5002047,0.2973417,0.3083457,0.7525331,0.4104301,1.103559,0.3507001,0.07039476,-0.5535964,-0.01280932,-0.8297057,MathCanvas,1.498637,1.180539,1.223087,0.2265179,1.503512,0.3865271,0.8137707,-0.2088865,0.5423502,0.2487434,1.501434,0.361663,0.796453,-0.2123814,0.5661774,0.206402,1.496865,0.4128208,0.8272096,-0.207711,0.5220924,0.2275727,1.49915,0.3872419,2.792678,50.57896,3.940628,0,8,False
1,Center_Dir_Close,684,27.89999,0.22853,1.494549,0.3879482,0.2186703,1.218524,0.3673878,-0.5005134,0.2984881,0.3077141,0.7521324,0.4104791,1.101959,0.3508422,0.07017985,-0.5538697,-0.01258764,-0.8295449,MathCanvas,1.493425,1.174219,1.230889,0.2275727,1.49915,0.3872419,0.8121328,-0.2100468,0.5443535,0.2497521,1.496749,0.3624044,0.794847,-0.2141144,0.5677794,0.207308,1.49235,0.4134919,0.8256943,-0.2095745,0.5237438,0.22853,1.494549,0.3879482,2.884293,50.47107,3.793717,0,8,False
1,Center_Dir_Close,685,27.91999,0.2295628,1.486802,0.3892848,0.218319,1.199369,0.3699421,-0.5009288,0.3059259,0.3038519,0.7504358,0.4094897,1.085719,0.3525219,0.07223175,-0.5496331,-0.00794533,-0.8322397,MathCanvas,1.49351,1.16738,1.235835,0.2293036,1.490471,0.3886727,0.8140789,-0.2106273,0.5412132,0.2506686,1.488778,0.3636268,0.7991937,-0.2176752,0.560274,0.2084569,1.484826,0.4149429,0.8296118,-0.2134224,0.515941,0.2295628,1.486802,0.3892848,3.463167,50.7662,3.410671,0,8,False
1,Center_Dir_Close,686,27.93999,0.230018,1.482798,0.3897034,0.2185862,1.194266,0.3707862,-0.5000981,0.3085394,0.3025681,0.7504385,0.4094773,1.080981,0.3532095,0.07183314,-0.5475748,-0.004390106,-0.8336563,MathCanvas,1.496357,1.159043,1.23147,0.2295628,1.486802,0.3892848,0.822275,-0.212482,0.5279349,0.251127,1.484743,0.3640456,0.8064853,-0.2177202,0.5497085,0.2089091,1.480853,0.4153613,0.8362969,-0.2133672,0.5050563,0.230018,1.482798,0.3897034,3.63787,50.76872,3.356788,0,8,False
1,Center_Dir_Close,687,27.95999,0.230956,1.474805,0.3906648,0.2191838,1.184421,0.3724583,-0.4985056,0.3135073,0.3000669,0.7504433,0.4095221,1.071719,0.3545346,0.07094347,-0.5438054,0.002804816,-0.8362027,MathCanvas,1.513083,1.151245,1.213484,0.2305464,1.478666,0.3902581,0.8209232,-0.2184172,0.5276163,0.2520787,1.47667,0.3650123,0.8050975,-0.2236484,0.5493627,0.2098333,1.472941,0.4163173,0.834939,-0.2193931,0.5047212,0.230956,1.474805,0.3906648,3.975541,50.75481,3.219209,0,8,False
1,Center_Dir_Close,688,27.97999,0.2311318,1.475488,0.3910641,0.2216275,1.179959,0.3741438,-0.4903914,0.3151445,0.2965531,0.7564763,0.4103194,1.064435,0.3548637,0.06071931,-0.552367,0.03044283,-0.8308291,MathCanvas,1.509796,1.134553,1.212589,0.230956,1.474805,0.3906648,0.8227724,-0.2207929,0.5237328,0.2521875,1.477646,0.3653795,0.8110908,-0.2147626,0.5440668,0.2100761,1.47333,0.4167486,0.8405985,-0.2100305,0.4992808,0.2311318,1.475488,0.3910641,3.539288,50.88608,3.724869,0,8,False
1,Center_Dir_Close,689,27.99999,0.2319461,1.474888,0.3917889,0.2233045,1.175666,0.376138,-0.4820307,0.3158089,0.2967206,0.7614908,0.4095251,1.057336,0.3563807,0.05874243,-0.5586957,0.01190412,-0.8272042,MathCanvas,1.516973,1.13043,1.209562,0.2315711,1.475227,0.3914407,0.8334791,-0.1849223,0.5206884,0.2529135,1.477164,0.3660424,0.8194773,-0.187422,0.5415995,0.2109787,1.472612,0.4175354,0.8485635,-0.1826042,0.496584,0.2319461,1.474888,0.3917889,3.539171,51.08424,3.928692,0,8,False
1,Center_Dir_Close,690,28.01999,0.2323056,1.47421,0.3921719,0.2240077,1.171957,0.3771088,-0.4794703,0.3171411,0.2957978,0.7629112,0.4094643,1.052991,0.3570358,0.05725766,-0.560056,0.012051,-0.8263859,MathCanvas,1.543408,1.183916,1.211081,0.2319461,1.474888,0.3917889,0.8370938,-0.1824716,0.5157307,0.2532454,1.476523,0.3664063,0.8230027,-0.1850305,0.537057,0.2113657,1.471897,0.4179375,0.8518116,-0.180121,0.4919079,0.2323056,1.47421,0.3921719,3.553491,51.14692,3.992726,0,8,False
1,Center_Dir_Close,691,28.03999,0.2324366,1.477298,0.3923962,0.2245729,1.174678,0.3775,-0.4724781,0.3169141,0.2989576,0.7661294,0.4090249,1.052271,0.3584669,0.05380598,-0.5568827,0.0009357781,-0.828846,MathCanvas,1.55378,1.186152,1.206328,0.2323056,1.47421,0.3921719,0.8377139,-0.1825763,0.5146858,0.2532851,1.479651,0.3665603,0.8249853,-0.1850749,0.5339912,0.211588,1.474944,0.418232,0.8536337,-0.1800987,0.4887473,0.2324366,1.477298,0.3923962,3.563192,51.35076,4.063599,0,8,False
1,Center_Dir_Close,692,28.05999,0.2325665,1.483489,0.3926717,0.2262377,1.183774,0.3770192,-0.4714728,0.3147462,0.3035926,0.7658197,0.4107624,1.053489,0.3604247,0.03604069,-0.5519167,0.01393686,-0.8330036,MathCanvas,1.557343,1.18854,1.20641,0.2324559,1.480333,0.392529,0.8408062,-0.182831,0.509527,0.2533096,1.485817,0.3667488,0.8270292,-0.1856863,0.5306065,0.2118234,1.481161,0.4185947,0.8554937,-0.1807488,0.4852425,0.2325665,1.483489,0.3926717,3.594496,51.58624,4.018455,0,8,False
1,Center_Dir_Close,693,28.07999,0.2325687,1.486851,0.3928402,0.2270912,1.187365,0.3770192,-0.4740885,0.3129899,0.3053329,0.7642312,0.411252,1.052518,0.3612261,0.02986583,-0.5514553,0.01640214,-0.8335083,MathCanvas,1.566065,1.193523,1.200769,0.2325665,1.483489,0.3926717,0.8429064,-0.1706551,0.5102801,0.253263,1.489176,0.3668781,0.8293868,-0.1728854,0.5312515,0.2118745,1.484525,0.4188024,0.8577561,-0.1680312,0.4858187,0.2325687,1.486851,0.3928402,3.58251,51.69312,4.014671,0,8,False
1,Center_Dir_Close,694,28.09999,0.232466,1.495686,0.3928646,0.2285097,1.198691,0.3770606,-0.4849869,0.3082078,0.3101577,0.7573625,0.4132819,1.059549,0.3624752,0.01101884,-0.5500124,0.02042143,-0.834834,MathCanvas,1.575436,1.214973,1.205788,0.2324563,1.491586,0.3927865,0.8444945,-0.1676997,0.5086313,0.2531026,1.498014,0.3668568,0.830909,-0.1694372,0.5299824,0.2118293,1.493358,0.4188724,0.8591751,-0.1646008,0.484484,0.232466,1.495686,0.3928646,3.381304,51.80607,4.017769,0,8,False
1,Center_Dir_Close,695,28.11999,0.232321,1.500536,0.3928981,0.2290955,1.208918,0.3776436,-0.4933334,0.3061465,0.3109442,0.7524694,0.4142043,1.071131,0.362867,0.01052985,-0.5445207,0.01494949,-0.8385481,MathCanvas,1.582202,1.227655,1.205798,0.232466,1.495686,0.3928646,0.8453508,-0.1670196,0.5074313,0.2529198,1.502836,0.366858,0.8324909,-0.1602512,0.5303569,0.2117221,1.498235,0.4189383,0.860686,-0.1555161,0.4848035,0.232321,1.500536,0.3928981,2.840253,51.85148,3.969053,0,8,False
1,Center_Dir_Close,696,28.13999,0.2321213,1.509171,0.3928902,0.2305898,1.219519,0.3792199,-0.49947,0.3019442,0.3121403,0.7496185,0.4156668,1.084576,0.3637048,0.01530805,-0.5386214,0.008990884,-0.8423609,MathCanvas,1.58591,1.233101,1.205405,0.2322292,1.504859,0.392887,0.8461244,-0.1572988,0.5092452,0.2526446,1.511452,0.3667887,0.8329867,-0.1539781,0.5314357,0.211598,1.50689,0.4189917,0.8611871,-0.1493381,0.4858548,0.2321213,1.509171,0.3928902,2.120869,51.96819,3.932495,0,8,False
1,Center_Dir_Close,697,28.15999,0.232012,1.51375,0.3928899,0.2313173,1.223586,0.3797479,-0.5017976,0.3005671,0.3130977,0.7482169,0.4162876,1.088084,0.3643064,0.01293886,-0.5366653,0.008111909,-0.843657,MathCanvas,1.591982,1.256366,1.211331,0.2321213,1.509171,0.3928902,0.847396,-0.1516585,0.5088416,0.2524965,1.516024,0.3667574,0.8341444,-0.1494612,0.5309092,0.2115275,1.511476,0.4190225,0.8622748,-0.14486,0.4852811,0.232012,1.51375,0.3928899,1.856625,52.03534,3.919951,0,8,False
1,Center_Dir_Close,698,28.17999,0.231869,1.516742,0.39297,0.2320467,1.229898,0.3813318,-0.5050755,0.296885,0.3134762,0.7473224,0.4175119,1.096877,0.3644056,0.02359808,-0.5375216,0.001766026,-0.8429179,MathCanvas,1.596288,1.269585,1.212106,0.232012,1.51375,0.3928899,0.8434871,-0.1507787,0.5155534,0.252302,1.518964,0.3667927,0.8305347,-0.1448646,0.5377976,0.2114359,1.514521,0.4191473,0.8590163,-0.1404466,0.4923066,0.231869,1.516742,0.39297,1.372405,52.11757,3.828105,0,8,False
1,Center_Dir_Close,699,28.19999,0.2322207,1.521012,0.3933219,0.2331641,1.237965,0.3839613,-0.5078471,0.2944203,0.3155756,0.7455335,0.4206761,1.109048,0.365341,0.03696183,-0.5425588,-0.004080311,-0.8391942,MathCanvas,1.589607,1.274038,1.222842,0.2321559,1.518458,0.3931758,0.8441142,-0.1370187,0.5183601,0.2525422,1.523206,0.3670557,0.8309495,-0.1332275,0.5401604,0.2118991,1.518818,0.4195882,0.8594724,-0.1289541,0.4946494,0.2322207,1.521012,0.3933219,0.6107688,52.31215,3.779992,0,8,False
1,Center_Dir_Close,700,28.21999,0.2322295,1.523821,0.3934158,0.2338478,1.242207,0.3848224,-0.5099401,0.2928919,0.3164967,0.7443153,0.4216806,1.113982,0.3658424,0.0390198,-0.5423893,-0.006163165,-0.8391981,MathCanvas,1.594851,1.299827,1.230096,0.2322207,1.521012,0.3933219,0.8455194,-0.1310912,0.5176022,0.2525035,1.526,0.3671117,0.8323082,-0.1273487,0.5394863,0.2119555,1.521641,0.41972,0.8607466,-0.1231302,0.4939172,0.2322295,1.523821,0.3934158,0.2678773,52.3943,3.754982,0,8,False
1,Center_Dir_Close,701,28.23999,0.2327427,1.523878,0.3939094,0.2349839,1.242916,0.3858943,-0.5118251,0.2959773,0.3186725,0.7408645,0.4243344,1.120001,0.3680968,0.04905286,-0.5424473,-0.006435603,-0.8386319,MathCanvas,1.598139,1.312047,1.229586,0.2325634,1.523997,0.3936829,0.8481114,-0.1203623,0.515965,0.2529443,1.526178,0.3675599,0.8343378,-0.1210795,0.5377917,0.2125411,1.521577,0.4202589,0.862648,-0.1166986,0.4921583,0.2327427,1.523878,0.3939094,359.9217,52.51798,3.963319,0,8,False
1,Center_Dir_Close,702,28.25999,0.2329698,1.523807,0.3942502,0.2355952,1.244086,0.3863774,-0.5135125,0.2966257,0.3196942,0.7389951,0.4252369,1.121923,0.3692766,0.05396319,-0.5416448,-0.008949623,-0.8388259,MathCanvas,1.605085,1.329118,1.228801,0.2327427,1.523878,0.3939094,0.8451522,-0.1463998,0.5140864,0.2531487,1.526117,0.3678841,0.8311099,-0.1483251,0.5359626,0.2127909,1.521496,0.4206162,0.8595493,-0.1438071,0.4904022,0.2329698,1.523807,0.3942502,359.9042,52.56518,3.981174,0,8,False
1,Center_Dir_Close,703,28.27999,0.2334836,1.523414,0.3949584,0.2367648,1.245751,0.3871828,-0.5169315,0.2980642,0.3217593,0.7351261,0.4270998,1.12699,0.3712263,0.06201437,-0.5408832,-0.01480097,-0.8386778,MathCanvas,1.590737,1.28861,1.220148,0.233235,1.523556,0.3946244,0.8389701,-0.1973163,0.5071445,0.2535951,1.525711,0.3685398,0.8253701,-0.1973376,0.528982,0.2133721,1.521118,0.4213771,0.8539004,-0.1926282,0.4834753,0.2334836,1.523414,0.3949584,359.7478,52.70198,3.957032,0,8,False
1,Center_Dir_Close,704,28.29999,0.2341219,1.522022,0.3955727,0.2370995,1.242084,0.3869352,-0.5182503,0.3009959,0.3232002,0.7323658,0.4277585,1.125995,0.3724224,0.06709981,-0.5419537,-0.02119906,-0.8374571,MathCanvas,1.567753,1.209609,1.201504,0.2334836,1.523414,0.3949584,0.8399459,-0.1949834,0.506431,0.2542328,1.524281,0.3691502,0.8245425,-0.2032311,0.5280404,0.214011,1.519764,0.4219953,0.8530761,-0.198555,0.482532,0.2341219,1.522022,0.3955727,0.08817276,52.7303,3.89043,0,8,False
1,Center_Dir_Close,705,28.31999,0.2348895,1.520791,0.3962668,0.2373918,1.239048,0.3869381,-0.518319,0.3033909,0.3243739,0.7308085,0.4286003,1.124907,0.3733355,0.07116313,-0.5444485,-0.02435737,-0.8354151,MathCanvas,1.568507,1.212261,1.200117,0.2341219,1.522022,0.3955727,0.8391203,-0.2008937,0.5054887,0.2549995,1.523079,0.3698461,0.8240376,-0.2078083,0.5270463,0.2147795,1.518504,0.4226874,0.8525723,-0.203062,0.481546,0.2348895,1.520791,0.3962668,0.3611304,52.74836,3.940956,0,8,False
1,Center_Dir_Close,706,28.33999,0.2362605,1.518075,0.3976777,0.2381269,1.23471,0.387272,-0.5172257,0.3071491,0.3254657,0.7295266,0.4304278,1.123614,0.374853,0.07828394,-0.5495183,-0.02563079,-0.831411,MathCanvas,1.56531,1.202276,1.197716,0.2355749,1.51951,0.3969993,0.8340669,-0.220487,0.5056857,0.2563584,1.520424,0.3712533,0.8191296,-0.2256668,0.527353,0.2161627,1.515726,0.4241022,0.8479039,-0.2207836,0.4819891,0.2362605,1.518075,0.3976777,0.8082183,52.80149,4.048032,0,8,False
1,Center_Dir_Close,707,28.35999,0.2370012,1.516526,0.3983847,0.2386017,1.234333,0.3875928,-0.5179938,0.3082937,0.3263725,0.7280924,0.4313208,1.123685,0.3756349,0.08176035,-0.5514381,-0.02657549,-0.8297741,MathCanvas,1.552208,1.170202,1.195523,0.2362605,1.518075,0.3976777,0.8339002,-0.2230218,0.5048482,0.2570883,1.518897,0.371954,0.8191209,-0.2279126,0.5263999,0.2169141,1.514155,0.4248154,0.8478731,-0.2229928,0.4810255,0.2370012,1.516526,0.3983847,0.9560008,52.83382,4.085762,0,8,False
1,Center_Dir_Close,708,28.37999,0.2384474,1.511136,0.4001532,0.2387035,1.226088,0.3874907,-0.5098938,0.309059,0.3224939,0.7351793,0.4312608,1.114129,0.3763225,0.07702854,-0.5594035,-0.01782008,-0.8251162,MathCanvas,1.55114,1.165067,1.193972,0.2377182,1.513604,0.3992233,0.8297954,-0.231429,0.5078191,0.2585989,1.513382,0.3737606,0.8124345,-0.2420939,0.5304157,0.218296,1.50889,0.4265458,0.8415515,-0.2373771,0.4852249,0.2384474,1.511136,0.4001532,1.752944,52.75586,3.870829,0,8,False
1,Center_Dir_Close,709,28.39999,0.2391252,1.508734,0.4009135,0.2386782,1.22409,0.3876956,-0.5081816,0.308912,0.3220904,0.7366021,0.4313189,1.111878,0.3768121,0.07597644,-0.5611276,-0.01547939,-0.8240897,MathCanvas,1.541217,1.147795,1.197423,0.2384474,1.511136,0.4001532,0.8267381,-0.2382091,0.5096672,0.2592787,1.510913,0.3745168,0.8107582,-0.2455452,0.5313932,0.2189717,1.506555,0.4273102,0.8399544,-0.2409422,0.4862339,0.2391252,1.508734,0.4009135,2.040463,52.7727,3.755629,0,8,False
1,Center_Dir_Close,710,28.41999,0.2399935,1.502172,0.4018093,0.2381521,1.219937,0.388151,-0.5039394,0.307791,0.3208899,0.7404996,0.4294828,1.105012,0.3769519,0.06954029,-0.5619412,-0.004782647,-0.824235,MathCanvas,1.535108,1.135321,1.19986,0.2397908,1.506082,0.4016372,0.8246852,-0.2478648,0.5083871,0.2601258,1.504274,0.3753903,0.8095736,-0.2534616,0.5294788,0.2198611,1.500071,0.4282283,0.8387408,-0.2489492,0.4842913,0.2399935,1.502172,0.4018093,2.500837,52.84946,3.623893,0,8,False
1,Center_Dir_Close,711,28.43999,0.2404276,1.499086,0.4022912,0.2380606,1.217994,0.3883941,-0.5024757,0.3074456,0.3204496,0.7418271,0.4294801,1.103099,0.377397,0.06925008,-0.5633219,-0.002675832,-0.8233261,MathCanvas,1.529184,1.114697,1.196547,0.2399935,1.502172,0.4018093,0.822363,-0.2502129,0.5109918,0.2605558,1.501154,0.3758664,0.8066482,-0.256365,0.5325371,0.2202995,1.497017,0.4287161,0.8360122,-0.2519529,0.4874457,0.2404276,1.499086,0.4022912,2.730373,52.87313,3.567333,0,8,False
1,Center_Dir_Close,712,28.45999,0.2409227,1.495879,0.4030139,0.2374567,1.211674,0.3892533,-0.5030723,0.302492,0.3179224,0.7445416,0.4246332,1.095811,0.3771034,0.06977952,-0.5514455,-0.002984241,-0.831282,MathCanvas,1.525564,1.108069,1.200836,0.2406713,1.49759,0.4026123,0.8242036,-0.2343967,0.5155064,0.2611023,1.497971,0.3766301,0.8085809,-0.2362624,0.5388663,0.2207431,1.493788,0.4293977,0.8380582,-0.2319067,0.4938397,0.2409227,1.495879,0.4030139,2.756701,52.76318,3.60675,0,8,False
1,Center_Dir_Close,713,28.47999,0.2411591,1.493766,0.4033304,0.2374397,1.208709,0.3897175,-0.5031484,0.3016503,0.316636,0.7453794,0.4235711,1.093066,0.3773915,0.06986701,-0.5485886,-0.003117755,-0.8331623,MathCanvas,1.530295,1.129192,1.209465,0.2409227,1.495879,0.4030139,0.8236293,-0.2340851,0.5165645,0.2613633,1.495863,0.3769658,0.807954,-0.2371706,0.5394076,0.2209549,1.491668,0.4296949,0.8374739,-0.2328015,0.4944098,0.2411591,1.493766,0.4033304,2.811017,52.71327,3.617259,0,8,False
1,Center_Dir_Close,714,28.49999,0.2409443,1.491569,0.4032322,0.2375578,1.205127,0.3904785,-0.5037884,0.3019733,0.3143072,0.7458019,0.4223395,1.089551,0.3779161,0.06983019,-0.5416585,-0.007794977,-0.8376569,MathCanvas,1.530803,1.127234,1.21217,0.2411591,1.493766,0.4033304,0.8230236,-0.2349867,0.5171205,0.2612051,1.493737,0.3769169,0.8071902,-0.2360946,0.5410208,0.2206835,1.489402,0.4295476,0.8368049,-0.2316158,0.4960963,0.2409443,1.491569,0.4032322,2.755002,52.58643,3.738598,0,8,False
1,Center_Dir_Close,715,28.51999,0.2405103,1.489874,0.4033232,0.2382127,1.199945,0.3920252,-0.5046059,0.3033416,0.311346,0.7459359,0.4232134,1.082777,0.3793288,0.06391358,-0.5398637,-0.01449248,-0.8391973,MathCanvas,1.530071,1.123503,1.213213,0.2408488,1.48961,0.4033523,0.8247839,-0.2165168,0.5223525,0.2608476,1.492013,0.3770646,0.8087248,-0.2177268,0.5464057,0.220173,1.487736,0.4295818,0.8384199,-0.2133601,0.5015274,0.2405103,1.489874,0.4033232,2.740506,52.41875,3.688005,0,8,False
1,Center_Dir_Close,716,28.53999,0.2404111,1.490025,0.4034012,0.2385427,1.198029,0.3926422,-0.5046027,0.3037596,0.3104748,0.7461311,0.4244623,1.079931,0.3800446,0.05879939,-0.5424042,-0.01430564,-0.8379354,MathCanvas,1.536034,1.149782,1.223805,0.2405103,1.489874,0.4033232,0.8273422,-0.2024246,0.5239553,0.2607891,1.492139,0.3771721,0.8113926,-0.2042991,0.5476348,0.2200332,1.48791,0.4296302,0.8410027,-0.1999921,0.5027102,0.2404111,1.490025,0.4034012,2.720372,52.32889,3.646811,0,8,False
1,Center_Dir_Close,717,28.55999,0.2401566,1.48987,0.4034581,0.2387596,1.194642,0.3933941,-0.5044497,0.3037529,0.3089316,0.7468774,0.4242578,1.074077,0.3810487,0.05495489,-0.5404558,-0.01611531,-0.8394212,MathCanvas,1.544698,1.170907,1.229405,0.2402518,1.48962,0.4034432,0.8257516,-0.2023522,0.5264865,0.2606105,1.491957,0.3772859,0.8097682,-0.2039834,0.5501511,0.2197028,1.487783,0.4296302,0.8395084,-0.1997228,0.5053082,0.2401566,1.48987,0.4034581,2.698789,52.16165,3.598723,0,8,False
1,Center_Dir_Close,718,28.57999,0.2399244,1.494467,0.4032339,0.239566,1.199537,0.3944338,-0.5011191,0.3090918,0.3094331,0.7467215,0.4301343,1.076449,0.3820683,0.04750276,-0.5565938,-0.002433807,-0.829422,MathCanvas,1.542783,1.170659,1.233993,0.2401566,1.48987,0.4034581,0.824945,-0.2018536,0.5279402,0.260357,1.496438,0.3770362,0.8104532,-0.1996921,0.5507165,0.2194918,1.492496,0.4294316,0.8401561,-0.1956377,0.5058296,0.2399244,1.494467,0.4032339,2.434545,52.19247,3.398257,0,8,False
1,Center_Dir_Close,719,28.59999,0.2392164,1.499649,0.4028212,0.2392116,1.205583,0.3943602,-0.5019702,0.3086501,0.3129618,0.7448597,0.4333116,1.079327,0.3831596,0.04476318,-0.5663122,0.008285419,-0.8229327,MathCanvas,1.544428,1.175272,1.238077,0.239562,1.496872,0.4030637,0.8311517,-0.1881085,0.5232611,0.2596356,1.501387,0.3765967,0.8160036,-0.1898369,0.5459853,0.2187971,1.497911,0.4290458,0.845291,-0.1861192,0.5008421,0.2392164,1.499649,0.4028212,2.406389,52.22054,2.996232,0,8,False
1,Center_Dir_Close,720,28.61999,0.2388825,1.502247,0.402601,0.2392116,1.205583,0.3943602,-0.5019702,0.3086501,0.3129618,0.7448597,0.434425,1.078504,0.383734,0.04248562,-0.5691299,0.0111441,-0.8210737,MathCanvas,1.559635,1.200808,1.234106,0.2392164,1.499649,0.4028212,0.834314,-0.1850956,0.5192876,0.259309,1.503908,0.376377,0.819206,-0.1865432,0.5423128,0.2184561,1.500586,0.4288249,0.8482366,-0.1829097,0.4970298,0.2388825,1.502247,0.402601,2.371112,52.2027,2.863323,0,8,False
1,Center_Dir_Close,721,28.63999,0.2385888,1.505003,0.4023045,0.2391774,1.206787,0.394437,-0.5025953,0.308453,0.3136648,0.7442238,0.4355654,1.079273,0.3842939,0.04083333,-0.5722483,0.01493077,-0.8189272,MathCanvas,1.567264,1.207541,1.229402,0.2388825,1.502247,0.402601,0.8340303,-0.1847268,0.5198746,0.2590263,1.506581,0.3760839,0.8188434,-0.1859281,0.5430712,0.2181514,1.503425,0.428525,0.8478937,-0.1824323,0.4977898,0.2385888,1.505003,0.4023045,2.32443,52.17598,2.720166,0,8,False
1,Center_Dir_Close,722,28.65999,0.2384847,1.511651,0.4001908,0.2394569,1.225153,0.3951845,-0.5172724,0.3072239,0.316974,0.7331918,0.4341114,1.100144,0.383843,0.05246443,-0.5618955,0.02449936,-0.8251792,MathCanvas,1.567802,1.2106,1.230841,0.2384971,1.508918,0.4013233,0.834407,-0.1800096,0.5209236,0.2588443,1.513192,0.3739076,0.8217362,-0.1743944,0.5425277,0.2181251,1.510109,0.426474,0.8506455,-0.1710164,0.4971474,0.2384847,1.511651,0.4001908,1.645929,52.31416,2.655561,0,8,False
1,Center_Dir_Close,723,28.67999,0.2383891,1.514602,0.3993848,0.2395816,1.22855,0.3954037,-0.5192715,0.3077285,0.3174164,0.7313734,0.4342941,1.104218,0.3837791,0.05502519,-0.5605915,0.02733988,-0.8258099,MathCanvas,1.572228,1.223917,1.232852,0.2384847,1.511651,0.4001908,0.8365573,-0.1727192,0.5199424,0.2587147,1.516082,0.3730717,0.8227748,-0.1707104,0.5421251,0.2180636,1.513122,0.4256979,0.8516185,-0.1674497,0.4966955,0.2383891,1.514602,0.3993848,1.422328,52.37904,2.54924,0,8,False
1,Center_Dir_Close,724,28.69999,0.2387596,1.518852,0.397185,0.2405206,1.236498,0.3956538,-0.5147461,0.3173814,0.3230265,0.7279832,0.4332525,1.116585,0.3801118,0.07053018,-0.5537667,0.02502895,-0.8293019,MathCanvas,1.578133,1.237993,1.232071,0.2383021,1.517626,0.3985626,0.8374406,-0.1715769,0.5188975,0.2588736,1.520148,0.3707002,0.8269976,-0.1663461,0.5370325,0.2186457,1.517555,0.4236698,0.8554909,-0.1634084,0.4913582,0.2387596,1.518852,0.397185,0.7994658,52.81617,2.231902,0,8,False
1,Center_Dir_Close,725,28.71999,0.2391716,1.520444,0.3959555,0.2411989,1.239147,0.395297,-0.5123871,0.3229382,0.3264207,0.7256858,0.4332811,1.120273,0.3774117,0.07448533,-0.5558482,0.02427447,-0.8275841,MathCanvas,1.581786,1.243689,1.229355,0.2387596,1.518852,0.397185,0.8415553,-0.1648775,0.514393,0.2591393,1.521656,0.3693563,0.8303053,-0.1614562,0.533409,0.2192039,1.519233,0.4225548,0.8585446,-0.1586806,0.4875671,0.2391716,1.520444,0.3959555,0.5040455,53.12329,2.085796,0,8,False
1,Center_Dir_Close,726,28.73999,0.2402339,1.52286,0.3933199,0.2429018,1.24299,0.3937348,-0.5111339,0.3332545,0.3332673,0.7187604,0.4335224,1.126406,0.3727081,0.08000431,-0.5613965,0.02522499,-0.8232843,MathCanvas,1.590298,1.255732,1.221819,0.2397296,1.521563,0.3946641,0.8427739,-0.1594594,0.5141059,0.2598673,1.52391,0.3664661,0.831548,-0.1560841,0.533072,0.2206006,1.52181,0.4201736,0.8597144,-0.1536841,0.4871061,0.2402339,1.52286,0.3933199,359.9048,53.82565,1.808168,0,8,False
1,Center_Dir_Close,727,28.75999,0.2411421,1.522979,0.3916411,0.2439837,1.243834,0.3922683,-0.5115525,0.3392461,0.3378179,0.7135162,0.4334396,1.127092,0.3684998,0.08139063,-0.5677386,0.02556658,-0.8187764,MathCanvas,1.595146,1.2665,1.219838,0.2402339,1.52286,0.3933199,0.8459441,-0.1548843,0.5102836,0.2604868,1.524016,0.3645781,0.8376638,-0.1516784,0.5247028,0.2217973,1.521942,0.418704,0.8653344,-0.1493201,0.4784349,0.2411421,1.522979,0.3916411,359.6474,54.43156,1.784857,0,8,False
1,Center_Dir_Close,728,28.77999,0.242738,1.522581,0.3880052,0.2460908,1.24308,0.3877803,-0.5090659,0.3566374,0.3499613,0.7008487,0.4320098,1.124787,0.3594915,0.07948029,-0.5741086,0.02416134,-0.8145542,MathCanvas,1.601033,1.273996,1.211944,0.2419138,1.523555,0.3900557,0.8538652,-0.1555738,0.4967002,0.2614023,1.523552,0.3604662,0.8486236,-0.1591886,0.5044769,0.2240737,1.521609,0.4155442,0.8752185,-0.1569167,0.4575696,0.242738,1.522581,0.3880052,359.5502,55.85978,1.672692,0,8,False
1,Center_Dir_Close,729,28.79999,0.2434276,1.522023,0.3861138,0.2469547,1.242857,0.3857449,-0.5063704,0.3657321,0.3551423,0.6954877,0.4312901,1.12431,0.3554562,0.07934064,-0.5771886,0.02258451,-0.8124337,MathCanvas,1.616293,1.27232,1.187013,0.242738,1.522581,0.3880052,0.8588938,-0.1707358,0.4828569,0.2617507,1.522974,0.3583459,0.8512354,-0.1725198,0.4956159,0.2251046,1.521072,0.4138817,0.8774337,-0.1702557,0.4484676,0.2434276,1.522023,0.3861138,359.5854,56.56879,1.638196,0,8,False
1,Center_Dir_Close,730,28.81999,0.2442247,1.521603,0.3842222,0.2477251,1.244004,0.3845268,-0.5053285,0.3717538,0.359103,0.6910046,0.4309607,1.125485,0.3523606,0.08048398,-0.5795556,0.0224744,-0.8106372,MathCanvas,1.620428,1.248295,1.160242,0.2434276,1.522023,0.3861138,0.8646564,-0.1713879,0.4722239,0.2622602,1.522513,0.3562653,0.8564198,-0.1709341,0.4871618,0.2261892,1.520693,0.4121791,0.8821297,-0.1687436,0.4397417,0.2442247,1.521603,0.3842222,359.489,57.15923,1.5672,0,8,False
1,Center_Dir_Close,731,28.83999,0.2454885,1.519386,0.3803037,0.2492292,1.239767,0.3783264,-0.4935375,0.3998782,0.3701692,0.6778591,0.4285086,1.119234,0.3392899,0.0785878,-0.6021537,0.01446615,-0.7943712,MathCanvas,1.630582,1.246806,1.141368,0.2448003,1.520258,0.3822184,0.8744085,-0.195614,0.4440102,0.2625751,1.520314,0.3517576,0.8678762,-0.1984797,0.4554084,0.2284018,1.518458,0.4088498,0.8920349,-0.1961537,0.4071823,0.2454885,1.519386,0.3803037,0.09601303,59.09953,1.597796,0,8,False
1,Center_Dir_Close,732,28.85999,0.246492,1.518828,0.3782118,0.2493262,1.234875,0.3731117,-0.482312,0.4224727,0.3743105,0.6699132,0.4265519,1.113583,0.3275052,0.08077539,-0.6326969,0.01660559,-0.7699963,MathCanvas,1.644968,1.206309,1.090936,0.2454885,1.519386,0.3803037,0.8802864,-0.1973169,0.4314648,0.2628532,1.519783,0.3492447,0.8778274,-0.2063922,0.4322283,0.2301308,1.517872,0.4071789,0.9007673,-0.2039893,0.3834144,0.246492,1.518828,0.3782118,0.5623267,60.55752,1.644817,0,8,False
1,Center_Dir_Close,733,28.87999,0.248147,1.517151,0.3743206,0.2501827,1.232311,0.3671179,-0.4714392,0.4466722,0.3825068,0.6572044,0.423975,1.10967,0.3147103,0.07830843,-0.6534982,0.0191707,-0.7526223,MathCanvas,1.652278,1.20372,1.067245,0.247352,1.518024,0.3761936,0.8855658,-0.2243639,0.4067358,0.2634424,1.518192,0.3447797,0.8809178,-0.2285594,0.4144204,0.2328517,1.516111,0.4038615,0.9030545,-0.2261665,0.3651593,0.248147,1.517151,0.3743206,0.9384948,62.65566,1.791634,0,8,False
1,Center_Dir_Close,734,28.89999,0.2489973,1.516322,0.3727836,0.2495532,1.230821,0.3630692,-0.4657383,0.4574421,0.3881065,0.6505444,0.4210995,1.106346,0.3076867,0.07020497,-0.6599248,0.0210056,-0.7477495,MathCanvas,1.658634,1.159795,1.02215,0.248147,1.517151,0.3743206,0.8923269,-0.2273631,0.3899472,0.263663,1.51738,0.3429257,0.8890867,-0.2308851,0.3952427,0.2343316,1.515265,0.4026415,0.9101754,-0.228457,0.3455259,0.2489973,1.516322,0.3727836,1.076622,63.87469,1.821319,0,8,False
1,Center_Dir_Close,735,28.91999,0.2509363,1.513906,0.3696931,0.2480886,1.229976,0.3568492,-0.4548523,0.4711198,0.4025082,0.6396427,0.4143399,1.102551,0.2950071,0.05706382,-0.6708702,0.01385626,-0.7392462,MathCanvas,1.664513,1.155652,0.9913644,0.2498461,1.515341,0.3711506,0.8980879,-0.2329667,0.3730478,0.264297,1.514892,0.3392265,0.8957548,-0.2368853,0.3761763,0.2375755,1.512919,0.4001597,0.9157612,-0.2348299,0.3259394,0.2509363,1.513906,0.3696931,1.382264,66.36172,1.698877,0,8,False
1,Center_Dir_Close,736,28.93999,0.2519456,1.51254,0.3680746,0.2475488,1.229559,0.3540433,-0.449028,0.4780471,0.4092855,0.634295,0.4118018,1.100947,0.2887366,0.0537715,-0.6784509,0.0122869,-0.7325723,MathCanvas,1.672226,1.145219,0.9600687,0.2509363,1.513906,0.3696931,0.8934988,-0.2356387,0.3822752,0.2646868,1.513545,0.3373443,0.8898165,-0.2393377,0.3885151,0.2392043,1.511536,0.3988048,0.9104592,-0.2376806,0.3384848,0.2519456,1.51254,0.3680746,1.551892,67.52722,1.730293,0,8,False
1,Center_Dir_Close,737,28.95999,0.2529317,1.51126,0.3664737,0.2474304,1.22885,0.3511394,-0.4435094,0.4867778,0.4146654,0.6280124,0.4095923,1.099184,0.2825406,0.05049882,-0.6859942,0.01109949,-0.7257677,MathCanvas,1.652026,1.143303,0.9670857,0.2519456,1.51254,0.3680746,0.9004858,-0.2385092,0.3636463,0.2650537,1.51227,0.3354942,0.8968336,-0.2421415,0.3702121,0.2408098,1.51025,0.3974532,0.9164681,-0.2404749,0.3197781,0.2529317,1.51126,0.3664737,1.717246,68.6823,1.740076,0,8,False
1,Center_Dir_Close,738,28.97999,0.2544661,1.508351,0.3636013,0.2448512,1.226744,0.3462638,-0.4335292,0.4946351,0.4286597,0.6193863,0.4003416,1.098306,0.2695651,0.05811918,-0.7018014,0.01828209,-0.7097625,MathCanvas,1.661136,1.138273,0.9351537,0.2539168,1.509977,0.3648796,0.9131204,-0.2440937,0.326542,0.2653936,1.509735,0.3321948,0.9084646,-0.2543029,0.3316957,0.2435385,1.506966,0.3950078,0.9261549,-0.2520258,0.2805709,0.2544661,1.508351,0.3636013,2.424906,70.91622,2.386665,0,8,False
1,Center_Dir_Close,739,28.99999,0.2548397,1.506485,0.3621246,0.2443248,1.225316,0.3435682,-0.4289776,0.5007903,0.4327628,0.6147388,0.3969944,1.096916,0.2640059,0.05789784,-0.7087391,0.02004388,-0.7028051,MathCanvas,1.682477,1.126617,0.8742739,0.2544661,1.508351,0.3636013,0.9055716,-0.2178831,0.3639605,0.2651953,1.508003,0.330531,0.9009297,-0.2250702,0.3710378,0.2444841,1.504968,0.3937182,0.9204994,-0.2232715,0.3206722,0.2548397,1.506485,0.3621246,2.783694,71.97929,2.616414,0,8,False
1,Center_Dir_Close,740,29.01999,0.2557152,1.5031,0.3593747,0.2434553,1.222664,0.3381835,-0.4194955,0.5127356,0.4409641,0.6055381,0.3906574,1.093998,0.2525445,0.05658296,-0.7228606,0.0221127,-0.6883183,MathCanvas,1.660283,1.168332,0.92699,0.2552115,1.504804,0.3607592,0.9056597,-0.2284092,0.3572251,0.2649175,1.504874,0.3274394,0.9013638,-0.2345457,0.3640486,0.2465128,1.501326,0.3913101,0.9205666,-0.2327449,0.3136666,0.2557152,1.5031,0.3593747,3.424028,74.10835,3.060821,0,8,False
1,Center_Dir_Close,741,29.03999,0.256143,1.501431,0.358013,0.2430751,1.221248,0.3355464,-0.4149129,0.5182267,0.4445816,0.6013615,0.3875483,1.092587,0.2465874,0.0558399,-0.7298804,0.02300599,-0.6809018,MathCanvas,1.656348,1.149858,0.911835,0.2557152,1.5031,0.3593747,0.9113138,-0.2336454,0.3389939,0.2647743,1.503334,0.325926,0.9068207,-0.2400513,0.3464848,0.2475117,1.499528,0.3901,0.9251177,-0.2380658,0.2957736,0.256143,1.501431,0.358013,3.726772,75.15775,3.284685,0,8,False
1,Center_Dir_Close,742,29.05999,0.2555214,1.502747,0.3560691,0.2430082,1.21697,0.3350756,-0.4067941,0.5143039,0.4402961,0.6133102,0.3843907,1.088264,0.2451507,0.06054497,-0.738721,0.03595522,-0.670323,MathCanvas,1.661942,1.141008,0.8809476,0.255736,1.502941,0.3571991,0.9157507,-0.2318334,0.3281065,0.2636371,1.504848,0.3238601,0.9095905,-0.237439,0.3409802,0.2474057,1.500645,0.388278,0.9275903,-0.235254,0.2902272,0.2555214,1.502747,0.3560691,3.98382,76.11004,3.629048,0,8,False
1,Center_Dir_Close,743,29.07999,0.2551995,1.502514,0.3550372,0.2427264,1.215729,0.3336006,-0.4016142,0.518123,0.4415903,0.6125787,0.3822304,1.086643,0.2417662,0.06145141,-0.7436734,0.03993556,-0.6645139,MathCanvas,1.66975,1.144718,0.8627764,0.2555214,1.502747,0.3560691,0.9189416,-0.2363466,0.3157321,0.2628804,1.504695,0.3227271,0.9132924,-0.2419364,0.3276644,0.2475186,1.500332,0.3873473,0.9306023,-0.2396449,0.2766764,0.2551995,1.502514,0.3550372,4.234859,76.9062,3.768168,0,8,False
1,Center_Dir_Close,744,29.09999,0.2545422,1.502379,0.3531025,0.2421887,1.213312,0.3305871,-0.3913465,0.5258407,0.4442828,0.6106983,0.3784234,1.083514,0.2360593,0.06350646,-0.752072,0.04847229,-0.654221,MathCanvas,1.675151,1.13731,0.8429075,0.2549899,1.502274,0.3539603,0.9276766,-0.236162,0.2892124,0.2613499,1.504727,0.3206089,0.9221132,-0.2420919,0.3018258,0.2477344,1.500031,0.3855961,0.9380432,-0.2395283,0.2504022,0.2545422,1.502379,0.3531025,4.732706,78.5026,4.059816,0,8,False
1,Center_Dir_Close,745,29.11999,0.2535247,1.505089,0.353807,0.2427722,1.217645,0.3344943,-0.3910201,0.5235172,0.4320638,0.6215737,0.3828889,1.084025,0.2458118,0.05784187,-0.7373104,0.05006787,-0.6712085,MathCanvas,1.690537,1.136813,0.800788,0.2545422,1.502379,0.3531025,0.9304343,-0.2408103,0.2762287,0.2604856,1.507239,0.3213321,0.9212553,-0.2376158,0.3079404,0.2465637,1.502939,0.3862818,0.9374307,-0.2353523,0.2565796,0.2535247,1.505089,0.353807,4.506793,78.19412,3.715287,0,8,False
1,Center_Dir_Close,746,29.13999,0.2528653,1.506379,0.3536709,0.2424081,1.219113,0.3348979,-0.390228,0.522213,0.4315901,0.6234948,0.3832852,1.083583,0.2472273,0.05318484,-0.7344548,0.05044804,-0.674687,MathCanvas,1.699059,1.130963,0.7829592,0.2535247,1.505089,0.353807,0.9472206,-0.2140583,0.2386465,0.2596831,1.508529,0.3211657,0.9412616,-0.2147611,0.2605843,0.2460475,1.504228,0.3861761,0.9548477,-0.2118235,0.2083182,0.2528653,1.506379,0.3536709,4.461798,78.44372,3.716082,0,8,False
1,Center_Dir_Close,747,29.15999,0.2512505,1.509095,0.3540902,0.2410315,1.224125,0.337162,-0.3975198,0.5121145,0.4330596,0.6262398,0.3866591,1.085855,0.2545034,0.03877339,-0.7222349,0.04516694,-0.6890815,MathCanvas,1.731584,1.17221,0.7262251,0.2522131,1.507581,0.3534478,0.9500197,-0.2144872,0.2268432,0.2579911,1.511155,0.321563,0.9426738,-0.2099866,0.2593679,0.24451,1.507035,0.3866173,0.9561378,-0.2071844,0.2070626,0.2512505,1.509095,0.3540902,4.192036,78.55278,3.557679,0,8,False
1,Center_Dir_Close,748,29.17999,0.2504358,1.510538,0.3543483,0.2409212,1.224761,0.3377358,-0.4006135,0.5096875,0.4332587,0.6261107,0.3873962,1.086696,0.2564254,0.03529778,-0.7191294,0.0440802,-0.6925778,MathCanvas,1.738542,1.173308,0.7092216,0.2512505,1.509095,0.3540902,0.952442,-0.1966152,0.2328017,0.2570979,1.512567,0.3218031,0.9462083,-0.1967273,0.2568817,0.2437737,1.508509,0.3868936,0.9594619,-0.1939209,0.2045178,0.2504358,1.510538,0.3543483,4.118638,78.68325,3.504625,0,8,False
1,Center_Dir_Close,749,29.19999,0.2487942,1.51279,0.3563663,0.2393996,1.231452,0.344235,-0.4288195,0.4851335,0.4293565,0.6296129,0.3926021,1.099239,0.26836,0.04908741,-0.7010527,0.03242436,-0.7106788,MathCanvas,1.752649,1.200432,0.7215284,0.2495924,1.51159,0.355466,0.9512534,-0.1868051,0.2453995,0.2560891,1.514588,0.3239433,0.942804,-0.1845146,0.2776241,0.2414993,1.510992,0.3887892,0.9570792,-0.1820541,0.2255123,0.2487942,1.51279,0.3563663,3.572725,77.51353,3.10258,0,8,False
1,Center_Dir_Close,750,29.21999,0.24798,1.51411,0.3572055,0.2389698,1.232942,0.3452791,-0.4327339,0.4809411,0.4286849,0.6306078,0.3937931,1.102036,0.2717672,0.05127526,-0.6951125,0.03025153,-0.7164317,MathCanvas,1.75797,1.216421,0.7456956,0.2487942,1.51279,0.3563663,0.9502995,-0.1832845,0.2516696,0.2553841,1.515844,0.3248038,0.9422498,-0.1816359,0.2813781,0.2405758,1.512376,0.3896072,0.9567016,-0.1792729,0.2293104,0.24798,1.51411,0.3572055,3.412207,77.30645,2.990933,0,8,False
1,Center_Dir_Close,751,29.23999,0.2466332,1.51582,0.359503,0.2383542,1.235606,0.3498373,-0.4455451,0.4669468,0.422853,0.6361176,0.397096,1.1095,0.2824602,0.059654,-0.6760712,0.02237484,-0.7340767,MathCanvas,1.765361,1.221452,0.7590563,0.2473846,1.514735,0.3584454,0.9474966,-0.1754085,0.2673616,0.2546734,1.517418,0.3272463,0.9384095,-0.1732855,0.2989308,0.238593,1.514222,0.3917598,0.9537625,-0.171099,0.2471079,0.2466332,1.51582,0.359503,2.946865,76.14568,2.755921,0,8,False
1,Center_Dir_Close,752,29.25999,0.246321,1.51589,0.36116,0.237968,1.23508,0.3543833,-0.4504503,0.4572775,0.4126315,0.6463181,0.3991268,1.111579,0.2925664,0.06122333,-0.663581,0.01166719,-0.7455038,MathCanvas,1.76926,1.233939,0.789153,0.2466332,1.51582,0.359503,0.9464415,-0.1721924,0.2731274,0.2549457,1.517394,0.3290501,0.9330773,-0.1707267,0.3165743,0.2376963,1.514385,0.39327,0.9493694,-0.1686869,0.2650331,0.246321,1.51589,0.36116,2.808541,75.09242,2.593619,0,8,False
1,Center_Dir_Close,753,29.27999,0.2457701,1.516509,0.3624775,0.2375562,1.235846,0.3565747,-0.4547452,0.4509118,0.4086845,0.6502787,0.4004612,1.114007,0.297224,0.0627347,-0.656174,0.007851661,-0.7519564,MathCanvas,1.773606,1.23802,0.8019093,0.246321,1.51589,0.36116,0.9436148,-0.1706468,0.2836736,0.2546973,1.517945,0.3304473,0.9326837,-0.168789,0.3187655,0.2368429,1.515072,0.3945078,0.9490863,-0.1667871,0.2672401,0.2457701,1.516509,0.3624775,2.645957,74.54061,2.476299,0,8,False
1,Center_Dir_Close,754,29.29999,0.2446208,1.517563,0.3652625,0.2367448,1.23749,0.3608389,-0.4632201,0.4381261,0.4011776,0.6576695,0.4031541,1.11838,0.3073683,0.06539354,-0.6407037,-0.0002494157,-0.7649984,MathCanvas,1.772971,1.240324,0.8215911,0.2451843,1.516989,0.363887,0.9382497,-0.1660153,0.3035232,0.2541884,1.518904,0.3334135,0.9266324,-0.1642103,0.338212,0.2350532,1.516221,0.3971115,0.9440656,-0.1623545,0.2870211,0.2446208,1.517563,0.3652625,2.389267,73.37594,2.311499,0,8,False
1,Center_Dir_Close,755,29.31999,0.2446916,1.516394,0.3673681,0.2360292,1.234617,0.3647073,-0.4619555,0.4259447,0.3888201,0.6737857,0.4039562,1.113775,0.3172719,0.06228733,-0.6302534,0.007338137,-0.7738522,MathCanvas,1.771188,1.247449,0.8591061,0.2446208,1.517563,0.3652625,0.9356996,-0.1632825,0.3127382,0.2549272,1.517713,0.3357265,0.9177763,-0.1742532,0.3568226,0.2344561,1.515075,0.3990097,0.9362796,-0.1724535,0.3060068,0.2446916,1.516394,0.3673681,2.976384,72.1926,2.274252,0,8,False
1,Center_Dir_Close,756,29.33999,0.2443692,1.516222,0.3707161,0.2348906,1.234125,0.3697139,-0.4664736,0.4088889,0.3769265,0.6878508,0.4059321,1.113533,0.3287012,0.06046274,-0.6155355,0.00960049,-0.7857278,MathCanvas,1.766836,1.250775,0.8761133,0.2445036,1.51634,0.3690766,0.9289858,-0.1888652,0.3183007,0.2554296,1.517455,0.3393498,0.914904,-0.1901687,0.3560711,0.2333087,1.51499,0.4020824,0.9334742,-0.1882818,0.3052471,0.2443692,1.516222,0.3707161,3.048184,70.68925,2.124862,0,8,False
1,Center_Dir_Close,757,29.35999,0.2441953,1.516136,0.3724064,0.2344075,1.234301,0.3720711,-0.4693429,0.4011531,0.3716238,0.6933176,0.4069565,1.113648,0.3342642,0.0597817,-0.6083292,0.01013687,-0.7913652,MathCanvas,1.74785,1.210561,0.8858573,0.2443692,1.516222,0.3707161,0.9245389,-0.1892253,0.3307895,0.2556548,1.517331,0.3411823,0.9101473,-0.1905686,0.3678524,0.2327357,1.514941,0.4036306,0.9293643,-0.1887426,0.3172669,0.2441953,1.516136,0.3724064,3.073731,69.95692,2.060587,0,8,False
1,Center_Dir_Close,758,29.37999,0.2439201,1.516047,0.3760024,0.2324267,1.232382,0.3769524,-0.4696204,0.382396,0.3597142,0.7098138,0.4067128,1.108761,0.342039,0.05303001,-0.6066011,0.0205384,-0.7929698,MathCanvas,1.736544,1.210697,0.906352,0.2440811,1.515789,0.3742679,0.9186529,-0.2014274,0.3398587,0.2563864,1.517276,0.3451678,0.9023721,-0.2038586,0.3796923,0.2314538,1.514818,0.406837,0.9223686,-0.2017954,0.3294159,0.2439201,1.516047,0.3760024,3.248043,68.10695,2.12,0,8,False
1,Center_Dir_Close,759,29.39999,0.2437036,1.516107,0.3777567,0.2316732,1.231892,0.3789599,-0.470179,0.3752144,0.353598,0.71632,0.4064099,1.107537,0.3461006,0.05078772,-0.6017027,0.02092123,-0.7968292,MathCanvas,1.721884,1.191983,0.92278,0.2439201,1.516047,0.3760024,0.9219282,-0.20541,0.3284128,0.2566074,1.517319,0.3471019,0.907056,-0.2069049,0.3666601,0.2307999,1.514894,0.4084116,0.9263871,-0.2045596,0.3161682,0.2437036,1.516107,0.3777567,3.265773,67.29115,2.0908,0,8,False
1,Center_Dir_Close,760,29.41999,0.2434433,1.516041,0.3794512,0.2309593,1.231552,0.38111,-0.4712722,0.3675665,0.3476697,0.7224425,0.4065291,1.106747,0.3506618,0.04904079,-0.59612,0.02137521,-0.8011112,MathCanvas,1.712278,1.188901,0.9008981,0.2437036,1.516107,0.3777567,0.9171082,-0.2053862,0.3416564,0.2567871,1.517248,0.348985,0.9017557,-0.2062849,0.3798463,0.2300996,1.514834,0.4099173,0.9218162,-0.203942,0.32964,0.2434433,1.516041,0.3794512,3.249439,66.46528,2.081661,0,8,False
1,Center_Dir_Close,761,29.43999,0.2424223,1.515984,0.3823844,0.2293283,1.23062,0.3845928,-0.4721068,0.354732,0.3362496,0.7336324,0.4044554,1.104248,0.3582434,0.04358992,-0.5823568,0.01901917,-0.811541,MathCanvas,1.702565,1.189271,0.9230278,0.2432401,1.51601,0.3811738,0.9365906,-0.2156205,0.2762352,0.2566984,1.517333,0.3523499,0.9238539,-0.2153329,0.3164265,0.2281463,1.514636,0.4124189,0.9405823,-0.2116513,0.2655346,0.2424223,1.515984,0.3823844,3.182214,64.70634,2.325248,0,8,False
1,Center_Dir_Close,762,29.45999,0.2415649,1.516311,0.383417,0.2284328,1.230293,0.3853572,-0.4726179,0.351073,0.3337604,0.7361957,0.4018925,1.103483,0.3595882,0.04468346,-0.5781274,0.01661949,-0.8145525,MathCanvas,1.712791,1.177478,0.8160505,0.2424223,1.515984,0.3823844,0.9325671,-0.2134925,0.2911009,0.2563896,1.517915,0.3536622,0.9188434,-0.2129886,0.3322085,0.2267402,1.514706,0.4131719,0.9364963,-0.2089075,0.2816603,0.2415649,1.516311,0.383417,3.093568,63.66568,2.767701,0,8,False
1,Center_Dir_Close,763,29.47999,0.240149,1.516662,0.3860183,0.227005,1.22974,0.3885726,-0.4742861,0.3390662,0.3247102,0.7447484,0.4003961,1.102268,0.3659334,0.04424909,-0.5695753,0.01570492,-0.8205971,MathCanvas,1.702014,1.18197,0.8392962,0.2408332,1.516509,0.3847129,0.9322223,-0.2082546,0.295959,0.2558998,1.51842,0.356752,0.9184918,-0.2096819,0.3352706,0.2243981,1.514904,0.4152846,0.9363178,-0.2050778,0.2850478,0.240149,1.516662,0.3860183,3.019612,61.87113,3.031986,0,8,False
1,Center_Dir_Close,764,29.49999,0.2394071,1.516804,0.3872353,0.2262812,1.229434,0.3903759,-0.475081,0.3323438,0.3195962,0.7494691,0.3998109,1.101557,0.3695601,0.04333792,-0.5643427,0.01538611,-0.8242587,MathCanvas,1.699639,1.190618,0.8493727,0.240149,1.516662,0.3860183,0.9277473,-0.2073805,0.3102878,0.2556137,1.518655,0.3582246,0.9135293,-0.2084767,0.3492874,0.2232006,1.514953,0.4162459,0.932135,-0.2037324,0.2993616,0.2394071,1.516804,0.3872353,2.970999,60.97605,3.192041,0,8,False
1,Center_Dir_Close,765,29.51999,0.237518,1.516977,0.3880934,0.2271098,1.229876,0.3889799,-0.4744313,0.3374952,0.3194318,0.7476465,0.3978037,1.102462,0.3684005,0.04114389,-0.5622259,0.02030328,-0.8257099,MathCanvas,1.689768,1.192603,0.8723125,0.2382883,1.516927,0.387453,0.9202871,-0.2126878,0.3283834,0.2542597,1.518696,0.3593801,0.906867,-0.213996,0.3630399,0.2207763,1.515258,0.4168067,0.9262418,-0.2093833,0.3134241,0.237518,1.516977,0.3880934,2.802547,59.90007,2.964133,0,8,False
1,Center_Dir_Close,766,29.53999,0.2367893,1.517132,0.3886473,0.2270624,1.229895,0.3892268,-0.4756941,0.3356402,0.3175508,0.74848,0.3970805,1.10244,0.3700354,0.04080501,-0.5580078,0.02049308,-0.8285785,MathCanvas,1.676572,1.184397,0.9015867,0.237518,1.516977,0.3880934,0.9188228,-0.2006881,0.3398367,0.2538346,1.518875,0.3601145,0.9050711,-0.2021572,0.3741375,0.2197441,1.51539,0.4171801,0.9249391,-0.1976112,0.3247115,0.2367893,1.517132,0.3886473,2.761754,59.29113,3.004098,0,8,False
1,Center_Dir_Close,767,29.55999,0.2353856,1.517532,0.3895698,0.2270801,1.230153,0.3889446,-0.4802265,0.3332584,0.316441,0.7471188,0.3956774,1.102916,0.3720998,0.0435814,-0.5522125,0.0180997,-0.8323668,MathCanvas,1.675594,1.20287,0.920805,0.2359987,1.517251,0.389253,0.9111164,-0.1990139,0.3609163,0.2529496,1.519277,0.3613536,0.8981049,-0.2014498,0.3909292,0.2178216,1.515788,0.4177861,0.918884,-0.1969025,0.3418793,0.2353856,1.517532,0.3895698,2.718971,58.24147,3.007784,0,8,False
1,Center_Dir_Close,768,29.57999,0.2347702,1.517716,0.3898194,0.2276537,1.231003,0.3867123,-0.4845538,0.3378045,0.3231481,0.7393721,0.3952274,1.103712,0.3708871,0.04709244,-0.5525469,0.01509301,-0.8320135,MathCanvas,1.664341,1.205408,0.9556153,0.2353856,1.517532,0.3895698,0.9088279,-0.1991767,0.3665524,0.2524219,1.519362,0.361652,0.896455,-0.2028304,0.3939903,0.2171185,1.51607,0.4179868,0.9173902,-0.1984304,0.3449934,0.2347702,1.517716,0.3898194,2.776163,58.06344,2.838603,0,8,False
1,Center_Dir_Close,769,29.59999,0.2342269,1.51787,0.3900245,0.2279596,1.231527,0.3857813,-0.4860941,0.3398743,0.3259182,0.7361897,0.3949624,1.103967,0.3706306,0.04740942,-0.5512268,0.01597031,-0.8328544,MathCanvas,1.661794,1.204973,0.9653727,0.2347702,1.517716,0.3898194,0.9023669,-0.1999028,0.3818021,0.2519925,1.519456,0.3619253,0.8893302,-0.2027542,0.4098568,0.2164613,1.516284,0.4181236,0.9111347,-0.1985915,0.3611023,0.2342269,1.51787,0.3900245,2.805359,57.83092,2.734595,0,8,False
1,Center_Dir_Close,770,29.61999,0.2331284,1.518029,0.3903897,0.2280771,1.231915,0.3854006,-0.4878317,0.3400569,0.3268393,0.7345459,0.3942464,1.104237,0.3713709,0.04769749,-0.5472818,0.01741475,-0.8354067,MathCanvas,1.652316,1.203719,0.9900347,0.233698,1.517925,0.3901896,0.8939973,-0.2032721,0.399311,0.2512043,1.519549,0.3624854,0.8795207,-0.2055123,0.4291945,0.2150526,1.516508,0.4182939,0.9024099,-0.2015495,0.3808336,0.2331284,1.518029,0.3903897,2.832423,57.19521,2.621653,0,8,False
1,Center_Dir_Close,771,29.63999,0.233002,1.518066,0.3902693,0.2288258,1.233145,0.3837509,-0.4894159,0.3437414,0.3321086,0.7293955,0.3952915,1.104648,0.3685967,0.04698098,-0.5508003,0.02095744,-0.8330502,MathCanvas,1.639208,1.198323,1.018426,0.2331284,1.518029,0.3903897,0.8912951,-0.2035312,0.4051766,0.2509974,1.519631,0.3623156,0.8808385,-0.2056566,0.426414,0.2150066,1.516501,0.4182231,0.9035878,-0.2016202,0.3779929,0.233002,1.518066,0.3902693,2.850145,57.36266,2.698961,0,8,False
1,Center_Dir_Close,772,29.65999,0.2325986,1.518518,0.3903779,0.2293734,1.234354,0.3819799,-0.4907458,0.3463983,0.3381322,0.7244608,0.3968506,1.105062,0.3659948,0.04752085,-0.5588334,0.01709873,-0.8277407,MathCanvas,1.637339,1.197379,1.028671,0.232885,1.518325,0.3903077,0.8890389,-0.2033231,0.4102069,0.2505485,1.520197,0.3624015,0.8771994,-0.204515,0.4343904,0.2146487,1.516839,0.4183543,0.9004161,-0.2004199,0.3861122,0.2325986,1.518518,0.3903779,2.768316,57.45528,2.894856,0,8,False
1,Center_Dir_Close,773,29.67999,0.2323673,1.518675,0.3904116,0.2295381,1.23476,0.3814152,-0.4915566,0.3472089,0.3398481,0.722718,0.3968506,1.105062,0.3659948,0.04752085,-0.5588334,0.01709873,-0.8277407,MathCanvas,1.634995,1.19779,1.03745,0.2325986,1.518518,0.3903779,0.8891375,-0.2024679,0.4104161,0.2503541,1.520376,0.3624603,0.8767507,-0.2040338,0.4355207,0.2143805,1.516975,0.418363,0.9000303,-0.1999074,0.3872756,0.2323673,1.518675,0.3904116,2.74399,57.37902,2.931694,0,8,False
1,Center_Dir_Close,774,29.69999,0.2319117,1.518774,0.3904495,0.2299555,1.235092,0.380852,-0.4889894,0.3510377,0.3410186,0.7220583,0.3998723,1.107445,0.3622044,0.05053988,-0.5666405,0.01509674,-0.8222751,MathCanvas,1.637733,1.198656,1.039113,0.2321492,1.518809,0.3904198,0.8853335,-0.1988844,0.4202735,0.2497262,1.52045,0.3623865,0.8757734,-0.2006613,0.4390398,0.2140972,1.517098,0.4185125,0.899217,-0.1966948,0.3907941,0.2319117,1.518774,0.3904495,2.684556,57.72795,2.889428,0,8,False
1,Center_Dir_Close,775,29.71999,0.2316812,1.518952,0.3905215,0.2301536,1.235023,0.3811709,-0.4879352,0.3518051,0.3408078,0.7224974,0.4008572,1.108296,0.3616037,0.05246666,-0.5678421,0.01477127,-0.8213309,MathCanvas,1.632829,1.204067,1.055474,0.2319117,1.518774,0.3904495,0.887825,-0.1986784,0.4150829,0.2494197,1.520652,0.3624118,0.8771819,-0.1995402,0.4367331,0.2139427,1.517253,0.4186312,0.9004934,-0.1955428,0.3884258,0.2316812,1.518952,0.3905215,2.622641,57.88038,2.929557,0,8,False
1,Center_Dir_Close,776,29.73999,0.2315607,1.519089,0.3906523,0.2301866,1.234945,0.3815753,-0.4873215,0.3518091,0.3407707,0.722927,0.4018037,1.108927,0.3612566,0.05420617,-0.5695133,0.01371607,-0.8200782,MathCanvas,1.638599,1.204111,1.048294,0.2316812,1.518952,0.3905215,0.8831446,-0.1930921,0.4275174,0.2492413,1.520844,0.3625096,0.8721192,-0.1929752,0.4496318,0.21388,1.517334,0.418795,0.8961077,-0.1890797,0.4015469,0.2315607,1.519089,0.3906523,2.512006,57.99366,3.026299,0,8,False
1,Center_Dir_Close,777,29.75999,0.2310669,1.519436,0.3907977,0.2300455,1.234677,0.3823116,-0.4866551,0.351039,0.3396666,0.7242686,0.4034666,1.109668,0.3606765,0.05648372,-0.5738079,0.01253061,-0.8169438,MathCanvas,1.631956,1.212905,1.068563,0.231362,1.519209,0.390734,0.8851466,-0.1901337,0.4246936,0.2486803,1.52132,0.3626212,0.873679,-0.1910314,0.4474282,0.2134534,1.517552,0.4189742,0.8975566,-0.1869472,0.399303,0.2310669,1.519436,0.3907977,2.407873,58.12656,3.247361,0,8,False
1,Center_Dir_Close,778,29.77999,0.2305505,1.519919,0.3908321,0.2300455,1.234677,0.3823116,-0.4866551,0.351039,0.3396666,0.7242686,0.4041749,1.11013,0.360201,0.05752409,-0.5753955,0.01200453,-0.8157616,MathCanvas,1.636282,1.217589,1.06502,0.2310669,1.519436,0.3907977,0.8829758,-0.1862532,0.430887,0.2481309,1.521849,0.3626381,0.8712891,-0.1872455,0.4536456,0.2129702,1.51799,0.4190261,0.8954903,-0.1831834,0.4056364,0.2305505,1.519919,0.3908321,2.355134,58.19126,3.326747,0,8,False
1,Center_Dir_Close,779,29.79999,0.2300042,1.521319,0.3915001,0.2305275,1.234505,0.3843755,-0.4857774,0.348497,0.3386092,0.7265769,0.4053752,1.109462,0.3605488,0.05953422,-0.5804731,0.01716645,-0.8119187,MathCanvas,1.633622,1.223958,1.075523,0.2302111,1.520783,0.3912313,0.8771481,-0.1843573,0.4434226,0.2475275,1.5233,0.3632741,0.8654577,-0.1814258,0.466977,0.2124809,1.519338,0.419726,0.8903637,-0.1774607,0.4192375,0.2300042,1.521319,0.3915001,1.858174,58.27787,3.413626,0,8,False
1,Center_Dir_Close,780,29.81999,0.2297052,1.521883,0.3917789,0.2306461,1.23452,0.3847987,-0.4854293,0.3478801,0.3386556,0.7270834,0.4059244,1.109429,0.3604567,0.06000904,-0.5817774,0.01814413,-0.8109284,MathCanvas,1.624003,1.228331,1.096205,0.2300042,1.521319,0.3915001,0.8781691,-0.1799358,0.443218,0.2472016,1.523924,0.3635405,0.8663828,-0.1786203,0.4663429,0.2122089,1.519841,0.4200173,0.8912408,-0.1745745,0.4185853,0.2297052,1.521883,0.3917789,1.672025,58.32065,3.517847,0,8,False
1,Center_Dir_Close,781,29.83999,0.2291983,1.523021,0.392282,0.2307723,1.234543,0.3852659,-0.4849759,0.3471313,0.338808,0.7276726,0.4069808,1.109666,0.3600977,0.06149337,-0.5846042,0.01910134,-0.8087593,MathCanvas,1.626546,1.235672,1.096774,0.2294787,1.52245,0.3920144,0.8748059,-0.1735895,0.4523069,0.2466496,1.525197,0.3640258,0.862732,-0.1725673,0.4753041,0.211747,1.520845,0.4205382,0.8880633,-0.1684311,0.4277552,0.2291983,1.523021,0.392282,1.287645,58.38453,3.749625,0,8,False
1,Center_Dir_Close,782,29.85999,0.229036,1.522428,0.3919556,0.2313348,1.23477,0.387296,-0.4813868,0.3409097,0.3429646,0.7310422,0.4056076,1.106459,0.3614768,0.05177695,-0.5820857,0.02318111,-0.8111462,MathCanvas,1.622122,1.24662,1.112475,0.2291983,1.523021,0.392282,0.8757224,-0.1704996,0.4517082,0.2465617,1.524692,0.3637525,0.8617688,-0.1715381,0.4774191,0.2115102,1.520163,0.4201587,0.8872244,-0.1672616,0.4299493,0.229036,1.522428,0.3919556,1.235124,58.22691,3.902518,0,8,False
1,Center_Dir_Close,783,29.87999,0.2284219,1.522477,0.3920436,0.2317839,1.23495,0.3871576,-0.4783622,0.3430654,0.344732,0.7311879,0.4045111,1.105082,0.3619153,0.04680315,-0.5821486,0.02324127,-0.8114015,MathCanvas,1.623935,1.250847,1.111461,0.2287894,1.522529,0.391979,0.8706553,-0.1698131,0.4616523,0.2459177,1.524719,0.3638201,0.8574798,-0.17338,0.4844252,0.210926,1.520234,0.420267,0.8833369,-0.1692186,0.4371281,0.2284219,1.522477,0.3920436,1.228418,58.28799,3.864297,0,8,False
1,Center_Dir_Close,784,29.89999,0.2281404,1.522533,0.3921043,0.2317839,1.23495,0.3871576,-0.4783622,0.3430654,0.344732,0.7311879,0.4045035,1.104813,0.3619705,0.04604373,-0.5824957,0.023608,-0.8111852,MathCanvas,1.615203,1.251998,1.127364,0.2284219,1.522477,0.3920436,0.8707315,-0.1712997,0.4609589,0.2456245,1.524794,0.363875,0.8578511,-0.1722324,0.484177,0.2106563,1.520272,0.4203335,0.8836879,-0.1680447,0.4368713,0.2281404,1.522533,0.3921043,1.162841,58.30677,3.895747,0,8,False
1,Center_Dir_Close,785,29.91999,0.2276284,1.522219,0.392068,0.2319883,1.235545,0.3870985,-0.4723807,0.3497352,0.3473475,0.7306788,0.4021897,1.104701,0.3629296,0.04606852,-0.5756306,0.02108792,-0.8161387,MathCanvas,1.614459,1.249802,1.126011,0.2281404,1.522533,0.3921043,0.8679032,-0.1773484,0.4639952,0.2450788,1.524285,0.363803,0.8543944,-0.1819314,0.4867351,0.2101779,1.520152,0.420333,0.8804195,-0.1780788,0.4394877,0.2276284,1.522219,0.392068,1.297201,58.39003,3.560462,0,8,False
1,Center_Dir_Close,786,29.93999,0.2265264,1.521678,0.3917655,0.2315281,1.235947,0.3868519,-0.4698293,0.3576481,0.3485359,0.7279224,0.4006502,1.104681,0.3640823,0.04492188,-0.5699902,0.01765832,-0.8202326,MathCanvas,1.607906,1.240171,1.129987,0.2270764,1.521944,0.3919121,0.8651164,-0.2027355,0.4587724,0.2439117,1.523684,0.3634561,0.8520426,-0.2059228,0.4812684,0.2091411,1.519673,0.4200749,0.8779688,-0.2021039,0.4339639,0.2265264,1.521678,0.3917655,1.507174,58.53622,3.455742,0,8,False
1,Center_Dir_Close,787,29.95999,0.2259776,1.521378,0.3916274,0.2315501,1.236101,0.3869404,-0.468288,0.3595271,0.3493446,0.7276023,0.4000978,1.104682,0.3645671,0.04398141,-0.5681878,0.01640441,-0.8215591,MathCanvas,1.597349,1.200433,1.118715,0.2265264,1.521678,0.3917655,0.8641108,-0.2110015,0.4569364,0.2433345,1.523358,0.3632987,0.8510369,-0.2141187,0.4794678,0.2086207,1.519399,0.4199561,0.8769349,-0.2103232,0.4321448,0.2259776,1.521378,0.3916274,1.576064,58.59821,3.411249,0,8,False
1,Center_Dir_Close,788,29.97999,0.2248185,1.521882,0.3911619,0.2292159,1.236675,0.3865944,-0.4758609,0.3705038,0.3519064,0.7158529,0.4008385,1.110813,0.3638507,0.05583492,-0.5773482,0.01280315,-0.8144861,MathCanvas,1.593481,1.187457,1.114755,0.2254514,1.521095,0.391498,0.8644974,-0.2131434,0.4552078,0.2420646,1.523885,0.3627672,0.8530765,-0.21341,0.4761477,0.2075723,1.51988,0.4195565,0.8787889,-0.2095789,0.4287267,0.2248185,1.521882,0.3911619,1.535865,58.81925,3.451059,0,8,False
1,Center_Dir_Close,789,29.99999,0.2243256,1.522004,0.3911907,0.2285141,1.236867,0.3864054,-0.4774123,0.3737777,0.3530437,0.7125503,0.4009236,1.114239,0.3634821,0.06509075,-0.5798447,0.008949549,-0.8120735,MathCanvas,1.593438,1.184447,1.111819,0.2248185,1.521882,0.3911619,0.8654461,-0.2116154,0.4541166,0.2415091,1.523929,0.3627527,0.8538966,-0.208232,0.4769697,0.2071422,1.520079,0.4196287,0.879585,-0.2045601,0.4295178,0.2243256,1.522004,0.3911907,1.221233,58.92864,3.316589,0,8,False
1,Center_Dir_Close,790,30.01999,0.2228638,1.521946,0.3911805,0.2274498,1.236788,0.3858902,-0.4807042,0.3807696,0.3540927,0.7060853,0.4007563,1.11905,0.3636274,0.07576597,-0.5806572,0.002916023,-0.8106099,MathCanvas,1.59442,1.186994,1.110106,0.22374,1.522135,0.3911416,0.8699599,-0.1973355,0.4519163,0.2399374,1.523772,0.3626699,0.8583798,-0.1943594,0.4747719,0.2057902,1.52012,0.419691,0.8837979,-0.1908663,0.4271666,0.2228638,1.521946,0.3911805,0.7713814,59.12699,3.146073,0,8,False
1,Center_Dir_Close,791,30.03999,0.2221764,1.521977,0.3911797,0.2270155,1.236921,0.385795,-0.4814445,0.3838731,0.3549202,0.7034801,0.4006155,1.120807,0.3636684,0.07968041,-0.5813662,0.0008007288,-0.8097306,MathCanvas,1.603755,1.208714,1.108509,0.2228638,1.521946,0.3911805,0.8714154,-0.1926131,0.4511488,0.2391988,1.52376,0.3626358,0.8595341,-0.191514,0.473839,0.205154,1.520195,0.4197236,0.8848659,-0.1880994,0.4261817,0.2221764,1.521977,0.3911797,0.6026181,59.22226,3.070792,0,8,False
1,Center_Dir_Close,792,30.05999,0.2210262,1.52224,0.3914374,0.2271553,1.236191,0.385565,-0.4846952,0.3848157,0.3536499,0.7013695,0.4004444,1.123171,0.3639559,0.08407524,-0.5816167,-0.001553893,-0.809105,MathCanvas,1.605903,1.216126,1.107562,0.2221764,1.521977,0.3911797,0.872527,-0.1898071,0.4501889,0.2380544,1.524069,0.3628998,0.8594176,-0.1924262,0.4736807,0.203998,1.520411,0.4199749,0.8847591,-0.1889341,0.4260343,0.2210262,1.52224,0.3914374,0.6585737,59.21198,3.150528,0,8,False
1,Center_Dir_Close,793,30.07999,0.2193012,1.523068,0.3921723,0.2268705,1.235907,0.385576,-0.488353,0.3832592,0.3540508,0.6994797,0.3999365,1.126105,0.3641385,0.09308121,-0.5839691,-0.005233437,-0.8064048,MathCanvas,1.607432,1.220645,1.106767,0.2202072,1.522737,0.3918475,0.8735896,-0.1846015,0.4502927,0.236302,1.524846,0.3636152,0.8611616,-0.1851232,0.4734235,0.2023005,1.521291,0.4207295,0.8864154,-0.1817269,0.4257266,0.2193012,1.523068,0.3921723,0.5721368,59.26421,3.061301,0,8,False
1,Center_Dir_Close,794,30.09999,0.2184269,1.523594,0.3926863,0.2266806,1.235855,0.3856063,-0.4901731,0.3822874,0.3543636,0.6985794,0.399698,1.12746,0.3642708,0.09730951,-0.584835,-0.006940812,-0.8052644,MathCanvas,1.60924,1.229355,1.108618,0.2193012,1.523068,0.3921723,0.8748155,-0.1833308,0.448428,0.2353965,1.52533,0.3641081,0.8625036,-0.1836784,0.4715399,0.2014573,1.521859,0.4212645,0.8876321,-0.180339,0.4237772,0.2184269,1.523594,0.3926863,0.4904085,59.32398,2.98936,0,8,False
1,Center_Dir_Close,795,30.11999,0.2177814,1.524413,0.3932168,0.2271381,1.236883,0.3878893,-0.4939045,0.3552894,0.3513656,0.7115968,0.3988765,1.12288,0.3666436,0.09120929,-0.5769084,0.00325276,-0.8116939,MathCanvas,1.610165,1.231934,1.106088,0.2175354,1.523982,0.3930798,0.8759426,-0.1806891,0.4472985,0.2347842,1.526583,0.364688,0.8637758,-0.1767842,0.471846,0.2007786,1.522243,0.4217457,0.8889546,-0.172759,0.4241628,0.2177814,1.524413,0.3932168,0.1156909,59.21321,3.737985,0,8,False
1,Center_Dir_Close,796,30.13999,0.2173342,1.524915,0.3937255,0.2270351,1.237241,0.3889134,-0.4929686,0.3480128,0.3500537,0.7164716,0.3985767,1.121023,0.3678562,0.0867169,-0.5721373,0.007794873,-0.8155233,MathCanvas,1.611958,1.236823,1.10515,0.2177814,1.524413,0.3932168,0.8779655,-0.1805933,0.443354,0.2343325,1.527192,0.3652023,0.8657473,-0.1803067,0.4668738,0.200336,1.522638,0.4222487,0.8907052,-0.1760437,0.4191096,0.2173342,1.524915,0.3937255,359.9874,59.2065,3.922648,0,8,False
1,Center_Dir_Close,797,30.15999,0.2163663,1.52582,0.3945875,0.2268168,1.237547,0.3897599,-0.4951266,0.3401319,0.3491883,0.7191853,0.3982365,1.121042,0.3686001,0.08760658,-0.5702351,0.009141222,-0.8167456,MathCanvas,1.614095,1.237608,1.09906,0.2168471,1.525368,0.3941565,0.879119,-0.1758464,0.4429761,0.2333499,1.528285,0.3660712,0.8669,-0.175771,0.4664645,0.1993828,1.523355,0.4231038,0.8918304,-0.171228,0.4187118,0.2163663,1.52582,0.3945875,359.736,59.20351,4.247346,0,8,False
1,Center_Dir_Close,798,30.17999,0.2169,1.525661,0.3950794,0.2259878,1.237572,0.3941362,-0.4831017,0.3262038,0.3421513,0.7369779,0.3980775,1.114152,0.3720629,0.06921086,-0.5626341,0.01283431,-0.8237039,MathCanvas,1.616327,1.245792,1.100008,0.2163663,1.52582,0.3945875,0.8796915,-0.1735,0.4427648,0.2340103,1.528166,0.3666425,0.8651936,-0.1731782,0.470584,0.1997897,1.523155,0.4235162,0.8903353,-0.1685772,0.4229477,0.2169,1.525661,0.3950794,359.588,58.93378,4.317466,0,8,False
1,Center_Dir_Close,799,30.19999,0.2167482,1.525548,0.3954855,0.2256927,1.23727,0.3971475,-0.4804738,0.3174479,0.3351097,0.7457032,0.3978506,1.11037,0.3747888,0.05811069,-0.559448,0.01411033,-0.8267056,MathCanvas,1.616785,1.249564,1.099667,0.2168452,1.52566,0.3952638,0.8763741,-0.1891581,0.4429307,0.2339672,1.528142,0.3671222,0.8626588,-0.192339,0.4677878,0.1995293,1.522954,0.4238487,0.8878438,-0.1875047,0.4202085,0.2167482,1.525548,0.3954855,359.6975,58.71496,4.470514,0,8,False
1,Center_Dir_Close,800,30.21999,0.2166754,1.52552,0.3957482,0.2255133,1.237304,0.3983148,-0.4793828,0.3123306,0.3329107,0.7495413,0.3976679,1.109006,0.3758872,0.05461548,-0.557418,0.01517093,-0.8282948,MathCanvas,1.607038,1.225466,1.098156,0.2167482,1.525548,0.3954855,0.8755773,-0.1899225,0.4441778,0.2339328,1.528179,0.3674142,0.8622495,-0.1916705,0.4688158,0.1994181,1.522862,0.4240822,0.8874981,-0.1867338,0.4212809,0.2166754,1.52552,0.3957482,359.664,58.6288,4.581674,0,8,False
1,Center_Dir_Close,801,30.23999,0.2166466,1.525429,0.3959584,0.2253588,1.237262,0.3995697,-0.4783057,0.3082041,0.33025,0.7531062,0.3974857,1.107646,0.3769827,0.05112866,-0.5553824,0.01622836,-0.8298631,MathCanvas,1.604375,1.224513,1.099724,0.2166754,1.52552,0.3957482,0.8751993,-0.1892028,0.4452285,0.2339544,1.528123,0.3676586,0.8614037,-0.1923228,0.4701017,0.1993388,1.522736,0.4242582,0.8867372,-0.1873269,0.4226177,0.2166466,1.525429,0.3959584,359.7051,58.52667,4.642355,0,8,False
1,Center_Dir_Close,802,30.25999,0.2169387,1.525322,0.3960519,0.2252248,1.237087,0.3992748,-0.4826747,0.3213831,0.3302874,0.7447471,0.3960417,1.109112,0.3772114,0.05470732,-0.557106,0.02158248,-0.8283564,MathCanvas,1.60323,1.225674,1.101337,0.2167087,1.525399,0.3960387,0.872098,-0.2002685,0.4464724,0.2344721,1.527848,0.3678758,0.8577059,-0.202895,0.4724132,0.1994052,1.522796,0.4242281,0.8832371,-0.198096,0.4250299,0.2169387,1.525322,0.3960519,359.9494,58.10294,4.352458,0,8,False
1,Center_Dir_Close,803,30.27999,0.2170487,1.525279,0.39617,0.2250947,1.237083,0.4000345,-0.4826256,0.3198306,0.3287373,0.7461318,0.395696,1.108455,0.3779632,0.05308703,-0.5560696,0.02303101,-0.8291188,MathCanvas,1.59537,1.208779,1.101743,0.2169387,1.525322,0.3960519,0.8707964,-0.2004961,0.4489043,0.2346448,1.527783,0.3680311,0.8565745,-0.2030964,0.4743753,0.1994526,1.522774,0.4243089,0.8822114,-0.1983314,0.4270454,0.2170487,1.525279,0.39617,359.9593,57.97799,4.315586,0,8,False
1,Center_Dir_Close,804,30.29999,0.2178212,1.525059,0.3960024,0.2251201,1.23715,0.3971379,-0.4899549,0.3346903,0.3344861,0.7321514,0.3954765,1.112271,0.3755881,0.06678335,-0.5616504,0.02040325,-0.8244226,MathCanvas,1.592412,1.208609,1.105184,0.2176256,1.525138,0.3959435,0.8714314,-0.1982675,0.4486617,0.2354326,1.527409,0.3678597,0.8576409,-0.2005198,0.4735441,0.2002098,1.522709,0.4241451,0.8831706,-0.1959856,0.4261447,0.2178212,1.525059,0.3960024,359.865,57.95259,4.048719,0,8,False
1,Center_Dir_Close,805,30.31999,0.2186175,1.524345,0.3956754,0.2255664,1.236911,0.3924263,-0.489489,0.3556692,0.3434292,0.7183011,0.3954894,1.116294,0.3716689,0.07801697,-0.5671002,0.01807381,-0.8197464,MathCanvas,1.594006,1.21195,1.104539,0.2178212,1.525059,0.3960024,0.8707307,-0.1982532,0.4500264,0.2361272,1.526726,0.3674719,0.8593979,-0.2006646,0.4702862,0.2011078,1.521964,0.4238789,0.8847563,-0.1960789,0.4227997,0.2186175,1.524345,0.3956754,359.8764,58.15774,4.102883,0,8,False
1,Center_Dir_Close,806,30.33999,0.2194624,1.523836,0.3958163,0.2262759,1.236388,0.3889851,-0.4874282,0.3724879,0.3489173,0.7084655,0.3956951,1.11852,0.3679026,0.08312581,-0.5710698,0.01403314,-0.8165614,MathCanvas,1.593408,1.211325,1.106219,0.2190222,1.524107,0.395789,0.8738645,-0.2022149,0.44212,0.2368913,1.526225,0.3675635,0.8613925,-0.2046487,0.4648891,0.2020335,1.521447,0.4240691,0.8864943,-0.2000085,0.4172823,0.2194624,1.523836,0.3958163,359.9019,58.3229,4.116601,0,8,False
1,Center_Dir_Close,807,30.35999,0.219888,1.523608,0.3958884,0.2266492,1.236118,0.3873942,-0.4863634,0.3801895,0.3514116,0.7038583,0.3957868,1.119413,0.366275,0.08526364,-0.5729631,0.01225029,-0.815042,MathCanvas,1.598387,1.204749,1.093465,0.2194624,1.523836,0.3958163,0.8737433,-0.1980568,0.4442365,0.2372834,1.526,0.3676153,0.8613455,-0.2005152,0.4667734,0.2024926,1.521215,0.4241615,0.8865108,-0.1959112,0.4191865,0.219888,1.523608,0.3958884,359.9117,58.39113,4.122812,0,8,False
1,Center_Dir_Close,808,30.37999,0.2202643,1.523733,0.3963132,0.2278904,1.235354,0.384324,-0.4818205,0.3920288,0.3562583,0.6980276,0.3968541,1.119557,0.3622181,0.08256915,-0.5781582,0.006401807,-0.8117109,MathCanvas,1.600191,1.210726,1.097674,0.219888,1.523608,0.3958884,0.8742545,-0.1982137,0.4431595,0.237541,1.526188,0.3679726,0.8630149,-0.2034951,0.4623798,0.2029876,1.521279,0.4246538,0.8879814,-0.1987807,0.4146989,0.2202643,1.523733,0.3963132,0.09211763,58.63989,4.228665,0,8,False
1,Center_Dir_Close,809,30.39999,0.2205419,1.522872,0.3966028,0.2299379,1.234676,0.3802844,-0.4708867,0.4071443,0.3659731,0.6917825,0.3990047,1.119094,0.355282,0.07421714,-0.5909582,-0.001576066,-0.8032794,MathCanvas,1.601476,1.210581,1.096449,0.2203326,1.523196,0.3965261,0.8786823,-0.1928366,0.4367282,0.2376062,1.52529,0.3681307,0.8668663,-0.1991453,0.4570383,0.2034776,1.520454,0.4250749,0.8914862,-0.1945078,0.4091687,0.2205419,1.522872,0.3966028,0.6522441,59.11177,4.166728,0,8,False
1,Center_Dir_Close,810,30.41999,0.2208161,1.522729,0.3967405,0.2307105,1.234745,0.3791542,-0.467165,0.4113781,0.3692063,0.6900809,0.3996717,1.119337,0.3526949,0.07350466,-0.5957736,-0.003794819,-0.7997727,MathCanvas,1.61015,1.217908,1.087274,0.2205419,1.522872,0.3966028,0.8796308,-0.1975137,0.4327101,0.2377636,1.525124,0.3681968,0.8682519,-0.2037531,0.452353,0.2038686,1.520334,0.4252841,0.8926511,-0.1991496,0.4043678,0.2208161,1.522729,0.3967405,0.8801568,59.36426,4.127493,0,8,False
1,Center_Dir_Close,811,30.43999,0.2213251,1.522288,0.3970138,0.2318536,1.234339,0.3761597,-0.4618938,0.4242516,0.3752028,0.6825596,0.4007469,1.120044,0.34802,0.07276061,-0.603696,-0.008171648,-0.7938452,MathCanvas,1.610594,1.210666,1.080403,0.2210485,1.52247,0.3968888,0.8795167,-0.2041703,0.4298429,0.238086,1.524667,0.3683589,0.868049,-0.2095744,0.4500773,0.2045642,1.519909,0.4256688,0.8923777,-0.2050116,0.4020352,0.2213251,1.522288,0.3970138,1.239779,59.76466,4.100067,0,8,False
1,Center_Dir_Close,812,30.45999,0.2226312,1.523969,0.3973323,0.232053,1.236446,0.3781883,-0.4658668,0.406853,0.3761785,0.6898758,0.4019987,1.119367,0.3481488,0.06939101,-0.6040815,-5.233288E-05,-0.7938957,MathCanvas,1.608459,1.20028,1.074942,0.2213251,1.522288,0.3970138,0.8832934,-0.2042421,0.4219926,0.2390836,1.526587,0.3685198,0.8772078,-0.1996127,0.436648,0.2061787,1.521351,0.4261448,0.9007676,-0.1945865,0.3882704,0.2226312,1.523969,0.3973323,0.8545811,60.34028,4.511809,0,8,False
1,Center_Dir_Close,813,30.47999,0.2238207,1.52452,0.3978435,0.2327419,1.237133,0.3773435,-0.46383,0.4071084,0.3806821,0.6886259,0.4032328,1.119512,0.3463337,0.06682199,-0.6073864,0.002192944,-0.7915882,MathCanvas,1.613912,1.202266,1.062015,0.2232334,1.524177,0.3975796,0.8873399,-0.1995153,0.415718,0.2400232,1.527284,0.3689033,0.8772293,-0.2019185,0.435543,0.2076182,1.521757,0.4267838,0.9007689,-0.19679,0.3871549,0.2238207,1.52452,0.3978435,0.7703687,60.82146,4.763383,0,8,False
1,Center_Dir_Close,814,30.49999,0.2241459,1.524197,0.3982458,0.2326007,1.237666,0.3788456,-0.4643932,0.3999048,0.380035,0.692812,0.4036908,1.119468,0.3474544,0.06667478,-0.6066068,0.005553425,-0.7921817,MathCanvas,1.621066,1.210355,1.052451,0.2238207,1.52452,0.3978435,0.8893314,-0.1993549,0.4115183,0.2402702,1.526953,0.3692613,0.8787069,-0.1996745,0.4335947,0.2080217,1.521441,0.4272304,0.9021149,-0.1945648,0.3851408,0.2241459,1.524197,0.3982458,0.6383606,60.96565,4.750778,0,8,False
1,Center_Dir_Close,815,30.51999,0.2246755,1.523855,0.3985022,0.2324452,1.237711,0.3828979,-0.4692088,0.3864777,0.3709895,0.7020292,0.4042022,1.118647,0.3535273,0.06949615,-0.5988597,0.01218459,-0.7977399,MathCanvas,1.6232,1.210581,1.045627,0.2243142,1.523872,0.3983585,0.8906792,-0.1989397,0.4087951,0.2408386,1.526542,0.3695327,0.8783337,-0.2029894,0.4328109,0.2085124,1.521168,0.4274717,0.9017161,-0.197962,0.3843427,0.2246755,1.523855,0.3985022,0.8362995,60.909,4.630888,0,8,False
1,Center_Dir_Close,816,30.53999,0.2250571,1.523877,0.3986567,0.2323776,1.237621,0.3843204,-0.4706857,0.3819205,0.3678532,0.7051778,0.4044971,1.118245,0.3551491,0.06947839,-0.5965022,0.01326138,-0.7994885,MathCanvas,1.625488,1.210973,1.041433,0.2246755,1.523855,0.3985022,0.8903577,-0.2004764,0.408745,0.2412171,1.526558,0.369685,0.8782372,-0.2038881,0.432584,0.208897,1.521195,0.4276283,0.901615,-0.1988663,0.3841127,0.2250571,1.523877,0.3986567,0.8885028,60.91964,4.621826,0,8,False
1,Center_Dir_Close,817,30.55999,0.2254176,1.523846,0.3988443,0.2325488,1.237747,0.3848387,-0.4709336,0.3796821,0.3673218,0.7064968,0.4044971,1.118245,0.3551491,0.06947839,-0.5965022,0.01326138,-0.7994885,MathCanvas,1.625722,1.208497,1.041673,0.2250571,1.523877,0.3986567,0.8902591,-0.2013779,0.4085165,0.2415399,1.526532,0.3698521,0.878713,-0.2045548,0.4313013,0.2092953,1.521159,0.4278365,0.9020277,-0.1995225,0.3828013,0.2254176,1.523846,0.3988443,0.9280213,60.99715,4.630783,0,8,False
1,Center_Dir_Close,818,30.57999,0.2262522,1.524016,0.3989259,0.2312068,1.236095,0.3913901,-0.4749534,0.366684,0.3527627,0.7179977,0.4046615,1.115398,0.3631568,0.06725691,-0.5864077,0.0130118,-0.8071141,MathCanvas,1.626365,1.20695,1.041702,0.2258581,1.52391,0.3989337,0.8917813,-0.2022586,0.4047437,0.2425744,1.526537,0.3700309,0.8771828,-0.2025645,0.4353364,0.20993,1.521495,0.427821,0.9006619,-0.1977706,0.3869042,0.2262522,1.524016,0.3989259,0.8074249,60.6002,4.344415,0,8,False
1,Center_Dir_Close,819,30.59999,0.226528,1.523916,0.3990008,0.2310159,1.235711,0.3933311,-0.4740218,0.3653068,0.3486652,0.7213092,0.4044447,1.114606,0.3650958,0.06637601,-0.584297,0.01317285,-0.8087136,MathCanvas,1.629897,1.205665,1.035984,0.2262522,1.524016,0.3989259,0.8892549,-0.2001681,0.4112889,0.2428908,1.526355,0.3701216,0.8764412,-0.2021962,0.4369982,0.2101652,1.521478,0.42788,0.8999888,-0.1975375,0.3885861,0.226528,1.523916,0.3990008,0.7784097,60.52155,4.202013,0,8,False
1,Center_Dir_Close,820,30.61999,0.2268848,1.523759,0.3992721,0.2308875,1.235271,0.3959728,-0.472488,0.3643003,0.3423441,0.7258381,0.4035498,1.113587,0.3679476,0.06592641,-0.5808234,0.01294029,-0.8112525,MathCanvas,1.628427,1.208354,1.047392,0.2268489,1.523857,0.3990886,0.8887569,-0.1951598,0.4147576,0.2433374,1.525995,0.3704275,0.8753385,-0.1973266,0.4414121,0.2104321,1.521524,0.4281167,0.8990353,-0.1930141,0.3930408,0.2268848,1.523759,0.3992721,0.7455977,60.35021,3.851843,0,8,False
1,Center_Dir_Close,821,30.63999,0.2270971,1.523687,0.3993804,0.2307952,1.235054,0.3973783,-0.4724821,0.3620586,0.3393683,0.7283566,0.4035028,1.113042,0.3694819,0.06550956,-0.579034,0.0132633,-0.812559,MathCanvas,1.629552,1.215751,1.053857,0.2268848,1.523759,0.3992721,0.8869153,-0.199312,0.4167206,0.2435855,1.525848,0.3705506,0.8740346,-0.2013494,0.4421785,0.2106086,1.521526,0.4282101,0.8977938,-0.1971435,0.3938283,0.2270971,1.523687,0.3993804,0.7317564,60.28126,3.723671,0,8,False
1,Center_Dir_Close,822,30.65999,0.2274607,1.524083,0.3997284,0.2313404,1.235569,0.3954645,-0.4768561,0.3645337,0.3443962,0.7218827,0.4007525,1.113935,0.3680132,0.0666701,-0.5762725,0.0110317,-0.814459,MathCanvas,1.626839,1.20913,1.057054,0.2273443,1.523931,0.3995671,0.8856978,-0.1984176,0.4197258,0.2440591,1.526277,0.3709642,0.873143,-0.1995195,0.4447621,0.2108623,1.52189,0.4284925,0.8970361,-0.1952541,0.3964869,0.2274607,1.524083,0.3997284,0.6359152,60.05479,3.779144,0,8,False
1,Center_Dir_Close,823,30.67999,0.2276148,1.524143,0.3998775,0.2314236,1.235646,0.3953767,-0.4774657,0.3645341,0.3451066,0.72114,0.4000964,1.11401,0.3679051,0.06681917,-0.5744753,0.01066525,-0.8157203,MathCanvas,1.625579,1.210871,1.062287,0.2274607,1.524083,0.3997284,0.8853948,-0.1974626,0.4208141,0.2442437,1.526295,0.3711278,0.8726414,-0.1989691,0.4459916,0.2109859,1.521992,0.4286272,0.8965868,-0.1947769,0.3977362,0.2276148,1.524143,0.3998775,0.5956472,59.99344,3.706815,0,8,False
1,Center_Dir_Close,824,30.69999,0.2277865,1.524194,0.4000221,0.2314681,1.235789,0.3945503,-0.4770133,0.3659691,0.347012,0.719797,0.3995994,1.113835,0.3685343,0.06675864,-0.5727705,0.01049186,-0.8169255,MathCanvas,1.625656,1.212349,1.064344,0.2276148,1.524143,0.3998775,0.8846489,-0.200102,0.4211358,0.2444487,1.526306,0.3712888,0.8718192,-0.2017157,0.4463654,0.2111243,1.522082,0.4287555,0.8958017,-0.1975735,0.3981256,0.2277865,1.524194,0.4000221,0.5634153,59.92676,3.638605,0,8,False
1,Center_Dir_Close,825,30.71999,0.22743,1.52356,0.4003194,0.2326417,1.236396,0.3902254,-0.4754417,0.3747994,0.3564872,0.7116162,0.4008939,1.114636,0.3647497,0.06507763,-0.5780189,0.009540752,-0.8133683,MathCanvas,1.624107,1.208355,1.064739,0.2276364,1.523942,0.4001752,0.8846884,-0.2015661,0.4203542,0.2439548,1.525718,0.3715102,0.8732433,-0.2069919,0.4411356,0.2109052,1.521403,0.4291286,0.8969975,-0.2027572,0.3927913,0.22743,1.52356,0.4003194,0.8767406,60.21857,3.717392,0,8,False
1,Center_Dir_Close,826,30.73999,0.2273635,1.523379,0.4004829,0.2329168,1.236426,0.3893174,-0.4758623,0.3760883,0.3583005,0.7097418,0.4012004,1.114708,0.364429,0.06511006,-0.5790225,0.009279817,-0.8126546,MathCanvas,1.623673,1.205442,1.063736,0.22743,1.52356,0.4003194,0.8855897,-0.2056874,0.4164417,0.2438641,1.525581,0.3716632,0.873595,-0.2095804,0.4392127,0.2108629,1.521177,0.4293025,0.897282,-0.2052433,0.3908455,0.2273635,1.523379,0.4004829,0.9843587,60.27213,3.79481,0,8,False
1,Center_Dir_Close,827,30.75999,0.2273614,1.523105,0.4007857,0.2332283,1.236503,0.3884368,-0.4763877,0.3773749,0.3602418,0.7077209,0.4013599,1.11475,0.364219,0.0650982,-0.5794868,0.009086744,-0.8123267,MathCanvas,1.62467,1.19884,1.057555,0.2273848,1.523256,0.4006368,0.8857505,-0.208224,0.4148359,0.243837,1.52537,0.3719566,0.873682,-0.2116792,0.4380314,0.2108857,1.52084,0.4296148,0.8973374,-0.2072489,0.3896578,0.2273614,1.523105,0.4007857,1.133116,60.32964,3.903658,0,8,False
1,Center_Dir_Close,828,30.77999,0.2274478,1.523477,0.4010482,0.2333604,1.236716,0.3886075,-0.4803773,0.373776,0.3613191,0.7063835,0.4044329,1.115229,0.3631286,0.06726439,-0.5832146,0.009725095,-0.8094701,MathCanvas,1.624576,1.194645,1.055163,0.2273614,1.523105,0.4007857,0.8886397,-0.2088273,0.4083022,0.2440136,1.525979,0.3722904,0.8765047,-0.2066694,0.4347726,0.2108819,1.520975,0.4298059,0.8999906,-0.2018016,0.3863844,0.2274478,1.523477,0.4010482,0.8990996,60.12381,4.312396,0,8,False
1,Center_Dir_Close,829,30.79999,0.2278044,1.523753,0.4013255,0.2334662,1.236682,0.3891641,-0.4819564,0.3724622,0.3595877,0.7068852,0.4068825,1.115413,0.3640042,0.06915245,-0.5851063,0.0118195,-0.8079164,MathCanvas,1.62983,1.193922,1.045399,0.2276222,1.523632,0.4012203,0.8884853,-0.2025385,0.4117913,0.2444485,1.526385,0.3726246,0.8761034,-0.2037816,0.4369393,0.2111604,1.52112,0.4300264,0.8997105,-0.1987126,0.3886314,0.2278044,1.523753,0.4013255,0.7442755,59.94902,4.536361,0,8,False
1,Center_Dir_Close,830,30.81999,0.2279022,1.523811,0.4014846,0.2334662,1.236682,0.3891641,-0.4819564,0.3724622,0.3595877,0.7068852,0.4068825,1.115413,0.3640042,0.06915245,-0.5851063,0.0118195,-0.8079164,MathCanvas,1.631197,1.203836,1.051764,0.2278044,1.523753,0.4013255,0.8882381,-0.2012477,0.4129556,0.2445712,1.526506,0.3728041,0.8759813,-0.2029524,0.4375697,0.2112331,1.521115,0.4301651,0.8996294,-0.1977837,0.3892927,0.2279022,1.523811,0.4014846,0.702465,59.89205,4.645857,0,8,False
1,Center_Dir_Close,831,30.83999,0.2282039,1.523918,0.4013512,0.233493,1.236588,0.3898979,-0.4821415,0.3713558,0.3570018,0.7086496,0.4081032,1.115378,0.364932,0.07028511,-0.5863764,0.01374078,-0.8068668,MathCanvas,1.631497,1.205799,1.054038,0.2279022,1.523811,0.4014846,0.8881365,-0.2003688,0.4136012,0.2449453,1.526614,0.3727129,0.8748993,-0.2027792,0.4398089,0.2114625,1.521222,0.4299895,0.8986691,-0.1976104,0.3915916,0.2282039,1.523918,0.4013512,0.6923507,59.74654,4.646588,0,8,False
1,Center_Dir_Close,832,30.85999,0.2286718,1.523783,0.4010236,0.234003,1.236459,0.392554,-0.4858783,0.3647802,0.3501309,0.7129278,0.4080791,1.115008,0.3667191,0.0712187,-0.585357,0.01565124,-0.80749,MathCanvas,1.631862,1.207245,1.055028,0.2284647,1.523817,0.4011225,0.8856723,-0.201419,0.418348,0.245521,1.526234,0.3724266,0.872469,-0.2041437,0.4439856,0.2118227,1.521332,0.4296207,0.8964256,-0.1993674,0.3958203,0.2286718,1.523783,0.4010236,0.7533315,59.54938,4.224167,0,8,False
1,Center_Dir_Close,833,30.87999,0.228922,1.52379,0.4008682,0.2341859,1.236417,0.3934201,-0.4868348,0.3626976,0.3482388,0.7142634,0.4077269,1.11474,0.3676365,0.07130694,-0.5830453,0.01636507,-0.8091388,MathCanvas,1.62806,1.205535,1.062026,0.2286718,1.523783,0.4010236,0.8847778,-0.2017562,0.4200748,0.2458295,1.52617,0.3722996,0.8714235,-0.20396,0.446118,0.2120145,1.52141,0.4294369,0.8954791,-0.1993006,0.3979904,0.228922,1.52379,0.4008682,0.7350784,59.43473,4.10065,0,8,False
1,Center_Dir_Close,834,30.89999,0.2293387,1.52382,0.4007467,0.2344106,1.23638,0.3942846,-0.487922,0.3605615,0.3462388,0.7155741,0.4077269,1.11474,0.3676365,0.07130694,-0.5830453,0.01636507,-0.8091388,MathCanvas,1.626995,1.204987,1.064645,0.2291234,1.5238,0.4008224,0.8829861,-0.2015911,0.4239063,0.2463428,1.526121,0.3722289,0.8697614,-0.2037189,0.4494594,0.2123346,1.52152,0.4292645,0.8939803,-0.1991892,0.4014012,0.2293387,1.52382,0.4007467,0.7127106,59.24333,3.963758,0,8,False
1,Center_Dir_Close,835,30.91999,0.2297168,1.523656,0.4002936,0.2351577,1.236245,0.3953876,-0.4846488,0.3593751,0.3448171,0.7190732,0.4063005,1.113525,0.3709367,0.0686175,-0.5739424,0.01355144,-0.8159033,MathCanvas,1.624473,1.205303,1.070526,0.2293387,1.52382,0.4007467,0.8833745,-0.2015567,0.4231127,0.2467464,1.525775,0.371777,0.8698578,-0.2059651,0.4482473,0.2126871,1.521536,0.4288102,0.8939877,-0.2016906,0.4001335,0.2297168,1.523656,0.4002936,0.8181421,59.20726,3.651354,0,8,False
1,Center_Dir_Close,836,30.93999,0.2301569,1.523068,0.4000784,0.2353288,1.236248,0.3952861,-0.4842065,0.3597602,0.3453742,0.7189113,0.4061267,1.113185,0.3718758,0.06740401,-0.5722617,0.01378472,-0.8171801,MathCanvas,1.625499,1.205185,1.068836,0.2299261,1.523265,0.4001446,0.8854847,-0.2049311,0.4170372,0.2471924,1.524997,0.3715518,0.8728192,-0.2083459,0.4413373,0.2131213,1.52114,0.4286049,0.8965419,-0.2042768,0.3930441,0.2301569,1.523068,0.4000784,0.9506099,59.21022,3.322674,0,8,False
1,Center_Dir_Close,837,30.95999,0.2303864,1.52285,0.39996,0.2352775,1.236269,0.3950627,-0.4843313,0.360227,0.3457972,0.7183899,0.4061784,1.113212,0.3718145,0.06735591,-0.5724983,0.01417045,-0.8170118,MathCanvas,1.628281,1.199495,1.058554,0.2301569,1.523068,0.4000784,0.885012,-0.2063119,0.4173599,0.2474422,1.524692,0.3714398,0.8721392,-0.2093259,0.442217,0.2133306,1.521008,0.4284801,0.8958976,-0.205393,0.3939303,0.2303864,1.52285,0.39996,0.9978541,59.17479,3.173425,0,8,False
1,Center_Dir_Close,838,30.97999,0.2310009,1.5226,0.4001593,0.2355282,1.236398,0.3940592,-0.4859254,0.3616827,0.3472893,0.7158578,0.4068751,1.113819,0.371871,0.0671149,-0.5724174,0.01452127,-0.8170821,MathCanvas,1.627517,1.197154,1.058828,0.2306163,1.522686,0.4000017,0.8846019,-0.209041,0.4168708,0.2479553,1.524431,0.3715779,0.8734169,-0.2109444,0.4389139,0.2140465,1.520769,0.4287407,0.897005,-0.2070229,0.3905427,0.2310009,1.5226,0.4001593,1.091565,59.38384,3.153661,0,8,False
1,Center_Dir_Close,839,30.99999,0.2312574,1.522412,0.4001527,0.235661,1.236425,0.3939644,-0.485757,0.3619405,0.3476281,0.7156773,0.4069984,1.114107,0.3718788,0.06743214,-0.5722189,0.01326638,-0.8172163,MathCanvas,1.62649,1.192831,1.057787,0.2310009,1.5226,0.4001593,0.8857934,-0.2103901,0.4136498,0.2481923,1.524254,0.3715605,0.8739821,-0.2126083,0.4369816,0.2143226,1.52057,0.4287449,0.8974821,-0.2086477,0.3885768,0.2312574,1.522412,0.4001527,1.107569,59.42365,3.173707,0,8,False
1,Center_Dir_Close,840,31.01999,0.2315088,1.522213,0.4001745,0.235661,1.236425,0.3939644,-0.485757,0.3619405,0.3476281,0.7156773,0.4069984,1.114107,0.3718788,0.06743214,-0.5722189,0.01326638,-0.8172163,MathCanvas,1.628658,1.190507,1.052714,0.2312574,1.522412,0.4001527,0.8860645,-0.2106285,0.412947,0.2484271,1.524037,0.3715713,0.8741099,-0.2130799,0.4364963,0.2145904,1.52039,0.4287776,0.8975826,-0.2091477,0.3880757,0.2315088,1.522213,0.4001745,1.133019,59.45847,3.141292,0,8,False
1,Center_Dir_Close,841,31.03999,0.2320506,1.521737,0.4003055,0.2366011,1.236162,0.393489,-0.4850205,0.3622795,0.3500231,0.7148374,0.4075545,1.115025,0.3714718,0.06988335,-0.571613,0.01070276,-0.8174719,MathCanvas,1.629337,1.189932,1.051627,0.231737,1.521826,0.4002021,0.8867679,-0.2116408,0.4109147,0.2489083,1.523663,0.3716733,0.8748841,-0.2155461,0.4337256,0.215193,1.519811,0.4289378,0.8982548,-0.2114361,0.3852703,0.2320506,1.521737,0.4003055,1.290493,59.58679,3.318361,0,8,False
1,Center_Dir_Close,842,31.05999,0.2322761,1.521519,0.400401,0.2368683,1.235968,0.3933986,-0.485322,0.3617369,0.3506689,0.714591,0.4079582,1.115105,0.3711585,0.0699142,-0.5716987,0.01008679,-0.8174172,MathCanvas,1.630582,1.187956,1.048363,0.2320506,1.521737,0.4003055,0.8899707,-0.2043878,0.4076491,0.2491179,1.523451,0.3717599,0.8780219,-0.2082391,0.4309456,0.2154343,1.519587,0.4290421,0.9011691,-0.2041097,0.3824049,0.2322761,1.521519,0.400401,1.396814,59.62452,3.329401,0,8,False
1,Center_Dir_Close,843,31.07999,0.2328221,1.521056,0.4005496,0.2369578,1.235912,0.3933824,-0.4853897,0.3615351,0.3508658,0.7145506,0.4079582,1.115105,0.3711585,0.0699142,-0.5716987,0.01008679,-0.8174172,MathCanvas,1.637919,1.198704,1.044253,0.2325549,1.521277,0.4004662,0.8899095,-0.2076676,0.4061224,0.2496328,1.523008,0.3718916,0.8780913,-0.211031,0.4294432,0.2160114,1.519103,0.4292076,0.9011877,-0.2068558,0.3808822,0.2328221,1.521056,0.4005496,1.563449,59.69617,3.364294,0,8,False
1,Center_Dir_Close,844,31.09999,0.2330463,1.520664,0.4006302,0.2373889,1.235735,0.393369,-0.4848721,0.3610387,0.3513444,0.7149177,0.4086403,1.114856,0.3706792,0.0690968,-0.5724683,0.009612292,-0.8169537,MathCanvas,1.637506,1.193261,1.041596,0.2328221,1.521056,0.4005496,0.8899729,-0.2089439,0.4053279,0.2498683,1.52259,0.371977,0.8773424,-0.2142133,0.4293983,0.2162244,1.518737,0.4292834,0.9004607,-0.2100651,0.3808455,0.2330463,1.520664,0.4006302,1.747239,59.68467,3.319572,0,8,False
1,Center_Dir_Close,845,31.11999,0.2339356,1.520569,0.4008045,0.2383242,1.235514,0.3933122,-0.4829282,0.3595115,0.3517666,0.7167929,0.4104427,1.114292,0.3696455,0.06746648,-0.5745988,0.01098767,-0.8155757,MathCanvas,1.637968,1.190822,1.040486,0.2335116,1.520675,0.40072,0.8899962,-0.2057088,0.4069284,0.2507925,1.522484,0.3721711,0.877762,-0.2082744,0.4314575,0.2170787,1.518654,0.4294379,0.9009333,-0.2041725,0.3829264,0.2339356,1.520569,0.4008045,1.826153,59.61939,3.300369,0,8,False
1,Center_Dir_Close,846,31.13999,0.2342804,1.520357,0.4008828,0.2384207,1.235469,0.3932852,-0.4828558,0.3593376,0.3520517,0.7167889,0.4111179,1.11402,0.3693213,0.06694747,-0.5755144,0.01198909,-0.8149586,MathCanvas,1.639035,1.195802,1.043251,0.2339356,1.520569,0.4008045,0.8896808,-0.2062239,0.4073572,0.2511506,1.522258,0.3722563,0.8773497,-0.2093903,0.431756,0.2174101,1.518456,0.4295093,0.9005448,-0.2053054,0.3832342,0.2342804,1.520357,0.4008828,1.889969,59.59631,3.276692,0,8,False
1,Center_Dir_Close,847,31.15999,0.2346579,1.520201,0.4009693,0.2384207,1.235469,0.3932852,-0.4828558,0.3593376,0.3520517,0.7167889,0.4111179,1.11402,0.3693213,0.06694747,-0.5755144,0.01198909,-0.8149586,MathCanvas,1.639028,1.194743,1.044073,0.2342804,1.520357,0.4008828,0.8892801,-0.2073483,0.407661,0.2515343,1.522098,0.3723461,0.8770607,-0.2105441,0.4317822,0.2177815,1.518305,0.4295925,0.9002671,-0.2064619,0.3832658,0.2346579,1.520201,0.4009693,1.95714,59.58793,3.268172,0,8,False
1,Center_Dir_Close,848,31.17999,0.2351489,1.519579,0.4007583,0.2388235,1.235304,0.3932944,-0.4831268,0.3588315,0.3526367,0.7165723,0.4122785,1.11337,0.3691703,0.06584678,-0.5758584,0.01320578,-0.8147864,MathCanvas,1.638475,1.192882,1.044503,0.2350343,1.520061,0.4010253,0.893267,-0.148243,0.4243797,0.2520661,1.521413,0.3721552,0.8800988,-0.1545858,0.4489202,0.2182317,1.517745,0.4293614,0.9037588,-0.1509406,0.4005459,0.2351489,1.519579,0.4007583,2.276114,59.52367,3.161246,0,8,False
1,Center_Dir_Close,849,31.19999,0.2355,1.519422,0.4007186,0.2389742,1.235233,0.3932946,-0.4832085,0.3587187,0.3527593,0.7165133,0.4123767,1.113323,0.3691993,0.0659236,-0.5759069,0.01272269,-0.8147537,MathCanvas,1.65906,1.283273,1.07724,0.2351489,1.519579,0.4007583,0.8849061,-0.1839691,0.4278983,0.2524457,1.521251,0.372132,0.8718179,-0.1876988,0.4524409,0.2185544,1.517592,0.4293052,0.8959436,-0.1839985,0.4042643,0.2355,1.519422,0.4007186,2.385511,59.47264,3.153751,0,8,False
1,Center_Dir_Close,850,31.21999,0.2361447,1.519063,0.4005932,0.2390168,1.235212,0.3932812,-0.4832593,0.3587629,0.3527717,0.7164509,0.4124194,1.113301,0.3692066,0.06593922,-0.5759488,0.0125649,-0.8147253,MathCanvas,1.636796,1.228097,1.078318,0.235816,1.519235,0.400667,0.8821043,-0.1879909,0.4319159,0.2531283,1.520863,0.3720273,0.8689885,-0.1916192,0.4562246,0.219161,1.517262,0.429159,0.8933513,-0.1879864,0.4081478,0.2361447,1.519063,0.4005932,2.599282,59.40748,3.103914,0,8,False
1,Center_Dir_Close,851,31.23999,0.2364993,1.518976,0.4004354,0.2396713,1.23509,0.3930548,-0.4841824,0.359479,0.3525183,0.7155929,0.4129009,1.112858,0.3693931,0.06538448,-0.5752899,0.01210673,-0.8152422,MathCanvas,1.631699,1.221647,1.083916,0.2361447,1.519063,0.4005932,0.8814992,-0.189803,0.4323585,0.2534885,1.520692,0.3718677,0.8687337,-0.1914525,0.4567798,0.2195102,1.517259,0.4290032,0.8931062,-0.1879559,0.4086978,0.2364993,1.518976,0.4004354,2.582289,59.3936,2.959749,0,8,False
1,Center_Dir_Close,852,31.25999,0.237182,1.518933,0.3999635,0.2401302,1.235169,0.3929074,-0.4853419,0.3594671,0.3530046,0.7145729,0.4134615,1.11228,0.3698933,0.06403828,-0.5720628,0.01246148,-0.8176111,MathCanvas,1.631047,1.218704,1.084435,0.2368756,1.518929,0.4002053,0.8772114,-0.2053283,0.4339821,0.2541617,1.520632,0.371389,0.8646219,-0.207634,0.4575118,0.2202023,1.517235,0.428538,0.8891733,-0.2041496,0.4095043,0.237182,1.518933,0.3999635,2.661787,59.41626,2.927912,0,8,False
1,Center_Dir_Close,853,31.27999,0.2375396,1.518907,0.3997439,0.240209,1.235199,0.3928742,-0.4856001,0.3593768,0.3532065,0.7143431,0.4134615,1.11228,0.3698933,0.06403828,-0.5720628,0.01246148,-0.8176111,MathCanvas,1.621514,1.194904,1.084833,0.237182,1.518933,0.3999635,0.876427,-0.2060052,0.4352444,0.2545264,1.520591,0.3711728,0.8634939,-0.2085859,0.459206,0.2205528,1.517222,0.4283149,0.888144,-0.2051399,0.4112394,0.2375396,1.518907,0.3997439,2.710487,59.40404,2.904564,0,8,False
1,Center_Dir_Close,854,31.29999,0.2382514,1.519283,0.3992756,0.2404817,1.235319,0.3926814,-0.4863409,0.3588903,0.3539567,0.7137122,0.4137748,1.11227,0.3702054,0.06343064,-0.569988,0.01166858,-0.8191178,MathCanvas,1.620854,1.193757,1.086715,0.2378934,1.519141,0.3994654,0.8763092,-0.2056028,0.4356716,0.2552592,1.521019,0.3707201,0.8635033,-0.207223,0.459805,0.2212436,1.517547,0.4278311,0.8881875,-0.2036982,0.4118619,0.2382514,1.519283,0.3992756,2.634581,59.3594,2.993061,0,8,False
1,Center_Dir_Close,855,31.31999,0.2385785,1.519202,0.3990859,0.2408535,1.235341,0.3922597,-0.4857486,0.3592911,0.3537202,0.714031,0.4142544,1.11278,0.3701124,0.06447971,-0.5700676,0.01081149,-0.8189923,MathCanvas,1.621488,1.194743,1.086974,0.2382514,1.519283,0.3992756,0.8761749,-0.205461,0.4360087,0.2556073,1.52092,0.3705418,0.863441,-0.2051656,0.4608436,0.2215497,1.517484,0.42763,0.8881592,-0.2016778,0.4129157,0.2385785,1.519202,0.3990859,2.512527,59.3105,2.96089,0,8,False
1,Center_Dir_Close,856,31.33999,0.2388887,1.519153,0.398838,0.2411608,1.23533,0.3919709,-0.4855497,0.3595841,0.3534078,0.7141735,0.4145678,1.113066,0.3700393,0.06500352,-0.5699973,0.01076399,-0.8190005,MathCanvas,1.621942,1.194807,1.087486,0.2385785,1.519202,0.3990859,0.8776161,-0.1989352,0.4361363,0.2559373,1.520884,0.3703065,0.8646768,-0.2007445,0.4604732,0.2218401,1.517422,0.4273694,0.8893392,-0.1972269,0.4125255,0.2388887,1.519153,0.398838,2.517251,59.2713,2.984279,0,8,False
1,Center_Dir_Close,857,31.35999,0.2395383,1.519183,0.3983848,0.2413543,1.235317,0.3917952,-0.4855699,0.3595893,0.3532708,0.7142249,0.414799,1.113243,0.3699764,0.06533065,-0.5699567,0.01077898,-0.8190025,MathCanvas,1.625974,1.204733,1.088158,0.2392245,1.519164,0.3985972,0.8786359,-0.1984224,0.4343128,0.2566185,1.520928,0.3698732,0.865784,-0.2001918,0.4586299,0.2224581,1.517438,0.4268965,0.8903426,-0.1966229,0.4106453,0.2395383,1.519183,0.3983848,2.51612,59.20807,3.00857,0,8,False
1,Center_Dir_Close,858,31.37999,0.2398652,1.519188,0.3981571,0.2413543,1.235317,0.3917952,-0.4855699,0.3595893,0.3532708,0.7142249,0.414799,1.113243,0.3699764,0.06533065,-0.5699567,0.01077898,-0.8190025,MathCanvas,1.628306,1.205558,1.084857,0.2395383,1.519183,0.3983848,0.8783924,-0.1984077,0.4348117,0.2569601,1.520937,0.3696544,0.8655742,-0.2000755,0.4590764,0.2227704,1.51744,0.4266598,0.8901572,-0.1965015,0.411105,0.2398652,1.519188,0.3981571,2.509603,59.17837,3.01441,0,8,False
1,Center_Dir_Close,859,31.39999,0.2403958,1.519396,0.3977918,0.2423665,1.235413,0.3908832,-0.4861704,0.3587435,0.3523661,0.7146885,0.4170734,1.114547,0.3692486,0.06815246,-0.5708402,0.01095134,-0.8181545,MathCanvas,1.628489,1.205532,1.085538,0.240145,1.519379,0.3980541,0.879124,-0.1986566,0.4332165,0.2575726,1.521111,0.3693363,0.8661619,-0.2001545,0.4579323,0.223219,1.517681,0.4262472,0.8906741,-0.1965891,0.409942,0.2403958,1.519396,0.3977918,2.523782,59.01357,2.95654,0,8,False
1,Center_Dir_Close,860,31.41999,0.2406705,1.519444,0.3975716,0.2423665,1.235413,0.3908832,-0.4861704,0.3587435,0.3523661,0.7146885,0.4170734,1.114547,0.3692486,0.06815246,-0.5708402,0.01095134,-0.8181545,MathCanvas,1.630161,1.20535,1.082643,0.2403958,1.519396,0.3977918,0.878747,-0.1983722,0.4341108,0.2578726,1.521157,0.3691313,0.865761,-0.2000732,0.4587252,0.2234684,1.517732,0.4260119,0.8903159,-0.1965118,0.4107562,0.2406705,1.519444,0.3975716,2.518807,58.96231,2.952655,0,8,False
1,Center_Dir_Close,861,31.43999,0.2412335,1.519488,0.3970187,0.2432072,1.235587,0.3900798,-0.4870937,0.3571005,0.3507784,0.715663,0.418006,1.114548,0.3687527,0.06810358,-0.5708718,0.01001023,-0.8181486,MathCanvas,1.630131,1.205782,1.08398,0.2409431,1.519492,0.3973521,0.8774568,-0.2027556,0.4346951,0.258523,1.52118,0.3686302,0.8636018,-0.2057104,0.460299,0.223944,1.517796,0.4254071,0.88829,-0.2021568,0.4123999,0.2412335,1.519488,0.3970187,2.580436,58.78867,2.916937,0,8,False
1,Center_Dir_Close,862,31.45999,0.2415775,1.519547,0.3967283,0.2433382,1.235646,0.3898755,-0.4875985,0.3565288,0.3504101,0.7157846,0.4181117,1.114513,0.3686744,0.06794047,-0.5706487,0.009921372,-0.8183188,MathCanvas,1.627682,1.199119,1.08387,0.2412335,1.519488,0.3970187,0.8756782,-0.2077063,0.4359425,0.2589003,1.521231,0.3683597,0.8624308,-0.2095632,0.4607564,0.2242546,1.517862,0.4250969,0.8871781,-0.2060071,0.4128874,0.2415775,1.519547,0.3967283,2.583986,58.72129,2.903582,0,8,False
1,Center_Dir_Close,863,31.47999,0.2419411,1.51959,0.3964045,0.2434375,1.235703,0.3896825,-0.4880052,0.3560475,0.3501119,0.715893,0.4183178,1.114434,0.3685077,0.06757161,-0.5702372,0.01001467,-0.8186351,MathCanvas,1.624354,1.191559,1.085121,0.2415775,1.519547,0.3967283,0.8751332,-0.2077855,0.436998,0.2592869,1.521264,0.3680494,0.8620274,-0.2095861,0.4615001,0.2245952,1.517915,0.4247597,0.8868137,-0.2060459,0.4136503,0.2419411,1.51959,0.3964045,2.584396,58.67459,2.886617,0,8,False
1,Center_Dir_Close,864,31.49999,0.2426274,1.519684,0.3957461,0.2434863,1.235732,0.3895706,-0.4881847,0.3558454,0.3499362,0.7159571,0.4183178,1.114434,0.3685077,0.06757161,-0.5702372,0.01001467,-0.8186351,MathCanvas,1.623825,1.191485,1.086449,0.2422816,1.519639,0.3961158,0.8742418,-0.2079472,0.4387017,0.2600255,1.52134,0.367422,0.861119,-0.2096513,0.4631633,0.2252292,1.518027,0.4240702,0.8859937,-0.2061394,0.4153575,0.2426274,1.519684,0.3957461,2.586551,58.5686,2.856345,0,8,False
1,Center_Dir_Close,865,31.51999,0.2430733,1.519432,0.3952296,0.244124,1.23586,0.3885355,-0.4883404,0.3554943,0.3484292,0.7167597,0.4189903,1.113523,0.3675629,0.0650093,-0.5689397,0.01152563,-0.8197247,MathCanvas,1.622943,1.191362,1.0884,0.2426274,1.519684,0.3957461,0.8738848,-0.2078957,0.4394369,0.2604827,1.521129,0.3669148,0.8612454,-0.2083468,0.463517,0.2256639,1.517735,0.4235444,0.8861377,-0.204775,0.415725,0.2430733,1.519432,0.3952296,2.513813,58.54308,2.925297,0,8,False
1,Center_Dir_Close,866,31.53999,0.2438439,1.519291,0.3943471,0.2446601,1.235706,0.3876855,-0.4881895,0.3552682,0.3472932,0.7175256,0.4191577,1.112712,0.3670759,0.06275559,-0.5676381,0.01111838,-0.8208076,MathCanvas,1.622883,1.191178,1.089073,0.2434445,1.51936,0.3948165,0.8762239,-0.2081039,0.4346545,0.2613241,1.520966,0.3660746,0.8627589,-0.2111431,0.4594189,0.2263637,1.517616,0.4226196,0.8874447,-0.2075203,0.4115545,0.2438439,1.519291,0.3943471,2.616471,58.4045,2.88782,1,9,False
1,Center_Dir_Close,867,31.55999,0.2442199,1.519142,0.3938361,0.2449918,1.235587,0.387237,-0.4879787,0.3551923,0.3465582,0.7180617,0.4193039,1.112148,0.3667264,0.0613215,-0.5667765,0.01046178,-0.8215198,MathCanvas,1.627274,1.190725,1.080603,0.2438439,1.519291,0.3943471,0.875442,-0.2094507,0.4355822,0.2617212,1.520783,0.3655747,0.86207,-0.2129373,0.4598837,0.2267186,1.517501,0.4220974,0.8867899,-0.2093622,0.4120332,0.2442199,1.519142,0.3938361,2.711314,58.36554,2.830053,1,9,False
1,Center_Dir_Close,868,31.57999,0.2450324,1.51884,0.3927796,0.2456585,1.235461,0.3863526,-0.4872802,0.3555571,0.3454123,0.7189071,0.4197223,1.111793,0.366072,0.06094041,-0.5670458,0.01017271,-0.8213658,MathCanvas,1.62627,1.188484,1.081485,0.2446323,1.518986,0.3933287,0.8742679,-0.2126306,0.4363989,0.2625575,1.520432,0.3645301,0.8611216,-0.2159965,0.4602338,0.2275073,1.517249,0.4210291,0.8858768,-0.2124857,0.412398,0.2450324,1.51884,0.3927796,2.892502,58.32441,2.744554,1,9,False
1,Center_Dir_Close,869,31.59999,0.2455037,1.51888,0.3921942,0.2459524,1.235495,0.385849,-0.4871514,0.35558,0.3450603,0.7191521,0.4200023,1.111782,0.3656596,0.0609417,-0.5676473,0.01051018,-0.8209459,MathCanvas,1.624445,1.183354,1.081326,0.2450324,1.51884,0.3927796,0.8738281,-0.2142415,0.4364918,0.2630533,1.520477,0.3639602,0.8605498,-0.2171137,0.4607773,0.2279541,1.517284,0.4204282,0.8853472,-0.2135902,0.4129643,0.2455037,1.51888,0.3921942,2.958728,58.27807,2.753164,1,9,False
1,Center_Dir_Close,870,31.61999,0.2462883,1.518673,0.390932,0.2464229,1.235634,0.3850518,-0.4876042,0.3550463,0.3447967,0.7192354,0.4210565,1.111732,0.3639418,0.06048921,-0.5696335,0.01186582,-0.819584,MathCanvas,1.624111,1.180879,1.080832,0.2459042,1.518799,0.3915733,0.876451,-0.2153184,0.4306642,0.2638606,1.520231,0.3627099,0.8636643,-0.2174952,0.4547305,0.228716,1.517115,0.419154,0.8881194,-0.2139424,0.4067833,0.2462883,1.518673,0.390932,3.004095,58.23264,2.686803,1,9,False
1,Center_Dir_Close,871,31.63999,0.2466487,1.518541,0.3902215,0.2467269,1.235743,0.3845174,-0.4881208,0.3547078,0.3447902,0.7190551,0.4215766,1.111899,0.3630498,0.06078032,-0.5704747,0.01197907,-0.8189756,MathCanvas,1.629038,1.178972,1.070377,0.2462883,1.518673,0.390932,0.876217,-0.2156516,0.4309735,0.2642144,1.520053,0.3619928,0.8635867,-0.2177568,0.4547527,0.229083,1.517029,0.4184501,0.8880319,-0.2142842,0.4067943,0.2466487,1.518541,0.3902215,3.018191,58.24488,2.607924,0,9,False
1,Center_Dir_Close,872,31.65999,0.2470245,1.518421,0.3894521,0.2471678,1.235887,0.3836021,-0.4886983,0.3544822,0.3448634,0.7187389,0.4221804,1.112217,0.3619746,0.0614244,-0.5713979,0.01141262,-0.8182917,MathCanvas,1.629267,1.178256,1.070272,0.2466487,1.518541,0.3902215,0.8761432,-0.2160885,0.4309049,0.2645706,1.519898,0.3612094,0.8638188,-0.2177798,0.4543007,0.2294785,1.516944,0.4176948,0.8882306,-0.2143575,0.4063217,0.2470245,1.518421,0.3894521,3.011088,58.28286,2.546662,0,9,False
1,Center_Dir_Close,873,31.67999,0.2477349,1.518203,0.3879399,0.2472644,1.235908,0.3833708,-0.488777,0.354529,0.3449171,0.7186366,0.4225385,1.112393,0.3613006,0.0617413,-0.5720702,0.01102893,-0.8178033,MathCanvas,1.629598,1.177428,1.06943,0.2473545,1.51833,0.3886952,0.8775197,-0.2101636,0.431034,0.2652546,1.519628,0.3596782,0.8650861,-0.2120675,0.4545914,0.2302152,1.516777,0.4162016,0.8894466,-0.2087548,0.4065786,0.2477349,1.518203,0.3879399,3.034176,58.33499,2.458169,0,9,False
1,Center_Dir_Close,874,31.69999,0.2480986,1.518091,0.3871843,0.2472644,1.235908,0.3833708,-0.488777,0.354529,0.3449171,0.7186366,0.4225385,1.112393,0.3613006,0.0617413,-0.5720702,0.01102893,-0.8178033,MathCanvas,1.633803,1.186243,1.068771,0.2477349,1.518203,0.3879399,0.8775961,-0.2104115,0.4307577,0.265612,1.51949,0.3589173,0.8650581,-0.2124155,0.4544823,0.2305853,1.516693,0.4154512,0.8894083,-0.2091455,0.4064617,0.2480986,1.518091,0.3871843,3.051393,58.3473,2.411113,0,9,False
1,Center_Dir_Close,875,31.71999,0.2485449,1.518185,0.3854285,0.2488131,1.23548,0.379563,-0.4879775,0.3577716,0.3464645,0.7168262,0.4244781,1.112907,0.3557498,0.06537781,-0.5781417,0.009439872,-0.8132582,MathCanvas,1.634547,1.185678,1.067706,0.248259,1.518177,0.3862419,0.9318341,-0.1874653,0.3107121,0.2659054,1.519627,0.3570696,0.9233005,-0.1899804,0.3338016,0.2311843,1.516742,0.4137873,0.9406986,-0.185449,0.2840683,0.2485449,1.518185,0.3854285,3.016042,58.65709,2.487484,0,9,False
1,Center_Dir_Close,876,31.73999,0.2487834,1.518163,0.3845975,0.2489489,1.235427,0.3792282,-0.4877177,0.3582216,0.346576,0.7167244,0.4248449,1.112795,0.3545582,0.06538659,-0.5794365,0.009665579,-0.8123328,MathCanvas,1.745553,1.217018,0.8845928,0.2485449,1.518185,0.3854285,0.932339,-0.1876882,0.3090585,0.2660936,1.519593,0.3562072,0.9238131,-0.1903517,0.3321678,0.2314732,1.516734,0.4129878,0.9411235,-0.1858374,0.2824021,0.2487834,1.518163,0.3845975,3.035409,58.75909,2.465804,0,9,False
1,Center_Dir_Close,877,31.75999,0.249285,1.518143,0.3829628,0.2490887,1.235379,0.3788809,-0.4874108,0.358731,0.3466687,0.7166336,0.4248939,1.112799,0.3544241,0.06544185,-0.5795764,0.009649649,-0.8122287,MathCanvas,1.747713,1.216415,0.8814738,0.2490421,1.518147,0.3837684,0.9331702,-0.188358,0.3061287,0.2665073,1.519549,0.3545179,0.9247133,-0.1908644,0.329357,0.2320627,1.516736,0.4114076,0.9418715,-0.1863808,0.2795359,0.249285,1.518143,0.3829628,3.056146,58.93604,2.425586,0,9,False
1,Center_Dir_Close,878,31.77999,0.2493924,1.518296,0.3822612,0.2502536,1.23542,0.3760798,-0.4850378,0.361327,0.347747,0.7164169,0.4256108,1.111662,0.3502948,0.06215361,-0.5837692,0.01103203,-0.809462,MathCanvas,1.750669,1.215092,0.8754954,0.249285,1.518143,0.3829628,0.9483297,-0.1692062,0.2684026,0.2664652,1.519689,0.3537257,0.9421302,-0.1707427,0.2885092,0.2323196,1.516902,0.4107967,0.9568337,-0.1661566,0.238456,0.2493924,1.518296,0.3822612,3.004301,59.23388,2.402566,0,9,False
1,Center_Dir_Close,879,31.79999,0.2495922,1.518361,0.3815533,0.2504302,1.235515,0.3756875,-0.4849688,0.3612055,0.3481275,0.7163401,0.4258061,1.111396,0.348695,0.06192357,-0.5859337,0.0114115,-0.807909,MathCanvas,1.792922,1.242891,0.8191211,0.2493924,1.518296,0.3822612,0.9498254,-0.1683767,0.2635926,0.2665945,1.519755,0.3529758,0.9428937,-0.1703781,0.2862215,0.23259,1.516966,0.4101308,0.9574727,-0.1657953,0.2361314,0.2495922,1.518361,0.3815533,2.987352,59.37476,2.404413,0,9,False
1,Center_Dir_Close,880,31.81999,0.2498924,1.518437,0.3800068,0.250599,1.235622,0.3753467,-0.4849122,0.36092,0.3485201,0.7163314,0.4263384,1.111,0.3459081,0.06149036,-0.5890363,0.01251721,-0.8056664,MathCanvas,1.797718,1.243923,0.8111843,0.2497202,1.518398,0.3807753,0.9511845,-0.1679489,0.2589236,0.2667534,1.519831,0.3513457,0.9443282,-0.1701427,0.281595,0.2330314,1.517042,0.4086679,0.9586594,-0.165563,0.2314332,0.2498924,1.518437,0.3800068,2.973259,59.65695,2.404423,0,9,False
1,Center_Dir_Close,881,31.83999,0.2499183,1.518493,0.3793483,0.2509039,1.235841,0.3747973,-0.4846777,0.3601266,0.3487197,0.7167921,0.4265824,1.110848,0.344373,0.06140113,-0.5906767,0.01396905,-0.8044475,MathCanvas,1.802476,1.2443,0.8026383,0.2498924,1.518437,0.3800068,0.9518268,-0.1678533,0.2566146,0.2667196,1.519903,0.350653,0.9449842,-0.1697875,0.2796015,0.2331169,1.517082,0.4080436,0.9592099,-0.1651868,0.2294119,0.2499183,1.518493,0.3793483,2.958737,59.77633,2.432014,0,9,False
1,Center_Dir_Close,882,31.85999,0.2500897,1.51843,0.3781268,0.2531112,1.236688,0.3717415,-0.4807065,0.3554404,0.3454222,0.7233719,0.4271931,1.111092,0.3420561,0.06252536,-0.5922849,0.01402475,-0.8031765,MathCanvas,1.804415,1.244359,0.798444,0.2500244,1.518439,0.3787225,0.9502826,-0.1675854,0.2624468,0.2668085,1.519837,0.3493832,0.943077,-0.1693477,0.2862291,0.2333709,1.517022,0.4068705,0.9576696,-0.1648413,0.2360005,0.2500897,1.51843,0.3781268,2.894677,59.93808,2.426545,0,9,False
1,Center_Dir_Close,883,31.87999,0.2501723,1.518413,0.3774867,0.2530127,1.236567,0.371835,-0.4807602,0.3581222,0.345433,0.722007,0.4274858,1.111082,0.3408579,0.06267885,-0.5934111,0.01404706,-0.8023324,MathCanvas,1.800194,1.245064,0.8062308,0.2500897,1.51843,0.3781268,0.9486892,-0.1725985,0.26495,0.2668495,1.51982,0.3487189,0.9414056,-0.1744695,0.288645,0.2334951,1.517006,0.4062545,0.956181,-0.1699375,0.2384094,0.2501723,1.518413,0.3774867,2.870842,60.01992,2.426054,0,9,False
1,Center_Dir_Close,884,31.89999,0.2503195,1.518375,0.3763359,0.253455,1.236284,0.3705587,-0.4805967,0.3659915,0.3442672,0.7187192,0.4280866,1.111464,0.3396059,0.06291977,-0.594496,0.01210187,-0.8015417,MathCanvas,1.794809,1.237391,0.8088731,0.2503249,1.518434,0.3768413,0.9491924,-0.1721079,0.2634629,0.2669542,1.519789,0.3475439,0.9414641,-0.1744793,0.2884481,0.2336849,1.516961,0.405128,0.9562314,-0.1699322,0.2382112,0.2503195,1.518375,0.3763359,2.853014,60.10417,2.438121,0,9,False
1,Center_Dir_Close,885,31.91999,0.2502745,1.51825,0.3758979,0.2529252,1.236092,0.3710439,-0.4808152,0.3630273,0.3464365,0.7190338,0.4290275,1.111998,0.3385042,0.06489187,-0.5976424,0.0119697,-0.7990428,MathCanvas,1.796458,1.238028,0.8054906,0.2503195,1.518375,0.3763359,0.9495766,-0.1718555,0.2622404,0.2669412,1.519648,0.3471236,0.9414758,-0.1746211,0.2883243,0.2336079,1.516853,0.4046723,0.9562334,-0.1701025,0.238082,0.2502745,1.51825,0.3758979,2.876112,60.04076,2.409576,0,9,False
1,Center_Dir_Close,886,31.93999,0.2503484,1.518242,0.3750374,0.2530665,1.235981,0.3701314,-0.4789055,0.3655114,0.3452354,0.7196274,0.4302771,1.112446,0.3370022,0.06699405,-0.6012531,0.01375735,-0.7961264,MathCanvas,1.797059,1.238311,0.8030665,0.2503133,1.518238,0.3754485,0.9429496,-0.1739733,0.2838651,0.2670315,1.51957,0.3462693,0.9345415,-0.1762259,0.3091547,0.2336653,1.516913,0.4038055,0.9504482,-0.1720017,0.2589667,0.2503484,1.518242,0.3750374,2.885265,60.00521,2.290935,0,9,False
1,Center_Dir_Close,887,31.95999,0.2503812,1.518236,0.3745755,0.2530665,1.235981,0.3701314,-0.4789055,0.3655114,0.3452354,0.7196274,0.4307972,1.112595,0.3362244,0.06761006,-0.6026883,0.01419863,-0.7949805,MathCanvas,1.778647,1.236272,0.8351156,0.2503484,1.518242,0.3750374,0.9429028,-0.1741411,0.2839175,0.2670597,1.519542,0.3458036,0.9346163,-0.1763778,0.3088417,0.2337028,1.51693,0.4033473,0.9505044,-0.1721737,0.258646,0.2503812,1.518236,0.3745755,2.884113,60.01339,2.251657,0,9,False
1,Center_Dir_Close,888,31.97999,0.2503728,1.51825,0.3742214,0.2536737,1.235844,0.368674,-0.4750566,0.3746845,0.3356166,0.7220071,0.4312654,1.112704,0.3363626,0.0678103,-0.6030604,0.01386178,-0.7946872,MathCanvas,1.778023,1.236102,0.8345637,0.2503812,1.518236,0.3745755,0.9428965,-0.1742761,0.2838554,0.2670919,1.519499,0.3454706,0.9340345,-0.176754,0.3103833,0.2336538,1.517002,0.4029723,0.949995,-0.1726378,0.2602035,0.2503728,1.51825,0.3742214,2.886085,59.9298,2.153048,0,9,False
1,Center_Dir_Close,889,31.99999,0.2503815,1.518147,0.3735521,0.2541314,1.235944,0.3682415,-0.4748598,0.3784364,0.3270198,0.7241216,0.4308699,1.112644,0.3374283,0.06729297,-0.6005446,0.01215839,-0.7966619,MathCanvas,1.777773,1.23594,0.8340393,0.2503853,1.518114,0.3739142,0.9003496,-0.1914146,0.3908082,0.2671806,1.519339,0.3448456,0.8884145,-0.1933164,0.4163514,0.2335823,1.516954,0.4022586,0.9104261,-0.1902417,0.3673312,0.2503815,1.518147,0.3735521,2.910416,59.76817,2.056462,0,9,False
1,Center_Dir_Close,890,32.01999,0.2503634,1.518153,0.3731809,0.2542812,1.235934,0.3678772,-0.4742042,0.3801948,0.3245964,0.7247204,0.4308699,1.112644,0.3374283,0.06729297,-0.6005446,0.01215839,-0.7966619,MathCanvas,1.682326,1.213715,0.9951059,0.2503815,1.518147,0.3735521,0.8997555,-0.1917793,0.3919961,0.2671905,1.519318,0.3444896,0.8879149,-0.1935157,0.4173235,0.2335363,1.516988,0.4018722,0.9099748,-0.1904848,0.3683225,0.2503634,1.518153,0.3731809,2.917827,59.71118,2.008694,0,9,False
1,Center_Dir_Close,891,32.03999,0.2500967,1.518197,0.3727624,0.2521042,1.235948,0.3689929,-0.4802826,0.3698316,0.3390995,0.7194197,0.4304503,1.112465,0.338103,0.06692502,-0.5980462,0.01370272,-0.7985451,MathCanvas,1.680819,1.213258,0.9963866,0.2503445,1.518154,0.372825,0.8979211,-0.1979443,0.3931358,0.2670367,1.51932,0.344136,0.8853317,-0.1985331,0.4204431,0.2331567,1.517074,0.4013887,0.9075949,-0.1955414,0.371531,0.2500967,1.518197,0.3727624,2.868373,59.48145,1.936492,0,9,False
1,Center_Dir_Close,892,32.05999,0.2499939,1.518225,0.3725513,0.2512978,1.235865,0.3690201,-0.4821604,0.3685754,0.3414822,0.7176792,0.4303002,1.112421,0.3382976,0.06694797,-0.5973179,0.01424107,-0.7990785,MathCanvas,1.676218,1.203812,0.9971595,0.2500967,1.518197,0.3727624,0.8986606,-0.1970202,0.3919086,0.2669886,1.519321,0.3439562,0.8865061,-0.1981964,0.4181209,0.2329993,1.517129,0.4011463,0.9086289,-0.1951969,0.3691769,0.2499939,1.518225,0.3725513,2.843577,59.36983,1.889222,0,9,False
