UID,Condition,Index,Time,Player_X,Player_Y,Player_Z,Left_X,Left_Y,Left_Z,LeftRot_X,LeftRot_Y,LeftRot_Z,LeftRot_W,Right_X,Right_Y,Right_Z,RightRot_X,RightRot_Y,RightRot_Z,RightRot_W,GazeObject,GP_X,GP_Y,GP_Z,GO_X,GO_Y,GO_Z,GZ_X,GZ_Y,GZ_Z,RE_X,RE_Y,RE_Z,RED_X,RED_Y,RED_Z,LE_X,LE_Y,LE_Z,LED_X,LED_Y,LED_Z,H_X,H_Y,H_Z,HR_X,HR_Y,HR_Z,Blinking,BlinkCount,EventTriggered
1,Center_Head_Far,0,4.019999,0.007867204,1.5123,-0.023677,0.007092447,1.199742,0.02843309,0.3057064,-0.4293115,-0.1637911,-0.8339111,0.1313399,1.025602,0.1206212,0.0547385,0.1510259,-0.09465969,0.9824634,End,0,0,9.5,0.008040773,1.512323,-0.02367765,0.2199584,0.03523651,0.9748726,0.03899044,1.511753,-0.03071924,0.2211393,0.03490722,0.9746173,-0.02325603,1.512847,-0.01663476,0.2211393,0.03490722,0.9746173,0.007867204,1.5123,-0.023677,357.9995,12.78389,359.0178,0,2,False
1,Center_Head_Far,1,4.039999,0.007705168,1.512303,-0.023664,0.006999389,1.199712,0.02845538,0.3059333,-0.4290133,-0.1638672,-0.8339664,0.1303994,1.025566,0.1206,0.05778465,0.1536496,-0.08613327,0.9826667,End,0,0,9.5,0.007867204,1.5123,-0.023677,0.2211394,0.03490771,0.9746173,0.03882232,1.511761,-0.03073351,0.221991,0.03537837,0.9744067,-0.02341198,1.512844,-0.01659449,0.221991,0.03537837,0.9744067,0.007705168,1.512303,-0.023664,357.9725,12.83418,359.0275,0,2,False
1,Center_Head_Far,2,4.059999,0.007335533,1.512312,-0.02362529,0.006826846,1.19962,0.02839279,0.3061754,-0.4289351,-0.1640757,-0.8338768,0.1299585,1.025385,0.1206758,0.05679277,0.1619167,-0.07802745,0.982074,End,0,0,9.5,0.007531442,1.512324,-0.02364189,0.2224432,0.03564872,0.9742937,0.03844398,1.511791,-0.03073452,0.2232124,0.03563215,0.9741184,-0.02377291,1.512832,-0.01651605,0.2232124,0.03563215,0.9741184,0.007335533,1.512312,-0.02362529,357.958,12.90612,359.0647,0,2,False
1,Center_Head_Far,3,4.079998,0.007106345,1.512259,-0.02362606,0.006689705,1.199524,0.02829457,0.3060793,-0.4290431,-0.1643535,-0.8338018,0.1301978,1.025121,0.1209622,0.05733487,0.1707916,-0.07154234,0.9810324,End,0,0,9.5,0.007335533,1.512312,-0.02362529,0.2232124,0.03563205,0.9741184,0.03821165,1.511724,-0.03074802,0.2236241,0.03521131,0.9740393,-0.02399896,1.512793,-0.01650409,0.2236241,0.03521131,0.9740393,0.007106345,1.512259,-0.02362606,357.9821,12.93014,359.0399,0,2,False
1,Center_Head_Far,4,4.099998,0.006511278,1.512106,-0.02365822,0.006278346,1.199341,0.0280977,0.3060509,-0.4291438,-0.1650107,-0.8336306,0.1307363,1.025059,0.1219287,0.05636407,0.1818021,-0.06098835,0.9798222,End,0,0,9.5,0.006828778,1.512195,-0.02363588,0.2236867,0.033926,0.9740705,0.03761464,1.511585,-0.03078962,0.2238835,0.03279315,0.9740641,-0.02459209,1.512627,-0.01652683,0.2238835,0.03279315,0.9740641,0.006511278,1.512106,-0.02365822,358.1208,12.94431,359.0636,0,2,False
1,Center_Head_Far,5,4.119998,0.006195897,1.512012,-0.0236811,0.006078159,1.199283,0.0280002,0.3061144,-0.4291613,-0.1652428,-0.8335523,0.1305206,1.025846,0.1212732,0.04958156,0.1815144,-0.06028777,0.9802855,End,0,0,9.5,0.006511278,1.512106,-0.02365822,0.2238835,0.03279319,0.9740641,0.03730031,1.51149,-0.03080785,0.2237312,0.0318497,0.9741303,-0.02490851,1.512534,-0.01655434,0.2237312,0.0318497,0.9741303,0.006195897,1.512012,-0.0236811,358.1748,12.93495,359.0616,0,2,False
1,Center_Head_Far,6,4.139998,0.00535786,1.512039,-0.02356875,0.005540897,1.199125,0.02770697,0.3063551,-0.4291552,-0.1655557,-0.8334049,0.1297444,1.027031,0.1209426,0.04193735,0.1759468,-0.06463061,0.9813801,End,0,0,9.5,0.005863564,1.511956,-0.02367446,0.2234641,0.03183096,0.9741923,0.03646671,1.51152,-0.03067634,0.223132,0.03233917,0.9742517,-0.02575099,1.512558,-0.01646115,0.223132,0.03233917,0.9742517,0.00535786,1.512039,-0.02356875,358.1468,12.89992,359.0672,0,2,False
1,Center_Head_Far,7,4.159998,0.004998291,1.512108,-0.02346237,0.005265936,1.199057,0.02759698,0.3064849,-0.4290346,-0.1656718,-0.8333962,0.1290478,1.027228,0.1212911,0.0459621,0.1727853,-0.05823142,0.9821618,End,0,0,9.5,0.00535786,1.512039,-0.02356875,0.223132,0.032339,0.9742517,0.03611154,1.511596,-0.03055119,0.2225363,0.03241016,0.9743856,-0.02611496,1.512619,-0.01637355,0.2225363,0.03241016,0.9743856,0.004998291,1.512108,-0.02346237,358.1427,12.86492,359.0809,0,2,False
1,Center_Head_Far,8,4.179998,0.004151967,1.511996,-0.02330654,0.00438896,1.198845,0.02737739,0.3062721,-0.4282104,-0.1660251,-0.833828,0.1282928,1.026784,0.1210629,0.04906145,0.1717117,-0.06117892,0.982021,End,0,0,9.5,0.004557839,1.512058,-0.02338479,0.2213434,0.03284991,0.9746425,0.03528565,1.511507,-0.03030671,0.219737,0.03263769,0.975013,-0.02698172,1.512485,-0.01630636,0.219737,0.03263769,0.975013,0.004151967,1.511996,-0.02330654,358.1297,12.70047,359.1216,0,2,False
1,Center_Head_Far,9,4.199998,0.003716984,1.511906,-0.02326933,0.003834348,1.198711,0.02730764,0.3058725,-0.4273591,-0.166206,-0.8343751,0.1275564,1.026568,0.1210139,0.05117106,0.1703983,-0.05974949,0.9822301,End,0,0,9.5,0.004151967,1.511996,-0.02330654,0.219737,0.03263783,0.975013,0.03486044,1.511432,-0.03022691,0.2183828,0.03210125,0.9753351,-0.02742648,1.512381,-0.01631176,0.2183828,0.03210125,0.9753351,0.003716984,1.511906,-0.02326933,358.1604,12.62068,359.1479,0,2,False
1,Center_Head_Far,10,4.219998,0.002864145,1.511583,-0.02312061,0.002622124,1.198454,0.02725458,0.3054395,-0.4248397,-0.166795,-0.8357018,0.1267442,1.026036,0.1211426,0.05314589,0.1702202,-0.05956205,0.9821675,End,0,0,9.5,0.003291042,1.511769,-0.02319917,0.2168977,0.0312519,0.9756939,0.0340304,1.511126,-0.02997651,0.2151662,0.03026325,0.9761084,-0.02830211,1.51204,-0.01626471,0.2151662,0.03026325,0.9761084,0.002864145,1.511583,-0.02312061,358.2658,12.43106,359.1795,0,2,False
1,Center_Head_Far,11,4.239998,0.002488382,1.511484,-0.023028,0.002130536,1.198352,0.02720978,0.3054204,-0.423729,-0.1668015,-0.8362711,0.1263761,1.025847,0.1212445,0.0535206,0.1696093,-0.06116271,0.9821544,End,0,0,9.5,0.002864145,1.511583,-0.02312061,0.2151663,0.0302634,0.9761084,0.03366653,1.511032,-0.02982992,0.213462,0.02904675,0.9765195,-0.02868977,1.511937,-0.01622608,0.213462,0.02904675,0.9765195,0.002488382,1.511484,-0.023028,358.3355,12.33059,359.1875,0,2,False
1,Center_Head_Far,12,4.259998,0.002037748,1.511428,-0.02290392,0.001578718,1.198219,0.02710003,0.3055702,-0.4228151,-0.1667061,-0.8366979,0.1250568,1.025496,0.1212963,0.05540053,0.1669849,-0.06114267,0.9825011,End,0,0,9.5,0.002488382,1.511484,-0.023028,0.213462,0.02904657,0.9765195,0.03322808,1.510973,-0.02964957,0.2116955,0.02822789,0.9769279,-0.02915259,1.511883,-0.01615826,0.2116955,0.02822789,0.9769279,0.002037748,1.511428,-0.02290392,358.3824,12.22668,359.1832,0,2,False
1,Center_Head_Far,13,4.279998,0.001265843,1.511514,-0.02269053,0.0008989801,1.198021,0.02690775,0.3055444,-0.4220562,-0.1666452,-0.8371025,0.1229433,1.025112,0.12128,0.05577246,0.16339,-0.05730372,0.9833155,End,0,0,9.5,0.001652339,1.511475,-0.02280168,0.2101676,0.0280318,0.9772635,0.03248113,1.511084,-0.02932137,0.2080814,0.02890227,0.9776844,-0.02994944,1.511945,-0.01605969,0.2080814,0.02890227,0.9776844,0.001265843,1.511514,-0.02269053,358.3438,12.01504,359.2262,0,2,False
1,Center_Head_Far,14,4.299998,0.000837639,1.511448,-0.02264685,0.0005486533,1.197917,0.02678141,0.305555,-0.4215626,-0.1665039,-0.8373755,0.1221059,1.024945,0.1214134,0.05560232,0.1624835,-0.05560517,0.9835728,End,0,0,9.5,0.001265843,1.511514,-0.02269053,0.2080814,0.02890262,0.9776844,0.03206495,1.51103,-0.02922166,0.2063153,0.02909927,0.9780528,-0.03038967,1.511866,-0.01607204,0.2063153,0.02909927,0.9780528,0.000837639,1.511448,-0.02264685,358.3325,11.91163,359.2495,0,2,False
1,Center_Head_Far,15,4.319998,0.0001010103,1.511152,-0.02249568,-0.0003434028,1.197724,0.0263846,0.3064287,-0.4203134,-0.165994,-0.8377853,0.120722,1.024692,0.121808,0.05691347,0.1607504,-0.05404406,0.9838697,End,0,0,9.5,0.0004498186,1.511315,-0.02256429,0.204247,0.02850749,0.9785042,0.03135386,1.510737,-0.02894824,0.2024709,0.02736294,0.9789059,-0.03115184,1.511566,-0.01604313,0.2024709,0.02736294,0.9789059,0.0001010103,1.511152,-0.02249568,358.432,11.68593,359.2552,0,2,False
1,Center_Head_Far,16,4.339998,-0.0002798112,1.510947,-0.0224571,-0.0006131139,1.197656,0.02623815,0.3064367,-0.4202176,-0.1658602,-0.8378568,0.1205036,1.024839,0.1218771,0.05652341,0.1603836,-0.05434539,0.9839354,End,0,0,9.5,0.0001010103,1.511152,-0.02249568,0.2024709,0.02736257,0.9789059,0.03098184,1.510518,-0.02886589,0.2011029,0.02605137,0.9792236,-0.03154147,1.511375,-0.0160483,0.2011029,0.02605137,0.9792236,-0.0002798112,1.510947,-0.0224571,358.5072,11.60546,359.23,0,2,False
1,Center_Head_Far,17,4.359998,-0.0008107303,1.510714,-0.02245017,-0.001479081,1.197511,0.02583966,0.3065936,-0.4191186,-0.1655588,-0.8384094,0.1206292,1.024929,0.1222581,0.05566907,0.1609259,-0.05561198,0.9838247,End,0,0,9.5,-0.000541498,1.510837,-0.02245563,0.1994526,0.02443959,0.9796026,0.03047193,1.510265,-0.02875417,0.1978191,0.02380246,0.9799495,-0.03209339,1.511164,-0.01614616,0.1978191,0.02380246,0.9799495,-0.0008107303,1.510714,-0.02245017,358.6361,11.41273,359.1927,0,2,False
1,Center_Head_Far,18,4.379999,-0.001041601,1.510723,-0.02244987,-0.002360252,1.197492,0.02555839,0.3079344,-0.4162981,-0.1652163,-0.8393902,0.1203648,1.024924,0.1225639,0.05584535,0.1606706,-0.05523996,0.9838775,End,0,0,9.5,-0.0008107303,1.510714,-0.02245017,0.1978191,0.02380272,0.9799495,0.03025241,1.510272,-0.02869722,0.196044,0.02365297,0.9803098,-0.03233561,1.511173,-0.01620253,0.196044,0.02365297,0.9803098,-0.001041601,1.510723,-0.02244987,358.6447,11.30892,359.1901,0,2,False
1,Center_Head_Far,19,4.399999,-0.001289014,1.510742,-0.02242642,-0.002937334,1.197557,0.02567126,0.3083304,-0.4133269,-0.1650876,-0.8407374,0.1202085,1.025019,0.1226766,0.05585167,0.1606016,-0.05521495,0.9838898,End,0,0,9.5,-0.001041601,1.510723,-0.02244987,0.196044,0.02365303,0.9803098,0.03001307,1.510286,-0.02863279,0.1947661,0.02381468,0.9805606,-0.0325911,1.511198,-0.01622006,0.1947661,0.02381468,0.9805606,-0.001289014,1.510742,-0.02242642,358.6354,11.23429,359.1806,0,2,False
1,Center_Head_Far,20,4.419999,-0.001785431,1.510684,-0.02243156,-0.002407991,1.197765,0.02688086,0.3024787,-0.4080828,-0.1616753,-0.846071,0.1195525,1.025226,0.1231659,0.05709603,0.1598877,-0.05554663,0.9839159,End,0,0,9.5,-0.001502901,1.51072,-0.02244717,0.193762,0.02392953,0.9807567,0.02952534,1.510197,-0.02859157,0.1933427,0.02411856,0.9808348,-0.03309621,1.511172,-0.01627155,0.1933427,0.02411856,0.9808348,-0.001785431,1.510684,-0.02243156,358.618,11.15121,359.1247,0,2,False
1,Center_Head_Far,21,4.439999,-0.001929075,1.510721,-0.02247139,-0.001667561,1.197886,0.02752833,0.3015819,-0.4015662,-0.1549655,-0.8507518,0.1194257,1.025152,0.1234039,0.05732522,0.1597559,-0.05568161,0.9839164,End,0,0,9.5,-0.001785431,1.510684,-0.02243156,0.1933427,0.02411829,0.9808348,0.02938229,1.510214,-0.02862681,0.1932144,0.02402824,0.9808623,-0.03324044,1.511228,-0.01631597,0.1932144,0.02402824,0.9808623,-0.001929075,1.510721,-0.02247139,358.6231,11.14369,359.0894,0,2,False
1,Center_Head_Far,22,4.459999,-0.00223729,1.510631,-0.02266504,0.0007699998,1.198469,0.02987691,0.3037901,-0.3817424,-0.1332941,-0.8626802,0.1191649,1.025123,0.1236958,0.05749357,0.1596481,-0.05569004,0.9839236,End,0,0,9.5,-0.002079152,1.51068,-0.02255402,0.1928959,0.02363826,0.9809344,0.02907933,1.510101,-0.02879181,0.192321,0.02282048,0.9810667,-0.03355391,1.51116,-0.01653828,0.192321,0.02282048,0.9810667,-0.00223729,1.510631,-0.02266504,358.6924,11.09119,359.0496,0,2,False
1,Center_Head_Far,23,4.479999,-0.002401396,1.510652,-0.02278203,0.002108687,1.199471,0.0323955,0.3041515,-0.3686544,-0.1247176,-0.8695006,0.1189027,1.025204,0.1238504,0.05785239,0.1596871,-0.05584199,0.9838876,End,0,0,9.5,-0.00223729,1.510631,-0.02266504,0.192321,0.02282022,0.9810667,0.02892232,1.510149,-0.02887463,0.1912249,0.02239771,0.9812907,-0.03372511,1.511155,-0.01668943,0.1912249,0.02239771,0.9812907,-0.002401396,1.510652,-0.02278203,358.7166,11.02708,359.097,0,2,False
1,Center_Head_Far,24,4.499999,-0.002828635,1.510852,-0.02289236,0.003280238,1.20404,0.0383225,0.2995913,-0.3388504,-0.1362138,-0.881403,0.1186012,1.025123,0.1241032,0.05788601,0.1594878,-0.05641524,0.9838852,End,0,0,9.5,-0.002594408,1.510715,-0.02284444,0.1903491,0.02321113,0.981442,0.02851043,1.510321,-0.02890305,0.1887029,0.02422745,0.9817353,-0.0341677,1.511383,-0.01688167,0.1887029,0.02422745,0.9817353,-0.002828635,1.510852,-0.02289236,358.6117,10.88033,359.0461,0,2,False
1,Center_Head_Far,25,4.519999,-0.003076997,1.510905,-0.02297448,0.003055718,1.206541,0.04163373,0.2907204,-0.33018,-0.1589318,-0.8838572,0.1183669,1.025063,0.1242268,0.05822778,0.1592098,-0.05682028,0.9838868,End,0,0,9.5,-0.002828635,1.510852,-0.02289236,0.1887029,0.02422746,0.9817353,0.0282729,1.51035,-0.02892631,0.1868852,0.02471573,0.9820708,-0.03442689,1.51146,-0.01702265,0.1868852,0.02471573,0.9820708,-0.003076997,1.510905,-0.02297448,358.5837,10.77439,359.0038,0,2,False
1,Center_Head_Far,26,4.539999,-0.003578489,1.51087,-0.02331828,0.003676749,1.212375,0.04326566,0.3194121,-0.2722791,-0.1264708,-0.8988021,0.1175538,1.024722,0.1246036,0.06118926,0.1578352,-0.05871623,0.9838172,End,0,0,9.5,-0.003337827,1.510875,-0.02309909,0.184819,0.02372359,0.9824862,0.02779594,1.510277,-0.02913557,0.1826707,0.02231014,0.982921,-0.03495291,1.511464,-0.01750098,0.1826707,0.02231014,0.982921,-0.003578489,1.51087,-0.02331828,358.7216,10.52801,358.934,0,2,False
1,Center_Head_Far,27,4.559999,-0.003787555,1.510953,-0.0235227,0.00365216,1.215346,0.04274323,0.3425956,-0.2708193,-0.1264237,-0.8906752,0.1173083,1.024396,0.1247737,0.06211627,0.1571848,-0.05939532,0.9838225,End,0,0,9.5,-0.003578489,1.51087,-0.02331828,0.1826706,0.02231014,0.982921,0.02759883,1.510325,-0.02927145,0.1805566,0.02269774,0.9833027,-0.03517394,1.511581,-0.01777394,0.1805566,0.02269774,0.9833027,-0.003787555,1.510953,-0.0235227,358.6994,10.40489,358.8723,0,2,False
1,Center_Head_Far,28,4.579998,-0.00396926,1.511165,-0.02371208,0.003761004,1.218324,0.04093642,0.375928,-0.2852448,-0.1277002,-0.8723567,0.1171227,1.024146,0.1249146,0.06270234,0.1569639,-0.05972928,0.9838004,End,0,0,9.5,-0.003787555,1.510953,-0.0235227,0.1805567,0.02269771,0.9833027,0.02742865,1.510512,-0.02939484,0.178538,0.02454595,0.9836268,-0.03536717,1.511817,-0.01802932,0.178538,0.02454595,0.9836268,-0.00396926,1.511165,-0.02371208,358.5935,10.28775,358.8289,0,2,False
1,Center_Head_Far,29,4.599998,-0.004110592,1.511811,-0.02406329,0.004478531,1.222644,0.03414398,0.4504053,-0.2688134,-0.1134861,-0.8437982,0.1164682,1.023856,0.1253321,0.06431899,0.1567763,-0.06021377,0.9836964,End,0,0,9.5,-0.004035693,1.511644,-0.02392077,0.1771426,0.02654128,0.9838272,0.0273004,1.511115,-0.02966808,0.1761922,0.02803086,0.9839566,-0.03552158,1.512507,-0.0184585,0.1761922,0.02803086,0.9839566,-0.004110592,1.511811,-0.02406329,358.3937,10.15208,358.7505,0,2,False
1,Center_Head_Far,30,4.619998,-0.004304538,1.511933,-0.0241966,0.004110993,1.223735,0.03001836,0.4758913,-0.2585037,-0.1136142,-0.8329437,0.1160988,1.023863,0.1254856,0.06441677,0.1560378,-0.06057195,0.9837855,End,0,0,9.5,-0.004110592,1.511811,-0.02406329,0.1761922,0.02803084,0.9839566,0.02710926,1.511217,-0.02978316,0.1756622,0.02930841,0.9840142,-0.03571833,1.512648,-0.01861005,0.1756622,0.02930841,0.9840142,-0.004304538,1.511933,-0.0241966,358.3205,10.12159,358.7151,0,2,False
1,Center_Head_Far,31,4.639998,-0.00426964,1.51245,-0.02447594,0.003822957,1.225028,0.02054745,0.4946072,-0.2810893,-0.1114447,-0.8148206,0.1153064,1.023923,0.1257675,0.06458694,0.1546403,-0.06034506,0.9840088,End,0,0,9.5,-0.004328027,1.512163,-0.02433894,0.1748233,0.03042355,0.9841297,0.02714944,1.511703,-0.03002861,0.1746795,0.03193526,0.9841073,-0.03568872,1.513196,-0.01892326,0.1746795,0.03193526,0.9841073,-0.00426964,1.51245,-0.02447594,358.1699,10.0652,358.6588,0,2,False
1,Center_Head_Far,32,4.659998,-0.004165108,1.512778,-0.02455831,0.002693192,1.225436,0.01516367,0.4887162,-0.3032574,-0.1184986,-0.8094131,0.1146535,1.024012,0.1259871,0.06436822,0.1532644,-0.05948231,0.984291,End,0,0,9.5,-0.00426964,1.51245,-0.02447594,0.1746796,0.03193533,0.9841073,0.02725662,1.512055,-0.03009897,0.1743206,0.034502,0.9840843,-0.03558683,1.513502,-0.01901764,0.1743206,0.034502,0.9840843,-0.004165108,1.512778,-0.02455831,358.0228,10.04517,358.6997,0,2,False
1,Center_Head_Far,33,4.679998,-0.003587076,1.513503,-0.02447946,-0.0008781138,1.226365,0.005032184,0.4480749,-0.3548296,-0.1426174,-0.808075,0.1138346,1.02433,0.1262399,0.06427208,0.1512555,-0.05863939,0.9846585,End,0,0,9.5,-0.003760579,1.513227,-0.02446616,0.174329,0.03753764,0.9839717,0.02783448,1.512832,-0.03002775,0.1745621,0.03907591,0.9838705,-0.03500864,1.514174,-0.01893116,0.1745621,0.03907591,0.9838705,-0.003587076,1.513503,-0.02447946,357.7606,10.06094,358.7948,0,2,False
1,Center_Head_Far,34,4.699998,-0.003415834,1.513699,-0.02449405,-0.002787974,1.225941,0.0003161968,0.4221169,-0.3803928,-0.1542942,-0.8082772,0.1139135,1.024424,0.1262258,0.06465495,0.1512359,-0.05915213,0.9846057,End,0,0,9.5,-0.003587076,1.513503,-0.02447946,0.1745621,0.03907574,0.9838705,0.02800436,1.513044,-0.03005195,0.1748599,0.04039674,0.9837642,-0.03483602,1.514354,-0.01893614,0.1748599,0.04039674,0.9837642,-0.003415834,1.513699,-0.02449405,357.6848,10.07882,358.8229,0,2,False
1,Center_Head_Far,35,4.719998,-0.003150026,1.513752,-0.0245038,-0.004442631,1.224419,-0.003577129,0.4004535,-0.4033648,-0.1628568,-0.8064809,0.1140208,1.024491,0.1262006,0.06469098,0.1513674,-0.05955434,0.9845589,End,0,0,9.5,-0.003415834,1.513699,-0.02449405,0.1748599,0.04039649,0.9837643,0.02827008,1.513118,-0.0300646,0.1749228,0.0404452,0.9837511,-0.03457013,1.514387,-0.018943,0.1749228,0.0404452,0.9837511,-0.003150026,1.513752,-0.0245038,357.682,10.0825,358.8604,0,2,False
1,Center_Head_Far,36,4.739998,-0.002756122,1.51398,-0.02455655,-0.008261073,1.217762,-0.01006439,0.4195275,-0.400583,-0.1723642,-0.7961285,0.1141283,1.024624,0.1262697,0.06455201,0.1515141,-0.05968191,0.9845378,End,0,0,9.5,-0.003067716,1.514012,-0.02457558,0.1750216,0.04034217,0.9837378,0.02866406,1.513442,-0.03012699,0.1750891,0.03978138,0.9837486,-0.03417631,1.514519,-0.01898612,0.1750891,0.03978138,0.9837486,-0.002756122,1.51398,-0.02455655,357.7201,10.09191,359.0324,0,2,False
1,Center_Head_Far,37,4.759998,-0.002421399,1.514007,-0.02450645,-0.01002597,1.215358,-0.01092907,0.4356515,-0.3641823,-0.1684268,-0.8057366,0.1144268,1.024798,0.1263218,0.06434309,0.1522626,-0.05973142,0.9844329,End,0,0,9.5,-0.002756122,1.51398,-0.02455655,0.1750891,0.03978139,0.9837486,0.0289983,1.513521,-0.03008452,0.1752567,0.03964223,0.9837244,-0.0338411,1.514492,-0.01892838,0.1752567,0.03964223,0.9837244,-0.002421399,1.514007,-0.02450645,357.7281,10.10162,359.1283,0,2,False
1,Center_Head_Far,38,4.779998,-0.001686419,1.513928,-0.0242299,-0.009124139,1.215747,-0.003876565,0.4116508,-0.3499348,-0.1677878,-0.8245827,0.115844,1.024813,0.1262528,0.06517434,0.1558031,-0.06065369,0.9837677,End,0,0,9.5,-0.002082824,1.51404,-0.02442609,0.175881,0.03989097,0.9836029,0.0297302,1.513535,-0.02983252,0.1759075,0.04000862,0.9835933,-0.03310304,1.514321,-0.01862729,0.1759075,0.04000862,0.9835933,-0.001686419,1.513928,-0.0242299,357.7071,10.13968,359.2939,0,2,False
1,Center_Head_Far,39,4.799998,-0.001364488,1.513944,-0.02410291,-0.008044578,1.215393,-0.00210989,0.4032451,-0.34268,-0.1640071,-0.8325056,0.1166066,1.024675,0.1262048,0.06603092,0.1574629,-0.06125752,0.9834088,End,0,0,9.5,-0.001686419,1.513928,-0.0242299,0.1759075,0.04000866,0.9835933,0.03004686,1.513565,-0.02973599,0.176842,0.03983526,0.9834328,-0.03277583,1.514323,-0.01846983,0.176842,0.03983526,0.9834328,-0.001364488,1.513944,-0.02410291,357.717,10.19405,359.3192,0,2,False
1,Center_Head_Far,40,4.819998,-0.0007397803,1.514385,-0.02377031,-0.01207902,1.215135,-0.00212694,0.4236838,-0.3087601,-0.160654,-0.8362712,0.1178476,1.024306,0.1258472,0.06708786,0.1599916,-0.06142491,0.9829186,End,0,0,9.5,-0.001050998,1.514165,-0.02392723,0.1782897,0.04015493,0.9831583,0.03065667,1.51405,-0.02948857,0.1794564,0.04150879,0.9828898,-0.03213624,1.514719,-0.01805205,0.1794564,0.04150879,0.9828898,-0.0007397803,1.514385,-0.02377031,357.621,10.34711,359.3996,0,2,False
1,Center_Head_Far,41,4.839998,-0.0004478609,1.514476,-0.02369512,-0.01374838,1.215173,-0.002160808,0.4344703,-0.2901447,-0.1589397,-0.837729,0.1182508,1.02414,0.1256229,0.0672443,0.1605929,-0.06145057,0.9828082,End,0,0,9.5,-0.0007397803,1.514385,-0.02377031,0.1794564,0.04150897,0.9828898,0.03094211,1.51416,-0.02944994,0.1805788,0.04306706,0.9826172,-0.03183784,1.514791,-0.01794031,0.1805788,0.04306706,0.9826172,-0.0004478609,1.514476,-0.02369512,357.5317,10.41324,359.4331,0,2,False
1,Center_Head_Far,42,4.859998,-7.560477E-05,1.514385,-0.02358042,-0.01834437,1.216345,-0.001740836,0.4581099,-0.2623063,-0.169492,-0.8322278,0.1192417,1.023455,0.1253368,0.06854046,0.163251,-0.06177406,0.9822603,End,0,0,9.5,-0.0003150925,1.514495,-0.02364218,0.1812583,0.04355419,0.9824706,0.03130569,1.514099,-0.02938383,0.1820609,0.04320023,0.9823378,-0.0314569,1.514672,-0.017777,0.1820609,0.04320023,0.9823378,-7.560477E-05,1.514385,-0.02358042,357.524,10.49974,359.4844,0,2,False
1,Center_Head_Far,43,4.879998,0.0001991764,1.514486,-0.023483,-0.01993576,1.216253,-0.001355036,0.4600868,-0.2598479,-0.1787831,-0.8299613,0.1197959,1.02293,0.1253532,0.07031373,0.165579,-0.0618313,0.9817415,End,0,0,9.5,-7.560477E-05,1.514385,-0.02358042,0.1820609,0.04320022,0.9823378,0.03156928,1.514154,-0.02934421,0.1839303,0.04205657,0.9820392,-0.03117093,1.514818,-0.01762178,0.1839303,0.04205657,0.9820392,0.0001991764,1.514486,-0.023483,357.5896,10.60827,359.4031,0,2,False
1,Center_Head_Far,44,4.899998,0.0003349185,1.514425,-0.02344653,-0.02008974,1.216125,-0.0018335,0.4592457,-0.2670908,-0.1826518,-0.8272813,0.1200883,1.022626,0.1253164,0.0712725,0.1671077,-0.06177995,0.9814166,End,0,0,9.5,0.0001991764,1.514486,-0.023483,0.1839304,0.04205637,0.9820392,0.03169899,1.514068,-0.02933854,0.1849244,0.04106842,0.9818943,-0.03102915,1.514781,-0.01755452,0.1849244,0.04106842,0.9818943,0.0003349185,1.514425,-0.02344653,357.6463,10.66583,359.3592,0,2,False
1,Center_Head_Far,45,4.919998,0.0005035475,1.514256,-0.02336884,-0.01816363,1.21541,-0.005299317,0.4718718,-0.2644988,-0.1650069,-0.8247122,0.1199696,1.022409,0.1255247,0.07296593,0.1668519,-0.06102959,0.9813826,End,0,0,9.5,0.0004612394,1.514365,-0.02339709,0.1867093,0.04007679,0.9815974,0.03184465,1.513795,-0.02937469,0.1886122,0.03869895,0.9812889,-0.03083756,1.514717,-0.017363,0.1886122,0.03869895,0.9812889,0.0005035475,1.514256,-0.02336884,357.7822,10.88005,359.1714,0,2,False
1,Center_Head_Far,46,4.939998,0.0005596755,1.514141,-0.02336349,-0.0179123,1.215443,-0.006531189,0.4750562,-0.2687336,-0.1665796,-0.8211913,0.119701,1.02247,0.1256898,0.07288767,0.1659593,-0.06079842,0.9815542,End,0,0,9.5,0.0005035475,1.514256,-0.02336884,0.1886122,0.03869884,0.9812889,0.03189389,1.51366,-0.02940363,0.1897022,0.03749553,0.9811255,-0.03077454,1.514622,-0.01732334,0.1897022,0.03749553,0.9811255,0.0005596755,1.514141,-0.02336349,357.8512,10.94319,359.1362,0,2,False
1,Center_Head_Far,47,4.959998,0.0006034365,1.513823,-0.02346787,-0.01824696,1.215411,-0.01312944,0.5222451,-0.2404458,-0.14597,-0.8050706,0.1193147,1.022552,0.1258872,0.07280744,0.1651555,-0.06012731,0.981737,End,0,0,9.5,0.0006011473,1.513991,-0.0234026,0.1900683,0.03530037,0.981136,0.03193218,1.513312,-0.02953386,0.1905085,0.03299145,0.981131,-0.03072531,1.514334,-0.01740189,0.1905085,0.03299145,0.981131,0.0006034365,1.513823,-0.02346787,358.1094,10.98851,359.0817,0,2,False
1,Center_Head_Far,48,4.979998,0.0005179159,1.513585,-0.02352972,-0.02028284,1.215706,-0.01489311,0.5460252,-0.2034958,-0.1424431,-0.8000975,0.1189119,1.022578,0.1260889,0.07298849,0.1645946,-0.05918042,0.9818752,End,0,0,9.5,0.0006034365,1.513823,-0.02346787,0.1905085,0.03299192,0.981131,0.03184741,1.513079,-0.02959234,0.1903778,0.03098994,0.9812216,-0.03081157,1.51409,-0.0174671,0.1903778,0.03098994,0.9812216,0.0005179159,1.513585,-0.02352972,358.2241,10.98017,359.0919,0,2,False
1,Center_Head_Far,49,4.999998,0.0003751451,1.513216,-0.02365022,-0.02194079,1.215754,-0.01461217,0.5587537,-0.1764476,-0.1385125,-0.7984202,0.1169519,1.022908,0.1267936,0.07248095,0.1608697,-0.05456955,0.9827968,End,0,0,9.5,0.0004395321,1.513371,-0.0236026,0.1900438,0.02882207,0.9813524,0.03170975,1.512679,-0.02968355,0.1894596,0.02780791,0.9814947,-0.03095946,1.513754,-0.01761688,0.1894596,0.02780791,0.9814947,0.0003751451,1.513216,-0.02365022,358.4065,10.92553,359.0338,0,2,False
1,Center_Head_Far,50,5.019998,0.0003141062,1.513123,-0.02369454,-0.02237011,1.215342,-0.01446088,0.5648558,-0.1705186,-0.1339699,-0.7961868,0.1160198,1.023215,0.1267862,0.07048453,0.1582254,-0.05305192,0.9834542,End,0,0,9.5,0.0003751451,1.513216,-0.02365022,0.1894596,0.02780777,0.9814947,0.03165168,1.512586,-0.02971249,0.1889693,0.02711345,0.9816086,-0.03102346,1.51366,-0.01767659,0.1889693,0.02711345,0.9816086,0.0003141062,1.513123,-0.02369454,358.4463,10.8967,359.0349,0,2,False
1,Center_Head_Far,51,5.039998,0.0002875673,1.512903,-0.02375271,-0.02155346,1.214986,-0.0136012,0.5604922,-0.1779037,-0.1227489,-0.799457,0.1145746,1.023651,0.126405,0.06870998,0.15384,-0.05024665,0.9844224,End,0,0,9.5,0.0002812492,1.513024,-0.02372628,0.1886035,0.02608701,0.9817068,0.03162795,1.51234,-0.02975363,0.1884285,0.02457329,0.9817795,-0.03105281,1.513466,-0.01775178,0.1884285,0.02457329,0.9817795,0.0002875673,1.512903,-0.02375271,358.5919,10.86441,358.9887,0,2,False
1,Center_Head_Far,52,5.059998,0.0003112787,1.512699,-0.02377828,-0.02037743,1.214684,-0.01332712,0.5525473,-0.1888314,-0.1214618,-0.8026714,0.114099,1.023883,0.1262428,0.06739864,0.1525997,-0.05009044,0.984714,End,0,0,9.5,0.0002875673,1.512903,-0.02375271,0.1884285,0.02457306,0.9817795,0.03164931,1.51212,-0.02978997,0.1887598,0.02309499,0.9817517,-0.03102675,1.513278,-0.01776658,0.1887598,0.02309499,0.9817517,0.0003112787,1.512699,-0.02377828,358.6766,10.88336,358.9604,0,2,False
1,Center_Head_Far,53,5.079998,0.0003259666,1.512433,-0.0238122,-0.01963974,1.214332,-0.01328376,0.5451322,-0.1959555,-0.1261977,-0.805299,0.1138259,1.024012,0.1261573,0.06769529,0.1524196,-0.05004661,0.9847238,End,0,0,9.5,0.0003112787,1.512699,-0.02377828,0.1887598,0.02309529,0.9817517,0.03166256,1.511842,-0.02983024,0.1889294,0.02032739,0.9817802,-0.03101062,1.513024,-0.01779415,0.1889294,0.02032739,0.9817802,0.0003259666,1.512433,-0.0238122,358.8352,10.89259,358.939,0,2,False
1,Center_Head_Far,54,5.099998,0.0003277538,1.511646,-0.02388473,-0.01840072,1.215211,-0.01318628,0.5426061,-0.1907576,-0.1301263,-0.8076246,0.1143845,1.023826,0.126161,0.06876171,0.1533516,-0.05077275,0.984468,End,0,0,9.5,0.0003139833,1.512039,-0.02387115,0.1894366,0.01717609,0.9817427,0.03165752,1.511013,-0.02993394,0.1898355,0.01404644,0.9817154,-0.03100201,1.512279,-0.01783551,0.1898355,0.01404644,0.9817154,0.0003277538,1.511646,-0.02388473,359.1952,10.94428,358.8636,0,2,False
1,Center_Head_Far,55,5.119998,0.0004755305,1.511173,-0.02375088,-0.01793138,1.215341,-0.01327646,0.5447152,-0.1876428,-0.128758,-0.8071536,0.1145241,1.023816,0.1261785,0.06856123,0.1535784,-0.05060401,0.9844553,End,0,0,9.5,0.0003277538,1.511646,-0.02388473,0.1898355,0.01404651,0.9817154,0.03180268,1.510535,-0.02981306,0.1901982,0.01135045,0.9816801,-0.03085162,1.511811,-0.01768869,0.1901982,0.01135045,0.9816801,0.0004755305,1.511173,-0.02375088,359.3496,10.96507,358.8538,0,2,False
1,Center_Head_Far,56,5.139998,0.0006665001,1.510345,-0.02366033,-0.01793528,1.215411,-0.01351156,0.5472149,-0.1867241,-0.1323244,-0.8050964,0.1147037,1.023849,0.1262705,0.06863407,0.1538766,-0.0507409,0.9843966,End,0,0,9.5,0.000513982,1.510805,-0.02369301,0.1908057,0.008336272,0.9815924,0.03198721,1.509684,-0.02975329,0.1910524,0.004916903,0.9815675,-0.03065421,1.511005,-0.01756738,0.1910524,0.004916903,0.9815675,0.0006665001,1.510345,-0.02366033,359.7183,11.01434,358.8134,0,2,False
1,Center_Head_Far,57,5.159998,0.0007386832,1.509784,-0.02364155,-0.01800297,1.215675,-0.0132098,0.5465882,-0.1873964,-0.1340673,-0.8050776,0.1149624,1.023918,0.1264242,0.06881712,0.1543486,-0.05091704,0.9843009,MathCanvas,0.6617312,1.539226,3.377161,0.0006665001,1.510345,-0.02366033,0.1910525,0.00491695,0.9815675,0.03205542,1.509108,-0.02975327,0.1915569,0.0005763294,0.9814813,-0.03057805,1.510459,-0.01752982,0.1915569,0.0005763294,0.9814813,0.0007386832,1.509784,-0.02364155,359.967,11.04366,358.7865,0,2,False
1,Center_Head_Far,58,5.179998,0.0009663096,1.508644,-0.02366927,-0.01819036,1.215865,-0.01281309,0.5452363,-0.1866207,-0.1348846,-0.8060374,0.1154875,1.024002,0.1265353,0.06882144,0.1557941,-0.05090246,0.9840736,MathCanvas,0.6618168,1.526797,3.37277,0.0008366257,1.509181,-0.02362628,0.19173,-0.004929842,0.9814354,0.0322752,1.507897,-0.02981284,0.1922982,-0.01060799,0.9812792,-0.03034258,1.509391,-0.01752569,0.1922982,-0.01060799,0.9812792,0.0009663096,1.508644,-0.02366927,0.6078048,11.08757,358.6589,0,2,False
1,Center_Head_Far,59,5.199998,0.001138537,1.508371,-0.0235837,-0.01839692,1.215445,-0.01282693,0.5470184,-0.1802995,-0.1352259,-0.8062115,0.1155494,1.024076,0.1265314,0.06875601,0.1559213,-0.0508301,0.9840617,MathCanvas,0.6619611,1.491648,3.359858,0.0009663096,1.508644,-0.02366927,0.1922982,-0.010608,0.9812792,0.03243937,1.507581,-0.02976292,0.1933079,-0.01434624,0.9810333,-0.0301623,1.50916,-0.01740448,0.1933079,-0.01434624,0.9810333,0.001138537,1.508371,-0.0235837,0.822007,11.14705,358.5831,0,2,False
1,Center_Head_Far,60,5.219998,0.001663815,1.508329,-0.02341338,-0.01867789,1.2155,-0.0127816,0.5488663,-0.177817,-0.1334527,-0.8058023,0.1156116,1.024138,0.1264692,0.0684936,0.1561772,-0.05070149,0.9840461,MathCanvas,0.662773,1.471872,3.352674,0.001395755,1.508371,-0.0234971,0.1943381,-0.01516074,0.9808174,0.03294815,1.507478,-0.02966755,0.1956136,-0.01523673,0.9805627,-0.02962052,1.50918,-0.01715922,0.1956136,-0.01523673,0.9805627,0.001663815,1.508329,-0.02341338,0.873034,11.2819,358.4725,0,2,False
1,Center_Head_Far,61,5.239998,0.002005175,1.508142,-0.02342356,-0.01855334,1.215807,-0.0124091,0.5452329,-0.1804073,-0.1308933,-0.8081096,0.1155845,1.02408,0.1264152,0.06839923,0.1561909,-0.05076316,0.9840473,MathCanvas,0.6692371,1.45625,3.345806,0.001663815,1.508329,-0.02341338,0.1956137,-0.01523673,0.9805627,0.03327357,1.507244,-0.0297504,0.1979038,-0.01437371,0.9801161,-0.02926322,1.509039,-0.01709672,0.1979038,-0.01437371,0.9801161,0.002005175,1.508142,-0.02342356,0.8235812,11.4156,358.3876,0,2,False
1,Center_Head_Far,62,5.259998,0.002482631,1.507874,-0.02350803,-0.01782358,1.215747,-0.01165039,0.5390392,-0.186005,-0.1267386,-0.8116503,0.1154823,1.024077,0.1264039,0.06843079,0.1560586,-0.05087067,0.9840605,MathCanvas,0.6739849,1.4558,3.345044,0.002005175,1.508142,-0.02342356,0.1979038,-0.01437371,0.9801161,0.03372591,1.506922,-0.02995005,0.2014636,-0.01550428,0.9793733,-0.02876065,1.508826,-0.01706602,0.2014636,-0.01550428,0.9793733,0.002482631,1.507874,-0.02350803,0.8883651,11.62398,358.2911,0,2,False
1,Center_Head_Far,63,5.279998,0.003905117,1.507307,-0.02384033,-0.01613154,1.21516,-0.01065358,0.5290968,-0.1924069,-0.1159121,-0.8182913,0.1147802,1.023932,0.12661,0.06918406,0.1546488,-0.05049106,0.9842499,MathCanvas,0.6825565,1.458481,3.344549,0.00317998,1.507592,-0.02369759,0.2078702,-0.01767245,0.9779968,0.03505113,1.506275,-0.03072566,0.2151804,-0.01997036,0.9763701,-0.0272409,1.50834,-0.016955,0.2151804,-0.01997036,0.9763701,0.003905117,1.507307,-0.02384033,1.144294,12.42863,358.1458,0,2,False
1,Center_Head_Far,64,5.299998,0.004603658,1.507009,-0.0240751,-0.01572439,1.214895,-0.01064253,0.5279465,-0.1934757,-0.1111909,-0.8194365,0.1143954,1.02379,0.1267354,0.06951019,0.1541298,-0.05001578,0.9843327,MathCanvas,0.7175163,1.446638,3.333588,0.003905117,1.507307,-0.02384033,0.2151804,-0.01997036,0.9763701,0.0356928,1.505985,-0.03121399,0.2230401,-0.02252182,0.9745491,-0.02648549,1.508033,-0.01693622,0.2230401,-0.02252182,0.9745491,0.004603658,1.507009,-0.0240751,1.290514,12.89098,358.1604,0,2,False
1,Center_Head_Far,65,5.319998,0.006277336,1.506615,-0.02443342,-0.01707154,1.214863,-0.01053407,0.5256698,-0.19321,-0.1178683,-0.8200294,0.113022,1.023519,0.1272132,0.07045759,0.1513187,-0.04865875,0.9847693,MathCanvas,0.7428818,1.438491,3.325823,0.005258732,1.506685,-0.02426098,0.2312223,-0.02486941,0.9725831,0.03721749,1.505573,-0.03219036,0.2422078,-0.02778847,0.9698264,-0.02466282,1.507656,-0.01667647,0.2422078,-0.02778847,0.9698264,0.006277336,1.506615,-0.02443342,1.592367,14.02241,358.1294,0,2,False
1,Center_Head_Far,66,5.339998,0.007499184,1.506285,-0.02470596,-0.01806885,1.215032,-0.01093301,0.5303868,-0.187052,-0.1202549,-0.818071,0.1125557,1.023519,0.1273856,0.07056874,0.1504632,-0.04840249,0.9849051,MathCanvas,0.7986838,1.421387,3.30864,0.006277336,1.506615,-0.02443342,0.2422078,-0.02778848,0.9698263,0.03834823,1.505226,-0.03281536,0.2531956,-0.02905655,0.9669787,-0.02334986,1.507344,-0.01659656,0.2531956,-0.02905655,0.9669787,0.007499184,1.506285,-0.02470596,1.665052,14.67303,358.0973,0,2,False
1,Center_Head_Far,67,5.359998,0.009640044,1.505475,-0.02536257,-0.0185909,1.215212,-0.01112334,0.5320067,-0.1861456,-0.1199737,-0.8172668,0.1113697,1.023532,0.1277482,0.07049093,0.1479726,-0.04727779,0.9853426,MathCanvas,0.8370331,1.411113,3.296838,0.008573474,1.505983,-0.02498299,0.2665504,-0.03153324,0.963305,0.04026867,1.50447,-0.03427462,0.2782192,-0.03337689,0.9599375,-0.02098859,1.50648,-0.01645051,0.2782192,-0.03337689,0.9599375,0.009640044,1.505475,-0.02536257,1.91271,16.1632,358.1945,0,2,False
1,Center_Head_Far,68,5.379998,0.01060339,1.505306,-0.02567493,-0.01857938,1.215361,-0.01109938,0.5315911,-0.1877686,-0.1196962,-0.8172067,0.1106585,1.023532,0.1279271,0.07072038,0.1463875,-0.04640454,0.9856043,MathCanvas,0.9226745,1.397462,3.274316,0.009640044,1.505475,-0.02536257,0.2782192,-0.03337689,0.9599375,0.04112656,1.504363,-0.03494835,0.2894494,-0.03703957,0.9564764,-0.01991978,1.506248,-0.01640151,0.2894494,-0.03703957,0.9564764,0.01060339,1.505306,-0.02567493,2.122697,16.83689,358.3073,0,2,False
1,Center_Head_Far,69,5.399998,0.01150408,1.505149,-0.02594525,-0.01867054,1.215189,-0.0111846,0.5316799,-0.1887448,-0.1195134,-0.8169507,0.1103503,1.023554,0.1279932,0.07105562,0.1460678,-0.04601171,0.9856461,MathCanvas,0.963366,1.391006,3.261634,0.01060339,1.505306,-0.02567493,0.2894495,-0.03703957,0.9564764,0.04192208,1.50426,-0.0355631,0.3002432,-0.03820159,0.9530974,-0.01891392,1.506037,-0.0163274,0.3002432,-0.03820159,0.9530974,0.01150408,1.505149,-0.02594525,2.189322,17.48539,358.4031,0,2,False
1,Center_Head_Far,70,5.419998,0.01347931,1.505482,-0.02641295,-0.01881654,1.215395,-0.01114038,0.5320885,-0.1884824,-0.1194212,-0.8167588,0.1097247,1.023543,0.1280676,0.07088161,0.1451299,-0.04538891,0.985826,MathCanvas,1.00211,1.378385,3.247479,0.01252559,1.505412,-0.02612405,0.3101844,-0.03873454,0.949887,0.04368179,1.504672,-0.0366941,0.3211439,-0.03684933,0.9463132,-0.01672318,1.506292,-0.01613181,0.3211439,-0.03684933,0.9463132,0.01347931,1.505482,-0.02641295,2.111789,18.74532,358.545,0,2,False
1,Center_Head_Far,71,5.439998,0.01440986,1.50555,-0.0266835,-0.01885957,1.215511,-0.01106493,0.5318435,-0.1900761,-0.1197447,-0.8165016,0.1094745,1.023484,0.1280866,0.07085354,0.144633,-0.04513061,0.985913,MathCanvas,1.076185,1.372776,3.227943,0.01347931,1.505482,-0.02641295,0.3211439,-0.03684933,0.9463132,0.04450507,1.504779,-0.0372774,0.3310126,-0.03578742,0.9429474,-0.01568536,1.506321,-0.01608959,0.3310126,-0.03578742,0.9429474,0.01440986,1.50555,-0.0266835,2.050906,19.34313,358.6144,0,2,False
1,Center_Head_Far,72,5.459998,0.01579524,1.505386,-0.02727479,-0.01733402,1.214788,-0.01102794,0.5282885,-0.1904644,-0.1098915,-0.8200967,0.1090334,1.023371,0.1281214,0.07118655,0.143621,-0.04500563,0.9860426,MathCanvas,1.115184,1.379243,3.216962,0.01519259,1.505319,-0.02703068,0.3390073,-0.03442203,0.9401538,0.04571991,1.504695,-0.03834658,0.3460586,-0.03553202,0.9375398,-0.01412943,1.506077,-0.016203,0.3460586,-0.03553202,0.9375398,0.01579524,1.505386,-0.02727479,2.036263,20.25979,358.7586,0,2,False
1,Center_Head_Far,73,5.479998,0.01646391,1.505213,-0.02755713,-0.01682793,1.2144,-0.01107061,0.5263105,-0.1929213,-0.1070594,-0.8211681,0.1089578,1.02335,0.1281427,0.07152888,0.1435005,-0.04499739,0.9860357,MathCanvas,1.18039,1.387135,3.202444,0.01579524,1.505386,-0.02727479,0.3460586,-0.03553202,0.9375398,0.04632608,1.504535,-0.03879722,0.351351,-0.03527823,0.9355789,-0.01339827,1.50589,-0.01631703,0.351351,-0.03527823,0.9355789,0.01646391,1.505213,-0.02755713,2.021713,20.58336,358.7834,0,2,False
1,Center_Head_Far,74,5.499998,0.01768162,1.505251,-0.02796706,-0.01624507,1.213869,-0.011592,0.5292597,-0.1919643,-0.1046166,-0.8198105,0.1088746,1.023168,0.1282305,0.07156935,0.1435353,-0.04470435,0.9860411,MathCanvas,1.203685,1.383313,3.188854,0.01708647,1.505199,-0.02776472,0.3567332,-0.03549238,0.9335318,0.04741265,1.504628,-0.03955264,0.3622139,-0.03543217,0.9314213,-0.01204942,1.505874,-0.01638148,0.3622139,-0.03543217,0.9314213,0.01768162,1.505251,-0.02796706,2.030539,21.25021,358.8812,0,2,False
1,Center_Head_Far,75,5.519998,0.01825577,1.505251,-0.0280795,-0.01604315,1.213727,-0.01181923,0.5302299,-0.192753,-0.1042231,-0.8190484,0.1088618,1.02315,0.1282593,0.07150304,0.1435867,-0.04461517,0.9860424,MathCanvas,1.242141,1.383426,3.176308,0.01768162,1.505251,-0.02796706,0.3622139,-0.03543217,0.9314213,0.04792529,1.504657,-0.03982321,0.3671991,-0.03516755,0.9294773,-0.01141375,1.505845,-0.01633579,0.3671991,-0.03516755,0.9294773,0.01825577,1.505251,-0.0280795,2.015368,21.55699,358.933,0,2,False
1,Center_Head_Far,76,5.539998,0.01912503,1.505396,-0.02838631,-0.01597899,1.21364,-0.01232145,0.5332949,-0.1937784,-0.1066672,-0.8164979,0.1090791,1.023345,0.1283486,0.07135585,0.1445671,-0.04484957,0.9858992,MathCanvas,1.260057,1.383777,3.165172,0.01873269,1.505324,-0.02822042,0.3706959,-0.03464635,0.9281079,0.04872131,1.504869,-0.04031654,0.3731318,-0.03392083,0.927158,-0.01047124,1.505923,-0.01645609,0.3731318,-0.03392083,0.927158,0.01912503,1.505396,-0.02838631,1.943893,21.92216,359.0525,0,2,False
1,Center_Head_Far,77,5.559998,0.0193694,1.505499,-0.02856748,-0.01609116,1.213559,-0.01221786,0.5319579,-0.1942789,-0.1063325,-0.8172942,0.1092146,1.023401,0.1283812,0.07116619,0.1451819,-0.04486329,0.985822,MathCanvas,1.290674,1.386553,3.15518,0.01912503,1.505396,-0.02838631,0.3731318,-0.03392083,0.9271581,0.0489447,1.504977,-0.04054979,0.3747934,-0.03297382,0.9265218,-0.01020591,1.506022,-0.01658517,0.3747934,-0.03297382,0.9265218,0.0193694,1.505499,-0.02856748,1.889603,22.02415,359.0609,0,2,False
1,Center_Head_Far,78,5.579998,0.01964422,1.505584,-0.02867968,-0.01601291,1.213402,-0.01222976,0.5307825,-0.1962254,-0.1058642,-0.8176543,0.109332,1.023447,0.1283842,0.07095329,0.1457079,-0.04492112,0.9857571,MathCanvas,1.297872,1.389273,3.148255,0.0193694,1.505499,-0.02856748,0.3747934,-0.03297382,0.9265218,0.04920317,1.505055,-0.04070201,0.3760501,-0.03269722,0.9260222,-0.00991473,1.506114,-0.01665735,0.3760501,-0.03269722,0.9260222,0.01964422,1.505584,-0.02867968,1.873747,22.10168,359.0497,0,2,False
1,Center_Head_Far,79,5.599998,0.01998899,1.50548,-0.02871151,-0.01590206,1.213226,-0.01227312,0.5310674,-0.1970466,-0.1066292,-0.8171722,0.1094874,1.023506,0.1283219,0.07078692,0.1461434,-0.04524796,0.9856896,MathCanvas,1.303598,1.392624,3.145365,0.01987818,1.505569,-0.02870274,0.375918,-0.0321172,0.9260962,0.049561,1.504905,-0.04069956,0.3749605,-0.032056,0.9264864,-0.009583028,1.506055,-0.01672346,0.3749605,-0.032056,0.9264864,0.01998899,1.50548,-0.02871151,1.836988,22.03379,358.9675,0,2,False
1,Center_Head_Far,80,5.619998,0.02034578,1.505524,-0.0288171,-0.01578078,1.213205,-0.01226538,0.5309193,-0.1974227,-0.1067353,-0.8171638,0.109534,1.023485,0.1282679,0.07082227,0.1462416,-0.04534928,0.9856678,MathCanvas,1.307468,1.395482,3.143069,0.01998899,1.50548,-0.02871151,0.3749606,-0.032056,0.9264864,0.04994171,1.504903,-0.04074368,0.372984,-0.03264114,0.9272634,-0.009250138,1.506145,-0.01689053,0.372984,-0.03264114,0.9272634,0.02034578,1.505524,-0.0288171,1.870532,21.91204,358.8842,0,2,False
1,Center_Head_Far,81,5.639998,0.02027966,1.505411,-0.02875942,-0.01584529,1.213451,-0.01217838,0.5309634,-0.1966802,-0.1067973,-0.817306,0.1095719,1.023365,0.1281047,0.0709152,0.1462394,-0.04521751,0.9856675,MathCanvas,1.3032,1.395851,3.140974,0.02032894,1.505454,-0.02880312,0.3710059,-0.03319064,0.9280372,0.04994263,1.504738,-0.0405154,0.3675836,-0.03321904,0.929397,-0.009383315,1.506083,-0.01700344,0.3675836,-0.03321904,0.929397,0.02027966,1.505411,-0.02875942,1.903661,21.57918,358.7914,0,2,False
1,Center_Head_Far,82,5.659998,0.02016803,1.505482,-0.02865361,-0.0156898,1.213243,-0.0122452,0.5310374,-0.1964674,-0.1069075,-0.8172948,0.1095722,1.023365,0.1279099,0.07087443,0.1460226,-0.04497498,0.9857137,MathCanvas,1.28823,1.391978,3.142903,0.02027966,1.505411,-0.02875942,0.3675836,-0.03321905,0.929397,0.0498761,1.504773,-0.04029299,0.3639481,-0.03185785,0.9308742,-0.009540038,1.506191,-0.01701423,0.3639481,-0.03185785,0.9308742,0.02016803,1.505482,-0.02865361,1.825629,21.35423,358.7256,0,2,False
1,Center_Head_Far,83,5.679998,0.01988446,1.505718,-0.02846307,-0.01553707,1.213093,-0.01231899,0.5311477,-0.1963154,-0.1068535,-0.8172666,0.1096488,1.023358,0.1277181,0.07080889,0.1458768,-0.04486994,0.9857448,MathCanvas,1.275605,1.392026,3.145588,0.02007059,1.505587,-0.02855259,0.3602703,-0.03014826,0.9323606,0.04968303,1.504945,-0.03986461,0.3565404,-0.02924413,0.9338221,-0.009914108,1.506492,-0.01706153,0.3565404,-0.02924413,0.9338221,0.01988446,1.505718,-0.02846307,1.675804,20.89724,358.6111,0,2,False
1,Center_Head_Far,84,5.699998,0.01965811,1.505757,-0.02841023,-0.01542885,1.213251,-0.01230384,0.5311271,-0.1965161,-0.1067254,-0.8172485,0.1097896,1.023295,0.1276363,0.07082594,0.1459785,-0.04494688,0.985725,MathCanvas,1.250962,1.402699,3.157501,0.01988446,1.505718,-0.02846307,0.3565404,-0.02924414,0.9338221,0.04950855,1.504948,-0.03967278,0.352154,-0.0295402,0.9354758,-0.01019233,1.506566,-0.01714768,0.352154,-0.0295402,0.9354758,0.01965811,1.505757,-0.02841023,1.692775,20.62853,358.5473,0,2,False
1,Center_Head_Far,85,5.719998,0.01941834,1.505661,-0.02832669,-0.015329,1.213382,-0.01233815,0.5314912,-0.1964951,-0.1065058,-0.8170455,0.1100819,1.023246,0.1275431,0.07088212,0.1463999,-0.04534795,0.9856401,MathCanvas,1.238235,1.405807,3.163189,0.01965811,1.505757,-0.02841023,0.352154,-0.0295402,0.9354758,0.04931958,1.504834,-0.03945235,0.3478259,-0.03034365,0.937068,-0.01048291,1.506487,-0.01720103,0.3478259,-0.03034365,0.937068,0.01941834,1.505661,-0.02832669,1.73883,20.36418,358.5155,0,2,False
1,Center_Head_Far,86,5.739998,0.01880535,1.505472,-0.02813966,-0.01505717,1.213001,-0.01267673,0.5330284,-0.1960985,-0.1060802,-0.8161943,0.1106743,1.023299,0.1274558,0.07106307,0.1476345,-0.04623607,0.9854016,MathCanvas,1.222782,1.404717,3.168335,0.01913611,1.505527,-0.02823927,0.3436056,-0.03072977,0.9386111,0.04881596,1.504602,-0.03896351,0.3383387,-0.03041312,0.9405328,-0.01120525,1.506341,-0.01731581,0.3383387,-0.03041312,0.9405328,0.01880535,1.505472,-0.02813966,1.742812,19.78522,358.4382,0,2,False
1,Center_Head_Far,87,5.759998,0.01843551,1.505549,-0.02801342,-0.01496548,1.213109,-0.01278684,0.5340394,-0.1958688,-0.1057551,-0.8156306,0.1109566,1.023314,0.1274639,0.07093784,0.148229,-0.04634769,0.9853162,MathCanvas,1.192364,1.400517,3.177616,0.01880535,1.505472,-0.02813966,0.3383387,-0.03041313,0.9405328,0.04850534,1.504668,-0.03867063,0.3331504,-0.02925954,0.9424196,-0.01163432,1.506431,-0.0173562,0.3331504,-0.02925954,0.9424196,0.01843551,1.505549,-0.02801342,1.676688,19.46877,358.4168,0,2,False
1,Center_Head_Far,88,5.779998,0.01742028,1.505854,-0.0277277,-0.01494992,1.213359,-0.01328024,0.5397638,-0.1904732,-0.1042629,-0.8133292,0.111596,1.023408,0.1274971,0.0702095,0.1497652,-0.04668318,0.9851202,MathCanvas,1.174361,1.401644,3.185293,0.01785919,1.50589,-0.02780936,0.3271963,-0.02705923,0.9445689,0.04762316,1.504947,-0.03799959,0.3211955,-0.02544197,0.9466711,-0.0127826,1.50676,-0.01745581,0.3211955,-0.02544197,0.9466711,0.01742028,1.505854,-0.0277277,1.457875,18.74153,358.3712,0,2,False
1,Center_Head_Far,89,5.799998,0.01690804,1.505819,-0.02766966,-0.01497952,1.213205,-0.01352292,0.5419879,-0.1879432,-0.103829,-0.8124937,0.1117506,1.023478,0.1274951,0.07003677,0.1500435,-0.04679059,0.985085,MathCanvas,1.136735,1.413286,3.203573,0.01742028,1.505854,-0.0277277,0.3211955,-0.02544197,0.9466711,0.04716786,1.504877,-0.03776932,0.3157865,-0.02527042,0.9484937,-0.01335177,1.506762,-0.01757001,0.3157865,-0.02527042,0.9484937,0.01690804,1.505819,-0.02766966,1.448043,18.41439,358.3073,0,2,False
1,Center_Head_Far,90,5.819998,0.01565628,1.505757,-0.02759087,-0.01513431,1.213178,-0.01413767,0.5517808,-0.1801413,-0.1044969,-0.8075689,0.1122244,1.023525,0.1274943,0.06957611,0.1512309,-0.04707821,0.9849223,MathCanvas,1.116629,1.41871,3.213577,0.01633134,1.505678,-0.02766946,0.3092971,-0.02567625,0.9506187,0.04606146,1.504792,-0.03724187,0.301675,-0.0263059,0.9530479,-0.0147489,1.506722,-0.01793987,0.301675,-0.0263059,0.9530479,0.01565628,1.505757,-0.02759087,1.507391,17.56451,358.2668,0,2,False
1,Center_Head_Far,91,5.839998,0.0149917,1.50587,-0.02746788,-0.01498622,1.213422,-0.01436378,0.5568218,-0.1743664,-0.1029195,-0.8055765,0.1123624,1.023346,0.1275357,0.06950987,0.1514113,-0.04717987,0.9848945,MathCanvas,1.075031,1.417813,3.228378,0.01565628,1.505757,-0.02759087,0.301675,-0.0263059,0.9530479,0.04547872,1.504879,-0.03685448,0.2934048,-0.02548294,0.9556486,-0.01549532,1.50686,-0.01808129,0.2934048,-0.02548294,0.9556486,0.0149917,1.50587,-0.02746788,1.460223,17.06762,358.2207,0,2,False
1,Center_Head_Far,92,5.859998,0.01363286,1.506224,-0.02711479,-0.0148835,1.213335,-0.01490668,0.5663625,-0.164984,-0.09965468,-0.8013006,0.1125558,1.023329,0.1275339,0.06925118,0.1518069,-0.04713109,0.9848541,MathCanvas,1.04838,1.415759,3.2372,0.01426658,1.506125,-0.02725689,0.2855873,-0.02462567,0.9580362,0.04426918,1.505148,-0.03599198,0.2775115,-0.02251384,0.9604585,-0.01700345,1.507301,-0.0182376,0.2775115,-0.02251384,0.9604585,0.01363286,1.506224,-0.02711479,1.290057,16.11593,358.0661,0,2,False
1,Center_Head_Far,93,5.879998,0.01296212,1.506294,-0.02695116,-0.01495257,1.213218,-0.01525603,0.5718356,-0.1610966,-0.09788475,-0.7984175,0.1126541,1.023399,0.1275149,0.06907392,0.1520139,-0.04711974,0.9848352,MathCanvas,0.9932333,1.421755,3.259071,0.01363286,1.506224,-0.02711479,0.2775115,-0.02251385,0.9604585,0.04366972,1.505172,-0.03557277,0.2695382,-0.02109264,0.9627587,-0.01774547,1.507417,-0.01832954,0.2695382,-0.02109264,0.9627587,0.01296212,1.506294,-0.02695116,1.208609,15.64036,357.9846,0,2,False
1,Center_Head_Far,94,5.899998,0.01223783,1.506243,-0.02687098,-0.01516278,1.213903,-0.01549108,0.5790166,-0.1559819,-0.09464929,-0.7946389,0.112724,1.0233,0.1275661,0.06891892,0.1522676,-0.04712344,0.9848067,MathCanvas,0.9657292,1.428999,3.270545,0.01296212,1.506294,-0.02695116,0.2695382,-0.02109264,0.9627587,0.04301801,1.505063,-0.03522169,0.261054,-0.0203796,0.9651091,-0.01854236,1.507424,-0.01852027,0.261054,-0.0203796,0.9651091,0.01223783,1.506243,-0.02687098,1.167746,15.13583,357.8798,0,2,False
1,Center_Head_Far,95,5.919998,0.01066656,1.506038,-0.02661887,-0.01498553,1.21466,-0.01549066,0.5923445,-0.1443518,-0.08527709,-0.7880473,0.1128435,1.023112,0.1277118,0.0687809,0.1528009,-0.04689265,0.9847447,MathCanvas,0.9383849,1.433768,3.281218,0.01141455,1.506222,-0.02672665,0.2519771,-0.02060799,0.9675137,0.0415979,1.504807,-0.03438319,0.2426718,-0.0198864,0.9699046,-0.02026477,1.507269,-0.01885455,0.2426718,-0.0198864,0.9699046,0.01066656,1.506038,-0.02661887,1.139482,14.04712,357.7887,0,2,False
1,Center_Head_Far,96,5.939998,0.00975888,1.50609,-0.02645245,-0.01442553,1.21433,-0.0152343,0.5983624,-0.1386725,-0.07763911,-0.7853054,0.1128786,1.023163,0.1277359,0.06867094,0.152985,-0.04682801,0.9847269,MathCanvas,0.8775723,1.435138,3.302031,0.01066656,1.506038,-0.02661887,0.2426718,-0.0198864,0.9699046,0.04075176,1.504835,-0.03396331,0.234713,-0.01996846,0.9718596,-0.02123399,1.507346,-0.01894158,0.234713,-0.01996846,0.9718596,0.00975888,1.50609,-0.02645245,1.144185,13.57747,357.7448,0,2,False
1,Center_Head_Far,97,5.959998,0.008398416,1.50615,-0.02621685,-0.01240546,1.212769,-0.01451655,0.6117086,-0.1268925,-0.06064053,-0.7784817,0.1128686,1.023135,0.1278151,0.06820586,0.1530195,-0.04651486,0.9847687,MathCanvas,0.8448771,1.437654,3.311328,0.009072836,1.506189,-0.02628768,0.2256876,-0.01996055,0.9739952,0.03951843,1.50486,-0.03317597,0.2174344,-0.01919022,0.9758863,-0.0227216,1.507439,-0.01925773,0.2174344,-0.01919022,0.9758863,0.008398416,1.50615,-0.02621685,1.099586,12.56074,357.6837,0,2,False
1,Center_Head_Far,98,5.979998,0.007785033,1.506017,-0.02614345,-0.01135346,1.21117,-0.01467548,0.6210333,-0.1186238,-0.05407435,-0.7728661,0.1127826,1.023073,0.1278485,0.06762797,0.1528396,-0.04626045,0.9848484,MathCanvas,0.7859566,1.43738,3.329475,0.008398416,1.50615,-0.02621685,0.2174344,-0.01919022,0.9758863,0.0389598,1.504706,-0.032849,0.2094525,-0.01972121,0.9776199,-0.02338973,1.507328,-0.0194379,0.2094525,-0.01972121,0.9776199,0.007785033,1.506017,-0.02614345,1.130015,12.09266,357.6461,0,2,False
1,Center_Head_Far,99,5.999998,0.006511123,1.505931,-0.02592065,-0.009326312,1.207364,-0.01555986,0.6408302,-0.107776,-0.04251791,-0.7588895,0.1124509,1.023079,0.127823,0.06705845,0.152093,-0.04546125,0.9850402,MathCanvas,0.7568084,1.43991,3.335613,0.007081357,1.505965,-0.02605847,0.2025097,-0.02118967,0.979051,0.03777725,1.504619,-0.03218613,0.195562,-0.02174489,0.9804503,-0.024755,1.507243,-0.01965517,0.195562,-0.02174489,0.9804503,0.006511123,1.505931,-0.02592065,1.245989,11.28026,357.6435,0,2,False
1,Center_Head_Far,100,6.019998,0.005912501,1.5061,-0.02575328,-0.008474857,1.206271,-0.01600701,0.6474334,-0.1090227,-0.03882329,-0.7532841,0.1123695,1.022977,0.1278344,0.06693972,0.1518572,-0.04524511,0.9850946,MathCanvas,0.7043202,1.432915,3.347699,0.006511123,1.505931,-0.02592065,0.195562,-0.02174489,0.9804502,0.03721459,1.504775,-0.03183362,0.1897573,-0.02159323,0.9815935,-0.02538959,1.507426,-0.01967294,0.1897573,-0.02159323,0.9815935,0.005912501,1.5061,-0.02575328,1.237297,10.94121,357.6192,0,2,False
1,Center_Head_Far,101,6.039998,0.004873089,1.506165,-0.02544038,-0.007489158,1.206209,-0.01659257,0.6420501,-0.1164003,-0.0385807,-0.7567921,0.1122805,1.022591,0.1278955,0.06748915,0.1517231,-0.04528864,0.9850758,MathCanvas,0.6791657,1.43124,3.349603,0.005358105,1.506207,-0.02554881,0.1845497,-0.01958822,0.982628,0.03623751,1.504873,-0.03119816,0.1798075,-0.01812095,0.9835349,-0.02649133,1.507457,-0.01968261,0.1798075,-0.01812095,0.9835349,0.004873089,1.506165,-0.02544038,1.038311,10.36027,357.6795,0,2,False
1,Center_Head_Far,102,6.059998,0.004416033,1.506068,-0.02538686,-0.007431271,1.206383,-0.01695172,0.6348908,-0.1203942,-0.03911636,-0.7621607,0.1121726,1.02247,0.1278617,0.06785551,0.1516768,-0.04545013,0.9850503,MathCanvas,0.6410007,1.438646,3.361598,0.004873089,1.506165,-0.02544038,0.1798075,-0.01812096,0.9835349,0.03580391,1.504772,-0.03101437,0.1757275,-0.01797824,0.9842747,-0.02697184,1.507365,-0.01975934,0.1757275,-0.01797824,0.9842747,0.004416033,1.506068,-0.02538686,1.030133,10.12265,357.6718,0,2,False
1,Center_Head_Far,103,6.079998,0.004018433,1.505934,-0.02542701,-0.007828914,1.206861,-0.01748468,0.6287599,-0.127026,-0.03874948,-0.7661749,0.1120432,1.022346,0.1278373,0.06822678,0.1515779,-0.04551298,0.985037,MathCanvas,0.6239052,1.443637,3.363178,0.004416033,1.506068,-0.02538686,0.1757275,-0.01797824,0.9842747,0.03542576,1.504655,-0.03094872,0.1723667,-0.01911706,0.9848473,-0.0273889,1.507214,-0.0199053,0.1723667,-0.01911706,0.9848473,0.004018433,1.505934,-0.02542701,1.095394,9.927284,357.7012,0,2,False
1,Center_Head_Far,104,6.099998,0.003241293,1.506075,-0.02539106,-0.008525718,1.206686,-0.01901332,0.6311056,-0.128837,-0.05084102,-0.7632313,0.111743,1.021926,0.1279836,0.0689947,0.1508601,-0.04537249,0.9851002,MathCanvas,0.6093366,1.444006,3.365046,0.003575835,1.505958,-0.02543878,0.1698769,-0.02008063,0.9852607,0.03468186,1.504909,-0.03074644,0.1671498,-0.02027893,0.985723,-0.02819927,1.50724,-0.02003568,0.1671498,-0.02027893,0.985723,0.003241293,1.506075,-0.02539106,1.161977,9.624143,357.9067,0,2,False
1,Center_Head_Far,105,6.119998,0.002928545,1.506174,-0.02536388,-0.00864121,1.206578,-0.01952923,0.6325051,-0.1277978,-0.05385293,-0.7620401,0.1116018,1.021788,0.1280484,0.06912232,0.1506188,-0.0452913,0.9851319,MathCanvas,0.5879925,1.436953,3.366079,0.003241293,1.506075,-0.02539106,0.1671499,-0.02027894,0.9857229,0.03438075,1.50506,-0.0306616,0.1653991,-0.01937543,0.9860364,-0.02852366,1.507288,-0.02006615,0.1653991,-0.01937543,0.9860364,0.002928545,1.506174,-0.02536388,1.1102,9.522225,357.9994,0,2,False
1,Center_Head_Far,106,6.139998,0.002407287,1.506246,-0.02535181,-0.00858551,1.206308,-0.01971137,0.6286377,-0.1264665,-0.0571862,-0.7652129,0.111013,1.021488,0.1281574,0.06979939,0.1493709,-0.04489807,0.9852921,MathCanvas,0.5777316,1.436438,3.364388,0.00268592,1.506211,-0.02532097,0.1635205,-0.01832761,0.9863697,0.03388102,1.505254,-0.03054478,0.1622151,-0.01796471,0.9865919,-0.02906645,1.507239,-0.02015884,0.1622151,-0.01796471,0.9865919,0.002407287,1.506246,-0.02535181,1.029357,9.337008,358.2179,0,2,False
1,Center_Head_Far,107,6.159998,0.002106967,1.50618,-0.0254331,-0.009237118,1.206493,-0.0194344,0.6285647,-0.1208863,-0.05920121,-0.766021,0.1105265,1.021208,0.1283082,0.07043061,0.1480323,-0.04431332,0.9854757,MathCanvas,0.5650386,1.443186,3.368489,0.002407287,1.506246,-0.02535181,0.1622151,-0.01796471,0.9865919,0.03358794,1.505243,-0.03059242,0.1611797,-0.01805132,0.98676,-0.029374,1.507117,-0.02027379,0.1611797,-0.01805132,0.98676,0.002106967,1.50618,-0.0254331,1.034321,9.2769,358.3173,0,2,False
1,Center_Head_Far,108,6.179998,0.001557603,1.506175,-0.02545702,-0.009676317,1.206759,-0.01900532,0.6285756,-0.1225224,-0.05733815,-0.7658939,0.1097275,1.020939,0.1285473,0.07082921,0.145819,-0.0437548,0.985802,MathCanvas,0.5599138,1.444405,3.367148,0.001748432,1.506218,-0.02542494,0.1597677,-0.01857666,0.9869798,0.03305614,1.505293,-0.03051785,0.1580893,-0.01891995,0.9872435,-0.02994094,1.507057,-0.0203962,0.1580893,-0.01891995,0.9872435,0.001557603,1.506175,-0.02545702,1.084098,9.097649,358.4161,0,2,False
1,Center_Head_Far,109,6.199998,0.001379182,1.50618,-0.02548545,-0.009747349,1.206526,-0.01890273,0.6278377,-0.1252096,-0.05579475,-0.7661785,0.1093442,1.020916,0.1286275,0.07085264,0.144729,-0.04348972,0.9859727,MathCanvas,0.5507743,1.442317,3.367381,0.001557603,1.506175,-0.02545702,0.1580893,-0.01891995,0.9872435,0.03288667,1.505322,-0.03049446,0.1564736,-0.0190047,0.9874993,-0.0301283,1.507038,-0.02047644,0.1564736,-0.0190047,0.9874993,0.001379182,1.50618,-0.02548545,1.088955,9.003912,358.4593,0,2,False
1,Center_Head_Far,110,6.219998,0.001193763,1.506241,-0.02551534,-0.01008729,1.205889,-0.01872697,0.6232225,-0.1280556,-0.05592303,-0.7694596,0.1089905,1.020889,0.128709,0.07103942,0.1438294,-0.0432325,0.9861022,MathCanvas,0.5445194,1.441178,3.366343,0.001379182,1.50618,-0.02548545,0.1564736,-0.0190047,0.9874993,0.03270991,1.505406,-0.03047337,0.1549173,-0.01791192,0.9877651,-0.03032238,1.507077,-0.02055731,0.1549173,-0.01791192,0.9877651,0.001193763,1.506241,-0.02551534,1.026332,8.913443,358.4993,0,2,False
1,Center_Head_Far,111,6.239998,0.0008569704,1.506428,-0.02554085,-0.01103029,1.205938,-0.01858518,0.6216263,-0.1203666,-0.05447295,-0.7720916,0.1087404,1.020685,0.1288216,0.0707607,0.1434502,-0.04324943,0.9861767,MathCanvas,0.5387122,1.440956,3.366744,0.001010652,1.506332,-0.02552876,0.1531985,-0.01711461,0.9880472,0.03239023,1.505618,-0.03039309,0.1516633,-0.01608943,0.9883013,-0.03067629,1.507239,-0.0206886,0.1516633,-0.01608943,0.9883013,0.0008569704,1.506428,-0.02554085,0.9218963,8.724466,358.5444,0,2,False
1,Center_Head_Far,112,6.259998,0.0007228144,1.506468,-0.0255464,-0.01115319,1.205935,-0.01854838,0.6220288,-0.1204829,-0.05502851,-0.7717097,0.1085709,1.020595,0.1289128,0.07079638,0.1430611,-0.04311573,0.9862365,MathCanvas,0.5274972,1.447595,3.371003,0.0008569704,1.506428,-0.02554085,0.1516633,-0.01608943,0.9883013,0.03226201,1.505652,-0.03035913,0.1504243,-0.01604271,0.9884914,-0.03081638,1.507283,-0.02073367,0.1504243,-0.01604271,0.9884914,0.0007228144,1.506468,-0.0255464,0.9192187,8.652641,358.536,0,2,False
1,Center_Head_Far,113,6.279998,0.0005056234,1.506456,-0.02560792,-0.01173001,1.20551,-0.01861926,0.6231226,-0.1178508,-0.05549091,-0.7712005,0.1082112,1.020484,0.1291376,0.07105806,0.1418199,-0.04272585,0.9864139,MathCanvas,0.5221247,1.451154,3.372126,0.0006008493,1.506465,-0.02556998,0.1493998,-0.016604,0.9886374,0.03205464,1.505644,-0.03035632,0.1483783,-0.01715438,0.9887819,-0.0310434,1.507269,-0.02085953,0.1483783,-0.01715438,0.9887819,0.0005056234,1.506456,-0.02560792,0.9829218,8.534226,358.5413,0,2,False
1,Center_Head_Far,114,6.299998,0.0004255613,1.506429,-0.02563822,-0.0118047,1.205309,-0.01854596,0.6223634,-0.1175773,-0.05547889,-0.7718559,0.1081366,1.020366,0.1292399,0.07110274,0.1416587,-0.04257923,0.9864402,MathCanvas,0.514034,1.449384,3.372613,0.0005056234,1.506456,-0.02560792,0.1483784,-0.01715438,0.9887819,0.0319773,1.505625,-0.03037,0.147853,-0.01745095,0.9888554,-0.03112618,1.507232,-0.02090645,0.147853,-0.01745095,0.9888554,0.0004255613,1.506429,-0.02563822,0.9999166,8.503829,358.5571,0,2,False
1,Center_Head_Far,115,6.319998,0.0002839901,1.506411,-0.02560391,-0.01204772,1.204946,-0.01831114,0.6200252,-0.1164254,-0.05677585,-0.7738155,0.1080065,1.020202,0.1294746,0.07126603,0.1412129,-0.04224148,0.9865068,MathCanvas,0.510237,1.447488,3.371705,0.0003405334,1.506408,-0.02563225,0.1471193,-0.01752319,0.9889635,0.03184233,1.505638,-0.03029652,0.1466497,-0.01702063,0.989042,-0.03127435,1.507185,-0.0209113,0.1466497,-0.01702063,0.989042,0.0002839901,1.506411,-0.02560391,0.9752571,8.43405,358.6109,0,2,False
1,Center_Head_Far,116,6.339998,0.0002175607,1.506429,-0.02557643,-0.01247531,1.204693,-0.01807391,0.6190485,-0.1133557,-0.05841322,-0.7749305,0.1079757,1.020143,0.1295992,0.07151291,0.1411127,-0.0421674,0.9865065,MathCanvas,0.5056748,1.446215,3.371727,0.0002839901,1.506411,-0.02560391,0.1466497,-0.01702062,0.989042,0.03177937,1.505676,-0.03024906,0.1460472,-0.01644058,0.989141,-0.03134425,1.507182,-0.0209038,0.1460472,-0.01644058,0.989141,0.0002175607,1.506429,-0.02557643,0.9420183,8.399066,358.6483,0,2,False
1,Center_Head_Far,117,6.359998,6.708875E-05,1.506465,-0.02555292,-0.01271519,1.204497,-0.01747385,0.617635,-0.109654,-0.06007588,-0.7764625,0.1079046,1.019998,0.1298183,0.07189009,0.1410123,-0.04203254,0.9864992,MathCanvas,0.5040016,1.447958,3.37207,0.0001412034,1.506458,-0.02556475,0.1456694,-0.01631413,0.9891988,0.03163403,1.50576,-0.03019838,0.1452145,-0.0164758,0.989263,-0.03149985,1.507169,-0.02090746,0.1452145,-0.0164758,0.989263,6.708875E-05,1.506465,-0.02555292,0.9440363,8.350844,358.7356,0,2,False
1,Center_Head_Far,118,6.379998,2.089888E-06,1.506416,-0.02551226,-0.01296759,1.204094,-0.01714812,0.6160468,-0.1088668,-0.05913816,-0.7779056,0.107849,1.019916,0.1299293,0.07191944,0.1408443,-0.04183058,0.9865296,MathCanvas,0.5005946,1.450409,3.373386,6.708875E-05,1.506465,-0.02555292,0.1452146,-0.0164758,0.989263,0.03157224,1.505726,-0.03013796,0.1445957,-0.01670177,0.9893498,-0.03156806,1.507107,-0.02088656,0.1445957,-0.01670177,0.9893498,2.089888E-06,1.506416,-0.02551226,0.9569854,8.315037,358.7605,0,2,False
1,Center_Head_Far,119,6.399998,-6.759167E-05,1.506326,-0.02546482,-0.01307694,1.203632,-0.01673855,0.6119899,-0.1099775,-0.05704995,-0.7811009,0.107776,1.019829,0.1300468,0.07209173,0.140443,-0.04162211,0.9865831,MathCanvas,0.4988879,1.449814,3.373108,2.089888E-06,1.506416,-0.02551226,0.1445957,-0.01670177,0.9893498,0.0315063,1.50563,-0.03006404,0.1437531,-0.01712882,0.9894654,-0.03164148,1.507022,-0.0208656,0.1437531,-0.01712882,0.9894654,-6.759167E-05,1.506326,-0.02546482,0.9814569,8.2663,358.7503,0,2,False
1,Center_Head_Far,120,6.419998,-0.0002116375,1.506143,-0.02544167,-0.01372802,1.202339,-0.01595433,0.6066671,-0.1081681,-0.0572628,-0.785478,0.1076353,1.01964,0.1302351,0.07252506,0.1397242,-0.04122694,0.98667,MathCanvas,0.4966342,1.448954,3.373058,-0.0001441166,1.506215,-0.02543975,0.1429376,-0.01767124,0.989574,0.03136977,1.50544,-0.02998792,0.1420553,-0.01855035,0.9896849,-0.03179304,1.506846,-0.02089543,0.1420553,-0.01855035,0.9896849,-0.0002116375,1.506143,-0.02544167,1.062918,8.168211,358.7376,0,2,False
1,Center_Head_Far,121,6.439998,-0.00026007,1.506109,-0.02544175,-0.01374839,1.201941,-0.01575869,0.6068325,-0.1079559,-0.05726133,-0.7853795,0.1075921,1.019573,0.1302954,0.0724927,0.1395245,-0.04106792,0.9867072,MathCanvas,0.4906307,1.445461,3.372719,-0.0002116375,1.506143,-0.02544167,0.1420553,-0.01855035,0.9896849,0.03132644,1.505423,-0.02995487,0.1410317,-0.01828552,0.9898362,-0.03184658,1.506796,-0.02092862,0.1410317,-0.01828552,0.9898362,-0.00026007,1.506109,-0.02544175,1.047741,8.108912,358.7666,0,2,False
1,Center_Head_Far,122,6.459998,-0.0003649136,1.506124,-0.02536715,-0.01447057,1.200674,-0.0152896,0.6079441,-0.1099034,-0.05691544,-0.7842742,0.1074835,1.01956,0.1304554,0.07240272,0.138945,-0.04093254,0.9868012,MathCanvas,0.4873909,1.44243,3.371973,-0.000317134,1.506105,-0.02540715,0.1404497,-0.01792676,0.9899255,0.03122674,1.505443,-0.02984493,0.1399478,-0.01738566,0.9900062,-0.03195657,1.506806,-0.02088937,0.1399478,-0.01738566,0.9900062,-0.0003649136,1.506124,-0.02536715,0.9961751,8.046051,358.7762,0,2,False
1,Center_Head_Far,123,6.479998,-0.0004016608,1.506161,-0.02537285,-0.01546251,1.199375,-0.01479686,0.6088008,-0.1091851,-0.05683952,-0.7837151,0.1074346,1.019606,0.1305723,0.07236159,0.1386359,-0.04077351,0.9868543,MathCanvas,0.4818817,1.444571,3.373629,-0.0003649136,1.506124,-0.02536715,0.1399478,-0.01738566,0.9900062,0.0311924,1.505476,-0.02983298,0.1394006,-0.01705149,0.9900892,-0.03199572,1.506847,-0.02091272,0.1394006,-0.01705149,0.9900892,-0.0004016608,1.506161,-0.02537285,0.9770261,8.014338,358.7689,0,2,False
1,Center_Head_Far,124,6.499998,-0.0004590256,1.506152,-0.02541583,-0.01514235,1.198913,-0.01526562,0.6087193,-0.1093417,-0.05685779,-0.7837553,0.1073981,1.019462,0.1308365,0.0722824,0.1383287,-0.04048473,0.9869151,MathCanvas,0.4802018,1.446456,3.37447,-0.000430488,1.506175,-0.02539457,0.1387957,-0.01696802,0.9901757,0.03114049,1.505471,-0.02983796,0.1382,-0.01755666,0.9902487,-0.03205854,1.506833,-0.02099371,0.1382,-0.01755666,0.9902487,-0.0004590256,1.506152,-0.02541583,1.005974,7.944936,358.7774,0,2,False
1,Center_Head_Far,125,6.519998,-0.0004847199,1.506085,-0.02542616,-0.01540298,1.198397,-0.01511358,0.6085966,-0.1094639,-0.05682653,-0.7838358,0.1074,1.019416,0.1309765,0.07235239,0.1381975,-0.04039316,0.9869322,MathCanvas,0.4762696,1.447871,3.37559,-0.0004590256,1.506152,-0.02541583,0.1382,-0.01755666,0.9902487,0.03111782,1.505407,-0.02982696,0.137522,-0.01801451,0.9903349,-0.03208726,1.506764,-0.02102537,0.137522,-0.01801451,0.9903349,-0.0004847199,1.506085,-0.02542616,1.032211,7.905771,358.7818,0,2,False
1,Center_Head_Far,126,6.539998,-0.0005193725,1.506055,-0.02550603,-0.01638948,1.19679,-0.0144467,0.6084186,-0.1099657,-0.05655702,-0.7839233,0.1074023,1.019459,0.1312504,0.07240025,0.1379299,-0.04010613,0.9869778,MathCanvas,0.4740931,1.445796,3.37508,-0.0005077347,1.506024,-0.02545106,0.1369559,-0.01821706,0.9904096,0.0310895,1.505385,-0.02986239,0.136129,-0.01820715,0.9905238,-0.03212825,1.506725,-0.02114966,0.136129,-0.01820715,0.9905238,-0.0005193725,1.506055,-0.02550603,1.04325,7.825215,358.7969,0,2,False
1,Center_Head_Far,127,6.559998,-0.0005297028,1.506122,-0.02553379,-0.01614193,1.196416,-0.01471957,0.6082381,-0.1102675,-0.05644927,-0.7840287,0.1073725,1.019457,0.1313461,0.07226503,0.1377032,-0.03992919,0.9870265,MathCanvas,0.4696952,1.44351,3.374897,-0.0005193725,1.506055,-0.02550603,0.136129,-0.01820715,0.9905238,0.03108172,1.505461,-0.0298729,0.1356072,-0.01756186,0.990607,-0.03214113,1.506784,-0.02119468,0.1356072,-0.01756186,0.990607,-0.0005297028,1.506122,-0.02553379,1.006272,7.79494,358.8122,0,2,False
1,Center_Head_Far,128,6.579998,-0.0005186833,1.506208,-0.02552291,-0.01595344,1.195911,-0.01495971,0.6080341,-0.1105447,-0.05638773,-0.7841523,0.1073424,1.019426,0.1314105,0.07223037,0.137588,-0.03981488,0.9870497,MathCanvas,0.4668515,1.443611,3.375301,-0.0005297028,1.506122,-0.02553379,0.1356072,-0.01756187,0.990607,0.03109577,1.505544,-0.0298396,0.1349167,-0.01699023,0.9907113,-0.03213314,1.506871,-0.02120622,0.1349167,-0.01699023,0.9907113,-0.0005186833,1.506208,-0.02552291,0.9735154,7.754933,358.8087,0,2,False
1,Center_Head_Far,129,6.599998,-0.000474032,1.506249,-0.02548286,-0.01642791,1.194502,-0.0144153,0.6069068,-0.1118478,-0.05616747,-0.7848563,0.1072736,1.01938,0.1315491,0.07235134,0.1372537,-0.03954365,0.9870983,MathCanvas,0.4651752,1.445898,3.376359,-0.0005071126,1.506248,-0.02549465,0.1345518,-0.01647393,0.9907696,0.0311434,1.505565,-0.02977453,0.1341245,-0.01695381,0.9908195,-0.03209146,1.506933,-0.02119119,0.1341245,-0.01695381,0.9908195,-0.000474032,1.506249,-0.02548286,0.9714282,7.709113,358.7719,0,2,False
1,Center_Head_Far,130,6.619998,-0.0004434511,1.506236,-0.02548068,-0.01714837,1.193384,-0.0136407,0.606327,-0.1125313,-0.05590648,-0.7852253,0.1072301,1.019347,0.1315859,0.0723995,0.1370271,-0.03944868,0.98713,MathCanvas,0.4617671,1.449654,3.37822,-0.000474032,1.506249,-0.02548286,0.1341245,-0.01695381,0.9908195,0.03117484,1.505555,-0.02976639,0.1339234,-0.01762084,0.990835,-0.03206174,1.506917,-0.02119496,0.1339234,-0.01762084,0.990835,-0.0004434511,1.506236,-0.02548068,1.009652,7.697573,358.7766,0,2,False
1,Center_Head_Far,131,6.639997,-0.0003267415,1.506238,-0.02545188,-0.01725141,1.192783,-0.0129833,0.6042448,-0.1146502,-0.05518991,-0.7865734,0.10713,1.019251,0.1316056,0.07244864,0.1363719,-0.03913949,0.9872295,MathCanvas,0.4602435,1.448004,3.377756,-0.0003939681,1.50623,-0.0254761,0.1339583,-0.01850025,0.9908143,0.03129203,1.505551,-0.02973319,0.1337742,-0.01799708,0.9908484,-0.03194551,1.506924,-0.02117056,0.1337742,-0.01799708,0.9908484,-0.0003267415,1.506238,-0.02545188,1.031213,7.688994,358.7671,0,2,False
1,Center_Head_Far,132,6.659997,-0.00024046,1.50629,-0.02539526,-0.01759332,1.191854,-0.01247336,0.6028188,-0.1158597,-0.05454339,-0.7875348,0.1071209,1.019229,0.1316018,0.07249106,0.1362018,-0.03909975,0.9872514,MathCanvas,0.4595349,1.442729,3.375887,-0.0003267415,1.506238,-0.02545188,0.1337742,-0.01799708,0.9908484,0.03137856,1.505593,-0.02967305,0.1336698,-0.01755615,0.9908704,-0.03185948,1.506987,-0.02111746,0.1336698,-0.01755615,0.9908704,-0.00024046,1.50629,-0.02539526,1.005945,7.6829,358.7486,0,2,False
1,Center_Head_Far,133,6.679997,1.123175E-05,1.506399,-0.0252534,-0.01802253,1.19075,-0.01132713,0.600303,-0.1180768,-0.0542524,-0.7891457,0.1071885,1.019196,0.1316151,0.07246444,0.1361053,-0.03889851,0.9872746,MathCanvas,0.459057,1.444499,3.376564,-0.0001254007,1.506382,-0.02531381,0.1340145,-0.01629792,0.9908453,0.0316287,1.505708,-0.02954359,0.1340895,-0.01634557,0.9908344,-0.03160624,1.50709,-0.02096321,0.1340895,-0.01634557,0.9908344,1.123175E-05,1.506399,-0.0252534,0.9365741,7.707009,358.759,0,2,False
1,Center_Head_Far,134,6.699997,0.0001320466,1.506325,-0.0252288,-0.01800894,1.191173,-0.01123516,0.6001755,-0.1175516,-0.05457201,-0.789299,0.1072848,1.019141,0.1316545,0.07246631,0.1362516,-0.03878641,0.9872587,MathCanvas,0.4603822,1.450412,3.378531,1.123175E-05,1.506399,-0.0252534,0.1340895,-0.01634557,0.9908344,0.031748,1.505639,-0.02953096,0.1344538,-0.01689684,0.9907758,-0.03148391,1.507011,-0.02092664,0.1344538,-0.01689684,0.9907758,0.0001320466,1.506325,-0.0252288,0.968164,7.728145,358.7682,0,2,False
1,Center_Head_Far,135,6.719997,0.0002568737,1.506222,-0.02518956,-0.0181259,1.191072,-0.01102162,0.6001305,-0.1173086,-0.05500662,-0.7893392,0.1073692,1.0191,0.1316924,0.07249746,0.1363631,-0.03876688,0.9872418,MathCanvas,0.4607445,1.450176,3.378397,0.0001320466,1.506325,-0.0252288,0.1344538,-0.01689685,0.9907758,0.03187104,1.505536,-0.02950478,0.1348399,-0.01786207,0.9907064,-0.03135729,1.506909,-0.02087434,0.1348399,-0.01786207,0.9907064,0.0002568737,1.506222,-0.02518956,1.023476,7.750605,358.7672,0,2,False
1,Center_Head_Far,136,6.739997,0.0005709901,1.506008,-0.02509956,-0.01846942,1.190542,-0.01031559,0.5999552,-0.1177805,-0.05540999,-0.789374,0.1077131,1.019068,0.13176,0.0724828,0.1369525,-0.03880719,0.9871597,MathCanvas,0.4620209,1.448192,3.3775,0.0004061796,1.506059,-0.025147,0.135933,-0.0193416,0.9905292,0.03217737,1.505302,-0.02946831,0.1364629,-0.01972703,0.9904488,-0.03103539,1.506714,-0.0207308,0.1364629,-0.01972703,0.9904488,0.0005709901,1.506008,-0.02509956,1.130349,7.844759,358.7315,0,2,False
1,Center_Head_Far,137,6.759997,0.0007167747,1.506059,-0.02504349,-0.01869154,1.19049,-0.009759633,0.5996476,-0.1184818,-0.05565025,-0.7894858,0.1078576,1.01906,0.1317647,0.07248572,0.1373041,-0.03887383,0.9871081,MathCanvas,0.4669929,1.439642,3.373667,0.0005709901,1.506008,-0.02509956,0.1364629,-0.01972703,0.9904488,0.03232004,1.505358,-0.02943565,0.1372062,-0.01944482,0.9903516,-0.03088649,1.506759,-0.02065133,0.1372062,-0.01944482,0.9903516,0.0007167747,1.506059,-0.02504349,1.114176,7.887715,358.7426,0,2,False
1,Center_Head_Far,138,6.779998,0.001006499,1.506203,-0.0248709,-0.01880505,1.190332,-0.009146295,0.599003,-0.1195362,-0.05578254,-0.7898069,0.1080485,1.018995,0.131737,0.07272438,0.1376925,-0.03903902,0.9870299,MathCanvas,0.4688987,1.438378,3.373024,0.0008733561,1.50615,-0.02496313,0.1375911,-0.01888471,0.9903091,0.03260623,1.505506,-0.02928892,0.1380447,-0.01835268,0.990256,-0.03059323,1.506901,-0.02045287,0.1380447,-0.01835268,0.990256,0.001006499,1.506203,-0.0248709,1.05159,7.936064,358.7477,0,2,False
1,Center_Head_Far,139,6.799998,0.001139722,1.50621,-0.0247881,-0.01898094,1.189949,-0.008672187,0.5987637,-0.1200305,-0.05587095,-0.789907,0.1081239,1.018945,0.1317066,0.07286307,0.1378859,-0.03913253,0.9869889,MathCanvas,0.4731797,1.441396,3.373585,0.001006499,1.506203,-0.0248709,0.1380447,-0.01835268,0.990256,0.03273864,1.505499,-0.02920977,0.1381588,-0.01809784,0.9902447,-0.0304592,1.50692,-0.02036644,0.1381588,-0.01809784,0.9902447,0.001139722,1.50621,-0.0247881,1.036986,7.942626,358.7239,0,2,False
1,Center_Head_Far,140,6.819998,0.001347963,1.506092,-0.02467373,-0.01897148,1.190097,-0.007515385,0.5984926,-0.1207167,-0.05621041,-0.7899839,0.1081971,1.018877,0.1316495,0.07304949,0.1378806,-0.03912664,0.9869761,MathCanvas,0.4749586,1.443217,3.374125,0.0012485,1.506175,-0.02472009,0.1387159,-0.01858102,0.9901579,0.03294332,1.505383,-0.02912118,0.1389242,-0.01987727,0.9901035,-0.03024739,1.5068,-0.02022628,0.1389242,-0.01987727,0.9901035,0.001347963,1.506092,-0.02467373,1.138959,7.987185,358.728,0,2,False
1,Center_Head_Far,141,6.839998,0.001451333,1.505981,-0.02462159,-0.01886552,1.190392,-0.007303592,0.5983461,-0.1210317,-0.05647852,-0.7900276,0.1082477,1.018829,0.1316073,0.07324115,0.1378461,-0.03910233,0.9869677,MathCanvas,0.477417,1.442322,3.37352,0.001347963,1.506092,-0.02467373,0.1389242,-0.01987727,0.9901035,0.03304632,1.505263,-0.02907008,0.1389289,-0.02078435,0.9900842,-0.03014365,1.506699,-0.0201731,0.1389289,-0.02078435,0.9900842,0.001451333,1.505981,-0.02462159,1.190942,7.987606,358.7106,0,2,False
1,Center_Head_Far,142,6.859998,0.001648531,1.505829,-0.0244971,-0.01870236,1.189875,-0.006614926,0.597409,-0.1221311,-0.05708127,-0.790524,0.1082872,1.018785,0.1315357,0.07338051,0.137688,-0.03900616,0.9869832,MathCanvas,0.478028,1.437792,3.371909,0.001547169,1.505883,-0.02455357,0.1394034,-0.02144841,0.9900033,0.03324047,1.5051,-0.02896535,0.1395279,-0.02132875,0.9899884,-0.0299434,1.506559,-0.02002885,0.1395279,-0.02132875,0.9899884,0.001648531,1.505829,-0.0244971,1.22214,8.022368,358.69,0,2,False
1,Center_Head_Far,143,6.879998,0.001743582,1.505857,-0.02444931,-0.01862909,1.190442,-0.006532619,0.5969476,-0.1226976,-0.05723983,-0.7907734,0.1083301,1.018775,0.1315065,0.07330529,0.13768,-0.03896028,0.9869917,MathCanvas,0.4795955,1.432293,3.369746,0.001648531,1.505829,-0.0244971,0.1395279,-0.02132875,0.9899884,0.03333325,1.505117,-0.02893184,0.1399879,-0.02061565,0.9899386,-0.02984609,1.506596,-0.01996678,0.1399879,-0.02061565,0.9899386,0.001743582,1.505857,-0.02444931,1.181273,8.048869,358.6713,0,2,False
1,Center_Head_Far,144,6.899998,0.001844288,1.505893,-0.02440997,-0.01863598,1.190495,-0.006491048,0.5968496,-0.1228751,-0.05718389,-0.7908238,0.1084374,1.018738,0.1314999,0.07325351,0.1377169,-0.03900627,0.9869886,MathCanvas,0.4801518,1.432725,3.369986,0.001743582,1.505857,-0.02444931,0.1399879,-0.02061565,0.9899386,0.03343289,1.505146,-0.02889888,0.140192,-0.02032988,0.9899156,-0.02974431,1.50664,-0.01992105,0.140192,-0.02032988,0.9899156,0.001844288,1.505893,-0.02440997,1.164897,8.060631,358.6591,0,2,False
1,Center_Head_Far,145,6.919998,0.002030433,1.505911,-0.02435853,-0.01865123,1.190577,-0.005629362,0.5965437,-0.1237827,-0.05727389,-0.7909065,0.1087203,1.018719,0.1315219,0.07312164,0.1381253,-0.03925027,0.9869316,MathCanvas,0.4819523,1.435189,3.370722,0.001932558,1.505927,-0.02438351,0.1405359,-0.02026088,0.9898682,0.03361604,1.505167,-0.02886883,0.1408723,-0.01997778,0.9898262,-0.02955518,1.506656,-0.01984823,0.1408723,-0.01997778,0.9898262,0.002030433,1.505911,-0.02435853,1.144719,8.099952,358.6631,0,2,False
1,Center_Head_Far,146,6.939998,0.002126253,1.505884,-0.0243283,-0.01862815,1.190427,-0.005089426,0.5964149,-0.1242216,-0.05736732,-0.7909282,0.1089027,1.018732,0.1315441,0.07306067,0.1385717,-0.03949399,0.9868639,MathCanvas,0.4840779,1.436415,3.370954,0.002030433,1.505911,-0.02435853,0.1408723,-0.01997779,0.9898262,0.03370892,1.505133,-0.028858,0.1414666,-0.02036191,0.9897336,-0.02945642,1.506636,-0.0197986,0.1414666,-0.02036191,0.9897336,0.002126253,1.505884,-0.0243283,1.166732,8.134419,358.6503,0,2,False
1,Center_Head_Far,147,6.959998,0.002336397,1.505776,-0.02429759,-0.01816078,1.190935,-0.004795846,0.5958349,-0.124926,-0.05732933,-0.7912571,0.1091728,1.018677,0.1315789,0.07306492,0.1392821,-0.03971372,0.9867547,MathCanvas,0.4853867,1.437351,3.371257,0.002229959,1.505845,-0.02431222,0.1418791,-0.02097123,0.9896618,0.0339152,1.505009,-0.02885151,0.1421903,-0.02136792,0.9896087,-0.02924241,1.506544,-0.01974368,0.1421903,-0.02136792,0.9896087,0.002336397,1.505776,-0.02429759,1.224385,8.176487,358.6219,0,2,False
1,Center_Head_Far,148,6.979998,0.002412404,1.505716,-0.02427163,-0.01810249,1.191623,-0.004779885,0.5956785,-0.1249957,-0.05733599,-0.7913632,0.1092969,1.018633,0.1315937,0.07315168,0.1395798,-0.03990802,0.9866984,MathCanvas,0.4888826,1.43386,3.369552,0.002336397,1.505776,-0.02429759,0.1421903,-0.02136792,0.9896087,0.03398827,1.504934,-0.02884346,0.1427301,-0.02186629,0.9895201,-0.02916346,1.506498,-0.0196998,0.1427301,-0.02186629,0.9895201,0.002412404,1.505716,-0.02427163,1.252946,8.207831,358.5961,0,2,False
1,Center_Head_Far,149,6.999998,0.002559262,1.505681,-0.02419338,-0.0180467,1.191863,-0.004514246,0.594611,-0.1256118,-0.05712571,-0.7920834,0.1094104,1.018584,0.1316362,0.07353476,0.1398659,-0.04008787,0.9866221,MathCanvas,0.4899698,1.432448,3.369005,0.002489104,1.505677,-0.02423511,0.1429896,-0.0215037,0.9894906,0.03413318,1.504894,-0.02877757,0.1431272,-0.02138503,0.9894732,-0.02901466,1.506469,-0.01960918,0.1431272,-0.02138503,0.9894732,0.002559262,1.505681,-0.02419338,1.225365,8.230742,358.5851,0,2,False
1,Center_Head_Far,150,7.019998,0.002621997,1.505682,-0.02416974,-0.0177919,1.192583,-0.004507151,0.5940659,-0.1259021,-0.05692791,-0.7924605,0.1094479,1.018553,0.1316566,0.07369718,0.1399138,-0.04009314,0.986603,MathCanvas,0.4928284,1.431951,3.368479,0.002559262,1.505681,-0.02419338,0.1431273,-0.02138503,0.9894732,0.03419413,1.50489,-0.02876547,0.1434907,-0.02122911,0.9894239,-0.02895013,1.506474,-0.01957401,0.1434907,-0.02122911,0.9894239,0.002621997,1.505682,-0.02416974,1.21643,8.251762,358.5771,0,2,False
1,Center_Head_Far,151,7.039998,0.002682171,1.505669,-0.0241533,-0.01778965,1.192747,-0.004486833,0.5938519,-0.1260326,-0.05683388,-0.7926069,0.1094997,1.018507,0.1316864,0.07393825,0.1400228,-0.04005114,0.9865712,MathCanvas,0.4933955,1.432354,3.368665,0.002621997,1.505682,-0.02416974,0.1434908,-0.02122912,0.9894239,0.03425276,1.504874,-0.0287592,0.1437899,-0.02188224,0.9893663,-0.02888842,1.506464,-0.0195474,0.1437899,-0.02188224,0.9893663,0.002682171,1.505669,-0.0241533,1.25386,8.269209,358.5732,0,2,False
1,Center_Head_Far,152,7.059998,0.002758227,1.505448,-0.0241339,-0.01759657,1.193344,-0.004480066,0.5940825,-0.1260319,-0.05703332,-0.7924199,0.1095339,1.018474,0.1317278,0.07406634,0.1401065,-0.03998841,0.9865522,MathCanvas,0.494732,1.432871,3.368719,0.002723306,1.505571,-0.02414537,0.1442587,-0.02250418,0.9892841,0.03432504,1.504639,-0.02876299,0.1444657,-0.02337642,0.9892337,-0.02880858,1.506258,-0.01950481,0.1444657,-0.02337642,0.9892337,0.002758227,1.505448,-0.0241339,1.339492,8.308627,358.5456,0,2,False
1,Center_Head_Far,153,7.079998,0.002789549,1.505353,-0.02411177,-0.0176606,1.193076,-0.004397887,0.5942508,-0.1259499,-0.05718517,-0.7922958,0.1095158,1.018483,0.1317556,0.07394099,0.1401187,-0.03987838,0.9865643,MathCanvas,0.497221,1.428313,3.366748,0.002758227,1.505448,-0.0241339,0.1444657,-0.02337642,0.9892337,0.03435567,1.504542,-0.02874541,0.1445926,-0.02390744,0.9892024,-0.02877657,1.506163,-0.01947813,0.1445926,-0.02390744,0.9892024,0.002789549,1.505353,-0.02411177,1.369926,8.316082,358.544,0,2,False
1,Center_Head_Far,154,7.099998,0.002804221,1.505288,-0.0240614,-0.01715856,1.194447,-0.004040428,0.5940071,-0.1261716,-0.05736957,-0.7924298,0.109548,1.018516,0.1318384,0.07358721,0.139896,-0.03967864,0.9866304,MathCanvas,0.4978213,1.42525,3.365635,0.002792973,1.505309,-0.02409038,0.145119,-0.02401676,0.9891227,0.03436734,1.504456,-0.02871162,0.1450938,-0.02406861,0.9891251,-0.0287589,1.506121,-0.01941118,0.1450938,-0.02406861,0.9891251,0.002804221,1.505288,-0.0240614,1.379163,8.345147,358.505,0,2,False
1,Center_Head_Far,155,7.119998,0.002805494,1.505258,-0.02403611,-0.01734659,1.194518,-0.003748335,0.5936498,-0.1265471,-0.05740122,-0.7926354,0.1095752,1.018525,0.1318855,0.07350413,0.1398423,-0.03968372,0.9866441,MathCanvas,0.4999652,1.42301,3.364558,0.002804221,1.505288,-0.0240614,0.1450939,-0.02406862,0.9891251,0.03436905,1.504425,-0.02868331,0.1450067,-0.0238149,0.989144,-0.02875806,1.50609,-0.01938891,0.1450067,-0.0238149,0.989144,0.002805494,1.505258,-0.02403611,1.364622,8.340046,358.5048,0,2,False
1,Center_Head_Far,156,7.139997,0.002794441,1.505238,-0.02399612,-0.01770775,1.194959,-0.003413791,0.5932339,-0.1268368,-0.05732935,-0.7929056,0.1095755,1.018555,0.1320083,0.07349277,0.1397568,-0.03963524,0.986659,MathCanvas,0.4998805,1.422802,3.364593,0.002806668,1.505238,-0.02401402,0.1453348,-0.02395553,0.9890925,0.03435511,1.504409,-0.02866345,0.1456336,-0.02401437,0.9890471,-0.02876623,1.506068,-0.01932878,0.1456336,-0.02401437,0.9890471,0.002794441,1.505238,-0.02399612,1.376055,8.376405,358.5105,0,2,False
1,Center_Head_Far,157,7.159997,0.002779186,1.505256,-0.02396235,-0.01784533,1.195956,-0.003584522,0.5932069,-0.1268823,-0.05731886,-0.7929193,0.1096116,1.018492,0.1320976,0.07353625,0.1397724,-0.03966479,0.9866523,MathCanvas,0.5007147,1.423166,3.364656,0.002794441,1.505238,-0.02399612,0.1456336,-0.02401437,0.9890471,0.03433936,1.504428,-0.02863323,0.1457398,-0.02420199,0.9890269,-0.02878099,1.506084,-0.01929148,0.1457398,-0.02420199,0.9890269,0.002779186,1.505256,-0.02396235,1.386807,8.382593,358.5123,0,2,False
1,Center_Head_Far,158,7.179997,0.002746526,1.505111,-0.02386919,-0.01767037,1.197008,-0.003624198,0.5930081,-0.127239,-0.05727015,-0.7930144,0.1096487,1.018347,0.1322626,0.07376197,0.1398283,-0.03952109,0.9866333,MathCanvas,0.5017231,1.422982,3.364535,0.002760957,1.505205,-0.0239158,0.1459623,-0.0241623,0.988995,0.03430487,1.504273,-0.02855057,0.146031,-0.02525889,0.9889575,-0.02881182,1.50595,-0.01918782,0.146031,-0.02525889,0.9889575,0.002746526,1.505111,-0.02386919,1.447382,8.399688,358.4938,0,2,False
1,Center_Head_Far,159,7.199997,0.002705961,1.504963,-0.0238393,-0.01760122,1.197326,-0.003568348,0.5928401,-0.127617,-0.05724978,-0.7930807,0.1096335,1.018314,0.1323477,0.07388533,0.1398455,-0.03945284,0.9866244,MathCanvas,0.5027779,1.422337,3.364187,0.002746526,1.505111,-0.02386919,0.146031,-0.02525889,0.9889575,0.03426304,1.50412,-0.02852839,0.146243,-0.02615482,0.9889029,-0.02885112,1.505806,-0.01915022,0.146243,-0.02615482,0.9889029,0.002705961,1.504963,-0.0238393,1.498731,8.412165,358.4858,0,2,False
1,Center_Head_Far,160,7.219997,0.002675693,1.504829,-0.02381984,-0.0172903,1.199558,-0.00364347,0.5926319,-0.1278408,-0.0572941,-0.793197,0.1095981,1.018294,0.1324194,0.07390192,0.139782,-0.03931118,0.9866378,MathCanvas,0.5027885,1.418464,3.362841,0.002705961,1.504963,-0.0238393,0.146243,-0.02615482,0.9889029,0.03423217,1.503975,-0.02851105,0.1462781,-0.0269401,0.9888766,-0.02888078,1.505683,-0.01912863,0.1462781,-0.0269401,0.9888766,0.002675693,1.504829,-0.02381984,1.543741,8.414374,358.4663,0,2,False
1,Center_Head_Far,161,7.239997,0.002589982,1.504493,-0.02376428,-0.01712579,1.201151,-0.003679956,0.5920286,-0.1282416,-0.05729035,-0.793583,0.1094318,1.018237,0.1325986,0.073481,0.1392636,-0.03884837,0.9867609,MathCanvas,0.5033315,1.41529,3.361641,0.00264604,1.504673,-0.02380536,0.1458999,-0.02824399,0.9888961,0.03414651,1.503626,-0.02845275,0.1460927,-0.02985221,0.9888204,-0.02896655,1.50536,-0.01907581,0.1460927,-0.02985221,0.9888204,0.002589982,1.504493,-0.02376428,1.71066,8.404329,358.4428,0,2,False
1,Center_Head_Far,162,7.259997,0.002529883,1.504243,-0.02371347,-0.0171919,1.201551,-0.003605556,0.5918423,-0.1283518,-0.05724932,-0.7937071,0.1093285,1.018257,0.1326791,0.07328368,0.1389916,-0.03865901,0.9868214,MathCanvas,0.5017058,1.407872,3.359197,0.002589982,1.504493,-0.02376428,0.1460926,-0.02985221,0.9888204,0.03408567,1.503361,-0.02840412,0.1460966,-0.03149532,0.9887688,-0.0290259,1.505125,-0.01902282,0.1460966,-0.03149532,0.9887688,0.002529883,1.504243,-0.02371347,1.804847,8.404986,358.4157,0,2,False
1,Center_Head_Far,163,7.279997,0.002447512,1.503783,-0.02355348,-0.0177206,1.202939,-0.00319688,0.5917545,-0.1285135,-0.05720637,-0.7937496,0.1091332,1.018264,0.1328248,0.07312456,0.1385194,-0.03826304,0.9869149,MathCanvas,0.5020344,1.402176,3.357157,0.00247898,1.503968,-0.02364525,0.1462155,-0.03390291,0.9886717,0.03400022,1.502865,-0.02825785,0.1463767,-0.03505658,0.9886075,-0.02910519,1.504702,-0.01884911,0.1463767,-0.03505658,0.9886075,0.002447512,1.503783,-0.02355348,2.009006,8.422223,358.35,0,2,False
1,Center_Head_Far,164,7.299997,0.002438483,1.503722,-0.02342559,-0.01771886,1.203088,-0.003234851,0.5918906,-0.1285067,-0.05720112,-0.7936496,0.1090787,1.018199,0.1328876,0.0730885,0.138315,-0.03813576,0.9869512,MathCanvas,0.5016705,1.388029,3.352065,0.002447512,1.503783,-0.02355348,0.1463767,-0.03505658,0.9886075,0.03399366,1.502816,-0.02811571,0.1459373,-0.03518614,0.9886679,-0.0291167,1.504628,-0.01873547,0.1459373,-0.03518614,0.9886679,0.002438483,1.503722,-0.02342559,2.016434,8.3968,358.3718,0,2,False
1,Center_Head_Far,165,7.319997,0.002312377,1.503649,-0.02321731,-0.01790771,1.203681,-0.003089425,0.5922615,-0.1283759,-0.057218,-0.7933928,0.1089351,1.018148,0.1330252,0.07283676,0.1378291,-0.03792103,0.9870461,MathCanvas,0.5020242,1.384073,3.350705,0.002383367,1.503676,-0.02331232,0.1456053,-0.03493268,0.9887258,0.03386975,1.502726,-0.02788949,0.1453658,-0.03502169,0.988758,-0.029245,1.504571,-0.01854512,0.1453658,-0.03502169,0.988758,0.002312377,1.503649,-0.02321731,2.007006,8.36363,358.3432,0,2,False
1,Center_Head_Far,166,7.339997,0.0022339,1.503584,-0.02315689,-0.0179984,1.203851,-0.003006639,0.5921814,-0.1283367,-0.05718775,-0.793461,0.1088623,1.018141,0.1330853,0.07280896,0.1375942,-0.03779964,0.9870856,MathCanvas,0.4992657,1.384423,3.351322,0.002312377,1.503649,-0.02321731,0.1453658,-0.0350217,0.988758,0.03379386,1.50266,-0.0278113,0.144788,-0.03559936,0.9888221,-0.02932606,1.504507,-0.01850247,0.144788,-0.03559936,0.9888221,0.0022339,1.503584,-0.02315689,2.040125,8.330321,358.3405,0,2,False
1,Center_Head_Far,167,7.359997,0.002062543,1.503448,-0.02308907,-0.01800258,1.204444,-0.002856905,0.5919047,-0.1280557,-0.05709498,-0.7937196,0.1088391,1.017877,0.1332161,0.07292319,0.1373409,-0.03776759,0.9871137,MathCanvas,0.4983715,1.384054,3.351502,0.002144408,1.503504,-0.02311896,0.1445161,-0.0364887,0.9888294,0.03362533,1.50252,-0.02772334,0.1441034,-0.03703868,0.9888692,-0.02950025,1.504376,-0.01845479,0.1441034,-0.03703868,0.9888692,0.002062543,1.503448,-0.02308907,2.122646,8.291093,358.3321,0,2,False
1,Center_Head_Far,168,7.379997,0.001988471,1.503464,-0.02307294,-0.01804983,1.204715,-0.00275892,0.5917566,-0.1279044,-0.05706364,-0.7938566,0.1088365,1.01772,0.1332877,0.07299605,0.1372252,-0.03772847,0.9871258,MathCanvas,0.4950665,1.37897,3.350216,0.002062543,1.503448,-0.02308907,0.1441034,-0.03703869,0.9888692,0.03355258,1.502531,-0.02769717,0.1438182,-0.03602698,0.9889481,-0.02957564,1.504398,-0.01844871,0.1438182,-0.03602698,0.9889481,0.001988471,1.503464,-0.02307294,2.064641,8.274256,358.3228,0,2,False
1,Center_Head_Far,169,7.399997,0.001924652,1.503584,-0.02303598,-0.01817421,1.204774,-0.002649667,0.5915366,-0.1275883,-0.05695671,-0.7940791,0.1087883,1.017648,0.1333655,0.07304803,0.1370672,-0.03773238,0.9871438,MathCanvas,0.4935238,1.377126,3.349949,0.001988471,1.503464,-0.02307294,0.1438182,-0.03602698,0.9889481,0.03349092,1.502674,-0.02765021,0.1435864,-0.0342875,0.9890437,-0.02964162,1.504493,-0.01842175,0.1435864,-0.0342875,0.9890437,0.001924652,1.503584,-0.02303598,1.964914,8.260323,358.366,0,2,False
1,Center_Head_Far,170,7.419997,0.001831003,1.50388,-0.02292448,-0.01834947,1.205126,-0.002671514,0.5912928,-0.1272576,-0.05682584,-0.7943231,0.1086796,1.017549,0.1334994,0.07305834,0.1367525,-0.03771422,0.9871874,MathCanvas,0.4926617,1.380653,3.351457,0.00187992,1.50374,-0.02297848,0.143433,-0.03331212,0.9890992,0.03339999,1.502996,-0.02752509,0.1432295,-0.03287025,0.9891435,-0.02973798,1.504764,-0.01832386,0.1432295,-0.03287025,0.9891435,0.001831003,1.50388,-0.02292448,1.883666,8.239252,358.4122,0,2,False
1,Center_Head_Far,171,7.439997,0.001763376,1.503949,-0.02289588,-0.01835208,1.205303,-0.002695829,0.5911151,-0.1271142,-0.05672199,-0.7944857,0.108605,1.017456,0.1335792,0.0730595,0.1365479,-0.03768171,0.9872168,MathCanvas,0.4916987,1.390109,3.355152,0.001831003,1.50388,-0.02292448,0.1432295,-0.03287026,0.9891435,0.03333086,1.503055,-0.02750492,0.1434951,-0.03255607,0.9891154,-0.02980411,1.504842,-0.01828684,0.1434951,-0.03255607,0.9891154,0.001763376,1.503949,-0.02289588,1.865655,8.254548,358.3945,0,2,False
1,Center_Head_Far,172,7.459997,0.00159054,1.503929,-0.0228964,-0.01852982,1.20544,-0.002601465,0.5910107,-0.1268536,-0.05661314,-0.7946128,0.1086673,1.017428,0.1335121,0.07308129,0.136715,-0.03769156,0.9871917,MathCanvas,0.4910246,1.391666,3.355943,0.001679935,1.503951,-0.02289342,0.1433189,-0.03283237,0.9891318,0.0331601,1.503057,-0.02749535,0.1431862,-0.03293064,0.9891478,-0.02997902,1.504801,-0.01829746,0.1431862,-0.03293064,0.9891478,0.00159054,1.503929,-0.0228964,1.887128,8.23676,358.4337,0,2,False
1,Center_Head_Far,173,7.479997,0.001521219,1.503946,-0.02287618,-0.01861145,1.20549,-0.002582215,0.5910505,-0.126733,-0.05655506,-0.7946066,0.1086668,1.017429,0.1335127,0.07305539,0.1366979,-0.03765345,0.9871975,MathCanvas,0.4911725,1.391773,3.35601,0.00159054,1.503929,-0.0228964,0.1431863,-0.03293064,0.9891477,0.03309295,1.503081,-0.02746138,0.1427599,-0.03295949,0.9892084,-0.03005052,1.504812,-0.01829099,0.1427599,-0.03295949,0.9892084,0.001521219,1.503946,-0.02287618,1.888782,8.212076,358.4447,0,2,False
1,Center_Head_Far,174,7.499997,0.001364954,1.504062,-0.02278617,-0.01881665,1.205816,-0.00259711,0.5910555,-0.1267489,-0.05655109,-0.7946007,0.1086673,1.01743,0.1335172,0.07306546,0.1366096,-0.03763068,0.9872098,MathCanvas,0.4906454,1.391455,3.356052,0.001444146,1.504012,-0.02283852,0.1422876,-0.03302326,0.9892743,0.03294192,1.503205,-0.0273369,0.1416895,-0.03292233,0.9893636,-0.03021201,1.504919,-0.01823544,0.1416895,-0.03292233,0.9893636,0.001364954,1.504062,-0.02278617,1.886652,8.150068,358.4608,0,2,False
1,Center_Head_Far,175,7.519997,0.001265097,1.504044,-0.02274322,-0.01881502,1.205835,-0.002667711,0.5909385,-0.1268073,-0.05651429,-0.794681,0.1086673,1.017429,0.1335157,0.07308209,0.1366435,-0.0376507,0.9872031,MathCanvas,0.4874064,1.391258,3.356485,0.001364954,1.504062,-0.02278617,0.1416895,-0.03292234,0.9893636,0.03284334,1.503191,-0.02728563,0.1414242,-0.03315524,0.9893937,-0.03031314,1.504898,-0.0182008,0.1414242,-0.03315524,0.9893937,0.001265097,1.504044,-0.02274322,1.900003,8.134768,358.466,0,2,False
1,Center_Head_Far,176,7.539997,0.001165673,1.503992,-0.0226931,-0.01882692,1.205865,-0.002751486,0.5905944,-0.126966,-0.05634334,-0.7949235,0.108667,1.017428,0.1335118,0.07305762,0.1367146,-0.03767621,0.9871941,MathCanvas,0.4852827,1.39158,3.356967,0.001265097,1.504044,-0.02274322,0.1414242,-0.03315524,0.9893937,0.03274631,1.503147,-0.02722065,0.1409592,-0.0334215,0.9894511,-0.03041496,1.504836,-0.01816554,0.1409592,-0.0334215,0.9894511,0.001165673,1.503992,-0.0226931,1.915268,8.107919,358.4836,0,2,False
1,Center_Head_Far,177,7.559998,0.001031715,1.503903,-0.0224634,-0.01923425,1.206101,-0.002507669,0.5898796,-0.1277117,-0.05581113,-0.7953722,0.1086672,1.017429,0.1335133,0.0730393,0.136677,-0.03766753,0.987201,MathCanvas,0.4842363,1.390741,3.356836,0.00109706,1.503943,-0.02258737,0.1405332,-0.03378156,0.9894995,0.0326154,1.503059,-0.02696973,0.1402671,-0.03431683,0.9895188,-0.03055197,1.504746,-0.01795707,0.1402671,-0.03431683,0.9895188,0.001031715,1.503903,-0.0224634,1.966596,8.068087,358.4845,0,2,False
1,Center_Head_Far,178,7.579998,0.0009704717,1.503867,-0.02237318,-0.01928576,1.20622,-0.002490881,0.5898265,-0.1278131,-0.05573824,-0.7954003,0.1086672,1.017427,0.1335106,0.07302213,0.1367239,-0.03770123,0.9871945,MathCanvas,0.4809322,1.388543,3.356534,0.001031715,1.503903,-0.0224634,0.1402671,-0.03431683,0.9895188,0.03255679,1.503026,-0.0268614,0.1397025,-0.03429436,0.9895995,-0.03061585,1.504709,-0.01788495,0.1397025,-0.03429436,0.9895995,0.0009704717,1.503867,-0.02237318,1.965307,8.035387,358.4882,0,2,False
1,Center_Head_Far,179,7.599998,0.0008850023,1.503912,-0.02222706,-0.01942018,1.206378,-0.002460776,0.5899069,-0.127749,-0.05577898,-0.7953482,0.1082897,1.017434,0.1338999,0.07274967,0.1347316,-0.03663655,0.9875286,MathCanvas,0.4798751,1.386702,3.356075,0.0009235591,1.503871,-0.0222986,0.1392551,-0.03375548,0.9896811,0.03247452,1.503076,-0.02669368,0.139068,-0.03306426,0.9897307,-0.03070451,1.504749,-0.01776044,0.139068,-0.03306426,0.9897307,0.0008850023,1.503912,-0.02222706,1.894788,7.998319,358.4972,1,3,False
1,Center_Head_Far,180,7.619998,0.0008462733,1.503976,-0.02215898,-0.01939987,1.206482,-0.002245706,0.5899112,-0.1277522,-0.05579064,-0.7953437,0.1081599,1.017309,0.1340889,0.0727112,0.1347974,-0.0366763,0.9875209,MathCanvas,0.4764138,1.388644,3.357339,0.0008850023,1.503912,-0.02222706,0.139068,-0.03306426,0.9897307,0.03243617,1.503148,-0.02662432,0.1390336,-0.03310481,0.9897342,-0.03074363,1.504805,-0.01769364,0.1390336,-0.03310481,0.9897342,0.0008462733,1.503976,-0.02215898,1.897113,7.996343,358.5111,1,3,False
1,Center_Head_Far,181,7.639997,0.0008269884,1.503949,-0.02209768,-0.01947197,1.206509,-0.002273858,0.5899093,-0.1277211,-0.05589614,-0.7953427,0.1077806,1.017125,0.1345414,0.07285128,0.13508,-0.03692215,0.9874628,MathCanvas,0.4758522,1.391041,3.358403,0.0008335458,1.503997,-0.02212106,0.1389231,-0.03306267,0.9897511,0.03241564,1.503117,-0.02657123,0.1392786,-0.03341308,0.9896894,-0.03076166,1.504781,-0.01762413,0.1392786,-0.03341308,0.9896894,0.0008269884,1.503949,-0.02209768,1.914785,8.010607,358.505,1,3,False
1,Center_Head_Far,182,7.659997,0.0008491091,1.503894,-0.02207743,-0.01955209,1.206483,-0.002343051,0.5899184,-0.1276737,-0.05599793,-0.7953364,0.1078543,1.017081,0.1346146,0.07297021,0.1353257,-0.03705117,0.9874156,MathCanvas,0.4753363,1.391019,3.358521,0.0008269884,1.503949,-0.02209768,0.1392786,-0.03341308,0.9896894,0.03243633,1.503059,-0.02656041,0.1395583,-0.03382602,0.9896359,-0.03073811,1.50473,-0.01759445,0.1395583,-0.03382602,0.9896359,0.0008491091,1.503894,-0.02207743,1.938458,8.026909,358.4989,1,3,False
1,Center_Head_Far,183,7.679997,0.0009450736,1.503901,-0.02200556,-0.01962061,1.206572,-0.002091154,0.5899197,-0.1275706,-0.05602819,-0.7953498,0.1079328,1.017024,0.1346962,0.07301351,0.1355384,-0.03707398,0.9873824,MathCanvas,0.4765255,1.389779,3.357996,0.0008786647,1.50387,-0.02205059,0.1400864,-0.0340483,0.9895537,0.03252798,1.503071,-0.02652,0.1405504,-0.03379519,0.9894966,-0.03063783,1.50473,-0.01749112,0.1405504,-0.03379519,0.9894966,0.0009450736,1.503901,-0.02200556,1.93669,8.084345,358.51,1,3,False
1,Center_Head_Far,184,7.699997,0.001008376,1.503971,-0.02196598,-0.0196239,1.206626,-0.00205172,0.5898961,-0.1275495,-0.05604539,-0.7953695,0.1079419,1.016957,0.134737,0.07293323,0.1356613,-0.03710156,0.9873704,MathCanvas,0.4792737,1.387642,3.356851,0.0009450736,1.503901,-0.02200556,0.1405504,-0.03379519,0.9894966,0.03258868,1.503144,-0.02649898,0.1411603,-0.03292263,0.9894392,-0.03057192,1.504798,-0.01743299,0.1411603,-0.03292263,0.9894392,0.001008376,1.503971,-0.02196598,1.886669,8.119427,358.5138,1,3,False
1,Center_Head_Far,185,7.719997,0.001044396,1.504023,-0.02195327,-0.01958177,1.206627,-0.001981848,0.5898807,-0.1275372,-0.05606835,-0.7953813,0.1079292,1.016914,0.1347612,0.07287396,0.1356522,-0.03712639,0.9873751,MathCanvas,0.4809705,1.388565,3.357042,0.001008376,1.503971,-0.02196598,0.1411603,-0.03292263,0.9894392,0.0326231,1.503194,-0.02649704,0.1415112,-0.03243421,0.9894052,-0.0305343,1.504852,-0.01740949,0.1415112,-0.03243421,0.9894052,0.001044396,1.504023,-0.02195327,1.858669,8.139616,358.5103,1,3,False
1,Center_Head_Far,186,7.739997,0.001103587,1.504067,-0.02195837,-0.01947168,1.206624,-0.001875087,0.5898798,-0.1274944,-0.05619501,-0.7953799,0.1078873,1.016947,0.1348543,0.07258908,0.1354979,-0.03681011,0.9874291,MathCanvas,0.4832335,1.391563,3.357868,0.001067019,1.504063,-0.02195776,0.1418111,-0.03248042,0.9893607,0.03267953,1.503228,-0.02651949,0.1420373,-0.0327182,0.9893205,-0.03047236,1.504906,-0.01739725,0.1420373,-0.0327182,0.9893205,0.001103587,1.504067,-0.02195837,1.87495,8.170157,358.4929,1,3,False
1,Center_Head_Far,187,7.759997,0.001145076,1.504057,-0.02195355,-0.0194468,1.206712,-0.001884054,0.5899048,-0.1274941,-0.056272,-0.795356,0.107877,1.016904,0.1348723,0.07252443,0.1354471,-0.03676626,0.9874424,MathCanvas,0.4855937,1.3931,3.35814,0.001103587,1.504067,-0.02195837,0.1420373,-0.0327182,0.9893205,0.03271966,1.503214,-0.02652342,0.1423047,-0.03284053,0.989278,-0.03042951,1.504899,-0.01738368,0.1423047,-0.03284053,0.989278,0.001145076,1.504057,-0.02195355,1.881962,8.185675,358.4867,1,3,False
1,Center_Head_Far,188,7.779997,0.001203916,1.504017,-0.021969,-0.01948091,1.206715,-0.001843624,0.5896596,-0.1277165,-0.05637275,-0.795495,0.107862,1.016754,0.1349143,0.07242645,0.1353842,-0.03655178,0.9874662,MathCanvas,0.4863786,1.392284,3.357803,0.001183526,1.504043,-0.02195232,0.1424945,-0.03325303,0.9892368,0.03277659,1.503179,-0.02655286,0.1427386,-0.0331108,0.9892064,-0.03036876,1.504855,-0.01738514,0.1427386,-0.0331108,0.9892064,0.001203916,1.504017,-0.021969,1.897456,8.21088,358.4947,0,3,False
1,Center_Head_Far,189,7.799997,0.001226161,1.504027,-0.02197428,-0.01953704,1.206706,-0.001816452,0.5894483,-0.1280269,-0.0563981,-0.7955999,0.1078501,1.016724,0.1349429,0.07237018,0.1353623,-0.03646321,0.9874766,MathCanvas,0.4879178,1.390436,3.356934,0.001203916,1.504017,-0.021969,0.1427386,-0.0331108,0.9892064,0.03279911,1.503193,-0.02655712,0.1427159,-0.03294561,0.9892152,-0.03034678,1.50486,-0.01739144,0.1427159,-0.03294561,0.9892152,0.001226161,1.504027,-0.02197428,1.887986,8.209523,358.503,0,3,False
1,Center_Head_Far,190,7.819997,0.001336932,1.504169,-0.02194119,-0.01967727,1.206795,-0.001717545,0.5893515,-0.1283855,-0.05648129,-0.7956079,0.1079004,1.01665,0.1350013,0.0722838,0.1354771,-0.0364495,0.9874677,MathCanvas,0.488805,1.390924,3.357042,0.001280088,1.504084,-0.02196237,0.1427649,-0.03264708,0.9892181,0.03290991,1.503337,-0.02652419,0.1427406,-0.03235365,0.9892312,-0.03023605,1.505,-0.0173582,0.1427406,-0.03235365,0.9892312,0.001336932,1.504169,-0.02194119,1.854051,8.210795,358.5066,0,3,False
1,Center_Head_Far,191,7.839997,0.001381379,1.504209,-0.02193134,-0.01973431,1.206824,-0.001634035,0.5893623,-0.1285339,-0.05656102,-0.7955703,0.1079527,1.016594,0.135027,0.07221631,0.1355619,-0.03645505,0.9874608,MathCanvas,0.4890843,1.392632,3.35766,0.001336932,1.504169,-0.02194119,0.1427407,-0.03235365,0.9892312,0.03295457,1.503376,-0.02651258,0.1426904,-0.03215877,0.9892448,-0.03019182,1.505041,-0.0173501,0.1426904,-0.03215877,0.9892448,0.001381379,1.504209,-0.02193134,1.842879,8.207833,358.5042,0,3,False
1,Center_Head_Far,192,7.859997,0.001441669,1.504167,-0.02194016,-0.0197973,1.20683,-0.001417675,0.5894662,-0.1288439,-0.05665641,-0.7954363,0.1080534,1.016537,0.1350797,0.07212881,0.1358121,-0.0365928,0.9874277,MathCanvas,0.4890969,1.393663,3.358069,0.001413957,1.504187,-0.0219341,0.1425714,-0.03222993,0.9892597,0.03301555,1.503333,-0.02651644,0.1425219,-0.03254194,0.9892566,-0.03013221,1.505001,-0.01736389,0.1425219,-0.03254194,0.9892566,0.001441669,1.504167,-0.02194016,1.864845,8.198178,358.5016,0,3,False
1,Center_Head_Far,193,7.879997,0.001499772,1.504137,-0.02194652,-0.01977376,1.206989,-0.001228859,0.5895263,-0.1289502,-0.05666678,-0.7953738,0.1081062,1.016502,0.1351047,0.0721077,0.1359164,-0.03666357,0.9874123,MathCanvas,0.4885989,1.39404,3.358295,0.001441669,1.504167,-0.02194016,0.1425219,-0.03254194,0.9892566,0.03307444,1.503299,-0.02651678,0.1423259,-0.03269113,0.9892799,-0.03007489,1.504974,-0.01737626,0.1423259,-0.03269113,0.9892799,0.001499772,1.504137,-0.02194652,1.873398,8.186866,358.4958,0,3,False
1,Center_Head_Far,194,7.899997,0.001570811,1.50414,-0.02194479,-0.01976116,1.206963,-0.001240923,0.589605,-0.1290118,-0.05667207,-0.7953051,0.1081936,1.016419,0.1351257,0.07211301,0.1360137,-0.03676819,0.9873946,MathCanvas,0.4884398,1.392954,3.357945,0.001499772,1.504137,-0.02194652,0.1423259,-0.03269113,0.9892799,0.03314586,1.503302,-0.02651212,0.142235,-0.03261058,0.9892956,-0.03000424,1.504979,-0.01737747,0.142235,-0.03261058,0.9892956,0.001570811,1.50414,-0.02194479,1.86878,8.18158,358.493,0,3,False
1,Center_Head_Far,195,7.919997,0.001709006,1.504216,-0.02191957,-0.01973596,1.20701,-0.001173967,0.5897828,-0.1290743,-0.05666353,-0.7951638,0.1083098,1.016315,0.1351579,0.07204992,0.1361622,-0.0369399,0.9873723,MathCanvas,0.4878177,1.392453,3.357862,0.001635961,1.504171,-0.02192678,0.1422077,-0.03221285,0.9893125,0.03328516,1.503377,-0.02647931,0.1420211,-0.03184341,0.9893513,-0.02986714,1.505054,-0.01735983,0.1420211,-0.03184341,0.9893513,0.001709006,1.504216,-0.02191957,1.824801,8.168984,358.4932,0,3,False
1,Center_Head_Far,196,7.939997,0.001779781,1.504263,-0.02192256,-0.01969125,1.206995,-0.001198281,0.5897598,-0.1293675,-0.05667266,-0.7951325,0.1083397,1.016296,0.1351759,0.07195348,0.1362073,-0.03702239,0.9873701,MathCanvas,0.4876275,1.394146,3.358524,0.001709006,1.504216,-0.02191957,0.1420211,-0.0318434,0.9893513,0.03335588,1.503421,-0.02648211,0.1420244,-0.0314603,0.9893631,-0.02979632,1.505104,-0.01736301,0.1420244,-0.0314603,0.9893631,0.001779781,1.504263,-0.02192256,1.80284,8.169077,358.4884,0,3,False
1,Center_Head_Far,197,7.959997,0.002010051,1.504321,-0.0219558,-0.01985644,1.207103,-0.001172086,0.5896624,-0.129916,-0.0567094,-0.7951127,0.1084674,1.016167,0.1352189,0.07200066,0.1363658,-0.03724673,0.9873363,MathCanvas,0.4871247,1.395441,3.359101,0.001889612,1.50429,-0.02194672,0.141934,-0.03130972,0.9893808,0.03358767,1.503476,-0.02650403,0.1416701,-0.03134094,0.9894177,-0.02956757,1.505167,-0.01740756,0.1416701,-0.03134094,0.9894177,0.002010051,1.504321,-0.0219558,1.795998,8.148527,358.4808,0,3,False
1,Center_Head_Far,198,7.979997,0.00212686,1.504349,-0.0219659,-0.01989838,1.207159,-0.001109239,0.5895859,-0.1300764,-0.05665492,-0.7951471,0.1085622,1.016057,0.1352479,0.07205249,0.1364766,-0.037385,0.987312,MathCanvas,0.4871469,1.397303,3.359792,0.002010051,1.504321,-0.0219558,0.1416701,-0.03134095,0.9894177,0.03370447,1.503503,-0.0265142,0.1416802,-0.031073,0.9894246,-0.02945075,1.505195,-0.01741759,0.1416802,-0.031073,0.9894246,0.00212686,1.504349,-0.0219659,1.780638,8.149048,358.4806,0,3,False
1,Center_Head_Far,199,7.999997,0.002369139,1.504421,-0.02195216,-0.01992544,1.207216,-0.001136104,0.5895175,-0.1305593,-0.05648863,-0.7951304,0.1086487,1.015971,0.1353065,0.07204879,0.1366538,-0.03782628,0.987271,MathCanvas,0.4863592,1.397225,3.359891,0.002250649,1.504384,-0.02196315,0.1415492,-0.03066133,0.9894562,0.03394608,1.503556,-0.02650144,0.1417158,-0.03037953,0.9894411,-0.0292078,1.505287,-0.01740289,0.1417158,-0.03037953,0.9894411,0.002369139,1.504421,-0.02195216,1.740887,8.150932,358.4454,0,3,False
1,Center_Head_Far,200,8.019998,0.002477971,1.504439,-0.02193845,-0.01997206,1.207361,-0.001155628,0.5894565,-0.1308362,-0.05641881,-0.7951351,0.1086974,1.01592,0.1353455,0.07203082,0.1367212,-0.03803676,0.9872549,MathCanvas,0.4862943,1.399597,3.360778,0.002369139,1.504421,-0.02195216,0.1417158,-0.03037953,0.9894411,0.03405404,1.503554,-0.02648977,0.1417593,-0.03049834,0.9894312,-0.0290981,1.505325,-0.01738713,0.1417593,-0.03049834,0.9894312,0.002477971,1.504439,-0.02193845,1.747697,8.153483,358.4088,0,3,False
1,Center_Head_Far,201,8.039997,0.002602487,1.504447,-0.02193968,-0.0199551,1.207308,-0.001190763,0.5892317,-0.1312343,-0.05631591,-0.7952434,0.1087568,1.015851,0.1353888,0.0720267,0.1367781,-0.03813948,0.9872433,MathCanvas,0.4870158,1.400569,3.36104,0.002477971,1.504439,-0.02193845,0.1417593,-0.03049834,0.9894312,0.03417771,1.503548,-0.02649437,0.1418503,-0.03061278,0.9894146,-0.02897274,1.505346,-0.01738499,0.1418503,-0.03061278,0.9894146,0.002602487,1.504447,-0.02193968,1.754257,8.158781,358.3853,0,3,False
1,Center_Head_Far,202,8.059998,0.002889078,1.504453,-0.02199566,-0.01995791,1.207327,-0.001338341,0.5887396,-0.131918,-0.05626817,-0.7954982,0.1088349,1.015761,0.1355025,0.07195566,0.1368831,-0.03845379,0.9872217,MathCanvas,0.4872689,1.400175,3.360865,0.002745882,1.504449,-0.02196238,0.141781,-0.03056355,0.9894261,0.0344626,1.503534,-0.02655825,0.1420868,-0.03046277,0.9893854,-0.02868444,1.505371,-0.01743307,0.1420868,-0.03046277,0.9893854,0.002889078,1.504453,-0.02199566,1.745658,8.172438,358.3501,0,3,False
1,Center_Head_Far,203,8.079997,0.003044528,1.50445,-0.02202005,-0.01992618,1.207329,-0.001403498,0.5885531,-0.1321002,-0.05622078,-0.7956092,0.1088436,1.015748,0.1355633,0.07186667,0.1368996,-0.03858411,0.9872208,MathCanvas,0.4876224,1.399959,3.360743,0.002889078,1.504453,-0.02199566,0.1420868,-0.03046276,0.9893854,0.03461561,1.50351,-0.02659493,0.1424552,-0.03042212,0.9893336,-0.02852655,1.505391,-0.01744517,0.1424552,-0.03042212,0.9893336,0.003044528,1.50445,-0.02202005,1.743328,8.193762,358.3102,0,3,False
1,Center_Head_Far,204,8.099998,0.003354837,1.504454,-0.02206511,-0.01978706,1.207479,-0.001463117,0.5884855,-0.1321888,-0.05604042,-0.7956573,0.1088607,1.015667,0.1357036,0.07170773,0.1369093,-0.03879995,0.9872226,MathCanvas,0.4888421,1.400298,3.360707,0.003202119,1.504446,-0.0220451,0.1428306,-0.03015305,0.9892877,0.03492079,1.503474,-0.02666691,0.1432874,-0.02982257,0.9892317,-0.02821111,1.505435,-0.0174633,0.1432874,-0.02982257,0.9892317,0.003354837,1.504454,-0.02206511,1.708961,8.241808,358.2383,0,3,False
1,Center_Head_Far,205,8.119997,0.00350462,1.504485,-0.02209942,-0.0197748,1.207486,-0.001533039,0.5884905,-0.1321986,-0.05591112,-0.795661,0.1088696,1.015618,0.1357704,0.07169405,0.1369149,-0.03891626,0.9872183,MathCanvas,0.4917464,1.40135,3.360682,0.003354837,1.504454,-0.02206511,0.1432874,-0.02982258,0.9892317,0.03506805,1.503499,-0.02671735,0.1437928,-0.02969204,0.9891623,-0.02805881,1.505472,-0.0174815,0.1437928,-0.02969204,0.9891623,0.00350462,1.504485,-0.02209942,1.701479,8.27105,358.2285,0,3,False
1,Center_Head_Far,206,8.139997,0.003804773,1.504653,-0.02216206,-0.01971221,1.2075,-0.001707355,0.5886579,-0.1322494,-0.05561871,-0.7955493,0.1088717,1.015576,0.1358872,0.07169372,0.1369797,-0.03918732,0.9871985,MathCanvas,0.4935164,1.402499,3.360859,0.003662802,1.504561,-0.02213308,0.1441219,-0.02918674,0.9891294,0.03536548,1.503656,-0.02679623,0.1443358,-0.0284936,0.9891185,-0.02775594,1.505649,-0.01752789,0.1443358,-0.0284936,0.9891185,0.003804773,1.504653,-0.02216206,1.632784,8.302212,358.2094,0,3,False
1,Center_Head_Far,207,8.159997,0.003953869,1.504734,-0.0221862,-0.0195903,1.207579,-0.00164327,0.5886561,-0.1322827,-0.05555447,-0.7955496,0.1088534,1.015507,0.1359636,0.07174376,0.1369367,-0.03929996,0.9871964,MathCanvas,0.4967868,1.404817,3.361245,0.003804773,1.504653,-0.02216206,0.1443358,-0.0284936,0.9891185,0.03551188,1.503723,-0.02683568,0.1448234,-0.02797447,0.989062,-0.02760414,1.505745,-0.01753672,0.1448234,-0.02797447,0.989062,0.003953869,1.504734,-0.0221862,1.603028,8.330337,358.184,0,3,False
1,Center_Head_Far,208,8.179997,0.004223604,1.504853,-0.02226424,-0.01955518,1.207596,-0.001627436,0.5885468,-0.1322895,-0.05537444,-0.7956418,0.1087851,1.015399,0.1360696,0.07169605,0.1367309,-0.039467,0.9872217,MathCanvas,0.4977849,1.407246,3.361988,0.004098702,1.504803,-0.02221914,0.1449864,-0.02849407,0.9890233,0.03577863,1.503811,-0.02692721,0.145209,-0.02839197,0.9889935,-0.02733142,1.505894,-0.01760127,0.145209,-0.02839197,0.9889935,0.004223604,1.504853,-0.02226424,1.626959,8.352773,358.1289,0,3,False
1,Center_Head_Far,209,8.199997,0.004316859,1.504906,-0.02230437,-0.01953379,1.207591,-0.001655487,0.5885292,-0.1321763,-0.05526623,-0.7956812,0.1087371,1.015364,0.1361042,0.07161269,0.1366384,-0.03950352,0.9872391,MathCanvas,0.5002919,1.407361,3.361661,0.004223604,1.504853,-0.02226424,0.145209,-0.02839197,0.9889935,0.035871,1.503859,-0.02697204,0.1453786,-0.02766739,0.9889892,-0.02723728,1.505954,-0.0176367,0.1453786,-0.02766739,0.9889892,0.004316859,1.504906,-0.02230437,1.585427,8.36243,358.1184,0,3,False
1,Center_Head_Far,210,8.219997,0.004418583,1.504984,-0.02233902,-0.0195249,1.207566,-0.001700722,0.5885435,-0.1321044,-0.05520301,-0.795687,0.1087011,1.015339,0.1361284,0.07156003,0.1365895,-0.03954119,0.9872482,MathCanvas,0.5011665,1.40776,3.361653,0.004316859,1.504906,-0.02230437,0.1453786,-0.02766739,0.9889892,0.03597144,1.503929,-0.02701366,0.145611,-0.02714026,0.9889696,-0.02713427,1.506039,-0.01766438,0.145611,-0.02714026,0.9889696,0.004418583,1.504984,-0.02233902,1.555213,8.375772,358.1051,0,3,False
1,Center_Head_Far,211,8.239997,0.004618998,1.505126,-0.02240006,-0.01949975,1.207553,-0.001789426,0.5884889,-0.1322248,-0.05508305,-0.7957156,0.1085967,1.01522,0.136223,0.07154453,0.1363697,-0.03970658,0.9872731,MathCanvas,0.5019728,1.410293,3.362448,0.004514704,1.505066,-0.02237122,0.1459306,-0.02635856,0.9889436,0.03616937,1.504055,-0.02708794,0.1460526,-0.02613949,0.9889314,-0.02693138,1.506196,-0.01771218,0.1460526,-0.02613949,0.9889314,0.004618998,1.505126,-0.02240006,1.497853,8.401131,358.0775,0,3,False
1,Center_Head_Far,212,8.259997,0.004700478,1.505168,-0.02245172,-0.019484,1.207531,-0.001866611,0.5884811,-0.1323108,-0.05506273,-0.7957085,0.1085645,1.015203,0.1362367,0.0714508,0.1363286,-0.03972077,0.987285,MathCanvas,0.5042906,1.414873,3.363777,0.004618998,1.505126,-0.02240006,0.1460527,-0.02613949,0.9889314,0.03624861,1.504085,-0.02715194,0.1464198,-0.02645061,0.9888688,-0.02684765,1.50625,-0.0177515,0.1464198,-0.02645061,0.9888688,0.004700478,1.505168,-0.02245172,1.515685,8.422476,358.0561,0,3,False
1,Center_Head_Far,213,8.279997,0.004824993,1.505188,-0.02251186,-0.01938673,1.207542,-0.001797057,0.5884185,-0.1325092,-0.05500881,-0.7957255,0.1085133,1.015199,0.1362302,0.07107145,0.1362357,-0.03984274,0.9873202,MathCanvas,0.5048265,1.415658,3.363932,0.004769675,1.505186,-0.02248625,0.1465682,-0.02597759,0.9888594,0.03637052,1.504104,-0.02722904,0.1469773,-0.02572086,0.9888054,-0.02672054,1.506272,-0.01779469,0.1469773,-0.02572086,0.9888054,0.004824993,1.505188,-0.02251186,1.47386,8.454614,358.0524,0,3,False
1,Center_Head_Far,214,8.299997,0.004907653,1.50519,-0.02249097,-0.01936749,1.207496,-0.001828879,0.5883424,-0.1326396,-0.05500584,-0.7957602,0.1084934,1.015137,0.1362413,0.0709196,0.1362141,-0.03992248,0.9873309,MathCanvas,0.5067475,1.416228,3.363835,0.004824993,1.505188,-0.02251186,0.1469773,-0.02572087,0.9888054,0.03645231,1.504093,-0.02721099,0.1470488,-0.02596767,0.9887883,-0.02663701,1.506288,-0.01777096,0.1470488,-0.02596767,0.9887883,0.004907653,1.50519,-0.02249097,1.488005,8.45881,358.0294,0,3,False
1,Center_Head_Far,215,8.319997,0.005063657,1.505241,-0.02251208,-0.01930421,1.207471,-0.001753401,0.5877879,-0.1329565,-0.05508903,-0.7961112,0.1084943,1.01505,0.1362493,0.07088122,0.1362537,-0.03999843,0.9873252,MathCanvas,0.5082607,1.417104,3.363871,0.00499028,1.505193,-0.02249407,0.1473024,-0.02597204,0.9887505,0.03660491,1.504137,-0.0272532,0.1477121,-0.02580674,0.9886937,-0.02647759,1.506345,-0.01777096,0.1477121,-0.02580674,0.9886937,0.005063657,1.505241,-0.02251208,1.478781,8.497214,358.0166,0,3,False
1,Center_Head_Far,216,8.339997,0.00514416,1.505315,-0.02253319,-0.01925993,1.207442,-0.001717223,0.5874099,-0.1331494,-0.05522101,-0.7963489,0.108522,1.014998,0.1362467,0.0708743,0.1364058,-0.04008114,0.9873013,MathCanvas,0.5094863,1.416302,3.363366,0.005063657,1.505241,-0.02251208,0.1477121,-0.02580674,0.9886937,0.03667944,1.504208,-0.02731314,0.1489563,-0.02504533,0.9885266,-0.02639112,1.506422,-0.01775323,0.1489563,-0.02504533,0.9885266,0.00514416,1.505315,-0.02253319,1.435142,8.569157,358.011,0,3,False
1,Center_Head_Far,217,8.359997,0.005364522,1.50545,-0.02259072,-0.01920003,1.207491,-0.001622903,0.5868754,-0.1335066,-0.0554947,-0.7966641,0.1085487,1.014942,0.1362591,0.07086105,0.1367007,-0.04023059,0.9872554,MathCanvas,0.5109968,1.416937,3.363331,0.005253132,1.505391,-0.02256425,0.1495518,-0.02475626,0.9884439,0.03689199,1.504359,-0.02742567,0.1507199,-0.02426223,0.9882787,-0.02616294,1.506541,-0.01775576,0.1507199,-0.02426223,0.9882787,0.005364522,1.50545,-0.02259072,1.39026,8.671224,358.0405,0,3,False
1,Center_Head_Far,218,8.379997,0.005468286,1.505491,-0.02261859,-0.01917507,1.207477,-0.001618672,0.5866323,-0.1336706,-0.05558107,-0.7968096,0.1085559,1.014933,0.1362596,0.07080031,0.1368091,-0.04027149,0.9872431,MathCanvas,0.5177101,1.420639,3.363693,0.005364522,1.50545,-0.02259072,0.15072,-0.02426223,0.9882787,0.03699045,1.50439,-0.02748578,0.1517339,-0.02401206,0.9881297,-0.02605388,1.506592,-0.01775141,0.1517339,-0.02401206,0.9881297,0.005468286,1.505491,-0.02261859,1.375922,8.729958,358.0229,0,3,False
1,Center_Head_Far,219,8.399997,0.005575079,1.505532,-0.02264252,-0.01915589,1.207464,-0.001607986,0.5863715,-0.133724,-0.05568165,-0.7969856,0.1085831,1.014921,0.1362384,0.07065932,0.1369414,-0.04035515,0.9872314,MathCanvas,0.5219005,1.422358,3.363655,0.005468286,1.505491,-0.02261859,0.1517339,-0.02401206,0.9881297,0.03709118,1.504423,-0.02754695,0.1529133,-0.02357268,0.9879584,-0.02594102,1.506641,-0.01773809,0.1529133,-0.02357268,0.9879584,0.005575079,1.505532,-0.02264252,1.350741,8.79826,358.0082,0,3,False
1,Center_Head_Far,220,8.419997,0.005838264,1.505825,-0.02270152,-0.01906897,1.207486,-0.001383212,0.5856567,-0.1340329,-0.05578884,-0.7974516,0.1085997,1.014879,0.1362137,0.07058883,0.1370253,-0.04036794,0.9872243,MathCanvas,0.5255272,1.423249,3.363418,0.005700146,1.505655,-0.02268083,0.1551402,-0.02248857,0.9876364,0.03733266,1.504678,-0.02773495,0.1570572,-0.02047193,0.9873773,-0.02565613,1.506972,-0.01766808,0.1570572,-0.02047193,0.9873773,0.005838264,1.505825,-0.02270152,1.173037,9.038035,357.9402,0,3,False
1,Center_Head_Far,221,8.439997,0.006002333,1.506067,-0.02272746,-0.01908583,1.207497,-0.001252582,0.585114,-0.134243,-0.05596461,-0.7978022,0.1086079,1.014818,0.1362021,0.0706161,0.1371083,-0.04035516,0.9872113,MathCanvas,0.537766,1.428718,3.363599,0.005838264,1.505825,-0.02270152,0.1570572,-0.02047193,0.9873773,0.03748456,1.504919,-0.02783606,0.1595073,-0.01803011,0.9870321,-0.0254799,1.507216,-0.01761886,0.1595073,-0.01803011,0.9870321,0.006002333,1.506067,-0.02272746,1.033105,9.179803,357.9373,0,3,False
1,Center_Head_Far,222,8.459997,0.006396476,1.506523,-0.02284021,-0.01923116,1.2074,-0.0007476229,0.5827913,-0.1346187,-0.05683796,-0.7993758,0.1086261,1.014684,0.1361479,0.07070933,0.1372888,-0.04021847,0.9871851,MathCanvas,0.5448826,1.435826,3.365072,0.006170529,1.506267,-0.02277435,0.1616929,-0.01628931,0.9867067,0.03785308,1.505349,-0.02809867,0.1643414,-0.01430899,0.9862998,-0.02506013,1.507697,-0.01758175,0.1643414,-0.01430899,0.9862998,0.006396476,1.506523,-0.02284021,0.8198727,9.459954,357.8917,0,3,False
1,Center_Head_Far,223,8.479997,0.006657589,1.507339,-0.02280453,-0.01923847,1.207294,-0.0004056161,0.5805611,-0.1350978,-0.05725414,-0.8008866,0.1086213,1.014606,0.1361215,0.07080949,0.1373574,-0.04002653,0.9871762,MathCanvas,0.5620393,1.450546,3.367887,0.006396476,1.506523,-0.02284021,0.1643414,-0.01430899,0.9862998,0.03810051,1.506134,-0.02813726,0.1668304,-0.0100281,0.9859346,-0.02478533,1.508545,-0.0174718,0.1668304,-0.0100281,0.9859346,0.006657589,1.507339,-0.02280453,0.5745774,9.604071,357.8355,0,3,False
1,Center_Head_Far,224,8.499997,0.007234309,1.511311,-0.02268821,-0.01914635,1.207238,0.0005942099,0.5746373,-0.1360462,-0.05764529,-0.80496,0.1084884,1.014513,0.136039,0.07094726,0.1374443,-0.03960007,0.9871714,MathCanvas,0.5718198,1.458132,3.369032,0.00691402,1.508749,-0.0225939,0.1694131,-0.002474546,0.9855421,0.03865318,1.510005,-0.02813778,0.1714761,0.01481196,0.9850769,-0.02418456,1.512616,-0.01723864,0.1714761,0.01481196,0.9850769,0.007234309,1.511311,-0.02268821,359.1513,9.874747,357.6552,0,3,False
1,Center_Head_Far,225,8.519997,0.007512543,1.513116,-0.0225019,-0.01911209,1.207101,0.001020164,0.571835,-0.1364989,-0.05736999,-0.8068962,0.1084503,1.014485,0.1360138,0.07099599,0.1374284,-0.03948764,0.9871746,MathCanvas,0.5925343,1.502761,3.382231,0.007234309,1.511311,-0.02268821,0.1714761,0.01481223,0.9850769,0.03891891,1.51169,-0.02799324,0.1736538,0.03454308,0.9842008,-0.02389383,1.514542,-0.01701055,0.1736538,0.03454308,0.9842008,0.007512543,1.513116,-0.0225019,358.0204,10.00636,357.4379,0,3,False
1,Center_Head_Far,226,8.539997,0.008245815,1.515535,-0.02339825,-0.0192863,1.206539,0.002189232,0.566304,-0.1374694,-0.05686158,-0.8106594,0.1083854,1.014122,0.135885,0.07150874,0.1374546,-0.03904107,0.9871517,MathCanvas,0.5925343,1.502761,3.382231,0.007973156,1.514552,-0.0228659,0.1750223,0.05671633,0.9829295,0.03963663,1.514068,-0.02896708,0.1773615,0.06828332,0.981774,-0.023145,1.517002,-0.01782942,0.1773615,0.06828332,0.981774,0.008245815,1.515535,-0.02339825,356.0846,10.24027,357.3587,0,3,False
1,Center_Head_Far,227,8.559997,0.008410283,1.516053,-0.02402946,-0.01967702,1.206523,0.002519315,0.5644692,-0.1361657,-0.05859907,-0.8120343,0.1083865,1.0138,0.1357677,0.07228222,0.1377221,-0.03877969,0.9870684,MathCanvas,0.5925343,1.502761,3.382231,0.008245815,1.515535,-0.02339825,0.1773615,0.06828363,0.981774,0.03978328,1.514591,-0.02969931,0.1807821,0.07684434,0.9805166,-0.02296271,1.517514,-0.01835962,0.1807821,0.07684434,0.9805166,0.008410283,1.516053,-0.02402946,355.5928,10.44655,357.3676,0,3,False
1,Center_Head_Far,228,8.579997,0.008854292,1.517005,-0.02435764,-0.02002807,1.206542,0.002812209,0.5624864,-0.1342986,-0.06002336,-0.8136155,0.1084048,1.013315,0.1356698,0.07355673,0.1382788,-0.03843198,0.98691,MathCanvas,0.5925343,1.502761,3.382231,0.008410283,1.516053,-0.02402946,0.1807821,0.07684451,0.9805166,0.04021355,1.515601,-0.03011722,0.1836068,0.08273651,0.9795117,-0.02250496,1.518409,-0.01859806,0.1836068,0.08273651,0.9795117,0.008854292,1.517005,-0.02435764,355.2541,10.61674,357.4692,0,3,False
1,Center_Head_Far,229,8.599997,0.00943381,1.518012,-0.02506671,-0.02039333,1.206615,0.003638484,0.5587295,-0.1319074,-0.06088917,-0.8165258,0.1083396,1.01243,0.1356602,0.07578763,0.1387783,-0.03785663,0.9866933,MathCanvas,0.5925343,1.502761,3.382231,0.009328707,1.517578,-0.0247283,0.1867014,0.08780158,0.9784853,0.04074201,1.516801,-0.03113931,0.1929983,0.09012123,0.9770516,-0.02187439,1.519224,-0.01899411,0.1929983,0.09012123,0.9770516,0.00943381,1.518012,-0.02506671,354.8294,11.17386,357.8155,0,3,False
1,Center_Head_Far,230,8.619997,0.009612963,1.518417,-0.02530283,-0.02039193,1.206694,0.004033144,0.5565193,-0.1307374,-0.06119151,-0.818199,0.1082589,1.01218,0.1356709,0.07645947,0.138783,-0.03779179,0.9866433,MathCanvas,0.5925343,1.502761,3.382231,0.00943381,1.518012,-0.02506671,0.1929983,0.09012168,0.9770516,0.04089381,1.517267,-0.03152639,0.19756,0.09204089,0.9759603,-0.02166789,1.519568,-0.01907927,0.19756,0.09204089,0.9759603,0.009612963,1.518417,-0.02530283,354.719,11.44354,357.9252,0,3,False
1,Center_Head_Far,231,8.639997,0.009829128,1.518569,-0.02582667,-0.02022065,1.206818,0.005065314,0.5515339,-0.1290532,-0.06153565,-0.8218083,0.1078949,1.011917,0.1355327,0.076639,0.1376509,-0.03650957,0.9868363,MathCanvas,0.5925343,1.502761,3.382231,0.009545637,1.518692,-0.02563738,0.2041812,0.08997732,0.9747893,0.04104478,1.517607,-0.03239984,0.2078951,0.09220598,0.9737955,-0.02138652,1.51953,-0.0192535,0.2078951,0.09220598,0.9737955,0.009829128,1.518569,-0.02582667,354.7095,12.05113,358.2662,0,3,False
1,Center_Head_Far,232,8.659997,0.009967332,1.518867,-0.0259673,-0.02017704,1.206783,0.005203927,0.5518724,-0.1276865,-0.06210131,-0.8217521,0.1076977,1.01188,0.1355112,0.07656596,0.137038,-0.03605513,0.9869439,MathCanvas,0.5925343,1.502761,3.382231,0.009829128,1.518569,-0.02582667,0.207895,0.09220579,0.9737955,0.04115761,1.518036,-0.03267725,0.2117705,0.09233538,0.9729478,-0.02122295,1.519699,-0.01925735,0.2117705,0.09233538,0.9729478,0.009967332,1.518867,-0.0259673,354.702,12.2794,358.5011,0,3,False
1,Center_Head_Far,233,8.679996,0.01003424,1.518914,-0.02617819,-0.01921801,1.206554,0.003768194,0.554684,-0.1287079,-0.06110995,-0.8197716,0.1073683,1.011918,0.1354489,0.07628715,0.135929,-0.03527126,0.9871472,MathCanvas,0.5925343,1.502761,3.382231,0.009976007,1.519083,-0.02602491,0.2159416,0.09168305,0.9720923,0.04117481,1.518291,-0.03313706,0.2189126,0.09186302,0.9714106,-0.02110633,1.519536,-0.01921932,0.2189126,0.09186302,0.9714106,0.01003424,1.518914,-0.02617819,354.7292,12.69976,358.8785,0,3,False
1,Center_Head_Far,234,8.699997,0.01008307,1.519207,-0.02644186,-0.01906665,1.206404,0.003714246,0.5546829,-0.1290292,-0.06028594,-0.8197829,0.1072621,1.012004,0.1353459,0.07560674,0.1356287,-0.03477986,0.9872583,MathCanvas,0.5925343,1.502761,3.382231,0.01003424,1.518914,-0.02617819,0.2189126,0.09186298,0.9714106,0.04120003,1.518702,-0.03351486,0.2221401,0.08993623,0.970858,-0.02103388,1.519713,-0.01936886,0.2221401,0.08993623,0.970858,0.01008307,1.519207,-0.02644186,354.8401,12.88788,359.089,0,3,False
1,Center_Head_Far,235,8.719996,0.009947501,1.518965,-0.02660327,-0.01776078,1.206205,0.002746009,0.55467,-0.1292804,-0.0586776,-0.8198687,0.107246,1.012056,0.1352796,0.07539126,0.1356289,-0.03452533,0.9872837,MathCanvas,0.5925343,1.502761,3.382231,0.01008307,1.519207,-0.02644186,0.2221401,0.08993647,0.970858,0.04105699,1.518541,-0.0337144,0.2231159,0.08711403,0.9708916,-0.02116199,1.519388,-0.01949215,0.2231159,0.08711403,0.9708916,0.009947501,1.518965,-0.02660327,355.0024,12.94216,359.2368,0,3,False
1,Center_Head_Far,236,8.739997,0.009501165,1.518586,-0.0268664,-0.01561081,1.205303,0.001171752,0.5549388,-0.1297065,-0.05741084,-0.8197092,0.1072733,1.012132,0.1352339,0.07477454,0.1362858,-0.03348442,0.987276,MathCanvas,0.5925343,1.502761,3.382231,0.00972865,1.518728,-0.02676368,0.2239542,0.08476071,0.9709069,0.04060367,1.518315,-0.03401539,0.2239234,0.08320452,0.9710486,-0.02160135,1.518857,-0.01971741,0.2239234,0.08320452,0.9710486,0.009501165,1.518586,-0.0268664,355.2272,12.98539,359.5114,0,3,False
1,Center_Head_Far,237,8.759997,0.009232156,1.518499,-0.0269665,-0.01415742,1.203083,0.0005022464,0.5548079,-0.1295604,-0.0575518,-0.819811,0.1073352,1.012135,0.1351981,0.07477737,0.1361794,-0.03405149,0.987271,MathCanvas,0.5925343,1.502761,3.382231,0.009501165,1.518586,-0.0268664,0.2239234,0.08320459,0.9710485,0.04033859,1.518277,-0.03410008,0.223325,0.08236567,0.9712579,-0.02187428,1.518721,-0.01983292,0.223325,0.08236567,0.9712579,0.009232156,1.518499,-0.0269665,355.2755,12.94916,359.5998,0,3,False
1,Center_Head_Far,238,8.779997,0.008594226,1.518446,-0.02711151,-0.01194384,1.200139,-0.0003952021,0.5541226,-0.1293087,-0.0572946,-0.8203321,0.1075629,1.01211,0.1351105,0.07443503,0.1369455,-0.03395693,0.9871942,MathCanvas,0.5925343,1.502761,3.382231,0.008937475,1.518449,-0.02705293,0.2220518,0.08169103,0.9716067,0.03972415,1.518278,-0.03414339,0.2200259,0.08131402,0.9720991,-0.0225357,1.518615,-0.02007964,0.2200259,0.08131402,0.9720991,0.008594226,1.518446,-0.02711151,355.3359,12.7535,359.6963,0,3,False
1,Center_Head_Far,239,8.799997,0.008253662,1.518506,-0.02714938,-0.01167923,1.199891,-0.0004570782,0.5538146,-0.1293214,-0.05728158,-0.8205389,0.1077313,1.012093,0.1350964,0.07442553,0.13736,-0.03397799,0.9871365,MathCanvas,0.5925343,1.502761,3.382231,0.008594226,1.518446,-0.02711151,0.220026,0.08131417,0.9720991,0.03939877,1.51835,-0.03411398,0.2178801,0.08221991,0.9725061,-0.02289145,1.518661,-0.02018479,0.2178801,0.08221991,0.9725061,0.008253662,1.518506,-0.02714938,355.2838,12.62801,359.7198,0,3,False
1,Center_Head_Far,240,8.819997,0.007430955,1.519328,-0.02709248,-0.01049289,1.200499,-0.0009507397,0.5528331,-0.129414,-0.05811435,-0.8211274,0.1081078,1.012095,0.1350845,0.07467172,0.1384558,-0.03418402,0.9869578,MathCanvas,0.5925343,1.502761,3.382231,0.007766642,1.519049,-0.02706921,0.2149758,0.08463623,0.972945,0.03861571,1.519203,-0.033878,0.2121464,0.08681586,0.973374,-0.0237538,1.519454,-0.02030695,0.2121464,0.08681586,0.973374,0.007430955,1.519328,-0.02709248,355.0196,12.29531,359.7741,0,3,False
1,Center_Head_Far,241,8.839997,0.007071774,1.519353,-0.02725337,-0.009250323,1.202013,-0.001730568,0.5524586,-0.128657,-0.05900847,-0.8214347,0.1082699,1.012115,0.1350962,0.07502899,0.1388527,-0.03427281,0.9868718,MathCanvas,0.5925343,1.502761,3.382231,0.007430955,1.519328,-0.02709248,0.2121464,0.08681591,0.9733739,0.03827678,1.51926,-0.03394569,0.2091074,0.08946279,0.9737918,-0.02413323,1.519445,-0.02056105,0.2091074,0.08946279,0.9737918,0.007071774,1.519353,-0.02725337,354.8673,12.11938,359.8333,0,3,False
1,Center_Head_Far,242,8.859997,0.006268129,1.519374,-0.02747445,-0.007840196,1.202519,-0.00346706,0.554715,-0.1296988,-0.06011022,-0.8196685,0.1085754,1.012103,0.1351861,0.0758479,0.1396217,-0.03524521,0.9866664,MathCanvas,0.5925343,1.502761,3.382231,0.006653732,1.519336,-0.027366,0.2059177,0.08982393,0.9744381,0.03751315,1.519317,-0.03397777,0.2031132,0.08941142,0.9750645,-0.02497689,1.519431,-0.02097114,0.2031132,0.08941142,0.9750645,0.006268129,1.519374,-0.02747445,354.8702,11.76686,359.8967,0,3,False
1,Center_Head_Far,243,8.879997,0.005873121,1.519484,-0.02754094,-0.007347967,1.202291,-0.004131906,0.5555037,-0.1306073,-0.05974191,-0.8190167,0.1085918,1.012083,0.1352155,0.07603691,0.1397546,-0.03533972,0.9866297,MathCanvas,0.5925343,1.502761,3.382231,0.006268129,1.519374,-0.02747445,0.2031131,0.08941168,0.9750644,0.03713557,1.519454,-0.03396012,0.2004189,0.08907108,0.9756529,-0.02538933,1.519514,-0.02112176,0.2004189,0.08907108,0.9756529,0.005873121,1.519484,-0.02754094,354.8898,11.60823,359.9454,0,3,False
1,Center_Head_Far,244,8.899997,0.005477562,1.519527,-0.02762409,-0.00703746,1.202063,-0.004373916,0.5560216,-0.1311867,-0.05946387,-0.8185928,0.108584,1.012098,0.1351976,0.07642234,0.1397822,-0.03515401,0.9866027,MathCanvas,0.5925343,1.502761,3.382231,0.005873121,1.519484,-0.02754094,0.2004189,0.08907116,0.9756529,0.03675885,1.51952,-0.03395089,0.1974667,0.08937964,0.9762265,-0.02580373,1.519534,-0.02129728,0.1974667,0.08937964,0.9762265,0.005477562,1.519527,-0.02762409,354.8721,11.43524,359.9875,0,3,False
1,Center_Head_Far,245,8.919997,0.004754531,1.519753,-0.02774069,-0.006596262,1.201832,-0.004553773,0.5560386,-0.1316186,-0.05912668,-0.8185363,0.1083977,1.012085,0.1351914,0.07723675,0.139358,-0.0352917,0.9865943,MathCanvas,0.5925343,1.502761,3.382231,0.005120867,1.519631,-0.02767678,0.194461,0.08950097,0.9768186,0.03607408,1.519792,-0.03387518,0.1913294,0.08993536,0.9773969,-0.02656502,1.519715,-0.02160619,0.1913294,0.08993536,0.9773969,0.004754531,1.519753,-0.02774069,354.8401,11.07583,0.06981972,0,3,False
1,Center_Head_Far,246,8.939997,0.004340312,1.519812,-0.02776913,-0.006320261,1.201745,-0.004832687,0.5561312,-0.1317076,-0.05901514,-0.8184671,0.1082027,1.01206,0.1351979,0.07745422,0.1388729,-0.03522326,0.9866481,MathCanvas,0.5925343,1.502761,3.382231,0.004754531,1.519753,-0.02774069,0.1913294,0.08993552,0.9773968,0.0356766,1.519871,-0.03381739,0.1885678,0.09064146,0.9778683,-0.02699598,1.519753,-0.02172087,0.1885678,0.09064146,0.9778683,0.004340312,1.519812,-0.02776913,354.7995,10.91469,0.1070534,0,3,False
1,Center_Head_Far,247,8.959997,0.00366971,1.519864,-0.0278369,-0.006098974,1.201275,-0.005048819,0.5567343,-0.1319716,-0.05865121,-0.8180406,0.107688,1.012027,0.1351048,0.07769976,0.1372346,-0.03479664,0.9868731,MathCanvas,0.5925343,1.502761,3.382231,0.004027885,1.519919,-0.02780868,0.1854688,0.0909152,0.9784353,0.03504292,1.519948,-0.03369031,0.1824086,0.09117214,0.9789866,-0.0277035,1.51978,-0.02198349,0.1824086,0.09117214,0.9789866,0.00366971,1.519864,-0.0278369,354.769,10.55455,0.1515441,0,3,False
1,Center_Head_Far,248,8.979997,0.003263749,1.519775,-0.02787067,-0.006247242,1.20102,-0.004886701,0.5569117,-0.1320462,-0.05865131,-0.8179078,0.1075912,1.012048,0.1350537,0.07758025,0.1369926,-0.03464858,0.9869214,MathCanvas,0.5925343,1.502761,3.382231,0.00366971,1.519864,-0.0278369,0.1824087,0.09117211,0.9789866,0.03465308,1.51987,-0.03363685,0.1796594,0.09096606,0.979514,-0.02812558,1.519679,-0.02210449,0.1796594,0.09096606,0.979514,0.003263749,1.519775,-0.02787067,354.7808,10.39349,0.1717428,0,3,False
1,Center_Head_Far,249,8.999997,0.002669103,1.519561,-0.02792087,-0.005602894,1.200669,-0.005513806,0.5574721,-0.1325102,-0.05857289,-0.8174566,0.1073948,1.012081,0.1350745,0.0774445,0.1365901,-0.0345746,0.9869904,MathCanvas,0.5925343,1.502761,3.382231,0.002936431,1.519677,-0.02791686,0.1770739,0.09001388,0.9800726,0.03408871,1.519623,-0.03352017,0.174586,0.08859204,0.9806483,-0.0287505,1.519498,-0.02232157,0.174586,0.08859204,0.9806483,0.002669103,1.519561,-0.02792087,354.9174,10.09467,0.1123785,0,3,False
1,Center_Head_Far,250,9.019997,0.002413116,1.51949,-0.02790223,-0.006102988,1.201608,-0.005084566,0.5574662,-0.1328652,-0.05863285,-0.8173985,0.1073758,1.0121,0.1351021,0.07748783,0.1364997,-0.03460028,0.9869987,MathCanvas,0.5925343,1.502761,3.382231,0.002669103,1.519561,-0.02792087,0.1745859,0.08859193,0.9806484,0.03384644,1.51954,-0.03342414,0.1722362,0.08662795,0.9812391,-0.02902021,1.519439,-0.02238031,0.1722362,0.08662795,0.9812391,0.002413116,1.51949,-0.02790223,355.0304,9.955667,0.09072509,0,3,False
1,Center_Head_Far,251,9.039997,0.002111264,1.519368,-0.02792715,-0.006816023,1.202782,-0.004456328,0.5573152,-0.133085,-0.05858675,-0.8174692,0.1073791,1.012125,0.1351281,0.07750783,0.1364901,-0.03464343,0.9869969,MathCanvas,0.5925343,1.502761,3.382231,0.002413116,1.51949,-0.02790223,0.1722362,0.0866278,0.9812391,0.03355569,1.519404,-0.03338556,0.1703063,0.08575105,0.981653,-0.02933317,1.519332,-0.02246873,0.1703063,0.08575105,0.981653,0.002111264,1.519368,-0.02792715,355.0808,9.842238,0.06485224,0,3,False
1,Center_Head_Far,252,9.059997,0.001542793,1.519328,-0.0279149,-0.007387895,1.203957,-0.004017105,0.5574453,-0.1332165,-0.05863358,-0.8173556,0.1074322,1.012207,0.1352283,0.07743839,0.1368242,-0.03479288,0.9869508,MathCanvas,0.5925343,1.502761,3.382231,0.001854546,1.519401,-0.02788596,0.1681456,0.08500588,0.9820902,0.03300983,1.519342,-0.03324155,0.1662583,0.08520555,0.9823941,-0.02992425,1.519314,-0.02258826,0.1662583,0.08520555,0.9823941,0.001542793,1.519328,-0.0279149,355.1122,9.605598,0.02555179,0,3,False
1,Center_Head_Far,253,9.079997,0.001348668,1.519364,-0.0278804,-0.007122381,1.203798,-0.004352406,0.5578229,-0.1332189,-0.05862647,-0.8170981,0.1074717,1.012244,0.1352735,0.07739068,0.1370551,-0.03493131,0.9869177,MathCanvas,0.5925343,1.502761,3.382231,0.001542793,1.519328,-0.0279149,0.1662583,0.08520543,0.9823941,0.03282572,1.519373,-0.03314752,0.1644164,0.08503853,0.9827185,-0.03012839,1.519355,-0.02261328,0.1644164,0.08503853,0.9827185,0.001348668,1.519364,-0.0278804,355.1218,9.498055,0.01597458,0,3,False
1,Center_Head_Far,254,9.099997,0.0009685187,1.519282,-0.02783751,-0.008165183,1.204972,-0.003874021,0.5589923,-0.1326563,-0.05870317,-0.8163847,0.1075133,1.012306,0.1353672,0.07770515,0.137281,-0.03511239,0.9868551,MathCanvas,0.5925343,1.502761,3.382231,0.001158666,1.519336,-0.02785395,0.1629919,0.0851161,0.9829491,0.03245918,1.519283,-0.03302272,0.1618884,0.08460976,0.9831752,-0.03052214,1.519282,-0.02265229,0.1618884,0.08460976,0.9831752,0.0009685187,1.519282,-0.02783751,355.1464,9.350348,0.0001516082,0,3,False
1,Center_Head_Far,255,9.119997,0.0007929662,1.519208,-0.02782778,-0.008571286,1.205371,-0.003749104,0.5594178,-0.1325532,-0.058777,-0.8161047,0.1075179,1.012308,0.1353993,0.07785983,0.1374286,-0.03515365,0.9868209,MathCanvas,0.5925343,1.502761,3.382231,0.0009685187,1.519282,-0.02783751,0.1618883,0.08460962,0.9831752,0.03228966,1.519204,-0.03297619,0.1607579,0.08393873,0.9834181,-0.03070373,1.519211,-0.02267937,0.1607579,0.08393873,0.9834181,0.0007929662,1.519208,-0.02782778,355.185,9.283939,359.9935,0,3,False
1,Center_Head_Far,256,9.139997,0.0004908666,1.519102,-0.02788229,-0.008235199,1.205093,-0.00410858,0.5589381,-0.1337871,-0.05815938,-0.8162762,0.1074419,1.012171,0.1354049,0.07771957,0.1378257,-0.0345863,0.9867966,MathCanvas,0.5925343,1.502761,3.382231,0.0006463779,1.519141,-0.02785007,0.1602028,0.08287766,0.9835987,0.03199831,1.519084,-0.03296448,0.1587504,0.08234161,0.9838791,-0.03101657,1.519121,-0.02280009,0.1587504,0.08234161,0.9838791,0.0004908666,1.519102,-0.02788229,355.2768,9.165764,359.966,0,3,False
1,Center_Head_Far,257,9.159997,0.0002834266,1.519076,-0.02790465,-0.008122481,1.204818,-0.004050544,0.558245,-0.1354325,-0.05742176,-0.8165313,0.1072499,1.012028,0.1354081,0.07696372,0.1386043,-0.03271674,0.9868106,MathCanvas,0.5925343,1.502761,3.382231,0.0004908666,1.519102,-0.02788229,0.1587504,0.08234163,0.9838791,0.03180039,1.519047,-0.03292745,0.1569245,0.08211091,0.9841913,-0.03123353,1.519105,-0.02288185,0.1569245,0.08211091,0.9841913,0.0002834266,1.519076,-0.02790465,355.2901,9.059274,359.9477,0,3,False
1,Center_Head_Far,258,9.179996,-0.0002163872,1.518999,-0.02793422,-0.00734686,1.204364,-0.003890993,0.5549244,-0.140303,-0.05516398,-0.8181265,0.106857,1.011773,0.1353782,0.07551492,0.139003,-0.02939039,0.9869711,MathCanvas,0.5925343,1.502761,3.382231,4.184619E-05,1.519051,-0.0279226,0.154823,0.08200612,0.9845328,0.03132111,1.518922,-0.03282585,0.1529472,0.08232348,0.9847995,-0.03175389,1.519076,-0.02304259,0.1529472,0.08232348,0.9847995,-0.0002163872,1.518999,-0.02793422,355.2779,8.827962,359.8622,0,3,False
1,Center_Head_Far,259,9.199997,-0.0005837763,1.518915,-0.02802352,-0.006286837,1.204181,-0.003574232,0.549669,-0.1484809,-0.05235238,-0.8204125,0.10646,1.011445,0.1353681,0.07541151,0.1380397,-0.0269234,0.9871846,MathCanvas,0.5925343,1.502761,3.382231,-0.0002163872,1.518999,-0.02793422,0.1529472,0.08232357,0.9847994,0.03096574,1.518815,-0.03283663,0.1505767,0.08002348,0.9853542,-0.03213329,1.519015,-0.02321041,0.1505767,0.08002348,0.9853542,-0.0005837763,1.518915,-0.02802352,355.4101,8.688427,359.8199,0,3,False
1,Center_Head_Far,260,9.219996,-0.00120401,1.518645,-0.02822537,-0.005542282,1.203809,-0.003613194,0.5469402,-0.1567566,-0.05049836,-0.8208128,0.1061108,1.011229,0.1353444,0.07499495,0.1375009,-0.02382955,0.987371,MathCanvas,0.5925343,1.502761,3.382231,-0.0005837763,1.518915,-0.02802352,0.1505767,0.0800233,0.9853542,0.03035932,1.51852,-0.03294641,0.1477793,0.07820353,0.9859236,-0.03276734,1.518771,-0.02350434,0.1477793,0.07820353,0.9859236,-0.00120401,1.518645,-0.02822537,355.5147,8.524556,359.7737,0,3,False
1,Center_Head_Far,261,9.239997,-0.001961857,1.518541,-0.02833926,-0.004790817,1.203394,-0.003097321,0.5415314,-0.1634533,-0.04634558,-0.823334,0.1059308,1.011389,0.1354773,0.07609662,0.1368394,-0.02401618,0.9873741,MathCanvas,0.5925343,1.502761,3.382231,-0.001642831,1.51858,-0.02830608,0.1450266,0.07624546,0.9864857,0.0296222,1.518378,-0.0329184,0.1434538,0.07553332,0.9867703,-0.03354592,1.518704,-0.02376012,0.1434538,0.07553332,0.9867703,-0.001961857,1.518541,-0.02833926,355.6681,8.271545,359.707,0,3,False
1,Center_Head_Far,262,9.259996,-0.002199799,1.518601,-0.02836773,-0.004781816,1.203164,-0.003540878,0.5435884,-0.163952,-0.04589403,-0.8219033,0.1058889,1.011464,0.1355421,0.07624349,0.1368359,-0.02409427,0.9873613,MathCanvas,0.5925343,1.502761,3.382231,-0.001961857,1.518541,-0.02833926,0.1434538,0.07553369,0.9867703,0.02938752,1.518467,-0.03292529,0.1427113,0.07553881,0.9868776,-0.03378712,1.518735,-0.02381017,0.1427113,0.07553881,0.9868776,-0.002199799,1.518601,-0.02836773,355.6678,8.228441,359.7589,0,3,False
1,Center_Head_Far,263,9.279997,-0.002779666,1.518453,-0.02852057,-0.00540171,1.202839,-0.004586657,0.5501342,-0.1618357,-0.04732496,-0.8178765,0.105663,1.011554,0.1356913,0.07673449,0.1362006,-0.02326181,0.9874311,MathCanvas,0.5925343,1.502761,3.382231,-0.002502794,1.518567,-0.02841764,0.1435819,0.07551609,0.986753,0.02879626,1.51838,-0.03315772,0.1450624,0.07487187,0.9865856,-0.0343556,1.518527,-0.02388342,0.1450624,0.07487187,0.9865856,-0.002779666,1.518453,-0.02852057,355.7061,8.364538,359.8669,0,3,False
1,Center_Head_Far,264,9.299996,-0.003016246,1.51831,-0.02856657,-0.006531913,1.203899,-0.004441925,0.5524256,-0.1614446,-0.04860332,-0.8163329,0.1055555,1.01163,0.1357562,0.07691073,0.1357635,-0.02350333,0.9874718,MathCanvas,0.5925343,1.502761,3.382231,-0.002779666,1.518453,-0.02852057,0.1450624,0.07487181,0.9865856,0.02855084,1.518267,-0.03326395,0.1468866,0.07335626,0.9864295,-0.03458333,1.518353,-0.0238692,0.1468866,0.07335626,0.9864295,-0.003016246,1.51831,-0.02856657,355.7932,8.46953,359.9227,0,3,False
1,Center_Head_Far,265,9.319997,-0.003588621,1.518258,-0.0286419,-0.007494347,1.204744,-0.004088208,0.5531574,-0.1607801,-0.04922919,-0.8159309,0.1050684,1.011858,0.1358437,0.07645646,0.1341083,-0.02216842,0.9877641,MathCanvas,0.5925343,1.502761,3.382231,-0.003280304,1.518308,-0.0286144,0.1488887,0.07269861,0.986178,0.02795865,1.518278,-0.03347066,0.150846,0.07364668,0.9858102,-0.0351359,1.518238,-0.02381314,0.150846,0.07364668,0.9858102,-0.003588621,1.518258,-0.0286419,355.7765,8.69976,0.03573844,0,3,False
1,Center_Head_Far,266,9.339996,-0.003823626,1.518367,-0.02865121,-0.007588921,1.204646,-0.003989691,0.552613,-0.1607106,-0.04947344,-0.8162987,0.1048656,1.011915,0.1358354,0.07611249,0.1332701,-0.02133607,0.9879225,MathCanvas,0.5925343,1.502761,3.382231,-0.003588621,1.518258,-0.0286419,0.1508459,0.07364689,0.9858102,0.02771556,1.518407,-0.03353241,0.1524324,0.07419963,0.9855247,-0.03536281,1.518327,-0.02377,0.1524324,0.07419963,0.9855247,-0.003823626,1.518367,-0.02865121,355.7448,8.792339,0.07161945,0,3,False
1,Center_Head_Far,267,9.359997,-0.004366926,1.518433,-0.02867056,-0.00855745,1.20487,-0.003794532,0.5535564,-0.158951,-0.05093145,-0.8159142,0.1047929,1.011841,0.1357513,0.0764049,0.1332649,-0.02088291,0.9879103,MathCanvas,0.5925343,1.502761,3.382231,-0.004081999,1.518473,-0.02865232,0.153479,0.07464595,0.9853284,0.02716015,1.518507,-0.03362901,0.1547659,0.07442366,0.985144,-0.035894,1.51836,-0.02371211,0.1547659,0.07442366,0.985144,-0.004366926,1.518433,-0.02867056,355.7319,8.928185,0.1322686,0,3,False
1,Center_Head_Far,268,9.379996,-0.004720689,1.51821,-0.0286971,-0.009378714,1.205039,-0.00352184,0.5541034,-0.1571536,-0.05243314,-0.815796,0.1047547,1.011763,0.1356777,0.07659409,0.1334122,-0.02049295,0.9878839,MathCanvas,0.5925343,1.502761,3.382231,-0.004366926,1.518433,-0.02867056,0.154766,0.07442341,0.985144,0.02680142,1.518282,-0.03368701,0.1557677,0.07322691,0.9850758,-0.0362428,1.518137,-0.0237072,0.1557677,0.07322691,0.9850758,-0.004720689,1.51821,-0.0286971,355.8007,8.985646,0.1305458,0,3,False
1,Center_Head_Far,269,9.399997,-0.005091768,1.518099,-0.02868228,-0.009827045,1.204798,-0.003354929,0.5541589,-0.1552518,-0.05353504,-0.8160508,0.1047342,1.01166,0.1355746,0.076789,0.1334552,-0.02009731,0.9878711,MathCanvas,0.5925343,1.502761,3.382231,-0.004720689,1.51821,-0.0286971,0.1557677,0.07322697,0.9850758,0.02642495,1.518181,-0.03370601,0.1568204,0.07210297,0.9849917,-0.03660849,1.518018,-0.02365856,0.1568204,0.07210297,0.9849917,-0.005091768,1.518099,-0.02868228,355.8652,9.04613,0.1463474,0,3,False
1,Center_Head_Far,270,9.419996,-0.00572049,1.517941,-0.02862163,-0.01041341,1.204741,-0.002824948,0.552501,-0.1529476,-0.05456512,-0.8175405,0.1046868,1.011384,0.1353178,0.07777482,0.1332737,-0.01879999,0.987844,MathCanvas,0.5925343,1.502761,3.382231,-0.005379316,1.518023,-0.02866235,0.1572214,0.0712542,0.9849895,0.0257913,1.518035,-0.03367593,0.1577704,0.07043174,0.9849609,-0.03723228,1.517846,-0.02356734,0.1577704,0.07043174,0.9849609,-0.00572049,1.517941,-0.02862163,355.9612,9.100296,0.170031,0,3,False
1,Center_Head_Far,271,9.439997,-0.006065867,1.517854,-0.02852448,-0.01072085,1.204844,-0.002564201,0.5519981,-0.1518793,-0.05493417,-0.8180545,0.1046978,1.011351,0.135244,0.07789218,0.1335426,-0.01855434,0.9878031,MathCanvas,0.5925343,1.502761,3.382231,-0.00572049,1.517941,-0.02862163,0.1577704,0.07043183,0.9849609,0.02544465,1.517978,-0.03358608,0.1579455,0.06979016,0.9849784,-0.03757638,1.517731,-0.02346287,0.1579455,0.06979016,0.9849784,-0.006065867,1.517854,-0.02852448,355.9981,9.110068,0.2223917,0,3,False
1,Center_Head_Far,272,9.459996,-0.006761145,1.51765,-0.02836496,-0.01139438,1.204771,-0.002132204,0.5517336,-0.1494659,-0.05578623,-0.8186196,0.1048187,1.011185,0.1351064,0.07855717,0.1340612,-0.01776643,0.9876947,MathCanvas,0.5925343,1.502761,3.382231,-0.006402712,1.517718,-0.02844012,0.1580541,0.06972308,0.9849658,0.02475074,1.517841,-0.03341597,0.1574814,0.06916036,0.9850972,-0.03827303,1.51746,-0.02331395,0.1574814,0.06916036,0.9850972,-0.006761145,1.51765,-0.02836496,356.0342,9.082672,0.34348,0,3,False
1,Center_Head_Far,273,9.479997,-0.007180677,1.517561,-0.02831081,-0.0116344,1.204633,-0.002048429,0.5518325,-0.1488032,-0.05598295,-0.8186602,0.1049002,1.011096,0.1350758,0.07888651,0.1343111,-0.01755427,0.9876382,MathCanvas,0.5925343,1.502761,3.382231,-0.006761145,1.51765,-0.02836496,0.1574815,0.06916034,0.9850972,0.02433186,1.517792,-0.03335605,0.157231,0.06835825,0.9851932,-0.03869321,1.51733,-0.02326556,0.157231,0.06835825,0.9851932,-0.007180677,1.517561,-0.02831081,356.0803,9.067596,0.4156907,0,3,False
1,Center_Head_Far,274,9.499996,-0.007859081,1.517212,-0.02805475,-0.01205061,1.204737,-0.001997034,0.5516207,-0.1471931,-0.05656639,-0.8190538,0.1049779,1.011171,0.134941,0.07911269,0.1350534,-0.01745056,0.9875208,MathCanvas,0.5925343,1.502761,3.382231,-0.007520209,1.517368,-0.02818436,0.1566798,0.06760379,0.985333,0.0236602,1.517502,-0.03305463,0.1557125,0.06724539,0.9855109,-0.03937836,1.516922,-0.02305486,0.1557125,0.06724539,0.9855109,-0.007859081,1.517212,-0.02805475,356.1442,8.978612,0.5215692,0,3,False
1,Center_Head_Far,275,9.519997,-0.008258895,1.517143,-0.02796007,-0.01216675,1.204731,-0.001973275,0.5515997,-0.1470907,-0.05663308,-0.8190817,0.1049901,1.011194,0.1348877,0.07917798,0.1351867,-0.01731686,0.9874997,MathCanvas,0.5925343,1.502761,3.382231,-0.007859081,1.517212,-0.02805475,0.1557125,0.06724509,0.9855109,0.02326498,1.517467,-0.03292879,0.1546842,0.06649265,0.9857239,-0.03978277,1.51682,-0.02299136,0.1546842,0.06649265,0.9857239,-0.008258895,1.517143,-0.02796007,356.1874,8.918377,0.58287,0,3,False
1,Center_Head_Far,276,9.539996,-0.009008334,1.516913,-0.02785409,-0.0125361,1.204466,-0.00185525,0.5513452,-0.1463593,-0.05686283,-0.8193681,0.105043,1.011133,0.1347818,0.07936914,0.1354781,-0.01684741,0.9874525,MathCanvas,0.5925343,1.502761,3.382231,-0.008647806,1.517017,-0.02790269,0.1534564,0.06576015,0.9859649,0.02252728,1.517297,-0.03274338,0.1521054,0.06534178,0.986202,-0.04054395,1.516529,-0.0229648,0.1521054,0.06534178,0.986202,-0.009008334,1.516913,-0.02785409,356.2535,8.767839,0.6908379,0,3,False
1,Center_Head_Far,277,9.559997,-0.009374756,1.516857,-0.02774379,-0.01255236,1.204544,-0.001865713,0.551018,-0.1461624,-0.05688765,-0.8196216,0.1050807,1.011115,0.1347057,0.07938728,0.1355527,-0.01671956,0.987443,MathCanvas,0.5925343,1.502761,3.382231,-0.009008334,1.516913,-0.02785409,0.1521054,0.06534193,0.986202,0.02216798,1.517277,-0.03258389,0.1505162,0.06440996,0.9865071,-0.04091749,1.516436,-0.02290369,0.1505162,0.06440996,0.9865071,-0.009374756,1.516857,-0.02774379,356.307,8.674995,0.7569441,0,3,False
1,Center_Head_Far,278,9.579997,-0.009691439,1.516754,-0.02762821,-0.01258859,1.204635,-0.001901696,0.5507401,-0.1457323,-0.05698555,-0.8198781,0.1051207,1.0111,0.1346091,0.07946101,0.135604,-0.01649994,0.9874337,MathCanvas,0.5925343,1.502761,3.382231,-0.009374756,1.516857,-0.02774379,0.1505162,0.06440976,0.9865071,0.02185822,1.517218,-0.03241901,0.1489012,0.06398277,0.9867799,-0.04124109,1.51629,-0.02283741,0.1489012,0.06398277,0.9867799,-0.009691439,1.516754,-0.02762821,356.3315,8.580968,0.8346722,0,3,False
1,Center_Head_Far,279,9.599997,-0.0102972,1.516624,-0.02749297,-0.01279356,1.204485,-0.001957004,0.5508396,-0.1454312,-0.05718978,-0.8198505,0.1051432,1.011127,0.1345508,0.07950626,0.1356966,-0.0161723,0.9874228,MathCanvas,0.5925343,1.502761,3.382231,-0.01002296,1.516649,-0.02753388,0.1474607,0.06383397,0.9870058,0.02126535,1.517126,-0.03219426,0.146047,0.06329936,0.9872504,-0.04185974,1.516123,-0.02279168,0.146047,0.06329936,0.9872504,-0.0102972,1.516624,-0.02749297,356.3708,8.414909,0.9020433,0,3,False
1,Center_Head_Far,280,9.619997,-0.01054509,1.51652,-0.02748284,-0.01282247,1.204536,-0.002000374,0.5508105,-0.1455355,-0.05731191,-0.8198431,0.1051892,1.011156,0.1345556,0.07952008,0.1358277,-0.01613352,0.9874042,MathCanvas,0.5925343,1.502761,3.382231,-0.0102972,1.516624,-0.02749297,0.146047,0.06329957,0.9872504,0.02102283,1.517037,-0.0321461,0.144829,0.06322382,0.9874347,-0.04211302,1.516002,-0.02281957,0.144829,0.06322382,0.9874347,-0.01054509,1.51652,-0.02748284,356.3751,8.344189,0.9309798,0,3,False
1,Center_Head_Far,281,9.639997,-0.0109944,1.516374,-0.02734926,-0.01271695,1.205037,-0.002165156,0.5507464,-0.145698,-0.05749575,-0.8198444,0.1054582,1.011208,0.134666,0.07954473,0.1364044,-0.01639183,0.9873185,MathCanvas,0.5925343,1.502761,3.382231,-0.01078251,1.516449,-0.02740782,0.1435672,0.0626438,0.9876559,0.02058547,1.516933,-0.03192597,0.14207,0.06218396,0.9879014,-0.04257428,1.515815,-0.02277254,0.14207,0.06218396,0.9879014,-0.0109944,1.516374,-0.02734926,356.4348,8.18359,1.006328,0,3,False
1,Center_Head_Far,282,9.659997,-0.01128644,1.516316,-0.02729632,-0.01293106,1.204886,-0.002156187,0.5509157,-0.1457217,-0.05758631,-0.81972,0.1055266,1.011255,0.1347367,0.07944635,0.1366685,-0.01640696,0.9872897,MathCanvas,0.5925343,1.502761,3.382231,-0.0109944,1.516374,-0.02734926,0.1420699,0.06218407,0.9879014,0.02029923,1.516884,-0.03183181,0.1407723,0.06188636,0.9881059,-0.04287211,1.515748,-0.02276083,0.1407723,0.06188636,0.9881059,-0.01128644,1.516316,-0.02729632,356.4519,8.108184,1.021829,0,3,False
1,Center_Head_Far,283,9.679996,-0.0115767,1.516297,-0.02732717,-0.01324272,1.204694,-0.00220256,0.5513202,-0.145942,-0.05768878,-0.8194016,0.1056205,1.011357,0.1348647,0.0791511,0.1371333,-0.01627426,0.9872511,MathCanvas,0.5925343,1.502761,3.382231,-0.01143202,1.516312,-0.02731228,0.1394784,0.0619128,0.9882877,0.02002073,1.516865,-0.03177992,0.1381853,0.06182471,0.9884748,-0.04317414,1.515728,-0.02287442,0.1381853,0.06182471,0.9884748,-0.0115767,1.516297,-0.02732717,356.4554,7.958173,1.022217,0,3,False
1,Center_Head_Far,284,9.699997,-0.0116762,1.516245,-0.02731666,-0.01309163,1.204922,-0.002318229,0.5514166,-0.145844,-0.05763873,-0.8193578,0.1057013,1.011375,0.1349012,0.07904933,0.1372949,-0.01631885,0.9872361,MathCanvas,0.5925343,1.502761,3.382231,-0.0115767,1.516297,-0.02732717,0.1381853,0.06182475,0.9884748,0.01992606,1.516801,-0.03173663,0.1372041,0.06099639,0.988663,-0.04327846,1.515689,-0.0228967,0.1372041,0.06099639,0.988663,-0.0116762,1.516245,-0.02731666,356.503,7.900896,0.9995352,0,3,False
1,Center_Head_Far,285,9.719996,-0.01174996,1.516158,-0.02728243,-0.01295349,1.20515,-0.002421803,0.5514224,-0.1459695,-0.05765014,-0.8193307,0.1057524,1.011371,0.1349221,0.0790486,0.1373829,-0.01637027,0.987223,MathCanvas,0.5925343,1.502761,3.382231,-0.0116762,1.516245,-0.02731666,0.1372041,0.06099662,0.988663,0.01985693,1.516711,-0.03166946,0.1361822,0.06081452,0.9888154,-0.04335685,1.515604,-0.02289541,0.1361822,0.06081452,0.9888154,-0.01174996,1.516158,-0.02728243,356.5134,7.841592,0.9955651,0,3,False
1,Center_Head_Far,286,9.739997,-0.01179207,1.516035,-0.02734979,-0.01324531,1.204945,-0.002299765,0.5511836,-0.1456581,-0.05762305,-0.8195486,0.1056909,1.011382,0.1349747,0.07900808,0.1373998,-0.01645633,0.9872225,MathCanvas,0.5925343,1.502761,3.382231,-0.01177699,1.516083,-0.02728982,0.1352511,0.06011513,0.988986,0.01982136,1.516598,-0.03168822,0.1346733,0.0596957,0.9890903,-0.0434055,1.515472,-0.02301136,0.1346733,0.0596957,0.9890903,-0.01179207,1.516035,-0.02734979,356.5777,7.753643,1.012726,0,3,False
1,Center_Head_Far,287,9.759996,-0.01179008,1.515976,-0.02735496,-0.0131855,1.205234,-0.002430926,0.5511975,-0.145367,-0.05755663,-0.8195956,0.1056259,1.011368,0.1350025,0.07895717,0.1372216,-0.01648195,0.9872509,MathCanvas,0.5925343,1.502761,3.382231,-0.01179207,1.516035,-0.02734979,0.1346733,0.05969533,0.9890903,0.01982631,1.516542,-0.03167139,0.1339911,0.05928363,0.9892077,-0.04340648,1.515411,-0.02303853,0.1339911,0.05928363,0.9892077,-0.01179008,1.515976,-0.02735496,356.6013,7.713935,1.017311,0,3,False
1,Center_Head_Far,288,9.779997,-0.0117202,1.515946,-0.02736001,-0.01306845,1.205781,-0.002771549,0.5514306,-0.1449595,-0.05746556,-0.8195174,0.105456,1.011349,0.1350126,0.07872594,0.136856,-0.01649632,0.9873199,MathCanvas,0.5925343,1.502761,3.382231,-0.01177624,1.515945,-0.02734918,0.1334112,0.05907319,0.9892986,0.01990012,1.516487,-0.0316507,0.1332351,0.05898538,0.9893276,-0.04334051,1.515404,-0.02306932,0.1332351,0.05898538,0.9893276,-0.0117202,1.515946,-0.02736001,356.6184,7.670012,0.9744816,0,3,False
1,Center_Head_Far,289,9.799996,-0.01159886,1.515969,-0.02741922,-0.01317094,1.205703,-0.0027941,0.5514255,-0.1449279,-0.05739669,-0.8195312,0.10536,1.011355,0.1349934,0.0786523,0.1367384,-0.0165024,0.9873419,MathCanvas,0.5925343,1.502761,3.382231,-0.0117202,1.515946,-0.02736001,0.1332351,0.05898513,0.9893276,0.02002223,1.516503,-0.03170523,0.1331002,0.05909341,0.9893394,-0.04321994,1.515435,-0.02313321,0.1331002,0.05909341,0.9893394,-0.01159886,1.515969,-0.02741922,356.6122,7.662248,0.9600814,0,3,False
1,Center_Head_Far,290,9.819997,-0.01132698,1.51578,-0.02755069,-0.01322413,1.205804,-0.002927247,0.5511009,-0.1451712,-0.05709092,-0.819728,0.1052301,1.011321,0.134974,0.07857699,0.1365248,-0.01661835,0.9873756,MathCanvas,0.5925343,1.502761,3.382231,-0.0114529,1.515922,-0.02750005,0.1332222,0.05907701,0.9893239,0.02029411,1.516277,-0.03184111,0.1333228,0.05828374,0.9893574,-0.04294807,1.515284,-0.02326027,0.1333228,0.05828374,0.9893574,-0.01132698,1.51578,-0.02755069,356.6587,7.674772,0.8930854,0,3,False
1,Center_Head_Far,291,9.839996,-0.011181,1.515573,-0.02760981,-0.01311124,1.206083,-0.003070418,0.5509755,-0.1453695,-0.05693988,-0.8197876,0.1051924,1.011286,0.1349744,0.07853571,0.1364179,-0.01687835,0.9873892,MathCanvas,0.5925343,1.502761,3.382231,-0.01132698,1.51578,-0.02755069,0.1333228,0.05828396,0.9893574,0.02043875,1.516048,-0.03191246,0.1337708,0.05706487,0.989368,-0.04280076,1.515098,-0.02330715,0.1337708,0.05706487,0.989368,-0.011181,1.515573,-0.02760981,356.7286,7.700169,0.8543737,0,3,False
1,Center_Head_Far,292,9.859997,-0.01079435,1.51527,-0.02785929,-0.01315068,1.206177,-0.003298094,0.5509244,-0.145803,-0.05662086,-0.8197671,0.1051397,1.011301,0.1349398,0.07834572,0.136578,-0.01750367,0.9873713,MathCanvas,0.5925343,1.502761,3.382231,-0.01101133,1.515419,-0.02770513,0.1339189,0.05565324,0.9894283,0.02082357,1.51569,-0.03218116,0.1345145,0.05470673,0.9894003,-0.04241227,1.51485,-0.02353742,0.1345145,0.05470673,0.9894003,-0.01079435,1.51527,-0.02785929,356.864,7.742212,0.7556023,0,3,False
1,Center_Head_Far,293,9.879996,-0.0105588,1.515158,-0.02801929,-0.01317974,1.206195,-0.003432771,0.5508477,-0.1461632,-0.05640501,-0.8197693,0.1051179,1.011328,0.1349287,0.07818371,0.1367723,-0.01787464,0.9873506,MathCanvas,0.5925343,1.502761,3.382231,-0.01079435,1.51527,-0.02785929,0.1345145,0.05470673,0.9894003,0.02105775,1.515545,-0.03235425,0.1349876,0.05426934,0.98936,-0.04217536,1.514772,-0.02368433,0.1349876,0.05426934,0.98936,-0.0105588,1.515158,-0.02801929,356.8891,7.769423,0.6953765,0,3,False
1,Center_Head_Far,294,9.899997,-0.01031134,1.515023,-0.02810693,-0.01312741,1.206297,-0.003507135,0.550703,-0.1463251,-0.05628621,-0.8198457,0.1051086,1.011348,0.1349356,0.07786274,0.1369819,-0.01823872,0.9873402,MathCanvas,0.5925343,1.502761,3.382231,-0.0105588,1.515158,-0.02801929,0.1349876,0.05426917,0.98936,0.02130253,1.515373,-0.0324645,0.1357629,0.05386946,0.9892758,-0.04192521,1.514674,-0.02374936,0.1357629,0.05386946,0.9892758,-0.01031134,1.515023,-0.02810693,356.912,7.814158,0.6289452,0,3,False
1,Center_Head_Far,295,9.919996,-0.009689126,1.514798,-0.02839139,-0.01301365,1.206562,-0.003703705,0.5504507,-0.1466011,-0.05591545,-0.8199912,0.1050878,1.011465,0.1349213,0.07712347,0.137225,-0.018548,0.9873587,MathCanvas,0.5925343,1.502761,3.382231,-0.01004069,1.514907,-0.02819446,0.1363205,0.05264072,0.9892652,0.02191968,1.515079,-0.03279058,0.1372075,0.05205499,0.9891736,-0.04129793,1.514518,-0.02399221,0.1372075,0.05205499,0.9891736,-0.009689126,1.514798,-0.02839139,357.0161,7.897065,0.5040125,0,3,False
1,Center_Head_Far,296,9.939997,-0.009455096,1.514851,-0.02852247,-0.01319795,1.206501,-0.003827861,0.5506862,-0.1459694,-0.0556161,-0.8199662,0.1050641,1.011598,0.1348854,0.07663473,0.1372883,-0.01884196,0.9873824,MathCanvas,0.5925343,1.502761,3.382231,-0.009689126,1.514798,-0.02839139,0.1372075,0.05205501,0.9891736,0.02214954,1.515109,-0.03295287,0.1382247,0.05177729,0.9890465,-0.04105973,1.514594,-0.02409207,0.1382247,0.05177729,0.9890465,-0.009455096,1.514851,-0.02852247,357.032,7.955869,0.4629937,0,3,False
1,Center_Head_Far,297,9.959996,-0.008855376,1.514825,-0.02884299,-0.01309881,1.206596,-0.003974652,0.5507575,-0.1466877,-0.05533353,-0.8198092,0.1050567,1.011671,0.1349048,0.07617387,0.1374636,-0.01938061,0.9873832,MathCanvas,0.5925343,1.502761,3.382231,-0.009107344,1.514814,-0.0286907,0.1389133,0.05238406,0.9889181,0.02274264,1.515016,-0.03332371,0.1398933,0.05258343,0.9887694,-0.04045339,1.514634,-0.02436228,0.1398933,0.05258343,0.9887694,-0.008855376,1.514825,-0.02884299,356.9858,8.052885,0.3434448,0,3,False
1,Center_Head_Far,298,9.979997,-0.008581215,1.514747,-0.02902652,-0.01298322,1.206695,-0.004054088,0.550713,-0.1468449,-0.0552191,-0.8198186,0.1050475,1.011631,0.1349446,0.07610831,0.1374363,-0.01954275,0.9873889,MathCanvas,0.5925343,1.502761,3.382231,-0.008855376,1.514825,-0.02884299,0.1398933,0.05258311,0.9887694,0.02301148,1.514897,-0.03354613,0.1411775,0.05253385,0.9885895,-0.04017391,1.514598,-0.0245069,0.1411775,0.05253385,0.9885895,-0.008581215,1.514747,-0.02902652,356.9886,8.127287,0.269137,0,3,False
1,Center_Head_Far,299,9.999996,-0.008076627,1.5146,-0.02941227,-0.0130268,1.20666,-0.004177257,0.5504911,-0.1470485,-0.05494263,-0.8199498,0.1050266,1.011638,0.1349606,0.07601938,0.1375215,-0.01988517,0.987377,MathCanvas,0.5925343,1.502761,3.382231,-0.008332387,1.51468,-0.02921013,0.1423439,0.05242311,0.9884281,0.02350495,1.514693,-0.03401044,0.1437373,0.0515458,0.9882725,-0.0396582,1.514507,-0.0248141,0.1437373,0.0515458,0.9882725,-0.008076627,1.5146,-0.02941227,357.0453,8.275244,0.167221,0,3,False
1,Center_Head_Far,300,10.02,-0.007792923,1.514532,-0.029598,-0.01297676,1.206688,-0.004240108,0.550438,-0.147073,-0.05489039,-0.8199846,0.1050093,1.011653,0.1349505,0.07599143,0.1376102,-0.01993948,0.9873658,MathCanvas,0.5925343,1.502761,3.382231,-0.008076627,1.5146,-0.02941227,0.1437373,0.05154548,0.9882725,0.02378439,1.514608,-0.03422571,0.1446934,0.0510462,0.9881589,-0.03937023,1.514455,-0.02497028,0.1446934,0.0510462,0.9881589,-0.007792923,1.514532,-0.029598,357.074,8.330462,0.1370666,0,3,False
1,Center_Head_Far,301,10.04,-0.007520712,1.514455,-0.02971231,-0.01287753,1.206755,-0.004323775,0.5503685,-0.1470823,-0.05480891,-0.820035,0.1049885,1.011698,0.1349002,0.07590887,0.1378987,-0.02024908,0.9873255,MathCanvas,0.5925343,1.502761,3.382231,-0.007792923,1.514532,-0.029598,0.1446934,0.05104594,0.9881589,0.024051,1.514495,-0.03437849,0.145958,0.0505065,0.9880007,-0.03909242,1.514414,-0.02504612,0.145958,0.0505065,0.9880007,-0.007520712,1.514455,-0.02971231,357.1049,8.403559,0.07303024,0,3,False
1,Center_Head_Far,302,10.06,-0.0070507,1.514365,-0.02992565,-0.01280519,1.206799,-0.004389307,0.5498727,-0.1474704,-0.05470611,-0.8203048,0.104983,1.011808,0.1347517,0.07548795,0.1381813,-0.02064393,0.9873102,MathCanvas,0.5925343,1.502761,3.382231,-0.007245372,1.514408,-0.02979766,0.147018,0.05014492,0.9878619,0.02451155,1.51436,-0.03465555,0.1480252,0.05019558,0.9877089,-0.03861295,1.51437,-0.02519575,0.1480252,0.05019558,0.9877089,-0.0070507,1.514365,-0.02992565,357.1228,8.523326,359.9913,0,3,False
1,Center_Head_Far,303,10.08,-0.006846908,1.514328,-0.03007565,-0.01283152,1.206751,-0.004462212,0.5496803,-0.1480397,-0.05466969,-0.8203335,0.1049828,1.011872,0.1346505,0.07524872,0.138153,-0.02071618,0.9873309,MathCanvas,0.5925343,1.502761,3.382231,-0.0070507,1.514365,-0.02992565,0.1480252,0.0501954,0.9877089,0.02471026,1.514298,-0.03483929,0.1491221,0.05013247,0.9875471,-0.03840407,1.514359,-0.02531201,0.1491221,0.05013247,0.9875471,-0.006846908,1.514328,-0.03007565,357.1264,8.586935,359.9444,0,3,False
1,Center_Head_Far,304,10.1,-0.00657186,1.514069,-0.03026036,-0.01269249,1.206683,-0.004987498,0.5502958,-0.1492742,-0.05483193,-0.8196861,0.1050253,1.011976,0.1345017,0.07471315,0.1384996,-0.02098979,0.9873172,MathCanvas,0.5925343,1.502761,3.382231,-0.006636585,1.514242,-0.03020794,0.1498866,0.05015397,0.9874303,0.02497713,1.514005,-0.0350775,0.150849,0.05006602,0.9872882,-0.03812085,1.514134,-0.02544322,0.150849,0.05006602,0.9872882,-0.00657186,1.514069,-0.03026036,357.1302,8.687108,359.8841,0,3,False
1,Center_Head_Far,305,10.12,-0.006493736,1.51391,-0.03034711,-0.01266603,1.206642,-0.005204873,0.5504927,-0.149305,-0.05480643,-0.8195499,0.1050665,1.012031,0.134414,0.07452747,0.1386803,-0.02112255,0.987303,MathCanvas,0.5925343,1.502761,3.382231,-0.00657186,1.514069,-0.03026036,0.150849,0.05006634,0.9872882,0.02505189,1.51383,-0.035186,0.1515566,0.04936114,0.9872153,-0.03803936,1.513989,-0.02550821,0.1515566,0.04936114,0.9872153,-0.006493736,1.51391,-0.03034711,357.1707,8.727864,359.8575,0,3,False
1,Center_Head_Far,306,10.14,-0.006322074,1.51368,-0.03065199,-0.01287626,1.206405,-0.00587141,0.5520446,-0.1500065,-0.05572337,-0.8183152,0.1052237,1.012177,0.1341598,0.07395951,0.1392992,-0.02119959,0.9872569,MathCanvas,0.5925343,1.502761,3.382231,-0.006405108,1.513801,-0.03049831,0.1523501,0.04841372,0.9871401,0.02521474,1.51357,-0.03554742,0.1533814,0.04760503,0.9870197,-0.03785888,1.513791,-0.02575657,0.1533814,0.04760503,0.9870197,-0.006322074,1.51368,-0.03065199,357.2714,8.833026,359.8008,0,3,False
1,Center_Head_Far,307,10.16,-0.006168395,1.513581,-0.03076562,-0.0130674,1.206224,-0.006847402,0.5555454,-0.1511968,-0.05781233,-0.8155774,0.1052516,1.012179,0.1340588,0.07377955,0.1395677,-0.02127497,0.9872309,MathCanvas,0.5925343,1.502761,3.382231,-0.006322074,1.51368,-0.03065199,0.1533813,0.04760546,0.9870197,0.02536608,1.513467,-0.03567595,0.1538556,0.04697867,0.9869759,-0.03770287,1.513695,-0.02585528,0.1538556,0.04697867,0.9869759,-0.006168395,1.513581,-0.03076562,357.3073,8.860294,359.7944,0,3,False
1,Center_Head_Far,308,10.18,-0.005957682,1.513504,-0.0309772,-0.01287465,1.204998,-0.008664321,0.5576932,-0.1696735,-0.05961619,-0.8103302,0.1052987,1.012163,0.1338917,0.07360703,0.1398774,-0.0213037,0.9871993,MathCanvas,0.5925343,1.502761,3.382231,-0.006034438,1.513522,-0.03086923,0.1544404,0.04666238,0.9868996,0.02557039,1.513369,-0.03592801,0.1551546,0.04646578,0.9867968,-0.03748575,1.513639,-0.02602638,0.1551546,0.04646578,0.9867968,-0.005957682,1.513504,-0.0309772,357.3368,8.935494,359.7573,0,3,False
1,Center_Head_Far,309,10.2,-0.005939893,1.513472,-0.03111823,-0.01340772,1.204922,-0.009210068,0.5588368,-0.1597582,-0.05754508,-0.8117064,0.1054199,1.012203,0.1337377,0.07342264,0.1401389,-0.0213697,0.9871745,MathCanvas,0.5925343,1.502761,3.382231,-0.005957682,1.513504,-0.0309772,0.1551546,0.04646566,0.9867969,0.02558627,1.513341,-0.0360813,0.1555323,0.04633494,0.9867435,-0.03746605,1.513603,-0.02615516,0.1555323,0.04633494,0.9867435,-0.005939893,1.513472,-0.03111823,357.3442,8.957366,359.7649,0,3,False
