UID,Condition,Index,Time,Player_X,Player_Y,Player_Z,Left_X,Left_Y,Left_Z,LeftRot_X,LeftRot_Y,LeftRot_Z,LeftRot_W,Right_X,Right_Y,Right_Z,RightRot_X,RightRot_Y,RightRot_Z,RightRot_W,GazeObject,GP_X,GP_Y,GP_Z,GO_X,GO_Y,GO_Z,GZ_X,GZ_Y,GZ_Z,RE_X,RE_Y,RE_Z,RED_X,RED_Y,RED_Z,LE_X,LE_Y,LE_Z,LED_X,LED_Y,LED_Z,H_X,H_Y,H_Z,HR_X,HR_Y,HR_Z,Blinking,BlinkCount,EventTriggered
1,Right_Head_Close,0,23.85999,0.1173323,1.522335,-0.2054357,0.1159321,1.207533,-0.1809819,-0.3570184,0.5272283,0.3649502,0.6792493,0.3013684,1.091865,-0.2034096,-0.03848783,0.5993574,-0.1127846,0.7915612,MathCanvas,3.47431,1.298686,0.2801682,0.1175397,1.522461,-0.2054122,0.9408457,-0.0794279,0.3293945,0.1317665,1.522746,-0.2354221,0.9314916,-0.08116846,0.3545916,0.1028982,1.521925,-0.1754493,0.9493569,-0.08001964,0.3038394,0.1173323,1.522335,-0.2054357,359.5079,64.28978,0.7062079,0,5,False
1,Right_Head_Close,1,23.87999,0.1171286,1.522261,-0.2054177,0.1158193,1.207524,-0.1809795,-0.357208,0.5270642,0.364962,0.6792706,0.3010207,1.092031,-0.2024782,-0.0352006,0.5940719,-0.1120165,0.7957964,MathCanvas,3.47431,1.298686,0.2801682,0.1173323,1.522335,-0.2054357,0.920654,-0.1313162,0.3676307,0.1315722,1.522669,-0.2353996,0.9101015,-0.1318766,0.3928408,0.102685,1.521853,-0.1754359,0.9302886,-0.1307403,0.3427395,0.1171286,1.522261,-0.2054177,359.5071,64.2718,0.7024888,0,5,False
1,Right_Head_Close,2,23.89999,0.1169351,1.522189,-0.2054112,0.1158193,1.207524,-0.1809795,-0.357208,0.5270642,0.364962,0.6792706,0.3008097,1.092117,-0.2023434,-0.03587437,0.592178,-0.1129871,0.7970397,MathCanvas,3.47431,1.298686,0.2801682,0.1171286,1.522261,-0.2054177,0.920536,-0.1313085,0.3679286,0.1313863,1.522596,-0.2353895,0.9099532,-0.1322896,0.3930451,0.1024839,1.521782,-0.175433,0.930153,-0.1311532,0.3429492,0.1169351,1.522189,-0.2054112,359.531,64.25764,0.7009881,0,5,False
1,Right_Head_Close,3,23.91999,0.1165728,1.522514,-0.205411,0.1156712,1.207514,-0.180935,-0.3575329,0.5262684,0.364747,0.6798319,0.3011466,1.092152,-0.2026179,-0.03270916,0.6000245,-0.1084922,0.7919156,MathCanvas,3.47431,1.298686,0.2801682,0.1167436,1.52214,-0.2054022,0.920283,-0.1317663,0.3683977,0.1310544,1.522964,-0.2353739,0.9099997,-0.1289424,0.3940487,0.1020913,1.522063,-0.1754481,0.9302489,-0.1277472,0.3439732,0.1165728,1.522514,-0.205411,359.3405,64.1959,0.7761211,0,5,False
1,Right_Head_Close,4,23.93999,0.1163624,1.522628,-0.2054303,0.1156804,1.207538,-0.1808691,-0.3574358,0.5261296,0.3645717,0.6800844,0.3009522,1.092359,-0.2023389,-0.03109834,0.6021628,-0.1077551,0.7904567,MathCanvas,3.47431,1.298686,0.2801682,0.1165728,1.522514,-0.205411,0.9204318,-0.1283382,0.3692352,0.1308583,1.523066,-0.2353865,0.9098144,-0.128419,0.3946472,0.1018666,1.52219,-0.1754741,0.9300913,-0.1272515,0.3445829,0.1163624,1.522628,-0.2054303,359.3098,64.16852,0.7537771,0,5,False
1,Right_Head_Close,5,23.95999,0.1159288,1.522661,-0.2053993,0.1156695,1.207557,-0.1808361,-0.3574388,0.5260949,0.3645674,0.6801121,0.300953,1.092349,-0.202016,-0.02950037,0.6033746,-0.1065395,0.7897583,MathCanvas,3.47431,1.298686,0.2801682,0.1161408,1.522642,-0.2054158,0.9189414,-0.1277702,0.3731241,0.1304413,1.523086,-0.2353477,0.9082851,-0.1279727,0.3982977,0.1014163,1.522235,-0.175451,0.9287609,-0.1268454,0.3483006,0.1159288,1.522661,-0.2053993,359.279,64.13663,0.7328351,0,5,False
1,Right_Head_Close,6,23.97999,0.1157263,1.522662,-0.2053954,0.1156569,1.207566,-0.1808214,-0.3574801,0.5260652,0.3645982,0.6800968,0.3009605,1.092312,-0.2018181,-0.02881232,0.603485,-0.1057143,0.7898102,MathCanvas,3.47431,1.298686,0.2801682,0.1159288,1.522661,-0.2053993,0.9188632,-0.1274091,0.3734398,0.1302566,1.523078,-0.2353352,0.9080716,-0.1276297,0.3988944,0.1011959,1.522245,-0.1754556,0.928577,-0.1265187,0.3489093,0.1157263,1.522662,-0.2053954,359.2585,64.10249,0.7167171,0,5,False
1,Right_Head_Close,7,23.99999,0.1153317,1.52268,-0.2053785,0.1155442,1.207639,-0.1806841,-0.3580611,0.5256547,0.3646022,0.6801063,0.3002732,1.092048,-0.2009919,-0.02759734,0.6026598,-0.1027118,0.7908792,MathCanvas,3.47431,1.298686,0.2801682,0.1155224,1.522685,-0.2053847,0.9188963,-0.1220305,0.375151,0.1299027,1.523117,-0.2352983,0.9079586,-0.1223205,0.4008101,0.1007607,1.522242,-0.1754588,0.9285522,-0.1211958,0.3508595,0.1153317,1.52268,-0.2053785,359.2229,64.02361,0.7534715,0,5,False
1,Right_Head_Close,8,24.01999,0.1151666,1.522765,-0.205366,0.11554,1.207646,-0.1806393,-0.3582401,0.5254306,0.3644985,0.6802408,0.3000094,1.091759,-0.2006532,-0.02587619,0.6036553,-0.1015267,0.790331,MathCanvas,3.47431,1.298686,0.2801682,0.1153317,1.52268,-0.2053785,0.9193695,-0.1141201,0.3764789,0.129759,1.523202,-0.2352753,0.9085285,-0.1138347,0.402017,0.1005743,1.522327,-0.1754567,0.9291556,-0.1127391,0.3520794,0.1151666,1.522765,-0.205366,359.1747,63.98196,0.7532482,0,5,False
1,Right_Head_Close,9,24.03999,0.1149783,1.522815,-0.2053492,0.11554,1.207646,-0.1806393,-0.3582401,0.5254306,0.3644985,0.6802408,0.3000094,1.091759,-0.2006532,-0.02587619,0.6036553,-0.1015267,0.790331,MathCanvas,1.168795,1.39198,0.2260913,0.1151666,1.522765,-0.205366,0.9191814,-0.1132869,0.3771891,0.1295909,1.523251,-0.2352486,0.9083097,-0.1132596,0.4026732,0.1003656,1.522378,-0.1754498,0.9289705,-0.112168,0.3527497,0.1149783,1.522815,-0.2053492,359.1414,63.94267,0.7509964,0,5,False
1,Right_Head_Close,10,24.05999,0.1146538,1.52289,-0.205349,0.1155651,1.207725,-0.1804255,-0.3582886,0.5246575,0.364019,0.6810683,0.2999521,1.091107,-0.2001496,-0.0232752,0.6020294,-0.1046885,0.791239,MathCanvas,1.247359,1.383252,0.2593271,0.1147963,1.522874,-0.2053357,0.9181265,-0.1198067,0.3777434,0.1292905,1.523309,-0.2352369,0.9072833,-0.1213867,0.4026197,0.1000171,1.522471,-0.1754611,0.9279691,-0.1202934,0.352708,0.1146538,1.52289,-0.205349,359.168,63.89767,0.7212381,0,5,False
1,Right_Head_Close,11,24.07999,0.114484,1.522871,-0.2053733,0.1155495,1.207767,-0.1803417,-0.3583486,0.5243894,0.3638844,0.681315,0.2998589,1.091039,-0.1999752,-0.02332902,0.6009748,-0.1062759,0.7918273,MathCanvas,1.321176,1.365451,0.2910484,0.1146538,1.52289,-0.205349,0.9199327,-0.1213346,0.3728295,0.1291442,1.523306,-0.2352495,0.9090963,-0.1218837,0.3983569,0.09982384,1.522436,-0.1754971,0.9295495,-0.1207281,0.348371,0.114484,1.522871,-0.2053733,359.1683,63.85202,0.7485268,0,5,False
1,Right_Head_Close,12,24.09999,0.1141247,1.522878,-0.2053819,0.1155397,1.207795,-0.1802976,-0.3584746,0.5242552,0.3638163,0.6813884,0.2997926,1.091097,-0.1999208,-0.02364931,0.6008494,-0.1065273,0.7918792,MathCanvas,1.459053,1.345529,0.3395525,0.1143063,1.522867,-0.2053813,0.9194452,-0.1213368,0.3740293,0.1288202,1.523318,-0.2352406,0.9086363,-0.1218516,0.3994148,0.09942918,1.522437,-0.1755232,0.9291485,-0.1206865,0.3494536,0.1141247,1.522878,-0.2053819,359.1669,63.78405,0.7586362,0,5,False
1,Right_Head_Close,13,24.11999,0.1139496,1.52289,-0.2053814,0.1155358,1.207811,-0.1802756,-0.3585849,0.5241747,0.3637782,0.6814127,0.2996935,1.091149,-0.1997865,-0.02386451,0.600302,-0.1065682,0.7922822,MathCanvas,1.459053,1.345529,0.3395525,0.1141247,1.522878,-0.2053819,0.9192321,-0.1212691,0.3745748,0.1286669,1.523331,-0.2352293,0.908356,-0.12173,0.4000891,0.09923217,1.52245,-0.1755334,0.9289048,-0.1205655,0.3501428,0.1139496,1.52289,-0.2053814,359.1599,63.74197,0.7584934,0,5,False
1,Right_Head_Close,14,24.13999,0.1138229,1.523062,-0.2054373,0.1156098,1.207942,-0.1800943,-0.360059,0.5231385,0.3635583,0.681549,0.2991785,1.09155,-0.1991881,-0.02466768,0.5992871,-0.1052816,0.7931975,MathCanvas,1.459053,1.345529,0.3395525,0.1139378,1.523048,-0.2054083,0.9186181,-0.1203294,0.3763795,0.1285924,1.523439,-0.2352604,0.9076542,-0.1208806,0.4019349,0.09905331,1.522685,-0.1756143,0.9282903,-0.1198223,0.3520223,0.1138229,1.523062,-0.2054373,359.106,63.64342,0.649224,0,5,False
1,Right_Head_Close,15,24.15999,0.1136844,1.523077,-0.2054381,0.1156497,1.20796,-0.1800713,-0.360186,0.5230211,0.3635311,0.6815865,0.2991106,1.091608,-0.1990949,-0.02480021,0.5991639,-0.1053276,0.7932802,MathCanvas,1.459053,1.345529,0.3395525,0.1138229,1.523062,-0.2054373,0.9187818,-0.115941,0.3773565,0.1284724,1.523446,-0.2352521,0.907864,-0.1164946,0.4027556,0.09889647,1.522707,-0.1756241,0.9285271,-0.1154635,0.3528535,0.1136844,1.523077,-0.2054381,359.1073,63.60832,0.6357678,0,5,False
1,Right_Head_Close,16,24.17999,0.1133884,1.522831,-0.2056069,0.1158004,1.208017,-0.1800446,-0.3603166,0.5229992,0.3633384,0.681637,0.2989358,1.091711,-0.1988533,-0.02502871,0.5992122,-0.1052113,0.7932521,MathCanvas,1.459053,1.345529,0.3395525,0.1135467,1.523082,-0.2054462,0.9182315,-0.1157327,0.3787569,0.1281892,1.523192,-0.2354147,0.907482,-0.118117,0.4031438,0.09858751,1.52247,-0.1757992,0.928171,-0.1170954,0.3532524,0.1133884,1.522831,-0.2056069,359.2079,63.58496,0.6213435,0,5,False
1,Right_Head_Close,17,24.19999,0.1132553,1.522782,-0.2056984,0.1158323,1.208038,-0.1800355,-0.3604091,0.522958,0.3632277,0.6816788,0.2988964,1.091822,-0.1988032,-0.02528748,0.5994354,-0.1053462,0.7930574,MathCanvas,1.459053,1.345529,0.3395525,0.1133884,1.522831,-0.2056069,0.9201394,-0.1175405,0.3735341,0.1280598,1.523145,-0.2355043,0.9095545,-0.1179468,0.3984963,0.0984508,1.522419,-0.1758926,0.929985,-0.116882,0.3485203,0.1132553,1.522782,-0.2056984,359.2009,63.57786,0.6244978,0,5,False
1,Right_Head_Close,18,24.21999,0.1131582,1.522835,-0.2057796,0.1159294,1.20812,-0.180014,-0.3606361,0.5229443,0.3629155,0.6817355,0.2988092,1.091945,-0.1987139,-0.02579668,0.599914,-0.1055419,0.792653,MathCanvas,1.459053,1.345529,0.3395525,0.1132553,1.522782,-0.2056984,0.935288,-0.1180913,0.3336026,0.1279756,1.523186,-0.2355792,0.9257107,-0.118356,0.3592375,0.09834084,1.522485,-0.17598,0.9439443,-0.1170463,0.3086573,0.1131582,1.522835,-0.2057796,359.1757,63.5532,0.6033891,0,5,False
1,Right_Head_Close,19,24.23999,0.1128911,1.522803,-0.2058888,0.1159294,1.20812,-0.180014,-0.3606361,0.5229443,0.3629155,0.6817355,0.2988092,1.091945,-0.1987139,-0.02579668,0.599914,-0.1055419,0.792653,MathCanvas,1.459053,1.345529,0.3395525,0.1130243,1.522819,-0.2058343,0.9350308,-0.1177454,0.3344451,0.127731,1.52314,-0.2356774,0.9254143,-0.1184333,0.3599751,0.09805119,1.522467,-0.1761002,0.9436861,-0.1171453,0.3094085,0.1128911,1.522803,-0.2058888,359.178,63.51043,0.579891,0,5,False
1,Right_Head_Close,20,24.25999,0.1128718,1.522916,-0.2060554,0.1161286,1.208244,-0.1800314,-0.3610713,0.5229964,0.3626383,0.6816126,0.2985845,1.092035,-0.1985569,-0.02607003,0.6001599,-0.104935,0.7925383,MathCanvas,1.459053,1.345529,0.3395525,0.1128911,1.522803,-0.2058888,0.9348924,-0.1177893,0.3348164,0.1277003,1.523206,-0.2358501,0.9255255,-0.1181209,0.3597915,0.09804333,1.522627,-0.1762606,0.9437781,-0.1169112,0.3092162,0.1128718,1.522916,-0.2060554,359.1525,63.53369,0.498842,0,5,False
1,Right_Head_Close,21,24.27999,0.1125819,1.522913,-0.2062857,0.1162827,1.20834,-0.1800358,-0.3617227,0.5227448,0.3626559,0.6814508,0.2983354,1.092036,-0.1984442,-0.02626202,0.6003382,-0.1046792,0.7924309,MathCanvas,1.459053,1.345529,0.3395525,0.1127352,1.522888,-0.2061695,0.9893354,-0.1386206,0.04472005,0.1274186,1.523202,-0.2360764,0.9876695,-0.1402747,0.06951183,0.0977452,1.522624,-0.176495,0.9903945,-0.1368056,0.02007154,0.1125819,1.522913,-0.2062857,359.1304,63.51772,0.4976352,0,5,False
1,Right_Head_Close,22,24.29999,0.1124472,1.522916,-0.2063771,0.1162827,1.20834,-0.1800358,-0.3617227,0.5227448,0.3626559,0.6814508,0.2983354,1.092036,-0.1984442,-0.02626202,0.6003382,-0.1046792,0.7924309,MathCanvas,1.923402,1.26919,-0.1244327,0.1125819,1.522913,-0.2062857,0.989336,-0.1385744,0.04485083,0.1272887,1.523197,-0.2361654,0.9876515,-0.1402841,0.06974947,0.09760569,1.522635,-0.1765887,0.9903867,-0.1368275,0.02030882,0.1124472,1.522916,-0.2063771,359.123,63.50868,0.4834747,0,5,False
1,Right_Head_Close,23,24.31999,0.1120678,1.523037,-0.2066811,0.1166189,1.208447,-0.1799931,-0.36162,0.5228591,0.3624238,0.6815412,0.2980445,1.09185,-0.1985716,-0.02636713,0.6015621,-0.1048423,0.791477,MathCanvas,1.940655,1.266843,-0.1234965,0.1123074,1.522926,-0.2064713,0.9893535,-0.1383161,0.0452587,0.1269039,1.523286,-0.2364724,0.9877609,-0.1394957,0.06977981,0.09723167,1.522789,-0.1768897,0.9904852,-0.1361086,0.02033424,0.1120678,1.523037,-0.2066811,359.0504,63.51954,0.42727,0,5,False
1,Right_Head_Close,24,24.33999,0.111872,1.52302,-0.2068286,0.1167791,1.208489,-0.1799631,-0.3613652,0.5229617,0.3622068,0.681713,0.2979861,1.091779,-0.1986479,-0.02633169,0.602024,-0.1051914,0.7910807,MathCanvas,1.948257,1.26633,-0.1226832,0.1120678,1.523037,-0.2066811,0.9896111,-0.1378067,0.0409795,0.1267108,1.523257,-0.2366187,0.9880214,-0.139597,0.0657776,0.09703322,1.522784,-0.1770386,0.9905457,-0.1361987,0.01641113,0.111872,1.52302,-0.2068286,359.0473,63.5148,0.4073135,0,5,False
1,Right_Head_Close,25,24.35999,0.1115409,1.523009,-0.2070783,0.1168882,1.208528,-0.1799538,-0.3612875,0.5230379,0.3620729,0.6817668,0.2979468,1.091725,-0.198738,-0.02634466,0.6024966,-0.1056169,0.7906636,MathCanvas,1.960066,1.265653,-0.1302955,0.1117015,1.523002,-0.2069611,0.9919313,-0.1219772,0.03455073,0.1263792,1.523227,-0.2368687,0.9905703,-0.1235419,0.05922824,0.09670248,1.522791,-0.1772878,0.9926662,-0.1204745,0.009989709,0.1115409,1.523009,-0.2070783,359.0544,63.51628,0.3755058,0,5,False
1,Right_Head_Close,26,24.37999,0.1113878,1.522949,-0.2072381,0.1169837,1.208607,-0.179971,-0.3616101,0.5230667,0.3621532,0.681531,0.2978953,1.091663,-0.1988477,-0.02638611,0.6030812,-0.1059788,0.790168,MathCanvas,1.974521,1.293919,-0.1421874,0.1115409,1.523009,-0.2070783,0.991925,-0.1220084,0.03462434,0.1262217,1.523173,-0.2370308,0.9905724,-0.1236104,0.05905014,0.09655391,1.522724,-0.1774455,0.992661,-0.1205315,0.009811699,0.1113878,1.522949,-0.2072381,359.0632,63.52475,0.3861295,0,5,False
1,Right_Head_Close,27,24.39999,0.1112504,1.522967,-0.2074348,0.1171233,1.208764,-0.1800339,-0.3623119,0.5230894,0.3624482,0.6809838,0.2978246,1.09176,-0.1989228,-0.02657506,0.6034039,-0.1054629,0.7899843,MathCanvas,1.982784,1.292764,-0.1419148,0.1113878,1.522949,-0.2072381,0.9919234,-0.1220711,0.0344463,0.1260557,1.523183,-0.2372417,0.9906187,-0.1236746,0.05813009,0.09644508,1.522751,-0.1776279,0.9926604,-0.1206079,0.008889079,0.1112504,1.522967,-0.2074348,359.061,63.57994,0.3715843,0,5,False
1,Right_Head_Close,28,24.41999,0.1109557,1.522956,-0.2079295,0.1172285,1.208873,-0.1800957,-0.3625392,0.523243,0.3625798,0.6806747,0.2977381,1.09192,-0.1990165,-0.02698848,0.6037482,-0.1050811,0.789758,MathCanvas,1.986303,1.292214,-0.1423203,0.1110985,1.522965,-0.2076772,0.9930983,-0.1151088,0.02249622,0.1257062,1.523131,-0.2377638,0.9920799,-0.1168243,0.04615003,0.09620517,1.52278,-0.1780951,0.9934865,-0.1139134,-0.002883226,0.1109557,1.522956,-0.2079295,359.0704,63.68671,0.3021621,0,5,False
1,Right_Head_Close,29,24.43999,0.1108028,1.522951,-0.2081073,0.1172285,1.208873,-0.1800957,-0.3625392,0.523243,0.3625798,0.6806747,0.2977381,1.09192,-0.1990165,-0.02698848,0.6037482,-0.1050811,0.789758,MathCanvas,1.991836,1.304945,-0.1653227,0.1109557,1.522956,-0.2079295,0.9930869,-0.115369,0.02164382,0.1255351,1.523113,-0.2379507,0.9920856,-0.116995,0.0455898,0.09607042,1.52279,-0.1782639,0.993463,-0.1141028,-0.003445357,0.1108028,1.522951,-0.2081073,359.0706,63.72198,0.2780276,0,5,False
1,Right_Head_Close,30,24.45999,0.1105596,1.522948,-0.2087451,0.117625,1.20918,-0.180314,-0.362475,0.5242682,0.3625024,0.6799609,0.2975635,1.092594,-0.1995528,-0.02856609,0.6054109,-0.1052006,0.7884126,MathCanvas,1.996472,1.303889,-0.16701,0.1106943,1.52294,-0.2084788,0.9940282,-0.1078839,0.01640701,0.1252129,1.523089,-0.2386274,0.9932098,-0.1093487,0.03971261,0.09590619,1.522807,-0.1788627,0.9942544,-0.106642,-0.009255797,0.1105596,1.522948,-0.2087451,359.058,63.8741,0.2425632,0,5,False
1,Right_Head_Close,31,24.47999,0.1104267,1.522953,-0.2090235,0.1177194,1.209311,-0.1803969,-0.3625395,0.5246136,0.3624256,0.679701,0.2975715,1.092852,-0.1998278,-0.02921355,0.6063324,-0.1049081,0.7877194,MathCanvas,2.002497,1.317613,-0.1775176,0.1105596,1.522948,-0.2087451,0.9940495,-0.1080516,0.01379699,0.1250339,1.52307,-0.2389285,0.9933352,-0.1092216,0.0368219,0.09581944,1.522837,-0.1791185,0.9942335,-0.1065497,-0.01211789,0.1104267,1.522953,-0.2090235,359.0276,63.96323,0.200464,0,5,False
1,Right_Head_Close,32,24.49999,0.1101419,1.522952,-0.2095055,0.1177194,1.209311,-0.1803969,-0.3625395,0.5246136,0.3624256,0.679701,0.2975715,1.092852,-0.1998278,-0.02921355,0.6063324,-0.1049081,0.7877194,MathCanvas,2.005345,1.316978,-0.1827229,0.1102872,1.522952,-0.2092604,0.9940947,-0.1079222,0.011334,0.1246778,1.523035,-0.2394454,0.9934154,-0.1092269,0.03457505,0.095606,1.52287,-0.1795657,0.9941971,-0.1066093,-0.01436999,0.1101419,1.522952,-0.2095055,359.002,64.10082,0.1420793,0,5,False
1,Right_Head_Close,33,24.51999,0.1102062,1.523284,-0.2105947,0.1178609,1.209486,-0.1806636,-0.3630183,0.5252807,0.363118,0.6785597,0.2974681,1.093171,-0.2004322,-0.03005794,0.6078011,-0.1041329,0.7866579,MathCanvas,2.006309,1.317098,-0.1878867,0.1101419,1.522952,-0.2095055,0.9941084,-0.1079182,0.01010919,0.1244661,1.523287,-0.2406671,0.9938105,-0.1080545,0.02578539,0.09594624,1.523282,-0.1805222,0.9941394,-0.1055928,-0.02317271,0.1102062,1.523284,-0.2105947,358.8669,64.63026,0.003803452,0,5,False
1,Right_Head_Close,34,24.53999,0.1101922,1.523473,-0.2111436,0.1179684,1.209516,-0.1807325,-0.3628187,0.5256681,0.3632392,0.6783015,0.2974056,1.093189,-0.2005915,-0.03028819,0.6079959,-0.1042452,0.7864837,MathCanvas,2.008519,1.317208,-0.1912905,0.1102062,1.523284,-0.2105947,0.9939389,-0.1099289,0.001083016,0.1243258,1.523491,-0.2412756,0.9937074,-0.1099437,0.02139968,0.0960585,1.523455,-0.1810117,0.9938328,-0.1074095,-0.02756047,0.1101922,1.523473,-0.2111436,358.7998,64.87,0.03089823,0,5,False
1,Right_Head_Close,35,24.55999,0.110034,1.523781,-0.2121596,0.1180748,1.209556,-0.180789,-0.3626341,0.5258814,0.3632813,0.6782125,0.2973202,1.093197,-0.2008188,-0.03055099,0.6084774,-0.104358,0.7860861,MathCanvas,2.006215,1.313775,-0.2090776,0.1101105,1.523627,-0.2116244,0.9942197,-0.1073191,-0.00315094,0.1239471,1.523791,-0.242394,0.9940196,-0.1077243,0.01790279,0.09612086,1.52377,-0.1819251,0.9939556,-0.1052747,-0.03113791,0.110034,1.523781,-0.2121596,358.6497,65.28888,0.01837068,0,5,False
1,Right_Head_Close,36,24.57999,0.1098779,1.523774,-0.2125946,0.1181626,1.209603,-0.1808502,-0.3625938,0.5259776,0.3633614,0.6781164,0.2972137,1.093154,-0.2010942,-0.03072998,0.6091347,-0.1044342,0.7855597,MathCanvas,2.007922,1.318917,-0.2181744,0.110034,1.523781,-0.2121596,0.9942908,-0.1064996,-0.006616592,0.1236879,1.523733,-0.2428762,0.9940946,-0.1075155,0.01471049,0.09606785,1.523816,-0.182313,0.993863,-0.1051544,-0.034334,0.1098779,1.523774,-0.2125946,358.5972,65.48624,359.9286,0,5,False
1,Right_Head_Close,37,24.59999,0.1095216,1.523666,-0.2134338,0.1185356,1.209814,-0.18112,-0.361853,0.5265876,0.3640586,0.6776646,0.2968752,1.092857,-0.2019354,-0.02970982,0.6107255,-0.1042516,0.7843872,MathCanvas,2.009207,1.320335,-0.2252339,0.109698,1.523712,-0.2130078,0.9941911,-0.1069033,-0.01247954,0.1231292,1.523475,-0.2438063,0.9940366,-0.1086764,0.008976519,0.09591395,1.523857,-0.1830612,0.9935009,-0.1065317,-0.04008526,0.1095216,1.523666,-0.2134338,358.6246,65.8744,359.6713,0,5,False
1,Right_Head_Close,38,24.61999,0.1093898,1.523646,-0.2139072,0.1186475,1.209867,-0.1811918,-0.3614723,0.5268487,0.364292,0.6775393,0.2967957,1.092806,-0.2020956,-0.02948097,0.6108813,-0.1042989,0.7842683,MathCanvas,2.008145,1.319511,-0.2372662,0.1095216,1.523666,-0.2134338,0.9941631,-0.1070436,-0.01347315,0.1229059,1.523424,-0.2443204,0.9940737,-0.1084001,0.008185923,0.09587381,1.523868,-0.183494,0.9934891,-0.1063223,-0.04092488,0.1093898,1.523646,-0.2139072,358.62,66.04822,359.6178,0,5,False
1,Right_Head_Close,39,24.63999,0.109121,1.523536,-0.2146459,0.118845,1.209977,-0.1813681,-0.3610497,0.5272712,0.3649029,0.6771072,0.2966225,1.092771,-0.2023756,-0.02924448,0.6110474,-0.1044124,0.7841325,MathCanvas,2.009016,1.31911,-0.2396515,0.1092719,1.523621,-0.2143427,0.9945638,-0.103597,-0.01051748,0.1224775,1.523261,-0.2451291,0.9943648,-0.1053141,0.01215208,0.09576458,1.523811,-0.1841627,0.9939417,-0.1034355,-0.03716528,0.109121,1.523536,-0.2146459,358.6445,66.35022,359.5265,0,5,False
1,Right_Head_Close,40,24.65999,0.1089725,1.523438,-0.2148804,0.1190198,1.210104,-0.1817033,-0.3613371,0.5276914,0.3657779,0.6761537,0.2962645,1.092856,-0.2029659,-0.02932373,0.6115178,-0.1038592,0.7838364,MathCanvas,2.012546,1.325269,-0.2347746,0.109121,1.523536,-0.2146459,0.9944595,-0.1043749,-0.01250792,0.1222964,1.52314,-0.2453776,0.9942111,-0.1068679,0.01111627,0.09564857,1.523737,-0.1843832,0.993739,-0.104993,-0.03820139,0.1089725,1.523438,-0.2148804,358.7246,66.4114,359.486,0,5,False
1,Right_Head_Close,41,24.67999,0.1088156,1.523406,-0.2151252,0.1191742,1.210206,-0.1821019,-0.3614955,0.5283669,0.366572,0.6751108,0.2960393,1.092947,-0.2034988,-0.02946928,0.6121176,-0.1033925,0.7834242,MathCanvas,2.012665,1.323634,-0.2388242,0.1089725,1.523438,-0.2148804,0.9942812,-0.1059334,-0.01352835,0.1220794,1.523099,-0.2456485,0.9941702,-0.1074306,0.009180665,0.09555177,1.523713,-0.1846019,0.9936033,-0.1055538,-0.04013553,0.1088156,1.523406,-0.2151252,358.7536,66.5243,359.4719,0,5,False
1,Right_Head_Close,42,24.69999,0.1085064,1.523346,-0.2156225,0.1192173,1.210228,-0.1822124,-0.3614282,0.5286215,0.3667615,0.6748445,0.2959836,1.092966,-0.2036655,-0.02952096,0.6123517,-0.1033257,0.7832482,MathCanvas,2.011893,1.320647,-0.2410187,0.108646,1.523394,-0.2153538,0.9940258,-0.108591,-0.01099789,0.1216379,1.523017,-0.2462027,0.9938927,-0.1097219,0.01176912,0.09537482,1.523675,-0.1850422,0.99345,-0.1078697,-0.03770047,0.1085064,1.523346,-0.2156225,358.7654,66.77293,359.4331,0,5,False
1,Right_Head_Close,43,24.71999,0.1082861,1.523325,-0.2158208,0.1195878,1.210307,-0.1830514,-0.3599687,0.5310873,0.3681016,0.6729562,0.2955809,1.093115,-0.2053836,-0.03009707,0.6152383,-0.1032429,0.7809718,MathCanvas,2.011235,1.315485,-0.2366742,0.1085064,1.523346,-0.2156225,0.9939795,-0.1087958,-0.01296723,0.1213678,1.523087,-0.2464233,0.9941071,-0.1079513,0.009890378,0.0952045,1.523563,-0.1852184,0.9935794,-0.1059907,-0.03957415,0.1082861,1.523325,-0.2158208,358.7202,66.86389,359.5903,0,5,False
1,Right_Head_Close,44,24.73999,0.1078809,1.523188,-0.2161493,0.1200035,1.210428,-0.1838102,-0.3587504,0.5330344,0.3690217,0.671562,0.2951624,1.093239,-0.207062,-0.03074065,0.6168392,-0.1017621,0.7798775,MathCanvas,2.011759,1.31498,-0.2406531,0.1080551,1.523291,-0.2159704,0.9941169,-0.1072856,-0.01487935,0.1208475,1.522988,-0.246801,0.9940622,-0.1085256,0.007903159,0.09491425,1.523387,-0.1854977,0.9934421,-0.106501,-0.04159886,0.1078809,1.523188,-0.2161493,358.7834,67.07739,359.6562,0,5,False
1,Right_Head_Close,45,24.75999,0.1076455,1.523132,-0.2163054,0.1200035,1.210428,-0.1838102,-0.3587504,0.5330344,0.3690217,0.671562,0.2951148,1.093245,-0.2072408,-0.03081364,0.6168996,-0.1015951,0.7798486,MathCanvas,2.012769,1.317611,-0.2446606,0.1078809,1.523188,-0.2161493,0.9936269,-0.1114621,-0.01678658,0.1205485,1.522948,-0.2469839,0.9936203,-0.1126259,0.005844772,0.09474248,1.523316,-0.1856268,0.9929181,-0.1104889,-0.04365635,0.1076455,1.523132,-0.2163054,358.8012,67.19566,359.6828,0,5,False
1,Right_Head_Close,46,24.77999,0.1072645,1.52314,-0.2166047,0.1205877,1.210763,-0.184918,-0.3583456,0.5348523,0.3706957,0.6694073,0.2949156,1.093203,-0.2097223,-0.03138969,0.6196617,-0.1019005,0.7775927,MathCanvas,2.010471,1.309678,-0.2484522,0.1074218,1.523059,-0.2164578,0.99352,-0.1117287,-0.02085257,0.1200796,1.523039,-0.2473204,0.9936905,-0.1121244,0.002718925,0.09444936,1.523242,-0.1858889,0.9928453,-0.1098651,-0.04677457,0.1072645,1.52314,-0.2166047,358.8288,67.35689,359.8253,0,5,False
1,Right_Head_Close,47,24.79999,0.1070631,1.523199,-0.2166934,0.1208562,1.210871,-0.1853941,-0.3577009,0.5360434,0.3711243,0.6685613,0.2949724,1.093161,-0.2112007,-0.0316495,0.6222398,-0.1021338,0.7754899,MathCanvas,2.009647,1.309204,-0.2565329,0.1072645,1.52314,-0.2166047,0.9935767,-0.1109948,-0.02203143,0.1198306,1.523126,-0.247429,0.9937482,-0.111639,0.001099586,0.09429564,1.523273,-0.1859577,0.9928252,-0.1093454,-0.04839104,0.1070631,1.523199,-0.2166934,358.8184,67.44476,359.8731,0,5,False
1,Right_Head_Close,48,24.81999,0.1067021,1.52331,-0.2168977,0.1211645,1.210985,-0.1858615,-0.3568352,0.5373175,0.3715007,0.6677917,0.2951694,1.093109,-0.213067,-0.03177837,0.6256177,-0.1016272,0.7728289,MathCanvas,2.010887,1.310519,-0.2589085,0.1068931,1.523275,-0.2167819,0.9934207,-0.1103962,-0.03046286,0.1193733,1.523268,-0.2476733,0.9937748,-0.1111602,-0.00743264,0.09403095,1.523353,-0.1861222,0.9924401,-0.1087982,-0.05679524,0.1067021,1.52331,-0.2168977,358.7873,67.62318,359.9272,0,5,False
1,Right_Head_Close,49,24.83999,0.1065924,1.523447,-0.2170065,0.1215171,1.21118,-0.1864329,-0.356303,0.5380951,0.3725388,0.6668709,0.2954155,1.093098,-0.2141233,-0.03161633,0.6273552,-0.1013412,0.7714635,MathCanvas,2.009324,1.311877,-0.2752409,0.1067021,1.52331,-0.2168977,0.9934148,-0.1099792,-0.03212035,0.1192017,1.523406,-0.2478074,0.9938304,-0.1105115,-0.009406269,0.09398313,1.523488,-0.1862055,0.9923949,-0.1081616,-0.05876616,0.1065924,1.523447,-0.2170065,358.7476,67.73839,359.9293,0,5,False
1,Right_Head_Close,50,24.85999,0.106448,1.523518,-0.2171257,0.1216294,1.21127,-0.186663,-0.3563421,0.5383331,0.3731416,0.6663206,0.2955484,1.093125,-0.2150706,-0.03163061,0.6286367,-0.1017745,0.7703618,MathCanvas,2.010063,1.312717,-0.2785519,0.1065924,1.523447,-0.2170065,0.99342,-0.1093367,-0.03409386,0.1189955,1.523494,-0.2479519,0.9938633,-0.1100218,-0.01143974,0.09390057,1.523542,-0.1862995,0.9923276,-0.1076551,-0.06079572,0.106448,1.523518,-0.2171257,358.7294,67.85268,359.9588,0,5,False
1,Right_Head_Close,51,24.87999,0.1061912,1.523583,-0.217315,0.1221442,1.211549,-0.1874985,-0.3552547,0.5400962,0.3745419,0.6646869,0.29571,1.093433,-0.2169442,-0.03212053,0.6312279,-0.1017721,0.7682201,MathCanvas,2.010343,1.313974,-0.2824668,0.1063233,1.523546,-0.2172272,0.9934621,-0.1086079,-0.03517807,0.1186144,1.52359,-0.2481915,0.9938806,-0.1097492,-0.01251191,0.0937679,1.523577,-0.1864385,0.9922899,-0.1073555,-0.06193116,0.1061912,1.523583,-0.217315,358.7293,68.08218,0.01101537,0,5,False
1,Right_Head_Close,52,24.89999,0.1060527,1.523622,-0.2174139,0.12222,1.211574,-0.1875963,-0.3549667,0.540369,0.3746288,0.66457,0.2957623,1.093517,-0.2178379,-0.03224432,0.6325152,-0.1014908,0.7671927,MathCanvas,2.010924,1.315353,-0.2847608,0.1061912,1.523583,-0.217315,0.9933884,-0.1086242,-0.03715169,0.1184195,1.523641,-0.248313,0.9938821,-0.1095191,-0.01428407,0.09368591,1.523602,-0.1865148,0.992204,-0.1071151,-0.06369969,0.1060527,1.523622,-0.2174139,358.72,68.1864,0.03364094,0,5,False
1,Right_Head_Close,53,24.91999,0.1059166,1.523703,-0.2175764,0.1227918,1.211748,-0.1883934,-0.353311,0.5421822,0.3757028,0.663368,0.2957838,1.093781,-0.219428,-0.03255216,0.6347182,-0.1006191,0.7654731,MathCanvas,2.011129,1.315307,-0.2886617,0.1059652,1.523646,-0.21748,0.9930298,-0.1104396,-0.04116988,0.1181534,1.523745,-0.2485273,0.993616,-0.1112731,-0.01858997,0.0936797,1.52366,-0.1866256,0.9917367,-0.108789,-0.06799671,0.1059166,1.523703,-0.2175764,358.7222,68.42625,0.07298059,0,5,False
1,Right_Head_Close,54,24.93999,0.1058842,1.523772,-0.217683,0.1229179,1.211811,-0.1885534,-0.3532864,0.5422242,0.3759653,0.6631981,0.2957999,1.093816,-0.2201655,-0.03258675,0.6357932,-0.1006394,0.7645762,MathCanvas,2.008992,1.312053,-0.2964757,0.1059166,1.523703,-0.2175764,0.9929845,-0.1100312,-0.04330373,0.1180642,1.523832,-0.2486562,0.9936123,-0.1109765,-0.02046549,0.09370423,1.523712,-0.1867098,0.9916414,-0.1084703,-0.0698677,0.1058842,1.523772,-0.217683,358.7164,68.53078,0.1035021,0,5,False
1,Right_Head_Close,55,24.95999,0.105726,1.523843,-0.2178601,0.1229684,1.211839,-0.1886165,-0.3532747,0.5422436,0.3760902,0.6631176,0.2958082,1.093838,-0.2209429,-0.03263986,0.636873,-0.1003847,0.7637083,MathCanvas,2.009398,1.312847,-0.3006946,0.1058175,1.523807,-0.2177717,0.9928845,-0.1093618,-0.04712367,0.1177854,1.523931,-0.2488804,0.9935941,-0.1103442,-0.02439886,0.09366656,1.523756,-0.1868398,0.9914294,-0.1078077,-0.07379153,0.105726,1.523843,-0.2178601,358.6966,68.75248,0.1506228,0,5,False
1,Right_Head_Close,56,24.97999,0.1056483,1.523877,-0.2179473,0.1230257,1.211868,-0.1886884,-0.3532191,0.542312,0.3762447,0.6630038,0.2957992,1.093819,-0.221089,-0.03260756,0.6371216,-0.1002106,0.7635252,MathCanvas,2.008991,1.314207,-0.3081917,0.105726,1.523843,-0.2178601,0.9928197,-0.109076,-0.04910719,0.1176451,1.523975,-0.2489919,0.9935674,-0.1101139,-0.02643383,0.09365161,1.523779,-0.1869028,0.9913026,-0.1075657,-0.07582155,0.1056483,1.523877,-0.2179473,358.6896,68.86784,0.168461,0,5,False
1,Right_Head_Close,57,24.99999,0.1057988,1.523785,-0.2179802,0.1236734,1.211979,-0.1895421,-0.3511259,0.5441018,0.3776772,0.6618337,0.2955605,1.093247,-0.2223725,-0.03139475,0.6391892,-0.09860766,0.7620552,MathCanvas,2.009324,1.31473,-0.3121076,0.1056483,1.523877,-0.2179473,0.992743,-0.10884,-0.05114007,0.1177391,1.523866,-0.2490466,0.9933489,-0.1116247,-0.02824676,0.09385851,1.523705,-0.1869139,0.9909979,-0.1090717,-0.07763001,0.1057988,1.523785,-0.2179802,358.7715,68.9729,0.1384687,0,5,False
1,Right_Head_Close,58,25.01999,0.105841,1.523739,-0.2181248,0.123901,1.211916,-0.1898621,-0.3500935,0.5447837,0.3776337,0.6618445,0.2954606,1.092972,-0.2226728,-0.03049145,0.6392987,-0.0993737,0.7619005,MathCanvas,2.009177,1.315107,-0.3160307,0.1058311,1.523751,-0.2180533,0.9921531,-0.106623,-0.06529844,0.1176873,1.523847,-0.249227,0.9932533,-0.1079095,-0.04246801,0.09399469,1.523631,-0.1870226,0.9902124,-0.1053349,-0.09156391,0.105841,1.523739,-0.2181248,358.8001,69.14513,0.1857561,0,5,False
1,Right_Head_Close,59,25.03999,0.1058416,1.523736,-0.2181882,0.123901,1.211916,-0.1898621,-0.3500935,0.5447837,0.3776337,0.6618445,0.2954333,1.092916,-0.2227416,-0.03031874,0.6393232,-0.09959201,0.7618583,MathCanvas,2.006121,1.319523,-0.3431914,0.105841,1.523739,-0.2181248,0.9920374,-0.1066223,-0.06703293,0.1176309,1.523856,-0.2493121,0.993163,-0.1079895,-0.04433388,0.0940524,1.523617,-0.1870644,0.9900324,-0.1053948,-0.09342268,0.1058416,1.523736,-0.2181882,358.8136,69.24982,0.2054017,0,5,False
1,Right_Head_Close,60,25.05999,0.1062053,1.523733,-0.2182057,0.12427,1.21188,-0.1904532,-0.3487124,0.5462151,0.3789345,0.6606492,0.295045,1.092611,-0.2238375,-0.02932063,0.6405363,-0.1000334,0.7608199,MathCanvas,2.006306,1.319478,-0.3466044,0.1059951,1.523726,-0.2182452,0.9906158,-0.1184902,-0.06812143,0.1179242,1.523866,-0.249356,0.9917575,-0.1201125,-0.04461181,0.09448641,1.523599,-0.1870553,0.9886691,-0.1172399,-0.0937455,0.1062053,1.523733,-0.2182057,358.8121,69.37874,0.230043,0,5,False
1,Right_Head_Close,61,25.07999,0.1063063,1.523686,-0.2182194,0.1243924,1.211831,-0.1906027,-0.3482409,0.5467023,0.3790427,0.660433,0.2949865,1.092604,-0.2240129,-0.02922121,0.6406665,-0.09990655,0.7607307,MathCanvas,1.998242,1.297421,-0.348315,0.1062053,1.523733,-0.2182057,0.9901817,-0.1186155,-0.07396305,0.1179837,1.523822,-0.2493853,0.9913979,-0.1206206,-0.05080038,0.09462891,1.523549,-0.1870534,0.9880205,-0.1177041,-0.09980527,0.1063063,1.523686,-0.2182194,358.8493,69.45509,0.2352648,0,5,False
1,Right_Head_Close,62,25.09999,0.1064723,1.523615,-0.218267,0.1245055,1.211794,-0.1907163,-0.3478215,0.546967,0.3790707,0.6604187,0.2949461,1.092602,-0.2241483,-0.02917931,0.640734,-0.09984795,0.7606832,MathCanvas,1.996889,1.29721,-0.3594391,0.1063934,1.523635,-0.2182404,0.9898458,-0.1197404,-0.07660019,0.1180691,1.523769,-0.2494629,0.9911469,-0.1215217,-0.05348217,0.09487553,1.52346,-0.1870711,0.9876453,-0.1185557,-0.1024752,0.1064723,1.523615,-0.218267,358.9196,69.60286,0.2666914,1,6,False
1,Right_Head_Close,63,25.11999,0.1066001,1.523441,-0.218263,0.1246332,1.211773,-0.1908107,-0.3475433,0.5468076,0.3791683,0.660641,0.2948584,1.092562,-0.2244822,-0.02901497,0.6409347,-0.0994159,0.760577,MathCanvas,1.995567,1.295093,-0.3644564,0.1064723,1.523615,-0.218267,0.9897005,-0.1200388,-0.07799768,0.1181778,1.523626,-0.2494658,0.9909823,-0.1225149,-0.05426097,0.09502245,1.523256,-0.1870601,0.9874537,-0.1194783,-0.1032481,0.1066001,1.523441,-0.218263,359.0047,69.63735,0.3184942,1,6,False
1,Right_Head_Close,64,25.13999,0.1069249,1.523443,-0.2182845,0.1250627,1.211626,-0.1911065,-0.3463231,0.5476635,0.3794493,0.6604114,0.2948164,1.09239,-0.2253585,-0.02876404,0.6418326,-0.09909321,0.7598711,MathCanvas,1.995731,1.294312,-0.3671442,0.1067718,1.523442,-0.2182882,0.9904974,-0.1164812,-0.07312512,0.1184839,1.523646,-0.2494942,0.9917722,-0.1181513,-0.04927731,0.09536584,1.523239,-0.1870749,0.9884545,-0.1152132,-0.09840584,0.1069249,1.523443,-0.2182845,359.0501,69.6712,0.3501284,1,6,False
1,Right_Head_Close,65,25.15999,0.1070607,1.523424,-0.2182772,0.1251308,1.211599,-0.1911502,-0.3461238,0.5478739,0.3794611,0.6603346,0.2948339,1.092362,-0.2254851,-0.02873564,0.6420314,-0.09912576,0.7596999,MathCanvas,2.000509,1.30076,-0.3580815,0.1069249,1.523443,-0.2182845,0.9904245,-0.1166012,-0.07391632,0.1185919,1.523631,-0.2494972,0.9916992,-0.1183545,-0.05025011,0.09552953,1.523216,-0.1870573,0.9883349,-0.1154067,-0.0993748,0.1070607,1.523424,-0.2182772,359.0711,69.72236,0.3572931,1,6,False
1,Right_Head_Close,66,25.17999,0.1071986,1.52339,-0.2182751,0.1251906,1.211575,-0.1911892,-0.3459689,0.548053,0.3794872,0.6602522,0.2948339,1.092362,-0.2254851,-0.02873564,0.6420314,-0.09912576,0.7596999,MathCanvas,2.001145,1.300436,-0.3596345,0.1070607,1.523424,-0.2182772,0.9903175,-0.1169619,-0.0747751,0.1187062,1.5236,-0.2495037,0.991621,-0.1187024,-0.05096483,0.09569092,1.52318,-0.1870465,0.9882239,-0.1157414,-0.1000864,0.1071986,1.52339,-0.2182751,359.0896,69.76558,0.36165,1,6,False
1,Right_Head_Close,67,25.19999,0.1075626,1.523403,-0.2182205,0.125336,1.211485,-0.1913338,-0.3467089,0.5475402,0.3806602,0.6596139,0.2954025,1.091886,-0.2266274,-0.02755544,0.6446766,-0.09972033,0.7574224,MathCanvas,2.001095,1.299711,-0.361276,0.1074059,1.523421,-0.2182403,0.9899892,-0.1194859,-0.07513118,0.1190793,1.523615,-0.2494457,0.9912826,-0.1215914,-0.0507372,0.0960458,1.523191,-0.1869953,0.9879124,-0.1185635,-0.09985852,0.1075626,1.523403,-0.2182205,359.1738,69.74931,0.3654017,1,6,False
1,Right_Head_Close,68,25.21999,0.1077254,1.523379,-0.2182094,0.1254044,1.211474,-0.1913735,-0.346992,0.5473079,0.3810939,0.6594074,0.2955072,1.091818,-0.2267329,-0.02733383,0.6449109,-0.1000355,0.7571893,MathCanvas,1.99978,1.295024,-0.3618226,0.1075626,1.523403,-0.2182205,0.989849,-0.1183394,-0.07870722,0.1192439,1.523592,-0.249434,0.9912565,-0.1203277,-0.05414593,0.096207,1.523166,-0.1869849,0.9877214,-0.1173063,-0.1031777,0.1077254,1.523379,-0.2182094,359.2047,69.74638,0.3667169,1,6,False
1,Right_Head_Close,69,25.23999,0.1080558,1.523329,-0.2181761,0.1254822,1.211467,-0.1914043,-0.3470788,0.5472648,0.3813602,0.6592435,0.2955763,1.09178,-0.2267848,-0.02718127,0.6449791,-0.1002501,0.7571084,MathCanvas,2.000148,1.297134,-0.3686842,0.107894,1.523353,-0.2181963,0.98972,-0.1192113,-0.07901192,0.1195518,1.523546,-0.2494089,0.9911113,-0.1211691,-0.05492234,0.09655987,1.523111,-0.1869432,0.9875432,-0.1181219,-0.1039503,0.1080558,1.523329,-0.2181761,359.2609,69.78793,0.3743038,1,6,False
1,Right_Head_Close,70,25.25999,0.1083307,1.523281,-0.2181989,0.1257955,1.211429,-0.1914816,-0.3464556,0.5480594,0.381244,0.6589784,0.2956479,1.091737,-0.2268191,-0.0269948,0.6449169,-0.1002721,0.7571651,MathCanvas,1.999922,1.295455,-0.3692086,0.1080558,1.523329,-0.2181761,0.9896321,-0.1196456,-0.07945597,0.1197926,1.523502,-0.2494443,0.9910628,-0.1210681,-0.05600983,0.09686884,1.523061,-0.1869536,0.9874409,-0.118018,-0.1050338,0.1083307,1.523281,-0.2181989,359.257,69.85027,0.3798001,1,6,False
1,Right_Head_Close,71,25.27999,0.1090241,1.523274,-0.218323,0.1261676,1.211199,-0.1916748,-0.3462008,0.5489231,0.3809066,0.6585883,0.2957396,1.0916,-0.2269944,-0.02674806,0.6451056,-0.1004225,0.7569932,MathCanvas,2.000392,1.294533,-0.3701095,0.1087515,1.523296,-0.2183142,0.9914302,-0.1082542,-0.0731262,0.1204501,1.523533,-0.2495812,0.992745,-0.1099668,-0.0486272,0.0975981,1.523016,-0.1870648,0.9894152,-0.1071452,-0.09786469,0.1090241,1.523274,-0.218323,359.2428,69.91495,0.445077,0,6,False
1,Right_Head_Close,72,25.29999,0.10928,1.523254,-0.2183341,0.1261676,1.211199,-0.1916748,-0.3462008,0.5489231,0.3809066,0.6585883,0.2957346,1.091594,-0.2269943,-0.02675072,0.6450972,-0.1004244,0.757,MathCanvas,2.011282,1.315567,-0.3586303,0.1090241,1.523274,-0.218323,0.9913916,-0.1085781,-0.07316804,0.1206996,1.523519,-0.2495946,0.9927188,-0.1101439,-0.04876304,0.09786034,1.522989,-0.1870736,0.9893838,-0.1073123,-0.09799919,0.10928,1.523254,-0.2183341,359.2572,69.92654,0.4559453,0,6,False
1,Right_Head_Close,73,25.31999,0.109533,1.523228,-0.2183397,0.1261913,1.21116,-0.1917041,-0.3462483,0.5489737,0.3808717,0.6585414,0.2957346,1.091594,-0.2269943,-0.02675072,0.6450972,-0.1004244,0.757,MathCanvas,2.012014,1.314865,-0.3587622,0.10928,1.523254,-0.2183341,0.9913532,-0.1087061,-0.07349658,0.1209467,1.523494,-0.2496024,0.992681,-0.1103508,-0.04906511,0.09811936,1.522962,-0.1870771,0.9893327,-0.1075088,-0.09830004,0.109533,1.523228,-0.2183397,359.2723,69.93756,0.4580252,0,6,False
1,Right_Head_Close,74,25.33999,0.1100438,1.523093,-0.2182137,0.1266575,1.210716,-0.1919525,-0.3456499,0.5497471,0.3805332,0.6584063,0.2956222,1.091314,-0.2268055,-0.02619431,0.6445776,-0.1003998,0.7574652,MathCanvas,2.01229,1.314583,-0.3594057,0.1097847,1.523155,-0.2182286,0.9912719,-0.1101176,-0.07248664,0.1214942,1.523309,-0.2494633,0.9925449,-0.1121131,-0.04780388,0.09859338,1.522878,-0.1869641,0.9892588,-0.1093132,-0.09704551,0.1100438,1.523093,-0.2182137,359.3461,69.87206,0.3716806,0,6,False
1,Right_Head_Close,75,25.35999,0.1103137,1.52301,-0.2181881,0.1267172,1.21067,-0.1919789,-0.345563,0.5498452,0.3805115,0.6583825,0.2956071,1.091277,-0.2267844,-0.02615055,0.6445217,-0.1004726,0.7575046,MathCanvas,2.012243,1.311784,-0.3573118,0.1100438,1.523093,-0.2182137,0.9920356,-0.1023354,-0.07343709,0.1217592,1.523216,-0.2494396,0.9933543,-0.1041653,-0.04895765,0.09886832,1.522804,-0.1869366,0.9899749,-0.1015485,-0.0981721,0.1103137,1.52301,-0.2181881,359.3713,69.88156,0.3543568,0,6,False
1,Right_Head_Close,76,25.37999,0.1108226,1.522757,-0.2181402,0.126968,1.210408,-0.1921911,-0.3463408,0.5492914,0.3811362,0.6580747,0.2955379,1.09092,-0.226766,-0.02568647,0.6441379,-0.1007585,0.7578089,MathCanvas,2.018163,1.326202,-0.3594198,0.1105864,1.522938,-0.2181683,0.9911442,-0.1035855,-0.08308685,0.122265,1.522955,-0.2493929,0.9926318,-0.1059611,-0.05877459,0.09938026,1.522559,-0.1868876,0.9888015,-0.103269,-0.1077366,0.1108226,1.522757,-0.2181402,359.4671,69.88793,0.340508,0,6,False
1,Right_Head_Close,77,25.39999,0.1110612,1.522681,-0.2180978,0.1271171,1.210301,-0.192299,-0.3471571,0.5486031,0.3816861,0.6579,0.2955871,1.090765,-0.2268221,-0.02537784,0.6439713,-0.1008288,0.7579515,MathCanvas,2.013584,1.323898,-0.3776473,0.1108226,1.522757,-0.2181402,0.9910199,-0.1046152,-0.08327758,0.1225019,1.522876,-0.2493511,0.9926009,-0.1062177,-0.05883163,0.0996206,1.522486,-0.1868445,0.9887686,-0.1035242,-0.1077938,0.1110612,1.522681,-0.2180978,359.4812,69.89121,0.3357847,0,6,False
1,Right_Head_Close,78,25.41999,0.1115332,1.522513,-0.2180611,0.1272851,1.21024,-0.1923679,-0.3478795,0.5479535,0.3822306,0.6577436,0.2957417,1.090513,-0.2269402,-0.02477005,0.6438903,-0.1010813,0.7580068,MathCanvas,2.013673,1.321836,-0.3779785,0.1112885,1.522598,-0.2180852,0.9909426,-0.1051951,-0.0834682,0.1229691,1.522699,-0.2493162,0.9925005,-0.1070607,-0.05899739,0.1000973,1.522327,-0.186806,0.9886625,-0.1043628,-0.1079585,0.1115332,1.522513,-0.2180611,359.5373,69.90034,0.320313,0,6,False
1,Right_Head_Close,79,25.43999,0.1117055,1.522403,-0.2180794,0.1274807,1.210224,-0.192399,-0.3477067,0.5479901,0.382222,0.6578094,0.2960097,1.090183,-0.2271388,-0.023913,0.6440551,-0.101491,0.7578396,MathCanvas,2.013596,1.320596,-0.378274,0.1115332,1.522513,-0.2180611,0.9908849,-0.1057118,-0.08349955,0.1231398,1.522597,-0.249335,0.9924052,-0.1078766,-0.05911613,0.1002712,1.522209,-0.1868237,0.9885666,-0.1051474,-0.1080756,0.1117055,1.522403,-0.2180794,359.5947,69.90354,0.3342245,0,6,False
1,Right_Head_Close,80,25.45999,0.1120242,1.522231,-0.2179672,0.1278157,1.21013,-0.1924709,-0.3473483,0.5479651,0.3821867,0.6580401,0.2964516,1.089952,-0.2274241,-0.02341601,0.6445754,-0.1006638,0.7575229,MathCanvas,2.014002,1.319458,-0.3783814,0.111855,1.52231,-0.2180392,0.9907715,-0.1070355,-0.08315873,0.1234963,1.522452,-0.2492088,0.9923853,-0.1086375,-0.0580461,0.1005521,1.522011,-0.1867256,0.9886079,-0.1058487,-0.1070067,0.1120242,1.522231,-0.2179672,359.6623,69.83428,0.3796924,0,6,False
1,Right_Head_Close,81,25.47999,0.1121862,1.522231,-0.2178728,0.1279996,1.210079,-0.1924981,-0.3474594,0.5477196,0.3823393,0.6580972,0.2967584,1.089898,-0.2275676,-0.02328679,0.6448387,-0.1004511,0.7573311,MathCanvas,2.013624,1.316797,-0.3775748,0.1120242,1.522231,-0.2179672,0.9910777,-0.1030283,-0.08455873,0.1236804,1.522465,-0.2491062,0.9927785,-0.1042117,-0.05942017,0.100692,1.521996,-0.1866395,0.9889221,-0.1014831,-0.1083247,0.1121862,1.522231,-0.2178728,359.6618,69.79346,0.4032944,0,6,False
1,Right_Head_Close,82,25.49999,0.1123765,1.522167,-0.2178142,0.1279996,1.210079,-0.1924981,-0.3474594,0.5477196,0.3823393,0.6580972,0.2967584,1.089898,-0.2275676,-0.02328679,0.6448387,-0.1004511,0.7573311,MathCanvas,2.016539,1.324262,-0.3803522,0.1121862,1.522231,-0.2178728,0.9911386,-0.1029025,-0.08399653,0.1238832,1.52241,-0.2490429,0.9927591,-0.104541,-0.0591647,0.1008697,1.521925,-0.1865855,0.9889177,-0.1017972,-0.1080698,0.1123765,1.522167,-0.2178142,359.6853,69.77052,0.4173791,0,6,False
1,Right_Head_Close,83,25.51999,0.1126557,1.522457,-0.2175966,0.1286559,1.210026,-0.1925452,-0.3485213,0.5462186,0.3833015,0.6582235,0.2977971,1.089841,-0.2278901,-0.02288962,0.6456552,-0.1015949,0.7564945,MathCanvas,2.017224,1.324401,-0.3792454,0.1125597,1.522117,-0.2177429,0.9911454,-0.1033536,-0.08336151,0.1242378,1.522718,-0.2487973,0.9930761,-0.1028564,-0.0567497,0.1010735,1.522196,-0.186396,0.9893486,-0.1001208,-0.1056641,0.1126557,1.522457,-0.2175966,359.5934,69.63116,0.4492942,0,6,False
1,Right_Head_Close,84,25.53999,0.1127757,1.522526,-0.2174978,0.1288811,1.21005,-0.1925647,-0.3487726,0.5457574,0.3832488,0.6585036,0.2980366,1.089909,-0.2279052,-0.02294034,0.6458696,-0.1015371,0.7563177,MathCanvas,2.017682,1.323807,-0.3778212,0.1126557,1.522457,-0.2175966,0.9920591,-0.09991835,-0.07638979,0.1243922,1.522794,-0.2486857,0.9935971,-0.1009354,-0.05076176,0.1011592,1.522258,-0.18631,0.9901436,-0.09825467,-0.0998078,0.1127757,1.522526,-0.2174978,359.5785,69.56776,0.4615592,0,6,False
1,Right_Head_Close,85,25.55999,0.1130579,1.522595,-0.2172879,0.1290718,1.210068,-0.1925689,-0.3489711,0.5453557,0.383092,0.6588224,0.2982484,1.090011,-0.2278863,-0.02316535,0.6459814,-0.1012578,0.7562528,MathCanvas,2.023768,1.330055,-0.3646467,0.1129047,1.522568,-0.2173881,0.9923587,-0.09885138,-0.07384205,0.1247554,1.522889,-0.2484452,0.9938246,-0.09992746,-0.04823953,0.1013604,1.522301,-0.1861306,0.9904952,-0.09722797,-0.09729293,0.1130579,1.522595,-0.2172879,359.5625,69.41833,0.5055374,0,6,False
1,Right_Head_Close,86,25.57999,0.1132018,1.522618,-0.2171818,0.1290718,1.210068,-0.1925689,-0.3489711,0.5453557,0.383092,0.6588224,0.2982484,1.090011,-0.2278863,-0.02316535,0.6459814,-0.1012578,0.7562528,MathCanvas,2.025968,1.332045,-0.3596288,0.1130579,1.522595,-0.2172879,0.9924641,-0.09857782,-0.07278502,0.1249317,1.522924,-0.2483268,0.99391,-0.09956153,-0.04722846,0.101472,1.522313,-0.1860368,0.9906307,-0.09685107,-0.09628439,0.1132018,1.522618,-0.2171818,359.5484,69.35847,0.5259855,0,6,False
1,Right_Head_Close,87,25.59999,0.1132447,1.522645,-0.2169874,0.1296364,1.210127,-0.1922773,-0.3509365,0.5437763,0.3830857,0.6590874,0.299116,1.090289,-0.2274476,-0.02385986,0.6458624,-0.1011833,0.7563428,MathCanvas,2.027044,1.332524,-0.3575386,0.1131788,1.522637,-0.2170483,0.9927137,-0.09874059,-0.06906307,0.1251064,1.522938,-0.2480826,0.9940019,-0.1005443,-0.04302418,0.101383,1.522352,-0.1858923,0.9909328,-0.0978321,-0.09209335,0.1132447,1.522645,-0.2169874,359.6007,69.11645,0.5044177,0,6,False
1,Right_Head_Close,88,25.61999,0.1133344,1.522669,-0.2169248,0.1296829,1.210143,-0.1922448,-0.3509658,0.5437886,0.3829651,0.6591319,0.2992505,1.090301,-0.227316,-0.02384424,0.6457521,-0.1013353,0.7564171,MathCanvas,2.028783,1.332116,-0.3502514,0.1132447,1.522645,-0.2169874,0.993231,-0.1138015,-0.02327323,0.1252481,1.522961,-0.2480001,0.9933364,-0.1151991,0.003452301,0.1014207,1.522376,-0.1858495,0.9925652,-0.1124129,-0.04666823,0.1133344,1.522669,-0.2169248,359.6008,69.02061,0.5038778,0,6,False
1,Right_Head_Close,89,25.63999,0.1134326,1.52269,-0.2168291,0.1296829,1.210143,-0.1922448,-0.3509658,0.5437886,0.3829651,0.6591319,0.2992505,1.090301,-0.227316,-0.02384424,0.6457521,-0.1013353,0.7564171,MathCanvas,2.038743,1.302061,-0.2620406,0.1133344,1.522669,-0.2169248,0.993268,-0.1138062,-0.02161098,0.1253936,1.522983,-0.2478863,0.9933228,-0.1152623,0.004959524,0.1014716,1.522397,-0.185772,0.9926278,-0.1124742,-0.0451622,0.1134326,1.52269,-0.2168291,359.6049,68.93342,0.5045475,0,6,False
1,Right_Head_Close,90,25.65999,0.1135228,1.522749,-0.2168378,0.1300669,1.210332,-0.1919504,-0.3517777,0.5431795,0.3818021,0.6598756,0.299803,1.090121,-0.2260045,-0.02282488,0.6437471,-0.1016902,0.7581081,MathCanvas,2.039516,1.302005,-0.2587357,0.1134883,1.522728,-0.2168584,0.9933271,-0.1138561,-0.01838529,0.1255834,1.523021,-0.2478565,0.9933038,-0.1152383,0.008228421,0.1014621,1.522476,-0.1858191,0.9927698,-0.1124838,-0.04189724,0.1135228,1.522749,-0.2168378,359.59,68.74962,0.4690926,0,6,False
1,Right_Head_Close,91,25.67999,0.1136077,1.522758,-0.2167829,0.1300443,1.210353,-0.1918958,-0.3524283,0.542926,0.3816211,0.6598417,0.2997768,1.090097,-0.2256203,-0.0226436,0.643057,-0.1014477,0.7587314,MathCanvas,2.040892,1.301832,-0.2525111,0.1135228,1.522749,-0.2168378,0.993445,-0.1141013,0.006940961,0.1257237,1.523021,-0.2477801,0.9927646,-0.1151457,0.03405637,0.1014917,1.522495,-0.1857857,0.9935091,-0.1125438,-0.01654291,0.1136077,1.522758,-0.2167829,359.5678,68.64735,0.4523791,0,6,False
1,Right_Head_Close,92,25.69999,0.1137591,1.522794,-0.2166529,0.1300109,1.210352,-0.1918737,-0.3528026,0.5428835,0.3814685,0.6597649,0.2997328,1.090088,-0.2253617,-0.02264681,0.642574,-0.1012976,0.7591605,MathCanvas,2.051718,1.300158,-0.2032418,0.113683,1.522773,-0.2167172,0.9928119,-0.119211,0.01064569,0.1259666,1.523035,-0.2476144,0.9919899,-0.1206162,0.037521,0.1015517,1.522554,-0.1856914,0.9929332,-0.1179508,-0.01308531,0.1137591,1.522794,-0.2166529,359.5426,68.47846,0.4144489,0,6,False
1,Right_Head_Close,93,25.71999,0.1138205,1.522783,-0.2166169,0.129876,1.21031,-0.191842,-0.3538551,0.5429912,0.380979,0.6593953,0.2995879,1.090049,-0.2242067,-0.02243912,0.6405025,-0.1009315,0.7609638,MathCanvas,2.049587,1.290352,-0.1958953,0.1137591,1.522794,-0.2166529,0.992785,-0.1192836,0.01222616,0.1260783,1.523003,-0.2475586,0.9918554,-0.1211917,0.03918231,0.1015626,1.522562,-0.1856751,0.9928826,-0.118548,-0.01142383,0.1138205,1.522783,-0.2166169,359.5656,68.3857,0.3796779,0,6,False
1,Right_Head_Close,94,25.73999,0.1139096,1.522832,-0.2165766,0.1296953,1.210334,-0.1918063,-0.3552579,0.542303,0.3810701,0.6591547,0.2995949,1.089761,-0.2232453,-0.02148834,0.6389735,-0.1015879,0.7621883,MathCanvas,2.049724,1.290183,-0.1927761,0.1138731,1.522819,-0.216611,0.9926364,-0.119763,0.01815975,0.1262595,1.523046,-0.2474818,0.9916145,-0.1211905,0.04487276,0.1015598,1.522617,-0.1856714,0.9929286,-0.1185729,-0.005779386,0.1139096,1.522832,-0.2165766,359.5659,68.21538,0.3691216,0,6,False
1,Right_Head_Close,95,25.75999,0.1139627,1.522832,-0.216521,0.1296953,1.210334,-0.1918063,-0.3552579,0.542303,0.3810701,0.6591547,0.2996,1.089653,-0.2229818,-0.02115163,0.6386046,-0.1018193,0.762476,MathCanvas,2.051707,1.289033,-0.1811257,0.1139096,1.522832,-0.2165766,0.9925956,-0.1198818,0.01955688,0.1263579,1.523041,-0.2474081,0.9915331,-0.1213028,0.04634321,0.1015675,1.522623,-0.1856339,0.9929217,-0.1186918,-0.004307628,0.1139627,1.522832,-0.216521,359.5696,68.13138,0.3598225,0,6,False
1,Right_Head_Close,96,25.77999,0.1140187,1.522838,-0.2164643,0.1296504,1.210347,-0.1917846,-0.3556073,0.5419652,0.3811565,0.6591942,0.2996,1.089653,-0.2229818,-0.02115163,0.6386046,-0.1018193,0.762476,MathCanvas,2.051538,1.288819,-0.1783454,0.1139627,1.522832,-0.216521,0.9925514,-0.1199975,0.02102876,0.1264582,1.523041,-0.2473335,0.9914412,-0.1214961,0.04778218,0.1015791,1.522636,-0.185595,0.9929031,-0.1188919,-0.002866924,0.1140187,1.522838,-0.2164643,359.5775,68.04922,0.3486184,0,6,False
1,Right_Head_Close,97,25.79999,0.1139871,1.522645,-0.21638,0.1290863,1.210463,-0.1916299,-0.3566416,0.5416097,0.3813317,0.6588261,0.2994452,1.089511,-0.2215523,-0.02020753,0.6355142,-0.1027277,0.7649578,MathCanvas,2.051716,1.288575,-0.1754111,0.1140065,1.522769,-0.2164362,0.9928951,-0.1166673,0.02340901,0.1264844,1.522834,-0.247226,0.9916679,-0.1188782,0.04962629,0.1014897,1.522457,-0.185534,0.9932084,-0.1163446,-0.001019835,0.1139871,1.522645,-0.21638,359.6741,67.94266,0.3244072,0,6,False
1,Right_Head_Close,98,25.81999,0.1139685,1.522561,-0.2163433,0.1288887,1.210499,-0.1917349,-0.3570005,0.5417358,0.3809986,0.6587209,0.2994272,1.089551,-0.2212486,-0.02019531,0.6349156,-0.1026281,0.7654684,MathCanvas,2.05463,1.294616,-0.1706265,0.1139871,1.522645,-0.21638,0.9922581,-0.1228433,0.01825929,0.1265003,1.522752,-0.2471754,0.9911802,-0.1247968,0.04458153,0.1014368,1.522371,-0.1855113,0.9924983,-0.1221136,-0.005953372,0.1139685,1.522561,-0.2163433,359.7133,67.87892,0.3278313,0,6,False
1,Right_Head_Close,99,25.83999,0.1139764,1.522452,-0.2162491,0.128819,1.210513,-0.19178,-0.3572837,0.5416444,0.3808599,0.6587226,0.2994242,1.089559,-0.2212051,-0.02021107,0.6348907,-0.1025351,0.7655011,MathCanvas,2.047116,1.283235,-0.1807699,0.1139683,1.522507,-0.2162956,0.9920803,-0.1239233,0.02049154,0.1265839,1.522636,-0.2470503,0.9909513,-0.1257256,0.04699457,0.1013689,1.522267,-0.1854479,0.9923961,-0.123034,-0.003536046,0.1139764,1.522452,-0.2162491,359.7715,67.73856,0.3175285,0,6,False
1,Right_Head_Close,100,25.85999,0.1139257,1.52235,-0.2162445,0.128314,1.210623,-0.1920879,-0.3605009,0.5399885,0.380005,0.6588231,0.2994498,1.089573,-0.2210203,-0.02015278,0.6348543,-0.1021912,0.7655787,MathCanvas,2.046819,1.281015,-0.176326,0.1139764,1.522452,-0.2162491,0.9919965,-0.1243799,0.02174085,0.1265656,1.522558,-0.2470323,0.9909616,-0.1252744,0.04797113,0.1012858,1.522142,-0.1854568,0.9924586,-0.1225535,-0.002556682,0.1139257,1.52235,-0.2162445,359.7582,67.67785,0.3580438,0,6,False
1,Right_Head_Close,101,25.87999,0.1138712,1.522435,-0.2162115,0.1273801,1.210981,-0.1920171,-0.36608,0.5367046,0.3794397,0.6587558,0.2996113,1.089456,-0.2204291,-0.01942638,0.6339488,-0.1024901,0.7663076,MathCanvas,2.046008,1.280099,-0.1739004,0.1138856,1.522421,-0.2162358,0.992681,-0.11846,0.02348924,0.1265615,1.522647,-0.2469784,0.9915668,-0.1197128,0.0496425,0.1011808,1.522223,-0.1854445,0.993121,-0.1170903,-0.0008836389,0.1138712,1.522435,-0.2162115,359.7342,67.58376,0.3643786,0,6,False
1,Right_Head_Close,102,25.89999,0.1138582,1.522431,-0.2161792,0.1273785,1.211007,-0.1919308,-0.3658316,0.5368986,0.3795303,0.6586835,0.2996283,1.089449,-0.2203571,-0.01939538,0.6338259,-0.1025414,0.7664033,MathCanvas,2.050468,1.291335,-0.1703868,0.1138712,1.522435,-0.2162115,0.9933379,-0.1126186,0.02443272,0.1265781,1.52264,-0.246934,0.9921829,-0.1140584,0.05063498,0.1011384,1.522221,-0.1854244,0.9937593,-0.1115459,0.0001090169,0.1138582,1.522431,-0.2161792,359.744,67.52891,0.3604306,0,6,False
1,Right_Head_Close,103,25.91999,0.1136695,1.522294,-0.2163277,0.1277229,1.211077,-0.191515,-0.3638417,0.5380921,0.379435,0.6588666,0.2996354,1.089731,-0.219572,-0.01955655,0.6326841,-0.1015575,0.7674728,MathCanvas,2.053986,1.302471,-0.1684587,0.1138015,1.522403,-0.2161972,0.9932237,-0.1131615,0.02647722,0.1264402,1.522463,-0.2470616,0.991924,-0.1155285,0.05234414,0.1008987,1.522124,-0.1855938,0.9935874,-0.1130518,0.001819253,0.1136695,1.522294,-0.2163277,359.8098,67.43485,0.2921649,0,6,False
1,Right_Head_Close,104,25.93999,0.1136331,1.522271,-0.216391,0.1277929,1.21113,-0.1914335,-0.3638399,0.5380062,0.3793366,0.6589944,0.2996571,1.089801,-0.2193365,-0.01960156,0.6324427,-0.101577,0.7676681,MathCanvas,2.053823,1.301245,-0.1646072,0.1136695,1.522294,-0.2163277,0.9933907,-0.1110968,0.02885234,0.1264146,1.522416,-0.2471206,0.9921436,-0.1125914,0.05453628,0.1008517,1.522126,-0.1856614,0.9938993,-0.1102199,0.003978848,0.1136331,1.522271,-0.216391,359.8124,67.41521,0.2491086,0,6,False
1,Right_Head_Close,105,25.95999,0.1136208,1.522252,-0.2164243,0.1278232,1.211148,-0.1914077,-0.3637928,0.5380016,0.379297,0.6590469,0.299666,1.08982,-0.2192991,-0.01959503,0.6324003,-0.1016938,0.7676877,MathCanvas,2.05519,1.305135,-0.1599998,0.1136331,1.522271,-0.216391,0.9931377,-0.1144632,0.02399361,0.1264238,1.522381,-0.247145,0.9920017,-0.1159165,0.04996067,0.1008177,1.522123,-0.1857037,0.9935403,-0.1134782,-0.0005019307,0.1136208,1.522252,-0.2164243,359.8162,67.37498,0.2215643,0,6,False
1,Right_Head_Close,106,25.97999,0.1137225,1.522445,-0.2165175,0.1279847,1.211246,-0.1912528,-0.3632531,0.5380437,0.3789966,0.659483,0.2996959,1.089896,-0.2190443,-0.01941749,0.6320015,-0.102493,0.7679142,MathCanvas,2.050282,1.299044,-0.1696356,0.1136816,1.522359,-0.2164782,0.9916773,-0.126489,0.02402031,0.1265196,1.522525,-0.2472409,0.9906188,-0.1273892,0.04945952,0.1009255,1.522366,-0.1857942,0.9921801,-0.1248104,-0.0009976625,0.1137225,1.522445,-0.2165175,359.7043,67.38633,0.1365906,0,6,False
1,Right_Head_Close,107,25.99999,0.1138465,1.522709,-0.2165767,0.1281982,1.211326,-0.1910961,-0.3625967,0.5380347,0.3788964,0.6599089,0.2997132,1.089928,-0.2188956,-0.01918149,0.6319509,-0.1020994,0.7680143,MathCanvas,2.041365,1.276574,-0.1698264,0.1137225,1.522445,-0.2165175,0.9917214,-0.1260999,0.02424264,0.1266207,1.522766,-0.2473096,0.9907935,-0.1262525,0.04887199,0.1010723,1.522651,-0.1858438,0.9923146,-0.1237308,-0.001588881,0.1138465,1.522709,-0.2165767,359.621,67.42904,0.09899491,0,6,False
1,Right_Head_Close,108,26.01999,0.1139078,1.522793,-0.2167141,0.1284308,1.21138,-0.1910195,-0.3622415,0.537918,0.3785421,0.6604023,0.2998095,1.08991,-0.2188993,-0.01889831,0.6324885,-0.1018724,0.7676088,MathCanvas,2.040839,1.277686,-0.1694713,0.11388,1.522755,-0.2166526,0.9919443,-0.1260306,0.01275992,0.1266678,1.522819,-0.2474529,0.9911335,-0.1274124,0.03768933,0.1011478,1.522768,-0.1859752,0.9920956,-0.1248526,-0.0125733,0.1139078,1.522793,-0.2167141,359.6309,67.4559,0.04390361,0,6,False
1,Right_Head_Close,109,26.03999,0.1139401,1.522835,-0.2167641,0.1284999,1.2114,-0.1909925,-0.3621745,0.5378414,0.378408,0.6605783,0.299863,1.089902,-0.2189106,-0.01877311,0.6326787,-0.1019439,0.7674456,MathCanvas,2.035966,1.278588,-0.1919896,0.1139078,1.522793,-0.2167141,0.9919338,-0.1261326,0.01256615,0.1266929,1.522846,-0.247506,0.9911493,-0.1273393,0.03751874,0.1011874,1.522824,-0.1860223,0.9920995,-0.1248041,-0.0127455,0.1139401,1.522835,-0.2167641,359.6171,67.46954,0.01908292,0,6,False
1,Right_Head_Close,110,26.05999,0.1141534,1.522981,-0.2169777,0.1287575,1.211536,-0.1907911,-0.3620164,0.5377576,0.3781036,0.6609074,0.3008344,1.089762,-0.2197966,-0.01805076,0.6362761,-0.1041775,0.7641819,MathCanvas,2.035063,1.278548,-0.1924267,0.1140004,1.522794,-0.2169147,0.9877633,-0.1542203,-0.02323258,0.1268329,1.523033,-0.2477497,0.9880183,-0.1543368,0.0002074242,0.1014738,1.522929,-0.1862056,0.9873093,-0.150954,-0.04932833,0.1141534,1.522981,-0.2169777,359.5267,67.60532,0.08987761,0,6,False
1,Right_Head_Close,111,26.07999,0.114263,1.523098,-0.2170292,0.1287952,1.211539,-0.1907896,-0.3618495,0.5379887,0.378108,0.6608082,0.3009135,1.089834,-0.2199965,-0.01844493,0.6366007,-0.1038196,0.7639509,MathCanvas,2.00171,1.228275,-0.2613737,0.1141534,1.522981,-0.2169777,0.9879758,-0.1526456,-0.02456164,0.1269193,1.523158,-0.2478108,0.9881536,-0.1534674,-0.0005170107,0.1016066,1.523038,-0.1862475,0.9874045,-0.1500906,-0.05005264,0.114263,1.523098,-0.2170292,359.4776,67.64822,0.1032008,0,6,False
1,Right_Head_Close,112,26.09999,0.1143459,1.52319,-0.2170851,0.1287952,1.211539,-0.1907896,-0.3618495,0.5379887,0.378108,0.6608082,0.3009135,1.089834,-0.2199965,-0.01844493,0.6366007,-0.1038196,0.7639509,MathCanvas,2.001873,1.231456,-0.2639562,0.114263,1.523098,-0.2170292,0.9866338,-0.1609887,-0.0252291,0.1269816,1.523252,-0.2478752,0.9867648,-0.1621547,-0.001089752,0.1017101,1.523128,-0.186295,0.986045,-0.1585944,-0.05062735,0.1143459,1.52319,-0.2170851,359.4402,67.68658,0.1066918,0,6,False
1,Right_Head_Close,113,26.11999,0.1145301,1.52315,-0.2173223,0.1291468,1.211426,-0.1909238,-0.3601733,0.539658,0.377145,0.6609131,0.301206,1.090214,-0.2207902,-0.01982734,0.6376207,-0.1030018,0.7631758,MathCanvas,1.995764,1.2162,-0.2651945,0.114435,1.523288,-0.2171356,0.9867918,-0.1597826,-0.02667248,0.12709,1.523247,-0.2481433,0.9865477,-0.1634298,-0.003790617,0.1019702,1.523054,-0.1865013,0.9857106,-0.1597864,-0.05332023,0.1145301,1.52315,-0.2173223,359.5449,67.82722,0.166453,0,6,False
1,Right_Head_Close,114,26.13999,0.1145773,1.523181,-0.2174749,0.1293631,1.211302,-0.1910516,-0.3589839,0.540661,0.3765096,0.6611027,0.3012748,1.090381,-0.2212305,-0.02005634,0.63788,-0.1029461,0.7629607,MathCanvas,1.995867,1.218522,-0.2681739,0.1145301,1.52315,-0.2173223,0.9864417,-0.1616083,-0.02855659,0.1271344,1.523293,-0.248297,0.986569,-0.1632973,-0.003954351,0.1020202,1.523068,-0.1866528,0.9857269,-0.1596314,-0.05348206,0.1145773,1.523181,-0.2174749,359.5477,67.8322,0.1935013,0,6,False
1,Right_Head_Close,115,26.15999,0.1146814,1.523278,-0.2176377,0.1294228,1.21126,-0.1910956,-0.35865,0.5407934,0.3764764,0.6611946,0.3012978,1.090435,-0.2213991,-0.02007482,0.6380888,-0.1029553,0.7627844,MathCanvas,1.99371,1.215323,-0.2718741,0.1146156,1.523245,-0.2175585,0.9867448,-0.1608568,-0.02144909,0.1272089,1.523392,-0.2484718,0.9867179,-0.1624182,0.002814293,0.1021539,1.523163,-0.1868036,0.9861925,-0.158827,-0.04688585,0.1146814,1.523278,-0.2176377,359.4964,67.88701,0.1976314,0,6,False
1,Right_Head_Close,116,26.17999,0.1147431,1.523313,-0.2177107,0.1294228,1.21126,-0.1910956,-0.35865,0.5407934,0.3764764,0.6611946,0.3012978,1.090435,-0.2213991,-0.02007482,0.6380888,-0.1029553,0.7627844,MathCanvas,1.996793,1.21646,-0.2585496,0.1146814,1.523278,-0.2176377,0.9867917,-0.1604899,-0.02202833,0.1272525,1.523432,-0.2485522,0.9868076,-0.1618824,0.002244294,0.1022338,1.523193,-0.1868692,0.9862503,-0.158298,-0.04745603,0.1147431,1.523313,-0.2177107,359.4746,67.92056,0.2057803,0,6,False
1,Right_Head_Close,117,26.19999,0.1147215,1.523575,-0.2182587,0.1300981,1.211097,-0.191301,-0.3556933,0.5429253,0.3749195,0.6619289,0.3016681,1.090766,-0.2228713,-0.02123114,0.6406426,-0.1044597,0.7604041,MathCanvas,1.996795,1.21722,-0.259724,0.1147216,1.523609,-0.2179976,0.987276,-0.1576125,-0.02108407,0.1271118,1.523645,-0.2491484,0.9870952,-0.1601156,0.002460659,0.1023312,1.523506,-0.187369,0.9865159,-0.1566733,-0.04732543,0.1147215,1.523575,-0.2182587,359.414,68.14233,0.1201486,0,6,False
1,Right_Head_Close,118,26.21999,0.1147416,1.523548,-0.2184907,0.1300645,1.21111,-0.1912985,-0.3558291,0.5427535,0.3750732,0.6619098,0.3016649,1.090769,-0.222933,-0.02135417,0.6406958,-0.1043439,0.7603719,MathCanvas,1.999108,1.222745,-0.2585012,0.1147215,1.523575,-0.2182587,0.9860275,-0.1646225,-0.02547765,0.12709,1.523616,-0.2493971,0.9859549,-0.1670003,-0.001984835,0.1023932,1.523481,-0.1875843,0.9852048,-0.163397,-0.05170178,0.1147416,1.523548,-0.2184907,359.4489,68.22018,0.1164709,0,6,False
1,Right_Head_Close,119,26.23999,0.1147905,1.52357,-0.2188868,0.1300163,1.211119,-0.1913089,-0.3559858,0.5426941,0.3752694,0.661763,0.3016619,1.09078,-0.2229997,-0.02148271,0.6407515,-0.1042173,0.7603386,MathCanvas,1.992724,1.210009,-0.2670153,0.1147639,1.523544,-0.2187011,0.9858072,-0.1655203,-0.02805948,0.1270653,1.523642,-0.2498225,0.98586,-0.1675138,-0.004388869,0.1025157,1.523498,-0.1879511,0.9849935,-0.1638927,-0.05410272,0.1147905,1.52357,-0.2188868,359.4842,68.35641,0.1240568,0,6,False
1,Right_Head_Close,120,26.25999,0.1150053,1.52388,-0.2191788,0.1297481,1.211068,-0.1917525,-0.3566721,0.5434781,0.3764263,0.6600909,0.3017871,1.090565,-0.2240099,-0.02173308,0.6424112,-0.1044011,0.7589044,MathCanvas,1.991163,1.208521,-0.2722948,0.1147905,1.52357,-0.2188868,0.9856532,-0.1662576,-0.02909207,0.1272431,1.523895,-0.2501293,0.9863214,-0.1647613,-0.004882932,0.1027676,1.523865,-0.1882282,0.9853833,-0.1613614,-0.05461097,0.1150053,1.52388,-0.2191788,359.2396,68.42598,0.02586658,0,6,False
1,Right_Head_Close,121,26.27999,0.1153858,1.524571,-0.2193345,0.1296883,1.211047,-0.1918603,-0.3566707,0.5435359,0.3765669,0.6599638,0.3018256,1.090345,-0.2243196,-0.02148309,0.6428089,-0.1049801,0.7584948,MathCanvas,1.990539,1.20752,-0.2745361,0.1150053,1.52388,-0.2191788,0.9873773,-0.1563557,-0.02527845,0.1275792,1.524588,-0.2503025,0.9879936,-0.1544871,-0.001562655,0.1031923,1.524555,-0.1883666,0.9871572,-0.1512595,-0.05139315,0.1153858,1.524571,-0.2193345,359.0213,68.50777,0.02873643,0,6,False
1,Right_Head_Close,122,26.29999,0.1156373,1.524848,-0.2198174,0.129641,1.211029,-0.191916,-0.3565476,0.5434486,0.3766175,0.6600733,0.3018348,1.090232,-0.2244431,-0.02130446,0.6429005,-0.1051881,0.7583934,MathCanvas,1.99906,1.226283,-0.2675596,0.1154979,1.524647,-0.2196045,0.9871302,-0.1572247,-0.0292331,0.1277457,1.52486,-0.2508188,0.9875439,-0.157245,-0.005589426,0.1035289,1.524836,-0.1888161,0.9865236,-0.1539588,-0.05538827,0.1156373,1.524848,-0.2198174,358.7807,68.66515,0.02073106,0,6,False
1,Right_Head_Close,123,26.31999,0.1153919,1.525201,-0.2199597,0.1296244,1.211021,-0.1919378,-0.3564951,0.5434068,0.3766355,0.6601257,0.3018538,1.090011,-0.2247377,-0.02091238,0.6434085,-0.1054074,0.7579429,MathCanvas,1.99719,1.225164,-0.2755381,0.1156373,1.524848,-0.2198174,0.9873493,-0.1556021,-0.03049183,0.1274232,1.525148,-0.250991,0.9872616,-0.158914,-0.007815361,0.1033606,1.525254,-0.1889284,0.9861231,-0.1556974,-0.05761606,0.1153919,1.525201,-0.2199597,358.8407,68.80977,359.9093,0,6,False
1,Right_Head_Close,124,26.33999,0.1164404,1.527256,-0.2230944,0.1296244,1.211021,-0.1919378,-0.3564951,0.5434068,0.3766355,0.6601257,0.3017378,1.089704,-0.2251956,-0.02072552,0.6439793,-0.1053965,0.7574646,MathCanvas,1.998317,1.22846,-0.2781092,0.1159182,1.526765,-0.2215643,0.9874209,-0.1521504,-0.04301298,0.1276355,1.526879,-0.2544348,0.9880136,-0.1509565,-0.03226548,0.1052454,1.527632,-0.1917539,0.9855132,-0.1484264,-0.0820564,0.1164404,1.527256,-0.2230944,358.124,70.36407,359.3517,0,6,False
1,Right_Head_Close,125,26.35999,0.1168187,1.527638,-0.2247903,0.1295845,1.210992,-0.1919888,-0.3563862,0.5433702,0.3766822,0.6601881,0.3016922,1.089658,-0.2252294,-0.02080882,0.6439173,-0.1052852,0.7575305,MathCanvas,1.996447,1.237568,-0.3049892,0.1164404,1.527256,-0.2230944,0.9822446,-0.1751029,-0.06734097,0.1274054,1.527172,-0.2563402,0.9828251,-0.1741863,-0.06094146,0.1062319,1.528104,-0.1932403,0.97902,-0.1712416,-0.110436,0.1168187,1.527638,-0.2247903,357.9052,71.4799,359.1973,0,6,False
1,Right_Head_Close,126,26.37999,0.117644,1.528667,-0.2279701,0.129541,1.210953,-0.192033,-0.3562483,0.5433752,0.376727,0.6602329,0.3016802,1.089645,-0.2252463,-0.02084655,0.6439098,-0.1052306,0.7575435,MathCanvas,1.972066,1.196907,-0.3519828,0.1172198,1.528219,-0.2262471,0.980676,-0.1705751,-0.09580708,0.1274335,1.528031,-0.2597735,0.981854,-0.1697485,-0.08454686,0.1078544,1.529303,-0.1961667,0.9767861,-0.1671718,-0.1339495,0.117644,1.528667,-0.2279701,357.5081,72.9385,358.904,0,6,False
1,Right_Head_Close,127,26.39999,0.1176023,1.526792,-0.2307452,0.129282,1.210539,-0.19159,-0.3552209,0.5425076,0.3763427,0.6617174,0.3017215,1.088672,-0.2254979,-0.01921129,0.6449644,-0.1062218,0.7565506,MathCanvas,1.964511,1.20743,-0.4083996,0.117644,1.528667,-0.2279701,0.9775562,-0.1694866,-0.1251333,0.1260654,1.527027,-0.2629324,0.9747991,-0.1688226,-0.1458272,0.1091392,1.526557,-0.1985579,0.9669882,-0.1647326,-0.1944143,0.1176023,1.526792,-0.2307452,358.0195,75.25444,0.4054383,0,6,False
1,Right_Head_Close,128,26.41999,0.1177586,1.526406,-0.232382,0.1292598,1.210508,-0.1913368,-0.3544863,0.5419616,0.3763247,0.6625684,0.3018479,1.088114,-0.2254333,-0.01742378,0.645632,-0.1079902,0.7557737,MathCanvas,1.953246,1.208532,-0.465719,0.1176023,1.526792,-0.2307452,0.9711998,-0.166778,-0.1701655,0.1256154,1.526742,-0.2647217,0.9715893,-0.1699356,-0.1647307,0.1099018,1.52607,-0.2000424,0.9628732,-0.1656592,-0.2131483,0.1177586,1.526406,-0.232382,358.1644,76.32618,0.5786962,0,6,False
1,Right_Head_Close,129,26.43999,0.1180148,1.525697,-0.2360365,0.1292598,1.210508,-0.1913368,-0.3544863,0.5419616,0.3763247,0.6625684,0.3018479,1.088114,-0.2254333,-0.01742378,0.645632,-0.1079902,0.7557737,MathCanvas,1.937156,1.213973,-0.5511616,0.1179551,1.526084,-0.2342134,0.9522672,-0.176729,-0.2489058,0.1246876,1.526244,-0.2686382,0.9531857,-0.1790243,-0.243695,0.1113419,1.52515,-0.2034348,0.9410267,-0.1738469,-0.2902513,0.1180148,1.525697,-0.2360365,358.2451,78.40375,0.9420224,0,6,False
1,Right_Head_Close,130,26.45999,0.1178374,1.525327,-0.2370027,0.1291996,1.210494,-0.1910996,-0.3538201,0.541455,0.376383,0.6633052,0.301782,1.087998,-0.224704,-0.01631111,0.6451904,-0.1090043,0.75603,MathCanvas,1.897187,1.195504,-0.7010806,0.1180148,1.525697,-0.2360365,0.9473958,-0.1764362,-0.2670425,0.1238004,1.52563,-0.2697448,0.9451563,-0.1928958,-0.2635729,0.1118744,1.525024,-0.2042606,0.9320492,-0.1877769,-0.3098775,0.1178374,1.525327,-0.2370027,358.9405,79.66876,0.5222237,0,6,False
1,Right_Head_Close,131,26.47999,0.1179303,1.524738,-0.2389343,0.1287995,1.210286,-0.1904279,-0.353289,0.5394292,0.3769372,0.6649221,0.301471,1.088179,-0.223664,-0.01583886,0.6433305,-0.106808,0.7579361,MathCanvas,1.886865,1.195876,-0.7356388,0.117908,1.525018,-0.2380852,0.9480832,-0.1955514,-0.250795,0.1231936,1.525228,-0.2717939,0.9509368,-0.1991882,-0.2367344,0.112667,1.524249,-0.2060747,0.9388367,-0.1940618,-0.2844745,0.1179303,1.524738,-0.2389343,359.26,80.88899,0.8428077,0,6,False
1,Right_Head_Close,132,26.49999,0.1179369,1.524412,-0.2399812,0.1287995,1.210286,-0.1904279,-0.353289,0.5394292,0.3769372,0.6649221,0.301471,1.088179,-0.223664,-0.01583886,0.6433305,-0.106808,0.7579361,MathCanvas,1.879492,1.161399,-0.7049176,0.1179303,1.524738,-0.2389343,0.9449369,-0.1966848,-0.2615516,0.1227277,1.524971,-0.2729119,0.9466923,-0.2009535,-0.2517763,0.113146,1.523853,-0.2070505,0.9338709,-0.1956957,-0.2993132,0.1179369,1.524412,-0.2399812,359.4202,81.71277,0.9623131,0,6,False
1,Right_Head_Close,133,26.51999,0.1178487,1.52381,-0.2408348,0.1283965,1.210006,-0.1897767,-0.352879,0.538402,0.3776808,0.6655501,0.3007722,1.088718,-0.2216974,-0.01576993,0.640335,-0.1046041,0.7607762,MathCanvas,1.870695,1.159582,-0.7251316,0.117959,1.524075,-0.2409121,0.9365186,-0.1996135,-0.2882493,0.1223722,1.524335,-0.2738038,0.9437441,-0.2050592,-0.259418,0.1133251,1.523286,-0.2078657,0.9305564,-0.1997679,-0.3068509,0.1178487,1.52381,-0.2408348,359.6561,82.18198,0.9028869,0,6,False
1,Right_Head_Close,134,26.53999,0.1178752,1.523686,-0.2412375,0.1282538,1.209965,-0.1895832,-0.3528478,0.5382125,0.3778185,0.6656418,0.3004754,1.088851,-0.2209738,-0.01580775,0.6392161,-0.104403,0.7617434,MathCanvas,1.854243,1.153708,-0.7752762,0.1178487,1.52381,-0.2408348,0.9393536,-0.2017277,-0.2773459,0.1222457,1.524263,-0.2742263,0.9440577,-0.2051334,-0.2582157,0.1135048,1.523109,-0.2082487,0.930895,-0.1998166,-0.3057904,0.1178752,1.523686,-0.2412375,359.7447,82.44883,0.992704,0,6,False
1,Right_Head_Close,135,26.55999,0.1179034,1.5236,-0.2414334,0.1281553,1.209942,-0.1894726,-0.3528889,0.5381015,0.3778913,0.6656684,0.3004057,1.088882,-0.2207881,-0.01581633,0.6389104,-0.104263,0.7620189,MathCanvas,1.856029,1.150415,-0.7544306,0.1178752,1.523686,-0.2412375,0.9549356,-0.2168099,-0.2027113,0.1221324,1.524225,-0.2744397,0.9585029,-0.2193882,-0.1820468,0.1136743,1.522975,-0.208427,0.9487265,-0.2145683,-0.2321175,0.1179034,1.5236,-0.2414334,359.7847,82.69445,1.075759,0,6,False
1,Right_Head_Close,136,26.57999,0.1179075,1.523396,-0.2418612,0.1281119,1.209931,-0.189426,-0.3529289,0.5380526,0.3779047,0.6656791,0.3003295,1.088929,-0.2205622,-0.01584604,0.6385346,-0.1040595,0.7623609,MathCanvas,1.884886,1.122422,-0.616524,0.1179075,1.523516,-0.241631,0.9522032,-0.218278,-0.213691,0.1217186,1.524096,-0.2749169,0.9552852,-0.2219233,-0.195398,0.1140965,1.522696,-0.2088055,0.9448559,-0.2169441,-0.2453215,0.1179075,1.523396,-0.2418612,359.9654,83.42261,1.204522,0,6,False
1,Right_Head_Close,137,26.59999,0.1180651,1.523547,-0.2417174,0.127751,1.209862,-0.1886796,-0.3532186,0.5366924,0.3777875,0.6666893,0.3000869,1.089139,-0.2191478,-0.01625648,0.6363922,-0.1031272,0.764268,MathCanvas,1.879274,1.11963,-0.6371425,0.1179075,1.523396,-0.2418612,0.9529316,-0.2165082,-0.2122393,0.1221464,1.524179,-0.2747422,0.9601072,-0.2150962,-0.1786833,0.1139839,1.522915,-0.2086926,0.95047,-0.2103838,-0.228791,0.1180651,1.523547,-0.2417174,359.6911,82.94912,1.088422,0,6,False
1,Right_Head_Close,138,26.61999,0.1180782,1.523403,-0.241514,0.1276115,1.209864,-0.1883332,-0.3534412,0.5360686,0.377468,0.6672539,0.3002967,1.089073,-0.219035,-0.01643202,0.6368003,-0.1037446,0.7638406,MathCanvas,1.884793,1.122142,-0.6352073,0.1180832,1.523502,-0.2415785,0.9492074,-0.2325253,-0.2119849,0.122061,1.524092,-0.2745497,0.9532165,-0.2363112,-0.1885077,0.1140954,1.522714,-0.2084782,0.9432276,-0.2311259,-0.2385418,0.1180782,1.523403,-0.241514,359.8549,83.12259,1.18607,0,6,False
1,Right_Head_Close,139,26.63999,0.1179876,1.523166,-0.2411105,0.1274716,1.209853,-0.1880643,-0.3538406,0.5358822,0.3772402,0.6673208,0.3004507,1.089105,-0.218915,-0.01660407,0.6370914,-0.1037946,0.7635874,MathCanvas,1.876248,1.092708,-0.634163,0.1180782,1.523403,-0.241514,0.9485496,-0.2335095,-0.2138386,0.1221103,1.523923,-0.2741275,0.9535338,-0.2375531,-0.1853158,0.1138649,1.522408,-0.2080935,0.9437498,-0.2322374,-0.2353767,0.1179876,1.523166,-0.2411105,359.9837,82.88219,1.304028,0,6,False
1,Right_Head_Close,140,26.65999,0.1181256,1.52329,-0.2394391,0.1271633,1.209825,-0.1874214,-0.3549282,0.5345402,0.3772166,0.6678327,0.3007196,1.08919,-0.2184874,-0.01654604,0.6371703,-0.1036138,0.7635474,MathCanvas,1.879619,1.089496,-0.6382481,0.1179773,1.523048,-0.2409373,0.9488566,-0.2355897,-0.2101637,0.1225867,1.523993,-0.2724133,0.9553555,-0.2379578,-0.1751338,0.1136645,1.522588,-0.2064648,0.946086,-0.2327243,-0.2253011,0.1181256,1.52329,-0.2394391,359.9777,82.2947,1.208798,0,6,False
1,Right_Head_Close,141,26.67999,0.1181685,1.52331,-0.2388067,0.1270571,1.209804,-0.1871604,-0.3552418,0.5339401,0.377202,0.6681541,0.3008484,1.089211,-0.2182401,-0.01641265,0.6370497,-0.1035,0.7636662,MathCanvas,1.883756,1.084906,-0.6305112,0.1181256,1.52329,-0.2394391,0.9485415,-0.2332938,-0.2141103,0.1227881,1.523927,-0.2717608,0.9541682,-0.2360634,-0.1839489,0.1135489,1.522693,-0.2058525,0.9444906,-0.230832,-0.2337822,0.1181685,1.52331,-0.2388067,359.9327,82.01888,1.061793,0,6,False
1,Right_Head_Close,142,26.69999,0.1183495,1.523428,-0.2375318,0.1270287,1.209792,-0.1870781,-0.3552886,0.5337821,0.3771832,0.6682661,0.3008944,1.089214,-0.2181537,-0.01636022,0.6370169,-0.1034512,0.7637013,MathCanvas,1.888663,1.087857,-0.6384527,0.1182428,1.523378,-0.2381737,0.9512103,-0.2240993,-0.212081,0.1232205,1.523958,-0.2704512,0.9564943,-0.2268995,-0.1833994,0.1134784,1.522898,-0.2046123,0.9468006,-0.2218825,-0.2331026,0.1183495,1.523428,-0.2375318,359.9171,81.58176,0.9127094,0,6,False
1,Right_Head_Close,143,26.71999,0.1182071,1.523122,-0.2372335,0.1269638,1.209703,-0.1866695,-0.3549371,0.5334506,0.3769437,0.6688524,0.3012535,1.089227,-0.217514,-0.01598826,0.63685,-0.1027233,0.7639466,MathCanvas,1.899655,1.103763,-0.63469,0.1183495,1.523428,-0.2375318,0.9519751,-0.2243918,-0.2083071,0.1232746,1.523633,-0.2701235,0.9574047,-0.2276803,-0.1775889,0.1131397,1.522611,-0.2043434,0.9480109,-0.2226805,-0.2273515,0.1182071,1.523122,-0.2372335,359.9539,81.24049,0.8791085,0,6,False
1,Right_Head_Close,144,26.73999,0.1181934,1.523036,-0.2365752,0.1269965,1.209655,-0.186361,-0.3543997,0.5333208,0.376753,0.6693481,0.301378,1.089206,-0.2171662,-0.01580608,0.6366743,-0.1023031,0.7641532,MathCanvas,1.907524,1.101359,-0.6287642,0.1182071,1.523122,-0.2372335,0.953036,-0.2251811,-0.2025242,0.1234324,1.523552,-0.2694383,0.9579904,-0.2289738,-0.1727002,0.1129544,1.52252,-0.2037121,0.9488624,-0.2239417,-0.222509,0.1181934,1.523036,-0.2365752,0.03782917,80.94276,0.8883318,0,6,False
1,Right_Head_Close,145,26.75999,0.1183746,1.523113,-0.2352496,0.1270245,1.209627,-0.1860477,-0.3541071,0.5331032,0.3766338,0.6697435,0.3014837,1.089208,-0.2167639,-0.01561979,0.6362295,-0.1021592,0.7645467,MathCanvas,1.913734,1.09879,-0.6181352,0.1182923,1.523115,-0.235906,0.9522791,-0.2190472,-0.2125635,0.1239795,1.523605,-0.2680527,0.9577889,-0.2218629,-0.1828048,0.1127697,1.522622,-0.2024466,0.9482291,-0.2167653,-0.2321094,0.1183746,1.523113,-0.2352496,0.02179585,80.30413,0.8455185,0,6,False
1,Right_Head_Close,146,26.77999,0.1184203,1.523195,-0.2345811,0.1270245,1.209627,-0.1860477,-0.3541071,0.5331032,0.3766338,0.6697435,0.3014837,1.089208,-0.2167639,-0.01561979,0.6362295,-0.1021592,0.7645467,MathCanvas,1.913513,1.110188,-0.6359524,0.1183746,1.523113,-0.2352496,0.9533309,-0.2193148,-0.2075118,0.1241915,1.523666,-0.2673556,0.958675,-0.2220901,-0.1778148,0.1126491,1.522723,-0.2018066,0.9493662,-0.2170205,-0.2271697,0.1184203,1.523195,-0.2345811,0.02315517,80.01357,0.8110152,0,6,False
1,Right_Head_Close,147,26.79999,0.1188989,1.523688,-0.2340015,0.1269174,1.209555,-0.1855121,-0.3548127,0.5325733,0.3765602,0.6698329,0.3017412,1.089326,-0.2153704,-0.01580036,0.6348466,-0.1022169,0.7656839,MathCanvas,1.920949,1.108521,-0.6269381,0.118729,1.523666,-0.2342613,0.9538325,-0.2171813,-0.2074513,0.1247928,1.524092,-0.266755,0.9589348,-0.2182979,-0.1810805,0.1130051,1.523285,-0.2012479,0.9494576,-0.2133164,-0.230275,0.1188989,1.523688,-0.2340015,359.6948,79.79539,0.6940274,0,6,False
1,Right_Head_Close,148,26.81999,0.1189909,1.523631,-0.2335966,0.126902,1.209539,-0.1854479,-0.3548842,0.532585,0.3765564,0.6697878,0.30175,1.089343,-0.2149967,-0.01590657,0.6344227,-0.1019492,0.7660687,MathCanvas,1.924394,1.112589,-0.6266831,0.1188989,1.523688,-0.2340015,0.9523513,-0.2072048,-0.2238151,0.124969,1.52403,-0.266335,0.9577103,-0.2097539,-0.1969623,0.1130128,1.523233,-0.2008583,0.9474983,-0.2047671,-0.2455958,0.1189909,1.523631,-0.2335966,359.6951,79.64804,0.6864871,0,6,False
1,Right_Head_Close,149,26.83999,0.1192686,1.523606,-0.2327815,0.126895,1.209529,-0.1854135,-0.3549046,0.5326047,0.3765432,0.6697689,0.3017457,1.089359,-0.2148946,-0.01592544,0.6342938,-0.10187,0.7661856,MathCanvas,1.92113,1.131537,-0.657123,0.1191373,1.523643,-0.2331816,0.95373,-0.2068534,-0.2181996,0.125455,1.523986,-0.2654813,0.9591182,-0.2091047,-0.1907024,0.1130822,1.523225,-0.2000816,0.9492126,-0.2041606,-0.2394036,0.1192686,1.523606,-0.2327815,359.6415,79.28288,0.6551986,0,6,False
1,Right_Head_Close,150,26.85999,0.1193187,1.52343,-0.2323543,0.1268591,1.209478,-0.1851981,-0.3549125,0.5327538,0.3763899,0.6697323,0.3017213,1.089339,-0.2143418,-0.01580989,0.6335534,-0.1017494,0.7668162,MathCanvas,1.92673,1.131588,-0.6463025,0.1192686,1.523606,-0.2327815,0.9566473,-0.1902152,-0.2205552,0.1256091,1.523824,-0.2650342,0.9613938,-0.1957266,-0.1934245,0.1130282,1.523037,-0.1996745,0.9513041,-0.1909768,-0.2419676,0.1193187,1.52343,-0.2323543,359.8515,79.10272,0.677855,0,6,False
1,Right_Head_Close,151,26.87999,0.1195498,1.523525,-0.232172,0.126858,1.209458,-0.1850662,-0.3549074,0.5327305,0.3761926,0.6698643,0.3017538,1.089266,-0.2141568,-0.01556403,0.6334315,-0.1021991,0.7668623,MathCanvas,1.937588,1.161894,-0.6515567,0.1193187,1.52343,-0.2323543,0.9566496,-0.1931552,-0.2179739,0.1258906,1.52391,-0.2648422,0.9618065,-0.1950197,-0.1920817,0.113209,1.52314,-0.1995018,0.9517745,-0.1903081,-0.2406414,0.1195498,1.523525,-0.232172,359.8135,79.01416,0.6626456,0,6,False
1,Right_Head_Close,152,26.89999,0.1199644,1.523723,-0.2316335,0.1268497,1.20945,-0.1850173,-0.3549587,0.5326961,0.3761336,0.6698976,0.3017771,1.089246,-0.2141336,-0.0155628,0.6334776,-0.1023354,0.7668059,MathCanvas,1.93791,1.156384,-0.6464878,0.1197193,1.523645,-0.2319032,0.9580953,-0.1920029,-0.2125758,0.1264407,1.524097,-0.2642772,0.963146,-0.1942759,-0.1860289,0.113488,1.523349,-0.1989897,0.9534002,-0.1896046,-0.2346874,0.1199644,1.523723,-0.2316335,359.7975,78.77622,0.6442713,0,6,False
1,Right_Head_Close,153,26.91999,0.1201547,1.523788,-0.2313689,0.1268497,1.20945,-0.1850173,-0.3549587,0.5326961,0.3761336,0.6698976,0.3017771,1.089246,-0.2141336,-0.0155628,0.6334776,-0.1023354,0.7668059,MathCanvas,1.943362,1.158313,-0.6361967,0.1199644,1.523723,-0.2316335,0.9585846,-0.1919408,-0.2104149,0.1267105,1.524156,-0.2639968,0.9635931,-0.1943262,-0.1836453,0.1135988,1.52342,-0.198741,0.9539659,-0.1896639,-0.2323287,0.1201547,1.523788,-0.2313689,359.7962,78.63671,0.633305,0,6,False
1,Right_Head_Close,154,26.93999,0.1201137,1.523644,-0.2304768,0.1267133,1.209309,-0.1848294,-0.3549655,0.5327761,0.3758837,0.6699705,0.3020296,1.089094,-0.2138785,-0.01538888,0.633237,-0.1015533,0.7671121,MathCanvas,1.945167,1.158359,-0.6319698,0.1199958,1.52357,-0.2309551,0.9598187,-0.1888129,-0.2076,0.1268487,1.524148,-0.2630664,0.965283,-0.1906175,-0.1785885,0.1133787,1.52314,-0.1978872,0.9559331,-0.1858025,-0.2273098,0.1201137,1.523644,-0.2304768,359.8143,78.3207,0.8677334,0,6,False
1,Right_Head_Close,155,26.95999,0.120251,1.523723,-0.2300754,0.1267157,1.209273,-0.184818,-0.3549312,0.5327522,0.375799,0.6700554,0.3020519,1.089071,-0.2138877,-0.01537097,0.6332733,-0.1016165,0.7670742,MathCanvas,1.94967,1.163739,-0.6261932,0.1201137,1.523644,-0.2304768,0.9620767,-0.1887806,-0.1969018,0.127095,1.524246,-0.262642,0.9670191,-0.1903567,-0.1692293,0.1134071,1.523199,-0.1975089,0.9580995,-0.1855885,-0.2181795,0.120251,1.523723,-0.2300754,359.7775,78.12832,0.9014288,0,6,False
1,Right_Head_Close,156,26.97999,0.1205572,1.524188,-0.2295647,0.1267532,1.209204,-0.1848035,-0.3548099,0.5326998,0.3755481,0.6703019,0.3022731,1.088842,-0.213992,-0.01526538,0.6337305,-0.1022729,0.7666113,MathCanvas,1.957647,1.163185,-0.6061229,0.1203432,1.523831,-0.229611,0.9635447,-0.1874361,-0.1909168,0.1275488,1.52476,-0.262099,0.968515,-0.1865094,-0.1649029,0.1135655,1.523616,-0.1970303,0.9598024,-0.1817424,-0.2138902,0.1205572,1.524188,-0.2295647,359.5692,77.8642,0.9850078,0,6,False
1,Right_Head_Close,157,26.99999,0.1206766,1.524284,-0.2293049,0.1267877,1.209152,-0.1848233,-0.3547417,0.5326619,0.3753315,0.6704894,0.302416,1.088604,-0.2141541,-0.01536176,0.6341628,-0.1029037,0.7661673,MathCanvas,1.963203,1.165743,-0.5946665,0.1205572,1.524188,-0.2295647,0.9632545,-0.1836341,-0.1960088,0.1277003,1.52489,-0.2618318,0.9679707,-0.1841059,-0.1706986,0.1136529,1.523677,-0.1967781,0.9590025,-0.179273,-0.2194897,0.1206766,1.524284,-0.2293049,359.4714,77.80531,1.044241,0,6,False
1,Right_Head_Close,158,27.01999,0.1207945,1.523939,-0.228537,0.1267476,1.209105,-0.1849259,-0.3548153,0.5327069,0.375201,0.6704878,0.3025253,1.088148,-0.2143596,-0.01500914,0.6343752,-0.1034975,0.7659186,MathCanvas,1.961031,1.17344,-0.6037913,0.1207357,1.524084,-0.2289292,0.9620851,-0.1832155,-0.2020509,0.1280172,1.524597,-0.2610192,0.966947,-0.1858218,-0.1745965,0.1135717,1.523281,-0.1960548,0.9578749,-0.180785,-0.2231422,0.1207945,1.523939,-0.228537,359.5076,77.45397,1.133066,0,6,False
1,Right_Head_Close,159,27.03999,0.1208736,1.523864,-0.2281938,0.1267476,1.209105,-0.1849259,-0.3548153,0.5327069,0.375201,0.6704878,0.3025253,1.088148,-0.2143596,-0.01500914,0.6343752,-0.1034975,0.7659186,MathCanvas,1.956282,1.174397,-0.6140143,0.1207945,1.523939,-0.228537,0.9627202,-0.183304,-0.1989212,0.128184,1.524549,-0.2606558,0.967521,-0.1851557,-0.1721066,0.1135633,1.523178,-0.1957317,0.9585778,-0.1800895,-0.2206732,0.1208736,1.523864,-0.2281938,359.4851,77.29826,1.179848,0,6,False
1,Right_Head_Close,160,27.05999,0.1208886,1.523544,-0.2276895,0.1266831,1.209072,-0.1850517,-0.355065,0.5327342,0.3750654,0.6704097,0.3026294,1.08777,-0.2144541,-0.01428902,0.6344151,-0.1041923,0.765805,MathCanvas,1.957528,1.174161,-0.6076907,0.1208736,1.523864,-0.2281938,0.9633585,-0.1826233,-0.1964411,0.128386,1.524199,-0.2601095,0.9678541,-0.1884542,-0.1665633,0.1133912,1.522889,-0.1952696,0.959205,-0.1833663,-0.2151806,0.1208886,1.523544,-0.2276895,359.6718,76.97226,1.127457,0,6,False
1,Right_Head_Close,161,27.07999,0.1210745,1.523444,-0.2269702,0.126625,1.209088,-0.1852498,-0.3553686,0.5326995,0.3752101,0.6701954,0.3025508,1.087312,-0.2146058,-0.01338983,0.6344275,-0.1045263,0.7657655,MathCanvas,1.959293,1.175039,-0.6025637,0.1209754,1.523521,-0.2272893,0.9640908,-0.201709,-0.1727494,0.1288707,1.523979,-0.2593219,0.9679141,-0.2055406,-0.1445527,0.1132783,1.52291,-0.1946186,0.9603834,-0.2004149,-0.1936433,0.1210745,1.523444,-0.2269702,359.8804,76.44909,0.9204856,0,6,False
1,Right_Head_Close,162,27.09999,0.1211216,1.523326,-0.2266236,0.126625,1.209088,-0.1852498,-0.3553686,0.5326995,0.3752101,0.6701954,0.3025186,1.087277,-0.2146268,-0.01336551,0.6344399,-0.1044698,0.7657634,MathCanvas,1.96322,1.138027,-0.5570529,0.1210745,1.523444,-0.2269702,0.9644644,-0.2029784,-0.1691401,0.129043,1.523842,-0.2589451,0.9682454,-0.2066142,-0.1407531,0.1132003,1.522811,-0.194302,0.9609092,-0.2014975,-0.1898739,0.1211216,1.523326,-0.2266236,359.9347,76.22845,0.8870386,0,6,False
1,Right_Head_Close,163,27.11999,0.1212139,1.523138,-0.2260248,0.1267231,1.209034,-0.185559,-0.3551777,0.5327828,0.3753164,0.6701708,0.3023849,1.0872,-0.2148602,-0.01353774,0.6345204,-0.104643,0.76567,MathCanvas,1.963357,1.135615,-0.5497001,0.1212022,1.52327,-0.2263967,0.9653406,-0.2048588,-0.1617112,0.1294075,1.523641,-0.2582786,0.9690034,-0.2084241,-0.1326343,0.1130204,1.522635,-0.193771,0.9620898,-0.2032893,-0.1818144,0.1212139,1.523138,-0.2260248,0.0406701,75.74705,0.8662487,0,6,False
1,Right_Head_Close,164,27.13999,0.1212186,1.52301,-0.2255994,0.1267434,1.209014,-0.1856359,-0.3552246,0.5326539,0.3752915,0.6702623,0.3023681,1.087169,-0.2149151,-0.01359892,0.6344958,-0.104493,0.7657098,MathCanvas,1.966744,1.13149,-0.5351831,0.1212139,1.523138,-0.2260248,0.965863,-0.2058574,-0.1572618,0.1295789,1.523505,-0.2578105,0.9694136,-0.2096215,-0.127657,0.1128583,1.522514,-0.1933883,0.9627601,-0.2044742,-0.1768717,0.1212186,1.52301,-0.2255994,0.1110878,75.45173,0.8532174,0,6,False
1,Right_Head_Close,165,27.15999,0.1213169,1.522925,-0.224726,0.1267331,1.208995,-0.1856866,-0.3552698,0.5325099,0.3753197,0.6703371,0.3023458,1.087147,-0.2149759,-0.01365474,0.6344839,-0.104302,0.7657447,MathCanvas,1.967272,1.129554,-0.5261737,0.1212971,1.522977,-0.2251483,0.967558,-0.1918369,-0.1644089,0.1300151,1.523388,-0.256848,0.9714084,-0.1952117,-0.1351234,0.1126186,1.522462,-0.1926041,0.9643615,-0.1902379,-0.1838925,0.1213169,1.522925,-0.224726,0.1833395,74.85091,0.7964604,0,6,False
1,Right_Head_Close,166,27.17999,0.1214538,1.523301,-0.2242868,0.1267273,1.208969,-0.1857622,-0.3551376,0.5323338,0.3753398,0.6705357,0.3023317,1.087125,-0.2150396,-0.01368651,0.6344039,-0.1040964,0.7658384,MathCanvas,1.971214,1.156148,-0.5390633,0.1213169,1.522925,-0.224726,0.9681952,-0.1927254,-0.1595467,0.1303206,1.523722,-0.2563632,0.9725,-0.1934903,-0.1296356,0.112587,1.522879,-0.1922103,0.9657007,-0.1886201,-0.1784503,0.1214538,1.523301,-0.2242868,0.04384379,74.54831,0.7254581,0,6,False
1,Right_Head_Close,167,27.19999,0.1213868,1.52352,-0.22383,0.1267449,1.20887,-0.185937,-0.354319,0.5323971,0.3747139,0.6712682,0.3024111,1.086955,-0.215311,-0.01374653,0.6346586,-0.1049441,0.7655105,MathCanvas,1.972003,1.154937,-0.5292346,0.1214848,1.523507,-0.2241291,0.9773729,-0.1438882,-0.1550436,0.1304535,1.523934,-0.2558506,0.981166,-0.1452148,-0.1273809,0.1123202,1.523106,-0.1918094,0.9741696,-0.1413543,-0.1761032,0.1213868,1.52352,-0.22383,359.813,74.18819,0.7122495,0,6,False
1,Right_Head_Close,168,27.21999,0.1214049,1.523513,-0.2235206,0.1267207,1.208864,-0.1859857,-0.3544201,0.5322825,0.3745522,0.671396,0.3024222,1.086927,-0.2153382,-0.01374853,0.634685,-0.1050463,0.7654745,MathCanvas,2.008529,1.245696,-0.5231929,0.1213868,1.52352,-0.22383,0.9782013,-0.1421317,-0.1513963,0.1306026,1.523927,-0.2555038,0.9819718,-0.1435854,-0.1229418,0.1122072,1.5231,-0.1915374,0.9751844,-0.1397619,-0.1717038,0.1214049,1.523513,-0.2235206,359.7837,73.95322,0.7116997,0,6,False
1,Right_Head_Close,169,27.23999,0.1213922,1.523576,-0.2232206,0.1267207,1.208864,-0.1859857,-0.3544201,0.5322825,0.3745522,0.671396,0.3024222,1.086927,-0.2153382,-0.01374853,0.634685,-0.1050463,0.7654745,MathCanvas,2.009685,1.249148,-0.51577,0.1214049,1.523513,-0.2235206,0.9788909,-0.1416205,-0.1473647,0.130719,1.523981,-0.2551665,0.9825618,-0.142948,-0.1189049,0.1120654,1.52317,-0.1912746,0.9759685,-0.1391536,-0.1676959,0.1213922,1.523576,-0.2232206,359.7408,73.72141,0.6973349,0,6,False
1,Right_Head_Close,170,27.25999,0.1212425,1.523354,-0.2228788,0.1267505,1.20902,-0.1860317,-0.3547163,0.5316836,0.3738284,0.6721171,0.302575,1.08655,-0.2155069,-0.01322833,0.6346992,-0.1058597,0.7653598,MathCanvas,2.011544,1.250119,-0.5077689,0.1211959,1.523272,-0.2229067,0.9764313,-0.1419852,-0.1625493,0.1307627,1.523743,-0.2547679,0.9798778,-0.1455014,-0.1366341,0.1117224,1.522966,-0.1909898,0.9725418,-0.1415133,-0.1847604,0.1212425,1.523354,-0.2228788,359.9021,73.37642,0.6693159,0,6,False
1,Right_Head_Close,171,27.27999,0.1212095,1.523401,-0.2226089,0.1267633,1.209037,-0.1860525,-0.3546662,0.5316206,0.3736048,0.6723175,0.3026006,1.086473,-0.2155293,-0.01313233,0.6346701,-0.1059909,0.7653674,MathCanvas,1.999257,1.250268,-0.5355172,0.1212425,1.523354,-0.2228788,0.9765084,-0.1435077,-0.1607392,0.1307582,1.52379,-0.2544894,0.9801024,-0.1448484,-0.1357133,0.1116607,1.523013,-0.1907284,0.9728073,-0.1408766,-0.1838472,0.1212095,1.523401,-0.2226089,359.86,73.32456,0.6680823,0,6,False
1,Right_Head_Close,172,27.29999,0.1211822,1.523556,-0.2224153,0.1267484,1.209028,-0.1861138,-0.3546493,0.5316042,0.3734075,0.6724491,0.3026288,1.086382,-0.2155479,-0.01311693,0.6346323,-0.1061308,0.7653797,MathCanvas,1.996758,1.247771,-0.5313356,0.1212047,1.523497,-0.2225522,0.9775655,-0.1367801,-0.1601775,0.1308072,1.523965,-0.2542726,0.9811858,-0.1383475,-0.1346644,0.1115572,1.523147,-0.190558,0.9739141,-0.1344813,-0.1827736,0.1211822,1.523556,-0.2224153,359.8177,73.18674,0.7048921,0,6,False
1,Right_Head_Close,173,27.31999,0.1212921,1.523729,-0.2227557,0.1267144,1.209004,-0.1862239,-0.3547436,0.5317568,0.3731583,0.672417,0.3026529,1.086287,-0.2154987,-0.0130091,0.6345175,-0.1061839,0.7654693,MathCanvas,2.000601,1.260589,-0.5303645,0.1211822,1.523556,-0.2224153,0.9778477,-0.1364147,-0.1587608,0.1308502,1.524209,-0.2546321,0.9811587,-0.1363079,-0.1369221,0.1117339,1.523249,-0.1908793,0.9737803,-0.132376,-0.1850098,0.1212921,1.523729,-0.2227557,359.7433,73.30492,0.825802,0,6,False
1,Right_Head_Close,174,27.33999,0.1213045,1.523535,-0.2231726,0.1266978,1.208999,-0.1863944,-0.3549114,0.5320222,0.3727115,0.6723663,0.3026771,1.086052,-0.2151008,-0.01270703,0.6338941,-0.1063483,0.7659678,MathCanvas,1.99918,1.261754,-0.5276448,0.1213054,1.52359,-0.2230408,0.9780173,-0.1300317,-0.1630157,0.1307985,1.524034,-0.2550679,0.9813803,-0.1324305,-0.1391216,0.1118105,1.523035,-0.1912773,0.9738765,-0.128555,-0.1871854,0.1213045,1.523535,-0.2231726,359.8487,73.42149,0.8592141,0,6,False
1,Right_Head_Close,175,27.35999,0.1213092,1.523528,-0.2232623,0.1266978,1.208999,-0.1863944,-0.3549114,0.5320222,0.3727115,0.6723663,0.3026722,1.08604,-0.215049,-0.01272655,0.6338091,-0.10635,0.7660377,MathCanvas,1.999418,1.273831,-0.5362162,0.1213045,1.523535,-0.2231726,0.9791936,-0.1304837,-0.1554158,0.1308036,1.524036,-0.2551573,0.9824596,-0.132462,-0.131251,0.1118148,1.52302,-0.1913672,0.975303,-0.1286215,-0.1795568,0.1213092,1.523528,-0.2232623,359.8595,73.42087,0.874002,0,6,False
1,Right_Head_Close,176,27.37999,0.1213276,1.523516,-0.2233742,0.1266858,1.209009,-0.1864647,-0.3548673,0.5320826,0.3725224,0.6724467,0.3026519,1.086047,-0.2149446,-0.01277974,0.6335868,-0.1063472,0.766221,MathCanvas,2.00196,1.272919,-0.5217557,0.1213092,1.523528,-0.2232623,0.9791812,-0.1305421,-0.155445,0.1308182,1.524021,-0.2552704,0.9824562,-0.1323906,-0.1313496,0.1118369,1.523011,-0.191478,0.9752936,-0.1285562,-0.1796542,0.1213276,1.523516,-0.2233742,359.8528,73.42747,0.8692825,0,6,False
1,Right_Head_Close,177,27.39999,0.1214519,1.523736,-0.2235558,0.1267117,1.209109,-0.1867208,-0.3550597,0.532276,0.3719782,0.6724932,0.3026208,1.086116,-0.2144305,-0.01297072,0.6326956,-0.1065764,0.7669221,MathCanvas,2.000939,1.27293,-0.5217624,0.121336,1.523519,-0.2234556,0.9793304,-0.12948,-0.1553931,0.1309783,1.524207,-0.2554418,0.9830664,-0.129331,-0.1298223,0.1119254,1.523265,-0.1916698,0.9759485,-0.1256528,-0.1781456,0.1214519,1.523736,-0.2235558,359.6983,73.36142,0.8111566,0,6,False
1,Right_Head_Close,178,27.41999,0.1214302,1.523768,-0.223615,0.1267389,1.20914,-0.1867298,-0.3551604,0.5322435,0.371814,0.6725566,0.3026373,1.086146,-0.214338,-0.01310554,0.6325536,-0.1066433,0.7670277,MathCanvas,2.000923,1.275246,-0.5217767,0.1214519,1.523736,-0.2235558,0.9788722,-0.1278625,-0.1595637,0.1309791,1.524218,-0.2554946,0.9823059,-0.1301374,-0.1346823,0.1118812,1.523318,-0.1917354,0.9749818,-0.1264091,-0.1828426,0.1214302,1.523768,-0.223615,359.7069,73.32146,0.7745141,0,6,False
1,Right_Head_Close,179,27.43999,0.1212984,1.523651,-0.2237089,0.1267835,1.209222,-0.1867447,-0.3555425,0.5320844,0.3715336,0.6726355,0.3026796,1.086331,-0.2140924,-0.01355845,0.632045,-0.1066308,0.7674407,MathCanvas,1.997931,1.278655,-0.5294988,0.1214477,1.523807,-0.2236877,0.9790414,-0.1281045,-0.1583265,0.1309139,1.524066,-0.255569,0.9823994,-0.1316054,-0.1325569,0.1116829,1.523237,-0.1918488,0.9751801,-0.1279006,-0.1807346,0.1212984,1.523651,-0.2237089,359.7722,73.20311,0.7129914,0,6,False
1,Right_Head_Close,180,27.45999,0.121247,1.523557,-0.2237415,0.1268514,1.209399,-0.186708,-0.3563475,0.5316378,0.3714468,0.6726105,0.302825,1.086554,-0.2138341,-0.01424566,0.631632,-0.1064672,0.767791,MathCanvas,1.997827,1.278114,-0.5271733,0.1212984,1.523651,-0.2237089,0.979088,-0.1297532,-0.1566869,0.1308812,1.523977,-0.2555959,0.9824541,-0.1317455,-0.132013,0.1116128,1.523137,-0.1918872,0.9752635,-0.1280285,-0.1801942,0.121247,1.523557,-0.2237415,359.7855,73.16962,0.7226533,0,6,False
1,Right_Head_Close,181,27.47999,0.1212419,1.523562,-0.2238312,0.1268737,1.209509,-0.1866615,-0.3568695,0.5312355,0.3715079,0.672618,0.3030049,1.08662,-0.2137334,-0.01439992,0.6316218,-0.1065503,0.7677848,MathCanvas,1.996475,1.275043,-0.523841,0.1212461,1.523557,-0.2237855,0.9791092,-0.1292804,-0.1569461,0.1309231,1.523995,-0.2556712,0.9825699,-0.1308396,-0.1320507,0.1115607,1.52313,-0.1919913,0.9753827,-0.1271141,-0.1801966,0.1212419,1.523562,-0.2238312,359.7369,73.0842,0.7443345,0,6,False
1,Right_Head_Close,182,27.49999,0.1212466,1.523597,-0.2238488,0.1268142,1.209553,-0.1866379,-0.357348,0.5308937,0.3716379,0.6725619,0.3031567,1.086637,-0.213652,-0.01442704,0.6316491,-0.1066774,0.7677444,MathCanvas,1.996068,1.276012,-0.5243559,0.1212419,1.523562,-0.2238312,0.9792739,-0.1289771,-0.156165,0.1309551,1.524026,-0.2556805,0.9826912,-0.1307943,-0.1311899,0.111538,1.523168,-0.1920172,0.975545,-0.1270753,-0.1793426,0.1212466,1.523597,-0.2238488,359.7314,73.035,0.7384687,0,6,False
1,Right_Head_Close,183,27.51999,0.1212357,1.523583,-0.2238758,0.1268045,1.209566,-0.1866193,-0.3575161,0.5307927,0.3716772,0.6725307,0.3031903,1.086648,-0.2136336,-0.01444855,0.631649,-0.1066922,0.7677419,MathCanvas,1.995771,1.276709,-0.5227797,0.1212466,1.523597,-0.2238488,0.9794158,-0.128935,-0.1553075,0.1309678,1.524003,-0.2557004,0.9827911,-0.130814,-0.1304196,0.1115035,1.523164,-0.1920512,0.9756806,-0.1271103,-0.1785788,0.1212357,1.523583,-0.2238758,359.7249,72.99257,0.7215449,0,6,False
1,Right_Head_Close,184,27.53999,0.1210028,1.523426,-0.2239136,0.1268632,1.20968,-0.186493,-0.3583554,0.5305039,0.3716626,0.6723198,0.3034396,1.086783,-0.2133797,-0.01475942,0.6314261,-0.1064089,0.7679586,MathCanvas,1.99582,1.276804,-0.5211316,0.1210891,1.523489,-0.2239036,0.9808989,-0.1363717,-0.1387088,0.1307811,1.523802,-0.2557245,0.9837564,-0.1389049,-0.1137049,0.1112245,1.523051,-0.1921026,0.9774318,-0.1351868,-0.1623321,0.1210028,1.523426,-0.2239136,359.8319,72.91133,0.6462234,0,6,False
1,Right_Head_Close,185,27.55999,0.1209591,1.523372,-0.2239162,0.1268927,1.209714,-0.1864821,-0.3583119,0.5304999,0.3715596,0.6724032,0.3034786,1.086846,-0.2133203,-0.01487467,0.6312753,-0.1063425,0.7680896,MathCanvas,1.999963,1.2622,-0.4896171,0.1210028,1.523426,-0.2239136,0.9827697,-0.1372055,-0.1238484,0.1307676,1.523744,-0.2557179,0.9853563,-0.1392738,-0.09836614,0.1111507,1.522999,-0.1921144,0.9797299,-0.1356479,-0.1474079,0.1209591,1.523372,-0.2239162,359.8459,72.85724,0.641305,0,6,False
1,Right_Head_Close,186,27.57999,0.120903,1.523357,-0.223796,0.1269674,1.209833,-0.1863662,-0.3584623,0.5303411,0.3714843,0.6724898,0.303855,1.088306,-0.2132307,-0.02318704,0.6251446,-0.1112747,0.7721882,MathCanvas,2.007122,1.260043,-0.4616099,0.1209166,1.523326,-0.2239301,0.9828941,-0.1378673,-0.1221151,0.1307648,1.523712,-0.2555815,0.985538,-0.1392064,-0.0966258,0.1110412,1.523003,-0.1920106,0.9799935,-0.135611,-0.1456792,0.120903,1.523357,-0.223796,359.8286,72.7611,0.6101977,0,6,False
1,Right_Head_Close,187,27.59999,0.120824,1.523296,-0.2236984,0.1269514,1.20993,-0.1862968,-0.3589005,0.5302029,0.3716952,0.6722485,0.3045048,1.090866,-0.2146441,-0.04042307,0.6209947,-0.1203785,0.7734602,MathCanvas,2.007205,1.258772,-0.4581509,0.120903,1.523357,-0.223796,0.9953113,-0.08409829,0.04778099,0.1307002,1.523608,-0.2554798,0.9935215,-0.0858468,0.07446659,0.1109478,1.522984,-0.191917,0.996204,-0.08419442,0.02211034,0.120824,1.523296,-0.2236984,359.8647,72.73596,0.537995,0,6,False
1,Right_Head_Close,188,27.61999,0.120627,1.523166,-0.223539,0.1269005,1.210039,-0.1862883,-0.3593895,0.5300243,0.3719607,0.6719812,0.3067313,1.09673,-0.2182011,-0.07066116,0.6238095,-0.12871,0.7676604,MathCanvas,2.007205,1.258772,-0.4581509,0.1207084,1.523217,-0.2236054,0.9831674,-0.06521128,0.1706739,0.13055,1.523431,-0.2553062,0.9779613,-0.06642833,0.1979365,0.1107039,1.522901,-0.1917717,0.9872503,-0.06553511,0.1450582,0.120627,1.523166,-0.223539,359.9584,72.65257,0.4558313,0,6,False
1,Right_Head_Close,189,27.63999,0.1205354,1.523159,-0.2233647,0.1269099,1.210153,-0.1862151,-0.3598348,0.5298421,0.3721214,0.6717975,0.3106758,1.10489,-0.222474,-0.09477115,0.6332809,-0.1239686,0.7580274,MathCanvas,2.007205,1.258772,-0.4581509,0.120627,1.523166,-0.223539,0.9829717,-0.06596771,0.1715077,0.1305419,1.523458,-0.2551055,0.9775347,-0.06524803,0.2004215,0.1105289,1.52286,-0.191624,0.986959,-0.06430994,0.1475676,0.1205354,1.523159,-0.2233647,359.8972,72.50131,0.5142735,0,6,False
1,Right_Head_Close,190,27.65999,0.1203925,1.523361,-0.2231775,0.1268611,1.210351,-0.185927,-0.3610511,0.5292012,0.372595,0.6713875,0.3203226,1.126187,-0.2295728,-0.1515231,0.6247746,-0.136124,0.753769,MathCanvas,2.007205,1.258772,-0.4581509,0.120463,1.523294,-0.2231882,0.9824524,-0.06275779,0.1756374,0.1304515,1.523642,-0.2549018,0.9773559,-0.0625464,0.2021472,0.1103335,1.52308,-0.1914532,0.9868666,-0.0616556,0.149308,0.1203925,1.523361,-0.2231775,359.7382,72.40524,0.483984,0,6,False
1,Right_Head_Close,191,27.67999,0.1203213,1.523361,-0.2233455,0.126619,1.210456,-0.1858499,-0.3617506,0.5289472,0.3730954,0.6709332,0.3269108,1.140545,-0.2334314,-0.1837851,0.6160084,-0.1615626,0.7487684,MathCanvas,2.007205,1.258772,-0.4581509,0.1203925,1.523361,-0.2231775,0.9824667,-0.06210101,0.175792,0.1303571,1.523628,-0.2550772,0.9774742,-0.0629508,0.2014486,0.1102855,1.523094,-0.1916137,0.9869466,-0.06208047,0.1486021,0.1203213,1.523361,-0.2233455,359.7589,72.44743,0.4592486,0,6,False
1,Right_Head_Close,192,27.69999,0.1202513,1.523378,-0.2233313,0.126619,1.210456,-0.1858499,-0.3617506,0.5289472,0.3730954,0.6709332,0.330497,1.148464,-0.2360384,-0.2048887,0.6120303,-0.1703348,0.7445976,MathCanvas,2.007205,1.258772,-0.4581509,0.1203213,1.523361,-0.2233455,0.9826382,-0.0853876,0.1647159,0.1303003,1.523634,-0.255059,0.9777434,-0.08564314,0.1915283,0.1102022,1.523121,-0.1916037,0.9867196,-0.08458671,0.1386706,0.1202513,1.523378,-0.2233313,359.7406,72.42351,0.4418476,0,6,False
1,Right_Head_Close,193,27.71999,0.1200966,1.523098,-0.223942,0.1262444,1.210523,-0.1858951,-0.3618728,0.5295302,0.3735944,0.6701292,0.3435202,1.178063,-0.2410398,-0.2488617,0.596455,-0.2060001,0.7347606,MathCanvas,2.007205,1.258772,-0.4581509,0.1201765,1.523389,-0.2233384,0.9820953,-0.09184041,0.1644817,0.1300944,1.523324,-0.2556861,0.9773453,-0.09504231,0.1891115,0.1100987,1.522872,-0.1921979,0.9862099,-0.09396165,0.1362398,0.1200966,1.523098,-0.223942,359.8825,72.51723,0.389679,0,6,False
1,Right_Head_Close,194,27.73999,0.1195962,1.521778,-0.2252194,0.1255552,1.210579,-0.1864695,-0.3597111,0.532205,0.3744546,0.6686925,0.346593,1.208083,-0.237654,-0.2856249,0.5524452,-0.2062627,0.7554325,MathCanvas,2.007205,1.258772,-0.4581509,0.1200966,1.523098,-0.223942,0.9820405,-0.09741175,0.1615777,0.1295002,1.521907,-0.2569935,0.977,-0.1059132,0.1850764,0.1096921,1.52165,-0.1934454,0.9856552,-0.1049546,0.1321684,0.1195962,1.521778,-0.2252194,0.3253456,72.68887,0.2212122,0,6,False
1,Right_Head_Close,195,27.75999,0.1191052,1.520538,-0.2263338,0.1253274,1.210656,-0.1867556,-0.3589016,0.5327802,0.3748989,0.6684204,0.3510093,1.245016,-0.2371284,-0.3337177,0.5009239,-0.2213532,0.7672748,MathCanvas,2.007205,1.258772,-0.4581509,0.11934,1.521143,-0.2257864,0.98158,-0.1100715,0.1561579,0.1289028,1.520524,-0.2581411,0.97677,-0.1141028,0.1813863,0.1093076,1.520552,-0.1945265,0.9852267,-0.1132585,0.1284567,0.1191052,1.520538,-0.2263338,0.8620269,72.87923,359.9759,0,6,False
1,Right_Head_Close,196,27.77999,0.1188427,1.519867,-0.2269188,0.1253274,1.210656,-0.1867556,-0.3589016,0.5327802,0.3748989,0.6684204,0.3543397,1.261145,-0.2377396,-0.357136,0.4801111,-0.2290991,0.7677636,MathCanvas,2.007205,1.258772,-0.4581509,0.1191052,1.520538,-0.2263338,0.9813554,-0.1136806,0.1549791,0.1285985,1.519792,-0.2587388,0.9765408,-0.1178996,0.1801878,0.1090869,1.519942,-0.1950988,0.9849315,-0.1171252,0.1272466,0.1188427,1.519867,-0.2269188,1.070364,72.95242,359.8709,0,6,False
1,Right_Head_Close,197,27.79999,0.1182189,1.518273,-0.2286371,0.1238358,1.211858,-0.1892648,-0.357685,0.537394,0.3791724,0.662946,0.3386874,1.312902,-0.2256371,-0.3689941,0.403711,-0.2132988,0.8095458,MathCanvas,2.007205,1.258772,-0.4581509,0.118413,1.518906,-0.2278036,0.9806244,-0.1324361,0.1443484,0.1278557,1.518117,-0.260493,0.9756381,-0.1393299,0.1694624,0.108582,1.518429,-0.1967811,0.9834908,-0.1384746,0.1164929,0.1182189,1.518273,-0.2286371,2.300167,73.15791,359.7307,0,6,False
1,Right_Head_Close,198,27.81999,0.117991,1.517673,-0.2293423,0.1236044,1.212118,-0.1897669,-0.3577558,0.5385938,0.3797969,0.6615753,0.3354074,1.332637,-0.2224553,-0.3778997,0.3762673,-0.213901,0.8184505,MathCanvas,2.007205,1.258772,-0.4581509,0.1182189,1.518273,-0.2286371,0.9801367,-0.1298753,0.1498821,0.1275711,1.517498,-0.2612153,0.9752191,-0.136072,0.174448,0.1084109,1.517848,-0.1974694,0.9833286,-0.1353202,0.1214636,0.117991,1.517673,-0.2293423,2.635692,73.2569,359.699,0,6,False
1,Right_Head_Close,199,27.83999,0.117743,1.517098,-0.2300648,0.1235157,1.212225,-0.1899783,-0.3577907,0.539076,0.3800421,0.6610226,0.3338879,1.352231,-0.220266,-0.3915739,0.3484429,-0.2143694,0.8241985,MathCanvas,2.007205,1.258772,-0.4581509,0.117991,1.517673,-0.2293423,0.9796322,-0.1356961,0.1480115,0.1272674,1.516907,-0.2619544,0.9747157,-0.1419012,0.1726075,0.1082186,1.517289,-0.1981752,0.9827387,-0.1411311,0.1196103,0.117743,1.517098,-0.2300648,2.971993,73.35373,359.6712,0,6,False
1,Right_Head_Close,200,27.85999,0.1177241,1.51642,-0.2314689,0.1228532,1.212816,-0.1914769,-0.3585955,0.5409737,0.3824447,0.6576419,0.3185588,1.388877,-0.2095292,-0.3737823,0.317281,-0.2166035,0.8442171,MathCanvas,2.007205,1.258772,-0.4581509,0.117707,1.51686,-0.2307388,0.9787791,-0.1450112,0.1447867,0.1271667,1.516249,-0.2633829,0.9742025,-0.1486808,0.1697749,0.1082815,1.516591,-0.1995549,0.9820969,-0.1478271,0.1167597,0.1177241,1.51642,-0.2314689,3.371137,73.50036,359.7051,0,6,False
1,Right_Head_Close,201,27.87999,0.1178703,1.516079,-0.2324168,0.1226947,1.21296,-0.1922012,-0.3587989,0.5415688,0.3830018,0.6567162,0.3110473,1.40547,-0.2091513,-0.397015,0.2687801,-0.234318,0.8457136,MathCanvas,2.007205,1.258772,-0.4581509,0.1177241,1.51642,-0.2314689,0.9791309,-0.1430318,0.1443772,0.1272348,1.515938,-0.2643539,0.9747321,-0.1470135,0.1681803,0.1085059,1.51622,-0.2004796,0.9825413,-0.1461303,0.1151462,0.1178703,1.516079,-0.2324168,3.585696,73.64284,359.7572,0,6,False
1,Right_Head_Close,202,27.89999,0.1180458,1.515341,-0.2342376,0.1225925,1.213096,-0.1926971,-0.3586242,0.5422562,0.383173,0.6561444,0.3005594,1.440573,-0.2060836,-0.4243174,0.2145662,-0.249042,0.8437383,MathCanvas,2.007205,1.258772,-0.4581509,0.1179826,1.515707,-0.2333439,0.9788716,-0.1385121,0.1504152,0.1272618,1.515245,-0.2662181,0.9741903,-0.1432477,0.1744517,0.1088298,1.515438,-0.2022571,0.982337,-0.1424051,0.1213869,0.1180458,1.515341,-0.2342376,4.07964,73.91241,359.8334,0,6,False
1,Right_Head_Close,203,27.91999,0.1181302,1.514975,-0.235128,0.1225925,1.213096,-0.1926971,-0.3586242,0.5422562,0.383173,0.6561444,0.2956672,1.45867,-0.2039239,-0.4343514,0.1852639,-0.253975,0.8441048,Cube,0.3130318,1.48775,-0.2042757,0.1180458,1.515341,-0.2342376,0.9786235,-0.1428264,0.1479754,0.127282,1.514889,-0.267127,0.9739288,-0.1475875,0.1722811,0.1089784,1.51506,-0.2031291,0.9819731,-0.1466963,0.1192013,0.1181302,1.514975,-0.235128,4.334336,74.02825,359.8529,0,6,False
1,Right_Head_Close,204,27.93999,0.1185131,1.514447,-0.2368846,0.1227601,1.213298,-0.1935979,-0.3575944,0.5420477,0.3820753,0.6575174,0.2811584,1.47792,-0.206675,-0.4728855,0.1674408,-0.2859823,0.8164295,Cube,0.2753036,1.492036,-0.2113622,0.1183017,1.514772,-0.2360129,0.9819924,-0.1254106,0.1412916,0.1274057,1.514625,-0.2689562,0.9779461,-0.1282506,0.1648431,0.1096204,1.51427,-0.204813,0.9855834,-0.1270739,0.1117032,0.1185131,1.514447,-0.2368846,4.590278,74.52719,0.3063627,0,6,False
1,Right_Head_Close,205,27.95999,0.1186943,1.514118,-0.2377559,0.1227328,1.213305,-0.193655,-0.357545,0.5420954,0.3820214,0.6575362,0.275158,1.492162,-0.205888,-0.4869092,0.1453475,-0.2886489,0.8114649,Cube,0.2596447,1.496423,-0.2165782,0.1185131,1.514447,-0.2368846,0.9821966,-0.1171139,0.1468809,0.1274926,1.514335,-0.2698532,0.9779962,-0.120552,0.1702664,0.1098961,1.5139,-0.2056586,0.9859132,-0.1194169,0.1171107,0.1186943,1.514118,-0.2377559,4.765615,74.70222,0.3753393,0,6,False
1,Right_Head_Close,206,27.97999,0.1191111,1.513283,-0.2395223,0.1226417,1.213366,-0.1939095,-0.3573226,0.542253,0.3817047,0.6577111,0.2649555,1.51346,-0.2052414,-0.5068582,0.1166843,-0.2914473,0.8028313,Cube,0.2349332,1.500258,-0.2203732,0.1189225,1.513846,-0.2386433,0.9818748,-0.1222672,0.1448199,0.1276664,1.51348,-0.2716854,0.9777377,-0.1275221,0.1666346,0.1105559,1.513086,-0.2073592,0.9854732,-0.1264014,0.113426,0.1191111,1.513283,-0.2395223,5.204584,75.13545,0.3410598,0,6,False
1,Right_Head_Close,207,27.99999,0.1191546,1.512296,-0.2403483,0.122567,1.213573,-0.1941566,-0.3569759,0.5421109,0.3810225,0.6584116,0.2635114,1.517858,-0.2043621,-0.4999446,0.0937422,-0.3190631,0.7996666,Cube,0.2196615,1.500762,-0.2246918,0.1191111,1.513283,-0.2395223,0.9819661,-0.1269618,0.1400836,0.1275552,1.512385,-0.2725526,0.9773321,-0.136274,0.162023,0.1107541,1.512206,-0.208144,0.9848192,-0.1352732,0.1087767,0.1191546,1.512296,-0.2403483,5.695688,75.39539,0.1548113,0,6,False
1,Right_Head_Close,208,28.01999,0.1194404,1.511882,-0.241224,0.1224211,1.213689,-0.1942393,-0.3571717,0.5418383,0.3808874,0.658608,0.2607513,1.525161,-0.2027685,-0.4933099,0.07152777,-0.3421946,0.7965124,Cube,0.201869,1.501601,-0.2285486,0.1191546,1.512296,-0.2403483,0.981437,-0.1357737,0.1354513,0.1277532,1.511984,-0.273451,0.9772026,-0.1405225,0.1591495,0.1111275,1.511781,-0.2089969,0.9845483,-0.1394754,0.1058844,0.1194404,1.511882,-0.241224,5.944386,75.55427,0.1757997,0,6,False
1,Right_Head_Close,209,28.03999,0.1199197,1.511094,-0.2427636,0.1222765,1.213774,-0.1942814,-0.3575238,0.5414608,0.3809513,0.6586905,0.2530942,1.543815,-0.2003276,-0.4924984,0.02764468,-0.3727236,0.785976,Cube,0.2112445,1.499182,-0.2285538,0.1196674,1.51155,-0.2419743,0.9809656,-0.1409861,0.1335276,0.1280296,1.511204,-0.2750423,0.9767963,-0.1459078,0.1567791,0.1118098,1.510984,-0.2104849,0.984029,-0.1448447,0.1034734,0.1199197,1.511094,-0.2427636,6.424111,75.91791,0.1906775,0,6,False
1,Right_Head_Close,210,28.05999,0.1205902,1.511907,-0.2434895,0.121896,1.213955,-0.1943438,-0.3584206,0.5404012,0.381271,0.6588883,0.2502851,1.54634,-0.197263,-0.4767705,0.003084466,-0.4024079,0.7815039,Cube,0.2263592,1.495797,-0.2282752,0.1199197,1.511094,-0.2427636,0.980775,-0.1453763,0.130177,0.1286163,1.51199,-0.2757893,0.9772656,-0.1453187,0.1543845,0.1125641,1.511825,-0.2111898,0.9843595,-0.1443039,0.101059,0.1205902,1.511907,-0.2434895,6.385758,76.06129,0.1430227,0,6,False
1,Right_Head_Close,211,28.07999,0.1210438,1.512262,-0.2439911,0.1207368,1.214522,-0.1938277,-0.3609656,0.5357001,0.3811348,0.6614118,0.2377214,1.545356,-0.1897406,-0.4680769,-0.02466244,-0.3998942,0.7876423,Cube,0.258475,1.491469,-0.2251883,0.1208159,1.512059,-0.243578,0.9797522,-0.1330204,0.1496373,0.1288175,1.512024,-0.2763517,0.9757079,-0.1337358,0.1735182,0.1132702,1.512499,-0.2116305,0.9837362,-0.1334923,0.1201782,0.1210438,1.512262,-0.2439911,6.111208,76.4486,359.5888,0,6,False
1,Right_Head_Close,212,28.09999,0.1213225,1.512478,-0.2444025,0.1207368,1.214522,-0.1938277,-0.3609656,0.5357001,0.3811348,0.6614118,0.2323439,1.549138,-0.1868779,-0.462842,-0.04146964,-0.4021024,0.7889051,Cube,0.2585378,1.493594,-0.2229917,0.1210438,1.512262,-0.2439911,0.9800852,-0.133614,0.1469032,0.1289904,1.512155,-0.2767875,0.9760984,-0.1345711,0.1706534,0.1136545,1.5128,-0.2120174,0.9839533,-0.134461,0.1172872,0.1213225,1.512478,-0.2444025,6.150778,76.61938,359.4424,0,6,False
1,Right_Head_Close,213,28.11999,0.1223035,1.513374,-0.2452325,0.1197364,1.21453,-0.1921702,-0.362121,0.5286051,0.380217,0.6669934,0.220111,1.53793,-0.1732052,-0.4091499,-0.05825318,-0.3957675,0.8201043,Cube,0.2622783,1.493261,-0.2232749,0.122171,1.513132,-0.2445902,0.9814662,-0.126958,0.1435466,0.1300301,1.513284,-0.2776051,0.9779198,-0.1188289,0.171909,0.114577,1.513463,-0.2128598,0.9858612,-0.118415,0.118557,0.1223035,1.513374,-0.2452325,5.264112,76.56187,359.8456,0,6,False
1,Right_Head_Close,214,28.13999,0.1224491,1.513332,-0.2455045,0.1195139,1.214342,-0.1916585,-0.3617369,0.526628,0.3800012,0.668886,0.2153135,1.534923,-0.167379,-0.3838077,-0.07136357,-0.4061835,0.8262045,Cube,0.2742161,1.493723,-0.2230142,0.1223035,1.513374,-0.2452325,0.9828078,-0.1106366,0.1478121,0.1301296,1.513223,-0.277888,0.9788343,-0.1091107,0.1731427,0.1147686,1.513442,-0.213121,0.9868212,-0.1087898,0.1197861,0.1224491,1.513332,-0.2455045,5.16348,76.64047,359.81,0,6,False
1,Right_Head_Close,215,28.15999,0.122626,1.513358,-0.2457537,0.1193045,1.214272,-0.191278,-0.3616758,0.5249703,0.3797561,0.6703597,0.2103273,1.534101,-0.1625629,-0.364481,-0.08459648,-0.4125022,0.8305655,Cube,0.2742161,1.493723,-0.2230142,0.1224491,1.513332,-0.2455045,0.9831747,-0.1090728,0.1465288,0.1302629,1.513233,-0.2781475,0.9792563,-0.1072309,0.1719267,0.114989,1.513482,-0.2133599,0.9871706,-0.1069483,0.1185586,0.122626,1.513358,-0.2457537,5.04659,76.71568,359.7849,0,6,False
1,Right_Head_Close,216,28.17999,0.1222739,1.512956,-0.2459733,0.1190081,1.213755,-0.1903221,-0.3605615,0.52136,0.3790715,0.6741543,0.204701,1.525791,-0.1525327,-0.3132269,-0.1024935,-0.4343064,0.838309,Cube,0.2742161,1.493723,-0.2230142,0.1218866,1.512958,-0.2461007,0.9828917,-0.1105357,0.147329,0.1300992,1.512829,-0.2783221,0.9775055,-0.1139689,0.1774665,0.1144485,1.513083,-0.2136246,0.9857336,-0.1136533,0.1241465,0.1222739,1.512956,-0.2459733,5.442351,76.38031,359.7805,0,6,False
1,Right_Head_Close,217,28.19999,0.1225952,1.513113,-0.2460883,0.1188363,1.213608,-0.1899751,-0.3602192,0.5197634,0.3791812,0.6755071,0.2039986,1.522684,-0.1471815,-0.2860384,-0.1046773,-0.4515605,0.8386405,Cube,0.2742161,1.493723,-0.2230142,0.1222739,1.512956,-0.2459733,0.9819815,-0.1138111,0.1508626,0.1304414,1.51292,-0.2784317,0.9774119,-0.1134143,0.1783346,0.114749,1.513306,-0.2137449,0.9856744,-0.1132087,0.1250191,0.1225952,1.513113,-0.2460883,5.403687,76.33256,359.6661,0,6,False
1,Right_Head_Close,218,28.21999,0.1229713,1.513131,-0.2460369,0.1185169,1.213358,-0.1894998,-0.3593265,0.5170823,0.3791755,0.6780385,0.2021248,1.517576,-0.1373133,-0.2360011,-0.1117193,-0.4786626,0.8382747,Cube,0.2742161,1.493723,-0.2230142,0.122833,1.513133,-0.2459903,0.9836043,-0.1704742,-0.05883265,0.1309211,1.512914,-0.2783549,0.9847567,-0.1710325,-0.03165668,0.1150216,1.513348,-0.2137189,0.982139,-0.1686996,-0.08332717,0.1229713,1.513131,-0.2460369,5.220687,76.14635,359.6246,0,6,False
1,Right_Head_Close,219,28.23999,0.123212,1.513154,-0.2458916,0.1185417,1.213288,-0.189695,-0.3586275,0.5168461,0.37836,0.6790435,0.2019029,1.515665,-0.1347673,-0.2225899,-0.1207524,-0.490055,0.8340976,MathCanvas,2.026949,1.183141,-0.3599203,0.1229713,1.513131,-0.2460369,0.983788,-0.1698662,-0.05750656,0.1312395,1.51289,-0.27819,0.9848425,-0.1710027,-0.02903944,0.1151846,1.513417,-0.2135932,0.982349,-0.1687451,-0.08071935,0.123212,1.513154,-0.2458916,5.196485,76.00127,359.5445,0,6,False
1,Right_Head_Close,220,28.25999,0.1233806,1.512649,-0.245628,0.1185479,1.213317,-0.1902319,-0.3602299,0.5171183,0.3766348,0.6789473,0.1981291,1.513851,-0.1332634,-0.2189786,-0.1567384,-0.5161813,0.8130426,MathCanvas,2.030831,1.183774,-0.3574,0.1232567,1.512931,-0.2457057,0.9789139,-0.1870044,-0.08220053,0.131576,1.512323,-0.2778836,0.9803233,-0.1897527,-0.0544104,0.1151852,1.512974,-0.2133724,0.9766759,-0.1870129,-0.1055018,0.1233806,1.512649,-0.245628,5.482908,75.69033,359.4372,0,6,False
1,Right_Head_Close,221,28.27999,0.123614,1.51245,-0.2456753,0.118383,1.21337,-0.1903751,-0.3616731,0.5169832,0.3766505,0.6782739,0.1960154,1.513008,-0.1318326,-0.213519,-0.165776,-0.5296956,0.8039593,MathCanvas,2.004575,1.153279,-0.4035941,0.1233806,1.512649,-0.245628,0.9772429,-0.1933139,-0.08732831,0.131863,1.512166,-0.2779177,0.9789935,-0.194718,-0.06046921,0.1153651,1.512733,-0.2134329,0.9750997,-0.1917549,-0.1114036,0.123614,1.51245,-0.2456753,5.503537,75.60211,359.5096,0,6,False
1,Right_Head_Close,222,28.29999,0.123964,1.512159,-0.2456487,0.118383,1.21337,-0.1903751,-0.3616731,0.5169832,0.3766505,0.6782739,0.1920379,1.510433,-0.1268025,-0.1889302,-0.1855837,-0.5531739,0.7898498,MathCanvas,1.998747,1.141519,-0.4132409,0.1237746,1.512302,-0.2456518,0.9774141,-0.1938921,-0.08406901,0.1323298,1.511879,-0.2778609,0.979016,-0.1956551,-0.05698192,0.1155982,1.512439,-0.2134364,0.9753103,-0.1926697,-0.1079285,0.123964,1.512159,-0.2456487,5.563062,75.39444,359.5158,0,6,False
1,Right_Head_Close,223,28.31999,0.124402,1.512281,-0.2459553,0.1182205,1.21345,-0.1904553,-0.3634084,0.5162404,0.3768115,0.6778225,0.1906045,1.511923,-0.1274956,-0.1678516,-0.2012605,-0.5840598,0.768241,MathCanvas,2.001071,1.139793,-0.4071017,0.123964,1.512159,-0.2456487,0.9774961,-0.1941626,-0.0824753,0.1327706,1.512038,-0.2781672,0.9790317,-0.1955361,-0.0571202,0.1160334,1.512524,-0.2137435,0.97533,-0.1924931,-0.1080643,0.124402,1.512281,-0.2459553,5.576399,75.39579,359.5799,0,6,False
1,Right_Head_Close,224,28.33999,0.1244421,1.512089,-0.2459638,0.1183176,1.213444,-0.1903377,-0.362891,0.515802,0.3764709,0.6786222,0.1889404,1.512057,-0.1270593,-0.1597716,-0.2170635,-0.6039748,0.7500474,MathCanvas,2.003114,1.139107,-0.4044699,0.124402,1.512281,-0.2459553,0.9784118,-0.1889433,-0.08373141,0.1329146,1.51184,-0.2781484,0.9797211,-0.192626,-0.05515212,0.1159697,1.512337,-0.2137792,0.9761081,-0.1896304,-0.1060816,0.1244421,1.512089,-0.2459638,5.708147,75.20896,359.5697,0,6,False
1,Right_Head_Close,225,28.35999,0.1246798,1.511788,-0.2459304,0.1183367,1.21344,-0.1902828,-0.3627969,0.5155643,0.3763009,0.6789474,0.1855865,1.51157,-0.1246997,-0.1402717,-0.2404126,-0.6336995,0.7217691,MathCanvas,2.006467,1.148647,-0.4070256,0.1245374,1.511925,-0.2459281,0.9786829,-0.1873064,-0.08423853,0.1333023,1.511542,-0.2780752,0.9801805,-0.1898165,-0.05670875,0.1160573,1.512033,-0.2137856,0.9764949,-0.1868069,-0.1075206,0.1246798,1.511788,-0.2459304,5.827223,74.94127,359.5746,0,6,False
1,Right_Head_Close,226,28.37999,0.1247873,1.511628,-0.2458868,0.1183549,1.213443,-0.1902282,-0.3627239,0.5152946,0.3761139,0.6792946,0.1840465,1.511508,-0.1236691,-0.1319745,-0.2507086,-0.6469862,0.7079102,MathCanvas,2.007673,1.151409,-0.4080059,0.1246798,1.511788,-0.2459304,0.9786686,-0.188312,-0.08213484,0.1334695,1.51138,-0.2780155,0.980139,-0.1905575,-0.05490947,0.1161051,1.511875,-0.2137581,0.9765506,-0.1875377,-0.1057277,0.1247873,1.511628,-0.2458868,5.871698,74.83413,359.5712,0,6,False
1,Right_Head_Close,227,28.39999,0.124434,1.512006,-0.2453843,0.1184612,1.213407,-0.1894628,-0.3639175,0.5122132,0.3747691,0.6817256,0.1902483,1.515898,-0.128759,-0.1876401,-0.2063994,-0.5716496,0.7716264,MathCanvas,2.008867,1.149099,-0.4040082,0.1243546,1.511708,-0.245514,0.979169,-0.1869663,-0.07919371,0.1332331,1.511521,-0.2774785,0.9808536,-0.1879232,-0.05109978,0.1156349,1.512491,-0.2132901,0.9773778,-0.1853207,-0.1019256,0.124434,1.512006,-0.2453843,5.573877,74.58675,359.1616,0,6,False
1,Right_Head_Close,228,28.41999,0.1244998,1.512238,-0.245225,0.1183749,1.213404,-0.1893993,-0.3642831,0.5120028,0.3747691,0.6816885,0.1920019,1.516798,-0.1296007,-0.1998296,-0.1960117,-0.5701078,0.7724148,MathCanvas,2.012107,1.151566,-0.3980564,0.124434,1.512006,-0.2453843,0.9795457,-0.186617,-0.07526338,0.1333638,1.511758,-0.2773014,0.9809131,-0.1884584,-0.04788387,0.1156357,1.512717,-0.2131486,0.977604,-0.1858499,-0.09874362,0.1244998,1.512238,-0.245225,5.610426,74.47117,359.1705,0,6,False
1,Right_Head_Close,229,28.43999,0.1248094,1.512865,-0.2452353,0.1181317,1.213408,-0.189281,-0.3652776,0.5113413,0.3747719,0.6816513,0.1959591,1.518935,-0.1322482,-0.2269681,-0.1716736,-0.5665298,0.773342,MathCanvas,2.015021,1.152067,-0.3904831,0.1245707,1.512312,-0.2451347,0.9801533,-0.1851726,-0.07078457,0.1335358,1.512267,-0.2773474,0.9815516,-0.1842009,-0.05124748,0.1160829,1.513462,-0.2131232,0.9780093,-0.1818592,-0.1021044,0.1248094,1.512865,-0.2452353,5.281818,74.70193,358.9668,0,6,False
1,Right_Head_Close,230,28.45999,0.1251018,1.513118,-0.2469933,0.1178291,1.213501,-0.1890446,-0.3665532,0.5100049,0.3745887,0.6820682,0.1983457,1.519282,-0.1346627,-0.2351121,-0.1632627,-0.566853,0.7724929,MathCanvas,2.018958,1.155018,-0.3820266,0.1248094,1.512865,-0.2452353,0.9801111,-0.1830302,-0.0766958,0.1334705,1.512507,-0.2792002,0.9811045,-0.1832551,-0.06206059,0.1167332,1.513729,-0.2147863,0.9769931,-0.1809513,-0.1128771,0.1251018,1.513118,-0.2469933,5.216396,75.33844,358.9445,0,6,False
1,Right_Head_Close,231,28.47999,0.1252595,1.513138,-0.2480833,0.1176521,1.213567,-0.1888357,-0.3669565,0.5091116,0.3744657,0.6825861,0.1993596,1.519394,-0.1362373,-0.2414653,-0.1625735,-0.5681986,0.7696849,MathCanvas,2.015861,1.160029,-0.3949493,0.1251018,1.513118,-0.2469933,0.9793317,-0.1890952,-0.07178152,0.1334444,1.51267,-0.2803398,0.9804786,-0.1894609,-0.05259496,0.1170746,1.513605,-0.2158267,0.9768747,-0.186968,-0.1037242,0.1252595,1.513138,-0.2480833,5.246044,75.68811,359.1912,0,6,False
1,Right_Head_Close,232,28.49999,0.1253442,1.513533,-0.2495763,0.1175828,1.213588,-0.1887612,-0.3670856,0.5088105,0.3744279,0.6827618,0.2010804,1.520105,-0.1385075,-0.2540308,-0.1579586,-0.5680019,0.7667407,MathCanvas,2.014047,1.148439,-0.3865246,0.1253302,1.5134,-0.2487919,0.9786347,-0.1875806,-0.0841893,0.1331778,1.513154,-0.2819211,0.9800679,-0.1881625,-0.06373245,0.1175105,1.513912,-0.2172316,0.9759045,-0.1855486,-0.114813,0.1253442,1.513533,-0.2495763,5.214534,76.32597,359.3447,0,6,False
1,Right_Head_Close,233,28.51999,0.1258297,1.514223,-0.2501372,0.1172817,1.213635,-0.1884731,-0.3677295,0.5073649,0.3743339,0.6835423,0.2004875,1.519585,-0.1393752,-0.2504991,-0.1671644,-0.570311,0.7642328,MathCanvas,2.006978,1.152869,-0.4114483,0.1253442,1.513533,-0.2495763,0.9783205,-0.1868557,-0.08929682,0.1333936,1.513904,-0.2825468,0.9794375,-0.1883625,-0.07226199,0.1182659,1.514541,-0.2177275,0.9748497,-0.1856475,-0.123301,0.1258297,1.514223,-0.2501372,5.259458,76.81282,359.4495,0,6,False
1,Right_Head_Close,234,28.53999,0.125802,1.514019,-0.2522703,0.1169071,1.213578,-0.187792,-0.3689421,0.5041897,0.3740256,0.6854045,0.2022248,1.518532,-0.1413064,-0.2468309,-0.1536094,-0.5701706,0.7683646,MathCanvas,2.004484,1.155407,-0.4216124,0.1259419,1.514185,-0.2515138,0.9774187,-0.1770386,-0.1153688,0.1325715,1.514495,-0.2848532,0.979367,-0.1743458,-0.1021948,0.1190323,1.513543,-0.2196875,0.9733963,-0.1705715,-0.1529868,0.125802,1.514019,-0.2522703,4.763557,78.33115,0.8220682,0,6,False
1,Right_Head_Close,235,28.55999,0.1260681,1.514168,-0.2532775,0.1169157,1.213573,-0.1877228,-0.3688693,0.5039439,0.3739896,0.685644,0.2033788,1.518673,-0.1427282,-0.2533637,-0.1453605,-0.5688016,0.7688575,MathCanvas,1.994724,1.175503,-0.472867,0.125802,1.514019,-0.2522703,0.96875,-0.1871857,-0.1627429,0.1325512,1.514887,-0.2859141,0.9713435,-0.1863149,-0.147576,0.119585,1.513448,-0.220641,0.9633583,-0.1816196,-0.1973709,0.1260681,1.514168,-0.2532775,4.725194,78.86715,1.243203,0,6,False
1,Right_Head_Close,236,28.57999,0.1260431,1.515419,-0.2538375,0.11702,1.213542,-0.1873262,-0.3680355,0.5029415,0.3731388,0.6872897,0.2066144,1.520057,-0.1468497,-0.2703624,-0.1250878,-0.5576958,0.7747469,MathCanvas,1.958922,1.160017,-0.5611835,0.1258829,1.514492,-0.253666,0.9653841,-0.1841551,-0.1847175,0.1319292,1.516577,-0.2865745,0.9692181,-0.1804402,-0.1675046,0.1201571,1.514262,-0.2211005,0.9603111,-0.1751511,-0.2170831,0.1260431,1.515419,-0.2538375,4.632569,79.9688,1.999124,0,6,False
1,Right_Head_Close,237,28.59999,0.1258356,1.515771,-0.2533061,0.1170635,1.213507,-0.1872514,-0.36827,0.5026097,0.3724402,0.6877856,0.2079381,1.519781,-0.1483095,-0.2743899,-0.1289008,-0.5609399,0.7703514,MathCanvas,1.948016,1.167863,-0.6024556,0.1260431,1.515419,-0.2538375,0.9650865,-0.1777963,-0.192345,0.1318445,1.517342,-0.2860035,0.9714308,-0.1701486,-0.1654443,0.1198267,1.514201,-0.2206087,0.9626796,-0.1643889,-0.2149982,0.1258356,1.515771,-0.2533061,4.252463,79.78804,2.712053,0,6,False
1,Right_Head_Close,238,28.61999,0.125516,1.51627,-0.2529039,0.1170268,1.213437,-0.1872332,-0.3689563,0.5022175,0.372052,0.6879143,0.2096393,1.519336,-0.1506464,-0.2859117,-0.1279796,-0.5642659,0.7638584,MathCanvas,1.948655,1.179956,-0.6166,0.1256592,1.516066,-0.2531069,0.9590958,-0.1533495,-0.237947,0.1318628,1.518612,-0.2854912,0.9656829,-0.1482692,-0.2132437,0.1191691,1.513928,-0.2203167,0.9549285,-0.1412812,-0.2610573,0.125516,1.51627,-0.2529039,3.667767,79.23779,4.042933,0,6,False
1,Right_Head_Close,239,28.63999,0.1253798,1.516443,-0.252793,0.1170142,1.213418,-0.1872425,-0.3691741,0.5021319,0.3719519,0.6879141,0.2106654,1.51939,-0.1519678,-0.290976,-0.1251233,-0.5641447,0.7625077,MathCanvas,1.936927,1.226644,-0.7023061,0.125516,1.51627,-0.2529039,0.9606093,-0.1447761,-0.2372127,0.1318219,1.519138,-0.2853342,0.9673741,-0.139793,-0.2112941,0.1189377,1.513748,-0.2202518,0.9567364,-0.1324203,-0.2590759,0.1253798,1.516443,-0.252793,3.395004,79.07831,4.652902,0,6,False
1,Right_Head_Close,240,28.65999,0.124511,1.515489,-0.2521967,0.1169671,1.213315,-0.1875064,-0.3700842,0.5025795,0.370634,0.6878095,0.2059923,1.51788,-0.148351,-0.2803224,-0.1350683,-0.5673408,0.7624306,MathCanvas,1.944239,1.242318,-0.7019418,0.1253798,1.516443,-0.252793,0.9652541,-0.137648,-0.2221208,0.13156,1.517906,-0.2846338,0.9724909,-0.1487823,-0.1792356,0.117462,1.513073,-0.2197596,0.9633617,-0.141759,-0.2276812,0.124511,1.515489,-0.2521967,3.665465,78.00668,4.172496,0,6,False
1,Right_Head_Close,241,28.67999,0.1241248,1.514819,-0.2514533,0.1169268,1.213254,-0.1878032,-0.3703887,0.5039502,0.3691512,0.68744,0.1991816,1.515742,-0.1408508,-0.2342772,-0.1361344,-0.5645618,0.7796484,MathCanvas,1.959432,1.253824,-0.6744422,0.1243758,1.515124,-0.2519028,0.9688928,-0.1488456,-0.1977167,0.1315127,1.517172,-0.2838197,0.9731717,-0.1561192,-0.1690081,0.1167369,1.512467,-0.219087,0.9645995,-0.1490489,-0.2175599,0.1241248,1.514819,-0.2514533,4.225599,77.44193,4.064247,0,6,False
1,Right_Head_Close,242,28.69999,0.1238298,1.514359,-0.2511344,0.1169092,1.213248,-0.1878548,-0.3705168,0.5041201,0.3690311,0.6873111,0.1975067,1.515138,-0.1391815,-0.2225082,-0.1366672,-0.5631444,0.7840157,MathCanvas,1.968765,1.231437,-0.627879,0.1241248,1.514819,-0.2514533,0.9691961,-0.152585,-0.1933315,0.1313999,1.516749,-0.2834559,0.9738632,-0.1572856,-0.1638649,0.1162598,1.511968,-0.218813,0.9655697,-0.1501299,-0.2124527,0.1238298,1.514359,-0.2511344,4.325919,77.13031,4.130187,0,6,False
1,Right_Head_Close,243,28.71999,0.1232719,1.513244,-0.2499439,0.116961,1.213393,-0.1882433,-0.3718722,0.5051413,0.3686013,0.6860587,0.1943508,1.513869,-0.1362124,-0.2030315,-0.1523176,-0.5617949,0.787378,MathCanvas,1.970656,1.223604,-0.6195322,0.1235748,1.514043,-0.2507646,0.9707211,-0.1553566,-0.1832082,0.1311522,1.515426,-0.2822059,0.9735686,-0.1681247,-0.1545909,0.1153916,1.511062,-0.2176819,0.9657806,-0.1610768,-0.2032781,0.1232719,1.513244,-0.2499439,4.859507,76.59375,3.772042,0,6,False
1,Right_Head_Close,244,28.73999,0.1228593,1.513032,-0.2497147,0.1170714,1.21362,-0.188436,-0.3727644,0.5057693,0.3683375,0.685253,0.1944229,1.513472,-0.1360496,-0.2078974,-0.1487248,-0.5598284,0.7881953,MathCanvas,1.976173,1.216701,-0.5996495,0.1232719,1.513244,-0.2499439,0.9690007,-0.1697727,-0.1794854,0.1308672,1.515036,-0.2819568,0.9719046,-0.1805505,-0.1510061,0.1148513,1.511028,-0.2174726,0.9643613,-0.1735284,-0.1997375,0.1228593,1.513032,-0.2497147,5.186943,76.36546,3.465791,0,6,False
1,Right_Head_Close,245,28.75999,0.1222344,1.513121,-0.2491101,0.1170518,1.213726,-0.1886063,-0.3735794,0.5061495,0.3683279,0.6845333,0.1940904,1.512967,-0.1351094,-0.212423,-0.1355189,-0.5427409,0.8012137,MathCanvas,1.969643,1.189468,-0.5917896,0.1225751,1.513468,-0.2495493,0.9688155,-0.1727782,-0.1776069,0.1305178,1.514807,-0.2813008,0.9726168,-0.1778512,-0.1496183,0.113951,1.511436,-0.2169194,0.9650694,-0.1713202,-0.1982183,0.1222344,1.513121,-0.2491101,5.418434,75.84515,2.915974,0,6,False
1,Right_Head_Close,246,28.77999,0.1223073,1.513566,-0.2485615,0.1169557,1.213811,-0.1888501,-0.3749661,0.5067412,0.36844,0.6832758,0.1971165,1.513218,-0.1366931,-0.2349948,-0.09847735,-0.5062511,0.8238868,MathCanvas,1.969235,1.183728,-0.5877092,0.1222344,1.513121,-0.2491101,0.9691532,-0.1745867,-0.1739595,0.1305591,1.514944,-0.2807749,0.9732236,-0.1754443,-0.1485105,0.1140554,1.512188,-0.2163481,0.9656122,-0.1694598,-0.1971714,0.1223073,1.513566,-0.2485615,5.042264,75.84151,2.382375,0,6,False
1,Right_Head_Close,247,28.79999,0.122293,1.513834,-0.2486442,0.1168557,1.213814,-0.1888908,-0.3758796,0.5071777,0.3686873,0.682316,0.2015205,1.513576,-0.1392156,-0.2618311,-0.06828111,-0.4827327,0.8329174,MathCanvas,1.970785,1.180575,-0.5803566,0.1223073,1.513566,-0.2485615,0.9697278,-0.1724528,-0.1728826,0.1305554,1.515204,-0.2808552,0.9737374,-0.1730692,-0.1479272,0.1140306,1.512463,-0.2164332,0.9661321,-0.1671481,-0.1965966,0.122293,1.513834,-0.2486442,4.886499,75.81522,2.368491,0,6,False
1,Right_Head_Close,248,28.81999,0.1215987,1.513373,-0.2484796,0.1167458,1.21376,-0.1886057,-0.3755152,0.5073665,0.3692662,0.6820632,0.2189998,1.517284,-0.1474142,-0.3324129,-0.01441772,-0.4875892,0.8071869,MathCanvas,1.972818,1.184743,-0.5785547,0.1219155,1.513517,-0.2483345,0.9603972,-0.1718575,-0.2193217,0.1296137,1.514491,-0.2807628,0.9639599,-0.1773438,-0.1983194,0.1135837,1.512254,-0.2161965,0.9541175,-0.1713633,-0.2455494,0.1215987,1.513373,-0.2484796,4.872925,76.22134,1.933524,0,6,False
1,Right_Head_Close,249,28.83999,0.1213562,1.513305,-0.2484721,0.1167211,1.21375,-0.1885545,-0.3753883,0.5073612,0.3693754,0.6820778,0.2226197,1.517888,-0.1489992,-0.3484318,0.002838105,-0.4802645,0.804943,MathCanvas,1.941114,1.187781,-0.6639945,0.1215987,1.513373,-0.2484796,0.9593338,-0.1743544,-0.2219892,0.1293249,1.514307,-0.2807706,0.963473,-0.1790685,-0.1991341,0.1133874,1.512304,-0.2161736,0.9535677,-0.1732359,-0.2463696,0.1213562,1.513305,-0.2484721,4.88817,76.28816,1.730753,0,6,False
1,Right_Head_Close,250,28.85999,0.1205216,1.51234,-0.2498571,0.1165645,1.213711,-0.188432,-0.3748473,0.5072826,0.3698137,0.6821963,0.2385921,1.523511,-0.1593932,-0.4204679,0.05276299,-0.4700323,0.774269,MathCanvas,1.936888,1.183341,-0.6685849,0.1208293,1.512592,-0.2495139,0.9568152,-0.1790066,-0.2290443,0.1282286,1.513333,-0.2822193,0.9608555,-0.1838512,-0.2072572,0.1128145,1.511347,-0.2174949,0.9505911,-0.1779193,-0.2544039,0.1205216,1.51234,-0.2498571,5.190169,76.7599,1.717065,0,6,False
1,Right_Head_Close,251,28.87999,0.1202312,1.512411,-0.2497166,0.1158211,1.213623,-0.1881874,-0.3738523,0.507036,0.3709074,0.6823319,0.2477988,1.5293,-0.1744597,-0.4873516,0.06428112,-0.4492329,0.7460202,MathCanvas,1.927688,1.174245,-0.6824602,0.1205216,1.51234,-0.2498571,0.9511949,-0.1797721,-0.2508192,0.1277671,1.513448,-0.2821177,0.9547082,-0.1849867,-0.23305,0.1126953,1.511373,-0.2173155,0.9433842,-0.178779,-0.2794,0.1202312,1.512411,-0.2497166,5.370284,77.07478,1.793895,0,6,False
1,Right_Head_Close,252,28.89999,0.1196317,1.512145,-0.2500219,0.1158211,1.213623,-0.1881874,-0.3738523,0.507036,0.3709074,0.6823319,0.2588791,1.534205,-0.1863951,-0.5478583,0.09324789,-0.4272305,0.7131832,MathCanvas,1.911857,1.173801,-0.7221476,0.1199355,1.51229,-0.2498533,0.9466431,-0.1836022,-0.2648724,0.1269699,1.513078,-0.2824715,0.9511134,-0.1887143,-0.2444796,0.1122934,1.511212,-0.2175723,0.9392887,-0.1825296,-0.2905507,0.1196317,1.512145,-0.2500219,5.549288,77.4134,1.613757,0,6,False
1,Right_Head_Close,253,28.91999,0.1191475,1.512273,-0.2498642,0.1146773,1.213635,-0.1878587,-0.3731346,0.5063211,0.3729542,0.6821398,0.2541083,1.53827,-0.2037389,-0.5986265,0.01321745,-0.4341044,0.6730713,MathCanvas,1.899234,1.166989,-0.7479579,0.1196317,1.512145,-0.2500219,0.9454864,-0.1856228,-0.2675816,0.1264149,1.51303,-0.2823343,0.9501134,-0.1921631,-0.2456788,0.1118801,1.511517,-0.2173941,0.9381996,-0.1861763,-0.2917532,0.1191475,1.512273,-0.2498642,5.620469,77.51228,1.308577,0,6,False
1,Right_Head_Close,254,28.93999,0.1188558,1.512667,-0.2496985,0.1144548,1.21367,-0.1876962,-0.3726459,0.5062194,0.37345,0.6822112,0.2545877,1.540411,-0.2115262,-0.6186376,-0.008534164,-0.4279204,0.6588618,MathCanvas,1.895659,1.163499,-0.7526338,0.1191475,1.512273,-0.2498642,0.9444418,-0.1891706,-0.2687825,0.1261015,1.513438,-0.2821731,0.9501602,-0.1910907,-0.2463327,0.1116102,1.511896,-0.2172239,0.9382105,-0.1851065,-0.2923978,0.1188558,1.512667,-0.2496985,5.563204,77.55168,1.334217,0,6,False
1,Right_Head_Close,255,28.95999,0.1185034,1.513511,-0.249368,0.1143623,1.213698,-0.1875199,-0.3721594,0.5061112,0.3736557,0.6824444,0.2562648,1.544606,-0.2254924,-0.6508591,-0.03654783,-0.4155583,0.6343171,MathCanvas,1.892414,1.157425,-0.7544426,0.1187402,1.513145,-0.2495523,0.9483197,-0.1894744,-0.254537,0.1257336,1.514303,-0.2818455,0.9534594,-0.1923135,-0.2322304,0.1112731,1.512719,-0.2168904,0.9420764,-0.1864001,-0.2788319,0.1185034,1.513511,-0.249368,5.357632,77.57726,1.369868,0,6,False
1,Right_Head_Close,256,28.97999,0.1183333,1.513967,-0.2491514,0.1143623,1.213698,-0.1875199,-0.3721594,0.5061112,0.3736557,0.6824444,0.2583544,1.546914,-0.2327909,-0.6730856,-0.04564838,-0.4069451,0.6158471,MathCanvas,1.901981,1.157172,-0.7280684,0.1185034,1.513511,-0.249368,0.9480587,-0.1893577,-0.2555947,0.1255509,1.514754,-0.2816319,0.9536416,-0.1911015,-0.2324822,0.1111157,1.513179,-0.2166709,0.9422342,-0.1852247,-0.279082,0.1183333,1.513967,-0.2491514,5.27484,77.5968,1.361685,0,6,False
1,Right_Head_Close,257,28.99999,0.1181079,1.514384,-0.2483331,0.1142189,1.213486,-0.1867126,-0.3708097,0.5059193,0.3733384,0.6834942,0.2409804,1.550008,-0.2385614,-0.6378564,-0.08740552,-0.3761667,0.6663318,MathCanvas,1.901157,1.15788,-0.7297972,0.1183351,1.514445,-0.2486162,0.9539301,-0.1770156,-0.2422453,0.1256383,1.514977,-0.2807466,0.959664,-0.1796258,-0.2162857,0.1105775,1.513791,-0.2159195,0.9488431,-0.174381,-0.2632261,0.1181079,1.514384,-0.2483331,4.579008,77.00269,1.024329,0,6,False
1,Right_Head_Close,258,29.01999,0.1179753,1.514598,-0.2480846,0.1142383,1.213453,-0.1865524,-0.3705229,0.5059248,0.3732128,0.6837142,0.2369961,1.551389,-0.2434806,-0.6409115,-0.1121249,-0.3597839,0.6687421,MathCanvas,1.918731,1.180252,-0.7055913,0.1181079,1.514384,-0.2483331,0.9590244,-0.1649368,-0.230365,0.125577,1.515158,-0.2804821,0.9645482,-0.1670092,-0.20434,0.1103736,1.514039,-0.2156871,0.9541347,-0.1621901,-0.2516376,0.1179753,1.514598,-0.2480846,4.528281,76.87138,0.9662443,0,6,False
1,Right_Head_Close,259,29.03999,0.1177056,1.514889,-0.2474163,0.114247,1.21344,-0.1864737,-0.3703605,0.5059223,0.3731491,0.6838388,0.232311,1.555006,-0.2545488,-0.6545313,-0.1467666,-0.332608,0.6628878,MathCanvas,1.934783,1.202137,-0.6844957,0.1178374,1.514799,-0.247717,0.9602404,-0.1635522,-0.2262498,0.1254164,1.515356,-0.2797895,0.9657347,-0.1648536,-0.2004488,0.1099948,1.514423,-0.2150431,0.9554688,-0.1602351,-0.2477986,0.1177056,1.514889,-0.2474163,4.314724,76.66327,0.8048872,0,6,False
1,Right_Head_Close,260,29.05999,0.1173682,1.514452,-0.2472394,0.1142611,1.213367,-0.1860844,-0.3687652,0.5058391,0.3729288,0.6848818,0.2261352,1.553362,-0.2562058,-0.6585882,-0.1494492,-0.3169955,0.6659132,MathCanvas,1.938615,1.204745,-0.6764551,0.1177056,1.514889,-0.2474163,0.9585507,-0.1709429,-0.2279462,0.1252886,1.514993,-0.2795608,0.9639789,-0.1768352,-0.1986806,0.1094479,1.513912,-0.214918,0.9539372,-0.171788,-0.2459525,0.1173682,1.514452,-0.2472394,4.598871,76.30589,0.9336269,0,6,False
1,Right_Head_Close,261,29.07999,0.1159497,1.513617,-0.2476094,0.1141376,1.213328,-0.1861062,-0.3682178,0.5062954,0.3730953,0.6847486,0.2233463,1.553604,-0.2626423,-0.6676744,-0.1794771,-0.2920201,0.6608504,MathCanvas,1.931839,1.190869,-0.6787257,0.1163273,1.514024,-0.247498,0.9588678,-0.1828415,-0.2171215,0.123996,1.514018,-0.2799017,0.9629657,-0.1900949,-0.191209,0.1079033,1.513215,-0.2153171,0.9533229,-0.1849917,-0.2386492,0.1159497,1.513617,-0.2476094,5.333985,76.073,0.6942728,1,7,False
1,Right_Head_Close,262,29.09999,0.1156272,1.513313,-0.247498,0.1141376,1.213328,-0.1861062,-0.3682178,0.5062954,0.3730953,0.6847486,0.2223102,1.554038,-0.2661989,-0.6731822,-0.1857846,-0.2766577,0.660129,MathCanvas,1.930204,1.167666,-0.6584204,0.1159497,1.513617,-0.2476094,0.9584413,-0.1875439,-0.2149832,0.1237086,1.513648,-0.2797823,0.9625186,-0.1935765,-0.1899639,0.1075458,1.512978,-0.2152138,0.9529426,-0.1884991,-0.2374206,0.1156272,1.513313,-0.247498,5.504612,76.00203,0.5789275,1,7,False
1,Right_Head_Close,263,29.11999,0.1166011,1.514248,-0.246831,0.1140702,1.213341,-0.1861927,-0.3680718,0.5069533,0.373213,0.6842759,0.2258447,1.554215,-0.2660914,-0.6753317,-0.1542943,-0.2666721,0.6700795,MathCanvas,1.927641,1.158746,-0.6539418,0.1156272,1.513313,-0.247498,0.9593604,-0.1823543,-0.2153479,0.1246688,1.514581,-0.2791187,0.9654276,-0.1768599,-0.1914939,0.1085334,1.513914,-0.2145433,0.9556582,-0.1721118,-0.2389452,0.1166011,1.514248,-0.246831,4.990641,76.02097,0.5763193,1,7,False
1,Right_Head_Close,264,29.13999,0.1163442,1.515522,-0.2461492,0.1138227,1.213397,-0.1866857,-0.3676594,0.5095709,0.3731922,0.6825626,0.2356392,1.552357,-0.2641206,-0.6767592,-0.1520276,-0.3293967,0.640611,MathCanvas,1.931188,1.169333,-0.654152,0.1166985,1.515393,-0.2465175,0.9610837,-0.1832347,-0.2067444,0.1245752,1.516019,-0.2783936,0.9662433,-0.18362,-0.1807137,0.1081132,1.515026,-0.2139049,0.9570588,-0.178561,-0.2283738,0.1163442,1.515522,-0.2461492,4.248719,75.74341,0.8568757,1,7,False
1,Right_Head_Close,265,29.15999,0.1160883,1.515531,-0.2458557,0.1137998,1.2134,-0.1867494,-0.367662,0.5099146,0.3731863,0.6823077,0.2372193,1.551567,-0.2655324,-0.6795935,-0.1629966,-0.3397923,0.6293854,MathCanvas,1.936564,1.16849,-0.6377077,0.1163442,1.515522,-0.2461492,0.9619496,-0.1810911,-0.2045957,0.1243866,1.51601,-0.2780831,0.9669701,-0.1819696,-0.1784822,0.1077901,1.515052,-0.2136283,0.9578766,-0.1769769,-0.2261671,0.1160883,1.515531,-0.2458557,4.128712,75.62009,0.8265294,1,7,False
1,Right_Head_Close,266,29.17999,0.1158501,1.515041,-0.2455489,0.113635,1.213388,-0.1870338,-0.3679777,0.5113783,0.3731752,0.681047,0.2378172,1.54971,-0.2684889,-0.6837232,-0.180724,-0.341262,0.6191944,MathCanvas,1.938753,1.172407,-0.6335156,0.1158642,1.515471,-0.2455362,0.9634723,-0.1776193,-0.2004304,0.1242256,1.515469,-0.277757,0.9671834,-0.1833,-0.1759475,0.1074746,1.514613,-0.2133408,0.9582092,-0.1783578,-0.2236598,0.1158501,1.515041,-0.2455489,4.173906,75.47736,0.7393477,0,7,False
1,Right_Head_Close,267,29.19999,0.1155802,1.515383,-0.2456102,0.1133761,1.213293,-0.1871888,-0.3683479,0.5124453,0.3728041,0.6802476,0.2327059,1.548166,-0.2697259,-0.6737142,-0.2084219,-0.3157289,0.6348108,MathCanvas,1.943347,1.178136,-0.6257216,0.1158501,1.515041,-0.2455489,0.9621925,-0.1806246,-0.2038639,0.123878,1.515903,-0.2778371,0.9653357,-0.1860051,-0.1831096,0.1072824,1.514862,-0.2133833,0.9560902,-0.1808159,-0.2306453,0.1155802,1.515383,-0.2456102,4.434592,75.63057,0.898617,0,7,False
1,Right_Head_Close,268,29.21999,0.1151105,1.514837,-0.245894,0.1134263,1.213233,-0.1870906,-0.3682336,0.5123042,0.372527,0.6805675,0.2302651,1.546256,-0.2721879,-0.6637653,-0.2457523,-0.3031141,0.6380779,MathCanvas,1.938028,1.173269,-0.63174,0.1153166,1.514995,-0.2458439,0.9598034,-0.1859876,-0.2102052,0.123276,1.515371,-0.2781545,0.9642936,-0.1873003,-0.1872341,0.1069449,1.514302,-0.2136336,0.9548602,-0.1820583,-0.2347272,0.1151105,1.514837,-0.245894,4.518599,75.86877,0.9229461,0,7,False
1,Right_Head_Close,269,29.23999,0.1148969,1.514752,-0.2459231,0.1134263,1.213233,-0.1870906,-0.3682336,0.5123042,0.372527,0.6805675,0.2295913,1.545458,-0.2733407,-0.6598964,-0.2607158,-0.2993606,0.6379242,MathCanvas,1.92932,1.163285,-0.6432215,0.1151105,1.514837,-0.245894,0.959874,-0.18468,-0.2110338,0.1230465,1.515305,-0.2781873,0.9640745,-0.1878045,-0.1878563,0.1067473,1.5142,-0.213659,0.9546206,-0.1825218,-0.235341,0.1148969,1.514752,-0.2459231,4.565588,75.90012,0.9539841,0,7,False
1,Right_Head_Close,270,29.25999,0.1148798,1.514804,-0.246452,0.1134958,1.213193,-0.1869466,-0.3680732,0.5119911,0.3723731,0.680974,0.2302289,1.544579,-0.2726798,-0.6556868,-0.2684536,-0.3045155,0.6366144,Cube,0.1701333,1.504125,-0.2580672,0.1148969,1.514752,-0.2459231,0.9596449,-0.1851638,-0.2116516,0.1230336,1.515424,-0.2787138,0.9639125,-0.1882991,-0.1881914,0.106726,1.514183,-0.2141902,0.9544692,-0.182895,-0.2356647,0.1148798,1.514804,-0.246452,4.652772,75.90312,1.072244,0,7,False
1,Right_Head_Close,271,29.27999,0.1139338,1.511176,-0.2473732,0.1134352,1.213101,-0.186595,-0.3676918,0.511301,0.3716506,0.6820924,0.2315743,1.543067,-0.2692725,-0.6709038,-0.24324,-0.3127309,0.6268348,Cube,0.1714628,1.503886,-0.2589315,0.1149945,1.514694,-0.2468283,0.9537143,-0.1991479,-0.2253203,0.1217355,1.51142,-0.279727,0.9538281,-0.2175277,-0.2071081,0.106132,1.510932,-0.2150194,0.9436445,-0.2119527,-0.2541872,0.1139338,1.511176,-0.2473732,5.559091,76.48352,0.4219409,0,7,False
1,Right_Head_Close,272,29.29999,0.1130341,1.509126,-0.2473232,0.1133684,1.213081,-0.1865205,-0.3677185,0.5111619,0.3715508,0.6822366,0.2311291,1.542405,-0.2690006,-0.6727192,-0.2432079,-0.3101714,0.6261729,Cube,0.1706695,1.499329,-0.2607774,0.1139338,1.511176,-0.2473732,0.9490321,-0.2147411,-0.2307041,0.1206498,1.509144,-0.2797223,0.9496404,-0.2309477,-0.2117691,0.1054185,1.509109,-0.2149242,0.9392575,-0.225417,-0.2588097,0.1130341,1.509126,-0.2473232,6.247193,76.77563,0.03038095,0,7,False
1,Right_Head_Close,273,29.31999,0.1138549,1.510199,-0.2477601,0.1131725,1.21301,-0.1862476,-0.3679587,0.510655,0.3711652,0.6826964,0.2267782,1.543675,-0.2654524,-0.6730108,-0.2183444,-0.2837984,0.6471791,MathCanvas,1.891464,1.106714,-0.6796489,0.1121496,1.507231,-0.2474876,0.941543,-0.2380881,-0.2383506,0.121502,1.510102,-0.2801515,0.9441875,-0.2527092,-0.2113009,0.1062078,1.510296,-0.2153686,0.933985,-0.2468443,-0.2583405,0.1138549,1.510199,-0.2477601,7.579442,76.6944,359.8314,0,7,False
1,Right_Head_Close,274,29.33999,0.1144196,1.51031,-0.2475275,0.1130884,1.212957,-0.1860513,-0.3680305,0.5103045,0.3708874,0.6830706,0.225796,1.54451,-0.2639699,-0.664635,-0.2243167,-0.27801,0.6562414,MathCanvas,1.870802,1.065919,-0.6925294,0.1138549,1.510199,-0.2477601,0.9405892,-0.2434224,-0.2367222,0.1220518,1.510294,-0.2799226,0.9468181,-0.2403912,-0.2138869,0.1067874,1.510327,-0.2151324,0.9364256,-0.2346641,-0.2608447,0.1144196,1.51031,-0.2475275,7.259421,76.73937,359.9714,0,7,False
1,Right_Head_Close,275,29.35999,0.1147565,1.509877,-0.2468312,0.1130445,1.212943,-0.1859319,-0.368001,0.5101233,0.3708122,0.6832626,0.2254915,1.544602,-0.2619207,-0.6584844,-0.2292341,-0.2775066,0.6609389,MathCanvas,1.868198,1.056436,-0.6889087,0.1146386,1.510137,-0.2470696,0.9436212,-0.2292969,-0.2387505,0.1224046,1.509895,-0.2792226,0.9481281,-0.2338685,-0.2153105,0.1071085,1.50986,-0.2144398,0.9376376,-0.2282201,-0.2622049,0.1147565,1.509877,-0.2468312,7.397826,76.71889,0.03062214,0,7,False
1,Right_Head_Close,276,29.37999,0.1147095,1.509552,-0.246558,0.1130186,1.212941,-0.1858977,-0.3679827,0.5100762,0.3708035,0.6833125,0.2255683,1.54452,-0.2609999,-0.6565189,-0.231097,-0.2789153,0.661652,Cube,0.1555252,1.499971,-0.2571463,0.1147565,1.509877,-0.2468312,0.9431784,-0.2310454,-0.2388153,0.1223896,1.509564,-0.2789419,0.9481065,-0.2348006,-0.2143893,0.1070294,1.50954,-0.2141742,0.937668,-0.2291387,-0.2612935,0.1147095,1.509552,-0.246558,7.454318,76.66106,0.02100318,0,7,False
1,Right_Head_Close,277,29.39999,0.1153559,1.51134,-0.2459849,0.1123877,1.212842,-0.1857216,-0.3688922,0.5093522,0.3708001,0.6833639,0.2300494,1.544709,-0.2623133,-0.6614143,-0.2370404,-0.3097602,0.6406182,Cube,0.1550252,1.499676,-0.2567661,0.1149369,1.510452,-0.2459901,0.9471042,-0.2210783,-0.2326332,0.1231675,1.511432,-0.2783372,0.9530849,-0.2179355,-0.2100789,0.1075442,1.511247,-0.2136327,0.9427383,-0.2125491,-0.2570358,0.1153559,1.51134,-0.2459849,6.418005,76.44338,0.1607848,0,7,False
1,Right_Head_Close,278,29.41999,0.1156345,1.51197,-0.2457516,0.1123398,1.212813,-0.1856942,-0.3690111,0.5092495,0.3707768,0.6833888,0.2302834,1.544775,-0.262013,-0.6609178,-0.238411,-0.3117118,0.6396747,Cube,0.1557176,1.501918,-0.2558988,0.1153559,1.51134,-0.2459849,0.9751071,-0.1476621,-0.165415,0.1234484,1.512105,-0.2781031,0.9792187,-0.1459809,-0.1407849,0.1078206,1.511836,-0.2134001,0.9713683,-0.1427191,-0.1899341,0.1156345,1.51197,-0.2457516,6.239742,76.44665,0.2323571,0,7,False
1,Right_Head_Close,279,29.43999,0.1159142,1.512618,-0.2455071,0.1123398,1.212813,-0.1856942,-0.3690111,0.5092495,0.3707768,0.6833888,0.2300821,1.54504,-0.2624346,-0.6630098,-0.2360713,-0.3085933,0.6398895,Cube,0.1641205,1.504628,-0.2539766,0.1156345,1.51197,-0.2457516,0.9756045,-0.1443502,-0.165406,0.1237307,1.512792,-0.2778578,0.9797193,-0.142615,-0.1407524,0.1080977,1.512443,-0.2131564,0.9718627,-0.1393583,-0.1899011,0.1159142,1.512618,-0.2455071,6.057641,76.44857,0.3022577,0,7,False
1,Right_Head_Close,280,29.45999,0.1160119,1.511445,-0.2455622,0.1125933,1.21242,-0.1850393,-0.3668817,0.5092095,0.369695,0.685149,0.2294115,1.546653,-0.2649979,-0.6789499,-0.222936,-0.289111,0.6369784,Cube,0.1645635,1.50542,-0.2537552,0.1161012,1.511593,-0.2454595,0.9779261,-0.1209362,-0.1703967,0.1235486,1.511612,-0.2779793,0.9808344,-0.1245862,-0.1498075,0.1084752,1.511277,-0.2131451,0.9724314,-0.1217448,-0.1988857,0.1160119,1.511445,-0.2455622,5.86415,76.94131,0.289927,0,7,False
1,Right_Head_Close,281,29.47999,0.116236,1.511888,-0.2454118,0.1126483,1.212393,-0.1849141,-0.3665381,0.508967,0.3697087,0.6855056,0.2295288,1.546876,-0.2646987,-0.6758425,-0.2270218,-0.291367,0.6378114,Cube,0.1640157,1.505509,-0.2539265,0.1160119,1.511445,-0.2455622,0.9754351,-0.1125027,-0.189393,0.1236578,1.512062,-0.2778553,0.9790186,-0.1145026,-0.1685576,0.1088142,1.511714,-0.2129683,0.9697295,-0.1117391,-0.217115,0.116236,1.511888,-0.2454118,5.908221,77.14571,0.3012332,0,7,False
1,Right_Head_Close,282,29.49999,0.1164581,1.512298,-0.2453486,0.1126483,1.212393,-0.1849141,-0.3665381,0.508967,0.3697087,0.6855056,0.2294991,1.546767,-0.2644417,-0.6737607,-0.2286551,-0.2930331,0.6386667,Cube,0.161446,1.506674,-0.2541899,0.1163362,1.512099,-0.2453531,0.9743465,-0.1120764,-0.1951616,0.1237287,1.512487,-0.2778263,0.9784129,-0.112869,-0.1731158,0.1091874,1.512109,-0.212871,0.9688936,-0.1101167,-0.2216294,0.1164581,1.512298,-0.2453486,5.816947,77.41461,0.3272484,0,7,False
1,Right_Head_Close,283,29.51999,0.1160213,1.509298,-0.2448714,0.1125719,1.212437,-0.1848042,-0.3667086,0.5088277,0.3701339,0.6852884,0.2293375,1.546281,-0.2633725,-0.6705423,-0.2362213,-0.2978614,0.6370645,Cube,0.1619617,1.507064,-0.254463,0.1164581,1.512298,-0.2453486,0.9739561,-0.111493,-0.1974303,0.1233064,1.509208,-0.2773463,0.9764664,-0.1299598,-0.1721158,0.1087362,1.509388,-0.2123966,0.9670126,-0.1272856,-0.2206468,0.1160213,1.509298,-0.2448714,6.685689,77.338,359.8445,0,7,False
1,Right_Head_Close,284,29.53999,0.11665,1.509555,-0.2448831,0.1125988,1.212349,-0.184533,-0.365722,0.5092456,0.3699641,0.6855968,0.2287242,1.546443,-0.2622656,-0.6612568,-0.2369656,-0.2957848,0.6473778,Cube,0.1621275,1.50402,-0.2542176,0.1162039,1.509149,-0.244829,0.9680568,-0.1358477,-0.2107402,0.1238664,1.509272,-0.2773721,0.9724981,-0.1388439,-0.1870022,0.1094335,1.509839,-0.212394,0.9623827,-0.1361984,-0.2350944,0.11665,1.509555,-0.2448831,7.112237,77.4159,359.508,0,7,False
1,Right_Head_Close,285,29.55999,0.1167535,1.509402,-0.2448284,0.1125988,1.212349,-0.184533,-0.365722,0.5092456,0.3699641,0.6855968,0.2286506,1.546498,-0.2620489,-0.6596377,-0.2378458,-0.2956165,0.6487822,Cube,0.1616893,1.503235,-0.2546878,0.11665,1.509555,-0.2448831,0.9677402,-0.1375213,-0.2111092,0.1239282,1.509041,-0.2773259,0.9717193,-0.1428937,-0.1879972,0.1095787,1.509763,-0.2123309,0.9615544,-0.1402825,-0.2360805,0.1167535,1.509402,-0.2448284,7.309694,77.47031,359.3732,0,7,False
1,Right_Head_Close,286,29.57999,0.116946,1.509472,-0.2448022,0.1125988,1.212349,-0.184533,-0.365722,0.5092456,0.3699641,0.6855968,0.2283668,1.546581,-0.2618827,-0.6575888,-0.2377776,-0.2930851,0.6520275,Cube,0.1616859,1.503017,-0.2546302,0.1167535,1.509402,-0.2448284,0.9669366,-0.1415883,-0.2120997,0.1240818,1.509044,-0.2773075,0.9709556,-0.1467882,-0.1889402,0.1098102,1.509899,-0.212297,0.960745,-0.1441967,-0.2370154,0.116946,1.509472,-0.2448022,7.505815,77.52141,359.2577,0,7,False
1,Right_Head_Close,287,29.59999,0.1187939,1.510017,-0.2442546,0.1125925,1.211982,-0.1841068,-0.3655675,0.5095735,0.3695193,0.6856754,0.2294134,1.546763,-0.2638033,-0.6723076,-0.221268,-0.2835705,0.6470169,Cube,0.1617482,1.502912,-0.2546297,0.1185049,1.510082,-0.2444417,0.9520863,-0.1352466,-0.2742994,0.1259307,1.509704,-0.276761,0.9580209,-0.1362706,-0.2522424,0.1116572,1.51033,-0.2117483,0.94519,-0.1333179,-0.2980643,0.1187939,1.510017,-0.2442546,6.513805,77.55564,359.4573,0,7,False
1,Right_Head_Close,288,29.61999,0.1193474,1.510131,-0.2442685,0.1125806,1.211929,-0.1840073,-0.3653527,0.5096768,0.3694552,0.6857477,0.2299456,1.546941,-0.2642095,-0.6729394,-0.2195705,-0.2836944,0.6468841,Cube,0.1600981,1.504149,-0.2561545,0.1187939,1.510017,-0.2442546,0.9511603,-0.1397395,-0.2752581,0.12646,1.509777,-0.2767797,0.9572098,-0.1408727,-0.2527925,0.1122347,1.510484,-0.2117572,0.9443648,-0.1378679,-0.2986093,0.1193474,1.510131,-0.2442685,6.452106,77.59081,359.3883,0,7,False
1,Right_Head_Close,289,29.63999,0.1202381,1.510277,-0.2441594,0.1125806,1.211929,-0.1840073,-0.3653527,0.5096768,0.3694552,0.6857477,0.2303183,1.547107,-0.2645461,-0.6742401,-0.2165984,-0.2821354,0.6472133,Cube,0.1590404,1.504299,-0.2557553,0.119767,1.510191,-0.2441725,0.9509743,-0.138836,-0.2763566,0.1272979,1.509847,-0.2766812,0.9570568,-0.1397756,-0.2539785,0.1131783,1.510707,-0.2116376,0.9441308,-0.1369227,-0.2997819,0.1202381,1.510277,-0.2441594,6.312471,77.67034,359.2546,0,7,False
1,Right_Head_Close,290,29.65999,0.1220803,1.512277,-0.2442995,0.1124699,1.211782,-0.1836137,-0.3643387,0.5107738,0.3695238,0.6854339,0.2311717,1.547288,-0.2669011,-0.6740736,-0.2140932,-0.2735013,0.6519095,Cube,0.1598304,1.504497,-0.2556651,0.1202381,1.510277,-0.2441594,0.9508706,-0.1383493,-0.2769557,0.1292449,1.512179,-0.276801,0.9596268,-0.1250452,-0.2519527,0.1149156,1.512376,-0.2117979,0.946804,-0.1220335,-0.297775,0.1220803,1.512277,-0.2442995,5.648518,77.55167,359.8289,0,7,False
1,Right_Head_Close,291,29.67999,0.1228547,1.512918,-0.2436568,0.1124152,1.211809,-0.1835233,-0.3641842,0.5115953,0.3698377,0.6847338,0.2329375,1.546526,-0.2702343,-0.6843007,-0.1929471,-0.2644363,0.6515961,Cube,0.1604127,1.5067,-0.2554644,0.1222984,1.512951,-0.2439023,0.9642282,-0.1172612,-0.2377263,0.1299217,1.512932,-0.27618,0.9704674,-0.1091016,-0.2151505,0.1157877,1.512905,-0.2111337,0.9590626,-0.1065201,-0.2623976,0.1228547,1.512918,-0.2436568,4.716923,77.74258,0.02351166,0,7,False
1,Right_Head_Close,292,29.69999,0.1233532,1.513347,-0.2434155,0.1124263,1.211821,-0.1834975,-0.3641212,0.5118078,0.3698713,0.6845903,0.2334647,1.546475,-0.2711851,-0.6863816,-0.1879795,-0.2613751,0.6520944,Cube,0.1652168,1.507767,-0.254101,0.1228547,1.512918,-0.2436568,0.965055,-0.1078109,-0.2388425,0.1304067,1.513411,-0.2759415,0.9709226,-0.1040544,-0.2155971,0.1162998,1.513283,-0.2108895,0.9594851,-0.1015105,-0.2628385,0.1233532,1.513347,-0.2434155,4.436509,77.7731,0.1102251,0,7,False
1,Right_Head_Close,293,29.71999,0.1224295,1.514337,-0.2429616,0.1124429,1.212063,-0.1833814,-0.3640609,0.5136566,0.3696175,0.6833737,0.2438347,1.542737,-0.2739958,-0.7069265,-0.1078037,-0.2372102,0.6575443,Cube,0.1668484,1.508488,-0.2541801,0.1238875,1.513794,-0.2431775,0.9567074,-0.09552896,-0.2749275,0.1293804,1.514349,-0.2755098,0.9623826,-0.0963141,-0.2540541,0.1154787,1.514325,-0.2104135,0.9493252,-0.09387095,-0.29995,0.1224295,1.514337,-0.2429616,3.972895,77.94662,0.02022434,0,7,False
1,Right_Head_Close,294,29.73999,0.121776,1.514278,-0.2426685,0.1123814,1.212191,-0.1833384,-0.364454,0.5138023,0.3696916,0.6830145,0.2521085,1.538406,-0.2727852,-0.6999128,-0.07163583,-0.2341942,0.6709273,Cube,0.1660508,1.509981,-0.255497,0.1224295,1.514337,-0.2429616,0.9547491,-0.09905304,-0.2804334,0.1286412,1.514237,-0.2752348,0.9601984,-0.1023985,-0.2598721,0.1149108,1.51432,-0.2101023,0.946906,-0.0998721,-0.3056052,0.121776,1.514278,-0.2426685,4.059341,78.09084,359.9277,0,7,False
1,Right_Head_Close,295,29.75999,0.1213371,1.514258,-0.2424033,0.1123814,1.212191,-0.1833384,-0.364454,0.5138023,0.3696916,0.6830145,0.2570678,1.535679,-0.2728915,-0.6986362,-0.04572489,-0.2294227,0.6761523,Cube,0.1703807,1.509236,-0.256945,0.121776,1.514278,-0.2426685,0.9538272,-0.1011354,-0.2828172,0.1281429,1.514206,-0.274982,0.959879,-0.1010807,-0.2615623,0.1145314,1.51431,-0.2098245,0.9464993,-0.09860339,-0.3072727,0.1213371,1.514258,-0.2424033,3.965508,78.19431,359.9108,0,7,False
1,Right_Head_Close,296,29.77999,0.1195895,1.513701,-0.2422811,0.1122262,1.212499,-0.183177,-0.3651838,0.513896,0.3702719,0.6822393,0.2731078,1.520828,-0.2710331,-0.6957325,0.03115679,-0.2124475,0.6854572,Cube,0.1818716,1.50784,-0.2603522,0.1201549,1.513851,-0.2424586,0.9514334,-0.1059183,-0.2890602,0.1261177,1.513551,-0.2749163,0.9567908,-0.1090553,-0.2695521,0.1130613,1.51385,-0.2096459,0.9430434,-0.106533,-0.3151505,0.1195895,1.513701,-0.2422811,4.395495,78.66832,359.7421,0,7,False
1,Right_Head_Close,297,29.79999,0.1196885,1.514243,-0.2421575,0.1118252,1.212816,-0.1829424,-0.366731,0.5137933,0.3715718,0.6807783,0.2828941,1.50493,-0.2678339,-0.6941493,0.08228195,-0.1827584,0.6913652,Cube,0.1885736,1.506021,-0.2632395,0.1195895,1.513701,-0.2422811,0.9349432,-0.1598945,-0.3167256,0.1260606,1.514172,-0.2748238,0.9403792,-0.1617135,-0.2992254,0.1133164,1.514315,-0.2094912,0.9257416,-0.157524,-0.3437861,0.1196885,1.514243,-0.2421575,4.454565,78.95259,359.8766,0,7,False
1,Right_Head_Close,298,29.81999,0.1191746,1.514568,-0.2416593,0.1117175,1.212785,-0.1826195,-0.3672732,0.513376,0.3724124,0.6803415,0.2983269,1.482599,-0.2616192,-0.6661356,0.1601391,-0.153898,0.7119931,Cube,0.2104003,1.49873,-0.2728874,0.1194718,1.514489,-0.2419463,0.9266528,-0.1705757,-0.33499,0.1253373,1.514563,-0.2743659,0.9330132,-0.1717631,-0.3162021,0.1130119,1.514573,-0.2089528,0.917784,-0.1671459,-0.3601873,0.1191746,1.514568,-0.2416593,4.318952,79.32859,359.9919,0,7,False
1,Right_Head_Close,299,29.83999,0.1189085,1.514658,-0.2414228,0.1117175,1.212785,-0.1826195,-0.3672732,0.513376,0.3724124,0.6803415,0.3051741,1.474359,-0.2599997,-0.6563828,0.1944647,-0.1405513,0.7152555,Cube,0.2264118,1.494828,-0.2804262,0.1191746,1.514568,-0.2416593,0.9256624,-0.169455,-0.3382814,0.1249609,1.514664,-0.27415,0.9320425,-0.1711425,-0.3193853,0.1128561,1.514651,-0.2086957,0.9166623,-0.1665241,-0.363318,0.1189085,1.514658,-0.2414228,4.288347,79.52317,0.01117902,0,7,False
1,Right_Head_Close,300,29.85999,0.1183167,1.514355,-0.2403844,0.1119971,1.212577,-0.1810406,-0.3646659,0.5125579,0.3739238,0.6815307,0.3258565,1.428358,-0.2451163,-0.5619898,0.2549217,-0.170801,0.7681208,Cube,0.2463678,1.491325,-0.2880026,0.1182429,1.514382,-0.2408839,0.9103303,-0.1895815,-0.3679098,0.1241357,1.514235,-0.2731536,0.9170027,-0.1936876,-0.3486992,0.1124977,1.514475,-0.2076152,0.9006683,-0.1884586,-0.3915097,0.1183167,1.514355,-0.2403844,4.2502,79.91527,359.7924,0,7,False
1,Right_Head_Close,301,29.87999,0.1181086,1.514472,-0.239949,0.1120178,1.21249,-0.1807441,-0.3644742,0.5124109,0.3742816,0.6815474,0.3336613,1.405086,-0.2392937,-0.5203624,0.2710239,-0.1910905,0.7869266,Cube,0.251386,1.486643,-0.2941643,0.1183167,1.514355,-0.2403844,0.9040234,-0.1905082,-0.3826861,0.1238921,1.51444,-0.2727247,0.9121371,-0.1905027,-0.3629254,0.1123252,1.514504,-0.2071733,0.8953312,-0.1851069,-0.4051143,0.1181086,1.514472,-0.239949,4.160776,79.98884,359.9446,0,7,False
1,Right_Head_Close,302,29.89999,0.1179399,1.514488,-0.2394264,0.1120359,1.21243,-0.1805884,-0.3644028,0.5122867,0.3744436,0.68159,0.3413338,1.386425,-0.2346968,-0.4863667,0.2959627,-0.1984065,0.7978023,MathCanvas,1.810826,1.157759,-0.9565006,0.1181086,1.514472,-0.239949,0.9039837,-0.1878055,-0.3841126,0.1236579,1.514497,-0.2722135,0.9115841,-0.1892699,-0.3649541,0.1122219,1.514478,-0.2066392,0.8946892,-0.1838433,-0.4071032,0.1179399,1.514488,-0.2394264,4.12004,80.10836,0.01576555,0,7,False
1,Right_Head_Close,303,29.91999,0.1168995,1.514225,-0.2374428,0.1125484,1.211986,-0.1795432,-0.3631785,0.5112838,0.3741533,0.6831542,0.3512987,1.332001,-0.2263792,-0.4026442,0.355553,-0.2278862,0.8121131,MathCanvas,1.811335,1.162679,-0.9589683,0.1179038,1.514508,-0.2389362,0.9025862,-0.1855966,-0.3884487,0.1226887,1.514393,-0.270217,0.9117428,-0.1903059,-0.3640173,0.1111103,1.514056,-0.2046685,0.8949574,-0.1845939,-0.4061726,0.1168995,1.514225,-0.2374428,4.36094,80.00488,0.2910897,0,7,False
1,Right_Head_Close,304,29.93999,0.1172222,1.514145,-0.2365143,0.1136606,1.211542,-0.1782496,-0.3610014,0.5094541,0.3721977,0.686734,0.3522809,1.302494,-0.2235949,-0.3627628,0.3841833,-0.2271709,0.8180463,MathCanvas,1.809515,1.166176,-0.9658989,0.1168995,1.514225,-0.2374428,0.9036001,-0.1874508,-0.3851871,0.1231531,1.514454,-0.2692622,0.9131402,-0.1895052,-0.3609195,0.1112913,1.513836,-0.2037664,0.8965421,-0.183591,-0.4031212,0.1172222,1.514145,-0.2365143,4.455714,79.77604,0.5335458,0,7,False
1,Right_Head_Close,305,29.95999,0.1177589,1.514225,-0.2348293,0.1142397,1.211352,-0.1777584,-0.3605242,0.5085097,0.3711215,0.6882653,0.3553101,1.25226,-0.2173691,-0.287459,0.4239444,-0.2180269,0.8307242,MathCanvas,1.810408,1.162896,-0.9582865,0.1174719,1.514194,-0.2356905,0.9119619,-0.1792794,-0.3690317,0.1239549,1.514868,-0.2675232,0.9212153,-0.1796979,-0.3450668,0.1115629,1.513583,-0.2021353,0.9052423,-0.173613,-0.3878075,0.1177589,1.514225,-0.2348293,4.402182,79.35401,1.108907,0,7,False
1,Right_Head_Close,306,29.97999,0.117784,1.51433,-0.2338958,0.1148656,1.211158,-0.17763,-0.3612833,0.5081525,0.3701566,0.6886505,0.3491815,1.226542,-0.2196172,-0.2650052,0.4445645,-0.2126131,0.8288127,MathCanvas,1.828462,1.177924,-0.9270769,0.1177589,1.514225,-0.2348293,0.9134832,-0.1766563,-0.3665258,0.1242672,1.515257,-0.2665272,0.9248458,-0.1738299,-0.3382947,0.1113008,1.513404,-0.2012645,0.9092315,-0.1674546,-0.381126,0.117784,1.51433,-0.2338958,4.298816,78.88265,1.599111,0,7,False
1,Right_Head_Close,307,29.99999,0.1181935,1.514122,-0.2313497,0.1162696,1.211089,-0.1778787,-0.3609427,0.5082942,0.3686346,0.6895404,0.3423812,1.183012,-0.2240799,-0.2279061,0.4780345,-0.2360794,0.8147444,MathCanvas,1.831974,1.182827,-0.9216968,0.1180598,1.514414,-0.2328727,0.9210891,-0.1637127,-0.3532605,0.1252616,1.515251,-0.263853,0.9321975,-0.16947,-0.3198245,0.1111254,1.512993,-0.1988464,0.9174318,-0.1629134,-0.3630126,0.1181935,1.514122,-0.2313497,4.501439,77.88461,1.94957,0,7,False
1,Right_Head_Close,308,30.01999,0.1185177,1.514103,-0.2300696,0.1162696,1.211089,-0.1778787,-0.3609427,0.5082942,0.3686346,0.6895404,0.3406853,1.161904,-0.2242424,-0.1998407,0.4902074,-0.240642,0.8135427,MathCanvas,1.851422,1.206061,-0.8960859,0.1181935,1.514122,-0.2313497,0.9245418,-0.1662171,-0.3429204,0.1258263,1.515329,-0.2625162,0.9339327,-0.1691043,-0.3149181,0.1112091,1.512878,-0.1976231,0.9194411,-0.1623918,-0.3581297,0.1185177,1.514103,-0.2300696,4.575217,77.47486,2.116688,0,7,False
1,Right_Head_Close,309,30.03999,0.1188003,1.513888,-0.2287823,0.1162696,1.211089,-0.1778787,-0.3609427,0.5082942,0.3686346,0.6895404,0.3397435,1.139406,-0.2240971,-0.1711013,0.5061612,-0.2446151,0.8091283,MathCanvas,1.857831,1.201404,-0.8751958,0.1185177,1.514103,-0.2300696,0.9269442,-0.165749,-0.3366038,0.12635,1.515214,-0.2611696,0.9363444,-0.1676885,-0.3084476,0.1112507,1.512563,-0.196395,0.9221717,-0.1608544,-0.351746,0.1188003,1.513888,-0.2287823,4.583755,77.06152,2.290388,0,7,False
1,Right_Head_Close,310,30.05999,0.1200051,1.514889,-0.2279547,0.118993,1.210543,-0.179651,-0.3596004,0.5131155,0.3662998,0.6879131,0.3301994,1.131666,-0.2279274,-0.1563476,0.5180268,-0.2246114,0.8104032,MathCanvas,1.863175,1.201973,-0.862222,0.119625,1.514452,-0.2283916,0.9367201,-0.1615762,-0.3105624,0.1283521,1.516294,-0.2601424,0.9459682,-0.1614908,-0.2811851,0.1116581,1.513485,-0.195767,0.9329754,-0.1547331,-0.3249841,0.1200051,1.514889,-0.2279547,4.226174,75.64095,2.425329,0,7,False
1,Right_Head_Close,311,30.07999,0.1203636,1.51513,-0.2273261,0.1198947,1.210248,-0.180456,-0.3589148,0.5150933,0.3653769,0.6872837,0.3282243,1.124039,-0.2295626,-0.1489967,0.5409158,-0.2229672,0.7971798,MathCanvas,1.886342,1.210211,-0.8135701,0.1200051,1.514889,-0.2279547,0.9578266,-0.1956821,-0.2104204,0.1289347,1.516606,-0.2594517,0.9637355,-0.1968264,-0.1802037,0.1117925,1.513653,-0.1952005,0.9550506,-0.1898638,-0.2276621,0.1203636,1.51513,-0.2273261,4.135512,75.24545,2.549011,0,7,False
1,Right_Head_Close,312,30.09999,0.1206384,1.515341,-0.226394,0.1222872,1.209336,-0.1829323,-0.3558677,0.5219196,0.3616958,0.6856634,0.3255108,1.111634,-0.2320304,-0.1337346,0.5667235,-0.2440298,0.7754927,MathCanvas,1.937045,1.143985,-0.6264241,0.1207455,1.515402,-0.2268573,0.96166,-0.1913223,-0.1964836,0.1295705,1.516791,-0.2584223,0.965854,-0.1962843,-0.169111,0.1117063,1.513891,-0.1943657,0.9577003,-0.1893763,-0.2166721,0.1206384,1.515341,-0.226394,4.079052,74.59537,2.50369,0,7,False
1,Right_Head_Close,313,30.11999,0.1208417,1.515453,-0.2260313,0.1232058,1.209072,-0.1837297,-0.3547448,0.5243008,0.3605137,0.6850508,0.3236344,1.103427,-0.232928,-0.1243311,0.5786645,-0.24967,0.7663903,MathCanvas,1.949974,1.151394,-0.6001585,0.1206384,1.515341,-0.226394,0.962077,-0.1928315,-0.1929351,0.1299646,1.516868,-0.2580073,0.9667997,-0.1966673,-0.1631572,0.1117188,1.514038,-0.1940553,0.9589309,-0.1898067,-0.2107726,0.1208417,1.515453,-0.2260313,4.075256,74.25004,2.443206,0,7,False
1,Right_Head_Close,314,30.13999,0.1210807,1.515511,-0.2257883,0.1249018,1.209385,-0.1858233,-0.3509628,0.5302961,0.3623081,0.6814279,0.319374,1.105097,-0.2322305,-0.1364666,0.5859273,-0.2524304,0.7578555,MathCanvas,1.949682,1.148894,-0.5927873,0.1209801,1.51534,-0.2258655,0.9614882,-0.2050671,-0.1829978,0.1303424,1.516639,-0.2577358,0.9654291,-0.2093321,-0.1553285,0.1118191,1.514382,-0.1938408,0.9579531,-0.2026667,-0.2031065,0.1210807,1.515511,-0.2257883,4.16223,73.97449,1.94826,0,7,False
1,Right_Head_Close,315,30.15999,0.1211781,1.515621,-0.225614,0.1256769,1.20941,-0.1866002,-0.3496402,0.5325588,0.3627459,0.680109,0.3171723,1.100854,-0.2321564,-0.1330433,0.594907,-0.2504847,0.7520921,MathCanvas,1.947225,1.126029,-0.573354,0.1210807,1.515511,-0.2257883,0.9619933,-0.2060006,-0.1792564,0.130558,1.516684,-0.2575292,0.9659289,-0.2099409,-0.1513487,0.1117982,1.514559,-0.1936987,0.9586315,-0.2033674,-0.1991671,0.1211781,1.515621,-0.225614,4.148327,73.75464,1.834442,0,7,False
1,Right_Head_Close,316,30.17999,0.1212915,1.515893,-0.2253483,0.1269196,1.20983,-0.1881082,-0.346478,0.5377557,0.3660344,0.675863,0.3124939,1.098312,-0.2295953,-0.1281593,0.6099761,-0.2216874,0.749906,MathCanvas,1.946736,1.124698,-0.5657858,0.1211656,1.515826,-0.2255431,0.9631665,-0.2065358,-0.1722013,0.1308865,1.516855,-0.2572028,0.9669669,-0.210229,-0.1441486,0.1116965,1.514931,-0.1934938,0.9599913,-0.2038108,-0.1920362,0.1212915,1.515893,-0.2253483,4.085532,73.35535,1.660412,0,7,False
1,Right_Head_Close,317,30.19999,0.1212425,1.515809,-0.2246861,0.1266402,1.210244,-0.1886701,-0.3449031,0.5410467,0.3702721,0.6717209,0.3103598,1.101412,-0.2249223,-0.1127179,0.6072049,-0.1756653,0.7666411,MathCanvas,1.950133,1.123727,-0.5523205,0.1212915,1.515893,-0.2253483,0.958069,-0.2138505,-0.1907142,0.1309427,1.516654,-0.256512,0.9620358,-0.2187432,-0.1632131,0.1115423,1.514963,-0.1928602,0.9543296,-0.2120867,-0.2104147,0.1212425,1.515809,-0.2246861,4.083496,73.15329,1.459651,0,7,False
1,Right_Head_Close,318,30.21999,0.1212161,1.515793,-0.2243706,0.1268381,1.21034,-0.1893029,-0.343653,0.5438226,0.3718745,0.6692301,0.3084769,1.100375,-0.2227633,-0.1003802,0.6061095,-0.1575188,0.7731384,MathCanvas,1.929893,1.1121,-0.5847179,0.1212425,1.515809,-0.2246861,0.9555638,-0.2201472,-0.1960436,0.1310387,1.516532,-0.2561616,0.9596629,-0.2252722,-0.1682242,0.1113935,1.515055,-0.1925796,0.9518111,-0.2185367,-0.2151686,0.1212161,1.515793,-0.2243706,4.10127,72.92145,1.274931,0,7,False
1,Right_Head_Close,319,30.23999,0.1211299,1.515702,-0.2235849,0.1274774,1.210481,-0.1905791,-0.3411037,0.5491948,0.3744999,0.6646678,0.3044248,1.095998,-0.2198224,-0.08283055,0.6116982,-0.1313523,0.7757003,MathCanvas,1.92084,1.101188,-0.5935819,0.1211621,1.515722,-0.2239885,0.956509,-0.2231513,-0.1878676,0.1311726,1.516261,-0.2553107,0.960467,-0.2275249,-0.1604225,0.1110872,1.515142,-0.1918592,0.9529489,-0.2210221,-0.2074546,0.1211299,1.515702,-0.2235849,4.092677,72.50388,0.96539,0,7,False
1,Right_Head_Close,320,30.25999,0.121185,1.516128,-0.2236703,0.1268752,1.210042,-0.1908179,-0.3396194,0.5520095,0.3742351,0.6632437,0.3037053,1.098029,-0.2182318,-0.07168091,0.598005,-0.1263116,0.7882242,MathCanvas,1.923271,1.095266,-0.5775429,0.1211299,1.515702,-0.2235849,0.9570022,-0.2242748,-0.1839769,0.1311927,1.516672,-0.2554074,0.960881,-0.2252535,-0.1611479,0.1111773,1.515584,-0.1919331,0.9532964,-0.2188309,-0.2081802,0.121185,1.516128,-0.2236703,3.929393,72.56274,0.9390584,0,7,False
1,Right_Head_Close,321,30.27999,0.1212859,1.516347,-0.2230666,0.1271579,1.209535,-0.1917248,-0.3363913,0.5552952,0.3746818,0.6618924,0.3003803,1.097045,-0.2162424,-0.06763368,0.5961869,-0.1044867,0.7931389,MathCanvas,1.922735,1.093932,-0.5700055,0.1212652,1.516288,-0.223376,0.9558272,-0.2192267,-0.1957908,0.1313372,1.516905,-0.2547897,0.9600079,-0.2216484,-0.171046,0.1112346,1.515788,-0.1913435,0.9519999,-0.2151737,-0.2177076,0.1212859,1.516347,-0.2230666,3.752367,72.48252,0.9638532,0,7,False
1,Right_Head_Close,322,30.29999,0.1213515,1.516466,-0.2227559,0.1273438,1.209334,-0.1921885,-0.3349294,0.5568435,0.3751018,0.6610947,0.298633,1.096173,-0.2151146,-0.06445405,0.5958476,-0.09315674,0.795068,MathCanvas,1.917691,1.104327,-0.5910405,0.1212859,1.516347,-0.2230666,0.9562941,-0.2184123,-0.1944174,0.131449,1.517009,-0.2544646,0.9604518,-0.2209402,-0.1694628,0.111254,1.515923,-0.1910472,0.9525069,-0.2145084,-0.216141,0.1213515,1.516466,-0.2227559,3.691271,72.3965,0.9367819,0,7,False
1,Right_Head_Close,323,30.31999,0.1213611,1.516097,-0.2222738,0.1267966,1.208767,-0.1921714,-0.334815,0.5529981,0.3741956,0.6648833,0.2957916,1.095547,-0.2147274,-0.07537196,0.5996315,-0.08605141,0.7920583,MathCanvas,1.91734,1.106272,-0.5878855,0.1213247,1.5161,-0.2225175,0.9568657,-0.217871,-0.1921984,0.1314249,1.51684,-0.2539892,0.9599496,-0.2223991,-0.1703977,0.1112974,1.515355,-0.1905585,0.9520407,-0.2156278,-0.2170788,0.1213611,1.516097,-0.2222738,3.960389,72.48358,1.281388,0,7,False
1,Right_Head_Close,324,30.33999,0.1214108,1.515989,-0.2221009,0.1266768,1.208889,-0.1919766,-0.3353904,0.5520372,0.3737814,0.6656243,0.2943685,1.09452,-0.2142985,-0.07642356,0.6016043,-0.08665532,0.7903939,MathCanvas,1.91819,1.106973,-0.5831893,0.1213611,1.516097,-0.2222738,0.9562858,-0.2190147,-0.1937782,0.1314812,1.516813,-0.2538122,0.9600126,-0.2218566,-0.1707498,0.1113404,1.515166,-0.1903897,0.9521127,-0.2149691,-0.2174156,0.1214108,1.515989,-0.2221009,3.997174,72.48101,1.420931,0,7,False
1,Right_Head_Close,325,30.35999,0.1214802,1.515951,-0.2219303,0.1266564,1.208917,-0.191935,-0.3354979,0.5518461,0.3736731,0.6657894,0.2929196,1.093457,-0.2137156,-0.07644192,0.6028491,-0.08668018,0.7894405,MathCanvas,1.91488,1.105238,-0.5855228,0.1214108,1.515989,-0.2221009,0.9564549,-0.2164725,-0.1957906,0.1315502,1.516835,-0.2536401,0.9602951,-0.2190114,-0.1728213,0.1114102,1.515067,-0.1902206,0.9523023,-0.2120786,-0.2194152,0.1214802,1.515951,-0.2219303,3.993163,72.48811,1.525777,0,7,False
1,Right_Head_Close,326,30.37999,0.1217867,1.516086,-0.2217093,0.126629,1.208937,-0.191867,-0.3359129,0.551394,0.3733548,0.6661332,0.2903293,1.091177,-0.2127019,-0.07665316,0.6049396,-0.09524661,0.7868294,MathCanvas,1.914777,1.110077,-0.5890263,0.1215305,1.515898,-0.2217023,0.9566763,-0.2151532,-0.1961621,0.1317969,1.51702,-0.2534365,0.9605014,-0.2165681,-0.1747438,0.1117764,1.515151,-0.1899821,0.9524074,-0.2096159,-0.2213171,0.1217867,1.516086,-0.2217093,3.876524,72.59798,1.612382,0,7,False
1,Right_Head_Close,327,30.39999,0.1220174,1.516148,-0.221655,0.1267321,1.208851,-0.1918211,-0.3361361,0.5512024,0.3730792,0.6663335,0.2894047,1.090015,-0.2122962,-0.07689139,0.6053671,-0.1053469,0.7851882,MathCanvas,1.915003,1.112797,-0.5894001,0.1217867,1.516086,-0.2217093,0.9577035,-0.2133963,-0.1930443,0.1319823,1.517082,-0.2533965,0.9611546,-0.2166737,-0.1709815,0.1120524,1.515214,-0.1899135,0.9532024,-0.2097711,-0.217719,0.1220174,1.516148,-0.221655,3.864534,72.67944,1.611584,0,7,False
1,Right_Head_Close,328,30.41999,0.1223443,1.515982,-0.2215489,0.1268318,1.208767,-0.1917718,-0.3359801,0.5509924,0.3728482,0.6667151,0.2884345,1.08913,-0.2114389,-0.07664844,0.602437,-0.1067832,0.7872687,MathCanvas,1.917028,1.116182,-0.5834752,0.1221858,1.516043,-0.221603,0.9595745,-0.208617,-0.1889343,0.1322984,1.516966,-0.2532923,0.9629872,-0.2124965,-0.1658337,0.1123901,1.514997,-0.1898056,0.9552158,-0.2056693,-0.2127511,0.1223443,1.515982,-0.2215489,3.977028,72.70737,1.699771,0,7,False
1,Right_Head_Close,329,30.43999,0.1224859,1.515919,-0.2214478,0.126873,1.208746,-0.1917499,-0.3358849,0.5508825,0.372788,0.6668875,0.2881472,1.088895,-0.211145,-0.07641673,0.6013936,-0.1062738,0.7881574,MathCanvas,1.922237,1.124675,-0.5759367,0.1223443,1.515982,-0.2215489,0.9593943,-0.2090842,-0.1893321,0.1324291,1.516934,-0.2531937,0.9628658,-0.2126069,-0.166396,0.1125428,1.514904,-0.189702,0.9550797,-0.2057289,-0.2133035,0.1224859,1.515919,-0.2214478,4.010641,72.73137,1.75144,0,7,False
1,Right_Head_Close,330,30.45999,0.1229184,1.51582,-0.2217437,0.1273181,1.20859,-0.1915192,-0.3350918,0.549343,0.372571,0.6686754,0.2863192,1.086494,-0.2082757,-0.07042063,0.5878716,-0.1054812,0.7989504,MathCanvas,1.921011,1.12396,-0.5763787,0.1226944,1.515746,-0.2216209,0.9548305,-0.2282388,-0.1902788,0.1328299,1.516903,-0.2534972,0.9587514,-0.2292857,-0.1680001,0.1130069,1.514737,-0.1899902,0.9510933,-0.2219045,-0.2148959,0.1229184,1.51582,-0.2217437,3.946356,72.79353,1.869351,0,7,False
1,Right_Head_Close,331,30.47999,0.1230875,1.515985,-0.2217503,0.1273533,1.208575,-0.1914615,-0.3353072,0.5486615,0.3725097,0.6691608,0.2874277,1.086339,-0.2086375,-0.06800089,0.5864069,-0.1104057,0.7995708,MathCanvas,1.907157,1.089323,-0.5773071,0.1229184,1.51582,-0.2217437,0.9517046,-0.2268362,-0.2068903,0.1329812,1.517085,-0.2535088,0.9556252,-0.2298545,-0.1842483,0.1131937,1.514885,-0.1899919,0.9473226,-0.2222677,-0.2306009,0.1230875,1.515985,-0.2217503,3.910383,72.82612,1.898255,0,7,False
1,Right_Head_Close,332,30.49999,0.1234014,1.516252,-0.2217054,0.1272836,1.208572,-0.1912812,-0.3360014,0.5475285,0.3727915,0.6695836,0.2889051,1.08596,-0.2091444,-0.06297976,0.5869107,-0.1132712,0.7992114,MathCanvas,1.898456,1.092831,-0.6076962,0.1232515,1.516042,-0.2217315,0.9518127,-0.2253852,-0.2079768,0.1332635,1.51736,-0.2534735,0.9556372,-0.2290657,-0.185166,0.1135392,1.515145,-0.1899374,0.9472836,-0.2214869,-0.2315109,0.1234014,1.516252,-0.2217054,3.864575,72.88232,1.911068,0,7,False
1,Right_Head_Close,333,30.51999,0.1233278,1.516199,-0.2216402,0.1270208,1.20856,-0.1910282,-0.3371527,0.5461555,0.3741264,0.6693816,0.2910259,1.086967,-0.2107661,-0.06205162,0.5939711,-0.1046626,0.7952318,MathCanvas,1.898881,1.095826,-0.6096585,0.1234014,1.516252,-0.2217054,0.9511746,-0.2271523,-0.2089715,0.1332113,1.517323,-0.253401,0.954832,-0.2322102,-0.1854036,0.1134443,1.515075,-0.1898794,0.9465162,-0.2245209,-0.2317276,0.1233278,1.516199,-0.2216402,3.963129,72.84877,1.940062,0,7,False
1,Right_Head_Close,334,30.53999,0.1231873,1.516111,-0.2215505,0.1268818,1.208544,-0.1908645,-0.3377355,0.545203,0.3749168,0.669422,0.2919931,1.087318,-0.2113396,-0.06175992,0.5969456,-0.09900676,0.7937502,MathCanvas,1.897015,1.092621,-0.6113163,0.1233278,1.516199,-0.2216402,0.9509636,-0.2283673,-0.2086064,0.1331389,1.517294,-0.2532879,0.9549923,-0.2327505,-0.1838939,0.1132357,1.514928,-0.1898131,0.9467819,-0.2249526,-0.230218,0.1231873,1.516111,-0.2215505,4.053862,72.73505,2.042397,0,7,False
1,Right_Head_Close,335,30.55999,0.1230288,1.516149,-0.2213295,0.1267851,1.208477,-0.1906997,-0.3384736,0.5439169,0.3753425,0.6698567,0.2940291,1.08813,-0.2123762,-0.06229353,0.6020516,-0.08725868,0.7912264,MathCanvas,1.896341,1.090301,-0.610515,0.1230801,1.516122,-0.2214393,0.9520476,-0.2271423,-0.204968,0.1331234,1.517433,-0.2530177,0.9561988,-0.2306446,-0.1802408,0.1129342,1.514864,-0.1896413,0.9481832,-0.2227356,-0.2265779,0.1230288,1.516149,-0.2213295,4.08739,72.48837,2.218119,0,7,False
1,Right_Head_Close,336,30.57999,0.1229531,1.516414,-0.2210222,0.1268312,1.208447,-0.1905186,-0.3393656,0.5424888,0.3751279,0.6706833,0.2952813,1.088467,-0.2127948,-0.06518328,0.6034112,-0.08422388,0.7902863,MathCanvas,1.899181,1.092389,-0.6037204,0.1230288,1.516149,-0.2213295,0.9524807,-0.226692,-0.2034483,0.1331581,1.517722,-0.2526741,0.9572737,-0.228794,-0.1768622,0.1127482,1.515106,-0.1893703,0.9494081,-0.2208943,-0.2232265,0.1229531,1.516414,-0.2210222,3.985233,72.28713,2.258237,0,7,False
1,Right_Head_Close,337,30.59999,0.1228213,1.517074,-0.2199351,0.1269438,1.20852,-0.1902326,-0.3408237,0.539969,0.3745992,0.6722709,0.296997,1.08807,-0.2130261,-0.06840253,0.6048637,-0.08663663,0.7886413,MathCanvas,1.900333,1.093394,-0.6006675,0.1228492,1.516611,-0.2206368,0.955469,-0.2251178,-0.1907914,0.1332548,1.518403,-0.2515115,0.960011,-0.2272168,-0.1635585,0.1123878,1.515745,-0.1883586,0.9527261,-0.2193894,-0.2101937,0.1228213,1.517074,-0.2199351,3.79629,71.86729,2.293966,0,7,False
1,Right_Head_Close,338,30.61999,0.1228286,1.517335,-0.2194987,0.1269388,1.208529,-0.1901719,-0.3411686,0.5394736,0.3746121,0.6724865,0.2977035,1.08777,-0.2130638,-0.06842563,0.6055613,-0.08780126,0.787975,MathCanvas,1.908673,1.09631,-0.5765402,0.1228213,1.517074,-0.2199351,0.9655545,-0.226871,-0.1274135,0.1333684,1.518687,-0.2510389,0.9683803,-0.2286411,-0.0998137,0.1122888,1.515984,-0.1879586,0.9638364,-0.22139,-0.1483437,0.1228286,1.517335,-0.2194987,3.693513,71.67216,2.33199,0,7,False
1,Right_Head_Close,339,30.63999,0.1227854,1.517894,-0.2186302,0.1269252,1.208539,-0.1901096,-0.3415372,0.5389767,0.37465,0.6726766,0.2980136,1.087766,-0.2131305,-0.0685548,0.6059785,-0.08738082,0.7876896,MathCanvas,1.941303,1.090058,-0.4594626,0.1227976,1.517596,-0.2190665,0.9670989,-0.2236776,-0.1211947,0.1335222,1.519296,-0.2501016,0.9696951,-0.2256113,-0.09376061,0.1120486,1.516491,-0.1871588,0.9654389,-0.2183448,-0.1423146,0.1227854,1.517894,-0.2186302,3.537682,71.31186,2.42027,0,7,False
1,Right_Head_Close,340,30.65999,0.1227492,1.517694,-0.2182101,0.1269414,1.208671,-0.1894272,-0.3467885,0.5336076,0.3740228,0.6746166,0.2972995,1.086264,-0.2117851,-0.06538869,0.6028469,-0.09238207,0.7897883,MathCanvas,1.946865,1.096007,-0.4472198,0.1227854,1.517894,-0.2186302,0.9827772,-0.1547433,0.1010134,0.1337197,1.519129,-0.2495993,0.9790657,-0.1526052,0.1346918,0.1117787,1.516259,-0.1868209,0.9854743,-0.1485167,0.08235979,0.1227492,1.517694,-0.2182101,3.301539,70.87817,2.475726,0,7,False
1,Right_Head_Close,341,30.67999,0.1225758,1.517612,-0.2177432,0.1268349,1.208727,-0.1891222,-0.3486735,0.5316194,0.3746129,0.6748872,0.2972939,1.085997,-0.2115364,-0.06566465,0.6024415,-0.09182106,0.79014,MathCanvas,1.946865,1.096007,-0.4472198,0.1227492,1.517694,-0.2182101,0.9826207,-0.1505613,0.1085729,0.1336937,1.51903,-0.2490814,0.9784039,-0.1526557,0.1393625,0.111458,1.516195,-0.1864051,0.9850585,-0.1485951,0.08705884,0.1225758,1.517612,-0.2177432,3.298457,70.60764,2.44529,0,7,False
1,Right_Head_Close,342,30.69999,0.1222682,1.517529,-0.2168136,0.12679,1.208762,-0.1889224,-0.3498418,0.5303148,0.3748956,0.675152,0.2973074,1.085931,-0.2115002,-0.06587535,0.6024725,-0.09169146,0.7901139,MathCanvas,1.946865,1.096007,-0.4472198,0.1224222,1.517584,-0.2172679,0.986173,-0.03499566,0.1619819,0.1336628,1.518941,-0.2480524,0.9806504,-0.0354618,0.1925292,0.1108735,1.516116,-0.1855748,0.9895948,-0.03283106,0.1400861,0.1222682,1.517529,-0.2168136,3.211473,70.09669,2.436389,0,7,False
1,Right_Head_Close,343,30.71999,0.1222798,1.5176,-0.2165808,0.126705,1.208923,-0.1880911,-0.3525222,0.5268442,0.375367,0.6762121,0.2988496,1.085162,-0.2122295,-0.07373369,0.6107131,-0.09643402,0.7824918,MathCanvas,1.946865,1.096007,-0.4472198,0.1222682,1.517529,-0.2168136,0.9854723,-0.03414645,0.1663677,0.1337868,1.518912,-0.2477828,0.9798671,-0.03796544,0.1960077,0.1107728,1.516288,-0.1853789,0.9890012,-0.03547303,0.1435908,0.1222798,1.5176,-0.2165808,3.32999,69.88803,2.263356,0,7,False
1,Right_Head_Close,344,30.73999,0.1222239,1.517603,-0.2162315,0.1266465,1.209052,-0.18738,-0.3531369,0.5256026,0.3743615,0.6774141,0.3009771,1.085272,-0.2143076,-0.07641161,0.6206771,-0.1098875,0.772558,MathCanvas,1.946865,1.096007,-0.4472198,0.1222843,1.517681,-0.2164048,0.9366944,-0.07180323,0.3427068,0.1338746,1.518875,-0.2473817,0.926003,-0.07343403,0.3703052,0.1105731,1.516331,-0.1850813,0.9448645,-0.07135683,0.3195923,0.1222239,1.517603,-0.2162315,3.389587,69.62312,2.194724,0,7,False
1,Right_Head_Close,345,30.75999,0.1221314,1.517503,-0.2160446,0.1265971,1.209084,-0.1872011,-0.353094,0.5255553,0.3739664,0.6776913,0.3017569,1.085205,-0.2147255,-0.07673515,0.6232536,-0.1129377,0.7700077,MathCanvas,1.946865,1.096007,-0.4472198,0.1222239,1.517603,-0.2162315,0.935778,-0.07239549,0.3450778,0.1338641,1.518756,-0.2471648,0.9249741,-0.07411925,0.372732,0.1103987,1.51625,-0.1849243,0.9439691,-0.07207372,0.3220679,0.1221314,1.517503,-0.2160446,3.429797,69.47226,2.161178,0,7,False
1,Right_Head_Close,346,30.77999,0.1219428,1.517366,-0.2156436,0.1264346,1.209271,-0.1866634,-0.352621,0.5248178,0.3732464,0.678905,0.3041064,1.085634,-0.2154509,-0.07326407,0.6290966,-0.10634,0.7665257,MathCanvas,1.946865,1.096007,-0.4472198,0.1220154,1.517389,-0.2158394,0.9338368,-0.07378368,0.3500071,0.1337355,1.518565,-0.2467433,0.9240299,-0.0773969,0.3744041,0.1101501,1.516166,-0.184544,0.9431224,-0.07543785,0.3237733,0.1219428,1.517366,-0.2156436,3.620462,69.36452,2.069502,0,7,False
1,Right_Head_Close,347,30.79999,0.1219378,1.517374,-0.2155906,0.126309,1.209309,-0.1863692,-0.352846,0.5240282,0.3731183,0.6794681,0.3048497,1.086028,-0.2156785,-0.07350373,0.6315547,-0.1012172,0.7651739,MathCanvas,1.946865,1.096007,-0.4472198,0.1219428,1.517366,-0.2156436,0.9318111,-0.1053934,0.3473045,0.1337409,1.518563,-0.2466868,0.9218079,-0.1061151,0.37284,0.1101348,1.516184,-0.1844945,0.9409177,-0.1041697,0.322215,0.1219378,1.517374,-0.2155906,3.60594,69.34403,2.051977,0,7,False
1,Right_Head_Close,348,30.81999,0.1219754,1.517417,-0.2154703,0.1261857,1.209363,-0.1860366,-0.3534154,0.5230086,0.3728609,0.6800988,0.3054586,1.086523,-0.2157851,-0.07475016,0.6335411,-0.0964545,0.7640253,MathCanvas,1.946865,1.096007,-0.4472198,0.1219378,1.517374,-0.2155906,0.940286,-0.1042374,0.3240318,0.1337765,1.518588,-0.2465679,0.9310552,-0.1049854,0.3494489,0.1101744,1.516246,-0.1843727,0.9488802,-0.1029284,0.2983826,0.1219754,1.517417,-0.2154703,3.588862,69.34559,2.020145,0,7,False
1,Right_Head_Close,349,30.83999,0.1219197,1.517389,-0.2152204,0.1261556,1.209384,-0.1859307,-0.3536098,0.5226799,0.3727602,0.6803056,0.3068683,1.087038,-0.2162935,-0.07601514,0.6381456,-0.09272508,0.7605222,MathCanvas,1.946865,1.096007,-0.4472198,0.1219368,1.517395,-0.2153439,0.9399472,-0.1042196,0.3250194,0.1337783,1.518526,-0.2462973,0.9303481,-0.1052714,0.3512413,0.110061,1.516251,-0.1841435,0.9482681,-0.1032685,0.3002056,0.1219197,1.517389,-0.2152204,3.605261,69.23707,1.96243,0,7,False
1,Right_Head_Close,350,30.85999,0.1219202,1.517451,-0.2150013,0.1260711,1.209582,-0.1849553,-0.3558717,0.51876,0.3719893,0.6825448,0.306613,1.087801,-0.2154688,-0.07747213,0.6354085,-0.0909143,0.7628819,MathCanvas,1.946865,1.096007,-0.4472198,0.1219197,1.517389,-0.2152204,0.9396551,-0.10427,0.3258469,0.1337987,1.518545,-0.2460722,0.9301136,-0.1048959,0.3519741,0.1100417,1.516357,-0.1839304,0.9480659,-0.1029644,0.3009475,0.1219202,1.517451,-0.2150013,3.58352,69.19601,1.887,0,7,False
1,Right_Head_Close,351,30.87999,0.1219017,1.51776,-0.2147685,0.1262515,1.209682,-0.1844622,-0.3570729,0.5163677,0.3715266,0.683982,0.3065931,1.088217,-0.2143793,-0.07795093,0.6325184,-0.09112679,0.7652059,MathCanvas,1.946865,1.096007,-0.4472198,0.1218908,1.51756,-0.2148656,0.9436953,-0.1003539,0.3152277,0.1338085,1.518837,-0.2458291,0.9347746,-0.09948356,0.341027,0.1099949,1.516683,-0.1837079,0.9521027,-0.09751756,0.2898115,0.1219017,1.51776,-0.2147685,3.397842,69.1363,1.858221,0,7,False
1,Right_Head_Close,352,30.89999,0.1218805,1.517841,-0.2146569,0.1262515,1.209682,-0.1844622,-0.3570729,0.5163677,0.3715266,0.683982,0.3065931,1.088217,-0.2143793,-0.07795093,0.6325184,-0.09112679,0.7652059,MathCanvas,1.946865,1.096007,-0.4472198,0.1219017,1.51776,-0.2147685,0.9437866,-0.09850062,0.3155383,0.1338079,1.518904,-0.2457102,0.9346043,-0.09863693,0.3417392,0.1099531,1.516779,-0.1836037,0.9519663,-0.09669685,0.2905337,0.1218805,1.517841,-0.2146569,3.348722,69.09554,1.832544,0,7,False
1,Right_Head_Close,353,30.91999,0.1221221,1.518669,-0.214387,0.1264317,1.209614,-0.183633,-0.3574014,0.5139924,0.3708135,0.6859835,0.3057574,1.088367,-0.2121492,-0.07812712,0.6266089,-0.08931177,0.7702472,MathCanvas,1.946865,1.096007,-0.4472198,0.1218744,1.517961,-0.2145502,0.9435512,-0.0965509,0.3168426,0.1340952,1.519837,-0.2454189,0.9345577,-0.09397951,0.3431759,0.1101489,1.517501,-0.1833552,0.9519942,-0.09187855,0.2920023,0.1221221,1.518669,-0.214387,3.083192,69.01,2.013505,0,7,False
1,Right_Head_Close,354,30.93999,0.1221437,1.518976,-0.2141293,0.1264764,1.209598,-0.1833831,-0.3571583,0.5136666,0.3706599,0.6864371,0.305344,1.088345,-0.2115167,-0.07853139,0.6255112,-0.08949593,0.7710766,MathCanvas,1.946865,1.096007,-0.4472198,0.1221221,1.518669,-0.214387,0.9442379,-0.09285621,0.3158996,0.1341901,1.520158,-0.2451323,0.9345408,-0.09234877,0.3436645,0.1100973,1.517795,-0.1831264,0.9519989,-0.09021986,0.2925038,0.1221437,1.518976,-0.2141293,2.993641,68.87238,2.036759,0,7,False
1,Right_Head_Close,355,30.95999,0.1220549,1.519363,-0.213764,0.1265472,1.209626,-0.1833049,-0.3567944,0.5138068,0.370523,0.6865953,0.3051431,1.088313,-0.211239,-0.07876445,0.6250554,-0.08973805,0.7713942,MathCanvas,1.946865,1.096007,-0.4472198,0.1220782,1.519172,-0.2139188,0.9431559,-0.08954853,0.3200592,0.1342032,1.520547,-0.2447271,0.9336511,-0.08901426,0.3469468,0.1099066,1.518178,-0.1828009,0.9512766,-0.08688743,0.2958435,0.1220549,1.519363,-0.213764,2.80179,68.67747,2.042224,0,7,False
1,Right_Head_Close,356,30.97999,0.1218995,1.519597,-0.2135223,0.1267743,1.209723,-0.1832316,-0.3561607,0.5140274,0.3702929,0.6868833,0.304617,1.088152,-0.2102481,-0.07854703,0.6228039,-0.09065364,0.7731284,MathCanvas,1.946865,1.096007,-0.4472198,0.1220549,1.519363,-0.213764,0.9427989,-0.08788259,0.3215695,0.1340719,1.520747,-0.2444772,0.9334904,-0.0868021,0.3479384,0.1097271,1.518446,-0.1825674,0.9511573,-0.08474608,0.2968466,0.1218995,1.519597,-0.2135223,2.677796,68.62649,1.982982,0,7,False
1,Right_Head_Close,357,30.99999,0.1218196,1.519833,-0.213456,0.1264614,1.209703,-0.1830886,-0.3577449,0.5123451,0.3721139,0.6863326,0.3041128,1.087738,-0.2088866,-0.07619715,0.6188935,-0.09231451,0.7763008,MathCanvas,1.946865,1.096007,-0.4472198,0.1218995,1.519597,-0.2135223,0.9426826,-0.08584252,0.3224602,0.1339941,1.521003,-0.2444094,0.9335988,-0.08535963,0.3480044,0.1096452,1.518662,-0.1825027,0.951267,-0.08326413,0.2969145,0.1218196,1.519833,-0.213456,2.59116,68.62072,2.01739,0,7,False
1,Right_Head_Close,358,31.01999,0.121694,1.520064,-0.2132044,0.1260549,1.209707,-0.1829308,-0.3598085,0.5121977,0.3746362,0.6839877,0.3037879,1.087081,-0.2074561,-0.07289342,0.6145139,-0.09386887,0.7799025,MathCanvas,1.946865,1.096007,-0.4472198,0.1217471,1.519958,-0.2134001,0.9448771,-0.08043878,0.3173905,0.1339604,1.521319,-0.244118,0.9352264,-0.08090742,0.3446819,0.1094276,1.518809,-0.1822907,0.9527024,-0.07865575,0.2935498,0.121694,1.520064,-0.2132044,2.514519,68.45206,2.163393,0,7,False
1,Right_Head_Close,359,31.03999,0.1216221,1.52022,-0.2130895,0.1260549,1.209707,-0.1829308,-0.3598085,0.5121977,0.3746362,0.6839877,0.3035973,1.086956,-0.2068433,-0.07211659,0.6128788,-0.09429658,0.7812087,MathCanvas,1.946865,1.096007,-0.4472198,0.121694,1.520064,-0.2132044,0.9443112,-0.07978166,0.3192356,0.1339279,1.5215,-0.2439865,0.9348757,-0.07973491,0.3459045,0.1093164,1.51894,-0.1821924,0.9524166,-0.07744656,0.2947962,0.1216221,1.52022,-0.2130895,2.448071,68.37772,2.20549,0,7,False
1,Right_Head_Close,360,31.05999,0.1215187,1.520431,-0.2124889,0.1249072,1.20929,-0.1831092,-0.3641309,0.5140821,0.3794508,0.6776027,0.3037617,1.086886,-0.2068616,-0.0735727,0.6138006,-0.09644157,0.7800864,MathCanvas,1.946865,1.096007,-0.4472198,0.1215507,1.520339,-0.2129359,0.9434433,-0.07783785,0.3222671,0.134001,1.521855,-0.2433087,0.9331975,-0.07592696,0.3512514,0.1090364,1.519008,-0.1816691,0.9510297,-0.07341479,0.3002545,0.1215187,1.520431,-0.2124889,2.234884,68.04729,2.453285,0,7,False
