UID,Condition,Index,Time,Player_X,Player_Y,Player_Z,Left_X,Left_Y,Left_Z,LeftRot_X,LeftRot_Y,LeftRot_Z,LeftRot_W,Right_X,Right_Y,Right_Z,RightRot_X,RightRot_Y,RightRot_Z,RightRot_W,GazeObject,GP_X,GP_Y,GP_Z,GO_X,GO_Y,GO_Z,GZ_X,GZ_Y,GZ_Z,RE_X,RE_Y,RE_Z,RED_X,RED_Y,RED_Z,LE_X,LE_Y,LE_Z,LED_X,LED_Y,LED_Z,H_X,H_Y,H_Z,HR_X,HR_Y,HR_Z,Blinking,BlinkCount,EventTriggered
1,Center_Head_Far,0,3.319999,-0.01642111,1.535586,-0.01910317,0,0,0,0,0,0,1,0.08029164,1.082555,0.136177,0.02841723,0.08148658,-0.1874989,0.9784665,,0,0,0,-0.01689338,1.535566,-0.01938814,0.1157974,-0.101416,0.9880819,0.0167439,1.538327,-0.01859203,0.09270291,-0.1040151,0.9902459,-0.04958612,1.532844,-0.01961431,0.1458474,-0.09886406,0.9843549,-0.01642111,1.535586,-0.01910317,356.0507,358.7901,4.736257,0,1,False
1,Center_Head_Far,1,3.339999,-0.01594969,1.535605,-0.01881922,0,0,0,0,0,0,1,0.08079521,1.082904,0.1357998,0.02442142,0.08043091,-0.1926609,0.9776586,,0,0,0,-0.01642111,1.535586,-0.01910317,0.1193117,-0.1014399,0.9876612,0.01722106,1.538297,-0.01843133,0.09621362,-0.104004,0.9899122,-0.04912043,1.532913,-0.01920711,0.1493436,-0.09893347,0.9838235,-0.01594969,1.535605,-0.01881922,356.0402,359.0082,4.650418,0,1,False
1,Center_Head_Far,2,3.359999,-0.01507263,1.535279,-0.01821486,0,0,0,0,0,0,1,0.07942559,1.082378,0.1368154,0.04027874,0.08239137,-0.1639687,0.9821932,,0,0,0,-0.01553577,1.535324,-0.01849912,0.1175143,-0.08920531,0.9890565,0.01811017,1.537846,-0.01812953,0.09469035,-0.09224996,0.9912233,-0.04825544,1.532712,-0.01830019,0.14791,-0.0875061,0.985122,-0.01507263,1.535279,-0.01821486,356.2549,359.5625,4.433037,0,1,False
1,Center_Head_Far,3,3.379999,-0.01446901,1.535054,-0.01777199,0,0,0,0,0,0,1,0.07931003,1.08226,0.1369604,0.04179481,0.08319703,-0.1622923,0.9823404,,0,0,0,-0.01507263,1.535279,-0.01821486,0.1216895,-0.09086106,0.9884007,0.0187192,1.537551,-0.0178322,0.09931172,-0.09505391,0.9905059,-0.04765721,1.532557,-0.01771178,0.1525126,-0.09042785,0.9841558,-0.01446901,1.535054,-0.01777199,356.3481,359.8288,4.311293,0,1,False
1,Center_Head_Far,4,3.399999,-0.01367197,1.534754,-0.01698481,0,0,0,0,0,0,1,0.07978942,1.086179,0.1368924,0.04303789,0.08905011,-0.1533846,0.9832044,,0,0,0,-0.01413296,1.534876,-0.01733934,0.1207646,-0.09023549,0.9885714,0.01951934,1.537188,-0.01731667,0.09803107,-0.09355459,0.9907762,-0.04686328,1.532321,-0.01665295,0.1513022,-0.08906199,0.9844671,-0.01367197,1.534754,-0.01698481,356.5025,0.3161115,4.200975,0,1,False
1,Center_Head_Far,5,3.419999,-0.01321101,1.534631,-0.01662976,0,0,0,0,0,0,1,0.07978942,1.086179,0.1368924,0.04303789,0.08905011,-0.1533846,0.9832044,,0,0,0,-0.01367197,1.534754,-0.01698481,0.1247067,-0.09130852,0.9879833,0.01998205,1.537019,-0.01709613,0.1019783,-0.09459819,0.9902785,-0.04640406,1.532244,-0.01616339,0.1552293,-0.09017474,0.9837542,-0.01321101,1.534631,-0.01662976,356.5553,0.5569618,4.120585,0,1,False
1,Center_Head_Far,6,3.439999,-0.01311229,1.534331,-0.01634077,0,0,0,0,0,0,1,0.08172882,1.086117,0.1376336,0.04030252,0.1035787,-0.1463795,0.9829651,,0,0,0,-0.01321101,1.534631,-0.01662976,0.1131854,-0.08775393,0.989691,0.02007784,1.536749,-0.01685559,0.08816791,-0.09270962,0.9917819,-0.04630242,1.531914,-0.01582595,0.1415884,-0.08832155,0.9859777,-0.01311229,1.534331,-0.01634077,356.7206,0.6495327,4.172714,0,1,False
1,Center_Head_Far,7,3.459999,-0.01240533,1.534314,-0.01561038,0,0,0,0,0,0,1,0.08342139,1.086182,0.1382357,0.04039887,0.1127308,-0.1498574,0.9814288,,0,0,0,-0.0127241,1.534163,-0.01600574,0.1183934,-0.0919116,0.9887038,0.02078531,1.536681,-0.01629816,0.09327371,-0.09400247,0.991193,-0.04559597,1.531947,-0.01492259,0.1466694,-0.08968999,0.9851111,-0.01240533,1.534314,-0.01561038,356.7884,0.9578896,4.084966,0,1,False
1,Center_Head_Far,8,3.479999,-0.01212017,1.534422,-0.01525756,0,0,0,0,0,0,1,0.08406144,1.08628,0.1384791,0.03980947,0.1142025,-0.1514496,0.9810383,,0,0,0,-0.01240533,1.534314,-0.01561038,0.1130265,-0.08822035,0.9896677,0.02107002,1.536778,-0.01600312,0.08790016,-0.08964571,0.9920873,-0.04531036,1.532066,-0.014512,0.1413637,-0.08540507,0.9862669,-0.01212017,1.534422,-0.01525756,356.7464,1.055692,4.06582,0,1,False
1,Center_Head_Far,9,3.499999,-0.01149292,1.534462,-0.01453465,0,0,0,0,0,0,1,0.08494266,1.086345,0.138857,0.03910306,0.1197847,-0.1510088,0.9804688,,0,0,0,-0.01180118,1.534421,-0.01490333,0.1173937,-0.08816053,0.9891645,0.02169633,1.536769,-0.01545367,0.0930028,-0.09052324,0.9915423,-0.04468217,1.532154,-0.01361562,0.1464411,-0.08635728,0.9854428,-0.01149292,1.534462,-0.01453465,356.7911,1.362901,3.981805,0,1,False
1,Center_Head_Far,10,3.519999,-0.01143712,1.534265,-0.01420547,0,0,0,0,0,0,1,0.08420907,1.08793,0.1391734,0.04052198,0.105776,-0.1521618,0.9818433,,0,0,0,-0.01149292,1.534462,-0.01453465,0.1197609,-0.08844045,0.9888557,0.02175556,1.536542,-0.01507528,0.09136324,-0.08930813,0.9918048,-0.0446298,1.531988,-0.01333565,0.1448147,-0.08519739,0.9857841,-0.01143712,1.534265,-0.01420547,356.7174,1.275745,3.929274,0,1,False
1,Center_Head_Far,11,3.539999,-0.01099399,1.5343,-0.01350008,0,0,0,0,0,0,1,0.08434253,1.087958,0.1392679,0.04025453,0.1061022,-0.1524538,0.9817738,,0,0,0,-0.01120793,1.534253,-0.0138451,0.1035481,-0.08327331,0.9911324,0.02219896,1.536533,-0.01446876,0.07784024,-0.08562859,0.9932818,-0.04418695,1.532068,-0.01253141,0.1314457,-0.08167938,0.9879526,-0.01099399,1.5343,-0.01350008,356.747,1.452648,3.852589,0,1,False
1,Center_Head_Far,12,3.559999,-0.0108731,1.534191,-0.01315528,0,0,0,0,0,0,1,0.08454774,1.088874,0.1397228,0.04110513,0.1039328,-0.1531257,0.981866,,0,0,0,-0.01099399,1.5343,-0.01350008,0.104677,-0.08365417,0.9909817,0.02232268,1.536382,-0.0141229,0.07773465,-0.08626562,0.9932349,-0.04406887,1.532001,-0.01218766,0.1313451,-0.08238205,0.9879078,-0.0108731,1.534191,-0.01315528,356.7798,1.456985,3.780079,0,1,False
1,Center_Head_Far,13,3.579999,-0.01075817,1.534077,-0.01273749,0,0,0,0,0,0,1,0.08495297,1.088746,0.1402276,0.04206851,0.104636,-0.1536183,0.9816735,,0,0,0,-0.0108731,1.534191,-0.01315528,0.1045739,-0.084324,0.9909358,0.022441,1.536204,-0.01373152,0.07839379,-0.08699315,0.9931196,-0.04395733,1.531951,-0.01174347,0.1320073,-0.08321072,0.98775,-0.01075817,1.534077,-0.01273749,356.8159,1.510912,3.66939,0,1,False
1,Center_Head_Far,14,3.599999,-0.01060138,1.534033,-0.01187488,0,0,0,0,0,0,1,0.08540601,1.088537,0.1408973,0.04208675,0.10722,-0.1538951,0.9813506,,0,0,0,-0.01064419,1.534088,-0.01231526,0.1036802,-0.08416518,0.9910432,0.02259694,1.536154,-0.01290935,0.07743628,-0.08637166,0.993249,-0.0437997,1.531912,-0.0108404,0.1310639,-0.08261121,0.9879259,-0.01060138,1.534033,-0.01187488,356.8706,1.58479,3.658564,0,1,False
1,Center_Head_Far,15,3.619999,-0.01048912,1.534001,-0.01146454,0,0,0,0,0,0,1,0.08540601,1.088537,0.1408973,0.04208675,0.10722,-0.1538951,0.9813506,,0,0,0,-0.01060138,1.534033,-0.01187488,0.1042841,-0.08449156,0.9909521,0.02270951,1.5361,-0.01253123,0.07836846,-0.08680423,0.9931381,-0.04368775,1.531901,-0.01039785,0.1319932,-0.08307628,0.9877632,-0.01048912,1.534001,-0.01146454,356.8937,1.643763,3.622214,0,1,False
1,Center_Head_Far,16,3.639999,-0.01072588,1.533515,-0.01066795,0,0,0,0,0,0,1,0.08544485,1.087153,0.1419341,0.04276583,0.1062477,-0.1537174,0.9814548,,0,0,0,-0.01045901,1.533892,-0.01106581,0.1054445,-0.08605835,0.9906944,0.022472,1.535617,-0.01175295,0.07839586,-0.09020725,0.9928327,-0.04392375,1.531412,-0.009582954,0.1320181,-0.08642349,0.9874726,-0.01072588,1.533515,-0.01066795,357.0398,1.684411,3.626136,0,1,False
1,Center_Head_Far,17,3.659999,-0.01071825,1.533388,-0.01027274,0,0,0,0,0,0,1,0.08544485,1.087153,0.1419341,0.04276583,0.1062477,-0.1537174,0.9814548,,0,0,0,-0.01072588,1.533515,-0.01066795,0.105921,-0.087467,0.9905202,0.02247972,1.535477,-0.01138052,0.07976575,-0.09010927,0.9927324,-0.04391622,1.531299,-0.009164951,0.1333842,-0.08638673,0.9872922,-0.01071825,1.533388,-0.01027274,357.0831,1.727613,3.60294,0,1,False
1,Center_Head_Far,18,3.679999,-0.01093549,1.532965,-0.009549804,0,0,0,0,0,0,1,0.08410153,1.087435,0.1430639,0.0448111,0.1031195,-0.1525859,0.9818737,,0,0,0,-0.0108166,1.533139,-0.009916514,0.09854355,-0.09178706,0.9908907,0.0222634,1.535079,-0.01057969,0.07079109,-0.09533794,0.9929246,-0.04413438,1.530851,-0.008519922,0.1244809,-0.09159094,0.9879856,-0.01093549,1.532965,-0.009549804,357.3593,1.608657,3.645319,0,1,False
1,Center_Head_Far,19,3.699999,-0.01101568,1.532789,-0.009174046,0,0,0,0,0,0,1,0.08410153,1.087435,0.1430639,0.0448111,0.1031195,-0.1525859,0.9818737,,0,0,0,-0.01093549,1.532965,-0.009549804,0.1009084,-0.08588493,0.9911817,0.02218351,1.534899,-0.01020163,0.0740518,-0.08914682,0.9932619,-0.04421488,1.530679,-0.008146461,0.1277113,-0.08540866,0.9881271,-0.01101568,1.532789,-0.009174046,357.4391,1.610058,3.638799,0,1,False
1,Center_Head_Far,20,3.719999,-0.01115154,1.532695,-0.008816402,0,0,0,0,0,0,1,0.08329797,1.086206,0.1438964,0.04691729,0.09900919,-0.1513081,0.9823959,,0,0,0,-0.01101568,1.532789,-0.009174046,0.1009142,-0.0872779,0.9910595,0.02204878,1.534821,-0.009773363,0.07203823,-0.09005832,0.9933277,-0.04435185,1.53057,-0.007859441,0.1257066,-0.08629183,0.9883074,-0.01115154,1.532695,-0.008816402,357.4929,1.490472,3.665373,0,1,False
1,Center_Head_Far,21,3.739999,-0.01144914,1.532402,-0.008199106,0,0,0,0,0,0,1,0.08239086,1.085947,0.144245,0.04773939,0.09661404,-0.149792,0.9828271,,0,0,0,-0.01131493,1.53254,-0.008541765,0.09334541,-0.08770022,0.9917637,0.02175382,1.53452,-0.009078479,0.06573503,-0.09069294,0.9937071,-0.0446521,1.530284,-0.007319733,0.1194496,-0.0869561,0.989025,-0.01144914,1.532402,-0.008199106,357.5947,1.363656,3.651575,0,1,False
1,Center_Head_Far,22,3.759999,-0.01170529,1.532235,-0.007851742,0,0,0,0,0,0,1,0.08219501,1.085896,0.144308,0.04782379,0.09620929,-0.1495049,0.9829064,,0,0,0,-0.01144914,1.532402,-0.008199106,0.09262189,-0.08882467,0.9917315,0.02149932,1.534342,-0.008694885,0.06468987,-0.09185067,0.9936693,-0.04490989,1.530128,-0.007008599,0.1184105,-0.08812799,0.9890462,-0.01170529,1.532235,-0.007851742,357.6606,1.306095,3.632338,0,1,False
1,Center_Head_Far,23,3.779999,-0.01217667,1.53188,-0.007199949,0,0,0,0,0,0,1,0.08032981,1.086167,0.1448076,0.04884267,0.09350135,-0.14895,0.9832018,,0,0,0,-0.01193556,1.532051,-0.007513652,0.08877407,-0.0905667,0.9919258,0.02103476,1.533943,-0.007864576,0.05933413,-0.09374449,0.9938266,-0.0453881,1.529817,-0.006535321,0.1130834,-0.09008731,0.989493,-0.01217667,1.53188,-0.007199949,357.7664,1.007689,3.555861,0,1,False
1,Center_Head_Far,24,3.799999,-0.01239338,1.531718,-0.006869969,0,0,0,0,0,0,1,0.08032981,1.086167,0.1448076,0.04884267,0.09350135,-0.14895,0.9832018,,0,0,0,-0.01217667,1.53188,-0.007199949,0.08215759,-0.08971553,0.992573,0.02081964,1.533771,-0.00748334,0.05374466,-0.09262463,0.9942496,-0.04560641,1.529665,-0.006256599,0.107532,-0.08900651,0.9902095,-0.01239338,1.531718,-0.006869969,357.8288,0.9237672,3.538697,0,1,False
1,Center_Head_Far,25,3.819999,-0.01298378,1.531665,-0.006245839,0,0,0,0,0,0,1,0,-0.01964102,0.04598076,0.5,0,0,0.8660254,,0,0,0,-0.01265034,1.531609,-0.006577239,-0.005931707,-0.2194857,-0.9755979,0.02023338,1.533694,-0.006692755,-0.02320072,-0.2209723,0.9750041,-0.04620093,1.529636,-0.005798923,0.03084522,-0.2179411,0.9754744,-0.01298378,1.531665,-0.006245839,357.8902,0.6419266,3.497129,0,1,False
1,Center_Head_Far,26,3.839999,-0.01326467,1.53159,-0.005939898,0,0,0,0,0,0,1,0,0,0,0,0,0,1,,0,0,0,-0.01298378,1.531665,-0.006245839,-0.003814124,-0.2194571,-0.9756147,0.01995406,1.533606,-0.006326922,-0.0250042,-0.2217198,0.9747898,-0.0464834,1.529575,-0.005552873,0.02904207,-0.2187114,0.9753573,-0.01326467,1.53159,-0.005939898,357.935,0.5421833,3.473793,0,1,False
1,Center_Head_Far,27,3.859999,-0.01372579,1.531129,-0.005505172,0,0,0,0,0,0,1,0,0,0,0,0,0,1,,0,0,0,-0.01346412,1.531336,-0.005715412,0.0002250485,-0.2200146,-0.9754966,0.01948866,1.533237,-0.005724746,-0.02922009,-0.2229893,0.9743828,-0.04694025,1.52902,-0.005285597,0.02481407,-0.2198304,0.9752225,-0.01372579,1.531129,-0.005505172,358.004,0.2519942,3.634925,0,1,False
1,Center_Head_Far,28,3.879999,-0.0139779,1.530982,-0.005234472,0,0,0,0,0,0,1,0,0,0,0,0,0,1,,0,0,0,-0.01372579,1.531129,-0.005505172,0.00221379,-0.2214101,-0.9751784,0.01923621,1.533102,-0.005383884,-0.0311526,-0.2237677,0.9741446,-0.04719201,1.528862,-0.005085059,0.02287861,-0.2205909,0.9750981,-0.0139779,1.530982,-0.005234472,358.0491,0.1331538,3.65475,0,1,False
1,Center_Head_Far,29,3.899999,-0.01423398,1.530857,-0.005018675,0,0,0,0,0,0,1,0,0,0,0,0,0,1,,0,0,0,-0.0139779,1.530982,-0.005234472,0.004148606,-0.2221797,-0.9749969,0.01897915,1.532996,-0.005100016,-0.03293528,-0.2251171,0.9737749,-0.0474471,1.528717,-0.004937333,0.02109213,-0.2219109,0.9748389,-0.01423398,1.530857,-0.005018675,358.1274,0.01965438,3.687565,0,1,False
1,Center_Head_Far,30,3.919999,-0.01471736,1.53102,-0.004447976,0,0,0,0,0,0,1,0,0,0,0,0,0,1,,0,0,0,-0.01450863,1.531024,-0.00472362,0.003418224,-0.2599738,-0.9656096,0.01849769,1.53313,-0.004422113,-0.03233556,-0.2621723,0.9644792,-0.04793241,1.528909,-0.004473839,0.02169618,-0.2590364,0.9656239,-0.01471736,1.53102,-0.004447976,358.2086,359.8415,3.637711,0,1,False
1,Center_Head_Far,31,3.939999,-0.01496279,1.530991,-0.004171575,0,0,0,0,0,0,1,0,0,0,0,0,0,1,,0,0,0,-0.01471736,1.53102,-0.004447976,0.005333624,-0.2606046,-0.9654311,0.01825193,1.533105,-0.004080275,-0.03415871,-0.2629477,0.9642052,-0.04817751,1.528877,-0.004262876,0.01987042,-0.2598071,0.9654561,-0.01496279,1.530991,-0.004171575,358.2545,359.7314,3.643578,0,1,False
1,Center_Head_Far,32,3.959999,-0.01524275,1.531158,-0.003881184,0,0,0,0,0,0,1,0.07362383,1.083509,0.1517978,0.06248666,0.03992978,-0.1595326,0.9844036,,0,0,0,-0.01514575,1.53107,-0.004046083,0.004992507,-0.2473299,-0.9689184,0.01797223,1.533263,-0.003712618,-0.0333454,-0.2480146,0.9681823,-0.04845772,1.529052,-0.004049751,0.02068647,-0.2448164,0.9693488,-0.01524275,1.531158,-0.003881184,358.123,359.5902,3.628695,0,1,False
1,Center_Head_Far,33,3.979999,-0.01530877,1.53119,-0.003709814,0,0,0,0,0,0,1,0.07275131,1.083731,0.1523362,0.06145487,0.0391966,-0.1593377,0.9845296,,0,0,0,-0.01524275,1.531158,-0.003881184,0.006343345,-0.2464158,-0.9691435,0.01790658,1.533287,-0.003510674,-0.03434303,-0.2473457,0.9683185,-0.04852411,1.529094,-0.003908955,0.0196885,-0.2441608,0.9695349,-0.01530877,1.53119,-0.003709814,358.0838,359.5355,3.614036,0,1,False
1,Center_Head_Far,34,3.999999,-0.01561502,1.531266,-0.003237415,0,0,0,0,0,0,1,0.0724163,1.083726,0.1527443,0.06137434,0.03889611,-0.1596544,0.9844952,,0,0,0,-0.01545405,1.531229,-0.003459529,-0.008466357,-0.2083062,-0.9780272,0.01760219,1.533326,-0.002971177,-0.01990835,-0.2097256,0.9775576,-0.04883222,1.529207,-0.003503653,0.03413218,-0.2063518,0.9778824,-0.01561502,1.531266,-0.003237415,358.0043,359.417,3.549996,0,1,False
1,Center_Head_Far,35,4.019999,-0.015776,1.531304,-0.003015265,0,0,0,0,0,0,1,0.0724163,1.083726,0.1527443,0.06137434,0.03889611,-0.1596544,0.9844952,,0,0,0,-0.01561502,1.531266,-0.003237415,-0.007104759,-0.208039,-0.9780948,0.0174413,1.533355,-0.002705028,-0.02127,-0.2094516,0.9775876,-0.04899331,1.529252,-0.003325501,0.03277082,-0.2060907,0.977984,-0.015776,1.531304,-0.003015265,357.9884,359.3406,3.536456,0,1,False
1,Center_Head_Far,36,4.039999,-0.01539606,1.531668,-0.002913213,0,0,0,0,0,0,1,0.07163351,1.083451,0.1536858,0.06308607,0.03860845,-0.1604074,0.9842759,,0,0,0,-0.015776,1.531304,-0.003015265,-0.005742755,-0.2077715,-0.9781606,0.01782642,1.533645,-0.002676099,-0.0198019,-0.2059786,0.9783561,-0.04861854,1.529692,-0.003150327,0.03424718,-0.2027405,0.9786334,-0.01539606,1.531668,-0.002913213,357.7863,359.4593,3.406938,0,1,False
1,Center_Head_Far,37,4.059999,-0.01525796,1.531975,-0.002502898,0,0,0,0,0,0,1,0.07114344,1.083133,0.1541835,0.06406043,0.03818816,-0.1605466,0.9842067,,0,0,0,-0.01524601,1.531852,-0.002709247,-0.01015625,-0.1892791,-0.9818709,0.01796816,1.533892,-0.002292097,-0.01720752,-0.1899673,0.9816396,-0.04848409,1.530058,-0.002713698,0.03684555,-0.1867955,0.9817076,-0.01525796,1.531975,-0.002502898,357.6768,359.5024,3.304996,0,1,False
1,Center_Head_Far,38,4.079998,-0.0150208,1.532104,-0.002291761,0,0,0,0,0,0,1,0.07049549,1.082702,0.1547137,0.06532217,0.03748953,-0.1601595,0.9842137,,0,0,0,-0.01525796,1.531975,-0.002502898,-0.009996049,-0.1883603,-0.9820493,0.01820822,1.533976,-0.002142227,-0.01548208,-0.1897614,0.9817082,-0.04824981,1.530232,-0.002441294,0.03857537,-0.1866644,0.9816661,-0.0150208,1.532104,-0.002291761,357.6668,359.6106,3.227482,0,1,False
1,Center_Head_Far,39,4.099998,-0.01493393,1.532349,-0.001878159,0,0,0,0,0,0,1,0.07049549,1.082702,0.1547137,0.06532217,0.03748953,-0.1601595,0.9842137,,0,0,0,-0.01497737,1.532226,-0.002084965,-0.00801537,-0.1815443,-0.9833503,0.01829859,1.53416,-0.001751167,-0.01888712,-0.182318,0.9830582,-0.04816645,1.530538,-0.002005151,0.0351782,-0.1793521,0.9831558,-0.01493393,1.532349,-0.001878159,357.5826,359.6493,3.121507,0,1,False
1,Center_Head_Far,40,4.119998,-0.01467925,1.532274,-0.001838938,0,0,0,0,0,0,1,0.06972893,1.082202,0.1551741,0.06687406,0.03675691,-0.1596094,0.9842265,,0,0,0,-0.01493393,1.532349,-0.001878159,-0.008140943,-0.1808353,-0.9834797,0.01855741,1.534011,-0.001818281,-0.01608282,-0.1834354,0.9829001,-0.04791591,1.530536,-0.001859595,0.03798894,-0.1805885,0.9828248,-0.01467925,1.532274,-0.001838938,357.6494,359.8414,2.995012,0,1,False
1,Center_Head_Far,41,4.139998,-0.01446661,1.532325,-0.001701467,0,0,0,0,0,0,1,0.06916188,1.08187,0.1554185,0.06774509,0.03593389,-0.1592161,0.984261,,0,0,0,-0.0145993,1.532364,-0.001656591,-0.01598987,-0.163958,-0.986338,0.01877417,1.533981,-0.001757222,-0.009805911,-0.1659078,0.9860925,-0.0477074,1.530669,-0.001645712,0.0442669,-0.1631481,0.985608,-0.01446661,1.532325,-0.001701467,357.6598,359.9795,2.854266,0,1,False
1,Center_Head_Far,42,4.159998,-0.01435416,1.532491,-0.001720343,0,0,0,0,0,0,1,0.06767709,1.081241,0.1558561,0.07010508,0.03324173,-0.1580616,0.9843764,,0,0,0,-0.01446661,1.532325,-0.001701467,-0.01705329,-0.1609712,-0.9868118,0.01889055,1.534065,-0.001814571,-0.009334787,-0.1604162,0.9870054,-0.04759888,1.530918,-0.001626115,0.04474421,-0.1577931,0.9864579,-0.01435416,1.532491,-0.001720343,357.5489,0.04633083,2.711949,0,1,False
1,Center_Head_Far,43,4.179998,-0.01426055,1.532591,-0.001590815,0,0,0,0,0,0,1,0.06767709,1.081241,0.1558561,0.07010508,0.03324173,-0.1580616,0.9843764,,0,0,0,-0.01435416,1.532491,-0.001720343,-0.01770572,-0.1591048,-0.9871031,0.01898637,1.534114,-0.00171833,-0.008612187,-0.1598231,0.9871081,-0.04750746,1.531067,-0.0014633,0.04547009,-0.157281,0.9865065,-0.01426055,1.532591,-0.001590815,357.5154,0.1058132,2.626416,0,1,False
1,Center_Head_Far,44,4.199998,-0.01415927,1.533367,-0.001341162,0,0,0,0,0,0,1,0.06644016,1.081186,0.1559609,0.07073805,0.03008835,-0.1579404,0.9844519,,0,0,0,-0.01426165,1.533056,-0.001467041,-0.01894401,-0.1540182,-0.9878865,0.01908764,1.534886,-0.001519626,-0.007472016,-0.1520523,0.9883442,-0.04740618,1.531848,-0.001162698,0.0466098,-0.1495214,0.9876593,-0.01415927,1.533367,-0.001341162,357.0647,0.1733585,2.61871,0,1,False
1,Center_Head_Far,45,4.219998,-0.01404817,1.533591,-0.00121974,0,0,0,0,0,0,1,0.06633772,1.081187,0.1559651,0.07077572,0.02975517,-0.1578178,0.9844791,,0,0,0,-0.01415927,1.533367,-0.001341162,-0.02174163,-0.1362157,-0.9904406,0.01919724,1.535139,-0.001420767,-0.00460933,-0.1352374,0.9908025,-0.04729359,1.532043,-0.001018712,0.0494655,-0.1326446,0.9899285,-0.01404817,1.533591,-0.00121974,356.9341,0.2035404,2.670023,0,1,False
1,Center_Head_Far,46,4.239998,-0.01388357,1.534504,-0.001162137,0,0,0,0,0,0,1,0.06595359,1.081186,0.1559785,0.07068912,0.02856862,-0.1570035,0.9846506,,0,0,0,-0.01396094,1.5338,-0.001092531,-0.02256363,-0.1197928,-0.9925425,0.01935655,1.536156,-0.001410618,-0.003581577,-0.1186357,0.9929314,-0.04712369,1.532852,-0.0009136553,0.05048404,-0.1158837,0.9919789,-0.01388357,1.534504,-0.001162137,356.6791,0.263099,2.849431,0,1,False
1,Center_Head_Far,47,4.259998,-0.01380921,1.534831,-0.001077637,0,0,0,0,0,0,1,0.06595359,1.081186,0.1559785,0.07068912,0.02856862,-0.1570035,0.9846506,,0,0,0,-0.01388357,1.534504,-0.001162137,-0.02345556,-0.1172598,-0.9928242,0.01943024,1.536492,-0.001352577,-0.00285827,-0.1165922,0.9931757,-0.04704865,1.53317,-0.0008026974,0.05120586,-0.1138262,0.9921802,-0.01380921,1.534831,-0.001077637,356.561,0.3018634,2.865793,0,1,False
1,Center_Head_Far,48,4.279998,-0.01404744,1.535029,-0.001032704,0,0,0,0,0,0,1,0.06573471,1.08103,0.1561027,0.07065547,0.02797382,-0.1558129,0.9848592,,0,0,0,-0.01373472,1.535158,-0.0009929964,-0.02490263,-0.1131532,-0.9932654,0.01919674,1.536584,-0.001354118,-0.001951916,-0.1142011,0.9934558,-0.04729162,1.533475,-0.0007112899,0.05211941,-0.1116096,0.9923844,-0.01404744,1.535029,-0.001032704,356.4247,0.3865376,2.682366,0,1,False
1,Center_Head_Far,49,4.299998,-0.01451918,1.535609,-0.00130637,0,0,0,0,0,0,1,0.06598054,1.080268,0.1565425,0.07403696,0.02999832,-0.1566052,0.9844254,,0,0,0,-0.01404744,1.535029,-0.001032704,-0.02219889,-0.1130434,-0.993342,0.01871732,1.537334,-0.001541593,-0.006959632,-0.1118912,0.9936961,-0.04775567,1.533885,-0.001071148,0.04710513,-0.1090412,0.9929205,-0.01451918,1.535609,-0.00130637,356.2807,0.2121948,2.977127,0,1,False
1,Center_Head_Far,50,4.319998,-0.01508868,1.536023,-0.001802912,-0.3693382,1.311866,0.03639891,-0.4231806,0.08830321,0.06875767,0.8991069,0.06603918,1.079943,0.1567111,0.07545285,0.03012195,-0.1558395,0.9844357,,0,0,0,-0.01468526,1.53595,-0.001369471,-0.01756872,-0.1135804,-0.9933735,0.01814604,1.53779,-0.001971862,-0.01144038,-0.1134134,0.9934821,-0.04832341,1.534257,-0.001633962,0.04262557,-0.110512,0.9929603,-0.01508868,1.536023,-0.001802912,356.0731,0.08224119,3.04928,0,1,False
1,Center_Head_Far,51,4.339998,-0.01532182,1.536292,-0.00195816,-0.369221,1.312012,0.03630554,-0.4182833,0.09009824,0.07087889,0.9010536,0.06603918,1.079943,0.1567111,0.07545285,0.03012195,-0.1558395,0.9844357,,0,0,0,-0.01508868,1.536023,-0.001802912,-0.01559396,-0.1119628,-0.9935901,0.01791159,1.538085,-0.002111674,-0.01191396,-0.1115292,0.9936897,-0.04855522,1.5345,-0.001804646,0.04214996,-0.1085858,0.9931931,-0.01532182,1.536292,-0.00195816,355.9639,0.04662512,3.094756,0,1,False
1,Center_Head_Far,52,4.359998,-0.0155561,1.53656,-0.002114899,-0.3691041,1.312157,0.03621238,-0.4133828,0.09188582,0.07299258,0.9029639,0.06603918,1.079943,0.1567111,0.07545285,0.03012195,-0.1558395,0.9844357,,0,0,0,-0.01532182,1.536292,-0.00195816,0.008813599,-0.1113282,-0.9937447,0.01767595,1.538379,-0.002253062,-0.03630801,-0.1108682,0.9931717,-0.04878816,1.534742,-0.001976735,0.01774772,-0.1080247,0.9939898,-0.0155561,1.53656,-0.002114899,355.8549,0.01100193,3.140198,0,1,False
1,Center_Head_Far,53,4.379999,-0.01647747,1.53613,-0.002134319,-0.3660646,1.311607,0.03573811,-0.4595006,0.06143425,0.02078303,0.8858065,0.06545648,1.079108,0.156907,0.08000935,0.02494382,-0.1500824,0.9851151,,0,0,0,-0.01613414,1.536062,-0.0020214,0.01365894,-0.1134212,-0.9934534,0.01674751,1.538077,-0.002048728,-0.04237111,-0.1143595,0.9925355,-0.04970246,1.534184,-0.002219911,0.01166674,-0.1113114,0.9937171,-0.01647747,1.53613,-0.002134319,356.0484,359.6205,3.360627,0,1,False
1,Center_Head_Far,54,4.399999,-0.01696065,1.536033,-0.002280023,-0.3652365,1.310891,0.03537849,-0.4640403,0.05794971,0.01058605,0.8838532,0.0652313,1.079101,0.1567718,0.08018271,0.02365639,-0.1485567,0.9853639,,0,0,0,-0.01647747,1.53613,-0.002134319,0.01536271,-0.1128356,-0.9934949,0.01625825,1.53807,-0.002059889,-0.04598174,-0.1160073,0.9921834,-0.05017956,1.533995,-0.002500157,0.008042416,-0.1128126,0.9935837,-0.01696065,1.536033,-0.002280023,356.1378,359.3831,3.517768,0,1,False
1,Center_Head_Far,55,4.419999,-0.01771276,1.535951,-0.002515773,-0.3641645,1.310762,0.03483633,-0.4688614,0.0523719,0.0009507407,0.8817172,0.06522302,1.079131,0.1567272,0.0799261,0.02367494,-0.1485069,0.9853919,,0,0,0,-0.01731414,1.53597,-0.002391132,-0.07814091,-0.08471516,0.9933364,0.01549672,1.538112,-0.002124831,-0.1070393,-0.08637255,0.990496,-0.05092225,1.533789,-0.002906715,-0.05333139,-0.08319522,0.9951052,-0.01771276,1.535951,-0.002515773,356.1602,359.0753,3.732166,0,1,False
1,Center_Head_Far,56,4.439999,-0.01803829,1.535967,-0.002860158,-0.3646162,1.310645,0.03491007,-0.4743829,0.04921241,0.02699255,0.8785274,0.06525452,1.079384,0.156361,0.07764477,0.02440376,-0.1490303,0.9854774,MathCanvas,-0.2751781,1.256824,3.270412,-0.01771276,1.535951,-0.002515773,-0.0802187,-0.08478402,0.993165,0.01517812,1.538005,-0.002399091,-0.1092547,-0.08911681,0.9900109,-0.0512547,1.533929,-0.003321225,-0.05554431,-0.08615214,0.9947325,-0.01803829,1.535967,-0.002860158,356.3384,358.9798,3.517617,0,1,False
1,Center_Head_Far,57,4.459999,-0.01845712,1.535891,-0.003327087,-0.3628438,1.310377,0.03456921,-0.4768755,0.04793184,0.0274347,0.8772342,0.0652481,1.079445,0.1562948,0.07776339,0.0242611,-0.1494433,0.9854091,MathCanvas,-0.2831829,1.255733,3.279819,-0.01819379,1.535862,-0.00309843,-0.08407986,-0.08580082,0.9927582,0.01475739,1.537936,-0.002770131,-0.1123929,-0.08845234,0.9897191,-0.05167163,1.533846,-0.003884044,-0.05869946,-0.08547489,0.9946097,-0.01845712,1.535891,-0.003327087,356.4696,358.8217,3.529096,0,1,False
1,Center_Head_Far,58,4.479999,-0.01839304,1.535792,-0.003513678,-0.3588153,1.309109,0.03452891,-0.474638,0.0518328,0.0248377,0.8783025,0.0652472,1.079444,0.156174,0.07819156,0.02407153,-0.150029,0.9852908,MathCanvas,-0.2967746,1.251877,3.282857,-0.01845712,1.535891,-0.003327087,-0.08558119,-0.08696377,0.9925287,0.0148281,1.537729,-0.002967297,-0.1122953,-0.08923933,0.9896596,-0.05161418,1.533855,-0.004060059,-0.05859057,-0.08644054,0.9945326,-0.01839304,1.535792,-0.003513678,356.5324,358.8553,3.342852,0,1,False
1,Center_Head_Far,59,4.499999,-0.01866002,1.535744,-0.003688002,-0.3558642,1.30839,0.03413964,-0.4769902,0.05116923,0.023906,0.8770922,0.0652678,1.079439,0.1561322,0.07830025,0.02407371,-0.1500517,0.9852787,MathCanvas,-0.3023208,1.247277,3.289341,-0.01839304,1.535792,-0.003513678,-0.08547755,-0.08784001,0.9924604,0.0145648,1.537624,-0.003166248,-0.1117022,-0.08926906,0.989724,-0.05188484,1.533864,-0.004209755,-0.05798915,-0.08656365,0.9945571,-0.01866002,1.535744,-0.003688002,356.5433,358.9045,3.243978,0,1,False
1,Center_Head_Far,60,4.519999,-0.01897456,1.535648,-0.004099772,-0.3547398,1.308229,0.03351298,-0.480572,0.04888509,0.02245376,0.8753037,0.06527579,1.079451,0.1561249,0.07830659,0.02408275,-0.1500098,0.9852843,MathCanvas,-0.3025053,1.244054,3.291975,-0.01879039,1.535692,-0.003906559,-0.08342044,-0.07944956,0.9933422,0.01425336,1.537466,-0.003554978,-0.1108495,-0.08140294,0.9904978,-0.05220249,1.533831,-0.004644565,-0.05711815,-0.07875811,0.9952561,-0.01897456,1.535648,-0.004099772,356.6206,358.8756,3.136079,0,1,False
1,Center_Head_Far,61,4.539999,-0.01888874,1.535591,-0.004390564,-0.3524055,1.307809,0.03304955,-0.483899,0.04639962,0.02194394,0.8736174,0.06528587,1.079467,0.1561158,0.07827441,0.02410068,-0.1498915,0.9853045,MathCanvas,-0.2968913,1.27096,3.305238,-0.01897456,1.535648,-0.004099772,-0.06775349,-0.09205932,0.9934458,0.01434123,1.537382,-0.003882764,-0.09362506,-0.09328339,0.9912278,-0.05211871,1.533801,-0.004898364,-0.03976672,-0.09065118,0.9950884,-0.01888874,1.535591,-0.004390564,356.6176,358.942,3.089501,0,1,False
1,Center_Head_Far,62,4.559999,-0.01916569,1.535504,-0.004793712,-0.3524055,1.307809,0.03304955,-0.483899,0.04639962,0.02194394,0.8736174,0.06528587,1.079467,0.1561158,0.07827441,0.02410068,-0.1498915,0.9853045,MathCanvas,-0.2439934,1.229733,3.296239,-0.01902722,1.535548,-0.004592139,-0.0670322,-0.09248114,0.9934555,0.0140672,1.537234,-0.004268747,-0.09424429,-0.09426016,0.9910767,-0.05239858,1.533773,-0.005318678,-0.04038306,-0.09172882,0.9949648,-0.01916569,1.535504,-0.004793712,356.6818,358.922,2.985527,0,1,False
1,Center_Head_Far,63,4.579998,-0.01785409,1.535922,-0.005352538,-0.33669,1.304386,0.03243006,-0.4854303,0.04797514,0.02569203,0.87258,0.06535741,1.079537,0.1560909,0.07813987,0.02419979,-0.1491936,0.9854186,MathCanvas,-0.2420533,1.227996,3.298528,-0.01916569,1.535504,-0.004793712,-0.06734163,-0.09299457,0.9933867,0.01538377,1.537614,-0.005081479,-0.08698355,-0.09015525,0.9921219,-0.05109196,1.534229,-0.005623596,-0.033092,-0.08767275,0.9955996,-0.01785409,1.535922,-0.005352538,356.4498,359.3517,2.921252,0,1,False
1,Center_Head_Far,64,4.599998,-0.01685716,1.536206,-0.006000158,-0.3131033,1.298845,0.03123045,-0.4781152,0.05264972,0.0267676,0.876309,0.06545399,1.079601,0.1561408,0.07847533,0.02457261,-0.1489242,0.9854234,MathCanvas,-0.2421386,1.226199,3.303168,-0.01707688,1.536133,-0.005732713,-0.05127537,-0.08756812,0.994838,0.01638016,1.537929,-0.005914406,-0.07673825,-0.08848165,0.9931175,-0.05009449,1.534483,-0.00608591,-0.02280347,-0.08592284,0.9960408,-0.01685716,1.536206,-0.006000158,356.3615,359.6633,2.973269,0,1,False
1,Center_Head_Far,65,4.619998,-0.01686009,1.536346,-0.006409944,-0.2973474,1.295371,0.02973647,-0.4774203,0.05278423,0.02746393,0.8766581,0.06543566,1.079582,0.1561009,0.0786509,0.02464953,-0.1488074,0.9854252,MathCanvas,-0.1878631,1.244162,3.311833,-0.01685716,1.536206,-0.006000158,-0.04979212,-0.08720234,0.9949455,0.01637423,1.538128,-0.006396357,-0.07448614,-0.08746512,0.9933789,-0.05009441,1.534564,-0.00642353,-0.02054996,-0.08480725,0.9961854,-0.01686009,1.536346,-0.006409944,356.2956,359.7777,3.075489,0,1,False
1,Center_Head_Far,66,4.639998,-0.01680075,1.536521,-0.006709429,-0.2736182,1.290112,0.02743753,-0.4756976,0.05376115,0.02792344,0.8775203,0.0653698,1.079558,0.1560246,0.07876144,0.02451433,-0.1484614,0.985472,MathCanvas,-0.1831564,1.245107,3.316519,-0.01686009,1.536346,-0.006409944,-0.04340699,-0.0758127,0.9961768,0.01643254,1.538322,-0.006728832,-0.06942362,-0.07558747,0.9947195,-0.05003404,1.53472,-0.006690025,-0.01546414,-0.07284644,0.9972233,-0.01680075,1.536521,-0.006709429,356.2025,359.8274,3.108668,0,1,False
1,Center_Head_Far,67,4.659998,-0.01657246,1.53653,-0.007272921,-0.2516505,1.285235,0.02527063,-0.4744887,0.0544922,0.0279585,0.8781283,0.06529506,1.079594,0.155906,0.07861284,0.02444161,-0.1480981,0.9855403,MathCanvas,-0.1622805,1.282433,3.332006,-0.01668735,1.536461,-0.006993703,-0.04161592,-0.07359374,0.9964196,0.01665835,1.538374,-0.007360707,-0.06735229,-0.07433197,0.9949564,-0.04980326,1.534685,-0.007185135,-0.01339159,-0.07151714,0.9973494,-0.01657246,1.53653,-0.007272921,356.1252,359.936,3.183871,0,1,False
1,Center_Head_Far,68,4.679998,-0.01663796,1.536448,-0.007468157,-0.2214852,1.278631,0.02225692,-0.4752944,0.05393269,0.02807126,0.8777235,0.06520611,1.079579,0.1557468,0.07844803,0.02429502,-0.1480262,0.9855678,MathCanvas,-0.156225,1.289568,3.336459,-0.01657246,1.53653,-0.007272921,-0.04039015,-0.07292463,0.9965193,0.0165925,1.538297,-0.007575701,-0.06673394,-0.07461785,0.9949767,-0.04986842,1.534598,-0.007360613,-0.01277224,-0.0717954,0.9973376,-0.01663796,1.536448,-0.007468157,356.1411,359.9703,3.192682,0,1,False
1,Center_Head_Far,69,4.699998,-0.01655358,1.536467,-0.007969325,-0.2214852,1.278631,0.02225692,-0.4752944,0.05393269,0.02807126,0.8777235,0.06520611,1.079579,0.1557468,0.07844803,0.02429502,-0.1480262,0.9855678,MathCanvas,-0.1523344,1.291447,3.34048,-0.01659521,1.536458,-0.007718644,0.05193011,-0.09841681,0.9937894,0.0166753,1.538339,-0.008151209,0.02606421,-0.09954797,0.9946914,-0.04978245,1.534595,-0.007787442,0.08000381,-0.09627969,0.9921339,-0.01655358,1.536467,-0.007969325,356.0852,0.09274,3.231746,0,1,False
1,Center_Head_Far,70,4.719998,-0.01650869,1.536543,-0.00822982,-0.2214852,1.278631,0.02225692,-0.4752944,0.05393269,0.02807126,0.8777235,0.06520611,1.079579,0.1557468,0.07844803,0.02429502,-0.1480262,0.9855678,MathCanvas,0.1569045,1.207733,3.311508,-0.01655358,1.536467,-0.007969325,0.05304927,-0.09791395,0.99378,0.01671963,1.538422,-0.008443421,0.02701693,-0.09925636,0.9946951,-0.04973701,1.534665,-0.008016219,0.08095349,-0.09597827,0.9920861,-0.01650869,1.536543,-0.00822982,356.0687,0.1457324,3.242943,0,1,False
1,Center_Head_Far,71,4.739998,-0.01669196,1.536432,-0.008954498,-0.1477698,1.262494,0.01475916,-0.4751364,0.05677817,0.02752158,0.877647,0.06496537,1.079651,0.1552651,0.0781788,0.02381718,-0.1479869,0.9856068,MathCanvas,0.16089,1.209116,3.315008,-0.01660172,1.536484,-0.008692983,0.04902254,-0.09948213,0.993831,0.01654269,1.538207,-0.009008027,0.02106785,-0.100442,0.9947198,-0.04992661,1.534657,-0.008900969,0.0750287,-0.09733774,0.9924193,-0.01669196,1.536432,-0.008954498,356.1604,359.8869,3.063865,0,1,False
1,Center_Head_Far,72,4.759998,-0.01675471,1.536403,-0.009180872,-0.1213932,1.25671,0.01195475,-0.4754112,0.0574486,0.02739377,0.8774586,0.06497248,1.079652,0.1550193,0.07805392,0.02403185,-0.147914,0.9856224,MathCanvas,0.1472378,1.203767,3.314383,-0.01669196,1.536432,-0.008954498,0.04899408,-0.09936808,0.9938439,0.01648043,1.53817,-0.009171967,0.02010386,-0.1008674,0.9946967,-0.04998985,1.534637,-0.009189776,0.07406718,-0.09776729,0.9924493,-0.01675471,1.536403,-0.009180872,356.1568,359.7801,3.049444,0,1,False
1,Center_Head_Far,73,4.779998,-0.01682547,1.536282,-0.009643492,-0.103432,1.25277,0.009980298,-0.4760049,0.05758427,0.02748627,0.8771248,0.06498946,1.079716,0.1549013,0.07808053,0.02407517,-0.1479843,0.9856087,MathCanvas,0.1472091,1.203858,3.316823,-0.01677139,1.536395,-0.009430488,0.0465358,-0.09953971,0.9939448,0.01641133,1.538015,-0.009566927,0.01801063,-0.1015142,0.994671,-0.05006228,1.534549,-0.009720057,0.07198143,-0.09846684,0.9925336,-0.01682547,1.536282,-0.009643492,356.1927,359.6692,2.991773,0,1,False
1,Center_Head_Far,74,4.799998,-0.01687308,1.53617,-0.009886929,-0.09185531,1.250226,0.008593051,-0.4764317,0.05777332,0.02746359,0.8768814,0.06499354,1.079769,0.1548225,0.07799804,0.02404421,-0.1479066,0.9856277,MathCanvas,0.1389531,1.203073,3.317587,-0.01682547,1.536282,-0.009643492,0.0427863,-0.09536153,0.9945228,0.01636466,1.537883,-0.009773245,0.01465504,-0.09766974,0.995111,-0.05011082,1.534457,-0.01000061,0.06863942,-0.09467394,0.9931392,-0.01687308,1.53617,-0.009886929,356.2377,359.6098,2.95692,0,1,False
1,Center_Head_Far,75,4.819998,-0.01689991,1.536126,-0.01012947,-0.09185531,1.250226,0.008593051,-0.4764317,0.05777332,0.02746359,0.8768814,0.06499354,1.079769,0.1548225,0.07799804,0.02404421,-0.1479066,0.9856277,MathCanvas,0.1265725,1.21646,3.324356,-0.01687308,1.53617,-0.009886929,0.0416587,-0.09617198,0.9944926,0.01633845,1.537825,-0.009989743,0.0138462,-0.09790342,0.9950996,-0.05013827,1.534426,-0.01026919,0.06783336,-0.09492976,0.9931702,-0.01689991,1.536126,-0.01012947,356.2506,359.5672,2.932812,0,1,False
1,Center_Head_Far,76,4.839998,-0.01678801,1.535903,-0.01056552,-0.06199215,1.243619,0.005111622,-0.4763997,0.05947095,0.02748672,0.8767845,0.06504672,1.080006,0.1544275,0.07690249,0.02444896,-0.1473779,0.985783,MathCanvas,0.1227729,1.213682,3.324192,-0.01693386,1.536024,-0.01035812,0.03876342,-0.09725446,0.9945044,0.01645296,1.537552,-0.01044088,0.01302114,-0.09852092,0.9950498,-0.05002897,1.534254,-0.01069016,0.06701677,-0.09563415,0.993158,-0.01678801,1.535903,-0.01056552,356.2809,359.6005,2.845344,0,1,False
1,Center_Head_Far,77,4.859998,-0.01678334,1.535846,-0.01080172,-0.06199215,1.243619,0.005111622,-0.4763997,0.05947095,0.02748672,0.8767845,0.06504672,1.080006,0.1544275,0.07690249,0.02444896,-0.1473779,0.985783,MathCanvas,0.1131683,1.209853,3.323561,-0.01678801,1.535903,-0.01056552,0.03870632,-0.09896684,0.9943377,0.01645834,1.53748,-0.0106653,0.01130711,-0.1006465,0.994858,-0.05002502,1.534213,-0.01093815,0.06531049,-0.09778807,0.993062,-0.01678334,1.535846,-0.01080172,356.2942,359.5826,2.818468,0,1,False
1,Center_Head_Far,78,4.879998,-0.01650187,1.535714,-0.0112312,-0.04986595,1.240955,0.003696021,-0.4762335,0.05955338,0.02744204,0.8768706,0.06525707,1.080383,0.1540727,0.07576355,0.02526777,-0.1478013,0.9857872,MathCanvas,0.1129841,1.204049,3.32283,-0.01662803,1.535784,-0.01101658,0.03913641,-0.09984218,0.9942333,0.01674167,1.537313,-0.0111541,0.0130463,-0.1020502,0.9946936,-0.0497454,1.534115,-0.0113083,0.06704916,-0.09924454,0.9928015,-0.01650187,1.535714,-0.0112312,356.3739,359.6925,2.759136,0,1,False
1,Center_Head_Far,79,4.899998,-0.01644589,1.535653,-0.01145963,-0.04986595,1.240955,0.003696021,-0.4762335,0.05955338,0.02744204,0.8768706,0.06525707,1.080383,0.1540727,0.07576355,0.02526777,-0.1478013,0.9857872,MathCanvas,0.114718,1.200955,3.322317,-0.01650187,1.535714,-0.0112312,0.04005869,-0.1006475,0.9941154,0.01679848,1.537235,-0.0113883,0.01318788,-0.1024925,0.9946463,-0.04969025,1.534071,-0.01153096,0.06719178,-0.09971339,0.9927449,-0.01644589,1.535653,-0.01145963,356.3989,359.7055,2.72991,0,1,False
1,Center_Head_Far,80,4.919998,-0.01586096,1.535762,-0.01200735,-0.04212742,1.239348,0.002309644,-0.477214,0.06085934,0.02815631,0.876225,0.06553508,1.080876,0.1536485,0.07412107,0.02641154,-0.1479462,0.9858603,MathCanvas,0.1178941,1.198124,3.322385,-0.01634657,1.535597,-0.01168539,0.04030075,-0.1017098,0.9939975,0.0173857,1.537288,-0.01216653,0.01978032,-0.09962027,0.9948289,-0.04910762,1.534235,-0.01184817,0.07377461,-0.09693759,0.9925525,-0.01586096,1.535762,-0.01200735,356.2317,0.1010721,2.634173,0,1,False
1,Center_Head_Far,81,4.939998,-0.01569907,1.535758,-0.0122202,-0.04212742,1.239348,0.002309644,-0.477214,0.06085934,0.02815631,0.876225,0.06553508,1.080876,0.1536485,0.07412107,0.02641154,-0.1479462,0.9858603,MathCanvas,0.1192972,1.194654,3.3216,-0.01586096,1.535762,-0.01200735,0.04627442,-0.08676527,0.9951535,0.0175483,1.537261,-0.01243537,0.02086331,-0.0877122,0.9959274,-0.04894643,1.534254,-0.01200503,0.0748565,-0.08508996,0.9935573,-0.01569907,1.535758,-0.0122202,356.209,0.1990639,2.595715,0,1,False
1,Center_Head_Far,82,4.959998,-0.01438213,1.536025,-0.01248563,-0.03997422,1.238842,0.001808977,-0.4773497,0.06107807,0.02819262,0.8761346,0.06562074,1.0809,0.1534205,0.0738285,0.02651369,-0.1481409,0.9858502,MathCanvas,0.1401918,1.24346,3.340287,-0.01569907,1.535758,-0.0122202,0.04787449,-0.08640117,0.9951095,0.01886029,1.537566,-0.01299727,0.02977329,-0.08617423,0.9958351,-0.04762456,1.534484,-0.011974,0.0837404,-0.08349488,0.9929835,-0.01438213,1.536025,-0.01248563,356.1216,0.7017252,2.659946,0,1,False
1,Center_Head_Far,83,4.979998,-0.01338909,1.536018,-0.01296069,-0.03865866,1.238474,0.001495739,-0.4771312,0.06158106,0.02810286,0.8762214,0.06566233,1.08087,0.1532542,0.07377205,0.02653589,-0.148102,0.9858597,MathCanvas,0.1469616,1.244841,3.341171,-0.01388005,1.53599,-0.01272389,0.06046752,-0.08150993,0.9948366,0.01984691,1.537562,-0.01378487,0.03722216,-0.08230516,0.9959118,-0.04662509,1.534474,-0.0121365,0.09116978,-0.07963614,0.992646,-0.01338909,1.536018,-0.01296069,356.0793,1.238133,2.665509,0,1,False
1,Center_Head_Far,84,4.999998,-0.01285948,1.535885,-0.01331146,-0.03668432,1.237936,0.00103419,-0.4763507,0.06276108,0.02816239,0.8765603,0.06586425,1.080806,0.1528145,0.07390538,0.02717344,-0.1477637,0.9858831,MathCanvas,0.1908622,1.260688,3.347465,-0.01338909,1.536018,-0.01296069,0.06421671,-0.08097077,0.9946457,0.02037054,1.537406,-0.0143826,0.04464481,-0.08419107,0.995449,-0.04608949,1.534364,-0.01224032,0.09856836,-0.08155572,0.9917827,-0.01285948,1.535885,-0.01331146,356.1871,1.671524,2.625513,0,1,False
1,Center_Head_Far,85,5.019998,-0.011767,1.535691,-0.01376464,-0.0358079,1.237711,0.0008371307,-0.4757683,0.06347167,0.02871007,0.8768077,0.06613439,1.080624,0.1523197,0.07440352,0.02827595,-0.1476134,0.9858372,MathCanvas,0.2041961,1.2622,3.34864,-0.01230786,1.535746,-0.01350575,0.07743517,-0.08399095,0.9934532,0.02145081,1.537187,-0.01519148,0.05528758,-0.08552036,0.9948012,-0.0449848,1.534195,-0.0123378,0.1091707,-0.08292414,0.9905581,-0.011767,1.535691,-0.01376464,356.2629,2.291232,2.580987,0,1,False
1,Center_Head_Far,86,5.039998,-0.01135898,1.535723,-0.01393221,-0.03477654,1.237557,0.0006636786,-0.4750504,0.06468709,0.03031556,0.877054,0.066554,1.080376,0.1516531,0.07504237,0.0296213,-0.1474558,0.9857728,MathCanvas,0.2500543,1.251703,3.345267,-0.011767,1.535691,-0.01376464,0.07769224,-0.08421995,0.9934137,0.02185101,1.5372,-0.01554728,0.05632639,-0.0861221,0.9946911,-0.04456897,1.534245,-0.01231714,0.1102154,-0.08357503,0.9903877,-0.01135898,1.535723,-0.01393221,356.2979,2.619471,2.549777,0,1,False
1,Center_Head_Far,87,5.059998,-0.01053932,1.53558,-0.01446643,-0.03416102,1.237501,0.0004701212,-0.4751559,0.0657781,0.0315612,0.8768717,0.06694128,1.080293,0.1510765,0.0752928,0.03021094,-0.1468105,0.9858322,MathCanvas,0.2513607,1.250929,3.34534,-0.01099895,1.53563,-0.01422006,0.07913725,-0.08561306,0.9931806,0.02265407,1.537047,-0.01640065,0.057034,-0.08717891,0.9945587,-0.04373272,1.534113,-0.01253221,0.1109351,-0.08468817,0.9902128,-0.01053932,1.53558,-0.01446643,356.336,3.173025,2.531734,0,1,False
1,Center_Head_Far,88,5.079998,-0.01007803,1.53553,-0.01471399,-0.03416102,1.237501,0.0004701212,-0.4751559,0.0657781,0.0315612,0.8768717,0.06694128,1.080293,0.1510765,0.0752928,0.03021094,-0.1468105,0.9858322,MathCanvas,0.2570429,1.246102,3.343717,-0.01053932,1.53558,-0.01446643,0.08401265,-0.08593364,0.9927524,0.02310577,1.536988,-0.01681232,0.06194004,-0.08749545,0.9942374,-0.04326184,1.534071,-0.01261566,0.1158196,-0.0850184,0.989625,-0.01007803,1.53553,-0.01471399,356.3542,3.458065,2.516725,0,1,False
1,Center_Head_Far,89,5.099998,-0.009868387,1.535476,-0.01503318,-0.03259555,1.23707,-0.0001057188,-0.4755076,0.07078642,0.03519246,0.8761526,0.06956854,1.08037,0.1489223,0.0742605,0.03412269,-0.1447047,0.9860941,MathCanvas,0.2741058,1.244848,3.343401,-0.0101888,1.535434,-0.01482972,0.09077396,-0.08614419,0.9921387,0.02330292,1.536966,-0.01730058,0.06708577,-0.08738779,0.9939129,-0.04303969,1.533987,-0.01276577,0.1209388,-0.08486045,0.989026,-0.009868387,1.535476,-0.01503318,356.3481,3.746511,2.570329,0,1,False
1,Center_Head_Far,90,5.119998,-0.009581864,1.535409,-0.01524014,-0.03259555,1.23707,-0.0001057188,-0.4755076,0.07078642,0.03519246,0.8761526,0.06956854,1.08037,0.1489223,0.0742605,0.03412269,-0.1447047,0.9860941,MathCanvas,0.2973789,1.2439,3.343109,-0.009868387,1.535476,-0.01503318,0.07993502,-0.08073019,0.9935256,0.02357965,1.536909,-0.01763988,0.05693952,-0.08194118,0.9950093,-0.04274338,1.533909,-0.0128404,0.1108522,-0.07946411,0.990655,-0.009581864,1.535409,-0.01524014,356.3468,3.973956,2.588537,0,1,False
1,Center_Head_Far,91,5.139998,-0.00935759,1.535363,-0.01554676,-0.03198962,1.236996,-0.0003097511,-0.4757789,0.07301729,0.03700688,0.8757474,0.07067762,1.080479,0.1484032,0.07342908,0.03626835,-0.1443335,0.9861342,MathCanvas,0.2611133,1.262021,3.349273,-0.009581864,1.535409,-0.01524014,0.08392414,-0.08070269,0.9931988,0.02379395,1.536898,-0.01805969,0.06044085,-0.08236102,0.9947681,-0.04250913,1.533828,-0.01303384,0.1143357,-0.07982729,0.9902298,-0.00935759,1.535363,-0.01554676,356.3702,4.16701,2.648413,0,1,False
1,Center_Head_Far,92,5.159998,-0.00893449,1.535303,-0.01600286,-0.03198962,1.236996,-0.0003097511,-0.4757789,0.07301729,0.03700688,0.8757474,0.071166,1.080512,0.1481945,0.07310665,0.03719196,-0.1442074,0.9861422,MathCanvas,0.2749501,1.261968,3.349087,-0.009161126,1.535335,-0.01577901,0.08920733,-0.07866498,0.9929017,0.02419585,1.536863,-0.01876753,0.06610161,-0.08013356,0.9945899,-0.04206483,1.533744,-0.01323819,0.1199688,-0.07756827,0.9897427,-0.00893449,1.535303,-0.01600286,356.3921,4.6007,2.691395,0,1,False
1,Center_Head_Far,93,5.179998,-0.008831445,1.535413,-0.01608049,-0.03025576,1.237025,-0.0006157779,-0.4761215,0.07919442,0.04084528,0.8748533,0.07610339,1.080771,0.1470335,0.07207815,0.04714515,-0.145028,0.9856719,MathCanvas,0.2935977,1.268524,3.351262,-0.00893449,1.535303,-0.01600286,0.09306679,-0.07885101,0.9925327,0.0242903,1.537042,-0.0189076,0.06815838,-0.08036455,0.9944325,-0.04195319,1.533785,-0.01325337,0.1220109,-0.07768716,0.9894837,-0.008831445,1.535413,-0.01608049,356.4037,4.702258,2.810295,0,1,False
1,Center_Head_Far,94,5.199998,-0.008406073,1.535346,-0.01645577,-0.02937387,1.237071,-0.0008920953,-0.4760205,0.08243869,0.04207082,0.8745504,0.07893321,1.081051,0.1465284,0.07088757,0.05300808,-0.1459502,0.9853241,MathCanvas,0.3068293,1.267969,3.350356,-0.008681923,1.535396,-0.01627095,0.09867001,-0.08183103,0.9917499,0.02469511,1.537007,-0.01949705,0.07478346,-0.08314313,0.9937276,-0.04150726,1.533686,-0.0134145,0.1286002,-0.08041263,0.988431,-0.008406073,1.535346,-0.01645577,356.4074,5.069774,2.865663,0,1,False
1,Center_Head_Far,95,5.219998,-0.008209359,1.535337,-0.01664535,-0.02937387,1.237071,-0.0008920953,-0.4760205,0.08243869,0.04207082,0.8745504,0.08004822,1.081147,0.1462352,0.07049486,0.05524141,-0.1460944,0.9852083,MathCanvas,0.3261527,1.257883,3.346255,-0.008406073,1.535346,-0.01645577,0.1017264,-0.08177795,0.9914455,0.02488045,1.537018,-0.01979701,0.07815656,-0.08326337,0.9934579,-0.04129917,1.533655,-0.01349368,0.1319537,-0.08049931,0.9879818,-0.008209359,1.535337,-0.01664535,356.4139,5.259145,2.901226,0,1,False
1,Center_Head_Far,96,5.239998,-0.008096222,1.535422,-0.01688404,-0.02763035,1.237038,-0.001463976,-0.4758238,0.08869092,0.04436183,0.8739322,0.08302803,1.081435,0.1457924,0.06890777,0.06108227,-0.1468997,0.9848559,MathCanvas,0.3367345,1.258036,3.345244,-0.008240044,1.535404,-0.0167118,0.1059139,-0.08366568,0.9908493,0.0249791,1.537159,-0.02015529,0.08177591,-0.0848558,0.9930319,-0.04117155,1.533685,-0.01361279,0.1355492,-0.08200137,0.9873713,-0.008096222,1.535422,-0.01688404,356.3244,5.456005,2.997813,0,1,False
1,Center_Head_Far,97,5.259998,-0.008046087,1.535524,-0.01701172,-0.02720112,1.237028,-0.001506857,-0.4754016,0.09021562,0.04488945,0.8739791,0.08425592,1.081572,0.1455852,0.06876019,0.0632119,-0.1473834,0.9846596,MathCanvas,0.3509773,1.251775,3.342332,-0.008096222,1.535422,-0.01688404,0.1086995,-0.0834287,0.9905676,0.02502408,1.537293,-0.02031805,0.08289026,-0.08434202,0.9929832,-0.04111626,1.533756,-0.01370539,0.1366548,-0.08143665,0.9872657,-0.008046087,1.535524,-0.01701172,356.2942,5.51195,3.052207,0,1,False
1,Center_Head_Far,98,5.279998,-0.007920887,1.535559,-0.01717606,-0.02720112,1.237028,-0.001506857,-0.4754016,0.09021562,0.04488945,0.8739791,0.08548521,1.081701,0.1453202,0.06830851,0.0656021,-0.1476365,0.9844968,MathCanvas,0.360471,1.252681,3.341248,-0.008046087,1.535524,-0.01701172,0.08501785,-0.08111292,0.9930723,0.02513988,1.537353,-0.02056176,0.06048716,-0.08223871,0.9947754,-0.04098165,1.533765,-0.01379036,0.1143615,-0.07940114,0.990261,-0.007920887,1.535559,-0.01717606,356.2768,5.64593,3.096267,0,1,False
1,Center_Head_Far,99,5.299998,-0.008031782,1.535595,-0.01746785,-0.02628469,1.236981,-0.001565068,-0.4746865,0.09308252,0.04577737,0.8740211,0.08709032,1.081793,0.1452327,0.06908181,0.06926834,-0.1490445,0.9839793,MathCanvas,0.2798296,1.261025,3.343966,-0.008009754,1.535577,-0.01731231,0.08758223,-0.08126835,0.9928368,0.02502563,1.537409,-0.02087541,0.06123257,-0.08301073,0.9946656,-0.0410892,1.533781,-0.0140603,0.1151022,-0.08014094,0.9901156,-0.008031782,1.535595,-0.01746785,356.3199,5.684089,3.131145,0,1,False
1,Center_Head_Far,100,5.319998,-0.008013375,1.535617,-0.01763872,-0.02602758,1.237003,-0.001623849,-0.4748055,0.09384646,0.04593777,0.8738663,0.08785398,1.081797,0.1451376,0.06932769,0.0711488,-0.1495519,0.9837509,MathCanvas,0.2884136,1.260521,3.343053,-0.008031782,1.535595,-0.01746785,0.08819674,-0.08157589,0.9927571,0.02504056,1.537453,-0.02106787,0.06193304,-0.08283663,0.9946368,-0.04106731,1.53378,-0.01420957,0.1157977,-0.07992977,0.9900515,-0.008013375,1.535617,-0.01763872,356.3084,5.718586,3.170304,0,1,False
1,Center_Head_Far,101,5.339998,-0.008106613,1.535706,-0.01790849,-0.02576385,1.236983,-0.001906478,-0.4751627,0.09408414,0.04610534,0.8736378,0.08767366,1.08147,0.1452702,0.07190642,0.07217396,-0.1512351,0.9832336,MathCanvas,0.290397,1.259608,3.341317,-0.007958661,1.535645,-0.01779307,0.09029904,-0.07984693,0.9927087,0.02494673,1.53761,-0.02130638,0.06102267,-0.07996822,0.9949278,-0.04115996,1.533801,-0.0145106,0.1148855,-0.0769488,0.9903939,-0.008106613,1.535706,-0.01790849,356.2231,5.652634,3.287105,0,1,False
1,Center_Head_Far,102,5.359998,-0.008279517,1.535779,-0.01797282,-0.025657,1.236925,-0.002275605,-0.4756125,0.0944711,0.04637769,0.8733368,0.08658761,1.081315,0.145575,0.07478548,0.07042035,-0.1530609,0.9828634,MathCanvas,0.2975758,1.265406,3.342632,-0.008106613,1.535706,-0.01790849,0.0879833,-0.07845858,0.9930273,0.0247795,1.537678,-0.02131804,0.05939405,-0.07935944,0.9950751,-0.04133854,1.53388,-0.01462761,0.1132645,-0.07634798,0.9906271,-0.008279517,1.535779,-0.01797282,356.1884,5.559885,3.278155,0,1,False
1,Center_Head_Far,103,5.379998,-0.008466023,1.535819,-0.01819818,-0.02559892,1.236886,-0.002412309,-0.4754828,0.09480114,0.04642151,0.8733693,0.0854205,1.081282,0.1456553,0.07553267,0.0679694,-0.1537258,0.982875,MathCanvas,0.2895123,1.270224,3.343068,-0.008306336,1.535823,-0.01809034,0.09227514,-0.07712785,0.9927419,0.02459791,1.537748,-0.02147677,0.06328708,-0.07942083,0.9948301,-0.04152996,1.53389,-0.01491959,0.117141,-0.07633547,0.9901772,-0.008466023,1.535819,-0.01819818,356.2083,5.442395,3.33052,0,1,False
1,Center_Head_Far,104,5.399998,-0.008677009,1.535724,-0.01823757,-0.02550229,1.236866,-0.002439342,-0.4745635,0.09500403,0.04621826,0.8738579,0.08421278,1.081316,0.1455537,0.07489094,0.06540967,-0.1529256,0.9832226,MathCanvas,0.3040248,1.274625,3.343733,-0.008466023,1.535819,-0.01819818,0.09024404,-0.07787824,0.9928701,0.02439635,1.53765,-0.02142133,0.06046444,-0.08016012,0.9949464,-0.04175037,1.533797,-0.0150538,0.1143317,-0.0770797,0.9904479,-0.008677009,1.535724,-0.01823757,356.251,5.280867,3.325652,0,1,False
1,Center_Head_Far,105,5.419998,-0.008786179,1.535712,-0.01833033,-0.02550198,1.236874,-0.002440151,-0.4743864,0.0949126,0.04611889,0.8739693,0.08421278,1.081316,0.1455537,0.07489094,0.06540967,-0.1529256,0.9832226,MathCanvas,0.2967055,1.272187,3.341598,-0.008677009,1.535724,-0.01823757,0.08742702,-0.07861999,0.9930636,0.02429089,1.537649,-0.02146883,0.05913873,-0.08035336,0.9950105,-0.04186325,1.533775,-0.01519184,0.1130111,-0.07725592,0.9905857,-0.008786179,1.535712,-0.01833033,356.2615,5.201965,3.343796,0,1,False
1,Center_Head_Far,106,5.439998,-0.009117942,1.535561,-0.01846841,-0.0255301,1.236869,-0.002486082,-0.4739848,0.09451392,0.04577978,0.8742481,0.08322892,1.081372,0.1453964,0.07457182,0.06344364,-0.1520708,0.9835082,MathCanvas,0.2868991,1.269812,3.340292,-0.008995853,1.535573,-0.01837365,0.08623038,-0.08831185,0.9923534,0.0239716,1.537514,-0.02146212,0.05780082,-0.09020039,0.9942449,-0.04220749,1.533607,-0.0154747,0.1116812,-0.08707164,0.9899221,-0.009117942,1.535561,-0.01846841,356.3437,4.954409,3.371308,0,1,False
1,Center_Head_Far,107,5.459998,-0.009470355,1.535423,-0.01845541,-0.02576141,1.236854,-0.002727897,-0.4736792,0.09322861,0.04520542,0.8745816,0.07848202,1.081549,0.1446862,0.07398067,0.05321221,-0.1477444,0.9848182,MathCanvas,0.2816841,1.237739,3.328128,-0.009117942,1.535561,-0.01846841,0.08476858,-0.08863613,0.9924505,0.02363758,1.537343,-0.0212612,0.05207758,-0.0905054,0.9945334,-0.04257829,1.533502,-0.01564962,0.1059847,-0.08743039,0.9905166,-0.009470355,1.535423,-0.01845541,356.3629,4.633563,3.314313,0,1,False
1,Center_Head_Far,108,5.479998,-0.009938791,1.535367,-0.01853771,-0.02608787,1.236866,-0.002961442,-0.4736926,0.09177996,0.04452366,0.8747625,0.07579054,1.081482,0.1443652,0.07488305,0.04721445,-0.1467535,0.9852039,MathCanvas,0.2762582,1.236658,3.326787,-0.009748369,1.535398,-0.01847464,0.07924539,-0.08893491,0.99288,0.02318944,1.537267,-0.02110783,0.04945548,-0.09076817,0.9946433,-0.04306702,1.533467,-0.01596759,0.1033756,-0.08770455,0.9907681,-0.009938791,1.535367,-0.01853771,356.3929,4.229647,3.279209,0,1,False
1,Center_Head_Far,109,5.499998,-0.01013058,1.535336,-0.01860123,-0.02608787,1.236866,-0.002961442,-0.4736926,0.09177996,0.04452366,0.8747625,0.07562596,1.081488,0.1443441,0.07490415,0.04685698,-0.1466541,0.9852341,MathCanvas,0.2570454,1.235738,3.326556,-0.009938791,1.535367,-0.01853771,0.07644009,-0.08923647,0.9930729,0.02300503,1.537233,-0.02107686,0.04662498,-0.09106901,0.9947525,-0.04326618,1.533439,-0.0161256,0.1005562,-0.08801052,0.9910311,-0.01013058,1.535336,-0.01860123,356.4104,4.067555,3.273788,0,1,False
1,Center_Head_Far,110,5.519998,-0.01125157,1.535286,-0.0187111,-0.02763042,1.236919,-0.003499208,-0.4742015,0.08424629,0.04041021,0.8754442,0.07141171,1.080988,0.1438702,0.07649991,0.03738421,-0.1452628,0.9857225,MathCanvas,0.2472959,1.234816,3.325759,-0.01093271,1.535315,-0.01866843,0.06533796,-0.08831177,0.9939477,0.02192632,1.537098,-0.02061887,0.03357263,-0.09003725,0.9953724,-0.04442945,1.533474,-0.01680334,0.08755461,-0.08709612,0.9923449,-0.01125157,1.535286,-0.0187111,356.4326,3.096186,3.12695,0,1,False
1,Center_Head_Far,111,5.539998,-0.01138553,1.535224,-0.01879365,-0.02847772,1.236955,-0.003729848,-0.474389,0.08023905,0.03866114,0.875798,0.07038067,1.08077,0.1437769,0.07681335,0.03528498,-0.1444899,0.9858891,MathCanvas,0.2087444,1.237937,3.327957,-0.01125157,1.535286,-0.0187111,0.06058247,-0.0885668,0.9942262,0.02180202,1.537,-0.02056237,0.02930248,-0.09005185,0.9955059,-0.04457309,1.533449,-0.01702492,0.08329988,-0.08716965,0.9927047,-0.01138553,1.535224,-0.01879365,356.4348,2.859943,3.064402,0,1,False
1,Center_Head_Far,112,5.559998,-0.0117989,1.535142,-0.01903362,-0.02887818,1.236942,-0.003899035,-0.4743665,0.0788757,0.03785913,0.8759691,0.06848782,1.080499,0.14358,0.07756469,0.03120592,-0.1435226,0.9861091,MathCanvas,0.1925434,1.237096,3.327909,-0.01157549,1.535183,-0.01895224,0.06430593,-0.0829182,0.9944794,0.02140273,1.536881,-0.0205577,0.03303101,-0.08468451,0.9958602,-0.04500052,1.533403,-0.01750953,0.08701446,-0.08181013,0.9928422,-0.0117989,1.535142,-0.01903362,356.4924,2.444486,3.000864,0,1,False
1,Center_Head_Far,113,5.579998,-0.01201669,1.535084,-0.0190687,-0.02942654,1.236959,-0.00432225,-0.4747759,0.07707849,0.03628975,0.8759736,0.06835459,1.080406,0.1435452,0.07750666,0.03104764,-0.1438497,0.9860711,MathCanvas,0.2050187,1.25557,3.33401,-0.0117989,1.535142,-0.01903362,0.06004166,-0.08324739,0.9947185,0.02118798,1.536808,-0.02054279,0.03154431,-0.0857612,0.9958162,-0.04522135,1.53336,-0.01759462,0.08553351,-0.08291054,0.9928796,-0.01201669,1.535084,-0.0190687,356.5545,2.36297,2.974842,0,1,False
1,Center_Head_Far,114,5.599998,-0.01222142,1.535026,-0.01914596,-0.02942654,1.236959,-0.00432225,-0.4747759,0.07707849,0.03628975,0.8759736,0.06760669,1.080338,0.143457,0.07769341,0.02947993,-0.1435581,0.9861469,MathCanvas,0.1903797,1.254462,3.334061,-0.01201669,1.535084,-0.0190687,0.06385306,-0.08405524,0.9944131,0.0209887,1.536734,-0.02051285,0.03362466,-0.0862039,0.9957099,-0.04543153,1.533319,-0.01777907,0.08760418,-0.08335587,0.9926617,-0.01222142,1.535026,-0.01914596,356.5956,2.181816,2.945781,0,1,False
1,Center_Head_Far,115,5.619998,-0.01242414,1.534792,-0.01920477,-0.02964643,1.236878,-0.004792467,-0.474949,0.07495958,0.03502965,0.876115,0.06787971,1.080188,0.1434076,0.07791781,0.03004935,-0.1438669,0.986067,MathCanvas,0.2029894,1.251726,3.332432,-0.01244236,1.534979,-0.01921684,0.06722729,-0.08881277,0.993777,0.02079036,1.536519,-0.02043342,0.03971568,-0.09078468,0.9950783,-0.04563865,1.533065,-0.01797613,0.09366139,-0.0878529,0.9917204,-0.01242414,1.534792,-0.01920477,356.658,1.944633,2.979421,0,1,False
1,Center_Head_Far,116,5.639998,-0.01251221,1.534775,-0.01923129,-0.02955261,1.236776,-0.004872778,-0.4747068,0.0748101,0.0350735,0.8762572,0.06822327,1.080162,0.1433509,0.0778443,0.03070435,-0.1442795,0.9859924,MathCanvas,0.2138775,1.235829,3.326064,-0.01242414,1.534792,-0.01920477,0.06670961,-0.08931892,0.9937665,0.02070389,1.536498,-0.02042262,0.03855915,-0.09024532,0.9951728,-0.04572831,1.533053,-0.01803995,0.09250902,-0.08732166,0.9918755,-0.01251221,1.534775,-0.01923129,356.6269,1.879106,2.971672,0,1,False
1,Center_Head_Far,117,5.659998,-0.0125026,1.534746,-0.01933226,-0.02927385,1.236653,-0.004880401,-0.474344,0.07628839,0.03558159,0.8763058,0.06870144,1.08013,0.1432191,0.07764006,0.0317889,-0.1447873,0.9858996,MathCanvas,0.2120081,1.23416,3.325426,-0.01266887,1.53473,-0.01929284,0.06310839,-0.0890338,0.9940273,0.02071256,1.536492,-0.02051538,0.03836986,-0.09006508,0.9951965,-0.04571775,1.533,-0.01814914,0.09231845,-0.08710309,0.9919125,-0.0125026,1.534746,-0.01933226,356.6168,1.862054,3.012682,0,1,False
1,Center_Head_Far,118,5.679998,-0.01240491,1.534715,-0.01939196,-0.02922187,1.23659,-0.005060028,-0.4741741,0.07648725,0.0356044,0.8763795,0.06901246,1.079996,0.1430641,0.07765419,0.03245861,-0.1449792,0.9858485,MathCanvas,0.1999053,1.235079,3.326329,-0.0125026,1.534746,-0.01933226,0.06536474,-0.08858421,0.9939217,0.02080804,1.536484,-0.02060326,0.0393029,-0.09060372,0.9951111,-0.04561787,1.532947,-0.01818066,0.09324665,-0.08760473,0.9917815,-0.01240491,1.534715,-0.01939196,356.648,1.910126,3.051133,0,1,False
1,Center_Head_Far,119,5.699998,-0.01244736,1.534632,-0.0195093,-0.02922187,1.23659,-0.005060028,-0.4741741,0.07648725,0.0356044,0.8763795,0.06901246,1.079996,0.1430641,0.07765419,0.03245861,-0.1449792,0.9858485,MathCanvas,0.2076268,1.236522,3.326361,-0.01244711,1.534682,-0.01944963,0.07989397,-0.08856521,0.9928611,0.02076591,1.536421,-0.02068082,0.05258238,-0.09028733,0.9945266,-0.04566064,1.532843,-0.01833777,0.1064465,-0.08718577,0.9904886,-0.01244736,1.534632,-0.0195093,356.672,1.840767,3.086874,0,1,False
1,Center_Head_Far,120,5.719998,-0.01209567,1.534383,-0.01975457,-0.02909882,1.236475,-0.005454906,-0.4740558,0.07658806,0.03571036,0.8764304,0.06959049,1.079714,0.1426748,0.07792395,0.03366058,-0.1456452,0.9856888,MathCanvas,0.2565686,1.236419,3.323614,-0.01244736,1.534632,-0.0195093,0.1073926,-0.08666946,0.9904318,0.02111494,1.536148,-0.02103402,0.08382804,-0.09099843,0.9923166,-0.04530627,1.532618,-0.01847512,0.1374533,-0.08779995,0.9866092,-0.01209567,1.534383,-0.01975457,356.8263,2.037563,3.043979,0,1,False
1,Center_Head_Far,121,5.739998,-0.0120588,1.534309,-0.01983114,-0.02909882,1.236475,-0.005454906,-0.4740558,0.07658806,0.03571036,0.8764304,0.06959049,1.079714,0.1426748,0.07792395,0.03366058,-0.1456452,0.9856888,MathCanvas,0.3500678,1.242105,3.32031,-0.01209567,1.534383,-0.01975457,0.1108978,-0.09190601,0.9895731,0.02115152,1.536075,-0.02111585,0.08424751,-0.09424591,0.9919779,-0.04526911,1.532542,-0.01854642,0.1378702,-0.09103234,0.986258,-0.0120588,1.534309,-0.01983114,356.8688,2.048759,3.046709,0,1,False
1,Center_Head_Far,122,5.759998,-0.01149119,1.534344,-0.02003077,-0.02862196,1.236376,-0.005895737,-0.4732888,0.07770706,0.03630944,0.8767217,0.07171819,1.079226,0.1421095,0.07846519,0.03881735,-0.1465528,0.9853216,MathCanvas,0.3614642,1.224753,3.313221,-0.01202193,1.534234,-0.01990771,0.1112935,-0.09337243,0.9893914,0.0217149,1.536081,-0.02145704,0.08837542,-0.0939832,0.9916435,-0.04469727,1.532607,-0.0186045,0.1419761,-0.09081835,0.9856951,-0.01149119,1.534344,-0.02003077,356.8512,2.294741,2.995994,0,1,False
1,Center_Head_Far,123,5.779998,-0.01136275,1.53431,-0.0201115,-0.02862196,1.236376,-0.005895737,-0.4732888,0.07770706,0.03630944,0.8767217,0.07171819,1.079226,0.1421095,0.07846519,0.03881735,-0.1465528,0.9853216,MathCanvas,0.3632343,1.219959,3.311251,-0.01149119,1.534344,-0.02003077,0.1152142,-0.09240088,0.9890338,0.02184221,1.536042,-0.02156964,0.08932944,-0.09433197,0.9915249,-0.0445677,1.532578,-0.01865336,0.1429248,-0.09117383,0.9855252,-0.01136275,1.53431,-0.0201115,356.8709,2.351219,2.987462,0,1,False
1,Center_Head_Far,124,5.799998,-0.01074673,1.534344,-0.0203237,-0.02820936,1.236419,-0.006123675,-0.4736063,0.07849472,0.03702046,0.8764503,0.07426818,1.079224,0.1415624,0.07870433,0.04533423,-0.1493093,0.9846102,MathCanvas,0.3767324,1.223061,3.311415,-0.01119431,1.534295,-0.02019376,0.109554,-0.08169959,0.9906175,0.02245378,1.53604,-0.02191872,0.08567955,-0.08300818,0.9928589,-0.04394724,1.532647,-0.01872868,0.1393241,-0.07998088,0.9870116,-0.01074673,1.534344,-0.0203237,356.8609,2.590133,2.925735,0,1,False
1,Center_Head_Far,125,5.819998,-0.01050493,1.534332,-0.02042698,-0.0281558,1.23643,-0.006162931,-0.4736653,0.07859658,0.03705383,0.8764079,0.07443201,1.07925,0.141495,0.07852611,0.04559991,-0.1495017,0.984583,MathCanvas,0.3592437,1.258424,3.325231,-0.01074673,1.534344,-0.0203237,0.1125399,-0.08149463,0.9902996,0.02269326,1.53602,-0.02207842,0.08736032,-0.08335799,0.9926831,-0.04370313,1.532645,-0.01877555,0.1409957,-0.08034357,0.9867447,-0.01050493,1.534332,-0.02042698,356.8804,2.689276,2.910789,0,1,False
1,Center_Head_Far,126,5.839998,-0.009418725,1.534449,-0.02071362,-0.02774465,1.236447,-0.006288267,-0.4739288,0.07947588,0.03724074,0.8761782,0.07542419,1.079306,0.1409224,0.0774437,0.04697618,-0.1496076,0.9845879,MathCanvas,0.3696489,1.259048,3.324753,-0.01007244,1.534337,-0.02055142,0.1200514,-0.08077089,0.9894765,0.02376608,1.536126,-0.02262424,0.09705524,-0.08254373,0.9918502,-0.04260353,1.532771,-0.018803,0.1506236,-0.0795397,0.9853862,-0.009418725,1.534449,-0.02071362,356.8897,3.138066,2.893125,0,1,False
1,Center_Head_Far,127,5.859998,-0.008932158,1.534389,-0.02084867,-0.0274081,1.23645,-0.006372725,-0.4736423,0.0800527,0.03732361,0.8762771,0.07618317,1.079023,0.1404649,0.07832706,0.04891152,-0.1499249,0.9843755,MathCanvas,0.3963954,1.261416,3.324049,-0.009418725,1.534449,-0.02071362,0.1238817,-0.08104183,0.9889821,0.02424223,1.536053,-0.02294259,0.1025063,-0.08270021,0.9912886,-0.04210655,1.532724,-0.01875476,0.1560394,-0.07971659,0.9845288,-0.008932158,1.534389,-0.02084867,356.8977,3.456136,2.870887,0,1,False
1,Center_Head_Far,128,5.879998,-0.00849187,1.534393,-0.02097494,-0.0274081,1.23645,-0.006372725,-0.4736423,0.0800527,0.03732361,0.8762771,0.07618317,1.079023,0.1404649,0.07832706,0.04891152,-0.1499249,0.9843755,MathCanvas,0.409909,1.260388,3.322876,-0.008932158,1.534389,-0.02084867,0.1293171,-0.08120853,0.9882724,0.02467599,1.536048,-0.02317698,0.1057204,-0.0828813,0.9909358,-0.04165973,1.532737,-0.0187729,0.1592319,-0.07991222,0.9840017,-0.00849187,1.534393,-0.02097494,356.9075,3.644209,2.854727,0,1,False
1,Center_Head_Far,129,5.899998,-0.00750482,1.53436,-0.02125588,-0.02733106,1.236448,-0.006389285,-0.4735433,0.08017477,0.03735064,0.8763183,0.07618317,1.079023,0.1404649,0.07832706,0.04891152,-0.1499249,0.9843755,MathCanvas,0.4288851,1.259729,3.321565,-0.007972829,1.534364,-0.02112327,0.1364495,-0.08143022,0.9872946,0.0256467,1.535997,-0.02370386,0.1130265,-0.08305985,0.9901142,-0.04065634,1.532723,-0.0188079,0.1664867,-0.08011971,0.9827833,-0.00750482,1.53436,-0.02125588,356.9164,4.071187,2.823299,0,1,False
1,Center_Head_Far,130,5.919998,-0.006600733,1.534354,-0.02147916,-0.02698387,1.236425,-0.006449735,-0.4733458,0.0807936,0.0376268,0.8763564,0.07668191,1.078691,0.1400335,0.07947814,0.04981551,-0.1506148,0.9841325,MathCanvas,0.454249,1.258795,3.31981,-0.00750482,1.53436,-0.02125588,0.1398843,-0.08261165,0.9867156,0.0265275,1.535926,-0.02426164,0.1229301,-0.0843261,0.9888262,-0.03972897,1.532781,-0.01869668,0.1763186,-0.08148603,0.9809545,-0.006600733,1.534354,-0.02147916,356.9257,4.655501,2.712216,0,1,False
1,Center_Head_Far,131,5.939998,-0.004506777,1.534061,-0.02194225,-0.02621941,1.236491,-0.00682718,-0.4741941,0.08234078,0.03869624,0.8757069,0.0771245,1.078211,0.1392296,0.0803381,0.04948365,-0.1500483,0.984166,MathCanvas,0.4667885,1.254784,3.317713,-0.005292948,1.534133,-0.02176282,0.160495,-0.07703067,0.9840263,0.02853964,1.535644,-0.02556517,0.1419891,-0.07910933,0.986702,-0.03755319,1.532479,-0.01831932,0.1952337,-0.07629552,0.9777846,-0.004506777,1.534061,-0.02194225,357.0082,6.113886,2.729061,0,1,False
1,Center_Head_Far,132,5.959998,-0.003703571,1.533991,-0.02211633,-0.02621941,1.236491,-0.00682718,-0.4741941,0.08234078,0.03869624,0.8757069,0.0771245,1.078211,0.1392296,0.0803381,0.04948365,-0.1500483,0.984166,MathCanvas,0.5405774,1.272444,3.320075,-0.004506777,1.534061,-0.02194225,0.1686705,-0.0777025,0.982605,0.02931582,1.535564,-0.02598159,0.1492153,-0.07950898,0.985603,-0.03672296,1.532418,-0.01825107,0.2023937,-0.07670897,0.9762954,-0.003703571,1.533991,-0.02211633,357.0307,6.536026,2.713104,0,1,False
1,Center_Head_Far,133,5.979998,-0.001768337,1.53318,-0.02272384,-0.02554116,1.236523,-0.007132599,-0.4745538,0.08383855,0.03926818,0.8753444,0.07804166,1.07753,0.1384477,0.08168245,0.0507197,-0.14936,0.9840971,MathCanvas,0.5695873,1.269889,3.31764,-0.002710835,1.533452,-0.02243285,0.1898954,-0.08227195,0.9783512,0.03114843,1.534659,-0.0274136,0.1737656,-0.08556483,0.9810628,-0.03468511,1.531701,-0.01803408,0.2267019,-0.08289921,0.9704298,-0.001768337,1.53318,-0.02272384,357.3732,7.991605,2.549857,0,1,False
1,Center_Head_Far,134,5.999998,-0.0007004403,1.53308,-0.02294386,-0.02536965,1.236506,-0.007175522,-0.474182,0.08426304,0.0393278,0.8755024,0.07839093,1.077457,0.1383024,0.08183432,0.05122804,-0.1492142,0.9840803,MathCanvas,0.6446064,1.253139,3.307432,-0.001768337,1.53318,-0.02272384,0.1918595,-0.08359616,0.9778556,0.0321514,1.534555,-0.02806967,0.1783319,-0.08689856,0.9801257,-0.03355228,1.531604,-0.01781805,0.2312436,-0.08427371,0.9692391,-0.0007004403,1.53308,-0.02294386,357.4875,8.75665,2.544079,0,1,False
1,Center_Head_Far,135,6.019998,0.0004773848,1.533228,-0.02323835,-0.02509137,1.236434,-0.00729532,-0.4734973,0.0850386,0.03908482,0.8758089,0.07879016,1.077466,0.1382563,0.08164036,0.05184163,-0.1489819,0.9840994,MathCanvas,0.6523106,1.248552,3.305275,0.0002584755,1.532881,-0.02318302,0.2146191,-0.08706705,0.9728093,0.03324571,1.534955,-0.02880146,0.1920535,-0.08585258,0.977622,-0.03229094,1.5315,-0.01767523,0.2447937,-0.08282166,0.9660314,0.0004773848,1.533228,-0.02323835,357.4393,9.502118,2.978231,0,1,False
1,Center_Head_Far,136,6.039998,-0.0004992373,1.533366,-0.02322846,-0.02504869,1.236321,-0.007443487,-0.4740065,0.08514383,0.03919531,0.8755182,0.07920666,1.077567,0.1383048,0.08150349,0.05271911,-0.1486049,0.9841212,MathCanvas,0.73281,1.236134,3.296223,0.0004773848,1.533228,-0.02323835,0.1869091,-0.07452659,0.9795462,0.03229832,1.535181,-0.02858776,0.1543017,-0.0743704,0.9852208,-0.03329679,1.531551,-0.01786916,0.2074994,-0.07135306,0.9756294,-0.0004992373,1.533366,-0.02322846,357.347,9.13544,3.129156,0,1,False
1,Center_Head_Far,137,6.059998,-0.001172826,1.533255,-0.0232308,-0.0250801,1.236276,-0.007602132,-0.4748418,0.08496013,0.0396563,0.8750626,0.07953656,1.077772,0.1383871,0.08128742,0.05356673,-0.1485223,0.9841058,MathCanvas,0.636785,1.279261,3.316627,-0.0004992373,1.533366,-0.02322846,0.1809643,-0.07286182,0.980787,0.0316598,1.534978,-0.02840229,0.1484479,-0.0746676,0.9860974,-0.03400545,1.531532,-0.01805931,0.2017077,-0.07179867,0.9768106,-0.001172826,1.533255,-0.0232308,357.3648,8.81443,2.971279,0,1,False
1,Center_Head_Far,138,6.079998,-0.001962893,1.533209,-0.0233517,-0.02522989,1.236379,-0.007552972,-0.4750773,0.08422132,0.04023832,0.8749796,0.07993254,1.078573,0.1386334,0.079354,0.05448258,-0.1490692,0.9841306,MathCanvas,0.6155773,1.284932,3.319421,-0.001288395,1.533241,-0.02331816,0.1778367,-0.0734508,0.981315,0.03099874,1.534936,-0.02762274,0.1213694,-0.07355818,0.9898781,-0.03492453,1.531482,-0.01908067,0.1748631,-0.07068354,0.9820523,-0.001962893,1.533209,-0.0233517,357.301,7.242631,2.978588,0,1,False
1,Center_Head_Far,139,6.099998,-0.004943509,1.533529,-0.02311001,-0.02525999,1.236389,-0.007518516,-0.4750396,0.08409757,0.04028366,0.8750098,0.07994642,1.07868,0.1386617,0.07905654,0.05451405,-0.148959,0.9841695,MathCanvas,0.6037166,1.283049,3.318828,-0.001962893,1.533209,-0.0233517,0.148168,-0.07212094,0.986329,0.02806559,1.535309,-0.02697343,0.1092206,-0.07281633,0.9913469,-0.03795261,1.531749,-0.01924659,0.1628024,-0.06985681,0.9841826,-0.004943509,1.533529,-0.02311001,357.258,6.528614,3.069516,0,1,False
1,Center_Head_Far,140,6.119998,-0.009363662,1.534235,-0.02274413,-0.02538741,1.236421,-0.007381467,-0.4749715,0.08355866,0.04056897,0.8750852,0.07997519,1.079309,0.1387697,0.07752216,0.05465193,-0.1481014,0.9844133,MathCanvas,0.4980922,1.288676,3.325512,-0.007508366,1.533987,-0.0228954,0.06073389,-0.07875098,0.9950426,0.02380391,1.535935,-0.02491564,0.01906065,-0.07870015,0.9967161,-0.04253124,1.532534,-0.02057263,0.07307864,-0.07602996,0.9944239,-0.009363662,1.534235,-0.02274413,356.9197,3.588105,2.933028,0,1,False
1,Center_Head_Far,141,6.139998,-0.0112289,1.534485,-0.02259053,-0.02538741,1.236421,-0.007381467,-0.4749715,0.08355866,0.04056897,0.8750852,0.07997519,1.079309,0.1387697,0.07752216,0.05465193,-0.1481014,0.9844133,MathCanvas,0.195578,1.268496,3.334948,-0.009363662,1.534235,-0.02274413,0.04608383,-0.0773651,0.9959372,0.02196685,1.536183,-0.02427957,0.004497323,-0.07732271,0.996996,-0.04442464,1.532786,-0.02090148,0.05854301,-0.07465415,0.9954895,-0.0112289,1.534485,-0.02259053,356.8406,2.751173,2.92967,0,1,False
1,Center_Head_Far,142,6.159998,-0.01231778,1.534633,-0.02323933,-0.0254396,1.236498,-0.007088591,-0.4746077,0.08329581,0.04070141,0.8753015,0.07981694,1.080048,0.1387488,0.07549933,0.05370279,-0.1495516,0.9844035,MathCanvas,0.1443259,1.273341,3.33917,-0.010989,1.534441,-0.02319471,0.004719033,-0.08115383,-0.9966904,0.0209275,1.536155,-0.02360209,-0.04768914,-0.08023986,0.9956341,-0.04556306,1.533112,-0.02287656,0.006358554,-0.077915,0.9969397,-0.01231778,1.534633,-0.02323933,356.3968,0.4600554,2.625405,0,1,False
1,Center_Head_Far,143,6.179998,-0.01273523,1.534607,-0.02332756,-0.025363,1.236547,-0.007028581,-0.4748386,0.08336935,0.04015341,0.8751946,0.07971609,1.079956,0.1387828,0.07551444,0.05311018,-0.1497457,0.984405,MathCanvas,0.1443259,1.273341,3.33917,-0.01231778,1.534633,-0.02323933,0.02067566,-0.07907749,-0.9966543,0.0205097,1.53617,-0.02348927,-0.0535971,-0.08055054,0.9953085,-0.04598017,1.533044,-0.02316584,0.0004387572,-0.07815848,0.9969408,-0.01273523,1.534607,-0.02332756,356.4107,0.1097275,2.697217,0,1,False
1,Center_Head_Far,144,6.199998,-0.01332536,1.534593,-0.0234131,-0.02534558,1.236585,-0.00702231,-0.4749896,0.08336478,0.03989089,0.8751251,0.07968878,1.079833,0.1388144,0.07569689,0.05308749,-0.1497332,0.9843941,MathCanvas,0.1443259,1.273341,3.33917,-0.01273523,1.534607,-0.02332756,0.02640917,-0.08332364,-0.9961728,0.01991813,1.536194,-0.02335356,-0.05992377,-0.084914,0.9945847,-0.04656885,1.532992,-0.02347263,-0.005902322,-0.08246905,0.9965762,-0.01332536,1.534593,-0.0234131,356.4301,359.7253,2.762106,0,1,False
1,Center_Head_Far,145,6.219998,-0.01363604,1.534238,-0.02337088,-0.02528203,1.236856,-0.007102282,-0.4765733,0.08338057,0.03805305,0.8743441,0.07963361,1.079439,0.1389591,0.07667029,0.05319504,-0.1501097,0.9842556,MathCanvas,0.1443259,1.273341,3.33917,-0.01422356,1.534682,-0.02348927,0.007588736,-0.07703362,-0.9969999,0.01960242,1.535926,-0.02313983,-0.02726029,-0.08104536,0.9963376,-0.0468745,1.532551,-0.02360192,0.02681564,-0.07828914,0.99657,-0.01363604,1.534238,-0.02337088,356.5182,359.4248,2.911021,0,1,False
1,Center_Head_Far,146,6.239998,-0.01290166,1.534147,-0.02330816,-0.02531285,1.237051,-0.007266165,-0.478204,0.08311162,0.03648648,0.8735458,0.07951445,1.078682,0.1393559,0.07892486,0.05314906,-0.1513953,0.9838829,MathCanvas,0.1443259,1.273341,3.33917,-0.01363604,1.534238,-0.02337088,0.0002254529,-0.07966732,-0.9968216,0.02033774,1.535823,-0.02347277,-0.01526706,-0.08419944,0.996332,-0.04614107,1.53247,-0.02314355,0.03880867,-0.08146016,0.9959207,-0.01290166,1.534147,-0.02330816,356.6999,0.1171178,2.891949,0,1,False
1,Center_Head_Far,147,6.259998,-0.01231629,1.533833,-0.02331724,-0.02549029,1.237307,-0.007383301,-0.4799607,0.08161684,0.03446358,0.8728051,0.07917692,1.077847,0.1399285,0.08138157,0.0525231,-0.1514995,0.9837003,MathCanvas,0.1443259,1.273341,3.33917,-0.01233472,1.533939,-0.02329025,0.04040249,-0.0885881,0.9952486,0.02090039,1.535527,-0.02453408,0.01667667,-0.09154503,0.9956613,-0.04553296,1.53214,-0.0221004,0.07071082,-0.08877732,0.9935384,-0.01231629,1.533833,-0.02331724,357.1219,1.951271,2.919834,0,1,False
1,Center_Head_Far,148,6.279998,-0.01168173,1.533613,-0.0233123,-0.02552435,1.237327,-0.007378128,-0.4800206,0.08134507,0.03435118,0.872802,0.07905421,1.077747,0.1400346,0.08167747,0.05225825,-0.1511906,0.9837374,MathCanvas,0.1236598,1.235687,3.32623,-0.01231629,1.533833,-0.02331724,0.04370651,-0.09016129,0.9949677,0.02152194,1.53534,-0.02480543,0.02516537,-0.09390132,0.9952634,-0.04488541,1.531887,-0.02181917,0.07917716,-0.09107872,0.9926911,-0.01168173,1.533613,-0.0233123,357.2566,2.432149,2.977453,0,1,False
1,Center_Head_Far,149,6.299998,-0.006271686,1.532781,-0.02321485,-0.02576916,1.237405,-0.007313323,-0.4798984,0.07932021,0.03442784,0.8730525,0.07836098,1.077622,0.1404558,0.0830017,0.05085991,-0.1509746,0.983733,MathCanvas,0.1353194,1.230368,3.323132,-0.01154219,1.533485,-0.0233329,0.1423885,-0.09281595,0.9854495,0.02684448,1.534343,-0.02614323,0.1536249,-0.09795214,0.9832623,-0.03938785,1.531219,-0.02028648,0.2067536,-0.09534053,0.9737367,-0.006271686,1.532781,-0.02321485,357.5482,4.938116,2.692326,0,1,False
1,Center_Head_Far,150,6.319998,-0.004952252,1.532533,-0.02320248,-0.02576916,1.237405,-0.007313323,-0.4798984,0.07932021,0.03442784,0.8730525,0.07836098,1.077622,0.1404558,0.0830017,0.05085991,-0.1509746,0.983733,MathCanvas,0.4731917,1.220243,3.29508,-0.006271686,1.532781,-0.02321485,0.1758411,-0.08588059,0.9806653,0.02812995,1.534075,-0.0265017,0.1602893,-0.08936313,0.9830166,-0.03803445,1.53099,-0.01990325,0.2132547,-0.08645101,0.9731643,-0.004952252,1.532533,-0.02320248,357.6622,5.586662,2.658093,0,1,False
1,Center_Head_Far,151,6.339998,-0.004667547,1.533506,-0.02317573,-0.02609413,1.237231,-0.007329534,-0.4794483,0.07741727,0.03475114,0.8734577,0.07690334,1.078202,0.140632,0.08235642,0.04751074,-0.1492082,0.9842241,MathCanvas,0.5898883,1.242013,3.294221,-0.003685214,1.532436,-0.02329859,0.2012975,-0.08889335,0.9754882,0.02834228,1.535292,-0.02703017,0.1772289,-0.08329958,0.9806381,-0.03767738,1.53172,-0.01932129,0.2299993,-0.08001961,0.9698955,-0.004667547,1.533506,-0.02317573,357.34,6.517017,3.079331,0,1,False
1,Center_Head_Far,152,6.359998,-0.005377551,1.533596,-0.02301026,-0.02634845,1.237001,-0.007107488,-0.4787518,0.0758843,0.03524798,0.8739542,0.07588296,1.078922,0.1405111,0.0802643,0.04532292,-0.1475503,0.9847499,MathCanvas,0.6778311,1.232114,3.284214,-0.004667547,1.533506,-0.02317573,0.2037589,-0.08397362,0.9754131,0.0276534,1.535361,-0.02668942,0.1718913,-0.08224338,0.9816768,-0.0384085,1.531831,-0.0193311,0.2247208,-0.07900237,0.9712152,-0.005377551,1.533596,-0.02301026,357.1431,6.203864,3.043652,0,1,False
1,Center_Head_Far,153,6.379998,-0.005561393,1.533706,-0.02289166,-0.02641904,1.236947,-0.007040425,-0.4785074,0.07539134,0.03540158,0.8741245,0.07574855,1.079035,0.1404862,0.07998288,0.04499748,-0.147484,0.9847977,MathCanvas,0.6866089,1.248412,3.289593,-0.005377551,1.533596,-0.02301026,0.1983752,-0.08062297,0.9768046,0.02746657,1.5355,-0.02658344,0.1722696,-0.08051354,0.9817539,-0.03858936,1.531912,-0.01919989,0.2250924,-0.07723285,0.9712715,-0.005561393,1.533706,-0.02289166,357.0468,6.218309,3.094535,0,1,False
1,Center_Head_Far,154,6.399998,-0.005454019,1.534034,-0.02267716,-0.02664855,1.236742,-0.006789447,-0.4774526,0.07371747,0.03613866,0.8748136,0.07526151,1.07944,0.1403801,0.07925249,0.04377026,-0.1475104,0.9849081,MathCanvas,0.668282,1.259845,3.29513,-0.005308934,1.533859,-0.02280189,0.142725,-0.07585126,0.9868516,0.02765119,1.536065,-0.0254366,0.110037,-0.07534774,0.9910674,-0.03855922,1.532003,-0.01991773,0.1635278,-0.07184482,0.9839191,-0.005454019,1.534034,-0.02267716,356.7182,4.563895,3.50485,0,1,False
1,Center_Head_Far,155,6.419998,-0.01123884,1.534273,-0.02189508,-0.02670786,1.236531,-0.006533805,-0.4763211,0.07326713,0.03678693,0.875441,0.07504359,1.07957,0.1402629,0.07896745,0.04356545,-0.1470581,0.9850077,MathCanvas,0.4772833,1.277483,3.31514,-0.005454019,1.534034,-0.02267716,0.1368293,-0.07359641,0.9878569,0.021958,1.536181,-0.02331749,0.06951815,-0.07208308,0.994973,-0.04443567,1.532364,-0.02047268,0.1232668,-0.06878859,0.9899866,-0.01123884,1.534273,-0.02189508,356.5241,2.253604,3.293251,0,1,False
1,Center_Head_Far,156,6.439998,-0.01329783,1.533288,-0.02186061,-0.02658591,1.236377,-0.006116646,-0.4747786,0.07385433,0.03741802,0.8762025,0.07500645,1.079622,0.1401483,0.07832408,0.0436229,-0.1469621,0.9850708,MathCanvas,0.4516289,1.28531,3.319837,-0.01212094,1.533434,-0.02197203,0.07451163,-0.07325406,0.994526,0.01995216,1.534727,-0.02211401,0.03352072,-0.07441087,0.9966641,-0.04654782,1.53185,-0.0216072,0.08745256,-0.07187364,0.9935725,-0.01329783,1.533288,-0.02186061,356.634,0.290873,2.481441,0,1,False
1,Center_Head_Far,157,6.459998,-0.0120025,1.53338,-0.02197831,-0.0264841,1.23644,-0.006017995,-0.4746915,0.07442604,0.03728648,0.8762069,0.07505444,1.079522,0.1400814,0.07792009,0.04326451,-0.1473231,0.9850647,MathCanvas,0.2382134,1.286022,3.335125,-0.01329783,1.533288,-0.02186061,0.06050637,-0.07314233,0.9954844,0.02124984,1.534763,-0.02223401,0.0337172,-0.08063406,0.9961733,-0.04525484,1.531998,-0.02172262,0.08765231,-0.07817071,0.9930792,-0.0120025,1.53338,-0.02197831,356.989,0.3152561,2.384368,0,1,False
1,Center_Head_Far,158,6.479998,-0.01062627,1.532843,-0.02159359,-0.02639825,1.236581,-0.006181244,-0.4757427,0.07493578,0.03663766,0.8756205,0.0752323,1.079149,0.14019,0.07857076,0.04349828,-0.1479837,0.9849038,MathCanvas,0.192253,1.286469,3.338547,-0.01098321,1.533081,-0.02171031,0.04671045,-0.08444145,0.995333,0.02262477,1.53422,-0.02200472,0.01754344,-0.08784965,0.9959792,-0.0438773,1.531466,-0.02118247,0.07157065,-0.08547568,0.9937664,-0.01062627,1.532843,-0.02159359,357.3523,0.5986987,2.372913,0,1,False
1,Center_Head_Far,159,6.499998,-0.01046868,1.532635,-0.02147333,-0.02639825,1.236581,-0.006181244,-0.4757427,0.07493578,0.03663766,0.8756205,0.0752323,1.079149,0.14019,0.07857076,0.04349828,-0.1479837,0.9849038,MathCanvas,0.1465675,1.248674,3.327982,-0.01062627,1.532843,-0.02159359,0.0633688,-0.09007932,0.9939166,0.02278597,1.533965,-0.02170829,0.03104828,-0.09307946,0.9951745,-0.04372333,1.531305,-0.02123837,0.08500183,-0.09068051,0.9922458,-0.01046868,1.532635,-0.02147333,357.4518,0.3028548,2.292149,0,1,False
1,Center_Head_Far,160,6.519998,-0.008368791,1.532094,-0.02141366,-0.02632361,1.236887,-0.006529463,-0.478654,0.0759073,0.03410386,0.8740511,0.07598282,1.077426,0.1412074,0.08386716,0.04677907,-0.1507346,0.983899,MathCanvas,0.2023961,1.230046,3.317232,-0.01046868,1.532635,-0.02147333,0.05804346,-0.0918801,0.994077,0.02483749,1.533615,-0.02306499,0.07428288,-0.1009436,0.9921151,-0.04157507,1.530574,-0.01976233,0.1280472,-0.09821507,0.986893,-0.008368791,1.532094,-0.02141366,357.9133,2.75148,2.619739,0,1,False
1,Center_Head_Far,161,6.539998,-0.006842062,1.531512,-0.02117081,-0.02632361,1.236887,-0.006529463,-0.478654,0.0759073,0.03410386,0.8740511,0.07598282,1.077426,0.1412074,0.08386716,0.04677907,-0.1507346,0.983899,MathCanvas,0.1864997,1.223626,3.315986,-0.007610382,1.531804,-0.02129248,0.1055167,-0.1025101,0.9891198,0.02634881,1.533036,-0.02310427,0.08295635,-0.1068277,0.9908108,-0.04003294,1.529988,-0.01923735,0.1366734,-0.104078,0.9851336,-0.006842062,1.531512,-0.02117081,358.2525,3.253743,2.625739,0,1,False
1,Center_Head_Far,162,6.559998,-0.007097464,1.532887,-0.02075433,-0.02658098,1.236782,-0.007015497,-0.4810754,0.07448184,0.03143021,0.8729439,0.07647759,1.076353,0.1424938,0.08849452,0.04947105,-0.1530962,0.9829969,MathCanvas,0.3465813,1.188159,3.291842,-0.006842062,1.531512,-0.02117081,0.1202927,-0.09507729,0.9881751,0.02605675,1.534429,-0.02322758,0.1091474,-0.08517829,0.9903694,-0.04025168,1.531346,-0.01828107,0.1626906,-0.08245681,0.9832256,-0.007097464,1.532887,-0.02075433,357.6052,4.155168,2.657157,0,1,False
1,Center_Head_Far,163,6.579998,-0.007360678,1.533107,-0.02041766,-0.02668924,1.236552,-0.007022503,-0.4810024,0.07336483,0.03146278,0.8730776,0.0760236,1.077081,0.1420595,0.08620922,0.04758023,-0.1515454,0.9835335,MathCanvas,0.3968747,1.213595,3.297778,-0.006561238,1.533053,-0.02055245,0.1613549,-0.08492974,0.9832352,0.02580316,1.534667,-0.02274599,0.1241464,-0.08001396,0.9890326,-0.04052451,1.531547,-0.01808934,0.1774662,-0.07714486,0.9810987,-0.007360678,1.533107,-0.02041766,357.2416,3.886408,2.690067,1,2,False
1,Center_Head_Far,164,6.599998,-0.0072279,1.533252,-0.02023738,-0.02668924,1.236552,-0.007022503,-0.4810024,0.07336483,0.03146278,0.8730776,0.0760236,1.077081,0.1420595,0.08620922,0.04758023,-0.1515454,0.9835335,MathCanvas,0.5375743,1.246278,3.300208,-0.007360678,1.533107,-0.02041766,0.1508586,-0.07857946,0.9854273,0.02592975,1.534818,-0.02264806,0.1265642,-0.07869659,0.9888318,-0.04038555,1.531685,-0.01782671,0.1798639,-0.07582278,0.980765,-0.0072279,1.533252,-0.02023738,357.1664,4.024643,2.70119,1,2,False
1,Center_Head_Far,165,6.619998,-0.007181372,1.532529,-0.02000276,-0.02682246,1.236089,-0.00651616,-0.4778257,0.07247697,0.03351737,0.8748178,0.07495378,1.078104,0.1411624,0.08144043,0.04380825,-0.1482011,0.9846241,MathCanvas,0.502727,1.267626,3.310852,-0.007098626,1.533398,-0.02005721,0.1551842,-0.06456854,0.9857732,0.02601296,1.533882,-0.02200305,0.1136202,-0.07457513,0.9907215,-0.04037571,1.531176,-0.01800247,0.167034,-0.07206562,0.9833139,-0.007181372,1.532529,-0.02000276,357.5641,3.34931,2.331748,1,2,False
1,Center_Head_Far,166,6.639997,-0.007348988,1.532219,-0.01984927,-0.02676058,1.235993,-0.006140608,-0.476031,0.07261228,0.03454768,0.8757445,0.07469078,1.078222,0.1408374,0.08104933,0.04286765,-0.1483044,0.9846823,MathCanvas,0.5196617,1.313322,3.326651,-0.007181372,1.532529,-0.02000276,0.1403761,-0.07332043,0.9873797,0.02584846,1.533571,-0.02179755,0.1121728,-0.07751598,0.9906607,-0.04054644,1.530867,-0.01790099,0.1655976,-0.0749948,0.9833378,-0.007348988,1.532219,-0.01984927,357.7333,3.266465,2.330721,1,2,False
1,Center_Head_Far,167,6.659997,-0.007321816,1.531961,-0.01953938,-0.02676058,1.235993,-0.006140608,-0.476031,0.07261228,0.03454768,0.8757445,0.07468974,1.078189,0.1408105,0.08116997,0.04291103,-0.148427,0.984652,MathCanvas,0.4674849,1.284207,3.320044,-0.007308792,1.532117,-0.01969905,0.1253759,-0.07763582,0.989067,0.02588168,1.533265,-0.02141661,0.09734492,-0.08057331,0.9919838,-0.04052531,1.530657,-0.01766216,0.150927,-0.07817318,0.9854492,-0.007321816,1.531961,-0.01953938,357.8978,3.15345,2.246129,1,2,False
1,Center_Head_Far,168,6.679997,-0.007509275,1.531704,-0.01931838,-0.0265998,1.236107,-0.006116169,-0.476638,0.07274117,0.03460057,0.8754015,0.07483004,1.077947,0.1408449,0.08187351,0.04379752,-0.1489164,0.9844809,MathCanvas,0.4158126,1.269946,3.318488,-0.007321816,1.531961,-0.01953938,0.124179,-0.07937329,0.9890801,0.0256939,1.533008,-0.02120094,0.09758763,-0.08295564,0.9917636,-0.04071245,1.5304,-0.01743582,0.1511684,-0.08054623,0.985221,-0.007509275,1.531704,-0.01931838,358.0349,3.168002,2.246904,1,2,False
1,Center_Head_Far,169,6.699997,-0.00739583,1.531677,-0.01908622,-0.02648414,1.236168,-0.006148863,-0.4776208,0.07222632,0.03417509,0.8749251,0.0749648,1.077771,0.1409154,0.08234981,0.04427128,-0.1493403,0.9843556,MathCanvas,0.4113777,1.263958,3.317097,-0.007509275,1.531704,-0.01931838,0.1064007,-0.08240001,0.9909032,0.02580086,1.532983,-0.02107823,0.08279672,-0.08433907,0.9929913,-0.04059252,1.53037,-0.01709421,0.1365263,-0.08200239,0.9872366,-0.00739583,1.531677,-0.01908622,358.0796,3.358509,2.25096,0,2,False
1,Center_Head_Far,170,6.719997,-0.006979186,1.531781,-0.01869599,-0.02637943,1.236264,-0.006141041,-0.478708,0.07130799,0.03392358,0.8744158,0.07513717,1.077584,0.1409203,0.0829359,0.04473642,-0.1502861,0.9841415,MathCanvas,0.3508968,1.254203,3.317672,-0.007062116,1.531839,-0.0188827,0.1135931,-0.08222759,0.9901188,0.02620418,1.53318,-0.02084142,0.08762835,-0.08432332,0.9925779,-0.04016255,1.530382,-0.01655056,0.141324,-0.08183668,0.986575,-0.006979186,1.531781,-0.01869599,358.0826,3.618551,2.41012,0,2,False
1,Center_Head_Far,171,6.739997,-0.006895869,1.531723,-0.01850839,-0.02637943,1.236264,-0.006141041,-0.478708,0.07130799,0.03392358,0.8744158,0.07513717,1.077584,0.1409203,0.0829359,0.04473642,-0.1502861,0.9841415,MathCanvas,0.3756625,1.254795,3.316547,-0.006979186,1.531781,-0.01869599,0.1145156,-0.08308003,0.9899414,0.02628529,1.533129,-0.02068323,0.08855775,-0.08518618,0.9924217,-0.04007703,1.530317,-0.01633356,0.1422475,-0.08268609,0.9863715,-0.006895869,1.531723,-0.01850839,358.1325,3.671072,2.421998,0,2,False
1,Center_Head_Far,172,6.759997,-0.0062753,1.532537,-0.01834348,-0.02587725,1.23657,-0.006123098,-0.4808117,0.06887478,0.03313481,0.8734864,0.0766709,1.077365,0.1409884,0.08416251,0.04714582,-0.1511208,0.983797,MathCanvas,0.3788138,1.251894,3.315798,-0.006517984,1.53225,-0.01847203,0.1180514,-0.08336148,0.9895023,0.02690458,1.534053,-0.02046331,0.091056,-0.08413925,0.992285,-0.03945518,1.531021,-0.01622366,0.1447125,-0.08144578,0.9861161,-0.0062753,1.532537,-0.01834348,358.0535,3.566827,2.611654,0,2,False
1,Center_Head_Far,173,6.779998,-0.005637515,1.53298,-0.01813739,-0.02559267,1.236639,-0.005979685,-0.48037,0.06862512,0.03338566,0.8737395,0.07746696,1.077598,0.1408434,0.08406518,0.04758367,-0.150743,0.9838422,MathCanvas,0.3914279,1.251701,3.31519,-0.0062753,1.532537,-0.01834348,0.1179246,-0.08279262,0.9895651,0.02754221,1.53448,-0.02027074,0.09136692,-0.08282778,0.9923667,-0.03881724,1.53148,-0.01600404,0.1450223,-0.08016337,0.9861756,-0.005637515,1.53298,-0.01813739,357.9773,3.587574,2.584705,0,2,False
1,Center_Head_Far,174,6.799998,-0.004725276,1.533388,-0.01754698,-0.02512282,1.236708,-0.005796039,-0.4804547,0.06755195,0.03376757,0.8737619,0.07842393,1.07785,0.1406155,0.08398122,0.04815022,-0.1500768,0.9839236,MathCanvas,0.3917489,1.253983,3.316531,-0.005277842,1.53317,-0.01793367,0.1184884,-0.08109894,0.989638,0.02845137,1.534918,-0.01970713,0.09217326,-0.08103754,0.9924399,-0.03790192,1.531859,-0.01538682,0.1458214,-0.07833013,0.9862051,-0.004725276,1.533388,-0.01754698,357.8759,3.627546,2.635767,0,2,False
1,Center_Head_Far,175,6.819998,-0.00429483,1.533602,-0.01728154,-0.02512282,1.236708,-0.005796039,-0.4804547,0.06755195,0.03376757,0.8737619,0.07842393,1.07785,0.1406155,0.08398122,0.04815022,-0.1500768,0.9839236,MathCanvas,0.3947323,1.259981,3.3188,-0.004725276,1.533388,-0.01754698,0.1128703,-0.06916014,0.9911999,0.02888046,1.535144,-0.01945347,0.08634079,-0.06998277,0.9938046,-0.03747012,1.53206,-0.01510962,0.140038,-0.06730668,0.9878559,-0.00429483,1.533602,-0.01728154,357.8473,3.645808,2.657503,0,2,False
1,Center_Head_Far,176,6.839998,-0.003731895,1.533836,-0.01684956,-0.02475979,1.236699,-0.005707394,-0.480607,0.06684116,0.03394751,0.8737258,0.07901176,1.07798,0.1404493,0.08396122,0.04858316,-0.149607,0.9839756,MathCanvas,0.3774223,1.299709,3.334865,-0.00429483,1.533602,-0.01728154,0.1132286,-0.06864479,0.9911948,0.02944156,1.535404,-0.01903064,0.08664837,-0.06938682,0.9938197,-0.03690535,1.532267,-0.01466848,0.1403418,-0.0666692,0.987856,-0.003731895,1.533836,-0.01684956,357.8141,3.658469,2.703173,0,2,False
1,Center_Head_Far,177,6.859998,-0.002101596,1.534126,-0.01541415,-0.02310681,1.236574,-0.005596951,-0.4803149,0.06755356,0.03468698,0.8738025,0.08146677,1.078468,0.139575,0.08404765,0.05022509,-0.1485455,0.9840466,MathCanvas,0.3792462,1.301655,3.335713,-0.002744008,1.533949,-0.01592179,0.08104273,-0.05650396,0.9951077,0.03106304,1.535857,-0.01760679,0.05436841,-0.05725305,0.9968781,-0.03526623,1.532396,-0.01322151,0.1082687,-0.05439964,0.9926322,-0.002101596,1.534126,-0.01541415,357.7027,3.662867,2.982827,0,2,False
1,Center_Head_Far,178,6.879998,-0.001007818,1.533976,-0.0147278,-0.01966037,1.236215,-0.005392598,-0.4786721,0.07234464,0.03682583,0.8742329,0.08321729,1.078666,0.1385666,0.08380834,0.05002562,-0.1477793,0.9841926,MathCanvas,0.2725824,1.342613,3.357376,-0.002101596,1.534126,-0.01541415,0.08134632,-0.0558264,0.9951212,0.03215286,1.535796,-0.01690776,0.0542223,-0.0586952,0.9968023,-0.03416849,1.532156,-0.01254785,0.1081163,-0.05569519,0.9925769,-0.001007818,1.533976,-0.0147278,357.7841,3.639748,3.137109,0,2,False
1,Center_Head_Far,179,6.899998,0.001113132,1.533961,-0.01335458,-0.01578,1.235799,-0.005268001,-0.4765885,0.07783794,0.03971744,0.8747727,0.08484273,1.078659,0.1375671,0.08337746,0.04997026,-0.1467661,0.9843835,MathCanvas,0.2747347,1.344739,3.35847,0.0001515485,1.533939,-0.01400881,0.08111412,-0.05900094,0.994957,0.03426922,1.535872,-0.0155271,0.0542811,-0.06084753,0.99667,-0.03204296,1.532051,-0.01118207,0.1081676,-0.05769924,0.9924569,0.001113132,1.533961,-0.01335458,357.9062,3.628446,3.292612,0,2,False
1,Center_Head_Far,180,6.919998,0.00214585,1.533973,-0.01266091,-0.01477684,1.23569,-0.005235792,-0.4759918,0.07898264,0.04051377,0.8749584,0.08536045,1.078622,0.1372614,0.08330408,0.05008247,-0.1464416,0.9844323,MathCanvas,0.2757038,1.334229,3.354812,0.001113132,1.533961,-0.01335458,0.08125172,-0.05927346,0.9949296,0.03529922,1.535926,-0.01483711,0.05450545,-0.06142338,0.9966224,-0.03100752,1.53202,-0.0104847,0.1083873,-0.05820551,0.9924033,0.00214585,1.533973,-0.01266091,357.9386,3.634321,3.365964,0,2,False
1,Center_Head_Far,181,6.939998,0.00411268,1.534006,-0.01132971,-0.01477684,1.23569,-0.005235792,-0.4759918,0.07898264,0.04051377,0.8749584,0.08536045,1.078622,0.1372614,0.08330408,0.05008247,-0.1464416,0.9844323,MathCanvas,0.2771591,1.33335,3.354883,0.003129102,1.53399,-0.0119954,0.07592893,0.005316535,0.997099,0.03726019,1.536053,-0.01350881,0.04902158,0.003321841,0.9987922,-0.02903483,1.531959,-0.009150614,0.1029054,0.006649004,0.994669,0.00411268,1.534006,-0.01132971,357.9786,3.636569,3.528133,0,2,False
1,Center_Head_Far,182,6.959998,0.006344087,1.53348,-0.01006788,-0.007379609,1.234717,-0.004919125,-0.4703236,0.08585734,0.04549695,0.8771285,0.08958399,1.077719,0.1349022,0.08365581,0.05112721,-0.1439218,0.9847204,MathCanvas,0.2771591,1.33335,3.354883,0.00411268,1.534006,-0.01132971,0.07599157,0.004985614,0.997096,0.03948413,1.535691,-0.01219973,0.04780812,0.0001484379,0.9988565,-0.02679595,1.531269,-0.007936027,0.1016805,0.00374431,0.99481,0.006344087,1.53348,-0.01006788,358.1563,3.557895,3.810966,0,2,False
1,Center_Head_Far,183,6.979998,0.008353405,1.533221,-0.008884213,-0.002755425,1.233742,-0.0049147,-0.4676683,0.08879329,0.04634253,0.878211,0.09596001,1.075274,0.1320301,0.08776388,0.05357743,-0.1440682,0.984211,MathCanvas,0.2771591,1.33335,3.354883,0.006344087,1.53348,-0.01006788,0.07477184,0.001946274,0.9971988,0.04148921,1.535541,-0.01096571,0.04648621,-0.002518462,0.9989159,-0.0247824,1.530902,-0.006802719,0.1003525,0.00125589,0.9949511,0.008353405,1.533221,-0.008884213,358.3065,3.476073,3.998454,0,2,False
1,Center_Head_Far,184,6.999998,0.01177432,1.533466,-0.006947571,0.002511225,1.232751,-0.004810821,-0.4661875,0.08899783,0.04684186,0.8789508,0.1023007,1.072618,0.1296525,0.09286115,0.05702432,-0.1459657,0.9832696,MathCanvas,0.2771591,1.33335,3.354883,0.009830593,1.533071,-0.007960374,0.0749656,-0.02809835,0.9967902,0.04489781,1.535966,-0.009016797,0.04821878,-0.03058874,0.9983683,-0.02134916,1.530967,-0.004878346,0.1020641,-0.02650546,0.9944246,0.01177432,1.533466,-0.006947571,358.3982,3.453945,4.308977,0,2,False
1,Center_Head_Far,185,7.019998,0.01352795,1.533563,-0.005933014,0.005157485,1.232298,-0.004586668,-0.4648887,0.08781233,0.04618533,0.8797923,0.1051168,1.071079,0.1287712,0.09392089,0.05793694,-0.1436639,0.9834546,MathCanvas,0.267611,1.437575,3.394819,0.01177432,1.533466,-0.006947571,0.07900006,-0.08213323,0.9934853,0.04664209,1.536213,-0.007964206,0.0513225,-0.08435332,0.9951133,-0.0195862,1.530913,-0.003901823,0.1051508,-0.07999437,0.9912336,0.01352795,1.533563,-0.005933014,358.4055,3.382676,4.568702,0,2,False
1,Center_Head_Far,186,7.039998,0.01688489,1.53305,-0.004179234,0.01006954,1.231614,-0.00411673,-0.4615921,0.08632573,0.04521747,0.8817233,0.1097519,1.068729,0.1274283,0.0953301,0.05887531,-0.1377311,0.9841118,MathCanvas,0.2787389,1.257834,3.329294,0.01523914,1.533542,-0.004979872,0.07770398,-0.08282895,0.9935298,0.04998636,1.53593,-0.006101988,0.04889862,-0.08709693,0.994999,-0.01621658,1.530171,-0.00225648,0.1027078,-0.08236343,0.9912958,0.01688489,1.53305,-0.004179234,358.5605,3.199352,4.964636,0,2,False
1,Center_Head_Far,187,7.059998,0.01846883,1.532555,-0.00357485,0.01239004,1.231391,-0.003965787,-0.4601327,0.08453626,0.04485871,0.8826773,0.1121361,1.067483,0.1270558,0.09727315,0.05941983,-0.1356472,0.9841784,MathCanvas,0.2775544,1.255189,3.328763,0.01688489,1.53305,-0.004179234,0.07582576,-0.08473043,0.9935146,0.05156746,1.535516,-0.005421619,0.04705429,-0.08966158,0.9948601,-0.0146298,1.529594,-0.00172808,0.1008599,-0.08479429,0.9912806,0.01846883,1.532555,-0.00357485,358.7071,3.07807,5.104918,0,2,False
1,Center_Head_Far,188,7.079998,0.02153765,1.532223,-0.002481204,0.01678262,1.230867,-0.00413378,-0.4584868,0.08120795,0.04450536,0.8838634,0.1169302,1.065065,0.1268823,0.1055215,0.06039572,-0.1390667,0.9827909,MathCanvas,0.2726904,1.248479,3.327388,0.02013832,1.532305,-0.002749605,0.07473367,-0.08843984,0.993274,0.05462962,1.535344,-0.004177317,0.0447677,-0.09064254,0.9948768,-0.01155431,1.529102,-0.0007850912,0.09855717,-0.0855059,0.991451,0.02153765,1.532223,-0.002481204,358.7691,2.818143,5.381982,0,2,False
1,Center_Head_Far,189,7.099998,0.02293379,1.53219,-0.0021886,0.01897964,1.230559,-0.004355266,-0.4576094,0.07950062,0.04375739,0.8845104,0.1190163,1.063979,0.1270479,0.1108462,0.05991884,-0.1428018,0.9816978,MathCanvas,0.2717724,1.236096,3.323351,0.02153765,1.532223,-0.002481204,0.0716828,-0.08807453,0.9935313,0.05602218,1.535391,-0.003803368,0.04241054,-0.08912417,0.9951172,-0.0101546,1.528989,-0.000573833,0.09619582,-0.08385857,0.9918236,0.02293379,1.53219,-0.0021886,358.6812,2.666457,5.520455,0,2,False
1,Center_Head_Far,190,7.119998,0.02547079,1.531678,-0.002076461,0.02301161,1.229887,-0.004905308,-0.4567897,0.0747008,0.04175477,0.8854488,0.1218072,1.062367,0.1269304,0.1148069,0.05557872,-0.1406727,0.9818053,MathCanvas,0.2630013,1.237226,3.325173,0.02444893,1.53204,-0.001683637,0.08021104,-0.08023471,0.9935434,0.05855066,1.535064,-0.003473538,0.04891713,-0.08259261,0.9953822,-0.007609084,1.528292,-0.0006793833,0.1026304,-0.07697359,0.9917369,0.02547079,1.531678,-0.002076461,358.6841,2.283762,5.840809,0,2,False
1,Center_Head_Far,191,7.139997,0.02671206,1.531371,-0.001932607,0.02501488,1.229567,-0.005060039,-0.4564565,0.07256688,0.04115894,0.8858259,0.1234296,1.061493,0.1266875,0.116483,0.05420777,-0.1393746,0.9818696,MathCanvas,0.2947221,1.262347,3.333037,0.02547079,1.531678,-0.002076461,0.07579565,-0.07978342,0.9939263,0.05978775,1.534839,-0.003223103,0.04591876,-0.08251315,0.9955316,-0.006363621,1.527902,-0.0006421111,0.09962931,-0.07676058,0.9920594,0.02671206,1.531371,-0.001932607,358.6809,2.096104,5.98319,0,2,False
1,Center_Head_Far,192,7.159997,0.02800044,1.531111,-0.001739876,0.02698182,1.229268,-0.005139763,-0.4557246,0.07128635,0.04077251,0.8863244,0.1253136,1.060545,0.1264087,0.1187472,0.05364365,-0.1390305,0.9816781,MathCanvas,0.2812015,1.263492,3.335248,0.02671206,1.531371,-0.001932607,0.0727947,-0.07963722,0.9941624,0.06107026,1.534666,-0.002941201,0.04347928,-0.08266735,0.9956283,-0.005069381,1.527555,-0.0005385516,0.0971837,-0.07677338,0.9923009,0.02800044,1.531111,-0.001739876,358.6912,1.93983,6.133564,0,2,False
1,Center_Head_Far,193,7.179997,0.02937971,1.531237,-0.002165464,0.02764314,1.228694,-0.006140526,-0.4622598,0.05926592,0.04107892,0.8838077,0.124664,1.059758,0.126664,0.1153594,0.04433965,-0.1304339,0.9837242,MathCanvas,0.2724213,1.263714,3.336333,0.02892284,1.530524,-0.001789299,0.06700484,-0.07815701,0.9946868,0.06245803,1.534787,-0.003120387,0.03622166,-0.07971241,0.9961596,-0.003698613,1.527686,-0.00121054,0.08994825,-0.07382758,0.9932064,0.02937971,1.531237,-0.002165464,358.5533,1.498322,6.126368,0,2,False
1,Center_Head_Far,194,7.199997,0.03023423,1.53116,-0.00232027,0.02890985,1.228374,-0.006388547,-0.4626298,0.05708682,0.04114707,0.8837543,0.1256352,1.05905,0.1266196,0.1161532,0.04268389,-0.1292221,0.9838639,MathCanvas,0.2544948,1.268654,3.339668,0.02937971,1.531237,-0.002165464,0.0631021,-0.07677032,0.99505,0.06331044,1.534755,-0.003177954,0.03335244,-0.07922335,0.9962988,-0.002841979,1.527565,-0.001462586,0.08707963,-0.07326732,0.9935035,0.03023423,1.53116,-0.00232027,358.526,1.325185,6.203051,0,2,False
1,Center_Head_Far,195,7.219997,0.03133633,1.530496,-0.003087152,0.03008719,1.227935,-0.006897093,-0.4625453,0.0552853,0.04229755,0.8838587,0.1260624,1.057843,0.1271347,0.1172218,0.03900146,-0.1266196,0.9842284,MathCanvas,0.2423813,1.273061,3.343003,0.0311438,1.531117,-0.002431449,0.05731473,-0.07585982,0.9954699,0.06441756,1.53407,-0.003832504,0.02995691,-0.07960846,0.996376,-0.0017449,1.526922,-0.002341801,0.08369707,-0.07368632,0.9937631,0.03133633,1.530496,-0.003087152,358.5477,1.133824,6.166299,0,2,False
1,Center_Head_Far,196,7.239997,0.03203769,1.530339,-0.003356617,0.03067079,1.2278,-0.00699964,-0.4626414,0.05434379,0.0423086,0.8838663,0.1268377,1.057244,0.1271103,0.1179961,0.03762913,-0.1255499,0.9843263,MathCanvas,0.2241235,1.27533,3.345333,0.03133633,1.530496,-0.003087152,0.07639422,-0.07989316,0.9938717,0.06511777,1.53394,-0.00401892,0.04711317,-0.08275457,0.9954557,-0.001042388,1.526738,-0.002694315,0.1007508,-0.07670173,0.9919506,0.03203769,1.530339,-0.003356617,358.5409,0.9881517,6.212908,0,2,False
1,Center_Head_Far,197,7.259997,0.03165682,1.53175,-0.004556325,0.02828704,1.229018,-0.007487691,-0.4605637,0.05341461,0.03865566,0.8851744,0.1238107,1.057504,0.1288187,0.1200638,0.03741328,-0.1267819,0.9839265,MathCanvas,0.2888695,1.261744,3.337967,0.03217022,1.530822,-0.003892573,0.07292234,-0.0814506,0.9940061,0.0647639,1.535101,-0.005177546,0.04564887,-0.08708845,0.9951541,-0.001450259,1.528399,-0.003935103,0.09933397,-0.08143051,0.9917166,0.03165682,1.53175,-0.004556325,358.7774,0.9512194,5.780282,0,2,False
1,Center_Head_Far,198,7.279997,0.03175019,1.532418,-0.005024819,0.02816282,1.229258,-0.007577743,-0.4608133,0.05254891,0.03817757,0.8851171,0.1235758,1.057687,0.1288993,0.1202206,0.0378218,-0.1273586,0.9838172,MathCanvas,0.2768524,1.257879,3.33771,0.03165682,1.53175,-0.004556325,0.0762601,-0.08832842,0.9931679,0.06486292,1.535724,-0.005582642,0.04745192,-0.09197509,0.9946301,-0.001362536,1.529112,-0.004466997,0.1011285,-0.08636221,0.9911178,0.03175019,1.532418,-0.005024819,358.8212,0.8474197,5.702407,0,2,False
1,Center_Head_Far,199,7.299997,0.03129131,1.532948,-0.005781581,0.0269215,1.23103,-0.008027483,-0.4636635,0.04582068,0.03645784,0.8840743,0.1226863,1.058662,0.1291022,0.1208353,0.03949366,-0.1302335,0.9832997,MathCanvas,0.2878366,1.235805,3.330098,0.03175019,1.532418,-0.005024819,0.07431077,-0.08916897,0.9932405,0.06441323,1.536167,-0.006300235,0.04586681,-0.09034835,0.9948535,-0.001830615,1.529728,-0.005262926,0.0995624,-0.08488078,0.9914044,0.03129131,1.532948,-0.005781581,358.7226,0.7729536,5.55237,0,2,False
1,Center_Head_Far,200,7.319997,0.03078016,1.53314,-0.007337851,0.02587417,1.232639,-0.008417511,-0.4659616,0.04096383,0.03486163,0.8831684,0.1222225,1.059375,0.1292216,0.121443,0.03981309,-0.1319373,0.9829848,MathCanvas,0.2808682,1.233469,3.330073,0.03097695,1.532845,-0.006656692,0.07401001,-0.08884153,0.9932923,0.06391716,1.536214,-0.007770837,0.04543207,-0.09138881,0.9947784,-0.002356833,1.530067,-0.006904866,0.09914371,-0.08614367,0.9913374,0.03078016,1.53314,-0.007337851,358.65,0.6233796,5.300337,0,2,False
1,Center_Head_Far,201,7.339997,0.03012685,1.53325,-0.008308292,0.02402907,1.234109,-0.00838441,-0.4680785,0.04214321,0.03150472,0.882119,0.1209548,1.062244,0.1293145,0.1202162,0.03908392,-0.1361941,0.9825842,MathCanvas,0.2795186,1.234555,3.330994,0.03078016,1.53314,-0.007337851,0.07230824,-0.08876662,0.9934244,0.0632716,1.536241,-0.008727461,0.04457773,-0.08913003,0.9950219,-0.003017895,1.530259,-0.007889124,0.09830435,-0.08402564,0.9916027,0.03012685,1.53325,-0.008308292,358.515,0.5905391,5.157475,0,2,False
1,Center_Head_Far,202,7.359997,0.029246,1.533651,-0.009888067,0.02364662,1.234856,-0.008609468,-0.4691352,0.03996612,0.03010616,0.8817077,0.1209548,1.062244,0.1293145,0.1202162,0.03908392,-0.1361941,0.9825842,MathCanvas,0.2732731,1.234761,3.332214,0.02968389,1.533432,-0.009098485,0.08120007,-0.08103968,0.9933978,0.06239784,1.536573,-0.01022557,0.05286314,-0.08260581,0.9951792,-0.003905836,1.530729,-0.00955056,0.1065292,-0.07758197,0.9912783,0.029246,1.533651,-0.009888067,358.3282,0.4359062,5.03865,0,2,False
1,Center_Head_Far,203,7.379997,0.02861736,1.53312,-0.01075033,0.02219347,1.235128,-0.009077528,-0.4724849,0.04346476,0.02658466,0.8798648,0.1191751,1.066828,0.129556,0.1120717,0.03631294,-0.1386069,0.9833155,MathCanvas,0.3030989,1.260339,3.340414,0.029246,1.533651,-0.009888067,0.07972003,-0.08009415,0.9935943,0.06177018,1.536034,-0.01105101,0.05141059,-0.07883921,0.9955608,-0.004535465,1.530205,-0.01044965,0.1050832,-0.07383971,0.9917183,0.02861736,1.53312,-0.01075033,358.1109,0.3535015,5.026805,0,2,False
1,Center_Head_Far,204,7.399997,0.02745514,1.532027,-0.01257156,0.02120379,1.234808,-0.009234294,-0.4736105,0.04872566,0.02507364,0.879028,0.117309,1.071481,0.1299703,0.09938676,0.03314223,-0.1379819,0.9848781,MathCanvas,0.297643,1.262832,3.342263,0.02802405,1.532339,-0.01169493,0.0777045,-0.07228207,0.9943527,0.06061721,1.53484,-0.01281505,0.04946858,-0.07264447,0.9961303,-0.005706934,1.529214,-0.01232806,0.1031604,-0.06782892,0.9923493,0.02745514,1.532027,-0.01257156,357.7801,0.2322945,4.85205,0,2,False
1,Center_Head_Far,205,7.419997,0.02690824,1.529877,-0.01368414,0.01906811,1.23292,-0.009766944,-0.4815304,0.06281683,0.02351175,0.8738591,0.1165268,1.072466,0.1309768,0.0897421,0.03291133,-0.1328871,0.9865111,MathCanvas,0.2903727,1.287457,3.351877,0.02745514,1.532027,-0.01257156,0.07633796,-0.07023689,0.9946051,0.06008276,1.532533,-0.01399136,0.05072504,-0.06894989,0.9963297,-0.006266272,1.527222,-0.01337692,0.1044329,-0.06440246,0.9924445,0.02690824,1.529877,-0.01368414,357.5553,0.334782,4.58075,0,2,False
