UID,Condition,Index,Time,Player_X,Player_Y,Player_Z,Left_X,Left_Y,Left_Z,LeftRot_X,LeftRot_Y,LeftRot_Z,LeftRot_W,Right_X,Right_Y,Right_Z,RightRot_X,RightRot_Y,RightRot_Z,RightRot_W,GazeObject,GP_X,GP_Y,GP_Z,GO_X,GO_Y,GO_Z,GZ_X,GZ_Y,GZ_Z,RE_X,RE_Y,RE_Z,RED_X,RED_Y,RED_Z,LE_X,LE_Y,LE_Z,LED_X,LED_Y,LED_Z,H_X,H_Y,H_Z,HR_X,HR_Y,HR_Z,Blinking,BlinkCount,EventTriggered
1,Center_Head_Far,0,23.09999,0.1425648,1.668928,-0.368055,0.1346352,1.336597,-0.3506367,0.5015082,0.2876309,-0.06500143,-0.8133466,0.194244,1.169108,-0.1881737,-0.007164479,0.2216274,0.2139902,-0.951335,Cube,0.2269295,1.280229,-0.04169798,0.142592,1.668918,-0.3681643,-0.2694434,-0.1917067,0.9437419,0.1752008,1.668521,-0.3568729,-0.2949935,-0.1920589,0.935998,0.1099288,1.669335,-0.3792371,-0.2429926,-0.1921401,0.9508086,0.1425648,1.668928,-0.368055,359.5648,341.0921,359.3239,0,5,False
1,Center_Head_Far,1,23.11999,0.142547,1.669028,-0.3678975,0.1345127,1.33655,-0.3505251,0.5014957,0.2880271,-0.06453335,-0.8132516,0.1928442,1.169461,-0.1868136,-0.01511732,0.1973684,0.1976567,-0.9600776,Cube,0.2269295,1.280229,-0.04169798,0.1425648,1.668928,-0.368055,-0.2690952,-0.1920995,0.9437614,0.1751783,1.668646,-0.3567008,-0.295321,-0.1912886,0.9360525,0.1099157,1.669411,-0.3790943,-0.2433265,-0.1913336,0.9508857,0.142547,1.669028,-0.3678975,359.5208,341.0667,359.3647,0,5,False
1,Center_Head_Far,2,23.13999,0.1425285,1.669025,-0.3678618,0.1346288,1.336515,-0.350343,0.5008892,0.287969,-0.06489961,-0.8136166,0.1921464,1.168561,-0.1845311,-0.02132666,0.1684898,0.1852439,-0.9679055,Cube,0.2269295,1.280229,-0.04169798,0.142547,1.669028,-0.3678975,-0.2694259,-0.1913111,0.9438272,0.1751604,1.668637,-0.356667,-0.2952915,-0.1912993,0.9360596,0.1098965,1.669413,-0.3790565,-0.2432961,-0.1913525,0.9508897,0.1425285,1.669025,-0.3678618,359.5212,341.0703,359.3559,0,5,False
1,Center_Head_Far,3,23.15999,0.1425042,1.668986,-0.3677161,0.1346714,1.336513,-0.3503032,0.500765,0.2878214,-0.06512906,-0.8137269,0.1915468,1.168746,-0.1839928,-0.02203706,0.1602174,0.1804331,-0.9702003,Cube,0.2269295,1.280229,-0.04169798,0.1425186,1.669004,-0.3677888,-0.1954406,-0.2465833,0.94921,0.1751448,1.668577,-0.3565472,-0.2211669,-0.2478453,0.9432168,0.1098637,1.669394,-0.378885,-0.1686122,-0.2468021,0.9542844,0.1425042,1.668986,-0.3677161,359.5833,341.1151,359.3215,0,5,False
1,Center_Head_Far,4,23.17999,0.1425836,1.668856,-0.3677436,0.1348843,1.336495,-0.3501143,0.5004944,0.2868449,-0.06631376,-0.8141424,0.1905959,1.168091,-0.1825998,-0.02315676,0.1531718,0.1721548,-0.9728129,Cube,0.2269295,1.280229,-0.04169798,0.1425042,1.668986,-0.3677161,-0.1896651,-0.2482365,0.9499504,0.1752403,1.668444,-0.3566224,-0.2144323,-0.2500236,0.9441965,0.1099268,1.669268,-0.3788649,-0.1618442,-0.2488994,0.9549113,0.1425836,1.668856,-0.3677436,359.6557,341.1978,359.3161,0,5,False
1,Center_Head_Far,5,23.19999,0.1429245,1.668861,-0.3678045,0.1347117,1.33655,-0.3501783,0.5006698,0.2875369,-0.06528467,-0.8138736,0.1884642,1.166908,-0.180421,-0.02291626,0.12872,0.1466672,-0.9805074,Cube,0.2269295,1.280229,-0.04169798,0.14275,1.668782,-0.367768,-0.1872133,-0.2497166,0.9500488,0.1755886,1.668499,-0.356703,-0.2135352,-0.2495786,0.9445175,0.1102604,1.669222,-0.378906,-0.160942,-0.2483794,0.9551991,0.1429245,1.668861,-0.3678045,359.6379,341.2325,359.399,0,5,False
1,Center_Head_Far,6,23.21999,0.1429392,1.668888,-0.3677768,0.1346867,1.336568,-0.3501734,0.5007499,0.2875682,-0.06516585,-0.8138229,0.1878573,1.166708,-0.1799869,-0.02394176,0.1229262,0.1417885,-0.981943,Cube,0.2269295,1.280229,-0.04169798,0.1429245,1.668861,-0.3678045,-0.1872624,-0.2490678,0.9502095,0.1756076,1.668526,-0.356688,-0.2131243,-0.249515,0.944627,0.1102708,1.66925,-0.3788655,-0.1605269,-0.2483153,0.9552857,0.1429392,1.668888,-0.3677768,359.6288,341.2549,359.3993,0,5,False
1,Center_Head_Far,7,23.23999,0.1429468,1.668997,-0.367803,0.1346258,1.336755,-0.3500617,0.5014045,0.2868707,-0.06539565,-0.8136475,0.1867651,1.167079,-0.180291,-0.02906093,0.1464586,0.1645706,-0.9749985,Cube,0.2269295,1.280229,-0.04169798,0.1429337,1.668983,-0.3678037,-0.1903978,-0.2487799,0.9496617,0.1756146,1.668564,-0.3567151,-0.216513,-0.2492861,0.9439166,0.110279,1.669431,-0.378891,-0.1639224,-0.2482398,0.9547284,0.1429468,1.668997,-0.367803,359.5845,341.2573,359.2799,0,5,False
1,Center_Head_Far,8,23.25999,0.1429687,1.669013,-0.3677955,0.1346258,1.336755,-0.3500617,0.5014045,0.2868707,-0.06539565,-0.8136475,0.1867651,1.167079,-0.180291,-0.02906093,0.1464586,0.1645706,-0.9749985,Cube,0.2269295,1.280229,-0.04169798,0.1429468,1.668997,-0.367803,-0.1902949,-0.2487629,0.9496867,0.1756385,1.668563,-0.3567142,-0.2164328,-0.2493297,0.9439235,0.1102988,1.669463,-0.3788767,-0.1638397,-0.2483082,0.9547248,0.1429687,1.669013,-0.3677955,359.5844,341.2691,359.2531,0,5,False
1,Center_Head_Far,9,23.27999,0.1430584,1.669047,-0.3678357,0.1345519,1.336805,-0.3499821,0.5017527,0.2866349,-0.0654221,-0.8135138,0.1842752,1.168496,-0.1816117,-0.02727577,0.1779582,0.1790307,-0.9672306,Cube,0.2269295,1.280229,-0.04169798,0.1430304,1.669029,-0.367838,-0.1906022,-0.2481929,0.9497742,0.1757265,1.668594,-0.3567494,-0.2167951,-0.2485941,0.9440343,0.1103902,1.6695,-0.3789219,-0.1642035,-0.2475846,0.9548503,0.1430584,1.669047,-0.3678357,359.5576,341.2607,359.248,0,5,False
1,Center_Head_Far,10,23.29999,0.143147,1.669151,-0.367745,0.1344216,1.336749,-0.3499453,0.5014735,0.2868262,-0.06517164,-0.8136386,0.1840787,1.169152,-0.1826828,-0.02288172,0.1734147,0.1714691,-0.9695371,Cube,0.2269295,1.280229,-0.04169798,0.1430584,1.669047,-0.3678357,-0.1935538,-0.2481451,0.9491896,0.1758153,1.668711,-0.3566587,-0.2198068,-0.2467674,0.9438171,0.1104788,1.669591,-0.3788314,-0.1672258,-0.2457904,0.9547893,0.143147,1.669151,-0.367745,359.449,341.2619,359.2694,0,5,False
1,Center_Head_Far,11,23.31999,0.143206,1.669372,-0.3676857,0.1343391,1.336646,-0.3498073,0.5005491,0.2871858,-0.06521849,-0.8140771,0.1843356,1.169175,-0.1834819,-0.02140936,0.1635936,0.1655753,-0.9722981,Cube,0.2269295,1.280229,-0.04169798,0.1431831,1.669333,-0.3676175,-0.1938411,-0.2448437,0.949988,0.1758796,1.668893,-0.356617,-0.2196043,-0.2464266,0.9439533,0.1105323,1.669852,-0.3787545,-0.1670163,-0.2455137,0.9548972,0.143206,1.669372,-0.3676857,359.4223,341.2933,359.2036,0,5,False
1,Center_Head_Far,12,23.33999,0.1432518,1.669363,-0.3677211,0.1343425,1.336656,-0.3497947,0.5005934,0.2871368,-0.06528229,-0.814062,0.1840415,1.169133,-0.1837498,-0.02095714,0.1647136,0.1649314,-0.9722283,Cube,0.2269295,1.280229,-0.04169798,0.143206,1.669372,-0.3676857,-0.1897016,-0.2434842,0.9511723,0.1759277,1.668888,-0.3566589,-0.2156927,-0.2442605,0.9454171,0.1105758,1.669839,-0.3787834,-0.1630876,-0.2433055,0.9561406,0.1432518,1.669363,-0.3677211,359.4409,341.3045,359.2095,0,5,False
1,Center_Head_Far,13,23.35999,0.1432856,1.669383,-0.3677396,0.1343424,1.336667,-0.3497826,0.5006582,0.2870969,-0.06531997,-0.8140332,0.1839157,1.169088,-0.1838589,-0.02061352,0.1650758,0.1643997,-0.9722643,Cube,0.2269295,1.280229,-0.04169798,0.1432518,1.669363,-0.3677211,-0.189466,-0.243783,0.9511427,0.1759643,1.668902,-0.3566859,-0.2154727,-0.2444098,0.9454287,0.1106068,1.669864,-0.3787933,-0.1628647,-0.2434621,0.9561387,0.1432856,1.669383,-0.3677396,359.4488,341.3194,359.2007,0,5,False
1,Center_Head_Far,14,23.37999,0.1434447,1.669181,-0.3678095,0.1342597,1.336741,-0.3497139,0.5014271,0.2870559,-0.06504538,-0.8135963,0.1834597,1.168497,-0.184209,-0.01759455,0.1639957,0.1588312,-0.9734313,Cube,0.2269295,1.280229,-0.04169798,0.1433519,1.669257,-0.367794,-0.1874961,-0.2423358,0.9519026,0.176127,1.668728,-0.3567654,-0.2136116,-0.2427407,0.9462807,0.1107623,1.669635,-0.3788537,-0.1609955,-0.241741,0.9568917,0.1434447,1.669181,-0.3678095,359.4579,341.3357,359.247,0,5,False
1,Center_Head_Far,15,23.39999,0.1434956,1.669157,-0.3678236,0.1342434,1.336746,-0.3497112,0.5015475,0.2870786,-0.06494721,-0.8135219,0.1834896,1.168398,-0.1841618,-0.01751131,0.1636526,0.1584683,-0.9735497,Cube,0.2269295,1.280229,-0.04169798,0.1434447,1.669181,-0.3678095,-0.187379,-0.2422409,0.9519498,0.1761779,1.66871,-0.356779,-0.2135857,-0.2426532,0.946309,0.1108133,1.669604,-0.3788683,-0.1609699,-0.2416441,0.9569204,0.1434956,1.669157,-0.3678236,359.4539,341.335,359.2576,0,5,False
1,Center_Head_Far,16,23.41999,0.1434368,1.669161,-0.3678644,0.1342324,1.33672,-0.3497512,0.5014576,0.2870947,-0.06475452,-0.813587,0.1842614,1.167788,-0.1832722,-0.02034947,0.1605848,0.1618684,-0.973446,Cube,0.2269295,1.280229,-0.04169798,0.143511,1.669165,-0.3678357,-0.1876507,-0.2419246,0.9519767,0.1761092,1.668684,-0.3567919,-0.2145818,-0.2430353,0.9459855,0.1107644,1.669639,-0.3789369,-0.1619745,-0.2420718,0.9566428,0.1434368,1.669161,-0.3678644,359.4712,341.2861,359.2065,0,5,False
1,Center_Head_Far,17,23.43999,0.1434201,1.669118,-0.3678992,0.1342485,1.336731,-0.3497652,0.5013683,0.2870054,-0.06482842,-0.8136677,0.1843973,1.16745,-0.1829846,-0.02108106,0.1589455,0.1624506,-0.9736025,Cube,0.2269295,1.280229,-0.04169798,0.1434368,1.669161,-0.3678644,-0.190359,-0.2440669,0.9508916,0.176085,1.668644,-0.3568044,-0.2171394,-0.2454109,0.9447879,0.1107552,1.669591,-0.378994,-0.1645484,-0.2444509,0.9555981,0.1434201,1.669118,-0.3678992,359.5236,341.2462,359.2134,0,5,False
1,Center_Head_Far,18,23.45999,0.1433662,1.66896,-0.3679867,0.1342536,1.336821,-0.3497973,0.501609,0.2869257,-0.06478252,-0.8135511,0.1848448,1.167302,-0.1825772,-0.02035305,0.1565348,0.1610449,-0.9742419,Cube,0.2269295,1.280229,-0.04169798,0.143396,1.669036,-0.3679469,-0.192993,-0.2463631,0.9497678,0.1760212,1.668492,-0.3568624,-0.2194726,-0.2474,0.9437293,0.1107112,1.669427,-0.379111,-0.1668983,-0.2464365,0.95468,0.1433662,1.66896,-0.3679867,359.6105,341.1933,359.2237,0,5,False
1,Center_Head_Far,19,23.47999,0.1433553,1.668917,-0.3680073,0.134245,1.336834,-0.3497977,0.5017115,0.2869199,-0.06474309,-0.8134931,0.184902,1.167345,-0.1825704,-0.02018365,0.1565888,0.160975,-0.9742482,Cube,0.2269295,1.280229,-0.04169798,0.1433662,1.66896,-0.3679867,-0.1932434,-0.2468536,0.9495896,0.176007,1.668448,-0.3568736,-0.2197073,-0.2477703,0.9435776,0.1107035,1.669386,-0.3791411,-0.1671358,-0.2468105,0.9545419,0.1433553,1.668917,-0.3680073,359.6362,341.1764,359.2209,0,5,False
1,Center_Head_Far,20,23.49999,0.1433695,1.668945,-0.3679599,0.1342234,1.336883,-0.3498102,0.5021138,0.2868823,-0.06455539,-0.813273,0.185133,1.167453,-0.182512,-0.01970014,0.1565026,0.1611314,-0.9742461,Cube,0.2269295,1.280229,-0.04169798,0.1433553,1.668917,-0.3680073,-0.1934997,-0.2472906,0.9494237,0.1760227,1.668475,-0.3568306,-0.2196216,-0.2472739,0.9437277,0.1107163,1.669415,-0.3790892,-0.1670482,-0.246319,0.9546841,0.1433695,1.668945,-0.3679599,359.6065,341.1845,359.2192,0,5,False
1,Center_Head_Far,21,23.51999,0.1433844,1.669002,-0.3678742,0.1342328,1.336881,-0.3498107,0.5021608,0.2868778,-0.06448399,-0.8132512,0.1854957,1.167619,-0.1824012,-0.01926082,0.1557586,0.1617299,-0.974275,Cube,0.2269295,1.280229,-0.04169798,0.1433562,1.668904,-0.3679768,-0.2439832,-0.3213696,0.9149829,0.1760362,1.668537,-0.3567406,-0.269924,-0.3207169,0.9078997,0.1107325,1.669467,-0.3790077,-0.2177695,-0.3202474,0.9219642,0.1433844,1.669002,-0.3678742,359.5666,341.1776,359.2281,0,5,False
1,Center_Head_Far,22,23.53999,0.1433974,1.669152,-0.3678004,0.1342759,1.33684,-0.3498027,0.501745,0.2870708,-0.06448667,-0.8134395,0.1858914,1.167777,-0.1822623,-0.01899862,0.1548213,0.1621533,-0.9743592,MathCanvas,-0.6585329,0.6127338,2.639466,0.1433844,1.669002,-0.3678742,-0.2441099,-0.3213632,0.9149514,0.176057,1.668683,-0.3566898,-0.2695977,-0.3204829,0.9080792,0.1107378,1.669622,-0.378911,-0.2174362,-0.3200307,0.9221181,0.1433974,1.669152,-0.3678004,359.499,341.2188,359.2199,0,5,False
1,Center_Head_Far,23,23.55999,0.143394,1.669204,-0.3677661,0.1342759,1.33684,-0.3498027,0.501745,0.2870708,-0.06448667,-0.8134395,0.1859617,1.167801,-0.1822375,-0.01894459,0.1546431,0.1621128,-0.9743953,MathCanvas,-0.6622328,0.6085647,2.651793,0.1433959,1.669182,-0.3677849,-0.288994,-0.4709078,0.8335037,0.1760562,1.668735,-0.3566631,-0.3144871,-0.4703391,0.8245478,0.1107318,1.669673,-0.3788692,-0.2632089,-0.4710476,0.8419235,0.143394,1.669204,-0.3677661,359.4724,341.2324,359.2206,0,5,False
1,Center_Head_Far,24,23.57999,0.1433922,1.669226,-0.3677472,0.1342759,1.33684,-0.3498027,0.501745,0.2870708,-0.06448667,-0.8134395,0.1859617,1.167801,-0.1822375,-0.01894459,0.1546431,0.1621128,-0.9743953,MathCanvas,-0.8242526,0.0924502,2.423077,0.143394,1.669204,-0.3677661,-0.2889786,-0.4706934,0.8336301,0.1760551,1.668756,-0.3566463,-0.3144722,-0.4701234,0.8246764,0.1107293,1.669695,-0.3788481,-0.2631929,-0.4708326,0.8420488,0.1433922,1.669226,-0.3677472,359.4583,341.2364,359.2199,0,5,False
1,Center_Head_Far,25,23.59999,0.1437514,1.669062,-0.3678209,0.1345664,1.336753,-0.3497967,0.5011714,0.2865063,-0.0649441,-0.8139556,0.1865366,1.167714,-0.1820508,-0.01872173,0.1525957,0.1605518,-0.9749807,MathCanvas,-0.8255599,0.0909797,2.427434,0.1437194,1.669029,-0.3678393,-0.2882741,-0.4706273,0.8339113,0.1764354,1.668606,-0.3567815,-0.3138925,-0.4698218,0.8250691,0.1110675,1.669518,-0.3788604,-0.2625986,-0.4705399,0.8423979,0.1437514,1.669062,-0.3678209,359.5278,341.3431,359.2422,0,5,False
1,Center_Head_Far,26,23.61999,0.1437727,1.669073,-0.3678105,0.1345701,1.336746,-0.3497983,0.5011726,0.286503,-0.0649638,-0.8139545,0.1865587,1.167675,-0.1820508,-0.01870322,0.1524946,0.160421,-0.9750183,MathCanvas,-0.8232722,0.09032965,2.429558,0.1437514,1.669062,-0.3678209,-0.2883757,-0.4701811,0.8341278,0.17646,1.668607,-0.3567812,-0.3138009,-0.4695469,0.8252605,0.1110855,1.669538,-0.3788398,-0.2625018,-0.4702798,0.8425733,0.1437727,1.669073,-0.3678105,359.5105,341.3613,359.2265,0,5,False
1,Center_Head_Far,27,23.63999,0.1438009,1.669079,-0.3678018,0.1345701,1.336746,-0.3497983,0.5011726,0.286503,-0.0649638,-0.8139545,0.1865587,1.167675,-0.1820508,-0.01870322,0.1524946,0.160421,-0.9750183,MathCanvas,-0.8232722,0.09032965,2.429558,0.1437727,1.669073,-0.3678105,-0.2882811,-0.4699134,0.8343114,0.1764913,1.668609,-0.356782,-0.3136443,-0.4693955,0.8254061,0.1111105,1.66955,-0.3788215,-0.2623402,-0.4701359,0.8427039,0.1438009,1.669079,-0.3678018,359.501,341.3782,359.2186,0,5,False
1,Center_Head_Far,28,23.65999,0.1437447,1.669281,-0.3677998,0.1345897,1.336727,-0.3498317,0.5012949,0.2867694,-0.06480837,-0.8137977,0.1868208,1.167171,-0.1819871,-0.01975885,0.1504627,0.159473,-0.9754686,MathCanvas,-0.8232722,0.09032965,2.429558,0.1437566,1.669201,-0.367788,-0.2891786,-0.4691522,0.8344292,0.1764381,1.668783,-0.3567902,-0.3144577,-0.4688688,0.8253959,0.1110514,1.66978,-0.3788093,-0.2631595,-0.4696703,0.8427081,0.1437447,1.669281,-0.3677998,359.4729,341.3965,359.1717,0,5,False
1,Center_Head_Far,29,23.67999,0.1437709,1.669228,-0.3678275,0.1346796,1.336685,-0.349836,0.500936,0.286717,-0.06510212,-0.8140137,0.1869786,1.166745,-0.18202,-0.02078608,0.14884,0.1591533,-0.9757484,MathCanvas,-0.8232722,0.09032965,2.429558,0.1437447,1.669281,-0.3677998,-0.288938,-0.4692696,0.8344464,0.1764704,1.668761,-0.3568347,-0.3135634,-0.4692551,0.8255166,0.1110714,1.669695,-0.3788203,-0.2622555,-0.4700067,0.8428023,0.1437709,1.669228,-0.3678275,359.4959,341.4255,359.2246,0,5,False
1,Center_Head_Far,30,23.69999,0.1438234,1.669218,-0.367869,0.1347479,1.336623,-0.3498873,0.5007903,0.2867092,-0.065176,-0.8141001,0.1869587,1.166689,-0.182305,-0.02060864,0.1498673,0.1592774,-0.9755746,MathCanvas,-0.8232722,0.09032965,2.429558,0.1438304,1.669195,-0.3678487,-0.2978858,-0.4354045,0.8495216,0.1765268,1.668791,-0.3568862,-0.3234274,-0.4344897,0.840603,0.11112,1.669646,-0.3788519,-0.2722071,-0.4353145,0.8581402,0.1438234,1.669218,-0.367869,359.4737,341.4428,359.2899,0,5,False
1,Center_Head_Far,31,23.71999,0.143826,1.669217,-0.3678854,0.1347479,1.336623,-0.3498873,0.5007903,0.2867092,-0.065176,-0.8141001,0.1869587,1.166689,-0.182305,-0.02060864,0.1498673,0.1592774,-0.9755746,MathCanvas,-0.8232722,0.09032965,2.429558,0.1438234,1.669218,-0.367869,-0.2979467,-0.4349022,0.8497576,0.1765316,1.6688,-0.3569086,-0.32316,-0.4343587,0.8407735,0.1111205,1.669633,-0.3788621,-0.2719362,-0.4351663,0.8583012,0.143826,1.669217,-0.3678854,359.4645,341.4535,359.308,0,5,False
1,Center_Head_Far,32,23.73999,0.1438119,1.669228,-0.3679236,0.1347454,1.336617,-0.3498992,0.500845,0.2867023,-0.06514922,-0.8140711,0.1869597,1.166694,-0.1823391,-0.02054933,0.1499378,0.1592277,-0.9755731,MathCanvas,-0.8232722,0.09032965,2.429558,0.1438286,1.669215,-0.3679017,-0.2974069,-0.4346224,0.8500897,0.1765217,1.668836,-0.3569586,-0.3226084,-0.4340574,0.8411408,0.1111021,1.66962,-0.3788887,-0.2713777,-0.4348264,0.8586502,0.1438119,1.669228,-0.3679236,359.4436,341.4741,359.3489,0,5,False
1,Center_Head_Far,33,23.75999,0.1438113,1.669229,-0.3679409,0.1347454,1.336617,-0.3498992,0.500845,0.2867023,-0.06514922,-0.8140711,0.1869597,1.166694,-0.1823391,-0.02054933,0.1499378,0.1592277,-0.9755731,MathCanvas,-0.8232722,0.09032965,2.429558,0.1438119,1.669228,-0.3679236,-0.3029543,-0.3670188,0.8794975,0.1765232,1.668848,-0.3569818,-0.3282124,-0.3665305,0.8705929,0.1110993,1.669609,-0.3789,-0.2769314,-0.3671983,0.8879609,0.1438113,1.669229,-0.3679409,359.4339,341.4845,359.3678,0,5,False
1,Center_Head_Far,34,23.77999,0.1434946,1.669219,-0.3684055,0.1350257,1.336493,-0.3500777,0.5005753,0.2866516,-0.06523709,-0.8142477,0.1869846,1.166334,-0.1828112,-0.0209963,0.1498413,0.1584144,-0.9757109,MathCanvas,-0.859315,0.4539751,2.544205,0.1435339,1.669384,-0.3680799,-0.3051271,-0.3665482,0.8789425,0.1761571,1.66891,-0.3572978,-0.3312154,-0.3684667,0.8686361,0.1108321,1.669528,-0.3795131,-0.2800124,-0.3690221,0.8862369,0.1434946,1.669219,-0.3684055,359.5489,341.2223,359.4872,0,5,False
1,Center_Head_Far,35,23.79999,0.1434413,1.669208,-0.3684958,0.1350257,1.336493,-0.3500777,0.5005753,0.2866516,-0.06523709,-0.8142477,0.1869846,1.166334,-0.1828112,-0.0209963,0.1498413,0.1584144,-0.9757109,MathCanvas,-0.8664676,0.4559549,2.540869,0.1434946,1.669219,-0.3684055,-0.3057404,-0.3687443,0.87781,0.1760975,1.668921,-0.3573687,-0.3314733,-0.3688326,0.8683825,0.1107852,1.669496,-0.3796228,-0.2802805,-0.3693546,0.8860136,0.1434413,1.669208,-0.3684958,359.5701,341.1879,359.5225,0,5,False
1,Center_Head_Far,36,23.81999,0.1434139,1.669212,-0.3686847,0.135149,1.33654,-0.3501287,0.5007132,0.2864458,-0.06533799,-0.8142273,0.1870148,1.166263,-0.1828777,-0.02106372,0.1496084,0.1579154,-0.975826,MathCanvas,-0.8664676,0.4559549,2.540869,0.1434413,1.669208,-0.3684958,-0.3080994,-0.2218716,0.9251204,0.1760557,1.66896,-0.3575152,-0.3347217,-0.2206757,0.9161133,0.110772,1.669464,-0.3798543,-0.2833488,-0.220968,0.9332131,0.1434139,1.669212,-0.3686847,359.5089,341.1134,359.5821,0,5,False
1,Center_Head_Far,37,23.83999,0.1430978,1.669362,-0.3689998,0.1352346,1.336663,-0.3502037,0.5009508,0.2865895,-0.06507444,-0.8140517,0.1870214,1.166123,-0.1828801,-0.02187902,0.1496602,0.1576194,-0.975848,MathCanvas,-0.8818025,0.930923,2.7097,0.1432125,1.6693,-0.3688589,-0.3114783,-0.2150258,0.9256053,0.1757208,1.669139,-0.3577747,-0.3377555,-0.2145022,0.916466,0.1104747,1.669585,-0.3802249,-0.286433,-0.2147676,0.9337189,0.1430978,1.669362,-0.3689998,359.3949,341.0164,359.6297,0,5,False
1,Center_Head_Far,38,23.85999,0.1429852,1.669408,-0.3691385,0.135254,1.336671,-0.3502137,0.5009742,0.2865906,-0.06505903,-0.8140381,0.1870214,1.166123,-0.1828801,-0.02187902,0.1496602,0.1576194,-0.975848,MathCanvas,-0.8938807,0.9534948,2.71254,0.1430978,1.669362,-0.3689998,-0.3122137,-0.2146349,0.9254483,0.1756006,1.669215,-0.3578905,-0.3382383,-0.2142203,0.9163539,0.1103699,1.6696,-0.3803866,-0.2869279,-0.214438,0.9336427,0.1429852,1.669408,-0.3691385,359.3773,340.9757,359.6804,0,5,False
1,Center_Head_Far,39,23.87999,0.1427165,1.669715,-0.3694546,0.1354461,1.33672,-0.3502151,0.5006561,0.2863023,-0.06525721,-0.8143194,0.1867658,1.165732,-0.1826978,-0.02444646,0.148838,0.1559435,-0.976182,MathCanvas,-0.8955305,0.9554683,2.709178,0.1428468,1.669561,-0.369291,-0.3141527,-0.2020171,0.9276299,0.1753041,1.669708,-0.3581251,-0.3403795,-0.2007602,0.9186061,0.1101288,1.669722,-0.3807842,-0.2891114,-0.2006922,0.936022,0.1427165,1.669715,-0.3694546,359.2149,340.8294,359.9884,0,5,False
1,Center_Head_Far,40,23.89999,0.1425934,1.669802,-0.3695972,0.1354461,1.33672,-0.3502151,0.5006561,0.2863023,-0.06525721,-0.8143194,0.1867658,1.165732,-0.1826978,-0.02444646,0.148838,0.1559435,-0.976182,MathCanvas,-0.9036869,0.9968209,2.720364,0.1427165,1.669715,-0.3694546,-0.3148656,-0.2007262,0.9276684,0.1751699,1.66985,-0.3582356,-0.3410328,-0.2000054,0.9185284,0.1100169,1.669754,-0.3809587,-0.2897821,-0.199851,0.9359946,0.1425934,1.669802,-0.3695972,359.1689,340.7718,0.0800294,0,5,False
1,Center_Head_Far,41,23.91999,0.1420649,1.66995,-0.370099,0.1357275,1.336951,-0.350075,0.5004734,0.2859552,-0.06520088,-0.8145581,0.1864221,1.165233,-0.1826785,-0.02698201,0.1490309,0.1532853,-0.9765067,MathCanvas,-0.9054367,1.001685,2.718148,0.1424711,1.669882,-0.3697377,-0.316191,-0.1991286,0.9275619,0.174607,1.670173,-0.3586413,-0.3428693,-0.1990654,0.9180488,0.1095228,1.669727,-0.3815567,-0.2916719,-0.1986371,0.935666,0.1420649,1.66995,-0.370099,359.1083,340.5977,0.3703381,0,5,False
1,Center_Head_Far,42,23.93999,0.141637,1.670107,-0.3703528,0.1358009,1.337043,-0.3500066,0.5008426,0.2857174,-0.06515177,-0.8144186,0.1864657,1.165249,-0.1827284,-0.02648813,0.149119,0.153556,-0.9764643,MathCanvas,-0.9102571,1.007226,2.716939,0.1420649,1.66995,-0.370099,-0.3122705,-0.1780281,0.933163,0.1741579,1.670431,-0.3588374,-0.3390367,-0.1772286,0.9239286,0.1091162,1.669782,-0.3818682,-0.2877562,-0.1765836,0.9412835,0.141637,1.670107,-0.3703528,359.0456,340.4923,0.5385085,0,5,False
1,Center_Head_Far,43,23.95999,0.1412655,1.670263,-0.3704981,0.135951,1.337205,-0.3498715,0.5014229,0.2852562,-0.06507932,-0.8142289,0.1864349,1.165157,-0.1827661,-0.02651167,0.1492057,0.1533604,-0.9764811,MathCanvas,-0.9002857,1.076097,2.743242,0.141637,1.670107,-0.3703528,-0.313517,-0.1769061,0.9329584,0.1737539,1.670706,-0.3588954,-0.3410693,-0.1756751,0.9234771,0.108777,1.66982,-0.3821009,-0.2898383,-0.1748447,0.9409692,0.1412655,1.670263,-0.3704981,358.953,340.3332,0.7360836,0,5,False
1,Center_Head_Far,44,23.97999,0.1403839,1.670482,-0.3709485,0.1360518,1.337273,-0.3498097,0.5013381,0.285112,-0.06509445,-0.8143303,0.1863841,1.165032,-0.182785,-0.02710417,0.1492129,0.1527769,-0.9765552,MathCanvas,-0.9045455,1.08015,2.741609,0.1408014,1.670364,-0.3707341,-0.3178081,-0.1673524,0.9332691,0.1728106,1.671145,-0.3591847,-0.3449452,-0.1667827,0.9236863,0.1079572,1.669818,-0.3827123,-0.293801,-0.1656099,0.9414108,0.1403839,1.670482,-0.3709485,358.8079,340.0372,1.102187,0,5,False
1,Center_Head_Far,45,23.99999,0.1397384,1.670612,-0.3712423,0.1362166,1.337358,-0.3497374,0.5009859,0.2849146,-0.06517106,-0.8146101,0.1863135,1.164845,-0.1828254,-0.02800131,0.1489822,0.151907,-0.9767008,MathCanvas,-0.9211487,1.111497,2.746327,0.1403839,1.670482,-0.3709485,-0.3194962,-0.1661964,0.9328992,0.1721112,1.671396,-0.3593384,-0.3485151,-0.1654889,0.9225783,0.1073656,1.669827,-0.3831461,-0.2974526,-0.1641269,0.9405234,0.1397384,1.670612,-0.3712423,358.731,339.782,1.303621,0,5,False
1,Center_Head_Far,46,24.01999,0.1382336,1.670953,-0.371889,0.1365949,1.337514,-0.3496165,0.5006815,0.2843157,-0.06546327,-0.814983,0.1861656,1.1643,-0.1828921,-0.03028649,0.1479647,0.1496179,-0.9771406,MathCanvas,-0.9268274,1.115803,2.743031,0.13915,1.670734,-0.3714472,-0.3252977,-0.1569865,0.9324895,0.1704658,1.672029,-0.3596317,-0.3565864,-0.1560759,0.9211332,0.1060014,1.669876,-0.3841463,-0.3057075,-0.1542491,0.9395478,0.1382336,1.670953,-0.371889,358.5501,339.1338,1.788743,0,5,False
1,Center_Head_Far,47,24.03999,0.1368949,1.671168,-0.3725256,0.1368939,1.337654,-0.3494883,0.5005646,0.2837714,-0.06584158,-0.815214,0.1860838,1.164003,-0.1830411,-0.03189585,0.1489358,0.1491352,-0.9770156,MathCanvas,-0.9492652,1.146133,2.745505,0.1382336,1.670953,-0.371889,-0.331275,-0.1551626,0.9306887,0.1689773,1.672428,-0.3598983,-0.3665945,-0.1545669,0.9174517,0.1048125,1.669909,-0.3851529,-0.3159416,-0.152455,0.9364499,0.1368949,1.671168,-0.3725256,358.4612,338.4597,2.092387,0,5,False
1,Center_Head_Far,48,24.05999,0.1333591,1.6713,-0.3742712,0.1372832,1.337964,-0.3492235,0.5005194,0.283224,-0.06610698,-0.8154106,0.1858607,1.163537,-0.1835856,-0.03352913,0.1519017,0.1469316,-0.9768382,MathCanvas,-0.9702975,1.152582,2.738036,0.135154,1.67125,-0.3734004,-0.3522263,-0.1458404,0.9244821,0.1650105,1.672691,-0.3606121,-0.3918709,-0.1461639,0.9083354,0.1017077,1.66991,-0.3879303,-0.3417734,-0.1438141,0.9287133,0.1333591,1.6713,-0.3742712,358.3418,336.5906,2.311161,0,5,False
1,Center_Head_Far,49,24.07999,0.1316858,1.671414,-0.3750688,0.1373237,1.338006,-0.3491911,0.5005906,0.2831389,-0.06613586,-0.815394,0.1858452,1.1634,-0.1836852,-0.03388563,0.1518841,0.145953,-0.9769753,MathCanvas,-1.046389,1.182822,2.722192,0.1333591,1.6713,-0.3742712,-0.3669637,-0.1449892,0.9188666,0.163144,1.672858,-0.3609758,-0.4042164,-0.1454021,0.9030323,0.1002276,1.669969,-0.3891617,-0.3544076,-0.1429692,0.9240968,0.1316858,1.671414,-0.3750688,358.2979,335.7968,2.400146,0,5,False
1,Center_Head_Far,50,24.09999,0.1284489,1.671936,-0.3769828,0.137368,1.338454,-0.3491065,0.5006872,0.2833653,-0.06638427,-0.8152359,0.1860429,1.162785,-0.1839619,-0.03607062,0.1518451,0.1459344,-0.9769059,MathCanvas,-1.097461,1.185772,2.702678,0.1299834,1.67164,-0.3760418,-0.3961617,-0.1442567,0.9067777,0.1594244,1.673278,-0.361849,-0.4344231,-0.1454792,0.8888826,0.09747341,1.670594,-0.3921167,-0.3853367,-0.1432064,0.9115962,0.1284489,1.671936,-0.3769828,358.3021,333.8949,2.230434,0,5,False
1,Center_Head_Far,51,24.11999,0.1267462,1.672155,-0.377958,0.137368,1.338454,-0.3491065,0.5006872,0.2833653,-0.06638427,-0.8152359,0.1860429,1.162785,-0.1839619,-0.03607062,0.1518451,0.1459344,-0.9769059,MathCanvas,-1.201106,1.187797,2.666246,0.1284489,1.671936,-0.3769828,-0.4073814,-0.1369709,0.9029282,0.1575043,1.673518,-0.3623889,-0.4443113,-0.1376721,0.8852309,0.09598809,1.670792,-0.3935271,-0.3954702,-0.1353483,0.9084514,0.1267462,1.672155,-0.377958,358.2765,333.0843,2.265058,0,5,False
1,Center_Head_Far,52,24.13999,0.1256199,1.672151,-0.3788782,0.137057,1.339257,-0.3492927,0.5014631,0.2848875,-0.06591471,-0.814266,0.1859934,1.161749,-0.1840698,-0.04095876,0.1515871,0.1461588,-0.9767197,MathCanvas,-1.242702,1.211716,2.657313,0.1267462,1.672155,-0.377958,-0.4200514,-0.1365102,0.8971744,0.1561753,1.673565,-0.3629193,-0.4553266,-0.1381798,0.8795363,0.09506445,1.670738,-0.3948371,-0.4067885,-0.1357762,0.9033758,0.1256199,1.672151,-0.3788782,358.3063,332.3528,2.348938,0,5,False
1,Center_Head_Far,53,24.15999,0.1228975,1.671871,-0.3810028,0.1365535,1.339946,-0.3495638,0.5027403,0.2863467,-0.06529802,-0.8130153,0.1854573,1.160578,-0.1841494,-0.04599095,0.1511137,0.1439603,-0.9768956,MathCanvas,-1.287777,1.212819,2.639952,0.124317,1.671901,-0.3799595,-0.4415675,-0.1377785,0.8865862,0.1530354,1.673402,-0.3642792,-0.4768867,-0.139205,0.8678715,0.09275965,1.670339,-0.3977265,-0.4289744,-0.1366146,0.8929263,0.1228975,1.671871,-0.3810028,358.3666,330.9013,2.545452,0,5,False
1,Center_Head_Far,54,24.17999,0.1218073,1.671528,-0.3820808,0.1354584,1.340704,-0.3500943,0.504588,0.2889241,-0.0641086,-0.8110511,0.1848108,1.160193,-0.1843257,-0.04686293,0.1525411,0.1422001,-0.9768901,MathCanvas,-1.365892,1.207337,2.608212,0.1228975,1.671871,-0.3810028,-0.453104,-0.1379099,0.8807257,0.1517932,1.672978,-0.365079,-0.4849637,-0.1408435,0.8631184,0.09182143,1.670079,-0.3990827,-0.4372789,-0.1383797,0.8886159,0.1218073,1.671528,-0.3820808,358.4607,330.3822,2.408699,0,5,False
1,Center_Head_Far,55,24.19999,0.1205086,1.671846,-0.3835832,0.1322011,1.34086,-0.3517328,0.5056272,0.2980613,-0.05892069,-0.8074832,0.1825723,1.159725,-0.184903,-0.04585937,0.1596582,0.1405923,-0.9760328,MathCanvas,-1.406236,1.206442,2.588069,0.1210959,1.671585,-0.3828503,-0.4079172,-0.1411628,0.9020403,0.1503927,1.672997,-0.3663806,-0.4353812,-0.1417135,0.8890222,0.0906244,1.670696,-0.4007859,-0.3865139,-0.139236,0.9117128,0.1205086,1.671846,-0.3835832,358.3736,330.0191,1.9116,0,5,False
1,Center_Head_Far,56,24.21999,0.1197046,1.67192,-0.3844546,0.1315391,1.341035,-0.3520734,0.5060789,0.2999209,-0.05792157,-0.8065833,0.1821567,1.159447,-0.185022,-0.04653001,0.1607606,0.1400032,-0.9759048,MathCanvas,-1.24649,1.198786,2.639304,0.1205086,1.671846,-0.3835832,-0.4111042,-0.1404749,0.9006998,0.149459,1.673007,-0.3670245,-0.4423635,-0.1416508,0.8855787,0.08995013,1.670833,-0.4018847,-0.3936658,-0.1392733,0.9086419,0.1197046,1.67192,-0.3844546,358.3628,329.5868,1.805701,0,5,False
1,Center_Head_Far,57,24.23999,0.1192137,1.672529,-0.3856713,0.1288575,1.340656,-0.3537227,0.5046536,0.3078952,-0.05407683,-0.8047367,0.1792936,1.158171,-0.1851458,-0.04824615,0.1656,0.136849,-0.9754596,MathCanvas,-1.256793,1.201569,2.631353,0.1196141,1.672353,-0.3849425,-0.3970371,-0.1397725,0.9070972,0.148937,1.673705,-0.368194,-0.4253974,-0.14004,0.8941062,0.08949044,1.671353,-0.4031487,-0.3763932,-0.1373791,0.9162178,0.1192137,1.672529,-0.3856713,358.1494,329.4813,1.954781,0,5,False
1,Center_Head_Far,58,24.25999,0.1187634,1.67274,-0.3863871,0.1280115,1.340732,-0.3542071,0.504767,0.3103453,-0.05281122,-0.8038079,0.1790428,1.158035,-0.1851842,-0.04850909,0.1661338,0.1365379,-0.9753993,MathCanvas,-1.208569,1.205098,2.647868,0.1192137,1.672529,-0.3856713,-0.401048,-0.1387096,0.9054944,0.1484025,1.673898,-0.3687661,-0.4298593,-0.1392313,0.8920963,0.08912424,1.671582,-0.404008,-0.3809606,-0.1366038,0.9144443,0.1187634,1.67274,-0.3863871,358.0997,329.2041,1.924249,0,5,False
1,Center_Head_Far,59,24.27999,0.1183215,1.672719,-0.3873476,0.126443,1.340688,-0.3553892,0.5039034,0.3143443,-0.05176798,-0.8028631,0.1761064,1.156727,-0.1849503,-0.05145717,0.1684309,0.1333811,-0.9752911,MathCanvas,-1.221557,1.209167,2.639815,0.1187634,1.67274,-0.3863871,-0.4055642,-0.1379177,0.9036019,0.1479438,1.674116,-0.3697157,-0.4297695,-0.1361347,0.8926172,0.08869918,1.671323,-0.4049795,-0.3808977,-0.1331519,0.9149795,0.1183215,1.672719,-0.3873476,357.9553,329.155,2.321265,0,5,False
1,Center_Head_Far,60,24.29999,0.1168233,1.672272,-0.3896791,0.1236954,1.340822,-0.3572544,0.5059727,0.3205488,-0.04837399,-0.7993122,0.171045,1.155808,-0.1848578,-0.05485415,0.173073,0.1297356,-0.9747849,MathCanvas,-1.237091,1.211792,2.632529,0.1173689,1.672267,-0.388752,-0.4548018,-0.07255552,0.8876323,0.1463021,1.673541,-0.3717987,-0.4822513,-0.07297058,0.8729886,0.08734451,1.671003,-0.4075594,-0.4343804,-0.07072771,0.8979483,0.1168233,1.672272,-0.3896791,357.9636,328.6861,2.108698,0,5,False
1,Center_Head_Far,61,24.31999,0.1163378,1.672302,-0.3905607,0.1224257,1.340809,-0.358106,0.5068533,0.3236392,-0.04619319,-0.7976363,0.1689967,1.155677,-0.1850149,-0.05545414,0.1759963,0.1286656,-0.9743692,MathCanvas,-1.43402,1.424863,2.637086,0.1168233,1.672272,-0.3896791,-0.4585906,-0.07215699,0.8857133,0.1457418,1.67354,-0.3725555,-0.4861215,-0.07290825,0.8708446,0.08693384,1.671065,-0.408566,-0.4383563,-0.07074896,0.8960125,0.1163378,1.672302,-0.3905607,357.941,328.4452,2.056272,0,5,False
1,Center_Head_Far,62,24.33999,0.1156878,1.672954,-0.3918017,0.1203392,1.340318,-0.3602937,0.5060036,0.329209,-0.04026015,-0.7962166,0.1627834,1.157742,-0.1866055,-0.05186498,0.1868971,0.1320844,-0.9720768,MathCanvas,-1.445827,1.426503,2.626575,0.1161526,1.672852,-0.3910498,-0.4680058,-0.06812184,0.8810959,0.1448797,1.674284,-0.3734609,-0.4961488,-0.06824224,0.8655515,0.08649594,1.671625,-0.4101424,-0.4486791,-0.06592055,0.8912584,0.1156878,1.672954,-0.3918017,357.696,327.7707,2.210315,0,5,False
1,Center_Head_Far,63,24.35999,0.1152404,1.673032,-0.3925417,0.1193691,1.340267,-0.361119,0.5059544,0.3317414,-0.03835659,-0.7952902,0.1608047,1.157726,-0.1868711,-0.05214378,0.1898353,0.1316529,-0.9715509,MathCanvas,-1.481279,1.440504,2.614743,0.1156878,1.672954,-0.3918017,-0.4725893,-0.06708144,0.8787261,0.144337,1.674377,-0.3740514,-0.5006438,-0.06712806,0.8630466,0.08614373,1.671686,-0.411032,-0.4533076,-0.06478509,0.8889967,0.1152404,1.673032,-0.3925417,357.6331,327.4725,2.237192,0,5,False
1,Center_Head_Far,64,24.37999,0.1150858,1.672614,-0.3937575,0.1187269,1.340286,-0.362267,0.5066899,0.3326355,-0.03614896,-0.7945516,0.1556756,1.158895,-0.1885389,-0.05149818,0.1947683,0.1321253,-0.9705443,MathCanvas,-1.496345,1.444276,2.604018,0.1150987,1.672707,-0.3932169,-0.4873953,-0.07373713,0.8700625,0.1440059,1.673983,-0.374994,-0.5136523,-0.07650533,0.8545807,0.08616562,1.671246,-0.412521,-0.4667194,-0.07412077,0.881294,0.1150858,1.672614,-0.3937575,357.7932,326.9367,2.274375,0,5,False
1,Center_Head_Far,65,24.39999,0.1151187,1.672764,-0.3940642,0.1186353,1.340355,-0.3626215,0.5074836,0.3321457,-0.03575969,-0.7942675,0.1537152,1.159567,-0.1895636,-0.05060563,0.1967966,0.1340466,-0.9699184,MathCanvas,-1.545924,1.421324,2.571355,0.1150858,1.672614,-0.3937575,-0.4956571,-0.07749856,0.8650538,0.1440095,1.674092,-0.3752526,-0.5202774,-0.07936637,0.8503014,0.08622789,1.671435,-0.4128757,-0.473538,-0.07706174,0.8773957,0.1151187,1.672764,-0.3940642,357.8306,326.8472,2.208041,0,5,False
1,Center_Head_Far,66,24.41999,0.1155122,1.673154,-0.3943598,0.1184584,1.340189,-0.3634275,0.5088152,0.3317366,-0.03414597,-0.7936574,0.1505892,1.160516,-0.1918081,-0.05025301,0.2010082,0.1376422,-0.9685685,MathCanvas,-1.571385,1.40907,2.549334,0.1150193,1.672784,-0.3945502,-0.4996192,-0.078349,0.8626947,0.1443951,1.674476,-0.3755358,-0.5199162,-0.07827978,0.8506229,0.08662922,1.671831,-0.4131838,-0.4731609,-0.07599835,0.8776919,0.1155122,1.673154,-0.3943598,357.7691,326.8207,2.198959,0,5,False
1,Center_Head_Far,67,24.43999,0.115782,1.673249,-0.3944531,0.118289,1.340141,-0.3638725,0.5091035,0.3318098,-0.03338206,-0.7934744,0.1490856,1.160804,-0.192781,-0.05016447,0.2030075,0.1384112,-0.9680464,MathCanvas,-1.583809,1.40667,2.539866,0.1155122,1.673154,-0.3943598,-0.4975689,-0.07711908,0.8639895,0.1446581,1.674569,-0.3756183,-0.5210994,-0.07786839,0.8499365,0.08690599,1.671929,-0.4132878,-0.4743812,-0.0755813,0.8770689,0.115782,1.673249,-0.3944531,357.7462,326.7988,2.194128,0,5,False
1,Center_Head_Far,68,24.45999,0.116312,1.673033,-0.3944101,0.1187427,1.340162,-0.3637973,0.5087454,0.3303807,-0.03423779,-0.7942635,0.1482445,1.160901,-0.1939286,-0.05021969,0.2038277,0.1389146,-0.9677991,MathCanvas,-1.574262,1.411306,2.540177,0.115782,1.673249,-0.3944531,-0.4979254,-0.07672489,0.8638192,0.1452651,1.6743,-0.3756903,-0.5177663,-0.07812119,0.8519479,0.08735891,1.671765,-0.4131298,-0.4709367,-0.07591543,0.8788944,0.116312,1.673033,-0.3944101,357.7581,327.0327,2.10706,0,5,False
1,Center_Head_Far,69,24.47999,0.117559,1.67279,-0.3941773,0.1190729,1.34019,-0.363678,0.5086482,0.3292999,-0.03503609,-0.7947397,0.1462581,1.161081,-0.1959052,-0.05039719,0.2055424,0.1401619,-0.9672472,MathCanvas,-1.574203,1.412543,2.538358,0.1169926,1.672876,-0.3942703,-0.4832399,-0.07787778,0.8720174,0.1466287,1.673945,-0.3756319,-0.5053555,-0.07922201,0.859267,0.0884892,1.671635,-0.4127227,-0.4581556,-0.077154,0.8855171,0.117559,1.67279,-0.3941773,357.8336,327.3911,1.919191,0,5,False
1,Center_Head_Far,70,24.49999,0.1182349,1.672651,-0.3940272,0.1190729,1.34019,-0.363678,0.5086482,0.3292999,-0.03503609,-0.7947397,0.1448126,1.161291,-0.1968085,-0.05036706,0.2072056,0.1408316,-0.9667965,MathCanvas,-1.519365,1.408987,2.559689,0.117559,1.67279,-0.3941773,-0.4819344,-0.07818805,0.8727118,0.1473595,1.673763,-0.3755654,-0.5028903,-0.08004136,0.8606362,0.08911026,1.67154,-0.4124889,-0.4556125,-0.07803824,0.8867509,0.1182349,1.672651,-0.3940272,357.878,327.5614,1.847469,0,5,False
1,Center_Head_Far,71,24.51999,0.1203111,1.672718,-0.3929399,0.1195894,1.34012,-0.3639451,0.5087711,0.3276718,-0.03537118,-0.7953188,0.1467899,1.160638,-0.1981539,-0.05209652,0.2029102,0.144316,-0.967102,MathCanvas,-1.512544,1.408077,2.559071,0.1194897,1.672731,-0.3932762,-0.4075156,-0.1224658,0.9049492,0.1497495,1.673837,-0.3749833,-0.4278416,-0.1245046,0.8952374,0.09087269,1.671598,-0.4108966,-0.3789405,-0.1219231,0.9173542,0.1203111,1.672718,-0.3929399,358.0283,328.5538,1.860624,0,5,False
1,Center_Head_Far,72,24.53999,0.1211408,1.672705,-0.3925968,0.1195894,1.34012,-0.3639451,0.5087711,0.3276718,-0.03537118,-0.7953188,0.1467899,1.160638,-0.1981539,-0.05209652,0.2029102,0.144316,-0.967102,MathCanvas,-1.240418,1.263794,2.628762,0.1203111,1.672718,-0.3929399,-0.4035434,-0.123214,0.9066262,0.1506584,1.673804,-0.3747692,-0.423903,-0.1252435,0.8970063,0.09162329,1.671605,-0.4104243,-0.3749044,-0.1226881,0.9189093,0.1211408,1.672705,-0.3925968,358.0677,328.8079,1.827475,0,5,False
1,Center_Head_Far,73,24.55999,0.122731,1.672739,-0.3919474,0.1196825,1.340112,-0.3640208,0.5087276,0.327411,-0.03540712,-0.7954525,0.1467899,1.160638,-0.1981539,-0.05209652,0.2029102,0.144316,-0.967102,MathCanvas,-1.226513,1.261225,2.635127,0.1219114,1.672741,-0.3922867,-0.3952052,-0.1245185,0.9101143,0.1524135,1.673797,-0.3743934,-0.4156018,-0.1264897,0.9007083,0.09304847,1.671681,-0.4095015,-0.3664003,-0.1239911,0.9221589,0.122731,1.672739,-0.3919474,358.133,329.3429,1.758254,0,5,False
1,Center_Head_Far,74,24.57999,0.1234246,1.672653,-0.3919731,0.1221804,1.339674,-0.3645748,0.5066404,0.3209756,-0.0386119,-0.7992492,0.1505481,1.158675,-0.2011006,-0.05595175,0.1962974,0.1470983,-0.967832,MathCanvas,-1.197391,1.256804,2.648148,0.122731,1.672739,-0.3919474,-0.3911482,-0.1252405,0.9117664,0.1532629,1.673345,-0.3746665,-0.4091151,-0.1276242,0.9035136,0.09358645,1.67196,-0.4092797,-0.3597134,-0.12569,0.9245585,0.1234246,1.672653,-0.3919731,358.1367,329.8482,1.150528,0,5,False
1,Center_Head_Far,75,24.59999,0.1242621,1.672881,-0.3917549,0.123501,1.339551,-0.3644124,0.505793,0.3174507,-0.04075044,-0.8010855,0.1531821,1.157552,-0.2024065,-0.05699349,0.1930914,0.1470738,-0.9684197,MathCanvas,-1.183854,1.254079,2.655292,0.1234246,1.672653,-0.3919731,-0.3845584,-0.1266572,0.9143702,0.1541898,1.673524,-0.3746016,-0.4047011,-0.1267508,0.905622,0.09433436,1.672238,-0.4089081,-0.3551888,-0.1249,0.9264129,0.1242621,1.672881,-0.3917549,358.0777,330.1447,1.068078,0,5,False
1,Center_Head_Far,76,24.61999,0.1258129,1.67306,-0.3912645,0.1243225,1.33945,-0.364316,0.5054364,0.3151962,-0.04199585,-0.8021358,0.1548337,1.156756,-0.203054,-0.05786279,0.1907788,0.1470487,-0.9688302,MathCanvas,-1.161542,1.249392,2.66552,0.1250198,1.672957,-0.3915273,-0.3984843,-0.1135339,0.9101211,0.1559068,1.67357,-0.3744,-0.4187667,-0.1140483,0.9009036,0.09571899,1.67255,-0.408129,-0.3693964,-0.1126322,0.922421,0.1258129,1.67306,-0.3912645,358.0051,330.7044,0.8477909,0,5,False
1,Center_Head_Far,77,24.63999,0.1266054,1.673155,-0.3909996,0.1243225,1.33945,-0.364316,0.5054364,0.3151962,-0.04199585,-0.8021358,0.1548337,1.156756,-0.203054,-0.05786279,0.1907788,0.1470487,-0.9688302,MathCanvas,-1.209798,1.292525,2.659215,0.1258129,1.67306,-0.3912645,-0.4087443,-0.1074782,0.9062983,0.1567839,1.673597,-0.3742851,-0.428872,-0.1080909,0.8968753,0.09642684,1.672713,-0.4077142,-0.37965,-0.106903,0.9189329,0.1266054,1.673155,-0.3909996,357.9962,330.9942,0.7344919,0,5,False
1,Center_Head_Far,78,24.65999,0.1278615,1.673508,-0.3907876,0.1260675,1.339272,-0.363954,0.5055719,0.3104694,-0.04426927,-0.8037699,0.1608085,1.154108,-0.2037537,-0.06052521,0.1827127,0.1450884,-0.9705164,MathCanvas,-1.245055,1.312481,2.650348,0.1272197,1.673434,-0.3908585,-0.4020787,-0.1055331,0.9095029,0.1581463,1.673851,-0.374264,-0.4237001,-0.1041951,0.8997898,0.09757674,1.673165,-0.4073113,-0.3743353,-0.1031797,0.9215352,0.1278615,1.673508,-0.3907876,357.7615,331.3605,0.5704659,0,5,False
1,Center_Head_Far,79,24.67999,0.1285731,1.673641,-0.3906052,0.1260675,1.339272,-0.363954,0.5055719,0.3104694,-0.04426927,-0.8037699,0.1610989,1.153964,-0.2038669,-0.06068969,0.1822944,0.1450714,-0.9705874,MathCanvas,-1.223049,1.318936,2.664974,0.1278615,1.673508,-0.3907876,-0.3991663,-0.1036875,0.9109968,0.1589302,1.673922,-0.3742136,-0.4199808,-0.1034808,0.9016141,0.09821602,1.673359,-0.4069968,-0.3705201,-0.1025652,0.9231442,0.1285731,1.673641,-0.3906052,357.7142,331.6141,0.4679023,0,5,False
1,Center_Head_Far,80,24.69999,0.1299229,1.673661,-0.390474,0.1285527,1.339419,-0.3632226,0.506024,0.3045058,-0.04737978,-0.8055875,0.1672511,1.152677,-0.2017566,-0.0605704,0.1730518,0.1429285,-0.9726026,MathCanvas,-1.213888,1.324923,2.673226,0.1292882,1.673598,-0.3906013,-0.4152357,-0.08950316,0.9053002,0.1603469,1.674037,-0.3742089,-0.4371005,-0.0890487,0.8949936,0.09949892,1.673285,-0.4067392,-0.3879554,-0.08815877,0.9174522,0.1299229,1.673661,-0.390474,357.6015,331.8442,0.6248321,0,5,False
1,Center_Head_Far,81,24.71999,0.1305478,1.673748,-0.390365,0.1289753,1.339392,-0.3631368,0.5060123,0.3034085,-0.04794304,-0.8059754,0.1688391,1.152164,-0.2017239,-0.06091738,0.1706963,0.142601,-0.9730451,MathCanvas,-1.270531,1.371796,2.662808,0.1299229,1.673661,-0.390474,-0.419166,-0.09164638,0.9032723,0.1610271,1.674113,-0.3742036,-0.4405416,-0.09120919,0.8930868,0.1000684,1.673383,-0.4065264,-0.3914623,-0.09036509,0.9157463,0.1305478,1.673748,-0.390365,357.5509,332.0397,0.6064933,0,5,False
1,Center_Head_Far,82,24.73999,0.1314988,1.673931,-0.3902574,0.1305911,1.339235,-0.3628397,0.5045413,0.2996072,-0.05037665,-0.8081682,0.1724208,1.151814,-0.20089,-0.06044167,0.165969,0.1419225,-0.9739913,MathCanvas,-1.282164,1.364873,2.653926,0.1309808,1.673837,-0.3903485,-0.4141698,-0.09028491,0.9057108,0.1620562,1.67435,-0.3742454,-0.4360967,-0.0901591,0.895372,0.1009413,1.673511,-0.4062693,-0.3869085,-0.08923216,0.9177906,0.1314988,1.673931,-0.3902574,357.4932,332.3151,0.6976855,0,5,False
1,Center_Head_Far,83,24.75999,0.1320345,1.674016,-0.3901828,0.1305911,1.339235,-0.3628397,0.5045413,0.2996072,-0.05037665,-0.8081682,0.174064,1.151402,-0.2007462,-0.06060922,0.1636101,0.1415866,-0.9744288,MathCanvas,-1.265533,1.369392,2.664786,0.1314988,1.673931,-0.3902574,-0.411655,-0.08969563,0.906915,0.1626402,1.67444,-0.3742633,-0.4334165,-0.08942501,0.896746,0.1014288,1.673593,-0.4061023,-0.3841606,-0.08849397,0.9190154,0.1320345,1.674016,-0.3901828,357.4511,332.4876,0.7043832,0,5,False
1,Center_Head_Far,84,24.77999,0.1324493,1.673994,-0.3901298,0.1317162,1.339114,-0.3626518,0.5035681,0.2972105,-0.05201931,-0.809555,0.1758312,1.151732,-0.2002243,-0.05920682,0.1621327,0.1414029,-0.9747885,MathCanvas,-1.257082,1.371341,2.670172,0.1320345,1.674016,-0.3901828,-0.4089407,-0.08895954,0.9082146,0.1630741,1.674419,-0.374247,-0.4323508,-0.08913553,0.897289,0.1018246,1.673568,-0.4060125,-0.3830682,-0.0882024,0.9194994,0.1324493,1.673994,-0.3901298,357.4346,332.556,0.7075366,0,5,False
1,Center_Head_Far,85,24.79999,0.133257,1.673805,-0.3903487,0.1326825,1.339309,-0.3626032,0.5057517,0.296478,-0.05189859,-0.8084693,0.1789714,1.15258,-0.1992217,-0.05620373,0.1592771,0.141222,-0.9754632,MathCanvas,-1.248116,1.37367,2.675961,0.1328168,1.673814,-0.3903255,-0.4266041,-0.08980487,0.8999689,0.1639004,1.674268,-0.374503,-0.4494349,-0.09022227,0.8887452,0.1026137,1.673342,-0.4061944,-0.4005402,-0.08932655,0.9119146,0.133257,1.673805,-0.3903487,357.4838,332.6227,0.7693083,0,5,False
1,Center_Head_Far,86,24.81999,0.133599,1.673784,-0.3905136,0.1334754,1.339338,-0.3625065,0.5058765,0.2953235,-0.05274458,-0.808759,0.1802731,1.152884,-0.198693,-0.0556469,0.1568933,0.1412824,-0.9758725,MathCanvas,-1.305033,1.371029,2.643885,0.133257,1.673805,-0.3903487,-0.4251452,-0.08977441,0.9006621,0.1642313,1.674296,-0.374648,-0.449856,-0.0911333,0.8884392,0.1029667,1.673272,-0.4063792,-0.4009778,-0.09015847,0.9116404,0.133599,1.673784,-0.3905136,357.537,332.5821,0.8513281,0,5,False
1,Center_Head_Far,87,24.83999,0.134247,1.673796,-0.3906097,0.1346304,1.339236,-0.3623692,0.5046257,0.2940233,-0.05404355,-0.8099275,0.182723,1.15295,-0.1979878,-0.05522493,0.1536169,0.141974,-0.9763173,MathCanvas,-1.299851,1.371095,2.646223,0.1339185,1.673804,-0.3905401,-0.4310772,-0.0944564,0.8973575,0.1648871,1.674334,-0.3747602,-0.4546012,-0.09493382,0.8856214,0.1036068,1.673258,-0.4064592,-0.4058448,-0.09394309,0.9091011,0.134247,1.673796,-0.3906097,357.5348,332.61,0.8938534,0,5,False
1,Center_Head_Far,88,24.85999,0.1345684,1.673769,-0.3906786,0.1351463,1.339242,-0.3622375,0.5046808,0.2935733,-0.05435902,-0.8100352,0.18369,1.152891,-0.1977234,-0.05473298,0.1524936,0.1415093,-0.9765885,MathCanvas,-1.316946,1.355815,2.630285,0.134247,1.673796,-0.3906097,-0.4303829,-0.09443846,0.8976926,0.165209,1.67433,-0.3748307,-0.4544986,-0.09498447,0.8856686,0.1039278,1.673208,-0.4065265,-0.4057418,-0.09395686,0.9091457,0.1345684,1.673769,-0.3906786,357.5379,332.6111,0.9329247,0,5,False
1,Center_Head_Far,89,24.87999,0.1351302,1.673837,-0.390825,0.1357071,1.339321,-0.3620953,0.5052827,0.2926129,-0.05492027,-0.8099697,0.1855629,1.152687,-0.1972519,-0.05384994,0.1503554,0.1408827,-0.9770597,MathCanvas,-1.314173,1.355873,2.631107,0.1348886,1.673756,-0.3907417,-0.4296755,-0.09447236,0.8980278,0.1657722,1.67445,-0.3749817,-0.4542384,-0.09519057,0.88578,0.1044883,1.673224,-0.4066683,-0.4054798,-0.09408103,0.9092497,0.1351302,1.673837,-0.390825,357.5501,332.6154,1.019343,0,5,False
1,Center_Head_Far,90,24.89999,0.1354215,1.673851,-0.3908967,0.1357071,1.339321,-0.3620953,0.5052827,0.2926129,-0.05492027,-0.8099697,0.1863211,1.152652,-0.1970736,-0.05359656,0.1493909,0.1407714,-0.9772375,MathCanvas,-1.311322,1.355807,2.632279,0.1351302,1.673837,-0.390825,-0.4300195,-0.09463583,0.8978459,0.1660686,1.674487,-0.3750641,-0.4538764,-0.0952484,0.8859593,0.1047745,1.673216,-0.4067293,-0.4051104,-0.09410423,0.9094119,0.1354215,1.673851,-0.3908967,357.5536,332.6335,1.056022,0,5,False
1,Center_Head_Far,91,24.91999,0.1355895,1.673932,-0.3910452,0.1361053,1.339432,-0.3620199,0.5059679,0.2919337,-0.05517632,-0.8097696,0.1866304,1.152499,-0.196972,-0.0536501,0.1493285,0.1405085,-0.977282,MathCanvas,-1.311917,1.355331,2.63103,0.1354215,1.673851,-0.3908967,-0.4296877,-0.09413149,0.8980578,0.1662302,1.674585,-0.3752012,-0.4542154,-0.09448484,0.8858674,0.1049488,1.673278,-0.4068893,-0.4054587,-0.09331304,0.9093382,0.1355895,1.673932,-0.3910452,357.5411,332.6103,1.086535,0,5,False
1,Center_Head_Far,92,24.93999,0.1359747,1.673913,-0.3912662,0.136313,1.339556,-0.3620317,0.5062851,0.292177,-0.05485259,-0.8095056,0.1867344,1.152321,-0.1969005,-0.05398223,0.1493466,0.140105,-0.9773188,MathCanvas,-1.310815,1.357069,2.631977,0.1357758,1.673902,-0.3911453,-0.4301738,-0.09339007,0.8979024,0.1666139,1.674584,-0.3754199,-0.4542879,-0.09374095,0.8859092,0.1053355,1.673242,-0.4071125,-0.4055335,-0.09254335,0.9093834,0.1359747,1.673913,-0.3912662,357.4984,332.6037,1.115186,0,5,False
1,Center_Head_Far,93,24.95999,0.1361937,1.673926,-0.3913724,0.136313,1.339556,-0.3620317,0.5062851,0.292177,-0.05485259,-0.8095056,0.1867344,1.152321,-0.1969005,-0.05398223,0.1493466,0.140105,-0.9773188,MathCanvas,-1.312327,1.359489,2.631776,0.1359747,1.673913,-0.3912662,-0.4295442,-0.09312922,0.8982309,0.1668341,1.674613,-0.3755291,-0.4536507,-0.09359103,0.8862515,0.1055533,1.673238,-0.4072156,-0.4048819,-0.09236448,0.909692,0.1361937,1.673926,-0.3913724,357.4906,332.6078,1.142971,0,5,False
1,Center_Head_Far,94,24.97999,0.1366367,1.673974,-0.3915802,0.1371339,1.339588,-0.3619696,0.5064809,0.292079,-0.05493511,-0.8094128,0.1870378,1.151997,-0.196681,-0.05508486,0.1489509,0.1405628,-0.9772519,MathCanvas,-1.309944,1.360389,2.632683,0.1364213,1.673955,-0.3914802,-0.4287775,-0.09153763,0.8987607,0.167257,1.674682,-0.3756989,-0.4531149,-0.09168141,0.8867251,0.1060165,1.673265,-0.4074615,-0.4043339,-0.0904154,0.9101315,0.1366367,1.673974,-0.3915802,357.3718,332.5323,1.178133,0,5,False
1,Center_Head_Far,95,24.99999,0.1368502,1.67398,-0.3916947,0.1372203,1.339584,-0.361959,0.5064918,0.2920972,-0.05494405,-0.8093988,0.1870378,1.151997,-0.196681,-0.05508486,0.1489509,0.1405628,-0.9772519,MathCanvas,-1.30762,1.365646,2.635728,0.1366367,1.673974,-0.3915802,-0.4288839,-0.09104837,0.8987596,0.1674654,1.67471,-0.3758046,-0.4533492,-0.09129423,0.8866453,0.106235,1.673251,-0.4075848,-0.404576,-0.08999591,0.9100654,0.1368502,1.67398,-0.3916947,357.3498,332.5134,1.213151,0,5,False
1,Center_Head_Far,96,25.01999,0.1372295,1.673998,-0.3920269,0.1377268,1.339536,-0.3619274,0.5066099,0.2921804,-0.05497991,-0.8092924,0.1867699,1.15204,-0.1967381,-0.05511925,0.1499609,0.1404277,-0.977115,MathCanvas,-1.307741,1.367306,2.635558,0.1370308,1.673968,-0.39192,-0.4291911,-0.09043544,0.8986748,0.1678297,1.674812,-0.376112,-0.4536071,-0.09073471,0.8865708,0.1066294,1.673183,-0.4079417,-0.4048486,-0.08930279,0.9100125,0.1372295,1.673998,-0.3920269,357.3191,332.4582,1.353938,0,5,False
1,Center_Head_Far,97,25.03999,0.137382,1.67408,-0.3921354,0.1382403,1.33953,-0.3619337,0.5065253,0.2920748,-0.05518282,-0.8093697,0.1868503,1.15214,-0.1967221,-0.05475196,0.1507076,0.1401549,-0.9770599,MathCanvas,-1.308671,1.36933,2.635515,0.1372295,1.673998,-0.3920269,-0.4293154,-0.0900844,0.8986507,0.1679768,1.674921,-0.3762116,-0.453762,-0.09047166,0.8865185,0.1067872,1.67324,-0.4080591,-0.4050095,-0.08900097,0.9099705,0.137382,1.67408,-0.3921354,357.3006,332.4384,1.397649,0,5,False
1,Center_Head_Far,98,25.05999,0.1375751,1.674009,-0.3922602,0.1384592,1.339586,-0.3619314,0.5065233,0.2920957,-0.05520603,-0.8093618,0.1867618,1.152341,-0.1967515,-0.0544605,0.1515886,0.1400017,-0.9769619,MathCanvas,-1.308827,1.370618,2.635096,0.137382,1.67408,-0.3921354,-0.4296182,-0.08967072,0.8985474,0.1681736,1.674842,-0.3763432,-0.4536241,-0.09083724,0.8865516,0.1069765,1.673175,-0.4081772,-0.4048681,-0.08937521,0.9099967,0.1375751,1.674009,-0.3922602,357.3252,332.4524,1.385695,0,5,False
1,Center_Head_Far,99,25.07999,0.1379575,1.674006,-0.3924893,0.1385085,1.339601,-0.3619266,0.5065511,0.2921131,-0.05519732,-0.8093387,0.1867618,1.152341,-0.1967515,-0.0544605,0.1515886,0.1400017,-0.9769619,MathCanvas,-1.309729,1.371925,2.634779,0.1377663,1.674021,-0.3923721,-0.4259194,-0.08183153,0.9010529,0.1685514,1.674876,-0.3765653,-0.4502286,-0.08249202,0.8890947,0.1073636,1.673136,-0.4084132,-0.4013812,-0.08096634,0.9123254,0.1379575,1.674006,-0.3924893,357.3106,332.4354,1.447083,0,5,False
1,Center_Head_Far,100,25.09999,0.138185,1.673717,-0.3925819,0.1392389,1.339697,-0.3619118,0.5076598,0.2923947,-0.05493783,-0.8085597,0.1862622,1.153318,-0.1969031,-0.05282441,0.1538887,0.1400169,-0.9766899,MathCanvas,-1.300283,1.397678,2.650178,0.1379575,1.674006,-0.3924893,-0.4259638,-0.0817292,0.9010412,0.1687948,1.674614,-0.3766901,-0.449194,-0.08337871,0.8895351,0.1075752,1.672821,-0.4084738,-0.4003237,-0.0818101,0.9127147,0.138185,1.673717,-0.3925819,357.3621,332.4942,1.490692,0,5,False
1,Center_Head_Far,101,25.11999,0.1385545,1.673664,-0.392679,0.1394591,1.33972,-0.3619216,0.5076022,0.2926141,-0.0548705,-0.808521,0.1860345,1.153603,-0.1969039,-0.05231944,0.1543907,0.140159,-0.9766175,MathCanvas,-1.300013,1.397772,2.64964,0.1383787,1.673684,-0.3926449,-0.4208156,-0.08215379,0.9034185,0.1691709,1.67459,-0.3768016,-0.4449058,-0.08317336,0.8917068,0.107938,1.672739,-0.4085565,-0.3959362,-0.08154123,0.9146506,0.1385545,1.673664,-0.392679,357.3577,332.5182,1.538307,0,5,False
1,Center_Head_Far,102,25.13999,0.1387451,1.673623,-0.3927474,0.1394591,1.33972,-0.3619216,0.5076022,0.2926141,-0.0548705,-0.808521,0.1860345,1.153603,-0.1969039,-0.05231944,0.1543907,0.140159,-0.9766175,MathCanvas,-1.282499,1.396239,2.658078,0.1385545,1.673664,-0.392679,-0.4188215,-0.08898018,0.9036986,0.169365,1.674561,-0.3768773,-0.4429247,-0.08982356,0.8920479,0.1081253,1.672685,-0.4086175,-0.3939208,-0.08814991,0.9149076,0.1387451,1.673623,-0.3927474,357.3591,332.5307,1.559498,0,5,False
1,Center_Head_Far,103,25.15999,0.1391213,1.673421,-0.3928379,0.1398509,1.339823,-0.3620678,0.5077192,0.293,-0.05457447,-0.8083279,0.1858547,1.153841,-0.1966743,-0.05242136,0.1545871,0.1407815,-0.9764914,MathCanvas,-1.272953,1.373703,2.653298,0.1389332,1.67355,-0.3927835,-0.4181484,-0.09045713,0.9038636,0.1697493,1.674366,-0.3769839,-0.442251,-0.09266154,0.8920919,0.1084933,1.672476,-0.4086919,-0.3932359,-0.09096998,0.9149262,0.1391213,1.673421,-0.3928379,357.5226,332.5646,1.571455,0,5,False
1,Center_Head_Far,104,25.17999,0.1393033,1.673312,-0.3929433,0.1399361,1.339879,-0.3620935,0.5079156,0.2930456,-0.05450392,-0.8081927,0.1858082,1.153913,-0.1966404,-0.05241394,0.154763,0.1409791,-0.9764354,MathCanvas,-1.26979,1.368635,2.652645,0.1391213,1.673421,-0.3928379,-0.4178996,-0.09181581,0.9038417,0.1699315,1.674265,-0.3770902,-0.4421739,-0.09321217,0.8920728,0.1086752,1.672358,-0.4087965,-0.3931586,-0.09150669,0.9149059,0.1393033,1.673312,-0.3929433,357.5545,332.5662,1.584871,0,5,False
1,Center_Head_Far,105,25.19999,0.1396119,1.67318,-0.3931215,0.140181,1.339949,-0.3621151,0.5085271,0.2931701,-0.05435105,-0.8077732,0.1856594,1.154219,-0.1966192,-0.05173498,0.1558058,0.1409838,-0.9763051,MathCanvas,-1.268141,1.364085,2.651105,0.1394495,1.673213,-0.3931094,-0.4198684,-0.09336083,0.9027703,0.170244,1.674134,-0.3772759,-0.4440346,-0.0936946,0.8910975,0.1089799,1.672225,-0.4089671,-0.3950623,-0.09200033,0.914036,0.1396119,1.67318,-0.3931215,357.5138,332.5792,1.586713,0,5,False
1,Center_Head_Far,106,25.21999,0.1397917,1.673119,-0.393156,0.140181,1.339949,-0.3621151,0.5085271,0.2931701,-0.05435105,-0.8077732,0.1856594,1.154219,-0.1966192,-0.05173498,0.1558058,0.1409838,-0.9763051,MathCanvas,-1.273723,1.358914,2.645729,0.1396119,1.67318,-0.3931215,-0.4197145,-0.09295172,0.9028841,0.1704259,1.674079,-0.3773149,-0.4438921,-0.09393232,0.8911434,0.1091575,1.672159,-0.4089971,-0.3949174,-0.09222656,0.9140759,0.1397917,1.673119,-0.393156,357.5216,332.5872,1.59615,0,5,False
1,Center_Head_Far,107,25.23999,0.1399642,1.673079,-0.3931752,0.140181,1.339949,-0.3621151,0.5085271,0.2931701,-0.05435105,-0.8077732,0.1856539,1.154257,-0.1966258,-0.05160753,0.15595,0.1409396,-0.9762952,MathCanvas,-1.273001,1.360236,2.646024,0.1397917,1.673119,-0.393156,-0.4195614,-0.0930795,0.9029421,0.1706022,1.674039,-0.3773416,-0.4436734,-0.09396561,0.8912488,0.1093261,1.672118,-0.4090089,-0.3946933,-0.09225955,0.9141693,0.1399642,1.673079,-0.3931752,357.5235,332.6012,1.59642,0,5,False
1,Center_Head_Far,108,25.25999,0.1400272,1.673403,-0.3930036,0.1404347,1.339707,-0.3621978,0.5078806,0.294441,-0.05403399,-0.8077389,0.18581,1.154182,-0.1966813,-0.05166069,0.1562752,0.1412722,-0.9761924,MathCanvas,-1.27224,1.359782,2.646043,0.1401421,1.673022,-0.3932067,-0.4194281,-0.08940159,0.9033756,0.1706532,1.674303,-0.377143,-0.4450236,-0.08711314,0.8912717,0.1094012,1.672503,-0.4088641,-0.3960595,-0.0855165,0.914234,0.1400272,1.673403,-0.3930036,357.3475,332.5521,1.496117,0,5,False
1,Center_Head_Far,109,25.27999,0.14007,1.673459,-0.3930224,0.1404051,1.339663,-0.362236,0.5078112,0.2949995,-0.05372673,-0.8075993,0.1858993,1.154013,-0.1966313,-0.05193964,0.1562529,0.1412099,-0.9761901,MathCanvas,-1.273047,1.372205,2.650514,0.1400272,1.673403,-0.3930036,-0.4206985,-0.08631486,0.903085,0.1706933,1.674331,-0.3771552,-0.4452701,-0.08712876,0.8911471,0.1094467,1.672587,-0.4088896,-0.3963095,-0.085576,0.91412,0.14007,1.673459,-0.3930224,357.3477,332.5424,1.449471,0,5,False
1,Center_Head_Far,110,25.29999,0.1402569,1.673518,-0.3930332,0.1403793,1.339651,-0.3622431,0.5078367,0.2952398,-0.05353999,-0.8075078,0.1859167,1.153958,-0.1966119,-0.05202091,0.1562443,0.1411549,-0.9761951,MathCanvas,-1.27824,1.382464,2.651567,0.1401576,1.673494,-0.3930287,-0.4211744,-0.08626328,0.9028681,0.1708756,1.674352,-0.377155,-0.4456847,-0.08677036,0.8909748,0.1096382,1.672685,-0.4089113,-0.3967303,-0.08527802,0.9139654,0.1402569,1.673518,-0.3930332,357.3261,332.5251,1.386153,0,5,False
1,Center_Head_Far,111,25.31999,0.1402259,1.67365,-0.3930046,0.1403283,1.339635,-0.3621776,0.5081882,0.2952054,-0.05341262,-0.8073077,0.1859583,1.153374,-0.1964045,-0.05297357,0.1561469,0.1405131,-0.976252,MathCanvas,-1.279729,1.382683,2.650978,0.1402569,1.673518,-0.3930332,-0.415563,-0.08584595,0.9055042,0.1708336,1.674519,-0.3771071,-0.440513,-0.08552745,0.8936629,0.1096181,1.672781,-0.408902,-0.391443,-0.08395304,0.9163647,0.1402259,1.67365,-0.3930046,357.2653,332.484,1.445034,0,5,False
1,Center_Head_Far,112,25.33999,0.1402703,1.673808,-0.3929102,0.1402788,1.33959,-0.3621609,0.508153,0.2954432,-0.0532426,-0.8072541,0.1859456,1.15309,-0.1962786,-0.05355212,0.1561342,0.1404141,-0.9762368,MathCanvas,-1.261363,1.384113,2.661032,0.1402438,1.673735,-0.3929448,-0.4164455,-0.08109668,0.9055366,0.1708627,1.674669,-0.3769828,-0.4413242,-0.08111577,0.893674,0.1096779,1.672947,-0.4088375,-0.3922675,-0.0795631,0.9164038,0.1402703,1.673808,-0.3929102,357.1597,332.4262,1.431902,0,5,False
1,Center_Head_Far,113,25.35999,0.1403093,1.673869,-0.392879,0.1402598,1.339575,-0.3621671,0.5081053,0.2955773,-0.05314959,-0.8072411,0.1859414,1.153046,-0.1962569,-0.05363372,0.1561443,0.1404313,-0.9762282,MathCanvas,-1.266001,1.399957,2.664944,0.1402703,1.673808,-0.3929102,-0.4169512,-0.08033948,0.9053713,0.1708933,1.674721,-0.3769351,-0.4418748,-0.08028373,0.893477,0.1097252,1.673017,-0.408823,-0.3928298,-0.07874748,0.9162334,0.1403093,1.673869,-0.392879,357.1116,332.3949,1.416785,0,5,False
1,Center_Head_Far,114,25.37999,0.1401457,1.67396,-0.3928689,0.1401561,1.339474,-0.3622233,0.5075971,0.2965636,-0.05241998,-0.8072469,0.1858284,1.152825,-0.1961677,-0.05403805,0.1562962,0.1403698,-0.9761904,MathCanvas,-1.267891,1.402533,2.664897,0.1403093,1.673869,-0.392879,-0.4175076,-0.07951563,0.9051876,0.1707193,1.674786,-0.3769036,-0.4425642,-0.07998475,0.8931625,0.1095722,1.673134,-0.4088343,-0.393534,-0.0784895,0.9159533,0.1401457,1.67396,-0.3928689,357.0934,332.357,1.374103,0,5,False
1,Center_Head_Far,115,25.39999,0.1400814,1.673979,-0.3929586,0.1401873,1.339424,-0.3621616,0.5072964,0.2966227,-0.0523851,-0.8074163,0.1856826,1.152769,-0.1961797,-0.05400124,0.1566135,0.1402572,-0.9761578,MathCanvas,-1.270164,1.405362,2.664788,0.1401297,1.67402,-0.3928646,-0.4190748,-0.07745301,0.9046421,0.1706441,1.674803,-0.3769726,-0.4435833,-0.07873398,0.8927681,0.1095186,1.673156,-0.4089447,-0.3945759,-0.07724769,0.9156106,0.1400814,1.673979,-0.3929586,357.1087,332.3188,1.369536,0,5,False
1,Center_Head_Far,116,25.41999,0.1400763,1.673962,-0.3929517,0.1401888,1.339419,-0.3621395,0.5072554,0.2966027,-0.05240304,-0.8074483,0.1856331,1.152769,-0.1961826,-0.05396829,0.1567338,0.1402951,-0.9761349,MathCanvas,-1.276211,1.412222,2.664342,0.1400814,1.673979,-0.3929586,-0.4375786,-0.0715897,0.8963258,0.1706343,1.674783,-0.3769563,-0.4619795,-0.07232842,0.8839363,0.1095183,1.673142,-0.4089471,-0.4134051,-0.07093938,0.9077795,0.1400763,1.673962,-0.3929517,357.1111,332.3017,1.365032,0,5,False
1,Center_Head_Far,117,25.43999,0.1400922,1.673797,-0.3929187,0.1401757,1.33939,-0.3620827,0.5076064,0.2966298,-0.05213226,-0.8072352,0.1853679,1.152825,-0.1962289,-0.05396071,0.1570797,0.1404844,-0.9760525,MathCanvas,-1.339944,1.431825,2.638688,0.1400996,1.673819,-0.3929403,-0.4727926,-0.03692492,0.8803998,0.1706478,1.674697,-0.376923,-0.4967027,-0.03773803,0.8670999,0.1095366,1.672898,-0.4089144,-0.4490503,-0.03634981,0.8927668,0.1400922,1.673797,-0.3929187,357.1723,332.2944,1.496017,0,5,False
1,Center_Head_Far,118,25.45999,0.1400806,1.673779,-0.3929017,0.1401727,1.33938,-0.362072,0.5076456,0.2966327,-0.05208839,-0.8072124,0.1853209,1.15284,-0.1962409,-0.05394534,0.1571142,0.1405144,-0.9760434,MathCanvas,-1.475143,1.547648,2.614855,0.1400922,1.673797,-0.3929187,-0.4730511,-0.03704394,0.8802558,0.1706321,1.674687,-0.3768985,-0.4969083,-0.03780261,0.8669792,0.1095292,1.672871,-0.4089049,-0.4492625,-0.0364017,0.892658,0.1400806,1.673779,-0.3929017,357.1755,332.2796,1.509497,0,5,False
1,Center_Head_Far,119,25.47999,0.1399396,1.673918,-0.3927718,0.1401898,1.339314,-0.36203,0.507454,0.2963818,-0.05206785,-0.8074263,0.1850038,1.152889,-0.1962542,-0.05376884,0.1572623,0.1407061,-0.9760017,MathCanvas,-1.475974,1.547228,2.614261,0.1400755,1.67376,-0.3928854,-0.4807367,-0.03742427,0.876066,0.1704891,1.67482,-0.3767646,-0.5042321,-0.03702867,0.862774,0.1093901,1.673016,-0.4087791,-0.4568099,-0.03565265,0.8888496,0.1399396,1.673918,-0.3927718,357.1198,332.2711,1.499972,0,5,False
1,Center_Head_Far,120,25.49999,0.1399103,1.67393,-0.3927413,0.1401898,1.339314,-0.36203,0.507454,0.2963818,-0.05206785,-0.8074263,0.1850038,1.152889,-0.1962542,-0.05376884,0.1572623,0.1407061,-0.9760017,MathCanvas,-1.50229,1.546074,2.599929,0.1399396,1.673918,-0.3927718,-0.4806983,-0.03634068,0.8761327,0.1704572,1.674838,-0.3767294,-0.5043655,-0.03689579,0.8627017,0.1093634,1.673023,-0.4087532,-0.4569474,-0.03551069,0.8887846,0.1399103,1.67393,-0.3927413,357.1117,332.2616,1.509442,0,5,False
1,Center_Head_Far,121,25.51999,0.1398544,1.673846,-0.3926725,0.1401833,1.339241,-0.3619385,0.5074116,0.2960143,-0.05183544,-0.8076027,0.1848459,1.15285,-0.196167,-0.05417687,0.1564662,0.1417855,-0.9759509,MathCanvas,-1.502762,1.549745,2.601235,0.1398826,1.673871,-0.3926989,-0.4808771,-0.0371942,0.8759988,0.170394,1.674818,-0.3766507,-0.5045707,-0.03790805,0.8625377,0.1093147,1.672874,-0.4086944,-0.4571644,-0.03642334,0.8886361,0.1398544,1.673846,-0.3926725,357.165,332.2374,1.61606,0,5,False
1,Center_Head_Far,122,25.53999,0.1398133,1.673852,-0.3926345,0.1401654,1.339207,-0.3618819,0.507525,0.2957089,-0.05177393,-0.8076473,0.1848316,1.152819,-0.1961184,-0.05416665,0.1562007,0.1420892,-0.9759498,MathCanvas,-1.502993,1.546777,2.60005,0.1398544,1.673846,-0.3926725,-0.4775519,-0.03501676,0.8779055,0.1703475,1.674854,-0.376604,-0.5013778,-0.03538024,0.8645049,0.1092791,1.67285,-0.4086649,-0.4538708,-0.03383762,0.8904248,0.1398133,1.673852,-0.3926345,357.141,332.2174,1.666434,0,5,False
1,Center_Head_Far,123,25.55999,0.1397393,1.673885,-0.3925712,0.1401296,1.339153,-0.3618004,0.5074503,0.2953829,-0.05175178,-0.807815,0.1848271,1.152791,-0.196089,-0.05401862,0.1560713,0.1421899,-0.975964,MathCanvas,-1.492749,1.554144,2.608579,0.1398133,1.673852,-0.3926345,-0.4778003,-0.03460894,0.8777865,0.1702725,1.674886,-0.3765389,-0.5014566,-0.03475843,0.8644844,0.1092061,1.672884,-0.4086035,-0.4539512,-0.03321626,0.8904072,0.1397393,1.673885,-0.3925712,357.1053,332.2129,1.665423,0,5,False
1,Center_Head_Far,124,25.57999,0.1396231,1.673962,-0.3924721,0.1401105,1.339096,-0.3617256,0.5072911,0.2951781,-0.05172585,-0.8079914,0.1848273,1.15273,-0.1960282,-0.05390907,0.1557206,0.1423779,-0.9759987,MathCanvas,-1.493875,1.555556,2.608608,0.1396688,1.673932,-0.3925168,-0.4778916,-0.03357076,0.8777771,0.1701554,1.674988,-0.3764395,-0.5014263,-0.0341375,0.8645266,0.1090909,1.672936,-0.4085047,-0.4539208,-0.03255619,0.8904471,0.1396231,1.673962,-0.3924721,357.0681,332.2086,1.70624,0,5,False
1,Center_Head_Far,125,25.59999,0.1395748,1.673988,-0.3924211,0.140105,1.339076,-0.3616955,0.5072205,0.2950908,-0.05173243,-0.8080671,0.1848273,1.15273,-0.1960282,-0.05390907,0.1557206,0.1423779,-0.9759987,MathCanvas,-1.494827,1.559146,2.609637,0.1396231,1.673962,-0.3924721,-0.4778497,-0.03334687,0.8778085,0.1701061,1.675027,-0.3763875,-0.5014537,-0.03401384,0.8645156,0.1090435,1.672949,-0.4084547,-0.4539497,-0.03241182,0.8904376,0.1395748,1.673988,-0.3924211,357.0602,332.205,1.72812,0,5,False
1,Center_Head_Far,126,25.61999,0.1395856,1.673964,-0.3921606,0.1400733,1.338987,-0.3614621,0.5068926,0.2942304,-0.0519408,-0.8085732,0.184947,1.15249,-0.1957833,-0.05422819,0.1545519,0.1430197,-0.976073,MathCanvas,-1.494894,1.559926,2.610093,0.1396189,1.67397,-0.3922672,-0.4768367,-0.03809638,0.878166,0.1701345,1.675022,-0.3761618,-0.5002427,-0.03897226,0.8650078,0.1090366,1.672906,-0.4081593,-0.4527102,-0.03734495,0.8908753,0.1395856,1.673964,-0.3921606,357.1095,332.2698,1.759348,0,5,False
1,Center_Head_Far,127,25.63999,0.1395464,1.673968,-0.3920686,0.1400733,1.338987,-0.3614621,0.5068926,0.2942304,-0.0519408,-0.8085732,0.184947,1.15249,-0.1957833,-0.05422819,0.1545519,0.1430197,-0.976073,MathCanvas,-1.488798,1.543866,2.606752,0.1395856,1.673964,-0.3921606,-0.4766524,-0.03815861,0.8782633,0.1700979,1.675037,-0.3760754,-0.5000767,-0.03900819,0.8651021,0.1089949,1.672898,-0.4080617,-0.45254,-0.03736276,0.8909611,0.1395464,1.673968,-0.3920686,357.1108,332.2791,1.77857,0,5,False
1,Center_Head_Far,128,25.65999,0.1394848,1.673939,-0.3915657,0.1399425,1.339036,-0.3611387,0.5073193,0.2934501,-0.05197511,-0.8085869,0.1852221,1.152223,-0.1954456,-0.05450386,0.153083,0.1434834,-0.976221,MathCanvas,-1.488206,1.543657,2.607172,0.1395213,1.673941,-0.3917108,-0.4721073,-0.03836653,0.8807058,0.1700739,1.674946,-0.3756406,-0.4953224,-0.03916623,0.8678259,0.1088957,1.672932,-0.4074908,-0.4476384,-0.03761216,0.8934233,0.1394848,1.673939,-0.3915657,357.1117,332.4135,1.674667,0,5,False
1,Center_Head_Far,129,25.67999,0.1394446,1.673927,-0.3914038,0.1399425,1.339036,-0.3611387,0.5073193,0.2934501,-0.05197511,-0.8085869,0.1852221,1.152223,-0.1954456,-0.05450386,0.153083,0.1434834,-0.976221,MathCanvas,-1.472377,1.542949,2.615327,0.1394848,1.673939,-0.3915657,-0.4716541,-0.0383892,0.8809476,0.1700498,1.674922,-0.3755088,-0.494478,-0.03906935,0.8683116,0.1088394,1.672933,-0.4072987,-0.4467682,-0.03753458,0.893862,0.1394446,1.673927,-0.3914038,357.1069,332.4712,1.654143,0,5,False
1,Center_Head_Far,130,25.69999,0.1394522,1.673904,-0.3910383,0.1398115,1.339032,-0.3607079,0.5073077,0.2925121,-0.05255818,-0.8088964,0.1854906,1.15209,-0.1950878,-0.05416608,0.1519585,0.1432758,-0.976446,MathCanvas,-1.470974,1.542851,2.616509,0.1394446,1.673927,-0.3914038,-0.4707964,-0.03830197,0.8814101,0.1700485,1.674905,-0.3751267,-0.4949391,-0.03927022,0.8680398,0.1088559,1.672903,-0.40695,-0.4472434,-0.03772559,0.8936163,0.1394522,1.673904,-0.3910383,357.118,332.4396,1.664728,0,5,False
1,Center_Head_Far,131,25.71999,0.1392952,1.67392,-0.3906794,0.1398,1.339019,-0.3606116,0.5072087,0.2923432,-0.05269844,-0.8090103,0.1855834,1.15209,-0.1949509,-0.05417752,0.1516242,0.1434005,-0.976479,MathCanvas,-1.467986,1.54313,2.618357,0.1393575,1.673923,-0.3908581,-0.5301936,-0.02517003,0.8475029,0.1698961,1.674913,-0.374776,-0.5526743,-0.02588893,0.8329951,0.1086944,1.672928,-0.4065828,-0.506947,-0.02444057,0.8616307,0.1392952,1.67392,-0.3906794,357.1165,332.4558,1.65044,0,5,False
1,Center_Head_Far,132,25.73999,0.1392236,1.673913,-0.3905032,0.1398,1.339019,-0.3606116,0.5072087,0.2923432,-0.05269844,-0.8090103,0.1855834,1.15209,-0.1949509,-0.05417752,0.1516242,0.1434005,-0.976479,MathCanvas,-1.683683,1.587378,2.523311,0.1392952,1.67392,-0.3906794,-0.5300046,-0.02516475,0.8476213,0.1698273,1.674902,-0.3746051,-0.5525356,-0.02578793,0.8330902,0.1086199,1.672924,-0.4064013,-0.5068032,-0.02434396,0.861718,0.1392236,1.673913,-0.3905032,357.1112,332.4659,1.64534,0,5,False
1,Center_Head_Far,133,25.75999,0.1388348,1.673864,-0.3903697,0.1396522,1.339036,-0.3602039,0.5073278,0.2918008,-0.05304904,-0.8091086,0.1858307,1.152087,-0.1945426,-0.05414203,0.1506641,0.1435167,-0.9766125,MathCanvas,-1.683265,1.587381,2.524153,0.1389485,1.673885,-0.3904993,-0.5310136,-0.02583193,0.8469695,0.1694198,1.674767,-0.3744304,-0.5536395,-0.02680356,0.832325,0.1082498,1.672962,-0.406309,-0.5079415,-0.02550106,0.861014,0.1388348,1.673864,-0.3903697,357.185,332.4001,1.500268,0,5,False
1,Center_Head_Far,134,25.77999,0.1387275,1.673851,-0.3902304,0.1396522,1.339036,-0.3602039,0.5073278,0.2918008,-0.05304904,-0.8091086,0.1858307,1.152087,-0.1945426,-0.05414203,0.1506641,0.1435167,-0.9766125,MathCanvas,-1.686817,1.585053,2.521554,0.1388348,1.673864,-0.3903697,-0.5309842,-0.02615231,0.8469781,0.169312,1.674736,-0.3742893,-0.5536865,-0.02699356,0.8322875,0.1081429,1.672966,-0.4061715,-0.5079893,-0.02571929,0.8609793,0.1387275,1.673851,-0.3902304,357.199,332.3989,1.471304,0,5,False
1,Center_Head_Far,135,25.79999,0.1384082,1.673806,-0.3900355,0.139465,1.339036,-0.3596568,0.5076473,0.2912456,-0.05346305,-0.8090809,0.186079,1.151974,-0.193917,-0.05414555,0.1493867,0.1434695,-0.9768155,MathCanvas,-1.686716,1.583943,2.521552,0.1385629,1.673795,-0.3901621,-0.5477023,-0.02247709,0.8363714,0.1689643,1.674797,-0.3740462,-0.5701611,-0.02287534,0.8212144,0.107852,1.672815,-0.4060247,-0.52512,-0.02143765,0.8507581,0.1384082,1.673806,-0.3900355,357.1409,332.2958,1.648322,0,5,False
1,Center_Head_Far,136,25.81999,0.1382719,1.673804,-0.3899104,0.139465,1.339036,-0.3596568,0.5076473,0.2912456,-0.05346305,-0.8090809,0.186079,1.151974,-0.193917,-0.05414555,0.1493867,0.1434695,-0.9768155,MathCanvas,-1.749966,1.596309,2.493616,0.1384082,1.673806,-0.3900355,-0.5478397,-0.02215649,0.8362899,0.1688226,1.674803,-0.3739113,-0.5704262,-0.02280654,0.821032,0.1077212,1.672805,-0.4059095,-0.5253953,-0.02135567,0.8505902,0.1382719,1.673804,-0.3899104,357.1352,332.2763,1.661901,0,5,False
1,Center_Head_Far,137,25.83999,0.1377915,1.673925,-0.3897002,0.1392109,1.338923,-0.3591993,0.5070646,0.2911021,-0.05368022,-0.8094834,0.1860302,1.151886,-0.1933761,-0.0543963,0.1488709,0.1435275,-0.9768717,MathCanvas,-1.750914,1.597399,2.493974,0.1379847,1.67389,-0.389827,-0.5483536,-0.02112748,0.8359797,0.1683334,1.67491,-0.3736832,-0.5709655,-0.02113022,0.8207021,0.1072497,1.67294,-0.4057172,-0.5259513,-0.01969343,0.8502867,0.1377915,1.673925,-0.3897002,357.0414,332.2417,1.637693,0,5,False
1,Center_Head_Far,138,25.85999,0.1376206,1.673941,-0.3895704,0.1391789,1.338921,-0.35915,0.5071232,0.2910821,-0.05367446,-0.8094544,0.1859923,1.151873,-0.1932886,-0.05438474,0.1488706,0.1434686,-0.9768811,MathCanvas,-1.75385,1.601042,2.494157,0.1377915,1.673925,-0.3897002,-0.5486827,-0.02043236,0.835781,0.1681595,1.674943,-0.3735487,-0.5711269,-0.02073637,0.8205998,0.1070818,1.67294,-0.405592,-0.5261191,-0.01927089,0.8501925,0.1376206,1.673941,-0.3895704,357.014,332.2303,1.665891,0,5,False
1,Center_Head_Far,139,25.87999,0.1374492,1.673957,-0.3894414,0.1391528,1.338922,-0.3591114,0.5071685,0.2910748,-0.05366551,-0.8094292,0.1859923,1.151873,-0.1932886,-0.05438474,0.1488706,0.1434686,-0.9768811,MathCanvas,-1.755793,1.603433,2.494572,0.1376206,1.673941,-0.3895704,-0.5488229,-0.02000363,0.8356993,0.1679825,1.674969,-0.3734098,-0.5714074,-0.02035332,0.8204142,0.1069159,1.672946,-0.405473,-0.5264096,-0.0188703,0.8500217,0.1374492,1.673957,-0.3894414,356.9899,332.2098,1.682312,0,5,False
1,Center_Head_Far,140,25.89999,0.137292,1.673979,-0.388992,0.1387459,1.338851,-0.3585833,0.507218,0.2915093,-0.05351316,-0.8092519,0.1856379,1.151589,-0.1925329,-0.0550218,0.1484661,0.1429457,-0.9769836,MathCanvas,-1.756768,1.604916,2.494906,0.1373946,1.673967,-0.3891774,-0.5481583,-0.02548958,0.8359861,0.1678461,1.675009,-0.3730014,-0.5700957,-0.02618963,0.8211607,0.1067379,1.672949,-0.4049826,-0.5250583,-0.02470865,0.8507075,0.137292,1.673979,-0.388992,357.0588,332.2866,1.712979,0,5,False
1,Center_Head_Far,141,25.91999,0.1371818,1.674,-0.3888188,0.1387355,1.338852,-0.3585432,0.5071942,0.2914643,-0.05355923,-0.80928,0.1855545,1.151526,-0.1924213,-0.0552201,0.1483945,0.1428319,-0.9769999,MathCanvas,-1.750831,1.586181,2.490549,0.137292,1.673979,-0.388992,-0.5472829,-0.02543291,0.8365611,0.1677637,1.675021,-0.3728808,-0.5682016,-0.02608506,0.8224759,0.1065999,1.672978,-0.4047568,-0.5230932,-0.02461571,0.8519199,0.1371818,1.674,-0.3888188,357.0554,332.386,1.699265,0,5,False
1,Center_Head_Far,142,25.93999,0.1373431,1.674151,-0.3882322,0.1385909,1.338835,-0.3582319,0.5069229,0.2911761,-0.05384571,-0.8095346,0.1853023,1.151456,-0.1921624,-0.05531252,0.1484645,0.1423496,-0.9770545,MathCanvas,-1.747917,1.586397,2.492689,0.1373205,1.674094,-0.3884812,-0.5416662,-0.0247859,0.8402282,0.1680482,1.675215,-0.3725359,-0.5617191,-0.02535129,0.8269395,0.1066379,1.673086,-0.4039285,-0.5163821,-0.02381111,0.8560272,0.1373431,1.674151,-0.3882322,357.0043,332.8315,1.770099,0,5,False
1,Center_Head_Far,143,25.95999,0.1381361,1.674334,-0.3875145,0.1384268,1.338817,-0.3581198,0.5069287,0.2911579,-0.05367691,-0.8095487,0.1851336,1.151482,-0.1919687,-0.05507895,0.1485386,0.1419251,-0.9771181,MathCanvas,-1.727569,1.588815,2.504605,0.1373431,1.674151,-0.3882322,-0.539247,-0.02458118,0.8417888,0.1689252,1.675499,-0.3719907,-0.5570596,-0.02532274,0.8300863,0.107347,1.673168,-0.4030384,-0.5115658,-0.02362332,0.8589193,0.1381361,1.674334,-0.3875145,356.982,333.1407,1.93832,0,5,False
1,Center_Head_Far,144,25.97999,0.1385922,1.674513,-0.3869678,0.1381236,1.338894,-0.3579742,0.5069457,0.2913409,-0.05324589,-0.8095008,0.1848996,1.151542,-0.1915283,-0.05475974,0.1476487,0.1412308,-0.9773715,MathCanvas,-1.718234,1.589713,2.510362,0.1383769,1.674447,-0.3871321,-0.4222716,-0.1343103,0.8964639,0.1695177,1.675732,-0.3717218,-0.4414816,-0.136089,0.88689,0.1076667,1.673294,-0.4022139,-0.3925294,-0.1340405,0.9099196,0.1385922,1.674513,-0.3869678,357.0101,333.6512,2.027975,0,5,False
1,Center_Head_Far,145,25.99999,0.1391279,1.674306,-0.3867671,0.1378036,1.339049,-0.3577666,0.5067532,0.2906125,-0.05351282,-0.8098654,0.1847607,1.151629,-0.1909512,-0.05519585,0.1459549,0.1408343,-0.9776586,MathCanvas,-1.267515,1.227278,2.598134,0.1385922,1.674513,-0.3869678,-0.4171648,-0.1350649,0.8987386,0.1701522,1.675362,-0.3717106,-0.4364017,-0.1378446,0.8891302,0.1081037,1.67325,-0.4018237,-0.3872996,-0.1360505,0.9118603,0.1391279,1.674306,-0.3867671,357.1123,334.0235,1.75606,0,5,False
1,Center_Head_Far,146,26.01999,0.1395619,1.674256,-0.3864167,0.1378036,1.339049,-0.3577666,0.5067532,0.2906125,-0.05351282,-0.8098654,0.1847596,1.151661,-0.1908672,-0.05522198,0.1456776,0.1408368,-0.9776981,MathCanvas,-1.250247,1.22447,2.606498,0.1391279,1.674306,-0.3867671,-0.4074794,-0.1481653,0.9011146,0.1706553,1.675282,-0.3715014,-0.427918,-0.1496693,0.8913391,0.1084685,1.673231,-0.401332,-0.3786319,-0.1478795,0.9136572,0.1395619,1.674256,-0.3864167,357.1461,334.2882,1.706042,0,5,False
1,Center_Head_Far,147,26.03999,0.141051,1.674331,-0.3853479,0.1373819,1.339171,-0.3574221,0.5069537,0.2877597,-0.05461288,-0.8106848,0.1850444,1.152178,-0.190421,-0.05385754,0.1435921,0.1409361,-0.9780684,MathCanvas,-1.214405,1.181935,2.607794,0.1400144,1.674201,-0.3860445,-0.4027275,-0.1496192,0.9030087,0.1723695,1.675203,-0.3709012,-0.4184772,-0.1504036,0.8956872,0.1097325,1.673459,-0.3997946,-0.3689314,-0.1488857,0.9174544,0.141051,1.674331,-0.3853479,357.1831,335.1657,1.44984,0,5,False
1,Center_Head_Far,148,26.05999,0.1416972,1.674337,-0.384877,0.1373819,1.339171,-0.3574221,0.5069537,0.2877597,-0.05461288,-0.8106848,0.1850444,1.152178,-0.190421,-0.05385754,0.1435921,0.1409361,-0.9780684,MathCanvas,-1.196995,1.177227,2.614863,0.141051,1.674331,-0.3853479,-0.3938548,-0.1496447,0.9069095,0.1731016,1.675159,-0.370615,-0.4133434,-0.1507949,0.8980023,0.1102928,1.673514,-0.3991389,-0.3636683,-0.1493545,0.9194773,0.1416972,1.674337,-0.384877,357.2061,335.5087,1.367197,0,5,False
1,Center_Head_Far,149,26.07999,0.1436985,1.674805,-0.3834714,0.1371864,1.339201,-0.3571995,0.5069752,0.28156,-0.05710758,-0.8126739,0.1863548,1.15324,-0.1900002,-0.04972848,0.1386558,0.1405485,-0.9790546,MathCanvas,-1.167657,1.176849,2.630107,0.1426118,1.674614,-0.3841518,-0.3785551,-0.1481403,0.9136468,0.1754377,1.675291,-0.3699546,-0.3935251,-0.1478582,0.9073455,0.1119593,1.67432,-0.3969882,-0.3433445,-0.146949,0.9276425,0.1436985,1.674805,-0.3834714,357.0387,336.8905,0.8073879,0,5,False
1,Center_Head_Far,150,26.09999,0.1450126,1.674737,-0.3827228,0.1373794,1.339207,-0.3571827,0.5060394,0.2775891,-0.05921916,-0.8144701,0.1874633,1.153715,-0.1898339,-0.0484097,0.1347622,0.1412822,-0.9795586,MathCanvas,-1.116736,1.181558,2.658601,0.1436985,1.674805,-0.3834714,-0.3790745,-0.1362599,0.9152791,0.1769376,1.675045,-0.3696455,-0.3920361,-0.1362717,0.9098009,0.1130876,1.674428,-0.3958001,-0.3417706,-0.1357799,0.9299229,0.1450126,1.674737,-0.3827228,357.0221,337.698,0.5135168,0,5,False
1,Center_Head_Far,151,26.11999,0.1477085,1.674408,-0.3813176,0.1378763,1.339254,-0.3570502,0.5052885,0.2724767,-0.06211057,-0.8164449,0.1897098,1.15432,-0.1898758,-0.04712052,0.1276271,0.1429001,-0.9803421,MathCanvas,-1.12026,1.219929,2.672291,0.1462108,1.674718,-0.3820675,-0.3576664,-0.1363019,0.9238487,0.1800029,1.674415,-0.3691773,-0.3676674,-0.137694,0.9197071,0.1154141,1.674401,-0.3934579,-0.3168627,-0.1376347,0.938432,0.1477085,1.674408,-0.3813176,357.1094,339.3969,0.01124127,0,5,False
1,Center_Head_Far,152,26.13999,0.149177,1.674245,-0.3805721,0.1380118,1.339244,-0.3570004,0.5053663,0.2702274,-0.06329446,-0.8170532,0.1907292,1.154588,-0.1899448,-0.04633901,0.1244786,0.1434974,-0.9806969,MathCanvas,-1.048568,1.218523,2.708653,0.1477085,1.674408,-0.3813176,-0.3532559,-0.1364799,0.925518,0.181654,1.674087,-0.3689303,-0.3648664,-0.1371826,0.9208981,0.1167,1.674404,-0.392214,-0.3139883,-0.137469,0.939422,0.149177,1.674245,-0.3805721,357.1598,340.2921,359.7362,0,5,False
1,Center_Head_Far,153,26.15999,0.1526413,1.674071,-0.3789524,0.1386079,1.339068,-0.3570219,0.506592,0.2644675,-0.06659432,-0.8179161,0.1936332,1.15491,-0.1906081,-0.04481754,0.1170435,0.1458064,-0.9813423,MathCanvas,-1.032541,1.21769,2.715487,0.1508446,1.674147,-0.3797548,-0.3378537,-0.1384268,0.9309635,0.1855481,1.673586,-0.3685974,-0.3444061,-0.1389745,0.9284775,0.1197346,1.674556,-0.3893075,-0.2931207,-0.1398925,0.9457855,0.1526413,1.674071,-0.3789524,357.2984,342.5703,359.1941,0,5,False
1,Center_Head_Far,154,26.17999,0.1544619,1.674005,-0.3781402,0.1387909,1.339019,-0.3570419,0.5064395,0.2621872,-0.067876,-0.818639,0.1949308,1.154958,-0.1909247,-0.04428268,0.1138116,0.1467346,-0.9816084,MathCanvas,-0.9789892,1.210415,2.739281,0.1526413,1.674071,-0.3789524,-0.3183949,-0.1395121,0.9376359,0.1875433,1.673376,-0.3683657,-0.3280749,-0.1401755,0.9341936,0.1213805,1.674633,-0.3879146,-0.276489,-0.1413141,0.9505704,0.1544619,1.674005,-0.3781402,357.3754,343.5872,358.9551,0,5,False
1,Center_Head_Far,155,26.19999,0.1563077,1.673916,-0.3773229,0.1389728,1.338965,-0.3570809,0.5060526,0.260002,-0.06916446,-0.8194669,0.1959502,1.155153,-0.1910437,-0.04356838,0.1108916,0.1474246,-0.9818711,MathCanvas,-0.9139698,1.205847,2.768268,0.1544619,1.674005,-0.3781402,-0.3028817,-0.1406642,0.9425902,0.1895545,1.673149,-0.3681369,-0.3124775,-0.1411627,0.939378,0.123061,1.674682,-0.386509,-0.2606221,-0.1425259,0.9548625,0.1563077,1.673916,-0.3773229,357.4494,344.6113,358.7253,0,5,False
1,Center_Head_Far,156,26.21999,0.1604807,1.673129,-0.3761459,0.1393498,1.338892,-0.357357,0.502573,0.2565549,-0.07218101,-0.8224293,0.1994212,1.153984,-0.1922479,-0.04487971,0.1016526,0.1474902,-0.9828017,MathCanvas,-0.8617834,1.201094,2.791051,0.1584799,1.673394,-0.3768187,-0.288457,-0.1538473,0.9450521,0.1941182,1.672128,-0.3685409,-0.2963108,-0.1545503,0.9425042,0.1268433,1.674131,-0.3837508,-0.2442462,-0.1565403,0.9569948,0.1604807,1.673129,-0.3761459,357.7515,347.3257,358.3355,0,5,False
1,Center_Head_Far,157,26.23999,0.162489,1.672682,-0.3756967,0.1395518,1.339008,-0.3573247,0.5035046,0.2535431,-0.07409261,-0.8226234,0.2011445,1.153355,-0.1928907,-0.0456214,0.0973399,0.1476161,-0.9831852,MathCanvas,-0.808264,1.156454,2.797687,0.1604807,1.673129,-0.3761459,-0.2703759,-0.1555454,0.9501066,0.1962889,1.671533,-0.3688732,-0.2750646,-0.1582281,0.948316,0.128689,1.67383,-0.3825201,-0.2226874,-0.1604591,0.9615941,0.162489,1.672682,-0.3756967,357.9861,348.6538,358.0912,0,5,False
1,Center_Head_Far,158,26.25999,0.166652,1.672248,-0.3746195,0.1399152,1.339055,-0.3572713,0.5047202,0.2481318,-0.07713687,-0.8232484,0.2041126,1.152786,-0.1939259,-0.04540685,0.0905304,0.1482651,-0.9837479,MathCanvas,-0.7468231,1.14956,2.819646,0.1645177,1.672356,-0.3751234,-0.2295493,-0.1618603,0.9597439,0.2007013,1.670823,-0.3692408,-0.2358398,-0.1634665,0.9579448,0.1326027,1.673673,-0.3799981,-0.1829652,-0.1661469,0.9689783,0.166652,1.672248,-0.3746195,358.3306,351.0923,357.6311,0,5,False
1,Center_Head_Far,159,26.27999,0.1687268,1.671967,-0.374075,0.1400929,1.339044,-0.3573007,0.504671,0.2457353,-0.07857876,-0.8238609,0.2054698,1.152609,-0.1943043,-0.04529175,0.08701021,0.1486419,-0.984014,MathCanvas,-0.6100801,1.124557,2.872891,0.166652,1.672248,-0.3746195,-0.2489351,-0.1679439,0.9538481,0.2028753,1.67041,-0.3694083,-0.2558391,-0.168798,0.9518685,0.1345784,1.673524,-0.3787416,-0.2033651,-0.1720728,0.9638638,0.1687268,1.671967,-0.374075,358.4982,352.2862,357.4124,0,5,False
1,Center_Head_Far,160,26.29999,0.1725958,1.671521,-0.3735409,0.1407243,1.338674,-0.3571913,0.501138,0.2401596,-0.0828238,-0.827239,0.2086052,1.151812,-0.1956446,-0.04428101,0.08106688,0.1460405,-0.9849566,MathCanvas,-0.6672668,1.107964,2.829215,0.1706447,1.671824,-0.3738065,-0.2309887,-0.1555193,0.9604468,0.2068947,1.669722,-0.3702748,-0.2388359,-0.1550263,0.9586053,0.138297,1.673321,-0.376807,-0.1862945,-0.1588014,0.9695754,0.1725958,1.671521,-0.3735409,358.5279,354.6373,357.0096,0,5,False
1,Center_Head_Far,161,26.31999,0.1745463,1.671231,-0.3732757,0.140953,1.338615,-0.3572119,0.5005396,0.2376443,-0.08447034,-0.8281607,0.2100728,1.151597,-0.1961196,-0.04402485,0.07770382,0.1458414,-0.9852686,MathCanvas,-0.6070426,1.146609,2.868181,0.1725958,1.671521,-0.3735409,-0.212636,-0.1569142,0.96445,0.2088979,1.669319,-0.3707015,-0.2200623,-0.1563228,0.9628789,0.1401947,1.673143,-0.3758499,-0.1673238,-0.1602833,0.9727858,0.1745463,1.671231,-0.3732757,358.6324,355.7903,356.8221,0,5,False
1,Center_Head_Far,162,26.33999,0.1759322,1.671157,-0.3732678,0.1414375,1.338443,-0.3570936,0.5003909,0.2346557,-0.0866784,-0.8288742,0.2117252,1.151519,-0.1966054,-0.04332396,0.07427762,0.1456561,-0.9855913,MathCanvas,-0.5434766,1.141368,2.883451,0.1745463,1.671231,-0.3732757,-0.1937569,-0.1583033,0.9681934,0.2103177,1.669234,-0.3712044,-0.2058077,-0.1569337,0.965927,0.1415468,1.67308,-0.3753312,-0.1529291,-0.1609148,0.9750483,0.1759322,1.671157,-0.3732678,358.671,356.6401,356.8042,0,5,False
1,Center_Head_Far,163,26.35999,0.1789287,1.671045,-0.3731513,0.1421317,1.338271,-0.3569449,0.5006567,0.2291559,-0.09002221,-0.8298955,0.2148898,1.151474,-0.1974927,-0.04201183,0.06754464,0.145902,-0.986096,MathCanvas,-0.4796743,1.135513,2.902767,0.1776778,1.670944,-0.3731054,-0.1994563,-0.1520842,0.9680328,0.2133532,1.668964,-0.3721828,-0.2135017,-0.1497707,0.9653941,0.1445042,1.673127,-0.3741198,-0.1610008,-0.1542767,0.9748217,0.1789287,1.671045,-0.3731513,358.7859,358.4619,356.5404,0,5,False
1,Center_Head_Far,164,26.37999,0.1798691,1.671056,-0.3731542,0.1427249,1.338197,-0.3567805,0.5010281,0.2261665,-0.09171399,-0.8303061,0.2166635,1.151715,-0.1978254,-0.04110932,0.06396705,0.1465301,-0.9862795,MathCanvas,-0.4949107,1.157247,2.897234,0.1789287,1.671045,-0.3731513,-0.1873106,-0.1520241,0.9704655,0.2142924,1.668838,-0.3724966,-0.2053089,-0.1480274,0.9674379,0.1454457,1.673273,-0.3738118,-0.1527427,-0.1527335,0.9763924,0.1798691,1.671056,-0.3731542,358.7268,358.9876,356.3139,0,5,False
1,Center_Head_Far,165,26.39999,0.1817546,1.671015,-0.3733284,0.1438451,1.337985,-0.35658,0.4989422,0.2203304,-0.09573861,-0.8326736,0.2200134,1.151789,-0.1985041,-0.0402571,0.05636597,0.1475273,-0.9866296,MathCanvas,-0.4520465,1.158183,2.900832,0.1807257,1.671074,-0.373246,-0.1734987,-0.08863226,0.9808376,0.2161706,1.668597,-0.3734323,-0.1870615,-0.0866832,0.9785162,0.1473387,1.673434,-0.3732246,-0.1344156,-0.09123588,0.986716,0.1817546,1.671015,-0.3733284,358.7749,0.2590557,355.9796,0,5,False
1,Center_Head_Far,166,26.41999,0.1823737,1.670902,-0.3735237,0.144484,1.337963,-0.3565502,0.4973721,0.2178557,-0.09764942,-0.8340411,0.2217247,1.151802,-0.1987057,-0.04023686,0.05216135,0.1481776,-0.9867643,MathCanvas,-0.4133475,1.367006,2.990954,0.1817546,1.671015,-0.3733284,-0.1607912,-0.08895975,0.9829712,0.2167878,1.668466,-0.3737446,-0.1837902,-0.08675415,0.9791296,0.1479596,1.673339,-0.3733028,-0.1311192,-0.09133548,0.9871502,0.1823737,1.670902,-0.3735237,358.7849,0.4537981,355.9499,0,5,False
1,Center_Head_Far,167,26.43999,0.183382,1.670836,-0.3738699,0.1455329,1.338231,-0.3563474,0.4978427,0.213545,-0.1000407,-0.8345916,0.2249653,1.151892,-0.1994723,-0.03925058,0.04576873,0.1489276,-0.9870082,MathCanvas,-0.3681286,1.36633,2.991885,0.1828253,1.670845,-0.3736974,-0.2077903,-0.08489899,0.9744821,0.2177857,1.668307,-0.3744222,-0.2268023,-0.08251939,0.9704387,0.1489782,1.673365,-0.3733176,-0.1750912,-0.08745396,0.9806604,0.183382,1.670836,-0.3738699,358.8245,1.006128,355.7961,0,5,False
1,Center_Head_Far,168,26.45999,0.183923,1.670753,-0.3740534,0.1460025,1.338228,-0.356268,0.4974411,0.210953,-0.1016862,-0.8352911,0.2266047,1.151899,-0.1998546,-0.03881148,0.04223627,0.1492074,-0.9871408,MathCanvas,-0.5213692,1.382889,2.931228,0.183382,1.670836,-0.3738699,-0.2010123,-0.08498692,0.9758951,0.2183164,1.668159,-0.3748797,-0.2192448,-0.08237226,0.9721864,0.1495297,1.673348,-0.3732271,-0.1674638,-0.0874088,0.9819956,0.183923,1.670753,-0.3740534,358.8434,1.463453,355.6867,0,5,False
1,Center_Head_Far,169,26.47999,0.184592,1.670751,-0.3744348,0.1471318,1.338441,-0.3560182,0.4988809,0.205926,-0.1045502,-0.8353332,0.2296289,1.151898,-0.2006365,-0.03773019,0.03645433,0.1491723,-0.9874185,MathCanvas,-0.49623,1.383188,2.928025,0.1841634,1.670777,-0.374241,-0.2017291,-0.08475306,0.9757676,0.2189695,1.668056,-0.375549,-0.2210396,-0.08211248,0.9718019,0.1502146,1.673447,-0.3733205,-0.169407,-0.08735008,0.9816676,0.184592,1.670751,-0.3744348,358.8607,1.945764,355.5186,0,5,False
1,Center_Head_Far,170,26.49999,0.1844464,1.670743,-0.3745367,0.147777,1.338477,-0.3558319,0.4991723,0.2039964,-0.1060799,-0.8354397,0.2309751,1.151839,-0.2009166,-0.03732574,0.03418828,0.149236,-0.9875053,MathCanvas,-0.4969725,1.384404,2.922306,0.184592,1.670751,-0.3744348,-0.1952861,-0.08473159,0.9770793,0.2188243,1.668042,-0.3756259,-0.2216932,-0.08125006,0.9717256,0.1500686,1.673444,-0.3734475,-0.1700679,-0.08648586,0.9816298,0.1844464,1.670743,-0.3745367,358.8118,1.908036,355.5095,0,5,False
1,Center_Head_Far,171,26.51999,0.1840774,1.670847,-0.3746755,0.1482475,1.338363,-0.3559028,0.4979234,0.2040752,-0.1063634,-0.8361294,0.232027,1.151424,-0.2009378,-0.03796458,0.03228123,0.1494463,-0.9875132,MathCanvas,-0.4740187,1.385045,2.919977,0.1844464,1.670743,-0.3745367,-0.1959438,-0.08386826,0.9770221,0.2184647,1.668222,-0.3756452,-0.2248369,-0.08103365,0.971021,0.1496902,1.673472,-0.3737059,-0.1732343,-0.08614789,0.9811057,0.1840774,1.670847,-0.3746755,358.7659,1.709363,355.635,0,5,False
1,Center_Head_Far,172,26.53999,0.1843669,1.670881,-0.3750077,0.1492443,1.338424,-0.3559402,0.4974928,0.2009056,-0.1084071,-0.8368905,0.2345645,1.15109,-0.2013372,-0.03814939,0.02723563,0.1493362,-0.9876748,MathCanvas,-0.4758856,1.388369,2.916056,0.1841205,1.670867,-0.3748677,-0.1958604,-0.08091493,0.9772878,0.2187628,1.668371,-0.3759775,-0.2244075,-0.07893585,0.9712932,0.1499711,1.673391,-0.3740378,-0.1727869,-0.08384341,0.9813842,0.1843669,1.670881,-0.3750077,358.737,1.707307,355.8268,0,5,False
1,Center_Head_Far,173,26.55999,0.1839383,1.670961,-0.3751612,0.1496745,1.338482,-0.3559642,0.4979423,0.1997923,-0.1091337,-0.8367953,0.2354921,1.150986,-0.201497,-0.03808993,0.02636364,0.1495481,-0.9876688,MathCanvas,-0.4752486,1.398377,2.916286,0.1843669,1.670881,-0.3750077,-0.193625,-0.08559205,0.9773349,0.2183391,1.668492,-0.3760595,-0.2213332,-0.08314042,0.9716477,0.1495375,1.673429,-0.3742629,-0.1696115,-0.08800814,0.9815735,0.1839383,1.670961,-0.3751612,358.7201,1.587645,355.8958,0,5,False
1,Center_Head_Far,174,26.57999,0.183298,1.671068,-0.3754873,0.1504292,1.338577,-0.355996,0.4983193,0.1981658,-0.110385,-0.8367935,0.2375371,1.150818,-0.2018864,-0.03765881,0.02367509,0.1496048,-0.9877447,MathCanvas,-0.4663157,1.383515,2.907039,0.183437,1.671027,-0.3753229,-0.1844141,-0.08616099,0.9790647,0.2177063,1.668677,-0.3763063,-0.2104872,-0.0836734,0.9740092,0.1488897,1.673458,-0.3746682,-0.1584971,-0.0883631,0.9833975,0.183298,1.671068,-0.3754873,358.6614,1.456551,356.0261,1,6,False
1,Center_Head_Far,175,26.59999,0.1819349,1.671101,-0.3756089,0.1504154,1.338603,-0.3560814,0.4986325,0.1995824,-0.1097688,-0.8363512,0.237988,1.150667,-0.2018977,-0.03753388,0.0234431,0.148996,-0.9878471,MathCanvas,-0.4359808,1.381732,2.912299,0.183298,1.671068,-0.3754873,-0.1845523,-0.08601854,0.9790512,0.2163513,1.668779,-0.3762701,-0.2147647,-0.08381249,0.9730629,0.1475185,1.673423,-0.3749476,-0.1628087,-0.08839565,0.98269,0.1819349,1.671101,-0.3756089,358.642,1.192292,356.14,1,6,False
1,Center_Head_Far,176,26.61999,0.1813227,1.67115,-0.3757865,0.1505257,1.338592,-0.3561839,0.4987274,0.2000658,-0.1098226,-0.836172,0.2385409,1.15051,-0.2018927,-0.03790042,0.02281649,0.1487178,-0.9878897,MathCanvas,-0.4371467,1.382552,2.908624,0.1819349,1.671101,-0.3756089,-0.173666,-0.08846172,0.9808235,0.2157449,1.668885,-0.3763295,-0.2029461,-0.08649504,0.9753622,0.1469004,1.673415,-0.3752434,-0.1507044,-0.09094362,0.9843869,0.1813227,1.67115,-0.3757865,358.6382,0.9934192,356.2353,1,6,False
1,Center_Head_Far,177,26.63999,0.180016,1.671257,-0.3761433,0.1506164,1.338545,-0.3563059,0.4984926,0.2006155,-0.1098569,-0.8361759,0.2390715,1.150306,-0.2018293,-0.03855852,0.02267458,0.1488691,-0.9878446,MathCanvas,-0.4009631,1.374546,2.912822,0.180776,1.671195,-0.3759344,-0.1690807,-0.09202366,0.9812968,0.2144571,1.669241,-0.3763891,-0.2011958,-0.09043483,0.9753675,0.1455748,1.673273,-0.3758974,-0.1488139,-0.09448148,0.9843412,0.180016,1.671257,-0.3761433,358.5851,0.4918591,356.6496,1,6,False
1,Center_Head_Far,178,26.65999,0.1790338,1.671416,-0.3763822,0.1505607,1.338519,-0.3563696,0.4983374,0.2014074,-0.1095136,-0.836123,0.2387932,1.150215,-0.201719,-0.0387232,0.02376785,0.1486914,-0.9878393,MathCanvas,-0.3863883,1.362986,2.911108,0.180016,1.671257,-0.3761433,-0.175063,-0.09245838,0.9802063,0.2134839,1.669545,-0.3763672,-0.2081775,-0.09094802,0.9738535,0.1445836,1.673287,-0.3763973,-0.1558483,-0.09477168,0.9832241,0.1790338,1.671416,-0.3763822,358.5637,0.05307361,356.89,1,6,False
1,Center_Head_Far,179,26.67999,0.1770532,1.6716,-0.3768017,0.1506387,1.33854,-0.3564832,0.4984392,0.2024636,-0.1091544,-0.8358542,0.2384063,1.150058,-0.2015624,-0.03887454,0.02514044,0.1478058,-0.9879323,MathCanvas,-0.4070489,1.361881,2.90519,0.1780179,1.671517,-0.3765765,-0.1613104,-0.09381947,0.9824342,0.2115087,1.6699,-0.3763023,-0.1935786,-0.09191446,0.9767697,0.1425978,1.6733,-0.3773011,-0.1408432,-0.0953338,0.9854312,0.1770532,1.6716,-0.3768017,358.4934,359.244,357.1749,0,6,False
1,Center_Head_Far,180,26.69999,0.1759814,1.671849,-0.377045,0.1507011,1.338664,-0.3566551,0.4990239,0.2043604,-0.1086164,-0.8351134,0.2383321,1.149682,-0.2013747,-0.03946829,0.0266926,0.1467931,-0.988019,MathCanvas,-0.3630477,1.357473,2.912594,0.1770532,1.6716,-0.3768017,-0.1670148,-0.09376525,0.9814857,0.2104345,1.670239,-0.3762004,-0.2028016,-0.09121062,0.9749627,0.1415284,1.673458,-0.3778895,-0.150144,-0.09448083,0.9841393,0.1759814,1.671849,-0.377045,358.4163,358.6698,357.325,0,6,False
1,Center_Head_Far,181,26.71999,0.1748768,1.672002,-0.3772892,0.1506838,1.338706,-0.3566794,0.4992204,0.2048963,-0.1084304,-0.8348889,0.2382693,1.149593,-0.2013215,-0.0396395,0.02707685,0.1465648,-0.9880356,MathCanvas,-0.383241,1.35789,2.909304,0.1759814,1.671849,-0.377045,-0.1537972,-0.07891916,0.9849458,0.2093262,1.670479,-0.376176,-0.1876505,-0.07655577,0.9792479,0.1404275,1.673525,-0.3784025,-0.1346826,-0.07947767,0.9876962,0.1748768,1.672002,-0.3772892,358.345,358.2222,357.4688,0,6,False
1,Center_Head_Far,182,26.73999,0.1725377,1.672401,-0.3777469,0.150655,1.33875,-0.3567092,0.4994826,0.205458,-0.1082111,-0.8346224,0.2382693,1.149593,-0.2013215,-0.0396395,0.02707685,0.1465648,-0.9880356,MathCanvas,-0.3423796,1.406578,2.935317,0.1736729,1.672212,-0.3775127,-0.1384424,-0.07853839,0.9872515,0.2069754,1.67107,-0.3761377,-0.171861,-0.0767331,0.9821282,0.1381,1.673733,-0.379356,-0.1185683,-0.07922754,0.98978,0.1725377,1.672401,-0.3777469,358.2406,357.3927,357.788,0,6,False
1,Center_Head_Far,183,26.75999,0.1697638,1.673267,-0.3782021,0.1494376,1.338882,-0.3572284,0.5011438,0.2153322,-0.1037874,-0.8316941,0.2351027,1.148417,-0.1997694,-0.04378868,0.03640436,0.1432997,-0.9880397,MathCanvas,-0.2933974,1.408076,2.944899,0.1712012,1.672881,-0.3779681,-0.1597328,-0.07398035,0.9843842,0.2041537,1.672191,-0.3756551,-0.1977721,-0.06968845,0.9777677,0.1353738,1.674344,-0.3807492,-0.1446896,-0.07174573,0.9868726,0.1697638,1.673267,-0.3782021,357.7785,355.8336,358.2105,0,6,False
1,Center_Head_Far,184,26.77999,0.1684522,1.67356,-0.3784273,0.1494376,1.338882,-0.3572284,0.5011438,0.2153322,-0.1037874,-0.8316941,0.2346413,1.148394,-0.1996059,-0.04405621,0.03759245,0.1430773,-0.9880155,MathCanvas,-0.3686146,1.423918,2.939656,0.1697638,1.673267,-0.3782021,-0.1577176,-0.07327892,0.9847616,0.2028176,1.672594,-0.3755287,-0.1940212,-0.07007709,0.9784912,0.1340868,1.674526,-0.381326,-0.1408326,-0.07190958,0.9874185,0.1684522,1.67356,-0.3784273,357.6309,355.245,358.394,0,6,False
1,Center_Head_Far,185,26.79999,0.1671262,1.673886,-0.3786519,0.1494376,1.338882,-0.3572284,0.5011438,0.2153322,-0.1037874,-0.8316941,0.2346413,1.148394,-0.1996059,-0.04405621,0.03759245,0.1430773,-0.9880155,MathCanvas,-0.3635928,1.426361,2.94357,0.1684522,1.67356,-0.3784273,-0.1674863,-0.07099337,0.9833149,0.2014644,1.673029,-0.3754159,-0.2033549,-0.06831576,0.9767189,0.1327881,1.674743,-0.381888,-0.1502509,-0.06996892,0.9861689,0.1671262,1.673886,-0.3786519,357.5086,354.6783,358.5751,0,6,False
1,Center_Head_Far,186,26.81999,0.1647207,1.673989,-0.3794846,0.1477044,1.338589,-0.3580273,0.5004271,0.2259839,-0.09834238,-0.8299595,0.2297878,1.148663,-0.1983459,-0.04494441,0.04925644,0.1401754,-0.9878789,MathCanvas,-0.3986565,1.434065,2.943069,0.1659579,1.673781,-0.3792491,-0.1545973,-0.06821156,0.98562,0.1989855,1.673295,-0.3755154,-0.1910603,-0.06580459,0.9793701,0.1304558,1.674683,-0.3834539,-0.1377182,-0.06706913,0.9881981,0.1647207,1.673989,-0.3794846,357.2361,353.4479,358.8462,0,6,False
1,Center_Head_Far,187,26.83999,0.1636854,1.674018,-0.3797845,0.1471713,1.338528,-0.3582754,0.5011001,0.2287116,-0.09667236,-0.829002,0.2273444,1.149031,-0.197925,-0.04462817,0.05445987,0.1391511,-0.9877648,MathCanvas,-0.3579811,1.443362,2.952949,0.1647207,1.673989,-0.3794846,-0.1644486,-0.0664369,0.9841457,0.1979134,1.673471,-0.3754878,-0.2001231,-0.06551268,0.977578,0.1294574,1.674565,-0.3840812,-0.1468629,-0.06654564,0.9869159,0.1636854,1.674018,-0.3797845,357.2002,352.8894,359.0904,0,6,False
1,Center_Head_Far,188,26.85999,0.1615704,1.67395,-0.3803719,0.146388,1.338463,-0.3587039,0.501543,0.2331678,-0.09454946,-0.8277366,0.2236489,1.14956,-0.1973728,-0.04451296,0.06237056,0.1377899,-0.987493,MathCanvas,-0.3931373,1.449063,2.95253,0.1624865,1.674167,-0.3800663,-0.1519893,-0.06610139,0.9861693,0.1957169,1.673635,-0.3754492,-0.1866308,-0.06684069,0.9801537,0.1274239,1.674266,-0.3852946,-0.1331892,-0.06739833,0.9887963,0.1615704,1.67395,-0.3803719,357.1602,351.8225,359.4754,0,6,False
1,Center_Head_Far,189,26.87999,0.1606183,1.673855,-0.38064,0.145951,1.338398,-0.3589823,0.50162,0.2357533,-0.09324346,-0.8271055,0.2216689,1.149975,-0.1971858,-0.04421014,0.06636073,0.1365775,-0.987415,MathCanvas,-0.3530812,1.450124,2.9589,0.1615704,1.67395,-0.3803719,-0.1410765,-0.06907292,0.9875861,0.1947243,1.67363,-0.3754393,-0.1756505,-0.0691607,0.9820202,0.1265124,1.67408,-0.3858407,-0.1221081,-0.06950708,0.99008,0.1606183,1.673855,-0.38064,357.1753,351.3484,359.6254,0,6,False
1,Center_Head_Far,190,26.89999,0.1589202,1.673465,-0.3811485,0.1450372,1.338222,-0.3596012,0.5019054,0.2410935,-0.0905863,-0.8256871,0.2180556,1.150726,-0.196858,-0.04380882,0.07369051,0.134661,-0.9871762,MathCanvas,-0.3167292,1.440139,2.960963,0.159585,1.673818,-0.380931,-0.1577506,-0.06876707,0.9850817,0.1929359,1.673363,-0.3753828,-0.1916556,-0.07068202,0.9789138,0.1249046,1.673566,-0.3869142,-0.1382533,-0.07083398,0.9878606,0.1589202,1.673465,-0.3811485,357.2574,350.3878,359.8312,0,6,False
1,Center_Head_Far,191,26.91999,0.1580276,1.673257,-0.3814256,0.1446376,1.338167,-0.3598348,0.5020321,0.243486,-0.08938307,-0.8250388,0.2164645,1.150954,-0.1966108,-0.04380596,0.07714945,0.1337927,-0.9870301,MathCanvas,-0.3753312,1.440573,2.955011,0.1589202,1.673465,-0.3811485,-0.1650156,-0.07075801,0.9837495,0.1919938,1.673219,-0.3753749,-0.1997203,-0.07118199,0.977264,0.1240614,1.673295,-0.3874762,-0.1463948,-0.0712341,0.9866582,0.1580276,1.673257,-0.3814256,357.2835,349.9024,359.937,0,6,False
1,Center_Head_Far,192,26.93999,0.1568398,1.672957,-0.3818207,0.1436893,1.338009,-0.3605111,0.502557,0.248109,-0.08777867,-0.8235129,0.2125915,1.152189,-0.1968321,-0.04227832,0.08286953,0.1303322,-0.9870961,MathCanvas,-0.4008822,1.433599,2.950545,0.1573697,1.673047,-0.3816616,-0.1789775,-0.07330985,0.9811181,0.1907388,1.672872,-0.3754042,-0.2102907,-0.07558189,0.9747128,0.1229409,1.673042,-0.3882372,-0.1570697,-0.07570744,0.9846814,0.1568398,1.672957,-0.3818207,357.5383,349.2878,359.8587,0,6,False
1,Center_Head_Far,193,26.95999,0.1563558,1.672764,-0.3820396,0.1433158,1.338131,-0.360835,0.503294,0.2501443,-0.08717465,-0.8225105,0.2107714,1.152841,-0.197261,-0.039343,0.0879826,0.1304366,-0.9867611,MathCanvas,-0.4495578,1.424574,2.942327,0.1568398,1.672957,-0.3818207,-0.1837478,-0.07564467,0.9800585,0.1902261,1.672659,-0.3754737,-0.2146047,-0.0775363,0.9736184,0.1224855,1.672868,-0.3886055,-0.1614282,-0.07769214,0.9838216,0.1563558,1.672764,-0.3820396,357.6515,349.0362,359.8264,0,6,False
1,Center_Head_Far,194,26.97999,0.15586,1.672491,-0.3823297,0.1429117,1.338216,-0.3611147,0.5039063,0.2523562,-0.08625394,-0.8215564,0.2088802,1.153251,-0.1973896,-0.03864158,0.09272345,0.1289845,-0.9865456,MathCanvas,-0.4660761,1.416523,2.937835,0.1563558,1.672764,-0.3820396,-0.1505473,-0.07808144,0.9855145,0.1896948,1.6724,-0.3755833,-0.1824086,-0.07997058,0.9799652,0.1220252,1.672581,-0.3890762,-0.12897,-0.07993886,0.9884213,0.15586,1.672491,-0.3823297,357.7602,348.7293,359.8502,0,6,False
1,Center_Head_Far,195,26.99999,0.1547995,1.672017,-0.3827938,0.1421108,1.338191,-0.3616731,0.5045382,0.2569185,-0.08428174,-0.8199578,0.2054084,1.154044,-0.1973699,-0.03717173,0.1003383,0.1269305,-0.9861233,MathCanvas,-0.3527367,1.408707,2.94705,0.1553247,1.672263,-0.382564,-0.1619884,-0.06456641,0.9846781,0.1885512,1.671964,-0.375643,-0.1942472,-0.06642477,0.9787011,0.1210478,1.67207,-0.3899446,-0.1409134,-0.06636372,0.9877951,0.1547995,1.672017,-0.3827938,357.9493,348.041,359.9125,0,6,False
1,Center_Head_Far,196,27.01999,0.1546165,1.671765,-0.3831023,0.1417272,1.338503,-0.3618852,0.5063552,0.2580981,-0.08344143,-0.8185521,0.2037327,1.154027,-0.1975894,-0.03759697,0.1019376,0.1211741,-0.9866672,MathCanvas,-0.3948776,1.452923,2.958525,0.1547995,1.672017,-0.3827938,-0.1676422,-0.06639424,0.9836096,0.1883545,1.67169,-0.3758871,-0.1961233,-0.06918433,0.9781355,0.1208785,1.67184,-0.3903175,-0.142807,-0.06915215,0.9873318,0.1546165,1.671765,-0.3831023,358.1073,347.9326,359.8755,0,6,False
1,Center_Head_Far,197,27.03999,0.1540927,1.671612,-0.3833166,0.1411177,1.33845,-0.3623887,0.5067554,0.2612847,-0.08176066,-0.8174622,0.2009597,1.154499,-0.1977888,-0.03584946,0.1066375,0.1189552,-0.9865054,MathCanvas,-0.4140375,1.446551,2.953371,0.1542915,1.671632,-0.3832914,-0.2255674,-0.04458514,0.9732068,0.187781,1.671525,-0.3758731,-0.2544162,-0.04379505,0.9661027,0.1204044,1.671699,-0.3907601,-0.2017031,-0.04396242,0.9784595,0.1540927,1.671612,-0.3833166,358.1559,347.5452,359.8551,0,6,False
1,Center_Head_Far,198,27.05999,0.1538774,1.671626,-0.3834231,0.1408778,1.338353,-0.3625798,0.5062238,0.2627182,-0.08094054,-0.8174138,0.1999973,1.154436,-0.197728,-0.03697795,0.1078556,0.1205432,-0.9861385,MathCanvas,-0.6200457,1.518598,2.956691,0.1540927,1.671612,-0.3833166,-0.2281437,-0.04387874,0.9726382,0.187546,1.671545,-0.3758906,-0.2569639,-0.04340729,0.9654457,0.1202089,1.671707,-0.3909556,-0.2042835,-0.04356536,0.9779419,0.1538774,1.671626,-0.3834231,358.1333,347.3936,359.8646,0,6,False
1,Center_Head_Far,199,27.07999,0.1534977,1.671458,-0.3836023,0.1403569,1.338293,-0.3630002,0.5063245,0.2656938,-0.07942788,-0.8165376,0.1975262,1.154525,-0.1977028,-0.03811517,0.1118311,0.1206416,-0.9856402,MathCanvas,-0.6291409,1.521029,2.954795,0.1537013,1.671527,-0.3835038,-0.2336387,-0.04955126,0.97106,0.1871151,1.671376,-0.3758444,-0.2633678,-0.04993365,0.9634023,0.1198804,1.67154,-0.3913602,-0.2107722,-0.05009667,0.9762507,0.1534977,1.671458,-0.3836023,358.1584,347.0097,359.8641,0,6,False
1,Center_Head_Far,200,27.09999,0.1533208,1.671373,-0.3837275,0.1402109,1.338237,-0.3631148,0.5063273,0.2668339,-0.07874913,-0.8162298,0.1969426,1.154208,-0.1976911,-0.03954062,0.1127381,0.1221048,-0.9853005,MathCanvas,-0.6473156,1.501618,2.944774,0.1534977,1.671458,-0.3836023,-0.2371568,-0.05001513,0.9701831,0.1869225,1.671281,-0.3759024,-0.2653096,-0.05000626,0.9628657,0.1197191,1.671465,-0.3915527,-0.21274,-0.05018521,0.9758192,0.1533208,1.671373,-0.3837275,358.1632,346.8955,359.8473,0,6,False
1,Center_Head_Far,201,27.11999,0.1533344,1.671343,-0.3838016,0.1400184,1.338241,-0.363142,0.5069237,0.2678629,-0.07796876,-0.8155972,0.1965207,1.154096,-0.1978825,-0.03822395,0.1139947,0.1226538,-0.9851397,MathCanvas,-0.6593208,1.499991,2.940702,0.1533208,1.671373,-0.3837275,-0.1850771,-0.05570263,0.9811441,0.1869211,1.671251,-0.375912,-0.2134541,-0.05627679,0.9753309,0.1197478,1.671436,-0.3916911,-0.1603127,-0.05629246,0.9854598,0.1533344,1.671343,-0.3838016,358.1967,346.7857,359.8465,0,6,False
1,Center_Head_Far,202,27.13999,0.1532756,1.671314,-0.383937,0.1397146,1.338217,-0.3631748,0.507207,0.2693944,-0.07658868,-0.8150472,0.1950708,1.154055,-0.198127,-0.03715,0.1165889,0.1228275,-0.9848555,MathCanvas,-0.4764589,1.481794,2.954904,0.153189,1.671276,-0.3839035,-0.1898086,-0.05674567,0.9801799,0.1868222,1.671256,-0.3758789,-0.2182952,-0.05620382,0.974263,0.1197289,1.671371,-0.3919952,-0.1652054,-0.05616466,0.9846587,0.1532756,1.671314,-0.383937,358.1934,346.4961,359.9048,0,6,False
1,Center_Head_Far,203,27.15999,0.1533287,1.671422,-0.3839117,0.1397405,1.338194,-0.3631321,0.5070478,0.2690889,-0.07623921,-0.8152799,0.1947351,1.153909,-0.1982241,-0.03771958,0.1169677,0.1229886,-0.9847688,MathCanvas,-0.4925073,1.478249,2.950913,0.1532756,1.671314,-0.383937,-0.1884946,-0.05618149,0.9804659,0.1868556,1.671368,-0.3757715,-0.2173748,-0.05533337,0.9745185,0.1198019,1.671477,-0.3920519,-0.1642832,-0.05528136,0.9848629,0.1533287,1.671422,-0.3839117,358.1433,346.3557,359.9098,0,6,False
1,Center_Head_Far,204,27.17999,0.1533309,1.671636,-0.3838927,0.1397652,1.338154,-0.3630516,0.5063849,0.2689459,-0.07612458,-0.8157496,0.1945657,1.153695,-0.1982408,-0.03893229,0.1174215,0.1232864,-0.9846303,MathCanvas,-0.4877613,1.480343,2.950757,0.1533675,1.671591,-0.3838615,-0.1934303,-0.05398549,0.9796276,0.1868175,1.671522,-0.3755889,-0.2222447,-0.05330912,0.9735324,0.1198444,1.671751,-0.3921965,-0.1692041,-0.0533562,0.9841357,0.1533309,1.671636,-0.3838927,358.0253,346.0796,359.81,0,6,False
1,Center_Head_Far,205,27.19999,0.1534291,1.671654,-0.3839064,0.1394503,1.338132,-0.3630444,0.506098,0.2708656,-0.07462435,-0.8154311,0.1942758,1.153334,-0.1981607,-0.03992275,0.1184906,0.1232172,-0.9844713,MathCanvas,-0.5050634,1.487882,2.950545,0.1533309,1.671636,-0.3838927,-0.1955841,-0.05288089,0.9792601,0.1869046,1.67145,-0.3755599,-0.2234184,-0.05171334,0.9733499,0.1199535,1.671857,-0.3922529,-0.170389,-0.05195696,0.9840062,0.1534291,1.671654,-0.3839064,357.9584,346.0119,359.6613,0,6,False
1,Center_Head_Far,206,27.21999,0.1536404,1.671709,-0.3837484,0.139324,1.338165,-0.3630151,0.5064121,0.2717683,-0.07372192,-0.8150178,0.1943194,1.152834,-0.1979674,-0.04092321,0.117812,0.1226661,-0.9845805,MathCanvas,-0.5123606,1.491641,2.949602,0.1534815,1.671695,-0.3838506,-0.1990066,-0.06542648,0.9778117,0.1870927,1.671448,-0.375311,-0.226285,-0.06566875,0.971845,0.120188,1.671971,-0.3921857,-0.1732883,-0.06591632,0.9826627,0.1536404,1.671709,-0.3837484,357.9587,345.8596,359.5651,0,6,False
1,Center_Head_Far,207,27.23999,0.1538215,1.671693,-0.3836092,0.1392645,1.338161,-0.3628885,0.5065078,0.2715638,-0.07367023,-0.8150311,0.1943858,1.152599,-0.19784,-0.04158774,0.1172567,0.1229026,-0.9845894,MathCanvas,-0.5212528,1.449828,2.932314,0.1536404,1.671709,-0.3837484,-0.1998596,-0.06579252,0.9776132,0.1872676,1.671424,-0.3751477,-0.2270019,-0.06550497,0.9716889,0.1203753,1.671962,-0.3920707,-0.1740131,-0.06576456,0.9825449,0.1538215,1.671693,-0.3836092,357.9491,345.8187,359.5527,0,6,False
1,Center_Head_Far,208,27.25999,0.1540142,1.671744,-0.3834505,0.1392645,1.338161,-0.3628885,0.5065078,0.2715638,-0.07367023,-0.8150311,0.1943858,1.152549,-0.1978166,-0.04172278,0.1172176,0.1229698,-0.98458,MathCanvas,-0.5236507,1.448673,2.930245,0.1539052,1.671719,-0.383539,-0.2020121,-0.06539394,0.9771974,0.1874363,1.671432,-0.374896,-0.2297871,-0.06512207,0.9710597,0.120592,1.672056,-0.3920049,-0.176829,-0.0654495,0.982063,0.1540142,1.671744,-0.3834505,357.9259,345.662,359.4818,0,6,False
1,Center_Head_Far,209,27.27999,0.1543383,1.671743,-0.3831837,0.1390491,1.338063,-0.3626904,0.5060547,0.272164,-0.07275425,-0.8151947,0.1943062,1.152294,-0.1977914,-0.04161677,0.1180206,0.123414,-0.9844329,MathCanvas,-0.530787,1.450065,2.929153,0.1540142,1.671744,-0.3834505,-0.203825,-0.07368293,0.9762306,0.1877665,1.671391,-0.3746545,-0.2295772,-0.07373814,0.9704931,0.1209101,1.672095,-0.3917128,-0.1766159,-0.07410994,0.9814859,0.1543383,1.671743,-0.3831837,357.9367,345.7076,359.4144,0,6,False
1,Center_Head_Far,210,27.29999,0.1544628,1.671753,-0.3830577,0.1390491,1.338063,-0.3626904,0.5060547,0.272164,-0.07275425,-0.8151947,0.1943062,1.152294,-0.1977914,-0.04161677,0.1180206,0.123414,-0.9844329,MathCanvas,-0.5348011,1.422619,2.917485,0.1543383,1.671743,-0.3831837,-0.203171,-0.07392403,0.9763487,0.187883,1.671375,-0.3744987,-0.2305008,-0.07362072,0.9702831,0.1210425,1.672132,-0.3916166,-0.1775497,-0.0740338,0.9813231,0.1544628,1.671753,-0.3830577,357.9293,345.6579,359.3709,0,6,False
1,Center_Head_Far,211,27.31999,0.1549535,1.671696,-0.3827249,0.1389507,1.338077,-0.3624756,0.505789,0.2722364,-0.07205497,-0.8153974,0.1941062,1.152016,-0.1976396,-0.04159835,0.1185211,0.123073,-0.9844162,MathCanvas,-0.5322859,1.421879,2.917149,0.1547604,1.671819,-0.3829163,-0.2053204,-0.07483515,0.9758295,0.1883747,1.671304,-0.3741698,-0.2317165,-0.0759137,0.9698167,0.1215324,1.672089,-0.3912799,-0.1787761,-0.07634805,0.9809231,0.1549535,1.671696,-0.3827249,358.0476,345.6641,359.3483,0,6,False
1,Center_Head_Far,212,27.33999,0.1551054,1.671594,-0.3825541,0.1389681,1.33809,-0.3624131,0.5059497,0.2722138,-0.07185336,-0.8153231,0.1940941,1.15195,-0.1975994,-0.04161618,0.1184086,0.123173,-0.9844165,MathCanvas,-0.5388467,1.418821,2.914709,0.1549535,1.671696,-0.3827249,-0.2067431,-0.07387585,0.9756022,0.1885241,1.671196,-0.3739899,-0.2334045,-0.07457529,0.9695158,0.1216867,1.671992,-0.3911184,-0.1804799,-0.07502786,0.9807128,0.1551054,1.671594,-0.3825541,358.1004,345.648,359.3386,0,6,False
1,Center_Head_Far,213,27.35999,0.1553549,1.671354,-0.3821709,0.1390484,1.338074,-0.362235,0.5057591,0.2721651,-0.07143326,-0.8154945,0.1940313,1.151849,-0.1975467,-0.04179123,0.1185833,0.123296,-0.9843727,MathCanvas,-0.5435625,1.421937,2.914397,0.1552429,1.671471,-0.3823709,-0.2111167,-0.08265052,0.9739603,0.1887686,1.670946,-0.3735875,-0.2377713,-0.08280078,0.9677855,0.1219412,1.671763,-0.3907543,-0.18489,-0.0832689,0.9792252,0.1553549,1.671354,-0.3821709,358.1552,345.6151,359.3209,0,6,False
1,Center_Head_Far,214,27.37999,0.1554906,1.671261,-0.3819966,0.1390602,1.338076,-0.36219,0.505695,0.2721159,-0.07137986,-0.8155553,0.1940167,1.151829,-0.1975344,-0.04180169,0.11871,0.1232587,-0.9843616,MathCanvas,-0.5563638,1.392722,2.901253,0.1553549,1.671354,-0.3821709,-0.2114081,-0.08303484,0.9738644,0.1888998,1.670844,-0.3733963,-0.2382768,-0.08343439,0.9676068,0.1220814,1.671679,-0.3905969,-0.1854013,-0.08391476,0.9790733,0.1554906,1.671261,-0.3819966,358.1915,345.5861,359.3066,0,6,False
1,Center_Head_Far,215,27.39999,0.1556958,1.671094,-0.3816719,0.1391174,1.338072,-0.3620153,0.5053126,0.2719371,-0.0711894,-0.8158686,0.1940005,1.151753,-0.1974738,-0.04208663,0.1186553,0.1232885,-0.9843524,MathCanvas,-0.557027,1.391406,2.90026,0.1555865,1.671173,-0.3818534,-0.2125431,-0.08424296,0.9735135,0.1890956,1.670654,-0.3730362,-0.2393456,-0.0845636,0.9672449,0.122296,1.671534,-0.3903075,-0.1864828,-0.0850772,0.9787676,0.1556958,1.671094,-0.3816719,358.256,345.5257,359.2689,0,6,False
1,Center_Head_Far,216,27.41999,0.1557366,1.671041,-0.3815255,0.1391619,1.338089,-0.361918,0.5049829,0.2718983,-0.07095025,-0.8161064,0.1939601,1.151646,-0.197395,-0.04257739,0.1182432,0.1234016,-0.9843667,MathCanvas,-0.5603511,1.387284,2.898046,0.1556958,1.671094,-0.3816719,-0.2129926,-0.0848204,0.9733651,0.1891307,1.670578,-0.372869,-0.2400002,-0.08533039,0.9670153,0.1223424,1.671504,-0.390182,-0.1871448,-0.08587842,0.9785712,0.1557366,1.671041,-0.3815255,358.2997,345.4904,359.2307,0,6,False
1,Center_Head_Far,217,27.43999,0.1557962,1.670979,-0.3813725,0.1391689,1.338098,-0.3618844,0.5048943,0.2718983,-0.07085159,-0.8161698,0.1939011,1.151538,-0.1973103,-0.04304478,0.1178115,0.1233521,-0.9844043,MathCanvas,-0.5616432,1.385357,2.896863,0.1557366,1.671041,-0.3815255,-0.2136512,-0.08560439,0.9731522,0.1891846,1.670502,-0.3726946,-0.240648,-0.0864028,0.966759,0.1224079,1.671457,-0.3900504,-0.1878003,-0.08697109,0.9783491,0.1557962,1.670979,-0.3813725,358.3612,345.4533,359.2069,0,6,False
1,Center_Head_Far,218,27.45999,0.155605,1.670763,-0.3812376,0.1391193,1.338395,-0.3613288,0.505324,0.2713211,-0.07014028,-0.8161575,0.1928283,1.151211,-0.1971746,-0.04338142,0.1191793,0.120497,-0.9845785,MathCanvas,-0.5636203,1.382728,2.895473,0.1557744,1.67089,-0.3812966,-0.2215443,-0.08775301,0.9711939,0.1889706,1.670342,-0.3724696,-0.2494631,-0.08744253,0.9644283,0.1222394,1.671185,-0.3900056,-0.1967119,-0.08795159,0.9765086,0.155605,1.670763,-0.3812376,358.4196,345.2957,359.3004,0,6,False
1,Center_Head_Far,219,27.47999,0.1556001,1.670715,-0.3811112,0.1391193,1.338395,-0.3613288,0.505324,0.2713211,-0.07014028,-0.8161575,0.1926159,1.15124,-0.19722,-0.04296592,0.1197659,0.11998,-0.9845887,MathCanvas,-0.5900915,1.375395,2.887706,0.155605,1.670763,-0.3812376,-0.2236735,-0.08660766,0.9708086,0.1889548,1.670292,-0.372302,-0.2511546,-0.08659918,0.9640654,0.1222454,1.671137,-0.3899203,-0.1984235,-0.08711407,0.9762372,0.1556001,1.670715,-0.3811112,358.4338,345.2249,359.2982,0,6,False
1,Center_Head_Far,220,27.49999,0.1553943,1.670887,-0.3808044,0.1389948,1.338418,-0.3609729,0.5052801,0.2715183,-0.06937137,-0.8161848,0.1901752,1.152192,-0.1974245,-0.03458062,0.1122996,0.1048123,-0.9875259,MathCanvas,-0.5974718,1.379121,2.887442,0.1555413,1.67084,-0.380963,-0.2346178,-0.08562456,0.9683093,0.1887174,1.670467,-0.3718763,-0.2624291,-0.08474322,0.9612229,0.1220712,1.671306,-0.3897325,-0.2098318,-0.08529393,0.9740101,0.1553943,1.670887,-0.3808044,358.3328,345.0216,359.3031,0,6,False
1,Center_Head_Far,221,27.51999,0.1553049,1.670847,-0.3806607,0.1389948,1.338418,-0.3609729,0.5052801,0.2715183,-0.06937137,-0.8161848,0.1896808,1.152328,-0.1974496,-0.03321198,0.1111744,0.1020636,-0.987988,MathCanvas,-0.634981,1.382437,2.881215,0.1553943,1.670887,-0.3808044,-0.2362172,-0.08501854,0.9679738,0.1886158,1.670429,-0.3716871,-0.2637413,-0.08454359,0.9608813,0.121994,1.671265,-0.3896343,-0.2111616,-0.08509251,0.9737402,0.1553049,1.670847,-0.3806607,358.3213,344.9434,359.3052,0,6,False
1,Center_Head_Far,222,27.53999,0.1550964,1.67078,-0.3803679,0.1389948,1.338418,-0.3609729,0.5052801,0.2715183,-0.06937137,-0.8161848,0.1886886,1.1526,-0.1975,-0.03046417,0.1089126,0.09654404,-0.9888828,MathCanvas,-0.6405377,1.38441,2.880553,0.1551909,1.670818,-0.3805127,-0.2388794,-0.08448166,0.9673673,0.1883825,1.670363,-0.3713026,-0.2663909,-0.08397674,0.9601999,0.1218104,1.671198,-0.3894332,-0.2138469,-0.08452535,0.9732034,0.1550964,1.67078,-0.3803679,358.2887,344.7859,359.3063,0,6,False
1,Center_Head_Far,223,27.55999,0.1550022,1.670743,-0.3802235,0.1389948,1.338418,-0.3609729,0.5052801,0.2715183,-0.06937137,-0.8161848,0.1881942,1.152735,-0.1975251,-0.02909449,0.1077839,0.09379212,-0.9893125,MathCanvas,-0.6498201,1.386115,2.879226,0.1550964,1.67078,-0.3803679,-0.3041333,-0.1421158,0.9419692,0.1882758,1.670326,-0.3711127,-0.3310568,-0.1413927,0.9329574,0.1217285,1.671159,-0.3893344,-0.279567,-0.1423861,0.9495096,0.1550022,1.670743,-0.3802235,358.2755,344.7076,359.3079,0,6,False
1,Center_Head_Far,224,27.57999,0.1536233,1.670621,-0.3803048,0.1386582,1.338452,-0.3602625,0.5040656,0.272364,-0.06895796,-0.8166888,0.1848311,1.152424,-0.1963145,-0.04710642,0.1131041,0.0918004,-0.9882111,MathCanvas,-0.8604193,1.196255,2.764765,0.1546052,1.670833,-0.3800907,-0.3087441,-0.1450933,0.9400133,0.186847,1.670297,-0.3710099,-0.3367964,-0.1487657,0.929751,0.1203996,1.670945,-0.3895997,-0.2854199,-0.1496417,0.9466482,0.1536233,1.670621,-0.3803048,358.4779,344.3844,359.4615,0,6,False
1,Center_Head_Far,225,27.59999,0.1532779,1.670581,-0.3802384,0.1386278,1.338479,-0.3602078,0.5041201,0.2723865,-0.06893141,-0.8166499,0.1841491,1.152425,-0.1961388,-0.04769349,0.1130618,0.08962172,-0.9883878,MathCanvas,-0.8768428,1.186357,2.757089,0.1536233,1.670621,-0.3803048,-0.3112227,-0.1492037,0.9385514,0.1864864,1.670275,-0.3708884,-0.3382374,-0.1495628,0.9290998,0.1200695,1.670887,-0.3895885,-0.2868883,-0.1504122,0.9460821,0.1532779,1.670581,-0.3802384,358.522,344.2882,359.4916,0,6,False
1,Center_Head_Far,226,27.61999,0.1529163,1.670549,-0.3802229,0.1384344,1.338648,-0.3599157,0.5043042,0.2724673,-0.06878518,-0.8165215,0.1837242,1.152086,-0.1957841,-0.0479655,0.1123075,0.08729408,-0.9886689,MathCanvas,-0.884519,1.173049,2.749435,0.1532779,1.670581,-0.3802384,-0.3126782,-0.1499875,0.9379424,0.1861069,1.670269,-0.3708093,-0.3398773,-0.1504543,0.9283571,0.1197256,1.670829,-0.3896366,-0.2885603,-0.1512647,0.9454374,0.1529163,1.670549,-0.3802229,358.5705,344.177,359.5353,0,6,False
1,Center_Head_Far,227,27.63999,0.1520666,1.670545,-0.3801224,0.1375347,1.339609,-0.3591579,0.5088283,0.2724437,-0.06719292,-0.8138509,0.1824255,1.151551,-0.1956066,-0.04510173,0.1154937,0.08205002,-0.9888856,MathCanvas,-0.8895121,1.170511,2.746754,0.1524905,1.670568,-0.3801893,-0.3211887,-0.1463319,0.9356414,0.185212,1.670306,-0.3705494,-0.3487203,-0.1466451,0.9256832,0.1189212,1.670784,-0.3896954,-0.297579,-0.1474198,0.9432467,0.1520666,1.670545,-0.3801224,358.6613,343.8996,359.603,0,6,False
1,Center_Head_Far,228,27.65999,0.1516515,1.6705,-0.3800809,0.1375347,1.339609,-0.3591579,0.5088283,0.2724437,-0.06719292,-0.8138509,0.181708,1.151464,-0.1955684,-0.04386103,0.1166305,0.07944614,-0.9890207,MathCanvas,-0.9203026,1.181979,2.743751,0.1520666,1.670545,-0.3801224,-0.3232691,-0.1470326,0.9348147,0.1847754,1.670284,-0.3704332,-0.3506874,-0.1472945,0.9248366,0.1185277,1.670715,-0.3897286,-0.2995853,-0.1480338,0.942515,0.1516515,1.6705,-0.3800809,358.6959,343.7694,359.6424,0,6,False
1,Center_Head_Far,229,27.67999,0.1508389,1.670758,-0.3799101,0.1354698,1.341399,-0.3580101,0.527701,0.2745795,-0.05912503,-0.8016495,0.1821961,1.151524,-0.1954172,-0.04375723,0.1169357,0.08655865,-0.9883921,MathCanvas,-0.9273565,1.179734,2.740144,0.1512702,1.670627,-0.3799622,-0.3263074,-0.1475768,0.9336726,0.1839121,1.670595,-0.3700892,-0.3539505,-0.1471237,0.9236199,0.1177657,1.67092,-0.3897311,-0.3029109,-0.1477682,0.9414933,0.1508389,1.670758,-0.3799101,358.6777,343.4677,359.7295,0,6,False
1,Center_Head_Far,230,27.69999,0.1504297,1.670955,-0.3797637,0.1348572,1.340715,-0.3578207,0.5210142,0.2787312,-0.06002522,-0.8045185,0.181302,1.151401,-0.1942681,-0.05020631,0.1177077,0.09447526,-0.9872683,MathCanvas,-0.938325,1.178169,2.736545,0.1508389,1.670758,-0.3799101,-0.3285524,-0.147446,0.9329057,0.1834801,1.670763,-0.3698667,-0.3562247,-0.146266,0.9228815,0.1173794,1.671147,-0.3896608,-0.305227,-0.1469537,0.9408725,0.1504297,1.670955,-0.3797637,358.6316,343.3371,359.6815,0,6,False
1,Center_Head_Far,231,27.71999,0.1495284,1.671171,-0.3795507,0.1354065,1.338863,-0.3572971,0.5020812,0.274959,-0.06851766,-0.8170786,0.1808677,1.151955,-0.1940948,-0.04711777,0.118652,0.09411208,-0.9873422,MathCanvas,-0.9461416,1.178841,2.733887,0.1499997,1.671065,-0.3796854,-0.3327484,-0.1461726,0.931618,0.1825424,1.670973,-0.3695331,-0.3597262,-0.1433049,0.9219874,0.1165144,1.671369,-0.3895682,-0.3087949,-0.1439951,0.9401655,0.1495284,1.671171,-0.3795507,358.4605,343.1292,359.6707,0,6,False
1,Center_Head_Far,232,27.73999,0.149079,1.671252,-0.3795144,0.1355148,1.338246,-0.3571317,0.4955657,0.2743011,-0.07121184,-0.8210375,0.180687,1.152101,-0.1940254,-0.04652369,0.1189888,0.09435214,-0.987307,MathCanvas,-0.9615904,1.183069,2.731322,0.1495284,1.671171,-0.3795507,-0.3209893,-0.1359058,0.9372809,0.182072,1.671062,-0.3694277,-0.3484309,-0.1344668,0.9276392,0.1160859,1.671442,-0.3896011,-0.2972491,-0.1350164,0.9452056,0.149079,1.671252,-0.3795144,358.3926,343.0093,359.6846,0,6,False
1,Center_Head_Far,233,27.75999,0.1486322,1.67135,-0.379436,0.1352039,1.337738,-0.3571377,0.4921075,0.2772786,-0.07074319,-0.8221571,0.1800863,1.152504,-0.1938156,-0.04522634,0.1202214,0.09577228,-0.9870811,MathCanvas,-0.9233503,1.217189,2.751952,0.149079,1.671252,-0.3795144,-0.3229463,-0.1348593,0.9367597,0.1816072,1.671166,-0.3692904,-0.3500879,-0.1335575,0.9271467,0.1156572,1.671534,-0.3895815,-0.2989372,-0.1340947,0.9448043,0.1486322,1.67135,-0.379436,358.3325,342.9071,359.6938,0,6,False
1,Center_Head_Far,234,27.77999,0.1477723,1.671556,-0.3792985,0.1341696,1.337632,-0.3569935,0.4957683,0.2811708,-0.06634814,-0.8189962,0.1794943,1.152886,-0.1936976,-0.04384098,0.1216991,0.0969924,-0.9868433,MathCanvas,-0.930626,1.220662,2.751132,0.1482035,1.671453,-0.3793576,-0.3018436,-0.03738847,0.952624,0.1807081,1.671399,-0.3690258,-0.3293296,-0.03653266,0.943508,0.1148366,1.671712,-0.3895712,-0.2777415,-0.03679047,0.9599511,0.1477723,1.671556,-0.3792985,358.269,342.6851,359.7402,0,6,False
1,Center_Head_Far,235,27.79999,0.1473747,1.671627,-0.3792194,0.1341009,1.337976,-0.3570853,0.500093,0.2811096,-0.06471964,-0.8165144,0.1794943,1.152886,-0.1936976,-0.04384098,0.1216991,0.0969924,-0.9868433,MathCanvas,-0.8856325,1.543551,2.882146,0.1477723,1.671556,-0.3792985,-0.3036469,-0.03666157,0.9520791,0.180291,1.671486,-0.3688844,-0.3311021,-0.03589258,0.942912,0.1144584,1.671768,-0.3895544,-0.2795451,-0.03612617,0.9594527,0.1473747,1.671627,-0.3792194,358.2315,342.5761,359.7656,0,6,False
1,Center_Head_Far,236,27.81999,0.1465604,1.67149,-0.3792244,0.1330428,1.339672,-0.3561179,0.5167149,0.2778859,-0.0637591,-0.8072917,0.1784901,1.153257,-0.1933907,-0.042671,0.1239429,0.09787177,-0.9865285,MathCanvas,-0.8923621,1.546092,2.880856,0.1469415,1.67153,-0.3791945,-0.29753,-0.03760495,0.9539716,0.1794674,1.671371,-0.3688595,-0.3232659,-0.03917422,0.9454969,0.1136534,1.671609,-0.3895893,-0.2715735,-0.03935476,0.9616128,0.1465604,1.67149,-0.3792244,358.4161,342.5223,359.8023,0,6,False
1,Center_Head_Far,237,27.83999,0.1461801,1.671501,-0.3791804,0.1334974,1.339587,-0.3561789,0.5134628,0.2741599,-0.06615219,-0.810442,0.1782982,1.153265,-0.193079,-0.04414856,0.1233414,0.09850939,-0.9864754,MathCanvas,-0.8713292,1.542839,2.884439,0.1465604,1.67149,-0.3792244,-0.2975283,-0.03926447,0.9539052,0.1790808,1.6714,-0.3687955,-0.323816,-0.03974748,0.9452848,0.1132793,1.671603,-0.3895653,-0.2721333,-0.03990046,0.9614319,0.1461801,1.671501,-0.3791804,358.4483,342.4866,359.8314,0,6,False
1,Center_Head_Far,238,27.85999,0.1455293,1.671486,-0.378922,0.132967,1.337731,-0.3567801,0.4956339,0.2837978,-0.0672362,-0.8180985,0.1776032,1.153559,-0.1923247,-0.04631579,0.1234364,0.09997465,-0.9862167,MathCanvas,-0.8709788,1.537268,2.881932,0.1457964,1.671513,-0.3791411,-0.2991344,-0.04014983,0.9533659,0.1784195,1.671423,-0.3685032,-0.324763,-0.03827159,0.9450207,0.1126392,1.671548,-0.3893409,-0.2730969,-0.0383633,0.9612213,0.1455293,1.671486,-0.378922,358.362,342.4259,359.8965,0,6,False
