UID,Condition,Index,Time,Player_X,Player_Y,Player_Z,Left_X,Left_Y,Left_Z,LeftRot_X,LeftRot_Y,LeftRot_Z,LeftRot_W,Right_X,Right_Y,Right_Z,RightRot_X,RightRot_Y,RightRot_Z,RightRot_W,GazeObject,GP_X,GP_Y,GP_Z,GO_X,GO_Y,GO_Z,GZ_X,GZ_Y,GZ_Z,RE_X,RE_Y,RE_Z,RED_X,RED_Y,RED_Z,LE_X,LE_Y,LE_Z,LED_X,LED_Y,LED_Z,H_X,H_Y,H_Z,HR_X,HR_Y,HR_Z,Blinking,BlinkCount,EventTriggered
1,Center_Dir_Close,0,11.74,-0.004337806,1.512053,-0.02991768,-0.009597003,1.204628,-0.009439548,0.5580063,-0.153716,-0.06976643,-0.8124857,0.1084385,1.014981,0.1289052,0.05620131,0.113359,-0.06361201,0.9899216,MathCanvas,0.5925343,1.502761,3.382231,-0.004463948,1.512048,-0.03002794,0.1589153,0.03714215,0.9865933,0.0271709,1.51187,-0.03498881,0.1589987,0.03700767,0.986585,-0.03584651,1.512235,-0.02484655,0.1589987,0.03700767,0.986585,-0.004337806,1.512053,-0.02991768,357.8791,9.155107,359.6727,0,4,False
1,Center_Dir_Close,1,11.76,-0.004226986,1.512027,-0.02981813,-0.009578098,1.204645,-0.009266603,0.5581727,-0.1534062,-0.06957133,-0.8124467,0.1075929,1.015896,0.1280129,0.04807952,0.09867083,-0.07276571,0.9912909,MathCanvas,0.5925343,1.502761,3.382231,-0.004337806,1.512053,-0.02991768,0.1589987,0.03700777,0.986585,0.02728391,1.511833,-0.03487518,0.158571,0.03673385,0.986664,-0.03573788,1.51222,-0.02476107,0.158571,0.03673385,0.986664,-0.004226986,1.512027,-0.02981813,357.8948,9.130178,359.6527,0,4,False
1,Center_Dir_Close,2,11.78,-0.004184415,1.511886,-0.02960804,-0.009577809,1.204709,-0.008971659,0.5583982,-0.152933,-0.06923639,-0.8124095,0.1049492,1.016289,0.1285041,0.04997352,0.1027009,-0.05257673,0.9920639,MathCanvas,0.5925343,1.502761,3.382231,-0.004203281,1.511959,-0.02971717,0.15829,0.03665801,0.986712,0.02732998,1.511667,-0.03464215,0.1578834,0.0366005,0.9867792,-0.03569881,1.512106,-0.02457394,0.1578834,0.0366005,0.9867792,-0.004184415,1.511886,-0.02960804,357.9025,9.090207,359.6048,0,4,False
1,Center_Dir_Close,3,11.8,-0.004058253,1.511853,-0.02949392,-0.009569677,1.204677,-0.00887814,0.5584866,-0.1528334,-0.06911264,-0.8123781,0.1043809,1.016014,0.1287998,0.05272233,0.104296,-0.0517016,0.9918013,MathCanvas,0.5925343,1.502761,3.382231,-0.004184415,1.511886,-0.02960804,0.1578835,0.03660083,0.9867792,0.02745765,1.511623,-0.03451812,0.1575848,0.03639234,0.9868346,-0.03557416,1.512083,-0.02446972,0.1575848,0.03639234,0.9868346,-0.004058253,1.511853,-0.02949392,357.9144,9.072796,359.5869,0,4,False
1,Center_Dir_Close,4,11.82,-0.003769979,1.511766,-0.02926641,-0.009576733,1.204674,-0.008674419,0.5585601,-0.1528331,-0.06880122,-0.812354,0.1031421,1.015507,0.1294211,0.05539433,0.1046071,-0.04734827,0.9918402,MathCanvas,0.5925343,1.502761,3.382231,-0.00392663,1.511797,-0.02939044,0.1575976,0.0362663,0.9868373,0.02774513,1.5115,-0.03429383,0.1577261,0.03580498,0.9868336,-0.03528509,1.512032,-0.02423899,0.1577261,0.03580498,0.9868336,-0.003769979,1.511766,-0.02926641,357.9481,9.080808,359.5222,0,4,False
1,Center_Dir_Close,5,11.84,-0.003577784,1.511747,-0.02914333,-0.009595075,1.204699,-0.008543807,0.5585404,-0.1529367,-0.06859429,-0.8123657,0.1024942,1.015059,0.1300089,0.05650315,0.1059686,-0.03985294,0.9919626,MathCanvas,0.5925343,1.502761,3.382231,-0.003769979,1.511766,-0.02926641,0.1577261,0.03580503,0.9868336,0.02793648,1.511455,-0.0341746,0.1578752,0.03534358,0.9868264,-0.03509204,1.51204,-0.02411206,0.1578752,0.03534358,0.9868264,-0.003577784,1.511747,-0.02914333,357.9745,9.089312,359.475,0,4,False
1,Center_Dir_Close,6,11.86,-0.003259428,1.511655,-0.02896368,-0.009599578,1.204612,-0.008434452,0.5587127,-0.1529128,-0.06832697,-0.8122742,0.1028054,1.014055,0.1313024,0.06256106,0.1163569,-0.03022786,0.9907742,MathCanvas,0.5925343,1.502761,3.382231,-0.003402691,1.511712,-0.02904416,0.1579996,0.03478476,0.9868263,0.02825042,1.511326,-0.03402022,0.1587047,0.03438573,0.9867271,-0.03476928,1.511985,-0.02390714,0.1587047,0.03438573,0.9867271,-0.003259428,1.511655,-0.02896368,358.0294,9.137167,359.4079,0,4,False
1,Center_Dir_Close,7,11.88,-0.003114258,1.511598,-0.02888669,-0.009601779,1.204566,-0.008375203,0.5588062,-0.1529266,-0.06818009,-0.8122196,0.1035551,1.013588,0.1318151,0.06582341,0.1224441,-0.02891193,0.9898682,MathCanvas,0.5925343,1.502761,3.382231,-0.003259428,1.511655,-0.02896368,0.1587046,0.03438588,0.9867271,0.02839451,1.511255,-0.03394903,0.1589008,0.03416156,0.9867034,-0.03462303,1.511942,-0.02382436,0.1589008,0.03416156,0.9867034,-0.003114258,1.511598,-0.02888669,358.0423,9.148483,359.3826,0,4,False
1,Center_Dir_Close,8,11.9,-0.002958766,1.511575,-0.02876966,-0.009618567,1.204626,-0.008282471,0.5588155,-0.1529619,-0.06807976,-0.8122149,0.1041142,1.013456,0.1320962,0.0666307,0.1244189,-0.02938891,0.9895537,MathCanvas,0.5925343,1.502761,3.382231,-0.003114258,1.511598,-0.02888669,0.1589008,0.0341619,0.9867033,0.02854889,1.511208,-0.03383729,0.1590904,0.03379358,0.9866855,-0.03446642,1.511943,-0.02370203,0.1590904,0.03379358,0.9866855,-0.002958766,1.511575,-0.02876966,358.0634,9.159378,359.3407,0,4,False
1,Center_Dir_Close,9,11.92,-0.002688065,1.511545,-0.02851373,-0.009650473,1.204698,-0.008059491,0.5587531,-0.1529721,-0.06780719,-0.8122787,0.1049622,1.013823,0.1319272,0.06131137,0.1266743,-0.03185857,0.989535,MathCanvas,0.5925343,1.502761,3.382231,-0.002814639,1.511577,-0.02863203,0.1593531,0.0331654,0.9866644,0.02881619,1.511154,-0.03360059,0.1597139,0.03294823,0.9866133,-0.03419232,1.511937,-0.02342687,0.1597139,0.03294823,0.9866133,-0.002688065,1.511545,-0.02851373,358.1119,9.195326,359.2965,0,4,False
1,Center_Dir_Close,10,11.94,-0.002582587,1.511508,-0.02840413,-0.009662908,1.204633,-0.007980827,0.5587516,-0.1528165,-0.06766655,-0.8123208,0.105348,1.013748,0.1320421,0.06207973,0.1286885,-0.0313172,0.9892445,MathCanvas,0.5925343,1.502761,3.382231,-0.002688065,1.511545,-0.02851373,0.1597139,0.03294808,0.9866133,0.02892159,1.511102,-0.03349042,0.1597095,0.03279841,0.9866191,-0.03408677,1.511913,-0.02331784,0.1597095,0.03279841,0.9866191,-0.002582587,1.511508,-0.02840413,358.1205,9.195024,359.2722,0,4,False
1,Center_Dir_Close,11,11.96,-0.002407514,1.51157,-0.0281025,-0.009724254,1.204634,-0.007745805,0.5587015,-0.1525329,-0.06737594,-0.8124327,0.1058355,1.013717,0.1325162,0.06381729,0.1267338,-0.03531861,0.9892515,MathCanvas,0.5925343,1.502761,3.382231,-0.002501258,1.51151,-0.0282822,0.1596594,0.03305817,0.9866185,0.02909623,1.511148,-0.03319013,0.1597704,0.03292124,0.9866051,-0.03391126,1.511992,-0.02301487,0.1597704,0.03292124,0.9866051,-0.002407514,1.51157,-0.0281025,358.1134,9.198598,359.2425,0,4,False
1,Center_Dir_Close,12,11.98,-0.002308916,1.511595,-0.0279282,-0.009755096,1.204658,-0.007625815,0.5586848,-0.1524025,-0.06727009,-0.8124774,0.1060384,1.013902,0.1325547,0.06252209,0.1279416,-0.035626,0.9891677,MathCanvas,0.5925343,1.502761,3.382231,-0.002407514,1.51157,-0.0281025,0.1597704,0.03292139,0.9866051,0.02919656,1.511163,-0.03300423,0.1594176,0.0328468,0.9866647,-0.0338144,1.512028,-0.02285218,0.1594176,0.0328468,0.9866647,-0.002308916,1.511595,-0.0279282,358.1177,9.178088,359.2238,0,4,False
1,Center_Dir_Close,13,12,-0.002197202,1.511473,-0.02765669,-0.00979436,1.204522,-0.007474977,0.5584731,-0.1522505,-0.06708117,-0.812667,0.1058937,1.013882,0.1326584,0.06239584,0.1281693,-0.03527543,0.9891587,MathCanvas,0.5925343,1.502761,3.382231,-0.002250772,1.511569,-0.0277822,0.159655,0.03225417,0.9866458,0.02930783,1.511016,-0.0327333,0.1594494,0.03131333,0.9867094,-0.03370223,1.51193,-0.02258007,0.1594494,0.03131333,0.9867094,-0.002197202,1.511473,-0.02765669,358.2056,9.179477,359.1789,0,4,False
1,Center_Dir_Close,14,12.02,-0.002153014,1.511368,-0.02752332,-0.009821624,1.204534,-0.00740082,0.5584419,-0.1521979,-0.06704722,-0.8127011,0.105753,1.013897,0.1326624,0.06250099,0.1276108,-0.03522509,0.9892262,MathCanvas,0.5925343,1.502761,3.382231,-0.002197202,1.511473,-0.02765669,0.1594493,0.03131337,0.9867094,0.02935111,1.510898,-0.03260433,0.1595946,0.03068157,0.9867057,-0.03365714,1.511838,-0.02244231,0.1595946,0.03068157,0.9867057,-0.002153014,1.511368,-0.02752332,358.2418,9.187727,359.1555,0,4,False
1,Center_Dir_Close,15,12.04,-0.002093884,1.511272,-0.02737293,-0.009867119,1.20459,-0.007302945,0.5585111,-0.1521454,-0.06704903,-0.8126632,0.1056743,1.013934,0.1327011,0.06261382,0.1274727,-0.03531155,0.9892337,MathCanvas,0.5925343,1.502761,3.382231,-0.002153014,1.511368,-0.02752332,0.1595946,0.03068187,0.9867057,0.02941077,1.510793,-0.03244978,0.1594671,0.03001757,0.9867468,-0.03359854,1.511752,-0.02229608,0.1594671,0.03001757,0.9867468,-0.002093884,1.511272,-0.02737293,358.2799,9.180138,359.1388,0,4,False
1,Center_Dir_Close,16,12.06,-0.001979369,1.511172,-0.02706538,-0.009915135,1.204501,-0.007212765,0.5584221,-0.1524288,-0.06699184,-0.8126761,0.1054909,1.013889,0.1327461,0.06257782,0.1276493,-0.03530008,0.9892136,MathCanvas,0.5925343,1.502761,3.382231,-0.002031531,1.511205,-0.02721257,0.1595056,0.0298392,0.986746,0.02952573,1.510679,-0.03213826,0.1593536,0.02981871,0.9867711,-0.03348447,1.511664,-0.02199251,0.1593536,0.02981871,0.9867711,-0.001979369,1.511172,-0.02706538,358.2913,9.173494,359.1154,0,4,False
1,Center_Dir_Close,17,12.08,-0.001940623,1.51111,-0.02693934,-0.009925314,1.204387,-0.007188662,0.5581757,-0.1526436,-0.06691658,-0.8128111,0.1052801,1.013799,0.1327326,0.06256399,0.1275512,-0.03514636,0.9892327,MathCanvas,0.5925343,1.502761,3.382231,-0.001979369,1.511172,-0.02706538,0.1593536,0.02981871,0.9867711,0.02956161,1.510597,-0.03202797,0.1598659,0.02964514,0.9866935,-0.03344285,1.511623,-0.0218507,0.1598659,0.02964514,0.9866935,-0.001940623,1.51111,-0.02693934,358.3012,9.20319,359.0788,0,4,False
1,Center_Dir_Close,18,12.1,-0.001800549,1.511013,-0.02664627,-0.009995209,1.204501,-0.007028613,0.5577417,-0.1529622,-0.06687133,-0.8130529,0.1048599,1.01361,0.1326997,0.06266981,0.1267378,-0.03447922,0.989354,MathCanvas,0.5925343,1.502761,3.382231,-0.001882049,1.511077,-0.02679471,0.1601838,0.02879586,0.9866671,0.0296991,1.510484,-0.03174917,0.1603084,0.02791655,0.9866721,-0.0333002,1.511542,-0.02154338,0.1603084,0.02791655,0.9866721,-0.001800549,1.511013,-0.02664627,358.4003,9.228426,359.0496,0,4,False
1,Center_Dir_Close,19,12.12,-0.001743801,1.510912,-0.02652468,-0.01003594,1.204538,-0.006967253,0.5576863,-0.152881,-0.06685662,-0.8131074,0.1047717,1.013544,0.1327103,0.06290356,0.1265185,-0.03433494,0.9893722,MathCanvas,0.5925343,1.502761,3.382231,-0.001800549,1.511013,-0.02664627,0.1603084,0.02791644,0.9866721,0.02975186,1.510378,-0.03165159,0.1610541,0.02695909,0.9865773,-0.03323947,1.511447,-0.02139777,0.1610541,0.02695909,0.9865773,-0.001743801,1.510912,-0.02652468,358.4552,9.271482,359.04,0,4,False
1,Center_Dir_Close,20,12.14,-0.001644552,1.510742,-0.02630109,-0.01012946,1.204334,-0.006930615,0.5576491,-0.1526344,-0.06690225,-0.8131755,0.1046544,1.013403,0.1327381,0.06315351,0.1266127,-0.03425809,0.9893469,MathCanvas,0.5925343,1.502761,3.382231,-0.001692072,1.510808,-0.02641554,0.1614503,0.02601265,0.9865379,0.0298463,1.510197,-0.03145633,0.1619399,0.02602763,0.9864573,-0.0331354,1.511288,-0.02114585,0.1619399,0.02602763,0.9864573,-0.001644552,1.510742,-0.02630109,358.5085,9.322698,359.0204,0,4,False
1,Center_Dir_Close,21,12.16,-0.001595322,1.510744,-0.02617335,-0.01016609,1.204383,-0.006879532,0.5576875,-0.1524975,-0.06698586,-0.813168,0.104669,1.013405,0.1327819,0.06325066,0.126947,-0.03418079,0.9893005,MathCanvas,0.5925343,1.502761,3.382231,-0.001644552,1.510742,-0.02630109,0.1619399,0.0260279,0.9864573,0.02989366,1.510195,-0.03133962,0.1622911,0.02620151,0.986395,-0.0330843,1.511294,-0.02100707,0.1622911,0.02620151,0.986395,-0.001595322,1.510744,-0.02617335,358.4986,9.343141,359.0136,0,4,False
1,Center_Dir_Close,22,12.18,-0.001536209,1.510795,-0.0259126,-0.01021659,1.204453,-0.006680953,0.5574096,-0.1527358,-0.06700186,-0.8133125,0.10488,1.013428,0.1329445,0.06353176,0.1281407,-0.03408732,0.9891318,MathCanvas,0.5925343,1.502761,3.382231,-0.001558556,1.510801,-0.02603723,0.162582,0.02657465,0.9863371,0.02995007,1.510244,-0.0310951,0.1628062,0.02659978,0.9862995,-0.03302249,1.511346,-0.02073009,0.1628062,0.02659978,0.9862995,-0.001536209,1.510795,-0.0259126,358.4758,9.373161,359.01,0,4,False
1,Center_Dir_Close,23,12.2,-0.001530204,1.510764,-0.02579673,-0.01023848,1.204392,-0.006616957,0.5573207,-0.152779,-0.06701793,-0.8133639,0.1049446,1.01342,0.1329947,0.06348079,0.1282799,-0.03404631,0.9891185,MathCanvas,0.5925343,1.502761,3.382231,-0.001536209,1.510795,-0.0259126,0.1628062,0.02659991,0.9862995,0.02995507,1.510204,-0.03098438,0.1629676,0.02598492,0.9862891,-0.03301547,1.511325,-0.02060909,0.1629676,0.02598492,0.9862891,-0.001530204,1.510764,-0.02579673,358.511,9.382388,358.9935,0,4,False
1,Center_Dir_Close,24,12.22,-0.001522244,1.510698,-0.02568246,-0.01026185,1.204319,-0.00655127,0.5572039,-0.1528321,-0.06704362,-0.8134318,0.1050178,1.013403,0.1330544,0.06346571,0.128491,-0.03402168,0.9890929,MathCanvas,0.5925343,1.502761,3.382231,-0.001530204,1.510764,-0.02579673,0.1629677,0.02598501,0.9862891,0.029962,1.510127,-0.03087509,0.1631318,0.02583584,0.986266,-0.03300649,1.51127,-0.02048982,0.1631318,0.02583584,0.986266,-0.001522244,1.510698,-0.02568246,358.5196,9.39189,358.9737,0,4,False
1,Center_Dir_Close,25,12.24,-0.001448624,1.510535,-0.02544902,-0.01028499,1.20438,-0.006387428,0.5568879,-0.1532418,-0.0672231,-0.8135563,0.1051831,1.013466,0.1331486,0.063458,0.129118,-0.03371161,0.9890224,MathCanvas,0.5925343,1.502761,3.382231,-0.001487155,1.510622,-0.0255626,0.1630693,0.02516845,0.9862936,0.030034,1.509948,-0.03064984,0.1633779,0.02416917,0.9862674,-0.03293125,1.511121,-0.0202482,0.1633779,0.02416917,0.9862674,-0.001448624,1.510535,-0.02544902,358.6151,9.405789,358.9472,0,4,False
1,Center_Dir_Close,26,12.26,-0.001414011,1.510471,-0.0253374,-0.01028798,1.204353,-0.006352325,0.5568354,-0.1533447,-0.06728683,-0.8135677,0.1052544,1.013449,0.1331959,0.06329773,0.1295022,-0.03335534,0.9889944,MathCanvas,0.5925343,1.502761,3.382231,-0.001448624,1.510535,-0.02544902,0.1633779,0.0241693,0.9862674,0.03006794,1.509881,-0.03054184,0.1634873,0.02366473,0.9862615,-0.03289597,1.511062,-0.02013297,0.1634873,0.02366473,0.9862615,-0.001414011,1.510471,-0.0253374,358.644,9.412029,358.9403,0,4,False
1,Center_Dir_Close,27,12.28,-0.001392703,1.510425,-0.02513834,-0.01029305,1.204254,-0.00626288,0.5568337,-0.1533289,-0.06740692,-0.8135618,0.105341,1.013405,0.1332965,0.06294558,0.1300601,-0.032788,0.9889627,MathCanvas,0.5925343,1.502761,3.382231,-0.001416937,1.510433,-0.02523879,0.164188,0.0239996,0.9861371,0.03008608,1.509861,-0.03036486,0.1641613,0.02395039,0.9861427,-0.03287148,1.510989,-0.01991182,0.1641613,0.02395039,0.9861427,-0.001392703,1.510425,-0.02513834,358.6276,9.451252,358.9875,0,4,False
1,Center_Dir_Close,28,12.3,-0.001305293,1.510463,-0.02502349,-0.01028325,1.204287,-0.006153521,0.5567713,-0.153401,-0.06750283,-0.813583,0.1053758,1.013455,0.1333216,0.06302425,0.129998,-0.03281354,0.988965,MathCanvas,0.5925343,1.502761,3.382231,-0.001392703,1.510425,-0.02513834,0.1641613,0.02395002,0.9861427,0.03017044,1.509887,-0.03026695,0.1646998,0.02374562,0.9860579,-0.03278102,1.51104,-0.01978002,0.1646998,0.02374562,0.9860579,-0.001305293,1.510463,-0.02502349,358.6393,9.482491,358.9646,0,4,False
1,Center_Dir_Close,29,12.32,-0.001182161,1.510419,-0.0248301,-0.01024948,1.204251,-0.006013845,0.556675,-0.1536891,-0.06763338,-0.8135837,0.1053884,1.013485,0.1334208,0.06295943,0.1299132,-0.03250224,0.9889905,MathCanvas,0.5925343,1.502761,3.382231,-0.001220327,1.510452,-0.02492308,0.1651055,0.0237498,0.9859899,0.0302893,1.509843,-0.03009913,0.1654912,0.02306271,0.9859416,-0.03265363,1.510996,-0.01956106,0.1654912,0.02306271,0.9859416,-0.001182161,1.510419,-0.0248301,358.6785,9.528329,358.9652,0,4,False
1,Center_Dir_Close,30,12.34,-0.001171298,1.510343,-0.02476327,-0.01023096,1.204175,-0.005958377,0.5566902,-0.1537968,-0.06771175,-0.8135464,0.1053647,1.013491,0.1334914,0.06285489,0.1297826,-0.03212357,0.9890267,MathCanvas,0.5925343,1.502761,3.382231,-0.001182161,1.510419,-0.0248301,0.1654912,0.0230624,0.9859416,0.03030015,1.509768,-0.03003254,0.1654965,0.02298075,0.9859426,-0.03264275,1.510918,-0.01949399,0.1654965,0.02298075,0.9859426,-0.001171298,1.510343,-0.02476327,358.6832,9.52862,358.9676,0,4,False
1,Center_Dir_Close,31,12.36,-0.001124486,1.510368,-0.02462138,-0.01017211,1.204205,-0.005789822,0.5568605,-0.1539422,-0.06787784,-0.8133885,0.1054951,1.013486,0.1336215,0.06263658,0.129682,-0.0318444,0.9890628,MathCanvas,0.5925343,1.502761,3.382231,-0.001162212,1.510314,-0.02469136,0.1657936,0.02277494,0.9858975,0.03034573,1.509822,-0.02990098,0.1658015,0.02330898,0.9858837,-0.03259471,1.510915,-0.01934178,0.1658015,0.02330898,0.9858837,-0.001124486,1.510368,-0.02462138,358.6644,9.546418,359.0184,0,4,False
1,Center_Dir_Close,32,12.38,-0.001082131,1.510458,-0.02455242,-0.01011967,1.204235,-0.005672124,0.5568955,-0.1541797,-0.06799854,-0.8133095,0.1056085,1.013469,0.1337126,0.06258232,0.129758,-0.03169551,0.989061,MathCanvas,0.5925343,1.502761,3.382231,-0.001124486,1.510368,-0.02462138,0.1658015,0.02330933,0.9858837,0.03038764,1.509913,-0.02983491,0.1658944,0.02359722,0.9858611,-0.0325519,1.511003,-0.01926992,0.1658944,0.02359722,0.9858611,-0.001082131,1.510458,-0.02455242,358.6479,9.551883,359.0218,0,4,False
1,Center_Dir_Close,33,12.4,-0.001060671,1.510509,-0.02448224,-0.01008102,1.204183,-0.005606338,0.5568634,-0.154367,-0.06810316,-0.8132872,0.1056877,1.013463,0.1337814,0.06255854,0.1299325,-0.03155158,0.9890442,MathCanvas,0.5925343,1.502761,3.382231,-0.001082131,1.510458,-0.02455242,0.1658945,0.02359726,0.9858611,0.03040827,1.50997,-0.02977026,0.1660695,0.02410695,0.9858193,-0.03252961,1.511048,-0.01919422,0.1660695,0.02410695,0.9858193,-0.001060671,1.510509,-0.02448224,358.6187,9.562176,359.0318,0,4,False
1,Center_Dir_Close,34,12.42,-0.0009859353,1.510502,-0.02436611,-0.009972111,1.204119,-0.00546933,0.556822,-0.1546753,-0.06835774,-0.8132356,0.1059676,1.013456,0.1339072,0.06245506,0.1305668,-0.03144936,0.9889705,MathCanvas,0.5925343,1.502761,3.382231,-0.001031072,1.510517,-0.02442557,0.1661803,0.02415643,0.9857995,0.03048187,1.50997,-0.02966159,0.1662968,0.02407553,0.9857818,-0.03245374,1.511034,-0.01907063,0.1662968,0.02407553,0.9857818,-0.0009859353,1.510502,-0.02436611,358.6205,9.57538,359.0445,0,4,False
1,Center_Dir_Close,35,12.44,-0.0009367233,1.510452,-0.02431579,-0.009893285,1.20416,-0.005373071,0.5567971,-0.1549192,-0.06849334,-0.8131948,0.1061645,1.013469,0.1339525,0.06242225,0.1310104,-0.03133362,0.9889175,MathCanvas,0.5925343,1.502761,3.382231,-0.0009859353,1.510502,-0.02436611,0.1662968,0.02407539,0.9857818,0.03052936,1.509916,-0.02962103,0.1666025,0.02376515,0.9857377,-0.03240281,1.510988,-0.01901054,0.1666025,0.02376515,0.9857377,-0.0009367233,1.510452,-0.02431579,358.6382,9.593077,359.0367,0,4,False
1,Center_Dir_Close,36,12.46,-0.0007899031,1.510457,-0.02420217,-0.009764345,1.204097,-0.005197813,0.5568036,-0.1554039,-0.06875446,-0.8130758,0.1064505,1.013469,0.1340453,0.06243667,0.1315562,-0.0311361,0.9888505,MathCanvas,0.5925343,1.502761,3.382231,-0.000863173,1.510443,-0.02426209,0.1668612,0.02352766,0.9856997,0.03067229,1.509941,-0.02953244,0.167376,0.02428896,0.9855939,-0.0322521,1.510973,-0.0188719,0.167376,0.02428896,0.9855939,-0.0007899031,1.510457,-0.02420217,358.6082,9.638162,359.0732,0,4,False
1,Center_Dir_Close,37,12.48,-0.0006929971,1.510521,-0.02413693,-0.009704407,1.204014,-0.0051267,0.5569381,-0.1555244,-0.0690129,-0.8129387,0.1066521,1.013483,0.1341052,0.06222895,0.1320006,-0.03111316,0.988805,MathCanvas,0.5925343,1.502761,3.382231,-0.0007899031,1.510457,-0.02420217,0.1673761,0.02428895,0.9855939,0.03076726,1.510019,-0.02948003,0.1677726,0.02490979,0.9855109,-0.03215326,1.511022,-0.01879383,0.1677726,0.02490979,0.9855109,-0.0006929971,1.510521,-0.02413693,358.5726,9.661367,359.0997,0,4,False
1,Center_Dir_Close,38,12.5,-0.0003954405,1.510664,-0.0240364,-0.009557029,1.20405,-0.005021175,0.557104,-0.1558991,-0.06943974,-0.8127168,0.1069734,1.013533,0.1341699,0.06190112,0.1328511,-0.03119617,0.9887091,MathCanvas,0.5925343,1.502761,3.382231,-0.0005479632,1.510609,-0.02407888,0.1679274,0.02504832,0.9854811,0.03106155,1.510152,-0.02939761,0.1683509,0.02501352,0.9854097,-0.03185243,1.511177,-0.01867519,0.1683509,0.02501352,0.9854097,-0.0003954405,1.510664,-0.0240364,358.5667,9.695015,359.0793,0,4,False
1,Center_Dir_Close,39,12.52,-0.0002477095,1.510682,-0.02399101,-0.009492175,1.204053,-0.004968443,0.55708,-0.1560608,-0.06963255,-0.8126858,0.1070526,1.013542,0.1341896,0.06186679,0.1330243,-0.03112897,0.9886901,MathCanvas,0.5925343,1.502761,3.382231,-0.0003954405,1.510664,-0.0240364,0.1683509,0.02501353,0.9854097,0.03120748,1.510168,-0.02936267,0.1686766,0.02476882,0.9853602,-0.0317029,1.511196,-0.01861934,0.1686766,0.02476882,0.9853602,-0.0002477095,1.510682,-0.02399101,358.5807,9.713892,359.0769,0,4,False
1,Center_Dir_Close,40,12.54,-0.0001344271,1.510629,-0.02394627,-0.009435095,1.203979,-0.004905788,0.5570087,-0.1561728,-0.06987525,-0.8126924,0.1071378,1.013541,0.134229,0.06185862,0.1331056,-0.03099795,0.9886838,MathCanvas,0.5925343,1.502761,3.382231,-0.0002477095,1.510682,-0.02399101,0.1686766,0.0247685,0.9853602,0.03131952,1.51012,-0.02932565,0.1689106,0.02446627,0.9853277,-0.03158838,1.511138,-0.0185669,0.1689106,0.02446627,0.9853277,-0.0001344271,1.510629,-0.02394627,358.5981,9.727425,359.0856,0,4,False
1,Center_Dir_Close,41,12.56,0.0001291111,1.510561,-0.02382145,-0.009320206,1.203945,-0.004841538,0.556904,-0.156347,-0.07016843,-0.8127054,0.1073236,1.013575,0.1342548,0.06174306,0.1333234,-0.03079991,0.9886678,MathCanvas,0.5925343,1.502761,3.382231,-1.454726E-05,1.510575,-0.02389275,0.1692465,0.02415357,0.9852777,0.03157715,1.510034,-0.02923352,0.1699422,0.0238184,0.9851661,-0.03131893,1.511089,-0.01840939,0.1699422,0.0238184,0.9851661,0.0001291111,1.510561,-0.02382145,358.6352,9.78726,359.0527,0,4,False
1,Center_Dir_Close,42,12.58,0.0003126375,1.510579,-0.02373099,-0.009170143,1.203938,-0.00476425,0.5565251,-0.1569939,-0.07042833,-0.8128178,0.1074547,1.013615,0.1342477,0.06166223,0.133419,-0.03083358,0.9886589,MathCanvas,0.5925343,1.502761,3.382231,0.0001291111,1.510561,-0.02382145,0.1699422,0.02381893,0.9851661,0.03176056,1.510046,-0.02914315,0.1699523,0.02398605,0.9851604,-0.03113528,1.511113,-0.01831883,0.1699523,0.02398605,0.9851604,0.0003126375,1.510579,-0.02373099,358.6256,9.787889,359.0417,0,4,False
1,Center_Dir_Close,43,12.6,0.0005965447,1.510551,-0.02361906,-0.009077831,1.203805,-0.004655712,0.5560076,-0.1578115,-0.07071707,-0.8129885,0.1075949,1.013647,0.1342738,0.06154561,0.1335059,-0.03071737,0.9886581,MathCanvas,0.5925343,1.502761,3.382231,0.0004553869,1.510581,-0.02365964,0.1705818,0.02404059,0.9850502,0.03203865,1.51001,-0.02906417,0.1709881,0.02380804,0.9849854,-0.03084556,1.511092,-0.01817395,0.1709881,0.02380804,0.9849854,0.0005965447,1.510551,-0.02361906,358.6358,9.848097,359.0285,0,4,False
1,Center_Dir_Close,44,12.62,0.000736706,1.510494,-0.02358628,-0.009049993,1.203814,-0.004654513,0.5561509,-0.1578297,-0.07070448,-0.812888,0.1076762,1.013642,0.1343018,0.06151158,0.1335991,-0.0307112,0.9886478,MathCanvas,0.5925343,1.502761,3.382231,0.0005965447,1.510551,-0.02361906,0.1709882,0.02380796,0.9849854,0.03217568,1.509935,-0.02904761,0.1715083,0.02354868,0.9849012,-0.03070226,1.511054,-0.01812495,0.1715083,0.02354868,0.9849012,0.000736706,1.510494,-0.02358628,358.6506,9.878294,358.9953,0,4,False
1,Center_Dir_Close,45,12.64,0.001040574,1.510451,-0.02354472,-0.008858305,1.203955,-0.004618462,0.5566982,-0.1577933,-0.07086657,-0.8125062,0.1080039,1.013614,0.1344226,0.0616341,0.1340384,-0.03086502,0.9885759,MathCanvas,0.5925343,1.502761,3.382231,0.0008963505,1.510473,-0.02356337,0.1718605,0.0230624,0.9848513,0.03247319,1.509879,-0.0290412,0.1726079,0.02267344,0.9847296,-0.03039204,1.511023,-0.01804823,0.1726079,0.02267344,0.9847296,0.001040574,1.510451,-0.02354472,358.7008,9.942067,358.9729,0,4,False
1,Center_Dir_Close,46,12.66,0.00118794,1.510419,-0.02351882,-0.008889923,1.20386,-0.004613737,0.5569252,-0.1574592,-0.07170156,-0.8123422,0.1080916,1.013614,0.1344612,0.06164065,0.1341658,-0.03085356,0.9885586,MathCanvas,0.5925343,1.502761,3.382231,0.001040574,1.510451,-0.02354472,0.1726079,0.02267339,0.9847296,0.03261892,1.509844,-0.02902435,0.1728861,0.02213793,0.984693,-0.03024304,1.510994,-0.0180133,0.1728861,0.02213793,0.984693,0.00118794,1.510419,-0.02351882,358.7315,9.958134,358.9672,0,4,False
1,Center_Dir_Close,47,12.68,0.001429499,1.510404,-0.02345771,-0.008739516,1.203623,-0.004723636,0.5546739,-0.1598043,-0.07280715,-0.8133256,0.1083006,1.013644,0.1345395,0.06154367,0.1344106,-0.03075856,0.9885343,MathCanvas,0.5925343,1.502761,3.382231,0.001316073,1.510396,-0.02348788,0.1733733,0.02211898,0.9846078,0.03285601,1.509805,-0.02898619,0.1736278,0.0224177,0.9845561,-0.02999702,1.511002,-0.01792922,0.1736278,0.0224177,0.9845561,0.001429499,1.510404,-0.02345771,358.7155,10.00136,358.9255,1,5,False
1,Center_Dir_Close,48,12.7,0.001519348,1.510426,-0.02342117,-0.00837495,1.203475,-0.004936806,0.5523785,-0.1637627,-0.07301665,-0.8140814,0.1084172,1.013664,0.1345742,0.06156293,0.1345419,-0.03075027,0.9885155,MathCanvas,0.5925343,1.502761,3.382231,0.001429499,1.510404,-0.02345771,0.1736278,0.02241788,0.9845561,0.03294484,1.509818,-0.02895439,0.1737881,0.02268383,0.9845218,-0.02990614,1.511035,-0.01788795,0.1737881,0.02268383,0.9845218,0.001519348,1.510426,-0.02342117,358.7002,10.01074,358.9073,1,5,False
1,Center_Dir_Close,49,12.72,0.001583949,1.51046,-0.02339602,-0.008363908,1.203538,-0.005168898,0.5537955,-0.1630811,-0.07295621,-0.8132604,0.1085082,1.013685,0.1346055,0.0615598,0.13464,-0.03077064,0.9885017,MathCanvas,0.5925343,1.502761,3.382231,0.001519348,1.510426,-0.02342117,0.1737881,0.02268388,0.9845218,0.03300882,1.509859,-0.02893359,0.1739116,0.02222977,0.9845103,-0.02984092,1.51106,-0.01785844,0.1739116,0.02222977,0.9845103,0.001583949,1.51046,-0.02339602,358.7262,10.01783,358.9216,1,5,False
1,Center_Dir_Close,50,12.74,0.001709808,1.510433,-0.02342014,-0.008511359,1.20336,-0.005730366,0.5547876,-0.1633777,-0.07415342,-0.812416,0.1086012,1.013732,0.1346901,0.06156871,0.1347365,-0.03074189,0.9884889,MathCanvas,0.5925343,1.502761,3.382231,0.001645843,1.510454,-0.02340072,0.174014,0.02202649,0.9844968,0.03313432,1.509828,-0.02895921,0.1739533,0.02161106,0.9845167,-0.0297147,1.511039,-0.01788107,0.1739533,0.02161106,0.9845167,0.001709808,1.510433,-0.02342014,358.7617,10.02011,358.9128,1,5,False
1,Center_Dir_Close,51,12.76,0.001754768,1.510461,-0.02347394,-0.008537667,1.203285,-0.006352264,0.5558029,-0.1644946,-0.07626643,-0.8113003,0.1086288,1.013745,0.1347384,0.0616239,0.1346662,-0.0306855,0.9884968,MathCanvas,0.2948049,1.547533,1.634787,0.001709808,1.510433,-0.02342014,0.1739533,0.02161079,0.9845167,0.0331816,1.509856,-0.02899985,0.1735313,0.02096111,0.9846053,-0.02967206,1.511066,-0.01794802,0.1735313,0.02096111,0.9846053,0.001754768,1.510461,-0.02347394,358.7989,9.995418,358.9129,1,5,False
1,Center_Dir_Close,52,12.78,0.001758222,1.510506,-0.02368602,-0.008268695,1.203374,-0.007191739,0.5543653,-0.1678959,-0.07862686,-0.8113618,0.108654,1.013761,0.1347985,0.06157366,0.1345646,-0.03058635,0.9885169,MathCanvas,0.2947895,1.546865,1.635004,0.001756214,1.510493,-0.02356607,0.1735762,0.02079511,0.9846009,0.0331885,1.509876,-0.02918955,0.1728369,0.02025176,0.9847422,-0.02967205,1.511136,-0.0181825,0.1728369,0.02025176,0.9847422,0.001758222,1.510506,-0.02368602,358.8396,9.954868,358.8687,1,5,False
1,Center_Dir_Close,53,12.8,0.001728115,1.510501,-0.02383592,-0.008163339,1.20336,-0.007730004,0.5558701,-0.1694347,-0.07918549,-0.8099568,0.1086522,1.013773,0.1348233,0.06158305,0.1345146,-0.03054535,0.9885244,MathCanvas,0.294165,1.545537,1.634975,0.001758222,1.510506,-0.02368602,0.1728369,0.0202521,0.9847422,0.033161,1.50987,-0.0293244,0.1723602,0.01988383,0.9848333,-0.02970477,1.511132,-0.01834745,0.1723602,0.01988383,0.9848333,0.001728115,1.510501,-0.02383592,358.8607,9.927059,358.8669,1,5,False
1,Center_Dir_Close,54,12.82,0.001640838,1.510578,-0.02419457,-0.008370738,1.203567,-0.00871747,0.5623038,-0.1695948,-0.08152863,-0.805236,0.1086358,1.013812,0.1349403,0.06168214,0.1341376,-0.03031157,0.9885766,MathCanvas,0.2929783,1.544629,1.635569,0.00170774,1.510525,-0.02401514,0.1714836,0.0195756,0.9849924,0.03308091,1.509951,-0.02964218,0.1710785,0.01997115,0.985055,-0.02979923,1.511205,-0.01874696,0.1710785,0.01997115,0.985055,0.001640838,1.510578,-0.02419457,358.8557,9.852515,358.8735,0,5,False
1,Center_Dir_Close,55,12.84,0.001589953,1.510666,-0.02438624,-0.008486471,1.203837,-0.008872624,0.564833,-0.1693964,-0.08362972,-0.8032898,0.1086519,1.013854,0.1350146,0.06163582,0.1340601,-0.03016635,0.9885944,MathCanvas,0.2907105,1.543576,1.636206,0.001640838,1.510578,-0.02419457,0.1710785,0.0199713,0.985055,0.03303146,1.51003,-0.0298245,0.1708042,0.02071406,0.9850872,-0.02985155,1.511303,-0.01894798,0.1708042,0.02071406,0.9850872,0.001589953,1.510666,-0.02438624,358.8131,9.836713,358.857,0,5,False
1,Center_Dir_Close,56,12.86,0.001586165,1.5108,-0.02457924,-0.008522426,1.204061,-0.008882692,0.5655676,-0.1708118,-0.08514568,-0.8023134,0.1086865,1.013931,0.1350751,0.06151378,0.1340934,-0.0301801,0.9885971,MathCanvas,0.2901838,1.544356,1.637311,0.001589953,1.510666,-0.02438624,0.1708042,0.02071406,0.9850872,0.03302794,1.510155,-0.03001495,0.1707391,0.02123653,0.9850874,-0.02985561,1.511444,-0.01914352,0.1707391,0.02123653,0.9850874,0.001586165,1.5108,-0.02457924,358.7831,9.833031,358.8428,0,5,False
1,Center_Dir_Close,57,12.88,0.001717772,1.511108,-0.02496811,-0.007802146,1.204094,-0.00824794,0.5590401,-0.1806369,-0.08390683,-0.8048629,0.1088268,1.014217,0.1351375,0.06101064,0.1345525,-0.0303615,0.9885603,MathCanvas,0.289913,1.545766,1.638302,0.001629096,1.510941,-0.02476502,0.1709618,0.02213852,0.9850289,0.03315497,1.510467,-0.03043074,0.1716195,0.02376947,0.9848765,-0.02971943,1.511748,-0.01950549,0.1716195,0.02376947,0.9848765,0.001717772,1.511108,-0.02496811,358.638,9.884814,358.8498,0,5,False
1,Center_Dir_Close,58,12.9,0.001800913,1.511295,-0.02515467,-0.007648575,1.204047,-0.008184141,0.5586799,-0.1809754,-0.08395843,-0.8050315,0.1088792,1.014271,0.1351134,0.06068936,0.1348072,-0.03034849,0.9885458,MathCanvas,0.289913,1.545766,1.638302,0.001717772,1.511108,-0.02496811,0.1716195,0.02376983,0.9848765,0.03323512,1.510663,-0.03063547,0.1722026,0.02513302,0.9847409,-0.02963329,1.511926,-0.01967386,0.1722026,0.02513302,0.9847409,0.001800913,1.511295,-0.02515467,358.5598,9.919074,358.8654,0,5,False
1,Center_Dir_Close,59,12.92,0.002003045,1.511609,-0.02551813,-0.008010733,1.204043,-0.008247981,0.5619211,-0.1751081,-0.08578983,-0.8038793,0.1090789,1.014292,0.1349498,0.06042782,0.1353677,-0.03056858,0.9884785,MathCanvas,0.289913,1.545766,1.638302,0.001892507,1.511492,-0.02534419,0.1734181,0.02627339,0.9844978,0.03342438,1.511,-0.03107482,0.1745846,0.02687696,0.9842753,-0.02941829,1.512218,-0.01996144,0.1745846,0.02687696,0.9842753,0.002003045,1.511609,-0.02551813,358.4599,10.05815,358.9062,0,5,False
1,Center_Dir_Close,60,12.94,0.002151039,1.511639,-0.02566804,-0.008210103,1.204112,-0.00827692,0.562308,-0.1729711,-0.08862034,-0.8037644,0.1092961,1.014312,0.1348031,0.06045968,0.1358424,-0.03075725,0.9884055,MathCanvas,0.289913,1.545766,1.638302,0.002003045,1.511609,-0.02551813,0.1745845,0.02687733,0.9842753,0.03356452,1.511032,-0.03126915,0.1759817,0.02740057,0.984012,-0.02926244,1.512246,-0.02006692,0.1759817,0.02740057,0.984012,0.002151039,1.511639,-0.02566804,358.4299,10.13964,358.9096,0,5,False
1,Center_Dir_Close,61,12.96,0.002388459,1.511602,-0.02594722,-0.008183232,1.204053,-0.008120118,0.5596879,-0.172365,-0.09292144,-0.8052362,0.1099297,1.014167,0.1344066,0.06097711,0.1376671,-0.03141131,0.9881006,MathCanvas,0.289913,1.545766,1.638302,0.002294671,1.511598,-0.02580521,0.1776025,0.02720051,0.9837263,0.03378552,1.510986,-0.0316387,0.1788122,0.02678901,0.9835185,-0.0290086,1.512218,-0.02025573,0.1788122,0.02678901,0.9835185,0.002388459,1.511602,-0.02594722,358.4649,10.30432,358.8938,0,5,False
1,Center_Dir_Close,62,12.98,0.002452336,1.511561,-0.02607809,-0.008144116,1.203807,-0.008268178,0.5588927,-0.1725164,-0.09402178,-0.8056283,0.1102897,1.014059,0.1342131,0.06138361,0.1387884,-0.03160163,0.9879125,MathCanvas,0.289913,1.545766,1.638302,0.002388459,1.511602,-0.02594722,0.1788122,0.02678915,0.9835184,0.03384344,1.510928,-0.0318005,0.1797877,0.02614808,0.9833578,-0.02893876,1.512195,-0.02035568,0.1797877,0.02614808,0.9833578,0.002452336,1.511561,-0.02607809,358.5016,10.36098,358.8628,0,5,False
1,Center_Dir_Close,63,13,0.002596039,1.511414,-0.02630052,-0.008026746,1.203645,-0.008476624,0.5597814,-0.1730524,-0.09189774,-0.8051413,0.1108991,1.014065,0.1338683,0.06168435,0.1401886,-0.03197997,0.9876839,MathCanvas,0.289913,1.545766,1.638302,0.002525765,1.511502,-0.02619623,0.1810166,0.02553978,0.9831483,0.03397153,1.510759,-0.03210548,0.18238,0.02528644,0.9829029,-0.02877945,1.512069,-0.02049556,0.18238,0.02528644,0.9829029,0.002596039,1.511414,-0.02630052,358.551,10.51182,358.8244,0,5,False
1,Center_Dir_Close,64,13.02,0.002680954,1.511347,-0.02640083,-0.008011309,1.203647,-0.00854984,0.5598288,-0.1729601,-0.09226553,-0.8050861,0.1110694,1.014086,0.1337331,0.06164927,0.1407431,-0.03198174,0.9876072,MathCanvas,0.289913,1.545766,1.638302,0.002596039,1.511414,-0.02630052,0.18238,0.02528666,0.9829029,0.03405382,1.510699,-0.0322207,0.1828381,0.02509326,0.9828228,-0.02869192,1.511995,-0.02058097,0.1828381,0.02509326,0.9828228,0.002680954,1.511347,-0.02640083,358.5621,10.53847,358.8359,0,5,False
1,Center_Dir_Close,65,13.04,0.002744235,1.51129,-0.02650379,-0.008212259,1.203714,-0.008774446,0.5607493,-0.1710098,-0.09467971,-0.8045816,0.1111934,1.014105,0.1335864,0.06154892,0.1412421,-0.03196352,0.9875427,MathCanvas,0.289913,1.545766,1.638302,0.002680954,1.511347,-0.02640083,0.1828381,0.02509361,0.9828227,0.03410626,1.510636,-0.03238124,0.184644,0.02489578,0.9824901,-0.02861779,1.511943,-0.02062633,0.184644,0.02489578,0.9824901,0.002744235,1.51129,-0.02650379,358.5734,10.64371,358.8266,0,5,False
1,Center_Dir_Close,66,13.06,0.002849591,1.511221,-0.02667889,-0.009028738,1.203911,-0.009209765,0.5634711,-0.1628289,-0.09960692,-0.803782,0.1114013,1.01419,0.1333096,0.06113518,0.1418362,-0.03233384,0.9874713,MathCanvas,0.289913,1.545766,1.638302,0.002812651,1.511253,-0.02659255,0.1857324,0.02471798,0.9822894,0.03419909,1.51056,-0.03262195,0.1866997,0.02451909,0.982111,-0.02849991,1.511881,-0.02073583,0.1866997,0.02451909,0.982111,0.002849591,1.511221,-0.02667889,358.595,10.76352,358.8134,0,5,False
1,Center_Dir_Close,67,13.08,0.00286081,1.511174,-0.02677514,-0.009324301,1.20386,-0.009393739,0.5652803,-0.1593176,-0.1008269,-0.8030629,0.1115039,1.014218,0.1331756,0.06115493,0.1420821,-0.03248053,0.9874299,MathCanvas,0.289913,1.545766,1.638302,0.002849591,1.511221,-0.02667889,0.1866998,0.02451872,0.982111,0.03420528,1.510517,-0.03274501,0.1875312,0.02415149,0.9819617,-0.02848366,1.511832,-0.02080527,0.1875312,0.02415149,0.9819617,0.00286081,1.511174,-0.02677514,358.6161,10.81193,358.819,0,5,False
1,Center_Dir_Close,68,13.1,0.002847112,1.511137,-0.02699417,-0.009797384,1.203879,-0.009849336,0.5684713,-0.1542172,-0.1041023,-0.8013864,0.1115872,1.014154,0.1330079,0.06124517,0.1425319,-0.03258014,0.9873562,MathCanvas,0.289913,1.545766,1.638302,0.002852101,1.511161,-0.0268824,0.1883925,0.02356627,0.981811,0.03418379,1.510468,-0.03300364,0.1887648,0.02311595,0.9817502,-0.02848956,1.511806,-0.02098469,0.1887648,0.02311595,0.9817502,0.002847112,1.511137,-0.02699417,358.6754,10.88365,358.7992,0,5,False
1,Center_Dir_Close,69,13.12,0.002780437,1.511138,-0.02711701,-0.009968666,1.203847,-0.009986118,0.5690739,-0.1532595,-0.105992,-0.8008947,0.1116234,1.014156,0.1328453,0.06103656,0.1428063,-0.0323292,0.9873377,MathCanvas,0.289913,1.545766,1.638302,0.002847112,1.511137,-0.02699417,0.1887647,0.02311578,0.9817502,0.03411449,1.510471,-0.03314032,0.1891945,0.02297308,0.9816709,-0.02855361,1.511805,-0.0210937,0.1891945,0.02297308,0.9816709,0.002780437,1.511138,-0.02711701,358.6836,10.90869,358.8022,0,5,False
1,Center_Dir_Close,70,13.14,0.002661237,1.511149,-0.02736201,-0.01175408,1.204291,-0.01059373,0.5768958,-0.1323438,-0.1208735,-0.7969103,0.1116636,1.014235,0.1326209,0.06077093,0.1429757,-0.03205071,0.9873387,MathCanvas,0.289913,1.545766,1.638302,0.0027281,1.511131,-0.02724075,0.1895441,0.02329455,0.9815959,0.03399042,1.510477,-0.03341001,0.1899774,0.02329113,0.9815121,-0.02866795,1.511821,-0.02131401,0.1899774,0.02329113,0.9815121,0.002661237,1.511149,-0.02736201,358.6654,10.95447,358.7931,0,5,False
1,Center_Dir_Close,71,13.16,0.00258033,1.511154,-0.02750185,-0.01266984,1.204686,-0.01083225,0.5802693,-0.1209771,-0.1285687,-0.7950611,0.111679,1.014254,0.1325414,0.06067208,0.142983,-0.03200562,0.9873451,MathCanvas,0.289913,1.545766,1.638302,0.002661237,1.511149,-0.02736201,0.1899774,0.02329122,0.9815121,0.03390469,1.510484,-0.03357507,0.1907667,0.02336453,0.9813573,-0.02874403,1.511823,-0.02142863,0.1907667,0.02336453,0.9813573,0.00258033,1.511154,-0.02750185,358.6612,11.00057,358.7974,0,5,False
1,Center_Dir_Close,72,13.18,0.00236151,1.511149,-0.0278187,-0.01351202,1.20533,-0.01063714,0.5818762,-0.1095889,-0.1375524,-0.7940338,0.1117326,1.014227,0.1324281,0.06060925,0.1431119,-0.03183762,0.9873357,MathCanvas,0.289913,1.545766,1.638302,0.002467293,1.51116,-0.0276698,0.1912425,0.02310435,0.9812708,0.03367966,1.510494,-0.03392543,0.1918004,0.02313896,0.9811611,-0.02895664,1.511804,-0.02171198,0.1918004,0.02313896,0.9811611,0.00236151,1.511149,-0.0278187,358.6741,11.06087,358.8239,0,5,False
1,Center_Dir_Close,73,13.2,0.002235301,1.511106,-0.02794187,-0.01415152,1.205551,-0.01053565,0.5807847,-0.1030648,-0.1446053,-0.7944534,0.1117818,1.014255,0.1323531,0.06065241,0.1433271,-0.0317025,0.9873062,MathCanvas,0.289913,1.545766,1.638302,0.00236151,1.511149,-0.0278187,0.1918004,0.02313914,0.9811611,0.03355106,1.510468,-0.03406272,0.1922284,0.02313541,0.9810775,-0.02908045,1.511744,-0.02182102,0.1922284,0.02313541,0.9810775,0.002235301,1.511106,-0.02794187,358.6743,11.08587,358.855,0,5,False
1,Center_Dir_Close,74,13.22,0.002097081,1.511091,-0.02804724,-0.01426403,1.205577,-0.01037779,0.5764954,-0.1043539,-0.1464631,-0.7970645,0.1118167,1.014272,0.1323141,0.06074387,0.1434773,-0.03160959,0.9872817,MathCanvas,0.289913,1.545766,1.638302,0.002235301,1.511106,-0.02794187,0.1922285,0.02313533,0.9810774,0.03341211,1.510462,-0.03417268,0.1923583,0.02268686,0.9810625,-0.02921795,1.51172,-0.02192179,0.1923583,0.02268686,0.9810625,0.002097081,1.511091,-0.02804724,358.7,11.09334,358.8705,0,5,False
1,Center_Dir_Close,75,13.24,0.001746692,1.511075,-0.02827469,-0.01304514,1.205415,-0.009972292,0.5690015,-0.1244004,-0.1352587,-0.8015404,0.1118746,1.014328,0.1322326,0.06055236,0.1437517,-0.03138022,0.9872609,MathCanvas,0.289913,1.545766,1.638302,0.001928676,1.511086,-0.02815542,0.1926025,0.0224503,0.98102,0.0330603,1.510461,-0.0344089,0.1926137,0.02219713,0.9810236,-0.02956692,1.511689,-0.02214047,0.1926137,0.02219713,0.9810236,0.001746692,1.511075,-0.02827469,358.7281,11.10813,358.8978,0,5,False
1,Center_Dir_Close,76,13.26,0.001549746,1.511064,-0.02839207,-0.01269094,1.205675,-0.009326395,0.562821,-0.1310959,-0.134649,-0.8049323,0.1118794,1.014369,0.132176,0.06038809,0.1438497,-0.03115418,0.9872639,MathCanvas,0.289913,1.545766,1.638302,0.001746692,1.511075,-0.02827469,0.1926137,0.02219715,0.9810236,0.03286587,1.510463,-0.03451469,0.1922347,0.02177868,0.9811073,-0.02976638,1.511665,-0.02226945,0.1922347,0.02177868,0.9811073,0.001549746,1.511064,-0.02839207,358.7521,11.08589,358.9201,0,5,False
1,Center_Dir_Close,77,13.27999,0.001076653,1.511107,-0.02860893,-0.01157233,1.206593,-0.006980835,0.5412887,-0.1529941,-0.1350874,-0.8156904,0.1118429,1.014381,0.1320641,0.06034884,0.1439099,-0.03066383,0.9872729,MathCanvas,0.289913,1.545766,1.638302,0.001322318,1.511064,-0.02850293,0.19197,0.02234589,0.9811464,0.03239853,1.510539,-0.03470522,0.1913986,0.02287812,0.9812457,-0.03024523,1.511676,-0.02251264,0.1913986,0.02287812,0.9812457,0.001076653,1.511107,-0.02860893,358.6891,11.03734,358.9792,0,5,False
1,Center_Dir_Close,78,13.3,0.0008255159,1.511208,-0.02872824,-0.0114627,1.206447,-0.006359897,0.5341771,-0.1583522,-0.1407853,-0.818388,0.1118207,1.014354,0.1320145,0.06034958,0.1439232,-0.03055622,0.9872742,MathCanvas,0.289913,1.545766,1.638302,0.001076653,1.511107,-0.02860893,0.1913987,0.02287839,0.9812457,0.03215031,1.510663,-0.03481169,0.1909838,0.02340313,0.9813142,-0.03049928,1.511753,-0.02264478,0.1909838,0.02340313,0.9813142,0.0008255159,1.511208,-0.02872824,358.659,11.01326,359.0218,0,5,False
1,Center_Dir_Close,79,13.31999,0.0003110804,1.511383,-0.02893434,-0.01268816,1.206466,-0.008510718,0.5498013,-0.1345257,-0.1327201,-0.8136379,0.1117248,1.01434,0.1318982,0.06031403,0.1438852,-0.03031622,0.9872893,MathCanvas,0.289913,1.545766,1.638302,0.0005619489,1.511322,-0.0288467,0.190696,0.02363492,0.9813646,0.03164167,1.510875,-0.03499108,0.1901272,0.02431795,0.9814582,-0.03101951,1.511891,-0.02287759,0.1901272,0.02431795,0.9814582,0.0003110804,1.511383,-0.02893434,358.6065,10.96349,359.0874,0,5,False
1,Center_Dir_Close,80,13.34,8.751545E-05,1.511394,-0.02901443,-0.01396768,1.206618,-0.00821052,0.5563572,-0.1168211,-0.1336918,-0.8117549,0.1116555,1.014362,0.1318485,0.06022922,0.1438566,-0.03017909,0.9873029,MathCanvas,0.289913,1.545766,1.638302,0.0003110804,1.511383,-0.02893434,0.1901272,0.02431803,0.9814582,0.03142157,1.510913,-0.03505535,0.1896147,0.02487641,0.9815434,-0.03124654,1.511876,-0.02297352,0.1896147,0.02487641,0.9815434,8.751545E-05,1.511394,-0.02901443,358.5746,10.93373,359.1352,0,5,False
1,Center_Dir_Close,81,13.35999,-0.0004316987,1.51129,-0.02920214,-0.01443178,1.206417,-0.008872547,0.5693351,-0.1023368,-0.1270927,-0.8057494,0.1115005,1.014364,0.1317418,0.06018997,0.1437101,-0.029928,0.9873343,MathCanvas,0.289913,1.545766,1.638302,-0.0001477739,1.511344,-0.0291055,0.1884408,0.02435379,0.9817826,0.03091985,1.510864,-0.03515584,0.1868225,0.02334165,0.9821163,-0.03178325,1.511716,-0.02324844,0.1868225,0.02334165,0.9821163,-0.0004316987,1.51129,-0.02920214,358.6625,10.77037,359.2346,0,5,False
1,Center_Dir_Close,82,13.38,-0.0007928787,1.511104,-0.0292629,-0.01574709,1.206231,-0.01037532,0.5843992,-0.07555466,-0.1246634,-0.7982657,0.1113646,1.014351,0.1316578,0.05998608,0.1435663,-0.02974465,0.9873731,MathCanvas,0.289913,1.545766,1.638302,-0.0004316987,1.51129,-0.02920214,0.1868225,0.02334175,0.9821163,0.0305674,1.510706,-0.03517245,0.1854133,0.02289472,0.9823939,-0.03215316,1.511502,-0.02335334,0.1854133,0.02289472,0.9823939,-0.0007928787,1.511104,-0.0292629,358.6881,10.68806,359.2862,0,5,False
1,Center_Dir_Close,83,13.39999,-0.001066015,1.511139,-0.02924264,-0.01691086,1.206077,-0.01096092,0.5929941,-0.05913052,-0.124598,-0.7933077,0.1112081,1.014322,0.131605,0.0598633,0.143347,-0.02958615,0.9874172,MathCanvas,0.289913,1.545766,1.638302,-0.0007928787,1.511104,-0.0292629,0.1854133,0.02289507,0.9823939,0.03030053,1.510727,-0.03511786,0.184349,0.02289593,0.9825941,-0.03243256,1.511551,-0.02336743,0.184349,0.02289593,0.9825941,-0.001066015,1.511139,-0.02924264,358.688,10.626,359.2599,0,5,False
1,Center_Dir_Close,84,13.42,-0.001706061,1.510941,-0.02927501,-0.01742992,1.206273,-0.01024066,0.5927318,-0.04283044,-0.1079075,-0.7969884,0.1107831,1.014154,0.1315235,0.06037072,0.1425804,-0.02946188,0.987501,MathCanvas,0.289913,1.545766,1.638302,-0.00136267,1.511056,-0.02926799,0.1826282,0.02335319,0.9829047,0.02967924,1.51052,-0.03504851,0.1811724,0.02324132,0.9831767,-0.03309137,1.511362,-0.02350151,0.1811724,0.02324132,0.9831767,-0.001706061,1.510941,-0.02927501,358.6682,10.44091,359.2441,0,5,False
1,Center_Dir_Close,85,13.43999,-0.002140841,1.51073,-0.02936826,-0.01696087,1.206999,-0.009757307,0.5931476,-0.04475059,-0.09967455,-0.7976454,0.110604,1.014091,0.1314934,0.06056235,0.1423828,-0.02931499,0.9875222,MathCanvas,0.289913,1.545766,1.638302,-0.001706061,1.510941,-0.02927501,0.1811724,0.02324164,0.9831766,0.02925281,1.510316,-0.03509674,0.1797506,0.02257794,0.9834531,-0.03353449,1.511144,-0.02363978,0.1797506,0.02257794,0.9834531,-0.002140841,1.51073,-0.02936826,358.7063,10.3579,359.2575,0,5,False
1,Center_Dir_Close,86,13.46,-0.002833497,1.510399,-0.02944708,-0.01576232,1.206919,-0.009263526,0.5959252,-0.05506904,-0.08311456,-0.7968265,0.1101004,1.013932,0.1314577,0.06075463,0.1414994,-0.02889801,0.9876496,MathCanvas,0.289913,1.545766,1.638302,-0.002516188,1.510564,-0.02940818,0.1783583,0.0214487,0.9837318,0.0285763,1.509985,-0.0350863,0.1769379,0.02068564,0.9840046,-0.0342433,1.510813,-0.02380786,0.1769379,0.02068564,0.9840046,-0.002833497,1.510399,-0.02944708,358.8147,10.19366,359.2563,0,5,False
1,Center_Dir_Close,87,13.47999,-0.003147461,1.510343,-0.02948021,-0.01484353,1.206341,-0.009903893,0.59284,-0.07262155,-0.0772296,-0.7983123,0.1097531,1.013805,0.1314827,0.06098211,0.1409062,-0.02872576,0.9877254,MathCanvas,0.3001401,1.546834,1.641599,-0.002833497,1.510399,-0.02944708,0.1769379,0.02068545,0.9840046,0.02827258,1.509942,-0.03506303,0.1751571,0.02016134,0.9843341,-0.03456751,1.510743,-0.02389738,0.1751571,0.02016134,0.9843341,-0.003147461,1.510343,-0.02948021,358.8448,10.08987,359.2804,0,5,False
1,Center_Dir_Close,88,13.5,-0.003675111,1.510334,-0.02941383,-0.01348873,1.205437,-0.01102352,0.5963463,-0.1034545,-0.0618898,-0.7936233,0.1088878,1.013525,0.1315462,0.06121936,0.1397686,-0.02809324,0.9878905,MathCanvas,0.29633,1.545354,1.636005,-0.003422253,1.510346,-0.0294135,0.1735974,0.01965712,0.9846205,0.02776372,1.509966,-0.0348921,0.1718524,0.01926489,0.9849343,-0.03511395,1.510703,-0.02393555,0.1718524,0.01926489,0.9849343,-0.003675111,1.510334,-0.02941383,358.8961,9.897396,359.3379,0,5,False
1,Center_Dir_Close,89,13.51999,-0.003993757,1.510229,-0.02940958,-0.01330895,1.204757,-0.01175472,0.6022297,-0.1042953,-0.05511245,-0.7895597,0.1083467,1.01338,0.1315756,0.06137398,0.1389751,-0.02773835,0.9880029,MathCanvas,0.289715,1.543556,1.634654,-0.003675111,1.510334,-0.02941383,0.1718524,0.01926476,0.9849343,0.02745506,1.509858,-0.03483008,0.1700422,0.01900299,0.9852535,-0.03544258,1.510601,-0.02398908,0.1700422,0.01900299,0.9852535,-0.003993757,1.510229,-0.02940958,358.9111,9.79206,359.3332,0,5,False
1,Center_Dir_Close,90,13.54,-0.004326623,1.510087,-0.02942877,-0.01362935,1.204373,-0.01216624,0.6068876,-0.09507532,-0.05052984,-0.7874611,0.1078335,1.013259,0.1315987,0.06159619,0.1379655,-0.02761074,0.9881341,MathCanvas,0.285755,1.542711,1.631222,-0.003993757,1.510229,-0.02940958,0.1700422,0.01900303,0.9852535,0.0271344,1.509722,-0.03477839,0.1678103,0.0181219,0.9856527,-0.03578765,1.510452,-0.02407915,0.1678103,0.0181219,0.9856527,-0.004326623,1.510087,-0.02942877,358.9616,9.662131,359.344,0,5,False
1,Center_Dir_Close,91,13.56,-0.004982607,1.50985,-0.02947952,-0.01422027,1.204432,-0.01177068,0.6119943,-0.09024449,-0.04734208,-0.7842689,0.1065379,1.01311,0.131637,0.06175343,0.135426,-0.0271037,0.9884896,MathCanvas,0.282147,1.542102,1.630448,-0.004640375,1.509947,-0.02943241,0.165586,0.01713127,0.9860466,0.0265034,1.509513,-0.03468198,0.1631719,0.01675227,0.9864554,-0.03646862,1.510187,-0.02427706,0.1631719,0.01675227,0.9864554,-0.004982607,1.50985,-0.02947952,359.0401,9.392379,359.3953,0,5,False
1,Center_Dir_Close,92,13.58,-0.005322419,1.509843,-0.02953549,-0.01472114,1.204498,-0.01179342,0.6132349,-0.08624747,-0.05215377,-0.7834439,0.1059489,1.013138,0.1316592,0.06151766,0.1343124,-0.02666419,0.9886682,MathCanvas,0.2737292,1.538686,1.630219,-0.004982607,1.50985,-0.02947952,0.1631718,0.01675224,0.9864554,0.02617572,1.509525,-0.03466522,0.1608798,0.01637287,0.9868382,-0.03682056,1.510161,-0.02440577,0.1608798,0.01637287,0.9868382,-0.005322419,1.509843,-0.02953549,359.0619,9.259221,359.4292,0,5,False
1,Center_Dir_Close,93,13.6,-0.005893252,1.509879,-0.02962569,-0.01525442,1.204699,-0.01233891,0.6120864,-0.07703736,-0.06149527,-0.7846233,0.1051251,1.013219,0.1317236,0.06094885,0.1329341,-0.0260175,0.9889069,MathCanvas,0.2687567,1.537982,1.627411,-0.005620621,1.509943,-0.02955299,0.1586805,0.01596461,0.9872009,0.02562696,1.509613,-0.03462101,0.1566413,0.01653239,0.9875172,-0.03741346,1.510146,-0.02463038,0.1566413,0.01653239,0.9875172,-0.005893252,1.509879,-0.02962569,359.0527,9.013244,359.5214,0,5,False
1,Center_Dir_Close,94,13.62,-0.006151228,1.509859,-0.02968168,-0.01531579,1.204376,-0.01250081,0.6152276,-0.07167264,-0.06117766,-0.7826975,0.1048941,1.01325,0.1317469,0.06089417,0.1323849,-0.02605993,0.9889829,MathCanvas,0.260502,1.536681,1.627702,-0.005893252,1.509879,-0.02962569,0.1566414,0.01653197,0.9875172,0.02537855,1.509609,-0.03461704,0.1547552,0.01667372,0.9878122,-0.03768101,1.51011,-0.02474631,0.1547552,0.01667372,0.9878122,-0.006151228,1.509859,-0.02968168,359.0446,8.903849,359.5494,0,5,False
1,Center_Dir_Close,95,13.64,-0.006701238,1.509759,-0.02981701,-0.01629488,1.204033,-0.01309991,0.6187189,-0.06652498,-0.0651837,-0.780072,0.1045799,1.013304,0.1317908,0.06071392,0.1318226,-0.02615243,0.9890665,MathCanvas,0.2565351,1.537583,1.626377,-0.006406385,1.509828,-0.02975101,0.15313,0.01688526,0.9880618,0.02484704,1.509546,-0.03463453,0.1510412,0.01640162,0.9883914,-0.03824951,1.509972,-0.0249995,0.1510412,0.01640162,0.9883914,-0.006701238,1.509759,-0.02981701,359.0602,8.688447,359.6173,0,5,False
1,Center_Dir_Close,96,13.66,-0.006970496,1.509735,-0.02991075,-0.01675632,1.204026,-0.01347652,0.6193075,-0.06593972,-0.06433409,-0.7797252,0.1044716,1.013296,0.1318431,0.06075454,0.1317538,-0.02623644,0.989071,MathCanvas,0.2501069,1.538077,1.627222,-0.006701238,1.509759,-0.02981701,0.1510412,0.01640181,0.9883914,0.02458748,1.509528,-0.03466459,0.1490403,0.01578043,0.9887052,-0.03852847,1.509942,-0.02515692,0.1490403,0.01578043,0.9887052,-0.006970496,1.509735,-0.02991075,359.0958,8.572392,359.6279,0,5,False
1,Center_Dir_Close,97,13.68,-0.007459719,1.50972,-0.03001189,-0.01675577,1.203726,-0.01312727,0.6153076,-0.07400247,-0.06434724,-0.7821634,0.1041358,1.013273,0.1320071,0.0610075,0.131293,-0.02659851,0.9891071,MathCanvas,0.246015,1.537207,1.62559,-0.007235151,1.509733,-0.02994722,0.1470441,0.01545303,0.9890092,0.02411762,1.509507,-0.03463515,0.1449503,0.01532379,0.9893203,-0.03903705,1.509932,-0.02538862,0.1449503,0.01532379,0.9893203,-0.007459719,1.50972,-0.03001189,359.122,8.335388,359.6183,0,5,False
1,Center_Dir_Close,98,13.7,-0.007777006,1.509711,-0.03007105,-0.01708419,1.203644,-0.01363976,0.6129655,-0.07640963,-0.06601731,-0.7836304,0.1039809,1.01326,0.132072,0.06111252,0.1310788,-0.0267416,0.9891251,MathCanvas,0.2387522,1.535595,1.625994,-0.007459719,1.50972,-0.03001189,0.1449503,0.01532382,0.9893203,0.02380876,1.5095,-0.03463642,0.1431376,0.01575122,0.9895775,-0.03936277,1.509922,-0.02550568,0.1431376,0.01575122,0.9895775,-0.007777006,1.509711,-0.03007105,359.0975,8.230472,359.6212,0,5,False
1,Center_Dir_Close,99,13.72,-0.008003324,1.509741,-0.03013042,-0.01738149,1.203451,-0.01370218,0.6135082,-0.07584988,-0.0646424,-0.7833747,0.1038073,1.013226,0.1321303,0.06119883,0.1309088,-0.02694107,0.9891369,MathCanvas,0.234762,1.535352,1.625315,-0.007777006,1.509711,-0.03007105,0.1431376,0.01575149,0.9895775,0.02359312,1.509517,-0.03462069,0.1407929,0.01608768,0.9899083,-0.03959977,1.509964,-0.02564014,0.1407929,0.01608768,0.9899083,-0.008003324,1.509741,-0.03013042,359.0782,8.094785,359.5989,0,5,False
1,Center_Dir_Close,100,13.74,-0.008462213,1.509638,-0.03038379,-0.01822573,1.202339,-0.01514054,0.6179721,-0.0834736,-0.06948514,-0.778662,0.1033669,1.013089,0.1322351,0.0614427,0.1303591,-0.02708379,0.9891905,MathCanvas,0.2315181,1.536099,1.625795,-0.008241288,1.509711,-0.03023567,0.1390434,0.01595126,0.9901578,0.02314963,1.509395,-0.0347633,0.1373297,0.01544361,0.990405,-0.04007405,1.509881,-0.02600427,0.1373297,0.01544361,0.990405,-0.008462213,1.509638,-0.03038379,359.1151,7.894302,359.5639,0,5,False
1,Center_Dir_Close,101,13.76,-0.008649107,1.5096,-0.03053859,-0.01841828,1.201858,-0.01539441,0.6178336,-0.08912942,-0.06746672,-0.7783225,0.1030003,1.012984,0.1322674,0.06168262,0.1298418,-0.02696796,0.9892467,MathCanvas,0.2243031,1.536341,1.627188,-0.008462213,1.509638,-0.03038379,0.1373297,0.01544349,0.990405,0.02297037,1.509357,-0.03486264,0.1355878,0.01462394,0.9906574,-0.04026858,1.509843,-0.02621454,0.1355878,0.01462394,0.9906574,-0.008649107,1.5096,-0.03053859,359.1621,7.793448,359.5631,0,5,False
1,Center_Dir_Close,102,13.77999,-0.008992162,1.509554,-0.03082797,-0.01898666,1.201504,-0.01576402,0.6178548,-0.09267203,-0.06934233,-0.7777268,0.1022091,1.012834,0.1322259,0.06188187,0.1286109,-0.0266755,0.989403,MathCanvas,0.2211383,1.535441,1.62666,-0.008819196,1.509583,-0.03068162,0.1340581,0.0139769,0.9908749,0.02263789,1.509314,-0.03507417,0.1331423,0.01379189,0.991001,-0.04062221,1.509793,-0.02658176,0.1331423,0.01379189,0.991001,-0.008992162,1.509554,-0.03082797,359.2097,7.651945,359.5703,0,5,False
1,Center_Dir_Close,103,13.8,-0.009121776,1.509547,-0.03097292,-0.01933419,1.201358,-0.01558997,0.6177699,-0.08789558,-0.07098851,-0.7782001,0.1017653,1.01278,0.1321829,0.06176642,0.1279097,-0.02630987,0.9895109,MathCanvas,0.2152708,1.532935,1.626786,-0.008992162,1.509554,-0.03082797,0.1331423,0.0137919,0.991001,0.02251256,1.509304,-0.0351869,0.1321355,0.0140341,0.9911323,-0.04075611,1.50979,-0.02675895,0.1321355,0.0140341,0.9911323,-0.009121776,1.509547,-0.03097292,359.1959,7.593767,359.5635,0,5,False
1,Center_Dir_Close,104,13.81999,-0.009366132,1.509657,-0.03125833,-0.01910855,1.200733,-0.0152775,0.6087112,-0.09732408,-0.07698071,-0.7836279,0.1008895,1.012842,0.1320634,0.06147075,0.1260344,-0.0262914,0.9897704,MathCanvas,0.2135548,1.532614,1.626447,-0.009235758,1.50959,-0.03111408,0.1312992,0.01481223,0.9912321,0.02227469,1.509417,-0.03542357,0.1306145,0.01542067,0.9913133,-0.04100695,1.509896,-0.02709308,0.1306145,0.01542067,0.9913133,-0.009366132,1.509657,-0.03125833,359.1164,7.506001,359.5705,0,5,False
1,Center_Dir_Close,105,13.84,-0.009488344,1.509738,-0.03141189,-0.01878064,1.200495,-0.01563439,0.5978552,-0.1106185,-0.07150283,-0.7907085,0.100621,1.012922,0.1320076,0.06111184,0.1256552,-0.02606672,0.9898468,MathCanvas,0.2103695,1.534446,1.627618,-0.009366132,1.509657,-0.03125833,0.1306145,0.01542061,0.9913133,0.02215342,1.50951,-0.03557053,0.1304024,0.0155183,0.9913397,-0.04113011,1.509966,-0.02725326,0.1304024,0.0155183,0.9913397,-0.009488344,1.509738,-0.03141189,359.1108,7.493756,359.5901,0,5,False
1,Center_Dir_Close,106,13.85999,-0.009587262,1.509801,-0.03173015,-0.01830753,1.199628,-0.01367426,0.5695066,-0.1305536,-0.07832137,-0.8077647,0.1004312,1.013067,0.1319152,0.06075954,0.1255907,-0.02614037,0.9898747,MathCanvas,0.2091335,1.535549,1.627843,-0.009562902,1.509774,-0.03157941,0.1301431,0.015669,0.9913714,0.02205623,1.509651,-0.03587926,0.1300641,0.01543262,0.9913855,-0.04123075,1.509951,-0.02758104,0.1300641,0.01543262,0.9913855,-0.009587262,1.509801,-0.03173015,359.1158,7.474191,359.7307,0,5,False
1,Center_Dir_Close,107,13.88,-0.009605713,1.509833,-0.03186874,-0.01743238,1.19864,-0.01484276,0.5688788,-0.1436348,-0.07514981,-0.8062869,0.1003381,1.013154,0.1318357,0.06034446,0.1255827,-0.02604731,0.9899036,MathCanvas,0.2083015,1.536034,1.628048,-0.009587262,1.509801,-0.03173015,0.1300641,0.01543253,0.9913855,0.02203869,1.509694,-0.03601121,0.1298505,0.01544712,0.9914132,-0.04125012,1.509971,-0.02772626,0.1298505,0.01544712,0.9914132,-0.009605713,1.509833,-0.03186874,359.1149,7.461849,359.7515,0,5,False
1,Center_Dir_Close,108,13.89999,-0.009631518,1.509895,-0.03191367,-0.01896688,1.199151,-0.01652477,0.5939004,-0.1088294,-0.07187752,-0.7938969,0.1002885,1.013178,0.13177,0.05988705,0.1255369,-0.02585977,0.9899421,MathCanvas,0.2081232,1.535667,1.627723,-0.009605713,1.509833,-0.03186874,0.1298505,0.0154473,0.9914132,0.02201095,1.509721,-0.03606957,0.1302922,0.01641296,0.9913398,-0.04127399,1.51007,-0.02775778,0.1302922,0.01641296,0.9913398,-0.009631518,1.509895,-0.03191367,359.0596,7.487493,359.6868,0,5,False
1,Center_Dir_Close,109,13.92,-0.009609066,1.510024,-0.03198733,-0.01969511,1.198903,-0.01648143,0.5928566,-0.115711,-0.07566612,-0.7933516,0.1005098,1.013129,0.1316641,0.0601013,0.1261498,-0.02656399,0.9898326,MathCanvas,0.2077198,1.535752,1.627571,-0.009617764,1.509966,-0.03192675,0.1305795,0.01726238,0.9912875,0.02203377,1.509839,-0.03614005,0.1302009,0.01725028,0.9913375,-0.0412519,1.510208,-0.02783461,0.1302009,0.01725028,0.9913375,-0.009609066,1.510024,-0.03198733,359.0116,7.48232,359.6693,0,5,False
1,Center_Dir_Close,110,13.93999,-0.009615685,1.510032,-0.03209249,-0.01997931,1.198391,-0.01608704,0.5941033,-0.1159982,-0.07424162,-0.7925111,0.1008595,1.013117,0.1315743,0.06040236,0.1270851,-0.02738205,0.9896723,MathCanvas,0.2090867,1.538935,1.62823,-0.009609066,1.510024,-0.03198733,0.1302009,0.01724998,0.9913375,0.02202731,1.509859,-0.03624447,0.1301716,0.01723556,0.9913417,-0.04125868,1.510206,-0.02794051,0.1301716,0.01723556,0.9913417,-0.009615685,1.510032,-0.03209249,359.0124,7.480627,359.6889,0,5,False
1,Center_Dir_Close,111,13.96,-0.009610541,1.510049,-0.03230856,-0.01965263,1.197766,-0.01543442,0.5965422,-0.1157395,-0.0688708,-0.7912008,0.1012871,1.01323,0.1314385,0.06002113,0.1284301,-0.02733014,0.9895232,MathCanvas,0.2085408,1.538935,1.628931,-0.00959469,1.510029,-0.03221425,0.1300588,0.01737728,0.991354,0.02203265,1.509887,-0.03645949,0.1301329,0.01744211,0.9913431,-0.04125373,1.510211,-0.02815763,0.1301329,0.01744211,0.9913431,-0.009610541,1.510049,-0.03230856,359.0006,7.478418,359.709,0,5,False
1,Center_Dir_Close,112,13.97999,-0.009607433,1.510073,-0.03237153,-0.01904455,1.197676,-0.01607736,0.5991048,-0.1166747,-0.06761649,-0.7892329,0.1014619,1.013303,0.1313481,0.0600425,0.1289281,-0.02759833,0.9894497,MathCanvas,0.2083798,1.539175,1.629291,-0.009610541,1.510049,-0.03230856,0.1301329,0.01744212,0.9913431,0.02203524,1.509904,-0.03652607,0.1302512,0.01780794,0.9913211,-0.04125011,1.510243,-0.02821699,0.1302512,0.01780794,0.9913211,-0.009607433,1.510073,-0.03237153,358.9796,7.4853,359.6959,0,5,False
1,Center_Dir_Close,113,14,-0.009552751,1.510024,-0.03251763,-0.01872345,1.197556,-0.01637311,0.6074439,-0.1146173,-0.0652894,-0.783334,0.1017153,1.013266,0.131175,0.06020105,0.1293784,-0.0277607,0.9893768,MathCanvas,0.2085921,1.53932,1.629857,-0.009584115,1.510077,-0.03243004,0.1306689,0.01839993,0.9912553,0.02208677,1.50984,-0.03669546,0.1309908,0.0181982,0.9912165,-0.04119227,1.510209,-0.02833981,0.1309908,0.0181982,0.9912165,-0.009552751,1.510024,-0.03251763,358.9573,7.528106,359.6686,0,5,False
1,Center_Dir_Close,114,14.01999,-0.009535592,1.509937,-0.03263267,-0.01809554,1.19774,-0.01603627,0.6107761,-0.1104148,-0.0607391,-0.781711,0.1018026,1.013273,0.1310805,0.06022016,0.129616,-0.02787996,0.9893412,MathCanvas,0.2096634,1.540893,1.630458,-0.009552751,1.510024,-0.03251763,0.1309908,0.01819779,0.9912165,0.02210333,1.509757,-0.03681527,0.1311363,0.01775819,0.9912053,-0.04117451,1.510117,-0.02845008,0.1311363,0.01775819,0.9912053,-0.009535592,1.509937,-0.03263267,358.9825,7.536453,359.6766,0,5,False
1,Center_Dir_Close,115,14.04,-0.009520859,1.509815,-0.03278304,-0.01322731,1.196455,-0.01614508,0.6226351,-0.07548981,-0.0293671,-0.7783087,0.1018904,1.01336,0.1309273,0.06020144,0.1298814,-0.02778537,0.9893102,MathCanvas,0.2102678,1.540473,1.630635,-0.009527996,1.509868,-0.03272668,0.1312319,0.01695344,0.9912067,0.02211727,1.509639,-0.03697182,0.131323,0.016391,0.9912041,-0.04115899,1.509991,-0.02859426,0.131323,0.016391,0.9912041,-0.009520859,1.509815,-0.03278304,359.0608,7.547071,359.6846,0,5,False
1,Center_Dir_Close,116,14.05999,-0.009528626,1.509808,-0.03282891,-0.00966495,1.194721,-0.0151837,0.6295021,-0.06149693,-0.01335243,-0.7744463,0.1020234,1.013329,0.1308581,0.06026516,0.1303027,-0.0277477,0.989252,MathCanvas,0.2106145,1.538254,1.62992,-0.009520859,1.509815,-0.03278304,0.131323,0.01639085,0.9912041,0.02210777,1.509623,-0.03703033,0.1317233,0.01623268,0.9911536,-0.04116502,1.509992,-0.02862749,0.1317233,0.01623268,0.9911536,-0.009528626,1.509808,-0.03282891,359.0699,7.570192,359.6687,0,5,False
1,Center_Dir_Close,117,14.08,-0.009530757,1.509805,-0.03287215,-0.006736017,1.192151,-0.01516289,0.6406268,-0.04881651,-0.008331046,-0.7662539,0.1020747,1.01332,0.1308335,0.06028071,0.1304525,-0.02775496,0.9892311,MathCanvas,0.2107089,1.537297,1.629488,-0.009528626,1.509808,-0.03282891,0.1317234,0.01623304,0.9911536,0.02210423,1.509609,-0.0370837,0.132048,0.01651039,0.9911058,-0.04116574,1.510001,-0.02866059,0.132048,0.01651039,0.9911058,-0.009530757,1.509805,-0.03287215,359.054,7.588994,359.6477,0,5,False
1,Center_Dir_Close,118,14.09999,-0.009590529,1.509812,-0.03295613,-0.002977509,1.185932,-0.01722611,0.6712969,-0.01277383,0.009121788,-0.7410224,0.1021499,1.013449,0.1307364,0.06008801,0.1306031,-0.02754699,0.9892287,MathCanvas,0.2112116,1.537009,1.628106,-0.009555262,1.509835,-0.03289647,0.1321318,0.01654389,0.9910941,0.02204413,1.50962,-0.03717024,0.1321251,0.01630782,0.9910989,-0.04122519,1.510005,-0.02874203,0.1321251,0.01630782,0.9910989,-0.009590529,1.509812,-0.03295613,359.0656,7.593429,359.6541,0,5,False
1,Center_Dir_Close,119,14.12,-0.009623889,1.509755,-0.03305196,-0.003963597,1.184087,-0.01882691,0.6840684,-0.02090744,0.003157509,-0.7291114,0.1021469,1.013566,0.1306511,0.05984342,0.1304724,-0.02733627,0.9892666,MathCanvas,0.211572,1.537503,1.62594,-0.009590529,1.509812,-0.03295613,0.1321252,0.01630789,0.9910989,0.02201275,1.509577,-0.03725186,0.1316698,0.01563302,0.9911703,-0.04126053,1.509933,-0.02885207,0.1316698,0.01563302,0.9911703,-0.009623889,1.509755,-0.03305196,359.1042,7.567027,359.6803,0,5,False
1,Center_Dir_Close,120,14.13999,-0.009673123,1.509762,-0.03323926,-0.008463127,1.188053,-0.02045414,0.6746584,-0.03925043,-0.01515709,-0.73693,0.1020575,1.013685,0.1305083,0.05928683,0.1299627,-0.02693849,0.9893782,MathCanvas,0.2106546,1.536943,1.619303,-0.009652838,1.509729,-0.0331491,0.1310262,0.01502154,0.9912651,0.02197011,1.509632,-0.03739102,0.1301375,0.01568463,0.9913719,-0.04131635,1.509891,-0.0290875,0.1301375,0.01568463,0.9913719,-0.009673123,1.509762,-0.03323926,359.1013,7.478464,359.7672,0,5,False
1,Center_Dir_Close,121,14.16,-0.009682503,1.509871,-0.03329585,-0.009499005,1.189594,-0.02120763,0.6707706,-0.03244058,-0.02249379,-0.7406136,0.1020761,1.013701,0.1305095,0.05933077,0.1299154,-0.02708792,0.9893776,MathCanvas,0.2081651,1.534736,1.614794,-0.009673123,1.509762,-0.03323926,0.1301375,0.01568474,0.9913719,0.02196347,1.509746,-0.03742674,0.1294835,0.01684549,0.9914384,-0.04132848,1.509996,-0.02916495,0.1294835,0.01684549,0.9914384,-0.009682503,1.509871,-0.03329585,359.0348,7.440811,359.7758,0,5,False
1,Center_Dir_Close,122,14.17999,-0.00964572,1.510109,-0.03339649,-0.009370952,1.190832,-0.02156921,0.667841,-0.02165593,-0.04241388,-0.7427789,0.102139,1.013786,0.130438,0.05939002,0.1298443,-0.02779502,0.9893638,MathCanvas,0.2062139,1.535892,1.611377,-0.009680163,1.510019,-0.03334185,0.1288278,0.01798372,0.9915039,0.02200578,1.509989,-0.037485,0.1281551,0.01830653,0.9915852,-0.04129722,1.51023,-0.02930799,0.1281551,0.01830653,0.9915852,-0.00964572,1.510109,-0.03339649,358.951,7.364233,359.784,0,5,False
1,Center_Dir_Close,123,14.2,-0.009592257,1.510126,-0.03348222,-0.009618556,1.191264,-0.02155738,0.6634164,-0.01407021,-0.04968812,-0.7464662,0.1021461,1.013802,0.1303916,0.05933277,0.1298001,-0.0277434,0.9893745,MathCanvas,0.2042665,1.539971,1.612947,-0.00964572,1.510109,-0.03339649,0.1281551,0.01830649,0.9915852,0.02205976,1.510026,-0.03756729,0.1280354,0.01787812,0.9916084,-0.04124427,1.510226,-0.02939716,0.1280354,0.01787812,0.9916084,-0.009592257,1.510126,-0.03348222,358.9756,7.357262,359.8198,0,5,False
1,Center_Dir_Close,124,14.21999,-0.009503447,1.510099,-0.03359938,-0.009576923,1.191061,-0.02149849,0.6570726,-0.01070043,-0.05037463,-0.7520661,0.1021733,1.013816,0.1303232,0.05927328,0.1297123,-0.02771873,0.9893903,MathCanvas,0.2032569,1.540531,1.613413,-0.009592257,1.510126,-0.03348222,0.1280354,0.01787788,0.9916084,0.02214899,1.510018,-0.03768164,0.1279361,0.01738749,0.99163,-0.04115588,1.510179,-0.02951713,0.1279361,0.01738749,0.99163,-0.009503447,1.510099,-0.03359938,359.0037,7.351458,359.8555,0,5,False
1,Center_Dir_Close,125,14.24,-0.009297762,1.51007,-0.03381742,-0.009091442,1.189664,-0.02190166,0.6482291,-0.01539769,-0.03900219,-0.76029,0.1023902,1.013854,0.1301655,0.05902398,0.1300168,-0.02776002,0.989364,MathCanvas,0.2031651,1.539794,1.613476,-0.00942488,1.510075,-0.03371634,0.1279455,0.01736584,0.9916291,0.02235325,1.510034,-0.03791133,0.1282765,0.01716474,0.9915899,-0.04094877,1.510105,-0.02972352,0.1282765,0.01716474,0.9915899,-0.009297762,1.51007,-0.03381742,359.0165,7.371102,359.9365,0,5,False
1,Center_Dir_Close,126,14.25999,-0.009163667,1.510069,-0.03388432,-0.009195056,1.189301,-0.02210434,0.6452119,-0.01455332,-0.03910037,-0.7628638,0.1025984,1.013856,0.1301075,0.05883816,0.1304619,-0.02788057,0.9893131,MathCanvas,0.2032472,1.538918,1.613491,-0.009297762,1.51007,-0.03381742,0.1282765,0.01716465,0.9915899,0.02248271,1.510068,-0.03801403,0.1293792,0.0175915,0.9914392,-0.04081004,1.51007,-0.0297546,0.1293792,0.0175915,0.9914392,-0.009163667,1.510069,-0.03388432,358.992,7.434875,-0.001952662,0,5,False
1,Center_Dir_Close,127,14.27999,-0.008856274,1.510108,-0.03392138,-0.00955879,1.189212,-0.02208049,0.6427581,-0.008378834,-0.04025323,-0.7649651,0.1028794,1.01387,0.1300312,0.0587666,0.1309453,-0.02817528,0.9892452,MathCanvas,0.2039995,1.538592,1.613887,-0.009003554,1.510091,-0.03392138,0.1302306,0.017814,0.9913237,0.02278233,1.510146,-0.03811005,0.1312028,0.01795741,0.9911929,-0.04049488,1.510069,-0.02973272,0.1312028,0.01795741,0.9911929,-0.008856274,1.510108,-0.03392138,358.9711,7.540325,0.06990762,0,5,False
1,Center_Dir_Close,128,14.29999,-0.008743711,1.510139,-0.03391382,-0.009710602,1.189288,-0.0220003,0.6415507,-0.003529321,-0.03971824,-0.7660436,0.1029935,1.013911,0.129981,0.05878186,0.1312017,-0.02829266,0.989207,MathCanvas,0.2076299,1.53972,1.613985,-0.008856274,1.510108,-0.03392138,0.1312028,0.0179575,0.9911929,0.02289219,1.510196,-0.03812268,0.1318256,0.01806844,0.9911082,-0.04037961,1.510083,-0.02970496,0.1318256,0.01806844,0.9911082,-0.008743711,1.510139,-0.03391382,358.9647,7.576342,0.1012455,0,5,False
1,Center_Dir_Close,129,14.31999,-0.008604013,1.510159,-0.03384772,-0.01063705,1.190219,-0.02192486,0.6422232,0.003867813,-0.04622993,-0.7651126,0.1034354,1.01402,0.1297853,0.05884585,0.1323645,-0.02889028,0.9890309,MathCanvas,0.2094401,1.540002,1.614391,-0.008686026,1.510153,-0.03386984,0.1326904,0.0180991,0.9909922,0.02302817,1.510206,-0.03808451,0.1327067,0.01771839,0.990997,-0.0402362,1.510111,-0.02961093,0.1327067,0.01771839,0.990997,-0.008604013,1.510159,-0.03384772,358.9848,7.627232,0.08574001,0,5,False
1,Center_Dir_Close,130,14.34,-0.008552227,1.510165,-0.03382667,-0.01110203,1.190382,-0.02229071,0.6412244,0.001887569,-0.05024724,-0.7657042,0.1035532,1.014026,0.129719,0.05895648,0.1325594,-0.02918259,0.9889897,MathCanvas,0.2120903,1.540262,1.614397,-0.008604013,1.510159,-0.03384772,0.1327067,0.01771817,0.990997,0.02308006,1.510213,-0.0380627,0.132682,0.01790553,0.9909969,-0.04018451,1.510118,-0.02959064,0.132682,0.01790553,0.9909969,-0.008552227,1.510165,-0.03382667,358.974,7.625834,0.08553161,0,5,False
1,Center_Dir_Close,131,14.35999,-0.008547053,1.510149,-0.0338201,-0.01198374,1.190859,-0.02224518,0.6348756,0.001573086,-0.05237523,-0.7708355,0.1036922,1.014138,0.1295457,0.05915225,0.132864,-0.02960833,0.9889244,MathCanvas,0.2121958,1.539638,1.614625,-0.008544423,1.510173,-0.03379842,0.1324909,0.01812008,0.9910186,0.02308861,1.510186,-0.03803094,0.1318977,0.01822777,0.9910957,-0.04018272,1.510112,-0.02960925,0.1318977,0.01822777,0.9910957,-0.008547053,1.510149,-0.0338201,358.9556,7.580534,0.06688216,0,5,False
1,Center_Dir_Close,132,14.38,-0.008576486,1.5101,-0.03387452,-0.01213413,1.190961,-0.02203868,0.6331703,0.0007124282,-0.05307547,-0.7721903,0.1037229,1.014183,0.1294592,0.05916631,0.1329959,-0.02968204,0.9889036,MathCanvas,0.2119175,1.540301,1.615233,-0.008547053,1.510149,-0.0338201,0.1318977,0.01822782,0.9910957,0.02306268,1.510137,-0.03805898,0.1310731,0.0176715,0.9912152,-0.04021565,1.510064,-0.02969007,0.1310731,0.0176715,0.9912152,-0.008576486,1.5101,-0.03387452,358.9875,7.532791,0.06605615,0,5,False
1,Center_Dir_Close,133,14.39999,-0.008621313,1.510033,-0.03393668,-0.01224499,1.19103,-0.02220322,0.6313927,-0.0001456142,-0.05531138,-0.7734882,0.1037389,1.01417,0.1294065,0.05921111,0.1330243,-0.02969288,0.9888968,MathCanvas,0.2110237,1.540449,1.616228,-0.008576486,1.5101,-0.03387452,0.1310731,0.01767144,0.9912152,0.02302064,1.510074,-0.03809995,0.1304102,0.01695501,0.9913151,-0.04026327,1.509993,-0.02977341,0.1304102,0.01695501,0.9913151,-0.008621313,1.510033,-0.03393668,359.0285,7.49438,0.07202764,0,5,False
1,Center_Dir_Close,134,14.42,-0.008722741,1.509922,-0.03411491,-0.0126753,1.191599,-0.02253384,0.6256361,-0.004918205,-0.0603554,-0.7777612,0.1037263,1.014104,0.1292747,0.05946568,0.1328664,-0.02974064,0.9889013,MathCanvas,0.2096117,1.539456,1.616408,-0.008680832,1.509967,-0.03402191,0.1297058,0.01600037,0.9914234,0.02292452,1.50997,-0.03823752,0.129136,0.01581779,0.9915007,-0.04037001,1.509874,-0.0299923,0.129136,0.01581779,0.9915007,-0.008722741,1.509922,-0.03411491,359.0937,7.420602,0.08691275,0,5,False
1,Center_Dir_Close,135,14.43999,-0.008763198,1.509898,-0.0341947,-0.01296858,1.192063,-0.02249411,0.6218638,-0.01006465,-0.06177973,-0.7806199,0.1036913,1.014068,0.1292466,0.05969978,0.1327443,-0.02965113,0.9889063,MathCanvas,0.2071532,1.536552,1.615962,-0.008722741,1.509922,-0.03411491,0.129136,0.01581824,0.9915007,0.02288456,1.509944,-0.03831359,0.1290205,0.01586773,0.991515,-0.04041095,1.509852,-0.03007581,0.1290205,0.01586773,0.991515,-0.008763198,1.509898,-0.0341947,359.0908,7.413932,0.08314925,0,5,False
1,Center_Dir_Close,136,14.46,-0.008878369,1.509913,-0.03438596,-0.01343711,1.192612,-0.02255981,0.6156142,-0.01832115,-0.06585188,-0.7850778,0.1036173,1.014027,0.1292067,0.05996108,0.1327115,-0.02962665,0.9888957,MathCanvas,0.2062332,1.536234,1.616538,-0.008805245,1.509905,-0.03428609,0.1283033,0.01618965,0.9916028,0.0227737,1.510007,-0.03847075,0.1279277,0.0161438,0.9916521,-0.04053044,1.509819,-0.03030116,0.1279277,0.0161438,0.9916521,-0.008878369,1.509913,-0.03438596,359.075,7.350822,0.1685932,0,5,False
1,Center_Dir_Close,137,14.47999,-0.008977644,1.509952,-0.03451865,-0.01373323,1.192646,-0.02284821,0.6152663,-0.01912343,-0.06848708,-0.7851059,0.1034625,1.014025,0.1291431,0.05986917,0.1323513,-0.02940747,0.988956,MathCanvas,0.2048117,1.536877,1.617135,-0.008878369,1.509913,-0.03438596,0.1279277,0.01614388,0.9916521,0.02267805,1.510065,-0.03857474,0.1270197,0.01607497,0.9917699,-0.04063334,1.509839,-0.03046255,0.1270197,0.01607497,0.9917699,-0.008977644,1.509952,-0.03451865,359.0789,7.298355,0.2029495,0,5,False
1,Center_Dir_Close,138,14.5,-0.009296618,1.510042,-0.03477693,-0.01314307,1.192101,-0.0230855,0.6199852,-0.01700162,-0.06648187,-0.781607,0.1032169,1.014136,0.1289979,0.05954001,0.1312313,-0.02908692,0.9891346,MathCanvas,0.2041283,1.536845,1.617406,-0.009127568,1.509978,-0.0346553,0.1263169,0.01634794,0.9918552,0.0223655,1.510166,-0.03878226,0.1254206,0.01660954,0.9919646,-0.04095874,1.509917,-0.0307716,0.1254206,0.01660954,0.9919646,-0.009296618,1.510042,-0.03477693,359.0483,7.206043,0.2234908,0,5,False
1,Center_Dir_Close,139,14.51999,-0.009442979,1.510119,-0.03489484,-0.01275912,1.191896,-0.02333217,0.6218393,-0.01806669,-0.06623121,-0.7801301,0.1031271,1.014183,0.1289234,0.05939221,0.1309301,-0.02893386,0.989188,MathCanvas,0.2011708,1.537281,1.617839,-0.009296618,1.510042,-0.03477693,0.1254206,0.01660921,0.9919646,0.0222217,1.510228,-0.03888036,0.1248059,0.01699398,0.9920356,-0.04110765,1.51001,-0.03090931,0.1248059,0.01699398,0.9920356,-0.009442979,1.510119,-0.03489484,359.0263,7.170585,0.1952643,0,5,False
1,Center_Dir_Close,140,14.54,-0.009531889,1.510178,-0.03500981,-0.01258519,1.191789,-0.02385112,0.6230732,-0.01991827,-0.06824449,-0.7789261,0.1030716,1.014196,0.1288712,0.05931596,0.1308211,-0.02875697,0.989212,MathCanvas,0.19954,1.537794,1.617974,-0.009442979,1.510119,-0.03489484,0.1248059,0.01699396,0.9920356,0.02213545,1.510278,-0.03897434,0.1241504,0.01751178,0.9921089,-0.04119923,1.510079,-0.03104527,0.1241504,0.01751178,0.9921089,-0.009531889,1.510178,-0.03500981,358.9966,7.132796,0.1784156,0,5,False
1,Center_Dir_Close,141,14.55999,-0.009669855,1.51018,-0.03531078,-0.01238576,1.191774,-0.02391288,0.6248554,-0.02317622,-0.07063393,-0.7771934,0.1030437,1.014204,0.1287618,0.05956122,0.1308082,-0.02880944,0.9891975,MathCanvas,0.1984624,1.5385,1.61826,-0.009611462,1.510209,-0.03513675,0.1237264,0.01741399,0.9921635,0.02200137,1.510258,-0.03924459,0.1232002,0.017312,0.9922308,-0.04134108,1.510102,-0.03137696,0.1232002,0.017312,0.9922308,-0.009669855,1.51018,-0.03531078,359.0081,7.0779,0.1401942,0,5,False
1,Center_Dir_Close,142,14.58,-0.009705219,1.510132,-0.03550916,-0.01261076,1.191936,-0.02320691,0.6238215,-0.02004224,-0.06908752,-0.7782493,0.1030535,1.01419,0.1287093,0.05984083,0.1307539,-0.02888566,0.9891856,MathCanvas,0.1965818,1.539209,1.618623,-0.009669855,1.51018,-0.03531078,0.1232002,0.01731197,0.9922308,0.02196719,1.510202,-0.03943361,0.1229143,0.01658571,0.9922787,-0.04137763,1.510063,-0.03158472,0.1229143,0.01658571,0.9922787,-0.009705219,1.510132,-0.03550916,359.0497,7.0613,0.1248132,0,5,False
1,Center_Dir_Close,143,14.59999,-0.009675197,1.510035,-0.03593891,-0.01244144,1.193057,-0.02374044,0.6231963,-0.02335451,-0.08137363,-0.7774698,0.1030898,1.014162,0.1286209,0.0600827,0.1306963,-0.02900623,0.989175,MathCanvas,0.1956472,1.538988,1.618359,-0.009708532,1.510076,-0.03573345,0.1233696,0.01580441,0.9922349,0.02199555,1.510075,-0.03987719,0.1233662,0.01551287,0.99224,-0.04134594,1.509996,-0.03200064,0.1233662,0.01551287,0.99224,-0.009675197,1.510035,-0.03593891,359.1111,7.087273,0.07097529,0,5,False
1,Center_Dir_Close,144,14.62,-0.009608343,1.509999,-0.03614422,-0.01267893,1.193385,-0.02354563,0.6220292,-0.02600774,-0.08114193,-0.7783439,0.103111,1.014156,0.1285461,0.06005264,0.1306479,-0.02885498,0.9891877,MathCanvas,0.1958705,1.536367,1.61722,-0.009675197,1.510035,-0.03593891,0.1233662,0.0155131,0.99224,0.02206048,1.510016,-0.04009813,0.1238662,0.01575264,0.9921739,-0.04127716,1.509981,-0.0321903,0.1238662,0.01575264,0.9921739,-0.009608343,1.509999,-0.03614422,359.0974,7.116171,0.03158268,0,5,False
1,Center_Dir_Close,145,14.63999,-0.009512667,1.509998,-0.03656356,-0.01290504,1.193061,-0.02301568,0.6221387,-0.02357409,-0.0759612,-0.7788566,0.1031608,1.014235,0.1284129,0.05964968,0.1306698,-0.02832755,0.9892244,MathCanvas,0.1958989,1.535841,1.61676,-0.009566341,1.509996,-0.03635325,0.1246016,0.01577771,0.9920814,0.02214837,1.510005,-0.04057937,0.1258104,0.01575589,0.9919292,-0.0411737,1.509991,-0.03254775,0.1258104,0.01575589,0.9919292,-0.009512667,1.509998,-0.03656356,359.0972,7.228459,0.01256817,0,5,False
1,Center_Dir_Close,146,14.66,-0.009421386,1.509958,-0.03677837,-0.01302228,1.193134,-0.0230465,0.6224532,-0.02354239,-0.07626749,-0.7785764,0.1032057,1.014281,0.1283655,0.05949236,0.1307557,-0.02815023,0.9892276,MathCanvas,0.1980971,1.536287,1.616431,-0.009512667,1.509998,-0.03656356,0.1258104,0.01575578,0.9919292,0.02223639,1.509957,-0.04081979,0.1266174,0.01553945,0.9918299,-0.04107916,1.50996,-0.03273695,0.1266174,0.01553945,0.9918299,-0.009421386,1.509958,-0.03677837,359.1096,7.27505,-0.002283129,0,5,False
1,Center_Dir_Close,147,14.67999,-0.00920232,1.509869,-0.03719079,-0.01328055,1.194318,-0.0229199,0.6231953,-0.02337952,-0.0769095,-0.7779242,0.1032751,1.01434,0.1282932,0.05938414,0.1307783,-0.02801467,0.989235,MathCanvas,0.200175,1.536207,1.615746,-0.009311821,1.509897,-0.03699378,0.1278789,0.01519747,0.9916734,0.0224448,1.509864,-0.04131483,0.1292081,0.01517304,0.9915014,-0.04084944,1.509873,-0.03306674,0.1292081,0.01517304,0.9915014,-0.00920232,1.509869,-0.03719079,359.1306,7.424692,359.9923,0,5,False
1,Center_Dir_Close,148,14.7,-0.009123806,1.509958,-0.03736818,-0.0131741,1.194541,-0.02288344,0.6232759,-0.02468834,-0.0773231,-0.7777781,0.1033515,1.014378,0.1282123,0.0593245,0.1308909,-0.02803693,0.989223,MathCanvas,0.203826,1.535186,1.614798,-0.00920232,1.509869,-0.03719079,0.1292081,0.01517315,0.9915014,0.02251891,1.509948,-0.04152584,0.1302623,0.01597074,0.9913509,-0.04076653,1.509967,-0.03321053,0.1302623,0.01597074,0.9913509,-0.009123806,1.509958,-0.03736818,359.0849,7.485711,359.9822,0,5,False
1,Center_Dir_Close,149,14.71999,-0.009046896,1.510056,-0.0375334,-0.0131591,1.194818,-0.02313756,0.6240419,-0.02683991,-0.0782593,-0.7769987,0.1034218,1.014397,0.1281387,0.0592016,0.1311195,-0.02801503,0.9892007,MathCanvas,0.2061097,1.535233,1.614265,-0.009123806,1.509958,-0.03736818,0.1302623,0.01597081,0.9913509,0.02259322,1.510044,-0.04171079,0.13088,0.01690753,0.991254,-0.04068702,1.510068,-0.03335601,0.13088,0.01690753,0.991254,-0.009046896,1.510056,-0.0375334,359.0312,7.521525,359.9787,0,5,False
1,Center_Dir_Close,150,14.74,-0.008962963,1.510136,-0.03787499,-0.01296575,1.195973,-0.02331452,0.6240416,-0.02998492,-0.08242472,-0.7764529,0.1036199,1.014383,0.1279313,0.05901238,0.1315793,-0.02788294,0.9891547,MathCanvas,0.2080178,1.53667,1.61442,-0.009003706,1.51014,-0.03769354,0.1313151,0.01740398,0.9911879,0.02267539,1.510107,-0.04206566,0.1313046,0.01710326,0.9911945,-0.04060132,1.510165,-0.03368432,0.1313046,0.01710326,0.9911945,-0.008962963,1.510136,-0.03787499,359.02,7.546098,359.9481,0,5,False
1,Center_Dir_Close,151,14.75999,-0.00896417,1.510112,-0.03808643,-0.01294744,1.196604,-0.02280339,0.6246848,-0.02729206,-0.07954383,-0.7763356,0.1036697,1.01438,0.1278445,0.05917455,0.1317366,-0.02785455,0.9891248,MathCanvas,0.2100056,1.539157,1.614935,-0.008962963,1.510136,-0.03787499,0.1313046,0.01710314,0.9911945,0.02267335,1.510074,-0.04228327,0.1315039,0.01657373,0.9911771,-0.04060169,1.510151,-0.03388958,0.1315039,0.01657373,0.9911771,-0.00896417,1.510112,-0.03808643,359.0504,7.557552,359.9308,0,5,False
1,Center_Dir_Close,152,14.77999,-0.009002551,1.510052,-0.03849756,-0.01267024,1.196899,-0.02295101,0.6244187,-0.03083266,-0.08124236,-0.7762412,0.1038764,1.014502,0.1276221,0.05915436,0.1326237,-0.02803269,0.9890025,MathCanvas,0.2099412,1.538626,1.61439,-0.008996586,1.510063,-0.03830414,0.1316459,0.01658585,0.9911581,0.02263342,1.509989,-0.04270577,0.1318728,0.01667497,0.9911264,-0.04063853,1.510115,-0.03428935,0.1318728,0.01667497,0.9911264,-0.009002551,1.510052,-0.03849756,359.0446,7.578888,359.8864,0,5,False
1,Center_Dir_Close,153,14.79999,-0.008978207,1.510059,-0.03867836,-0.01273607,1.197113,-0.02300251,0.6245483,-0.03081887,-0.08137462,-0.7761236,0.1039748,1.014575,0.1275756,0.05898613,0.1328726,-0.02808462,0.9889777,MathCanvas,0.210456,1.537701,1.6138,-0.009002551,1.510052,-0.03849756,0.1318728,0.016675,0.9911264,0.02265749,1.510002,-0.04288875,0.1319371,0.01733952,0.9911065,-0.0406139,1.510115,-0.03446797,0.1319371,0.01733952,0.9911065,-0.008978207,1.510059,-0.03867836,359.0065,7.58269,359.899,0,5,False
1,Center_Dir_Close,154,14.81999,-0.008913908,1.510201,-0.03903643,-0.01276669,1.198318,-0.02296302,0.6255371,-0.03118066,-0.0811524,-0.7753357,0.1043326,1.01483,0.1274343,0.05811173,0.1337912,-0.02840525,0.9888964,MathCanvas,0.2108572,1.537856,1.613555,-0.008951027,1.510116,-0.03884524,0.132217,0.01782735,0.9910605,0.0227183,1.510162,-0.04327314,0.1327512,0.01840551,0.9909785,-0.04054612,1.510241,-0.03479972,0.1327512,0.01840551,0.9909785,-0.008913908,1.510201,-0.03903643,358.9454,7.629905,359.929,0,5,False
1,Center_Dir_Close,155,14.83999,-0.008866791,1.510274,-0.03922555,-0.01248181,1.198823,-0.0230078,0.6263098,-0.03143478,-0.08116823,-0.7746997,0.1044701,1.014873,0.1273831,0.05797231,0.1341895,-0.02857367,0.9888458,MathCanvas,0.2116256,1.539938,1.614064,-0.008913908,1.510201,-0.03903643,0.1327512,0.01840565,0.9909785,0.02276529,1.510242,-0.04346326,0.1327775,0.01910631,0.9909617,-0.04049887,1.510306,-0.03498783,0.1327775,0.01910631,0.9909617,-0.008866791,1.510274,-0.03922555,358.9052,7.631523,359.9422,0,5,False
1,Center_Dir_Close,156,14.85999,-0.008837233,1.510325,-0.03955213,-0.01242339,1.199568,-0.02294549,0.6267871,-0.03154479,-0.08112084,-0.7743141,0.1046751,1.014926,0.1272672,0.05779103,0.1346056,-0.02889171,0.9887906,MathCanvas,0.2126058,1.540981,1.614051,-0.00884576,1.510313,-0.03940013,0.1329417,0.01924093,0.9909371,0.02279429,1.510297,-0.04379408,0.1329075,0.01933323,0.9909399,-0.04046875,1.510354,-0.03531019,0.1329075,0.01933323,0.9909399,-0.008837233,1.510325,-0.03955213,358.8922,7.639074,359.9488,0,5,False
1,Center_Dir_Close,157,14.87999,-0.00882994,1.51034,-0.03968665,-0.01241098,1.199815,-0.02286195,0.6266561,-0.03188941,-0.08142544,-0.774374,0.104774,1.014914,0.1272019,0.05785513,0.134825,-0.02903316,0.9887528,MathCanvas,0.2130524,1.54244,1.614396,-0.008837233,1.510325,-0.03955213,0.1329075,0.01933341,0.9909399,0.02280178,1.510316,-0.0439271,0.1328578,0.01949809,0.9909433,-0.04046166,1.510364,-0.03544619,0.1328578,0.01949809,0.9909433,-0.00882994,1.51034,-0.03968665,358.8828,7.636224,359.9567,0,5,False
1,Center_Dir_Close,158,14.89999,-0.008808609,1.510402,-0.03978385,-0.01210491,1.200595,-0.02269668,0.6257426,-0.03694587,-0.08363701,-0.7746522,0.1048682,1.014879,0.1270987,0.05802083,0.1352462,-0.02913825,0.9886824,MathCanvas,0.2129964,1.542608,1.61422,-0.00882994,1.51034,-0.03968665,0.1328578,0.01949789,0.9909433,0.02282313,1.510379,-0.04402416,0.1328504,0.02031311,0.9909279,-0.04044035,1.510424,-0.03554355,0.1328504,0.02031311,0.9909279,-0.008808609,1.510402,-0.03978385,358.8361,7.635924,359.9602,0,5,False
1,Center_Dir_Close,159,14.91999,-0.008763313,1.510552,-0.03996439,-0.01219085,1.200648,-0.02259642,0.6262243,-0.03476562,-0.08165356,-0.7745755,0.1050833,1.014741,0.1268248,0.05812028,0.1365775,-0.02877595,0.9885042,MathCanvas,0.2129493,1.542946,1.614237,-0.008783091,1.51049,-0.03987257,0.132748,0.02106827,0.9909259,0.02286798,1.510543,-0.04420811,0.1329453,0.02159364,0.9908881,-0.0403946,1.51056,-0.03572068,0.1329453,0.02159364,0.9908881,-0.008763313,1.510552,-0.03996439,358.7627,7.641618,359.9844,0,5,False
1,Center_Dir_Close,160,14.93999,-0.008747511,1.510574,-0.04005102,-0.01198848,1.200516,-0.02260791,0.6247321,-0.04122647,-0.08307742,-0.7753118,0.1053385,1.014616,0.1265406,0.05851847,0.1337572,-0.03100977,0.9887988,MathCanvas,0.2129616,1.545741,1.615149,-0.008763313,1.510552,-0.03996439,0.1329453,0.0215941,0.9908881,0.0228833,1.510556,-0.04429829,0.1330632,0.02150763,0.9908742,-0.04037832,1.510592,-0.03580374,0.1330632,0.02150763,0.9908742,-0.008747511,1.510574,-0.04005102,358.7676,7.64842,359.9684,0,5,False
1,Center_Dir_Close,161,14.95999,-0.008691616,1.510561,-0.04015739,-0.01155629,1.201162,-0.02244524,0.6238217,-0.03852995,-0.07869475,-0.7766396,0.1053217,1.014857,0.1265425,0.06034172,0.1273194,-0.03388941,0.9894444,MathCanvas,0.2133337,1.546646,1.615198,-0.008728408,1.510556,-0.04012034,0.1331382,0.02153117,0.9908636,0.02293762,1.510539,-0.04441632,0.1334306,0.02182695,0.9908178,-0.04032085,1.510583,-0.03589846,0.1334306,0.02182695,0.9908178,-0.008691616,1.510561,-0.04015739,358.7493,7.669716,359.9601,0,5,False
1,Center_Dir_Close,162,14.97999,-0.008627575,1.510573,-0.04015533,-0.01123663,1.201822,-0.0224407,0.6195587,-0.04094722,-0.07431056,-0.7803514,0.1055096,1.01633,0.1237343,0.04691613,0.1244639,-0.04510645,0.9900874,MathCanvas,0.2137057,1.546528,1.615005,-0.008691616,1.510561,-0.04015739,0.1334306,0.02182722,0.9908178,0.02300064,1.510532,-0.04442174,0.1336767,0.02189925,0.990783,-0.04025579,1.510613,-0.03588893,0.1336767,0.02189925,0.990783,-0.008627575,1.510573,-0.04015533,358.7452,7.68396,359.9281,0,5,False
1,Center_Dir_Close,163,14.99999,-0.008544579,1.510557,-0.04011953,-0.01169302,1.202142,-0.02284432,0.6195033,-0.04122239,-0.06965834,-0.7808099,0.1034512,1.017462,0.1236177,0.04937229,0.1083124,-0.04352039,0.9919358,MathCanvas,0.2142567,1.547033,1.61492,-0.008585583,1.510572,-0.04013256,0.1341612,0.02183294,0.990719,0.02308115,1.510505,-0.04440418,0.1342569,0.02208906,0.9907004,-0.04017031,1.51061,-0.03583487,0.1342569,0.02208906,0.9907004,-0.008544579,1.510557,-0.04011953,358.7343,7.717545,359.9055,0,5,False
1,Center_Dir_Close,164,15.01999,-0.008518755,1.510553,-0.04011621,-0.01186391,1.201085,-0.02293311,0.6170136,-0.04386697,-0.07436546,-0.7822018,0.1031174,1.017787,0.1233518,0.04729573,0.1084016,-0.04073696,0.9921455,MathCanvas,0.2155433,1.547025,1.614667,-0.008544579,1.510557,-0.04011953,0.1342569,0.02208894,0.9907004,0.02310521,1.510512,-0.04441403,0.134661,0.02219385,0.9906431,-0.04014271,1.510593,-0.03581838,0.134661,0.02219385,0.9906431,-0.008518755,1.510553,-0.04011621,358.7283,7.740938,359.927,0,5,False
1,Center_Dir_Close,165,15.03999,-0.008481412,1.510589,-0.04013089,-0.01183018,1.20108,-0.02322781,0.6195898,-0.04066172,-0.0731466,-0.7804517,0.1028085,1.017795,0.123451,0.04850912,0.109848,-0.03832507,0.9920239,MathCanvas,0.2157427,1.54745,1.61474,-0.008518755,1.510553,-0.04011621,0.134661,0.0221943,0.9906431,0.02314152,1.510553,-0.04443631,0.134896,0.02214321,0.9906123,-0.04010434,1.510626,-0.03582548,0.134896,0.02214321,0.9906123,-0.008481412,1.510589,-0.04013089,358.7312,7.754518,359.9339,0,5,False
1,Center_Dir_Close,166,15.05999,-0.008441705,1.510628,-0.04018563,-0.01173901,1.201237,-0.02393814,0.6222066,-0.04123424,-0.07107749,-0.7785285,0.1028351,1.017049,0.1241293,0.05356095,0.1117646,-0.0398211,0.9914909,MathCanvas,0.2164618,1.547664,1.614679,-0.008447469,1.510624,-0.04015449,0.1348217,0.02199217,0.9906258,0.02318186,1.510596,-0.04448646,0.1347503,0.02164216,0.9906432,-0.04006527,1.510661,-0.03588481,0.1347503,0.02164216,0.9906432,-0.008441705,1.510628,-0.04018563,358.7599,7.746007,359.9419,0,5,False
1,Center_Dir_Close,167,15.07999,-0.008477807,1.51059,-0.04021008,-0.01175307,1.201114,-0.02383088,0.6219286,-0.04044878,-0.07197648,-0.7787093,0.1028328,1.016866,0.1244409,0.05489442,0.1182485,-0.02970062,0.9910206,MathCanvas,0.2167557,1.547363,1.614491,-0.008441705,1.510628,-0.04018563,0.1347503,0.02164225,0.9906432,0.0231453,1.510549,-0.04451417,0.1348587,0.02145157,0.9906326,-0.04010092,1.510631,-0.035906,0.1348587,0.02145157,0.9906326,-0.008477807,1.51059,-0.04021008,358.7708,7.752245,359.926,0,5,False
1,Center_Dir_Close,168,15.09999,-0.00879423,1.510635,-0.04032392,-0.01161511,1.201021,-0.02408928,0.6212425,-0.04068394,-0.07192644,-0.7792492,0.1046239,1.016694,0.1249285,0.05475987,0.1357092,-0.02343035,0.9889567,MathCanvas,0.2165676,1.546734,1.614255,-0.008611036,1.510595,-0.04025573,0.1346969,0.02110689,0.990662,0.02283118,1.510583,-0.04461097,0.1343333,0.02030077,0.9907283,-0.04041964,1.510687,-0.03603688,0.1343333,0.02030077,0.9907283,-0.00879423,1.510635,-0.04032392,358.8368,7.721673,359.9068,0,5,False
1,Center_Dir_Close,169,15.12,-0.009013481,1.510676,-0.04039368,-0.01158725,1.200959,-0.02424666,0.6208559,-0.0408745,-0.07221498,-0.7795206,0.1051852,1.016848,0.1246254,0.0532949,0.1347977,-0.02666832,0.9890794,MathCanvas,0.2161368,1.545881,1.613988,-0.00879423,1.510635,-0.04032392,0.1343333,0.02030121,0.9907282,0.02261231,1.51063,-0.04467803,0.1342452,0.01988159,0.9907487,-0.04063927,1.510721,-0.03610934,0.1342452,0.01988159,0.9907487,-0.009013481,1.510676,-0.04039368,358.8608,7.716507,359.9189,0,5,False
1,Center_Dir_Close,170,15.13999,-0.009158239,1.510684,-0.0403964,-0.01167123,1.200561,-0.0244397,0.6200426,-0.04199314,-0.07296256,-0.7800387,0.105669,1.017281,0.124266,0.0492943,0.1344549,-0.02724198,0.9893179,MathCanvas,0.215252,1.544568,1.613597,-0.009085074,1.510649,-0.04041165,0.1339384,0.0195122,0.9907975,0.02247057,1.510633,-0.04465827,0.1335447,0.01976591,0.9908457,-0.04078705,1.510735,-0.03613454,0.1335447,0.01976591,0.9908457,-0.009158239,1.510684,-0.0403964,358.8674,7.675983,359.9084,0,5,False
1,Center_Dir_Close,171,15.16,-0.009182084,1.510706,-0.04036927,-0.01160635,1.200733,-0.02460887,0.6195895,-0.0427753,-0.07324792,-0.7803293,0.1058315,1.016911,0.1251573,0.05392227,0.1366472,-0.02739609,0.9887717,MathCanvas,0.2143814,1.543249,1.613218,-0.009158239,1.510684,-0.0403964,0.1335447,0.01976582,0.9908457,0.02244655,1.510667,-0.0446326,0.1335827,0.0201797,0.9908322,-0.04081072,1.510746,-0.03610594,0.1335827,0.0201797,0.9908322,-0.009182084,1.510706,-0.04036927,358.8437,7.678248,359.9292,0,5,False
1,Center_Dir_Close,172,15.17999,-0.009271465,1.510676,-0.04031695,-0.01144753,1.201029,-0.02480379,0.6184003,-0.04312678,-0.07327501,-0.7812503,0.1056765,1.016926,0.1248916,0.05202917,0.1354352,-0.02830492,0.9890143,MathCanvas,0.213711,1.543697,1.613404,-0.009205174,1.5107,-0.04034292,0.1334195,0.020664,0.9908442,0.02235864,1.510655,-0.04456942,0.1332305,0.02045309,0.990874,-0.04090158,1.510697,-0.03606448,0.1332305,0.02045309,0.990874,-0.009271465,1.510676,-0.04031695,358.828,7.657922,359.9622,0,5,False
1,Center_Dir_Close,173,15.2,-0.009353627,1.510638,-0.04030192,-0.01144443,1.200993,-0.02482441,0.6181943,-0.04279329,-0.07324501,-0.7814345,0.1055701,1.016884,0.1248547,0.052412,0.1356338,-0.02590716,0.9890325,MathCanvas,0.2134796,1.545176,1.61395,-0.009271465,1.510676,-0.04031695,0.1332305,0.02045328,0.990874,0.02227718,1.510622,-0.04454919,0.1330653,0.02013334,0.9909028,-0.04098444,1.510653,-0.03605464,0.1330653,0.02013334,0.9909028,-0.009353627,1.510638,-0.04030192,358.8464,7.648318,359.9713,0,5,False
1,Center_Dir_Close,174,15.21999,-0.009441901,1.510573,-0.04028256,-0.01143041,1.200963,-0.02488334,0.61787,-0.04262023,-0.07330337,-0.7816948,0.105366,1.016866,0.1248483,0.05280719,0.1342806,-0.02773889,0.9891465,MathCanvas,0.2130559,1.544782,1.613823,-0.009353627,1.510638,-0.04030192,0.1330653,0.02013339,0.9909028,0.02218962,1.510566,-0.04452455,0.1328959,0.01922074,0.9909436,-0.04107342,1.510579,-0.03604057,0.1328959,0.01922074,0.9909436,-0.009441901,1.510573,-0.04028256,358.8987,7.638386,359.9883,0,5,False
1,Center_Dir_Close,175,15.24,-0.009604334,1.510485,-0.04025804,-0.01128857,1.201524,-0.02503625,0.6172391,-0.04304248,-0.0735888,-0.7821432,0.1046272,1.016738,0.1246699,0.05352652,0.1326413,-0.02620001,0.9893709,MathCanvas,0.2126599,1.544178,1.613653,-0.009537783,1.510509,-0.04027852,0.1331456,0.01938395,0.9909069,0.0220272,1.510498,-0.04449993,0.1328806,0.01940349,0.9909421,-0.04123587,1.510472,-0.03601614,0.1328806,0.01940349,0.9909421,-0.009604334,1.510485,-0.04025804,358.8882,7.637529,0.02331318,0,5,False
1,Center_Dir_Close,176,15.25999,-0.009677719,1.510497,-0.04023328,-0.01121162,1.201463,-0.02517475,0.6167034,-0.04355967,-0.07376981,-0.78252,0.1041392,1.01671,0.1245317,0.05359874,0.1314219,-0.02596386,0.9895359,MathCanvas,0.2125616,1.542829,1.613164,-0.009604334,1.510485,-0.04025804,0.1328806,0.0194035,0.9909421,0.02195397,1.510515,-0.04447399,0.1328393,0.01962381,0.9909433,-0.04130941,1.510478,-0.03599257,0.1328393,0.01962381,0.9909433,-0.009677719,1.510497,-0.04023328,358.8756,7.635176,0.03351227,0,5,False
1,Center_Dir_Close,177,15.27999,-0.009836063,1.510501,-0.04019664,-0.01113486,1.201433,-0.02532811,0.6164066,-0.04395622,-0.07364958,-0.7827429,0.1035177,1.016675,0.1242699,0.05340937,0.1302788,-0.02523729,0.9897161,MathCanvas,0.2120488,1.542874,1.613268,-0.009761379,1.51051,-0.04020822,0.1328495,0.01990217,0.9909364,0.02179585,1.510525,-0.04443567,0.1327828,0.01988195,0.9909458,-0.04146798,1.510477,-0.03595761,0.1327828,0.01988195,0.9909458,-0.009836063,1.510501,-0.04019664,358.8608,7.631946,0.0428446,0,5,False
1,Center_Dir_Close,178,15.29999,-0.009907794,1.510436,-0.04021334,-0.01111728,1.201595,-0.02533635,0.6163068,-0.04418291,-0.07371848,-0.7828022,0.1034349,1.016627,0.1241957,0.05337727,0.1302124,-0.02505761,0.9897311,MathCanvas,0.2118814,1.543717,1.613613,-0.009836063,1.510501,-0.04019664,0.1327828,0.01988167,0.9909458,0.02172392,1.510461,-0.04445385,0.1328288,0.01976589,0.9909419,-0.04153951,1.510411,-0.03597283,0.1328288,0.01976589,0.9909419,-0.009907794,1.510436,-0.04021334,358.8674,7.634591,0.04499316,0,5,False
1,Center_Dir_Close,179,15.31999,-0.0100434,1.510291,-0.04027172,-0.01102229,1.201771,-0.02554872,0.6158627,-0.0451619,-0.07406799,-0.7830629,0.1032942,1.016612,0.1240824,0.0531404,0.1300343,-0.02460577,0.9897786,MathCanvas,0.2117003,1.543618,1.613627,-0.00997429,1.510347,-0.04024859,0.1329293,0.01924665,0.9909386,0.02158722,1.510321,-0.04452034,0.1330831,0.01885626,0.9909255,-0.04167403,1.510261,-0.0360231,0.1330831,0.01885626,0.9909255,-0.0100434,1.510291,-0.04027172,358.9196,7.64916,0.05395653,0,5,False
1,Center_Dir_Close,180,15.33999,-0.01011991,1.510265,-0.04029965,-0.01097956,1.201653,-0.02568092,0.6155524,-0.04561445,-0.07425528,-0.7832628,0.1032747,1.016638,0.124069,0.05314044,0.129939,-0.02448084,0.9897943,MathCanvas,0.211759,1.542406,1.613183,-0.0100434,1.510291,-0.04027172,0.1330831,0.01885619,0.9909255,0.02150916,1.510291,-0.04455981,0.1334469,0.01881841,0.9908773,-0.04174898,1.510238,-0.03603949,0.1334469,0.01881841,0.9908773,-0.01011991,1.510265,-0.04029965,358.9217,7.670189,0.04732832,0,5,False
1,Center_Dir_Close,181,15.35999,-0.01026742,1.510315,-0.0403784,-0.0110551,1.201944,-0.02566833,0.6154596,-0.04596043,-0.07447894,-0.7832944,0.1033715,1.016571,0.1240466,0.05306102,0.1303806,-0.02445341,0.9897411,MathCanvas,0.2119122,1.541724,1.612932,-0.01018564,1.510287,-0.04031665,0.1335737,0.01917323,0.9908534,0.02136029,1.510353,-0.04464858,0.1337512,0.01958887,0.9908213,-0.04189513,1.510277,-0.03610822,0.1337512,0.01958887,0.9908213,-0.01026742,1.510315,-0.0403784,358.8776,7.6879,0.06800224,0,5,False
1,Center_Dir_Close,182,15.37999,-0.01035534,1.510332,-0.04046272,-0.01111486,1.202181,-0.0256435,0.615352,-0.04621531,-0.07464183,-0.7833484,0.1035353,1.016531,0.1240805,0.0530248,0.1310658,-0.02445283,0.9896526,MathCanvas,0.2126242,1.542309,1.613038,-0.01026742,1.510315,-0.0403784,0.1337512,0.01958895,0.9908213,0.02127158,1.510373,-0.04473874,0.1339308,0.01996396,0.9907896,-0.04198226,1.510291,-0.03618671,0.1339308,0.01996396,0.9907896,-0.01035534,1.510332,-0.04046272,358.8561,7.69834,0.0735036,0,5,False
1,Center_Dir_Close,183,15.39999,-0.01043049,1.510314,-0.04053329,-0.01111716,1.202098,-0.02571905,0.6152821,-0.04636753,-0.07476183,-0.7833829,0.1036351,1.016576,0.1241344,0.05306319,0.1314861,-0.02448705,0.9895939,MathCanvas,0.2128838,1.543027,1.613279,-0.01035534,1.510332,-0.04046272,0.1339308,0.01996367,0.9907896,0.02119572,1.510357,-0.04481455,0.1340931,0.02012096,0.9907644,-0.04205669,1.510272,-0.03625203,0.1340931,0.02012096,0.9907644,-0.01043049,1.510314,-0.04053329,358.8471,7.707751,0.07676096,0,5,False
1,Center_Dir_Close,184,15.41999,-0.01056419,1.510279,-0.04067383,-0.01112054,1.202167,-0.02574992,0.6152507,-0.04640438,-0.07485818,-0.7833961,0.1037722,1.01663,0.1241921,0.05299649,0.132116,-0.02463134,0.98951,MathCanvas,0.2131498,1.543641,1.613464,-0.01049541,1.510295,-0.04059718,0.1342795,0.0201024,0.9907396,0.02106016,1.510324,-0.04496869,0.1345184,0.01999044,0.9907094,-0.04218855,1.510234,-0.03637896,0.1345184,0.01999044,0.9907094,-0.01056419,1.510279,-0.04067383,358.8546,7.732328,0.08104876,0,5,False
1,Center_Dir_Close,185,15.43999,-0.01063271,1.510275,-0.04077065,-0.01110932,1.202464,-0.02565841,0.6148942,-0.04656955,-0.07482705,-0.7836691,0.1038455,1.016609,0.1241721,0.05291903,0.1326554,-0.02460211,0.9894427,MathCanvas,0.2136267,1.543842,1.61345,-0.01056419,1.510279,-0.04067383,0.1345184,0.01999037,0.9907094,0.02099091,1.510317,-0.04507099,0.1346923,0.02004698,0.9906847,-0.04225633,1.510234,-0.0364703,0.1346923,0.02004698,0.9906847,-0.01063271,1.510275,-0.04077065,358.8513,7.742389,0.07463878,0,5,False
1,Center_Dir_Close,186,15.45999,-0.01073933,1.510339,-0.04090394,-0.01107832,1.202604,-0.02558098,0.6146591,-0.04677849,-0.07484028,-0.7838399,0.1039283,1.016642,0.1242092,0.05287981,0.1334766,-0.02456119,0.9893354,MathCanvas,0.2139569,1.543651,1.6133,-0.01068962,1.510293,-0.04085081,0.1346998,0.02038034,0.9906768,0.02088382,1.510387,-0.04520769,0.1347919,0.02068487,0.990658,-0.04236247,1.51029,-0.03660019,0.1347919,0.02068487,0.990658,-0.01073933,1.510339,-0.04090394,358.8148,7.748253,0.08659114,0,5,False
1,Center_Dir_Close,187,15.47999,-0.01079017,1.510392,-0.04094255,-0.01106248,1.202566,-0.02558701,0.6145341,-0.04665684,-0.07485496,-0.7839437,0.1039184,1.016664,0.1242189,0.05282012,0.1334361,-0.02451378,0.9893452,MathCanvas,0.2142067,1.544373,1.613507,-0.01073933,1.510339,-0.04090394,0.1347919,0.02068498,0.990658,0.02083145,1.510443,-0.04525748,0.1351359,0.02154234,0.9905928,-0.04241178,1.51034,-0.03662763,0.1351359,0.02154234,0.9905928,-0.01079017,1.510392,-0.04094255,358.7656,7.768291,0.0928967,0,5,False
1,Center_Dir_Close,188,15.49999,-0.01087194,1.510482,-0.0410245,-0.01114738,1.202845,-0.02547878,0.6142446,-0.04667042,-0.07491368,-0.7841642,0.1038724,1.016591,0.1241657,0.05280841,0.1332656,-0.02429995,0.9893741,MathCanvas,0.2143374,1.54494,1.613642,-0.01083186,1.51045,-0.04098785,0.1356072,0.02227057,0.9905124,0.02074491,1.510538,-0.0453741,0.1362135,0.02281663,0.9904167,-0.0424888,1.510427,-0.0366749,0.1362135,0.02281663,0.9904167,-0.01087194,1.510482,-0.0410245,358.6926,7.830847,0.1000989,0,5,False
1,Center_Dir_Close,189,15.51999,-0.01089888,1.510474,-0.04104459,-0.01113926,1.202875,-0.02549269,0.6140413,-0.04692536,-0.07509311,-0.7842909,0.1038111,1.01656,0.124145,0.05276901,0.1331106,-0.02406364,0.9894028,MathCanvas,0.2143374,1.54494,1.613642,-0.01087194,1.510482,-0.0410245,0.1362135,0.02281641,0.9904167,0.02071684,1.51053,-0.04540241,0.136472,0.02257289,0.9903867,-0.04251461,1.510419,-0.03668678,0.136472,0.02257289,0.9903867,-0.01089888,1.510474,-0.04104459,358.7066,7.845761,0.1001096,0,5,False
1,Center_Dir_Close,190,15.53999,-0.01098019,1.510393,-0.04111559,-0.0110651,1.202825,-0.02552822,0.6138096,-0.04715339,-0.07521229,-0.7844473,0.1036847,1.016568,0.1241553,0.05275318,0.1328683,-0.02364357,0.9894464,MathCanvas,0.2143374,1.54494,1.613642,-0.01093147,1.510446,-0.0410756,0.1368411,0.02243218,0.990339,0.02063298,1.510466,-0.04549169,0.1370353,0.02208737,0.9903199,-0.04259335,1.510319,-0.03673948,0.1370353,0.02208737,0.9903199,-0.01098019,1.510393,-0.04111559,358.7344,7.878261,0.1320582,0,5,False
1,Center_Dir_Close,191,15.55999,-0.01102966,1.510399,-0.04115008,-0.01110859,1.203083,-0.02541038,0.6137624,-0.04719053,-0.0752591,-0.7844775,0.1036608,1.016515,0.1241254,0.05276907,0.1328201,-0.02339056,0.989458,MathCanvas,0.2143374,1.54494,1.613642,-0.01098019,1.510393,-0.04111559,0.1370353,0.02208751,0.9903199,0.02058174,1.510475,-0.04553892,0.1374304,0.02247308,0.9902564,-0.04264105,1.510323,-0.03676124,0.1374304,0.02247308,0.9902564,-0.01102966,1.510399,-0.04115008,358.7123,7.90119,0.1368716,0,5,False
1,Center_Dir_Close,192,15.57999,-0.01108168,1.51044,-0.04116589,-0.01113168,1.20324,-0.02533833,0.6137563,-0.04714266,-0.07530165,-0.784481,0.103662,1.016481,0.1241171,0.05279693,0.1328335,-0.02326977,0.9894575,MathCanvas,0.2179567,1.547307,1.613677,-0.01102966,1.510399,-0.04115008,0.1374304,0.02247317,0.9902564,0.02052847,1.510527,-0.0455635,0.1376954,0.02287203,0.9902105,-0.04269183,1.510354,-0.03676828,0.1376954,0.02287203,0.9902105,-0.01108168,1.51044,-0.04116589,358.6894,7.916596,0.1557798,0,5,False
1,Center_Dir_Close,193,15.59999,-0.0111774,1.510519,-0.04115305,-0.01103879,1.203207,-0.02532781,0.6134221,-0.04729884,-0.07532185,-0.7847311,0.1036912,1.016477,0.1241888,0.05290882,0.1329833,-0.02308434,0.9894359,MathCanvas,0.2179567,1.547307,1.613677,-0.01112683,1.510497,-0.04116623,0.1377429,0.02332601,0.9901933,0.02043229,1.510612,-0.0455538,0.1377849,0.0236146,0.9901806,-0.04278709,1.510425,-0.03675229,0.1377849,0.0236146,0.9901806,-0.0111774,1.510519,-0.04115305,358.6469,7.921911,0.1676829,0,5,False
1,Center_Dir_Close,194,15.61999,-0.01123979,1.510522,-0.04111951,-0.01097536,1.203226,-0.02529841,0.6132071,-0.04779143,-0.07519573,-0.7848814,0.1037494,1.016487,0.1242421,0.05295769,0.1331463,-0.0230763,0.9894115,MathCanvas,0.2179567,1.547307,1.613677,-0.0111774,1.510519,-0.04115305,0.1377849,0.0236149,0.9901806,0.02037065,1.510617,-0.04551478,0.1376123,0.02356675,0.9902058,-0.04285024,1.510428,-0.03672424,0.1376123,0.02356675,0.9902058,-0.01123979,1.510522,-0.04111951,358.6496,7.911912,0.1702123,0,5,False
1,Center_Dir_Close,195,15.63999,-0.01139755,1.510512,-0.04113099,-0.01105257,1.203604,-0.02510884,0.6132239,-0.04796049,-0.07531963,-0.7848461,0.1039105,1.016451,0.1243025,0.05295664,0.1335923,-0.02309723,0.9893509,MathCanvas,0.2179567,1.547307,1.613677,-0.01131983,1.510517,-0.04113261,0.1377186,0.02383037,0.9901847,0.02021403,1.510615,-0.04551791,0.137343,0.02386158,0.9902361,-0.04300914,1.51041,-0.03674407,0.137343,0.02386158,0.9902361,-0.01139755,1.510512,-0.04113099,358.6327,7.89639,0.1846063,0,5,False
1,Center_Dir_Close,196,15.65999,-0.01147362,1.510524,-0.04111611,-0.01101037,1.203599,-0.02514127,0.6133868,-0.048096,-0.07547428,-0.7846955,0.1039971,1.01645,0.1243496,0.05299249,0.1338509,-0.02308714,0.9893143,MathCanvas,0.2179567,1.547307,1.613677,-0.01139755,1.510512,-0.04113099,0.137343,0.02386183,0.9902361,0.02013893,1.510633,-0.04549589,0.1371143,0.02402628,0.9902638,-0.04308617,1.510415,-0.03673632,0.1371143,0.02402628,0.9902638,-0.01147362,1.510524,-0.04111611,358.6233,7.883187,0.1951719,0,5,False
1,Center_Dir_Close,197,15.67999,-0.01159119,1.510573,-0.0410086,-0.01091672,1.203655,-0.02510429,0.6132755,-0.04843777,-0.07551461,-0.7847577,0.1041263,1.016426,0.1244155,0.05312872,0.1342077,-0.02323625,0.9892551,MathCanvas,0.2179567,1.547307,1.613677,-0.01153846,1.51055,-0.04106447,0.1369305,0.02452492,0.990277,0.02002327,1.510696,-0.04537423,0.1366545,0.02482412,0.9903077,-0.04320565,1.51045,-0.03664298,0.1366545,0.02482412,0.9903077,-0.01159119,1.510573,-0.0410086,358.5775,7.856736,0.2210943,0,5,False
1,Center_Dir_Close,198,15.69999,-0.01163541,1.510573,-0.04094604,-0.01089703,1.203783,-0.02499822,0.6130641,-0.04854276,-0.07547803,-0.7849199,0.1041551,1.016404,0.1244273,0.05320827,0.1343347,-0.023238,0.9892336,MathCanvas,0.2179567,1.547307,1.613677,-0.01159119,1.510573,-0.0410086,0.1366545,0.02482381,0.9903077,0.01997973,1.51071,-0.04530633,0.1364755,0.0250318,0.9903271,-0.04325055,1.510436,-0.03658575,0.1364755,0.0250318,0.9903271,-0.01163541,1.510573,-0.04094604,358.5656,7.846422,0.2454714,0,5,False
1,Center_Dir_Close,199,15.71999,-0.01165814,1.510539,-0.04085749,-0.01090216,1.203962,-0.02485782,0.6127481,-0.04852906,-0.07545856,-0.7851692,0.1041798,1.016354,0.1244512,0.05333516,0.1344652,-0.02316189,0.9892108,MathCanvas,0.2179567,1.547307,1.613677,-0.01163541,1.510573,-0.04094604,0.1364755,0.02503164,0.9903272,0.0199578,1.510674,-0.04521206,0.136299,0.02474819,0.9903586,-0.04327407,1.510403,-0.03650293,0.136299,0.02474819,0.9903586,-0.01165814,1.510539,-0.04085749,358.5819,7.836157,0.2439787,0,5,False
1,Center_Dir_Close,200,15.73999,-0.01171817,1.510392,-0.04067354,-0.01094774,1.203639,-0.02507447,0.6130213,-0.04844955,-0.07594534,-0.784914,0.1041843,1.016291,0.1245184,0.05351028,0.1345788,-0.02306595,0.9891881,MathCanvas,0.2179567,1.547307,1.613677,-0.01169561,1.51048,-0.04076962,0.1362497,0.02417503,0.9903795,0.0198983,1.510532,-0.04502409,0.1361787,0.02357628,0.9904037,-0.04333463,1.510251,-0.03632298,0.1361787,0.02357628,0.9904037,-0.01171817,1.510392,-0.04067354,358.649,7.828976,0.2525034,0,5,False
1,Center_Dir_Close,201,15.75999,-0.01175352,1.510348,-0.04060544,-0.01098031,1.203696,-0.02513694,0.6138046,-0.04873876,-0.07630214,-0.784249,0.1041809,1.016295,0.1245578,0.05353487,0.1346176,-0.02294595,0.9891843,MathCanvas,0.2179567,1.547307,1.613677,-0.01171817,1.510392,-0.04067354,0.1361787,0.02357629,0.9904037,0.01986293,1.510488,-0.04495604,0.1361848,0.02296678,0.9904172,-0.04336998,1.510208,-0.03625485,0.1361848,0.02296678,0.9904172,-0.01175352,1.510348,-0.04060544,358.684,7.829216,0.2518968,0,5,False
1,Center_Dir_Close,202,15.77999,-0.01181708,1.510295,-0.04043391,-0.0107795,1.203986,-0.02508203,0.6140575,-0.05266865,-0.07674313,-0.7837538,0.1041439,1.016337,0.1246381,0.05334285,0.1345577,-0.02266609,0.9892093,MathCanvas,0.2179567,1.547307,1.613677,-0.01178387,1.510319,-0.04052569,0.1358133,0.02247509,0.9904795,0.01980221,1.510414,-0.0447645,0.135576,0.02240841,0.9905135,-0.04343637,1.510175,-0.03610333,0.135576,0.02240841,0.9905135,-0.01181708,1.510295,-0.04043391,358.716,7.793896,0.215072,0,5,False
1,Center_Dir_Close,203,15.79999,-0.0118191,1.510276,-0.04030423,-0.01077511,1.203345,-0.02560337,0.6163037,-0.0591952,-0.07848195,-0.781349,0.1041258,1.016341,0.1246632,0.05330959,0.1345095,-0.0226591,0.9892178,MathCanvas,0.2179567,1.547307,1.613677,-0.01181708,1.510295,-0.04043391,0.135576,0.02240882,0.9905135,0.01980181,1.510397,-0.04462294,0.1352014,0.02267951,0.9905586,-0.04344,1.510154,-0.03598551,0.1352014,0.02267951,0.9905586,-0.0118191,1.510276,-0.04030423,358.7004,7.772275,0.2178393,0,5,False
1,Center_Dir_Close,204,15.81999,-0.01181654,1.510248,-0.04003112,-0.01147042,1.202971,-0.02618199,0.6179941,-0.05845125,-0.08025269,-0.7798886,0.1040757,1.016292,0.1247812,0.05331659,0.1342801,-0.0224793,0.9892527,MathCanvas,0.2146793,1.547713,1.614486,-0.01181626,1.510258,-0.040171,0.1348653,0.02261905,0.9906057,0.01980608,1.510365,-0.04433741,0.1348209,0.02174148,0.9906315,-0.04343916,1.51013,-0.03572483,0.1348209,0.02174148,0.9906315,-0.01181654,1.510248,-0.04003112,358.7542,7.750105,0.2107537,0,5,False
