UID,Condition,Index,Time,Player_X,Player_Y,Player_Z,Left_X,Left_Y,Left_Z,LeftRot_X,LeftRot_Y,LeftRot_Z,LeftRot_W,Right_X,Right_Y,Right_Z,RightRot_X,RightRot_Y,RightRot_Z,RightRot_W,GazeObject,GP_X,GP_Y,GP_Z,GO_X,GO_Y,GO_Z,GZ_X,GZ_Y,GZ_Z,RE_X,RE_Y,RE_Z,RED_X,RED_Y,RED_Z,LE_X,LE_Y,LE_Z,LED_X,LED_Y,LED_Z,H_X,H_Y,H_Z,HR_X,HR_Y,HR_Z,Blinking,BlinkCount,EventTriggered
2,Center_Dir_Far,0,58.35998,0.5470448,1.523843,1.219048,0.5436969,1.252551,1.228301,0.6495258,0.231393,0.1040426,-0.7167627,0,0,0,0,0,0,1,MathCanvas,-0.1686772,1.257218,2.630039,0.5471383,1.523817,1.219031,-0.2871863,-0.09583759,0.9530683,0.5775419,1.52288,1.233342,-0.3125972,-0.09490443,0.9451329,0.5165476,1.524805,1.204754,-0.2612992,-0.09569098,0.960503,0.5470448,1.523843,1.219048,0.05978471,334.8857,358.3631,0,8,False
2,Center_Dir_Far,1,58.37998,0.5469726,1.523903,1.219168,0.5433113,1.252768,1.228053,0.6493281,0.2318119,0.1040179,-0.71681,0,0,0,0,0,0,1,MathCanvas,-0.1686772,1.257218,2.630039,0.5470448,1.523843,1.219048,-0.2838052,-0.08943786,0.9547018,0.57748,1.522915,1.233438,-0.3087023,-0.08892216,0.9469931,0.5164652,1.524891,1.204898,-0.2573665,-0.08978047,0.962134,0.5469726,1.523903,1.219168,0.04823846,334.93,358.3199,0,8,False
2,Center_Dir_Far,2,58.39998,0.5468838,1.523933,1.219203,0.5433113,1.252768,1.228053,0.6493281,0.2318119,0.1040179,-0.71681,0,0,0,0,0,0,1,MathCanvas,-0.1686772,1.257218,2.630039,0.5469726,1.523903,1.219168,-0.2831358,-0.08935133,0.9549086,0.5773952,1.522937,1.233464,-0.3084454,-0.08850175,0.9471162,0.5163723,1.524928,1.204942,-0.2571053,-0.08937549,0.9622416,0.5468838,1.523933,1.219203,0.02229865,334.9477,358.307,0,8,False
2,Center_Dir_Far,3,58.41998,0.5468729,1.523855,1.219248,0.5429259,1.252771,1.227637,0.649606,0.2327718,0.1040969,-0.7162354,0,0,0,0,0,0,1,MathCanvas,-0.1686772,1.257218,2.630039,0.5468017,1.523946,1.219233,-0.2825319,-0.08879629,0.9551392,0.5773938,1.522872,1.23349,-0.3077875,-0.09030029,0.9471604,0.516352,1.524837,1.205006,-0.2564376,-0.0911389,0.9622543,0.5468729,1.523855,1.219248,0.129227,334.9814,358.3289,0,8,False
2,Center_Dir_Far,4,58.43998,0.5468264,1.523838,1.21928,0.5428742,1.252747,1.227591,0.6495118,0.2329025,0.1040637,-0.7162832,0,0,0,0,0,0,1,MathCanvas,-0.1686772,1.257218,2.630039,0.5468729,1.523855,1.219248,-0.291153,-0.1003251,0.9514015,0.577355,1.522855,1.233506,-0.3161741,-0.1002907,0.9433852,0.5162979,1.524822,1.205055,-0.2648906,-0.1011002,0.9589639,0.5468264,1.523838,1.21928,0.1505834,335.0116,358.3275,0,8,False
2,Center_Dir_Far,5,58.45998,0.5466985,1.523809,1.219375,0.54285,1.252737,1.227572,0.6494539,0.2329652,0.1040471,-0.7163178,0,0,0,0,0,0,1,MathCanvas,-0.1686772,1.257218,2.630039,0.5467542,1.523827,1.219322,-0.2902871,-0.1008877,0.9516066,0.5772314,1.522824,1.23359,-0.3158791,-0.1007864,0.9434313,0.5161655,1.524795,1.205159,-0.2645907,-0.1015951,0.9589944,0.5466985,1.523809,1.219375,0.1789484,335.0286,358.3243,0,8,False
2,Center_Dir_Far,6,58.47998,0.5466054,1.523723,1.219453,0.5427342,1.252682,1.22748,0.6491781,0.2332792,0.1040174,-0.7164698,0,0,0,0,0,0,1,MathCanvas,-0.1686772,1.257218,2.630039,0.5466985,1.523809,1.219375,-0.2903388,-0.1011908,0.9515586,0.5771458,1.522743,1.233653,-0.3153672,-0.1013945,0.9435373,0.516065,1.524703,1.205252,-0.2640708,-0.1021899,0.9590745,0.5466054,1.523723,1.219453,0.2152422,335.0572,358.3336,0,8,False
2,Center_Dir_Far,7,58.49998,0.5463784,1.523825,1.219669,0.542584,1.252558,1.227326,0.6490427,0.2337543,0.1041923,-0.7164122,0,0,0,0,0,0,1,MathCanvas,-0.1686772,1.257218,2.630039,0.5464665,1.523811,1.219594,-0.2908865,-0.1006072,0.9514532,0.5769191,1.522856,1.233869,-0.3162894,-0.1001643,0.94336,0.5158377,1.524795,1.205469,-0.2650007,-0.1009575,0.9589484,0.5463784,1.523825,1.219669,0.1396217,335.0594,358.3516,0,8,False
2,Center_Dir_Far,8,58.51998,0.5462756,1.523929,1.219763,0.5425129,1.252487,1.227268,0.6490014,0.2338565,0.1042272,-0.7164112,0,0,0,0,0,0,1,MathCanvas,-0.1686772,1.257218,2.630039,0.5463784,1.523825,1.219669,-0.2907499,-0.1005609,0.9514998,0.5768189,1.522947,1.233957,-0.3161382,-0.09929381,0.9435027,0.5157323,1.524911,1.205569,-0.2648464,-0.1001137,0.9590796,0.5462756,1.523929,1.219763,0.08677233,335.0729,358.3301,0,8,False
2,Center_Dir_Far,9,58.53998,0.546182,1.523956,1.219842,0.5425129,1.252487,1.227268,0.6490014,0.2338565,0.1042272,-0.7164112,0,0,0,0,0,0,1,MathCanvas,-0.1686772,1.257218,2.630039,0.5462756,1.523929,1.219763,-0.294878,-0.09786937,0.9505096,0.5767283,1.522973,1.234029,-0.3202069,-0.09719925,0.942348,0.5156357,1.52494,1.205655,-0.2689495,-0.09806095,0.9581494,0.546182,1.523956,1.219842,0.07247836,335.0855,358.3272,0,8,False
2,Center_Dir_Far,10,58.55998,0.5460907,1.523992,1.220107,0.5422873,1.252301,1.227203,0.6484697,0.2336629,0.1039674,-0.7169933,0,0,0,0,0,0,1,MathCanvas,-0.1686772,1.257218,2.630039,0.5461345,1.52398,1.21995,-0.2939331,-0.09765963,0.9508238,0.5766577,1.522997,1.234249,-0.3188386,-0.09716589,0.9428153,0.5155236,1.524986,1.205965,-0.2675584,-0.09804457,0.9585404,0.5460907,1.523992,1.220107,0.06863122,335.1705,358.3094,0,8,False
2,Center_Dir_Far,11,58.57998,0.5460141,1.524009,1.220219,0.5422654,1.252285,1.227199,0.6484155,0.233692,0.1039338,-0.7170379,0,0,0,0,0,0,1,MathCanvas,-0.1686772,1.257218,2.630039,0.5460907,1.523992,1.220107,-0.2943937,-0.0975976,0.9506877,0.5765859,1.523007,1.23435,-0.3196127,-0.09689661,0.9425809,0.5154423,1.525011,1.206088,-0.268337,-0.09779554,0.9583482,0.5460141,1.524009,1.220219,0.05226272,335.1913,358.2963,0,8,False
2,Center_Dir_Far,12,58.59998,0.5458662,1.524052,1.22046,0.5421447,1.252189,1.227214,0.6481231,0.2338494,0.1037259,-0.7172809,0,0,0,0,0,0,1,MathCanvas,-0.1686772,1.257218,2.630039,0.5459418,1.524024,1.220348,-0.2935788,-0.09712966,0.9509875,0.5764535,1.523039,1.234556,-0.3185929,-0.0965759,0.942959,0.5152789,1.525064,1.206363,-0.2672998,-0.09749429,0.9586687,0.5458662,1.524052,1.22046,0.0317631,335.2558,358.2782,0,8,False
2,Center_Dir_Far,13,58.61998,0.5458929,1.524119,1.220577,0.5420786,1.252134,1.227247,0.647926,0.2338474,0.1036218,-0.7174746,0,0,0,0,0,0,1,MathCanvas,-0.1686772,1.257218,2.630039,0.5458662,1.524052,1.22046,-0.2930518,-0.09703511,0.9511597,0.5764951,1.523105,1.234641,-0.3175982,-0.09648994,0.9433033,0.5152907,1.525133,1.206513,-0.2662885,-0.09741095,0.9589585,0.5458929,1.524119,1.220577,0.02656015,335.3167,358.276,0,8,False
2,Center_Dir_Far,14,58.63998,0.5459126,1.524224,1.220843,0.5419599,1.252033,1.227297,0.647693,0.2338816,0.1035016,-0.7176912,0,0,0,0,0,0,1,MathCanvas,-0.1686772,1.257218,2.630039,0.5459671,1.524201,1.220715,-0.291034,-0.1022927,0.9512284,0.576541,1.523211,1.23485,-0.3158295,-0.1018341,0.9433354,0.5152842,1.525237,1.206836,-0.2644917,-0.1027148,0.9589024,0.5459126,1.524224,1.220843,0.03607157,335.4233,358.2779,0,8,False
2,Center_Dir_Far,15,58.65998,0.5458707,1.524159,1.221019,0.5418276,1.251907,1.227333,0.6475951,0.2339212,0.1033523,-0.7177882,0,0,0,0,0,0,1,MathCanvas,-0.1686772,1.257218,2.630039,0.5459126,1.524224,1.220843,-0.2902652,-0.1022745,0.9514652,0.5765121,1.523159,1.234998,-0.3149267,-0.1025855,0.9435557,0.5152292,1.525159,1.20704,-0.2635747,-0.1034406,0.9590768,0.5458707,1.524159,1.221019,0.08186254,335.474,358.2993,0,8,False
2,Center_Dir_Far,16,58.67998,0.5457622,1.524131,1.2213,0.541801,1.251886,1.22734,0.6475619,0.2339091,0.1033276,-0.7178255,0,0,0,0,0,0,1,MathCanvas,-0.1686772,1.257218,2.630039,0.5458157,1.524136,1.221161,-0.2878134,-0.1049545,0.9519181,0.5764241,1.523134,1.235235,-0.3126461,-0.10477,0.944074,0.5151003,1.525128,1.207366,-0.261264,-0.1055999,0.9594737,0.5457622,1.524131,1.2213,0.1195364,335.5564,358.3037,0,8,False
2,Center_Dir_Far,17,58.69998,0.5456647,1.524015,1.221439,0.541669,1.251806,1.227388,0.6472716,0.233833,0.1031647,-0.7181355,0,0,0,0,0,0,1,MathCanvas,-0.1686772,1.257218,2.630039,0.5457622,1.524131,1.2213,-0.2870582,-0.105185,0.9521206,0.5763333,1.522989,1.235357,-0.3122056,-0.1054967,0.9441389,0.5149961,1.525041,1.207522,-0.2608159,-0.1063672,0.9595109,0.5456647,1.524015,1.221439,0.1564132,335.5862,358.255,0,8,False
2,Center_Dir_Far,18,58.71998,0.5455837,1.524016,1.22156,0.5415659,1.251745,1.227426,0.6470954,0.2339088,0.1030028,-0.7182928,0,0,0,0,0,0,1,MathCanvas,-0.1686772,1.257218,2.630039,0.5456647,1.524015,1.221439,-0.2866145,-0.1059319,0.9521715,0.5762623,1.522972,1.235454,-0.3115444,-0.1057493,0.944329,0.5149052,1.525059,1.207665,-0.2601434,-0.1066461,0.9596624,0.5455837,1.524016,1.22156,0.1678499,335.6288,358.2251,0,8,False
2,Center_Dir_Far,19,58.73998,0.5454671,1.524031,1.221823,0.5414382,1.251667,1.227478,0.6469811,0.2340725,0.1028286,-0.7183675,0,0,0,0,0,0,1,MathCanvas,-0.1686772,1.257218,2.630039,0.5455332,1.524051,1.221688,-0.2856379,-0.1065466,0.9523963,0.5761584,1.522985,1.235689,-0.3106683,-0.1064337,0.9445406,0.5147758,1.525078,1.207957,-0.2592534,-0.1073298,0.9598271,0.5454671,1.524031,1.221823,0.2070123,335.6806,358.2204,0,8,False
2,Center_Dir_Far,20,58.75998,0.5453376,1.523945,1.221919,0.5413132,1.25159,1.22752,0.6468967,0.2343067,0.1026647,-0.7183906,0,0,0,0,0,0,1,MathCanvas,-0.1686772,1.257218,2.630039,0.5454671,1.524031,1.221823,-0.2850636,-0.1068818,0.9525309,0.576031,1.522885,1.23578,-0.3105254,-0.1073828,0.9444803,0.5146441,1.525005,1.208059,-0.2591082,-0.1082942,0.959758,0.5453376,1.523945,1.221919,0.2594912,335.6892,358.1968,0,8,False
2,Center_Dir_Far,21,58.77998,0.5451203,1.523806,1.222128,0.5412454,1.251556,1.227555,0.6468959,0.2341746,0.1025003,-0.7184579,0,0,0,0,0,0,1,MathCanvas,-0.1686772,1.257218,2.630039,0.5452135,1.523857,1.222011,-0.2909028,-0.1068677,0.9507654,0.5758252,1.522729,1.235961,-0.3160587,-0.1070263,0.9426836,0.5144154,1.524884,1.208294,-0.2646852,-0.1080058,0.9582675,0.5451203,1.523806,1.222128,0.3509036,335.7356,358.1676,0,8,False
2,Center_Dir_Far,22,58.79998,0.5450199,1.523739,1.222239,0.5412454,1.251556,1.227555,0.6468959,0.2341746,0.1025003,-0.7184579,0,0,0,0,0,0,1,MathCanvas,-0.1686772,1.257218,2.630039,0.5451203,1.523806,1.222128,-0.2904766,-0.1075161,0.9508226,0.5757295,1.52265,1.236061,-0.3157407,-0.107814,0.9427004,0.5143104,1.524828,1.208416,-0.2643619,-0.1088067,0.9582661,0.5450199,1.523739,1.222239,0.3945413,335.7549,358.1478,0,8,False
2,Center_Dir_Far,23,58.81998,0.5447287,1.523808,1.222517,0.5409967,1.251487,1.227684,0.6468015,0.2337858,0.102118,-0.7187238,0,0,0,0,0,0,1,MathCanvas,-0.1686772,1.257218,2.630039,0.544849,1.523831,1.222391,-0.290971,-0.1071623,0.9507114,0.5754279,1.522765,1.236366,-0.3164114,-0.1069935,0.942569,0.5140295,1.524852,1.208669,-0.2650445,-0.1079184,0.9581779,0.5447287,1.523808,1.222517,0.3760802,335.7074,358.2258,0,8,False
2,Center_Dir_Far,24,58.83998,0.5446096,1.523824,1.222652,0.5409794,1.251496,1.227684,0.6467977,0.2337966,0.1021147,-0.7187243,0,0,0,0,0,0,1,MathCanvas,-0.1686772,1.257218,2.630039,0.5447287,1.523808,1.222517,-0.2908331,-0.107456,0.9507204,0.5753087,1.522779,1.236501,-0.3164115,-0.1072736,0.9425371,0.5139105,1.52487,1.208804,-0.2650447,-0.1082001,0.9581462,0.5446096,1.523824,1.222652,0.391928,335.707,358.2221,0,8,False
2,Center_Dir_Far,25,58.85998,0.5444025,1.523869,1.222772,0.5407475,1.251443,1.22768,0.6467462,0.2337539,0.1019579,-0.7188067,0,0,0,0,0,0,1,MathCanvas,-0.1686772,1.257218,2.630039,0.5446096,1.523824,1.222652,-0.2908332,-0.1077368,0.9506886,0.5750927,1.522805,1.236639,-0.3170307,-0.1078813,0.9422596,0.5137123,1.524932,1.208905,-0.265674,-0.1088329,0.9579001,0.5444025,1.523869,1.222772,0.4239944,335.6709,358.1909,0,8,False
2,Center_Dir_Far,26,58.87998,0.5440776,1.523718,1.222978,0.540663,1.251446,1.227684,0.6466264,0.2337852,0.1018261,-0.7189231,0,0,0,0,0,0,1,MathCanvas,-0.1686772,1.257218,2.630039,0.5442342,1.52376,1.222861,-0.2943955,-0.1093808,0.9494036,0.5747637,1.522664,1.236856,-0.3200468,-0.1095233,0.9410498,0.5133916,1.524771,1.209101,-0.2687216,-0.1104649,0.9568627,0.5440776,1.523718,1.222978,0.5262595,335.6494,358.2075,0,8,False
2,Center_Dir_Far,27,58.89998,0.5439108,1.523654,1.223083,0.540663,1.251446,1.227684,0.6466264,0.2337852,0.1018261,-0.7189231,0,0,0,0,0,0,1,MathCanvas,-0.1686772,1.257218,2.630039,0.5440776,1.523718,1.222978,-0.2944904,-0.1099941,0.9493033,0.5745953,1.522601,1.236964,-0.3201388,-0.1101834,0.9409415,0.5132263,1.524706,1.209202,-0.2688155,-0.111118,0.9567607,0.5439108,1.523654,1.223083,0.5647451,335.6417,358.2101,0,8,False
2,Center_Dir_Far,28,58.91998,0.5435229,1.523488,1.223215,0.5404708,1.25153,1.227714,0.646321,0.2337687,0.1015621,-0.7192402,0,0,0,0,0,0,1,MathCanvas,-0.1686772,1.257218,2.630039,0.5436928,1.523546,1.223116,-0.3479262,-0.1419083,0.9267197,0.5742001,1.522449,1.237113,-0.3732332,-0.1420311,0.916801,0.5128457,1.524528,1.209318,-0.3226217,-0.1431635,0.9356385,0.5435229,1.523488,1.223215,0.6612458,335.6074,358.2319,0,8,False
2,Center_Dir_Far,29,58.93998,0.5433062,1.523532,1.223274,0.540364,1.25154,1.227768,0.6463028,0.2338309,0.101511,-0.7192436,0,0,0,0,0,0,1,MathCanvas,-0.1686772,1.257218,2.630039,0.5435229,1.523488,1.223215,-0.3480554,-0.1425973,0.9265654,0.573981,1.522493,1.237177,-0.3733819,-0.1421427,0.9167232,0.5126313,1.524571,1.209371,-0.3227736,-0.1432734,0.9355693,0.5433062,1.523532,1.223274,0.66776,335.5975,358.2332,0,8,False
2,Center_Dir_Far,30,58.95998,0.5427334,1.523665,1.223376,0.5399095,1.25153,1.227895,0.6467296,0.2338732,0.1013542,-0.7188682,0,0,0,0,0,0,1,MathCanvas,-0.1686772,1.257218,2.630039,0.5429819,1.523706,1.223319,-0.3493466,-0.1413026,0.9262778,0.5733815,1.522657,1.23734,-0.3750983,-0.1414298,0.9161326,0.5120853,1.524673,1.209412,-0.3245265,-0.1425133,0.9350789,0.5427334,1.523665,1.223376,0.6285346,335.4858,358.286,0,8,False
2,Center_Dir_Far,31,58.97998,0.5425144,1.52364,1.223456,0.5399095,1.25153,1.227895,0.6467296,0.2338732,0.1013542,-0.7188682,0,0,0,0,0,0,1,MathCanvas,-0.1686772,1.257218,2.630039,0.5427334,1.523665,1.223376,-0.5545253,-0.2893026,0.7802601,0.5731537,1.522642,1.23744,-0.5767488,-0.2875223,0.7646514,0.511875,1.524638,1.209472,-0.5326906,-0.2918308,0.7944027,0.5425144,1.52364,1.223456,0.6482106,335.4484,358.3026,0,8,False
2,Center_Dir_Far,32,58.99998,0.5420113,1.523581,1.223567,0.5397419,1.251509,1.227944,0.6467831,0.2338294,0.1012422,-0.7188502,0,0,0,0,0,0,1,MathCanvas,-1.323184,0.5502822,3.848639,0.5422908,1.523615,1.223535,-0.5552045,-0.2900753,0.7794898,0.5726301,1.522604,1.237597,-0.5776244,-0.2886667,0.7635585,0.5113924,1.524557,1.209537,-0.5336075,-0.2929508,0.7933744,0.5420113,1.523581,1.223567,0.7101445,335.3608,358.3396,0,8,False
2,Center_Dir_Far,33,59.01998,0.5417809,1.523556,1.223638,0.5397419,1.251509,1.227944,0.6467831,0.2338294,0.1012422,-0.7188502,0,0,0,0,0,0,1,MathCanvas,-1.322224,0.5495818,3.840895,0.5420113,1.523581,1.223567,-0.5555601,-0.2925243,0.7783204,0.572391,1.522589,1.237688,-0.5777434,-0.2908342,0.7626455,0.5111709,1.524522,1.209588,-0.5337391,-0.2951212,0.7924809,0.5417809,1.523556,1.223638,0.7346106,335.3232,358.3566,0,8,False
2,Center_Dir_Far,34,59.03998,0.5415519,1.52363,1.223588,0.5394745,1.251635,1.227998,0.6466189,0.2339014,0.101115,-0.7189924,0,0,0,0,0,0,1,MathCanvas,-1.317353,0.5446486,3.82822,0.5417809,1.523556,1.223638,-0.555943,-0.2929785,0.777876,0.5721464,1.522683,1.237673,-0.5784754,-0.2908543,0.7620826,0.5109575,1.524577,1.209502,-0.5345035,-0.2951102,0.7919698,0.5415519,1.52363,1.223588,0.7285366,335.2581,358.3896,0,8,False
2,Center_Dir_Far,35,59.05998,0.5409912,1.523617,1.223694,0.5391764,1.25169,1.228137,0.6468076,0.2340519,0.101162,-0.7187669,0,0,0,0,0,0,1,MathCanvas,-1.316082,0.5446681,3.822792,0.5412725,1.523628,1.223636,-0.5460429,-0.292104,0.7851831,0.5715538,1.522692,1.23785,-0.5688339,-0.2904877,0.7694445,0.5104287,1.524541,1.209538,-0.5244091,-0.2944832,0.7989209,0.5409912,1.523617,1.223694,0.7611556,335.1261,358.4269,0,8,False
2,Center_Dir_Far,36,59.07998,0.5407271,1.523595,1.223753,0.5391459,1.251693,1.22815,0.6468244,0.2340578,0.1011789,-0.7187475,0,0,0,0,0,0,1,MathCanvas,-1.284672,0.5469838,3.848908,0.5409912,1.523617,1.223694,-0.5397932,-0.2716248,0.7967706,0.5712765,1.522684,1.237938,-0.5626296,-0.2700147,0.7813706,0.5101778,1.524506,1.209568,-0.5178505,-0.2736495,0.8105226,0.5407271,1.523595,1.223753,0.7698782,335.0715,358.4504,0,8,False
2,Center_Dir_Far,37,59.09998,0.5401853,1.523548,1.223876,0.539022,1.25173,1.228156,0.6467726,0.2340416,0.1012522,-0.7187891,0,0,0,0,0,0,1,MathCanvas,-1.264951,0.6149747,3.889054,0.5404577,1.523584,1.223808,-0.5410285,-0.2722758,0.7957098,0.570707,1.522656,1.238122,-0.5639739,-0.2707038,0.7801621,0.5096635,1.52444,1.20963,-0.5192502,-0.2743133,0.8094019,0.5401853,1.523548,1.223876,0.8054119,334.9579,358.4829,0,8,False
2,Center_Dir_Far,38,59.11998,0.5399354,1.52353,1.223921,0.5389138,1.251724,1.228204,0.6466964,0.2340658,0.1013171,-0.7188406,0,0,0,0,0,0,1,MathCanvas,-1.266558,0.6142942,3.881117,0.5401853,1.523548,1.223876,-0.5352168,-0.2699902,0.800405,0.5704443,1.522637,1.238194,-0.5582074,-0.2686094,0.7850181,0.5094265,1.524424,1.209647,-0.5132208,-0.2720845,0.8139867,0.5399354,1.52353,1.223921,0.8272921,334.9058,358.4805,0,8,False
2,Center_Dir_Far,39,59.13998,0.53953,1.523608,1.224046,0.5384444,1.251724,1.228273,0.6466404,0.2342095,0.1015136,-0.7188165,0,0,0,0,0,0,1,MathCanvas,-1.245352,0.6229421,3.893778,0.5397314,1.523573,1.223954,-0.5365992,-0.2705141,0.7993019,0.5700137,1.522746,1.238375,-0.5593771,-0.269029,0.7840413,0.5090464,1.524469,1.209717,-0.5144401,-0.2724558,0.8130925,0.53953,1.523608,1.224046,0.8427751,334.8021,358.5348,0,8,False
2,Center_Dir_Far,40,59.15998,0.5393234,1.523637,1.224152,0.5382996,1.251747,1.228277,0.646625,0.2342033,0.1016422,-0.7188142,0,0,0,0,0,0,1,MathCanvas,-1.247716,0.6226088,3.886274,0.53953,1.523608,1.224046,-0.513433,-0.2588534,0.8181574,0.5697932,1.522782,1.238511,-0.5369391,-0.257487,0.8033659,0.5088536,1.524491,1.209793,-0.4910356,-0.2604026,0.8313089,0.5393234,1.523637,1.224152,0.846832,334.7461,358.5466,0,8,False
2,Center_Dir_Far,41,59.17998,0.5391037,1.523632,1.224242,0.5382996,1.251747,1.228277,0.646625,0.2342033,0.1016422,-0.7188142,0,0,0,0,0,0,1,MathCanvas,-1.175677,0.658999,3.957011,0.5393234,1.523637,1.224152,-0.5092027,-0.2502812,0.8234513,0.5695628,1.522772,1.238624,-0.5326788,-0.2491226,0.8088208,0.5086446,1.524491,1.209861,-0.4865801,-0.2519042,0.836531,0.5391037,1.523632,1.224242,0.861628,334.7035,358.5383,0,8,False
2,Center_Dir_Far,42,59.19998,0.538701,1.523551,1.224408,0.5380053,1.251784,1.228308,0.6466748,0.2347374,0.1018213,-0.7185699,0,0,0,0,0,0,1,MathCanvas,-1.162747,0.6871451,3.97637,0.538917,1.523565,1.224325,-0.5103081,-0.2511319,0.8225073,0.5691407,1.522678,1.238829,-0.5337615,-0.2500475,0.8078211,0.5082613,1.524425,1.209986,-0.4877002,-0.2528576,0.8355905,0.538701,1.523551,1.224408,0.9203899,334.6255,358.5137,0,8,False
2,Center_Dir_Far,43,59.21998,0.5385672,1.52354,1.224504,0.5377573,1.251807,1.228287,0.6469147,0.2355962,0.101935,-0.7180564,0,0,0,0,0,0,1,MathCanvas,-1.164294,0.6854767,3.96927,0.538701,1.523551,1.224408,-0.5043624,-0.2341992,0.8311253,0.568998,1.522671,1.238944,-0.5277944,-0.2333272,0.8166955,0.5081363,1.524409,1.210063,-0.4814572,-0.2359165,0.8441224,0.5385672,1.52354,1.224504,0.9446321,334.5896,358.5217,0,8,False
2,Center_Dir_Far,44,59.23998,0.5383406,1.523721,1.224762,0.537158,1.25185,1.228001,0.6485222,0.2392621,0.1021157,-0.7153636,0,0,0,0,0,0,1,MathCanvas,-1.146343,0.7411575,4.001022,0.5384152,1.523562,1.224605,-0.5052955,-0.2347127,0.8304134,0.5687616,1.522861,1.239223,-0.5283769,-0.2324943,0.8165563,0.5079195,1.524582,1.2103,-0.4820583,-0.2350658,0.8440166,0.5383406,1.523721,1.224762,0.8932714,334.5516,358.5359,0,8,False
2,Center_Dir_Far,45,59.25998,0.5382301,1.523796,1.224887,0.5366187,1.252026,1.227718,0.6498384,0.2450148,0.1019299,-0.7122416,0,0,0,0,0,0,1,MathCanvas,-1.147571,0.7406058,3.995425,0.5383406,1.523721,1.224762,-0.5054045,-0.2337802,0.8306101,0.5686516,1.522919,1.239347,-0.5284319,-0.2324629,0.8165296,0.5078087,1.524673,1.210427,-0.4821129,-0.2350607,0.8439867,0.5382301,1.523796,1.224887,0.8950632,334.5542,358.5081,0,8,False
2,Center_Dir_Far,46,59.27998,0.5379375,1.52384,1.225096,0.5364657,1.252077,1.227633,0.6500617,0.2470659,0.101893,-0.7113339,0,0,0,0,0,0,1,MathCanvas,-1.145128,0.7451407,3.991412,0.5380924,1.523814,1.22499,-0.4911436,-0.2032901,0.8470249,0.5683473,1.522957,1.23958,-0.5147572,-0.2022846,0.8331302,0.5075277,1.524722,1.210612,-0.4678647,-0.2045209,0.8598104,0.5379375,1.52384,1.225096,0.9232819,334.5078,358.499,0,8,False
2,Center_Dir_Far,47,59.29998,0.5378605,1.523787,1.22519,0.5360233,1.252221,1.227317,0.6507908,0.2549056,0.1010989,-0.7080067,0,0,0,0,0,0,1,MathCanvas,-1.107365,0.8428302,4.06258,0.5379375,1.52384,1.225096,-0.4914921,-0.2034029,0.8467956,0.5682696,1.522901,1.239675,-0.514755,-0.2032412,0.8328987,0.5074515,1.524674,1.210705,-0.4678638,-0.2054882,0.8595801,0.5378605,1.523787,1.22519,0.9803788,334.5034,358.4917,0,8,False
2,Center_Dir_Far,48,59.31998,0.5376192,1.523836,1.225172,0.5352711,1.252502,1.226805,0.6524215,0.2561831,0.0990491,-0.7063326,0,0,0,0,0,0,1,MathCanvas,-1.105787,0.8435676,4.057043,0.537767,1.52377,1.225218,-0.4930534,-0.1781835,0.8515568,0.568029,1.522961,1.239657,-0.5162637,-0.177006,0.8379384,0.5072094,1.524711,1.210688,-0.4693769,-0.1791278,0.8646378,0.5376192,1.523836,1.225172,1.012614,334.5049,358.5121,1,9,False
2,Center_Dir_Far,49,59.33998,0.5374956,1.523842,1.225258,0.5350817,1.252564,1.226689,0.6527614,0.2574005,0.09874681,-0.705618,0,0,0,0,0,0,1,MathCanvas,-1.116945,0.9258966,4.082785,0.5376192,1.523836,1.225172,-0.493001,-0.1780671,0.8516115,0.567903,1.522968,1.239748,-0.5163825,-0.1772726,0.8378088,0.5070882,1.524715,1.210769,-0.4695,-0.1793936,0.8645158,0.5374956,1.523842,1.225258,1.028011,334.495,358.514,1,9,False
2,Center_Dir_Far,50,59.35998,0.5373849,1.523888,1.225265,0.5354105,1.252378,1.227214,0.650168,0.2510405,0.09991829,-0.7101244,0,0,0,0,0,0,1,MathCanvas,-1.114599,0.9271215,4.079092,0.5374956,1.523842,1.225258,-0.5231277,-0.1315198,0.8420451,0.5677837,1.523043,1.239774,-0.5462856,-0.1306767,0.8273425,0.506986,1.524733,1.210756,-0.5004563,-0.1327955,0.8555167,0.5373849,1.523888,1.225265,1.035222,334.4591,358.5624,1,9,False
2,Center_Dir_Far,51,59.37998,0.5371574,1.523909,1.225333,0.5351803,1.252354,1.227203,0.6500149,0.2508382,0.1000838,-0.7103127,0,0,0,0,0,0,1,MathCanvas,-1.225444,1.080694,4.062777,0.537275,1.523896,1.22528,-0.5240547,-0.1244685,0.8425404,0.5675432,1.523078,1.23987,-0.5470378,-0.1237605,0.8279088,0.5067716,1.52474,1.210795,-0.501227,-0.1258147,0.8561205,0.5371574,1.523909,1.225333,1.075835,334.4059,358.5866,1,9,False
2,Center_Dir_Far,52,59.39998,0.5370374,1.523914,1.225378,0.5351803,1.252354,1.227203,0.6500149,0.2508382,0.1000838,-0.7103127,0,0,0,0,0,0,1,MathCanvas,-1.230585,1.104051,4.067392,0.5371574,1.523909,1.225333,-0.5243228,-0.1247877,0.8423263,0.5674183,1.523089,1.239926,-0.5473017,-0.1239561,0.8277052,0.5066566,1.524739,1.21083,-0.5015004,-0.1260012,0.8559328,0.5370374,1.523914,1.225378,1.08576,334.3857,358.5973,1,9,False
2,Center_Dir_Far,53,59.41998,0.5368398,1.523882,1.225198,0.5348198,1.25254,1.227049,0.6503255,0.2490128,0.1009094,-0.7105538,0,0,0,0,0,0,1,MathCanvas,-1.229644,1.103448,4.063558,0.5369521,1.523883,1.225191,-0.5246419,-0.1217548,0.8425714,0.5672113,1.523009,1.239763,-0.5476308,-0.1210144,0.8279228,0.5064684,1.524755,1.210633,-0.5018331,-0.1231169,0.8561575,0.5368398,1.523882,1.225198,1.138712,334.3502,358.5155,1,9,False
2,Center_Dir_Far,54,59.43998,0.5368271,1.524014,1.225048,0.5340409,1.252969,1.226776,0.6507537,0.2427005,0.09879574,-0.7126397,0,0,0,0,0,0,1,MathCanvas,-1.23136,1.113532,4.064915,0.5368398,1.523882,1.225198,-0.5249222,-0.1220657,0.8423519,0.5671884,1.523161,1.239635,-0.5481912,-0.1204183,0.8276386,0.5064659,1.524868,1.210461,-0.5024133,-0.1224862,0.8559077,0.5368271,1.524014,1.225048,1.099452,334.3102,358.5485,1,9,False
2,Center_Dir_Far,55,59.45998,0.5368429,1.524066,1.224815,0.5336619,1.253484,1.227568,0.6466252,0.2185591,0.09356742,-0.7248123,0,0,0,0,0,0,1,MathCanvas,-1.230694,1.112994,4.06142,0.5368429,1.524048,1.224922,-0.5249248,-0.1186431,0.8428391,0.5672001,1.523213,1.239411,-0.5476665,-0.1172897,0.8284349,0.5064858,1.52492,1.21022,-0.501863,-0.1193338,0.8566755,0.5368429,1.524066,1.224815,1.083011,334.2943,358.5477,0,9,False
2,Center_Dir_Far,56,59.47998,0.5367954,1.524085,1.224754,0.5335003,1.253616,1.22765,0.6459796,0.2141454,0.09254724,-0.7268336,0,0,0,0,0,0,1,MathCanvas,-1.231552,1.124375,4.064217,0.5368429,1.524066,1.224815,-0.5169519,-0.1111801,0.8487637,0.5671487,1.523231,1.239357,-0.5400454,-0.1101769,0.8343932,0.5064421,1.524939,1.21015,-0.4939356,-0.1121225,0.8622391,0.5367954,1.524085,1.224754,1.081247,334.2792,358.5477,0,9,False
2,Center_Dir_Far,57,59.49998,0.5367665,1.524111,1.22468,0.5334058,1.253761,1.227823,0.6448228,0.2085814,0.09104904,-0.7296626,0,0,0,0,0,0,1,MathCanvas,-1.207393,1.148965,4.08847,0.5367954,1.524085,1.224754,-0.5171778,-0.1111497,0.84863,0.5671171,1.523261,1.23929,-0.5401973,-0.1101383,0.8343,0.506416,1.524962,1.21007,-0.4940927,-0.1120782,0.8621548,0.5367665,1.524111,1.22468,1.078278,334.2683,358.5535,0,9,False
2,Center_Dir_Far,58,59.51998,0.5370246,1.524323,1.224254,0.533491,1.253936,1.227432,0.6476366,0.215028,0.08937788,-0.7254939,0,0,0,0,0,0,1,MathCanvas,-1.207365,1.14927,4.086602,0.5370063,1.524271,1.224361,-0.5148869,-0.1062595,0.8506471,0.5673909,1.523464,1.238831,-0.5377671,-0.1048624,0.8365468,0.5066583,1.525182,1.209678,-0.4915688,-0.1067773,0.8642677,0.5370246,1.524323,1.224254,0.9524241,334.3338,358.5391,0,9,False
2,Center_Dir_Far,59,59.53998,0.537099,1.524408,1.224103,0.5332993,1.254021,1.227344,0.6483372,0.215195,0.08814361,-0.7249696,0,0,0,0,0,0,1,MathCanvas,-1.201297,1.165578,4.096143,0.5370246,1.524323,1.224254,-0.5148551,-0.1058199,0.8507211,0.567467,1.523561,1.238676,-0.53767,-0.1041148,0.8367026,0.506731,1.525255,1.20953,-0.4914686,-0.1060071,0.8644195,0.537099,1.524408,1.224103,0.9065527,334.341,358.5591,0,9,False
2,Center_Dir_Far,60,59.55998,0.5375707,1.524819,1.223658,0.5330843,1.253766,1.227675,0.6467792,0.2144754,0.0868698,-0.7267259,0,0,0,0,0,0,1,MathCanvas,-1.199681,1.167442,4.093874,0.5374154,1.524704,1.223825,-0.50803,-0.101785,0.8553042,0.5679561,1.523979,1.238196,-0.5306468,-0.09971949,0.8417066,0.5071853,1.525659,1.209121,-0.4841826,-0.1015384,0.8690553,0.5375707,1.524819,1.223658,0.6840488,334.4144,358.5713,0,9,False
2,Center_Dir_Far,61,59.57998,0.5376908,1.524931,1.223506,0.5330201,1.2538,1.227702,0.6466078,0.2133857,0.08628077,-0.7272692,0,0,0,0,0,0,1,MathCanvas,-1.178463,1.181008,4.11272,0.5375707,1.524819,1.223658,-0.5028206,-0.09853563,0.8587562,0.5680836,1.524082,1.238028,-0.525556,-0.09664407,0.8452519,0.5072981,1.525779,1.208985,-0.4789039,-0.09843237,0.8723314,0.5376908,1.524931,1.223506,0.6275726,334.4457,358.5573,0,9,False
2,Center_Dir_Far,62,59.59998,0.5381334,1.52512,1.22311,0.5325969,1.253871,1.227825,0.6459547,0.2036178,0.08146728,-0.7311946,0,0,0,0,0,0,1,MathCanvas,-1.161294,1.191988,4.125165,0.5379701,1.525018,1.223284,-0.5012471,-0.09628631,0.8599304,0.5685557,1.524243,1.237568,-0.5238168,-0.09449089,0.8465739,0.5077111,1.525997,1.208652,-0.4771069,-0.09631551,0.8735515,0.5381334,1.52512,1.22311,0.5389166,334.5669,358.5085,0,9,False
2,Center_Dir_Far,63,59.61998,0.5383527,1.525218,1.222917,0.5325218,1.253881,1.227813,0.6475276,0.2031043,0.08109547,-0.7299864,0,0,0,0,0,0,1,MathCanvas,-1.156288,1.199633,4.130028,0.5381334,1.52512,1.22311,-0.5006443,-0.09540324,0.8603799,0.5687938,1.524314,1.237334,-0.5227579,-0.0936475,0.8473218,0.5079116,1.526122,1.208501,-0.4760131,-0.095512,0.8742362,0.5383527,1.525218,1.222917,0.4951723,334.6448,358.4625,0,9,False
2,Center_Dir_Far,64,59.63998,0.5386993,1.525467,1.222639,0.5327642,1.253839,1.227886,0.650687,0.2054966,0.08250215,-0.7263408,0,0,0,0,0,0,1,MathCanvas,-1.153075,1.202898,4.129712,0.5385485,1.525357,1.222795,-0.4984601,-0.09051327,0.8621745,0.5691765,1.524558,1.236979,-0.5207325,-0.0884073,0.84913,0.508222,1.526376,1.208299,-0.4739209,-0.09025706,0.8759296,0.5386993,1.525467,1.222639,0.3455243,334.7931,358.454,0,9,False
2,Center_Dir_Far,65,59.65998,0.5387945,1.525627,1.222601,0.5328805,1.253793,1.228078,0.6520876,0.2047766,0.0820213,-0.7253419,0,0,0,0,0,0,1,MathCanvas,-1.147301,1.219314,4.138873,0.5386993,1.525467,1.222639,-0.4975075,-0.08933225,0.8628477,0.5693015,1.524736,1.236878,-0.5189678,-0.0866269,0.8503929,0.5082874,1.526518,1.208323,-0.4721004,-0.08843977,0.8770973,0.5387945,1.525627,1.222601,0.2390946,334.914,358.4848,0,9,False
2,Center_Dir_Far,66,59.67998,0.5389325,1.525732,1.222476,0.5328805,1.253793,1.228078,0.6520876,0.2047766,0.0820213,-0.7253419,0,0,0,0,0,0,1,MathCanvas,-1.143227,1.223604,4.1398,0.5387945,1.525627,1.222601,-0.4945094,-0.08752248,0.8647544,0.5694572,1.52484,1.236716,-0.516753,-0.08543982,0.8518605,0.5084078,1.526623,1.208236,-0.4698107,-0.08724265,0.8784456,0.5389325,1.525732,1.222476,0.1710458,334.9865,358.4831,0,9,False
2,Center_Dir_Far,67,59.69998,0.5391543,1.525822,1.222212,0.5330862,1.253732,1.2283,0.6516302,0.2047158,0.08233833,-0.7257341,0,0,0,0,0,0,1,MathCanvas,-1.133556,1.22972,4.147177,0.5390256,1.525737,1.222343,-0.489819,-0.08786122,0.8673856,0.5697243,1.524937,1.236355,-0.5119793,-0.08612394,0.8546695,0.5085843,1.526708,1.20807,-0.4648807,-0.08790751,0.8809984,0.5391543,1.525822,1.222212,0.1333528,335.17,358.4947,0,9,False
2,Center_Dir_Far,68,59.71998,0.539233,1.525812,1.222147,0.5332593,1.253697,1.228375,0.6527094,0.2045854,0.08232461,-0.724802,0,0,0,0,0,0,1,MathCanvas,-1.117441,1.228671,4.155758,0.5391543,1.525822,1.222212,-0.4886076,-0.08701579,0.8681538,0.5698259,1.52493,1.23624,-0.5105961,-0.08604043,0.8555049,0.5086402,1.526694,1.208054,-0.4634549,-0.08781918,0.881758,0.539233,1.525812,1.222147,0.1280207,335.2625,358.4994,0,9,False
2,Center_Dir_Far,69,59.73998,0.5394451,1.525922,1.221939,0.5332968,1.253681,1.228386,0.6532785,0.204557,0.08230481,-0.7242994,0,0,0,0,0,0,1,MathCanvas,-1.112626,1.231633,4.157156,0.5393466,1.525863,1.222028,-0.4859357,-0.08626714,0.8697267,0.57008,1.525055,1.235942,-0.5080335,-0.08474649,0.8571581,0.5088102,1.526789,1.207937,-0.460814,-0.08649553,0.8832718,0.5394451,1.525922,1.221939,0.05044357,335.4349,358.5251,0,9,False
2,Center_Dir_Far,70,59.75998,0.5393349,1.525893,1.222057,0.5332642,1.253456,1.228593,0.652622,0.2034993,0.0816261,-0.7252653,0,0,0,0,0,0,1,MathCanvas,-1.103614,1.234233,4.162683,0.5394451,1.525922,1.221939,-0.4842604,-0.0855893,0.8707275,0.5699993,1.525017,1.235994,-0.5059084,-0.0842068,0.8584672,0.5086705,1.526769,1.208119,-0.4586225,-0.08596638,0.8844633,0.5393349,1.525893,1.222057,0.02265248,335.557,358.5097,0,9,False
2,Center_Dir_Far,71,59.77998,0.5393555,1.5258,1.221975,0.5332142,1.253199,1.228795,0.6517353,0.2023617,0.08104575,-0.7264451,0,0,0,0,0,0,1,MathCanvas,-1.097449,1.236604,4.165086,0.5393178,1.52581,1.222029,-0.4720778,-0.08380686,0.8775643,0.5700608,1.524928,1.235822,-0.4944425,-0.08277961,0.8652596,0.5086501,1.526671,1.208128,-0.4467795,-0.08447891,0.8906466,0.5393555,1.5258,1.221975,0.04022371,335.7252,358.5177,0,9,False
2,Center_Dir_Far,72,59.79998,0.539234,1.525661,1.222004,0.5331569,1.253032,1.22882,0.6521776,0.202526,0.08104545,-0.7260022,0,0,0,0,0,0,1,MathCanvas,-1.057905,1.242242,4.191187,0.5393555,1.5258,1.221975,-0.4707824,-0.08362927,0.8782768,0.5699573,1.524777,1.235811,-0.4933209,-0.08323051,0.8658563,0.5085106,1.526545,1.208198,-0.4456249,-0.08495118,0.89118,0.539234,1.525661,1.222004,0.06826895,335.8002,358.4968,0,9,False
2,Center_Dir_Far,73,59.81998,0.5392152,1.525617,1.221978,0.5331569,1.253032,1.22882,0.6521776,0.202526,0.08104545,-0.7260022,0,0,0,0,0,0,1,MathCanvas,-1.053042,1.242811,4.192505,0.539234,1.525661,1.222004,-0.469644,-0.08409093,0.878842,0.5699582,1.524722,1.23574,-0.4920973,-0.08323536,0.8665519,0.5084723,1.526511,1.208216,-0.4443655,-0.08497301,0.8918065,0.5392152,1.525617,1.221978,0.07026423,335.8826,358.4789,0,9,False
2,Center_Dir_Far,74,59.83998,0.5388741,1.525563,1.222172,0.5329698,1.25279,1.228765,0.6526341,0.2025982,0.08039589,-0.7256439,0,0,0,0,0,0,1,MathCanvas,-1.048708,1.241295,4.19345,0.5392088,1.525575,1.22194,-0.4671177,-0.08407756,0.8801886,0.5696405,1.524673,1.235881,-0.490615,-0.08317828,0.8673974,0.5081077,1.526453,1.208462,-0.44284,-0.08490855,0.8925711,0.5388741,1.525563,1.222172,0.06624119,335.98,358.4865,0,9,False
2,Center_Dir_Far,75,59.85998,0.5387936,1.525525,1.22217,0.5329698,1.25279,1.228765,0.6526341,0.2025982,0.08039589,-0.7256439,0,0,0,0,0,0,1,MathCanvas,-1.040301,1.241324,4.197806,0.5388741,1.525563,1.222172,-0.4668974,-0.08404342,0.8803087,0.5695761,1.524634,1.235843,-0.4895947,-0.08314976,0.8679765,0.508011,1.526417,1.208497,-0.4417902,-0.08488251,0.8930937,0.5387936,1.525525,1.22217,0.06485552,336.0477,358.4838,0,9,False
2,Center_Dir_Far,76,59.87998,0.5381817,1.525429,1.222267,0.5324175,1.252365,1.228772,0.652112,0.2046478,0.08019373,-0.7255606,0,0,0,0,0,0,1,MathCanvas,-1.038936,1.241528,4.196891,0.5386401,1.525503,1.222193,-0.4583451,-0.08005481,0.8851616,0.5689657,1.524544,1.235938,-0.4827261,-0.08049928,0.8720639,0.5073976,1.526314,1.208597,-0.4347012,-0.08217774,0.8968175,0.5381817,1.525429,1.222267,0.1437764,336.0515,358.4948,0,9,False
2,Center_Dir_Far,77,59.89998,0.5379029,1.525385,1.222306,0.53224,1.252288,1.228763,0.6517056,0.204486,0.07998639,-0.7259942,0,0,0,0,0,0,1,MathCanvas,-1.012919,1.254513,4.217772,0.5381817,1.525429,1.222267,-0.4588809,-0.08133854,0.8847668,0.5686917,1.524504,1.235966,-0.4824169,-0.08066465,0.8722197,0.5071141,1.526266,1.208646,-0.4343833,-0.08233684,0.896957,0.5379029,1.525385,1.222306,0.1526905,336.0709,358.502,0,9,False
2,Center_Dir_Far,78,59.91998,0.5374835,1.525308,1.222361,0.5321752,1.252261,1.228752,0.6516115,0.2043678,0.0798633,-0.7261254,0,0,0,0,0,0,1,MathCanvas,-1.013742,1.25035,4.214027,0.5376884,1.525351,1.222336,-0.4520797,-0.07048672,0.8891882,0.5682868,1.524436,1.235989,-0.4755375,-0.06995827,0.8769093,0.5066803,1.52618,1.208733,-0.4272906,-0.07155595,0.9012783,0.5374835,1.525308,1.222361,0.1857269,336.1299,358.5172,0,9,False
2,Center_Dir_Far,79,59.93998,0.5372599,1.525267,1.222393,0.5321752,1.252261,1.228752,0.6516115,0.2043678,0.0798633,-0.7261254,0,0,0,0,0,0,1,MathCanvas,-0.9963266,1.286161,4.239187,0.5374835,1.525308,1.222361,-0.4515786,-0.07075714,0.8894212,0.5680696,1.524398,1.236006,-0.4751282,-0.07013469,0.877117,0.5064503,1.526136,1.208779,-0.4268698,-0.07172791,0.901464,0.5372599,1.525267,1.222393,0.1954725,336.156,358.5224,0,9,False
2,Center_Dir_Far,80,59.95998,0.5364953,1.525317,1.222462,0.5316046,1.252022,1.228653,0.6515161,0.2033394,0.07888761,-0.7266062,0,0,0,0,0,0,1,MathCanvas,-0.9942939,1.28529,4.238914,0.5372599,1.525267,1.222393,-0.4511633,-0.07093132,0.8896182,0.5672847,1.524474,1.236123,-0.4764137,-0.07074917,0.8763701,0.505706,1.52616,1.208801,-0.4281915,-0.0723026,0.900791,0.5364953,1.525317,1.222462,0.2273524,336.0679,358.5663,0,9,False
2,Center_Dir_Far,81,59.97998,0.5357959,1.525182,1.222483,0.5311659,1.251899,1.228663,0.6514428,0.2020079,0.07807539,-0.7271309,0,0,0,0,0,0,1,MathCanvas,-0.9932214,1.284817,4.238806,0.5361528,1.525284,1.22249,-0.3759923,-0.01028084,0.9265658,0.5665659,1.524348,1.236188,-0.4023554,-0.01092986,0.9154183,0.505026,1.526016,1.208778,-0.3522493,-0.0122497,0.935826,0.5357959,1.525182,1.222483,0.3214558,335.9833,358.5818,0,9,False
2,Center_Dir_Far,82,59.99998,0.5354831,1.525107,1.222524,0.5300369,1.251818,1.228797,0.6497219,0.195682,0.07459504,-0.7307568,0,0,0,0,0,0,1,MathCanvas,-0.9932214,1.284817,4.238806,0.5357959,1.525182,1.222483,-0.3774408,-0.01158978,0.9259611,0.5662342,1.524276,1.236272,-0.4036336,-0.01220285,0.9148394,0.5047319,1.525939,1.208777,-0.3535555,-0.01351714,0.9353158,0.5354831,1.525107,1.222524,0.3944165,335.9029,358.5853,0,9,False
2,Center_Dir_Far,83,60.01998,0.5347403,1.524971,1.222518,0.5296625,1.251829,1.228857,0.6488219,0.1932272,0.07325747,-0.7323433,0,0,0,0,0,0,1,MathCanvas,-0.9932214,1.284817,4.238806,0.5350999,1.52504,1.22254,-0.3910841,-0.02648418,0.9199739,0.5654775,1.524163,1.236298,-0.4162984,-0.0266362,0.9088378,0.5040032,1.525779,1.208738,-0.3664877,-0.02790573,0.9300043,0.5347403,1.524971,1.222518,0.4813767,335.8406,358.6258,0,9,False
2,Center_Dir_Far,84,60.03998,0.5344222,1.525036,1.222607,0.5283639,1.252091,1.229373,0.6430391,0.1799644,0.06750118,-0.7413213,0,0,0,0,0,0,1,MathCanvas,-0.816799,1.433445,4.401836,0.5347403,1.524971,1.222518,-0.3915364,-0.02727098,0.9197584,0.5651425,1.524245,1.236426,-0.4174295,-0.02749151,0.9082934,0.5037019,1.525827,1.208788,-0.3676448,-0.02873296,0.9295223,0.5344222,1.525036,1.222607,0.5301751,335.7682,358.6545,0,9,False
2,Center_Dir_Far,85,60.05998,0.5336307,1.524968,1.222615,0.5271018,1.25242,1.229769,0.6368694,0.1651632,0.06171822,-0.7505394,0,0,0,0,0,0,1,MathCanvas,-0.8176053,1.430866,4.398655,0.5340069,1.525018,1.222604,-0.4113077,-0.04790174,0.910237,0.5643322,1.524168,1.236475,-0.4364553,-0.0480887,0.8984399,0.5029293,1.525767,1.208755,-0.387116,-0.04937371,0.9207081,0.5336307,1.524968,1.222615,0.6382791,335.6883,358.6398,0,9,False
2,Center_Dir_Far,86,60.07998,0.5333287,1.52475,1.222431,0.5259153,1.252666,1.229737,0.6338082,0.1548938,0.05411078,-0.7558883,0,0,0,0,0,0,1,MathCanvas,-0.873518,1.361088,4.33668,0.5336307,1.524968,1.222615,-0.4119364,-0.04873122,0.9099086,0.564022,1.523942,1.236309,-0.4369813,-0.04974455,0.898094,0.5026353,1.525557,1.208554,-0.3876551,-0.05104207,0.9203902,0.5333287,1.52475,1.222431,0.7336732,335.6531,358.6265,0,9,False
2,Center_Dir_Far,87,60.09998,0.5327275,1.524579,1.222201,0.5230433,1.252737,1.229197,0.6336212,0.1447577,0.03441091,-0.7592005,0,0,0,0,0,0,1,MathCanvas,-0.874946,1.358154,4.333109,0.5330752,1.524643,1.22232,-0.4134526,-0.0577086,0.908695,0.5634031,1.523819,1.236121,-0.4384644,-0.0583574,0.896852,0.5020518,1.525338,1.208282,-0.3891755,-0.05957866,0.9192349,0.5327275,1.524579,1.222201,0.9068686,335.5729,358.7084,0,9,False
2,Center_Dir_Far,88,60.11998,0.5324022,1.524472,1.22211,0.522209,1.252842,1.229138,0.6320466,0.1395334,0.02949316,-0.761694,0,0,0,0,0,0,1,MathCanvas,-0.8762423,1.327918,4.318865,0.5327275,1.524579,1.222201,-0.4139709,-0.05896804,0.9083781,0.5630682,1.523724,1.236051,-0.4390776,-0.05954845,0.8964736,0.5017362,1.525221,1.208169,-0.3898044,-0.06075216,0.9188915,0.5324022,1.524472,1.22211,0.9747304,335.531,358.727,0,9,False
2,Center_Dir_Far,89,60.13998,0.5320253,1.524387,1.221985,0.5206588,1.253031,1.229075,0.6288459,0.1326205,0.0179074,-0.7659268,0,0,0,0,0,0,1,MathCanvas,-0.8767748,1.323742,4.314273,0.5324022,1.524472,1.22211,-0.4145927,-0.06015033,0.908017,0.5626866,1.523648,1.235937,-0.4393775,-0.05980532,0.8963096,0.5013641,1.525126,1.208032,-0.3901118,-0.06099396,0.9187451,0.5320253,1.524387,1.221985,0.9890265,335.5108,358.743,0,9,False
2,Center_Dir_Far,90,60.15998,0.5314565,1.524369,1.22188,0.5204157,1.253229,1.228662,0.62806,0.1281048,0.01267126,-0.7674433,0,0,0,0,0,0,1,MathCanvas,-0.8781478,1.319795,4.310465,0.5317575,1.524353,1.221934,-0.4154761,-0.05232396,0.9080979,0.5621036,1.523665,1.235865,-0.4403037,-0.05227262,0.8963259,0.5008093,1.525073,1.207895,-0.3910608,-0.05340474,0.918814,0.5314565,1.524369,1.22188,1.031684,335.4503,358.8026,0,9,False
2,Center_Dir_Far,91,60.17998,0.5311552,1.524338,1.221801,0.5197086,1.253335,1.228552,0.6265531,0.123574,0.007692311,-0.7694813,0,0,0,0,0,0,1,MathCanvas,-0.8843833,1.346062,4.316453,0.5314565,1.524369,1.22188,-0.4100904,-0.04724898,0.9108202,0.5617947,1.523648,1.235803,-0.4351232,-0.04742738,0.8991209,0.5005158,1.525028,1.207798,-0.385752,-0.04852079,0.9213257,0.5311552,1.524338,1.221801,1.073421,335.4174,358.8262,0,9,False
2,Center_Dir_Far,92,60.19998,0.5306416,1.524466,1.221743,0.5229147,1.252592,1.228581,0.6412055,0.1447273,0.02773885,-0.753087,0,0,0,0,0,0,1,MathCanvas,-0.8678529,1.36315,4.32903,0.5309048,1.524428,1.221801,-0.4041639,-0.04418672,0.9136187,0.5613006,1.523804,1.235704,-0.4287981,-0.04371738,0.902342,0.4999824,1.525127,1.207783,-0.3792747,-0.04475296,0.9242013,0.5306416,1.524466,1.221743,0.9417343,335.4992,358.8745,0,9,False
2,Center_Dir_Far,93,60.21998,0.5303604,1.52451,1.221708,0.5228273,1.252622,1.228571,0.6407132,0.1457066,0.02776572,-0.7533162,0,0,0,0,0,0,1,MathCanvas,-0.8494061,1.373587,4.341362,0.5306416,1.524466,1.221743,-0.4041844,-0.0442352,0.9136073,0.5610184,1.523865,1.235672,-0.4288688,-0.0438371,0.9023026,0.4997024,1.525156,1.207744,-0.3793471,-0.04484683,0.9241669,0.5303604,1.52451,1.221708,0.9481639,335.4938,358.9018,0,9,False
2,Center_Dir_Far,94,60.23998,0.5298996,1.524538,1.221522,0.5221069,1.252673,1.228115,0.639811,0.1473321,0.02807815,-0.7537551,0,0,0,0,0,0,1,MathCanvas,-0.8485911,1.373594,4.338653,0.5301109,1.524525,1.221604,-0.3907166,-0.04438316,0.9194404,0.5605602,1.523939,1.235483,-0.4154466,-0.04412121,0.9085469,0.499239,1.525136,1.207562,-0.3656202,-0.04501986,0.9296747,0.5298996,1.524538,1.221522,0.947766,335.5026,358.9819,0,9,False
2,Center_Dir_Far,95,60.25998,0.5296592,1.524511,1.221446,0.5219672,1.252679,1.228026,0.6400564,0.1471094,0.02807385,-0.7535903,0,0,0,0,0,0,1,MathCanvas,-0.8038781,1.373029,4.36019,0.5298996,1.524538,1.221522,-0.390676,-0.04457054,0.9194486,0.5603173,1.523934,1.235413,-0.4156045,-0.04446261,0.9084581,0.4990011,1.525088,1.20748,-0.365782,-0.04532552,0.9295963,0.5296592,1.524511,1.221446,0.9672971,335.4912,359.0192,0,9,False
2,Center_Dir_Far,96,60.27998,0.5294044,1.524505,1.22138,0.5219672,1.252679,1.228026,0.6400564,0.1471094,0.02807385,-0.7535903,0,0,0,0,0,0,1,MathCanvas,-0.8030794,1.372465,4.358022,0.5296592,1.524511,1.221446,-0.3908361,-0.04489407,0.9193648,0.5600618,1.523947,1.235349,-0.4156464,-0.04459334,0.9084325,0.498747,1.525063,1.207411,-0.3658249,-0.04542569,0.9295745,0.5294044,1.524505,1.22138,0.9747528,335.4875,359.0514,0,9,False
2,Center_Dir_Far,97,60.29998,0.5290487,1.52439,1.221172,0.5210574,1.252816,1.22735,0.6426355,0.1496181,0.03165043,-0.7507545,0,0,0,0,0,0,1,MathCanvas,-0.8033714,1.371413,4.356472,0.5292475,1.524417,1.221255,-0.3774037,-0.05106011,0.9246401,0.5596823,1.523762,1.23519,-0.4027269,-0.05072924,0.9139133,0.4984152,1.525017,1.207153,-0.3526383,-0.05162118,0.9343348,0.5290487,1.52439,1.221172,1.013756,335.3918,358.9326,0,9,False
2,Center_Dir_Far,98,60.31998,0.5288188,1.524366,1.221091,0.5210574,1.252816,1.22735,0.6426355,0.1496181,0.03165043,-0.7507545,0,0,0,0,0,0,1,MathCanvas,-0.7562577,1.350497,4.370176,0.5290487,1.52439,1.221172,-0.3778208,-0.05117524,0.9244634,0.5594476,1.523735,1.235119,-0.4030324,-0.05091624,0.9137682,0.4981899,1.524997,1.207063,-0.3529508,-0.05181308,0.9342061,0.5288188,1.524366,1.221091,1.024403,335.3726,358.9269,0,9,False
2,Center_Dir_Far,99,60.33998,0.52858,1.524383,1.220899,0.5205181,1.252807,1.227332,0.6414872,0.1502631,0.03059444,-0.751651,0,0,0,0,0,0,1,MathCanvas,-0.7572055,1.350176,4.367774,0.5287333,1.524382,1.220996,-0.3697398,-0.0506714,0.9277526,0.5592036,1.523762,1.23494,-0.3947901,-0.05024653,0.9173963,0.4979564,1.525004,1.206859,-0.3445486,-0.05110365,0.9373765,0.52858,1.524383,1.220899,1.008799,335.3508,358.9435,0,9,False
2,Center_Dir_Far,100,60.35998,0.5284202,1.524348,1.220815,0.5202889,1.252793,1.227284,0.6411434,0.1503957,0.03068059,-0.7519143,0,0,0,0,0,0,1,MathCanvas,-0.7305509,1.351824,4.380316,0.52858,1.524383,1.220899,-0.3698047,-0.05067509,0.9277265,0.5590426,1.523715,1.234857,-0.3948702,-0.05018523,0.9173653,0.4977978,1.524982,1.206772,-0.3446305,-0.05106212,0.9373487,0.5284202,1.524348,1.220815,1.004788,335.3466,358.9227,0,9,False
2,Center_Dir_Far,101,60.37998,0.5281277,1.524296,1.220653,0.5200471,1.252849,1.227122,0.6414,0.1514949,0.03148687,-0.7514412,0,0,0,0,0,0,1,MathCanvas,-0.7304388,1.351845,4.378906,0.5282884,1.524315,1.220733,-0.3637404,-0.0514364,0.9300792,0.5587515,1.523643,1.234691,-0.3888705,-0.05105377,0.9198768,0.4975038,1.524949,1.206614,-0.3385192,-0.05194178,0.9395248,0.5281277,1.524296,1.220653,1.014018,335.353,358.8895,0,9,False
2,Center_Dir_Far,102,60.39998,0.5280625,1.524299,1.220601,0.5197687,1.252898,1.226741,0.6431692,0.1540021,0.03254158,-0.7493716,0,0,0,0,0,0,1,MathCanvas,-0.7100128,1.349211,4.38656,0.5281277,1.524296,1.220653,-0.3638274,-0.05149779,0.9300417,0.558696,1.523651,1.234618,-0.3882356,-0.05077717,0.9201602,0.497429,1.524947,1.206583,-0.3378707,-0.05165794,0.9397737,0.5280625,1.524299,1.220601,0.9984028,335.3926,358.8981,0,9,False
2,Center_Dir_Far,103,60.41998,0.52793,1.523994,1.220412,0.5194759,1.252833,1.226541,0.6443352,0.1548318,0.0324097,-0.7482038,0,0,0,0,0,0,1,MathCanvas,-0.7099735,1.349062,4.385357,0.5279413,1.524294,1.220526,-0.362931,-0.05121769,0.9304074,0.558579,1.523328,1.234395,-0.3872138,-0.05276111,0.9204791,0.497281,1.52466,1.20643,-0.3368273,-0.05366475,0.9400359,0.52793,1.523994,1.220412,1.111345,335.4546,358.8672,0,9,False
2,Center_Dir_Far,104,60.43998,0.5278314,1.523514,1.220259,0.5194196,1.252837,1.226599,0.6439285,0.1544084,0.03213526,-0.7486531,0,0,0,0,0,0,1,MathCanvas,-0.7070656,1.349708,4.386439,0.52793,1.523994,1.220412,-0.344084,-0.04810164,0.9377059,0.5584857,1.522799,1.234228,-0.3689474,-0.05251639,0.9279653,0.4971771,1.524229,1.20629,-0.3182512,-0.05344434,0.9464988,0.5278314,1.523514,1.220259,1.385734,335.4727,358.7835,0,9,False
2,Center_Dir_Far,105,60.45998,0.5277469,1.521228,1.219807,0.5194196,1.252837,1.226599,0.6439285,0.1544084,0.03213526,-0.7486531,0,0,0,0,0,0,1,MathCanvas,-0.6450484,1.35955,4.41662,0.5278314,1.523514,1.220259,-0.343724,-0.05298037,0.937575,0.5584055,1.520477,1.233764,-0.3686619,-0.0568009,0.9278266,0.4970884,1.52198,1.205849,-0.3179599,-0.0577695,0.9463425,0.5277469,1.521228,1.219807,1.628798,335.4861,358.7213,0,9,False
2,Center_Dir_Far,106,60.47998,0.5274748,1.516562,1.219467,0.5190184,1.253149,1.226886,0.6401063,0.1524225,0.02979133,-0.7524253,0,0,0,0,0,0,1,MathCanvas,-0.6418326,1.340954,4.410066,0.5276244,1.518373,1.219614,-0.339481,-0.09140232,0.9361615,0.5581378,1.515428,1.233389,-0.3646251,-0.105818,0.9251223,0.4968117,1.517697,1.205546,-0.3138631,-0.1071748,0.9433999,0.5274748,1.516562,1.219467,4.410541,335.4323,358.0645,0,9,False
2,Center_Dir_Far,107,60.49998,0.527202,1.514959,1.219691,0.5190109,1.253483,1.226548,0.6392702,0.1515875,0.02821775,-0.7533649,0,0,0,0,0,0,1,MathCanvas,-0.614642,1.209057,4.368997,0.5274748,1.516562,1.219467,-0.3393673,-0.1064964,0.934606,0.5578619,1.513669,1.233606,-0.3646972,-0.1253437,0.9226511,0.496542,1.516249,1.205776,-0.3139398,-0.1268641,0.9409289,0.527202,1.514959,1.219691,5.52415,335.377,357.7956,0,9,False
2,Center_Dir_Far,108,60.51998,0.5266339,1.511365,1.220178,0.5191333,1.253975,1.225732,0.6409326,0.150595,0.02701647,-0.7521946,0,0,0,0,0,0,1,MathCanvas,-0.6096367,1.158209,4.350506,0.5269479,1.513037,1.219718,-0.3389982,-0.1400238,0.9303083,0.5572962,1.509812,1.234061,-0.3642516,-0.1572649,0.9179262,0.4959715,1.512918,1.206296,-0.3134924,-0.1590677,0.9361731,0.5266339,1.511365,1.220178,7.349983,335.3,357.3361,0,9,False
2,Center_Dir_Far,109,60.53998,0.5263709,1.509447,1.220556,0.5192025,1.254221,1.225322,0.641735,0.1498576,0.02627394,-0.7516838,0,0,0,0,0,0,1,MathCanvas,-0.5994467,1.046235,4.310467,0.5266339,1.511365,1.220178,-0.3089046,-0.4096972,0.8583276,0.5570346,1.507801,1.234426,-0.3327607,-0.4242916,0.842168,0.4957072,1.511092,1.206687,-0.2819623,-0.4248337,0.8602404,0.5263709,1.509447,1.220556,8.277002,335.2553,357.1711,0,9,False
2,Center_Dir_Far,110,60.55998,0.5258347,1.505557,1.221193,0.5192025,1.254221,1.225322,0.641735,0.1498576,0.02627394,-0.7516838,0,0,0,0,0,0,1,MathCanvas,-0.5994467,1.046235,4.310467,0.5260985,1.507535,1.22086,-0.3062716,-0.4384315,0.8449708,0.556503,1.50368,1.235022,-0.3304464,-0.4516291,0.828756,0.4951665,1.507434,1.207363,-0.279652,-0.4524066,0.8468311,0.5258347,1.505557,1.221193,9.999634,335.164,356.7577,0,9,False
2,Center_Dir_Far,111,60.57998,0.5258371,1.50446,1.220467,0.5200649,1.255128,1.222902,0.6482488,0.1463172,0.02602717,-0.7467847,0,0,0,0,0,0,1,MathCanvas,-0.5994467,1.046235,4.310467,0.5258347,1.505557,1.221193,-0.2361149,-0.6242889,0.7446564,0.5565237,1.502633,1.234263,-0.2568458,-0.6349882,0.7285741,0.4951506,1.506287,1.206672,-0.2059594,-0.6336121,0.7457322,0.5258371,1.50446,1.220467,10.75412,335.2021,356.8361,0,9,False
2,Center_Dir_Far,112,60.59998,0.525627,1.502838,1.220531,0.5200649,1.255128,1.222902,0.6482488,0.1463172,0.02602717,-0.7467847,0,0,0,0,0,0,1,MathCanvas,-0.5994467,1.046235,4.310467,0.5258371,1.50446,1.220467,-0.2315612,-0.6343007,0.7375921,0.5563204,1.500936,1.234301,-0.2543766,-0.6462047,0.719522,0.4949336,1.504741,1.206761,-0.2034959,-0.6448733,0.7367007,0.525627,1.502838,1.220531,11.58183,335.1734,356.6959,0,9,False
2,Center_Dir_Far,113,60.61998,0.5254861,1.503253,1.220964,0.5202198,1.254383,1.222059,0.6506698,0.1461677,0.02623953,-0.7446982,0,0,0,0,0,0,1,MathCanvas,-0.5994467,1.046235,4.310467,0.5254155,1.501209,1.220594,-0.1890019,-0.7610691,0.6205256,0.5561859,1.501526,1.234743,-0.214181,-0.7507058,0.6249539,0.4947862,1.50498,1.207185,-0.1635614,-0.7483823,0.6427843,0.5254861,1.503253,1.220964,11.45903,335.2322,357.0019,0,9,False
2,Center_Dir_Far,114,60.63998,0.5255324,1.502672,1.220981,0.5200983,1.254071,1.22254,0.6483752,0.1465741,0.02595805,-0.7466271,0,0,0,0,0,0,1,MathCanvas,-0.5994467,1.046235,4.310467,0.5254861,1.503253,1.220964,-0.1890775,-0.7495453,0.6343749,0.5562356,1.501027,1.234762,-0.2121129,-0.7515342,0.6246635,0.4948291,1.504317,1.2072,-0.1615018,-0.7490736,0.6424999,0.5255324,1.502672,1.220981,11.54573,335.2548,357.1437,0,9,False
2,Center_Dir_Far,115,60.65998,0.5253622,1.501796,1.221264,0.5200904,1.253993,1.222647,0.6477673,0.1466019,0.02587947,-0.7471518,0,0,0,0,0,0,1,MathCanvas,-0.5994467,1.046235,4.310467,0.5254419,1.502218,1.22113,-0.1881688,-0.7893085,0.5844525,0.5560714,1.50019,1.235037,-0.2116892,-0.7923559,0.5721538,0.494653,1.503403,1.207492,-0.1612736,-0.7904141,0.5909623,0.5253622,1.501796,1.221264,12.09711,335.2584,357.2049,0,9,False
2,Center_Dir_Far,116,60.67998,0.5253847,1.503583,1.221485,0.5199732,1.253144,1.222445,0.6410235,0.14468,0.02140586,-0.7534577,0,0,0,0,0,0,1,MathCanvas,-0.5994467,1.046235,4.310467,0.5253622,1.501796,1.221264,-0.1867147,-0.7913859,0.5821048,0.556114,1.502054,1.235222,-0.2140153,-0.7824796,0.5847419,0.4946554,1.505112,1.207749,-0.1635543,-0.78047,0.6034209,0.5253847,1.503583,1.221485,11.18728,335.3998,357.3486,0,9,False
2,Center_Dir_Far,117,60.69998,0.5253109,1.504487,1.221864,0.5199732,1.253144,1.222445,0.6410235,0.14468,0.02140586,-0.7534577,0,0,0,0,0,0,1,MathCanvas,-0.5994467,1.046235,4.310467,0.5253471,1.504025,1.221674,-0.2011628,-0.8099537,0.5509161,0.5560551,1.503023,1.235574,-0.2249412,-0.8106838,0.540549,0.4945667,1.505951,1.208153,-0.1747034,-0.8096629,0.5602898,0.5253109,1.504487,1.221864,11.23928,335.4706,357.4615,0,9,False
2,Center_Dir_Far,118,60.71998,0.5254613,1.50581,1.221786,0.5199562,1.253184,1.222539,0.6400733,0.1452591,0.01957833,-0.7542033,0,0,0,0,0,0,1,MathCanvas,-0.5994467,1.046235,4.310467,0.5253109,1.504487,1.221864,-0.2000651,-0.8101737,0.5509923,0.5562196,1.504443,1.235475,-0.2300738,-0.7955869,0.5604529,0.4947029,1.507176,1.208098,-0.179792,-0.7944725,0.5800762,0.5254613,1.50581,1.221786,9.792528,335.6079,357.6417,0,9,False
2,Center_Dir_Far,119,60.73998,0.5255785,1.507247,1.221794,0.5200151,1.25322,1.222643,0.6407153,0.1454799,0.02035745,-0.7535948,0,0,0,0,0,0,1,MathCanvas,-0.5994467,1.046235,4.310467,0.5255078,1.50649,1.221801,-0.2079443,-0.7884616,0.5788674,0.5563541,1.505972,1.235453,-0.2332268,-0.7856557,0.5730188,0.4948029,1.508521,1.208136,-0.1829148,-0.7844752,0.5925714,0.5255785,1.507247,1.221794,9.130918,335.7191,357.8043,0,9,False
2,Center_Dir_Far,120,60.75998,0.5255736,1.507836,1.221677,0.5200679,1.253219,1.222678,0.6418748,0.1455468,0.02118064,-0.7525718,0,0,0,0,0,0,1,MathCanvas,-0.5994467,1.046235,4.310467,0.5255785,1.507247,1.221794,-0.208299,-0.7850658,0.5833381,0.5563574,1.506588,1.23532,-0.2343729,-0.7813829,0.5783685,0.4947897,1.509083,1.208035,-0.1840429,-0.7801771,0.5978729,0.5255736,1.507836,1.221677,8.738473,335.7724,357.853,0,9,False
2,Center_Dir_Far,121,60.77998,0.5256352,1.508873,1.221753,0.5200037,1.253221,1.222722,0.6422916,0.1454883,0.02109093,-0.7522299,0,0,0,0,0,0,1,MathCanvas,-0.5994467,1.046235,4.310467,0.5255736,1.507836,1.221677,-0.2094338,-0.7807804,0.588659,0.5564252,1.507716,1.23539,-0.2346531,-0.7763747,0.5849618,0.4948453,1.51003,1.208116,-0.1843123,-0.7750439,0.6044303,0.5256352,1.508873,1.221753,8.286716,335.8249,358.0113,0,9,False
2,Center_Dir_Far,122,60.79998,0.5257347,1.510598,1.22172,0.5200037,1.253221,1.222722,0.6422916,0.1454883,0.02109093,-0.7522299,0,0,0,0,0,0,1,MathCanvas,-0.5994467,1.046235,4.310467,0.5256846,1.509732,1.221737,-0.2101444,-0.7716064,0.6003857,0.5565409,1.509551,1.235328,-0.2355384,-0.7681845,0.5953269,0.4949284,1.511646,1.208111,-0.1851678,-0.766712,0.6147078,0.5257347,1.510598,1.22172,7.555329,335.9301,358.2027,0,9,False
2,Center_Dir_Far,123,60.81998,0.5257878,1.512113,1.221979,0.5200532,1.253135,1.223083,0.6426329,0.1444263,0.02066555,-0.7521549,0,0,0,0,0,0,1,MathCanvas,-0.5994467,1.046235,4.310467,0.5257347,1.510598,1.22172,-0.2108218,-0.7668745,0.6061829,0.5566011,1.511287,1.235587,-0.2356465,-0.7574278,0.6089121,0.4949746,1.512939,1.208371,-0.1852641,-0.7556433,0.628236,0.5257878,1.512113,1.221979,6.670263,336.0079,358.5855,0,9,False
2,Center_Dir_Far,124,60.83998,0.5259152,1.513949,1.222063,0.5201796,1.253067,1.223312,0.6422613,0.1437126,0.02041472,-0.7526157,0,0,0,0,0,0,1,MathCanvas,-0.5994467,1.046235,4.310467,0.5258187,1.512971,1.222017,-0.2078077,-0.7504897,0.6273606,0.5567413,1.513315,1.235652,-0.2331443,-0.7459683,0.623839,0.4950891,1.514583,1.208473,-0.182714,-0.743789,0.642957,0.5259152,1.513949,1.222063,5.69588,336.1026,358.9159,0,9,False
2,Center_Dir_Far,125,60.85998,0.5260071,1.515095,1.222148,0.520245,1.252996,1.223553,0.6418613,0.1427098,0.01982658,-0.7531633,0,0,0,0,0,0,1,MathCanvas,-0.5994467,1.046235,4.310467,0.5259152,1.513949,1.222063,-0.2081462,-0.7448795,0.6339004,0.556833,1.514605,1.235744,-0.2333636,-0.7388203,0.6322074,0.4951813,1.515585,1.208553,-0.1829327,-0.7364404,0.6512998,0.5260071,1.515095,1.222148,5.098539,336.1256,359.1632,0,9,False
2,Center_Dir_Far,126,60.87998,0.5261039,1.517274,1.22212,0.5202777,1.252833,1.223877,0.6409692,0.140876,0.01852665,-0.7543005,0,0,0,0,0,0,1,MathCanvas,-0.5994467,1.046235,4.310467,0.5260237,1.516211,1.222133,-0.1867509,-0.5968599,0.7803091,0.5569395,1.517052,1.2357,-0.2123209,-0.5903874,0.7786929,0.4952682,1.517496,1.208539,-0.1612507,-0.5859667,0.7941293,0.5261039,1.517274,1.22212,3.988645,336.204,359.6214,0,9,False
2,Center_Dir_Far,127,60.89998,0.5261151,1.517744,1.221808,0.5203893,1.252687,1.224235,0.6395928,0.1394065,0.01771147,-0.75576,0,0,0,0,0,0,1,MathCanvas,-0.5994467,1.046235,4.310467,0.5261039,1.517274,1.22212,-0.1869392,-0.5881793,0.7868283,0.5569599,1.517596,1.235368,-0.2122591,-0.584475,0.7831571,0.4952702,1.517891,1.208247,-0.1611745,-0.5799829,0.7985253,0.5261151,1.517744,1.221808,3.584469,336.252,359.7487,0,9,False
2,Center_Dir_Far,128,60.91998,0.5261627,1.518527,1.221722,0.520422,1.252658,1.22433,0.6392545,0.1390308,0.0175627,-0.7561189,0,0,0,0,0,0,1,MathCanvas,-0.5994467,1.046235,4.310467,0.5261151,1.517744,1.221808,-0.250466,-0.1931647,0.9486591,0.5570108,1.518471,1.235276,-0.276056,-0.1863267,0.9429079,0.4953146,1.518583,1.208168,-0.2244043,-0.1848746,0.9567989,0.5261627,1.518527,1.221722,3.162086,336.2751,359.905,0,9,False
2,Center_Dir_Far,129,60.93998,0.5261058,1.519191,1.22132,0.5203757,1.252572,1.225135,0.6363888,0.1343644,0.01468156,-0.759434,0,0,0,0,0,0,1,MathCanvas,-0.3010357,0.8805737,4.354798,0.5261275,1.518748,1.221517,-0.2547913,-0.08088287,0.9636075,0.5569681,1.519262,1.234842,-0.2800939,-0.07560561,0.9569907,0.4952435,1.519119,1.207799,-0.2283797,-0.07486381,0.9706895,0.5261058,1.519191,1.22132,2.764454,336.3464,0.1218153,0,9,False
2,Center_Dir_Far,130,60.95998,0.5261129,1.519395,1.22113,0.5202318,1.252621,1.225385,0.6345049,0.1302745,0.01232388,-0.7617613,0,0,0,0,0,0,1,MathCanvas,-0.3361683,1.245464,4.482397,0.5261058,1.519191,1.22132,-0.2543292,-0.07523472,0.9641869,0.5569764,1.519489,1.234648,-0.2799875,-0.07482106,0.9570835,0.4952495,1.519302,1.207611,-0.2282724,-0.07405041,0.9707772,0.5261129,1.519395,1.22113,2.723838,336.3531,0.1593981,0,9,False
2,Center_Dir_Far,131,60.97998,0.5260872,1.520035,1.220762,0.5205957,1.252636,1.225662,0.6337952,0.1270685,0.01250642,-0.7628898,0,0,0,0,0,0,1,MathCanvas,-0.3357293,1.264448,4.488458,0.5261261,1.519715,1.22092,-0.2917247,-0.06988385,0.953946,0.5569596,1.520212,1.234259,-0.3169584,-0.07025675,0.9458337,0.4952147,1.519858,1.207265,-0.2655343,-0.06953742,0.9615905,0.5260872,1.520035,1.220762,2.460481,336.3981,0.3012697,0,9,False
2,Center_Dir_Far,132,60.99998,0.5260921,1.520323,1.220579,0.5206023,1.252635,1.225734,0.6335357,0.1264952,0.01228622,-0.7632042,0,0,0,0,0,0,1,MathCanvas,-0.4617378,1.283398,4.45097,0.5260872,1.520035,1.220762,-0.2913528,-0.0698971,0.9540586,0.556969,1.520553,1.234065,-0.3166361,-0.06687903,0.9461864,0.4952152,1.520094,1.207092,-0.2652068,-0.06609638,0.9619234,0.5260921,1.520323,1.220579,2.273673,336.4208,0.3907422,0,9,False
2,Center_Dir_Far,133,61.01998,0.5260729,1.521099,1.220426,0.5201674,1.252878,1.225676,0.6351611,0.1236121,0.009286487,-0.7623675,0,0,0,0,0,0,1,MathCanvas,-0.4602636,1.283691,4.450481,0.5260646,1.52091,1.220524,-0.2942203,-0.09434394,0.9510698,0.5569578,1.521371,1.233894,-0.319418,-0.0926542,0.9430733,0.4951879,1.520827,1.206959,-0.2680328,-0.09166726,0.9590387,0.5260729,1.521099,1.220426,2.028669,336.4569,0.4625769,0,9,False
2,Center_Dir_Far,134,61.03998,0.5260553,1.521187,1.220281,0.5199807,1.252922,1.225747,0.634598,0.121957,0.007785719,-0.7631195,0,0,0,0,0,0,1,MathCanvas,-0.4632004,1.203881,4.418261,0.5260729,1.521099,1.220426,-0.2974958,-0.1255488,0.9464321,0.5569418,1.521487,1.233744,-0.3229375,-0.1241011,0.9382485,0.4951688,1.520887,1.206818,-0.271619,-0.1229195,0.954523,0.5260553,1.521187,1.220281,1.91533,336.4651,0.5102155,0,9,False
2,Center_Dir_Far,135,61.05998,0.5260232,1.521678,1.21995,0.5188884,1.252807,1.226044,0.6318321,0.116902,-0.002439998,-0.7662352,0,0,0,0,0,0,1,MathCanvas,-0.4662995,1.102395,4.377288,0.526046,1.521451,1.220106,-0.297469,-0.124056,0.9466374,0.556908,1.522044,1.233416,-0.3228581,-0.1228925,0.938435,0.4951385,1.521312,1.206485,-0.2715428,-0.121612,0.954712,0.5260232,1.521678,1.21995,1.854256,336.4634,0.6225001,0,9,False
2,Center_Dir_Far,136,61.07998,0.5259726,1.521482,1.219769,0.5184944,1.25253,1.226012,0.6320013,0.1191549,-0.006492209,-0.7657247,0,0,0,0,0,0,1,MathCanvas,-0.466622,1.107707,4.378851,0.5260232,1.521678,1.21995,-0.2963427,-0.137593,0.9451186,0.5568491,1.521866,1.233252,-0.3222707,-0.1398054,0.936267,0.4950961,1.521099,1.206285,-0.2709719,-0.1384007,0.9525857,0.5259726,1.521482,1.219769,1.94543,336.4312,0.6530189,0,9,False
2,Center_Dir_Far,137,61.09998,0.5258905,1.521273,1.21962,0.5187576,1.252194,1.225799,0.6334484,0.1245957,-0.003890991,-0.7636779,0,0,0,0,0,0,1,MathCanvas,-0.4597286,1.063818,4.363442,0.5259726,1.521482,1.219769,-0.2967337,-0.139103,0.9447748,0.5567601,1.521646,1.23312,-0.3227273,-0.1409861,0.9359326,0.495021,1.520901,1.206119,-0.2714371,-0.1395927,0.9522793,0.5258905,1.521273,1.21962,2.012446,336.4012,0.6339068,0,9,False
2,Center_Dir_Far,138,61.11998,0.5256477,1.521416,1.219449,0.5194675,1.252241,1.225615,0.6339158,0.1257657,0.00210337,-0.7631051,0,0,0,0,0,0,1,MathCanvas,-0.460669,1.058793,4.360741,0.5258427,1.52131,1.219474,-0.2973744,-0.1396961,0.9444858,0.5565077,1.521791,1.232971,-0.3234865,-0.1393791,0.9359112,0.4947877,1.521041,1.205927,-0.2722074,-0.1379907,0.9522928,0.5256477,1.521416,1.219449,1.91951,336.3599,0.6383271,0,9,False
2,Center_Dir_Far,139,61.13998,0.5255266,1.521505,1.219378,0.5195237,1.252218,1.225561,0.6340151,0.1258554,0.002434,-0.7630069,0,0,0,0,0,0,1,MathCanvas,-0.462839,1.05706,4.358966,0.5256477,1.521416,1.219449,-0.2970824,-0.1435093,0.9440059,0.5563823,1.521885,1.23291,-0.322938,-0.143369,0.9354979,0.4946709,1.521124,1.205847,-0.2716596,-0.1419443,0.9518681,0.5255266,1.521505,1.219378,1.870905,336.3418,0.6481164,0,9,False
2,Center_Dir_Far,140,61.15998,0.5254145,1.521112,1.219227,0.519507,1.252188,1.225477,0.634271,0.1251578,0.002597872,-0.7629084,0,0,0,0,0,0,1,MathCanvas,-0.4610611,1.044921,4.354349,0.5254475,1.521396,1.219324,-0.297623,-0.1439283,0.9437718,0.5562757,1.521363,1.23275,-0.3229053,-0.147293,0.9348994,0.4945534,1.520861,1.205705,-0.2716184,-0.1460536,0.9512579,0.5254145,1.521112,1.219227,2.081156,336.3545,0.4277773,0,9,False
2,Center_Dir_Far,141,61.17998,0.5253642,1.520968,1.219131,0.519507,1.252188,1.225477,0.634271,0.1251578,0.002597872,-0.7629084,0,0,0,0,0,0,1,MathCanvas,-0.4628484,1.043195,4.353039,0.5254145,1.521112,1.219227,-0.2969558,-0.1540606,0.9423813,0.5562295,1.52117,1.232645,-0.3223135,-0.1564759,0.9336108,0.4944989,1.520766,1.205618,-0.2710247,-0.1552647,0.9499676,0.5253642,1.520968,1.219131,2.177672,336.3682,0.3433359,0,9,False
2,Center_Dir_Far,142,61.19998,0.525606,1.517368,1.218904,0.5193823,1.252198,1.225436,0.6353779,0.125429,0.003385097,-0.761939,0,0,0,0,0,0,1,MathCanvas,-0.4586027,1.010486,4.341724,0.5255481,1.518418,1.218994,-0.2927957,-0.170525,0.9408464,0.5565169,1.51729,1.232315,-0.3177832,-0.1772697,0.9314448,0.4946952,1.517446,1.205494,-0.2664261,-0.1763762,0.9475803,0.525606,1.517368,1.218904,3.346066,336.5392,359.867,0,9,False
2,Center_Dir_Far,143,61.21998,0.5256466,1.515461,1.218909,0.5192523,1.252189,1.225261,0.6365865,0.1258414,0.003817212,-0.7608595,0,0,0,0,0,0,1,MathCanvas,-0.4412428,0.9542726,4.325699,0.525606,1.517368,1.218904,-0.2922164,-0.176823,0.9398634,0.5565549,1.515239,1.232324,-0.3173921,-0.195131,0.9280011,0.4947382,1.515683,1.205495,-0.2660412,-0.1943654,0.9441633,0.5256466,1.515461,1.218909,4.371286,336.51,359.6215,0,9,False
2,Center_Dir_Far,144,61.23998,0.5254466,1.512889,1.218821,0.5190221,1.252263,1.225063,0.6366462,0.1252263,0.003220111,-0.7609138,0,0,0,0,0,0,1,MathCanvas,-0.4380493,0.9323195,4.31847,0.5256466,1.515461,1.218909,-0.2918287,-0.1947482,0.9364343,0.5563817,1.512308,1.232163,-0.3156124,-0.2189718,0.9232769,0.4945115,1.51347,1.20548,-0.2642289,-0.2186444,0.9393495,0.5254466,1.512889,1.218821,5.722979,336.5714,359.007,0,9,False
2,Center_Dir_Far,145,61.25998,0.5253873,1.506998,1.218623,0.5188965,1.252595,1.224812,0.6361019,0.1241482,0.002788019,-0.761547,0,0,0,0,0,0,1,MathCanvas,-0.4338753,0.8726975,4.297141,0.5253597,1.510104,1.218668,-0.2879999,-0.2419429,0.9265634,0.5563796,1.505792,1.231789,-0.3111257,-0.2694044,0.9113847,0.4943952,1.508203,1.205456,-0.2596764,-0.2697875,0.9272447,0.5253873,1.506998,1.218623,8.627769,336.6717,357.9266,0,9,False
2,Center_Dir_Far,146,61.27998,0.5253729,1.504157,1.218673,0.5188748,1.252753,1.224601,0.6361281,0.1238449,0.002501994,-0.7615755,0,0,0,0,0,0,1,MathCanvas,-0.4149922,0.7170039,4.244044,0.5253873,1.506998,1.218623,-0.2699831,-0.2825174,0.9204853,0.5563846,1.502716,1.23177,-0.2937831,-0.3052489,0.9058226,0.4943612,1.505598,1.205576,-0.2421842,-0.3055552,0.9208598,0.5253729,1.504157,1.218673,9.960261,336.6745,357.5114,0,9,False
2,Center_Dir_Far,147,61.29998,0.5252052,1.497948,1.218999,0.5187485,1.253267,1.223909,0.6363477,0.1224391,0.0009288081,-0.7616229,0,0,0,0,0,0,1,MathCanvas,-0.4149922,0.7170039,4.244044,0.5252708,1.501048,1.218914,-0.2647787,-0.3331484,0.9049333,0.5562714,1.496084,1.231912,-0.2882217,-0.3546313,0.8894746,0.4941389,1.499811,1.206086,-0.2365719,-0.3552906,0.9043242,0.5252052,1.497948,1.218999,12.90098,336.703,356.7475,0,9,False
2,Center_Dir_Far,148,61.31998,0.5248767,1.495,1.219598,0.5185858,1.254233,1.222896,0.6360114,0.1187627,-0.002067428,-0.7624833,0,0,0,0,0,0,1,MathCanvas,-0.4149922,0.7170039,4.244044,0.5252052,1.497948,1.218999,-0.2362717,-0.4373159,0.8677157,0.5559784,1.492924,1.232392,-0.2581606,-0.4624629,0.8482223,0.493775,1.497075,1.206804,-0.2064325,-0.4623198,0.8623492,0.5248767,1.495,1.219598,14.47218,336.7265,356.3527,0,9,False
2,Center_Dir_Far,149,61.33998,0.5247599,1.489133,1.219622,0.5195541,1.255913,1.220407,0.6390415,0.1129084,-0.00394765,-0.7608299,0,0,0,0,0,0,1,MathCanvas,-0.4149922,0.7170039,4.244044,0.5247175,1.491869,1.219882,-0.2295326,-0.4838963,0.8444875,0.555937,1.486666,1.232161,-0.2508891,-0.5042666,0.8262989,0.4935829,1.491601,1.207083,-0.199095,-0.5044373,0.8401811,0.5247599,1.489133,1.219622,17.14574,336.7928,355.6054,0,9,False
2,Center_Dir_Far,150,61.35998,0.5245864,1.486626,1.21997,0.5199581,1.256111,1.219387,0.6419705,0.1141311,-0.003666397,-0.7581785,0,0,0,0,0,0,1,MathCanvas,-0.4149922,0.7170039,4.244044,0.5247599,1.489133,1.219622,-0.1868932,-0.6857901,0.7033939,0.5558085,1.48399,1.232362,-0.2088114,-0.6999241,0.6830111,0.4933644,1.489262,1.207578,-0.1572588,-0.698892,0.6977246,0.5245864,1.486626,1.21997,18.19405,336.8745,355.2768,0,9,False
2,Center_Dir_Far,151,61.37998,0.5244662,1.484285,1.220413,0.5201249,1.25634,1.218739,0.6434144,0.1140804,-0.003872748,-0.75696,0,0,0,0,0,0,1,MathCanvas,-0.4149922,0.7170039,4.244044,0.5245864,1.486626,1.21997,-0.1511677,-0.819643,0.55257,0.5557244,1.481516,1.232684,-0.1725699,-0.8314091,0.5281842,0.4932079,1.487055,1.208142,-0.1213247,-0.8301324,0.5442063,0.5244662,1.484285,1.220413,19.2994,336.912,355.0034,0,9,False
2,Center_Dir_Far,152,61.39998,0.5243271,1.479482,1.221666,0.5202711,1.256446,1.21759,0.64676,0.1155005,-0.003735434,-0.7538881,0,0,0,0,0,0,1,MathCanvas,-0.4149922,0.7170039,4.244044,0.5244274,1.481927,1.22116,-0.1499548,-0.8959611,0.418052,0.5556467,1.476582,1.233749,-0.1712035,-0.9041495,0.3914116,0.4930075,1.482382,1.209583,-0.1201946,-0.9045998,0.4089652,0.5243271,1.479482,1.221666,21.18204,336.9857,354.7041,0,9,False
2,Center_Dir_Far,153,61.41998,0.5245865,1.476841,1.220452,0.5201021,1.256294,1.217038,0.6471622,0.1158848,-0.003856197,-0.7534832,0,0,0,0,0,0,1,MathCanvas,-0.4149922,0.7170039,4.244044,0.5243271,1.479482,1.221666,-0.1459624,-0.9043749,0.4010001,0.5559433,1.473915,1.232432,-0.1661264,-0.91057,0.3785028,0.4932297,1.479767,1.208472,-0.1150815,-0.9110317,0.3959514,0.5245865,1.476841,1.220452,22.05824,337.0669,354.6242,0,9,False
2,Center_Dir_Far,154,61.43998,0.5249918,1.475419,1.219903,0.519894,1.255641,1.215754,0.6496198,0.1199069,-0.002149195,-0.7507409,0,0,0,0,0,0,1,MathCanvas,-0.4149922,0.7170039,4.244044,0.5246892,1.474632,1.220079,-0.1361185,-0.9187418,0.3706554,0.5564122,1.472478,1.231712,-0.157802,-0.9197709,0.3593329,0.4935714,1.478359,1.208095,-0.1066937,-0.9202131,0.3765956,0.5249918,1.475419,1.219903,23.36783,337.2342,354.5453,0,9,False
2,Center_Dir_Far,155,61.45998,0.5249543,1.474848,1.22005,0.5198203,1.255507,1.215591,0.6501335,0.1205671,-0.001799941,-0.7501912,0,0,0,0,0,0,1,MathCanvas,-0.4149922,0.7170039,4.244044,0.5249918,1.475419,1.219903,-0.1286858,-0.9325168,0.3374203,0.5564039,1.471866,1.23177,-0.1509053,-0.935923,0.3182385,0.4935046,1.47783,1.208331,-0.09982541,-0.9366779,0.3356626,0.5249543,1.474848,1.22005,23.9757,337.2979,354.4426,0,9,False
2,Center_Dir_Far,156,61.47998,0.5247768,1.47546,1.221032,0.518913,1.254785,1.216686,0.6461276,0.1211642,-0.002092052,-0.7535475,0,0,0,0,0,0,1,MathCanvas,-0.4149922,0.7170039,4.244044,0.5251082,1.474421,1.219943,-0.1309389,-0.9304975,0.3420957,0.5562113,1.472448,1.232784,-0.1581545,-0.9284828,0.336016,0.4933423,1.478472,1.209279,-0.1070679,-0.9293188,0.3534163,0.5247768,1.47546,1.221032,22.79656,337.3387,354.4353,0,9,False
2,Center_Dir_Far,157,61.49998,0.5247108,1.475366,1.221074,0.518499,1.254512,1.216733,0.643558,0.1221986,-0.002708375,-0.7555748,0,0,0,0,0,0,1,MathCanvas,-0.4149922,0.7170039,4.244044,0.5247768,1.47546,1.221032,-0.1433751,-0.94033,0.3085827,0.5561692,1.472324,1.232755,-0.1687267,-0.9392902,0.2987731,0.4932525,1.478407,1.209393,-0.1177246,-0.9412321,0.3165802,0.5247108,1.475366,1.221074,22.78759,337.4474,354.3816,0,9,False
2,Center_Dir_Far,158,61.51998,0.524873,1.47481,1.221422,0.5178401,1.254309,1.216937,0.6393151,0.1239444,-0.00423073,-0.7588782,0,0,0,0,0,0,1,MathCanvas,-0.4149922,0.7170039,4.244044,0.5246702,1.475425,1.221246,-0.1434302,-0.9407408,0.3073022,0.5563608,1.471682,1.233,-0.1696601,-0.9396002,0.2972659,0.4933851,1.477938,1.209844,-0.1186078,-0.9416806,0.3149128,0.524873,1.47481,1.221422,22.85861,337.5588,354.2177,0,9,False
2,Center_Dir_Far,159,61.53998,0.5250309,1.475036,1.221413,0.5172995,1.25456,1.217129,0.6377412,0.1244306,-0.005726088,-0.7601121,0,0,0,0,0,0,1,MathCanvas,-0.4149922,0.7170039,4.244044,0.524873,1.47481,1.221422,-0.1443808,-0.940645,0.3071505,0.5565482,1.471856,1.232897,-0.1700497,-0.9396098,0.2970124,0.4935137,1.478215,1.209929,-0.118949,-0.9417725,0.3145087,0.5250309,1.475036,1.221413,22.87166,337.6887,354.1219,0,9,False
2,Center_Dir_Far,160,61.55998,0.5250582,1.474984,1.221545,0.5172995,1.25456,1.217129,0.6377412,0.1244306,-0.005726088,-0.7601121,0,0,0,0,0,0,1,MathCanvas,-0.4149922,0.7170039,4.244044,0.5250309,1.475036,1.221413,-0.1447392,-0.940696,0.3068251,0.5565937,1.471764,1.232967,-0.170313,-0.9398172,0.2962044,0.4935226,1.478204,1.210123,-0.1191822,-0.9420446,0.3136044,0.5250582,1.474984,1.221545,22.91622,337.7637,354.0443,0,9,False
2,Center_Dir_Far,161,61.57998,0.5252326,1.475196,1.221661,0.5169482,1.255134,1.217175,0.6387853,0.1225587,-0.006501493,-0.759533,0,0,0,0,0,0,1,MathCanvas,-0.4149922,0.7170039,4.244044,0.5251263,1.475036,1.221626,-0.1527025,-0.9371115,0.3138537,0.556811,1.471883,1.232937,-0.1781531,-0.9362174,0.3029165,0.4936543,1.478508,1.210385,-0.126965,-0.9388255,0.3201352,0.5252326,1.475196,1.221661,23.05687,337.9389,353.8667,0,9,False
2,Center_Dir_Far,162,61.59998,0.5252141,1.475184,1.221787,0.5169792,1.255538,1.217201,0.6394758,0.1212393,-0.005857647,-0.759169,0,0,0,0,0,0,1,MathCanvas,-0.4149922,0.7170039,4.244044,0.5252326,1.475196,1.221661,-0.1527703,-0.937528,0.3125739,0.5568173,1.471833,1.232982,-0.1783569,-0.9362076,0.3028272,0.4936108,1.478535,1.210592,-0.1271284,-0.9388782,0.3199155,0.5252141,1.475184,1.221787,23.06524,338.0548,353.7936,0,9,False
2,Center_Dir_Far,163,61.61998,0.5252639,1.475164,1.222058,0.5170274,1.255573,1.217175,0.6399987,0.1215171,-0.005617656,-0.7586856,0,0,0,0,0,0,1,MathCanvas,-0.4149922,0.7170039,4.244044,0.5252391,1.475172,1.221927,-0.1553715,-0.936122,0.3154923,0.5569067,1.471768,1.233127,-0.1806729,-0.9348307,0.3056945,0.4936211,1.47856,1.210989,-0.1293865,-0.9376512,0.3225981,0.5252639,1.475164,1.222058,23.10524,338.2426,353.7094,0,9,False
2,Center_Dir_Far,164,61.63998,0.5252565,1.475015,1.22227,0.5168125,1.255768,1.217144,0.6411995,0.1218878,-0.005537246,-0.757612,0,0,0,0,0,0,1,MathCanvas,-0.4149922,0.7170039,4.244044,0.5252639,1.475164,1.222058,-0.1537835,-0.9363265,0.3156636,0.5569132,1.471644,1.233307,-0.1781632,-0.9351188,0.3062852,0.4935997,1.478386,1.211233,-0.126849,-0.9378219,0.3231092,0.5252565,1.475015,1.22227,23.127,338.3184,353.7545,0,9,False
2,Center_Dir_Far,165,61.65998,0.5251168,1.474655,1.222589,0.5166308,1.255769,1.217134,0.6412088,0.1210272,-0.005797751,-0.7577401,0,0,0,0,0,0,1,MathCanvas,-0.4149922,0.7170039,4.244044,0.5252019,1.47483,1.222483,-0.1521113,-0.9368988,0.3147746,0.5567875,1.471265,1.23358,-0.1774198,-0.9360901,0.3037395,0.4934461,1.478045,1.211598,-0.1260853,-0.9388208,0.3204965,0.5251168,1.474655,1.222589,23.29237,338.3666,353.7115,0,9,False
2,Center_Dir_Far,166,61.67998,0.5250757,1.474576,1.22273,0.5166277,1.255752,1.217137,0.6410786,0.1207264,-0.005894303,-0.7578975,0,0,0,0,0,0,1,MathCanvas,-0.4149922,0.7170039,4.244044,0.5251168,1.474655,1.222589,-0.1519488,-0.9374627,0.3131698,0.5567572,1.471176,1.233686,-0.1771117,-0.9363718,0.3030499,0.4933943,1.477975,1.211773,-0.1257609,-0.9391173,0.3197545,0.5250757,1.474576,1.22273,23.34172,338.4143,353.6911,0,9,False
2,Center_Dir_Far,167,61.69998,0.524967,1.474591,1.222954,0.516566,1.255593,1.217231,0.6401031,0.1193252,-0.006720808,-0.7589363,0,0,0,0,0,0,1,MathCanvas,-0.4149922,0.7170039,4.244044,0.5250757,1.474576,1.22273,-0.1468853,-0.9379933,0.3139957,0.5566451,1.471208,1.233926,-0.1723856,-0.9363745,0.3057549,0.4932888,1.477974,1.211983,-0.1210142,-0.9388397,0.3223905,0.524967,1.474591,1.222954,23.27678,338.409,353.7251,0,9,False
2,Center_Dir_Far,168,61.71998,0.5247821,1.474338,1.223384,0.5163505,1.255352,1.217276,0.6393923,0.1203053,-0.007448819,-0.7593738,0,0,0,0,0,0,1,MathCanvas,-0.4149922,0.7170039,4.244044,0.5249064,1.474526,1.223165,-0.1483977,-0.9412796,0.3032666,0.5564646,1.470923,1.234333,-0.1744042,-0.9400635,0.2930253,0.4930996,1.477752,1.212435,-0.1230595,-0.9428221,0.3097467,0.5247821,1.474338,1.223384,23.31481,338.4195,353.6646,0,9,False
2,Center_Dir_Far,169,61.73998,0.5247158,1.474264,1.223558,0.5163505,1.255352,1.217276,0.6393923,0.1203053,-0.007448819,-0.7593738,0,0,0,0,0,0,1,MathCanvas,-0.4149922,0.7170039,4.244044,0.5247821,1.474338,1.223384,-0.1443109,-0.9422358,0.3022681,0.5564033,1.470838,1.234489,-0.1698143,-0.9410731,0.2924801,0.4930283,1.47769,1.212627,-0.1184408,-0.9436245,0.3091029,0.5247158,1.474264,1.223558,23.33684,338.4405,353.6424,0,9,False
2,Center_Dir_Far,170,61.75998,0.5244974,1.473824,1.223742,0.5161558,1.255219,1.217255,0.6386098,0.1212761,-0.008341671,-0.7598685,0,0,0,0,0,0,1,MathCanvas,-0.4149922,0.7170039,4.244044,0.5245791,1.473948,1.223601,-0.144675,-0.9430976,0.2993931,0.5561977,1.470327,1.234613,-0.1702683,-0.9420244,0.2891345,0.4927971,1.477322,1.212871,-0.1188729,-0.9446871,0.3056723,0.5244974,1.473824,1.223742,23.52065,338.4683,353.5004,0,9,False
2,Center_Dir_Far,171,61.77998,0.524439,1.473427,1.223569,0.5159574,1.255281,1.217392,0.6369662,0.1208608,-0.009514764,-0.761299,0,0,0,0,0,0,1,MathCanvas,-0.4149922,0.7170039,4.244044,0.5244974,1.473824,1.223742,-0.1447677,-0.9433635,0.298509,0.5561444,1.469912,1.23442,-0.1695252,-0.9432174,0.285661,0.4927336,1.476942,1.212719,-0.1181239,-0.9459051,0.3021761,0.524439,1.473427,1.223569,23.7344,338.4643,353.4565,0,9,False
2,Center_Dir_Far,172,61.79998,0.524304,1.473098,1.2235,0.5158537,1.255381,1.217355,0.6367435,0.1207929,-0.009507389,-0.7614962,0,0,0,0,0,0,1,MathCanvas,-0.4149922,0.7170039,4.244044,0.524373,1.473246,1.2235,-0.142363,-0.9461753,0.2906632,0.5560231,1.469575,1.234308,-0.1676131,-0.9452169,0.2801266,0.4925849,1.47662,1.212692,-0.1161957,-0.9479096,0.2965907,0.524304,1.473098,1.2235,23.89054,338.5154,353.4345,0,9,False
2,Center_Dir_Far,173,61.81998,0.5242172,1.472961,1.223502,0.5158624,1.255369,1.217276,0.6371548,0.1209757,-0.009246946,-0.7611263,0,0,0,0,0,0,1,MathCanvas,-0.4149922,0.7170039,4.244044,0.524304,1.473098,1.2235,-0.1421,-0.9465716,0.2894992,0.5559413,1.469441,1.234296,-0.1671726,-0.9455115,0.2793948,0.4924931,1.476481,1.212708,-0.1157486,-0.9481993,0.2958384,0.5242172,1.472961,1.223502,23.9427,338.536,353.4366,0,9,False
2,Center_Dir_Far,174,61.83998,0.5239772,1.47282,1.223484,0.5156534,1.255371,1.216999,0.6384346,0.1214808,-0.008940946,-0.7599761,0,0,0,0,0,0,1,MathCanvas,-0.4149922,0.7170039,4.244044,0.5240661,1.472939,1.223472,-0.1410238,-0.9486558,0.2831338,0.5557011,1.469305,1.23428,-0.1663111,-0.9475383,0.2729685,0.4922533,1.476336,1.212688,-0.1148988,-0.9502711,0.2894531,0.5239772,1.47282,1.223484,23.9593,338.5339,353.4445,0,9,False
2,Center_Dir_Far,175,61.85998,0.5238159,1.472803,1.223412,0.5154521,1.255417,1.216871,0.6390291,0.121074,-0.009118077,-0.7595392,0,0,0,0,0,0,1,MathCanvas,-0.4149922,0.7170039,4.244044,0.5239772,1.47282,1.223484,-0.1407996,-0.9489137,0.28238,0.5555297,1.469304,1.234243,-0.1662851,-0.9474396,0.273327,0.4921021,1.476302,1.212581,-0.1148891,-0.9501463,0.2898667,0.5238159,1.472803,1.223412,23.93627,338.4873,353.4764,0,9,False
2,Center_Dir_Far,176,61.87998,0.523656,1.472808,1.223359,0.5153486,1.255399,1.216813,0.6389984,0.1206001,-0.009223712,-0.7596391,0,0,0,0,0,0,1,MathCanvas,-0.4149922,0.7170039,4.244044,0.5238159,1.472803,1.223412,-0.1407845,-0.9488016,0.2827637,0.5553606,1.469315,1.234219,-0.1664439,-0.947379,0.2734401,0.4919514,1.476302,1.212499,-0.1150622,-0.9500767,0.290026,0.523656,1.472808,1.223359,23.92348,338.4416,353.4877,0,9,False
2,Center_Dir_Far,177,61.89998,0.5233666,1.472749,1.223276,0.5153235,1.255347,1.216799,0.6388289,0.1202917,-0.009161916,-0.7598313,0,0,0,0,0,0,1,MathCanvas,-0.4149922,0.7170039,4.244044,0.5235377,1.472737,1.223341,-0.1369328,-0.9531304,0.2697997,0.5550554,1.469254,1.234181,-0.1628833,-0.9516991,0.2602655,0.4916777,1.476243,1.212371,-0.1115376,-0.9543846,0.2769646,0.5233666,1.472749,1.223276,23.92727,338.3582,353.4856,0,9,False
2,Center_Dir_Far,178,61.91998,0.5230572,1.472946,1.223236,0.515192,1.255226,1.216633,0.6392857,0.121465,-0.008764503,-0.759265,0,0,0,0,0,0,1,ControllerGrabLocation,0.5005981,1.314267,1.268137,0.5233666,1.472749,1.223276,-0.1326369,-0.9579275,0.2545237,0.5547373,1.469455,1.234168,-0.1587193,-0.9560757,0.2464294,0.4913771,1.476436,1.212304,-0.1074004,-0.9587408,0.2632134,0.5230572,1.472946,1.223236,23.82384,338.3261,353.4977,0,9,False
2,Center_Dir_Far,179,61.93998,0.5227291,1.473019,1.223214,0.5150658,1.255183,1.216521,0.6398239,0.1223804,-0.008740743,-0.7586647,0,0,0,0,0,0,1,ControllerGrabLocation,0.5024194,1.323895,1.262839,0.5228814,1.473008,1.223239,-0.1379026,-0.9571571,0.2546235,0.5544,1.469559,1.234182,-0.1633433,-0.9555776,0.2453372,0.4910582,1.47648,1.212246,-0.1120641,-0.9584697,0.2622547,0.5227291,1.473019,1.223214,23.74752,338.2948,353.5574,0,9,False
2,Center_Dir_Far,180,61.95998,0.5225904,1.473041,1.223197,0.5150188,1.255164,1.216485,0.6399895,0.1226531,-0.008788452,-0.7584804,0,0,0,0,0,0,1,ControllerGrabLocation,0.5011579,1.323298,1.263043,0.5227291,1.473019,1.223214,-0.1379009,-0.9570357,0.2550804,0.5542552,1.469597,1.234188,-0.1632234,-0.9554753,0.245815,0.4909256,1.476486,1.212206,-0.1119546,-0.9583418,0.2627681,0.5225904,1.473041,1.223197,23.72116,338.27,353.5886,0,9,False
2,Center_Dir_Far,181,61.97998,0.5223031,1.473358,1.223212,0.5148875,1.255061,1.21641,0.6400155,0.1227845,-0.008982256,-0.7584348,0,0,0,0,0,0,1,ControllerGrabLocation,0.500759,1.321531,1.263579,0.5224748,1.473164,1.223186,-0.1370985,-0.9563519,0.2580603,0.5539438,1.470007,1.234301,-0.1624866,-0.9544417,0.2502781,0.4906625,1.476709,1.212123,-0.1112641,-0.957141,0.2673975,0.5223031,1.473358,1.223212,23.54122,338.1908,353.7729,0,9,False
2,Center_Dir_Far,182,61.99998,0.5221404,1.473479,1.223229,0.5148914,1.255054,1.216415,0.6399574,0.1227555,-0.008950588,-0.758489,0,0,0,0,0,0,1,ControllerGrabLocation,0.5003566,1.320266,1.264522,0.5223031,1.473358,1.223212,-0.136981,-0.9561082,0.259024,0.5537714,1.47014,1.234349,-0.1626288,-0.9544374,0.2502025,0.4905093,1.476817,1.21211,-0.1114157,-0.9571366,0.2673501,0.5221404,1.473479,1.223229,23.47747,338.1523,353.7984,0,9,False
2,Center_Dir_Far,183,62.01998,0.5218291,1.47378,1.22327,0.5147715,1.254781,1.216288,0.6407712,0.1256713,-0.008579217,-0.7573278,0,0,0,0,0,0,1,ControllerGrabLocation,0.4999498,1.318591,1.265191,0.5221404,1.473479,1.223229,-0.1372368,-0.9557973,0.2600342,0.553439,1.470472,1.234459,-0.163243,-0.9536187,0.2529094,0.4902192,1.477088,1.212081,-0.1120621,-0.9562718,0.2701603,0.5218291,1.47378,1.22327,23.30647,338.0717,353.8628,0,9,False
2,Center_Dir_Far,184,62.03998,0.5213257,1.4755,1.223698,0.5144566,1.254534,1.21604,0.6424281,0.1295362,-0.009113688,-0.7552639,0,0,0,0,0,0,1,ControllerGrabLocation,0.4993945,1.317533,1.265779,0.5215682,1.474787,1.223513,-0.1426813,-0.9561018,0.2559519,0.5528874,1.472347,1.235066,-0.1680717,-0.9535847,0.2498561,0.489764,1.478653,1.212329,-0.1170191,-0.9564202,0.2675202,0.5213257,1.4755,1.223698,22.76891,337.9303,354.1747,0,9,False
2,Center_Dir_Far,185,62.05998,0.5210977,1.476193,1.223854,0.5144566,1.254534,1.21604,0.6424281,0.1295362,-0.009113688,-0.7552639,0,0,0,0,0,0,1,ControllerGrabLocation,0.4974065,1.315218,1.266606,0.5213257,1.4755,1.223698,-0.1427643,-0.9550135,0.2599378,0.5526416,1.473095,1.235286,-0.1681304,-0.9526817,0.2532389,0.4895537,1.479291,1.212421,-0.1171062,-0.9554297,0.2709985,0.5210977,1.476193,1.223854,22.57307,337.8782,354.2861,0,9,False
2,Center_Dir_Far,186,62.07998,0.5202781,1.479022,1.224677,0.5141246,1.254394,1.216135,0.641813,0.1286894,-0.009036736,-0.7559323,0,0,0,0,0,0,1,ControllerGrabLocation,0.4974065,1.315218,1.266606,0.5206067,1.477938,1.224383,-0.1438164,-0.9487075,0.2815513,0.5517272,1.476278,1.236456,-0.1693659,-0.9455377,0.2779815,0.488829,1.481767,1.212898,-0.1184911,-0.9477352,0.2962394,0.5202781,1.479022,1.224677,21.13392,337.6569,354.9906,0,9,False
2,Center_Dir_Far,187,62.09998,0.5197917,1.481504,1.225429,0.5140594,1.254284,1.21637,0.6412711,0.1280645,-0.007953641,-0.7565103,0,0,0,0,0,0,1,ControllerGrabLocation,0.4974065,1.315218,1.266606,0.5202781,1.479022,1.224677,-0.1441896,-0.9466422,0.288233,0.5511634,1.479042,1.237473,-0.1710752,-0.9388862,0.2987075,0.48842,1.483967,1.213384,-0.1203206,-0.9406466,0.3173434,0.5197917,1.481504,1.225429,19.91054,337.4757,355.5422,0,9,False
2,Center_Dir_Far,188,62.11998,0.5186504,1.486562,1.226507,0.5139001,1.254,1.216756,0.6412285,0.1285383,-0.005562876,-0.7564873,0,0,0,0,0,0,1,ControllerGrabLocation,0.4974065,1.315218,1.266606,0.5193964,1.483455,1.225962,-0.1474403,-0.9354385,0.321273,0.5499057,1.484514,1.238926,-0.1780879,-0.9235491,0.33962,0.4873951,1.48861,1.214088,-0.1275038,-0.9246801,0.3587611,0.5186504,1.486562,1.226507,17.40122,337.2367,356.3484,0,9,False
2,Center_Dir_Far,189,62.13998,0.5181425,1.488931,1.227002,0.5138659,1.253909,1.216908,0.6411371,0.1288505,-0.00493769,-0.756516,0,0,0,0,0,0,1,ControllerGrabLocation,0.4974065,1.315218,1.266606,0.5186504,1.486562,1.226507,-0.1694237,-0.885471,0.4327085,0.5493388,1.487098,1.239601,-0.1974488,-0.8764023,0.4392415,0.4869461,1.490764,1.214402,-0.1467932,-0.8766834,0.4581246,0.5181425,1.488931,1.227002,16.32866,337.0928,356.7501,0,9,False
2,Center_Dir_Far,190,62.15998,0.5176632,1.491361,1.227508,0.5138659,1.253909,1.216908,0.6411371,0.1288505,-0.00493769,-0.756516,0,0,0,0,0,0,1,ControllerGrabLocation,0.4974065,1.315218,1.266606,0.5181425,1.488931,1.227002,-0.1723794,-0.876543,0.449397,0.5487989,1.489731,1.240284,-0.2005114,-0.8677704,0.4547195,0.4865276,1.49299,1.214732,-0.149944,-0.8677518,0.4738394,0.5176632,1.491361,1.227508,15.31135,336.9297,357.1251,0,9,False
2,Center_Dir_Far,191,62.17998,0.5166161,1.497101,1.227801,0.5138048,1.253366,1.217799,0.6402164,0.1305143,-0.00269302,-0.7570217,0,0,0,0,0,0,1,ControllerGrabLocation,0.4974065,1.315218,1.266606,0.5171977,1.49412,1.227573,-0.1800536,-0.8534601,0.4890671,0.5475725,1.496089,1.241067,-0.2096155,-0.8408906,0.4989633,0.4856597,1.498112,1.214534,-0.1593079,-0.8399611,0.5187354,0.5166161,1.497101,1.227801,12.34601,336.4256,358.2391,0,9,False
2,Center_Dir_Far,192,62.19998,0.5160732,1.499889,1.228116,0.5138048,1.253366,1.217799,0.6402164,0.1305143,-0.00269302,-0.7570217,0,0,0,0,0,0,1,ControllerGrabLocation,0.4974065,1.315218,1.266606,0.5166161,1.497101,1.227801,-0.2980554,-0.5237303,0.798041,0.5469583,1.49913,1.241565,-0.3280766,-0.5058737,0.7977829,0.4851881,1.500648,1.214668,-0.2775244,-0.5055572,0.8169407,0.5160732,1.499889,1.228116,11.16367,336.2155,358.684,0,9,False
2,Center_Dir_Far,193,62.21998,0.5154141,1.504126,1.227741,0.5133528,1.252482,1.219241,0.6390889,0.1348239,-0.001252513,-0.7572228,0,0,0,0,0,0,1,ControllerGrabLocation,0.4974065,1.315218,1.266606,0.5155388,1.502819,1.22843,-0.3082409,-0.486558,0.8174649,0.5461847,1.503825,1.241466,-0.3372734,-0.4672698,0.817255,0.4846435,1.504427,1.214015,-0.286877,-0.4663351,0.8367994,0.5154141,1.504126,1.227741,8.652024,335.8818,359.4821,0,9,False
2,Center_Dir_Far,194,62.23998,0.515175,1.506499,1.227739,0.5132561,1.252334,1.219563,0.638283,0.1349338,-0.001289562,-0.7578827,0,0,0,0,0,0,1,ControllerGrabLocation,0.4974065,1.315218,1.266606,0.5154141,1.504126,1.227741,-0.3658037,-0.1262722,0.9220862,0.5458959,1.506457,1.241579,-0.394209,-0.1066063,0.9128166,0.4844542,1.506541,1.213899,-0.3439873,-0.1064275,0.9329234,0.515175,1.506499,1.227739,7.529927,335.7386,359.928,0,9,False
2,Center_Dir_Far,195,62.25998,0.5147281,1.511325,1.227688,0.5131051,1.251829,1.220405,0.6363255,0.1358887,-0.0006011128,-0.7593575,0,0,0,0,0,0,1,MathCanvas,-0.7174606,1.081005,4.33486,0.5148638,1.50888,1.22773,-0.3733557,-0.08575521,0.9237162,0.5453768,1.511807,1.241679,-0.3991415,-0.06760735,0.9143934,0.4840794,1.510842,1.213697,-0.3490242,-0.06667659,0.9347386,0.5147281,1.511325,1.227688,5.300358,335.5398,0.8241714,0,9,False
2,Center_Dir_Far,196,62.27998,0.5145162,1.513023,1.227419,0.5130378,1.251457,1.22088,0.635636,0.1369661,0.0002405345,-0.7597415,0,0,0,0,0,0,1,MathCanvas,-0.7576187,1.219082,4.375589,0.5147281,1.511325,1.227688,-0.3742214,-0.067142,0.9249056,0.5451546,1.513673,1.241425,-0.3999733,-0.05280156,0.9150046,0.4838778,1.512374,1.213412,-0.3498708,-0.05163671,0.9353738,0.5145162,1.513023,1.227419,4.45472,335.5179,1.108266,0,9,False
2,Center_Dir_Far,197,62.29998,0.5141808,1.515725,1.226748,0.5127599,1.251083,1.221491,0.6348746,0.1377734,0.0008381755,-0.7602316,0,0,0,0,0,0,1,MathCanvas,-0.7674069,1.283024,4.395751,0.5143498,1.514097,1.227012,-0.3378375,0.06731787,0.938794,0.5447857,1.516641,1.240812,-0.3649905,0.08282095,0.9273201,0.4835758,1.514809,1.212683,-0.31425,0.08391073,0.9456247,0.5141808,1.515725,1.226748,3.058279,335.4018,1.560369,0,9,False
2,Center_Dir_Far,198,62.31998,0.5141762,1.516183,1.225977,0.5122693,1.250732,1.222281,0.632248,0.1376571,0.0004194714,-0.7624387,0,0,0,0,0,0,1,MathCanvas,-0.7674069,1.283024,4.395751,0.5141808,1.515725,1.226748,-0.3397432,0.08336568,0.9368163,0.544798,1.517051,1.240008,-0.3638285,0.08462162,0.9276142,0.4835545,1.515315,1.211946,-0.3130662,0.08562562,0.9458635,0.5141762,1.516183,1.225977,2.9501,335.4584,1.477879,0,9,False
2,Center_Dir_Far,199,62.33998,0.5141681,1.51713,1.225737,0.5121133,1.250626,1.222524,0.6312886,0.1379827,0.000343509,-0.7631746,0,0,0,0,0,0,1,MathCanvas,-0.7674069,1.283024,4.395751,0.5141762,1.516183,1.225977,-0.3368941,0.08515695,0.9376837,0.5447779,1.518082,1.239788,-0.3629042,0.09448777,0.9270235,0.4835584,1.516178,1.211685,-0.312133,0.09557277,0.945219,0.5141681,1.51713,1.225737,2.391806,335.4095,1.620822,0,9,False
2,Center_Dir_Far,200,62.35998,0.5140166,1.519786,1.225135,0.5120399,1.250574,1.222621,0.6309154,0.1383409,0.0003405325,-0.7634183,0,0,0,0,0,0,1,MathCanvas,-0.7674069,1.283024,4.395751,0.5141136,1.518057,1.225397,-0.338941,0.07353178,0.9379297,0.5446082,1.520914,1.239213,-0.3644208,0.07862639,0.9279091,0.483425,1.518658,1.211056,-0.3136738,0.08006784,0.946149,0.5140166,1.519786,1.225135,1.41174,335.3352,1.919082,0,9,False
2,Center_Dir_Far,201,62.37998,0.514137,1.520313,1.224985,0.5116889,1.250367,1.222853,0.6312326,0.1406464,0.000851389,-0.7627341,0,0,0,0,0,0,1,MathCanvas,-0.7674069,1.283024,4.395751,0.5140166,1.519786,1.225135,-0.3336317,0.02611514,0.9423417,0.5447614,1.521362,1.238998,-0.3568085,0.02354615,0.9338807,0.4835125,1.519264,1.210972,-0.3059494,0.02511146,0.9517165,0.514137,1.520313,1.224985,1.502475,335.4592,1.785087,0,9,False
2,Center_Dir_Far,202,62.39998,0.5141639,1.521772,1.224493,0.5116383,1.25035,1.222874,0.6313959,0.1407298,0.000954982,-0.7625834,0,0,0,0,0,0,1,MathCanvas,-0.7674069,1.283024,4.395751,0.5141348,1.521167,1.224726,-0.3316342,0.03081341,0.9429047,0.544785,1.522936,1.238504,-0.357045,0.03619451,0.9333856,0.4835429,1.520608,1.210482,-0.3061877,0.03786204,0.9512179,0.5141639,1.521772,1.224493,0.7188926,335.4374,1.980274,1,10,False
2,Center_Dir_Far,203,62.41998,0.513929,1.521357,1.224089,0.5110246,1.250233,1.222878,0.6321974,0.1420675,0.001784142,-0.7616693,0,0,0,0,0,0,1,MathCanvas,-0.7674069,1.283024,4.395751,0.5141639,1.521772,1.224493,-0.3318376,0.03824428,0.942561,0.5445478,1.522368,1.238117,-0.3573091,0.02810743,0.9335632,0.4833102,1.520346,1.210061,-0.3064564,0.02958939,0.9514247,0.513929,1.521357,1.224089,1.236415,335.4222,1.720417,1,10,False
2,Center_Dir_Far,204,62.43998,0.5137869,1.522072,1.22361,0.510898,1.250204,1.222845,0.6320912,0.1424032,0.001911923,-0.7616944,0,0,0,0,0,0,1,MathCanvas,-0.7674069,1.283024,4.395751,0.5138314,1.521721,1.223845,-0.3310587,-0.02491727,0.9432811,0.5443932,1.523041,1.237668,-0.3568815,-0.02351135,0.9338537,0.4831806,1.521102,1.209552,-0.3060517,-0.02184076,0.9517643,0.5137869,1.522072,1.22361,1.064989,335.36,1.649132,1,10,False
2,Center_Dir_Far,205,62.45998,0.5137225,1.522405,1.223358,0.510898,1.250204,1.222845,0.6320912,0.1424032,0.001911923,-0.7616944,0,0,0,0,0,0,1,MathCanvas,-0.6281646,1.436122,4.477357,0.5137869,1.522072,1.22361,-0.3315878,-0.02267607,0.9431518,0.5443248,1.523371,1.237426,-0.35725,-0.02096868,0.9337735,0.4831203,1.52144,1.209291,-0.3064247,-0.01931691,0.951699,0.5137225,1.522405,1.223358,0.9185236,335.3388,1.64243,1,10,False
2,Center_Dir_Far,206,62.47998,0.5137942,1.522921,1.223421,0.5106421,1.250148,1.222847,0.6319699,0.1431933,0.002174828,-0.7616463,0,0,0,0,0,0,1,MathCanvas,-0.6306372,1.444147,4.478319,0.5137225,1.522405,1.223358,-0.3222911,-0.03204463,0.9460981,0.5443731,1.523925,1.237536,-0.3490789,-0.03320166,0.936505,0.4832153,1.521917,1.209306,-0.2981618,-0.03141079,0.9539984,0.5137942,1.522921,1.223421,0.9403031,335.2499,1.707813,1,10,False
2,Center_Dir_Far,207,62.49998,0.5137591,1.52297,1.223086,0.5101328,1.250038,1.222772,0.6326622,0.1448682,0.003227293,-0.7607505,0,0,0,0,0,0,1,MathCanvas,-0.5939019,1.412786,4.475106,0.5138166,1.522896,1.223274,-0.3251244,-0.0322306,0.9451218,0.5442987,1.524019,1.237283,-0.3513855,-0.03686938,0.9355046,0.4832194,1.52192,1.208889,-0.3005189,-0.0349856,0.9531339,0.5137591,1.52297,1.223086,1.157006,335.1041,1.785251,1,10,False
2,Center_Dir_Far,208,62.51998,0.5136968,1.522374,1.222874,0.5100555,1.250016,1.222597,0.6330581,0.1450585,0.003649157,-0.760383,0,0,0,0,0,0,1,MathCanvas,-0.6037633,1.412187,4.471672,0.5137591,1.52297,1.223086,-0.3260715,-0.03592752,0.9446622,0.5442187,1.523319,1.237116,-0.3526389,-0.04188943,0.9348215,0.483175,1.521429,1.208632,-0.3017938,-0.04014613,0.9525276,0.5136968,1.522374,1.222874,1.432254,335.0252,1.60709,1,10,False
2,Center_Dir_Far,209,62.53998,0.5136461,1.521827,1.22252,0.5100175,1.24994,1.222398,0.633357,0.1457209,0.004314442,-0.7600038,0,0,0,0,0,0,1,MathCanvas,-0.6054932,1.399058,4.465281,0.5136685,1.521965,1.222694,-0.3313459,-0.04388595,0.9424882,0.5441438,1.522625,1.236823,-0.3574859,-0.04645753,0.9327623,0.4831484,1.521028,1.208217,-0.3067111,-0.04493123,0.9507416,0.5136461,1.521827,1.22252,1.671602,334.9138,1.358772,0,10,False
2,Center_Dir_Far,210,62.55998,0.5136381,1.52168,1.222358,0.5100086,1.24993,1.222364,0.633459,0.1458976,0.004447133,-0.7598842,0,0,0,0,0,0,1,MathCanvas,-0.6211423,1.371527,4.450339,0.5136461,1.521827,1.22252,-0.3322203,-0.04569438,0.9420943,0.5441244,1.522422,1.236688,-0.3583279,-0.04777647,0.9323725,0.4831518,1.520939,1.208028,-0.3075669,-0.04633478,0.9503976,0.5136381,1.52168,1.222358,1.74046,334.8622,1.261566,0,10,False
2,Center_Dir_Far,211,62.57998,0.5140656,1.521671,1.22243,0.5099033,1.249854,1.221956,0.6351724,0.1469977,0.005394697,-0.7582339,0,0,0,0,0,0,1,MathCanvas,-0.6232966,1.365304,4.446423,0.5138143,1.521672,1.222396,-0.3322659,-0.04675506,0.9420262,0.5445842,1.522335,1.236695,-0.3564092,-0.04821991,0.9330848,0.4835471,1.521007,1.208164,-0.3056065,-0.04690037,0.9510022,0.5140656,1.521671,1.22243,1.756459,334.9818,1.129389,0,10,False
2,Center_Dir_Far,212,62.59998,0.5142264,1.521596,1.222373,0.5098914,1.249854,1.2219,0.6353776,0.1469964,0.005468108,-0.7580617,0,0,0,0,0,0,1,MathCanvas,-0.62249,1.36174,4.444744,0.5140656,1.521671,1.22243,-0.3278031,-0.03602137,0.9440591,0.5447539,1.5222,1.236621,-0.3526058,-0.03817483,0.934993,0.483699,1.520992,1.208124,-0.3017392,-0.03699694,0.9526724,0.5142264,1.521596,1.222373,1.836152,335.0119,1.027074,0,10,False
2,Center_Dir_Far,213,62.61998,0.5151283,1.521078,1.222158,0.510026,1.249815,1.221761,0.6339273,0.1464792,0.005589735,-0.759374,0,0,0,0,0,0,1,MathCanvas,-0.6102009,1.398036,4.460675,0.5143144,1.521525,1.222284,-0.3272646,-0.03881526,0.9441352,0.5457456,1.52158,1.236217,-0.3467664,-0.04180338,0.9370195,0.484511,1.520576,1.208099,-0.2957882,-0.04076775,0.9543832,0.5151283,1.521078,1.222158,2.031797,335.3667,0.854872,0,10,False
2,Center_Dir_Far,214,62.63998,0.5155787,1.521199,1.222218,0.5100459,1.24981,1.221741,0.6337982,0.1465809,0.005665176,-0.7594616,0,0,0,0,0,0,1,MathCanvas,-0.6063455,1.388066,4.457531,0.5151283,1.521078,1.222158,-0.3036562,-0.04047321,0.9519216,0.5462141,1.521688,1.236238,-0.32793,-0.04175991,0.9437786,0.4849434,1.520711,1.208199,-0.2767232,-0.04070493,0.9600872,0.5155787,1.521199,1.222218,2.07286,335.4395,0.8317686,0,10,False
2,Center_Dir_Far,215,62.65998,0.5159041,1.521199,1.222131,0.5100459,1.24981,1.221741,0.6337982,0.1465809,0.005665176,-0.7594616,0,0,0,0,0,0,1,MathCanvas,-0.5225812,1.382827,4.476711,0.5155787,1.521199,1.222218,-0.3024369,-0.04123244,0.9522772,0.5465579,1.521666,1.236111,-0.3267039,-0.04261862,0.9441653,0.4852502,1.520733,1.208151,-0.2754756,-0.04159367,0.9604078,0.5159041,1.521199,1.222131,2.118749,335.5132,0.7939347,0,10,False
2,Center_Dir_Far,216,62.67998,0.5165442,1.521053,1.221959,0.5100759,1.249802,1.22146,0.6341924,0.1485,0.00641717,-0.7587534,0,0,0,0,0,0,1,MathCanvas,-0.5176604,1.380289,4.476495,0.5162287,1.521187,1.222091,-0.2999829,-0.04321069,0.9529654,0.5472295,1.521521,1.23587,-0.3245387,-0.04349668,0.9448718,0.4858589,1.520584,1.208048,-0.273274,-0.04246308,0.9609986,0.5165442,1.521053,1.221959,2.169627,335.6436,0.7970788,0,10,False
2,Center_Dir_Far,217,62.69998,0.5168791,1.521011,1.221893,0.5100759,1.249802,1.22146,0.6341924,0.1485,0.00641717,-0.7587534,0,0,0,0,0,0,1,MathCanvas,-0.5078593,1.373494,4.476215,0.5165442,1.521053,1.221959,-0.2990147,-0.04297988,0.9532801,0.5475817,1.52146,1.235766,-0.3233779,-0.04435975,0.9452295,0.4861766,1.520561,1.20802,-0.2720932,-0.04335069,0.961294,0.5168791,1.521011,1.221893,2.216322,335.7132,0.7650664,0,10,False
2,Center_Dir_Far,218,62.71998,0.5175271,1.521061,1.22166,0.5102184,1.250229,1.221426,0.6337653,0.1499313,0.00761661,-0.7588177,0,0,0,0,0,0,1,MathCanvas,-0.5040696,1.374261,4.47675,0.5172238,1.521062,1.221805,-0.2215461,-0.043895,0.9741614,0.5482644,1.521463,1.235458,-0.246402,-0.04415624,0.9681613,0.4867898,1.52066,1.207863,-0.1946506,-0.04304541,0.9799277,0.5175271,1.521061,1.22166,2.236406,335.8517,0.6830485,0,10,False
2,Center_Dir_Far,219,62.73998,0.5178465,1.521015,1.221554,0.5102238,1.250247,1.221413,0.6337214,0.1499885,0.007693418,-0.7588422,0,0,0,0,0,0,1,MathCanvas,-0.2385967,1.37125,4.546418,0.5175271,1.521061,1.22166,-0.2302812,-0.04379167,0.9721383,0.5485994,1.521404,1.235317,-0.2549839,-0.04480773,0.9659065,0.4870936,1.520626,1.20779,-0.2032368,-0.04373309,0.9781525,0.5178465,1.521015,1.221554,2.260329,335.9155,0.6618952,0,10,False
2,Center_Dir_Far,220,62.75998,0.5184951,1.520804,1.221394,0.5102386,1.250344,1.221293,0.6338545,0.150401,0.008088112,-0.7586452,0,0,0,0,0,0,1,MathCanvas,-0.2678507,1.371602,4.538396,0.5181618,1.520979,1.221487,-0.2281293,-0.04474691,0.972602,0.549263,1.521175,1.235124,-0.2539315,-0.04598824,0.9661283,0.4877272,1.520433,1.207664,-0.202171,-0.04493103,0.978319,0.5184951,1.520804,1.221394,2.323833,335.9768,0.630683,0,10,False
2,Center_Dir_Far,221,62.77998,0.5187107,1.520792,1.22131,0.5103032,1.250437,1.221191,0.6341159,0.1507884,0.008466088,-0.7583457,0,0,0,0,0,0,1,MathCanvas,-0.259694,1.368164,4.53911,0.5184951,1.520804,1.221394,-0.2281326,-0.04545963,0.9725682,0.5494793,1.521138,1.23504,-0.2539074,-0.04693656,0.966089,0.4879421,1.520446,1.207581,-0.2021461,-0.04590874,0.9782788,0.5187107,1.520792,1.22131,2.37217,335.9774,0.58922,0,10,False
2,Center_Dir_Far,222,62.79998,0.518999,1.520738,1.221223,0.5103032,1.250437,1.221191,0.6341159,0.1507884,0.008466088,-0.7583457,0,0,0,0,0,0,1,MathCanvas,-0.2592923,1.365761,4.53807,0.5187107,1.520792,1.22131,-0.2321168,-0.0404348,0.9718471,0.549777,1.521068,1.234932,-0.257265,-0.04158337,0.9654458,0.4882211,1.520409,1.207515,-0.2055032,-0.04064501,0.9778121,0.518999,1.520738,1.221223,2.406495,336.015,0.5607285,0,10,False
2,Center_Dir_Far,223,62.81998,0.5193399,1.520957,1.220834,0.5109124,1.250846,1.220965,0.6348534,0.1522372,0.009986036,-0.7574202,0,0,0,0,0,0,1,MathCanvas,-0.2737508,1.382641,4.540378,0.5191909,1.520725,1.221012,-0.2309315,-0.04163158,0.9720789,0.5500954,1.521225,1.234595,-0.259042,-0.03808432,0.965115,0.4885845,1.520689,1.207074,-0.2072985,-0.03727832,0.9775672,0.5193399,1.520957,1.220834,2.186726,335.913,0.4566279,0,10,False
2,Center_Dir_Far,224,62.83998,0.519549,1.521009,1.220681,0.5110496,1.250902,1.220949,0.6350849,0.1529655,0.01028138,-0.7570754,0,0,0,0,0,0,1,MathCanvas,-0.2691984,1.378802,4.540093,0.5193399,1.520957,1.220834,-0.2448566,-0.03599357,0.968891,0.5502982,1.521277,1.234456,-0.2710744,-0.03582643,0.9618915,0.4887999,1.520742,1.206907,-0.219377,-0.03506643,0.9750097,0.519549,1.521009,1.220681,2.154635,335.8864,0.4552713,0,10,False
2,Center_Dir_Far,225,62.85998,0.5200107,1.521082,1.220432,0.5110496,1.250902,1.220949,0.6350849,0.1529655,0.01028138,-0.7570754,0,0,0,0,0,0,1,MathCanvas,-0.317683,1.397938,4.533586,0.5197867,1.521043,1.220561,-0.2454785,-0.03497186,0.968771,0.550754,1.521326,1.23422,-0.2715353,-0.03487856,0.9617963,0.4892673,1.520837,1.206644,-0.2198428,-0.0341639,0.974937,0.5200107,1.521082,1.220432,2.093984,335.8597,0.4163736,0,10,False
2,Center_Dir_Far,226,62.87998,0.5200937,1.520988,1.220119,0.511587,1.251021,1.220823,0.6365528,0.1594043,0.01151571,-0.7544919,0,0,0,0,0,0,1,MathCanvas,-0.319653,1.40146,4.53413,0.5200107,1.521082,1.220432,-0.2457771,-0.03452124,0.9687114,0.5508317,1.521232,1.233919,-0.2718994,-0.03538435,0.9616749,0.4893557,1.520744,1.206319,-0.220212,-0.03466593,0.9748358,0.5200937,1.520988,1.220119,2.12315,335.8376,0.415393,0,10,False
2,Center_Dir_Far,227,62.89998,0.5203906,1.520961,1.219672,0.5120485,1.251038,1.220642,0.6386943,0.168978,0.01283217,-0.7505674,0,0,0,0,0,0,1,MathCanvas,-0.3206945,1.402893,4.53402,0.5202996,1.520998,1.219962,-0.2463806,-0.03475086,0.9685499,0.5511166,1.521215,1.233499,-0.2727371,-0.03464613,0.9614646,0.4896646,1.520708,1.205846,-0.2210612,-0.03391922,0.9746699,0.5203906,1.520961,1.219672,2.082769,335.7883,0.4316948,0,10,False
2,Center_Dir_Far,228,62.91998,0.5203298,1.521236,1.219383,0.5125822,1.251158,1.220665,0.6425653,0.1887745,0.01676869,-0.7424237,0,0,0,0,0,0,1,MathCanvas,-0.3224696,1.40208,4.533051,0.5203906,1.520961,1.219672,-0.2469873,-0.03428268,0.9684121,0.5510574,1.521533,1.233205,-0.2726077,-0.03220836,0.961586,0.4896021,1.520939,1.205562,-0.2209305,-0.03143411,0.9747829,0.5203298,1.521236,1.219383,1.95245,335.7982,0.5060518,0,10,False
2,Center_Dir_Far,229,62.93998,0.5204756,1.52136,1.218948,0.513199,1.251356,1.220792,0.6426054,0.1999049,0.02154415,-0.7393458,0,0,0,0,0,0,1,MathCanvas,-0.3246977,1.403943,4.53265,0.5204696,1.521288,1.219189,-0.2471538,-0.02528095,0.9686464,0.5512094,1.52166,1.232756,-0.272315,-0.0253263,0.9618748,0.4897418,1.52106,1.20514,-0.2206304,-0.02461156,0.9750469,0.5204756,1.52136,1.218948,1.891282,335.8234,0.5105785,0,10,False
2,Center_Dir_Far,230,62.95998,0.5204774,1.521381,1.218656,0.5139688,1.251303,1.220803,0.6412796,0.2127215,0.03158897,-0.7365543,0,0,0,0,0,0,1,MathCanvas,-0.3276985,1.434602,4.543115,0.5204756,1.52136,1.218948,-0.2470721,-0.02497607,0.9686751,0.5512144,1.521699,1.232456,-0.2725721,-0.0255426,0.9617962,0.4897403,1.521064,1.204855,-0.2208869,-0.02479831,0.9749841,0.5204774,1.521381,1.218656,1.907818,335.8385,0.5406216,0,10,False
2,Center_Dir_Far,231,62.97998,0.520547,1.521433,1.218417,0.5142876,1.251342,1.220801,0.6414447,0.2189455,0.03444713,-0.7344556,0,0,0,0,0,0,1,MathCanvas,-0.3274451,1.435666,4.543035,0.5204774,1.521381,1.218656,-0.2511095,-0.0252451,0.9676294,0.5512841,1.521761,1.232217,-0.2768394,-0.02513667,0.9605874,0.4898098,1.521106,1.204617,-0.2251739,-0.02438622,0.9740134,0.520547,1.521433,1.218417,1.882527,335.8397,0.5573595,0,10,False
2,Center_Dir_Far,232,62.99998,0.5205577,1.521658,1.217893,0.5145591,1.251719,1.220597,0.6389658,0.2458243,0.04317646,-0.7276187,0,0,0,0,0,0,1,MathCanvas,-0.3410555,1.434813,4.538531,0.520614,1.521486,1.218179,-0.2509923,-0.02419742,0.9676866,0.5512869,1.522009,1.23171,-0.277417,-0.02240317,0.9604883,0.4898285,1.521308,1.204076,-0.225759,-0.02164082,0.9739428,0.5205577,1.521658,1.217893,1.729799,335.8072,0.5961572,0,10,False
2,Center_Dir_Far,233,63.01998,0.5204779,1.521859,1.217565,0.5141523,1.25228,1.220466,0.6360192,0.2568155,0.04337637,-0.726391,0,0,0,0,0,0,1,MathCanvas,-0.3410119,1.438597,4.539626,0.5205577,1.521658,1.217893,-0.2519198,-0.02135715,0.9675124,0.5511989,1.522221,1.2314,-0.2782437,-0.01989486,0.9603044,0.4897569,1.521498,1.20373,-0.2265965,-0.0191381,0.9738007,0.5204779,1.521859,1.217565,1.62602,335.7733,0.6153296,0,10,False
2,Center_Dir_Far,234,63.03998,0.5202341,1.522,1.216723,0.5149242,1.252811,1.22075,0.6351958,0.2640841,0.04141496,-0.7246177,0,0,0,0,0,0,1,MathCanvas,-0.345018,1.448485,4.541552,0.5205052,1.521954,1.217312,-0.254638,-0.02274791,0.9667689,0.5509253,1.522379,1.230623,-0.2822023,-0.02335148,0.9590707,0.4895429,1.521622,1.202822,-0.2305932,-0.02253867,0.9727892,0.5202341,1.522,1.216723,1.580052,335.6512,0.6436679,0,10,False
2,Center_Dir_Far,235,63.05998,0.520165,1.522152,1.216407,0.5156142,1.252826,1.220702,0.6387576,0.260915,0.03997255,-0.7227131,0,0,0,0,0,0,1,MathCanvas,-0.3542035,1.443883,4.536648,0.5202341,1.522,1.216723,-0.2564891,-0.02294508,0.9662747,0.5508429,1.522542,1.230336,-0.2831123,-0.02280689,0.9588156,0.4894871,1.521761,1.202477,-0.2315164,-0.02197914,0.9725827,0.520165,1.522152,1.216407,1.551473,335.5972,0.6646883,0,10,False
2,Center_Dir_Far,236,63.07998,0.5200458,1.522443,1.215819,0.5163698,1.253131,1.2208,0.6399627,0.2698119,0.04182187,-0.718262,0,0,0,0,0,0,1,MathCanvas,-0.3603927,1.443379,4.533744,0.5201066,1.522313,1.216128,-0.267781,-0.02270675,0.9632122,0.5507019,1.522873,1.229795,-0.2941708,-0.02226783,0.9554934,0.4893896,1.522014,1.201842,-0.2426544,-0.02139484,0.9698769,0.5200458,1.522443,1.215819,1.434465,335.5098,0.7301843,0,10,False
2,Center_Dir_Far,237,63.09998,0.5198302,1.52278,1.21562,0.517772,1.253248,1.221458,0.6427166,0.2766081,0.04473171,-0.7130234,0,0,0,0,0,0,1,MathCanvas,-0.399018,1.444511,4.521704,0.5200458,1.522443,1.215819,-0.2685087,-0.02183134,0.9630299,0.5504726,1.523258,1.229625,-0.2951054,-0.01938245,0.9552681,0.4891879,1.522302,1.201615,-0.2436032,-0.01845567,0.9696994,0.5198302,1.52278,1.21562,1.278441,335.4555,0.812938,0,10,False
2,Center_Dir_Far,238,63.11998,0.5196746,1.52287,1.215334,0.5187972,1.253361,1.221632,0.6459467,0.2769204,0.04435784,-0.7100002,0,0,0,0,0,0,1,MathCanvas,-0.4019632,1.447833,4.521713,0.5198302,1.52278,1.21562,-0.2694508,-0.01891906,0.9628283,0.5503079,1.523357,1.229359,-0.29575,-0.01737645,0.9551073,0.4890413,1.522383,1.20131,-0.2442569,-0.01645181,0.9695709,0.5196746,1.52287,1.215334,1.164536,335.4178,0.828458,0,10,False
2,Center_Dir_Far,239,63.13998,0.5194092,1.522877,1.214782,0.5196571,1.253232,1.220563,0.6555443,0.2644626,0.04135359,-0.7061241,0,0,0,0,0,0,1,MathCanvas,-0.4062988,1.457855,4.524115,0.5195481,1.523035,1.215064,-0.2741378,-0.01255983,0.9616084,0.5500289,1.523403,1.228835,-0.2999489,-0.01284899,0.9538688,0.4887896,1.522352,1.200729,-0.2484918,-0.01190334,0.9685608,0.5194092,1.522877,1.214782,1.077436,335.364,0.8933227,0,10,False
2,Center_Dir_Far,240,63.15998,0.5193334,1.522911,1.214465,0.5192204,1.253258,1.220192,0.6547333,0.2679847,0.0421114,-0.7055035,0,0,0,0,0,0,1,MathCanvas,-0.4062988,1.457855,4.524115,0.5194092,1.522877,1.214782,-0.2743186,-0.01237617,0.9615592,0.5499469,1.523461,1.22853,-0.30031,-0.01379475,0.953742,0.4887199,1.522361,1.2004,-0.2488597,-0.01280197,0.968455,0.5193334,1.522911,1.214465,1.137334,335.3423,0.9352198,0,10,False
2,Center_Dir_Far,241,63.17998,0.5192093,1.523097,1.213891,0.5191957,1.253649,1.220109,0.6558371,0.2736073,0.03978965,-0.7024483,0,0,0,0,0,0,1,MathCanvas,-0.4062988,1.457855,4.524115,0.519291,1.523029,1.214183,-0.2885147,-0.01311371,0.9573857,0.5498068,1.523697,1.227989,-0.3145946,-0.01308584,0.9491359,0.4886117,1.522496,1.199794,-0.2632674,-0.01202718,0.964648,0.5192093,1.523097,1.213891,1.091092,335.2816,1.021284,0,10,False
2,Center_Dir_Far,242,63.19998,0.5191163,1.523207,1.213591,0.5194451,1.253791,1.220033,0.6571288,0.2755708,0.03971302,-0.7004751,0,0,0,0,0,0,1,MathCanvas,-0.4062988,1.457855,4.524115,0.5192093,1.523097,1.213891,-0.2890353,-0.01255652,0.9572361,0.5497062,1.523832,1.227704,-0.3150876,-0.01273295,0.9489772,0.4885266,1.522582,1.199477,-0.2637691,-0.01163752,0.9645156,0.5191163,1.523207,1.213591,1.075423,335.2521,1.063123,0,10,False
2,Center_Dir_Far,243,63.21998,0.5188215,1.523902,1.213181,0.5185481,1.253813,1.219958,0.6553025,0.2741609,0.03908427,-0.7027708,0,0,0,0,0,0,1,MathCanvas,-0.4062988,1.457855,4.524115,0.5189314,1.523701,1.213435,-0.2977564,-0.02087055,0.9544137,0.5493966,1.524593,1.227323,-0.323779,-0.0202925,0.9459151,0.4882464,1.523211,1.199038,-0.2725538,-0.01904381,0.9619521,0.5188215,1.523902,1.213181,0.8114697,335.1939,1.175546,0,10,False
2,Center_Dir_Far,244,63.23998,0.5187181,1.524106,1.212936,0.5190425,1.25384,1.220022,0.6555172,0.2809407,0.04350705,-0.6996261,0,0,0,0,0,0,1,MathCanvas,-0.5037944,1.452224,4.491024,0.5188215,1.523902,1.213181,-0.2982738,-0.01966816,0.9542777,0.5492847,1.524825,1.227095,-0.3243471,-0.01853103,0.9457566,0.4881516,1.523388,1.198776,-0.2731315,-0.01725139,0.961822,0.5187181,1.524106,1.212936,0.71474,335.1601,1.221467,0,10,False
2,Center_Dir_Far,245,63.25998,0.5184544,1.524079,1.212608,0.5207514,1.253668,1.220223,0.6620942,0.2972593,0.0454152,-0.6864442,0,0,0,0,0,0,1,MathCanvas,-0.5066281,1.456495,4.493362,0.5187181,1.524106,1.212936,-0.2988474,-0.01789121,0.9541332,0.5490161,1.524792,1.226779,-0.3247448,-0.01614694,0.9456638,0.4878927,1.523366,1.198438,-0.2735341,-0.01489194,0.9617469,0.5184544,1.524079,1.212608,0.5765111,335.1371,1.212965,0,10,False
2,Center_Dir_Far,246,63.27998,0.5182633,1.524283,1.212111,0.520712,1.253512,1.21957,0.6656813,0.2923705,0.04531632,-0.6850798,0,0,0,0,0,0,1,MathCanvas,-0.5097932,1.46252,4.495505,0.5183722,1.524173,1.212358,-0.3261066,-0.02188861,0.9450796,0.548817,1.525017,1.226297,-0.3518292,-0.02129618,0.9358219,0.4877095,1.523548,1.197925,-0.3009379,-0.02000292,0.953434,0.5182633,1.524283,1.212111,0.473671,335.1048,1.248665,0,10,False
2,Center_Dir_Far,247,63.29998,0.5182025,1.524418,1.211904,0.5193875,1.25307,1.218646,0.6651543,0.2753794,0.04314336,-0.6927298,0,0,0,0,0,0,1,MathCanvas,-0.6009447,1.44916,4.455654,0.5182633,1.524283,1.212111,-0.3265028,-0.02064956,0.9449707,0.5487505,1.525177,1.226102,-0.3522041,-0.0200626,0.9357082,0.4876546,1.523659,1.197707,-0.30132,-0.01873616,0.953339,0.5182025,1.524418,1.211904,0.4059581,335.082,1.291041,0,10,False
2,Center_Dir_Far,248,63.31998,0.5180293,1.524641,1.211483,0.5187382,1.252886,1.218372,0.6648805,0.2707791,0.0413621,-0.6949114,0,0,0,0,0,0,1,MathCanvas,-0.603185,1.453496,4.457447,0.5181152,1.524533,1.211703,-0.3409891,-0.01960186,0.9398629,0.5485618,1.525441,1.225712,-0.3666364,-0.01904902,0.9301693,0.4874969,1.523842,1.197255,-0.3159623,-0.01767765,0.9486071,0.5180293,1.524641,1.211483,0.2692146,335.0204,1.359683,0,10,False
2,Center_Dir_Far,249,63.33998,0.5178264,1.52472,1.211299,0.5184847,1.252628,1.218724,0.6620927,0.2712939,0.04090591,-0.6973949,0,0,0,0,0,0,1,MathCanvas,-0.6530474,1.457322,4.439304,0.5180293,1.524641,1.211483,-0.3414242,-0.01836333,0.9397299,0.5483569,1.525507,1.225533,-0.3668132,-0.01846233,0.9301114,0.487296,1.523933,1.197065,-0.3161415,-0.01711378,0.9485577,0.5178264,1.52472,1.211299,0.2342431,335.0101,1.338396,0,10,False
2,Center_Dir_Far,250,63.35998,0.5176018,1.524752,1.210969,0.5183274,1.252296,1.218832,0.6599889,0.271285,0.04088017,-0.6993911,0,0,0,0,0,0,1,MathCanvas,-0.6558362,1.461595,4.441668,0.5176975,1.524682,1.211172,-0.3497686,-0.01805954,0.936662,0.5481253,1.525529,1.225218,-0.3752512,-0.01793041,0.9267497,0.4870782,1.523975,1.196721,-0.324712,-0.01660871,0.9456671,0.5176018,1.524752,1.210969,0.1914122,334.9805,1.320975,0,10,False
2,Center_Dir_Far,251,63.37998,0.5175413,1.524603,1.210838,0.5174494,1.251886,1.218346,0.6586722,0.2674437,0.03794238,-0.7022715,0,0,0,0,0,0,1,MathCanvas,-0.6847414,1.462672,4.430781,0.5176018,1.524752,1.210969,-0.3501094,-0.01726957,0.9365496,0.5480713,1.525364,1.225074,-0.3748187,-0.01925679,0.9268982,0.4870113,1.523842,1.196602,-0.3242708,-0.01795482,0.9457939,0.5175413,1.524603,1.210838,0.2661261,335.007,1.294087,0,10,False
2,Center_Dir_Far,252,63.39998,0.517473,1.524433,1.210688,0.5163958,1.251555,1.217958,0.6558195,0.2643541,0.03546893,-0.7062292,0,0,0,0,0,0,1,MathCanvas,-0.6869784,1.465189,4.432952,0.5175298,1.524449,1.210798,-0.3702085,-0.02047446,0.928723,0.5480054,1.525211,1.224918,-0.3952279,-0.02104329,0.9183421,0.4869407,1.523656,1.196458,-0.3450353,-0.0197314,0.9383823,0.517473,1.524433,1.210688,0.3089486,335.0188,1.32261,0,10,False
2,Center_Dir_Far,253,63.41998,0.517406,1.524418,1.210547,0.5163166,1.25152,1.217922,0.6556571,0.2640357,0.03527172,-0.7065089,0,0,0,0,0,0,1,MathCanvas,-0.7538484,1.454123,4.399987,0.517473,1.524433,1.210688,-0.3702673,-0.02038735,0.9287015,0.5479375,1.525199,1.224779,-0.3952873,-0.02098766,0.9183177,0.4868747,1.523638,1.196315,-0.3450962,-0.01967167,0.9383611,0.517406,1.524418,1.210547,0.305894,335.015,1.327149,0,10,False
2,Center_Dir_Far,254,63.43998,0.517334,1.524498,1.210595,0.5166169,1.251588,1.218235,0.6554747,0.2675659,0.03679145,-0.7052715,0,0,0,0,0,0,1,MathCanvas,-0.7548092,1.454369,4.401507,0.517406,1.524418,1.210547,-0.3703275,-0.02032967,0.9286788,0.5478771,1.525252,1.224804,-0.3946061,-0.02032013,0.9186258,0.486791,1.523745,1.196387,-0.3443982,-0.01904905,0.9386303,0.517334,1.524498,1.210595,0.2662761,335.0586,1.281676,0,10,False
2,Center_Dir_Far,255,63.45998,0.5172154,1.524502,1.210534,0.5166079,1.251587,1.218213,0.656208,0.2704054,0.03697181,-0.703495,0,0,0,0,0,0,1,MathCanvas,-0.7553953,1.45463,4.402248,0.5172795,1.524501,1.210607,-0.381754,-0.01982689,0.9240513,0.5477774,1.525218,1.224703,-0.406335,-0.02025338,0.9134997,0.4866535,1.523786,1.196364,-0.3563505,-0.0190582,0.934158,0.5172154,1.524502,1.210534,0.2437329,335.1312,1.217254,0,10,False
2,Center_Dir_Far,256,63.47998,0.5171705,1.524437,1.210527,0.5164008,1.251539,1.218122,0.656285,0.2714253,0.03667026,-0.703046,0,0,0,0,0,0,1,MathCanvas,-0.7945726,1.456372,4.385771,0.5172154,1.524502,1.210534,-0.3814825,-0.01965579,0.924167,0.5477408,1.52514,1.224679,-0.4057998,-0.0209596,0.9137216,0.4866002,1.523734,1.196375,-0.3558031,-0.01978339,0.9343514,0.5171705,1.524437,1.210527,0.2838705,335.1647,1.19543,0,10,False
2,Center_Dir_Far,257,63.49998,0.5170677,1.524137,1.210607,0.5160269,1.251293,1.218083,0.6562964,0.2709534,0.03731847,-0.7031832,0,0,0,0,0,0,1,MathCanvas,-0.7943102,1.456863,4.387677,0.5171394,1.524184,1.210613,-0.3906855,-0.03240861,0.9199535,0.547662,1.52485,1.224706,-0.4148708,-0.03320121,0.9092743,0.4864734,1.523423,1.196507,-0.3650692,-0.03200107,0.9304303,0.5170677,1.524137,1.210607,0.4270764,335.2661,1.213731,0,10,False
2,Center_Dir_Far,258,63.51998,0.5170026,1.524089,1.210588,0.5160114,1.251267,1.218095,0.6563473,0.2710201,0.03741588,-0.7031049,0,0,0,0,0,0,1,MathCanvas,-0.8198811,1.413233,4.358742,0.5170677,1.524137,1.210607,-0.3901136,-0.03260114,0.9201894,0.5476035,1.524796,1.224674,-0.4144446,-0.03358362,0.9094547,0.4864016,1.523382,1.196503,-0.364633,-0.03239345,0.9305876,0.5170026,1.524089,1.210588,0.4489585,335.2929,1.202503,0,10,False
2,Center_Dir_Far,259,63.53998,0.5167553,1.524242,1.210577,0.5156543,1.251207,1.218111,0.6576775,0.2719451,0.03808095,-0.701467,0,0,0,0,0,0,1,MathCanvas,-0.8184192,1.41249,4.360545,0.5168677,1.524184,1.210588,-0.3896753,-0.03265843,0.9203731,0.547358,1.524929,1.22466,-0.4143905,-0.03312138,0.9094963,0.4861526,1.523555,1.196495,-0.364576,-0.0319641,0.9306248,0.5167553,1.524242,1.210577,0.422336,335.2976,1.168467,0,10,False
2,Center_Dir_Far,260,63.55998,0.5166777,1.524224,1.210572,0.5156543,1.251207,1.218111,0.6576775,0.2719451,0.03808095,-0.701467,0,0,0,0,0,0,1,MathCanvas,-0.8173781,1.412429,4.361664,0.5167553,1.524242,1.210577,-0.3896264,-0.03254275,0.9203979,0.5472851,1.524904,1.224645,-0.414098,-0.03326372,0.9096243,0.4860704,1.523543,1.196499,-0.3642766,-0.03211706,0.9307368,0.5166777,1.524224,1.210572,0.4304547,335.3162,1.156972,0,10,False
2,Center_Dir_Far,261,63.57998,0.5164955,1.524339,1.210506,0.5150751,1.251297,1.218304,0.6564829,0.2710689,0.03719701,-0.702971,0,0,0,0,0,0,1,MathCanvas,-0.8177906,1.412766,4.362929,0.5166023,1.524231,1.21056,-0.397835,-0.03303053,0.9168622,0.5470878,1.525093,1.224608,-0.4234309,-0.03265609,0.9053396,0.4859032,1.523586,1.196404,-0.3738202,-0.03140922,0.9269692,0.5164955,1.524339,1.210506,0.4140028,335.2613,1.281336,0,10,False
2,Center_Dir_Far,262,63.59998,0.5163738,1.524419,1.210464,0.5148739,1.251269,1.218582,0.6551768,0.2708524,0.03672181,-0.7042968,0,0,0,0,0,0,1,MathCanvas,-0.8454729,1.411261,4.349338,0.5164955,1.524339,1.210506,-0.3987738,-0.03203167,0.9164897,0.5469609,1.525203,1.224576,-0.423715,-0.03207302,0.9052275,0.4857866,1.523635,1.196353,-0.3741123,-0.03077765,0.9268726,0.5163738,1.524419,1.210464,0.3803383,335.2426,1.33339,0,10,False
2,Center_Dir_Far,263,63.61998,0.5162831,1.524454,1.210442,0.5148739,1.251269,1.218582,0.6551768,0.2708524,0.03672181,-0.7042968,0,0,0,0,0,0,1,MathCanvas,-0.8495773,1.414698,4.349788,0.5163738,1.524419,1.210464,-0.3990607,-0.03142536,0.9163858,0.5468678,1.525257,1.224558,-0.4238358,-0.03185365,0.9051787,0.4856984,1.523651,1.196327,-0.3742369,-0.03052814,0.9268305,0.5162831,1.524454,1.210442,0.3675794,335.2343,1.365561,0,10,False
2,Center_Dir_Far,264,63.63998,0.5158308,1.524918,1.210234,0.5145239,1.251117,1.21886,0.65457,0.2714429,0.03582968,-0.7046795,0,0,0,0,0,0,1,MathCanvas,-0.851074,1.416777,4.350382,0.5160652,1.524628,1.210348,-0.4008637,-0.0290537,0.9156769,0.5463318,1.526,1.224511,-0.4286623,-0.02743627,0.9030481,0.4853298,1.523836,1.195957,-0.3791922,-0.02566769,0.9249619,0.5158308,1.524918,1.210234,0.1117259,334.9199,1.840086,0,10,False
2,Center_Dir_Far,265,63.65998,0.5156925,1.525045,1.210179,0.5145239,1.251117,1.21886,0.65457,0.2714429,0.03582968,-0.7046795,0,0,0,0,0,0,1,MathCanvas,-0.8588833,1.425282,4.350439,0.5158308,1.524918,1.210234,-0.4145964,-0.02712576,0.909601,0.5461719,1.526202,1.224496,-0.4402616,-0.0269038,0.8974664,0.485213,1.523888,1.195861,-0.391073,-0.02503162,0.9200193,0.5156925,1.525045,1.210179,0.04661151,334.8403,1.967676,0,10,False
2,Center_Dir_Far,266,63.67998,0.5146136,1.525848,1.209756,0.5143869,1.251128,1.219365,0.6546369,0.2704515,0.03612997,-0.7049831,0,0,0,0,0,0,1,MathCanvas,-0.9063443,1.432006,4.330046,0.5148892,1.525671,1.209833,-0.421535,-0.02192263,0.9065471,0.54494,1.527165,1.224381,-0.4495819,-0.02042127,0.8930056,0.4842872,1.524532,1.195131,-0.4006348,-0.01829593,0.9160552,0.5146136,1.525848,1.209756,359.6704,334.2409,2.239295,0,10,False
2,Center_Dir_Far,267,63.69998,0.5144148,1.526192,1.20966,0.5143187,1.251134,1.219513,0.6545946,0.2702465,0.03605886,-0.7051046,0,0,0,0,0,0,1,MathCanvas,-0.9335069,1.450536,4.324062,0.5146136,1.525848,1.209756,-0.4233687,-0.01632352,0.9058104,0.5446882,1.527584,1.224388,-0.4508615,-0.01468822,0.892473,0.4841415,1.524801,1.194932,-0.4019473,-0.01244387,0.9155782,0.5144148,1.526192,1.20966,359.5139,334.0372,2.366706,0,10,False
2,Center_Dir_Far,268,63.71998,0.5139865,1.526842,1.209559,0.514093,1.251067,1.219856,0.6550778,0.2698122,0.03578439,-0.7048361,0,0,0,0,0,0,1,MathCanvas,-0.9429412,1.470002,4.327718,0.514191,1.526468,1.20959,-0.4294583,-0.01122937,0.9030169,0.5441718,1.528303,1.22446,-0.4562482,-0.008285035,0.8898139,0.4838011,1.525381,1.194658,-0.407472,-0.005932931,0.9131984,0.5139865,1.526842,1.209559,359.1453,333.6902,2.48528,0,10,False
2,Center_Dir_Far,269,63.73998,0.513828,1.527006,1.209558,0.5139062,1.250942,1.220103,0.6566093,0.2687685,0.03560923,-0.703818,0,0,0,0,0,0,1,MathCanvas,-0.9429412,1.470002,4.327718,0.5139865,1.526842,1.209559,-0.4311051,-0.007065063,0.9022741,0.5439878,1.528396,1.224517,-0.4571559,-0.005499879,0.8893696,0.4836682,1.525616,1.194599,-0.4083964,-0.003263243,0.9127988,0.513828,1.527006,1.209558,358.9898,333.577,2.364611,0,10,False
2,Center_Dir_Far,270,63.75998,0.5136464,1.52726,1.209531,0.5139062,1.250942,1.220103,0.6566093,0.2687685,0.03560923,-0.703818,0,0,0,0,0,0,1,MathCanvas,-0.9429412,1.470002,4.327718,0.513828,1.527006,1.209558,-0.4329351,-0.004381567,0.9014145,0.5437655,1.528669,1.22457,-0.4596274,-0.002792038,0.8881074,0.4835273,1.525851,1.194492,-0.4109316,-0.000526648,0.911666,0.5136464,1.52726,1.209531,358.8342,333.4172,2.397146,0,10,False
2,Center_Dir_Far,271,63.77998,0.5134163,1.527569,1.209643,0.5132896,1.250383,1.220493,0.6614705,0.2608502,0.03479445,-0.7022845,0,0,0,0,0,0,1,MathCanvas,-0.9429412,1.470002,4.327718,0.5134661,1.527514,1.209506,0.4379501,-0.001074227,-0.8989987,0.5435123,1.528667,1.224754,-0.4617326,0.001274433,0.8870183,0.4833204,1.52647,1.194532,-0.4130724,0.003038527,0.9106931,0.5134163,1.527569,1.209643,358.6085,333.2936,1.869117,0,10,False
2,Center_Dir_Far,272,63.79998,0.513243,1.527814,1.20961,0.5129744,1.250117,1.220475,0.6626815,0.2580199,0.03443563,-0.7022061,0,0,0,0,0,0,1,MathCanvas,-0.9429412,1.470002,4.327718,0.5134163,1.527569,1.209643,-0.4342785,0.001974884,0.9007764,0.5433331,1.528747,1.224744,-0.4591188,0.002171207,0.8883722,0.4831529,1.52688,1.194477,-0.4103842,0.003668221,0.9119054,0.513243,1.527814,1.20961,358.5496,333.2596,1.587487,0,10,False
2,Center_Dir_Far,273,63.81998,0.5130816,1.527943,1.209658,0.5125577,1.249518,1.2201,0.6669309,0.2516988,0.03487069,-0.7004535,0,0,0,0,0,0,1,MathCanvas,-0.9429412,1.470002,4.327718,0.5131237,1.527979,1.209634,-0.4340417,-0.006030886,0.9008726,0.5431815,1.528526,1.22479,-0.457173,-0.006701689,0.8893526,0.4829818,1.527361,1.194526,-0.4083817,-0.00575895,0.9127932,0.5130816,1.527943,1.209658,358.4792,333.2837,0.9915371,0,10,False
2,Center_Dir_Far,274,63.83998,0.5130041,1.52806,1.209694,0.5124022,1.249328,1.220001,0.6687658,0.2493008,0.03503525,-0.6995527,0,0,0,0,0,0,1,MathCanvas,-0.9429412,1.470002,4.327718,0.5130816,1.527943,1.209658,-0.4251299,-0.02108727,0.9048867,0.5430994,1.528504,1.22484,-0.4499437,-0.02033963,0.8928252,0.4829087,1.527616,1.194548,-0.400976,-0.01959766,0.915879,0.5130041,1.52806,1.209694,358.4087,333.2648,0.7554058,0,10,False
2,Center_Dir_Far,275,63.85998,0.5128421,1.528309,1.209774,0.5120788,1.24898,1.219852,0.6721805,0.2446992,0.03527227,-0.6978908,0,0,0,0,0,0,1,MathCanvas,-0.9488079,1.455551,4.321154,0.5129107,1.52819,1.209725,-0.4261329,-0.01877639,0.9044657,0.5429238,1.52848,1.224952,-0.4509304,-0.01772364,0.8923831,0.4827603,1.528139,1.194596,-0.4019796,-0.01742257,0.9154828,0.5128421,1.528309,1.209774,358.2617,333.2172,0.2900409,0,10,False
2,Center_Dir_Far,276,63.87998,0.5130985,1.528294,1.209993,0.5121444,1.249238,1.219244,0.6759004,0.2409439,0.03615691,-0.6955554,0,0,0,0,0,0,1,MathCanvas,-0.9535472,1.463697,4.32218,0.5128421,1.528309,1.209774,-0.4267388,-0.0176212,0.9042032,0.5432056,1.528426,1.225121,-0.4495959,-0.01770701,0.8930566,0.4829915,1.528162,1.194864,-0.4006099,-0.01747011,0.9160821,0.5130985,1.528294,1.209993,358.2581,333.3141,0.2243113,0,10,False
2,Center_Dir_Far,277,63.89998,0.5130761,1.528393,1.210062,0.5120086,1.249115,1.219126,0.6776759,0.2384939,0.03630793,-0.6946638,0,0,0,0,0,0,1,MathCanvas,-0.9559935,1.467632,4.322805,0.5130985,1.528294,1.209993,-0.421937,-0.01757718,0.9064548,0.5431815,1.528408,1.225195,-0.4464838,-0.01672109,0.8946356,0.4829706,1.528378,1.19493,-0.397421,-0.01666971,0.9174849,0.5130761,1.528393,1.210062,358.2015,333.3133,0.02578434,0,10,False
2,Center_Dir_Far,278,63.91998,0.5133224,1.528556,1.210295,0.5123717,1.249249,1.218509,0.6796904,0.2368624,0.03818792,-0.6931514,0,0,0,0,0,0,1,MathCanvas,-0.9399285,1.467863,4.331579,0.5132812,1.528386,1.210188,-0.4193108,-0.01749532,0.9076741,0.543498,1.528527,1.225287,-0.4423287,-0.0165116,0.896701,0.4831467,1.528585,1.195304,-0.39316,-0.01653166,0.9193214,0.5133224,1.528556,1.210295,358.1893,333.5829,359.9504,0,10,False
2,Center_Dir_Far,279,63.93998,0.5133885,1.528718,1.210411,0.512315,1.249314,1.218157,0.6812959,0.2342276,0.03697437,-0.6925361,0,0,0,0,0,0,1,MathCanvas,-0.9309443,1.468295,4.336672,0.5133224,1.528556,1.210295,-0.4140611,-0.02186401,0.9099864,0.5435849,1.528657,1.225361,-0.4373191,-0.02091657,0.8990632,0.4831921,1.528779,1.195461,-0.3880319,-0.02096594,0.9214075,0.5133885,1.528718,1.210411,358.1345,333.664,359.8957,0,10,False
2,Center_Dir_Far,280,63.95998,0.5136878,1.528976,1.210681,0.5121561,1.249379,1.217765,0.6838579,0.2260008,0.03499127,-0.6928475,0,0,0,0,0,0,1,MathCanvas,-0.9111804,1.453496,4.341201,0.5134521,1.528824,1.210506,-0.4119534,-0.02021442,0.9109807,0.5439407,1.528906,1.225516,-0.4339837,-0.01952253,0.9007093,0.483435,1.529046,1.195846,-0.3846135,-0.0195994,0.9228696,0.5136878,1.528976,1.210681,358.0541,333.8822,359.8805,0,10,False
2,Center_Dir_Far,281,63.97998,0.5139076,1.528987,1.210809,0.5120533,1.249364,1.217987,0.6819399,0.2233074,0.03490648,-0.69561,0,0,0,0,0,0,1,MathCanvas,-0.9046482,1.459379,4.347145,0.5136878,1.528976,1.210681,-0.4094485,-0.01956097,0.9121235,0.544201,1.528923,1.225561,-0.4315056,-0.02007243,0.9018869,0.4836141,1.529051,1.196057,-0.3820751,-0.02013774,0.9239119,0.5139076,1.528987,1.210809,358.0857,334.0388,359.8917,0,10,False
2,Center_Dir_Far,282,63.99998,0.5142269,1.529101,1.21104,0.5118825,1.249304,1.217823,0.6825585,0.2194122,0.03440599,-0.6962675,0,0,0,0,0,0,1,MathCanvas,-0.8963642,1.461613,4.352455,0.5140361,1.529075,1.210925,-0.4067921,-0.01971634,0.913308,0.5445748,1.528997,1.225679,-0.4296315,-0.02005551,0.9027815,0.4838789,1.529205,1.1964,-0.3801523,-0.02018729,0.9247035,0.5142269,1.529101,1.21104,358.0845,334.254,359.8231,0,10,False
2,Center_Dir_Far,283,64.01997,0.5145033,1.528962,1.21111,0.5114053,1.249095,1.218332,0.675473,0.2296885,0.03333027,-0.6999061,0,0,0,0,0,0,1,MathCanvas,-0.8870653,1.461184,4.357147,0.5142269,1.529101,1.21104,-0.4093414,-0.02273922,0.9120979,0.5448918,1.528901,1.225665,-0.4313466,-0.02382803,0.9018716,0.4841148,1.529024,1.196554,-0.3819029,-0.02389076,0.9238935,0.5145033,1.528962,1.21111,358.1508,334.4104,359.8958,0,10,False
2,Center_Dir_Far,284,64.03998,0.5148067,1.52905,1.211354,0.5112243,1.248948,1.218453,0.6735305,0.2311975,0.03310117,-0.7012908,0,0,0,0,0,0,1,MathCanvas,-0.893753,1.450733,4.348998,0.5146483,1.529012,1.211242,-0.4066677,-0.0219022,0.9133136,0.5452539,1.528983,1.225786,-0.4294329,-0.0218148,0.9028352,0.4843596,1.529116,1.196922,-0.3799396,-0.02189137,0.9247523,0.5148067,1.52905,1.211354,358.1328,334.6426,359.8866,0,10,False
2,Center_Dir_Far,285,64.05997,0.5149584,1.529091,1.211474,0.5111764,1.248898,1.218502,0.6729175,0.2318046,0.03306884,-0.7016802,0,0,0,0,0,0,1,MathCanvas,-0.8848366,1.453668,4.354739,0.5148067,1.52905,1.211354,-0.4048343,-0.02185309,0.9141289,0.5454348,1.529027,1.225845,-0.427597,-0.0217506,0.9037078,0.4844819,1.529156,1.197104,-0.3780594,-0.02182374,0.9255241,0.5149584,1.529091,1.211474,358.1292,334.7589,359.8904,0,10,False
2,Center_Dir_Far,286,64.07998,0.5149714,1.52898,1.211676,0.5109487,1.248717,1.218846,0.6691152,0.2378682,0.03297091,-0.7032899,0,0,0,0,0,0,1,MathCanvas,-0.878427,1.453876,4.357784,0.5149584,1.529091,1.211474,-0.4044541,-0.02348281,0.9142568,0.5454652,1.528918,1.22601,-0.4279523,-0.02476257,0.9034621,0.4844776,1.529043,1.197343,-0.3784219,-0.02483048,0.9253002,0.5149714,1.52898,1.211676,358.2046,334.8279,359.8938,0,10,False
2,Center_Dir_Far,287,64.09998,0.5152045,1.528924,1.211935,0.5108979,1.248724,1.21886,0.6686894,0.2386767,0.03278138,-0.7034297,0,0,0,0,0,0,1,MathCanvas,-0.8762155,1.448207,4.356415,0.5150975,1.528983,1.211807,-0.4016581,-0.02509926,0.9154457,0.5457501,1.528855,1.226157,-0.4246641,-0.02580273,0.9049832,0.4846588,1.528993,1.197712,-0.3750548,-0.02587981,0.9266413,0.5152045,1.528924,1.211935,358.2642,335.0362,359.8826,0,10,False
2,Center_Dir_Far,288,64.11998,0.5150621,1.528652,1.212022,0.5107634,1.248913,1.218988,0.6644616,0.24447,0.03179948,-0.7054886,0,0,0,0,0,0,1,MathCanvas,-0.8657781,1.442627,4.359425,0.5152045,1.528924,1.211935,-0.4000123,-0.0250447,0.9161675,0.545618,1.528577,1.226222,-0.4239934,-0.02771899,0.905241,0.4845062,1.528726,1.197822,-0.3743684,-0.02780277,0.9268632,0.5150621,1.528652,1.212022,358.4198,335.0777,359.8729,0,10,False
2,Center_Dir_Far,289,64.13998,0.5150472,1.52848,1.21221,0.5108966,1.249142,1.219288,0.6618707,0.2506895,0.03189179,-0.7057372,0,0,0,0,0,0,1,MathCanvas,-0.8603149,1.44254,4.362114,0.515003,1.528565,1.212112,-0.3999481,-0.02963174,0.9160587,0.5456396,1.528423,1.226332,-0.4233525,-0.03055315,0.9054496,0.4844548,1.528537,1.198089,-0.373711,-0.03060775,0.92704,0.5150472,1.52848,1.21221,358.5306,335.2241,359.9033,0,10,False
2,Center_Dir_Far,290,64.15998,0.515074,1.528387,1.212301,0.5108765,1.249155,1.219371,0.6605539,0.2527374,0.03173588,-0.7062473,0,0,0,0,0,0,1,MathCanvas,-0.8578646,1.426763,4.356787,0.5150472,1.52848,1.21221,-0.3986778,-0.03058045,0.916581,0.5456839,1.528332,1.226385,-0.4222205,-0.03142974,0.905948,0.4844641,1.528442,1.198217,-0.3725522,-0.03148072,0.9274771,0.515074,1.528387,1.212301,358.5808,335.2949,359.906,0,10,False
2,Center_Dir_Far,291,64.17998,0.5148019,1.528107,1.21228,0.5109947,1.249444,1.219388,0.6649497,0.2413036,0.03202443,-0.7061084,0,0,0,0,0,0,1,MathCanvas,-0.8531369,1.423439,4.357889,0.5149444,1.528283,1.212308,-0.4029473,-0.03191471,0.9146665,0.545413,1.528115,1.226361,-0.427605,-0.03388195,0.9033305,0.4841909,1.528099,1.198199,-0.378062,-0.03383982,0.9251617,0.5148019,1.528107,1.21228,358.7731,335.297,0.01332582,0,10,False
2,Center_Dir_Far,292,64.19997,0.5147782,1.527997,1.212336,0.5109947,1.249444,1.219388,0.6649497,0.2413036,0.03202443,-0.7061084,0,0,0,0,0,0,1,MathCanvas,-0.8669068,1.418671,4.348677,0.5148019,1.528107,1.21228,-0.4013694,-0.02570364,0.9155555,0.545401,1.528018,1.226392,-0.4252385,-0.02696187,0.9046797,0.4841554,1.527975,1.19828,-0.3756381,-0.02690069,0.9263759,0.5147782,1.527997,1.212336,358.8439,335.3441,0.037003,0,10,False
2,Center_Dir_Far,293,64.21998,0.5145203,1.52769,1.212214,0.5108756,1.249527,1.219661,0.6628463,0.2414224,0.03236074,-0.7080275,0,0,0,0,0,0,1,MathCanvas,-0.8644714,1.43967,4.358514,0.5147782,1.527997,1.212336,-0.4005849,-0.02693129,0.9158638,0.5451138,1.527745,1.226333,-0.4270714,-0.02851785,0.9037681,0.4839269,1.527636,1.198094,-0.3775163,-0.0284029,0.9255672,0.5145203,1.52769,1.212214,358.9326,335.2242,0.09233294,0,10,False
2,Center_Dir_Far,294,64.23997,0.5141901,1.527533,1.212114,0.510924,1.249491,1.219697,0.6624708,0.2409236,0.0320522,-0.7085627,0,0,0,0,0,0,1,MathCanvas,-0.8614776,1.435182,4.358181,0.5143389,1.527579,1.212181,-0.4034493,-0.02847538,0.9145588,0.5447564,1.527633,1.226292,-0.4288123,-0.02900146,0.902928,0.4836239,1.527433,1.197936,-0.3793005,-0.02881328,0.9248248,0.5141901,1.527533,1.212114,358.9672,335.1132,0.1700144,0,10,False
2,Center_Dir_Far,295,64.25998,0.5140591,1.527454,1.212058,0.510924,1.249491,1.219697,0.6624708,0.2409236,0.0320522,-0.7085627,0,0,0,0,0,0,1,MathCanvas,-0.8705878,1.429796,4.351196,0.5141901,1.527533,1.212114,-0.4041496,-0.02903823,0.9142319,0.5446184,1.527576,1.226251,-0.4291762,-0.02974354,0.9027309,0.4834999,1.527331,1.197865,-0.3796741,-0.029518,0.9246492,0.5140591,1.527454,1.212058,359.0018,335.0843,0.2081798,0,10,False
2,Center_Dir_Far,296,64.27998,0.5135908,1.527652,1.211701,0.5110765,1.249729,1.219837,0.6642877,0.2410019,0.03149552,-0.7068579,0,0,0,0,0,0,1,MathCanvas,-0.8727483,1.427812,4.349173,0.5138089,1.527561,1.21187,-0.4064817,-0.02882356,0.9132041,0.5440945,1.527826,1.226012,-0.4326553,-0.02857407,0.9011065,0.4830871,1.527478,1.19739,-0.3832389,-0.02826676,0.9232166,0.5135908,1.527652,1.211701,358.934,334.86,0.2959523,0,10,False
2,Center_Dir_Far,297,64.29998,0.5133915,1.527727,1.211567,0.5111478,1.249931,1.21993,0.6648057,0.241105,0.03192022,-0.7063164,0,0,0,0,0,0,1,MathCanvas,-0.8811415,1.428752,4.345114,0.5135908,1.527652,1.211701,-0.4078529,-0.03628684,0.9123263,0.543874,1.527932,1.225923,-0.4337187,-0.03587059,0.9003341,0.482909,1.527523,1.197211,-0.384333,-0.03550703,0.9225115,0.5133915,1.527727,1.211567,358.9007,334.7747,0.3477651,0,10,False
2,Center_Dir_Far,298,64.31998,0.5129867,1.527692,1.211428,0.5114075,1.250373,1.220348,0.6633256,0.2420138,0.0332888,-0.7073333,0,0,0,0,0,0,1,MathCanvas,-0.8824168,1.403542,4.333851,0.5132223,1.527728,1.211465,-0.408702,-0.03566359,0.9119709,0.5434422,1.527925,1.225841,-0.4338627,-0.03606325,0.900257,0.4825312,1.527458,1.197015,-0.3844833,-0.03564914,0.9224433,0.5129867,1.527692,1.211428,358.9119,334.6672,0.3976886,0,10,False
2,Center_Dir_Far,299,64.33997,0.5128273,1.52769,1.211318,0.5114075,1.250373,1.220348,0.6633256,0.2420138,0.0332888,-0.7073333,0,0,0,0,0,0,1,MathCanvas,-0.8858451,1.405629,4.332758,0.5129867,1.527692,1.211428,-0.4099201,-0.02904896,0.9116587,0.5432681,1.527941,1.225761,-0.4353501,-0.02936807,0.8997821,0.4823865,1.52744,1.196874,-0.3860039,-0.02893504,0.9220433,0.5128273,1.52769,1.211318,358.9183,334.6087,0.4261379,0,10,False
2,Center_Dir_Far,300,64.35998,0.5125867,1.527785,1.211092,0.5110872,1.250738,1.220546,0.6611817,0.2430397,0.03390119,-0.7089579,0,0,0,0,0,0,1,MathCanvas,-0.8930471,1.428063,4.33797,0.5126764,1.527694,1.211201,-0.4111517,-0.02868815,0.9111154,0.5430089,1.528093,1.225573,-0.436026,-0.02836887,0.8994868,0.4821645,1.527476,1.19661,-0.3866982,-0.02782372,0.9217864,0.5125867,1.527785,1.211092,358.8886,334.5345,0.5240613,0,10,False
2,Center_Dir_Far,301,64.37997,0.5125364,1.527955,1.211044,0.5109307,1.251194,1.221291,0.6564961,0.2400028,0.04083901,-0.7139634,0,0,0,0,0,0,1,MathCanvas,-0.8976359,1.429386,4.336156,0.5125867,1.527785,1.211092,-0.4102969,-0.02578003,0.9115876,0.5429552,1.528282,1.225532,-0.4350339,-0.02496943,0.9000677,0.4821176,1.527629,1.196555,-0.385682,-0.02441599,0.9223086,0.5125364,1.527955,1.211044,358.8269,334.5205,0.5558702,0,10,False
2,Center_Dir_Far,302,64.39998,0.5124127,1.528007,1.210948,0.5109304,1.251195,1.221292,0.6564855,0.2399995,0.04085131,-0.7139735,0,0,0,0,0,0,1,MathCanvas,-0.8961417,1.439444,4.340811,0.5125364,1.527955,1.211044,-0.410509,-0.0246927,0.9115222,0.5428208,1.528356,1.225458,-0.4356796,-0.02465144,0.8997642,0.4820046,1.527658,1.196437,-0.3863441,-0.02406298,0.9220408,0.5124127,1.528007,1.210948,358.8085,334.4779,0.5933354,0,10,False
2,Center_Dir_Far,303,64.41998,0.512261,1.52806,1.210988,0.5107663,1.252114,1.222341,0.6467335,0.2411363,0.04695728,-0.7220694,0,0,0,0,0,0,1,MathCanvas,-0.897457,1.443201,4.341518,0.5123436,1.528117,1.210913,-0.401343,-0.02324648,0.9156328,0.5426887,1.5284,1.225458,-0.4253226,-0.0232744,0.9047425,0.4818334,1.52772,1.196519,-0.3757473,-0.02268932,0.9264444,0.512261,1.52806,1.210988,358.7353,334.5546,0.5780892,0,10,False
2,Center_Dir_Far,304,64.43998,0.5121859,1.52807,1.210973,0.5107958,1.252324,1.222298,0.6461825,0.2414246,0.04909246,-0.7223243,0,0,0,0,0,0,1,MathCanvas,-0.867492,1.448142,4.358788,0.512261,1.52806,1.210988,-0.4005501,-0.0229922,0.9159863,0.5426182,1.528406,1.225433,-0.4249106,-0.02318121,0.9049384,0.4817536,1.527735,1.196513,-0.3753256,-0.02260347,0.9266174,0.5121859,1.52807,1.210973,358.7293,334.5728,0.57028,0,10,False
2,Center_Dir_Far,305,64.45998,0.5120862,1.528048,1.210961,0.5117831,1.252411,1.222629,0.64474,0.2343644,0.05608475,-0.7254228,0,0,0,0,0,0,1,MathCanvas,-0.8649588,1.44902,4.360256,0.5121422,1.528069,1.210972,-0.3997449,-0.0228111,0.9163426,0.5425349,1.528369,1.225386,-0.4238992,-0.02298606,0.9054177,0.4816375,1.527726,1.196535,-0.3742895,-0.02243013,0.9270406,0.5120862,1.528048,1.210961,358.718,334.638,0.5475246,0,10,False
2,Center_Dir_Far,306,64.47998,0.512016,1.528064,1.210931,0.5119114,1.252578,1.222798,0.6433409,0.233357,0.05825213,-0.7268175,0,0,0,0,0,0,1,MathCanvas,-0.862462,1.44961,4.361863,0.5120862,1.528048,1.210961,-0.3992866,-0.02729274,0.9164199,0.5424687,1.528386,1.225348,-0.423697,-0.02736034,0.9053907,0.4815633,1.527742,1.196514,-0.3740843,-0.02679622,0.9270074,0.512016,1.528064,1.210931,358.7057,334.6537,0.5485731,0,10,False
2,Center_Dir_Far,307,64.49998,0.5119157,1.527983,1.211057,0.5119781,1.252276,1.222842,0.6450448,0.2322555,0.05217916,-0.7261212,0,0,0,0,0,0,1,MathCanvas,-0.8589256,1.434355,4.357438,0.5119562,1.528058,1.210925,-0.398676,-0.02689395,0.9166974,0.5423872,1.528302,1.225434,-0.4225069,-0.02800452,0.9059269,0.4814442,1.527664,1.196679,-0.3728659,-0.02744544,0.9274793,0.5119157,1.527983,1.211057,358.7426,334.7288,0.5420537,0,10,False
2,Center_Dir_Far,308,64.51997,0.5118595,1.527977,1.211064,0.5119781,1.252276,1.222842,0.6450448,0.2322555,0.05217916,-0.7261212,0,0,0,0,0,0,1,MathCanvas,-0.8571014,1.435632,4.358912,0.5119157,1.527983,1.211057,-0.3978319,-0.02772497,0.9170393,0.5423375,1.528294,1.225428,-0.4221031,-0.02802908,0.9061144,0.4813816,1.52766,1.1967,-0.3724526,-0.02747313,0.9276446,0.5118595,1.527977,1.211064,358.744,334.7545,0.5386916,0,10,False
2,Center_Dir_Far,309,64.53998,0.5117158,1.527832,1.211153,0.5116055,1.252227,1.222555,0.6452388,0.2334112,0.04979501,-0.7257456,0,0,0,0,0,0,1,MathCanvas,-0.8539649,1.432793,4.359416,0.5118595,1.527977,1.211064,-0.397424,-0.02775112,0.9172153,0.5422102,1.52813,1.225482,-0.421057,-0.02939309,0.9065579,0.4812213,1.527534,1.196824,-0.3713818,-0.02886504,0.9280314,0.5117158,1.527832,1.211153,358.8221,334.8212,0.5066901,0,10,False
2,Center_Dir_Far,310,64.55997,0.5116775,1.527766,1.211241,0.5117942,1.252326,1.222885,0.6439395,0.2324217,0.05035848,-0.7271768,0,0,0,0,0,0,1,MathCanvas,-0.8527251,1.432557,4.360147,0.511703,1.527779,1.211202,-0.394787,-0.02985333,0.9182875,0.542189,1.52808,1.225533,-0.4190065,-0.03016544,0.907482,0.481166,1.527451,1.196948,-0.3692855,-0.0296075,0.9288443,0.5116775,1.527766,1.211241,358.8535,334.8898,0.5352082,0,10,False
2,Center_Dir_Far,311,64.57998,0.5116394,1.527733,1.211273,0.5117942,1.252326,1.222885,0.6439395,0.2324217,0.05035848,-0.7271768,0,0,0,0,0,0,1,MathCanvas,-0.8429891,1.425327,4.362239,0.5116775,1.527766,1.211241,-0.3942736,-0.03042523,0.9184893,0.5421594,1.528048,1.225547,-0.4184428,-0.0309838,0.9077145,0.4811194,1.527418,1.196998,-0.3687091,-0.03042406,0.9290468,0.5116394,1.527733,1.211273,358.8695,334.924,0.5355864,0,10,False
2,Center_Dir_Far,312,64.59998,0.5115714,1.527774,1.211338,0.5117145,1.25207,1.22255,0.6465786,0.2328828,0.04920042,-0.7247628,0,0,0,0,0,0,1,MathCanvas,-0.841145,1.423342,4.362684,0.511608,1.527786,1.211306,-0.3932433,-0.03070895,0.9189215,0.5421066,1.528101,1.22558,-0.4174539,-0.03119721,0.9081624,0.4810362,1.527447,1.197097,-0.3676975,-0.03061787,0.9294412,0.5115714,1.527774,1.211338,358.8818,334.9852,0.5559642,0,10,False
2,Center_Dir_Far,313,64.61998,0.5115843,1.52774,1.211396,0.5103179,1.251008,1.220141,0.6638135,0.2447309,0.04026386,-0.7055758,0,0,0,0,0,0,1,MathCanvas,-0.8376518,1.422411,4.364171,0.5115714,1.527774,1.211338,-0.3952917,-0.03940997,0.9177098,0.5421146,1.528093,1.225648,-0.4202515,-0.04005811,0.906523,0.4810539,1.527387,1.197145,-0.3705627,-0.039428,0.9279702,0.5115843,1.52774,1.211396,358.9023,334.966,0.6002195,0,10,False
2,Center_Dir_Far,314,64.63998,0.5115304,1.527594,1.211479,0.5096815,1.250704,1.22002,0.6632063,0.2399135,0.03950787,-0.7078404,0,0,0,0,0,0,1,MathCanvas,-0.8406391,1.392926,4.35072,0.5115646,1.527707,1.211439,-0.3954879,-0.03998178,0.9176005,0.542059,1.527941,1.225734,-0.420341,-0.04118448,0.9064311,0.4810018,1.527247,1.197224,-0.3706548,-0.04056198,0.9278846,0.5115304,1.527594,1.211479,358.9668,334.9597,0.5902349,0,10,False
