UID,Condition,Index,Time,Player_X,Player_Y,Player_Z,Left_X,Left_Y,Left_Z,LeftRot_X,LeftRot_Y,LeftRot_Z,LeftRot_W,Right_X,Right_Y,Right_Z,RightRot_X,RightRot_Y,RightRot_Z,RightRot_W,GazeObject,GP_X,GP_Y,GP_Z,GO_X,GO_Y,GO_Z,GZ_X,GZ_Y,GZ_Z,RE_X,RE_Y,RE_Z,RED_X,RED_Y,RED_Z,LE_X,LE_Y,LE_Z,LED_X,LED_Y,LED_Z,H_X,H_Y,H_Z,HR_X,HR_Y,HR_Z,Blinking,BlinkCount,EventTriggered
2,Right_Head_Far,0,56.79998,-0.008934852,1.084205,-0.00448327,-0.06873064,0.7536653,0.1833408,0.2223221,0.05033888,-0.04790231,-0.9724938,0.2742517,0.708866,0.2353993,0.02145577,0.1497354,-0.1364355,0.9790323,MathCanvas,0.2402124,1.173391,1.748992,-0.008904904,1.084203,-0.004460486,0.122665,0.03393362,0.9918678,0.02273784,1.084253,-0.00840578,0.1227842,0.03410909,0.9918471,-0.04060755,1.084158,-0.0005607582,0.1227842,0.03410909,0.9918471,-0.008934852,1.084205,-0.00448327,358.0453,7.056942,0.08557861,0,14,False
2,Right_Head_Far,1,56.81998,-0.008951247,1.084221,-0.004508352,-0.06874774,0.7536672,0.1833685,0.2223844,0.05039526,-0.04796263,-0.9724737,0.2734041,0.7089198,0.2359681,0.02109408,0.1474756,-0.129103,0.9803767,MathCanvas,0.2402124,1.173391,1.748992,-0.008934852,1.084205,-0.00448327,0.1227842,0.034109,0.9918471,0.02272149,1.084281,-0.008430352,0.1227546,0.03409135,0.9918513,-0.04062398,1.08416,-0.0005863509,0.1227546,0.03409135,0.9918513,-0.008951247,1.084221,-0.004508352,358.0463,7.05523,0.1088808,0,14,False
2,Right_Head_Far,2,56.83998,-0.009012144,1.084318,-0.004569054,-0.06879658,0.7536806,0.1834169,0.2225716,0.05069842,-0.04808816,-0.972409,0.2735545,0.7088701,0.2367523,0.0212225,0.1534106,-0.1233878,0.9801991,MathCanvas,0.2402124,1.173391,1.748992,-0.008982235,1.084256,-0.00453717,0.1228704,0.03441782,0.9918258,0.02266014,1.084391,-0.008494439,0.1228421,0.03486556,0.9918136,-0.04068443,1.084244,-0.0006436682,0.1228421,0.03486556,0.9918136,-0.009012144,1.084318,-0.004569054,358.002,7.060471,0.1318811,0,14,False
2,Right_Head_Far,3,56.85998,-0.009017861,1.084371,-0.004595581,-0.06877615,0.7537196,0.1833864,0.2227622,0.050569,-0.04818323,-0.9723673,0.274492,0.7087736,0.2370659,0.02263144,0.1571507,-0.1259657,0.9792467,MathCanvas,0.2402124,1.173391,1.748992,-0.009012144,1.084318,-0.004569054,0.1228421,0.03486529,0.9918136,0.02265568,1.08445,-0.008510754,0.122509,0.03596753,0.9918154,-0.0406914,1.084292,-0.0006804084,0.122509,0.03596753,0.9918154,-0.009017861,1.084371,-0.004595581,357.9388,7.041504,0.1416462,0,14,False
2,Right_Head_Far,4,56.87998,-0.008992288,1.084505,-0.004657549,-0.06877965,0.7537462,0.1833522,0.222906,0.05020735,-0.04823053,-0.9723507,0.2761686,0.7082577,0.2382358,0.02884445,0.1647509,-0.1269366,0.9777077,MathCanvas,0.2402124,1.173391,1.748992,-0.009010475,1.08444,-0.004626539,0.1225582,0.03639973,0.9917936,0.02268073,1.084574,-0.00857711,0.1226558,0.036311,0.9917848,-0.04066531,1.084437,-0.0007379875,0.1226558,0.036311,0.9917848,-0.008992288,1.084505,-0.004657549,357.9191,7.050075,0.1227244,0,14,False
2,Right_Head_Far,5,56.89998,-0.008986693,1.084526,-0.004690545,-0.06882385,0.7537423,0.183364,0.222896,0.0503543,-0.04832487,-0.9723408,0.2772907,0.7080981,0.238582,0.03105784,0.1713218,-0.1265278,0.9765629,MathCanvas,0.2402124,1.173391,1.748992,-0.008992288,1.084505,-0.004657549,0.1226558,0.0363111,0.9917848,0.02268626,1.08459,-0.008610696,0.122679,0.03630317,0.9917822,-0.04065965,1.084462,-0.0007703933,0.122679,0.03630317,0.9917822,-0.008986693,1.084526,-0.004690545,357.9195,7.05141,0.1153259,0,14,False
2,Right_Head_Far,6,56.91998,-0.008996483,1.084492,-0.004722011,-0.06886429,0.7537419,0.1833971,0.2226197,0.05060989,-0.04850689,-0.9723817,0.2783573,0.7079286,0.2387114,0.0325903,0.1768062,-0.1274957,0.9754088,MathCanvas,0.2402124,1.173391,1.748992,-0.008986693,1.084526,-0.004690545,0.122679,0.036303,0.9917822,0.02267558,1.084539,-0.00864962,0.1229328,0.03613342,0.991757,-0.04066854,1.084445,-0.0007944014,0.1229328,0.03613342,0.991757,-0.008996483,1.084492,-0.004722011,357.9293,7.06603,0.08447394,0,14,False
2,Right_Head_Far,7,56.93998,-0.008992579,1.084403,-0.0047864,-0.06888165,0.753768,0.1834422,0.2221868,0.05057875,-0.04871113,-0.9724721,0.2798938,0.7077948,0.2383993,0.03277424,0.1870802,-0.1305199,0.9730835,MathCanvas,0.2402124,1.173391,1.748992,-0.009002663,1.084454,-0.004751322,0.1232201,0.03567208,0.991738,0.02267788,1.084453,-0.008726886,0.1233386,0.03517952,0.9917409,-0.04066304,1.084353,-0.0008459138,0.1233386,0.03517952,0.9917409,-0.008992579,1.084403,-0.0047864,357.9839,7.089234,0.08936084,0,14,False
2,Right_Head_Far,8,56.95998,-0.008991327,1.084389,-0.004821634,-0.06889428,0.7537778,0.183432,0.2222103,0.05050024,-0.04868948,-0.972472,0.280208,0.7078668,0.2385526,0.0341644,0.1861991,-0.1325735,0.972927,MathCanvas,0.2402124,1.173391,1.748992,-0.008992579,1.084403,-0.0047864,0.1233386,0.03517933,0.9917409,0.02267877,1.084447,-0.008764856,0.1234172,0.03487641,0.9917418,-0.04066143,1.084331,-0.0008784113,0.1234172,0.03487641,0.9917418,-0.008991327,1.084389,-0.004821634,358.0013,7.093699,0.1041972,0,14,False
2,Right_Head_Far,9,56.97998,-0.009011178,1.084496,-0.004850894,-0.06888144,0.7538195,0.1833451,0.2225253,0.05008304,-0.04849337,-0.9724313,0.2800621,0.70796,0.2388292,0.03614545,0.1825136,-0.1343379,0.9733117,MathCanvas,0.2402124,1.173391,1.748992,-0.009000894,1.08443,-0.004842938,0.1234916,0.03517314,0.991722,0.02265902,1.08457,-0.008793107,0.1233643,0.03545899,0.9917277,-0.04068138,1.084422,-0.0009086803,0.1233643,0.03545899,0.9917277,-0.009011178,1.084496,-0.004850894,357.9679,7.09079,0.1332658,0,14,False
2,Right_Head_Far,10,56.99998,-0.009039718,1.084543,-0.004877248,-0.06887786,0.753828,0.1833288,0.2225191,0.05003896,-0.04852218,-0.9724335,0.2795366,0.7081184,0.2386006,0.03367221,0.1811874,-0.1326369,0.9738813,MathCanvas,0.3215719,1.178654,2.649957,-0.009011178,1.084496,-0.004850894,0.1233643,0.03545906,0.9917277,0.0226302,1.084613,-0.008821791,0.1234409,0.03563799,0.9917118,-0.04070964,1.084474,-0.0009327051,0.1234409,0.03563799,0.9917118,-0.009039718,1.084543,-0.004877248,357.9577,7.095259,0.1253171,0,14,False
2,Right_Head_Far,11,57.01998,-0.009091288,1.084494,-0.004962993,-0.06894566,0.7538675,0.1833422,0.2225337,0.05051904,-0.04873596,-0.9723946,0.2791367,0.7082953,0.2385672,0.03327832,0.1810643,-0.130341,0.9742277,MathCanvas,0.3398898,1.184838,2.800173,-0.009057999,1.084528,-0.004921617,0.1232509,0.03546336,0.9917417,0.02257987,1.084558,-0.008897636,0.1231398,0.03524253,0.9917634,-0.04076245,1.08443,-0.001028349,0.1231398,0.03524253,0.9917634,-0.009091288,1.084494,-0.004962993,357.9803,7.077762,0.115019,0,14,False
2,Right_Head_Far,12,57.03998,-0.009117546,1.08446,-0.005001217,-0.06898018,0.753877,0.1833823,0.2224717,0.05059081,-0.04875746,-0.9724041,0.2790405,0.7083849,0.2385476,0.03359392,0.1808094,-0.1304522,0.9742492,MathCanvas,0.3486434,1.187426,2.873559,-0.009091288,1.084494,-0.004962993,0.1231398,0.03524224,0.9917634,0.02255418,1.084522,-0.008931335,0.1230005,0.03508575,0.9917862,-0.04078927,1.084397,-0.001071099,0.1230005,0.03508575,0.9917862,-0.009117546,1.08446,-0.005001217,357.9893,7.069679,0.112523,0,14,False
2,Right_Head_Far,13,57.05998,-0.009132702,1.084465,-0.005057652,-0.06902577,0.7538879,0.1834297,0.2223403,0.05068633,-0.04883495,-0.9724252,0.2787811,0.7082474,0.238672,0.03406671,0.1790519,-0.1303792,0.9745672,MathCanvas,0.3634418,1.191086,2.995581,-0.009139422,1.084433,-0.005024435,0.1226849,0.03525082,0.9918194,0.02254092,1.084534,-0.008972352,0.122507,0.03556592,0.9918302,-0.04080632,1.084395,-0.001142951,0.122507,0.03556592,0.9918302,-0.009132702,1.084465,-0.005057652,357.9618,7.041288,0.1251415,0,14,False
2,Right_Head_Far,14,57.07998,-0.009091586,1.084525,-0.005090222,-0.06909881,0.7538999,0.1834493,0.2222397,0.05069873,-0.04907932,-0.9724353,0.2788446,0.708282,0.2386724,0.03415155,0.1794874,-0.1302129,0.9745064,MathCanvas,0.3685771,1.192991,3.048459,-0.009132702,1.084465,-0.005057652,0.122507,0.03556581,0.9918302,0.02258278,1.084596,-0.008998856,0.1223141,0.03585733,0.9918435,-0.04076595,1.084455,-0.001181588,0.1223141,0.03585733,0.9918435,-0.009091586,1.084525,-0.005090222,357.9451,7.030217,0.1268725,0,14,False
2,Right_Head_Far,15,57.09998,-0.009053022,1.084597,-0.005127292,-0.06918586,0.7539127,0.1834713,0.2218977,0.05088901,-0.04943405,-0.9724855,0.2790033,0.708299,0.238683,0.03443396,0.1802976,-0.1300908,0.9743631,MathCanvas,0.3786536,1.197094,3.13414,-0.009091586,1.084525,-0.005090222,0.1223141,0.03585697,0.9918435,0.022621,1.084671,-0.009038607,0.1223915,0.03615432,0.9918231,-0.04072705,1.084522,-0.001215978,0.1223915,0.03615432,0.9918231,-0.009053022,1.084597,-0.005127292,357.9281,7.034767,0.1341519,0,14,False
2,Right_Head_Far,16,57.11998,-0.009037477,1.084612,-0.005192863,-0.06926346,0.7539604,0.1834599,0.2220546,0.05119989,-0.04947557,-0.9724312,0.279559,0.7082235,0.2387405,0.03506532,0.1818218,-0.1314687,0.9738723,MathCanvas,0.3826081,1.199414,3.170851,-0.009037867,1.084621,-0.005155005,0.1222653,0.03621341,0.9918365,0.02263681,1.084692,-0.009101897,0.1223139,0.03619278,0.9918314,-0.04071177,1.084532,-0.00128383,0.1223139,0.03619278,0.9918314,-0.009037477,1.084612,-0.005192863,357.9258,7.03029,0.1437537,0,14,False
2,Right_Head_Far,17,57.13998,-0.009034499,1.084585,-0.005231532,-0.06928334,0.7539815,0.183472,0.2219738,0.05124017,-0.04955465,-0.9724435,0.2798008,0.7081836,0.23875,0.03485179,0.1824895,-0.1318832,0.973699,MathCanvas,0.3864559,1.201752,3.203119,-0.009037477,1.084612,-0.005192863,0.1223139,0.03619292,0.9918314,0.02263948,1.084663,-0.00914319,0.1223997,0.03588854,0.9918318,-0.04070847,1.084506,-0.001319875,0.1223997,0.03588854,0.9918318,-0.009034499,1.084585,-0.005231532,357.9433,7.035172,0.1412151,0,14,False
2,Right_Head_Far,18,57.15998,-0.009000465,1.084541,-0.005310166,-0.06925825,0.7540417,0.1834234,0.2219214,0.05084935,-0.04973103,-0.972467,0.2799963,0.7083411,0.2386845,0.03538227,0.1836492,-0.1323829,0.973394,MathCanvas,0.3931487,1.203591,3.256034,-0.009018719,1.084553,-0.005271382,0.1223575,0.03541331,0.9918541,0.02267358,1.084623,-0.009221197,0.1223812,0.03512323,0.9918615,-0.04067451,1.084458,-0.001399135,0.1223812,0.03512323,0.9918615,-0.009000465,1.084541,-0.005310166,357.9872,7.03391,0.1480028,0,14,False
2,Right_Head_Far,19,57.17998,-0.009002698,1.084597,-0.005286791,-0.06919668,0.7540852,0.1833051,0.2225774,0.05073766,-0.04949399,-0.972335,0.2800015,0.7084622,0.2386185,0.03520012,0.1839281,-0.1325025,0.9733316,MathCanvas,0.3959774,1.201751,3.277522,-0.009000465,1.084541,-0.005310166,0.1223812,0.0351231,0.9918615,0.0226714,1.084681,-0.009197298,0.1223617,0.0353067,0.9918573,-0.04067679,1.084512,-0.001376284,0.1223617,0.0353067,0.9918573,-0.009002698,1.084597,-0.005286791,357.9767,7.03283,0.1510686,0,14,False
2,Right_Head_Far,20,57.19998,-0.008981082,1.08478,-0.005220419,-0.06915981,0.7541141,0.1832268,0.2229145,0.05088927,-0.04929826,-0.9722598,0.2800441,0.7084215,0.2386447,0.03505981,0.1840268,-0.1322844,0.9733477,MathCanvas,0.4006312,1.202161,3.314669,-0.00900298,1.084705,-0.005236856,0.1223523,0.03602519,0.9918327,0.02269291,1.084861,-0.009131929,0.1223839,0.03713076,0.991788,-0.04065507,1.084699,-0.001308909,0.1223839,0.03713076,0.991788,-0.008981082,1.08478,-0.005220419,357.8721,7.034581,0.1452108,0,14,False
2,Right_Head_Far,21,57.21998,-0.008948449,1.084825,-0.005216401,-0.06915694,0.7541231,0.1832397,0.2228246,0.05090143,-0.04937211,-0.972276,0.2800365,0.708469,0.2385956,0.03514457,0.1841536,-0.1322129,0.9733304,MathCanvas,0.4026548,1.205982,3.331651,-0.008981082,1.08478,-0.005220419,0.1223839,0.03713071,0.991788,0.02272528,1.0849,-0.009130072,0.1224568,0.03736821,0.9917701,-0.04062218,1.08475,-0.001302731,0.1224568,0.03736821,0.9917701,-0.008948449,1.084825,-0.005216401,357.8585,7.038852,0.1345449,0,14,False
2,Right_Head_Far,22,57.23998,-0.008900739,1.084827,-0.005213159,-0.06915905,0.7541183,0.1832834,0.222662,0.05084977,-0.04944569,-0.9723122,0.2800221,0.7085052,0.2385496,0.03532973,0.1842379,-0.1321951,0.9733102,MathCanvas,0.4061466,1.210763,3.358675,-0.008948449,1.084825,-0.005216401,0.1224568,0.03736849,0.9917701,0.02277296,1.0849,-0.009127151,0.1224693,0.03728774,0.9917716,-0.04057444,1.084753,-0.001299168,0.1224693,0.03728774,0.9917716,-0.008900739,1.084827,-0.005213159,357.8631,7.039554,0.1315857,0,14,False
2,Right_Head_Far,23,57.25998,-0.008820392,1.084746,-0.005225826,-0.06910754,0.7540586,0.1833394,0.2223663,0.0500981,-0.04921943,-0.9724304,0.2800827,0.7084039,0.2385999,0.03556842,0.1846488,-0.1318243,0.9732739,MathCanvas,0.4078362,1.211997,3.369915,-0.008868684,1.084806,-0.005220694,0.1226373,0.03708019,0.9917586,0.02285249,1.084823,-0.009146341,0.1226742,0.03669392,0.9917684,-0.04049328,1.08467,-0.00130531,0.1226742,0.03669392,0.9917684,-0.008820392,1.084746,-0.005225826,357.8971,7.051238,0.1368927,0,14,False
2,Right_Head_Far,24,57.27998,-0.008790858,1.084744,-0.005181731,-0.06910445,0.7540464,0.1833332,0.2223611,0.05013412,-0.04914787,-0.9724334,0.280158,0.7083718,0.2386142,0.0355981,0.1850832,-0.1317531,0.9732,MathCanvas,0.4096569,1.211276,3.378968,-0.008820392,1.084746,-0.005225826,0.1226742,0.03669375,0.9917684,0.02288194,1.084816,-0.009103006,0.1227058,0.03623309,0.9917815,-0.04046366,1.084672,-0.001260455,0.1227058,0.03623309,0.9917815,-0.008790858,1.084744,-0.005181731,357.9236,7.05294,0.1295612,0,14,False
2,Right_Head_Far,25,57.29998,-0.008720372,1.084824,-0.00510042,-0.06910495,0.7540058,0.1833423,0.2219819,0.0503914,-0.04901846,-0.9725132,0.2803206,0.7084864,0.2385506,0.03559176,0.1859037,-0.1322594,0.9729751,MathCanvas,0.4117683,1.21054,3.394859,-0.008759506,1.084765,-0.00515129,0.1227422,0.03616576,0.9917794,0.0229519,1.084889,-0.009026092,0.1228481,0.03668045,0.9917474,-0.04039264,1.084758,-0.001174748,0.1228481,0.03668045,0.9917474,-0.008720372,1.084824,-0.00510042,357.8979,7.06128,0.1173957,0,14,False
2,Right_Head_Far,26,57.31998,-0.008672543,1.084856,-0.005075911,-0.06911027,0.7539855,0.1833638,0.2218262,0.0505084,-0.04909847,-0.9725387,0.28043,0.7084854,0.2385361,0.03558159,0.1861296,-0.1324679,0.9729039,MathCanvas,0.4128152,1.209029,3.400984,-0.008720372,1.084824,-0.00510042,0.1228481,0.0366804,0.9917474,0.02299922,1.084917,-0.009005764,0.1229809,0.03707686,0.9917162,-0.0403443,1.084794,-0.001146057,0.1229809,0.03707686,0.9917162,-0.008672543,1.084856,-0.005075911,357.8752,7.069056,0.1103861,0,14,False
2,Right_Head_Far,27,57.33998,-0.008564372,1.084843,-0.005032283,-0.06905969,0.7539487,0.183385,0.2217814,0.05028842,-0.04897927,-0.9725663,0.2806415,0.7084928,0.2385279,0.03548566,0.1867473,-0.1326611,0.9727627,MathCanvas,0.4147309,1.211277,3.413043,-0.00861863,1.084867,-0.005054249,0.1231487,0.03714452,0.9916928,0.02310608,1.084892,-0.00897287,0.1233325,0.0368599,0.9916806,-0.04023482,1.084794,-0.001091697,0.1233325,0.0368599,0.9916806,-0.008564372,1.084843,-0.005032283,357.8876,7.089314,0.08807101,0,14,False
2,Right_Head_Far,28,57.35998,-0.008514233,1.084793,-0.005014888,-0.0690249,0.7539441,0.1833866,0.2219149,0.0502267,-0.04889154,-0.9725434,0.2806855,0.7085633,0.2385147,0.03541342,0.1871381,-0.1328549,0.9726638,MathCanvas,0.4165159,1.213057,3.418058,-0.008564372,1.084843,-0.005032283,0.1233325,0.03686005,0.9916806,0.02315401,1.084831,-0.008973318,0.1239085,0.03605488,0.9916384,-0.04018247,1.084756,-0.001056457,0.1239085,0.03605488,0.9916384,-0.008514233,1.084793,-0.005014888,357.9337,7.122382,0.0681507,0,14,False
2,Right_Head_Far,29,57.37998,-0.00841435,1.084704,-0.004948853,-0.06901573,0.7539716,0.1833535,0.2222734,0.05061353,-0.04887558,-0.9724423,0.280686,0.7086234,0.2385013,0.03541875,0.1872519,-0.1329969,0.9726223,MathCanvas,0.4181477,1.212308,3.425647,-0.008460986,1.084741,-0.0049846,0.1242279,0.03545525,0.9916201,0.02325134,1.084742,-0.008927619,0.1245503,0.03519225,0.991589,-0.04008004,1.084666,-0.000970087,0.1245503,0.03519225,0.991589,-0.00841435,1.084704,-0.004948853,357.9832,7.159244,0.06788282,0,14,False
2,Right_Head_Far,30,57.39998,-0.008376672,1.084692,-0.004902835,-0.06902413,0.7539734,0.1833642,0.2222344,0.05076493,-0.04881967,-0.9724461,0.2807084,0.7085847,0.2384988,0.0354755,0.187118,-0.1328849,0.9726613,MathCanvas,0.4214467,1.207388,3.426317,-0.00841435,1.084704,-0.004948853,0.1245503,0.0351922,0.991589,0.02328854,1.084727,-0.008885388,0.1246709,0.03545675,0.9915644,-0.04004189,1.084657,-0.0009202808,0.1246709,0.03545675,0.9915644,-0.008376672,1.084692,-0.004902835,357.968,7.166281,0.06219713,0,14,False
2,Right_Head_Far,31,57.41998,-0.008339406,1.0847,-0.004853222,-0.06904365,0.7539305,0.1834238,0.2220725,0.05086281,-0.04876308,-0.9724808,0.28067,0.7085727,0.2385021,0.03553599,0.1868666,-0.1327287,0.9727287,MathCanvas,0.4232459,1.206649,3.431397,-0.008376672,1.084692,-0.004902835,0.1246709,0.03545668,0.9915644,0.02332502,1.084718,-0.008842129,0.1248877,0.03551514,0.9915351,-0.04000384,1.084681,-0.0008643144,0.1248877,0.03551514,0.9915351,-0.008339406,1.0847,-0.004853222,357.9647,7.178825,0.03250629,0,14,False
2,Right_Head_Far,32,57.43998,-0.008290045,1.084655,-0.004770762,-0.06908135,0.7537982,0.183539,0.2219051,0.05100213,-0.04868041,-0.9725159,0.2805564,0.7085866,0.2385399,0.03575641,0.1864995,-0.1323126,0.9728478,MathCanvas,0.4240424,1.20767,3.434076,-0.008307364,1.084691,-0.004811156,0.1249366,0.0355415,0.9915279,0.02337375,1.084678,-0.008764705,0.1250422,0.03524171,0.9915254,-0.03995384,1.084633,-0.0007768204,0.1250422,0.03524171,0.9915254,-0.008290045,1.084655,-0.004770762,357.9804,7.187679,0.04005887,0,14,False
2,Right_Head_Far,33,57.45998,-0.008237779,1.084553,-0.004697168,-0.06908932,0.7537445,0.1835591,0.2218329,0.05097565,-0.04860082,-0.9725378,0.2805381,0.7085411,0.2385613,0.03591985,0.1863926,-0.1321151,0.9728891,MathCanvas,0.4252715,1.207994,3.436084,-0.008290045,1.084655,-0.004770762,0.1250421,0.03524175,0.9915254,0.02342687,1.084584,-0.008684272,0.1248257,0.03386666,0.9916005,-0.03990243,1.084522,-0.0007100636,0.1248257,0.03386666,0.9916005,-0.008237779,1.084553,-0.004697168,358.0592,7.174827,0.05589124,0,14,False
2,Right_Head_Far,34,57.47998,-0.008257788,1.084374,-0.004631961,-0.06914213,0.7536761,0.1835725,0.2217003,0.05162717,-0.04888252,-0.9725195,0.2805347,0.7085292,0.2386023,0.03600145,0.1863348,-0.1320488,0.9729062,MathCanvas,0.4260732,1.206959,3.439186,-0.008240737,1.084453,-0.004673057,0.1244405,0.0331635,0.9916727,0.0234087,1.084398,-0.008604454,0.1243783,0.03331161,0.9916756,-0.03992428,1.08435,-0.0006594672,0.1243783,0.03331161,0.9916756,-0.008257788,1.084374,-0.004631961,358.091,7.14884,0.04317657,0,14,False
2,Right_Head_Far,35,57.49998,-0.008272254,1.084367,-0.004583233,-0.06910935,0.7536722,0.1835816,0.2217452,0.05173086,-0.04883284,-0.9725062,0.2805557,0.70855,0.2386298,0.03600925,0.186342,-0.1321088,0.9728963,MathCanvas,0.4238167,1.199522,3.438593,-0.008257788,1.084374,-0.004631961,0.1243783,0.0333117,0.9916756,0.02339577,1.084387,-0.008543454,0.1239958,0.03378786,0.9917073,-0.03994028,1.084347,-0.000623011,0.1239958,0.03378786,0.9917073,-0.008272254,1.084367,-0.004583233,358.0637,7.126856,0.03608816,0,14,False
2,Right_Head_Far,36,57.51998,-0.008297208,1.084436,-0.004511285,-0.06902964,0.7536327,0.1835762,0.2220502,0.05168878,-0.04846506,-0.9724573,0.2806708,0.7085292,0.2386541,0.03615109,0.1863992,-0.1322112,0.9728662,MathCanvas,0.4239479,1.200126,3.441534,-0.008285843,1.08439,-0.004546873,0.1236896,0.03437873,0.9917253,0.02337343,1.084452,-0.008450605,0.1233428,0.03448329,0.9917648,-0.03996785,1.084421,-0.0005719648,0.1233428,0.03448329,0.9917648,-0.008297208,1.084436,-0.004511285,358.0239,7.089301,0.02782708,0,14,False
2,Right_Head_Far,37,57.53998,-0.008288745,1.084436,-0.004491312,-0.0689906,0.753607,0.1835633,0.2220905,0.05152407,-0.04834197,-0.972463,0.2807603,0.7085033,0.2386571,0.03619042,0.1864537,-0.1323087,0.972841,MathCanvas,0.4218955,1.204005,3.444711,-0.008297208,1.084436,-0.004511285,0.1233428,0.0344831,0.9917648,0.02338232,1.084448,-0.008427199,0.1232378,0.03471574,0.9917697,-0.03995981,1.084424,-0.0005554263,0.1232378,0.03471574,0.9917697,-0.008288745,1.084436,-0.004491312,358.0105,7.083295,0.02168971,0,14,False
2,Right_Head_Far,38,57.55998,-0.008261953,1.084407,-0.004452238,-0.06898231,0.7536215,0.1835411,0.2220545,0.05177894,-0.04849822,-0.9724498,0.2806919,0.7085872,0.2386807,0.03618682,0.1864977,-0.1323375,0.9728289,MathCanvas,0.4209772,1.204446,3.447117,-0.008266762,1.084421,-0.004475161,0.1231049,0.03444402,0.9917957,0.02340811,1.08444,-0.008396073,0.123469,0.03384948,0.9917709,-0.03993202,1.084374,-0.0005084034,0.123469,0.03384948,0.9917709,-0.008261953,1.084407,-0.004452238,358.0602,7.096438,0.05887622,0,14,False
2,Right_Head_Far,39,57.57998,-0.008245423,1.08441,-0.004435841,-0.06898043,0.7536199,0.1835507,0.2219785,0.05188131,-0.04853528,-0.9724599,0.2806829,0.7085772,0.2387065,0.03628913,0.1864799,-0.1322543,0.9728398,MathCanvas,0.4202768,1.204309,3.448074,-0.008261953,1.084407,-0.004452238,0.123469,0.03384927,0.991771,0.02342417,1.08445,-0.008383377,0.1235786,0.03378552,0.9917595,-0.03991502,1.084371,-0.0004883055,0.1235786,0.03378552,0.9917595,-0.008245423,1.08441,-0.004435841,358.0639,7.102754,0.07033657,0,14,False
2,Right_Head_Far,40,57.59998,-0.00823724,1.084432,-0.004385589,-0.06896992,0.7536008,0.1835717,0.2219323,0.05193993,-0.04845657,-0.9724712,0.2806899,0.7085274,0.238738,0.03646243,0.1863808,-0.1321064,0.9728724,MathCanvas,0.4215962,1.202252,3.448289,-0.008245423,1.08441,-0.004435841,0.1235786,0.03378542,0.9917595,0.02343185,1.084476,-0.008337107,0.1236965,0.03403714,0.9917362,-0.03990633,1.084387,-0.0004340708,0.1236965,0.03403714,0.9917362,-0.00823724,1.084432,-0.004385589,358.0494,7.109627,0.07950787,0,14,False
2,Right_Head_Far,41,57.61998,-0.008218806,1.08452,-0.004326678,-0.0689375,0.7535778,0.1835949,0.2219707,0.05201689,-0.04817213,-0.9724725,0.2805857,0.708505,0.2387809,0.0366081,0.1860415,-0.1317722,0.9729772,MathCanvas,0.4220315,1.202064,3.448667,-0.008220214,1.084481,-0.004356789,0.123649,0.03450359,0.991726,0.02345033,1.084572,-0.008277729,0.1236686,0.03486279,0.991711,-0.03988794,1.084467,-0.0003756271,0.1236686,0.03486279,0.991711,-0.008218806,1.08452,-0.004326678,358.0021,7.108217,0.09398474,0,14,False
2,Right_Head_Far,42,57.63998,-0.008222904,1.084543,-0.004295833,-0.06891572,0.7535871,0.1835722,0.2219543,0.05187074,-0.048173,-0.972484,0.2805087,0.708498,0.2388078,0.03687906,0.1858644,-0.1318513,0.97299,MathCanvas,0.4224738,1.204702,3.450042,-0.008218806,1.08452,-0.004326678,0.1236686,0.03486291,0.991711,0.0234463,1.084592,-0.008246457,0.1236581,0.0350705,0.9917049,-0.0398921,1.084495,-0.0003452087,0.1236581,0.0350705,0.9917049,-0.008222904,1.084543,-0.004295833,357.9902,7.107665,0.08707832,0,14,False
2,Right_Head_Far,43,57.65998,-0.008236066,1.084516,-0.004256823,-0.06886062,0.7536133,0.1835043,0.2220586,0.05161083,-0.04826049,-0.9724697,0.2805341,0.7084823,0.2388311,0.03678415,0.1858784,-0.1317492,0.9730048,MathCanvas,0.4227029,1.206024,3.451344,-0.008220043,1.084539,-0.004277284,0.123604,0.03506735,0.9917118,0.02343356,1.08457,-0.008203948,0.1235431,0.03503839,0.9917204,-0.03990569,1.084462,-0.0003096983,0.1235431,0.03503839,0.9917204,-0.008236066,1.084516,-0.004256823,357.992,7.10101,0.09646194,0,14,False
2,Right_Head_Far,44,57.67998,-0.008294597,1.084488,-0.004219028,-0.06884394,0.7536253,0.1834921,0.2220595,0.05161033,-0.04829483,-0.9724678,0.2805501,0.7084848,0.2388322,0.03669367,0.1860058,-0.1316933,0.9729915,MathCanvas,0.4225451,1.206732,3.45203,-0.008236066,1.084516,-0.004256823,0.1235431,0.03503828,0.9917204,0.02337563,1.084543,-0.00816129,0.1233913,0.03481527,0.9917472,-0.03996482,1.084434,-0.0002767663,0.1233913,0.03481527,0.9917472,-0.008294597,1.084488,-0.004219028,358.0048,7.092184,0.09790184,0,14,False
2,Right_Head_Far,45,57.69998,-0.008377124,1.084432,-0.004194975,-0.06881142,0.7536432,0.1835173,0.2219704,0.05164677,-0.0483438,-0.9724838,0.2805234,0.7085021,0.238817,0.03668929,0.1862318,-0.1317578,0.9729396,MathCanvas,0.4223435,1.206622,3.452654,-0.008364786,1.084453,-0.004198952,0.1233036,0.03462988,0.9917646,0.02329415,1.084483,-0.008128917,0.1231367,0.03455766,0.9917879,-0.04004839,1.084382,-0.0002610334,0.1231367,0.03455766,0.9917879,-0.008377124,1.084432,-0.004194975,358.0196,7.077414,0.09047183,0,14,False
2,Right_Head_Far,46,57.71998,-0.008382875,1.084409,-0.004192863,-0.06880447,0.7536379,0.1835411,0.2218846,0.0516169,-0.0483746,-0.9725034,0.2805748,0.7084911,0.238823,0.03674394,0.186432,-0.1318012,0.9728934,MathCanvas,0.4214006,1.205136,3.452626,-0.008377124,1.084432,-0.004194975,0.1231367,0.03455792,0.9917879,0.02328835,1.084458,-0.008127129,0.1231465,0.03475125,0.9917799,-0.04005411,1.084359,-0.0002585966,0.1231465,0.03475125,0.9917799,-0.008382875,1.084409,-0.004192863,358.0085,7.078027,0.08918831,0,14,False
2,Right_Head_Far,47,57.73998,-0.008388951,1.084427,-0.00418426,-0.06880789,0.753621,0.18357,0.2218248,0.05158029,-0.04838585,-0.9725184,0.2806341,0.7084709,0.2388378,0.03680381,0.1864746,-0.1318921,0.9728706,MathCanvas,0.420865,1.204876,3.453127,-0.008382875,1.084409,-0.004192863,0.1231465,0.03475139,0.9917799,0.02328317,1.084484,-0.008111286,0.1229163,0.0341359,0.9918298,-0.04006107,1.084371,-0.0002572332,0.1229163,0.0341359,0.9918298,-0.008388951,1.084427,-0.00418426,358.0438,7.064576,0.1011905,0,14,False
2,Right_Head_Far,48,57.75998,-0.008457997,1.084426,-0.004125233,-0.06886299,0.7536274,0.1836249,0.2217493,0.05183773,-0.04827498,-0.9725274,0.2805537,0.7084873,0.2388144,0.03680056,0.1864552,-0.1319785,0.9728627,MathCanvas,0.4209472,1.205584,3.453543,-0.008412134,1.084425,-0.004173644,0.1224603,0.03427961,0.9918813,0.02321946,1.084504,-0.00800861,0.121523,0.0346505,0.9919836,-0.04013545,1.084348,-0.0002418549,0.121523,0.0346505,0.9919836,-0.008457997,1.084426,-0.004125233,358.0143,6.984224,0.1403202,0,14,False
2,Right_Head_Far,49,57.77998,-0.008552108,1.084417,-0.004072825,-0.06892291,0.7536464,0.1836968,0.2214605,0.05209195,-0.04833918,-0.9725765,0.2804599,0.7084944,0.2388036,0.03679812,0.1863269,-0.1318349,0.9729069,MathCanvas,0.4184639,1.203932,3.45378,-0.008457997,1.084426,-0.004125233,0.121523,0.03465037,0.9919837,0.02313011,1.084502,-0.007917006,0.120285,0.03507998,0.9921194,-0.04023432,1.084332,-0.0002286446,0.120285,0.03507998,0.9921194,-0.008552108,1.084417,-0.004072825,357.9897,6.912827,0.1531108,0,14,False
2,Right_Head_Far,50,57.79998,-0.008727994,1.084386,-0.004012597,-0.06901885,0.7536364,0.183869,0.2208101,0.05260418,-0.04842842,-0.9726924,0.2803995,0.7084811,0.2388167,0.03664815,0.1860808,-0.1314526,0.9730114,MathCanvas,0.4152558,1.205259,3.455442,-0.00865728,1.084406,-0.00404568,0.1198452,0.03442591,0.9921955,0.02296051,1.084474,-0.007804536,0.1186551,0.03372797,0.9923626,-0.0404165,1.084298,-0.0002206578,0.1186551,0.03372797,0.9923626,-0.008727994,1.084386,-0.004012597,358.0672,6.818388,0.1585143,0,14,False
2,Right_Head_Far,51,57.81998,-0.008864712,1.084317,-0.003977851,-0.06905833,0.7536168,0.1839352,0.2205495,0.05276711,-0.04845644,-0.9727413,0.2803522,0.7084732,0.2388184,0.03662583,0.1859893,-0.1313968,0.9730372,MathCanvas,0.4093098,1.204469,3.456913,-0.008727994,1.084386,-0.004012597,0.1186551,0.03372775,0.9923626,0.02283176,1.084381,-0.00770302,0.1165848,0.03433349,0.9925871,-0.04056119,1.084252,-0.0002526816,0.1165848,0.03433349,0.9925871,-0.008864712,1.084317,-0.003977851,358.0324,6.699011,0.1165196,0,14,False
2,Right_Head_Far,52,57.83998,-0.009356458,1.084213,-0.003940703,-0.06912829,0.7535367,0.1840658,0.2200945,0.05326349,-0.0485106,-0.9728146,0.2803328,0.7084516,0.2388253,0.03663326,0.186046,-0.1314287,0.9730218,MathCanvas,0.4049929,1.201956,3.457287,-0.009077277,1.084274,-0.003955835,0.1132045,0.03358049,0.9930041,0.02236582,1.08426,-0.007439665,0.1095282,0.03291695,0.9934385,-0.04107874,1.084167,-0.0004417421,0.1095282,0.03291695,0.9934385,-0.009356458,1.084213,-0.003940703,358.1136,6.291541,0.08290134,0,14,False
2,Right_Head_Far,53,57.85998,-0.009624659,1.084146,-0.003916096,-0.06919239,0.7534182,0.1842207,0.2198204,0.05398553,-0.04832104,-0.9728462,0.2803747,0.7084371,0.2388364,0.03666067,0.1861376,-0.1314367,0.9730021,MathCanvas,0.3858235,1.201438,3.46249,-0.009356458,1.084213,-0.003940703,0.1095282,0.0329171,0.9934385,0.02210938,1.084172,-0.007307002,0.1061661,0.03259484,0.9938141,-0.04135869,1.08412,-0.0005251896,0.1061661,0.03259484,0.9938141,-0.009624659,1.084146,-0.003916096,358.1321,6.097605,0.04694864,0,14,False
2,Right_Head_Far,54,57.87998,-0.01025418,1.084066,-0.003836022,-0.06934392,0.7529659,0.1847611,0.2177758,0.05561024,-0.04771243,-0.9732445,0.2804169,0.7084169,0.2388433,0.03670853,0.1862489,-0.131616,0.9729548,MathCanvas,0.3728416,1.199091,3.465118,-0.009939414,1.084101,-0.003875609,0.1032261,0.0321722,0.9941375,0.02150106,1.0841,-0.007022118,0.09974772,0.03182831,0.9945036,-0.04200942,1.084033,-0.0006499263,0.09974772,0.03182831,0.9945036,-0.01025418,1.084066,-0.003836022,358.1761,5.727555,0.06039526,0,14,False
2,Right_Head_Far,55,57.89998,-0.01059738,1.084066,-0.003806457,-0.06953803,0.7525467,0.1852553,0.2157149,0.05706042,-0.04778698,-0.9736158,0.2803892,0.7084124,0.2388349,0.03673354,0.1862642,-0.1316653,0.9729443,MathCanvas,0.3504731,1.196493,3.470217,-0.01025418,1.084066,-0.003836022,0.0997477,0.03182857,0.9945036,0.02116911,1.084102,-0.006878355,0.0961692,0.03180628,0.9948567,-0.04236387,1.08403,-0.0007345595,0.0961692,0.03180628,0.9948567,-0.01059738,1.084066,-0.003806457,358.1773,5.52142,0.06435397,0,14,False
2,Right_Head_Far,56,57.91998,-0.01092583,1.08405,-0.003769534,-0.06970108,0.7521059,0.1857833,0.2138414,0.05806825,-0.04752558,-0.9739822,0.2803702,0.708405,0.2388337,0.03673193,0.1862621,-0.131629,0.9729497,MathCanvas,0.3380802,1.195326,3.472578,-0.01059738,1.084066,-0.003806457,0.09616921,0.03180617,0.9948567,0.02085091,1.084089,-0.006733574,0.09278599,0.03243192,0.9951577,-0.04270256,1.084012,-0.0008054946,0.09278599,0.03243192,0.9951577,-0.01092583,1.08405,-0.003769534,358.1414,5.326714,0.06929639,0,14,False
2,Right_Head_Far,57,57.93998,-0.01165825,1.084013,-0.00376217,-0.07036083,0.7507147,0.1875692,0.2087552,0.06359278,-0.04499495,-0.9748603,0.2803314,0.7083668,0.238861,0.03680548,0.1861016,-0.1314261,0.973005,MathCanvas,0.3254108,1.195287,3.475587,-0.01125762,1.084045,-0.003752708,0.08912774,0.03241145,0.9954927,0.02013846,1.084062,-0.006503399,0.08579673,0.03271386,0.9957755,-0.04345497,1.083964,-0.001020942,0.08579673,0.03271386,0.9957755,-0.01165825,1.084013,-0.00376217,358.1253,4.924483,0.0875058,0,14,False
2,Right_Head_Far,58,57.95998,-0.01211403,1.084041,-0.003751911,-0.0709576,0.749979,0.188556,0.2062034,0.06798016,-0.04485133,-0.975114,0.2802637,0.7083822,0.2388549,0.03685558,0.1859802,-0.131398,0.9730301,MathCanvas,0.3004941,1.197527,3.482756,-0.01165825,1.084013,-0.00376217,0.08579672,0.0327136,0.9957755,0.01969203,1.084106,-0.00638206,0.08230197,0.03246703,0.9960784,-0.0439201,1.083975,-0.001121762,0.08230197,0.03246703,0.9960784,-0.01211403,1.084041,-0.003751911,358.1394,4.723392,0.1179843,0,14,False
2,Right_Head_Far,59,57.97998,-0.01353571,1.084431,-0.003675828,-0.07259385,0.747792,0.1914105,0.1970374,0.07752974,-0.04455405,-0.9763096,0.2801486,0.7083929,0.2388468,0.03689316,0.1857407,-0.1312199,0.9730985,MathCanvas,0.2884727,1.198652,3.484925,-0.01267095,1.084231,-0.003690656,0.07629987,0.03271836,0.9965479,0.01830333,1.084497,-0.00587102,0.06867314,0.03413765,0.997055,-0.04537475,1.084365,-0.001480636,0.06867314,0.03413765,0.997055,-0.01353571,1.084431,-0.003675828,358.0437,3.940081,0.1178395,0,14,False
2,Right_Head_Far,60,57.99998,-0.01431553,1.084625,-0.003563714,-0.07314779,0.7468438,0.1924361,0.1935944,0.07883332,-0.04527848,-0.9768605,0.2801539,0.7083738,0.2388527,0.0369443,0.1857101,-0.1312482,0.9730986,MathCanvas,0.2542276,1.199252,3.493568,-0.01353571,1.084431,-0.003675828,0.06867315,0.0341376,0.997055,0.01754227,1.084665,-0.005468154,0.05959101,0.03564008,0.9975864,-0.04617333,1.084586,-0.001659274,0.05959101,0.03564008,0.9975864,-0.01431553,1.084625,-0.003563714,357.9576,3.418512,0.07081855,0,14,False
2,Right_Head_Far,61,58.01998,-0.01569413,1.084629,-0.003629614,-0.07429075,0.7455158,0.1938659,0.1893927,0.08441655,-0.0441983,-0.977267,0.2801679,0.708405,0.2388199,0.03693584,0.1857556,-0.1313651,0.9730744,MathCanvas,0.2270337,1.204601,3.500551,-0.01501432,1.084678,-0.003605936,0.05108912,0.03729844,0.9979973,0.01619092,1.084556,-0.005002954,0.04308757,0.03824128,0.9983392,-0.04757918,1.084702,-0.002256274,0.04308757,0.03824128,0.9983392,-0.01569413,1.084629,-0.003629614,357.8084,2.471309,359.8689,0,14,False
2,Right_Head_Far,62,58.03998,-0.0165907,1.084783,-0.003539637,-0.07486628,0.7451669,0.1943734,0.1887614,0.08916818,-0.04388644,-0.9769812,0.2801675,0.7084337,0.2387937,0.03689897,0.1857741,-0.1313598,0.973073,MathCanvas,0.1646928,1.216324,3.520134,-0.01569413,1.084629,-0.003629614,0.04308757,0.03824095,0.9983392,0.01530569,1.084691,-0.00461658,0.03382998,0.03857251,0.998683,-0.04848709,1.084874,-0.002462694,0.03382998,0.03857251,0.998683,-0.0165907,1.084783,-0.003539637,357.7894,1.940129,359.8356,0,14,False
2,Right_Head_Far,63,58.05998,-0.01770623,1.085015,-0.003506752,-0.0752985,0.74515,0.1948515,0.1867528,0.09404195,-0.04309225,-0.9769455,0.280177,0.7084337,0.2387765,0.03695694,0.1856758,-0.1313677,0.9730885,MathCanvas,0.1356971,1.219941,3.524976,-0.0165907,1.084783,-0.003539637,0.03382999,0.03857259,0.998683,0.01420091,1.084926,-0.004195371,0.02167186,0.0403578,0.9989502,-0.04961338,1.085104,-0.002818133,0.02167186,0.0403578,0.9989502,-0.01770623,1.085015,-0.003506752,357.687,1.242816,359.8401,0,14,False
2,Right_Head_Far,64,58.07998,-0.01981125,1.085183,-0.003434162,-0.07534698,0.7458099,0.1947416,0.1867069,0.09220009,-0.04579758,-0.9770068,0.2801723,0.7084308,0.2387344,0.03696507,0.1854516,-0.1314181,0.9731241,MathCanvas,0.1020517,1.221561,3.531822,-0.0187612,1.085005,-0.003482817,0.009732595,0.04248229,0.9990498,0.01210298,1.085024,-0.00336958,-0.001809426,0.04257863,0.9990915,-0.05172548,1.085343,-0.003498744,-0.001809426,0.04257863,0.9990915,-0.01981125,1.085183,-0.003434162,357.5597,359.8962,359.714,0,14,False
2,Right_Head_Far,65,58.09998,-0.02080656,1.085088,-0.00343117,-0.07451241,0.7464182,0.1937025,0.1903734,0.08627435,-0.04528606,-0.9768643,0.2801539,0.7084457,0.2387056,0.03696737,0.1853331,-0.1314107,0.9731476,MathCanvas,0.1020517,1.221561,3.531822,-0.01981125,1.085183,-0.003434162,-0.00180921,0.04257852,0.9990915,0.01110517,1.084919,-0.003030192,-0.01232516,0.04293386,0.9990019,-0.05271829,1.085258,-0.003832147,-0.01232516,0.04293386,0.9990019,-0.02080656,1.085088,-0.00343117,357.5393,359.2932,359.6961,0,14,False
2,Right_Head_Far,66,58.11998,-0.02317014,1.084901,-0.003437638,-0.07416631,0.7469196,0.1932261,0.1932577,0.08499648,-0.04408442,-0.9764649,0.2801299,0.7084472,0.2386835,0.03693312,0.1851274,-0.1313805,0.9731922,MathCanvas,0.1020517,1.221561,3.531822,-0.0220407,1.08502,-0.003412465,-0.02294398,0.04194966,0.9988562,0.008722872,1.084612,-0.002297303,-0.03530679,0.04330217,0.9984379,-0.05506314,1.08519,-0.004577973,-0.03530679,0.04330217,0.9984379,-0.02317014,1.084901,-0.003437638,357.5182,357.9748,359.4807,0,14,False
2,Right_Head_Far,67,58.13998,-0.02429724,1.085187,-0.003309598,-0.07401074,0.7472811,0.192966,0.1943069,0.08529477,-0.04389591,-0.9762391,0.2801457,0.7084059,0.2387069,0.0369936,0.1851381,-0.1313969,0.9731856,MathCanvas,0.1020517,1.221561,3.531822,-0.02317014,1.084901,-0.003437638,-0.03530678,0.04330217,0.9984379,0.00757925,1.084872,-0.001780629,-0.04743161,0.04387347,0.9979105,-0.05617374,1.085502,-0.004838566,-0.04743161,0.04387347,0.9979105,-0.02429724,1.085187,-0.003309598,357.4854,357.2787,359.4339,0,14,False
2,Right_Head_Far,68,58.15998,-0.02603941,1.085576,-0.003147302,-0.07382104,0.7473909,0.1929269,0.193722,0.08472815,-0.04461043,-0.9763723,0.2801843,0.7083769,0.2387067,0.03713658,0.1852785,-0.1313684,0.9731573,MathCanvas,0.1020517,1.221561,3.531822,-0.02531978,1.08541,-0.003266579,-0.05721335,0.04557015,0.9973214,0.005800635,1.085267,-0.0009876688,-0.0671517,0.04634675,0.9966658,-0.05787946,1.085885,-0.005306935,-0.0671517,0.04634675,0.9966658,-0.02603941,1.085576,-0.003147302,357.3436,356.1454,359.4447,0,14,False
2,Right_Head_Far,69,58.17998,-0.02713611,1.08556,-0.003294279,-0.07349808,0.7475399,0.1927316,0.1942269,0.08319218,-0.04447351,-0.9764103,0.2802114,0.7083556,0.2387096,0.03725613,0.1852876,-0.1313106,0.9731588,MathCanvas,0.1020517,1.221561,3.531822,-0.02603941,1.085576,-0.003147302,-0.0671519,0.04634704,0.9966657,0.004686309,1.085228,-0.0008920867,-0.07469852,0.04725083,0.9960861,-0.05895854,1.085892,-0.005696471,-0.07469852,0.04725083,0.9960861,-0.02713611,1.08556,-0.003294279,357.2917,355.7113,359.4027,0,14,False
2,Right_Head_Far,70,58.19998,-0.02921587,1.085726,-0.003379876,-0.07324098,0.7473812,0.1926531,0.1943201,0.08218838,-0.04365357,-0.9765138,0.2802439,0.7082837,0.2387636,0.03740859,0.1852339,-0.1312992,0.9731647,MathCanvas,0.1020517,1.221561,3.531822,-0.0282472,1.085635,-0.00334236,-0.08380312,0.04798316,0.9953264,0.002557158,1.0854,-0.0003939406,-0.09296868,0.04795508,0.9945135,-0.0609889,1.086053,-0.006365812,-0.09296868,0.04795508,0.9945135,-0.02921587,1.085726,-0.003379876,357.2513,354.6594,359.4132,0,14,False
2,Right_Head_Far,71,58.21998,-0.02993346,1.085552,-0.00336514,-0.0732835,0.7471806,0.1927393,0.1940048,0.08243071,-0.04333347,-0.9765703,0.2802323,0.7083235,0.2387486,0.03744942,0.1852467,-0.1314254,0.9731437,MathCanvas,0.1020517,1.221561,3.531822,-0.02921587,1.085726,-0.003379876,-0.09296852,0.04795554,0.9945135,0.001813887,1.085211,-0.0001190591,-0.1010798,0.04853565,0.9936937,-0.0616808,1.085894,-0.006611221,-0.1010798,0.04853565,0.9936937,-0.02993346,1.085552,-0.00336514,357.218,354.1918,359.3854,0,14,False
2,Right_Head_Far,72,58.23998,-0.03074794,1.085575,-0.003397871,-0.07334211,0.74702,0.1928167,0.1937141,0.08291645,-0.04316592,-0.9765943,0.2802092,0.7083699,0.2387259,0.03745675,0.1852451,-0.1314786,0.9731365,MathCanvas,0.1020517,1.221561,3.531822,-0.02993346,1.085552,-0.00336514,-0.1010798,0.04853566,0.9936937,0.00097836,1.085263,5.075661E-05,-0.1074782,0.04759588,0.9930675,-0.06247423,1.085887,-0.006846499,-0.1074782,0.04759588,0.9930675,-0.03074794,1.085575,-0.003397871,357.2719,353.823,359.4398,0,14,False
2,Right_Head_Far,73,58.25998,-0.03208933,1.085415,-0.003420698,-0.07348149,0.746916,0.1929154,0.1932369,0.0835807,-0.04359719,-0.976613,0.280149,0.7083418,0.2387265,0.03764379,0.1850724,-0.1313266,0.9731827,MathCanvas,0.1020517,1.221561,3.531822,-0.0314903,1.085436,-0.003429366,-0.1131485,0.04695198,0.9924681,-0.0004027896,1.085187,0.0003818537,-0.1186967,0.04610669,0.9918595,-0.06377587,1.085643,-0.007223249,-0.1186967,0.04610669,0.9918595,-0.03208933,1.085415,-0.003420698,357.3573,353.1758,359.5903,0,14,False
2,Right_Head_Far,74,58.27998,-0.03261977,1.085293,-0.003448628,-0.07354729,0.7469513,0.1929656,0.1929125,0.08318473,-0.0439652,-0.9766945,0.2800791,0.708269,0.2387463,0.03830567,0.1845722,-0.1314201,0.9732392,MathCanvas,0.1020517,1.221561,3.531822,-0.03208933,1.085415,-0.003420698,-0.1186969,0.04610698,0.9918594,-0.0009458885,1.085125,0.0004609013,-0.1221385,0.04527936,0.9914797,-0.06429366,1.085461,-0.007358157,-0.1221385,0.04527936,0.9914797,-0.03261977,1.085293,-0.003448628,357.4048,352.9772,359.6977,0,14,False
2,Right_Head_Far,75,58.29998,-0.03371768,1.085314,-0.003325543,-0.07367913,0.7471557,0.1929784,0.1928922,0.08263022,-0.04422676,-0.9767338,0.2800761,0.7083489,0.2387295,0.03832043,0.1843379,-0.131271,0.9733031,MathCanvas,0.1020517,1.221561,3.531822,-0.03323662,1.085315,-0.003391648,-0.1258512,0.04441023,0.9910546,-0.002061494,1.085268,0.000728013,-0.126824,0.04424866,0.9909378,-0.06537388,1.085361,-0.007379099,-0.126824,0.04424866,0.9909378,-0.03371768,1.085314,-0.003325543,357.4639,352.7067,359.9165,0,14,False
2,Right_Head_Far,76,58.31998,-0.03410195,1.085299,-0.00330741,-0.07373283,0.7472491,0.1929627,0.1929208,0.08259353,-0.0444665,-0.9767203,0.2800307,0.708347,0.2387285,0.0383887,0.1841841,-0.1310619,0.9733577,MathCanvas,0.1020517,1.221561,3.531822,-0.03371768,1.085314,-0.003325543,-0.1268237,0.04424874,0.9909378,-0.002447285,1.085322,0.0007582663,-0.1272988,0.04417264,0.9908803,-0.06575661,1.085276,-0.007373085,-0.1272988,0.04417264,0.9908803,-0.03410195,1.085299,-0.00330741,357.4683,352.6793,0.04083877,0,14,False
2,Right_Head_Far,77,58.33998,-0.03456001,1.085217,-0.003256404,-0.07383081,0.7474469,0.1928766,0.1933656,0.08242652,-0.04485448,-0.9766288,0.2799763,0.7083315,0.2387389,0.03844267,0.1841249,-0.1309652,0.9733799,MathCanvas,0.1020517,1.221561,3.531822,-0.03438898,1.085272,-0.003264928,-0.1261572,0.04369138,0.9910476,-0.002891161,1.085378,0.0006940723,-0.1238843,0.04300849,0.9913642,-0.06622885,1.085057,-0.00720688,-0.1238843,0.04300849,0.9913642,-0.03456001,1.085217,-0.003256404,357.535,352.877,0.2887741,0,14,False
2,Right_Head_Far,78,58.35998,-0.03469729,1.085132,-0.003203733,-0.07387698,0.74752,0.1928446,0.1937807,0.0823005,-0.04489067,-0.9765555,0.2799574,0.7083482,0.2387609,0.03840983,0.1841957,-0.1308504,0.9733832,MathCanvas,-0.4851638,1.241273,3.536533,-0.03456001,1.085217,-0.003256404,-0.1238842,0.04300871,0.9913642,-0.003021862,1.085362,0.0006901128,-0.1222048,0.04228413,0.9916038,-0.06637272,1.084901,-0.007097579,-0.1222048,0.04228413,0.9916038,-0.03469729,1.085132,-0.003203733,357.5766,352.9743,0.4138096,0,14,False
2,Right_Head_Far,79,58.37998,-0.03521387,1.085222,-0.003181724,-0.07391974,0.7475566,0.1928731,0.1939367,0.08208701,-0.04472385,-0.9765501,0.2799886,0.7083549,0.238811,0.03850642,0.1844816,-0.1307734,0.9733356,MathCanvas,-0.4752584,1.238081,3.522317,-0.03491436,1.08518,-0.003151163,-0.1201633,0.04137176,0.9918917,-0.003524967,1.085583,0.0005906762,-0.1185771,0.04198753,0.9920567,-0.06690278,1.084862,-0.006954124,-0.1185771,0.04198753,0.9920567,-0.03521387,1.085222,-0.003181724,357.5936,353.184,0.6481067,0,14,False
2,Right_Head_Far,80,58.39998,-0.035601,1.08517,-0.003227944,-0.07393238,0.7475632,0.1928866,0.1939044,0.0820205,-0.04470903,-0.9765628,0.2800138,0.7083344,0.2388228,0.03858647,0.1846244,-0.1307862,0.9733036,MathCanvas,-0.4612509,1.231905,3.513554,-0.03521387,1.085222,-0.003181724,-0.1185775,0.0419873,0.9920567,-0.003909703,1.085587,0.0005184726,-0.1178505,0.04335324,0.9920846,-0.0672923,1.084754,-0.00697436,-0.1178505,0.04335324,0.9920846,-0.035601,1.08517,-0.003227944,357.5153,353.2255,0.7491745,0,14,False
2,Right_Head_Far,81,58.41998,-0.0357708,1.085347,-0.003208206,-0.07401874,0.7476034,0.1929025,0.1937646,0.08219951,-0.04488612,-0.9765673,0.2799986,0.7083551,0.2388016,0.03859017,0.1847402,-0.1307478,0.9732866,MathCanvas,-0.4549854,1.23367,3.505474,-0.035601,1.08517,-0.003227944,-0.1178506,0.04335314,0.9920846,-0.004077844,1.085824,0.0005169937,-0.1172811,0.04445804,0.9921031,-0.06746375,1.08487,-0.006933405,-0.1172811,0.04445804,0.9921031,-0.0357708,1.085347,-0.003208206,357.4519,353.2581,0.8571069,0,14,False
2,Right_Head_Far,82,58.43998,-0.0360912,1.085517,-0.003194539,-0.07416561,0.7477565,0.192839,0.1937169,0.0822424,-0.04528631,-0.9765548,0.2799231,0.708431,0.2387397,0.0385673,0.1848596,-0.1306525,0.9732777,MathCanvas,-0.4523483,1.238592,3.503605,-0.0359391,1.085469,-0.003186749,-0.116308,0.04506713,0.9921902,-0.004391927,1.086082,0.0004640003,-0.1153262,0.04488004,0.9923133,-0.06779048,1.084952,-0.006853079,-0.1153262,0.04488004,0.9923133,-0.0360912,1.085517,-0.003194539,357.4277,353.3708,1.014666,0,14,False
2,Right_Head_Far,83,58.45998,-0.03623269,1.085507,-0.003228479,-0.07421062,0.7478088,0.192846,0.1936806,0.08219419,-0.04538187,-0.9765615,0.2799148,0.7084277,0.2387316,0.03859696,0.1848908,-0.1306709,0.9732682,MathCanvas,-0.4470092,1.24474,3.502229,-0.0360912,1.085517,-0.003194539,-0.1153263,0.04487992,0.9923133,-0.004532378,1.086144,0.0004091365,-0.1147662,0.04410752,0.9924129,-0.06793299,1.08487,-0.006866095,-0.1147662,0.04410752,0.9924129,-0.03623269,1.085507,-0.003228479,357.472,353.4034,1.145152,0,14,False
2,Right_Head_Far,84,58.47998,-0.03651298,1.085497,-0.003321392,-0.07434282,0.747975,0.1928371,0.1937262,0.08222829,-0.04581778,-0.9765293,0.2798691,0.7084158,0.238719,0.0386132,0.1849606,-0.1304118,0.973289,MathCanvas,-0.4429618,1.243788,3.49643,-0.03637761,1.085475,-0.003273951,-0.1148126,0.04399674,0.9924124,-0.004814953,1.08631,0.0003011255,-0.1145452,0.04393915,0.9924458,-0.068211,1.084685,-0.006943909,-0.1145452,0.04393915,0.9924458,-0.03651298,1.085497,-0.003321392,357.4817,353.4162,1.460421,0,14,False
2,Right_Head_Far,85,58.49998,-0.03663215,1.08554,-0.003382781,-0.07440928,0.7480414,0.1928124,0.1936562,0.08218367,-0.04599981,-0.9765384,0.2798391,0.7084158,0.2387188,0.03863344,0.1849559,-0.1302601,0.9733093,MathCanvas,-0.4409884,1.240494,3.492864,-0.03651298,1.085497,-0.003321392,-0.1145451,0.04393909,0.9924459,-0.004935682,1.086449,0.0002304167,-0.1144129,0.04472527,0.992426,-0.06832863,1.084631,-0.006995979,-0.1144129,0.04472527,0.992426,-0.03663215,1.08554,-0.003382781,357.4366,353.4236,1.633756,0,14,False
2,Right_Head_Far,86,58.51998,-0.03686907,1.085595,-0.003497032,-0.07448922,0.7481089,0.1928008,0.1937455,0.08211277,-0.046199,-0.9765172,0.2798249,0.7083798,0.2387289,0.03880858,0.1848559,-0.1302088,0.9733283,MathCanvas,-0.4397051,1.240158,3.488934,-0.03675333,1.08559,-0.003432508,-0.1142048,0.04478846,0.9924471,-0.005175032,1.086649,9.798072E-05,-0.1140653,0.04483597,0.992461,-0.0685631,1.08454,-0.007092044,-0.1140653,0.04483597,0.992461,-0.03686907,1.085595,-0.003497032,357.4302,353.4437,1.895352,0,14,False
2,Right_Head_Far,87,58.53998,-0.03698612,1.085581,-0.003578973,-0.07451405,0.74813,0.1927969,0.1938196,0.08206648,-0.04624293,-0.9765043,0.2798323,0.7083545,0.2387376,0.03891167,0.1848158,-0.1302133,0.9733312,MathCanvas,-0.4386861,1.243178,3.48832,-0.03686907,1.085595,-0.003497032,-0.1140654,0.04483562,0.992461,-0.005294438,1.086718,1.151068E-05,-0.1140247,0.04402805,0.9925019,-0.0686778,1.084444,-0.007169456,-0.1140247,0.04402805,0.9925019,-0.03698612,1.085581,-0.003578973,357.4766,353.4463,2.044175,0,14,False
2,Right_Head_Far,88,58.55998,-0.03728447,1.085516,-0.00368825,-0.07451607,0.7481818,0.1927292,0.1934769,0.0818171,-0.04631256,-0.9765899,0.2798066,0.7083716,0.2387192,0.03898111,0.1850512,-0.1302907,0.9732733,MathCanvas,-0.4379885,1.243203,3.485465,-0.03712348,1.085533,-0.003636333,-0.113822,0.04345081,0.9925506,-0.0055984,1.086804,-9.904895E-05,-0.1141986,0.04367011,0.9924977,-0.06897055,1.084229,-0.007277451,-0.1141986,0.04367011,0.9924977,-0.03728447,1.085516,-0.00368825,357.4971,353.4363,2.314563,0,14,False
2,Right_Head_Far,89,58.57998,-0.03747809,1.085574,-0.003735199,-0.07451338,0.7481862,0.19272,0.1933812,0.08184534,-0.0463451,-0.9766049,0.2798283,0.7083671,0.2387194,0.03904781,0.1851633,-0.1303633,0.9732395,MathCanvas,-0.4370432,1.238122,3.482286,-0.03728447,1.085516,-0.00368825,-0.1141986,0.04366994,0.9924977,-0.005796507,1.086926,-0.0001299041,-0.1148433,0.04485146,0.9923706,-0.06915966,1.084222,-0.007340495,-0.1148433,0.04485146,0.9923706,-0.03747809,1.085574,-0.003735199,357.4294,353.3987,2.429926,0,14,False
2,Right_Head_Far,90,58.59998,-0.03771604,1.085729,-0.003787179,-0.07450697,0.7481729,0.1927295,0.1933629,0.08184829,-0.04634275,-0.9766084,0.2798594,0.7083476,0.2387268,0.03910008,0.1851881,-0.1304118,0.9732262,MathCanvas,-0.4383957,1.238886,3.480631,-0.03747809,1.085574,-0.003735199,-0.1148433,0.04485134,0.9923706,-0.00604016,1.087154,-0.0001598364,-0.1157193,0.04670517,0.9921833,-0.06939192,1.084305,-0.007414521,-0.1157193,0.04670517,0.9921833,-0.03771604,1.085729,-0.003787179,357.323,353.3476,2.560763,0,14,False
2,Right_Head_Far,91,58.61998,-0.03814405,1.086072,-0.003934535,-0.0744633,0.7481984,0.1926425,0.1935868,0.08173792,-0.04600064,-0.9765895,0.2798414,0.7083544,0.2387291,0.03917537,0.1852129,-0.130368,0.9732244,MathCanvas,-0.4410442,1.243247,3.481404,-0.03795313,1.085906,-0.003857712,-0.1161776,0.04850802,0.9920432,-0.006476354,1.087616,-0.0002848583,-0.1167322,0.04948591,0.9919298,-0.06981175,1.084528,-0.007584212,-0.1167322,0.04948591,0.9919298,-0.03814405,1.086072,-0.003934535,357.1635,353.2882,2.776725,0,14,False
2,Right_Head_Far,92,58.63998,-0.03834257,1.086193,-0.004032427,-0.07446072,0.7482353,0.1925825,0.1935464,0.08168899,-0.04593707,-0.9766046,0.2798152,0.7083699,0.2387262,0.03919611,0.1852113,-0.1303707,0.9732235,MathCanvas,-0.4468221,1.256709,3.485776,-0.03814405,1.086072,-0.003934535,-0.1167321,0.0494858,0.9919298,-0.006680373,1.087795,-0.0003597401,-0.1175586,0.0496444,0.9918243,-0.07000476,1.084592,-0.007705113,-0.1175586,0.0496444,0.9918243,-0.03834257,1.086193,-0.004032427,357.1544,353.2404,2.879807,0,14,False
2,Right_Head_Far,93,58.65998,-0.0387962,1.086219,-0.004292645,-0.07450814,0.7482308,0.1925663,0.1930928,0.08206938,-0.04615645,-0.9766521,0.2797996,0.7083725,0.2387198,0.03924143,0.1850497,-0.1305189,0.9732325,MathCanvas,-0.4490109,1.260286,3.485618,-0.0385647,1.08621,-0.004167855,-0.1189352,0.04927529,0.9916785,-0.007148232,1.087923,-0.0005443923,-0.1200757,0.04902962,0.9915533,-0.07044417,1.084515,-0.008040897,-0.1200757,0.04902962,0.9915533,-0.0387962,1.086219,-0.004292645,357.1897,353.0952,3.064753,0,14,False
2,Right_Head_Far,94,58.67998,-0.03901745,1.086229,-0.004412586,-0.07451618,0.7482252,0.1925777,0.1930073,0.08209759,-0.0461214,-0.9766683,0.2797871,0.7083596,0.2387154,0.0392387,0.1849198,-0.1305064,0.973259,MathCanvas,-0.4572857,1.259601,3.485059,-0.0387962,1.086219,-0.004292645,-0.1200758,0.04902954,0.9915533,-0.00737692,1.087988,-0.0006271775,-0.1213532,0.04939207,0.9913797,-0.07065797,1.084469,-0.008197995,-0.1213532,0.04939207,0.9913797,-0.03901745,1.086229,-0.004412586,357.1689,353.0212,3.164103,0,14,False
2,Right_Head_Far,95,58.69998,-0.0393309,1.086411,-0.004622923,-0.07449563,0.7481809,0.1925834,0.1930649,0.08194469,-0.04577136,-0.9766862,0.2797134,0.7083274,0.238717,0.03923357,0.1847403,-0.1302525,0.9733273,MathCanvas,-0.4614027,1.258698,3.483529,-0.03918521,1.086302,-0.004519628,-0.1224653,0.04998872,0.9912131,-0.00770589,1.088279,-0.0007609006,-0.1240038,0.05050952,0.9909953,-0.07095591,1.084543,-0.008484945,-0.1240038,0.05050952,0.9909953,-0.0393309,1.086411,-0.004622923,357.1048,352.8676,3.360669,0,14,False
2,Right_Head_Far,96,58.71998,-0.03954303,1.086491,-0.004720597,-0.07450501,0.748135,0.1926088,0.1930322,0.08208513,-0.04565465,-0.9766864,0.2796999,0.7083014,0.2387308,0.03929487,0.1846539,-0.1301372,0.9733567,MathCanvas,-0.4704268,1.262379,3.484591,-0.0393309,1.086411,-0.004622923,-0.1240042,0.05050924,0.9909953,-0.007925361,1.088396,-0.0008162465,-0.1254363,0.05128498,0.9907752,-0.0711607,1.084587,-0.008624948,-0.1254363,0.05128498,0.9907752,-0.03954303,1.086491,-0.004720597,357.0603,352.7845,3.425587,0,14,False
2,Right_Head_Far,97,58.73998,-0.03977313,1.08654,-0.004835431,-0.07455301,0.748037,0.1926931,0.1925729,0.08241934,-0.04565635,-0.9767488,0.2797044,0.7082727,0.2387488,0.03938928,0.184555,-0.1301319,0.9733723,MathCanvas,-0.4761181,1.264317,3.484225,-0.03954303,1.086491,-0.004720597,-0.1254361,0.05128499,0.9907753,-0.008159347,1.08847,-0.0009120838,-0.1260695,0.0511235,0.9907032,-0.0713869,1.08461,-0.00875878,-0.1260695,0.0511235,0.9907032,-0.03977313,1.08654,-0.004835431,357.0695,352.748,3.471188,0,14,False
2,Right_Head_Far,98,58.75998,-0.04023474,1.086491,-0.005115056,-0.07451653,0.7479267,0.1927993,0.191444,0.08297032,-0.04531283,-0.9769401,0.2797187,0.7082911,0.238735,0.03947702,0.1844793,-0.1302947,0.9733614,MathCanvas,-0.4815796,1.267175,3.484836,-0.04000003,1.086543,-0.004973538,-0.1274111,0.05055448,0.9905608,-0.008634329,1.088456,-0.001102279,-0.1288721,0.0499628,0.9904018,-0.07183515,1.084527,-0.009127833,-0.1288721,0.0499628,0.9904018,-0.04023474,1.086491,-0.005115056,357.1361,352.5863,3.533452,0,14,False
2,Right_Head_Far,99,58.77998,-0.04047527,1.086426,-0.005264922,-0.07448868,0.7478583,0.1928492,0.1911417,0.08332246,-0.04497654,-0.9769849,0.2797225,0.7083131,0.2387135,0.03947195,0.184462,-0.1303157,0.973362,MathCanvas,-0.4889607,1.264538,3.483515,-0.04023474,1.086491,-0.005115056,-0.128872,0.04996299,0.9904018,-0.008879729,1.088401,-0.001219022,-0.1299018,0.04946922,0.990292,-0.07207081,1.084451,-0.009310821,-0.1299018,0.04946922,0.990292,-0.04047527,1.086426,-0.005264922,357.1645,352.5269,3.552122,0,14,False
2,Right_Head_Far,100,58.79998,-0.04104289,1.086378,-0.005528238,-0.07450153,0.747454,0.1931448,0.1897273,0.0835299,-0.04414272,-0.9772808,0.2797315,0.7082908,0.2386777,0.03956366,0.1843162,-0.1303217,0.9733851,MathCanvas,-0.494188,1.262328,3.481589,-0.04076733,1.086366,-0.005393978,-0.1316632,0.04921243,0.9900722,-0.009462278,1.088432,-0.001405673,-0.1324695,0.04986548,0.9899319,-0.07262349,1.084324,-0.009650802,-0.1324695,0.04986548,0.9899319,-0.04104289,1.086378,-0.005528238,357.1417,352.3781,3.694124,0,14,False
2,Right_Head_Far,101,58.81998,-0.04131909,1.086528,-0.005666984,-0.0745122,0.7471385,0.1934411,0.1880357,0.08394603,-0.04321019,-0.9776137,0.2797041,0.7082905,0.2386702,0.03969029,0.1841246,-0.1303015,0.973419,MathCanvas,-0.5046026,1.259645,3.480316,-0.04104289,1.086378,-0.005528238,-0.1324694,0.04986584,0.9899319,-0.009745877,1.08862,-0.001507582,-0.1337565,0.05090982,0.9897057,-0.07289229,1.084435,-0.009826386,-0.1337565,0.05090982,0.9897057,-0.04131909,1.086528,-0.005666984,357.0818,352.3032,3.764575,0,14,False
2,Right_Head_Far,102,58.83998,-0.04199639,1.087116,-0.005936111,-0.07471393,0.7463537,0.1943596,0.1830775,0.08701184,-0.04018281,-0.9784155,0.2794297,0.7081504,0.2387622,0.04121253,0.1831216,-0.1296286,0.9736347,MathCanvas,-0.5077503,1.262108,3.479931,-0.04169336,1.086942,-0.005834318,-0.1355095,0.05260453,0.9893786,-0.01044556,1.08934,-0.001675865,-0.1373479,0.05388802,0.9890559,-0.07354721,1.084893,-0.01019636,-0.1373479,0.05388802,0.9890559,-0.04199639,1.087116,-0.005936111,356.9109,352.094,4.000778,0,14,False
2,Right_Head_Far,103,58.85998,-0.04231809,1.087325,-0.006121402,-0.07501986,0.7458577,0.1949883,0.1798186,0.08944842,-0.03904367,-0.9788462,0.2791881,0.7079304,0.2388586,0.04265449,0.1821861,-0.1288454,0.973852,MathCanvas,-0.5199246,1.272647,3.4835,-0.04199639,1.087116,-0.005936111,-0.1373482,0.05388826,0.9890559,-0.01077929,1.089611,-0.001805276,-0.1392872,0.0549023,0.9887289,-0.07385689,1.08504,-0.01043753,-0.1392872,0.0549023,0.9887289,-0.04231809,1.087325,-0.006121402,356.8528,351.9812,4.112628,0,14,False
2,Right_Head_Far,104,58.87998,-0.0430452,1.087719,-0.006474175,-0.07545424,0.7449869,0.19655,0.1717604,0.09267659,-0.03612388,-0.9801043,0.2782897,0.7073236,0.2394704,0.04828922,0.1793344,-0.1271083,0.9743463,MathCanvas,-0.5269855,1.277483,3.48401,-0.04271293,1.087409,-0.006316442,-0.1414243,0.0561022,0.9883581,-0.01154089,1.090175,-0.002002783,-0.1446295,0.05673459,0.9878581,-0.07454951,1.085263,-0.01094557,-0.1446295,0.05673459,0.9878581,-0.0430452,1.087719,-0.006474175,356.7476,351.6707,4.421116,0,14,False
2,Right_Head_Far,105,58.89998,-0.04349927,1.088119,-0.006673266,-0.07580951,0.744559,0.1973062,0.1677682,0.09456772,-0.03488015,-0.9806601,0.277866,0.70748,0.2394951,0.04702008,0.1786038,-0.1262106,0.9746593,MathCanvas,-0.5429008,1.286009,3.486815,-0.0430452,1.087719,-0.006474175,-0.1446297,0.0567349,0.987858,-0.01201312,1.090673,-0.002129677,-0.1471516,0.05742062,0.9874458,-0.07498541,1.085564,-0.01121685,-0.1471516,0.05742062,0.9874458,-0.04349927,1.088119,-0.006673266,356.7082,351.524,4.598791,0,14,False
2,Right_Head_Far,106,58.91998,-0.04411755,1.088681,-0.006815441,-0.07633258,0.7441871,0.1979831,0.1639493,0.09838275,-0.03436767,-0.9809487,0.2768773,0.7076304,0.2396515,0.04670716,0.1746936,-0.124346,0.9756222,MathCanvas,-0.5549191,1.288737,3.486453,-0.04349927,1.088119,-0.006673266,-0.1471516,0.05742091,0.9874458,-0.01265606,1.091352,-0.002168902,-0.1507738,0.05931859,0.986787,-0.07557903,1.086011,-0.01146198,-0.1507738,0.05931859,0.986787,-0.04411755,1.088681,-0.006815441,356.5993,351.3128,4.80874,0,14,False
2,Right_Head_Far,107,58.93998,-0.04521933,1.089422,-0.007205783,-0.07778612,0.7436774,0.1990818,0.1584062,0.1106138,-0.03351576,-0.9805859,0.274303,0.7081228,0.2397263,0.04355294,0.1645228,-0.118981,0.9782019,MathCanvas,-0.5647668,1.291847,3.486946,-0.04463274,1.089066,-0.006964531,-0.15539,0.0625015,0.985874,-0.01381915,1.09232,-0.00228867,-0.1602269,0.06489473,0.9849447,-0.07661951,1.086524,-0.0121229,-0.1602269,0.06489473,0.9849447,-0.04521933,1.089422,-0.007205783,356.2792,350.7603,5.221012,0,14,False
2,Right_Head_Far,108,58.95998,-0.04577145,1.089736,-0.007445767,-0.07850838,0.7436991,0.19957,0.1551218,0.1166091,-0.03337574,-0.9804212,0.2730939,0.7084028,0.2399922,0.04234096,0.1617146,-0.1158997,0.979093,MathCanvas,-0.5970595,1.311385,3.49395,-0.04521933,1.089422,-0.007205783,-0.1602268,0.06489464,0.9849447,-0.01440758,1.092739,-0.002362412,-0.1658691,0.0669157,0.9838749,-0.07713532,1.086734,-0.01252912,-0.1658691,0.0669157,0.9838749,-0.04577145,1.089736,-0.007445767,356.1631,350.4306,5.410376,0,14,False
2,Right_Head_Far,109,58.97998,-0.04702044,1.090369,-0.007944296,-0.07948545,0.7444674,0.1990375,0.1555493,0.127513,-0.03184853,-0.9790457,0.2710075,0.7093232,0.2414701,0.04242447,0.1611734,-0.113323,0.9794801,MathCanvas,-0.6156037,1.320528,3.495421,-0.04639696,1.090111,-0.007668211,-0.1719247,0.06823938,0.9827437,-0.01574736,1.093618,-0.002468561,-0.1791358,0.07040573,0.9813019,-0.07829352,1.087119,-0.01342003,-0.1791358,0.07040573,0.9813019,-0.04702044,1.090369,-0.007944296,355.9627,349.6546,5.858379,0,14,False
2,Right_Head_Far,110,58.99998,-0.04769793,1.090652,-0.008250145,-0.07964049,0.7451769,0.1990284,0.1519307,0.1345179,-0.02614549,-0.9788455,0.2695751,0.7098253,0.2423273,0.04170183,0.1609649,-0.1097265,0.9799548,MathCanvas,-0.6607008,1.333947,3.499932,-0.04702044,1.090369,-0.007944296,-0.1791362,0.07040567,0.9813018,-0.01647442,1.094006,-0.002558822,-0.1863944,0.0726317,0.9797866,-0.07892144,1.087298,-0.01394147,-0.1863944,0.0726317,0.9797866,-0.04769793,1.090652,-0.008250145,355.8348,349.2288,6.048509,0,14,False
2,Right_Head_Far,111,59.01998,-0.04937799,1.091399,-0.009072594,-0.08050083,0.7451931,0.1999817,0.136423,0.1375819,-0.01571574,-0.9809245,0.2659277,0.710385,0.2442957,0.04251024,0.1616019,-0.1027725,0.980569,MathCanvas,-0.688175,1.342378,3.50026,-0.04852898,1.091142,-0.008609468,-0.1941296,0.07441343,0.9781495,-0.01826611,1.094945,-0.002906092,-0.2023291,0.07750281,0.976246,-0.08048986,1.087853,-0.0152391,-0.2023291,0.07750281,0.976246,-0.04937799,1.091399,-0.009072594,355.555,348.2911,6.398366,0,14,False
2,Right_Head_Far,112,59.03998,-0.05020107,1.091817,-0.009449482,-0.0815627,0.7448971,0.200789,0.1240382,0.1429554,-0.01348296,-0.9818332,0.2636602,0.7107903,0.2459565,0.0443193,0.1636541,-0.0959729,0.9808376,MathCanvas,-0.7468579,1.358756,3.505279,-0.04937799,1.091399,-0.009072594,-0.2023295,0.07750295,0.9762459,-0.01917256,1.095481,-0.002941666,-0.2135539,0.07896917,0.9737344,-0.08122957,1.088152,-0.0159573,-0.2135539,0.07896917,0.9737344,-0.05020107,1.091817,-0.009449482,355.4707,347.6301,6.613933,0,14,False
2,Right_Head_Far,113,59.05998,-0.05213255,1.092337,-0.01046358,-0.08417074,0.7441928,0.2011856,0.1115522,0.1599602,-0.01082891,-0.9807403,0.2591318,0.7112669,0.2498535,0.0508172,0.1583953,-0.09534933,0.9814464,MathCanvas,-0.7786242,1.370841,3.505214,-0.05087328,1.091983,-0.009871176,-0.224987,0.08087312,0.9709997,-0.02126338,1.096117,-0.003297052,-0.235045,0.08351994,0.9683895,-0.08300171,1.088558,-0.01763011,-0.235045,0.08351994,0.9683895,-0.05213255,1.092337,-0.01046358,355.2091,346.3571,6.82488,0,14,False
2,Right_Head_Far,114,59.07998,-0.05260595,1.092346,-0.0109713,-0.08543202,0.7438546,0.2010587,0.1074313,0.1742971,-0.005235806,-0.9788011,0.256749,0.7116112,0.2514559,0.05014297,0.1582713,-0.09121942,0.9818935,MathCanvas,-0.7786242,1.370841,3.505214,-0.05213255,1.092337,-0.01046358,-0.235045,0.08352011,0.9683895,-0.02186807,1.09631,-0.003354069,-0.2501346,0.08655636,0.9643343,-0.08334384,1.088383,-0.01858854,-0.2501346,0.08655636,0.9643343,-0.05260595,1.092346,-0.0109713,355.0345,345.4587,7.160708,0,14,False
2,Right_Head_Far,115,59.09998,-0.05363321,1.092327,-0.01179592,-0.08714893,0.7435027,0.2006253,0.1068723,0.1888632,0.001675137,-0.9761692,0.2539762,0.7121472,0.2535543,0.04678884,0.1575576,-0.08907509,0.9823706,MathCanvas,-0.7786242,1.370841,3.505214,-0.05260595,1.092346,-0.0109713,-0.250135,0.08655606,0.9643342,-0.02300194,1.096338,-0.00378421,-0.2628219,0.08793604,0.9608288,-0.08426447,1.088317,-0.01980763,-0.2628219,0.08793604,0.9608288,-0.05363321,1.092327,-0.01179592,354.9551,344.7017,7.247679,0,14,False
2,Right_Head_Far,116,59.11998,-0.05459713,1.092368,-0.0125712,-0.09019147,0.7432805,0.1997474,0.1078104,0.1983528,0.0004399493,-0.9741832,0.250437,0.7117186,0.2563574,0.05424774,0.161891,-0.07977495,0.9820817,MathCanvas,-0.7786242,1.370841,3.505214,-0.05365882,1.092376,-0.01182498,-0.2667629,0.08622448,0.9598973,-0.02414003,1.096461,-0.003959399,-0.2819886,0.08827917,0.9553477,-0.08505423,1.088275,-0.021183,-0.2819886,0.08827917,0.9553477,-0.05459713,1.092368,-0.0125712,354.9354,343.5551,7.396752,0,14,False
2,Right_Head_Far,117,59.13998,-0.05551602,1.092448,-0.01335692,-0.09280903,0.7431286,0.1988722,0.1078766,0.2025395,-0.003263064,-0.9733086,0.2460836,0.7104192,0.2589353,0.06616131,0.1610734,-0.0641139,0.9826329,MathCanvas,-0.7786242,1.370841,3.505214,-0.05459713,1.092368,-0.0125712,-0.2819888,0.08827893,0.9553477,-0.02521205,1.096602,-0.004248362,-0.2978696,0.08892247,0.950456,-0.08581998,1.088295,-0.02246549,-0.2978696,0.08892247,0.950456,-0.05551602,1.092448,-0.01335692,354.8984,342.5992,7.507829,0,14,False
2,Right_Head_Far,118,59.15998,-0.05734373,1.092435,-0.01516654,-0.0971985,0.7434266,0.1977755,0.1061244,0.2168789,0.0002870858,-0.9704129,0.2359433,0.7083304,0.2641553,0.07772049,0.1347619,-0.04719574,0.9866972,MathCanvas,-0.7786242,1.370841,3.505214,-0.05646412,1.0925,-0.01423769,-0.3136752,0.08984815,0.9452699,-0.02738079,1.096739,-0.005054816,-0.3301478,0.09107797,0.939525,-0.08730668,1.088131,-0.02527826,-0.3301478,0.09107797,0.939525,-0.05734373,1.092435,-0.01516654,354.7744,340.6386,7.782699,0,14,False
2,Right_Head_Far,119,59.17998,-0.05818873,1.092323,-0.01622196,-0.09940533,0.7437343,0.1970692,0.1063089,0.2198094,-0.002272845,-0.9697304,0.2310309,0.7079785,0.2663139,0.0774456,0.1197676,-0.04169084,0.9888983,MathCanvas,-0.7786242,1.370841,3.505214,-0.05734373,1.092435,-0.01516654,-0.3301475,0.09107809,0.9395251,-0.02841388,1.096694,-0.005596235,-0.3467352,0.09303748,0.9333375,-0.08796358,1.087953,-0.02684768,-0.3467352,0.09303748,0.9333375,-0.05818873,1.092323,-0.01622196,354.6616,339.62,7.905249,0,14,False
2,Right_Head_Far,120,59.19998,-0.05987996,1.092115,-0.01848366,-0.1046556,0.7445669,0.1948721,0.1079086,0.2313828,-0.007747442,-0.9668287,0.2218555,0.7064719,0.2699775,0.07813403,0.1261362,-0.0160352,0.9888011,MathCanvas,-0.7786242,1.370841,3.505214,-0.05903729,1.092246,-0.01728326,-0.3650654,0.09472388,0.9261504,-0.03057418,1.096695,-0.006704879,-0.384035,0.09543601,0.918373,-0.08918574,1.087534,-0.03026244,-0.384035,0.09543601,0.918373,-0.05987996,1.092115,-0.01848366,354.5236,337.3068,8.289618,0,14,False
2,Right_Head_Far,121,59.21998,-0.06085521,1.091972,-0.01974636,-0.1071379,0.7449508,0.1940182,0.1063938,0.239613,-0.009206496,-0.9649773,0.2171401,0.7057773,0.2718653,0.08053381,0.1202616,-0.009186913,0.9894277,MathCanvas,-0.7786242,1.370841,3.505214,-0.05987996,1.092115,-0.01848366,-0.3840354,0.0954359,0.9183729,-0.03181778,1.096651,-0.007357673,-0.4035681,0.09508436,0.9099954,-0.08989263,1.087292,-0.03213505,-0.4035681,0.09508436,0.9099954,-0.06085521,1.091972,-0.01974636,354.5438,336.0835,8.469708,0,14,False
2,Right_Head_Far,122,59.23998,-0.06282944,1.091648,-0.02269324,-0.1115682,0.7456297,0.1918757,0.1059608,0.2512808,-0.01171207,-0.9620256,0.2068021,0.7053276,0.2749525,0.07728625,0.1019956,0.005921696,0.9917604,MathCanvas,-0.7786242,1.370841,3.505214,-0.06191324,1.09167,-0.02126675,-0.4239365,0.09453353,0.9007448,-0.03439597,1.096435,-0.009012231,-0.4443891,0.09319113,0.8909735,-0.09126291,1.086861,-0.03637426,-0.4443891,0.09319113,0.8909735,-0.06282944,1.091648,-0.02269324,354.6528,333.4915,8.664519,0,14,False
2,Right_Head_Far,123,59.25998,-0.06362037,1.091555,-0.02419408,-0.1134133,0.7460345,0.1906229,0.1077241,0.2555547,-0.009301491,-0.9607293,0.2020827,0.7052981,0.2764021,0.07605344,0.08537332,0.008594271,0.993405,MathCanvas,-0.7786242,1.370841,3.505214,-0.06282944,1.091648,-0.02269324,-0.4443891,0.09319147,0.8909734,-0.03550056,1.096371,-0.009889325,-0.464175,0.09429681,0.8807097,-0.09174017,1.086738,-0.03849884,-0.464175,0.09429681,0.8807097,-0.06362037,1.091555,-0.02419408,354.5891,332.2087,8.719214,0,14,False
2,Right_Head_Far,124,59.27998,-0.06436367,1.091673,-0.02567253,-0.1154071,0.7462286,0.1896336,0.1073658,0.2621617,-0.007495359,-0.9590034,0.1977894,0.7052991,0.2773953,0.07352165,0.07200996,0.01134849,0.9946257,MathCanvas,-0.7786242,1.370841,3.505214,-0.06362037,1.091555,-0.02419408,-0.4641751,0.09429713,0.8807097,-0.03658243,1.096541,-0.01073741,-0.4843162,0.0959661,0.8696139,-0.0921449,1.086806,-0.04060764,-0.4843162,0.0959661,0.8696139,-0.06436367,1.091673,-0.02567253,354.4931,330.8851,8.81387,0,14,False
2,Right_Head_Far,125,59.29998,-0.06610483,1.091642,-0.02927499,-0.1197992,0.7460783,0.1878429,0.1051601,0.2795019,-0.007913792,-0.9543361,0.1910137,0.7058843,0.2796931,0.06214666,0.05295798,0.01159491,0.9965936,MathCanvas,-0.7786242,1.370841,3.505214,-0.06525176,1.091764,-0.02733332,-0.5035272,0.09779657,0.8584266,-0.03906178,1.096647,-0.01308319,-0.524663,0.09974273,0.8454467,-0.09314787,1.086637,-0.04546678,-0.524663,0.09974273,0.8454467,-0.06610483,1.091642,-0.02927499,354.2756,328.1773,9.06773,0,14,False
2,Right_Head_Far,126,59.31998,-0.06707208,1.091711,-0.03121186,-0.1218922,0.7459307,0.1868547,0.1047716,0.2848494,-0.01055397,-0.9527709,0.1884058,0.7063865,0.2811079,0.05615167,0.04493933,0.01053684,0.9973547,MathCanvas,-0.7786242,1.370841,3.505214,-0.06610483,1.091642,-0.02927499,-0.5246629,0.09974301,0.8454468,-0.04048727,1.096826,-0.01431123,-0.5474101,0.0997044,0.8309039,-0.09365689,1.086596,-0.04811248,-0.5474101,0.0997044,0.8309039,-0.06707208,1.091711,-0.03121186,354.2779,326.6226,9.269486,0,14,False
2,Right_Head_Far,127,59.33998,-0.06884842,1.091663,-0.03528713,-0.1252677,0.7457312,0.1844538,0.1065493,0.2924849,-0.00947731,-0.9502684,0.1840883,0.7071967,0.2846543,0.04715243,0.03438988,0.0154535,0.9981759,MathCanvas,-0.7786242,1.370841,3.505214,-0.06797095,1.091679,-0.03320687,-0.5705717,0.1009855,0.8150152,-0.04325077,1.09694,-0.01697176,-0.5927414,0.1027351,0.7988136,-0.09444608,1.086385,-0.05360251,-0.5927414,0.1027351,0.7988136,-0.06884842,1.091663,-0.03528713,354.1033,323.4236,9.569959,0,14,False
2,Right_Head_Far,128,59.35998,-0.06956902,1.091568,-0.03738536,-0.1267645,0.7456846,0.1830378,0.1099147,0.2967105,-0.006266885,-0.9486003,0.1829682,0.7071463,0.2877862,0.05350396,0.03431731,0.01100305,0.9979171,MathCanvas,-0.7786242,1.370841,3.505214,-0.06884842,1.091663,-0.03528713,-0.5927413,0.1027354,0.7988136,-0.04448704,1.096925,-0.01839205,-0.6144511,0.1041541,0.7820497,-0.09465101,1.086211,-0.05637867,-0.6144511,0.1041541,0.7820497,-0.06956902,1.091568,-0.03738536,354.0216,321.8435,9.716173,0,14,False
2,Right_Head_Far,129,59.37998,-0.07117134,1.091397,-0.04195408,-0.129944,0.7453727,0.18033,0.1126214,0.3091808,0.000392437,-0.9443111,0.1807727,0.7070656,0.2937694,0.06794897,0.03381706,0.005211816,0.9971019,MathCanvas,-0.7786242,1.370841,3.505214,-0.07036127,1.091434,-0.03960414,-0.6358286,0.1052295,0.7646233,-0.04723984,1.096915,-0.02157308,-0.6586974,0.1048034,0.7450731,-0.09510285,1.085879,-0.06233508,-0.6586974,0.1048034,0.7450731,-0.07117134,1.091397,-0.04195408,353.9842,318.5211,10.01168,0,14,False
2,Right_Head_Far,130,59.39998,-0.07202053,1.091084,-0.04443812,-0.1316381,0.7451786,0.1789963,0.1122281,0.3154029,0.00269045,-0.9422944,0.1795622,0.7072308,0.2961463,0.07108501,0.0303415,0.00413197,0.9970001,MathCanvas,-0.7786242,1.370841,3.505214,-0.07117134,1.091397,-0.04195408,-0.6586972,0.1048032,0.7450734,-0.04872328,1.096666,-0.02335203,-0.6810931,0.1057365,0.7245219,-0.09531778,1.085501,-0.06552422,-0.6810931,0.1057365,0.7245219,-0.07202053,1.091084,-0.04443812,353.9304,316.7697,10.13109,0,14,False
2,Right_Head_Far,131,59.41998,-0.07299718,1.090644,-0.04728814,-0.1331435,0.7450253,0.1776635,0.1120427,0.3218918,0.004028142,-0.9401149,0.1785283,0.7074033,0.2983277,0.07248139,0.02591148,0.001704232,0.9970317,MathCanvas,-0.7786242,1.370841,3.505214,-0.07202053,1.091084,-0.04443812,-0.681093,0.1057369,0.724522,-0.05044291,1.096423,-0.02546026,-0.7053298,0.1045045,0.7011338,-0.09555144,1.084865,-0.06911602,-0.7053298,0.1045045,0.7011338,-0.07299718,1.090644,-0.04728814,354.0014,314.8291,10.49051,0,14,False
2,Right_Head_Far,132,59.43998,-0.07477606,1.090378,-0.05283526,-0.1359952,0.7446455,0.1748419,0.1126052,0.3309573,0.004307568,-0.9368932,0.1759275,0.707809,0.3023615,0.06899614,0.01748875,-0.002611752,0.9974602,MathCanvas,-0.7786242,1.370841,3.505214,-0.07382142,1.090498,-0.0499332,-0.7288437,0.1051186,0.6765625,-0.05378499,1.096158,-0.02950055,-0.7521726,0.1058216,0.6504139,-0.09576714,1.084597,-0.07616997,-0.7521726,0.1058216,0.6504139,-0.07477606,1.090378,-0.05283526,353.9255,310.8504,10.49478,0,14,False
2,Right_Head_Far,133,59.45998,-0.07547136,1.090058,-0.05579348,-0.1372842,0.7443675,0.1734516,0.1120138,0.3343956,0.004466206,-0.9357418,0.1744798,0.7079775,0.3041392,0.06519458,0.01718732,-0.005111241,0.9977115,MathCanvas,-0.7786242,1.370841,3.505214,-0.07477606,1.090378,-0.05283526,-0.7521728,0.1058213,0.6504138,-0.05529296,1.095852,-0.03175563,-0.7740403,0.1062305,0.6241608,-0.09564977,1.084265,-0.07983133,-0.7740403,0.1062305,0.6241608,-0.07547136,1.090058,-0.05579348,353.9019,308.8816,10.51867,0,14,False
2,Right_Head_Far,134,59.47998,-0.07636099,1.089283,-0.06151795,-0.1401092,0.743409,0.1703639,0.1100869,0.341162,0.005378291,-0.9335205,0.1694535,0.708919,0.3083223,0.06769741,0.01144914,-0.007442221,0.9976125,MathCanvas,-0.7786242,1.370841,3.505214,-0.07596835,1.089804,-0.05860081,-0.7945873,0.1040734,0.5981636,-0.05785198,1.095065,-0.03616956,-0.8143634,0.1030415,0.5711347,-0.09486999,1.083502,-0.08686634,-0.8143634,0.1030415,0.5711347,-0.07636099,1.089283,-0.06151795,354.0857,305.043,10.49315,0,14,False
2,Right_Head_Far,135,59.49998,-0.07685219,1.089003,-0.0645711,-0.1416386,0.7428836,0.1687484,0.109642,0.3459949,0.007030428,-0.9317815,0.1661206,0.7101538,0.3102322,0.07337224,0.004046777,-0.0182122,0.9971302,MathCanvas,-0.7786242,1.370841,3.505214,-0.07636099,1.089283,-0.06151795,-0.8143635,0.1030414,0.5711345,-0.05923308,1.09482,-0.03860435,-0.8336399,0.1016228,0.5428789,-0.09447131,1.083186,-0.09053785,-0.8336399,0.1016228,0.5428789,-0.07685219,1.089003,-0.0645711,354.1674,303.0728,10.55794,0,14,False
2,Right_Head_Far,136,59.51998,-0.07764185,1.088491,-0.07082217,-0.1449442,0.7419842,0.1654692,0.1101617,0.357215,0.01012759,-0.9274477,0.1593207,0.7121655,0.3136435,0.0848209,-0.006865963,-0.04163456,0.9955024,MathCanvas,-0.7786242,1.370841,3.505214,-0.07727018,1.088765,-0.06767549,-0.8525553,0.1011174,0.512762,-0.06189298,1.094393,-0.04369858,-0.8697572,0.1010248,0.4830283,-0.09339072,1.082589,-0.09794576,-0.8697572,0.1010248,0.4830283,-0.07764185,1.088491,-0.07082217,354.2018,299.0461,10.71222,0,14,False
2,Right_Head_Far,137,59.53998,-0.07785255,1.08821,-0.07383152,-0.1465961,0.7415541,0.1638558,0.1108028,0.3618002,0.01101478,-0.9255821,0.1557068,0.7124876,0.3152799,0.09155748,-0.01138578,-0.04889789,0.9945334,MathCanvas,-0.7786242,1.370841,3.505214,-0.07764185,1.088491,-0.07082217,-0.8697572,0.1010249,0.4830283,-0.06298058,1.094078,-0.04621012,-0.8847817,0.1009332,0.454944,-0.09272452,1.082343,-0.1014529,-0.8847817,0.1009332,0.454944,-0.07785255,1.08821,-0.07383152,354.2071,297.2117,10.64952,0,14,False
2,Right_Head_Far,138,59.55998,-0.07769531,1.0877,-0.07928402,-0.1500558,0.7405349,0.1609346,0.1088971,0.3721589,0.01411444,-0.9216506,0.1480081,0.7131942,0.3181382,0.08704881,-0.01861851,-0.04873465,0.9948371,MathCanvas,-0.7786242,1.370841,3.505214,-0.07780402,1.087916,-0.07667198,-0.8979158,0.1005154,0.428537,-0.06445,1.093484,-0.05082966,-0.9096884,0.09876851,0.4033756,-0.09094062,1.081916,-0.1077384,-0.9096884,0.09876851,0.4033756,-0.07769531,1.0877,-0.07928402,354.3317,293.9135,10.49411,0,14,False
2,Right_Head_Far,139,59.57998,-0.07753251,1.087224,-0.08211026,-0.1518886,0.7402764,0.1593484,0.1079369,0.3782955,0.01513966,-0.9192458,0.1442742,0.7136728,0.3195716,0.08144888,-0.02608572,-0.0483036,0.9951645,MathCanvas,-0.7786242,1.370841,3.505214,-0.07769531,1.0877,-0.07928402,-0.9096885,0.0987689,0.4033753,-0.06504297,1.09296,-0.05330651,-0.9199945,0.09931758,0.3791386,-0.09002205,1.081488,-0.110914,-0.9199945,0.09931758,0.3791386,-0.07753251,1.087224,-0.08211026,354.3001,292.397,10.40616,0,14,False
2,Right_Head_Far,140,59.59998,-0.07746152,1.087125,-0.08471615,-0.1538161,0.7403347,0.1575846,0.1071881,0.3838461,0.01411624,-0.9170461,0.1407502,0.7137695,0.3210199,0.07884509,-0.030273,-0.04539534,0.9953926,MathCanvas,-0.7786242,1.370841,3.505214,-0.07753251,1.087224,-0.08211026,-0.9199944,0.09931787,0.3791388,-0.06576651,1.092859,-0.05558034,-0.9300634,0.09862387,0.3539144,-0.08915652,1.081391,-0.113852,-0.9300634,0.09862387,0.3539144,-0.07746152,1.087125,-0.08471615,354.3401,290.8332,10.40172,0,14,False
2,Right_Head_Far,141,59.61998,-0.07699718,1.086559,-0.08999012,-0.1570928,0.7406245,0.1539807,0.1090082,0.3918484,0.01361829,-0.9134477,0.1340867,0.7139561,0.3240715,0.08161841,-0.03884662,-0.04655255,0.9948177,MathCanvas,-0.7786242,1.370841,3.505214,-0.07732094,1.086926,-0.08745522,-0.9390611,0.09783074,0.329535,-0.06682156,1.092351,-0.06030083,-0.9471559,0.09744724,0.3056139,-0.08717281,1.080767,-0.1196794,-0.9471559,0.09744724,0.3056139,-0.07699718,1.086559,-0.08999012,354.4078,287.8831,10.50735,0,14,False
2,Right_Head_Far,142,59.63998,-0.07662819,1.08624,-0.09254485,-0.1585214,0.7407202,0.1522965,0.1109427,0.3958876,0.01546995,-0.9114414,0.1309782,0.7139013,0.325385,0.08294455,-0.04442509,-0.0466178,0.9944714,MathCanvas,-0.7786242,1.370841,3.505214,-0.07699718,1.086559,-0.08999012,-0.947156,0.09744731,0.3056135,-0.06711616,1.092019,-0.06263378,-0.9538221,0.09487593,0.2849947,-0.08614022,1.080461,-0.1224559,-0.9538221,0.09487593,0.2849947,-0.07662819,1.08624,-0.09254485,354.5558,286.6357,10.48032,1,15,False
2,Right_Head_Far,143,59.65998,-0.07578907,1.085927,-0.09697206,-0.1615568,0.740794,0.1492555,0.1124541,0.404577,0.01739238,-0.9073969,0.1253825,0.7131816,0.3274264,0.08205199,-0.05120734,-0.04190638,0.9944291,MathCanvas,-0.7786242,1.370841,3.505214,-0.07618783,1.08582,-0.09478434,-0.959799,0.0937621,0.2645651,-0.06751842,1.091615,-0.06667704,-0.9648774,0.09158334,0.2462193,-0.08405972,1.080239,-0.1272671,-0.9648774,0.09158334,0.2462193,-0.07578907,1.085927,-0.09697206,354.7453,284.3153,10.31054,1,15,False
2,Right_Head_Far,144,59.67998,-0.07529428,1.085802,-0.09915324,-0.162898,0.7407598,0.1478456,0.1132008,0.4084032,0.01765496,-0.9055831,0.1229704,0.7126207,0.3281534,0.08014358,-0.05361786,-0.03692877,0.994655,MathCanvas,-0.7786242,1.370841,3.505214,-0.07578907,1.085927,-0.09697206,-0.9648775,0.09158331,0.2462193,-0.06756245,1.091467,-0.0687119,-0.9689821,0.0937146,0.2286728,-0.0830261,1.080137,-0.1295946,-0.9689821,0.0937146,0.2286728,-0.07529428,1.085802,-0.09915324,354.6227,283.2784,10.27012,1,15,False
2,Right_Head_Far,145,59.69998,-0.07491203,1.085854,-0.1012133,-0.1641621,0.7407017,0.1464622,0.1140383,0.412147,0.01835081,-0.9037663,0.120553,0.7121831,0.3289794,0.07857645,-0.05663218,-0.03326289,0.9947422,MathCanvas,-0.7786242,1.370841,3.505214,-0.07529428,1.085802,-0.09915324,-0.9689823,0.09371462,0.2286725,-0.06772157,1.091493,-0.07063474,-0.9728477,0.09426494,0.21138,-0.0821025,1.080215,-0.1317919,-0.9728477,0.09426494,0.21138,-0.07491203,1.085854,-0.1012133,354.591,282.2587,10.22253,1,15,False
2,Right_Head_Far,146,59.71998,-0.07378407,1.08556,-0.1050667,-0.166215,0.7401914,0.1444297,0.1128869,0.420514,0.01857568,-0.9000441,0.1170217,0.711609,0.3299692,0.07539005,-0.06211095,-0.03004271,0.9947643,MathCanvas,-0.7786242,1.370841,3.505214,-0.0743106,1.085743,-0.1032841,-0.9759737,0.09605768,0.1955718,-0.06751088,1.091267,-0.07429944,-0.9786576,0.09589227,0.1817524,-0.08005726,1.079852,-0.1358339,-0.9786576,0.09589227,0.1817524,-0.07378407,1.08556,-0.1050667,354.4973,280.5209,10.3498,1,15,False
2,Right_Head_Far,147,59.73998,-0.07319261,1.085479,-0.1067568,-0.1671193,0.7399471,0.1435861,0.1115443,0.4229935,0.01773179,-0.8990662,0.1153155,0.7114609,0.3305297,0.07408544,-0.06443113,-0.02932618,0.9947361,MathCanvas,-0.7786242,1.370841,3.505214,-0.07378407,1.08556,-0.1050667,-0.9786577,0.09589252,0.181752,-0.06735506,1.09118,-0.07590281,-0.9811687,0.09524462,0.1680372,-0.07903016,1.079777,-0.1376107,-0.9811687,0.09524462,0.1680372,-0.07319261,1.085479,-0.1067568,354.5346,279.7183,10.33802,1,15,False
2,Right_Head_Far,148,59.75998,-0.07201517,1.085462,-0.1096308,-0.1680525,0.7393326,0.1426692,0.1085475,0.4243022,0.01723126,-0.8988259,0.1128837,0.7116697,0.3313213,0.07044432,-0.06674028,-0.02784426,0.994891,MathCanvas,-0.7786242,1.370841,3.505214,-0.07256089,1.085371,-0.1084005,-0.9829341,0.09544443,0.1572616,-0.06685995,1.091114,-0.07864644,-0.9846272,0.09517087,0.1464642,-0.0771704,1.079811,-0.1406152,-0.9846272,0.09517087,0.1464642,-0.07201517,1.085462,-0.1096308,354.5388,278.4608,10.24707,0,15,False
2,Right_Head_Far,149,59.77998,-0.07146449,1.085415,-0.1109102,-0.1683042,0.7391475,0.1422529,0.1088414,0.425602,0.01798937,-0.8981608,0.1120364,0.7117646,0.3317642,0.07112113,-0.06756329,-0.02701112,0.9948102,MathCanvas,-0.7786242,1.370841,3.505214,-0.07201517,1.085462,-0.1096308,-0.9846274,0.09517101,0.1464638,-0.06660485,1.091061,-0.07987708,-0.9860004,0.09483199,0.1371497,-0.07632413,1.079769,-0.1419433,-0.9860004,0.09483199,0.1371497,-0.07146449,1.085415,-0.1109102,354.5583,277.9189,10.23647,0,15,False
2,Right_Head_Far,150,59.79998,-0.07033835,1.085244,-0.1131588,-0.1685545,0.7388691,0.1416952,0.1099435,0.4287147,0.02062892,-0.8964879,0.1118331,0.7118471,0.3322585,0.07283048,-0.06597583,-0.02830143,0.9947572,MathCanvas,-0.7786242,1.370841,3.505214,-0.07081243,1.085185,-0.112158,-0.9871489,0.0943142,0.1290036,-0.06598105,1.09086,-0.08204588,-0.988267,0.09221607,0.1217569,-0.07469565,1.079627,-0.1442717,-0.988267,0.09221607,0.1217569,-0.07033835,1.085244,-0.1131588,354.7089,277.0236,10.18055,0,15,False
2,Right_Head_Far,151,59.81998,-0.06980873,1.085325,-0.1141378,-0.168488,0.7386474,0.1415569,0.1103876,0.4298395,0.02109862,-0.8958836,0.1125416,0.7117155,0.3321039,0.07401884,-0.06444898,-0.02867965,0.9947588,MathCanvas,-0.7786242,1.370841,3.505214,-0.07033835,1.085244,-0.1131588,-0.9882668,0.09221625,0.1217572,-0.0656451,1.09092,-0.08299439,-0.9889585,0.09278999,0.1155474,-0.07397236,1.079731,-0.1452813,-0.9889585,0.09278999,0.1155474,-0.06980873,1.085325,-0.1141378,354.6759,276.6641,10.14004,0,15,False
2,Right_Head_Far,152,59.83998,-0.06901318,1.085863,-0.1157629,-0.167822,0.7383592,0.1419197,0.1092658,0.4277763,0.02093296,-0.8970118,0.1115812,0.7106124,0.3336043,0.07972541,-0.06281781,-0.02605079,0.9944944,MathCanvas,-0.7786242,1.370841,3.505214,-0.06942049,1.085564,-0.1150217,-0.989568,0.0951041,0.1082154,-0.06525093,1.091564,-0.08458759,-0.9900035,0.09784772,0.1015822,-0.07277542,1.080163,-0.1469381,-0.9900035,0.09784772,0.1015822,-0.06901318,1.085863,-0.1157629,354.3848,275.8585,10.3394,0,15,False
2,Right_Head_Far,153,59.85998,-0.06861625,1.085955,-0.1163607,-0.167602,0.7381271,0.1419903,0.108089,0.4272871,0.02024497,-0.8974033,0.1120797,0.7100728,0.3340115,0.08244631,-0.06232543,-0.02496247,0.9943315,MathCanvas,-0.7786242,1.370841,3.505214,-0.06901318,1.085863,-0.1157629,-0.9900036,0.09784736,0.1015821,-0.06501739,1.091694,-0.08517318,-0.9903402,0.1002044,0.09584039,-0.07221511,1.080216,-0.1475482,-0.9903402,0.1002044,0.09584039,-0.06861625,1.085955,-0.1163607,354.2491,275.5276,10.41249,0,15,False
2,Right_Head_Far,154,59.87998,-0.06803337,1.085977,-0.1177013,-0.1667586,0.7369255,0.1422811,0.1035244,0.4258869,0.01656614,-0.8986816,0.1132675,0.7094735,0.3346629,0.08493874,-0.05909808,-0.02374666,0.9943485,MathCanvas,-0.7786242,1.370841,3.505214,-0.06826246,1.085933,-0.1170927,-0.9906059,0.1022289,0.09082663,-0.06469965,1.091823,-0.08650421,-0.9908826,0.1032641,0.08653599,-0.0713671,1.080131,-0.1488985,-0.9908826,0.1032641,0.08653599,-0.06803337,1.085977,-0.1177013,354.0728,274.9911,10.61177,0,15,False
2,Right_Head_Far,155,59.89998,-0.06785516,1.086029,-0.1182963,-0.1663316,0.7363052,0.1427771,0.1011797,0.4247064,0.01618529,-0.8995139,0.1139279,0.7093673,0.3349578,0.08604959,-0.05679435,-0.02417324,0.994377,MathCanvas,-0.7786242,1.370841,3.505214,-0.06803337,1.085977,-0.1177013,-0.9908826,0.1032638,0.08653617,-0.06464633,1.091896,-0.08708998,-0.9911942,0.1036216,0.08244133,-0.07106399,1.080163,-0.1495027,-0.9911942,0.1036216,0.08244133,-0.06785516,1.086029,-0.1182963,354.0522,274.7546,10.64997,0,15,False
2,Right_Head_Far,156,59.91998,-0.06760568,1.08612,-0.1187298,-0.1657965,0.7354345,0.1435836,0.09818826,0.4228683,0.01721193,-0.9006916,0.1146875,0.7094188,0.3353235,0.0873009,-0.05367678,-0.02578625,0.9944006,MathCanvas,-0.7786242,1.370841,3.505214,-0.06785516,1.086029,-0.1182963,-0.9911942,0.1036214,0.08244157,-0.06453444,1.092032,-0.08751821,-0.9915317,0.103918,0.07788366,-0.07067692,1.080208,-0.1499414,-0.9915317,0.103918,0.07788366,-0.06760568,1.08612,-0.1187298,354.0352,274.4913,10.73405,0,15,False
2,Right_Head_Far,157,59.93998,-0.06729244,1.086268,-0.1202593,-0.164757,0.7336191,0.1452764,0.09180889,0.419296,0.01967712,-0.902981,0.1160666,0.7095605,0.3358977,0.08910231,-0.04829524,-0.02916833,0.9944232,MathCanvas,-0.7786242,1.370841,3.505214,-0.06742864,1.086156,-0.1193493,-0.9917795,0.1049479,0.07320911,-0.06453735,1.092332,-0.08904754,-0.9920532,0.1065857,0.06685865,-0.07004752,1.080203,-0.1514712,-0.9920532,0.1065857,0.06685865,-0.06729244,1.086268,-0.1202593,353.8815,273.8556,11.01797,0,15,False
2,Right_Head_Far,158,59.95998,-0.06717638,1.086325,-0.1212708,-0.1643424,0.7327653,0.1459558,0.08989237,0.418514,0.02100283,-0.9035067,0.1167745,0.7098989,0.3358348,0.08847276,-0.04640832,-0.03190417,0.9944853,MathCanvas,-0.7786242,1.370841,3.505214,-0.06729244,1.086268,-0.1202593,-0.9920532,0.1065856,0.06685901,-0.06466587,1.0925,-0.09006009,-0.9924389,0.107914,0.05847734,-0.06968689,1.08015,-0.1524816,-0.9924389,0.107914,0.05847734,-0.06717638,1.086325,-0.1212708,353.8049,273.3721,11.22321,0,15,False
2,Right_Head_Far,159,59.97998,-0.06726123,1.086196,-0.1234505,-0.1639407,0.7308297,0.1481416,0.07871124,0.4287607,0.02908254,-0.8995126,0.1177088,0.7104816,0.3355691,0.08882234,-0.04607069,-0.03355144,0.9944156,MathCanvas,-0.7786242,1.370841,3.505214,-0.06716669,1.086311,-0.1223398,-0.9929712,0.1083335,0.04766577,-0.06539387,1.092554,-0.09223142,-0.9934437,0.1080249,0.03742158,-0.0691286,1.079837,-0.1546696,-0.9934437,0.1080249,0.03742158,-0.06726123,1.086196,-0.1234505,353.7985,272.1572,11.56049,0,15,False
2,Right_Head_Far,160,59.99998,-0.0673582,1.086105,-0.1247497,-0.1640172,0.7296255,0.1490974,0.07416544,0.4281784,0.02594751,-0.900272,0.1175403,0.7104632,0.3353913,0.08943341,-0.04816202,-0.0320822,0.9943103,MathCanvas,-0.7786242,1.370841,3.505214,-0.06726123,1.086196,-0.1234505,-0.9934437,0.1080249,0.03742129,-0.06580395,1.092538,-0.09352869,-0.9938163,0.1076295,0.02729774,-0.06891245,1.079672,-0.1559706,-0.9938163,0.1076295,0.02729774,-0.0673582,1.086105,-0.1247497,353.8213,271.5734,11.69752,0,15,False
2,Right_Head_Far,161,60.01998,-0.0677883,1.086144,-0.1274054,-0.1636996,0.727236,0.1502353,0.0713253,0.4210671,0.02325054,-0.9039218,0.1181857,0.7104952,0.3350314,0.09119669,-0.04897359,-0.03189118,0.9941165,MathCanvas,-0.7786242,1.370841,3.505214,-0.06757858,1.086211,-0.1260636,-0.9941939,0.1064548,0.01568216,-0.06700745,1.09268,-0.09617707,-0.9943029,0.1065615,0.002556801,-0.06856914,1.079607,-0.1586338,-0.9943029,0.1065615,0.002556801,-0.0677883,1.086144,-0.1274054,353.8829,270.1473,11.88725,0,15,False
2,Right_Head_Far,162,60.03998,-0.06796012,1.085998,-0.1287182,-0.1632552,0.7262056,0.1507155,0.07351014,0.4124157,0.02375986,-0.9077142,0.1184588,0.710449,0.3348852,0.09169307,-0.04874081,-0.03210612,0.9940754,MathCanvas,-0.7786242,1.370841,3.505214,-0.0677883,1.086144,-0.1274054,-0.9943028,0.1065614,0.002556801,-0.06754948,1.092562,-0.09748845,-0.9942855,0.1063496,-0.009278536,-0.06837076,1.079434,-0.1599479,-0.9942855,0.1063496,-0.009278536,-0.06796012,1.085998,-0.1287182,353.8951,269.4653,11.93726,0,15,False
2,Right_Head_Far,163,60.05998,-0.06857473,1.085364,-0.130747,-0.1628133,0.7248036,0.1518401,0.07314397,0.4114754,0.03263247,-0.9078949,0.1193195,0.7099379,0.3349436,0.09423701,-0.04701499,-0.03196687,0.9939251,MathCanvas,-0.7786242,1.370841,3.505214,-0.06823043,1.085685,-0.1298252,-0.9943445,0.1043973,-0.01950204,-0.06881523,1.091876,-0.09950467,-0.9944016,0.1016548,-0.02884352,-0.06833422,1.078852,-0.1619893,-0.9944016,0.1016548,-0.02884352,-0.06857473,1.085364,-0.130747,354.1655,268.3386,11.83581,0,15,False
2,Right_Head_Far,164,60.07998,-0.06900322,1.084903,-0.1316029,-0.1631719,0.7244662,0.1520523,0.07300034,0.4157802,0.03240004,-0.9059514,0.1195249,0.7096838,0.3348833,0.09430183,-0.04631582,-0.03139865,0.9939699,MathCanvas,-0.7786242,1.370841,3.505214,-0.06857473,1.085364,-0.130747,-0.9944015,0.1016549,-0.02884316,-0.06949548,1.091403,-0.1003611,-0.9943441,0.09976432,-0.03642535,-0.06851096,1.078403,-0.1628447,-0.9943441,0.09976432,-0.03642535,-0.06900322,1.084903,-0.1316029,354.2744,267.902,11.81219,0,15,False
2,Right_Head_Far,165,60.09998,-0.06953841,1.084779,-0.1323828,-0.1634665,0.7249145,0.1518821,0.07335303,0.4172733,0.0298567,-0.9053237,0.1197031,0.7094797,0.3347276,0.09433881,-0.04576028,-0.03064572,0.9940156,MathCanvas,-0.7786242,1.370841,3.505214,-0.06900322,1.084903,-0.1316029,-0.9943442,0.09976435,-0.03642559,-0.07023892,1.091234,-0.1011357,-0.9943601,0.09722205,-0.04237711,-0.0688379,1.078323,-0.16363,-0.9943601,0.09722205,-0.04237711,-0.06953841,1.084779,-0.1323828,354.4208,267.5597,11.72608,0,15,False
2,Right_Head_Far,166,60.11998,-0.07058461,1.084286,-0.1334231,-0.1635534,0.7252033,0.1520665,0.07386297,0.416083,0.02829476,-0.90588,0.1199762,0.7091352,0.3345491,0.09394927,-0.0448937,-0.02900378,0.9941413,MathCanvas,-0.7786242,1.370841,3.505214,-0.0700454,1.0846,-0.1329876,-0.9943428,0.09465551,-0.04819691,-0.07158537,1.090639,-0.1021631,-0.9943556,0.09316431,-0.05076694,-0.06958385,1.077933,-0.1646831,-0.9943556,0.09316431,-0.05076694,-0.07058461,1.084286,-0.1334231,354.6543,267.0773,11.53276,0,15,False
2,Right_Head_Far,167,60.13998,-0.0711195,1.083963,-0.1337684,-0.1634718,0.7253196,0.1523833,0.07658547,0.4149445,0.02810577,-0.906182,0.1201302,0.7089775,0.3345191,0.09352311,-0.04407869,-0.02803331,0.9942458,MathCanvas,-0.7786242,1.370841,3.505214,-0.07058461,1.084286,-0.1334231,-0.9943557,0.09316439,-0.05076683,-0.07213711,1.090276,-0.1025009,-0.9945834,0.09074315,-0.05069005,-0.07010189,1.07765,-0.165036,-0.9945834,0.09074315,-0.05069005,-0.0711195,1.083963,-0.1337684,354.7936,267.0824,11.45665,0,15,False
2,Right_Head_Far,168,60.15998,-0.0723777,1.08348,-0.1341449,-0.1631094,0.7264907,0.1525093,0.08352403,0.4137175,0.02988528,-0.9060732,0.1203464,0.7091134,0.3339903,0.09296644,-0.04287599,-0.02782873,0.9943563,MathCanvas,-0.7786242,1.370841,3.505214,-0.07175066,1.083727,-0.1339508,-0.9948341,0.08810604,-0.05042589,-0.07338108,1.089797,-0.1028778,-0.9949253,0.0875345,-0.04961371,-0.07137431,1.077163,-0.165412,-0.9949253,0.0875345,-0.04961371,-0.0723777,1.08348,-0.1341449,354.9782,267.1452,11.46136,0,15,False
2,Right_Head_Far,169,60.17998,-0.07296072,1.083523,-0.1342813,-0.1629564,0.7270732,0.1523512,0.08653447,0.4132871,0.02981621,-0.9059893,0.1204563,0.7091752,0.3337373,0.09318414,-0.04245843,-0.02783763,0.9943536,MathCanvas,-0.7786242,1.370841,3.505214,-0.0723777,1.08348,-0.1341449,-0.9949251,0.08753462,-0.04961383,-0.07390991,1.089841,-0.1030126,-0.9950506,0.08711264,-0.04780734,-0.07201153,1.077205,-0.1655499,-0.9950506,0.08711264,-0.04780734,-0.07296072,1.083523,-0.1342813,355.0025,267.2493,11.46226,0,15,False
2,Right_Head_Far,170,60.19998,-0.07411848,1.083296,-0.1338953,-0.1624904,0.7278346,0.1520631,0.09144736,0.4134691,0.03044065,-0.9054027,0.1207462,0.7090847,0.333526,0.0936499,-0.04180803,-0.02779711,0.9943386,MathCanvas,-0.7786242,1.370841,3.505214,-0.07355351,1.083447,-0.1341567,-0.9951249,0.08744295,-0.04561126,-0.07488565,1.089612,-0.1026214,-0.9953178,0.08705509,-0.04199886,-0.07335131,1.076979,-0.1651693,-0.9953178,0.08705509,-0.04199886,-0.07411848,1.083296,-0.1338953,355.0058,267.5837,11.45954,0,15,False
2,Right_Head_Far,171,60.21998,-0.07461635,1.083132,-0.1336666,-0.1624071,0.7281125,0.1520879,0.09252084,0.412189,0.02998282,-0.9058925,0.120907,0.7091058,0.3332019,0.09384613,-0.04122505,-0.02786304,0.9943425,MathCanvas,-0.7786242,1.370841,3.505214,-0.07411848,1.083296,-0.1338953,-0.9953178,0.08705485,-0.04199934,-0.07522251,1.089441,-0.1023876,-0.9956983,0.08517283,-0.03647566,-0.07401019,1.076823,-0.1649456,-0.9956983,0.08517283,-0.03647566,-0.07461635,1.083132,-0.1336666,355.114,267.902,11.44395,0,15,False
2,Right_Head_Far,172,60.23998,-0.07510644,1.083108,-0.1335185,-0.1623392,0.7281871,0.152148,0.09218076,0.411253,0.02924787,-0.9063765,0.1210523,0.7091094,0.3329363,0.09398513,-0.04060954,-0.02793652,0.9943526,MathCanvas,-0.7786242,1.370841,3.505214,-0.07461635,1.083132,-0.1336666,-0.9956983,0.08517265,-0.03647566,-0.07558808,1.089401,-0.102234,-0.995955,0.08388472,-0.03220558,-0.0746248,1.076816,-0.164803,-0.995955,0.08388472,-0.03220558,-0.07510644,1.083108,-0.1335185,355.1881,268.1479,11.41193,0,15,False
2,Right_Head_Far,173,60.25998,-0.07608053,1.083119,-0.1332292,-0.1618512,0.7279292,0.152363,0.09155772,0.4082662,0.0284511,-0.9078141,0.1214321,0.7090322,0.3325593,0.09385068,-0.03894565,-0.02759549,0.9944414,MathCanvas,-0.7786242,1.370841,3.505214,-0.07565252,1.083193,-0.1334055,-0.9960263,0.08407843,-0.02936959,-0.07639626,1.089368,-0.1019339,-0.9960295,0.08483477,-0.02698922,-0.0757648,1.07687,-0.1645245,-0.9960295,0.08483477,-0.02698922,-0.07608053,1.083119,-0.1332292,355.1335,268.4478,11.33349,0,15,False
2,Right_Head_Far,174,60.27998,-0.07649202,1.082996,-0.1329152,-0.1616024,0.7277904,0.1524044,0.09193037,0.4074343,0.02876461,-0.9081402,0.1215208,0.7090371,0.3324768,0.09352718,-0.03861267,-0.02758145,0.9944853,MathCanvas,-0.7786242,1.370841,3.505214,-0.07608053,1.083119,-0.1332292,-0.9960295,0.08483486,-0.02698922,-0.0767297,1.089227,-0.1016156,-0.9961829,0.08385272,-0.02425849,-0.07625434,1.076765,-0.1642148,-0.9961829,0.08385272,-0.02425849,-0.07649202,1.082996,-0.1329152,355.1899,268.605,11.29927,0,15,False
2,Right_Head_Far,175,60.29998,-0.07730505,1.082709,-0.1322927,-0.1612794,0.7276089,0.1524576,0.09347188,0.4061326,0.03029959,-0.908516,0.1217293,0.7093627,0.3319525,0.09164882,-0.0376677,-0.02764479,0.9946947,MathCanvas,-0.7786242,1.370841,3.505214,-0.07693467,1.08274,-0.1325204,-0.996489,0.08111218,-0.02074468,-0.07734983,1.088881,-0.1009806,-0.9967831,0.0783525,-0.0168705,-0.07726026,1.076537,-0.1636049,-0.9967831,0.0783525,-0.0168705,-0.07730505,1.082709,-0.1322927,355.5061,269.0304,11.18584,0,15,False
2,Right_Head_Far,176,60.31998,-0.0777597,1.082706,-0.1319874,-0.1611621,0.7274958,0.1525178,0.09350414,0.405379,0.03040141,-0.9088457,0.1217353,0.7094076,0.3318668,0.09143174,-0.03761958,-0.02749729,0.9947205,MathCanvas,-0.7786242,1.370841,3.505214,-0.07730505,1.082709,-0.1322927,-0.996783,0.07835247,-0.01687062,-0.077735,1.088844,-0.1006685,-0.9968491,0.07798763,-0.01449764,-0.0777844,1.076569,-0.1633064,-0.9968491,0.07798763,-0.01449764,-0.0777597,1.082706,-0.1319874,355.5271,269.1668,11.12234,0,15,False
2,Right_Head_Far,177,60.33998,-0.07856055,1.083111,-0.1314362,-0.1608056,0.7273039,0.1526188,0.09481112,0.4037359,0.03021316,-0.9094478,0.1218125,0.7092545,0.3317859,0.0918372,-0.03761817,-0.02660124,0.9947076,MathCanvas,-3.627082,1.361702,-0.1920601,-0.07820614,1.082932,-0.1317402,-0.9967668,0.07937497,-0.01247811,-0.07839271,1.089138,-0.1000962,-0.9966595,0.08102424,-0.01024306,-0.07872838,1.077085,-0.1627763,-0.9966595,0.08102424,-0.01024306,-0.07856055,1.083111,-0.1314362,355.3526,269.4112,10.92096,0,15,False
2,Right_Head_Far,178,60.35998,-0.07885219,1.083007,-0.1309791,-0.1607989,0.7273582,0.1526463,0.0956479,0.4023704,0.02993754,-0.9099743,0.1219173,0.7089832,0.3318435,0.09227277,-0.03755682,-0.02580411,0.9946906,MathCanvas,-3.624928,1.365517,-0.1758318,-0.07856055,1.083111,-0.1314362,-0.9966595,0.08102424,-0.0102433,-0.07860553,1.088973,-0.09962785,-0.9965385,0.08275513,-0.007905841,-0.07909885,1.077042,-0.1623304,-0.9965385,0.08275513,-0.007905841,-0.07885219,1.083007,-0.1309791,355.2531,269.5455,10.81045,0,15,False
2,Right_Head_Far,179,60.37998,-0.07930669,1.082781,-0.129962,-0.1608203,0.7275123,0.1527242,0.09739307,0.4010875,0.02923501,-0.9103783,0.121871,0.7085992,0.3317936,0.09196714,-0.03762982,-0.02377391,0.9947668,MathCanvas,-3.624928,1.365517,-0.1758318,-0.0790883,1.082904,-0.1305235,-0.9966083,0.08216245,-0.004621625,-0.07886482,1.088638,-0.0985925,-0.9967449,0.08061337,-0.001011848,-0.07974856,1.076924,-0.1613315,-0.9967449,0.08061337,-0.001011848,-0.07930669,1.082781,-0.129962,355.3762,269.9418,10.61019,0,15,False
2,Right_Head_Far,180,60.39998,-0.0795256,1.08285,-0.1295249,-0.1607771,0.7275541,0.1527956,0.09860018,0.4004158,0.02866156,-0.9105623,0.1216649,0.7084652,0.3316618,0.09131364,-0.03824866,-0.02239826,0.9948353,MathCanvas,-3.624928,1.365517,-0.1758318,-0.07930669,1.082781,-0.129962,-0.996745,0.08061314,-0.001011968,-0.07900677,1.088681,-0.09815157,-0.9968013,0.07990378,0.001634777,-0.08004444,1.07702,-0.1608981,-0.9968013,0.07990378,0.001634777,-0.0795256,1.08285,-0.1295249,355.417,270.094,10.56077,0,15,False
2,Right_Head_Far,181,60.41998,-0.07974619,1.083172,-0.1291002,-0.1607561,0.7276568,0.1528113,0.09967399,0.3997189,0.02850443,-0.9107565,0.1214774,0.708359,0.3315549,0.09077812,-0.03909903,-0.02147689,0.9948716,MathCanvas,-3.617946,1.369025,-0.1331173,-0.0795256,1.08285,-0.1295249,-0.9968013,0.07990398,0.001634538,-0.07916363,1.088978,-0.09772348,-0.9967861,0.08002374,0.003698826,-0.08032875,1.077366,-0.1604769,-0.9967861,0.08002374,0.003698826,-0.07974619,1.083172,-0.1291002,355.4101,270.2126,10.51608,0,15,False
2,Right_Head_Far,182,60.43998,-0.08012259,1.083712,-0.1278133,-0.160772,0.7283589,0.1525262,0.1041935,0.3975574,0.02864044,-0.9111924,0.1211494,0.7080774,0.3314921,0.09062803,-0.04038294,-0.02010666,0.9948626,MathCanvas,-3.615696,1.366615,-0.123302,-0.07994213,1.083482,-0.1285133,-0.9965824,0.08238821,0.005984902,-0.07933249,1.089383,-0.09641649,-0.996379,0.08445497,0.009818435,-0.08091269,1.07804,-0.1592101,-0.996379,0.08445497,0.009818435,-0.08012259,1.083712,-0.1278133,355.1553,270.5646,10.27329,0,15,False
2,Right_Head_Far,183,60.45998,-0.08018997,1.083893,-0.1270261,-0.1607557,0.7286102,0.1523699,0.1064787,0.3975455,0.0279963,-0.9109534,0.1208174,0.7078633,0.3314492,0.08984649,-0.04106364,-0.01852291,0.9949363,MathCanvas,-3.615696,1.366615,-0.123302,-0.08012259,1.083712,-0.1278133,-0.996379,0.08445521,0.009818375,-0.07925717,1.089479,-0.09561795,-0.9962372,0.08546676,0.01438677,-0.08112276,1.078307,-0.1584343,-0.9962372,0.08546676,0.01438677,-0.08018997,1.083893,-0.1270261,355.0971,270.8274,10.11787,0,15,False
2,Right_Head_Far,184,60.47998,-0.08026724,1.084244,-0.1252543,-0.1608719,0.7289295,0.1522148,0.1089525,0.3971192,0.02534931,-0.9109243,0.1202063,0.7074922,0.331333,0.08758554,-0.04205865,-0.01415106,0.9951681,MathCanvas,-3.615696,1.366615,-0.123302,-0.08023973,1.084064,-0.1261597,-0.9960659,0.0863537,0.01989734,-0.07900221,1.089685,-0.09383231,-0.9958442,0.08759609,0.02492434,-0.08153228,1.078803,-0.1566764,-0.9958442,0.08759609,0.02492434,-0.08026724,1.084244,-0.1252543,354.9747,271.4337,9.854165,0,15,False
2,Right_Head_Far,185,60.49998,-0.08022276,1.084494,-0.1244367,-0.160953,0.7288812,0.1523311,0.1075487,0.3970981,0.02527344,-0.9111024,0.1200897,0.7074502,0.3312595,0.08688065,-0.04277162,-0.0133122,0.9952111,MathCanvas,-3.615696,1.366615,-0.123302,-0.08026724,1.084244,-0.1252543,-0.9958442,0.08759638,0.02492428,-0.07880684,1.089867,-0.0930094,-0.9956088,0.08878279,0.02967709,-0.08163867,1.079121,-0.155864,-0.9956088,0.08878279,0.02967709,-0.08022276,1.084494,-0.1244367,354.9064,271.7074,9.73095,0,15,False
2,Right_Head_Far,186,60.51998,-0.07994293,1.08496,-0.1225313,-0.1610627,0.7289289,0.1524163,0.1083607,0.3958835,0.02362807,-0.9115788,0.1195413,0.7073232,0.330862,0.08441282,-0.04647064,-0.01124491,0.9952832,MathCanvas,-3.615696,1.366615,-0.123302,-0.08011112,1.084721,-0.1235135,-0.9952787,0.09091234,0.03399163,-0.07820044,1.090182,-0.09109509,-0.9949067,0.09262878,0.03975767,-0.08168542,1.079737,-0.1539675,-0.9949067,0.09262878,0.03975767,-0.07994293,1.08496,-0.1225313,354.6852,272.2884,9.459787,0,15,False
2,Right_Head_Far,187,60.53998,-0.0797098,1.085256,-0.1214567,-0.1610615,0.7289159,0.1524089,0.1087708,0.3959731,0.02378522,-0.911487,0.1191953,0.7072801,0.330646,0.08329198,-0.04879071,-0.01023625,0.9952774,MathCanvas,-3.615696,1.366615,-0.123302,-0.07994293,1.08496,-0.1225313,-0.9949067,0.09262883,0.03975749,-0.07775046,1.090369,-0.09001525,-0.9945188,0.09351665,0.04676747,-0.08166914,1.080143,-0.1528981,-0.9945188,0.09351665,0.04676747,-0.0797098,1.085256,-0.1214567,354.6341,272.6924,9.26019,0,15,False
2,Right_Head_Far,188,60.55998,-0.07917832,1.085679,-0.1184535,-0.1611128,0.7289044,0.1523763,0.109864,0.3965974,0.02397216,-0.9110795,0.118558,0.7071795,0.3300923,0.08196215,-0.05319178,-0.007714836,0.9951851,MathCanvas,-3.615696,1.366615,-0.123302,-0.07947508,1.085368,-0.1200102,-0.9939149,0.09479366,0.05610275,-0.07661814,1.090443,-0.08700038,-0.9932541,0.09502705,0.06645417,-0.08173849,1.080915,-0.1499066,-0.9932541,0.09502705,0.06645417,-0.07917832,1.085679,-0.1184535,354.5471,273.8277,8.624229,0,15,False
2,Right_Head_Far,189,60.57998,-0.07884705,1.085805,-0.1168203,-0.1611968,0.7288363,0.1523766,0.1107754,0.3965831,0.02343559,-0.9109893,0.1180797,0.7073748,0.3295571,0.07916144,-0.05656395,-0.006577242,0.995234,MathCanvas,-3.615696,1.366615,-0.123302,-0.07917832,1.085679,-0.1184535,-0.9932541,0.09502719,0.06645405,-0.0759285,1.090399,-0.08537313,-0.992297,0.09621237,0.07803774,-0.0817656,1.081211,-0.1482675,-0.992297,0.09621237,0.07803774,-0.07884705,1.085805,-0.1168203,354.4789,274.4967,8.315111,0,15,False
2,Right_Head_Far,190,60.59998,-0.07847001,1.086104,-0.1152075,-0.1613206,0.7287051,0.1523966,0.1122566,0.3958686,0.02234353,-0.9111462,0.117507,0.7077051,0.3289509,0.07547463,-0.06071196,-0.005245882,0.995284,MathCanvas,-3.615696,1.366615,-0.123302,-0.07884705,1.085805,-0.1168203,-0.992297,0.09621289,0.0780378,-0.07522079,1.090547,-0.08377109,-0.9912286,0.09806794,0.08859181,-0.08171923,1.081661,-0.146644,-0.9912286,0.09806794,0.08859181,-0.07847001,1.086104,-0.1152075,354.3721,275.1073,8.041314,0,15,False
2,Right_Head_Far,191,60.61998,-0.07717684,1.087337,-0.1112148,-0.1615303,0.7286244,0.1523914,0.1116835,0.3971711,0.02338932,-0.9106233,0.1161662,0.7086264,0.3271975,0.06685639,-0.07079991,-0.002704861,0.9952438,MathCanvas,-3.615696,1.366615,-0.123302,-0.077894,1.08671,-0.1133703,-0.9896227,0.1011008,0.1021049,-0.07300173,1.091366,-0.07983191,-0.9874993,0.1045585,0.1179518,-0.08135195,1.083308,-0.1425976,-0.9874993,0.1045585,0.1179518,-0.07717684,1.087337,-0.1112148,353.9983,276.8114,7.292491,0,15,False
2,Right_Head_Far,192,60.63998,-0.07630738,1.087996,-0.1087346,-0.1619527,0.7284349,0.152417,0.1111142,0.3987345,0.02364868,-0.9100029,0.1153757,0.709154,0.3260734,0.06126795,-0.07706072,0.0003130772,0.9951421,MathCanvas,-3.615696,1.366615,-0.123302,-0.07717684,1.087337,-0.1112148,-0.9874994,0.1045585,0.1179515,-0.07150588,1.091807,-0.0774141,-0.9845569,0.1079798,0.1377972,-0.08110888,1.084185,-0.1400551,-0.9845569,0.1079798,0.1377972,-0.07630738,1.087996,-0.1087346,353.8011,277.9673,6.898026,0,15,False
2,Right_Head_Far,193,60.65998,-0.07449514,1.088856,-0.1034187,-0.1633551,0.7276224,0.1527371,0.1087674,0.4023399,0.02231437,-0.9087323,0.1138729,0.709938,0.3240865,0.05197907,-0.08765556,0.005310338,0.9947796,MathCanvas,-3.615696,1.366615,-0.123302,-0.07545913,1.088445,-0.1061791,-0.9809994,0.1114298,0.1588194,-0.06839796,1.092165,-0.07226711,-0.9771048,0.1149468,0.1790344,-0.08059231,1.085547,-0.1345703,-0.9771048,0.1149468,0.1790344,-0.07449514,1.088856,-0.1034187,353.3994,280.3831,5.991428,0,15,False
2,Right_Head_Far,194,60.67998,-0.07350453,1.089441,-0.1008156,-0.164435,0.7269868,0.1530568,0.1058872,0.404216,0.02093464,-0.9082726,0.1131632,0.7102792,0.3230875,0.04945132,-0.09206133,0.007047251,0.9944997,MathCanvas,-3.615696,1.366615,-0.123302,-0.07449514,1.088856,-0.1034187,-0.977105,0.1149467,0.1790342,-0.0667125,1.092489,-0.06978139,-0.9725192,0.1168766,0.2013615,-0.08029656,1.086393,-0.1318499,-0.9725192,0.1168766,0.2013615,-0.07350453,1.089441,-0.1008156,353.2881,281.6979,5.51892,0,15,False
2,Right_Head_Far,195,60.69998,-0.07108331,1.090429,-0.09459662,-0.165684,0.7258622,0.1537324,0.1003911,0.4076183,0.01945867,-0.9074086,0.1123438,0.7101511,0.321858,0.05332133,-0.09824444,0.006384239,0.9937123,MathCanvas,-3.615696,1.366615,-0.123302,-0.07243474,1.089899,-0.09778726,-0.9670302,0.1204604,0.2243701,-0.06279059,1.09294,-0.06388063,-0.9605191,0.1236828,0.2492098,-0.07937604,1.087917,-0.1253126,-0.9605191,0.1236828,0.2492098,-0.07108331,1.090429,-0.09459662,352.8953,284.5449,4.548002,0,15,False
2,Right_Head_Far,196,60.71998,-0.06963257,1.090983,-0.09136251,-0.1659556,0.7251725,0.154143,0.09842098,0.4061952,0.01887943,-0.9082744,0.1120587,0.7099116,0.3213896,0.05514092,-0.09992895,0.006712232,0.9934428,MathCanvas,-3.615696,1.366615,-0.123302,-0.07108331,1.090429,-0.09459662,-0.9605191,0.1236828,0.2492096,-0.06053925,1.093298,-0.06085837,-0.9532652,0.1259964,0.2746095,-0.07872588,1.088669,-0.1218666,-0.9532652,0.1259964,0.2746095,-0.06963257,1.090983,-0.09136251,352.7617,286.0703,4.192254,0,15,False
2,Right_Head_Far,197,60.73998,-0.06814875,1.091297,-0.08815124,-0.1662908,0.724625,0.1544655,0.09685253,0.4063344,0.01876264,-0.9083832,0.1118456,0.7096662,0.3209442,0.05464251,-0.1010123,0.008398113,0.993348,MathCanvas,-3.615696,1.366615,-0.123302,-0.06963257,1.090983,-0.09136251,-0.9532651,0.1259968,0.2746099,-0.05828604,1.093422,-0.0578732,-0.9455086,0.1290494,0.298931,-0.07801145,1.089172,-0.1184293,-0.9455086,0.1290494,0.298931,-0.06814875,1.091297,-0.08815124,352.5853,287.5448,3.850009,0,15,False
2,Right_Head_Far,198,60.75998,-0.06481226,1.091983,-0.0818259,-0.1665619,0.72402,0.1543695,0.09576348,0.4083978,0.01535118,-0.9076371,0.112056,0.7090161,0.3205381,0.05033544,-0.09919634,0.01552138,0.9936727,MathCanvas,-3.615696,1.366615,-0.123302,-0.06656873,1.091673,-0.08501621,-0.9372457,0.1303428,0.3233902,-0.05339326,1.093756,-0.05207681,-0.9281297,0.1309991,0.3484459,-0.07623126,1.090209,-0.111575,-0.9281297,0.1309991,0.3484459,-0.06481226,1.091983,-0.0818259,352.4727,290.5775,3.213723,0,15,False
2,Right_Head_Far,199,60.77998,-0.06299742,1.092227,-0.07836141,-0.166392,0.7237023,0.1545443,0.09389821,0.4077876,0.01323161,-0.9081395,0.1122762,0.7087588,0.3204215,0.0489544,-0.09863856,0.01819195,0.993752,MathCanvas,-3.615696,1.366615,-0.123302,-0.06481226,1.091983,-0.0818259,-0.92813,0.130999,0.3484455,-0.05077589,1.093773,-0.04892014,-0.9179119,0.1322667,0.3740899,-0.07521896,1.09068,-0.1078027,-0.9179119,0.1322667,0.3740899,-0.06299742,1.092227,-0.07836141,352.3994,292.1731,2.802983,0,15,False
2,Right_Head_Far,200,60.79998,-0.05906302,1.093408,-0.07136992,-0.1651066,0.7231588,0.1554691,0.08608092,0.4007381,0.01272756,-0.912051,0.1135588,0.7080398,0.3208762,0.05205762,-0.09443004,0.0194372,0.9939795,MathCanvas,-3.615696,1.366615,-0.123302,-0.06105311,1.092879,-0.07476306,-0.9059495,0.1340101,0.4016177,-0.04509081,1.094784,-0.04270929,-0.8929568,0.1371612,0.4287364,-0.07303524,1.092032,-0.1000306,-0.8929568,0.1371612,0.4287364,-0.05906302,1.093408,-0.07136992,352.1164,295.6471,2.494581,0,15,False
2,Right_Head_Far,201,60.81998,-0.05702029,1.093797,-0.06817244,-0.1642313,0.7232708,0.1558482,0.08326358,0.3991674,0.01565977,-0.9129553,0.1144313,0.7075225,0.3214585,0.05536783,-0.0925738,0.01961293,0.9939718,MathCanvas,-3.615696,1.366615,-0.123302,-0.05906302,1.093408,-0.07136992,-0.8929569,0.1371613,0.4287363,-0.04221793,1.095186,-0.03993222,-0.8797711,0.1402332,0.4542439,-0.07182264,1.092408,-0.09641266,-0.8797711,0.1402332,0.4542439,-0.05702029,1.093797,-0.06817244,351.9387,297.3082,2.518665,0,15,False
2,Right_Head_Far,202,60.83998,-0.05264663,1.094119,-0.06182733,-0.1623875,0.7236912,0.1562619,0.0833343,0.3970206,0.01302844,-0.9139258,0.116806,0.7066552,0.3229332,0.05961144,-0.08305788,0.0190798,0.9945772,MathCanvas,-3.615696,1.366615,-0.123302,-0.05487286,1.093942,-0.06501587,-0.8659358,0.1416861,0.4796668,-0.03620528,1.095523,-0.03450961,-0.8513639,0.1415267,0.5051235,-0.06908798,1.092715,-0.08914505,-0.8513639,0.1415267,0.5051235,-0.05264663,1.094119,-0.06182733,351.8638,300.6811,2.547696,0,15,False
2,Right_Head_Far,203,60.85998,-0.0502346,1.094037,-0.05856754,-0.1610808,0.7237886,0.1564612,0.08536921,0.393512,0.01129869,-0.9152774,0.1180618,0.7064576,0.3236173,0.06066951,-0.07695308,0.01814851,0.9950216,MathCanvas,-3.615696,1.366615,-0.123302,-0.05264663,1.094119,-0.06182733,-0.8513638,0.1415266,0.5051236,-0.03297715,1.095427,-0.03175718,-0.8357683,0.1410411,0.5306588,-0.06749205,1.092647,-0.08537791,-0.8357683,0.1410411,0.5306588,-0.0502346,1.094037,-0.05856754,351.8919,302.4129,2.521774,0,15,False
2,Right_Head_Far,204,60.87998,-0.04571397,1.094518,-0.05233486,-0.1572254,0.7243719,0.1569444,0.0921453,0.3830286,0.01769299,-0.9189588,0.120869,0.7061561,0.3250185,0.06415707,-0.06553087,0.01368354,0.9956919,MathCanvas,-3.615696,1.366615,-0.123302,-0.04797181,1.094281,-0.05541904,-0.8189296,0.1389592,0.5568166,-0.02679681,1.095969,-0.02667201,-0.8008102,0.1396375,0.5824126,-0.06463113,1.093066,-0.07799771,-0.8008102,0.1396375,0.5824126,-0.04571397,1.094518,-0.05233486,351.9731,306.0276,2.632739,0,15,False
2,Right_Head_Far,205,60.89998,-0.04346223,1.094825,-0.04930346,-0.1548858,0.7248958,0.1568991,0.09635325,0.3798347,0.02314592,-0.9197315,0.1223909,0.7063043,0.3254656,0.06482185,-0.06128062,0.01053739,0.9959577,MathCanvas,-3.615696,1.366615,-0.123302,-0.04571397,1.094518,-0.05233486,-0.8008103,0.1396373,0.5824125,-0.02375785,1.096364,-0.02424519,-0.7823583,0.1416784,0.6065003,-0.06316661,1.093286,-0.07436174,-0.7823583,0.1416784,0.6065003,-0.04346223,1.094825,-0.04930346,351.855,307.7836,2.792074,0,15,False
2,Right_Head_Far,206,60.91998,-0.04109161,1.09503,-0.04661076,-0.1523581,0.7253392,0.156779,0.1020899,0.374979,0.02666855,-0.9210088,0.1237054,0.7065276,0.3257295,0.06424869,-0.05756451,0.008384735,0.996237,MathCanvas,-3.615696,1.366615,-0.123302,-0.04346223,1.094825,-0.04930346,-0.7823585,0.1416786,0.6065001,-0.02062333,1.096686,-0.02218013,-0.7634519,0.1423557,0.6299809,-0.06155989,1.093374,-0.07104139,-0.7634519,0.1423557,0.6299809,-0.04109161,1.09503,-0.04661076,351.8158,309.5286,3.004642,0,15,False
2,Right_Head_Far,207,60.93998,-0.03619167,1.094663,-0.04133104,-0.1454739,0.7264696,0.1561579,0.115345,0.351679,0.03366875,-0.928377,0.1263669,0.7072089,0.3256977,0.06273369,-0.05104178,0.006409585,0.9967037,MathCanvas,-3.615696,1.366615,-0.123302,-0.03864611,1.094909,-0.04391819,-0.7444243,0.1420246,0.6524274,-0.014267,1.096556,-0.01821673,-0.7241019,0.1397497,0.6753862,-0.05811635,1.092769,-0.06444535,-0.7241019,0.1397497,0.6753862,-0.03619167,1.094663,-0.04133104,351.9666,313.0063,3.4351,0,15,False
2,Right_Head_Far,208,60.95998,-0.03363723,1.094517,-0.03878076,-0.1421136,0.727239,0.1558241,0.1187929,0.3390703,0.03655811,-0.9325144,0.127812,0.7073118,0.3257995,0.06337348,-0.04666063,0.004330021,0.9968891,MathCanvas,-3.615696,1.366615,-0.123302,-0.03619167,1.094663,-0.04133104,-0.7241021,0.1397496,0.675386,-0.01097172,1.096486,-0.01639893,-0.7020312,0.1366848,0.6989059,-0.05630274,1.092548,-0.06116258,-0.7020312,0.1366848,0.6989059,-0.03363723,1.094517,-0.03878076,352.144,314.8722,3.570344,0,15,False
2,Right_Head_Far,209,60.97998,-0.0287113,1.094613,-0.03359753,-0.1368937,0.7284118,0.1553742,0.1224078,0.326366,0.03364295,-0.9366802,0.1314599,0.7071003,0.3263992,0.06686571,-0.03248308,-0.002547551,0.9972299,MathCanvas,-3.615696,1.366615,-0.123302,-0.03111189,1.094547,-0.03612281,-0.6786327,0.134151,0.7221228,-0.00459034,1.096688,-0.01280276,-0.6536676,0.1336144,0.7448932,-0.05283227,1.092538,-0.0543923,-0.6536676,0.1336144,0.7448932,-0.0287113,1.094613,-0.03359753,352.3215,318.732,3.761109,0,15,False
2,Right_Head_Far,210,60.99998,-0.02624165,1.094574,-0.03121326,-0.1349635,0.7284777,0.1549978,0.1241834,0.3280274,0.0290231,-0.9360204,0.1332918,0.7068139,0.326666,0.07030702,-0.0265333,-0.005334129,0.9971582,MathCanvas,-3.615696,1.366615,-0.123302,-0.0287113,1.094613,-0.03359753,-0.6536682,0.1336141,0.7448928,-0.001449291,1.096656,-0.01122444,-0.6288114,0.1334025,0.7660288,-0.05103401,1.092492,-0.05120209,-0.6288114,0.1334025,0.7660288,-0.02624165,1.094574,-0.03121326,352.3337,320.6184,3.773696,0,15,False
2,Right_Head_Far,211,61.01998,-0.02141835,1.09425,-0.02720283,-0.1301175,0.7285454,0.1550466,0.1283182,0.3158533,0.0272602,-0.9396957,0.1365035,0.7076211,0.3258594,0.06911311,-0.02143577,-0.005651733,0.9973625,MathCanvas,-3.615696,1.366615,-0.123302,-0.02382259,1.094399,-0.02910704,-0.6037696,0.1325924,0.7860544,0.004607437,1.096378,-0.00885406,-0.5784094,0.129698,0.8053702,-0.04744414,1.092122,-0.0455516,-0.5784094,0.129698,0.8053702,-0.02141835,1.09425,-0.02720283,352.5479,324.3145,3.855977,0,15,False
2,Right_Head_Far,212,61.03998,-0.01901204,1.093904,-0.02522736,-0.127722,0.7285487,0.1552026,0.1315716,0.3060046,0.0281554,-0.9424741,0.1382698,0.7083642,0.3252267,0.06648145,-0.01865117,-0.00737892,0.997586,MathCanvas,-3.615696,1.366615,-0.123302,-0.02141835,1.09425,-0.02720283,-0.5784092,0.1296984,0.8053702,0.007574894,1.09607,-0.007706147,-0.553017,0.1261704,0.8235613,-0.04559898,1.091739,-0.04274857,-0.553017,0.1261704,0.8235613,-0.01901204,1.093904,-0.02522736,352.7516,326.1189,3.922244,0,15,False
2,Right_Head_Far,213,61.05998,-0.01446026,1.093838,-0.02201115,-0.1236642,0.7280331,0.1555055,0.1387266,0.2964028,0.03315075,-0.9443523,0.1427459,0.7090158,0.3252834,0.07170296,-0.006897484,-0.01787146,0.997242,MathCanvas,-3.615696,1.366615,-0.123302,-0.01665095,1.093677,-0.0235909,-0.5267608,0.1232925,0.8410244,0.01318707,1.095836,-0.006194096,-0.4994998,0.1218129,0.8577071,-0.04210759,1.09184,-0.0378282,-0.4994998,0.1218129,0.8577071,-0.01446026,1.093838,-0.02201115,353.0033,329.7849,3.617067,0,15,False
2,Right_Head_Far,214,61.07998,-0.0122104,1.093962,-0.02046129,-0.1220537,0.7277756,0.1557502,0.1409638,0.2925309,0.03495457,-0.945163,0.1451787,0.7092612,0.3252521,0.07401189,0.001418711,-0.02292967,0.9969927,MathCanvas,-3.615696,1.366615,-0.123302,-0.01446026,1.093838,-0.02201115,-0.4994998,0.1218127,0.8577072,0.01590674,1.095821,-0.0054774,-0.4730529,0.1223407,0.8724985,-0.04032754,1.092102,-0.03544518,-0.4730529,0.1223407,0.8724985,-0.0122104,1.093962,-0.02046129,352.9728,331.5342,3.365222,0,15,False
2,Right_Head_Far,215,61.09998,-0.009923415,1.093905,-0.01901929,-0.1205582,0.7275412,0.1559921,0.1428582,0.2883705,0.03775801,-0.9460489,0.147723,0.7098666,0.3247835,0.07372154,0.01020545,-0.02665142,0.9968705,MathCanvas,-3.615696,1.366615,-0.123302,-0.0122104,1.093962,-0.02046129,-0.4730531,0.1223408,0.8724984,0.01862264,1.09566,-0.004856269,-0.4471294,0.1234328,0.8859118,-0.03846947,1.09215,-0.03318231,-0.4471294,0.1234328,0.8859118,-0.009923415,1.093905,-0.01901929,352.9097,333.2194,3.176152,0,15,False
2,Right_Head_Far,216,61.11998,-0.005535403,1.093338,-0.01666604,-0.1179731,0.7267843,0.1563645,0.1491172,0.2840708,0.04150412,-0.9462269,0.1525791,0.7107549,0.3240244,0.07201458,0.02364846,-0.03158103,0.996623,MathCanvas,-3.615696,1.366615,-0.123302,-0.007643383,1.093745,-0.01770712,-0.4207565,0.1216948,0.8989741,0.02379112,1.094822,-0.004163954,-0.3944593,0.1191304,0.9111585,-0.03486192,1.091855,-0.02916813,-0.3944593,0.1191304,0.9111585,-0.005535403,1.093338,-0.01666604,353.1581,336.5912,2.683469,0,15,False
2,Right_Head_Far,217,61.13998,-0.003592625,1.09327,-0.01567712,-0.117147,0.7260312,0.1566873,0.1487959,0.2826648,0.03807558,-0.9468425,0.1550896,0.7112369,0.3235065,0.06996152,0.02965328,-0.03330069,0.9965526,MathCanvas,-3.615696,1.366615,-0.123302,-0.005535403,1.093338,-0.01666604,-0.3944596,0.1191306,0.9111584,0.02606925,1.094608,-0.003975309,-0.3690298,0.1147209,0.9223102,-0.0332545,1.091933,-0.02737892,-0.3690298,0.1147209,0.9223102,-0.003592625,1.09327,-0.01567712,353.4125,338.1929,2.417561,0,15,False
2,Right_Head_Far,218,61.15998,0.0002966225,1.093441,-0.01378726,-0.1139848,0.7247375,0.1567406,0.1463779,0.2699771,0.02970746,-0.9512115,0.1601249,0.7122623,0.3224657,0.06409654,0.04339099,-0.03556125,0.9963655,MathCanvas,-3.615696,1.366615,-0.123302,-0.001639121,1.093283,-0.01472433,-0.3441758,0.1125898,0.9321301,0.03052582,1.094481,-0.003605837,-0.3206365,0.112724,0.9404709,-0.02993258,1.0924,-0.02396869,-0.3206365,0.112724,0.9404709,0.0002966225,1.093441,-0.01378726,353.5276,341.1741,1.879688,0,15,False
2,Right_Head_Far,219,61.17998,0.002077266,1.093425,-0.01317521,-0.1114706,0.7241018,0.1566493,0.1472035,0.2584999,0.03057801,-0.95424,0.1626921,0.7129189,0.3218053,0.05921388,0.05080746,-0.0353467,0.9963247,MathCanvas,-3.615696,1.366615,-0.123302,0.0002966225,1.093441,-0.01378726,-0.3206365,0.1127239,0.9404709,0.03255722,1.094341,-0.003758149,-0.296394,0.113765,0.9482659,-0.02840269,1.09251,-0.02259228,-0.296394,0.113765,0.9482659,0.002077266,1.093425,-0.01317521,353.4676,342.6426,1.655236,0,15,False
2,Right_Head_Far,220,61.19998,0.005380323,1.093064,-0.01237292,-0.1052948,0.7224179,0.1567627,0.1496016,0.2393973,0.04534132,-0.9582549,0.1684043,0.7144755,0.3202028,0.04945815,0.06590021,-0.03837125,0.9958608,MathCanvas,-3.615696,1.366615,-0.123302,0.003750537,1.093357,-0.01269168,-0.2739865,0.1139633,0.9549575,0.03626437,1.093737,-0.004356026,-0.251953,0.1127142,0.9611531,-0.02550372,1.092391,-0.02038981,-0.251953,0.1127142,0.9611531,0.005380323,1.093064,-0.01237292,353.5282,345.3112,1.216245,0,15,False
2,Right_Head_Far,221,61.21998,0.007092379,1.092825,-0.01187354,-0.1027454,0.7215992,0.1566378,0.1502004,0.2339647,0.04586008,-0.9594776,0.171172,0.7149582,0.3195619,0.04834819,0.07442839,-0.04115626,0.995203,MathCanvas,-3.615696,1.366615,-0.123302,0.005380323,1.093064,-0.01237292,-0.2519531,0.1127144,0.961153,0.0381435,1.093372,-0.004519899,-0.2308834,0.1103256,0.9667063,-0.02395875,1.092278,-0.01922717,-0.2308834,0.1103256,0.9667063,0.007092379,1.092825,-0.01187354,353.6659,346.5674,0.9886267,0,15,False
2,Right_Head_Far,222,61.23998,0.009855505,1.092394,-0.01124803,-0.0978705,0.7198122,0.1562419,0.1490654,0.2192677,0.03940845,-0.9634045,0.1769277,0.7153924,0.318254,0.05030287,0.09031237,-0.04736733,0.9935138,MathCanvas,-3.615696,1.366615,-0.123302,0.008581878,1.092565,-0.0115281,-0.2095481,0.1076836,0.9718507,0.04119448,1.092756,-0.005224254,-0.1888811,0.105309,0.976337,-0.02148347,1.092032,-0.01727181,-0.1888811,0.105309,0.976337,0.009855505,1.092394,-0.01124803,353.955,349.0509,0.6531653,0,15,False
2,Right_Head_Far,223,61.25998,0.01114912,1.092293,-0.01089913,-0.09500351,0.7189052,0.1558735,0.1505589,0.209531,0.03911939,-0.9653489,0.1799671,0.7152297,0.3173126,0.05119923,0.09479718,-0.05112183,0.9928639,MathCanvas,-3.615696,1.366615,-0.123302,0.009855505,1.092394,-0.01124803,-0.1888814,0.1053092,0.976337,0.04259363,1.092576,-0.005448388,-0.1707831,0.1036003,0.979847,-0.0202954,1.09201,-0.01634987,-0.1707831,0.1036003,0.979847,0.01114912,1.092293,-0.01089913,354.0535,350.1129,0.510448,0,15,False
2,Right_Head_Far,224,61.27998,0.01207694,1.091944,-0.01070713,-0.09235339,0.7180076,0.1557047,0.1522052,0.2001821,0.03976557,-0.9670467,0.182759,0.7151708,0.3162583,0.04966629,0.09996351,-0.05177555,0.9924011,MathCanvas,-3.615696,1.366615,-0.123302,0.01114912,1.092293,-0.01089913,-0.1707833,0.1036005,0.9798469,0.0436159,1.092175,-0.005829793,-0.1527451,0.1037904,0.9828003,-0.01946203,1.091713,-0.01558446,-0.1527451,0.1037904,0.9828003,0.01207694,1.091944,-0.01070713,354.0425,351.1659,0.4169625,0,15,False
2,Right_Head_Far,225,61.29998,0.01389907,1.091563,-0.01050217,-0.08673956,0.7166466,0.154911,0.1585444,0.1854317,0.04883236,-0.9685526,0.1880491,0.7154438,0.3141421,0.041291,0.1144355,-0.04829588,0.9913965,MathCanvas,-3.615696,1.366615,-0.123302,0.01319068,1.091939,-0.01046309,-0.1354578,0.1017844,0.985541,0.04558248,1.091655,-0.006668085,-0.1198271,0.09934945,0.9878113,-0.01778435,1.091471,-0.01433626,-0.1198271,0.09934945,0.9878113,0.01389907,1.091563,-0.01050217,354.2983,353.0835,0.1666471,0,15,False
2,Right_Head_Far,226,61.31998,0.01474575,1.091274,-0.0104544,-0.08415101,0.7158736,0.1546477,0.1617891,0.1784609,0.05364683,-0.9690707,0.1909954,0.7157496,0.3128636,0.03648961,0.1225704,-0.04871864,0.9905915,MathCanvas,-3.615696,1.366615,-0.123302,0.01389907,1.091563,-0.01050217,-0.1198272,0.09934968,0.9878113,0.04648224,1.091262,-0.007086511,-0.1050057,0.09586326,0.9898404,-0.01699075,1.091286,-0.01382229,-0.1050057,0.09586326,0.9898404,0.01474575,1.091274,-0.0104544,354.499,353.9445,359.9781,0,15,False
2,Right_Head_Far,227,61.33998,0.01603275,1.090894,-0.01045076,-0.07900159,0.7149266,0.1545353,0.1658611,0.1571172,0.06414568,-0.9714369,0.1969372,0.7159951,0.3098001,0.03106973,0.1271275,-0.06063468,0.9895437,MathCanvas,-3.615696,1.366615,-0.123302,0.01552336,1.090995,-0.01046161,-0.09030752,0.09343974,0.9915208,0.04785269,1.090784,-0.007995745,-0.07628186,0.09211992,0.9928218,-0.01578719,1.091003,-0.01290578,-0.07628186,0.09211992,0.9928218,0.01603275,1.090894,-0.01045076,354.7144,355.6064,359.8021,0,15,False
2,Right_Head_Far,228,61.35998,0.01650492,1.090898,-0.01043574,-0.07686297,0.7151306,0.1544876,0.1686955,0.1476152,0.06848482,-0.9721427,0.1996019,0.7160369,0.3081005,0.02423096,0.1076546,-0.08037848,0.9906375,MathCanvas,-3.615696,1.366615,-0.123302,0.01603275,1.090894,-0.01045076,-0.07628153,0.09211987,0.9928218,0.04835292,1.090754,-0.008378622,-0.06377294,0.09144986,0.9937655,-0.01534308,1.091043,-0.01249285,-0.06377294,0.09144986,0.9937655,0.01650492,1.090898,-0.01043574,354.753,356.3282,359.7388,0,15,False
2,Right_Head_Far,229,61.37998,0.01697968,1.090607,-0.01087001,-0.07461438,0.7162153,0.1546797,0.1730703,0.1404688,0.06690356,-0.9725426,0.2052887,0.717782,0.2979265,-0.03588447,0.08931281,-0.1184029,0.9882896,MathCanvas,-3.615696,1.366615,-0.123302,0.01676156,1.090783,-0.01066139,-0.05197465,0.09119964,0.9944754,0.04886656,1.090387,-0.009556075,-0.04037937,0.0904462,0.9950824,-0.0149072,1.090827,-0.01218395,-0.04037937,0.0904462,0.9950824,0.01697968,1.090607,-0.01087001,354.8107,357.6763,359.6032,0,15,False
2,Right_Head_Far,230,61.39998,0.01702413,1.090401,-0.01115521,-0.07474288,0.7171018,0.155389,0.1737231,0.1398738,0.06075419,-0.9729155,0.2040042,0.7187899,0.2970279,-0.04676813,0.08589784,-0.08761944,0.9913411,MathCanvas,-3.615696,1.366615,-0.123302,0.01697968,1.090607,-0.01087001,-0.04037944,0.09044603,0.9950824,0.04892235,1.090116,-0.01017009,-0.02995222,0.08882058,0.9955972,-0.01487408,1.090687,-0.01214032,-0.02995222,0.08882058,0.9955972,0.01702413,1.090401,-0.01115521,354.9042,358.2768,359.4855,0,15,False
2,Right_Head_Far,231,61.41998,0.01710481,1.090304,-0.01131727,-0.07428011,0.7176453,0.1559768,0.1743716,0.1358085,0.05683352,-0.9736121,0.2036577,0.7178507,0.2963783,-0.03330564,0.09161347,-0.05889838,0.9934932,MathCanvas,-3.615696,1.366615,-0.123302,0.01702413,1.090401,-0.01115521,-0.02995246,0.08882087,0.9955972,0.04901086,1.089964,-0.01065674,-0.01969395,0.08688825,0.9960234,-0.01480123,1.090644,-0.01197781,-0.01969395,0.08688825,0.9960234,0.01710481,1.090304,-0.01131727,355.0154,358.8672,359.3871,0,15,False
2,Right_Head_Far,232,61.43998,0.01742233,1.090029,-0.01159423,-0.07378303,0.7179811,0.1576204,0.1724788,0.1319641,0.04936744,-0.9748843,0.2059052,0.7153751,0.2943668,-0.02174309,0.09823724,-0.05070136,0.9936328,MathCanvas,-3.615696,1.366615,-0.123302,0.01709832,1.090182,-0.01149593,-0.01013026,0.08522538,0.9963102,0.04933476,1.089653,-0.01153324,-0.0009154706,0.08408993,0.9964578,-0.0144901,1.090404,-0.01165522,-0.0009154706,0.08408993,0.9964578,0.01742233,1.090029,-0.01159423,355.1763,359.9474,359.3238,0,15,False
2,Right_Head_Far,233,61.45998,0.0171673,1.089915,-0.01183996,-0.07349125,0.7176336,0.1587716,0.1703712,0.1298724,0.04724891,-0.9756405,0.2086013,0.7129776,0.2940126,-0.004865617,0.1108702,-0.05391904,0.9923593,MathCanvas,-3.615696,1.366615,-0.123302,0.01742233,1.090029,-0.01159423,-0.0009154366,0.0840903,0.9964577,0.04907979,1.08958,-0.0120079,0.006103117,0.08182355,0.9966282,-0.0147452,1.09025,-0.01167201,0.006103117,0.08182355,0.9966282,0.0171673,1.089915,-0.01183996,355.3066,0.3508615,359.397,0,15,False
2,Right_Head_Far,234,61.47998,0.01653596,1.089816,-0.0122819,-0.07241821,0.7170125,0.1609374,0.1664203,0.1278123,0.04394442,-0.9767483,0.2121062,0.7111918,0.2920206,0.006391257,0.1125027,-0.05762102,0.9919588,MathCanvas,-3.615696,1.366615,-0.123302,0.0169232,1.089865,-0.0120618,0.01306369,0.08120058,0.9966122,0.04844309,1.089476,-0.01288806,0.01979353,0.0808483,0.9965299,-0.01537116,1.090156,-0.01167573,0.01979353,0.0808483,0.9965299,0.01653596,1.089816,-0.0122819,355.3627,1.137885,359.3875,0,15,False
2,Right_Head_Far,235,61.49998,0.01603298,1.089742,-0.0124957,-0.07155736,0.7169511,0.1619196,0.1643184,0.1243058,0.04183307,-0.977649,0.2132047,0.712844,0.2901129,-0.007446676,0.1157997,-0.04431469,0.9922556,MathCanvas,0.06169122,1.370489,3.432552,0.01653596,1.089816,-0.0122819,0.01979353,0.0808484,0.9965299,0.04793581,1.08939,-0.01329182,0.0257562,0.08085435,0.9963931,-0.01586984,1.090094,-0.01169959,0.0257562,0.08085435,0.9963931,0.01603298,1.089742,-0.0124957,355.3623,1.480734,359.3662,0,15,False
2,Right_Head_Far,236,61.51998,0.01480035,1.089671,-0.01289493,-0.06925224,0.7170224,0.1630417,0.1648693,0.11343,0.03908963,-0.9789912,0.217242,0.7151435,0.2861944,-0.02645537,0.1255444,-0.04046196,0.9909095,MathCanvas,0.08440176,1.369001,3.42962,0.01523509,1.089718,-0.01271285,0.03205256,0.08069109,0.9962237,0.04669057,1.089266,-0.01407728,0.03794338,0.07978565,0.9960896,-0.01708987,1.090075,-0.01171257,0.03794338,0.07978565,0.9960896,0.01480035,1.089671,-0.01289493,355.4238,2.181475,359.2711,0,15,False
2,Right_Head_Far,237,61.53998,0.01424131,1.089639,-0.01305371,-0.06784146,0.7171506,0.1633867,0.1671085,0.1090533,0.0400508,-0.97907,0.2199218,0.7146958,0.2849225,-0.02313292,0.1364463,-0.04448722,0.9893777,MathCanvas,0.125631,1.368683,3.431826,0.01480035,1.089671,-0.01289493,0.03794339,0.07978564,0.9960896,0.04612457,1.089239,-0.01441206,0.04341866,0.07868219,0.9959538,-0.01764196,1.090039,-0.01169536,0.04341866,0.07868219,0.9959538,0.01424131,1.089639,-0.01305371,355.4872,2.496232,359.2796,0,15,False
2,Right_Head_Far,238,61.55998,0.01317205,1.089677,-0.01323291,-0.0652353,0.7178749,0.16412,0.1718427,0.1010691,0.04033186,-0.9790958,0.2239702,0.7130854,0.2828632,-0.01076391,0.1321264,-0.04925744,0.9899497,MathCanvas,0.1454649,1.36557,3.43183,0.01367968,1.08958,-0.01317036,0.04911796,0.07732563,0.9957952,0.04503956,1.089243,-0.01491251,0.05351887,0.07657125,0.9956267,-0.01869546,1.090111,-0.0115533,0.05351887,0.07657125,0.9956267,0.01317205,1.089677,-0.01323291,355.6085,3.076913,359.218,0,15,False
2,Right_Head_Far,239,61.57998,0.01242755,1.089722,-0.01337285,-0.06399684,0.7181727,0.1644894,0.1736904,0.09760107,0.0400481,-0.9791332,0.2263379,0.7125178,0.2809238,-0.009134443,0.1419279,-0.04484041,0.9888186,MathCanvas,0.1830498,1.357113,3.430792,0.01317205,1.089677,-0.01323291,0.05351887,0.07657114,0.9956267,0.04428538,1.089266,-0.01522168,0.05887172,0.07780077,0.9952292,-0.01943028,1.090178,-0.01152401,0.05887172,0.07780077,0.9952292,0.01242755,1.089722,-0.01337285,355.5378,3.385326,359.1781,0,15,False
2,Right_Head_Far,240,61.59998,0.01175255,1.089873,-0.01343668,-0.06284301,0.7183855,0.1648646,0.1755749,0.0940271,0.0390396,-0.9791876,0.228433,0.7121755,0.2788498,-0.01155186,0.144653,-0.04647694,0.9883228,MathCanvas,0.1976762,1.354763,3.432859,0.01242755,1.089722,-0.01337285,0.05887172,0.07780054,0.9952292,0.04360121,1.089404,-0.01543434,0.06355961,0.07863814,0.994875,-0.02009612,1.090342,-0.01143903,0.06355961,0.07863814,0.994875,0.01175255,1.089873,-0.01343668,355.4897,3.65549,359.1556,0,15,False
2,Right_Head_Far,241,61.61998,0.01036957,1.089981,-0.01348489,-0.06041203,0.7188535,0.1657281,0.1782782,0.08517162,0.03761666,-0.9795651,0.23263,0.7124278,0.2751055,-0.01072156,0.1535917,-0.04119378,0.9872172,MathCanvas,0.2158236,1.359558,3.436393,0.01104663,1.089969,-0.01344301,0.06839065,0.07990447,0.9944536,0.04219734,1.089461,-0.01578052,0.07300697,0.07969988,0.9941418,-0.02145821,1.090501,-0.01118925,0.07300697,0.07969988,0.9941418,0.01036957,1.089981,-0.01348489,355.4287,4.2001,359.063,0,15,False
2,Right_Head_Far,242,61.63998,0.009736389,1.089953,-0.01347555,-0.05925621,0.7190956,0.1662915,0.178834,0.08154797,0.03625515,-0.9798234,0.2348445,0.7125781,0.2732261,-0.01015627,0.1573388,-0.04634115,0.9864045,MathCanvas,0.247915,1.367518,3.440612,0.01036957,1.089981,-0.01348489,0.07300695,0.0797001,0.9941418,0.04155451,1.089424,-0.01589946,0.07702433,0.07859903,0.9939263,-0.02208173,1.090482,-0.01105164,0.07702433,0.07859903,0.9939263,0.009736389,1.089953,-0.01347555,355.4919,4.431281,359.0472,0,15,False
2,Right_Head_Far,243,61.65998,0.00843896,1.089728,-0.01343811,-0.05729855,0.7192029,0.1675756,0.1793452,0.07573555,0.03266775,-0.9803225,0.2388072,0.7121937,0.2695856,-0.009068967,0.1656843,-0.04549986,0.9850869,MathCanvas,0.2636641,1.36716,3.44428,0.009069562,1.089815,-0.01347837,0.08145484,0.07785903,0.9936312,0.04023484,1.089178,-0.01613394,0.08555005,0.07665197,0.9933809,-0.02335692,1.090279,-0.01074229,0.08555005,0.07665197,0.9933809,0.00843896,1.089728,-0.01343811,355.6039,4.922173,359.0097,0,15,False
2,Right_Head_Far,244,61.67998,0.007667471,1.089572,-0.01335937,-0.05644935,0.7192025,0.1684472,0.1783602,0.07388208,0.03082443,-0.9807033,0.2405051,0.712077,0.2676632,-0.01031613,0.1683121,-0.04266503,0.984756,MathCanvas,0.2917527,1.360535,3.44258,0.00843896,1.089728,-0.01343811,0.08555006,0.07665197,0.9933809,0.03945123,1.089035,-0.01619704,0.08993986,0.07570291,0.9930659,-0.02411629,1.090108,-0.0105217,0.08993986,0.07570291,0.9930659,0.007667471,1.089572,-0.01335937,355.6584,5.175037,359.0335,0,15,False
2,Right_Head_Far,245,61.69998,0.006174788,1.089605,-0.01310811,-0.05427691,0.7193616,0.1697225,0.1783291,0.06538771,0.02881368,-0.981373,0.2442587,0.712208,0.2639415,-0.01123121,0.1756358,-0.04131378,0.9835238,MathCanvas,0.3055178,1.356443,3.445189,0.006891239,1.089574,-0.01324493,0.09449556,0.07510052,0.9926885,0.03793115,1.089073,-0.0162383,0.09906581,0.07548258,0.9922138,-0.02558158,1.090137,-0.009977931,0.09906581,0.07548258,0.9922138,0.006174788,1.089605,-0.01310811,355.6711,5.701699,359.0421,0,15,False
2,Right_Head_Far,246,61.71998,0.00549373,1.089567,-0.0129584,-0.0531273,0.7193717,0.1700089,0.1803684,0.06183199,0.02904195,-0.9812241,0.2462095,0.7121463,0.2621934,-0.009708495,0.1797063,-0.04244892,0.9827561,MathCanvas,0.3351638,1.35107,3.442965,0.006174788,1.089605,-0.01310811,0.09906585,0.07548282,0.9922138,0.03723527,1.089033,-0.01623517,0.1036533,0.07575752,0.9917241,-0.02624781,1.090101,-0.00968164,0.1036533,0.07575752,0.9917241,0.00549373,1.089567,-0.0129584,355.6552,5.966788,359.0382,0,15,False
2,Right_Head_Far,247,61.73998,0.004801928,1.089414,-0.01285978,-0.05207649,0.7193777,0.1703199,0.1816282,0.05910083,0.0288094,-0.9811668,0.2481593,0.7120479,0.2604404,-0.008263737,0.1840031,-0.04403582,0.981904,MathCanvas,0.3509484,1.352784,3.447011,0.00549373,1.089567,-0.0129584,0.1036533,0.07575765,0.9917241,0.0365271,1.088872,-0.0162902,0.108469,0.07541992,0.9912347,-0.02692325,1.089955,-0.009429349,0.108469,0.07541992,0.9912347,0.004801928,1.089414,-0.01285978,355.6747,6.244922,359.0251,0,15,False
2,Right_Head_Far,248,61.75998,0.003479532,1.089026,-0.01268465,-0.05014694,0.7194753,0.171223,0.180781,0.05216073,0.02719407,-0.9817627,0.2518407,0.7119535,0.2570717,-0.007472039,0.1923823,-0.04489058,0.9802643,MathCanvas,0.3665138,1.35378,3.447895,0.004166484,1.089212,-0.01277777,0.1128236,0.07429264,0.9908337,0.03517231,1.088484,-0.01640232,0.1174258,0.07287192,0.9904044,-0.02821325,1.089569,-0.00896698,0.1174258,0.07287192,0.9904044,0.003479532,1.089026,-0.01268465,355.821,6.761623,359.0229,0,15,False
2,Right_Head_Far,249,61.77998,0.002801768,1.088945,-0.01257046,-0.04919071,0.7195933,0.1715353,0.181777,0.04777351,0.02597938,-0.981835,0.2536006,0.7119132,0.2554215,-0.008319497,0.1967244,-0.04480487,0.9793993,MathCanvas,0.3971021,1.348221,3.444167,0.003479532,1.089026,-0.01268465,0.1174258,0.07287171,0.9904044,0.03447641,1.088408,-0.01644043,0.1221557,0.07086539,0.9899778,-0.02887287,1.089482,-0.00870049,0.1221557,0.07086539,0.9899778,0.002801768,1.088945,-0.01257046,355.9363,7.034305,359.0334,0,15,False
2,Right_Head_Far,250,61.79998,0.001554053,1.088872,-0.01234875,-0.04689305,0.7197703,0.1718905,0.1848224,0.0399201,0.02796233,-0.9815627,0.2568869,0.7118312,0.2522674,-0.01091459,0.2052432,-0.04283148,0.9777124,MathCanvas,0.4127026,1.34332,3.444655,0.00219062,1.088891,-0.012448,0.1267067,0.07067156,0.9894195,0.03319154,1.08836,-0.01651464,0.1313491,0.07093218,0.9887952,-0.03008343,1.089384,-0.008182866,0.1313491,0.07093218,0.9887952,0.001554053,1.088872,-0.01234875,355.9325,7.566729,359.0777,0,15,False
2,Right_Head_Far,251,61.81998,0.0008938238,1.088737,-0.01230514,-0.04594673,0.7199831,0.1720617,0.1866282,0.03726873,0.02847493,-0.9813104,0.2584614,0.7119135,0.2507664,-0.01211992,0.2093996,-0.04222104,0.9768431,MathCanvas,0.4435333,1.335389,3.438952,0.001554053,1.088872,-0.01234875,0.1313491,0.07093221,0.9887952,0.03251195,1.08824,-0.01661732,0.1358887,0.07122681,0.9881604,-0.0307243,1.089234,-0.007992958,0.1358887,0.07122681,0.9881604,0.0008938238,1.088737,-0.01230514,355.9156,7.830025,359.105,0,15,False
2,Right_Head_Far,252,61.83998,-0.0003911331,1.088471,-0.01223934,-0.04459829,0.7204515,0.172598,0.1879663,0.03233592,0.0237172,-0.9813565,0.2613282,0.7120539,0.2481002,-0.01061905,0.2153466,-0.04230318,0.9755632,MathCanvas,0.4596031,1.336453,3.440856,0.0002240911,1.088531,-0.01229185,0.1403853,0.07151438,0.9875109,0.03118798,1.088043,-0.01683546,0.1446043,0.07099718,0.9869392,-0.03197024,1.088899,-0.007643216,0.1446043,0.07099718,0.9869392,-0.0003911331,1.088471,-0.01223934,355.9287,8.33555,359.2298,0,15,False
2,Right_Head_Far,253,61.85998,-0.0009837793,1.088345,-0.01220074,-0.04391354,0.7204179,0.1729652,0.186993,0.02923604,0.02277459,-0.981662,0.2626303,0.7120084,0.2469099,-0.008994312,0.2183947,-0.04379734,0.9748357,MathCanvas,0.4900869,1.338328,3.437927,-0.0003911331,1.088471,-0.01223934,0.1446043,0.07099737,0.9869392,0.03057531,1.087938,-0.01693422,0.1488488,0.07037979,0.9863523,-0.03254287,1.088752,-0.007467266,0.1488488,0.07037979,0.9863523,-0.0009837793,1.088345,-0.01220074,355.9642,8.581656,359.2672,0,15,False
2,Right_Head_Far,254,61.87998,-0.002123617,1.088202,-0.01207047,-0.0425392,0.7203575,0.1734535,0.1871431,0.02439707,0.02337884,-0.9817513,0.2647802,0.712092,0.2446748,-0.00838992,0.2246278,-0.04479206,0.9733785,MathCanvas,0.5045751,1.336563,3.438291,-0.001552016,1.088249,-0.01215225,0.1526069,0.06991811,0.9858106,0.02939751,1.087854,-0.01705494,0.1565619,0.06907488,0.9852497,-0.03364474,1.088551,-0.007085995,0.1565619,0.06907488,0.9852497,-0.002123617,1.088202,-0.01207047,356.0392,9.02914,359.3732,0,15,False
2,Right_Head_Far,255,61.89998,-0.00269888,1.088092,-0.01198437,-0.04205146,0.7204435,0.173754,0.186792,0.02343282,0.02295551,-0.9818517,0.2658289,0.712199,0.2435421,-0.009011657,0.2285511,-0.04451396,0.972472,MathCanvas,0.5312021,1.33255,3.433109,-0.002123617,1.088202,-0.01207047,0.1565619,0.06907472,0.9852498,0.02880426,1.087781,-0.01708365,0.160071,0.06892554,0.9846961,-0.03420202,1.088404,-0.006885078,0.160071,0.06892554,0.9846961,-0.00269888,1.088092,-0.01198437,356.0477,9.233169,359.4389,0,15,False
2,Right_Head_Far,256,61.91998,-0.003292583,1.088074,-0.01187314,-0.04175116,0.7204707,0.1742313,0.1846362,0.02276795,0.02147913,-0.9823084,0.2668144,0.7122028,0.2424828,-0.009815216,0.2322653,-0.04423836,0.9715964,MathCanvas,0.5446774,1.329594,3.432675,-0.00269888,1.088092,-0.01198437,0.160071,0.06892535,0.9846961,0.02819381,1.087791,-0.01707644,0.1632606,0.06895097,0.9841706,-0.03477898,1.088358,-0.006669846,0.1632606,0.06895097,0.9841706,-0.003292583,1.088074,-0.01187314,356.0463,9.418823,359.4896,0,15,False
2,Right_Head_Far,257,61.93998,-0.004326861,1.08803,-0.01163081,-0.04095848,0.7204091,0.1748549,0.1827598,0.01915891,0.01807694,-0.9828047,0.2684479,0.7118711,0.2406216,-0.008934021,0.2352111,-0.04344371,0.9709318,MathCanvas,0.5564904,1.329113,3.431699,-0.00385362,1.088053,-0.01175475,0.1661402,0.06917652,0.9836727,0.02713022,1.087795,-0.01701086,0.1686761,0.06968181,0.9832054,-0.03578394,1.088264,-0.006250774,0.1686761,0.06968181,0.9832054,-0.004326861,1.08803,-0.01163081,356.0043,9.734749,359.5771,0,15,False
2,Right_Head_Far,258,61.95998,-0.004830327,1.087923,-0.01155697,-0.04042441,0.7205626,0.174891,0.1825688,0.01662708,0.01689947,-0.9829072,0.26923,0.7116274,0.2396058,-0.008448273,0.2366676,-0.04336479,0.9705857,MathCanvas,0.5768028,1.329997,3.429087,-0.004326861,1.08803,-0.01163081,0.1686762,0.06968219,0.9832053,0.02661194,1.087707,-0.01702367,0.1713441,0.06961659,0.9827486,-0.0362726,1.088139,-0.006090271,0.1713441,0.06961659,0.9827486,-0.004830327,1.087923,-0.01155697,356.008,9.890211,359.6108,0,15,False
2,Right_Head_Far,259,61.97998,-0.005676895,1.087683,-0.01147492,-0.03890485,0.7208809,0.1745663,0.1838541,0.01218263,0.01732177,-0.9827254,0.2709224,0.7110456,0.2374735,-0.007137806,0.240452,-0.04267472,0.9696962,MathCanvas,0.585795,1.331918,3.431172,-0.005248748,1.087852,-0.01150997,0.1734316,0.06827126,0.9824767,0.02574121,1.087498,-0.01707996,0.1756157,0.06701848,0.9821749,-0.037095,1.087868,-0.005869887,0.1756157,0.06701848,0.9821749,-0.005676895,1.087683,-0.01147492,356.1573,10.13752,359.6674,0,15,False
2,Right_Head_Far,260,61.99998,-0.006039289,1.087583,-0.01146683,-0.03801688,0.7209125,0.1744579,0.1847702,0.009688826,0.0176144,-0.9825762,0.2719602,0.7108859,0.236328,-0.007367284,0.2430747,-0.04281566,0.9690342,MathCanvas,0.6013058,1.326621,3.427036,-0.005676895,1.087683,-0.01147492,0.1756157,0.06701813,0.982175,0.02536785,1.087405,-0.01713317,0.1775272,0.06556492,0.9819294,-0.03744643,1.087761,-0.005800492,0.1775272,0.06556492,0.9819294,-0.006039289,1.087583,-0.01146683,356.2407,10.24805,359.6795,0,15,False
2,Right_Head_Far,261,62.01998,-0.006602492,1.087613,-0.01142224,-0.03632466,0.7210342,0.174428,0.1855174,0.004783082,0.01765393,-0.9824708,0.2740072,0.7110536,0.2338174,-0.009514959,0.2480149,-0.04215393,0.9677919,MathCanvas,0.6087876,1.322213,3.427107,-0.006391011,1.087571,-0.01142378,0.1795775,0.06434315,0.9816374,0.02478228,1.087464,-0.01721204,0.1813382,0.06412344,0.981328,-0.03798726,1.087762,-0.005632449,0.1813382,0.06412344,0.981328,-0.006602492,1.087613,-0.01142224,356.3235,10.46951,359.7314,0,15,False
2,Right_Head_Far,262,62.03998,-0.006850663,1.087658,-0.01135345,-0.03555047,0.7211234,0.1744884,0.185208,0.002283081,0.01685918,-0.9825521,0.2750224,0.711194,0.2325867,-0.01010096,0.2498174,-0.04227507,0.9673169,MathCanvas,0.6214757,1.312655,3.421885,-0.006602492,1.087613,-0.01142224,0.1813383,0.06412331,0.981328,0.02452084,1.087516,-0.01721491,0.1835612,0.06444521,0.9808935,-0.03822216,1.087799,-0.005491991,0.1835612,0.06444521,0.9808935,-0.006850663,1.087658,-0.01135345,356.305,10.59955,359.7453,0,15,False
2,Right_Head_Far,263,62.05998,-0.007203653,1.087755,-0.01122749,-0.03394486,0.7209571,0.1750243,0.1835263,-0.001608588,0.01614243,-0.9828809,0.2772269,0.7113375,0.2305155,-0.009001465,0.2542387,-0.04511356,0.9660469,MathCanvas,0.6278518,1.312096,3.423396,-0.007033803,1.087736,-0.01128091,0.1855499,0.06488988,0.98049,0.02414107,1.087626,-0.01723079,0.1879619,0.06560903,0.9799826,-0.03854837,1.087884,-0.005224187,0.1879619,0.06560903,0.9799826,-0.007203653,1.087755,-0.01122749,356.2382,10.85755,359.7674,0,15,False
2,Right_Head_Far,264,62.07998,-0.00752886,1.087772,-0.01116318,-0.0332743,0.7208441,0.1752814,0.1819741,-0.002971339,0.01585567,-0.983171,0.2782425,0.7115011,0.2295351,-0.008711786,0.2566724,-0.04661217,0.9653345,MathCanvas,0.6425292,1.314978,3.422117,-0.007203653,1.087755,-0.01122749,0.187962,0.06560885,0.9799826,0.02380215,1.087644,-0.01723767,0.1901837,0.06568162,0.9795489,-0.03885987,1.087899,-0.005088678,0.1901837,0.06568162,0.9795489,-0.00752886,1.087772,-0.01116318,356.234,10.98753,359.7704,0,15,False
2,Right_Head_Far,265,62.09998,-0.007611691,1.087774,-0.01111565,-0.03276747,0.7207479,0.1754368,0.180822,-0.004122257,0.01566463,-0.9833825,0.2790083,0.7118236,0.2285991,-0.009231359,0.2588248,-0.0476034,0.9647064,MathCanvas,0.6513153,1.317744,3.423872,-0.00752886,1.087772,-0.01116318,0.1901838,0.06568167,0.9795489,0.0237028,1.087655,-0.01727489,0.1928175,0.06551429,0.9790451,-0.03892618,1.087893,-0.004956405,0.1928175,0.06551429,0.9790451,-0.007611691,1.087774,-0.01111565,356.2436,11.1415,359.7856,0,15,False
2,Right_Head_Far,266,62.11998,-0.007718966,1.087561,-0.01100023,-0.03189808,0.7202775,0.1756806,0.1794381,-0.007054963,0.01566845,-0.9836192,0.2801489,0.7121283,0.2271651,-0.01017103,0.2624203,-0.04687353,0.9637609,MathCanvas,0.6591845,1.318058,3.423246,-0.007687561,1.08768,-0.01106109,0.1950815,0.06543993,0.9786015,0.02356372,1.087444,-0.01731907,0.1978057,0.06510957,0.9780765,-0.03900165,1.087677,-0.004681383,0.1978057,0.06510957,0.9780765,-0.007718966,1.087561,-0.01100023,356.2668,11.43326,359.7905,0,15,False
2,Right_Head_Far,267,62.13998,-0.007729609,1.087526,-0.01092746,-0.03153289,0.7199618,0.1758009,0.1787741,-0.008945713,0.01565819,-0.9837249,0.2806205,0.7121071,0.2266095,-0.01017654,0.2636813,-0.0472577,0.9633979,MathCanvas,0.6761075,1.31695,3.419329,-0.007718966,1.087561,-0.01100023,0.1978057,0.06510972,0.9780765,0.02353825,1.087406,-0.0173192,0.2000892,0.06541826,0.9775913,-0.03899747,1.087646,-0.004535725,0.2000892,0.06541826,0.9775913,-0.007729609,1.087526,-0.01092746,356.2491,11.56729,359.7841,0,15,False
2,Right_Head_Far,268,62.15998,-0.007692321,1.087479,-0.01077162,-0.0313105,0.7198521,0.175668,0.1792753,-0.01025996,0.01643833,-0.9836081,0.2808596,0.7121612,0.2256119,-0.00886795,0.2649376,-0.04786041,0.9630362,MathCanvas,0.6858974,1.315841,3.418804,-0.00772087,1.087508,-0.0108404,0.202793,0.06591765,0.9770004,0.02354351,1.087355,-0.01731802,0.2049299,0.06562214,0.9765744,-0.03892815,1.087603,-0.004225222,0.2049299,0.06562214,0.9765744,-0.007692321,1.087479,-0.01077162,356.2374,11.85131,359.7775,0,15,False
2,Right_Head_Far,269,62.17998,-0.007675412,1.087406,-0.01071541,-0.03144671,0.7199823,0.1756024,0.1795002,-0.009862793,0.01637039,-0.9835723,0.2805639,0.7121937,0.2255608,-0.008849353,0.2643984,-0.04717281,0.9632185,MathCanvas,0.7035558,1.318669,3.415824,-0.007692321,1.087479,-0.01077162,0.2049299,0.06562217,0.9765744,0.02354468,1.08728,-0.01733642,0.2072745,0.06488183,0.9761289,-0.0388955,1.087532,-0.004094396,0.2072745,0.06488183,0.9761289,-0.007675412,1.087406,-0.01071541,356.2799,11.98831,359.7736,0,15,False
2,Right_Head_Far,270,62.19998,-0.007557489,1.087142,-0.01067069,-0.0315172,0.7199892,0.1758803,0.1780598,-0.01023689,0.01518197,-0.9838493,0.2804349,0.712046,0.2253363,-0.008870721,0.2641053,-0.04533278,0.9633871,MathCanvas,0.7113348,1.317646,3.415661,-0.00763887,1.087289,-0.01067878,0.2088538,0.06343186,0.9758875,0.02364101,1.086986,-0.01739207,0.2104971,0.06213221,0.9756181,-0.03875599,1.087298,-0.003949307,0.2104971,0.06213221,0.9756181,-0.007557489,1.087142,-0.01067069,356.4378,12.17537,359.7195,0,15,False
2,Right_Head_Far,271,62.21998,-0.007476306,1.086996,-0.01066322,-0.03155432,0.7201431,0.1759531,0.1775301,-0.01178432,0.01398897,-0.9839454,0.2804035,0.7121193,0.2249752,-0.008636923,0.264481,-0.04488622,0.963307,MathCanvas,0.7244411,1.30946,3.409657,-0.007557489,1.087142,-0.01067069,0.2104971,0.06213219,0.9756181,0.02371243,1.086825,-0.01742942,0.2119387,0.06084942,0.9753867,-0.03866504,1.087168,-0.003897016,0.2119387,0.06084942,0.9753867,-0.007476306,1.086996,-0.01066322,356.5114,12.25906,359.6915,0,15,False
2,Right_Head_Far,272,62.23998,-0.007427037,1.086887,-0.01064934,-0.03166839,0.7203636,0.1758852,0.1775303,-0.0123611,0.01323234,-0.9839487,0.2804013,0.7122107,0.2246528,-0.008567453,0.2649377,-0.04473458,0.9631892,MathCanvas,0.7302489,1.30475,3.408568,-0.007476306,1.086996,-0.01066322,0.2119387,0.06084908,0.9753868,0.02375394,1.086689,-0.01745043,0.2130857,0.0601637,0.9751794,-0.03860802,1.087085,-0.003848256,0.2130857,0.0601637,0.9751794,-0.007427037,1.086887,-0.01064934,356.5508,12.32592,359.6431,0,15,False
2,Right_Head_Far,273,62.25998,-0.007403381,1.086857,-0.01056347,-0.03178499,0.7205055,0.1758276,0.1781287,-0.01221972,0.0127031,-0.9838493,0.2807029,0.7121935,0.2241325,-0.008159489,0.2663671,-0.04418476,0.9628239,MathCanvas,0.7350705,1.300063,3.406481,-0.007411,1.086851,-0.01060619,0.2140635,0.05975863,0.9749901,0.02376436,1.08661,-0.01742341,0.2150192,0.05984305,0.9747746,-0.03857112,1.087103,-0.003703529,0.2150192,0.05984305,0.9747746,-0.007403381,1.086857,-0.01056347,356.5692,12.43931,359.5562,0,15,False
2,Right_Head_Far,274,62.27998,-0.007398447,1.086904,-0.01051571,-0.03177525,0.7205603,0.1758538,0.1782188,-0.01257154,0.01231689,-0.9838335,0.2809577,0.7121692,0.2238876,-0.007891298,0.2672975,-0.04434804,0.9625607,MathCanvas,0.7422529,1.296133,3.40388,-0.007403381,1.086857,-0.01056347,0.2150192,0.05984335,0.9747746,0.02376183,1.08663,-0.01740845,0.2160943,0.06021167,0.9745141,-0.03855873,1.087178,-0.003622973,0.2160943,0.06021167,0.9745141,-0.007398447,1.086904,-0.01051571,356.548,12.50279,359.5075,0,15,False
2,Right_Head_Far,275,62.29998,-0.007362423,1.086905,-0.01048438,-0.03165363,0.7205445,0.1759858,0.1774204,-0.01331692,0.0118915,-0.9839732,0.2813615,0.7123852,0.2232887,-0.007672191,0.2688392,-0.04494983,0.962105,MathCanvas,0.7460848,1.29661,3.405347,-0.007393515,1.086928,-0.01048835,0.2172034,0.06030649,0.9742617,0.02378495,1.086591,-0.01743351,0.2179356,0.05975359,0.9741322,-0.0385098,1.087219,-0.003535239,0.2179356,0.05975359,0.9741322,-0.007362423,1.086905,-0.01048438,356.5743,12.61071,359.4359,0,15,False
2,Right_Head_Far,276,62.31998,-0.007327789,1.086849,-0.01049763,-0.03154859,0.7205381,0.1760237,0.1773167,-0.0139433,0.01180371,-0.9839843,0.2815088,0.7124018,0.2231479,-0.007646322,0.2692937,-0.044951,0.9619781,MathCanvas,0.7539837,1.298293,3.40452,-0.007362423,1.086905,-0.01048438,0.2179356,0.0597534,0.9741322,0.0238105,1.086523,-0.0174868,0.2192115,0.05949197,0.9738619,-0.03846608,1.087175,-0.003508454,0.2192115,0.05949197,0.9738619,-0.007327789,1.086849,-0.01049763,356.5894,12.68556,359.414,0,15,False
2,Right_Head_Far,277,62.33998,-0.007296177,1.086872,-0.01048319,-0.03135077,0.7205094,0.1760762,0.1770298,-0.01463998,0.01189049,-0.9840248,0.2817948,0.7123715,0.2228014,-0.007694245,0.2700755,-0.04569886,0.9617233,MathCanvas,0.7568368,1.296367,3.405179,-0.007283818,1.086834,-0.01049964,0.2198469,0.05928311,0.9737314,0.02383024,1.086542,-0.01752485,0.2208611,0.05966824,0.9734783,-0.03842259,1.087203,-0.003441534,0.2208611,0.05966824,0.9734783,-0.007296177,1.086872,-0.01048319,356.5792,12.78277,359.4058,0,15,False
2,Right_Head_Far,278,62.35998,-0.007290326,1.086933,-0.01045256,-0.03124597,0.720511,0.1761044,0.1767869,-0.01490163,0.01195251,-0.9840637,0.2818478,0.7124758,0.2224379,-0.008181304,0.2705722,-0.04648265,0.9615421,MathCanvas,0.7634719,1.294715,3.403352,-0.007296177,1.086872,-0.01048319,0.2208611,0.05966819,0.9734783,0.02382874,1.086603,-0.01752663,0.2218712,0.06062026,0.9731898,-0.03840939,1.087264,-0.003378495,0.2218712,0.06062026,0.9731898,-0.007290326,1.086933,-0.01045256,356.5246,12.84298,359.4062,0,15,False
2,Right_Head_Far,279,62.37998,-0.007294264,1.087036,-0.01039136,-0.03109176,0.7205501,0.1761618,0.1763917,-0.01558496,0.01161512,-0.9841282,0.2817715,0.7126135,0.2221228,-0.009138018,0.2678838,-0.04763686,0.9622294,MathCanvas,0.7675445,1.296264,3.404749,-0.007285762,1.086997,-0.01041539,0.2225908,0.06092189,0.9730066,0.02381454,1.086735,-0.01751173,0.2232599,0.06113906,0.9728397,-0.03840307,1.087336,-0.003270993,0.2232599,0.06113906,0.9728397,-0.007294264,1.087036,-0.01039136,356.4948,12.92517,359.4595,0,15,False
2,Right_Head_Far,280,62.39998,-0.007254568,1.087039,-0.01039481,-0.03098544,0.7205933,0.1761183,0.1766018,-0.01612112,0.01155611,-0.9840825,0.281799,0.712635,0.2221865,-0.008865566,0.2686283,-0.04743077,0.9620346,MathCanvas,0.7740829,1.300894,3.405227,-0.007294264,1.087036,-0.01039136,0.2232599,0.06113892,0.9728397,0.02385043,1.086748,-0.01753219,0.2237733,0.06116229,0.9727203,-0.03835957,1.08733,-0.003257426,0.2237733,0.06116229,0.9727203,-0.007254568,1.087039,-0.01039481,356.4935,12.95543,359.4768,0,15,False
2,Right_Head_Far,281,62.41998,-0.007167215,1.087035,-0.01041692,-0.03090617,0.7206234,0.1760523,0.1769524,-0.01643232,0.0117121,-0.9840125,0.2818446,0.7135092,0.220541,-0.019784,0.2634488,-0.05345551,0.962988,MathCanvas,0.7769126,1.30178,3.406559,-0.007254568,1.087039,-0.01039481,0.2237732,0.06116224,0.9727203,0.02393534,1.086748,-0.01756508,0.2241049,0.06097934,0.9726554,-0.03826977,1.087323,-0.003268761,0.2241049,0.06097934,0.9726554,-0.007167215,1.087035,-0.01041692,356.504,12.97481,359.4828,0,15,False
2,Right_Head_Far,282,62.43998,-0.007110498,1.08701,-0.01043093,-0.03072925,0.7206315,0.1758865,0.177534,-0.01714693,0.012488,-0.9838861,0.2805008,0.7129773,0.2205984,-0.0121319,0.2607788,-0.05464692,0.9637743,MathCanvas,0.7789651,1.301903,3.406823,-0.007082496,1.087022,-0.01044789,0.2241593,0.06110609,0.9726349,0.02399261,1.086735,-0.01757716,0.2240195,0.06111974,0.9726663,-0.03821361,1.087285,-0.003284706,0.2240195,0.06111974,0.9726663,-0.007110498,1.08701,-0.01043093,356.4959,12.9699,359.5053,0,15,False
2,Right_Head_Far,283,62.45998,-0.007142287,1.086997,-0.01041537,-0.0306935,0.7206225,0.1758395,0.1776387,-0.01721883,0.01277179,-0.9838623,0.2797919,0.7121338,0.2211941,-0.003096462,0.2578062,-0.05155205,0.9648154,MathCanvas,0.780521,1.30172,3.40713,-0.007110498,1.08701,-0.01043093,0.2240195,0.06111989,0.9726663,0.02396268,1.086732,-0.01755392,0.2237606,0.06100331,0.9727331,-0.03824725,1.087261,-0.003276816,0.2237606,0.06100331,0.9727331,-0.007142287,1.086997,-0.01041537,356.5026,12.95456,359.5236,0,15,False
2,Right_Head_Far,284,62.47998,-0.007225763,1.086989,-0.01036455,-0.03070232,0.7206522,0.1757791,0.1776464,-0.01709519,0.01281576,-0.9838625,0.2782898,0.7116845,0.2220082,-0.003601402,0.2536591,-0.04717461,0.9661359,MathCanvas,0.780398,1.301864,3.408993,-0.007175805,1.086986,-0.01039264,0.2229227,0.06125839,0.9729095,0.02389089,1.086768,-0.01745349,0.2221229,0.06117734,0.9730975,-0.03834242,1.087209,-0.003275604,0.2221229,0.06117734,0.9730975,-0.007225763,1.086989,-0.01036455,356.4926,12.85825,359.6034,0,15,False
2,Right_Head_Far,285,62.49998,-0.007277515,1.086967,-0.01033669,-0.0307259,0.7207141,0.1756953,0.1777472,-0.01707898,0.01277101,-0.9838451,0.2776589,0.711987,0.2223992,-0.005158693,0.2542095,-0.04074152,0.9662769,MathCanvas,0.776804,1.302438,3.411406,-0.007225763,1.086989,-0.01036455,0.2221229,0.06117748,0.9730975,0.02384915,1.08676,-0.01738195,0.2207308,0.06112049,0.9734178,-0.03840418,1.087173,-0.003291427,0.2207308,0.06112049,0.9734178,-0.007277515,1.086967,-0.01033669,356.4959,12.77625,359.6283,0,15,False
2,Right_Head_Far,286,62.51998,-0.00737436,1.086916,-0.01029466,-0.0308449,0.7208006,0.1755716,0.177864,-0.01670342,0.01279383,-0.9838302,0.2771339,0.7121692,0.2232448,-0.005969167,0.2526254,-0.035994,0.966876,MathCanvas,0.7743285,1.302238,3.4138,-0.007328028,1.086934,-0.01030511,0.2189725,0.06112989,0.9738142,0.02377743,1.086722,-0.01722835,0.2172178,0.06104961,0.9742122,-0.03852616,1.08711,-0.003360978,0.2172178,0.06104961,0.9742122,-0.00737436,1.086916,-0.01029466,356.4999,12.5695,359.6512,0,15,False
2,Right_Head_Far,287,62.53998,-0.007421255,1.086891,-0.0103265,-0.03096233,0.7208474,0.1755033,0.1778259,-0.01629026,0.01275599,-0.9838445,0.277263,0.7120748,0.2235701,-0.004819095,0.2539506,-0.03748921,0.9664783,MathCanvas,0.7636383,1.302157,3.418552,-0.00737436,1.086916,-0.01029466,0.2172178,0.06104945,0.9742122,0.02374231,1.0867,-0.01720715,0.2155542,0.06090236,0.9745908,-0.03858482,1.087082,-0.003445849,0.2155542,0.06090236,0.9745908,-0.007421255,1.086891,-0.0103265,356.5084,12.47156,359.6568,0,15,False
2,Right_Head_Far,288,62.55998,-0.007486613,1.086836,-0.01043303,-0.031178,0.7209455,0.1753567,0.1777381,-0.01562239,0.01266437,-0.9838724,0.2771209,0.7121015,0.2236895,-0.00361225,0.257299,-0.03376656,0.965735,MathCanvas,0.757864,1.301975,3.421945,-0.007464337,1.08685,-0.01038453,0.2140402,0.06077674,0.9749323,0.02369757,1.086653,-0.01721988,0.2126099,0.06033624,0.9752725,-0.03867079,1.087019,-0.003646179,0.2126099,0.06033624,0.9752725,-0.007486613,1.086836,-0.01043303,356.5409,12.2981,359.671,0,15,False
2,Right_Head_Far,289,62.57998,-0.007493546,1.086818,-0.0104986,-0.0312935,0.7209946,0.1752506,0.1778661,-0.01525504,0.01276378,-0.9838536,0.2772493,0.7119948,0.2239812,-0.002336353,0.2587691,-0.03500284,0.965302,MathCanvas,0.7470233,1.301079,3.426287,-0.007486613,1.086836,-0.01043303,0.2126099,0.06033599,0.9752726,0.02370093,1.086634,-0.01723795,0.2111256,0.06050071,0.9755848,-0.03868802,1.087002,-0.00375926,0.2111256,0.06050071,0.9755848,-0.007493546,1.086818,-0.0104986,356.5314,12.21103,359.6685,1,16,False
2,Right_Head_Far,290,62.59998,-0.007488931,1.086811,-0.01056764,-0.03144346,0.7210618,0.1751244,0.1780008,-0.01461573,0.01290117,-0.9838372,0.2773652,0.7120597,0.2239344,-0.002785027,0.2573893,-0.03884316,0.9655228,MathCanvas,0.7421826,1.299567,3.428375,-0.007493546,1.086818,-0.0104986,0.2111256,0.06050115,0.9755847,0.02371511,1.086629,-0.01726262,0.209731,0.06086096,0.9758632,-0.03869297,1.086993,-0.003872671,0.209731,0.06086096,0.9758632,-0.007488931,1.086811,-0.01056764,356.5108,12.12941,359.6727,1,16,False
2,Right_Head_Far,291,62.61998,-0.007331501,1.086873,-0.01065104,-0.03170596,0.7210829,0.1749323,0.1782641,-0.01363637,0.01292725,-0.9838033,0.277217,0.7123117,0.2242055,-0.002989888,0.2560471,-0.03934819,0.9658585,MathCanvas,0.737257,1.30023,3.430811,-0.007413853,1.086848,-0.01060286,0.208428,0.06079815,0.9761462,0.02388964,1.086688,-0.01726572,0.2072234,0.06118912,0.9763782,-0.03855264,1.087058,-0.004036363,0.2072234,0.06118912,0.9763782,-0.007331501,1.086873,-0.01065104,356.4919,11.98247,359.6671,1,16,False
2,Right_Head_Far,292,62.63998,-0.007260706,1.086911,-0.01072422,-0.03181425,0.7210274,0.1748729,0.178334,-0.01320762,0.01309071,-0.9837943,0.2768814,0.7124895,0.2249487,-0.002346754,0.2555547,-0.04390563,0.9657943,MathCanvas,0.7283693,1.301476,3.434911,-0.007331501,1.086873,-0.01065104,0.2072234,0.0611889,0.9763782,0.02396832,1.086731,-0.0173017,0.206049,0.06155545,0.9766037,-0.03848973,1.087092,-0.004146731,0.206049,0.06155545,0.9766037,-0.007260706,1.086911,-0.01072422,356.4709,11.91383,359.6754,1,16,False
2,Right_Head_Far,293,62.65998,-0.007145802,1.086941,-0.01091937,-0.03211623,0.7210398,0.1746724,0.1785584,-0.01219598,0.01335185,-0.9837632,0.2764552,0.7124969,0.2251816,-0.002149701,0.2552541,-0.03931206,0.9660721,MathCanvas,0.7244996,1.302985,3.437124,-0.007207824,1.086933,-0.01081628,0.2050283,0.06179001,0.9768037,0.02409764,1.086759,-0.01742795,0.2038948,0.06195859,0.9770302,-0.03838925,1.087123,-0.004410784,0.2038948,0.06195859,0.9770302,-0.007145802,1.086941,-0.01091937,356.4478,11.78778,359.6722,1,16,False
2,Right_Head_Far,294,62.67998,-0.007086082,1.086935,-0.01102988,-0.03221184,0.7210474,0.1746271,0.1785138,-0.01195207,0.01339894,-0.9837736,0.2761661,0.7124833,0.2254615,-0.001799286,0.2541089,-0.04005956,0.966344,MathCanvas,0.7173481,1.305284,3.440742,-0.007145802,1.086941,-0.01091937,0.2038947,0.06195896,0.9770302,0.02416437,1.086757,-0.01750486,0.2028341,0.06229002,0.9772299,-0.03833653,1.087114,-0.004554897,0.2028341,0.06229002,0.9772299,-0.007086082,1.086935,-0.01102988,356.4287,11.72583,359.6791,1,16,False
2,Right_Head_Far,295,62.69998,-0.00694859,1.086915,-0.01124504,-0.03258673,0.7210894,0.1744211,0.1786465,-0.010541,0.01354946,-0.9837636,0.2748051,0.7125005,0.2264236,-0.001416951,0.2505847,-0.03889779,0.9673119,MathCanvas,0.7135528,1.305921,3.442153,-0.007003479,1.086931,-0.01114688,0.2014754,0.0622388,0.9775142,0.02431642,1.086733,-0.01764922,0.2006282,0.06223511,0.9776887,-0.0382136,1.087097,-0.004840864,0.2006282,0.06223511,0.9776887,-0.00694859,1.086915,-0.01124504,356.4319,11.59649,359.6719,1,16,False
2,Right_Head_Far,296,62.71998,-0.006880525,1.086885,-0.01134187,-0.03277179,0.7211112,0.174348,0.1785647,-0.009885814,0.01367982,-0.9837834,0.2743568,0.7125214,0.226757,-0.001691729,0.2495596,-0.03878761,0.9675809,MathCanvas,0.7055119,1.307005,3.445456,-0.00694859,1.086915,-0.01124504,0.2006282,0.06223499,0.9776887,0.02439317,1.086698,-0.01770338,0.1993023,0.06242117,0.977948,-0.03815422,1.087072,-0.00498035,0.1993023,0.06242117,0.977948,-0.006880525,1.086885,-0.01134187,356.4212,11.51894,359.6632,1,16,False
2,Right_Head_Far,297,62.73998,-0.006812878,1.086859,-0.0114574,-0.03299987,0.7211193,0.1742581,0.1785437,-0.009093129,0.01377963,-0.9837934,0.2740918,0.7125808,0.226986,-0.00217998,0.249317,-0.03872598,0.9676449,MathCanvas,0.7025768,1.306959,3.44594,-0.006880525,1.086885,-0.01134187,0.1993024,0.06242108,0.977948,0.02447075,1.086664,-0.01776964,0.197778,0.06204785,0.9782811,-0.03809651,1.087053,-0.005145167,0.197778,0.06204785,0.9782811,-0.006812878,1.086859,-0.0114574,356.4426,11.42937,359.65,1,16,False
2,Right_Head_Far,298,62.75998,-0.006695416,1.086798,-0.01170214,-0.0332899,0.7211539,0.17409,0.178604,-0.008091887,0.01392652,-0.9837892,0.2736975,0.7127242,0.22729,-0.002615333,0.2488937,-0.03887396,0.9677468,MathCanvas,0.6981168,1.307641,3.447532,-0.006760649,1.08683,-0.01157745,0.1967527,0.0622212,0.9784768,0.02460491,1.086588,-0.01793058,0.1951868,0.06227731,0.9787868,-0.03799574,1.087008,-0.005473703,0.1951868,0.06227731,0.9787868,-0.006695416,1.086798,-0.01170214,356.4295,11.27781,359.6219,1,16,False
2,Right_Head_Far,299,62.77998,-0.00663514,1.086784,-0.01180766,-0.03347961,0.7211843,0.1739797,0.1786544,-0.007385176,0.0141219,-0.9837828,0.2735008,0.7127882,0.2274748,-0.002696157,0.2486562,-0.03910161,0.9677985,MathCanvas,0.6894156,1.306937,3.450148,-0.006695416,1.086798,-0.01170214,0.1951868,0.06227735,0.9787868,0.02467425,1.086575,-0.0179904,0.1937544,0.06239827,0.9790637,-0.03794453,1.086993,-0.005624927,0.1937544,0.06239827,0.9790637,-0.00663514,1.086784,-0.01180766,356.4225,11.19406,359.624,0,16,False
2,Right_Head_Far,300,62.79998,-0.006496903,1.086812,-0.01200312,-0.03389477,0.7212434,0.1738747,0.1782346,-0.005771695,0.01440789,-0.9838656,0.2730358,0.712823,0.2281649,-0.002815813,0.2478558,-0.03896641,0.9680089,MathCanvas,0.6839713,1.307132,3.45132,-0.006575556,1.086782,-0.01191783,0.1924066,0.0625529,0.9793196,0.02482882,1.086589,-0.01810211,0.1911595,0.06281689,0.9795469,-0.03782263,1.087034,-0.005904139,0.1911595,0.06281689,0.9795469,-0.006496903,1.086812,-0.01200312,356.3985,11.04254,359.6,0,16,False
2,Right_Head_Far,301,62.81998,-0.006404053,1.086869,-0.01207839,-0.0341299,0.7212543,0.1738407,0.1780422,-0.005143756,0.01430459,-0.9839054,0.272836,0.7128312,0.2284333,-0.002800584,0.2475543,-0.03889539,0.9680889,MathCanvas,0.6746217,1.308249,3.454786,-0.006496903,1.086812,-0.01200312,0.1911595,0.06281655,0.9795469,0.02492979,1.086642,-0.01813534,0.189853,0.06285349,0.9797986,-0.0377379,1.087095,-0.006021439,0.189853,0.06285349,0.9797986,-0.006404053,1.086869,-0.01207839,356.3964,10.96616,359.5925,0,16,False
2,Right_Head_Far,302,62.83998,-0.006247729,1.086935,-0.01225626,-0.03451269,0.721253,0.1737392,0.1778662,-0.004084704,0.01435016,-0.9839416,0.2724368,0.712905,0.2289589,-0.003240437,0.2471123,-0.03891807,0.9681996,MathCanvas,0.6702836,1.309234,3.455432,-0.006321845,1.086915,-0.01216174,0.1888237,0.06295408,0.979991,0.0250977,1.086699,-0.0182526,0.1879756,0.06314582,0.9801417,-0.03759316,1.087171,-0.006259915,0.1879756,0.06314582,0.9801417,-0.006247729,1.086935,-0.01225626,356.3796,10.8566,359.5752,0,16,False
2,Right_Head_Far,303,62.85998,-0.006167409,1.086925,-0.01234317,-0.03469336,0.7212532,0.1736759,0.1778857,-0.003344325,0.01451389,-0.9839385,0.2722912,0.7129397,0.2292079,-0.003318072,0.2470757,-0.03904897,0.9682034,MathCanvas,0.6624048,1.309865,3.458038,-0.006247729,1.086935,-0.01225626,0.1879756,0.06314586,0.9801417,0.02518497,1.086685,-0.01830286,0.1868384,0.06324018,0.9803531,-0.03751979,1.087166,-0.006383481,0.1868384,0.06324018,0.9803531,-0.006167409,1.086925,-0.01234317,356.3742,10.79019,359.5668,0,16,False
2,Right_Head_Far,304,62.87998,-0.006020777,1.086875,-0.01251526,-0.03508415,0.7213707,0.1735127,0.1780948,-0.001972475,0.01437461,-0.9839064,0.2718851,0.7129543,0.2299532,-0.003089637,0.2466916,-0.03981548,0.9682709,MathCanvas,0.6594278,1.310516,3.458201,-0.00608401,1.086907,-0.01243031,0.1855109,0.06305449,0.980617,0.0253446,1.086644,-0.01840656,0.1846822,0.0630718,0.9807724,-0.03738615,1.087107,-0.006623949,0.1846822,0.0630718,0.9807724,-0.006020777,1.086875,-0.01251526,356.3839,10.66409,359.5837,0,16,False
2,Right_Head_Far,305,62.89998,-0.005961746,1.086861,-0.01255699,-0.03522069,0.7214264,0.1734239,0.1783481,-0.001618422,0.01426342,-0.9838628,0.2716912,0.7129492,0.2302896,-0.002797008,0.2461824,-0.04019096,0.9683858,MathCanvas,0.6510016,1.310195,3.460528,-0.006020777,1.086875,-0.01251526,0.1846822,0.0630721,0.9807723,0.02540952,1.086627,-0.01841677,0.183702,0.0629493,0.9809643,-0.03733301,1.087095,-0.006697199,0.183702,0.0629493,0.9809643,-0.005961746,1.086861,-0.01255699,356.3909,10.60674,359.5793,0,16,False
2,Right_Head_Far,306,62.91998,-0.005936109,1.086856,-0.01257133,-0.03527233,0.7214483,0.1733703,0.178469,-0.001534835,0.01433796,-0.9838399,0.2714992,0.7129576,0.2305622,-0.002702683,0.245647,-0.04045084,0.9685112,MathCanvas,0.6479761,1.310192,3.460242,-0.005961746,1.086861,-0.01255699,0.1837019,0.06294979,0.9809643,0.02544042,1.086621,-0.01840278,0.1828167,0.06328555,0.9811081,-0.03731264,1.087091,-0.006739883,0.1828167,0.06328555,0.9811081,-0.005936109,1.086856,-0.01257133,356.3716,10.55527,359.5772,0,16,False
2,Right_Head_Far,307,62.93998,-0.005861849,1.0869,-0.01257638,-0.03537519,0.7214682,0.1731844,0.1787133,-0.001103589,0.01493872,-0.9837872,0.2710184,0.7129776,0.2311217,-0.002232254,0.2443888,-0.04096625,0.968809,MathCanvas,0.6444786,1.309736,3.460629,-0.005909447,1.086879,-0.01253738,0.1819482,0.06347898,0.981257,0.02552485,1.086658,-0.01835258,0.1811007,0.06368607,0.9814003,-0.03724855,1.087142,-0.006800186,0.1811007,0.06368607,0.9814003,-0.005861849,1.0869,-0.01257638,356.3486,10.45534,359.5652,0,16,False
2,Right_Head_Far,308,62.95998,-0.005813956,1.086887,-0.01260839,-0.03549003,0.7215077,0.1730962,0.1789353,-0.0005739267,0.01541193,-0.98374,0.2707917,0.7129213,0.2313868,-0.001970887,0.2438763,-0.04100464,0.9689371,MathCanvas,0.6385412,1.311723,3.462728,-0.005861849,1.0869,-0.01257638,0.1811007,0.06368646,0.9814003,0.02557824,1.086645,-0.01835466,0.1801637,0.06379619,0.9815657,-0.03720615,1.087128,-0.006862119,0.1801637,0.06379619,0.9815657,-0.005813956,1.086887,-0.01260839,356.3423,10.40071,359.5659,0,16,False
2,Right_Head_Far,309,62.97998,-0.005753039,1.086823,-0.01267108,-0.0358104,0.7215953,0.173059,0.1787747,0.00124379,0.01562339,-0.9837652,0.2703058,0.7128712,0.2318166,-0.002459496,0.2429111,-0.04035464,0.9692057,MathCanvas,0.6355174,1.31242,3.462821,-0.005778394,1.086863,-0.01263885,0.1793503,0.06318251,0.9817542,0.0256499,1.086589,-0.01835869,0.1783175,0.0628133,0.9819661,-0.03715598,1.087056,-0.006983473,0.1783175,0.0628133,0.9819661,-0.005753039,1.086823,-0.01267108,356.3987,10.29232,359.5804,0,16,False
2,Right_Head_Far,310,62.99998,-0.005709775,1.086785,-0.01267226,-0.03602032,0.7216273,0.1730936,0.1783401,0.002464966,0.01561651,-0.9838419,0.2699921,0.7128511,0.2320632,-0.002389669,0.2421203,-0.03985009,0.9694246,MathCanvas,0.6293146,1.310548,3.463656,-0.005753039,1.086823,-0.01267108,0.1783175,0.06281369,0.981966,0.0256994,1.086561,-0.0183257,0.1772313,0.06285766,0.9821599,-0.03711895,1.08701,-0.007018815,0.1772313,0.06285766,0.9821599,-0.005709775,1.086785,-0.01267226,356.3961,10.22898,359.5963,0,16,False
2,Right_Head_Far,311,63.01998,-0.0056311,1.086826,-0.01261394,-0.03630495,0.7216999,0.1731404,0.1776299,0.003372397,0.015311,-0.9839725,0.2697393,0.7127409,0.2323878,-0.001923829,0.2413356,-0.0400869,0.9696115,MathCanvas,0.6254675,1.309123,3.463125,-0.005667605,1.086793,-0.01264579,0.1760338,0.06284224,0.9823762,0.0257891,1.086605,-0.01820589,0.1753004,0.06309398,0.9824912,-0.0370513,1.087047,-0.007021995,0.1753004,0.06309398,0.9824912,-0.0056311,1.086826,-0.01261394,356.3826,10.11651,359.6027,0,16,False
2,Right_Head_Far,312,63.03998,-0.005599204,1.086884,-0.01259208,-0.03635426,0.7217188,0.173149,0.1774577,0.002789828,0.01500019,-0.9840102,0.2696728,0.7126845,0.2325195,-0.001817584,0.2411614,-0.04011414,0.969654,MathCanvas,0.6175901,1.30931,3.465343,-0.0056311,1.086826,-0.01261394,0.1753004,0.06309399,0.9824912,0.0258246,1.086659,-0.01816363,0.1746681,0.06360167,0.9825711,-0.037023,1.087108,-0.007020523,0.1746681,0.06360167,0.9825711,-0.005599204,1.086884,-0.01259208,356.3534,10.07996,359.5959,0,16,False
2,Right_Head_Far,313,63.05998,-0.005541426,1.086914,-0.01259058,-0.03655617,0.721782,0.1731797,0.1771309,0.004011782,0.01510747,-0.9840632,0.269478,0.7126846,0.2327468,-0.001492232,0.2407011,-0.04013017,0.9697682,MathCanvas,0.6149412,1.310228,3.4653,-0.00557812,1.086919,-0.0125877,0.1742927,0.06365742,0.9826341,0.02588821,1.086663,-0.01812799,0.1736547,0.06307299,0.9827847,-0.03697106,1.087165,-0.007053164,0.1736547,0.06307299,0.9827847,-0.005541426,1.086914,-0.01259058,356.3838,10.02054,359.5488,0,16,False
2,Right_Head_Far,314,63.07998,-0.005503252,1.086875,-0.01261307,-0.03675747,0.7218084,0.1733073,0.176122,0.004803276,0.01473914,-0.9842463,0.2694626,0.7126634,0.2328449,-0.001349866,0.2406199,-0.04031918,0.9697807,MathCanvas,0.6115787,1.312306,3.466634,-0.005541426,1.086914,-0.01259058,0.1736547,0.06307306,0.9827847,0.02593001,1.086633,-0.01813021,0.1730062,0.06239786,0.9829422,-0.03693652,1.087117,-0.007095925,0.1730062,0.06239786,0.9829422,-0.005503252,1.086875,-0.01261307,356.4225,9.982301,359.5642,0,16,False
2,Right_Head_Far,315,63.09998,-0.005485401,1.086798,-0.01263133,-0.03711323,0.721877,0.1734709,0.1755908,0.006486908,0.01415928,-0.9843401,0.269508,0.7126026,0.2329781,-0.001176387,0.2405418,-0.04073083,0.9697831,MathCanvas,0.6090459,1.310085,3.465378,-0.005503252,1.086875,-0.01261307,0.1730062,0.06239776,0.9829422,0.02594792,1.086551,-0.01814794,0.1730026,0.06130523,0.9830116,-0.03691872,1.087045,-0.007114718,0.1730026,0.06130523,0.9830116,-0.005485401,1.086798,-0.01263133,356.4853,9.981408,359.5554,0,16,False
2,Right_Head_Far,316,63.11998,-0.005487166,1.086654,-0.01257976,-0.03736933,0.7219413,0.1730091,0.1767433,0.001199818,0.01000796,-0.9842054,0.2695465,0.7125863,0.233091,-0.0008912386,0.2404745,-0.04133151,0.9697747,MathCanvas,0.6065462,1.307538,3.464654,-0.005474799,1.086712,-0.01261021,0.1724229,0.06101138,0.9831317,0.02594822,1.086406,-0.01808457,0.1726362,0.06071001,0.9831129,-0.03692255,1.086901,-0.00707494,0.1726362,0.06071001,0.9831129,-0.005487166,1.086654,-0.01257976,356.5194,9.959683,359.5547,0,16,False
2,Right_Head_Far,317,63.13998,-0.005475651,1.086636,-0.01258311,-0.03687762,0.7221053,0.1731995,0.1758588,-0.006071551,0.009526608,-0.9843506,0.2695399,0.7126116,0.2331016,-0.0008736551,0.2405047,-0.04149676,0.9697602,MathCanvas,0.604053,1.302338,3.462934,-0.005487166,1.086654,-0.01257976,0.1726362,0.06071009,0.9831129,0.02596126,1.086378,-0.01807877,0.1723691,0.06083256,0.9831522,-0.03691256,1.086893,-0.007087452,0.1723691,0.06083256,0.9831522,-0.005475651,1.086636,-0.01258311,356.5124,9.944198,359.5364,0,16,False
2,Right_Head_Far,318,63.15998,-0.005442984,1.086647,-0.01262388,-0.03679454,0.7222018,0.1721759,0.1800159,-0.005893577,0.0112876,-0.9835813,0.2695834,0.7124753,0.2332278,-0.0007809104,0.2404665,-0.04158091,0.9697661,MathCanvas,0.6045206,1.30115,3.461169,-0.005454275,1.08664,-0.01259922,0.1722561,0.06068249,0.9831813,0.02599388,1.086384,-0.01811954,0.1723797,0.06079143,0.9831529,-0.03687985,1.08691,-0.007128213,0.1723797,0.06079143,0.9831529,-0.005442984,1.086647,-0.01262388,356.5148,9.94479,359.5266,0,16,False
