UID,Condition,Index,Time,Player_X,Player_Y,Player_Z,Left_X,Left_Y,Left_Z,LeftRot_X,LeftRot_Y,LeftRot_Z,LeftRot_W,Right_X,Right_Y,Right_Z,RightRot_X,RightRot_Y,RightRot_Z,RightRot_W,GazeObject,GP_X,GP_Y,GP_Z,GO_X,GO_Y,GO_Z,GZ_X,GZ_Y,GZ_Z,RE_X,RE_Y,RE_Z,RED_X,RED_Y,RED_Z,LE_X,LE_Y,LE_Z,LED_X,LED_Y,LED_Z,H_X,H_Y,H_Z,HR_X,HR_Y,HR_Z,Blinking,BlinkCount,EventTriggered
2,Center_Head_Close,0,37.07999,-0.08964609,1.527153,-0.1713801,-0.08901419,1.202951,-0.1438393,-0.527109,0.2626991,0.2159611,0.778785,0.1365428,0.7802525,-0.2319145,0.4062005,0.5126382,-0.1243017,0.7461584,MathCanvas,2.883643,1.24427,1.606574,-0.0895422,1.527066,-0.1711964,0.8098842,-0.112915,0.5756196,-0.0637337,1.528313,-0.1922343,0.7941597,-0.1137675,0.5969651,-0.1155585,1.525993,-0.150526,0.8246753,-0.1102687,0.5547534,-0.08964609,1.527153,-0.1713801,356.5372,38.70604,2.00132,0,12,False
2,Center_Head_Close,1,37.09999,-0.08970871,1.527205,-0.1715838,-0.08901419,1.202951,-0.1438393,-0.527109,0.2626991,0.2159611,0.778785,0.1365428,0.7802525,-0.2319145,0.4062005,0.5126382,-0.1243017,0.7461584,MathCanvas,2.883643,1.24427,1.606574,-0.08964609,1.527153,-0.1713801,0.8080368,-0.1120115,0.5783856,-0.06379168,1.528354,-0.1924328,0.7923135,-0.1131434,0.5995315,-0.1156257,1.526055,-0.1507348,0.8229823,-0.1096872,0.5573769,-0.08970871,1.527205,-0.1715838,356.4963,38.69381,1.982943,0,12,False
2,Center_Head_Close,2,37.11999,-0.08991228,1.52745,-0.1718888,-0.08894616,1.20304,-0.1439892,-0.5277517,0.2626365,0.2160262,0.7783527,0.1359965,0.7802885,-0.2310523,0.4050772,0.5089087,-0.126298,0.7489815,MathCanvas,2.883643,1.24427,1.606574,-0.08977901,1.527255,-0.171778,0.8079379,-0.1107176,0.5787729,-0.06399649,1.528584,-0.1927402,0.792428,-0.1111612,0.5997509,-0.1158281,1.526316,-0.1510374,0.823093,-0.1077583,0.5575895,-0.08991228,1.52745,-0.1718888,356.3717,38.69572,1.956279,0,12,False
2,Center_Head_Close,3,37.13999,-0.08999688,1.527507,-0.1720449,-0.08892362,1.203059,-0.1440125,-0.5279307,0.2625319,0.2160295,0.7782657,0.1359396,0.7802376,-0.2309532,0.4055313,0.5086558,-0.1258842,0.7489771,MathCanvas,2.883643,1.24427,1.606574,-0.08991228,1.52745,-0.1718888,0.8077939,-0.1124452,0.5786409,-0.06407975,1.528646,-0.1928944,0.7921817,-0.113551,0.5996284,-0.115914,1.526368,-0.1511954,0.8228587,-0.110107,0.5574763,-0.08999688,1.527507,-0.1720449,356.3373,38.68993,1.965136,0,12,False
2,Center_Head_Close,4,37.15999,-0.09014951,1.527633,-0.1723468,-0.08896259,1.203062,-0.1440538,-0.5282658,0.2623504,0.2161009,0.7780797,0.1359547,0.7801567,-0.2308991,0.4062115,0.508786,-0.1249451,0.7486774,MathCanvas,2.883643,1.24427,1.606574,-0.09007441,1.527575,-0.1721905,0.8108101,-0.1225546,0.5723351,-0.06424034,1.528778,-0.1932058,0.7954457,-0.1236092,0.5932847,-0.1160587,1.526488,-0.1514877,0.8258151,-0.1199759,0.5510309,-0.09014951,1.527633,-0.1723468,356.2528,38.70776,1.975793,0,12,False
2,Center_Head_Close,5,37.17999,-0.09022748,1.527692,-0.1725047,-0.08896259,1.203062,-0.1440538,-0.5282658,0.2623504,0.2161009,0.7780797,0.1359547,0.7801567,-0.2308991,0.4062115,0.508786,-0.1249451,0.7486774,MathCanvas,2.883643,1.24427,1.606574,-0.09014951,1.527633,-0.1723468,0.8109071,-0.1217927,0.5723602,-0.06431936,1.528834,-0.1933653,0.7955124,-0.1228856,0.5933456,-0.1161356,1.526551,-0.1516442,0.8258792,-0.1192687,0.5510885,-0.09022748,1.527692,-0.1725047,356.208,38.70979,1.969563,0,12,False
2,Center_Head_Close,6,37.19999,-0.09043849,1.527735,-0.1726356,-0.08891732,1.20321,-0.1440278,-0.528609,0.2624171,0.2162311,0.7777879,0.1362274,0.7800315,-0.2307,0.4076835,0.5102588,-0.1222728,0.7473149,MathCanvas,2.883643,1.24427,1.606574,-0.09033872,1.527695,-0.1725402,0.8739705,-0.1702553,0.4551798,-0.06452812,1.528893,-0.1934925,0.8619146,-0.1724601,0.4768235,-0.1163489,1.526577,-0.1517788,0.8856456,-0.1669976,0.433294,-0.09043849,1.527735,-0.1726356,356.1626,38.69894,1.997861,0,12,False
2,Center_Head_Close,7,37.21999,-0.09051409,1.527784,-0.172704,-0.08891448,1.203242,-0.1440087,-0.5287517,0.2624489,0.2162695,0.7776694,0.1363274,0.7801054,-0.2306358,0.4076893,0.5112993,-0.1211,0.7467914,MathCanvas,1.099669,1.295894,0.4471943,-0.09043849,1.527735,-0.1726356,0.8901849,-0.1848246,0.416426,-0.06459779,1.528941,-0.1935535,0.8790278,-0.1873724,0.4384082,-0.1164304,1.526628,-0.1518545,0.9006765,-0.1812466,0.3948816,-0.09051409,1.527784,-0.172704,356.1282,38.68165,1.995906,0,12,False
2,Center_Head_Close,8,37.23999,-0.09059665,1.527833,-0.172803,-0.08891448,1.203242,-0.1440087,-0.5287517,0.2624489,0.2162695,0.7776694,0.1363274,0.7801054,-0.2306358,0.4076893,0.5112993,-0.1211,0.7467914,MathCanvas,1.254149,1.248599,0.4563257,-0.09051409,1.527784,-0.172704,0.8901786,-0.1843133,0.4166663,-0.06467882,1.528991,-0.1936506,0.8791236,-0.1868144,0.4384543,-0.1165145,1.526675,-0.1519555,0.9007688,-0.180692,0.3949254,-0.09059665,1.527833,-0.172803,356.0935,38.67592,1.999264,0,12,False
2,Center_Head_Close,9,37.25999,-0.09073476,1.527784,-0.1727777,-0.0888546,1.203319,-0.1440052,-0.5293632,0.2627255,0.2164155,0.7771192,0.1366751,0.780036,-0.2306651,0.4082229,0.514649,-0.1186817,0.7445838,MathCanvas,1.286986,1.242602,0.4720024,-0.09066436,1.527829,-0.1727801,0.8911831,-0.1863145,0.4136177,-0.06481165,1.528902,-0.1936208,0.8800392,-0.1899125,0.4352748,-0.1166579,1.526666,-0.1519345,0.9015309,-0.1837551,0.3917602,-0.09073476,1.527784,-0.1727777,356.0977,38.66923,1.929372,0,12,False
2,Center_Head_Close,10,37.27999,-0.09080485,1.527768,-0.172828,-0.08882494,1.203343,-0.144009,-0.5293859,0.2627946,0.2164194,0.7770793,0.1367475,0.7799982,-0.2306682,0.4082602,0.5145221,-0.119449,0.7445285,MathCanvas,1.318665,1.233129,0.481356,-0.09073476,1.527784,-0.1727777,0.891055,-0.1868347,0.413659,-0.0648835,1.528884,-0.1936735,0.8800723,-0.1899071,0.4352103,-0.1167262,1.526652,-0.1519826,0.9015604,-0.1837527,0.3916935,-0.09080485,1.527768,-0.172828,356.0959,38.67439,1.926226,0,12,False
2,Center_Head_Close,11,37.29999,-0.09093566,1.52772,-0.1729626,-0.0888412,1.203346,-0.1439736,-0.529389,0.2628377,0.2164435,0.7770559,0.1369132,0.7799301,-0.2306891,0.4086783,0.5150106,-0.1192987,0.7439852,MathCanvas,1.358486,1.223884,0.4999834,-0.09087256,1.527738,-0.17291,0.8914906,-0.1875458,0.4123967,-0.06501319,1.528837,-0.1938066,0.8804607,-0.1906704,0.4340896,-0.1168581,1.526603,-0.1521186,0.9018939,-0.1844857,0.3905797,-0.09093566,1.52772,-0.1729626,356.1123,38.67171,1.92749,0,12,False
2,Center_Head_Close,12,37.31999,-0.09101749,1.527699,-0.1730119,-0.0888412,1.203346,-0.1439736,-0.529389,0.2628377,0.2164435,0.7770559,0.1369132,0.7799301,-0.2306891,0.4086783,0.5150106,-0.1192987,0.7439852,MathCanvas,1.376513,1.219008,0.5058674,-0.09093566,1.52772,-0.1729626,0.8914664,-0.1875446,0.4124497,-0.06509958,1.528812,-0.1938617,0.8805617,-0.1906874,0.4338772,-0.1169354,1.526585,-0.152162,0.9019839,-0.1845086,0.3903609,-0.09101749,1.527699,-0.1730119,356.1131,38.6849,1.921921,0,12,False
2,Center_Head_Close,13,37.33998,-0.09106207,1.52765,-0.1730594,-0.08894594,1.203437,-0.1437504,-0.5299029,0.2627312,0.2167415,0.7766585,0.1377506,0.7798584,-0.2308475,0.4086871,0.5181567,-0.1197147,0.7417256,MathCanvas,1.376513,1.219008,0.5058674,-0.09103342,1.527638,-0.1730555,0.8915592,-0.1876184,0.4122153,-0.06518012,1.528728,-0.1939557,0.8807725,-0.1905154,0.4335247,-0.116944,1.526572,-0.152163,0.9021769,-0.1844075,0.3899623,-0.09106207,1.52765,-0.1730594,356.1052,38.79005,1.860227,0,12,False
2,Center_Head_Close,14,37.35999,-0.09111513,1.52764,-0.1730784,-0.08894594,1.203437,-0.1437504,-0.5299029,0.2627312,0.2167415,0.7766585,0.1377506,0.7798584,-0.2308475,0.4086871,0.5181567,-0.1197147,0.7417256,MathCanvas,1.376513,1.219008,0.5058674,-0.09106207,1.52765,-0.1730594,0.8929644,-0.18899,0.4085308,-0.06524523,1.52871,-0.1939901,0.8823149,-0.1920028,0.4297153,-0.116985,1.52657,-0.1521667,0.9035211,-0.1858438,0.3861501,-0.09111513,1.52764,-0.1730784,356.0938,38.82422,1.845947,0,12,False
2,Center_Head_Close,15,37.37999,-0.09115748,1.527636,-0.1731002,-0.08896203,1.203439,-0.1437332,-0.5299799,0.2626927,0.2167677,0.7766116,0.1377304,0.7798643,-0.2308182,0.4086524,0.5180011,-0.1197854,0.7418419,MathCanvas,1.376513,1.219008,0.5058674,-0.09111513,1.52764,-0.1730784,0.8931881,-0.1889243,0.4080721,-0.06529645,1.528696,-0.1940234,0.8824776,-0.1919711,0.4293951,-0.1170185,1.526576,-0.1521771,0.9036657,-0.185828,0.385819,-0.09115748,1.527636,-0.1731002,356.0841,38.84997,1.829681,0,12,False
2,Center_Head_Close,16,37.39999,-0.09118151,1.527632,-0.1729996,-0.08893588,1.203509,-0.1434314,-0.5304176,0.2626707,0.2168963,0.7762843,0.1374134,0.7799793,-0.2302382,0.4083109,0.5167524,-0.1190267,0.7430221,MathCanvas,1.376513,1.219008,0.5058674,-0.09113882,1.527663,-0.1730311,0.8934374,-0.188295,0.407817,-0.0653301,1.528694,-0.1939346,0.882701,-0.1915587,0.4291204,-0.1170329,1.526569,-0.1520647,0.9038711,-0.1854221,0.3855332,-0.09118151,1.527632,-0.1729996,356.0617,38.87517,1.833568,0,12,False
2,Center_Head_Close,17,37.41999,-0.09122821,1.52762,-0.1729448,-0.08890738,1.203547,-0.1433212,-0.5304329,0.2626581,0.2169071,0.776275,0.1372766,0.7800673,-0.2299271,0.4081728,0.5161231,-0.1184368,0.7436294,MathCanvas,1.376513,1.219008,0.5058674,-0.09118151,1.527632,-0.1729996,0.8940499,-0.1856596,0.4076829,-0.0653777,1.528674,-0.1938812,0.883229,-0.1885127,0.4293827,-0.1170787,1.526566,-0.1520084,0.9043693,-0.1824563,0.3857796,-0.09122821,1.52762,-0.1729448,356.0434,38.87857,1.819504,0,12,False
2,Center_Head_Close,18,37.43999,-0.09131706,1.527616,-0.1728834,-0.08891201,1.203549,-0.1432922,-0.5304276,0.2626516,0.2169092,0.7762803,0.1372766,0.7800673,-0.2299271,0.4081728,0.5161231,-0.1184368,0.7436294,MathCanvas,1.376513,1.219008,0.5058674,-0.09127308,1.527618,-0.1729183,0.8941641,-0.1854161,0.4075434,-0.06547665,1.528652,-0.1938332,0.8834113,-0.1883475,0.42908,-0.1171575,1.52658,-0.1519336,0.9045312,-0.1823242,0.3854623,-0.09131706,1.527616,-0.1728834,356.0179,38.90882,1.78804,0,12,False
2,Center_Head_Close,19,37.45999,-0.09138382,1.52765,-0.1727488,-0.08894071,1.203548,-0.1431967,-0.530407,0.2626293,0.2169325,0.7762955,0.1370874,0.7801883,-0.2294999,0.407875,0.5152808,-0.1176679,0.7444985,MathCanvas,1.376513,1.219008,0.5058674,-0.09131706,1.527616,-0.1728834,0.8942415,-0.1853367,0.4074095,-0.06554399,1.528682,-0.1936995,0.8834393,-0.1881406,0.4291131,-0.1172237,1.526617,-0.1517981,0.9045577,-0.1821276,0.3854931,-0.09138382,1.52765,-0.1727488,356.0019,38.91054,1.78219,0,12,False
2,Center_Head_Close,20,37.47999,-0.09147384,1.52774,-0.1724183,-0.0890618,1.203511,-0.1427668,-0.5304712,0.2624264,0.2171791,0.7762512,0.1368583,0.7802258,-0.2289734,0.4081271,0.514293,-0.1170028,0.7451479,MathCanvas,1.376513,1.219008,0.5058674,-0.09141506,1.527695,-0.1725165,0.6839378,-0.1771275,0.707711,-0.0656317,1.528802,-0.1933647,0.6641179,-0.1780283,0.7261221,-0.117316,1.526679,-0.1514719,0.7032012,-0.1755356,0.6889814,-0.09147384,1.52774,-0.1724183,355.9545,38.89722,1.83263,0,12,False
2,Center_Head_Close,21,37.49999,-0.09151854,1.527753,-0.1723136,-0.0890618,1.203511,-0.1427668,-0.5304712,0.2624264,0.2171791,0.7762512,0.1368583,0.7802258,-0.2289734,0.4081271,0.514293,-0.1170028,0.7451479,MathCanvas,0.9721693,1.252276,0.9281961,-0.09147384,1.52774,-0.1724183,0.6839122,-0.1767821,0.7078222,-0.06567777,1.528817,-0.1932616,0.6641999,-0.1777154,0.7261238,-0.1173593,1.52669,-0.1513656,0.7032806,-0.175221,0.6889803,-0.09151854,1.527753,-0.1723136,355.9365,38.90002,1.836122,0,12,False
2,Center_Head_Close,22,37.51999,-0.09161645,1.527825,-0.17216,-0.08907464,1.203468,-0.1426712,-0.53038,0.2624298,0.217204,0.7763055,0.1368669,0.7801465,-0.2289742,0.4082747,0.5146097,-0.1170555,0.74484,MathCanvas,0.9777179,1.25137,0.9343039,-0.09151854,1.527753,-0.1723136,0.683993,-0.1764684,0.7078223,-0.06577833,1.528882,-0.1931117,0.6642622,-0.1777956,0.7260472,-0.1174546,1.526769,-0.1512084,0.7033383,-0.1753124,0.6888982,-0.09161645,1.527825,-0.17216,355.9404,38.90876,1.823758,0,12,False
2,Center_Head_Close,23,37.53999,-0.09171616,1.527852,-0.1717012,-0.08894251,1.203462,-0.1424703,-0.5303564,0.2623813,0.2171648,0.7763489,0.1371566,0.780188,-0.2289607,0.4081603,0.5162765,-0.1170118,0.7437553,MathCanvas,0.9800939,1.251327,0.9368873,-0.09167919,1.527841,-0.1719162,0.6735172,-0.1774013,0.7175677,-0.06586735,1.528932,-0.1926385,0.6532831,-0.1785934,0.7357483,-0.117565,1.526772,-0.1507639,0.6929408,-0.1762056,0.6991314,-0.09171616,1.527852,-0.1717012,355.9579,38.8757,1.863467,0,12,False
2,Center_Head_Close,24,37.55999,-0.09176452,1.527861,-0.1714874,-0.08894001,1.203446,-0.1423966,-0.5302994,0.2623587,0.2171737,0.776393,0.1372144,0.7802025,-0.2289722,0.4081421,0.5165635,-0.1170193,0.7435649,MathCanvas,0.9637796,1.249839,0.952828,-0.09171616,1.527852,-0.1717012,0.6718294,-0.164754,0.7221506,-0.06591383,1.528951,-0.1924218,0.6516402,-0.1659952,0.7401423,-0.1176152,1.526772,-0.1505529,0.6914361,-0.1636706,0.7036533,-0.09176452,1.527861,-0.1714874,355.9637,38.86885,1.880751,0,12,False
2,Center_Head_Close,25,37.57999,-0.09184739,1.527872,-0.1711016,-0.08894711,1.203435,-0.1423642,-0.530274,0.2623365,0.2171867,0.7764142,0.1372662,0.7802135,-0.2289866,0.4081342,0.5167842,-0.1170282,0.7434144,MathCanvas,0.9664294,1.268358,0.9659672,-0.09181334,1.527872,-0.1713016,0.6718059,-0.1648193,0.7221575,-0.06598745,1.528977,-0.1920238,0.6514162,-0.1659565,0.7403481,-0.1177073,1.526767,-0.1501795,0.6912255,-0.1636027,0.703876,-0.09184739,1.527872,-0.1711016,355.9613,38.84039,1.908119,0,12,False
2,Center_Head_Close,26,37.59999,-0.09189638,1.527666,-0.1706613,-0.0890721,1.203371,-0.141881,-0.5296905,0.2622218,0.2171531,0.7768605,0.137542,0.7802302,-0.2289911,0.4086015,0.517836,-0.1166854,0.742479,MathCanvas,0.9676288,1.267942,0.967782,-0.09184739,1.527872,-0.1711016,0.671569,-0.1647798,0.7223868,-0.06601202,1.528789,-0.1915524,0.6504841,-0.167386,0.7408457,-0.1177807,1.526544,-0.1497703,0.6903363,-0.1649998,0.7044223,-0.09189638,1.527666,-0.1706613,356.0457,38.77306,1.937252,0,12,False
2,Center_Head_Close,27,37.61999,-0.09199935,1.527562,-0.1700806,-0.08910279,1.203333,-0.141637,-0.52951,0.2619079,0.2170375,0.7771217,0.1374907,0.780223,-0.2288386,0.4086478,0.5177068,-0.1162317,0.7426149,MathCanvas,0.9694758,1.267243,0.9710249,-0.0919485,1.527603,-0.1703764,0.6711439,-0.159725,0.7239156,-0.06608813,1.528707,-0.1909371,0.6504728,-0.1614162,0.7421793,-0.1179106,1.526417,-0.1492241,0.6903491,-0.1590017,0.705788,-0.09199935,1.527562,-0.1700806,356.1091,38.69717,1.976123,0,12,False
2,Center_Head_Close,28,37.63999,-0.09205238,1.527524,-0.1698123,-0.08910279,1.203333,-0.141637,-0.52951,0.2619079,0.2170375,0.7771217,0.1374907,0.780223,-0.2288386,0.4086478,0.5177068,-0.1162317,0.7426149,MathCanvas,0.9703699,1.274729,0.975822,-0.09199935,1.527562,-0.1700806,0.6706991,-0.1602006,0.7242228,-0.06613055,1.528679,-0.1906551,0.6501319,-0.1618221,0.7423894,-0.1179742,1.52637,-0.1489696,0.6900245,-0.1593967,0.7060162,-0.09205238,1.527524,-0.1698123,356.1342,38.667,1.993173,0,12,False
2,Center_Head_Close,29,37.65999,-0.09207606,1.527389,-0.1690216,-0.08916482,1.203283,-0.1411039,-0.5293498,0.2613479,0.2169961,0.7774309,0.137266,0.7801124,-0.2284357,0.4091487,0.5169085,-0.1152559,0.7430471,MathCanvas,0.9712244,1.273554,0.9783168,-0.09202879,1.527481,-0.1693924,0.6696448,-0.16091,0.7250406,-0.06611608,1.528568,-0.1898154,0.6487734,-0.1626573,0.7433946,-0.118036,1.526209,-0.1482277,0.6887325,-0.1601893,0.7070975,-0.09207606,1.527389,-0.1690216,356.1846,38.55909,2.035374,0,12,False
2,Center_Head_Close,30,37.67999,-0.09212001,1.52732,-0.1687088,-0.08917043,1.203262,-0.141021,-0.5292092,0.2612507,0.2169532,0.7775713,0.137226,0.7801129,-0.2283472,0.4092944,0.5166991,-0.1150078,0.7431509,MathCanvas,0.9696807,1.272258,0.980568,-0.09207606,1.527389,-0.1690216,0.6664614,-0.1600615,0.7281549,-0.06614887,1.528506,-0.1894883,0.6457513,-0.1617118,0.7462268,-0.1180912,1.526134,-0.1479293,0.685868,-0.1592673,0.7100838,-0.09212001,1.52732,-0.1687088,356.2103,38.52798,2.046674,0,12,False
2,Center_Head_Close,31,37.69999,-0.0921233,1.527277,-0.1683811,-0.089175,1.203241,-0.1409503,-0.5290712,0.2611191,0.2168915,0.7777265,0.1371716,0.780105,-0.2282383,0.4094955,0.5164483,-0.1146711,0.7432666,MathCanvas,0.9656841,1.273271,0.9870148,-0.09212001,1.52732,-0.1687088,0.6660554,-0.1604897,0.7284321,-0.06613238,1.528474,-0.1891352,0.6450087,-0.1625168,0.7466941,-0.1181142,1.52608,-0.1476269,0.6851596,-0.1600525,0.710591,-0.0921233,1.527277,-0.1683811,356.2578,38.4731,2.064878,0,12,False
2,Center_Head_Close,32,37.71999,-0.0921786,1.527112,-0.1677321,-0.08922397,1.203194,-0.1408086,-0.5289708,0.2607806,0.2168158,0.7779295,0.1371186,0.7800658,-0.2281231,0.4098007,0.5161828,-0.1142966,0.7433404,MathCanvas,0.9653888,1.272464,0.9881679,-0.09213513,1.527188,-0.1680563,0.6648352,-0.1617833,0.7292602,-0.06615975,1.528334,-0.1884498,0.643939,-0.164248,0.7472383,-0.1181974,1.52589,-0.1470144,0.6841387,-0.1617377,0.7111927,-0.0921786,1.527112,-0.1677321,356.3602,38.39494,2.107611,0,12,False
2,Center_Head_Close,33,37.73999,-0.09220329,1.526958,-0.1673362,-0.08938347,1.203147,-0.140573,-0.5287481,0.2602043,0.2167137,0.7783022,0.1371668,0.7800178,-0.2279981,0.4101502,0.5162489,-0.1141299,0.7431273,MathCanvas,0.9632679,1.270276,0.9899911,-0.0921786,1.527112,-0.1677321,0.6642841,-0.162993,0.729493,-0.06616386,1.528207,-0.1880264,0.6431514,-0.1658193,0.7475696,-0.1182427,1.525709,-0.146646,0.6833868,-0.1632597,0.7115678,-0.09220329,1.526958,-0.1673362,356.4535,38.33633,2.154354,0,12,False
2,Center_Head_Close,34,37.75999,-0.09231125,1.526614,-0.1664995,-0.08939259,1.203082,-0.1403738,-0.5283263,0.2597778,0.2164878,0.7787938,0.1372418,0.7799714,-0.2278946,0.4103358,0.5165404,-0.1139232,0.7428541,MathCanvas,0.962906,1.26807,0.991347,-0.09226581,1.526783,-0.1669068,0.6677674,-0.1644815,0.7259701,-0.06622377,1.527897,-0.187127,0.6465114,-0.1670979,0.7443798,-0.1183987,1.525332,-0.145872,0.6865725,-0.1644196,0.7082263,-0.09231125,1.526614,-0.1664995,356.605,38.20255,2.212068,0,12,False
2,Center_Head_Close,35,37.77999,-0.09234741,1.526478,-0.1660907,-0.08939259,1.203082,-0.1403738,-0.5283263,0.2597778,0.2164878,0.7787938,0.1372418,0.7799714,-0.2278946,0.4103358,0.5165404,-0.1139232,0.7428541,MathCanvas,0.9683757,1.265351,0.9866369,-0.09231125,1.526614,-0.1664995,0.6667876,-0.1657589,0.7265799,-0.06623805,1.527781,-0.1866892,0.6456883,-0.1682819,0.7448274,-0.1184568,1.525175,-0.1454922,0.6857877,-0.1655655,0.7087195,-0.09234741,1.526478,-0.1660907,356.6757,38.14061,2.247857,0,12,False
2,Center_Head_Close,36,37.79999,-0.09260968,1.526004,-0.1651786,-0.08954974,1.202967,-0.1400059,-0.5282881,0.2585473,0.2158368,0.7794096,0.1375165,0.779847,-0.2274809,0.4109201,0.5170404,-0.1135523,0.7422398,MathCanvas,0.9670981,1.263107,0.9883577,-0.0925119,1.526218,-0.1656171,0.6643082,-0.1687664,0.7281569,-0.06639618,1.527348,-0.1856418,0.6417497,-0.1717587,0.7474331,-0.1188232,1.52466,-0.1447154,0.6820322,-0.1689643,0.7115358,-0.09260968,1.526004,-0.1651786,356.8814,37.85074,2.317023,0,12,False
2,Center_Head_Close,37,37.81999,-0.09269617,1.525829,-0.1647352,-0.08957299,1.202955,-0.1399512,-0.5282823,0.2583701,0.2157591,0.7794939,0.1375906,0.7798378,-0.2273491,0.411011,0.5170729,-0.1134842,0.7421772,MathCanvas,0.9620526,1.258069,0.9908504,-0.09260968,1.526004,-0.1651786,0.662702,-0.1634108,0.7308371,-0.06643729,1.527199,-0.1851384,0.6406144,-0.1663237,0.749633,-0.118955,1.52446,-0.1443319,0.6809723,-0.1635058,0.7138226,-0.09269617,1.525829,-0.1647352,356.9725,37.72248,2.361721,0,12,False
2,Center_Head_Close,38,37.83998,-0.09282997,1.525611,-0.1642516,-0.08959755,1.202942,-0.1398891,-0.5282729,0.2581433,0.215673,0.7795992,0.1375906,0.7798378,-0.2273491,0.411011,0.5170729,-0.1134842,0.7421772,MathCanvas,0.9608141,1.266052,0.9970906,-0.09269617,1.525829,-0.1647352,0.6610366,-0.1649149,0.7320067,-0.06653314,1.526998,-0.1846047,0.6391599,-0.1677573,0.7505546,-0.1191268,1.524224,-0.1438985,0.6795849,-0.1649061,0.7148219,-0.09282997,1.525611,-0.1642516,357.0573,37.61613,2.391554,0,12,False
2,Center_Head_Close,39,37.85999,-0.09312517,1.525406,-0.1634137,-0.08991093,1.202824,-0.1392336,-0.5280085,0.2555483,0.2144356,0.7809735,0.1380954,0.7798322,-0.226327,0.4110455,0.5169194,-0.1132007,0.7423083,MathCanvas,0.9577297,1.263518,0.9990981,-0.09294048,1.525412,-0.1637813,0.6571074,-0.1678233,0.7348776,-0.06669805,1.526818,-0.1835956,0.6330993,-0.1704065,0.7550808,-0.1195523,1.523993,-0.1432319,0.673804,-0.1675188,0.7196704,-0.09312517,1.525406,-0.1634137,357.2098,37.24961,2.43538,0,12,False
2,Center_Head_Close,40,37.87999,-0.09330848,1.525315,-0.1629745,-0.09013322,1.202756,-0.1389606,-0.5282146,0.2542327,0.2138073,0.7814356,0.1383195,0.7798483,-0.2257901,0.4111351,0.5167216,-0.112748,0.7424653,MathCanvas,0.9503418,1.258908,1.00355,-0.09312517,1.525406,-0.1634137,0.6035196,-0.2049109,0.7705684,-0.06682932,1.526748,-0.1830866,0.5798161,-0.2068627,0.788049,-0.1197876,1.523883,-0.1428623,0.6227892,-0.2044957,0.755192,-0.09330848,1.525315,-0.1629745,357.2553,37.09996,2.46992,0,12,False
2,Center_Head_Close,41,37.89999,-0.09358812,1.525128,-0.1621715,-0.09019354,1.202739,-0.1388868,-0.5282893,0.2538557,0.2136404,0.7815533,0.1385549,0.7798614,-0.225161,0.4113143,0.5163924,-0.1121081,0.7426919,MathCanvas,0.8581989,1.202253,1.051902,-0.09344477,1.525232,-0.1625823,0.5966434,-0.2067327,0.7754213,-0.06699742,1.526605,-0.1821327,0.5726755,-0.2090453,0.7926807,-0.1201788,1.523652,-0.1422103,0.6159387,-0.2066438,0.7602091,-0.09358812,1.525128,-0.1621715,357.3745,36.77827,2.545715,0,12,False
2,Center_Head_Close,42,37.91999,-0.0937365,1.525035,-0.1617463,-0.09019354,1.202739,-0.1388868,-0.5282893,0.2538557,0.2136404,0.7815533,0.1385549,0.7798614,-0.225161,0.4113143,0.5163924,-0.1121081,0.7426919,MathCanvas,0.846854,1.199272,1.060064,-0.09358812,1.525128,-0.1621715,0.5945294,-0.2078446,0.7767466,-0.06709307,1.526532,-0.1816356,0.570545,-0.2101643,0.7939203,-0.1203799,1.523539,-0.141857,0.6138939,-0.2077309,0.7615655,-0.0937365,1.525035,-0.1617463,357.4396,36.62599,2.579473,0,12,False
2,Center_Head_Close,43,37.93999,-0.09411567,1.52495,-0.1610547,-0.09115914,1.202706,-0.1376755,-0.5299562,0.246592,0.2105977,0.7835736,0.1392411,0.779731,-0.2205916,0.4130757,0.511162,-0.106411,0.7461627,MathCanvas,0.8435348,1.19737,1.062789,-0.09394255,1.524956,-0.1614319,0.5925512,-0.2022716,0.7797238,-0.06733367,1.526444,-0.1807571,0.5682641,-0.2037319,0.797226,-0.1208977,1.523455,-0.1413522,0.6117316,-0.2012646,0.765034,-0.09411567,1.52495,-0.1610547,357.4213,36.22444,2.576348,0,12,False
2,Center_Head_Close,44,37.95999,-0.09429625,1.524912,-0.160668,-0.09130067,1.202708,-0.1374837,-0.5301661,0.2454538,0.2100941,0.783924,0.1392523,0.7797179,-0.2199849,0.4132797,0.5101786,-0.1055841,0.7468399,MathCanvas,0.8408509,1.205792,1.069245,-0.09411567,1.52495,-0.1610547,0.5967363,-0.1994493,0.7772553,-0.06745308,1.526414,-0.1802865,0.5724365,-0.2010074,0.7949293,-0.1211394,1.523411,-0.1410495,0.61575,-0.1984444,0.762543,-0.09429625,1.524912,-0.160668,357.4377,36.04563,2.588162,0,12,False
2,Center_Head_Close,45,37.97999,-0.09469735,1.524782,-0.1598982,-0.09150115,1.202678,-0.1371347,-0.5301535,0.2440919,0.2090321,0.7846414,0.1390658,0.779685,-0.2175971,0.414032,0.5057253,-0.1021361,0.7499252,MathCanvas,0.8478422,1.210018,1.066477,-0.09447607,1.524876,-0.1602988,0.591913,-0.2003114,0.7807139,-0.06771151,1.526293,-0.1793193,0.566559,-0.2020052,0.7988774,-0.1216832,1.523272,-0.1404771,0.6101081,-0.1994271,0.7668096,-0.09469735,1.524782,-0.1598982,357.496,35.62786,2.603492,0,12,False
2,Center_Head_Close,46,37.99998,-0.09476014,1.524823,-0.1595404,-0.0918038,1.202634,-0.1365808,-0.5301324,0.2420775,0.2075711,0.7856669,0.1386914,0.7795798,-0.2162502,0.4148032,0.5027006,-0.1001895,0.7517929,MathCanvas,0.8396981,1.20857,1.072539,-0.09469735,1.524782,-0.1598982,0.5885525,-0.2007165,0.7831467,-0.06769731,1.52633,-0.1788543,0.56335,-0.2022193,0.8010893,-0.121823,1.523316,-0.1402265,0.6070265,-0.1996463,0.7691945,-0.09476014,1.524823,-0.1595404,357.5086,35.40126,2.59794,0,12,False
2,Center_Head_Close,47,38.01999,-0.09487421,1.524841,-0.1591647,-0.09195668,1.202631,-0.1363499,-0.5304343,0.2408909,0.2071226,0.7859461,0.138587,0.7795267,-0.2152573,0.4151992,0.5009027,-0.09884468,0.7529516,MathCanvas,0.834475,1.207922,1.076929,-0.09476014,1.524823,-0.1595404,0.5902514,-0.1948844,0.7833411,-0.06774618,1.526357,-0.1783863,0.5656092,-0.1961361,0.8010098,-0.1220022,1.523325,-0.1399432,0.6092172,-0.1934951,0.7690344,-0.09487421,1.524841,-0.1591647,357.505,35.2056,2.6132,0,12,False
2,Center_Head_Close,48,38.03999,-0.0951167,1.524856,-0.1584146,-0.09209017,1.20263,-0.1361021,-0.5308563,0.2396079,0.2067097,0.7861621,0.1384267,0.7794158,-0.2133189,0.4158806,0.4976024,-0.09655196,0.7550582,MathCanvas,0.8378576,1.216879,1.078693,-0.09498993,1.524849,-0.1587859,0.5891717,-0.1827282,0.787075,-0.06785709,1.526368,-0.1774494,0.5643918,-0.1842382,0.8046852,-0.1223763,1.523345,-0.1393798,0.6080821,-0.1815738,0.7728306,-0.0951167,1.524856,-0.1584146,357.5139,34.81271,2.605262,0,12,False
2,Center_Head_Close,49,38.05999,-0.09517943,1.524848,-0.158141,-0.09231297,1.202672,-0.1356678,-0.5320135,0.2370088,0.2057146,0.7864286,0.1383851,0.7792812,-0.2124912,0.4162725,0.4964926,-0.09628455,0.7556068,MathCanvas,0.8376638,1.23556,1.087687,-0.0951167,1.524856,-0.1584146,0.5864539,-0.1829062,0.789061,-0.06787127,1.52634,-0.1771077,0.5623007,-0.1838662,0.8062328,-0.1224876,1.523357,-0.1391743,0.6060721,-0.1812346,0.7744874,-0.09517943,1.524848,-0.158141,357.4921,34.66907,2.570832,0,12,False
2,Center_Head_Close,50,38.07999,-0.09528497,1.524893,-0.1575525,-0.09227823,1.202791,-0.1353324,-0.5322961,0.2360426,0.2045428,0.7868336,0.1384576,0.7792184,-0.2110292,0.4166679,0.4947082,-0.09461793,0.7567688,MathCanvas,0.83342,1.235232,1.091269,-0.09525896,1.524888,-0.157822,0.5820451,-0.1823619,0.7924441,-0.06786301,1.52638,-0.1763547,0.5574396,-0.1835724,0.809668,-0.1227069,1.523406,-0.1387504,0.6014014,-0.1809483,0.7781864,-0.09528497,1.524893,-0.1575525,357.475,34.32385,2.56341,0,12,False
2,Center_Head_Close,51,38.09999,-0.09534467,1.524905,-0.1572483,-0.09227823,1.202791,-0.1353324,-0.5322961,0.2360426,0.2045428,0.7868336,0.1384324,0.7791733,-0.21016,0.4169722,0.4933614,-0.09361482,0.7576047,MathCanvas,0.8263777,1.236125,1.097275,-0.09528497,1.524893,-0.1575525,0.5804473,-0.1822119,0.7936496,-0.0678639,1.526389,-0.1759646,0.5557224,-0.1834897,0.8108663,-0.1228254,1.523421,-0.1385319,0.5997506,-0.1808607,0.7794797,-0.09534467,1.524905,-0.1572483,357.4727,34.14471,2.558158,0,12,False
2,Center_Head_Close,52,38.11999,-0.09523491,1.524831,-0.156849,-0.09239679,1.202802,-0.1348834,-0.5320265,0.2363162,0.2041735,0.7870297,0.1388299,0.7792118,-0.209009,0.4161479,0.4935733,-0.09347344,0.7579374,MathCanvas,0.8239035,1.236338,1.099646,-0.09538858,1.524906,-0.1569912,0.5756587,-0.1822857,0.7971129,-0.06769015,1.526298,-0.1754723,0.5528535,-0.1839932,0.8127112,-0.1227797,1.523365,-0.1382256,0.5969889,-0.181392,0.7814737,-0.09523491,1.524831,-0.156849,357.5019,33.9529,2.527965,0,12,False
2,Center_Head_Close,53,38.13999,-0.09526083,1.524817,-0.1565612,-0.0924321,1.202768,-0.1347795,-0.5321589,0.2364213,0.2040288,0.7869461,0.1389181,0.779151,-0.208642,0.4163297,0.4933777,-0.09358776,0.7579507,MathCanvas,0.816362,1.236169,1.105437,-0.09523491,1.524831,-0.156849,0.5806468,-0.189043,0.7919041,-0.06768582,1.526282,-0.1751399,0.5571563,-0.1905065,0.80826,-0.1228358,1.523352,-0.1379825,0.6011051,-0.1878247,0.7767847,-0.09526083,1.524817,-0.1565612,357.5089,33.86033,2.525432,0,12,False
2,Center_Head_Close,54,38.15998,-0.09517964,1.524808,-0.1563403,-0.09242499,1.202739,-0.1347169,-0.5322339,0.2364743,0.2038966,0.7869138,0.138939,0.7791082,-0.2084012,0.4164535,0.4930953,-0.0935017,0.7580771,MathCanvas,0.8231797,1.225798,1.096037,-0.09526083,1.524817,-0.1565612,0.5898871,-0.184845,0.7860442,-0.06757653,1.526275,-0.1748771,0.5666978,-0.1862317,0.8026029,-0.1227828,1.523341,-0.1378036,0.6102726,-0.1834263,0.7706634,-0.09517964,1.524808,-0.1563403,357.5082,33.77316,2.528675,0,12,False
2,Center_Head_Close,55,38.17999,-0.09493727,1.524831,-0.1559245,-0.09237359,1.202638,-0.1345568,-0.5324011,0.2365425,0.2034436,0.7868974,0.1389215,0.7789822,-0.2077431,0.4166813,0.491992,-0.09283247,0.7587507,MathCanvas,0.8385319,1.232224,1.087861,-0.09515506,1.524799,-0.1560853,0.5871237,-0.1849087,0.7880955,-0.06728362,1.526299,-0.1743857,0.5645217,-0.1860287,0.804182,-0.1225909,1.523362,-0.1374634,0.6081834,-0.1832213,0.7723619,-0.09493727,1.524831,-0.1559245,357.4964,33.61582,2.531324,0,12,False
2,Center_Head_Close,56,38.19999,-0.09473117,1.524872,-0.1557473,-0.09233197,1.202524,-0.1344432,-0.5321903,0.2369694,0.2032977,0.7869492,0.1388665,0.778896,-0.2072962,0.4166181,0.4911678,-0.0928023,0.7593229,MathCanvas,0.8342543,1.232191,1.091328,-0.09493727,1.524831,-0.1559245,0.586569,-0.1846251,0.7885749,-0.0670668,1.526313,-0.1741945,0.5639787,-0.1859363,0.8045842,-0.1223955,1.523431,-0.1373,0.6076592,-0.1831735,0.7727857,-0.09473117,1.524872,-0.1557473,357.4899,33.58741,2.48428,0,12,False
2,Center_Head_Close,57,38.21999,-0.09437978,1.524867,-0.1553852,-0.09213138,1.202407,-0.1341853,-0.5310035,0.2390996,0.2033613,0.7870901,0.1388205,0.778833,-0.2071743,0.4165395,0.4912354,-0.09368089,0.7592144,MathCanvas,0.8338022,1.232612,1.09256,-0.09454614,1.524874,-0.155564,0.5855363,-0.1833965,0.7896284,-0.06668985,1.526256,-0.173798,0.5628844,-0.1849953,0.8055668,-0.1220697,1.523477,-0.1369724,0.6066043,-0.1823232,0.7738149,-0.09437978,1.524867,-0.1553852,357.4955,33.51778,2.395317,0,12,False
2,Center_Head_Close,58,38.23999,-0.09423597,1.524867,-0.1551858,-0.09213138,1.202407,-0.1341853,-0.5310035,0.2390996,0.2033613,0.7870901,0.1388205,0.778833,-0.2071743,0.4165395,0.4912354,-0.09368089,0.7592144,MathCanvas,0.8325862,1.234531,1.09468,-0.09437978,1.524867,-0.1553852,0.5848535,-0.1835695,0.7900941,-0.06652728,1.526236,-0.1735719,0.5618845,-0.1849981,0.8062639,-0.1219447,1.523498,-0.1367997,0.6056418,-0.1823542,0.7745612,-0.09423597,1.524867,-0.1551858,357.4999,33.46325,2.360338,0,12,False
2,Center_Head_Close,59,38.25999,-0.09372046,1.524782,-0.1550466,-0.09177724,1.202445,-0.1341692,-0.5309907,0.2409406,0.2036451,0.7864637,0.1387763,0.7785395,-0.2068754,0.4168727,0.4917406,-0.09545305,0.7584834,MathCanvas,0.8318409,1.234197,1.095876,-0.09399683,1.524827,-0.1550885,0.5830833,-0.1840515,0.7912894,-0.06601649,1.526137,-0.1734409,0.5611509,-0.18556,0.8066457,-0.1214244,1.523428,-0.1366523,0.6049353,-0.1829484,0.774973,-0.09372046,1.524782,-0.1550466,357.5247,33.4817,2.334244,0,12,False
2,Center_Head_Close,60,38.27999,-0.09348539,1.524741,-0.154959,-0.09170638,1.202506,-0.1341214,-0.5313428,0.2413117,0.2038208,0.7860666,0.1387531,0.7783849,-0.2067862,0.4172196,0.4916144,-0.09598668,0.7583071,MathCanvas,0.8293915,1.2334,1.097688,-0.09372046,1.524782,-0.1550466,0.5830796,-0.1841853,0.791261,-0.06578277,1.52607,-0.1733572,0.5609601,-0.1853344,0.8068302,-0.121188,1.523412,-0.1365608,0.6047494,-0.1827677,0.7751607,-0.09348539,1.524741,-0.154959,357.5147,33.49002,2.290857,0,12,False
2,Center_Head_Close,61,38.29999,-0.09304937,1.524692,-0.1547441,-0.09160309,1.202529,-0.1340666,-0.5313802,0.2419264,0.2038775,0.7858375,0.1387362,0.7782762,-0.2067238,0.4174523,0.491477,-0.09629365,0.7582292,MathCanvas,0.8298726,1.233068,1.098073,-0.09325483,1.524714,-0.1548715,0.5822927,-0.1862916,0.7913474,-0.06533898,1.52598,-0.1731335,0.5598942,-0.1876012,0.8070466,-0.1207598,1.523403,-0.1363547,0.6037151,-0.1851014,0.7754132,-0.09304937,1.524692,-0.1547441,357.5205,33.47329,2.220255,0,12,False
2,Center_Head_Close,62,38.31999,-0.09283394,1.524667,-0.1546457,-0.09160309,1.202529,-0.1340666,-0.5313802,0.2419264,0.2038775,0.7858375,0.1387362,0.7782762,-0.2067238,0.4174523,0.491477,-0.09629365,0.7582292,MathCanvas,0.8286656,1.229809,1.097885,-0.09304937,1.524692,-0.1547441,0.5821065,-0.1865352,0.791427,-0.06512192,1.525932,-0.1730342,0.5598158,-0.1880494,0.8069967,-0.120546,1.523402,-0.1362571,0.6036353,-0.1855925,0.775358,-0.09283394,1.524667,-0.1546457,357.5352,33.47279,2.180319,0,12,False
2,Center_Head_Close,63,38.33998,-0.09252441,1.524634,-0.1548516,-0.09131452,1.202532,-0.1337892,-0.5317946,0.2421233,0.2038782,0.7854964,0.1388102,0.7778666,-0.2064616,0.4183386,0.4908891,-0.09710163,0.7580185,MathCanvas,0.828815,1.229326,1.09842,-0.09283394,1.524667,-0.1546457,0.5818546,-0.1866372,0.7915881,-0.06484598,1.525897,-0.1732908,0.5611404,-0.1885442,0.8059607,-0.1202028,1.523371,-0.1364123,0.6049067,-0.1860838,0.7742485,-0.09252441,1.524634,-0.1548516,357.5746,33.57924,2.176142,0,12,False
2,Center_Head_Close,64,38.35999,-0.09203589,1.524589,-0.1548931,-0.0910657,1.202522,-0.1334479,-0.5322238,0.2420087,0.2040542,0.7851952,0.1390416,0.7778961,-0.2063495,0.4179581,0.4914115,-0.09733483,0.75786,MathCanvas,0.828889,1.229079,1.098692,-0.09227442,1.524599,-0.1548841,0.5795934,-0.1892816,0.7926184,-0.06438437,1.525835,-0.1733738,0.558136,-0.1903639,0.8076174,-0.1196874,1.523343,-0.1364124,0.6020167,-0.1879769,0.7760417,-0.09203589,1.524589,-0.1548931,357.5756,33.6657,2.146713,0,12,False
2,Center_Head_Close,65,38.37999,-0.09180178,1.524567,-0.1548687,-0.0910657,1.202522,-0.1334479,-0.5322238,0.2420087,0.2040542,0.7851952,0.1390416,0.7778961,-0.2063495,0.4179581,0.4914115,-0.09733483,0.75786,MathCanvas,0.8253871,1.22498,1.099721,-0.09203589,1.524589,-0.1548931,0.5802915,-0.1891705,0.792134,-0.06415967,1.525802,-0.1733642,0.5585012,-0.190471,0.8073395,-0.1194439,1.523333,-0.1363731,0.602366,-0.1881019,0.7757403,-0.09180178,1.524567,-0.1548687,357.5815,33.69698,2.127468,0,12,False
2,Center_Head_Close,66,38.39999,-0.0913042,1.524642,-0.1550324,-0.09071891,1.20253,-0.1330238,-0.5322213,0.2420728,0.2042769,0.7851193,0.1393952,0.7780439,-0.2060994,0.416904,0.4916832,-0.09739944,0.7582559,MathCanvas,0.8270171,1.22504,1.099376,-0.09156334,1.524557,-0.1548557,0.5780471,-0.1911667,0.793295,-0.06371626,1.525854,-0.1736101,0.5577989,-0.1912794,0.8076339,-0.1188921,1.523429,-0.1364548,0.6016881,-0.1889807,0.7760526,-0.0913042,1.524642,-0.1550324,357.5297,33.86615,2.089918,0,12,False
2,Center_Head_Close,67,38.41999,-0.09107181,1.524652,-0.1550983,-0.09053387,1.202562,-0.1329296,-0.5322562,0.2420216,0.2042835,0.7851097,0.1394488,0.7780291,-0.2061099,0.4168152,0.4917961,-0.09748293,0.7582207,MathCanvas,0.823701,1.222039,1.100694,-0.0913042,1.524642,-0.1550324,0.5788615,-0.1901875,0.7929363,-0.06350541,1.525857,-0.1737084,0.5575891,-0.191353,0.8077614,-0.1186382,1.523447,-0.1364882,0.6014862,-0.1890799,0.7761849,-0.09107181,1.524652,-0.1550983,357.5309,33.93379,2.077423,0,12,False
2,Center_Head_Close,68,38.43999,-0.09059759,1.52467,-0.1551663,-0.09053387,1.202562,-0.1329296,-0.5322562,0.2420216,0.2042835,0.7851097,0.1394488,0.7780291,-0.2061099,0.4168152,0.4917961,-0.09748293,0.7582207,MathCanvas,0.8256478,1.22346,1.100643,-0.090832,1.524665,-0.1551277,0.580536,-0.1901296,0.7917252,-0.06307049,1.525859,-0.1738356,0.5592495,-0.1911523,0.8066602,-0.1181247,1.523481,-0.1364971,0.6030798,-0.1889066,0.7749896,-0.09059759,1.52467,-0.1551663,357.5188,34.05691,2.048739,0,12,False
2,Center_Head_Close,69,38.45999,-0.09042868,1.524648,-0.1553035,-0.08989371,1.202542,-0.1327791,-0.5327983,0.2419425,0.2043953,0.7847372,0.1396431,0.7777784,-0.2063879,0.4170528,0.4926716,-0.0982334,0.7574245,MathCanvas,0.8288617,1.223541,1.098777,-0.09059759,1.52467,-0.1551663,0.5813807,-0.1900296,0.7911291,-0.06292818,1.525834,-0.1740121,0.5604223,-0.1907093,0.8059509,-0.1179292,1.523463,-0.1365949,0.6042076,-0.1884692,0.7742175,-0.09042868,1.524648,-0.1553035,357.4929,34.13803,2.043606,0,12,False
2,Center_Head_Close,70,38.47999,-0.09023093,1.524656,-0.1553661,-0.08967371,1.202525,-0.1327637,-0.532993,0.2418047,0.2045013,0.7846198,0.1397099,0.7776471,-0.206603,0.417313,0.4929315,-0.09886495,0.7570298,MathCanvas,0.8306555,1.223583,1.098086,-0.09042868,1.524648,-0.1553035,0.5789816,-0.1843316,0.7942306,-0.06275211,1.525837,-0.1741069,0.5577254,-0.1852761,0.809083,-0.1177098,1.523476,-0.1366253,0.6016338,-0.1831022,0.7775028,-0.09023093,1.524656,-0.1553661,357.4843,34.20493,2.034682,0,12,False
2,Center_Head_Close,71,38.49998,-0.08982172,1.524678,-0.1555319,-0.0893954,1.202554,-0.1327313,-0.5332713,0.2415137,0.2046262,0.7844877,0.1398,0.7774717,-0.2069263,0.4177804,0.493176,-0.09987941,0.7564794,MathCanvas,0.8278666,1.23236,1.104054,-0.09002928,1.524669,-0.1554636,0.5801399,-0.1840924,0.7934403,-0.0623837,1.525854,-0.1743326,0.5588909,-0.1850545,0.808329,-0.1172597,1.523501,-0.1367311,0.6027541,-0.1828947,0.7766833,-0.08982172,1.524678,-0.1555319,357.4698,34.32964,2.027698,0,12,False
2,Center_Head_Close,72,38.51999,-0.08965921,1.524675,-0.1556434,-0.08914936,1.202585,-0.1326992,-0.5334917,0.2413749,0.2047235,0.7843552,0.1399437,0.7773687,-0.2072406,0.4180021,0.493799,-0.1007789,0.7558309,MathCanvas,0.8302371,1.232721,1.102805,-0.08982172,1.524678,-0.1555319,0.5810383,-0.1839747,0.7928101,-0.06223672,1.525855,-0.1744665,0.5595753,-0.185005,0.8078667,-0.1170817,1.523494,-0.1368203,0.6034123,-0.1828388,0.7761853,-0.08965921,1.524675,-0.1556434,357.467,34.37619,2.034561,0,12,False
2,Center_Head_Close,73,38.53999,-0.08933746,1.524696,-0.155782,-0.08854462,1.202705,-0.1326098,-0.5341442,0.2415767,0.2049034,0.7838019,0.1404837,0.7773815,-0.2078228,0.4177625,0.4956599,-0.1016764,0.7546242,MathCanvas,0.8320257,1.232841,1.101969,-0.08950543,1.524679,-0.1557129,0.5810611,-0.1838008,0.7928337,-0.06194422,1.52588,-0.1746474,0.5596458,-0.1848036,0.8078641,-0.1167307,1.523512,-0.1369166,0.6034813,-0.182647,0.7761768,-0.08933746,1.524696,-0.155782,357.4523,34.46402,2.040276,0,12,False
2,Center_Head_Close,74,38.55999,-0.0891657,1.524712,-0.1558473,-0.08845195,1.202723,-0.1325958,-0.5342185,0.2415936,0.2049153,0.7837429,0.1405576,0.7774004,-0.2078802,0.4176472,0.4958899,-0.101761,0.7545255,MathCanvas,0.8324407,1.23312,1.101946,-0.08933746,1.524696,-0.155782,0.5747944,-0.1899191,0.7959536,-0.06178793,1.525895,-0.1747352,0.553214,-0.1907489,0.8109064,-0.1165435,1.523528,-0.1369594,0.5972825,-0.1886682,0.7795243,-0.0891657,1.524712,-0.1558473,357.44,34.51058,2.039776,0,12,False
2,Center_Head_Close,75,38.57999,-0.08882836,1.524755,-0.1560234,-0.0880339,1.202804,-0.1325668,-0.5348605,0.2413772,0.2050897,0.7833259,0.1409231,0.7775084,-0.2081784,0.4169418,0.4968731,-0.1022047,0.7542088,MathCanvas,0.8216064,1.223781,1.105356,-0.08898576,1.524723,-0.1559103,0.5761949,-0.1896004,0.7950164,-0.06148556,1.525943,-0.1749616,0.554751,-0.1906922,0.8098691,-0.1161712,1.523567,-0.1370852,0.5987607,-0.1886038,0.778405,-0.08882836,1.524755,-0.1560234,357.4344,34.61561,2.047263,0,12,False
2,Center_Head_Close,76,38.59999,-0.08874267,1.524698,-0.1561633,-0.08756949,1.202881,-0.1324713,-0.5354212,0.2414159,0.2054608,0.7828336,0.1411599,0.777474,-0.2084994,0.4168389,0.4972726,-0.1030638,0.7538854,MathCanvas,0.8242816,1.224291,1.103858,-0.08882836,1.524755,-0.1560234,0.5769708,-0.1896481,0.7944422,-0.06142089,1.525877,-0.1751324,0.5556291,-0.1905367,0.8093034,-0.1160644,1.52352,-0.1371942,0.5996038,-0.1884638,0.7777895,-0.08874267,1.524698,-0.1561633,357.4254,34.68042,2.031011,0,12,False
2,Center_Head_Close,77,38.61999,-0.08844474,1.524708,-0.1563919,-0.08728736,1.202919,-0.1324448,-0.5353796,0.2417858,0.205584,0.7827156,0.1412358,0.7773937,-0.2087726,0.4168859,0.4972571,-0.1042711,0.7537036,MathCanvas,0.8257064,1.224123,1.102959,-0.08859765,1.524693,-0.1562838,0.5759875,-0.1866449,0.7958657,-0.06115956,1.525868,-0.1754147,0.5545111,-0.1875595,0.8107644,-0.1157299,1.523548,-0.1373691,0.5985349,-0.1855597,0.7793097,-0.08844474,1.524708,-0.1563919,357.4086,34.79321,1.999623,0,12,False
2,Center_Head_Close,78,38.63999,-0.08829039,1.524723,-0.1564916,-0.08719437,1.202942,-0.1324433,-0.5353975,0.2418438,0.2056039,0.7826802,0.1412499,0.7773832,-0.20883,0.4168897,0.497294,-0.1044318,0.7536548,MathCanvas,0.824885,1.22875,1.105594,-0.08844474,1.524708,-0.1563919,0.5767748,-0.1864733,0.7953354,-0.06102306,1.525874,-0.1755406,0.5553061,-0.1871322,0.8103189,-0.1155577,1.523571,-0.1374427,0.5992996,-0.1851406,0.7788216,-0.08829039,1.524723,-0.1564916,357.3886,34.84768,1.984462,0,12,False
2,Center_Head_Close,79,38.65998,-0.08814,1.524784,-0.1566186,-0.08689956,1.203031,-0.1324325,-0.5356079,0.2418705,0.2057052,0.7825013,0.1413107,0.7773686,-0.2091217,0.4159765,0.4970762,-0.1064791,0.7540166,MathCanvas,0.8263621,1.229012,1.104755,-0.08829039,1.524723,-0.1564916,0.5775179,-0.1861365,0.794875,-0.06089286,1.525929,-0.1756968,0.5561786,-0.1866757,0.8098256,-0.1153871,1.523639,-0.1375403,0.6001387,-0.1846949,0.7782811,-0.08814,1.524784,-0.1566186,357.3621,34.90853,1.973229,0,12,False
2,Center_Head_Close,80,38.67999,-0.08780189,1.524986,-0.1568229,-0.08638716,1.203179,-0.132377,-0.5357472,0.2428364,0.20613,0.7819948,0.1412362,0.7774928,-0.2095719,0.4126215,0.4947451,-0.1132512,0.7564026,MathCanvas,0.827794,1.229575,1.10404,-0.08797001,1.524905,-0.1567132,0.5791349,-0.1837925,0.7942437,-0.0605969,1.526119,-0.1759619,0.5577953,-0.1838679,0.809356,-0.1150069,1.523853,-0.1376839,0.6016992,-0.1819129,0.7777313,-0.08780189,1.524986,-0.1568229,357.2574,35.03331,1.952548,0,12,False
2,Center_Head_Close,81,38.69999,-0.08764014,1.525066,-0.1569539,-0.08621089,1.203213,-0.1323597,-0.5356993,0.243166,0.2063634,0.7818636,0.1410751,0.7779587,-0.2096922,0.4103508,0.4962891,-0.1128655,0.7566841,MathCanvas,0.8311353,1.233355,1.103436,-0.08780189,1.524986,-0.1568229,0.5801591,-0.1804163,0.7942703,-0.06045683,1.526187,-0.1761244,0.5589151,-0.1807959,0.8092754,-0.1148235,1.523945,-0.1377835,0.6027832,-0.1788619,0.7775993,-0.08764014,1.525066,-0.1569539,357.2227,35.09893,1.932236,0,12,False
2,Center_Head_Close,82,38.71999,-0.08731724,1.525206,-0.1571533,-0.08612719,1.203226,-0.1323538,-0.5356936,0.2432719,0.2064686,0.7818068,0.1410751,0.7779587,-0.2096922,0.4103508,0.4962891,-0.1128655,0.7566841,MathCanvas,0.8334846,1.238617,1.104118,-0.08747631,1.525133,-0.1570506,0.5819255,-0.1792627,0.7932388,-0.06017418,1.526319,-0.1763811,0.5606697,-0.1797205,0.8083007,-0.1144603,1.524093,-0.1379254,0.6044711,-0.1777999,0.776532,-0.08731724,1.525206,-0.1571533,357.1602,35.21828,1.918898,0,12,False
2,Center_Head_Close,83,38.73999,-0.08721454,1.525199,-0.1572285,-0.08562689,1.203215,-0.1322665,-0.5362488,0.2428185,0.2066973,0.7815067,0.1402901,0.7781094,-0.2089589,0.4112128,0.4902248,-0.1131581,0.7601177,MathCanvas,0.836862,1.240511,1.102621,-0.08731724,1.525206,-0.1571533,0.5827871,-0.1787603,0.7927193,-0.06009133,1.526319,-0.1764839,0.5615148,-0.1798525,0.8076845,-0.1143377,1.524079,-0.137973,0.6052835,-0.1779207,0.7758713,-0.08721454,1.525199,-0.1572285,357.1678,35.2765,1.930568,0,12,False
2,Center_Head_Close,84,38.75999,-0.08691739,1.525281,-0.1573507,-0.08551991,1.203233,-0.1322543,-0.5362315,0.2429529,0.2067026,0.7814754,0.1404217,0.7779484,-0.2089684,0.4123791,0.490553,-0.1118464,0.7594681,MathCanvas,0.8384028,1.241281,1.101816,-0.08706594,1.525233,-0.1572856,0.5863923,-0.1784457,0.7901273,-0.05982831,1.526394,-0.1766545,0.5651733,-0.1790743,0.8053021,-0.1140065,1.524168,-0.1380469,0.6087992,-0.1771279,0.7732977,-0.08691739,1.525281,-0.1573507,357.1273,35.37766,1.919365,0,12,False
2,Center_Head_Close,85,38.77999,-0.08678479,1.525293,-0.1573736,-0.08522011,1.203321,-0.1322179,-0.5359328,0.243511,0.2067822,0.7814855,0.140681,0.7777916,-0.209013,0.4132549,0.4914169,-0.1111212,0.7585394,MathCanvas,0.8445752,1.241818,1.097778,-0.08691739,1.525281,-0.1573507,0.5872046,-0.1781012,0.7896017,-0.05971415,1.526402,-0.1767036,0.5659284,-0.1790339,0.8047806,-0.1138554,1.524185,-0.1380436,0.6095238,-0.1770957,0.7727339,-0.08678479,1.525293,-0.1573736,357.1251,35.43311,1.910742,0,12,False
2,Center_Head_Close,86,38.79999,-0.08671729,1.525233,-0.1573918,-0.08489333,1.203363,-0.1321889,-0.5356766,0.244247,0.2072622,0.7813043,0.1409962,0.77776,-0.2090732,0.4138364,0.4916684,-0.1097748,0.7582554,MathCanvas,0.8460039,1.242375,1.096928,-0.08678479,1.525293,-0.1573736,0.5879448,-0.1780649,0.7890588,-0.05965127,1.526337,-0.1767285,0.5660869,-0.1792806,0.8046142,-0.1137833,1.524129,-0.1380551,0.6096746,-0.1773493,0.7725568,-0.08671729,1.525233,-0.1573918,357.1395,35.44799,1.903201,0,12,False
2,Center_Head_Close,87,38.81998,-0.0864974,1.525233,-0.1574175,-0.08474245,1.203361,-0.132184,-0.5361977,0.2441626,0.2075855,0.7808873,0.141256,0.7779297,-0.2092011,0.4139937,0.4928799,-0.1070419,0.7577735,MathCanvas,0.8472334,1.242376,1.096029,-0.08661807,1.525232,-0.1574182,0.5853606,-0.177093,0.7911959,-0.05944549,1.52633,-0.1767743,0.5634609,-0.1780238,0.8067337,-0.1135493,1.524136,-0.1380607,0.6071551,-0.1761431,0.7748137,-0.0864974,1.525233,-0.1574175,357.1364,35.49083,1.891303,0,12,False
2,Center_Head_Close,88,38.83998,-0.08637559,1.525248,-0.1574298,-0.08470533,1.203363,-0.1321803,-0.5363311,0.244127,0.2076574,0.7807877,0.1413624,0.7779903,-0.2092519,0.4142186,0.4937026,-0.1049986,0.7574009,MathCanvas,0.8433201,1.243929,1.09936,-0.0864974,1.525233,-0.1574175,0.5855256,-0.1770835,0.7910759,-0.05933341,1.526338,-0.1768006,0.5638436,-0.1780228,0.8064666,-0.1134178,1.524158,-0.138059,0.6075217,-0.1761535,0.774524,-0.08637559,1.525248,-0.1574298,357.1365,35.52078,1.879302,0,12,False
2,Center_Head_Close,89,38.85999,-0.08623291,1.525316,-0.1572804,-0.08439148,1.203271,-0.132106,-0.5359779,0.2449169,0.2079153,0.7807142,0.1419878,0.7778553,-0.2097665,0.4160682,0.4956799,-0.1029718,0.7553711,MathCanvas,0.8436499,1.243975,1.099084,-0.08625033,1.52526,-0.1574471,0.5863268,-0.177035,0.7904932,-0.05920425,1.526381,-0.1766715,0.5643445,-0.1777581,0.8061745,-0.1132616,1.524251,-0.1378894,0.6080003,-0.1759299,0.7741991,-0.08623291,1.525316,-0.1572804,357.1215,35.56441,1.835862,0,12,False
2,Center_Head_Close,90,38.87999,-0.08614168,1.525324,-0.1572541,-0.08423489,1.203255,-0.1320368,-0.5355515,0.2454104,0.2079349,0.7808466,0.1421959,0.7778454,-0.2099184,0.4159029,0.4964182,-0.1040999,0.7548225,MathCanvas,0.8449904,1.244143,1.098207,-0.08623291,1.525316,-0.1572804,0.5857195,-0.1790388,0.7904921,-0.05911625,1.526391,-0.1766495,0.5638105,-0.1798861,0.806076,-0.1131671,1.524256,-0.1378587,0.6074808,-0.178059,0.7741201,-0.08614168,1.525324,-0.1572541,357.1177,35.57344,1.839871,0,12,False
2,Center_Head_Close,91,38.89999,-0.08596144,1.525343,-0.1572377,-0.08415403,1.203247,-0.1319948,-0.5353904,0.2455862,0.2079621,0.7808946,0.1424125,0.7778855,-0.2100846,0.4158002,0.4973398,-0.1041908,0.7542596,MathCanvas,0.8437254,1.241088,1.097703,-0.08605354,1.525334,-0.1572518,0.5863205,-0.1825307,0.789247,-0.05895106,1.526412,-0.176654,0.5645606,-0.1835389,0.8047265,-0.1129718,1.524273,-0.1378215,0.6081899,-0.1817012,0.7727158,-0.08596144,1.525343,-0.1572377,357.1202,35.61758,1.843721,0,12,False
2,Center_Head_Close,92,38.91999,-0.08586369,1.525356,-0.1572092,-0.08415403,1.203247,-0.1319948,-0.5353904,0.2455862,0.2079621,0.7808946,0.1424125,0.7778855,-0.2100846,0.4158002,0.4973398,-0.1041908,0.7542596,MathCanvas,0.8442754,1.235745,1.094956,-0.08596144,1.525343,-0.1572377,0.5865939,-0.1826201,0.7890232,-0.05886061,1.526423,-0.1766358,0.5648582,-0.183515,0.8045232,-0.1128668,1.524288,-0.1377827,0.6084756,-0.1816806,0.7724957,-0.08586369,1.525356,-0.1572092,357.1188,35.63943,1.840201,0,12,False
2,Center_Head_Close,93,38.93999,-0.08581512,1.525342,-0.1570439,-0.08405153,1.203035,-0.1320419,-0.5359169,0.2459721,0.2084455,0.7802829,0.1426913,0.7780372,-0.2102901,0.4152792,0.4980449,-0.1055502,0.7538924,MathCanvas,0.844772,1.235628,1.094582,-0.08586635,1.525339,-0.1571291,0.5865223,-0.1826243,0.7890754,-0.05882151,1.526423,-0.1764829,0.5645401,-0.1834153,0.8047691,-0.1128087,1.524262,-0.1376049,0.6081718,-0.1815694,0.772761,-0.08581512,1.525342,-0.1570439,357.1112,35.66501,1.862233,0,12,False
2,Center_Head_Close,94,38.95999,-0.08576613,1.525345,-0.1569572,-0.0840513,1.202987,-0.1320363,-0.5359433,0.2459841,0.2085266,0.7802393,0.1427201,0.7780276,-0.2103204,0.4154509,0.4982003,-0.1053593,0.7537218,MathCanvas,0.8446186,1.235635,1.094711,-0.08581512,1.525342,-0.1570439,0.5865747,-0.1824924,0.789067,-0.05877708,1.526427,-0.1764024,0.5647427,-0.1833328,0.8046458,-0.1127552,1.524262,-0.1375121,0.6083669,-0.1814835,0.7726277,-0.08576613,1.525345,-0.1569572,357.1064,35.67793,1.865872,0,12,False
2,Center_Head_Close,95,38.97998,-0.08570028,1.52535,-0.1568872,-0.0840513,1.202987,-0.1320363,-0.5359433,0.2459841,0.2085266,0.7802393,0.1427201,0.7780276,-0.2103204,0.4154509,0.4982003,-0.1053593,0.7537218,MathCanvas,0.844742,1.235849,1.094773,-0.08576613,1.525345,-0.1569572,0.5867735,-0.1824082,0.7889386,-0.05871632,1.526435,-0.1763393,0.5649674,-0.1832736,0.8045015,-0.1126842,1.524265,-0.1374351,0.6085832,-0.1814199,0.7724723,-0.08570028,1.52535,-0.1568872,357.1028,35.69235,1.870608,0,12,False
2,Center_Head_Close,96,38.99998,-0.08575626,1.525185,-0.1566557,-0.08385187,1.202807,-0.131898,-0.5357456,0.245637,0.2081,0.7805982,0.1429334,0.7780726,-0.2103539,0.4156155,0.4986973,-0.1049354,0.7533613,MathCanvas,0.8451074,1.235994,1.094618,-0.0856346,1.525356,-0.1568174,0.5867648,-0.1835825,0.7886727,-0.05874767,1.526281,-0.176073,0.5634707,-0.1852672,0.8050944,-0.1127649,1.524089,-0.1372385,0.6071409,-0.183399,0.7731395,-0.08575626,1.525185,-0.1566557,357.1434,35.61928,1.889318,0,12,False
2,Center_Head_Close,97,39.01999,-0.0857432,1.525165,-0.1565426,-0.0835945,1.202886,-0.1316611,-0.5348499,0.2450287,0.2075875,0.7815395,0.1429894,0.7781273,-0.2103312,0.4154529,0.4986791,-0.1050599,0.7534458,MathCanvas,0.8447556,1.234053,1.094049,-0.08575626,1.525185,-0.1566557,0.5854915,-0.1843376,0.7894424,-0.05873252,1.526258,-0.1759571,0.563324,-0.1854903,0.8051456,-0.1127539,1.524071,-0.1371281,0.6069987,-0.183627,0.7731971,-0.0857432,1.525165,-0.1565426,357.1562,35.61396,1.884863,0,12,False
2,Center_Head_Close,98,39.03999,-0.08567953,1.525158,-0.1563144,-0.08349357,1.202901,-0.1315525,-0.5342178,0.2450492,0.2074214,0.7820094,0.1429927,0.7781526,-0.210305,0.4154186,0.4986068,-0.1050994,0.7535071,MathCanvas,0.8425899,1.232886,1.095167,-0.08570886,1.525166,-0.1564216,0.5853093,-0.1846001,0.7895162,-0.05866408,1.526258,-0.1757219,0.5631667,-0.1856527,0.8052183,-0.112695,1.524059,-0.1369069,0.6068481,-0.1837783,0.7732794,-0.08567953,1.525158,-0.1563144,357.1658,35.59913,1.895722,0,12,False
2,Center_Head_Close,99,39.05999,-0.08565328,1.525159,-0.1562049,-0.08349357,1.202901,-0.1315525,-0.5342178,0.2450492,0.2074214,0.7820094,0.1429927,0.7781526,-0.210305,0.4154186,0.4986068,-0.1050994,0.7535071,MathCanvas,0.8422264,1.232507,1.095326,-0.08567953,1.525158,-0.1563144,0.5852256,-0.1847156,0.7895513,-0.05863692,1.526263,-0.1756109,0.5631282,-0.1858515,0.8051993,-0.1126696,1.524055,-0.1367989,0.6068109,-0.1839697,0.773263,-0.08565328,1.525159,-0.1562049,357.1773,35.5961,1.903517,0,12,False
2,Center_Head_Close,100,39.07999,-0.08558711,1.525198,-0.1559432,-0.08355305,1.202693,-0.1314768,-0.5341171,0.2457139,0.2075495,0.7818356,0.1429663,0.7782447,-0.2100466,0.4158594,0.4977272,-0.1045717,0.7539187,MathCanvas,0.8421184,1.232326,1.095489,-0.0856099,1.525192,-0.1560436,0.5883499,-0.1794437,0.7884443,-0.05855589,1.526332,-0.1753267,0.5662981,-0.1803157,0.8042343,-0.1126183,1.524063,-0.1365596,0.6098778,-0.1783486,0.7721663,-0.08558711,1.525198,-0.1559432,357.1369,35.54578,1.956147,0,12,False
2,Center_Head_Close,101,39.09999,-0.08555857,1.525204,-0.1558224,-0.08355305,1.202693,-0.1314768,-0.5341171,0.2457139,0.2075495,0.7818356,0.1429663,0.7782447,-0.2100466,0.4158594,0.4977272,-0.1045717,0.7539187,MathCanvas,0.8479479,1.240474,1.095082,-0.08558711,1.525198,-0.1559432,0.5883066,-0.1793323,0.788502,-0.05852348,1.526342,-0.1752003,0.566152,-0.1802602,0.8043495,-0.1125937,1.524067,-0.1364445,0.6097382,-0.1782877,0.7722907,-0.08555857,1.525204,-0.1558224,357.1337,35.53366,1.961748,0,12,False
2,Center_Head_Close,102,39.11999,-0.08552398,1.525203,-0.1557373,-0.08354495,1.202634,-0.131457,-0.5342954,0.2459037,0.2076195,0.7816354,0.1429697,0.7781759,-0.2100202,0.4159978,0.4978427,-0.1044854,0.753778,MathCanvas,0.8479497,1.240645,1.09535,-0.08555857,1.525204,-0.1558224,0.5881639,-0.1792741,0.7886216,-0.05848338,1.526335,-0.1751079,0.5659124,-0.1801854,0.8045349,-0.1125646,1.52407,-0.1363668,0.6095079,-0.1782215,0.7724877,-0.08552398,1.525203,-0.1557373,357.1294,35.5181,1.952815,0,12,False
2,Center_Head_Close,103,39.13999,-0.08544741,1.525105,-0.1554889,-0.08350444,1.202483,-0.1313618,-0.5336894,0.2459952,0.2074922,0.7820543,0.1430932,0.7780913,-0.210062,0.4163394,0.4983229,-0.1046503,0.7532491,MathCanvas,0.8477606,1.240735,1.095629,-0.08547583,1.525152,-0.1556192,0.7170372,-0.1486728,0.680995,-0.05839201,1.526243,-0.1748385,0.6980491,-0.150882,0.6999729,-0.1125028,1.523967,-0.1361394,0.7350183,-0.1475624,0.6617956,-0.08544741,1.525105,-0.1554889,357.2029,35.4759,1.96227,0,12,False
2,Center_Head_Close,104,39.15998,-0.0854182,1.525065,-0.1553534,-0.08349796,1.202445,-0.1313245,-0.5335981,0.2460518,0.2074337,0.7821144,0.1431243,0.7780743,-0.2100658,0.4164489,0.4983991,-0.1046947,0.7531319,MathCanvas,1.079005,1.283664,0.9504318,-0.08544741,1.525105,-0.1554889,0.7545112,-0.1351766,0.6422151,-0.05835813,1.526206,-0.1746962,0.7368828,-0.1371491,0.6619621,-0.1124783,1.523924,-0.1360106,0.7712944,-0.1335669,0.622306,-0.0854182,1.525065,-0.1553534,357.2149,35.46196,1.967188,0,12,False
2,Center_Head_Close,105,39.17999,-0.08533714,1.52501,-0.1550815,-0.08351156,1.202411,-0.1312561,-0.5336962,0.246113,0.2074031,0.7820362,0.1431827,0.7780061,-0.2100137,0.4166747,0.4985327,-0.1046857,0.7529198,MathCanvas,1.157743,1.302343,0.9027848,-0.08537904,1.525033,-0.1552165,0.7542672,-0.1355803,0.6424166,-0.0582708,1.526159,-0.1744151,0.7366626,-0.1375009,0.6621342,-0.1124035,1.523862,-0.1357478,0.7710872,-0.1339025,0.6224907,-0.08533714,1.52501,-0.1550815,357.2386,35.44303,1.979742,0,12,False
2,Center_Head_Close,106,39.19999,-0.08527482,1.524971,-0.154915,-0.08351323,1.202432,-0.1311346,-0.5334918,0.2462027,0.207408,0.7821463,0.1432279,0.7779788,-0.2099483,0.4168454,0.4986153,-0.1044649,0.7528013,MathCanvas,1.157024,1.301695,0.9030496,-0.08533714,1.52501,-0.1550815,0.7541366,-0.1357019,0.6425442,-0.05821219,1.526109,-0.1742544,0.7367496,-0.1378449,0.6619658,-0.1123375,1.523832,-0.1355756,0.7711672,-0.1342575,0.6223152,-0.08527482,1.524971,-0.154915,357.2553,35.45614,1.96335,0,12,False
2,Center_Head_Close,107,39.21999,-0.08516133,1.524873,-0.1546482,-0.08350724,1.202384,-0.1310022,-0.5332301,0.2461695,0.2073797,0.7823426,0.1432562,0.7779768,-0.2099122,0.4169808,0.4986638,-0.1043502,0.75271,MathCanvas,1.156734,1.301479,0.9033086,-0.08521912,1.524914,-0.1547761,0.7529109,-0.1359061,0.6439369,-0.05809899,1.526007,-0.1739883,0.7353382,-0.1380277,0.6634954,-0.1122237,1.523739,-0.1353081,0.7698548,-0.1344608,0.6238942,-0.08516133,1.524873,-0.1546482,357.2976,35.4593,1.954675,0,12,False
2,Center_Head_Close,108,39.23999,-0.08510722,1.524844,-0.1545172,-0.08350704,1.20237,-0.1309687,-0.5331976,0.2461245,0.207376,0.7823799,0.1432562,0.7779768,-0.2099122,0.4169808,0.4986638,-0.1043502,0.75271,MathCanvas,1.154043,1.301188,0.905197,-0.08516133,1.524873,-0.1546482,0.7528583,-0.1362445,0.6439269,-0.05804325,1.525976,-0.1738551,0.735254,-0.1384532,0.6635,-0.1121712,1.523711,-0.1351793,0.7697742,-0.134883,0.6239024,-0.08510722,1.524844,-0.1545172,357.3223,35.45549,1.952407,0,12,False
2,Center_Head_Close,109,39.25999,-0.08499752,1.524768,-0.1544191,-0.08358383,1.202246,-0.1308072,-0.5333669,0.2455219,0.2071711,0.7825081,0.1432562,0.7778982,-0.2098176,0.4170392,0.4987504,-0.1044385,0.7526081,MathCanvas,1.153951,1.300612,0.9052606,-0.08510722,1.524844,-0.1545172,0.7527757,-0.1366683,0.6439337,-0.05794594,1.525895,-0.1737747,0.7356523,-0.1387054,0.6630055,-0.1120491,1.523641,-0.1350636,0.7701474,-0.135141,0.6233856,-0.08499752,1.524768,-0.1544191,357.3352,35.49353,1.942931,0,12,False
2,Center_Head_Close,110,39.27999,-0.0848156,1.524783,-0.1541869,-0.08365231,1.202159,-0.1306921,-0.5330056,0.2454064,0.2069592,0.7828465,0.1433024,0.7779272,-0.209773,0.4171885,0.4989062,-0.1042152,0.7524531,MathCanvas,1.153748,1.29987,0.9052196,-0.08490545,1.524773,-0.1542911,0.753243,-0.136382,0.6434477,-0.0577857,1.525898,-0.1735734,0.7360654,-0.1380476,0.6626844,-0.1118455,1.523668,-0.1348004,0.7705404,-0.1345145,0.6230357,-0.0848156,1.524783,-0.1541869,357.3245,35.55925,1.922157,0,12,False
2,Center_Head_Close,111,39.29999,-0.08474191,1.524782,-0.1540688,-0.08365231,1.202159,-0.1306921,-0.5330056,0.2454064,0.2069592,0.7828465,0.1433144,0.7779163,-0.2097703,0.4172124,0.4989438,-0.1041803,0.7524198,MathCanvas,1.154862,1.300328,0.9047905,-0.0848156,1.524783,-0.1541869,0.7535707,-0.1362881,0.6430838,-0.05772065,1.525894,-0.1734675,0.7363462,-0.1382696,0.6623259,-0.1117632,1.523671,-0.13467,0.7708034,-0.1347395,0.6226616,-0.08474191,1.524782,-0.1540688,357.3359,35.58574,1.915954,0,12,False
2,Center_Head_Close,112,39.31998,-0.08460171,1.524724,-0.1538635,-0.08364234,1.202102,-0.1306425,-0.5326254,0.2455596,0.2065666,0.7831609,0.1433613,0.777843,-0.2097933,0.4173127,0.4990172,-0.1041134,0.7523246,MathCanvas,1.155738,1.300433,0.9045349,-0.08467121,1.524768,-0.1539473,0.7540916,-0.1366292,0.6424005,-0.0575895,1.525829,-0.1732752,0.7366104,-0.1387747,0.6619266,-0.1116139,1.52362,-0.1344517,0.7710496,-0.1352493,0.6222461,-0.08460171,1.524724,-0.1538635,357.3632,35.61448,1.904047,0,12,False
2,Center_Head_Close,113,39.33998,-0.0845699,1.524605,-0.1537103,-0.08371755,1.202111,-0.1306393,-0.5327316,0.2453675,0.2061564,0.7832569,0.143371,0.7778214,-0.2097844,0.4173681,0.4990265,-0.1040753,0.7522931,MathCanvas,1.156788,1.299805,0.9036592,-0.08460171,1.524724,-0.1538635,0.7540922,-0.1370123,0.6423182,-0.05755574,1.525726,-0.1731184,0.7365224,-0.1396857,0.6618327,-0.1115841,1.523484,-0.1343022,0.7709659,-0.1361223,0.6221594,-0.0845699,1.524605,-0.1537103,357.4234,35.60812,1.932379,0,12,False
2,Center_Head_Close,114,39.35999,-0.08445271,1.524493,-0.1534,-0.08369631,1.202168,-0.1305757,-0.5327793,0.2449126,0.2058358,0.7834511,0.1433905,0.7778088,-0.2097802,0.4174902,0.4990594,-0.1040022,0.7522136,MathCanvas,1.156768,1.299064,0.9036318,-0.08451023,1.524541,-0.1535546,0.7547483,-0.1362585,0.6417075,-0.05744175,1.525625,-0.172812,0.7374029,-0.1385345,0.6610941,-0.1114637,1.523362,-0.1339881,0.77179,-0.1349622,0.6213897,-0.08445271,1.524493,-0.1534,357.4801,35.61783,1.950424,0,12,False
2,Center_Head_Close,115,39.37999,-0.08439359,1.524441,-0.1532511,-0.08369631,1.202168,-0.1305757,-0.5327793,0.2449126,0.2058358,0.7834511,0.1433905,0.7778088,-0.2097802,0.4174902,0.4990594,-0.1040022,0.7522136,MathCanvas,1.158258,1.30014,0.9031867,-0.08445271,1.524493,-0.1534,0.754863,-0.1367057,0.6414776,-0.05738502,1.525576,-0.1726662,0.7374688,-0.138917,0.6609401,-0.1114022,1.523306,-0.133836,0.7718514,-0.1353339,0.6212328,-0.08439359,1.524441,-0.1532511,357.5065,35.62527,1.955782,0,12,False
2,Center_Head_Close,116,39.39999,-0.08433374,1.524337,-0.1528403,-0.08369635,1.202139,-0.1304865,-0.5329842,0.2431884,0.2052827,0.7839938,0.1435767,0.7776837,-0.2098853,0.4179746,0.4999196,-0.1039724,0.751377,MathCanvas,1.158489,1.299355,0.9029422,-0.08437067,1.524394,-0.153018,0.7511926,-0.1402123,0.6450196,-0.05731302,1.525487,-0.1722376,0.7334889,-0.1423444,0.6646294,-0.1113545,1.523186,-0.1334431,0.7681383,-0.13873,0.6250739,-0.08433374,1.524337,-0.1528403,357.5262,35.58767,1.982455,0,12,False
2,Center_Head_Close,117,39.41999,-0.08431219,1.524284,-0.152665,-0.08371913,1.202086,-0.1304511,-0.5329914,0.2433239,0.2053175,0.7839378,0.1436288,0.7776669,-0.2099133,0.4179547,0.500203,-0.1040827,0.7511841,MathCanvas,1.149813,1.29398,0.9068727,-0.08433374,1.524337,-0.1528403,0.7201097,-0.1443719,0.6786743,-0.05728357,1.52545,-0.1720502,0.7011863,-0.1464844,0.6977679,-0.1113408,1.523117,-0.1332797,0.7379839,-0.1431422,0.6594619,-0.08431219,1.524284,-0.152665,357.5578,35.56285,2.010551,0,12,False
2,Center_Head_Close,118,39.43999,-0.08427668,1.524223,-0.1524866,-0.0837102,1.202067,-0.1304107,-0.5328678,0.2435046,0.2052959,0.7839714,0.1436288,0.7776669,-0.2099133,0.4179547,0.500203,-0.1040827,0.7511841,MathCanvas,1.086281,1.289596,0.9505721,-0.08431219,1.524284,-0.152665,0.7198412,-0.1448135,0.678865,-0.05724053,1.52539,-0.1718614,0.7008895,-0.1469094,0.6979767,-0.1113128,1.523056,-0.1331119,0.737702,-0.1435626,0.6596859,-0.08427668,1.524223,-0.1524866,357.5828,35.54141,2.011065,0,12,False
2,Center_Head_Close,119,39.45999,-0.08424325,1.524097,-0.152129,-0.08369331,1.202034,-0.1303143,-0.5323156,0.2438256,0.2051861,0.7842754,0.1437131,0.7776423,-0.2099244,0.4178132,0.5004939,-0.1042617,0.7510443,MathCanvas,1.085659,1.288862,0.9508518,-0.0842407,1.524175,-0.1523107,0.7193809,-0.1456025,0.6791841,-0.05719655,1.525262,-0.1714891,0.7004368,-0.1479883,0.6982031,-0.1112899,1.522932,-0.1327689,0.737271,-0.144634,0.6599336,-0.08424325,1.524097,-0.152129,357.6456,35.51274,2.007528,0,12,False
2,Center_Head_Close,120,39.47998,-0.08421586,1.524114,-0.1519768,-0.08362731,1.201939,-0.1300313,-0.5300288,0.245246,0.2050438,0.7854177,0.143739,0.7776369,-0.209962,0.4178059,0.5006901,-0.1045394,0.750879,MathCanvas,1.084473,1.287549,0.9512824,-0.08424325,1.524097,-0.152129,0.5938156,-0.2136961,0.7757043,-0.05716736,1.525262,-0.1713354,0.5718457,-0.2146556,0.79178,-0.1112644,1.522965,-0.1326182,0.6150841,-0.2125115,0.7592829,-0.08421586,1.524114,-0.1519768,357.638,35.50968,1.978842,0,12,False
2,Center_Head_Close,121,39.49998,-0.08415944,1.52406,-0.1516575,-0.08362126,1.201911,-0.1299969,-0.5297763,0.2454931,0.2050542,0.7855082,0.1437321,0.7776288,-0.2099668,0.417849,0.5006909,-0.1045447,0.7508537,MathCanvas,0.8528588,1.186889,1.072129,-0.08418237,1.524092,-0.1518241,0.593505,-0.2136948,0.7759423,-0.05711068,1.525204,-0.171016,0.5716497,-0.2150849,0.791805,-0.1112082,1.522916,-0.132299,0.6148936,-0.2129494,0.7593145,-0.08415944,1.52406,-0.1516575,357.6765,35.51095,1.971006,0,12,False
2,Center_Head_Close,122,39.51999,-0.0841334,1.524027,-0.1514845,-0.08362126,1.201911,-0.1299969,-0.5297763,0.2454931,0.2050542,0.7855082,0.1437321,0.7776288,-0.2099668,0.417849,0.5006909,-0.1045447,0.7508537,MathCanvas,0.8523354,1.18687,1.072706,-0.08415944,1.52406,-0.1516575,0.5934944,-0.2140173,0.7758614,-0.0570822,1.525169,-0.1708397,0.5715113,-0.2153961,0.7918203,-0.1111846,1.522885,-0.1321293,0.6147594,-0.2132629,0.7593351,-0.0841334,1.524027,-0.1514845,357.6948,35.50463,1.96791,0,12,False
2,Center_Head_Close,123,39.53999,-0.08398198,1.523992,-0.1513207,-0.08339747,1.201794,-0.1299009,-0.5299429,0.2459514,0.2054158,0.7851578,0.1435606,0.777366,-0.2099533,0.4185537,0.5004048,-0.103908,0.7507403,MathCanvas,0.8523913,1.186311,1.072812,-0.08402631,1.524034,-0.1514805,0.5925692,-0.2115479,0.7772447,-0.05694905,1.525154,-0.1707002,0.5708945,-0.2128808,0.7929447,-0.1110149,1.522829,-0.1319412,0.6141809,-0.2107417,0.7605063,-0.08398198,1.523992,-0.1513207,357.7231,35.55654,2.003094,0,12,False
2,Center_Head_Close,124,39.55999,-0.08393088,1.523954,-0.1511654,-0.08337541,1.20179,-0.1298791,-0.529845,0.2460598,0.2053869,0.7851975,0.1435533,0.7773606,-0.209952,0.4185807,0.5003889,-0.1038907,0.7507383,MathCanvas,0.8513219,1.190087,1.075473,-0.08398198,1.523992,-0.1513207,0.5949808,-0.2075446,0.7764812,-0.05690002,1.525118,-0.1705477,0.5732142,-0.2089621,0.7923133,-0.1109617,1.522789,-0.1317831,0.6164208,-0.2068019,0.7597753,-0.08393088,1.523954,-0.1511654,357.743,35.56305,2.006863,0,12,False
2,Center_Head_Close,125,39.57999,-0.08389847,1.523919,-0.1510055,-0.08337541,1.20179,-0.1298791,-0.529845,0.2460598,0.2053869,0.7851975,0.1435508,0.7773539,-0.2099494,0.4186012,0.5003707,-0.1038692,0.7507419,MathCanvas,0.8558624,1.19613,1.075314,-0.08393088,1.523954,-0.1511654,0.595047,-0.207917,0.7763308,-0.05687461,1.525089,-0.1703972,0.5734974,-0.2093226,0.7920132,-0.1109223,1.522748,-0.1316138,0.6166921,-0.2071493,0.7594603,-0.08389847,1.523919,-0.1510055,357.762,35.58356,2.016321,0,12,False
2,Center_Head_Close,126,39.59999,-0.08369739,1.523941,-0.150595,-0.08342974,1.201612,-0.1296667,-0.5290501,0.2472243,0.2056733,0.7852928,0.1434943,0.7773992,-0.209874,0.4183446,0.5001248,-0.1033162,0.751125,MathCanvas,0.8559493,1.195524,1.075171,-0.08377638,1.523961,-0.1507955,0.5954573,-0.207826,0.7760406,-0.05667339,1.525136,-0.1699849,0.5736233,-0.2089766,0.7920133,-0.1107214,1.522745,-0.1312051,0.6168181,-0.2067625,0.7594634,-0.08369739,1.523941,-0.150595,357.742,35.57852,2.05996,0,12,False
2,Center_Head_Close,127,39.61999,-0.08365033,1.523893,-0.1503888,-0.0834511,1.20155,-0.1296488,-0.5290208,0.2472861,0.2056688,0.7852942,0.1434862,0.7774013,-0.2098773,0.418349,0.5001467,-0.1032791,0.7511131,MathCanvas,0.8566668,1.195736,1.074952,-0.08369739,1.523941,-0.150595,0.5947444,-0.1957067,0.7797294,-0.05662281,1.525085,-0.169774,0.5727061,-0.197097,0.7957138,-0.1106778,1.522701,-0.1310035,0.6159815,-0.1949277,0.7632628,-0.08365033,1.523893,-0.1503888,357.7597,35.56929,2.054524,0,12,False
2,Center_Head_Close,128,39.63998,-0.0835617,1.523844,-0.1500007,-0.08345013,1.201529,-0.1296389,-0.5289881,0.2473041,0.2056321,0.7853202,0.1434854,0.7773961,-0.2098878,0.4184251,0.5001641,-0.1032753,0.7510596,MathCanvas,0.8572786,1.214271,1.0832,-0.08360251,1.523868,-0.1501957,0.6018751,-0.1657611,0.7811976,-0.05653331,1.525042,-0.1693843,0.5801368,-0.1671613,0.7971815,-0.1105901,1.522646,-0.1306171,0.6232005,-0.1649612,0.7644663,-0.0835617,1.523844,-0.1500007,357.7953,35.56705,2.064603,0,12,False
2,Center_Head_Close,129,39.65998,-0.083537,1.523698,-0.1498112,-0.08339053,1.201436,-0.1295979,-0.5287397,0.2475249,0.2054038,0.7854776,0.1434795,0.7773654,-0.2099324,0.4186936,0.5002204,-0.1033194,0.7508664,MathCanvas,0.8735843,1.260239,1.092317,-0.0835617,1.523844,-0.1500007,0.6018913,-0.1660614,0.7811214,-0.05649454,1.524897,-0.1691752,0.579455,-0.1686691,0.7973599,-0.1105795,1.522499,-0.1304473,0.6225425,-0.1664655,0.7646765,-0.083537,1.523698,-0.1498112,357.8829,35.52853,2.065797,0,12,False
2,Center_Head_Close,130,39.67999,-0.08341255,1.523525,-0.1495192,-0.08321965,1.201306,-0.1294342,-0.5277123,0.2482238,0.2050549,0.7860389,0.1434071,0.7772372,-0.2101154,0.4193251,0.5001636,-0.1036358,0.7505082,MathCanvas,0.8736563,1.259609,1.092413,-0.08348655,1.523571,-0.1496432,0.5931851,-0.168805,0.7871698,-0.05636663,1.524741,-0.1688773,0.5711988,-0.170381,0.8029335,-0.1104585,1.522309,-0.1301612,0.6146219,-0.168237,0.7706726,-0.08341255,1.523525,-0.1495192,357.9621,35.51853,2.095785,0,12,False
2,Center_Head_Close,131,39.69999,-0.08336328,1.523464,-0.1493441,-0.08321965,1.201306,-0.1294342,-0.5277123,0.2482238,0.2050549,0.7860389,0.1434071,0.7772372,-0.2101154,0.4193251,0.5001636,-0.1036358,0.7505082,MathCanvas,0.8590537,1.255324,1.101154,-0.08341255,1.523525,-0.1495192,0.5345462,-0.2994558,0.7903079,-0.05631545,1.524686,-0.1686991,0.5116956,-0.3006211,0.8048568,-0.1104111,1.522242,-0.1299891,0.5567484,-0.2992216,0.7749178,-0.08336328,1.523464,-0.1493441,357.9898,35.51307,2.105341,0,12,False
2,Center_Head_Close,132,39.71999,-0.08322068,1.523383,-0.1491043,-0.08328937,1.201259,-0.1293814,-0.5274331,0.2481202,0.205099,0.7862476,0.1429827,0.7771416,-0.2100511,0.4201458,0.4971956,-0.1043544,0.7519203,MathCanvas,0.7532389,1.054794,1.087543,-0.0833091,1.523408,-0.1491701,0.5341595,-0.3005599,0.7901502,-0.05616481,1.524613,-0.1684476,0.5112276,-0.3018111,0.8047088,-0.1102765,1.522154,-0.129761,0.5562925,-0.3004016,0.7747887,-0.08322068,1.523383,-0.1491043,358.0607,35.49076,2.118316,0,12,False
2,Center_Head_Close,133,39.73999,-0.08316829,1.523314,-0.1489693,-0.08329333,1.201223,-0.1293567,-0.5271103,0.2484124,0.2049998,0.7863976,0.1426247,0.7773907,-0.2097781,0.4194325,0.4938995,-0.1067519,0.754151,MathCanvas,0.7526759,1.053043,1.087388,-0.08322068,1.523383,-0.1491043,0.5087821,-0.3611025,0.7815022,-0.05611027,1.524556,-0.1683088,0.4857187,-0.3621502,0.7955656,-0.1102263,1.522072,-0.1296298,0.5312252,-0.3611864,0.7663838,-0.08316829,1.523314,-0.1489693,358.0947,35.48384,2.13941,0,12,False
2,Center_Head_Close,134,39.75999,-0.08312641,1.523254,-0.1488479,-0.08327565,1.201183,-0.1293376,-0.526806,0.2486752,0.2048645,0.7865537,0.1423855,0.7779207,-0.2092816,0.4178677,0.4910801,-0.1088276,0.7565603,MathCanvas,0.712935,0.9582888,1.073866,-0.08316829,1.523314,-0.1489693,0.5035598,-0.3617699,0.78457,-0.05606918,1.524497,-0.1681885,0.480432,-0.3628767,0.7984394,-0.1101836,1.522011,-0.1295074,0.5260872,-0.3620327,0.7695223,-0.08312641,1.523254,-0.1488479,358.1367,35.48759,2.14127,0,12,False
2,Center_Head_Close,135,39.77999,-0.0830343,1.523121,-0.1485511,-0.08327565,1.201183,-0.1293376,-0.526806,0.2486752,0.2048645,0.7865537,0.1423184,0.7780438,-0.2090563,0.4183626,0.490274,-0.1084879,0.7568583,MathCanvas,0.7050416,0.9570146,1.079155,-0.08308039,1.52319,-0.1486962,0.5033283,-0.363056,0.7841244,-0.05597304,1.524372,-0.1678854,0.4801078,-0.3640231,0.7981126,-0.1100956,1.52187,-0.1292167,0.5257686,-0.3631694,0.7692043,-0.0830343,1.523121,-0.1485511,358.2064,35.47707,2.155334,0,12,False
2,Center_Head_Close,136,39.79999,-0.08296432,1.5231,-0.1485324,-0.08325627,1.201092,-0.1293303,-0.526328,0.2488903,0.2047944,0.7868239,0.142266,0.7775635,-0.2079202,0.4367764,0.4820875,-0.09846014,0.7530761,MathCanvas,0.7047105,0.9549121,1.07866,-0.0830343,1.523121,-0.1485511,0.5038822,-0.3564935,0.7867751,-0.05590209,1.524347,-0.1678656,0.4807999,-0.3567203,0.8009882,-0.1100266,1.521853,-0.1291991,0.5264853,-0.355864,0.7721232,-0.08296432,1.5231,-0.1485324,358.1943,35.4743,2.148399,0,12,False
2,Center_Head_Close,137,39.81998,-0.08282474,1.523035,-0.1483751,-0.08325588,1.201031,-0.1293029,-0.5259569,0.24913,0.2047129,0.7870173,0.1397362,0.7791997,-0.2065372,0.4337184,0.4509692,-0.1017493,0.7734095,MathCanvas,0.7057124,0.9651158,1.082929,-0.08289935,1.523053,-0.1484472,0.4958746,-0.3550171,0.7925094,-0.05575526,1.524302,-0.1676969,0.4725399,-0.3556679,0.8063538,-0.1098942,1.521767,-0.1290534,0.5184697,-0.354961,0.7779408,-0.08282474,1.523035,-0.1483751,358.2278,35.45109,2.183754,0,12,False
2,Center_Head_Close,138,39.83998,-0.08276765,1.523001,-0.148272,-0.08325588,1.201031,-0.1293029,-0.5259569,0.24913,0.2047129,0.7870173,0.1392162,0.7795085,-0.2061145,0.4349133,0.4439851,-0.101399,0.7768177,MathCanvas,0.6936762,0.9671054,1.092633,-0.08282474,1.523035,-0.1483751,0.4957084,-0.3553145,0.7924801,-0.05569548,1.524276,-0.1675895,0.4724244,-0.356006,0.8062723,-0.1098398,1.521726,-0.1289545,0.5183582,-0.355288,0.7778658,-0.08276765,1.523001,-0.148272,358.2475,35.44278,2.196902,0,12,False
2,Center_Head_Close,139,39.85999,-0.08264104,1.5229,-0.1481684,-0.08324137,1.20105,-0.1292596,-0.5257587,0.2490506,0.2045453,0.7872184,0.137871,0.7829185,-0.2057205,0.4129119,0.4407897,-0.1098328,0.7893953,MathCanvas,0.6935624,0.9665419,1.092833,-0.08271065,1.522967,-0.1481728,0.493263,-0.3576841,0.7929399,-0.05556807,1.524125,-0.1674881,0.4696166,-0.3584342,0.8068365,-0.109714,1.521675,-0.1288488,0.5156001,-0.3578504,0.778524,-0.08264104,1.5229,-0.1481684,358.3005,35.44958,2.110003,0,12,False
2,Center_Head_Close,140,39.87999,-0.08259076,1.522848,-0.1481832,-0.08322459,1.201053,-0.1292638,-0.5254421,0.2492302,0.2044446,0.7873992,0.1377695,0.7831865,-0.2057946,0.4159457,0.4375427,-0.1210538,0.7879668,MathCanvas,0.6899719,0.9626481,1.093838,-0.08264104,1.5229,-0.1481684,0.4928118,-0.3581422,0.7930137,-0.05552986,1.524057,-0.1675208,0.4698957,-0.3589037,0.8064653,-0.1096517,1.52164,-0.1288456,0.5158606,-0.3583492,0.7781219,-0.08259076,1.522848,-0.1481832,358.3321,35.48885,2.081133,0,12,False
2,Center_Head_Close,141,39.89999,-0.08253169,1.522807,-0.1481473,-0.08322333,1.201048,-0.1292684,-0.5253581,0.2492947,0.2044296,0.7874386,0.1372832,0.7838582,-0.2055263,0.41429,0.432733,-0.1239121,0.7910448,MathCanvas,0.689454,0.9617785,1.094162,-0.08259076,1.522848,-0.1481832,0.4387645,-0.384171,0.8123413,-0.05547344,1.524002,-0.1674895,0.4149124,-0.3843012,0.8247183,-0.1095899,1.521613,-0.1288052,0.462002,-0.3850516,0.7989302,-0.08253169,1.522807,-0.1481473,358.3666,35.49983,2.057492,0,12,False
2,Center_Head_Close,142,39.91999,-0.08240994,1.522691,-0.1483102,-0.08332698,1.200978,-0.1293287,-0.5250271,0.2496268,0.2044687,0.7875441,0.1378696,0.7848411,-0.2065014,0.4028538,0.4414563,-0.1371457,0.789947,MathCanvas,0.6089002,0.917407,1.13199,-0.08247337,1.522765,-0.1480898,0.4385936,-0.3850563,0.8120143,-0.05537684,1.523891,-0.1676872,0.4159099,-0.3849868,0.8238956,-0.109443,1.521491,-0.1289333,0.4629651,-0.3857306,0.7980446,-0.08240994,1.522691,-0.1483102,358.4094,35.57504,2.067103,0,12,False
2,Center_Head_Close,143,39.93999,-0.08236571,1.522631,-0.1483358,-0.08340535,1.200961,-0.1293412,-0.5250502,0.2497447,0.2044795,0.7874885,0.1374475,0.7854531,-0.206661,0.3973264,0.4414252,-0.1315429,0.7937078,MathCanvas,0.6088345,0.9158238,1.131464,-0.08240994,1.522691,-0.1483102,0.4325609,-0.3892711,0.8132399,-0.05534823,1.523824,-0.167735,0.4093198,-0.3891174,0.8252545,-0.1093832,1.521438,-0.1289366,0.4564679,-0.3900502,0.7996861,-0.08236571,1.522631,-0.1483358,358.4307,35.62294,2.054661,0,12,False
2,Center_Head_Close,144,39.95999,-0.08226844,1.522535,-0.1483767,-0.08345521,1.200962,-0.1293383,-0.525113,0.2497948,0.2044856,0.787429,0.1365304,0.7864236,-0.2064537,0.3907192,0.4370446,-0.1302266,0.7996072,MathCanvas,0.600077,0.9084858,1.134697,-0.08231921,1.522585,-0.1483655,0.4292426,-0.3980894,0.8107254,-0.05526962,1.523714,-0.1678027,0.4057348,-0.3978496,0.8228577,-0.1092673,1.521356,-0.1289507,0.4528858,-0.3989253,0.7973412,-0.08226844,1.522535,-0.1483767,358.4666,35.68113,2.030785,0,12,False
2,Center_Head_Close,145,39.97998,-0.08222791,1.522493,-0.1483865,-0.08346754,1.200963,-0.1293345,-0.5251373,0.2497535,0.2044781,0.7874279,0.1361378,0.7868555,-0.2063704,0.3880885,0.4352689,-0.1298745,0.8019108,MathCanvas,0.5954407,0.8940119,1.131636,-0.08226844,1.522535,-0.1483767,0.4294999,-0.3983876,0.8104426,-0.05524125,1.523667,-0.1678297,0.4061185,-0.3982015,0.8224983,-0.1092146,1.52132,-0.1289433,0.4532527,-0.3992885,0.7969509,-0.08222791,1.522493,-0.1483865,358.4904,35.71851,2.021416,0,12,False
2,Center_Head_Close,146,39.99998,-0.08228478,1.522598,-0.1483234,-0.08363821,1.201064,-0.129193,-0.5253651,0.249503,0.2044548,0.7873614,0.1365123,0.785234,-0.2065098,0.3961936,0.4408217,-0.1331777,0.7943366,MathCanvas,0.5959222,0.8934671,1.131245,-0.08227005,1.522581,-0.1483594,0.431941,-0.3973832,0.8096379,-0.05528474,1.52376,-0.1677487,0.408103,-0.3965842,0.8222973,-0.1092848,1.521435,-0.1288981,0.4552142,-0.3976226,0.7966657,-0.08228478,1.522598,-0.1483234,358.3851,35.67685,2.002044,0,12,False
2,Center_Head_Close,147,40.01999,-0.08232369,1.52259,-0.1482978,-0.08371981,1.20105,-0.1291678,-0.5255086,0.2492996,0.2044119,0.7873413,0.1364849,0.7853116,-0.2065229,0.3952265,0.4406306,-0.1358054,0.7944795,MathCanvas,0.5995039,0.8953561,1.129634,-0.08228478,1.522598,-0.1483234,0.431849,-0.3971036,0.8098242,-0.05531626,1.52375,-0.167713,0.4078284,-0.3963236,0.8225592,-0.1093311,1.52143,-0.1288827,0.4549496,-0.3973637,0.796946,-0.08232369,1.52259,-0.1482978,358.3692,35.6548,1.998376,0,12,False
2,Center_Head_Close,148,40.03999,-0.08233352,1.522591,-0.1482704,-0.08371981,1.20105,-0.1291678,-0.5255086,0.2492996,0.2044119,0.7873413,0.136375,0.785542,-0.2065194,0.3935921,0.440203,-0.1371201,0.7953016,MathCanvas,0.5993849,0.8957297,1.130075,-0.08232852,1.52259,-0.1482827,0.4351007,-0.3967403,0.8082602,-0.05532456,1.523745,-0.1676838,0.4113249,-0.39614,0.820905,-0.1093425,1.521437,-0.128857,0.4583805,-0.3971036,0.7951075,-0.08233352,1.522591,-0.1482704,358.3519,35.65051,1.987399,0,12,False
2,Center_Head_Close,149,40.05999,-0.08246118,1.522442,-0.1483082,-0.0838355,1.20101,-0.1291104,-0.5255743,0.2490706,0.204318,0.7873942,0.1361513,0.7875854,-0.2061398,0.3835998,0.4351293,-0.1348804,0.8033188,MathCanvas,0.6042166,0.8965698,1.127092,-0.08233352,1.522591,-0.1482704,0.4358934,-0.3924839,0.8099095,-0.05544502,1.523593,-0.1677118,0.4115908,-0.3931421,0.8222119,-0.1094773,1.521291,-0.1289047,0.4586621,-0.3940903,0.7964433,-0.08246118,1.522442,-0.1483082,358.4237,35.63213,1.982448,0,12,False
2,Center_Head_Close,150,40.07999,-0.08253585,1.522363,-0.1483563,-0.08391983,1.201019,-0.1290906,-0.5253313,0.2491277,0.2043504,0.7875299,0.135974,0.7882635,-0.2054327,0.3817545,0.4331044,-0.1277264,0.8064552,MathCanvas,0.6052504,0.9032175,1.129491,-0.08246118,1.522442,-0.1483082,0.4353173,-0.3936163,0.8096697,-0.05552583,1.523501,-0.1677691,0.4115916,-0.3937915,0.8219006,-0.1095459,1.521224,-0.1289434,0.4586527,-0.3947644,0.7961148,-0.08253585,1.522363,-0.1483563,358.4681,35.65338,1.961202,0,12,False
2,Center_Head_Close,151,40.09999,-0.08265105,1.522304,-0.148412,-0.08397292,1.201023,-0.1291101,-0.5252526,0.2491693,0.204371,0.7875639,0.1358767,0.7888321,-0.204595,0.380528,0.4336351,-0.1177688,0.8082633,MathCanvas,0.6043912,0.9012394,1.129295,-0.08260246,1.522348,-0.1483992,0.437168,-0.3944376,0.8082716,-0.05565218,1.523431,-0.167841,0.41348,-0.3941727,0.8207693,-0.1096499,1.521178,-0.1289829,0.4604938,-0.3951299,0.7948697,-0.08265105,1.522304,-0.148412,358.4923,35.68865,1.939921,0,12,False
2,Center_Head_Close,152,40.11999,-0.08273788,1.522353,-0.1485084,-0.08408155,1.201073,-0.1291454,-0.5254559,0.249215,0.2043777,0.787412,0.1363355,0.7890607,-0.2036702,0.3796692,0.4385595,-0.1071031,0.8074936,MathCanvas,0.607099,0.899973,1.126854,-0.08265105,1.522304,-0.148412,0.4371788,-0.3946513,0.8081616,-0.05574447,1.523488,-0.1679446,0.4138007,-0.394116,0.8206349,-0.1097313,1.521219,-0.1290723,0.4608079,-0.3950592,0.7947228,-0.08273788,1.522353,-0.1485084,358.4865,35.70353,1.954071,0,12,False
2,Center_Head_Close,153,40.13998,-0.08294732,1.522409,-0.1486021,-0.08430038,1.20128,-0.1290787,-0.5259794,0.2492774,0.2043783,0.7870426,0.1390916,0.7878478,-0.2049095,0.3797923,0.4556116,-0.1352372,0.7936541,MathCanvas,0.6071225,0.8996003,1.126756,-0.08284619,1.522382,-0.1485623,0.433027,-0.3997979,0.8078672,-0.05596615,1.523571,-0.1680536,0.4093993,-0.3991352,0.8204165,-0.1099285,1.521247,-0.1291506,0.4564613,-0.4001667,0.7946757,-0.08294732,1.522409,-0.1486021,358.4745,35.73559,2.002111,0,12,False
2,Center_Head_Close,154,40.15998,-0.08303338,1.522401,-0.1486335,-0.08430038,1.20128,-0.1290787,-0.5259794,0.2492774,0.2043783,0.7870426,0.1395273,0.7878755,-0.2048859,0.3788018,0.4586187,-0.1376929,0.7919714,MathCanvas,0.6009697,0.8909736,1.127333,-0.08294732,1.522409,-0.1486021,0.4415812,-0.3998181,0.8032132,-0.05605826,1.523565,-0.1680932,0.4182241,-0.3993642,0.8158412,-0.1100085,1.521236,-0.1291738,0.465111,-0.4001852,0.7896351,-0.08303338,1.522401,-0.1486335,358.4713,35.753,2.006049,0,12,False
2,Center_Head_Close,155,40.17999,-0.08321219,1.522406,-0.1487027,-0.08432263,1.201296,-0.1290689,-0.5259689,0.2493014,0.2043759,0.7870426,0.1408792,0.7872176,-0.2051341,0.380714,0.4669201,-0.1458588,0.7847087,MathCanvas,0.6136357,0.8916199,1.118572,-0.08312816,1.522409,-0.1486693,0.442286,-0.3995542,0.8029568,-0.05625,1.523581,-0.1681797,0.418926,-0.3991238,0.8155987,-0.1101744,1.52123,-0.1292257,0.4657964,-0.399925,0.7893628,-0.08321219,1.522406,-0.1487027,358.4532,35.78897,2.025276,0,12,False
2,Center_Head_Close,156,40.19999,-0.08350901,1.52244,-0.1487039,-0.08446303,1.201431,-0.1290269,-0.5258943,0.2492321,0.2043215,0.7871285,0.1407744,0.7828365,-0.2039315,0.4184811,0.4570625,-0.1315969,0.7737246,MathCanvas,0.6145633,0.892046,1.118088,-0.08321219,1.522406,-0.1487027,0.4339041,-0.399748,0.8074211,-0.05652725,1.523595,-0.168155,0.4092956,-0.3987015,0.8206791,-0.1104908,1.521285,-0.1292528,0.4563606,-0.3997439,0.7949464,-0.08350901,1.52244,-0.1487039,358.4247,35.73305,1.990128,0,12,False
2,Center_Head_Close,157,40.21999,-0.08367353,1.522441,-0.1487193,-0.08459219,1.201466,-0.1290209,-0.526106,0.2490916,0.2043553,0.7870228,0.1395453,0.78389,-0.2037652,0.4120462,0.4529298,-0.1304398,0.7797807,MathCanvas,0.6018751,0.8910079,1.126678,-0.08350901,1.52244,-0.1487039,0.4329899,-0.3992518,0.808157,-0.05668445,1.523597,-0.1681602,0.409008,-0.3985308,0.8209054,-0.1106626,1.521285,-0.1292784,0.4560834,-0.3995728,0.7951916,-0.08367353,1.522441,-0.1487193,358.412,35.71091,1.991324,0,12,False
2,Center_Head_Close,158,40.23999,-0.08394476,1.52246,-0.1487928,-0.08467641,1.201486,-0.1290147,-0.5262311,0.249001,0.2043947,0.7869576,0.1388101,0.7841027,-0.2036061,0.4104979,0.4498269,-0.1359013,0.781459,MathCanvas,0.6003793,0.8916892,1.128036,-0.08380852,1.522454,-0.1487558,0.4387423,-0.3989492,0.8051986,-0.05694681,1.52362,-0.1682211,0.4149559,-0.3983172,0.8180189,-0.1109427,1.5213,-0.1293644,0.4619244,-0.3991989,0.7920014,-0.08394476,1.52246,-0.1487928,358.3899,35.68344,1.998844,0,12,False
2,Center_Head_Close,159,40.25999,-0.08411628,1.522488,-0.1488102,-0.08480389,1.201534,-0.1289883,-0.5263069,0.2489106,0.2044511,0.7869208,0.1377697,0.7845836,-0.2038309,0.4071673,0.4455281,-0.1507398,0.7829413,MathCanvas,0.6087267,0.8926125,1.122428,-0.08394476,1.52246,-0.1487928,0.4386331,-0.3987581,0.8053527,-0.05711348,1.523651,-0.1682316,0.4148362,-0.3980309,0.818219,-0.1111191,1.521326,-0.1293887,0.4618118,-0.398907,0.792214,-0.08411628,1.522488,-0.1488102,358.3712,35.66819,2.002584,0,12,False
2,Center_Head_Close,160,40.27999,-0.08444593,1.522478,-0.1489061,-0.08507627,1.201677,-0.1288949,-0.5264317,0.2483779,0.2043966,0.7870197,0.1358245,0.787304,-0.2033633,0.391601,0.4397963,-0.1500209,0.7941799,MathCanvas,0.6084041,0.8929229,1.122693,-0.08428596,1.522477,-0.1488472,0.4339345,-0.3985086,0.8080171,-0.0574421,1.523645,-0.1683258,0.4101793,-0.3981233,0.8205186,-0.1114498,1.521311,-0.1294864,0.4572457,-0.3991046,0.794759,-0.08444593,1.522478,-0.1489061,358.3851,35.66504,2.010278,0,12,False
2,Center_Head_Close,161,40.29998,-0.08459798,1.522475,-0.1489452,-0.08511833,1.201688,-0.1288897,-0.5264966,0.2483049,0.2043727,0.7870056,0.1352911,0.7879851,-0.2030254,0.3883537,0.4374148,-0.1472938,0.7975928,MathCanvas,0.601176,0.8928293,1.127771,-0.08444593,1.522478,-0.1489061,0.4337316,-0.3996572,0.8075587,-0.05759099,1.523645,-0.1683603,0.409924,-0.3991027,0.8201703,-0.111605,1.521304,-0.1295301,0.456992,-0.4000835,0.7944127,-0.08459798,1.522475,-0.1489452,358.3802,35.65504,2.016673,0,12,False
2,Center_Head_Close,162,40.31998,-0.08489516,1.522471,-0.1490187,-0.08511833,1.201688,-0.1288897,-0.5264966,0.2483049,0.2043727,0.7870056,0.1342927,0.7888706,-0.2026513,0.3836561,0.4337572,-0.1481554,0.8016936,MathCanvas,0.6007451,0.8909726,1.127086,-0.08474921,1.52247,-0.1489804,0.4335862,-0.3995428,0.8076934,-0.05788101,1.523651,-0.1684233,0.4097112,-0.3990763,0.8202895,-0.1119093,1.521292,-0.129614,0.4567894,-0.4000425,0.7945499,-0.08489516,1.522471,-0.1490187,358.3761,35.6326,2.031812,0,12,False
2,Center_Head_Close,163,40.33998,-0.08506147,1.522569,-0.1489974,-0.08552478,1.201844,-0.1288384,-0.5271999,0.2474692,0.2041433,0.7868575,0.1369134,0.7929816,-0.2011703,0.3666005,0.4434527,-0.10571,0.8110359,MathCanvas,0.6002923,0.8910817,1.127363,-0.08489516,1.522471,-0.1490187,0.4326189,-0.4014977,0.8072425,-0.05802611,1.523739,-0.168373,0.4080193,-0.4004656,0.8204557,-0.1120968,1.521399,-0.1296217,0.4551359,-0.4014546,0.7947864,-0.08506147,1.522569,-0.1489974,358.3443,35.57008,2.01561,0,12,False
2,Center_Head_Close,164,40.35999,-0.08536524,1.522574,-0.1489971,-0.0856401,1.201896,-0.1288232,-0.5269944,0.2473067,0.2040129,0.7870802,0.1384916,0.7957917,-0.2006733,0.3528302,0.4502519,-0.09795418,0.8143642,MathCanvas,0.598716,0.8879805,1.126893,-0.08521317,1.522569,-0.1489961,0.4341024,-0.4049153,0.8047352,-0.05831124,1.523743,-0.1683467,0.4100127,-0.4043468,0.8175532,-0.1124192,1.521404,-0.1296474,0.457072,-0.4052876,0.7917242,-0.08536524,1.522574,-0.1489971,358.3331,35.51461,2.014357,0,12,False
2,Center_Head_Close,165,40.37999,-0.08551855,1.522582,-0.1489987,-0.0856401,1.201896,-0.1288232,-0.5269944,0.2473067,0.2040129,0.7870802,0.139199,0.7969144,-0.2004447,0.3478483,0.4529646,-0.09494944,0.8153583,MathCanvas,0.6007448,0.8825946,1.122908,-0.08536524,1.522574,-0.1489971,0.4337347,-0.4048173,0.8049827,-0.05845665,1.523751,-0.1683373,0.409705,-0.4042195,0.8177704,-0.1125804,1.521413,-0.1296601,0.4567752,-0.4051598,0.7919608,-0.08551855,1.522582,-0.1489987,358.3251,35.49098,2.013847,0,12,False
2,Center_Head_Close,166,40.39999,-0.08563107,1.522612,-0.1489953,-0.08580289,1.201934,-0.1288443,-0.5270442,0.2469849,0.2038233,0.7871969,0.141607,0.7971123,-0.2006421,0.3510621,0.4638622,-0.09505786,0.8078065,MathCanvas,0.599999,0.882769,1.123276,-0.08551855,1.522582,-0.1489987,0.4334323,-0.4046897,0.8052097,-0.05856059,1.523808,-0.1683202,0.4095539,-0.4044365,0.8177388,-0.1127016,1.521416,-0.1296703,0.456637,-0.4053341,0.7919514,-0.08563107,1.522612,-0.1489953,358.3316,35.46209,2.060543,0,12,False
2,Center_Head_Close,167,40.41999,-0.08588009,1.522506,-0.1490548,-0.08599679,1.201967,-0.1288897,-0.5271707,0.2467823,0.2036308,0.7872255,0.143986,0.7990171,-0.2004541,0.3374813,0.4850923,-0.08569591,0.8021522,MathCanvas,0.5994178,0.8829913,1.123656,-0.08574587,1.52253,-0.1490375,0.4343224,-0.4003156,0.8069148,-0.05880729,1.523697,-0.1683767,0.4103675,-0.3998692,0.819575,-0.1129529,1.521314,-0.1297328,0.4574622,-0.4007436,0.7938091,-0.08588009,1.522506,-0.1490548,358.3574,35.45673,2.05303,0,12,False
2,Center_Head_Close,168,40.43999,-0.08601822,1.52249,-0.1490693,-0.08599679,1.201967,-0.1288897,-0.5271707,0.2467823,0.2036308,0.7872255,0.1448027,0.8000042,-0.2002689,0.3322814,0.4903194,-0.08139266,0.8015929,MathCanvas,0.6003915,0.8899679,1.125949,-0.08588009,1.522506,-0.1490548,0.4341061,-0.4003064,0.8070358,-0.05894031,1.523684,-0.168384,0.4101555,-0.3999262,0.8196533,-0.1130961,1.521297,-0.1297546,0.4572571,-0.400798,0.7938999,-0.08601822,1.52249,-0.1490693,358.3605,35.44142,2.056238,0,12,False
2,Center_Head_Close,169,40.45998,-0.08617073,1.522305,-0.1493142,-0.08631016,1.202027,-0.1290223,-0.5268192,0.2469874,0.2037051,0.7873774,0.1447289,0.8024755,-0.1989856,0.2900085,0.521564,-0.06222316,0.7999965,MathCanvas,0.599873,0.8900027,1.126054,-0.08614146,1.522468,-0.1491031,0.4336955,-0.4007202,0.8070512,-0.05912253,1.523503,-0.1686703,0.4110873,-0.4015404,0.8183962,-0.1132189,1.521108,-0.1299582,0.458147,-0.4024172,0.7925664,-0.08617073,1.522305,-0.1493142,358.4616,35.53258,2.062715,0,12,False
2,Center_Head_Close,170,40.47998,-0.08628967,1.522262,-0.1494102,-0.08639452,1.202078,-0.1290933,-0.526758,0.2471669,0.2036825,0.7873678,0.1447661,0.8042337,-0.1987872,0.2691419,0.5377448,-0.04389066,0.7977887,MathCanvas,0.5991641,0.8890785,1.126005,-0.08617073,1.522305,-0.1493142,0.4367541,-0.3974731,0.8070074,-0.05924836,1.523451,-0.1687763,0.4131901,-0.3973625,0.819376,-0.113331,1.521072,-0.1300441,0.4602284,-0.3981997,0.7934904,-0.08628967,1.522262,-0.1494102,358.4827,35.55474,2.049388,0,12,False
2,Center_Head_Close,171,40.49998,-0.08652226,1.522181,-0.1495557,-0.08641978,1.202097,-0.129115,-0.5267562,0.2472152,0.2036715,0.7873567,0.1453889,0.8068912,-0.1982344,0.2396226,0.558812,-0.0227621,0.7935944,MathCanvas,0.6034637,0.8945434,1.125074,-0.08640628,1.522227,-0.1494891,0.4368841,-0.3980434,0.8066559,-0.05948679,1.523364,-0.1689304,0.413246,-0.3979283,0.8190731,-0.1135577,1.520998,-0.130181,0.460275,-0.3987807,0.7931714,-0.08652226,1.522181,-0.1495557,358.5203,35.57429,2.037434,0,12,False
2,Center_Head_Close,172,40.51999,-0.08664649,1.522296,-0.1497111,-0.08660584,1.202264,-0.1292792,-0.5271173,0.2473744,0.2037281,0.7870503,0.1437848,0.8089585,-0.1983012,0.2319162,0.5540097,-0.03857909,0.7986237,MathCanvas,0.6034811,0.8935213,1.124456,-0.08652226,1.522181,-0.1495557,0.4369526,-0.3983546,0.8064651,-0.05961791,1.523487,-0.1690949,0.4137231,-0.3974451,0.8190669,-0.1136751,1.521105,-0.1303273,0.4607442,-0.3982807,0.7931502,-0.08664649,1.522296,-0.1497111,358.4875,35.59241,2.051675,0,12,False
2,Center_Head_Close,173,40.53999,-0.0867493,1.522309,-0.1498093,-0.08669388,1.202329,-0.1293497,-0.527319,0.2474585,0.2038628,0.7868538,0.143943,0.8097461,-0.1984051,0.2395829,0.5344034,-0.07336987,0.807236,MathCanvas,0.6034642,0.8931454,1.123997,-0.08664649,1.522296,-0.1497111,0.4374257,-0.397863,0.8064514,-0.05972026,1.523514,-0.1691916,0.4138949,-0.3971614,0.8191177,-0.1137783,1.521105,-0.1304269,0.460918,-0.3979727,0.7932039,-0.0867493,1.522309,-0.1498093,358.466,35.58846,2.075185,0,12,False
2,Center_Head_Close,174,40.55999,-0.08698133,1.522333,-0.1500049,-0.08678755,1.202382,-0.1294059,-0.5274833,0.2474212,0.2039776,0.7867256,0.1438796,0.8113963,-0.197058,0.2453502,0.5110915,-0.0955776,0.8182015,MathCanvas,0.6040626,0.8939775,1.123793,-0.0868623,1.522328,-0.1499107,0.449221,-0.4010126,0.7983667,-0.05995411,1.523548,-0.1693891,0.4257685,-0.4007948,0.8112242,-0.1140086,1.521119,-0.1306206,0.4725294,-0.4013097,0.7846441,-0.08698133,1.522333,-0.1500049,358.4513,35.59196,2.092492,0,12,False
2,Center_Head_Close,175,40.57999,-0.0870984,1.522335,-0.150099,-0.0868068,1.202395,-0.1294195,-0.5275175,0.2473883,0.203998,0.7867078,0.1439088,0.8124902,-0.1967447,0.2410637,0.5081922,-0.101417,0.8205751,MathCanvas,0.6215634,0.8898264,1.109239,-0.08698133,1.522333,-0.1500049,0.4493456,-0.4010524,0.7982767,-0.06007096,1.523552,-0.1694828,0.4257745,-0.4007977,0.8112196,-0.1141258,1.521119,-0.1307152,0.4725358,-0.4013097,0.7846403,-0.0870984,1.522335,-0.150099,358.4511,35.59108,2.095406,0,12,False
2,Center_Head_Close,176,40.59999,-0.08741311,1.522369,-0.1504046,-0.08692213,1.20246,-0.1294652,-0.5276186,0.2469962,0.2039345,0.7867796,0.1436565,0.8120082,-0.1954189,0.2544951,0.5092276,-0.06565625,0.8195174,MathCanvas,0.621583,0.8898189,1.108896,-0.0872727,1.522327,-0.1502347,0.5232885,-0.4077442,0.7482738,-0.0603959,1.52356,-0.1698043,0.5010856,-0.4083692,0.7629861,-0.1144303,1.521178,-0.1310049,0.545764,-0.4069961,0.7324587,-0.08741311,1.522369,-0.1504046,358.4641,35.62524,2.050921,0,12,False
2,Center_Head_Close,177,40.61999,-0.08752812,1.522383,-0.1505516,-0.08698678,1.202494,-0.1294805,-0.5275873,0.2470171,0.204021,0.7867717,0.1440533,0.8126604,-0.1958253,0.2550843,0.5092128,-0.0674004,0.8192018,MathCanvas,0.7342866,0.8821041,1.024581,-0.08741311,1.522369,-0.1504046,0.5229982,-0.4107398,0.7468371,-0.06051711,1.523586,-0.1699592,0.5008008,-0.4113722,0.7615586,-0.1145391,1.521181,-0.131144,0.5454665,-0.4099824,0.7310135,-0.08752812,1.522383,-0.1505516,358.46,35.64182,2.071187,0,12,False
2,Center_Head_Close,178,40.63998,-0.08776625,1.522396,-0.1508258,-0.08703335,1.202522,-0.1295013,-0.5275331,0.2470808,0.2041031,0.7867668,0.144517,0.8133811,-0.1964427,0.2579338,0.506086,-0.0720811,0.8198485,MathCanvas,0.7338706,0.8772926,1.022399,-0.08765132,1.522391,-0.1506891,0.5237345,-0.4105439,0.7464288,-0.06076631,1.523613,-0.170248,0.5014181,-0.4111278,0.7612842,-0.1147662,1.52118,-0.1314037,0.5460668,-0.4097153,0.730715,-0.08776625,1.522396,-0.1508258,358.4437,35.67206,2.094938,0,12,False
2,Center_Head_Close,179,40.65998,-0.08788604,1.522492,-0.1509705,-0.08719575,1.202566,-0.1296984,-0.5272898,0.2474758,0.2043498,0.7867416,0.1455685,0.812811,-0.1996482,0.267614,0.4784853,-0.1167029,0.8281395,MathCanvas,0.7348775,0.8775442,1.02161,-0.08776625,1.522396,-0.1508258,0.5239656,-0.4104218,0.7463337,-0.06090006,1.523687,-0.1704133,0.5020157,-0.4100858,0.7614526,-0.114872,1.521297,-0.1315276,0.5466425,-0.4087061,0.7308497,-0.08788604,1.522492,-0.1509705,358.3796,35.71376,2.058669,0,12,False
2,Center_Head_Close,180,40.67999,-0.08817778,1.522551,-0.1512621,-0.08736041,1.202594,-0.1299091,-0.5276211,0.2476304,0.2044764,0.7864379,0.1435441,0.8128754,-0.2006279,0.2591461,0.4785183,-0.0987676,0.8331317,MathCanvas,0.7350656,0.8778743,1.021237,-0.08802209,1.522519,-0.1511087,0.5193809,-0.4093122,0.750138,-0.06120023,1.52374,-0.1707171,0.4969009,-0.409601,0.7650598,-0.1151553,1.521363,-0.1318072,0.5416919,-0.4083772,0.7347094,-0.08817778,1.522551,-0.1512621,358.3443,35.7382,2.047208,0,12,False
2,Center_Head_Close,181,40.69999,-0.08831571,1.522583,-0.1514054,-0.08739402,1.2026,-0.1299378,-0.5276852,0.2476428,0.2044933,0.7863867,0.1430601,0.8129865,-0.2010035,0.2581944,0.4775797,-0.09414162,0.8345003,MathCanvas,0.7276862,0.8795874,1.027084,-0.08817778,1.522551,-0.1512621,0.5195182,-0.4089891,0.7502191,-0.06134274,1.523775,-0.1708665,0.49717,-0.4093403,0.7650245,-0.1152887,1.521392,-0.1319443,0.541954,-0.4081108,0.7346642,-0.08831571,1.522583,-0.1514054,358.3276,35.75066,2.052573,0,12,False
2,Center_Head_Close,182,40.71999,-0.08844967,1.522605,-0.1515511,-0.08739402,1.2026,-0.1299378,-0.5276852,0.2476428,0.2044933,0.7863867,0.1425404,0.8130038,-0.2013554,0.2581227,0.4770772,-0.08915164,0.8353574,MathCanvas,0.7276843,0.8801898,1.026953,-0.08831571,1.522583,-0.1514054,0.5197837,-0.4087256,0.7501788,-0.06147942,1.523797,-0.1710159,0.4973487,-0.4090332,0.7650726,-0.1154199,1.521413,-0.1320862,0.5421287,-0.4078032,0.734706,-0.08844967,1.522605,-0.1515511,358.3083,35.75797,2.052673,0,12,False
2,Center_Head_Close,183,40.73999,-0.08882006,1.522651,-0.1518219,-0.08779417,1.202577,-0.1300509,-0.5277784,0.2477231,0.2046188,0.7862661,0.1419962,0.8089662,-0.2032651,0.2840717,0.4814257,-0.1407653,0.81714,MathCanvas,0.7279596,0.8806312,1.026733,-0.08865876,1.522619,-0.1517108,0.5188313,-0.4117035,0.7492092,-0.06184599,1.523827,-0.1712824,0.4961667,-0.4118302,0.7643393,-0.1157941,1.521474,-0.1323614,0.5409586,-0.4106365,0.7339901,-0.08882006,1.522651,-0.1518219,358.2784,35.74776,2.026277,0,12,False
2,Center_Head_Close,184,40.75999,-0.08896606,1.522672,-0.1519523,-0.08783657,1.202576,-0.1300544,-0.5277994,0.2477006,0.2046147,0.7862602,0.1414141,0.8087339,-0.2038975,0.2842319,0.4805765,-0.1481957,0.8162699,MathCanvas,0.7264265,0.8757353,1.02542,-0.08882006,1.522651,-0.1518219,0.5188871,-0.4098937,0.7501622,-0.06199339,1.523847,-0.1714148,0.4963941,-0.4101324,0.7651041,-0.1159387,1.521497,-0.1324898,0.541191,-0.4089452,0.7347626,-0.08896606,1.522672,-0.1519523,358.2561,35.75123,2.024481,0,12,False
2,Center_Head_Close,185,40.77999,-0.08927317,1.522717,-0.1522106,-0.08783657,1.202576,-0.1300544,-0.5277994,0.2477006,0.2046147,0.7862602,0.1407134,0.8078789,-0.2052282,0.2895476,0.4778867,-0.1641737,0.8129166,MathCanvas,0.7261704,0.8787569,1.026502,-0.08911461,1.522694,-0.1520844,0.5190521,-0.4092542,0.7503972,-0.06230466,1.523886,-0.1716792,0.4966037,-0.4094673,0.7653243,-0.1162417,1.521548,-0.1327419,0.5413964,-0.4082884,0.7349765,-0.08927317,1.522717,-0.1522106,358.213,35.76283,2.013697,0,12,False
2,Center_Head_Close,186,40.79998,-0.0894619,1.522735,-0.1522734,-0.08835021,1.202544,-0.1301494,-0.5284291,0.2468349,0.2045393,0.7861291,0.1356277,0.8096418,-0.202823,0.265189,0.4629487,-0.1473551,0.8328505,MathCanvas,0.7261872,0.8797555,1.026706,-0.08927317,1.522717,-0.1522106,0.5192219,-0.408878,0.7504848,-0.0624768,1.52392,-0.1717181,0.4961313,-0.4093068,0.7657164,-0.116447,1.521551,-0.1328287,0.5409501,-0.4081022,0.7354085,-0.0894619,1.522735,-0.1522734,358.2016,35.71138,2.040607,0,12,False
2,Center_Head_Close,187,40.81998,-0.08980614,1.522764,-0.1525103,-0.0884916,1.202561,-0.1302105,-0.5286624,0.2467555,0.2046198,0.7859762,0.1337737,0.8071547,-0.2034415,0.2788096,0.4517677,-0.1723135,0.8297465,MathCanvas,0.7261323,0.8804692,1.026589,-0.08963891,1.522753,-0.1523859,0.5202116,-0.4085053,0.7500022,-0.0628101,1.523938,-0.1719404,0.4974768,-0.4088256,0.7651003,-0.1168022,1.52159,-0.1330801,0.5422567,-0.4075906,0.7347296,-0.08980614,1.522764,-0.1525103,358.1737,35.67962,2.022649,1,13,False
2,Center_Head_Close,188,40.83998,-0.08997301,1.522781,-0.1526334,-0.0884916,1.202561,-0.1302105,-0.5286624,0.2467555,0.2046198,0.7859762,0.1329437,0.8061075,-0.203595,0.2848477,0.4474001,-0.1807362,0.8282689,MathCanvas,0.727412,0.8810291,1.025694,-0.08980614,1.522764,-0.1525103,0.5200886,-0.4082081,0.7502492,-0.06297319,1.523949,-0.1720587,0.4972996,-0.4087019,0.7652816,-0.1169728,1.521613,-0.1332081,0.5420852,-0.4074771,0.7349191,-0.08997301,1.522781,-0.1526334,358.1665,35.66908,2.011901,1,13,False
2,Center_Head_Close,189,40.85999,-0.09015956,1.522826,-0.1527626,-0.08858759,1.202603,-0.1302921,-0.5289492,0.2467271,0.2046127,0.785794,0.1325318,0.804097,-0.2027509,0.3039689,0.443778,-0.1784102,0.8239138,MathCanvas,0.7269518,0.8815911,1.025814,-0.08997301,1.522781,-0.1526334,0.5199143,-0.4080896,0.7504346,-0.06315178,1.523979,-0.1721777,0.4969231,-0.4083841,0.7656956,-0.1171673,1.521673,-0.1333475,0.5417212,-0.4071828,0.7353505,-0.09015956,1.522826,-0.1527626,358.1477,35.64701,1.986256,1,13,False
2,Center_Head_Close,190,40.87999,-0.0904752,1.522908,-0.1530575,-0.08875454,1.202766,-0.1303153,-0.5295067,0.2461502,0.2046072,0.7856008,0.1357309,0.80676,-0.2047124,0.2781736,0.4621682,-0.1856348,0.8213159,MathCanvas,0.7265024,0.8818145,1.025992,-0.09031738,1.522875,-0.1529089,0.5179873,-0.4064353,0.7526617,-0.06346375,1.524077,-0.1724665,0.4954747,-0.4066252,0.7675681,-0.1174866,1.521738,-0.1336485,0.5403388,-0.4054427,0.7373264,-0.0904752,1.522908,-0.1530575,358.0965,35.63204,2.015237,1,13,False
2,Center_Head_Close,191,40.89999,-0.09063069,1.522945,-0.1532003,-0.08878864,1.20278,-0.1303203,-0.5295606,0.2460944,0.2046369,0.7855743,0.1360649,0.8070183,-0.2049642,0.2756123,0.4630916,-0.1878899,0.8211464,MathCanvas,0.7232243,0.8844438,1.029289,-0.0904752,1.522908,-0.1530575,0.5181275,-0.4060257,0.7527862,-0.06361802,1.524118,-0.1726074,0.495543,-0.4062209,0.767738,-0.1176434,1.521773,-0.1337932,0.5404094,-0.4050325,0.7375001,-0.09063069,1.522945,-0.1532003,358.0714,35.62716,2.020098,1,13,False
2,Center_Head_Close,192,40.91999,-0.0909481,1.523023,-0.1534763,-0.08878864,1.20278,-0.1303203,-0.5295606,0.2460944,0.2046369,0.7855743,0.1365441,0.8073133,-0.2054441,0.2720193,0.4643914,-0.1925449,0.8205319,MathCanvas,0.7231765,0.885213,1.029178,-0.09079131,1.522978,-0.1533384,0.518195,-0.4052918,0.7531351,-0.0639336,1.524201,-0.1728806,0.4956341,-0.4057301,0.7679387,-0.1179626,1.521845,-0.1340721,0.5405033,-0.4045326,0.7377056,-0.0909481,1.523023,-0.1534763,358.0396,35.61987,2.029362,1,13,False
2,Center_Head_Close,193,40.93999,-0.09101354,1.523185,-0.1536307,-0.08911327,1.202794,-0.1304042,-0.5301428,0.2457294,0.2050057,0.7851996,0.1399731,0.8072859,-0.2042289,0.2801926,0.4733216,-0.1740517,0.8168015,MathCanvas,0.723035,0.8863888,1.029552,-0.0909481,1.523023,-0.1534763,0.5182893,-0.4051314,0.7531565,-0.06402394,1.524347,-0.1730705,0.4968059,-0.4042808,0.7679459,-0.1180031,1.522023,-0.1341908,0.5416367,-0.4031068,0.7376548,-0.09101354,1.523185,-0.1536307,357.95,35.6925,2.001818,1,13,False
2,Center_Head_Close,194,40.95998,-0.0912789,1.523324,-0.1538981,-0.0891835,1.20281,-0.1304355,-0.5303732,0.2456715,0.2050205,0.7850583,0.1413778,0.8072888,-0.2041564,0.2808754,0.4802948,-0.1745296,0.8123825,MathCanvas,0.7230145,0.8868833,1.029281,-0.09114309,1.523259,-0.1537642,0.5195795,-0.4038946,0.7529318,-0.06429855,1.52448,-0.1733511,0.4972211,-0.4038215,0.7679189,-0.1182592,1.522169,-0.134445,0.5420375,-0.4026568,0.7376062,-0.0912789,1.523324,-0.1538981,357.8705,35.71788,1.991212,0,13,False
2,Center_Head_Close,195,40.97998,-0.09141511,1.523389,-0.1540294,-0.08920302,1.202816,-0.130443,-0.5304394,0.2456569,0.2050293,0.7850158,0.1419343,0.8072512,-0.2040792,0.2817445,0.4826571,-0.1738463,0.8108265,MathCanvas,0.7247882,0.8889556,1.028679,-0.0912789,1.523324,-0.1538981,0.5198503,-0.4032393,0.7530961,-0.06443768,1.524542,-0.1734866,0.4974537,-0.4032081,0.7680905,-0.1183925,1.522236,-0.1345721,0.542266,-0.4020465,0.7377711,-0.09141511,1.523389,-0.1540294,357.8323,35.72552,1.986899,0,13,False
2,Center_Head_Close,196,40.99998,-0.09150629,1.523445,-0.1540816,-0.08937709,1.20283,-0.1305506,-0.5307891,0.2455591,0.2051474,0.7847791,0.1405934,0.8060036,-0.2022823,0.2970511,0.4776016,-0.1501493,0.8130882,MathCanvas,0.7249332,0.890161,1.028597,-0.09141511,1.523389,-0.1540294,0.5200809,-0.4026275,0.7532642,-0.06453353,1.524603,-0.1735451,0.4978124,-0.4026404,0.7681559,-0.118479,1.522287,-0.1346182,0.5426177,-0.4014697,0.7378266,-0.09150629,1.523445,-0.1540816,357.7963,35.73728,1.995465,0,13,False
2,Center_Head_Close,197,41.01999,-0.09173604,1.523498,-0.1542506,-0.08948945,1.202823,-0.1305933,-0.5306659,0.2456551,0.2052054,0.7848173,0.1389268,0.8051618,-0.2015914,0.3036375,0.4735373,-0.137691,0.8152348,MathCanvas,0.7251196,0.8912433,1.028686,-0.09162637,1.52347,-0.1541637,0.5185682,-0.4036734,0.7537472,-0.06477191,1.524652,-0.1737262,0.4961717,-0.4038613,0.7685764,-0.1187002,1.522345,-0.134775,0.5410156,-0.4027429,0.7383091,-0.09173604,1.523498,-0.1542506,357.7413,35.76138,1.988277,0,13,False
2,Center_Head_Close,198,41.03999,-0.09185626,1.523532,-0.1543507,-0.08948945,1.202823,-0.1305933,-0.5306659,0.2456551,0.2052054,0.7848173,0.1388053,0.804872,-0.2012805,0.3066317,0.4734477,-0.1329373,0.8149552,MathCanvas,0.7226375,0.8895588,1.029454,-0.09173604,1.523498,-0.1542506,0.5188144,-0.4033021,0.7537764,-0.06489504,1.524684,-0.1738304,0.4963854,-0.4033794,0.7686915,-0.1188175,1.522379,-0.134871,0.541225,-0.4022623,0.7384176,-0.09185626,1.523532,-0.1543507,357.7112,35.76908,1.986104,0,13,False
2,Center_Head_Close,199,41.05999,-0.09208161,1.523556,-0.1545144,-0.08962012,1.202775,-0.13066,-0.5307084,0.2456918,0.2052601,0.7847627,0.1370195,0.8044277,-0.2005678,0.308586,0.4689642,-0.1283579,0.8175399,MathCanvas,0.7227688,0.8902802,1.029204,-0.09197218,1.523569,-0.1544483,0.5192466,-0.4023594,0.7539827,-0.06512337,1.524723,-0.1739974,0.4967221,-0.4029973,0.7686744,-0.1190398,1.522389,-0.1350314,0.5415574,-0.4018558,0.7383952,-0.09208161,1.523556,-0.1545144,357.686,35.77479,2.011174,0,13,False
2,Center_Head_Close,200,41.07999,-0.0921865,1.523545,-0.1545197,-0.08983561,1.202682,-0.1308009,-0.5309075,0.2455667,0.2053342,0.7846478,0.1362047,0.802767,-0.2001247,0.3181702,0.4628078,-0.1413046,0.8152359,MathCanvas,0.7232048,0.8917977,1.029339,-0.09208161,1.523556,-0.1545144,0.5198589,-0.4049185,0.7521887,-0.06521508,1.524713,-0.1739844,0.4967415,-0.4054304,0.7673814,-0.1191579,1.522377,-0.135055,0.5415618,-0.4042636,0.7370766,-0.0921865,1.523545,-0.1545197,357.6815,35.73572,2.012504,0,13,False
2,Center_Head_Close,201,41.09999,-0.09241444,1.523595,-0.1546424,-0.08984595,1.202692,-0.1308274,-0.5309004,0.2455355,0.2053333,0.7846626,0.1353989,0.8016962,-0.1995139,0.3257034,0.4596982,-0.1398932,0.8142633,MathCanvas,0.7240417,0.8877844,1.026489,-0.09230259,1.523572,-0.1545877,0.5192689,-0.4048323,0.7526425,-0.0654354,1.524761,-0.1740966,0.4964941,-0.4050803,0.7677262,-0.1193935,1.52243,-0.1351881,0.5413266,-0.4039169,0.7374393,-0.09241444,1.523595,-0.1546424,357.6482,35.71246,2.008751,0,13,False
2,Center_Head_Close,202,41.11998,-0.0925236,1.523593,-0.154638,-0.08992042,1.202672,-0.1308978,-0.5308433,0.2453809,0.2053043,0.7847573,0.1353108,0.8019556,-0.199365,0.324902,0.4582873,-0.1369931,0.8158703,MathCanvas,0.7229313,0.8879354,1.027142,-0.09241444,1.523595,-0.1546424,0.5191314,-0.4044987,0.7529166,-0.06552625,1.524756,-0.1740669,0.4956988,-0.405307,0.7681204,-0.119521,1.522429,-0.135209,0.5405598,-0.4041474,0.7378753,-0.0925236,1.523593,-0.154638,357.6626,35.65929,2.005028,0,13,False
2,Center_Head_Close,203,41.13998,-0.09271858,1.523547,-0.1546365,-0.09010219,1.202604,-0.1309521,-0.531079,0.2450829,0.2052873,0.7846953,0.1356763,0.8047099,-0.1999443,0.3071164,0.458065,-0.1396748,0.8224031,MathCanvas,0.7224636,0.8885679,1.02737,-0.09262601,1.523537,-0.1546244,0.5178279,-0.4066761,0.7526412,-0.06569751,1.524737,-0.1740308,0.4950379,-0.4071313,0.7675817,-0.1197397,1.522357,-0.1352421,0.5399207,-0.4059204,0.7373698,-0.09271858,1.523547,-0.1546365,357.6779,35.58579,2.050218,0,13,False
2,Center_Head_Close,204,41.15998,-0.09281428,1.523565,-0.1546485,-0.09015249,1.202614,-0.1309683,-0.5311559,0.2449939,0.2052654,0.7846767,0.1357531,0.8057456,-0.2000496,0.300478,0.4575355,-0.1410157,0.8249176,MathCanvas,0.7203414,0.88501,1.027112,-0.09271858,1.523547,-0.1546365,0.5176963,-0.4065442,0.752803,-0.06578364,1.52476,-0.1740292,0.4947163,-0.4070995,0.7678059,-0.1198449,1.52237,-0.1352678,0.5396153,-0.4058751,0.7376183,-0.09281428,1.523565,-0.1546485,357.6742,35.55652,2.059591,0,13,False
2,Center_Head_Close,205,41.17999,-0.0928845,1.523613,-0.1546361,-0.09025639,1.202617,-0.1310115,-0.5312138,0.2447834,0.2052546,0.7847061,0.1361576,0.8074117,-0.2003278,0.2908562,0.4568961,-0.1453993,0.8279539,MathCanvas,0.7199368,0.8853158,1.027206,-0.09281428,1.523565,-0.1546485,0.5173895,-0.4064691,0.7530544,-0.0658498,1.524803,-0.1740115,0.4946184,-0.4066299,0.7681177,-0.1199192,1.522423,-0.1352608,0.5395229,-0.4054171,0.7379376,-0.0928845,1.523613,-0.1546361,357.6464,35.5443,2.051281,0,13,False
2,Center_Head_Close,206,41.19999,-0.09310273,1.523646,-0.1546462,-0.09044175,1.202534,-0.1311095,-0.531113,0.2445406,0.2052034,0.7848634,0.1368055,0.8074082,-0.200738,0.2933111,0.4540514,-0.1589707,0.8261563,MathCanvas,0.7193509,0.8855085,1.027563,-0.09297421,1.523634,-0.1546465,0.5169247,-0.4058981,0.7536814,-0.06605724,1.524841,-0.1740062,0.4942232,-0.4066677,0.768352,-0.1201482,1.522451,-0.1352863,0.5391446,-0.4054475,0.7381976,-0.09310273,1.523646,-0.1546462,357.6484,35.5117,2.059165,0,13,False
2,Center_Head_Close,207,41.21999,-0.09318782,1.523633,-0.1546689,-0.09046178,1.202528,-0.1311316,-0.5310811,0.2445109,0.2051851,0.7848989,0.1370869,0.8061033,-0.2008568,0.3032823,0.4509723,-0.1714582,0.8217335,MathCanvas,0.7183909,0.8864476,1.02852,-0.09310273,1.523646,-0.1546462,0.5205787,-0.4087141,0.7496337,-0.06614162,1.524834,-0.1740275,0.4979219,-0.4097089,0.7643379,-0.120234,1.522431,-0.1353104,0.5427042,-0.4083681,0.7339671,-0.09318782,1.523633,-0.1546689,357.6687,35.50933,2.070341,0,13,False
2,Center_Head_Close,208,41.23999,-0.09335355,1.523626,-0.1547038,-0.09047035,1.202526,-0.1311418,-0.5310662,0.2445048,0.2051701,0.7849149,0.1373504,0.8054657,-0.2010362,0.3095525,0.4481144,-0.1826714,0.8185365,MathCanvas,0.7240647,0.8819956,1.022175,-0.09326962,1.523625,-0.1546882,0.5202302,-0.4102919,0.7490134,-0.06630068,1.524843,-0.1740521,0.4974989,-0.4110301,0.7639039,-0.1204064,1.522409,-0.1353556,0.5422912,-0.4096657,0.7335491,-0.09335355,1.523626,-0.1547038,357.6753,35.48732,2.09724,0,13,False
2,Center_Head_Close,209,41.25999,-0.09343021,1.5236,-0.1547285,-0.09047675,1.202525,-0.1311492,-0.5310537,0.2444982,0.2051612,0.7849278,0.1374021,0.8047224,-0.2011336,0.3156821,0.4471639,-0.1877471,0.8155613,MathCanvas,0.7234616,0.8794255,1.021325,-0.09335355,1.523626,-0.1547038,0.5201167,-0.4103481,0.7490615,-0.06637357,1.524824,-0.1740711,0.4973911,-0.4111108,0.7639306,-0.1204869,1.522377,-0.1353859,0.5421893,-0.4097361,0.7335851,-0.09343021,1.5236,-0.1547285,357.6799,35.47533,2.108397,0,13,False
2,Center_Head_Close,210,41.27998,-0.0935073,1.523484,-0.154958,-0.09055588,1.20247,-0.1312841,-0.5309404,0.2445274,0.2054982,0.7849072,0.1353405,0.8033826,-0.2001622,0.3231669,0.442638,-0.1557172,0.8218193,MathCanvas,0.7231424,0.8793621,1.021283,-0.09344912,1.52349,-0.1548943,0.5631336,-0.4086562,0.7182484,-0.06649336,1.524724,-0.1743591,0.5415645,-0.4098158,0.7340021,-0.1205212,1.522245,-0.1355568,0.5847969,-0.4072791,0.7015244,-0.0935073,1.523484,-0.154958,357.7076,35.60011,2.136096,0,13,False
2,Center_Head_Close,211,41.29998,-0.09357499,1.523467,-0.1550094,-0.09055588,1.20247,-0.1312841,-0.5309404,0.2445274,0.2054982,0.7849072,0.1351568,0.8030685,-0.2000743,0.3256568,0.4407223,-0.1552638,0.8219517,MathCanvas,0.7911175,0.8815276,0.9733361,-0.0935073,1.523484,-0.154958,0.5634151,-0.408548,0.7180891,-0.06656641,1.524714,-0.1744177,0.5418103,-0.4098805,0.7337844,-0.1205836,1.522221,-0.1356012,0.5850336,-0.407333,0.7012956,-0.09357499,1.523467,-0.1550094,357.7118,35.61506,2.147448,0,13,False
2,Center_Head_Close,212,41.31998,-0.09364119,1.52346,-0.1550605,-0.09056436,1.202476,-0.1313192,-0.5309147,0.2446109,0.2055704,0.7848796,0.1349744,0.8027566,-0.1999872,0.328126,0.4388157,-0.1548119,0.8220751,MathCanvas,0.791452,0.8817097,0.9729834,-0.09357499,1.523467,-0.1550094,0.5636563,-0.408607,0.7178662,-0.0666393,1.524712,-0.1744776,0.5421275,-0.4098468,0.733569,-0.1206431,1.522207,-0.1356433,0.5853395,-0.407289,0.7010659,-0.09364119,1.52346,-0.1550605,357.7099,35.63369,2.158627,0,13,False
2,Center_Head_Close,213,41.33998,-0.09379416,1.52364,-0.1550979,-0.09067675,1.202528,-0.1316772,-0.5312747,0.2455796,0.2060356,0.7842112,0.1346121,0.8029275,-0.201275,0.3216813,0.4435873,-0.170712,0.8189071,MathCanvas,0.7917787,0.8815992,0.9726001,-0.09370789,1.523607,-0.1550748,0.5621432,-0.4043017,0.7214813,-0.06677391,1.524885,-0.1744899,0.5401465,-0.4052294,0.7375845,-0.1208144,1.522395,-0.1357059,0.5834768,-0.4027512,0.7052278,-0.09379416,1.52364,-0.1550979,357.6201,35.57726,2.145999,0,13,False
2,Center_Head_Close,214,41.35999,-0.09387362,1.523667,-0.155129,-0.09071121,1.202535,-0.1317417,-0.5312975,0.2456995,0.2061058,0.7841398,0.1349251,0.8034408,-0.2010724,0.3192054,0.4451797,-0.1656835,0.8200439,MathCanvas,0.7888979,0.8887947,0.9777908,-0.09379416,1.52364,-0.1550979,0.5619925,-0.4039578,0.7217911,-0.06684984,1.52491,-0.1745163,0.5399975,-0.4049202,0.7378634,-0.1208974,1.522425,-0.1357417,0.5833364,-0.4024475,0.7055174,-0.09387362,1.523667,-0.155129,357.6028,35.56668,2.141159,0,13,False
2,Center_Head_Close,215,41.37999,-0.09402274,1.523715,-0.1552174,-0.09073445,1.202542,-0.131778,-0.53115,0.2456938,0.2061219,0.7842372,0.1349265,0.8037485,-0.2011247,0.3172086,0.4450232,-0.1669265,0.8206514,MathCanvas,0.7885063,0.8894165,0.9781497,-0.09395146,1.523694,-0.1551664,0.5619449,-0.403478,0.7220966,-0.06699723,1.524959,-0.1746022,0.5400909,-0.4045286,0.7380098,-0.1210482,1.522472,-0.1358326,0.5834298,-0.4020541,0.7056643,-0.09402274,1.523715,-0.1552174,357.5762,35.5604,2.142956,0,13,False
2,Center_Head_Close,216,41.39999,-0.09410472,1.523662,-0.155279,-0.09073255,1.202596,-0.1317218,-0.5309684,0.2456684,0.2061249,0.7843673,0.1349871,0.8040619,-0.2011668,0.3152048,0.4464776,-0.1657227,0.8208774,MathCanvas,0.7882951,0.8902085,0.9785568,-0.09402274,1.523715,-0.1552174,0.5626794,-0.4032525,0.7216505,-0.06708196,1.524925,-0.1746663,0.5410364,-0.4046367,0.7372577,-0.1211275,1.522398,-0.1358917,0.584344,-0.4021108,0.7048752,-0.09410472,1.523662,-0.155279,357.5852,35.56556,2.177575,0,13,False
2,Center_Head_Close,217,41.41999,-0.09423075,1.523604,-0.1553949,-0.09075932,1.202639,-0.1317463,-0.5309338,0.2457007,0.2061892,0.7843638,0.1353513,0.8034359,-0.2011927,0.3199589,0.4519421,-0.156399,0.8178717,MathCanvas,0.7893343,0.890532,0.9777539,-0.09417615,1.523624,-0.1553346,0.5606226,-0.40312,0.7233233,-0.06721643,1.524874,-0.1747936,0.5388613,-0.4042945,0.7390361,-0.1212451,1.522334,-0.1359963,0.582257,-0.4018269,0.7067616,-0.09423075,1.523604,-0.1553949,357.5794,35.58921,2.188944,0,13,False
2,Center_Head_Close,218,41.43999,-0.09429348,1.523602,-0.1554503,-0.09075932,1.202639,-0.1317463,-0.5309338,0.2457007,0.2061892,0.7843638,0.1353796,0.8033983,-0.2012056,0.320233,0.4525113,-0.1554976,0.8176215,MathCanvas,0.7859188,0.890726,0.9801868,-0.09423075,1.523604,-0.1553949,0.5607899,-0.403016,0.7232515,-0.06728121,1.524876,-0.1748516,0.538994,-0.4041546,0.7390159,-0.1213058,1.522327,-0.136049,0.582386,-0.4016833,0.7067369,-0.09429348,1.523602,-0.1554503,357.5736,35.59435,2.196022,0,13,False
2,Center_Head_Close,219,41.45998,-0.09438603,1.523574,-0.1556394,-0.09095948,1.202631,-0.1320581,-0.5311788,0.2459168,0.2064642,0.7840577,0.1361627,0.8020114,-0.2022209,0.3260846,0.459752,-0.1530419,0.8117113,MathCanvas,0.7860743,0.8909186,0.9799611,-0.09435637,1.523589,-0.1555083,0.5635571,-0.4027144,0.7212659,-0.06740077,1.524838,-0.1750788,0.542406,-0.4043311,0.7364185,-0.1213713,1.522309,-0.1362,0.5856559,-0.4018072,0.703959,-0.09438603,1.523574,-0.1556394,357.5905,35.67625,2.179609,0,13,False
2,Center_Head_Close,220,41.47998,-0.09443837,1.523565,-0.1557244,-0.09102363,1.202642,-0.1321879,-0.5312275,0.24614,0.206603,0.7839181,0.1363097,0.8016988,-0.2024677,0.3275636,0.459414,-0.1551363,0.8109091,MathCanvas,0.7904827,0.891252,0.9768557,-0.09438603,1.523574,-0.1556394,0.5642649,-0.4030695,0.7205138,-0.06745464,1.524838,-0.1751654,0.5425388,-0.4043069,0.7363338,-0.1214221,1.522292,-0.1362834,0.5857859,-0.40177,0.703872,-0.09443837,1.523565,-0.1557244,357.5891,35.67941,2.193431,0,13,False
2,Center_Head_Close,221,41.49998,-0.09449894,1.523563,-0.1557942,-0.09103365,1.202646,-0.1322095,-0.5312361,0.2461769,0.206626,0.7838947,0.1364648,0.8013123,-0.2026791,0.329847,0.4605163,-0.1539413,0.8095849,MathCanvas,0.7915657,0.8906686,0.9756203,-0.09443837,1.523565,-0.1557244,0.5640878,-0.4030569,0.7206595,-0.06752231,1.524837,-0.175245,0.542542,-0.4041582,0.7364131,-0.1214756,1.522289,-0.1363434,0.5857895,-0.4016277,0.7039502,-0.09449894,1.523563,-0.1557942,357.5789,35.69971,2.195793,0,13,False
2,Center_Head_Close,222,41.51999,-0.09464408,1.523584,-0.1559195,-0.09106451,1.202664,-0.1322955,-0.5312827,0.2462611,0.2067228,0.7838112,0.1367353,0.80071,-0.2031038,0.3330964,0.463867,-0.1487025,0.8073176,MathCanvas,0.7912201,0.8906912,0.9757704,-0.09457411,1.523586,-0.1558485,0.5644534,-0.402657,0.7205968,-0.06767291,1.524855,-0.175378,0.542796,-0.4038415,0.7363998,-0.1216153,1.522313,-0.1364609,0.5860342,-0.401316,0.7039243,-0.09464408,1.523584,-0.1559195,357.566,35.71574,2.190793,0,13,False
2,Center_Head_Close,223,41.53999,-0.0947566,1.523658,-0.1559286,-0.09114183,1.20273,-0.1322667,-0.5312864,0.2462149,0.2068221,0.783797,0.1367619,0.8009433,-0.2033688,0.331067,0.4644293,-0.1488564,0.8078006,MathCanvas,0.7916927,0.8913094,0.9756024,-0.09464408,1.523584,-0.1559195,0.5646492,-0.4025791,0.7204869,-0.06777866,1.524935,-0.1753774,0.5426818,-0.4034452,0.7367011,-0.1217345,1.522381,-0.1364798,0.5859312,-0.4009106,0.704241,-0.0947566,1.523658,-0.1559286,357.5413,35.69393,2.201073,0,13,False
2,Center_Head_Close,224,41.55999,-0.09494177,1.523692,-0.1559899,-0.09122166,1.20275,-0.1323335,-0.5313618,0.2461445,0.2068626,0.7837573,0.1368315,0.8007476,-0.2038907,0.3319359,0.4649818,-0.1528165,0.8063855,MathCanvas,0.7918461,0.891535,0.9753679,-0.09485035,1.523678,-0.1559573,0.5644529,-0.4016776,0.7211435,-0.06795345,1.524978,-0.1754237,0.5425485,-0.4027961,0.7371542,-0.1219301,1.522406,-0.1365561,0.5858136,-0.4002465,0.7047164,-0.09494177,1.523692,-0.1559899,357.5188,35.6609,2.216801,0,13,False
2,Center_Head_Close,225,41.57999,-0.09502795,1.523709,-0.1560342,-0.09122166,1.20275,-0.1323335,-0.5313618,0.2461445,0.2068626,0.7837573,0.1368315,0.8007476,-0.2038907,0.3319359,0.4649818,-0.1528165,0.8063855,MathCanvas,0.791319,0.8930087,0.9762943,-0.09494177,1.523692,-0.1559899,0.5644146,-0.4015217,0.7212604,-0.06803836,1.524999,-0.175466,0.5425684,-0.4026336,0.7372284,-0.1220175,1.522419,-0.1366024,0.5858355,-0.4000782,0.7047938,-0.09502795,1.523709,-0.1560342,357.5087,35.65616,2.223081,0,13,False
2,Center_Head_Close,226,41.59999,-0.09530655,1.52367,-0.1560586,-0.09138463,1.202735,-0.1325069,-0.5314504,0.2460548,0.2068969,0.7837163,0.1367596,0.800546,-0.2037667,0.3333129,0.4649316,-0.1507698,0.8062318,MathCanvas,0.7911056,0.8933177,0.976348,-0.0951519,1.523685,-0.1560379,0.6109087,-0.223281,0.7595631,-0.06829751,1.524973,-0.1754625,0.5892998,-0.2247488,0.7760243,-0.1223156,1.522367,-0.1366548,0.6317846,-0.2220965,0.7426448,-0.09530655,1.52367,-0.1560586,357.5133,35.59675,2.245413,0,13,False
2,Center_Head_Close,227,41.61998,-0.09541585,1.523651,-0.1560858,-0.09140118,1.202737,-0.1325281,-0.5314417,0.2460282,0.2069091,0.7837273,0.1368511,0.8005794,-0.2038048,0.3327932,0.465396,-0.151013,0.806133,MathCanvas,0.8699228,1.170888,1.044043,-0.09530655,1.52367,-0.1560586,0.6202562,-0.1947395,0.7598413,-0.06840312,1.524952,-0.1754846,0.5987845,-0.1961275,0.7765251,-0.1224286,1.522349,-0.1366869,0.640961,-0.1934542,0.742795,-0.09541585,1.523651,-0.1560858,357.5161,35.58627,2.242744,0,13,False
2,Center_Head_Close,228,41.63998,-0.09551117,1.523632,-0.1561149,-0.09141891,1.202738,-0.1325518,-0.5314479,0.245989,0.2069234,0.7837316,0.1369034,0.8005755,-0.2038404,0.3325861,0.4657155,-0.1510983,0.8060179,MathCanvas,0.8889211,1.214602,1.049771,-0.09541585,1.523651,-0.1560858,0.6201027,-0.1947911,0.7599534,-0.06849184,1.524935,-0.1755044,0.5985335,-0.19606,0.7767356,-0.1225305,1.522328,-0.1367255,0.6407215,-0.1933833,0.7430202,-0.09551117,1.523632,-0.1561149,357.5123,35.56624,2.246624,0,13,False
2,Center_Head_Close,229,41.65998,-0.09565757,1.523577,-0.1561751,-0.09155622,1.202654,-0.132825,-0.5317677,0.2457974,0.207018,0.7835499,0.1359964,0.8013298,-0.2036511,0.3206823,0.4580675,-0.1582408,0.8138162,MathCanvas,0.8885528,1.214511,1.049883,-0.09560008,1.523595,-0.1561402,0.6218653,-0.1946652,0.758544,-0.06863454,1.524902,-0.175558,0.6006486,-0.1960419,0.7751057,-0.1226806,1.522252,-0.1367922,0.6427441,-0.1933019,0.7412924,-0.09565757,1.523577,-0.1561751,357.5198,35.55201,2.282897,0,13,False
2,Center_Head_Close,230,41.67999,-0.09573629,1.523559,-0.1562226,-0.09160044,1.202631,-0.1329044,-0.5318429,0.2458158,0.207074,0.7834783,0.1354165,0.8034945,-0.203857,0.3070925,0.459082,-0.1532634,0.8194195,MathCanvas,0.8913707,1.214603,1.047791,-0.09565757,1.523577,-0.1561751,0.6229045,-0.1950794,0.7575843,-0.06871416,1.524888,-0.1756065,0.6016878,-0.1966027,0.7741571,-0.1227584,1.52223,-0.1368388,0.6437345,-0.1938404,0.7402917,-0.09573629,1.523559,-0.1562226,357.5287,35.5543,2.290279,0,13,False
2,Center_Head_Close,231,41.69999,-0.09589165,1.523523,-0.1563334,-0.09164276,1.202632,-0.1329618,-0.5318552,0.2458328,0.2071237,0.7834513,0.1347379,0.8054715,-0.2041219,0.2923435,0.4577893,-0.1538831,0.8253994,MathCanvas,0.8929093,1.213938,1.04618,-0.09581456,1.523536,-0.1562849,0.6229554,-0.1952214,0.7575059,-0.06886797,1.524857,-0.1757147,0.6016352,-0.1967056,0.7741718,-0.1229153,1.522189,-0.1369521,0.6436847,-0.193934,0.7403105,-0.09589165,1.523523,-0.1563334,357.5351,35.54903,2.29956,0,13,False
2,Center_Head_Close,232,41.71999,-0.09595045,1.523536,-0.1564263,-0.09169032,1.202638,-0.1330317,-0.5318334,0.2458847,0.2071542,0.7834418,0.1341348,0.806486,-0.2036823,0.2888518,0.4540978,-0.157047,0.8280677,MathCanvas,0.892872,1.213665,1.045991,-0.09589165,1.523523,-0.1563334,0.6228905,-0.19532,0.7575338,-0.06893036,1.524866,-0.1758129,0.6017838,-0.1964777,0.7741143,-0.1229706,1.522206,-0.1370397,0.643827,-0.1937137,0.7402445,-0.09595045,1.523536,-0.1564263,357.5215,35.55982,2.292309,0,13,False
2,Center_Head_Close,233,41.73999,-0.09605086,1.52354,-0.1565329,-0.09178112,1.202678,-0.133109,-0.5319593,0.2457586,0.2071274,0.783403,0.13429,0.8039171,-0.2027607,0.3086084,0.4540406,-0.148788,0.822478,MathCanvas,0.8926682,1.213534,1.045891,-0.0959954,1.523553,-0.1564712,0.6236615,-0.2069596,0.7537997,-0.06903882,1.524862,-0.1759312,0.6025646,-0.2083025,0.7704064,-0.1230629,1.522217,-0.1371345,0.6445265,-0.205493,0.7364497,-0.09605086,1.52354,-0.1565329,357.4913,35.58375,2.27908,0,13,False
2,Center_Head_Close,234,41.75999,-0.09610955,1.523532,-0.1565989,-0.09180686,1.202702,-0.1331309,-0.5320216,0.2456767,0.2071364,0.783384,0.1343139,0.8037205,-0.2026909,0.3098205,0.4549071,-0.1459562,0.8220509,MathCanvas,0.8922789,1.195566,1.03803,-0.09605086,1.52354,-0.1565329,0.6237772,-0.206898,0.7537209,-0.0691006,1.524853,-0.1760016,0.6026879,-0.208272,0.7703181,-0.1231185,1.52221,-0.1371962,0.6446446,-0.2054635,0.7363546,-0.09610955,1.523532,-0.1565989,357.4895,35.59289,2.278177,0,13,False
2,Center_Head_Close,235,41.77998,-0.09623204,1.52352,-0.1567658,-0.09185405,1.202744,-0.1331507,-0.5320801,0.2456482,0.207173,0.7833436,0.1354047,0.8024281,-0.2027423,0.3157375,0.4612846,-0.1360807,0.8179293,MathCanvas,0.8923789,1.195664,1.037809,-0.09616996,1.523527,-0.1566569,0.6257953,-0.2067049,0.7520993,-0.06923735,1.524839,-0.1761885,0.6050676,-0.2080312,0.7685157,-0.1232267,1.522202,-0.137343,0.6469162,-0.2052026,0.7344327,-0.09623204,1.52352,-0.1567658,357.4814,35.63513,2.273226,0,13,False
2,Center_Head_Close,236,41.79998,-0.0963379,1.523589,-0.1569212,-0.09190971,1.202843,-0.1330997,-0.5320343,0.2458288,0.2072214,0.7833052,0.1362809,0.8013381,-0.203013,0.3226402,0.4639727,-0.132036,0.8143703,MathCanvas,0.8957327,1.195867,1.035407,-0.09623204,1.52352,-0.1567658,0.6262246,-0.2066172,0.751766,-0.069355,1.524897,-0.176361,0.6055679,-0.2072679,0.7683277,-0.1233208,1.52228,-0.1374814,0.6473957,-0.2044583,0.7342177,-0.0963379,1.523589,-0.1569212,357.4359,35.66985,2.255813,0,13,False
2,Center_Head_Close,237,41.81998,-0.09641681,1.523626,-0.1570264,-0.09191106,1.202878,-0.1331015,-0.5320955,0.2458186,0.2072307,0.7832644,0.1365673,0.8009351,-0.203344,0.3249847,0.465295,-0.1312766,0.8128051,MathCanvas,0.8963907,1.196047,1.034823,-0.0963379,1.523589,-0.1569212,0.6267808,-0.2056676,0.7515628,-0.06943897,1.524931,-0.1764735,0.6058626,-0.2066311,0.7682669,-0.1233946,1.522321,-0.1375793,0.6476792,-0.2038288,0.7341427,-0.09641681,1.523626,-0.1570264,357.4097,35.68437,2.249492,0,13,False
2,Center_Head_Close,238,41.83998,-0.09655653,1.523668,-0.1571902,-0.09189551,1.202913,-0.1330919,-0.532138,0.2457944,0.207216,0.783247,0.1369665,0.8005346,-0.2038082,0.3271105,0.4675699,-0.1295439,0.8109226,MathCanvas,0.897406,1.19752,1.034651,-0.0964885,1.523649,-0.1571101,0.6271295,-0.2048339,0.7514996,-0.06958647,1.524971,-0.1766483,0.6062344,-0.2058394,0.7681861,-0.1235266,1.522365,-0.1377322,0.6480371,-0.2030437,0.7340443,-0.09655653,1.523668,-0.1571902,357.3631,35.70586,2.245436,0,13,False
2,Center_Head_Close,239,41.85999,-0.09662379,1.523687,-0.1572697,-0.09189551,1.202913,-0.1330919,-0.532138,0.2457944,0.207216,0.783247,0.1371965,0.8002063,-0.2039166,0.3290109,0.4686923,-0.1275404,0.8098227,MathCanvas,0.8980404,1.198812,1.034652,-0.09655653,1.523668,-0.1571902,0.6278461,-0.1983253,0.7526462,-0.06965858,1.524987,-0.1767347,0.6069268,-0.1993522,0.7693495,-0.123589,1.522387,-0.1378048,0.6487226,-0.1965828,0.7351968,-0.09662379,1.523687,-0.1572697,357.3419,35.71974,2.241379,0,13,False
2,Center_Head_Close,240,41.87999,-0.09675965,1.52395,-0.1574082,-0.09149192,1.203775,-0.1327831,-0.5315264,0.2428382,0.2054946,0.7850358,0.1365434,0.7995231,-0.2042278,0.3349339,0.4703099,-0.1338384,0.8054286,MathCanvas,0.9000145,1.208867,1.037475,-0.09669006,1.523837,-0.157332,0.6251186,-0.2034534,0.7535473,-0.06982046,1.525227,-0.1769106,0.6043565,-0.2040957,0.7701287,-0.1236988,1.522673,-0.1379057,0.6462508,-0.2013927,0.7360713,-0.09675965,1.52395,-0.1574082,357.2511,35.79677,2.201432,0,13,False
2,Center_Head_Close,241,41.89999,-0.09683502,1.524031,-0.1574814,-0.09154057,1.203745,-0.1328052,-0.5316162,0.2429881,0.2054522,0.7849398,0.1366067,0.7991331,-0.204227,0.3374518,0.4708667,-0.1329228,0.8042029,MathCanvas,0.8946987,1.201267,1.037742,-0.09675965,1.52395,-0.1574082,0.6255105,-0.2027711,0.753406,-0.06990592,1.525312,-0.1769975,0.6047984,-0.2035152,0.7699354,-0.1237641,1.52275,-0.1379653,0.6466759,-0.2008065,0.735858,-0.09683502,1.524031,-0.1574814,357.2158,35.82434,2.208254,0,13,False
2,Center_Head_Close,242,41.91999,-0.09695866,1.524161,-0.1576016,-0.09176977,1.203608,-0.1328424,-0.532457,0.2437509,0.2056561,0.7840795,0.136567,0.7990375,-0.2040744,0.3365261,0.4712786,-0.1341803,0.8041408,MathCanvas,0.8953108,1.202408,1.037524,-0.09690155,1.524106,-0.1575478,0.6263509,-0.2015129,0.7530453,-0.07003395,1.525462,-0.1771223,0.6051543,-0.2023313,0.7699677,-0.1238834,1.522859,-0.1380808,0.6470237,-0.1995925,0.7358826,-0.09695866,1.524161,-0.1576016,357.1479,35.83091,2.244207,0,13,False
2,Center_Head_Close,243,41.93998,-0.09701558,1.524191,-0.1575854,-0.09201102,1.203679,-0.1327428,-0.5336142,0.2435609,0.2060886,0.7832379,0.1364399,0.7997732,-0.2037442,0.3317665,0.4689974,-0.1358822,0.8071607,MathCanvas,0.8968204,1.204437,1.037193,-0.09695866,1.524161,-0.1576016,0.6247055,-0.2016419,0.7543764,-0.07008238,1.525495,-0.1770943,0.6031981,-0.2027503,0.7713912,-0.1239488,1.522886,-0.1380765,0.6451555,-0.2000282,0.737403,-0.09701558,1.524191,-0.1575854,357.1334,35.80497,2.248492,0,13,False
2,Center_Head_Close,244,41.95998,-0.09708314,1.524232,-0.1575681,-0.09204253,1.203742,-0.1327003,-0.5338417,0.2434545,0.206224,0.7830802,0.1365063,0.7997276,-0.2036929,0.3318149,0.4694196,-0.1356052,0.806942,MathCanvas,0.8938539,1.204359,1.03896,-0.09701558,1.524191,-0.1575854,0.6203533,-0.2035649,0.7574452,-0.07014531,1.525527,-0.1770712,0.5988668,-0.2045834,0.7742766,-0.124021,1.522937,-0.138065,0.6410115,-0.2019252,0.7404933,-0.09708314,1.524232,-0.1575681,357.1142,35.79222,2.233067,0,13,False
2,Center_Head_Close,245,41.97998,-0.0972183,1.524265,-0.157487,-0.09201256,1.20386,-0.1326555,-0.5336916,0.2434486,0.2060325,0.7832347,0.1368194,0.7988092,-0.2035403,0.3362667,0.4714855,-0.1345494,0.8040663,MathCanvas,0.8862147,1.201569,1.043029,-0.09714098,1.524283,-0.1575834,0.6196777,-0.2068338,0.7571125,-0.07026962,1.525517,-0.1769779,0.5979043,-0.2084657,0.7739848,-0.124167,1.523013,-0.1379961,0.6400697,-0.2058665,0.7402228,-0.0972183,1.524265,-0.157487,357.1076,35.76768,2.159415,0,13,False
2,Center_Head_Close,246,41.99998,-0.09729933,1.524191,-0.157444,-0.09212027,1.203822,-0.1326471,-0.5335477,0.2437623,0.2057806,0.7833014,0.13701,0.7971355,-0.2032333,0.3477221,0.4719662,-0.1304052,0.7995823,MathCanvas,0.8844619,1.196603,1.041914,-0.0972183,1.524265,-0.157487,0.6192176,-0.2071662,0.757398,-0.07034259,1.525442,-0.1769238,0.5975271,-0.2089952,0.7741332,-0.1242561,1.52294,-0.1379641,0.6397064,-0.2063974,0.740389,-0.09729933,1.524191,-0.157444,357.1385,35.74548,2.156303,0,13,False
2,Center_Head_Close,247,42.01999,-0.09741478,1.524115,-0.1574047,-0.09224879,1.203781,-0.1326254,-0.5336252,0.2440663,0.2059264,0.7831157,0.1369031,0.7961029,-0.2030521,0.3558621,0.4714787,-0.1260318,0.7969857,MathCanvas,0.8834315,1.196077,1.04214,-0.09735782,1.52415,-0.15743,0.6192889,-0.2077655,0.7571756,-0.07045413,1.525374,-0.1768786,0.5979381,-0.2092451,0.7737484,-0.1243754,1.522857,-0.1379307,0.6400994,-0.2066253,0.7399858,-0.09741478,1.524115,-0.1574047,357.1535,35.73313,2.170083,0,13,False
2,Center_Head_Close,248,42.03999,-0.09747466,1.524105,-0.1573847,-0.09224879,1.203781,-0.1326254,-0.5336252,0.2440663,0.2059264,0.7831157,0.1369368,0.7956353,-0.2029651,0.3590315,0.4716284,-0.1247112,0.7956822,MathCanvas,0.8833048,1.195094,1.041675,-0.09741478,1.524115,-0.1574047,0.6191847,-0.2079081,0.7572216,-0.07051114,1.525361,-0.1768548,0.5977446,-0.2092572,0.7738947,-0.1244382,1.522848,-0.1379146,0.6399135,-0.2066428,0.7401415,-0.09747466,1.524105,-0.1573847,357.1558,35.7252,2.16576,0,13,False
2,Center_Head_Close,249,42.05999,-0.0974992,1.52403,-0.1572438,-0.09239525,1.203811,-0.1324616,-0.53303,0.2437039,0.2061304,0.7835801,0.1360569,0.7960807,-0.2033059,0.351454,0.4686733,-0.1355838,0.799026,MathCanvas,0.8829716,1.194893,1.041636,-0.09749376,1.524041,-0.157342,0.6207885,-0.2010181,0.7577688,-0.07055462,1.525301,-0.1767392,0.6000229,-0.2025,0.7739291,-0.1244438,1.522759,-0.1377484,0.6421192,-0.1998692,0.7400914,-0.0974992,1.52403,-0.1572438,357.2007,35.78011,2.190538,0,13,False
2,Center_Head_Close,250,42.07999,-0.09751429,1.524041,-0.1571708,-0.09243259,1.203836,-0.1323624,-0.5323652,0.2433621,0.2058543,0.7842106,0.1357689,0.7958709,-0.2033472,0.3519335,0.4684475,-0.137839,0.7985613,MathCanvas,0.8864279,1.205424,1.043792,-0.0974992,1.52403,-0.1572438,0.6213019,-0.2011848,0.7573035,-0.07056845,1.525322,-0.1766637,0.6000063,-0.2025387,0.773932,-0.1244601,1.52276,-0.1376778,0.642105,-0.199891,0.7400979,-0.09751429,1.524041,-0.1571708,357.2036,35.77468,2.208376,0,13,False
2,Center_Head_Close,251,42.09998,-0.09759748,1.524027,-0.1570541,-0.09247962,1.203812,-0.1323506,-0.5322798,0.2433272,0.205667,0.7843285,0.1355376,0.7950453,-0.2031321,0.3575999,0.4674515,-0.1389635,0.7964299,MathCanvas,0.887152,1.205195,1.043037,-0.09755719,1.524037,-0.1571187,0.6204641,-0.201111,0.7580096,-0.07064848,1.525331,-0.1765412,0.5991405,-0.2024534,0.7746247,-0.1245465,1.522724,-0.137567,0.6412817,-0.1997802,0.7408412,-0.09759748,1.524027,-0.1570541,357.205,35.7614,2.247808,0,13,False
2,Center_Head_Close,252,42.11998,-0.0976354,1.524021,-0.1569899,-0.09247962,1.203812,-0.1323506,-0.5322798,0.2433272,0.205667,0.7843285,0.1355376,0.7950453,-0.2031321,0.3575999,0.4674515,-0.1389635,0.7964299,MathCanvas,0.8856371,1.205332,1.044146,-0.09759748,1.524027,-0.1570541,0.6204417,-0.2011171,0.7580264,-0.07068649,1.525331,-0.1764767,0.5991619,-0.2025216,0.7745902,-0.1245843,1.52271,-0.1375031,0.641303,-0.1998374,0.7408073,-0.0976354,1.524021,-0.1569899,357.2094,35.76064,2.259368,0,13,False
2,Center_Head_Close,253,42.13998,-0.09776066,1.524001,-0.1568069,-0.09266608,1.203688,-0.1323588,-0.5325179,0.2437521,0.2056704,0.7840341,0.1352451,0.7906492,-0.2022992,0.3892681,0.4617918,-0.1359618,0.7853236,MathCanvas,0.8855145,1.205331,1.044176,-0.0976354,1.524021,-0.1569899,0.6188684,-0.2014123,0.7592332,-0.07077608,1.525307,-0.1762445,0.5960876,-0.2027842,0.7768901,-0.1247452,1.522696,-0.1373692,0.6383626,-0.2001292,0.743264,-0.09776066,1.524001,-0.1568069,357.2115,35.65657,2.25098,0,13,False
2,Center_Head_Close,254,42.15998,-0.09792382,1.523863,-0.1565932,-0.09275626,1.203617,-0.1323178,-0.5323681,0.2436038,0.2057558,0.7841594,0.1351587,0.7861726,-0.2025421,0.4146019,0.4594566,-0.1440588,0.7721736,MathCanvas,0.8826815,1.204914,1.046008,-0.09784669,1.523948,-0.1566892,0.6165352,-0.2056317,0.76,-0.07091343,1.52518,-0.1759942,0.5946558,-0.2076621,0.7766987,-0.1249342,1.522545,-0.1371922,0.6369764,-0.2049745,0.7431329,-0.09792382,1.523863,-0.1565932,357.2833,35.58114,2.271729,0,13,False
2,Center_Head_Close,255,42.17999,-0.0979923,1.523824,-0.1564923,-0.09275626,1.203617,-0.1323178,-0.5323681,0.2436038,0.2057558,0.7841594,0.1350541,0.7848124,-0.2024913,0.4229069,0.4581399,-0.1454446,0.768182,MathCanvas,0.8780024,1.198364,1.046426,-0.09792382,1.523863,-0.1565932,0.6187891,-0.206143,0.7580271,-0.07097173,1.525146,-0.1758788,0.597039,-0.2078717,0.7748121,-0.1250129,1.522501,-0.1371059,0.6392528,-0.2051362,0.7411309,-0.0979923,1.523824,-0.1564923,357.305,35.55101,2.280445,0,13,False
2,Center_Head_Close,256,42.19999,-0.09816164,1.523618,-0.1563064,-0.09284137,1.203437,-0.1322812,-0.5319085,0.2440797,0.2057759,0.7843181,0.1339182,0.7864611,-0.2034522,0.4097534,0.4579577,-0.1440009,0.775655,MathCanvas,0.8815671,1.197494,1.043484,-0.09808178,1.523684,-0.1564078,0.6176877,-0.2076279,0.75852,-0.07111201,1.524971,-0.1756502,0.5958924,-0.2088747,0.7754248,-0.1252113,1.522266,-0.1369626,0.6381567,-0.2060883,0.7418111,-0.09816164,1.523618,-0.1563064,357.3657,35.46224,2.331262,0,13,False
2,Center_Head_Close,257,42.21999,-0.09820971,1.523629,-0.1562002,-0.09289439,1.203398,-0.1323058,-0.5319895,0.2442157,0.2058458,0.7842024,0.1335265,0.7879861,-0.2039668,0.3968218,0.4583475,-0.1493231,0.7811227,MathCanvas,0.8793145,1.195052,1.044033,-0.09816164,1.523618,-0.1563064,0.6172538,-0.2074817,0.7589131,-0.0711517,1.524974,-0.1755329,0.595541,-0.2087207,0.7757361,-0.1252677,1.522285,-0.1368675,0.6378197,-0.2059479,0.7421398,-0.09820971,1.523629,-0.1562002,357.3561,35.43847,2.31743,0,13,False
2,Center_Head_Close,258,42.23999,-0.09832489,1.523572,-0.1560038,-0.09291129,1.203388,-0.1323136,-0.5320362,0.2442266,0.2058696,0.784161,0.1332463,0.7883262,-0.2042405,0.3931945,0.4579206,-0.1522086,0.782649,MathCanvas,0.8785708,1.195298,1.044751,-0.09827116,1.52359,-0.1561042,0.6200871,-0.2056555,0.7570983,-0.07124537,1.524919,-0.1753062,0.598359,-0.2069852,0.7740307,-0.1254044,1.522225,-0.1367014,0.6405168,-0.2041643,0.7403075,-0.09832489,1.523572,-0.1560038,357.3648,35.37462,2.321535,0,13,False
2,Center_Head_Close,259,42.25999,-0.09825304,1.523733,-0.1559422,-0.09315727,1.203298,-0.1322323,-0.5324028,0.2440806,0.2057996,0.7839761,0.1340256,0.789413,-0.2035127,0.3924761,0.4587102,-0.1447514,0.7839608,MathCanvas,0.8833473,1.197995,1.042573,-0.09832489,1.523572,-0.1560038,0.6196679,-0.205575,0.7574633,-0.07117607,1.525061,-0.1752494,0.5984241,-0.2066408,0.7740725,-0.12533,1.522405,-0.1366349,0.6405775,-0.2038513,0.7403412,-0.09825304,1.523733,-0.1559422,357.3434,35.38464,2.289242,0,13,False
2,Center_Head_Close,260,42.27998,-0.09824576,1.523735,-0.1558761,-0.0932138,1.203281,-0.1321817,-0.5323329,0.2441242,0.2056105,0.7840596,0.1342258,0.7903987,-0.2032373,0.3882236,0.4589935,-0.1432116,0.7861921,MathCanvas,0.8827727,1.198277,1.043234,-0.09825304,1.523733,-0.1559422,0.6225804,-0.2039625,0.7555084,-0.07116427,1.525064,-0.1751769,0.6011449,-0.2055033,0.772265,-0.1253273,1.522407,-0.1365753,0.6431788,-0.2026778,0.7384055,-0.09824576,1.523735,-0.1558761,357.3509,35.3714,2.289973,0,13,False
2,Center_Head_Close,261,42.29998,-0.09824715,1.523728,-0.1557571,-0.09324236,1.203273,-0.132143,-0.5322517,0.2441239,0.2054712,0.7841514,0.1343642,0.7912152,-0.2029885,0.3842173,0.4589425,-0.1427488,0.7882714,MathCanvas,0.8878366,1.200687,1.040746,-0.09823555,1.523727,-0.1558308,0.6222733,-0.2055839,0.7553219,-0.07116225,1.525047,-0.1750538,0.6008318,-0.2071736,0.7720623,-0.125332,1.522409,-0.1364603,0.6428717,-0.204358,0.7382099,-0.09824715,1.523728,-0.1557571,357.3828,35.36427,2.273235,0,13,False
2,Center_Head_Close,262,42.31998,-0.0981896,1.523682,-0.1557676,-0.09332537,1.20325,-0.1320554,-0.532102,0.2438477,0.205237,0.7844001,0.1344391,0.7919302,-0.2022774,0.38146,0.4578651,-0.1394368,0.7908257,MathCanvas,0.8870834,1.198199,1.040247,-0.09824715,1.523728,-0.1557571,0.6220828,-0.205766,0.7554293,-0.07111114,1.525008,-0.175073,0.6010818,-0.2075289,0.7717723,-0.1252681,1.522357,-0.1364623,0.6431105,-0.2047011,0.7379066,-0.0981896,1.523682,-0.1557676,357.4041,35.38304,2.285049,0,13,False
2,Center_Head_Close,263,42.33998,-0.09812648,1.523552,-0.1557683,-0.09349768,1.203238,-0.1319308,-0.5320952,0.2430967,0.2050071,0.7846979,0.1336988,0.7910421,-0.2011922,0.3892664,0.4551494,-0.1296425,0.7902554,MathCanvas,0.8868526,1.19786,1.040423,-0.09814483,1.523615,-0.1557736,0.6228321,-0.2095945,0.7537575,-0.07106581,1.524874,-0.1750988,0.6019624,-0.2113167,0.7700562,-0.1251871,1.522231,-0.1364378,0.6439365,-0.208475,0.7361277,-0.09812648,1.523552,-0.1557683,357.4431,35.43803,2.278414,0,13,False
2,Center_Head_Close,264,42.35999,-0.09810072,1.523511,-0.1557577,-0.09351378,1.203248,-0.1319377,-0.5321789,0.2429988,0.2050056,0.7846719,0.1331819,0.7912207,-0.2008987,0.388077,0.4532869,-0.1297747,0.7918875,MathCanvas,0.8876529,1.19182,1.037232,-0.09812648,1.523552,-0.1557683,0.6241022,-0.2098561,0.7526333,-0.07104199,1.524825,-0.1750914,0.6029049,-0.2118085,0.7691832,-0.1251595,1.522196,-0.136424,0.6448323,-0.2089684,0.735203,-0.09810072,1.523511,-0.1557577,357.4735,35.44619,2.266008,0,13,False
2,Center_Head_Close,265,42.37999,-0.09807421,1.523423,-0.1557481,-0.09358073,1.203245,-0.1319801,-0.5325138,0.2426851,0.2050795,0.7845224,0.132609,0.7915937,-0.2006884,0.3851759,0.4503935,-0.1340476,0.7942396,MathCanvas,0.889824,1.191318,1.035626,-0.09808421,1.523462,-0.1557449,0.6241632,-0.2107306,0.7523383,-0.07101669,1.524716,-0.175085,0.6028072,-0.212659,0.7690251,-0.1251317,1.52213,-0.1364112,0.6447328,-0.2098463,0.7350403,-0.09807421,1.523423,-0.1557481,357.5229,35.45544,2.228303,0,13,False
2,Center_Head_Close,266,42.39999,-0.09807178,1.52338,-0.1557568,-0.09365113,1.203212,-0.132009,-0.5328088,0.2425716,0.2051489,0.7843391,0.1326205,0.7919427,-0.2012451,0.3816839,0.4493159,-0.1417824,0.7951921,MathCanvas,0.8898488,1.189879,1.03505,-0.09807421,1.523423,-0.1557481,0.6240019,-0.2112529,0.7523256,-0.07101401,1.524658,-0.1750943,0.6027297,-0.2127836,0.7690514,-0.1251296,1.522101,-0.1364193,0.6446559,-0.209994,0.7350656,-0.09807178,1.52338,-0.1557568,357.5291,35.45734,2.203374,0,13,False
2,Center_Head_Close,267,42.41999,-0.09805999,1.523367,-0.1557608,-0.0936569,1.203227,-0.131996,-0.532835,0.2426007,0.2051552,0.7843106,0.1326934,0.7922295,-0.2015402,0.3799777,0.4493779,-0.1433218,0.795698,MathCanvas,0.8895873,1.189013,1.035011,-0.09807178,1.52338,-0.1557568,0.6239249,-0.211389,0.7523513,-0.07100151,1.524639,-0.1750977,0.6026667,-0.2128916,0.7690709,-0.1251185,1.522095,-0.1364239,0.6445941,-0.2101121,0.7350861,-0.09805999,1.523367,-0.1557608,357.5349,35.45657,2.192192,0,13,False
2,Center_Head_Close,268,42.43998,-0.09803797,1.523337,-0.1557434,-0.09365878,1.203238,-0.1319897,-0.5328259,0.2426263,0.2051487,0.7843106,0.1326118,0.7925496,-0.2016197,0.3782972,0.4487298,-0.1443414,0.7966796,MathCanvas,0.8894847,1.188781,1.035056,-0.0980523,1.523346,-0.155751,0.6120809,-0.2238153,0.7584615,-0.07097974,1.524599,-0.1750814,0.5905471,-0.2253485,0.7749014,-0.1250962,1.522076,-0.1364055,0.6329662,-0.2227089,0.7414544,-0.09803797,1.523337,-0.1557434,357.5522,35.45963,2.174742,0,13,False
2,Center_Head_Close,269,42.45998,-0.09803137,1.523454,-0.1557255,-0.09366328,1.203264,-0.1319204,-0.5327832,0.2426652,0.2050506,0.7843532,0.1327501,0.7936001,-0.2018788,0.3721853,0.4496047,-0.1450878,0.7989264,MathCanvas,0.868374,1.169956,1.041788,-0.09803797,1.523337,-0.1557434,0.6119858,-0.2240289,0.7584751,-0.07097185,1.524722,-0.1750612,0.5905966,-0.2246204,0.7750751,-0.1250909,1.522186,-0.1363897,0.6330176,-0.2219729,0.7416313,-0.09803137,1.523454,-0.1557255,357.5098,35.45318,2.185277,0,13,False
2,Center_Head_Close,270,42.47998,-0.09797824,1.523572,-0.1556995,-0.09368193,1.203298,-0.1318359,-0.5330632,0.2423064,0.2049182,0.7843085,0.1330636,0.7939618,-0.202014,0.3706881,0.4512962,-0.1457026,0.7985567,MathCanvas,0.8682663,1.169722,1.041872,-0.09800971,1.523519,-0.1557073,0.5450159,-0.3606092,0.7569139,-0.07091855,1.524848,-0.1750344,0.5228212,-0.3612095,0.7721305,-0.1250379,1.522297,-0.1363645,0.5671483,-0.3593324,0.7410958,-0.09797824,1.523572,-0.1556995,357.4778,35.45014,2.198673,0,13,False
2,Center_Head_Close,271,42.49998,-0.09795743,1.5236,-0.1556898,-0.09367885,1.203313,-0.1318177,-0.5330738,0.2422523,0.2048887,0.7843257,0.1330488,0.7938347,-0.2019708,0.3715703,0.4513309,-0.1447176,0.7983062,MathCanvas,0.7548891,0.9592734,1.028756,-0.09797824,1.523572,-0.1556995,0.5451154,-0.3603918,0.7569458,-0.07089775,1.524873,-0.1750249,0.5227315,-0.3612047,0.7721936,-0.1250171,1.522328,-0.1363546,0.5670602,-0.3593388,0.7411602,-0.09795743,1.5236,-0.1556898,357.4704,35.45037,2.193667,0,13,False
2,Center_Head_Close,272,42.51999,-0.0979054,1.523556,-0.1557258,-0.09359329,1.203362,-0.1317018,-0.5327956,0.2418758,0.2047216,0.7846745,0.1325738,0.7941132,-0.2016188,0.369939,0.4500783,-0.1417373,0.8003032,MathCanvas,0.7550809,0.9596316,1.028837,-0.09793942,1.523625,-0.1556808,0.5452406,-0.3601898,0.7569518,-0.07085069,1.524828,-0.1750681,0.5228882,-0.3614704,0.7719631,-0.1249601,1.522285,-0.1363836,0.5672084,-0.359604,0.740918,-0.0979054,1.523556,-0.1557258,357.4865,35.46603,2.190902,0,13,False
2,Center_Head_Close,273,42.53999,-0.09786792,1.523454,-0.1557348,-0.09348644,1.203347,-0.1316918,-0.5326866,0.2418256,0.204641,0.784785,0.1324503,0.7945005,-0.2015808,0.3673726,0.4488797,-0.1442629,0.801706,MathCanvas,0.7553278,0.9599046,1.028809,-0.0979054,1.523556,-0.1557258,0.5497598,-0.3603427,0.7536029,-0.07081363,1.524714,-0.1750784,0.5272543,-0.3620176,0.7687303,-0.1249222,1.522194,-0.1363913,0.5714125,-0.3600619,0.7374572,-0.09786792,1.523454,-0.1557348,357.5291,35.47071,2.171669,0,13,False
2,Center_Head_Close,274,42.55999,-0.09779251,1.523433,-0.1557108,-0.093469,1.203368,-0.1316936,-0.5328045,0.2418398,0.2046652,0.7846942,0.1325155,0.7942681,-0.2016954,0.3687473,0.4491841,-0.1438851,0.8009719,MathCanvas,0.7624674,0.9595428,1.023601,-0.09782834,1.52344,-0.1557217,0.5511473,-0.352417,0.7563325,-0.07073934,1.524684,-0.1750566,0.5288349,-0.3536218,0.7715472,-0.1248457,1.522182,-0.1363651,0.5729922,-0.3516795,0.7402712,-0.09779251,1.523433,-0.1557108,357.5547,35.47657,2.155398,0,13,False
2,Center_Head_Close,275,42.57999,-0.09771547,1.523428,-0.1556811,-0.09344311,1.203385,-0.1317079,-0.5329226,0.2419568,0.2047266,0.784562,0.1324396,0.7939334,-0.2017264,0.3709659,0.4492967,-0.1417804,0.8002595,MathCanvas,0.7645705,0.972017,1.027699,-0.09779251,1.523433,-0.1557108,0.5511357,-0.3526509,0.756232,-0.07066413,1.524675,-0.1750296,0.5288824,-0.3536314,0.7715104,-0.1247668,1.522181,-0.1363326,0.5730366,-0.3516942,0.7402298,-0.09771547,1.523428,-0.1556811,357.5554,35.48255,2.149892,0,13,False
2,Center_Head_Close,276,42.59998,-0.09767321,1.523419,-0.1556672,-0.09344311,1.203385,-0.1317079,-0.5329226,0.2419568,0.2047266,0.784562,0.1324396,0.7939334,-0.2017264,0.3709659,0.4492967,-0.1417804,0.8002595,MathCanvas,0.7646188,0.971653,1.027557,-0.09771547,1.523428,-0.1556811,0.5470585,-0.3528391,0.7590992,-0.07062299,1.524662,-0.1750176,0.5246749,-0.3538963,0.7742569,-0.1247234,1.522175,-0.1363169,0.5689756,-0.3520623,0.7431816,-0.09767321,1.523419,-0.1556672,357.5639,35.48683,2.143005,0,13,False
2,Center_Head_Close,277,42.61998,-0.09753241,1.523307,-0.1556829,-0.09345868,1.2033,-0.1317713,-0.5329529,0.2421163,0.20497,0.7844286,0.1321985,0.7955526,-0.2021499,0.3612607,0.4493362,-0.143844,0.8042988,MathCanvas,0.7582449,0.9713728,1.032006,-0.09759314,1.523344,-0.1556886,0.5472899,-0.3536574,0.7585514,-0.07049224,1.524548,-0.1750474,0.5248671,-0.3549132,0.7736608,-0.1245726,1.522066,-0.1363184,0.5691517,-0.3530832,0.7425622,-0.09753241,1.523307,-0.1556829,357.6263,35.51927,2.139163,0,13,False
2,Center_Head_Close,278,42.63998,-0.09747902,1.523291,-0.1556696,-0.09345868,1.2033,-0.1317713,-0.5329529,0.2421163,0.20497,0.7844286,0.1321985,0.7955526,-0.2021499,0.3612607,0.4493362,-0.143844,0.8042988,MathCanvas,0.7587173,0.9700003,1.031091,-0.09753241,1.523307,-0.1556829,0.5416313,-0.3575507,0.7607845,-0.07044142,1.52453,-0.1750379,0.519206,-0.3587036,0.7757299,-0.1245166,1.522053,-0.1363013,0.5636608,-0.3569976,0.7448752,-0.09747902,1.523291,-0.1556696,357.6448,35.52805,2.134221,0,13,False
2,Center_Head_Close,279,42.65998,-0.09733766,1.523293,-0.155599,-0.09331293,1.203363,-0.1317309,-0.5329057,0.2419708,0.2047525,0.7845624,0.1317009,0.8004233,-0.2027094,0.3343682,0.4453816,-0.1519215,0.8165494,MathCanvas,0.7499642,0.9638629,1.034664,-0.09739657,1.523289,-0.1556385,0.5421127,-0.3578898,0.760282,-0.07031164,1.524536,-0.1749831,0.5196567,-0.3589687,0.7753054,-0.1243637,1.522049,-0.1362149,0.564093,-0.3572548,0.7444247,-0.09733766,1.523293,-0.155599,357.6608,35.56207,2.142801,0,13,False
2,Center_Head_Close,280,42.67999,-0.09726899,1.523282,-0.1555562,-0.09327735,1.203387,-0.1317242,-0.532829,0.242011,0.2046872,0.7846192,0.1313331,0.800735,-0.2021532,0.3351234,0.4411756,-0.1499776,0.8188792,MathCanvas,0.7508112,0.9633652,1.033881,-0.09733766,1.523293,-0.155599,0.4555587,-0.4032928,0.7936128,-0.07024594,1.52452,-0.1749447,0.4320988,-0.4032582,0.8066433,-0.124292,1.522044,-0.1361676,0.4787112,-0.4035896,0.7797122,-0.09726899,1.523282,-0.1555562,357.6699,35.57199,2.134098,0,13,False
2,Center_Head_Close,281,42.69999,-0.09712926,1.523247,-0.1554873,-0.0932536,1.203409,-0.1317201,-0.5327653,0.2420475,0.2046672,0.7846563,0.1308852,0.8019711,-0.2018169,0.330422,0.4369588,-0.1489604,0.8232248,MathCanvas,0.619889,0.8884028,1.09378,-0.0971915,1.523256,-0.1555194,0.4556552,-0.403757,0.7933213,-0.07011312,1.524481,-0.1748858,0.4322183,-0.4038167,0.8062998,-0.1241454,1.522013,-0.1360888,0.4788199,-0.4041585,0.7793506,-0.09712926,1.523247,-0.1554873,357.7062,35.59448,2.126389,0,13,False
2,Center_Head_Close,282,42.71999,-0.09698775,1.52321,-0.1554192,-0.09323552,1.203418,-0.1317212,-0.532702,0.2421584,0.2047786,0.784636,0.1296133,0.8016033,-0.2007247,0.3394903,0.4301989,-0.1335981,0.825728,MathCanvas,0.6201448,0.8876689,1.093328,-0.09712926,1.523247,-0.1554873,0.4557184,-0.4039876,0.7931676,-0.06997252,1.524451,-0.1748185,0.4323281,-0.4038029,0.8062479,-0.124003,1.521969,-0.1360199,0.478929,-0.4041326,0.7792971,-0.09698775,1.52321,-0.1554192,357.7037,35.59588,2.139059,0,13,False
2,Center_Head_Close,283,42.73999,-0.09690714,1.523207,-0.1553518,-0.09320759,1.203391,-0.1317386,-0.5326787,0.2422819,0.204919,0.7845771,0.1284383,0.8021141,-0.2006426,0.339326,0.4250195,-0.1244729,0.8298932,MathCanvas,0.6203715,0.8872814,1.093129,-0.09698775,1.52321,-0.1554192,0.4552376,-0.4039635,0.7934559,-0.06989316,1.524455,-0.1747524,0.4317958,-0.4039879,0.8064404,-0.1239211,1.52196,-0.1359512,0.4784085,-0.4043236,0.7795177,-0.09690714,1.523207,-0.1553518,357.7147,35.59902,2.149512,0,13,False
2,Center_Head_Close,284,42.75998,-0.09678902,1.523122,-0.1552469,-0.09315639,1.203395,-0.1317769,-0.5326151,0.2423721,0.2049173,0.7845927,0.1274196,0.8028162,-0.201327,0.3362563,0.422704,-0.1224356,0.8326239,MathCanvas,0.6197137,0.8873004,1.093682,-0.09684636,1.523164,-0.1552922,0.4546891,-0.4011353,0.7952033,-0.06978055,1.524349,-0.1746565,0.431164,-0.4015276,0.8080057,-0.1237975,1.521895,-0.1358373,0.4777982,-0.4019117,0.7811375,-0.09678902,1.523122,-0.1552469,357.7863,35.6211,2.114985,0,13,False
2,Center_Head_Close,285,42.77998,-0.09672323,1.523098,-0.1551975,-0.09315639,1.203395,-0.1317769,-0.5326151,0.2423721,0.2049173,0.7845927,0.1269293,0.8032925,-0.201321,0.3349236,0.4203643,-0.1199784,0.8347006,MathCanvas,0.6188703,0.8917538,1.096366,-0.09678902,1.523122,-0.1552469,0.4546796,-0.4017197,0.7949137,-0.06971762,1.52432,-0.1746114,0.4311568,-0.4019036,0.8078225,-0.1237288,1.521875,-0.1357837,0.4777865,-0.4022973,0.7809462,-0.09672323,1.523098,-0.1551975,357.811,35.6311,2.107442,0,13,False
2,Center_Head_Close,286,42.79998,-0.0965975,1.522993,-0.1550779,-0.09305792,1.203365,-0.1318444,-0.5320884,0.2429734,0.2049478,0.7847562,0.1250923,0.8005918,-0.2008004,0.3506141,0.4124952,-0.1110805,0.8334138,MathCanvas,0.6189721,0.8907644,1.096049,-0.09665714,1.523046,-0.1551505,0.4547827,-0.4028137,0.7943008,-0.06960116,1.524231,-0.1745037,0.4314565,-0.4028843,0.8071738,-0.1235938,1.521756,-0.1356521,0.4780725,-0.4032602,0.7802743,-0.0965975,1.522993,-0.1550779,357.8697,35.65844,2.132168,0,13,False
2,Center_Head_Close,287,42.81998,-0.09654762,1.522951,-0.1550093,-0.09304908,1.203382,-0.1318944,-0.5320307,0.243063,0.2050088,0.7847517,0.1246477,0.7996344,-0.2007527,0.3564512,0.4119628,-0.1044358,0.8320591,MathCanvas,0.6192362,0.8889592,1.095162,-0.0965975,1.522993,-0.1550779,0.450551,-0.3966604,0.7997901,-0.06955606,1.52419,-0.1744417,0.4270757,-0.3969281,0.8124374,-0.1235392,1.521713,-0.1355769,0.4738216,-0.3974109,0.7858484,-0.09654762,1.522951,-0.1550093,357.9014,35.67357,2.133953,0,13,False
2,Center_Head_Close,288,42.83998,-0.09646504,1.522871,-0.154864,-0.09305461,1.203388,-0.1319921,-0.5321028,0.2430337,0.2050989,0.7846882,0.1244665,0.7988187,-0.2008908,0.3587487,0.4128846,-0.1014217,0.830987,MathCanvas,0.6128139,0.8984367,1.104205,-0.09648752,1.52291,-0.1549508,0.4507213,-0.3976049,0.799225,-0.0694806,1.524116,-0.1743058,0.4272766,-0.3976411,0.8119829,-0.1234495,1.521626,-0.1354222,0.4740121,-0.3981175,0.7853757,-0.09646504,1.522871,-0.154864,357.9448,35.69513,2.145433,0,13,False
2,Center_Head_Close,289,42.85999,-0.09644146,1.522858,-0.1547844,-0.09303369,1.203375,-0.132053,-0.5321192,0.2430279,0.205151,0.7846654,0.1250113,0.7990554,-0.2010357,0.3545252,0.4151143,-0.106949,0.8309957,MathCanvas,0.613135,0.8968955,1.103408,-0.09646504,1.522871,-0.154864,0.4508406,-0.3978792,0.7990212,-0.06945263,1.524117,-0.1742192,0.4271814,-0.3978296,0.8119407,-0.1234303,1.521599,-0.1353496,0.4739234,-0.3982843,0.7853447,-0.09644146,1.522858,-0.1547844,357.9533,35.68036,2.169649,0,13,False
2,Center_Head_Close,290,42.87999,-0.09642081,1.522841,-0.1545942,-0.09300303,1.203337,-0.1321122,-0.5319545,0.2430177,0.2051482,0.7847809,0.127162,0.7995662,-0.2018338,0.3470441,0.4285988,-0.1105416,0.8268277,MathCanvas,0.6133968,0.8964065,1.103256,-0.09643383,1.522857,-0.1546797,0.4499991,-0.3987544,0.7990593,-0.0694135,1.524116,-0.1740023,0.4259835,-0.3987157,0.8121353,-0.1234281,1.521566,-0.1351861,0.4727588,-0.3991588,0.7856026,-0.09642081,1.522841,-0.1545942,357.9573,35.62355,2.197516,0,13,False
2,Center_Head_Close,291,42.89999,-0.0963976,1.52282,-0.154508,-0.09300303,1.203337,-0.1321122,-0.5319545,0.2430177,0.2051482,0.7847809,0.1273753,0.7995044,-0.2019828,0.3463854,0.4304806,-0.1101285,0.8261812,MathCanvas,0.6121575,0.8949535,1.103622,-0.09642081,1.522841,-0.1545942,0.449567,-0.3989372,0.7992113,-0.06938624,1.524102,-0.17391,0.425829,-0.3989229,0.8121147,-0.123409,1.521538,-0.135106,0.4726097,-0.3993567,0.7855917,-0.0963976,1.52282,-0.154508,357.9689,35.61104,2.20877,0,13,False
2,Center_Head_Close,292,42.91998,-0.09641569,1.522792,-0.1544035,-0.09299354,1.203301,-0.1321154,-0.5318782,0.2428854,0.2050665,0.7848949,0.1290611,0.7986569,-0.2026955,0.3510609,0.4376783,-0.1090794,0.8205459,MathCanvas,0.6115939,0.8945618,1.104114,-0.0963976,1.52282,-0.154508,0.449415,-0.3991398,0.7991956,-0.06938866,1.524067,-0.1737841,0.4250675,-0.3991098,0.8124217,-0.1234427,1.521517,-0.1350229,0.471869,-0.399556,0.7859355,-0.09641569,1.522792,-0.1544035,357.9823,35.56629,2.197003,0,13,False
2,Center_Head_Close,293,42.93998,-0.0964462,1.522689,-0.1542303,-0.09294692,1.203236,-0.1320841,-0.5313858,0.2425053,0.2047632,0.7854249,0.1308196,0.7975376,-0.2040745,0.3568178,0.4440553,-0.110402,0.8144368,MathCanvas,0.6113642,0.8941901,1.104243,-0.09643722,1.522754,-0.1543053,0.4515045,-0.4019416,0.7966095,-0.06940363,1.523984,-0.1735879,0.4276926,-0.4022668,0.8094816,-0.1234888,1.521394,-0.1348726,0.4744312,-0.4026078,0.7828295,-0.0964462,1.522689,-0.1542303,358.0276,35.51911,2.230511,0,13,False
2,Center_Head_Close,294,42.95998,-0.09644585,1.522627,-0.1541645,-0.09294128,1.203237,-0.1320774,-0.5313137,0.2424463,0.2047491,0.7854957,0.1313259,0.7973286,-0.2046305,0.3567851,0.4459472,-0.1143359,0.8128732,MathCanvas,0.6145117,0.8897748,1.100145,-0.0964462,1.522689,-0.1542303,0.4520257,-0.4001423,0.7972195,-0.06940047,1.523925,-0.173518,0.428279,-0.4004118,0.8100911,-0.1234912,1.521329,-0.134811,0.4750186,-0.4007294,0.7834369,-0.09644585,1.522627,-0.1541645,358.0539,35.51128,2.23626,0,13,False
2,Center_Head_Close,295,42.97998,-0.09644561,1.522515,-0.1540298,-0.09293026,1.203239,-0.1320693,-0.5311819,0.2423703,0.2047992,0.7855951,0.1323168,0.7967239,-0.2055585,0.3581225,0.4494782,-0.1204518,0.8094499,MathCanvas,0.6152871,0.8925864,1.10109,-0.09644572,1.522566,-0.1540976,0.4516813,-0.4008485,0.7970598,-0.06939209,1.523833,-0.1733706,0.4279897,-0.4010133,0.8099464,-0.1234991,1.521197,-0.134689,0.4747409,-0.4013021,0.783312,-0.09644561,1.522515,-0.1540298,358.0872,35.48545,2.270537,0,13,False
2,Center_Head_Close,296,42.99998,-0.09641898,1.522503,-0.1539966,-0.09296716,1.203178,-0.132158,-0.5312732,0.2423039,0.2050145,0.7854977,0.1320859,0.7933304,-0.2056168,0.3775814,0.4461367,-0.1268489,0.8014385,MathCanvas,0.6147684,0.8913417,1.101015,-0.09644561,1.522515,-0.1540298,0.4519275,-0.3979496,0.7983719,-0.06937656,1.523795,-0.1733547,0.4286126,-0.3976582,0.8112701,-0.1234614,1.521211,-0.1346386,0.4753588,-0.397977,0.7846325,-0.09641898,1.522503,-0.1539966,358.0836,35.52211,2.226217,0,13,False
2,Center_Head_Close,297,43.01999,-0.09638816,1.522472,-0.1538998,-0.09295586,1.203145,-0.1322006,-0.5314372,0.2423938,0.2051348,0.7853277,0.1321617,0.7897628,-0.2060833,0.397891,0.447566,-0.1254535,0.790967,MathCanvas,0.6151311,0.8959403,1.103023,-0.09639521,1.522491,-0.1539523,0.4530186,-0.3960153,0.7987152,-0.06935298,1.523758,-0.1732683,0.4295295,-0.3959798,0.8116061,-0.1234233,1.521186,-0.1345312,0.4762613,-0.3962909,0.7849386,-0.09638816,1.522472,-0.1538998,358.0925,35.54477,2.215935,0,13,False
2,Center_Head_Close,298,43.03999,-0.09637792,1.522438,-0.1538517,-0.09295586,1.203145,-0.1322006,-0.5314372,0.2423938,0.2051348,0.7853277,0.1324583,0.7886228,-0.2064115,0.4038266,0.448741,-0.1266475,0.7870935,MathCanvas,0.6167261,0.8990884,1.103389,-0.09638816,1.522472,-0.1538998,0.4530917,-0.3961354,0.7986142,-0.06934324,1.523724,-0.173221,0.4295554,-0.3959609,0.8116015,-0.1234126,1.521152,-0.1344825,0.4762867,-0.3962718,0.7849329,-0.09637792,1.522438,-0.1538517,358.0912,35.54619,2.216095,0,13,False
2,Center_Head_Close,299,43.05999,-0.09635586,1.522431,-0.1538715,-0.09290294,1.203144,-0.1321881,-0.5314699,0.242518,0.2051529,0.7852624,0.1316219,0.7897528,-0.206562,0.3944926,0.4480586,-0.1220507,0.7929204,MathCanvas,0.6168859,0.8988356,1.103339,-0.09637792,1.522438,-0.1538517,0.4849744,-0.3326366,0.8087971,-0.06932463,1.523742,-0.1732439,0.4619057,-0.333086,0.8220079,-0.1233871,1.521119,-0.1344992,0.5082375,-0.3325678,0.7944138,-0.09635586,1.522431,-0.1538715,358.0994,35.5529,2.259661,0,13,False
2,Center_Head_Close,300,43.07999,-0.09635857,1.522517,-0.1538821,-0.09279737,1.203085,-0.1320497,-0.5314243,0.2424767,0.2052286,0.7852862,0.1307767,0.7931864,-0.205659,0.3749354,0.4436987,-0.1227431,0.8046671,MathCanvas,0.6644522,1.000604,1.114936,-0.09635805,1.522446,-0.1538996,0.5729061,-0.1774855,0.8001734,-0.0693303,1.523831,-0.1732583,0.5507365,-0.1781424,0.8154474,-0.1233868,1.521202,-0.1345058,0.5949404,-0.1760759,0.784247,-0.09635857,1.522517,-0.1538821,358.0775,35.56036,2.264297,0,13,False
2,Center_Head_Close,301,43.09998,-0.09635242,1.522557,-0.1538559,-0.09276737,1.203091,-0.1320171,-0.531449,0.242449,0.2052761,0.7852656,0.1308036,0.7931945,-0.2055981,0.3752582,0.4436689,-0.1225681,0.8045596,MathCanvas,0.8130146,1.240794,1.116232,-0.09635857,1.522517,-0.1538821,0.5729966,-0.1769866,0.8002192,-0.06932485,1.523868,-0.1732333,0.5507219,-0.177759,0.815541,-0.12338,1.521245,-0.1344784,0.594927,-0.1756993,0.7843416,-0.09635242,1.522557,-0.1538559,358.0625,35.56219,2.260302,0,13,False
2,Center_Head_Close,302,43.11998,-0.09629639,1.522788,-0.1537608,-0.09264894,1.203105,-0.1319173,-0.5317526,0.2424657,0.2054726,0.7850036,0.1308902,0.7932735,-0.2052589,0.376164,0.4429694,-0.1219391,0.8046177,MathCanvas,0.8133015,1.241584,1.116523,-0.09634247,1.522585,-0.1538289,0.5730904,-0.1765563,0.8002471,-0.06925803,1.524094,-0.1731235,0.5504689,-0.1756353,0.8161716,-0.1233348,1.521481,-0.134398,0.594689,-0.1735803,0.7849936,-0.09629639,1.522788,-0.1537608,357.9318,35.52597,2.251174,0,13,False
2,Center_Head_Close,303,43.13998,-0.09625587,1.522828,-0.1536918,-0.09250734,1.203139,-0.1318184,-0.5319853,0.2425364,0.205549,0.784804,0.1309251,0.7934369,-0.2047358,0.3752077,0.4388222,-0.1252732,0.8068215,MathCanvas,0.8135863,1.242473,1.116774,-0.09629639,1.522788,-0.1537608,0.5727915,-0.1746079,0.8008883,-0.06921837,1.524144,-0.173055,0.5505543,-0.1753504,0.8161753,-0.1232934,1.521512,-0.1343285,0.5947731,-0.1732795,0.7849963,-0.09625587,1.522828,-0.1536918,357.9148,35.5263,2.267937,0,13,False
2,Center_Head_Close,304,43.15998,-0.09618043,1.52288,-0.1535753,-0.09242765,1.203146,-0.1317623,-0.5318956,0.2426099,0.2055275,0.7848477,0.1303449,0.7943148,-0.2040533,0.3705921,0.4329364,-0.1261087,0.8119878,MathCanvas,0.8134748,1.245509,1.118311,-0.09621168,1.522853,-0.1536319,0.579502,-0.174111,0.796155,-0.06915149,1.524194,-0.1729507,0.5574391,-0.1747092,0.8116269,-0.1232094,1.521567,-0.1341999,0.6014006,-0.1725679,0.7800882,-0.09618043,1.52288,-0.1535753,357.8799,35.55059,2.264147,0,13,False
2,Center_Head_Close,305,43.17999,-0.09614706,1.522918,-0.1535217,-0.09240416,1.203146,-0.1317483,-0.5318456,0.2426399,0.2055207,0.7848741,0.1299226,0.7952002,-0.2037774,0.365135,0.4293337,-0.1266219,0.8162817,MathCanvas,0.8242733,1.246331,1.111,-0.09618043,1.52288,-0.1535753,0.5796347,-0.1736386,0.7961615,-0.06912071,1.524236,-0.1729004,0.5575771,-0.174449,0.8115882,-0.1231734,1.521601,-0.1341429,0.6015342,-0.1723015,0.780044,-0.09614706,1.522918,-0.1535217,357.8647,35.55703,2.270712,0,13,False
2,Center_Head_Close,306,43.19999,-0.0959406,1.522771,-0.1533876,-0.09219886,1.203026,-0.1316268,-0.5316373,0.2432348,0.2057436,0.7847728,0.1274148,0.7992379,-0.2033351,0.3459269,0.429925,-0.09599445,0.8284227,MathCanvas,0.8246143,1.24709,1.111197,-0.09606192,1.522893,-0.1534575,0.5779424,-0.1743071,0.797245,-0.0689384,1.524095,-0.1727996,0.5563726,-0.1763741,0.8119986,-0.1229428,1.521447,-0.1339757,0.6003701,-0.1742408,0.7805101,-0.0959406,1.522771,-0.1533876,357.943,35.63054,2.281144,0,13,False
2,Center_Head_Close,307,43.21999,-0.09586219,1.522729,-0.1532888,-0.09216853,1.203021,-0.1316294,-0.5317214,0.2433686,0.2058273,0.7846522,0.1269806,0.798173,-0.2023329,0.3530462,0.4213463,-0.1072694,0.8284437,MathCanvas,0.8218784,1.245958,1.112701,-0.0959406,1.522771,-0.1533876,0.5779373,-0.17725,0.7965996,-0.06886898,1.524047,-0.1727136,0.5560738,-0.1782745,0.8117883,-0.1228554,1.521412,-0.1338639,0.6000763,-0.1761573,0.7803058,-0.09586219,1.522729,-0.1532888,357.9409,35.65791,2.270542,0,13,False
2,Center_Head_Close,308,43.23999,-0.09579275,1.522713,-0.153199,-0.09214091,1.203025,-0.1316283,-0.5317619,0.2435316,0.2059095,0.7845527,0.1265149,0.7979715,-0.201746,0.3548825,0.4170314,-0.110161,0.8294623,MathCanvas,0.8214469,1.241396,1.111084,-0.09586219,1.522729,-0.1532888,0.5783413,-0.1772617,0.7963038,-0.06880938,1.52403,-0.1726376,0.5565271,-0.1784587,0.8114371,-0.1227761,1.521395,-0.1337605,0.6005116,-0.1763397,0.7799296,-0.09579275,1.522713,-0.153199,357.9489,35.68729,2.27019,0,13,False
2,Center_Head_Close,309,43.25998,-0.09563182,1.522647,-0.1529685,-0.09211592,1.203004,-0.1316506,-0.531762,0.2437863,0.2060605,0.7844339,0.125772,0.7957236,-0.2005319,0.3662739,0.4126179,-0.1103759,0.8266844,MathCanvas,0.822129,1.24137,1.110665,-0.09572244,1.522697,-0.1531153,0.5789882,-0.1774309,0.7957958,-0.06865807,1.523986,-0.172419,0.5569304,-0.178562,0.8111376,-0.1226056,1.521308,-0.1335181,0.6009014,-0.1764103,0.7796133,-0.09563182,1.522647,-0.1529685,357.9569,35.7126,2.307186,0,13,False
2,Center_Head_Close,310,43.27998,-0.09560677,1.522621,-0.1527872,-0.09212739,1.202916,-0.1316584,-0.5317327,0.2438063,0.2061926,0.7844128,0.1267478,0.79334,-0.2004859,0.3787981,0.4194599,-0.09489911,0.8194873,MathCanvas,0.8231675,1.241081,1.109884,-0.09563182,1.522647,-0.1529685,0.5792691,-0.1755687,0.7960044,-0.06862699,1.52396,-0.1722292,0.5567793,-0.1771692,0.8115466,-0.1225866,1.521282,-0.1333451,0.6007601,-0.1750173,0.780036,-0.09560677,1.522621,-0.1527872,357.9874,35.69606,2.307136,0,13,False
2,Center_Head_Close,311,43.29998,-0.0955072,1.522605,-0.1525461,-0.09211317,1.202907,-0.1316206,-0.5317292,0.2437459,0.2062154,0.7844279,0.1270537,0.7915639,-0.2000876,0.3895395,0.4201673,-0.08869391,0.814771,MathCanvas,0.8239334,1.24392,1.110802,-0.09555636,1.522614,-0.1526723,0.5825176,-0.177166,0.7932751,-0.06852727,1.523955,-0.1719872,0.5604801,-0.1784863,0.8087056,-0.1224871,1.521255,-0.133105,0.6043174,-0.1762731,0.7769996,-0.0955072,1.522605,-0.1525461,358.0066,35.69469,2.325642,0,13,False
2,Center_Head_Close,312,43.31998,-0.09547738,1.5227,-0.1523829,-0.09207267,1.20288,-0.1315242,-0.531633,0.2437313,0.2062153,0.7844978,0.1279504,0.790554,-0.201082,0.3960945,0.4264347,-0.08844819,0.8083561,MathCanvas,0.8288765,1.241464,1.106284,-0.0955072,1.522605,-0.1525461,0.5828461,-0.1741457,0.7937025,-0.06848228,1.524054,-0.1718026,0.5601101,-0.1749984,0.8097235,-0.1224725,1.521346,-0.1329631,0.6039721,-0.1727789,0.7780522,-0.09547738,1.5227,-0.1523829,357.9917,35.64872,2.332822,0,13,False
2,Center_Head_Close,313,43.33998,-0.09539576,1.522744,-0.1518944,-0.09200865,1.202704,-0.1312333,-0.5312773,0.2432893,0.2061215,0.7849005,0.1282951,0.7915089,-0.2030931,0.3862311,0.4272173,-0.1090006,0.8102036,MathCanvas,0.8299726,1.246189,1.107867,-0.09543344,1.522766,-0.1521413,0.5813266,-0.1733146,0.7949978,-0.06836425,1.524091,-0.1712638,0.5585967,-0.1746294,0.8108479,-0.1224273,1.521396,-0.1325249,0.602518,-0.1724198,0.7792583,-0.09539576,1.522744,-0.1518944,357.9704,35.54126,2.322257,0,13,False
2,Center_Head_Close,314,43.35999,-0.09535716,1.522729,-0.1516944,-0.09200501,1.202698,-0.1312089,-0.5312228,0.2432434,0.2061089,0.7849549,0.128369,0.7913765,-0.2030609,0.3866203,0.4249854,-0.1118001,0.81081,MathCanvas,0.8275803,1.247571,1.110329,-0.09539576,1.522744,-0.1518944,0.5779631,-0.1769435,0.796649,-0.0683187,1.524075,-0.1710543,0.5554256,-0.1782251,0.8122427,-0.1223956,1.521384,-0.1323345,0.5994578,-0.1760498,0.7808052,-0.09535716,1.522729,-0.1516944,357.9817,35.52152,2.318095,0,13,False
2,Center_Head_Close,315,43.37999,-0.09531695,1.522719,-0.1514991,-0.09200463,1.202693,-0.1311914,-0.5311671,0.2432248,0.2060981,0.7850012,0.1284752,0.7910609,-0.2032219,0.3878025,0.424795,-0.1137963,0.8100672,MathCanvas,0.8216807,1.241978,1.112326,-0.09535716,1.522729,-0.1516944,0.5776574,-0.1770819,0.79684,-0.06827059,1.524059,-0.1708484,0.5550663,-0.1783532,0.8124602,-0.1223633,1.521379,-0.1321498,0.5991113,-0.1761865,0.7810403,-0.09531695,1.522719,-0.1514991,357.9926,35.49945,2.308755,0,13,False
2,Center_Head_Close,316,43.39999,-0.09523524,1.522577,-0.1511001,-0.09206768,1.202492,-0.1309456,-0.5301096,0.2427643,0.2055926,0.7859904,0.1291026,0.791391,-0.2032329,0.3865127,0.430885,-0.1069719,0.8083954,MathCanvas,0.8211839,1.241765,1.112753,-0.09525887,1.522628,-0.1512703,0.5769697,-0.1782522,0.7970772,-0.06818201,1.523942,-0.1704381,0.5547138,-0.179645,0.8124163,-0.1222885,1.521213,-0.1317622,0.5987725,-0.1774285,0.781019,-0.09523524,1.522577,-0.1511001,358.0634,35.47812,2.350918,0,13,False
2,Center_Head_Close,317,43.41998,-0.09517097,1.522554,-0.1508909,-0.09207071,1.202482,-0.1308899,-0.5300797,0.2423926,0.2055692,0.7861316,0.1291946,0.7911348,-0.2031117,0.3875311,0.4316278,-0.1050351,0.8077652,MathCanvas,0.8198245,1.239874,1.113045,-0.09523524,1.522577,-0.1511001,0.5751305,-0.1766328,0.7987652,-0.06811687,1.52393,-0.1702268,0.5528265,-0.1780167,0.8140595,-0.1222251,1.521178,-0.131555,0.5969611,-0.1758154,0.7827685,-0.09517097,1.522554,-0.1508909,358.08,35.47441,2.370427,0,13,False
2,Center_Head_Close,318,43.43998,-0.09503377,1.522499,-0.15047,-0.09205835,1.20247,-0.1308366,-0.5300019,0.2421289,0.2055152,0.7862793,0.1292038,0.791117,-0.2031042,0.3875163,0.4317358,-0.1049341,0.8077277,MathCanvas,0.8172662,1.242328,1.11634,-0.0951008,1.522528,-0.1506801,0.5750786,-0.177259,0.7986639,-0.06797638,1.523888,-0.1698004,0.5526797,-0.1786866,0.8140125,-0.1220912,1.52111,-0.1311396,0.5968192,-0.1764643,0.7827305,-0.09503377,1.522499,-0.15047,358.1185,35.46423,2.392731,0,13,False
2,Center_Head_Close,319,43.45998,-0.09496793,1.522398,-0.1502602,-0.09198117,1.202444,-0.1307288,-0.529826,0.2419022,0.2052795,0.7865291,0.129244,0.7911195,-0.2031,0.3866822,0.4327401,-0.1052956,0.807543,MathCanvas,0.8170645,1.241359,1.116244,-0.09503377,1.522499,-0.15047,0.5750594,-0.1762102,0.7989097,-0.06791075,1.523797,-0.1695902,0.5527632,-0.1780282,0.8140999,-0.1220251,1.521,-0.1309302,0.5969027,-0.1757904,0.7828186,-0.09496793,1.522398,-0.1502602,358.1593,35.46508,2.408962,0,13,False
2,Center_Head_Close,320,43.47998,-0.09481154,1.522141,-0.1499136,-0.09188584,1.202421,-0.1305218,-0.5296447,0.2415027,0.2049759,0.7868531,0.1291929,0.7911235,-0.2028813,0.3861436,0.4317618,-0.1059336,0.8082405,MathCanvas,0.8173189,1.242855,1.117148,-0.09489541,1.522219,-0.150072,0.5804176,-0.1776758,0.7946992,-0.06774828,1.523562,-0.1692334,0.5581895,-0.1793486,0.8100979,-0.1218748,1.52072,-0.1305937,0.602123,-0.1770071,0.7785348,-0.09481154,1.522141,-0.1499136,358.2505,35.44738,2.448299,0,13,False
2,Center_Head_Close,321,43.49998,-0.09473258,1.522082,-0.1497261,-0.09189828,1.202418,-0.130522,-0.529672,0.2415198,0.2050269,0.7868163,0.1292162,0.791119,-0.2028281,0.3862565,0.4316815,-0.1055682,0.8082774,MathCanvas,0.8256156,1.240383,1.110322,-0.09481154,1.522141,-0.1499136,0.5803711,-0.1781779,0.7946206,-0.06766719,1.523504,-0.1690429,0.5580758,-0.1796999,0.8100983,-0.121798,1.520661,-0.1304093,0.6020128,-0.177358,0.7785402,-0.09473258,1.522082,-0.1497261,358.271,35.44188,2.448729,0,13,False
2,Center_Head_Close,322,43.51999,-0.09456767,1.521997,-0.1493742,-0.09188074,1.202292,-0.1305402,-0.5297584,0.2419596,0.2051968,0.7865785,0.129408,0.7911066,-0.2026297,0.386303,0.4319786,-0.1048916,0.8081845,MathCanvas,0.8256279,1.239525,1.110394,-0.09465598,1.522025,-0.1495268,0.5801433,-0.1790671,0.7945872,-0.06750214,1.523383,-0.1686935,0.5579088,-0.180468,0.8100426,-0.1216332,1.520611,-0.130055,0.6018459,-0.1781835,0.7784806,-0.09456767,1.521997,-0.1493742,358.3167,35.44884,2.387569,0,13,False
2,Center_Head_Close,323,43.53999,-0.09449202,1.521933,-0.1492146,-0.0918237,1.20224,-0.1304882,-0.5297156,0.2417491,0.2051264,0.7866905,0.1295679,0.7910529,-0.2025309,0.386332,0.4325438,-0.1046288,0.8079025,MathCanvas,0.8251688,1.238111,1.110333,-0.09456767,1.521997,-0.1493742,0.5767406,-0.1803217,0.7967775,-0.06742347,1.523331,-0.1685286,0.5543521,-0.1821865,0.8120972,-0.1215606,1.520534,-0.1299005,0.5984212,-0.179921,0.780718,-0.09449202,1.521933,-0.1492146,358.3595,35.43976,2.40933,0,13,False
2,Center_Head_Close,324,43.55999,-0.09441505,1.521872,-0.1490432,-0.0918237,1.20224,-0.1304882,-0.5297156,0.2417491,0.2051264,0.7866905,0.1296186,0.7910513,-0.2025007,0.3862967,0.4327416,-0.1044657,0.8078344,MathCanvas,0.8197351,1.236094,1.113807,-0.09449202,1.521933,-0.1492146,0.5766006,-0.1810538,0.7967128,-0.06734693,1.523273,-0.1683578,0.5543301,-0.1828003,0.8119742,-0.1214832,1.520472,-0.1297287,0.5983986,-0.1805321,0.7805943,-0.09441505,1.521872,-0.1490432,358.3952,35.44226,2.412163,0,13,False
2,Center_Head_Close,325,43.57998,-0.09426881,1.521757,-0.1486798,-0.09181469,1.202228,-0.1304623,-0.5297278,0.2416948,0.2051137,0.7867023,0.1296186,0.7910513,-0.2025007,0.3862967,0.4327416,-0.1044657,0.8078344,MathCanvas,0.8194745,1.234909,1.113716,-0.09433819,1.521814,-0.1488577,0.5797114,-0.1288715,0.8045663,-0.06720306,1.52316,-0.1679975,0.5575932,-0.130696,0.8197612,-0.1213346,1.520355,-0.1293621,0.6016515,-0.1284198,0.7883677,-0.09426881,1.521757,-0.1486798,358.4678,35.45206,2.415649,0,13,False
2,Center_Head_Close,326,43.59998,-0.09424585,1.521749,-0.1486279,-0.09170041,1.202201,-0.1299498,-0.5286907,0.242182,0.2048866,0.7873091,0.1300411,0.7914394,-0.2021936,0.3840153,0.4343508,-0.1038862,0.8081332,MathCanvas,0.8339714,1.315407,1.1396,-0.09426881,1.521757,-0.1486798,0.5796745,-0.1294602,0.8044983,-0.06719148,1.523141,-0.1679623,0.5579275,-0.1298055,0.8196752,-0.1213002,1.520356,-0.1292935,0.601974,-0.1275471,0.7882633,-0.09424585,1.521749,-0.1486279,358.4224,35.48536,2.398685,0,13,False
2,Center_Head_Close,327,43.61998,-0.09416694,1.521726,-0.1483402,-0.09169898,1.202143,-0.129755,-0.5281726,0.2428124,0.2047569,0.7874964,0.1301375,0.7913756,-0.2020427,0.3841996,0.4344074,-0.1034066,0.8080767,MathCanvas,0.8340079,1.314439,1.139645,-0.09422854,1.521739,-0.1484889,0.6498433,-0.09121501,0.7545751,-0.06711556,1.52311,-0.1676793,0.629238,-0.09253033,0.7716849,-0.1212183,1.520342,-0.129001,0.6702182,-0.08985361,0.7367048,-0.09416694,1.521726,-0.1483402,358.4148,35.49517,2.383952,0,13,False
2,Center_Head_Close,328,43.63998,-0.09409607,1.521715,-0.1481927,-0.09170496,1.202127,-0.1297225,-0.5281601,0.242894,0.204732,0.7874861,0.1301375,0.7913756,-0.2020427,0.3841996,0.4344074,-0.1034066,0.8080767,MathCanvas,0.8340079,1.314439,1.139645,-0.09416694,1.521726,-0.1483402,0.649964,-0.09119206,0.7544738,-0.06704551,1.523097,-0.1675331,0.6292671,-0.09262109,0.7716503,-0.1211466,1.520333,-0.1288522,0.6702458,-0.0899469,0.7366683,-0.09409607,1.521715,-0.1481927,358.4199,35.49806,2.380856,0,13,False
2,Center_Head_Close,329,43.65998,-0.09406927,1.52176,-0.1479041,-0.09175597,1.202009,-0.1294637,-0.52866,0.242657,0.2048174,0.7872014,0.1303271,0.7906069,-0.2017105,0.3883606,0.4345576,-0.1018059,0.806208,MathCanvas,0.8340079,1.314439,1.139645,-0.09406094,1.521747,-0.148055,0.6496397,-0.09077092,0.7548039,-0.06699797,1.523138,-0.1672158,0.6284473,-0.09203576,0.7723881,-0.1211406,1.520383,-0.1285924,0.6694637,-0.08937155,0.737449,-0.09406927,1.52176,-0.1479041,358.3856,35.43581,2.373182,0,13,False
2,Center_Head_Close,330,43.67999,-0.09408255,1.521762,-0.1478,-0.09178127,1.201968,-0.1293358,-0.5288398,0.242453,0.2048372,0.7871383,0.130423,0.7903088,-0.2016219,0.3896786,0.4349661,-0.1012895,0.8054164,MathCanvas,0.8340079,1.314439,1.139645,-0.09406927,1.52176,-0.1479041,0.6212056,-0.1160594,0.7750058,-0.06700328,1.523131,-0.1671011,0.5994737,-0.1173306,0.791748,-0.1211618,1.520392,-0.1284989,0.6418217,-0.1147828,0.7582148,-0.09408255,1.521762,-0.1478,358.3847,35.4133,2.35975,0,13,False
2,Center_Head_Close,331,43.69999,-0.09406542,1.521768,-0.1476782,-0.09178985,1.201958,-0.1292965,-0.5288872,0.2423946,0.2048344,0.7871252,0.130494,0.7901991,-0.201585,0.3902418,0.4353134,-0.1010262,0.804989,MathCanvas,0.9054511,1.33502,1.099202,-0.09408255,1.521762,-0.1478,0.6208746,-0.1160567,0.7752713,-0.06697663,1.523135,-0.1669661,0.5990787,-0.1173279,0.7920473,-0.1211542,1.520401,-0.1283903,0.6414435,-0.1147846,0.7585347,-0.09406542,1.521768,-0.1476782,358.3844,35.38542,2.354964,0,13,False
2,Center_Head_Close,332,43.71999,-0.09408566,1.521811,-0.1474695,-0.09177811,1.201947,-0.1291201,-0.5288497,0.242225,0.2047172,0.7872331,0.1306012,0.7902921,-0.2015751,0.3897658,0.4358273,-0.1012013,0.8049196,MathCanvas,0.9049462,1.335028,1.099764,-0.09405722,1.521782,-0.1475581,0.6202657,-0.1160859,0.7757542,-0.0669848,1.523199,-0.1667389,0.5986236,-0.1170731,0.7924291,-0.1211865,1.520422,-0.1282001,0.641009,-0.1144952,0.7589455,-0.09408566,1.521811,-0.1474695,358.3708,35.34575,2.392397,0,13,False
2,Center_Head_Close,333,43.73998,-0.09407567,1.521823,-0.1473169,-0.09165223,1.201956,-0.1288932,-0.5284725,0.2421095,0.2045781,0.787558,0.1308274,0.7905707,-0.2014502,0.3880079,0.4364594,-0.1022903,0.8052887,MathCanvas,0.9039094,1.335031,1.100703,-0.09408566,1.521811,-0.1474695,0.6200429,-0.1157843,0.7759774,-0.06696233,1.52323,-0.1665674,0.5981359,-0.1170718,0.7927973,-0.121189,1.520416,-0.1280664,0.6405431,-0.1144644,0.7593434,-0.09407567,1.521823,-0.1473169,358.3717,35.30591,2.42376,0,13,False
2,Center_Head_Close,334,43.75998,-0.09406497,1.52179,-0.1469984,-0.09163181,1.201932,-0.1287271,-0.528272,0.2418822,0.2044541,0.7877945,0.1309522,0.7907259,-0.2012362,0.3872014,0.4365265,-0.1027348,0.8055838,MathCanvas,0.9037229,1.335499,1.101418,-0.09407353,1.521808,-0.1471543,0.6194398,-0.1701175,0.7663904,-0.06692486,1.523195,-0.1662113,0.5974376,-0.1715693,0.7833469,-0.1212051,1.520384,-0.1277855,0.6397578,-0.1687782,0.7498159,-0.09406497,1.52179,-0.1469984,358.3773,35.22665,2.421159,0,13,False
2,Center_Head_Close,335,43.77998,-0.09405179,1.521774,-0.1468454,-0.09163181,1.201932,-0.1287271,-0.528272,0.2418822,0.2044541,0.7877945,0.130979,0.7907955,-0.201166,0.3868886,0.4365187,-0.1028528,0.8057232,MathCanvas,0.8916031,1.251094,1.072501,-0.09406497,1.52179,-0.1469984,0.6188254,-0.1701739,0.7668741,-0.06689883,1.523181,-0.16604,0.5969154,-0.1715924,0.7837399,-0.1212048,1.520367,-0.1276508,0.639258,-0.1687989,0.7502374,-0.09405179,1.521774,-0.1468454,358.3788,35.18813,2.423594,0,13,False
2,Center_Head_Close,336,43.79998,-0.09414743,1.521604,-0.1465358,-0.09174965,1.201804,-0.1283864,-0.5282578,0.2410226,0.2039009,0.7882108,0.1309788,0.7912698,-0.2002102,0.385427,0.4350052,-0.1021247,0.8073333,MathCanvas,0.8906702,1.25098,1.073463,-0.09409986,1.521699,-0.1466804,0.6177825,-0.1708783,0.7675581,-0.06696534,1.523027,-0.165688,0.5957197,-0.1723116,0.7844914,-0.1213295,1.520181,-0.1273837,0.638113,-0.1694902,0.7510558,-0.09414743,1.521604,-0.1465358,358.4216,35.10051,2.450885,0,13,False
2,Center_Head_Close,337,43.81998,-0.09412875,1.521592,-0.1463867,-0.09176325,1.201784,-0.1283126,-0.5281279,0.2409323,0.2037884,0.7883545,0.1309514,0.7912036,-0.2000327,0.385891,0.4345246,-0.1019124,0.8073973,MathCanvas,0.8886538,1.249762,1.074536,-0.09414743,1.521604,-0.1465358,0.6151192,-0.176355,0.7684577,-0.06693206,1.523026,-0.1655172,0.5930881,-0.1778032,0.7852596,-0.1213254,1.520158,-0.1272561,0.6355833,-0.174965,0.7519449,-0.09412875,1.521592,-0.1463867,358.4246,35.0552,2.470223,0,13,False
2,Center_Head_Close,338,43.83998,-0.09410789,1.521562,-0.1460776,-0.09176325,1.201784,-0.1283126,-0.5281279,0.2409323,0.2037884,0.7883545,0.130928,0.7911682,-0.1999138,0.3862444,0.4342428,-0.1017658,0.8073984,MathCanvas,0.8834271,1.241326,1.074857,-0.09411886,1.521576,-0.1462322,0.6139969,-0.1764737,0.7693275,-0.06688791,1.523006,-0.1651742,0.5921176,-0.1779682,0.7859542,-0.1213279,1.520117,-0.1269809,0.6346545,-0.1751154,0.752694,-0.09410789,1.521562,-0.1460776,358.4351,34.98425,2.488162,0,13,False
2,Center_Head_Close,339,43.85999,-0.0940662,1.521487,-0.1460224,-0.09185497,1.201718,-0.1279339,-0.5286298,0.2394706,0.203606,0.7885106,0.1307919,0.7910037,-0.1990499,0.3875248,0.4328941,-0.1002371,0.8077004,MathCanvas,0.8814956,1.241156,1.076337,-0.09410789,1.521562,-0.1460776,0.6136122,-0.176542,0.7696187,-0.06683303,1.522925,-0.1651007,0.5915311,-0.1783413,0.7863112,-0.1212994,1.520049,-0.1269441,0.6340911,-0.1754975,0.7530798,-0.0940662,1.521487,-0.1460224,358.4565,34.94653,2.477545,0,13,False
2,Center_Head_Close,340,43.87999,-0.09404356,1.521455,-0.1459276,-0.09186174,1.20172,-0.127808,-0.52866,0.2388261,0.2035269,0.7887063,0.130787,0.7910429,-0.1988999,0.3871935,0.4326428,-0.1003361,0.8079815,MathCanvas,0.8810148,1.240947,1.076966,-0.0940662,1.521487,-0.1460224,0.6128541,-0.179326,0.7695792,-0.06679925,1.522898,-0.1649897,0.5908815,-0.1810449,0.7861818,-0.1212879,1.520012,-0.1268656,0.6334621,-0.1781859,0.7529778,-0.09404356,1.521455,-0.1459276,358.4739,34.9131,2.485638,0,13,False
2,Center_Head_Close,341,43.89999,-0.09400817,1.521428,-0.14575,-0.09187297,1.201716,-0.1277118,-0.5286368,0.2382093,0.2034975,0.7889159,0.1307685,0.7911554,-0.1986759,0.3865276,0.4321685,-0.1004243,0.8085431,MathCanvas,0.879362,1.236629,1.076407,-0.09403028,1.521456,-0.1458663,0.6160606,-0.1808082,0.7666666,-0.06673522,1.522875,-0.1647706,0.5940775,-0.1824408,0.7834457,-0.1212811,1.519981,-0.1267293,0.6365101,-0.1795163,0.7500857,-0.09400817,1.521428,-0.14575,358.4889,34.82688,2.493074,0,13,False
2,Center_Head_Close,342,43.91998,-0.09400833,1.521481,-0.1457104,-0.09185544,1.201681,-0.1275757,-0.5284906,0.237592,0.2033563,0.7892364,0.1307716,0.7913575,-0.1983889,0.385529,0.4316976,-0.1006051,0.8092486,MathCanvas,0.8844592,1.234257,1.07192,-0.09400817,1.521428,-0.14575,0.6155206,-0.1809787,0.76706,-0.06672113,1.522917,-0.1647115,0.5934609,-0.1823797,0.7839271,-0.1212955,1.520045,-0.1267093,0.6359187,-0.1794739,0.7505975,-0.09400833,1.521481,-0.1457104,358.4845,34.78549,2.473454,0,13,False
2,Center_Head_Close,343,43.93998,-0.09389984,1.521544,-0.1455649,-0.09189438,1.201626,-0.1274372,-0.5284684,0.2379253,0.2030726,0.7892238,0.1310167,0.7911054,-0.1980006,0.3872738,0.431732,-0.09895377,0.8086005,MathCanvas,0.8837123,1.234007,1.072722,-0.0939541,1.521521,-0.1456492,0.6172849,-0.1816427,0.7654837,-0.06658798,1.522973,-0.1645311,0.5955832,-0.1829579,0.7821809,-0.1212117,1.520116,-0.1265987,0.6379409,-0.1800227,0.7487478,-0.09389984,1.521544,-0.1455649,358.4569,34.71098,2.461042,0,13,False
